page,rank,name,genre,ta,category,basis,primary
fukuoka/akamura,1,村のレストラン モクモク,食堂、カフェ,,casual,tb,True
fukuoka/akamura,2,赤村特産物センター,その他、惣菜・デリ、パン,,casual,tb,False
fukuoka/akamura,3,古民家カフェ・そば処 みどり,そば、カフェ,,noodles,tb,True
fukuoka/akamura,4,うどん亀,うどん、そば,,noodles,tb,True
fukuoka/akamura,5,味処 峠茶屋,日本料理,,japanese,tb,True
fukuoka/akamura,6,あかの駅,レストラン,,other,none,False
fukuoka/akamura,7,ログハウス喫茶 百笑,カレー、喫茶店、薬膳,,curry,tb,True
fukuoka/akamura,8,菓子工房 わらべ,和菓子,,sweets,tb,True
fukuoka/akamura,9,ほたる,レストラン,,other,none,False
fukuoka/akamura,10,源じいの森温泉 大広間,その他,,other,none,False
fukuoka/akamura,11,焼鳥御免ね,焼き鳥,,meat,tb,True
fukuoka/akamura,12,村の小さなお弁当屋さん Naturelle,弁当、オーガニック,,casual,tb,True
fukuoka/akamura,13,風の杜CAN工房,レストラン,,other,none,False
fukuoka/akamura,14,天ぷら 屯倉,日本料理,,japanese,tb,True
fukuoka/akamura,15,おやすみどころ 峰やしき,その他,,other,none,False
fukuoka/akamura,16,ちょっと,焼き鳥,,meat,tb,True
fukuoka/akamura,17,くれよん,喫茶店,,cafe,tb,True
fukuoka/akamura,18,FRONTIER SPIRITS,アメリカ料理,,european,tb,True
fukuoka/akamura,19,Nonohanakai Bakery,,,other,none,False
fukuoka/akamura,20,Sushi Kappo Plastering Hee,,Japanese;Seafood;Sushi;Japanese - Other ;Kappo,seafood,ta,True
fukuoka/akamura,21,Kametachigui Udon,,Japanese;Japanese - Other ,japanese,ta,True
fukuoka/akamura,22,Wind Mori Can Kobo,,Cafe,cafe,ta,True
fukuoka/asakura,1,めんどり屋,食堂、からあげ、焼き鳥,,casual,tb,True
fukuoka/asakura,2,月の峠,パン、カレー,,sweets,tb,True
fukuoka/asakura,3,ハトマメ屋,和菓子、洋菓子、スイーツ,,sweets,tb,True
fukuoka/asakura,4,林檎と葡萄の樹,カフェ、カレー,,cafe,tb,True
fukuoka/asakura,5,林家 甘木店,ラーメン,,noodles,tb,True
fukuoka/asakura,6,廣久葛本舗,甘味処、和菓子、郷土料理,,sweets,tb,True
fukuoka/asakura,7,ニュー長田屋,食堂,,casual,tb,True
fukuoka/asakura,8,だんごあん,海鮮、郷土料理、甘味処,,seafood,tb,True
fukuoka/asakura,9,満月食堂,食堂,,casual,tb,True
fukuoka/asakura,10,御蕎麦 ちきた,そば,,noodles,tb,True
fukuoka/asakura,11,天ぷら七八 朝倉本店,天ぷら,,japanese,tb,True
fukuoka/asakura,12,金屋食堂,食堂,,casual,tb,True
fukuoka/asakura,13,藤井養蜂場 ビーズファーム,ジェラート・アイスクリーム、和菓子、カフェ,,sweets,tb,True
fukuoka/asakura,14,純手打 うどん屋,うどん、そば、おでん,,noodles,tb,True
fukuoka/asakura,15,キリンビアファーム 福岡,ビアガーデン、ジンギスカン、ステーキ,,meat,tb,False
fukuoka/asakura,16,あずみうどん 朝倉店,うどん、そば、かつ丼,,noodles,tb,True
fukuoka/asakura,17,白楽天,中華料理、ちゃんぽん,,chinese,tb,True
fukuoka/asakura,18,赤鶏古処鶏 郷,鳥料理,,other,none,False
fukuoka/asakura,19,梟の響キ 秋月 いろり蔵,鳥料理,,other,none,False
fukuoka/asakura,20,松月,うなぎ,,seafood,tb,True
fukuoka/asakura,21,朝倉ほとめき食堂,うどん、食堂、カレー,,noodles,tb,True
fukuoka/asakura,22,りんご庵,パスタ、創作料理、ケーキ,,european,tb,True
fukuoka/asakura,23,山田サービスエリア(下り線)レストラン　グリーンキッチン,食堂,,casual,tb,True
fukuoka/asakura,24,マントクラーメン,ラーメン,,noodles,tb,True
fukuoka/asakura,25,西公園の今屋のバーガー 甘木店,ハンバーガー,,casual,tb,True
fukuoka/asakura,26,一六うどん,うどん、そば,,noodles,tb,True
fukuoka/asakura,27,大國屋,うどん、そば,,noodles,tb,True
fukuoka/asakura,28,秋月 とうふ家,豆腐料理,,japanese,tb,True
fukuoka/asakura,29,地鶏焼 かがり火,居酒屋、鳥料理、ろばた焼き,,izakaya,tb,True
fukuoka/asakura,30,ゆうぜん,うどん、かつ丼、カレー,,noodles,tb,True
fukuoka/asakura,31,朝倉マルシェ 果樹蔵,スイーツ、ソフトクリーム,,sweets,tb,True
fukuoka/asakura,32,福岡センチュリーゴルフ倶楽部 レストラン,レストラン,,other,none,False
fukuoka/asakura,33,手切り鉄板焼肉 火縁,食堂,,casual,tb,True
fukuoka/asakura,34,ホテルパーレンス小野屋,ホテル,,other,none,False
fukuoka/asakura,35,パンチェッタ,イタリアン、パスタ、ピザ,,european,tb,True
fukuoka/asakura,36,あさくら 麦家,パン、ケーキ,,sweets,tb,True
fukuoka/asakura,37,ORIGINE MONTMARTRE,パン、サンドイッチ、洋菓子,,sweets,tb,True
fukuoka/asakura,38,Aコープ あさくら店,コンビニ・スーパー,,daily,tb,True
fukuoka/asakura,39,生そばあずま 甘木店,そば,,noodles,tb,True
fukuoka/asakura,40,だご汁茶屋,郷土料理,,japanese,tb,True
fukuoka/asakura,41,チーズ職人とピッツァ　なかむら,ピザ,,european,tb,True
fukuoka/asakura,42,道の駅 原鶴,道の駅、スイーツ、弁当,,sweets,tb,False
fukuoka/asakura,43,瓦そば うぐいす,そば、うなぎ、釜飯,,noodles,tb,True
fukuoka/asakura,44,フル・ベジ・ベーカーズ,パン、サンドイッチ,,sweets,tb,True
fukuoka/asakura,45,阿さひ飴本舗 菓蔵家,和菓子,,sweets,tb,True
fukuoka/asakura,46,果実と水車の里,カフェ、ソフトクリーム、ジューススタンド,,cafe,tb,True
fukuoka/asakura,47,ラーメンセンター 朝倉店,ラーメン、中華料理,,noodles,tb,True
fukuoka/asakura,48,蕎麦 愛深,そば,,noodles,tb,True
fukuoka/asakura,49,大番,食堂、寿司、海鮮,,casual,tb,True
fukuoka/asakura,50,黒門茶屋,喫茶店、甘味処,,cafe,tb,True
fukuoka/asakura,51,元祖白橋 本店,ホルモン、馬肉料理、牛料理,,meat,tb,True
fukuoka/asakura,52,三福食堂,食堂,,casual,tb,True
fukuoka/asakura,53,豆腐工房 ぬくもり畑,豆腐料理、カレー、揚げ物,,japanese,tb,True
fukuoka/asakura,54,池田屋,そば,,noodles,tb,True
fukuoka/asakura,55,炭火処まるやま,焼き鳥,,meat,tb,True
fukuoka/asakura,56,うどん屋 とき,うどん、天ぷら,,noodles,tb,True
fukuoka/asakura,57,うどん屋翔,うどん、甘味処、スイーツ,,noodles,tb,True
fukuoka/asakura,58,saboten,ダイニングバー,,izakaya,tb,True
fukuoka/asakura,59,聚豊園,台湾料理,,chinese,tb,True
fukuoka/asakura,60,原鶴グランドスカイホテル,ホテル,,other,none,False
fukuoka/asakura,61,ビューホテル平成,ホテル,,other,none,False
fukuoka/asakura,62,長崎屋,ラーメン、ちゃんぽん,,noodles,tb,True
fukuoka/asakura,63,cuwano.,カフェ,,cafe,tb,True
fukuoka/asakura,64,秋月カントリークラブ,食堂,,casual,tb,True
fukuoka/asakura,65,波おと,居酒屋、海鮮、日本料理,,izakaya,tb,True
fukuoka/asakura,66,珈琲 山口,喫茶店、カフェ,,cafe,tb,True
fukuoka/asakura,67,カフェ＆レストラン　びっきぃ,カフェ、ハンバーグ,,cafe,tb,True
fukuoka/asakura,68,ウォールデン,カフェ、喫茶店、ケーキ,,cafe,tb,True
fukuoka/asakura,69,山田サービスエリア(上り線),その他,,other,none,False
fukuoka/asakura,70,銀のくし,串揚げ,,japanese,tb,True
fukuoka/asakura,71,お好み酒蔵 本店,居酒屋,,izakaya,tb,True
fukuoka/asakura,72,お田屋,おでん,,japanese,tb,True
fukuoka/asakura,73,カフェ&レストラン アンディアモ,イタリアン、創作料理、カフェ,,european,tb,True
fukuoka/asakura,74,HIRO,カフェ,,cafe,tb,True
fukuoka/asakura,75,お菓子の四季,洋菓子,,sweets,tb,True
fukuoka/asakura,76,水の音土の音,カフェ、ケーキ,,cafe,tb,True
fukuoka/asakura,77,かしの実,洋菓子,,sweets,tb,True
fukuoka/asakura,78,Blender ice WAKA,ジェラート・アイスクリーム、かき氷,,sweets,tb,True
fukuoka/asakura,79,寿司じじや 甘木店,回転寿司,,seafood,tb,True
fukuoka/asakura,80,うつわ料理 さ乃,日本料理,,japanese,tb,True
fukuoka/asakura,81,蒼,食堂、串揚げ,,casual,tb,True
fukuoka/asakura,82,原鶴温泉 原鶴の舞,ホテル,,other,none,False
fukuoka/asakura,83,旨辛屋,韓国料理,,chinese,tb,True
fukuoka/asakura,84,八兵衛,居酒屋,,izakaya,tb,True
fukuoka/asakura,85,山田サービスエリア(下り線)スナックコーナー,その他,,other,none,False
fukuoka/asakura,86,ドライブイン香魚,うなぎ、海鮮,,seafood,tb,True
fukuoka/asakura,87,小麦冶 甘木店,そば、うどん,,noodles,tb,True
fukuoka/asakura,88,うどん み原,麺類,,noodles,tb,True
fukuoka/asakura,89,シトラス,イタリアン、ピザ、パスタ,,european,tb,True
fukuoka/asakura,90,ぴのきお,喫茶店、カフェ,,cafe,tb,True
fukuoka/asakura,91,焼鳥鷹陣,焼き鳥,,meat,tb,True
fukuoka/asakura,92,パン工房クルール,パン、サンドイッチ、洋菓子,,sweets,tb,True
fukuoka/asakura,93,cafe&gallery SIKI,カフェ,,cafe,tb,True
fukuoka/asakura,94,三連水車の里あさくら,その他,,other,none,False
fukuoka/asakura,95,一品香 甘木店,中華料理,,chinese,tb,True
fukuoka/asakura,96,レストラン かだん,食堂、カフェ,,casual,tb,True
fukuoka/asakura,97,キリンビアパーク福岡,その他,,other,none,False
fukuoka/asakura,98,安兵衛 甘木店,居酒屋、焼き鳥,,izakaya,tb,True
fukuoka/asakura,99,浪花寿し,寿司,,seafood,tb,True
fukuoka/asakura,100,卑弥呼ロマンの湯 売店,麺類、カレー,,noodles,tb,True
fukuoka/asakura,101,ル パティシエ ムタ,ケーキ、パン,,sweets,tb,True
fukuoka/asakura,102,GG,ちゃんぽん、焼きそば,,noodles,tb,True
fukuoka/asakura,103,米粉製菓店 コメコウ,スイーツ,,sweets,tb,True
fukuoka/asakura,104,タリル珈琲,カフェ,,cafe,tb,True
fukuoka/asakura,105,月月月 秋月店,カフェ、和菓子,,cafe,tb,True
fukuoka/asakura,106,おそば屋ひびき,そば,,noodles,tb,True
fukuoka/asakura,107,菓子工房 こぐまや,ケーキ、洋菓子、カフェ,,sweets,tb,True
fukuoka/asakura,108,三奈木の卵,鳥料理、弁当、からあげ,,casual,tb,False
fukuoka/asakura,109,林檎と葡萄の樹,パン、ケーキ,,sweets,tb,True
fukuoka/asakura,110,山田サービスエリア下り線ショッピングコーナー,その他,,other,none,False
fukuoka/asakura,111,さくらよ風に,創作料理、日本料理、フレンチ,,japanese,tb,True
fukuoka/asakura,112,菓秀 桜 本店,和菓子、洋菓子,,sweets,tb,True
fukuoka/asakura,113,鉄板焼 一,居酒屋、焼肉、創作料理,,izakaya,tb,True
fukuoka/asakura,114,にこる亭,お好み焼き,,casual,tb,True
fukuoka/asakura,115,オリオン食堂,食堂,,casual,tb,True
fukuoka/asakura,116,にんにく屋,居酒屋,,izakaya,tb,True
fukuoka/asakura,117,膳処 とと屋,居酒屋、海鮮、ろばた焼き,,izakaya,tb,True
fukuoka/asakura,118,味処 日之出屋,居酒屋、肉料理、水炊き,,izakaya,tb,True
fukuoka/asakura,119,焼肉だるま,焼肉、ホルモン、居酒屋,,meat,tb,True
fukuoka/asakura,120,里川海,日本料理、寿司,,japanese,tb,True
fukuoka/asakura,121,あさくら亭,洋食,,european,tb,True
fukuoka/asakura,122,ざっくばらん,フレンチ、弁当、イタリアン,,european,tb,True
fukuoka/asakura,123,かじか,和菓子、スイーツ,,sweets,tb,True
fukuoka/asakura,124,midnight ***,ケーキ、カフェ,,sweets,tb,True
fukuoka/asakura,125,cafe のとり,カフェ,,cafe,tb,True
fukuoka/asakura,126,Aコープ あまぎ店,コンビニ・スーパー,,daily,tb,True
fukuoka/asakura,127,地鶏食堂 三連水車店,鳥料理,,other,none,False
fukuoka/asakura,128,クマガエ食品,鳥料理、からあげ,,meat,tb,False
fukuoka/asakura,129,味処馬見,麺類,,noodles,tb,True
fukuoka/asakura,130,福鶏商店,鳥料理,,other,none,False
fukuoka/asakura,131,さくら,カレー、ジェラート・アイスクリーム,,curry,tb,True
fukuoka/asakura,132,つげ,日本料理,,japanese,tb,True
fukuoka/asakura,133,釜揚うどん,うどん、そば,,noodles,tb,True
fukuoka/asakura,134,三連水車の里あさくら 食工房 カネキチヤ,肉まん、ジェラート・アイスクリーム,,sweets,tb,False
fukuoka/asakura,135,シルクロード,フレンチ、カフェ、ビストロ,,european,tb,True
fukuoka/asakura,136,菓秀　桜　 秋月店,和菓子,,sweets,tb,True
fukuoka/asakura,137,SAJJAN,インドカレー,,curry,tb,True
fukuoka/asakura,138,肉のたかお 甘木店,居酒屋、焼肉、ホルモン,,izakaya,tb,True
fukuoka/asakura,139,ワイン食堂 ル カノン,ダイニングバー、パスタ,,izakaya,tb,True
fukuoka/asakura,140,SHINDO LAB,その他,,other,none,False
fukuoka/asakura,141,居酒屋あかちょうちん,居酒屋、焼き鳥、もつ鍋,,izakaya,tb,True
fukuoka/asakura,142,ハンバーグなかよし。,ハンバーグ,,meat,tb,True
fukuoka/asakura,143,KITCHEN BAL MOSH PIT,ダイニングバー,,izakaya,tb,True
fukuoka/asakura,144,妙康,うなぎ,,seafood,tb,True
fukuoka/asakura,145,ジョイフル 甘木駅前店,ファミレス,,casual,tb,True
fukuoka/asakura,146,居酒屋わし家,居酒屋、串揚げ,,izakaya,tb,True
fukuoka/asakura,147,ファーマーズ・スタンド,レストラン,,other,none,False
fukuoka/asakura,148,篠崎酒造,焼酎バー、日本酒バー,,izakaya,tb,True
fukuoka/asakura,149,華季の樹,日本料理,,japanese,tb,True
fukuoka/asakura,150,武膳,うどん,,noodles,tb,True
fukuoka/asakura,151,俺の人生ふるすいんぐ 朝倉本店,ラーメン,,noodles,tb,True
fukuoka/asakura,152,焚間珈琲,喫茶店,,cafe,tb,True
fukuoka/asakura,153,福寿司,寿司、日本料理、居酒屋,,seafood,tb,True
fukuoka/asakura,154,秋月,レストラン,,other,none,False
fukuoka/asakura,155,ピザ屋 かのん,ピザ,,european,tb,True
fukuoka/asakura,156,安兵衛 一木店,居酒屋,,izakaya,tb,True
fukuoka/asakura,157,居心地屋こころ,居酒屋,,izakaya,tb,True
fukuoka/asakura,158,Into cafe Le'a Le'a,カフェ,,cafe,tb,True
fukuoka/asakura,159,焼肉&ダイニング あさくら,焼肉,,meat,tb,True
fukuoka/asakura,160,ROMY,ダイニングバー,,izakaya,tb,True
fukuoka/asakura,161,蛍雪の里 黒川山荘 十割蕎麦処,そば,,noodles,tb,True
fukuoka/asakura,162,カフェ ブルービー,カフェ、洋食,,cafe,tb,True
fukuoka/asakura,163,喫茶 カンフォーラ,喫茶店、パスタ、カレー,,cafe,tb,True
fukuoka/asakura,164,cafe クローブ,カフェ,,cafe,tb,True
fukuoka/asakura,165,PENGUIN VILLAGE,カフェ,,cafe,tb,True
fukuoka/asakura,166,hai-KARA,ダイニングバー、居酒屋、イタリアン,,izakaya,tb,True
fukuoka/asakura,167,カフェテラス綾,喫茶店,,cafe,tb,True
fukuoka/asakura,168,キリンビール 福岡工場,その他,,other,none,False
fukuoka/asakura,169,Harapeco kitchen,カフェ,,cafe,tb,True
fukuoka/asakura,170,MOON MOON MOON CAFE,カフェ,,cafe,tb,True
fukuoka/asakura,171,日帰りとお泊りの宿ホテル甘木館,ホテル,,other,none,False
fukuoka/asakura,172,来来亭 甘木インター店,ラーメン、食堂、弁当,,noodles,tb,True
fukuoka/asakura,173,竹乃屋 甘木駅前店,居酒屋、焼き鳥,,izakaya,tb,True
fukuoka/asakura,174,ウエスト 甘木店,うどん、おでん,,noodles,tb,True
fukuoka/asakura,175,想夫恋 甘木店,焼きそば,,noodles,tb,True
fukuoka/asakura,176,かまどか 甘木店,居酒屋,,izakaya,tb,True
fukuoka/asakura,177,そば処 利久庵,そば、鳥料理,,noodles,tb,True
fukuoka/asakura,178,ギャラリー コバコ,カフェ,,cafe,tb,True
fukuoka/asakura,179,あきづき市場,その他,,other,none,False
fukuoka/asakura,180,ごはん 日和,レストラン,,other,none,False
fukuoka/asakura,181,八蔵 甘木店,居酒屋,,izakaya,tb,True
fukuoka/asakura,182,農家cafe ののか,カフェ、喫茶店、ケーキ,,cafe,tb,True
fukuoka/asakura,183,にこにこKitchen,洋食,,european,tb,True
fukuoka/asakura,184,ファームステーションバサロ パン工房,パン、サンドイッチ,,sweets,tb,True
fukuoka/asakura,185,イビサトレス,スペイン料理、バル,,european,tb,True
fukuoka/asakura,186,日本料理 青芳,日本料理,,japanese,tb,True
fukuoka/asakura,187,無量庵,居酒屋,,izakaya,tb,True
fukuoka/asakura,188,福鶏,鳥料理,,other,none,False
fukuoka/asakura,189,原鶴グランドスカイホテル　満珠,日本料理、馬肉料理,,japanese,tb,True
fukuoka/asakura,190,ミニストップ 甘木小田店,コンビニ・スーパー,,daily,tb,True
fukuoka/asakura,191,居酒屋本陣おやじ,焼き鳥,,meat,tb,True
fukuoka/asakura,192,御菓子司亀屋,和菓子,,sweets,tb,True
fukuoka/asakura,193,はま寿司 朝倉店,回転寿司,,seafood,tb,True
fukuoka/asakura,194,麺や天吉,食堂、日本料理,,casual,tb,True
fukuoka/asakura,195,和菓子処 興膳屋,和菓子,,sweets,tb,True
fukuoka/asakura,196,焼鳥勝政,焼き鳥,,meat,tb,True
fukuoka/asakura,197,澗水,日本料理,,japanese,tb,True
fukuoka/asakura,198,八嶋屋,和菓子,,sweets,tb,True
fukuoka/asakura,199,移動販売車 たこやき 三ちゃん,たこ焼き,,casual,tb,True
fukuoka/asakura,200,うかい亭,ビュッフェ,,casual,tb,True
fukuoka/asakura,201,TORTE,パン、洋菓子,,sweets,tb,True
fukuoka/asakura,202,秋月庵,からあげ,,meat,tb,True
fukuoka/asakura,203,家食屋満吉,レストラン、弁当,,casual,tb,False
fukuoka/asakura,204,とんかつ 濵かつ 甘木旭町店,とんかつ,,meat,tb,True
fukuoka/asakura,205,リンガーハット 福岡甘木店,ちゃんぽん、餃子,,noodles,tb,True
fukuoka/asakura,206,マクドナルド 甘木店,ハンバーガー,,casual,tb,True
fukuoka/asakura,207,CoCo壱番屋 甘木インター店,カレー,,curry,tb,True
fukuoka/asakura,208,ぼうぶらうどん,うどん、そば,,noodles,tb,True
fukuoka/asakura,209,松屋/松のや 朝倉甘木店,牛丼、とんかつ,,casual,tb,True
fukuoka/asakura,210,おかずの店 こが,おにぎり、揚げ物、弁当,,casual,tb,True
fukuoka/asakura,211,レストラン あじこう,海鮮,,seafood,tb,True
fukuoka/asakura,212,らあめん処 六道,ラーメン,,noodles,tb,True
fukuoka/asakura,213,日本酒バル 天ノ美禄,日本酒バー、バル、居酒屋,,izakaya,tb,True
fukuoka/asakura,214,ホテルパーレンス小野屋　　花かご,カフェ,,cafe,tb,True
fukuoka/asakura,215,ひとつの木,カフェ,,cafe,tb,True
fukuoka/asakura,216,太閤,焼き鳥、居酒屋,,meat,tb,True
fukuoka/asakura,217,居酒屋 かずちゃん,居酒屋,,izakaya,tb,True
fukuoka/asakura,218,和食そば処 うすの院,そば,,noodles,tb,True
fukuoka/asakura,219,ろまんの道,カフェ,,cafe,tb,True
fukuoka/asakura,220,あん,和菓子,,sweets,tb,True
fukuoka/asakura,221,新月,創作料理,,japanese,tb,True
fukuoka/asakura,222,扇屋酒店,その他,,other,none,False
fukuoka/asakura,223,三隅製麺工場,その他,,other,none,False
fukuoka/asakura,224,おり～ぶの風,フレンチ,,european,tb,True
fukuoka/asakura,225,鰻舞,うなぎ,,seafood,tb,True
fukuoka/asakura,226,REady Made,カフェ、バー,,cafe,tb,True
fukuoka/asakura,227,荷原珈琲,カフェ,,cafe,tb,True
fukuoka/asakura,228,西田製菓,和菓子,,sweets,tb,True
fukuoka/asakura,229,みなぎのマルシェ,その他,,other,none,False
fukuoka/asakura,230,笑味所 たいよう,居酒屋,,izakaya,tb,True
fukuoka/asakura,231,焼鶏 鷹翔,居酒屋、焼き鳥,,izakaya,tb,True
fukuoka/asakura,232,市民食堂,食堂,,casual,tb,True
fukuoka/asakura,233,KEIKO・Jr,その他,,other,none,False
fukuoka/asakura,234,森のどんぐり屋,カフェ,,cafe,tb,True
fukuoka/asakura,235,城カリー,弁当,,casual,tb,True
fukuoka/asakura,236,布善堂,和菓子,,sweets,tb,True
fukuoka/asakura,237,居酒屋 大臣,居酒屋,,izakaya,tb,True
fukuoka/asakura,238,美奈宜の舞 お食事処,レストラン、カレー、うどん,,curry,tb,False
fukuoka/asakura,239,コメダ珈琲店 福岡甘木店,喫茶店,,cafe,tb,True
fukuoka/asakura,240,すき家 朝倉甘木店,牛丼、カレー、食堂,,casual,tb,True
fukuoka/asakura,241,ジョイフル 甘木店,ファミレス,,casual,tb,True
fukuoka/asakura,242,肉の明治屋,その他,,other,none,False
fukuoka/asakura,243,とうふの飛太郎 工場直売店,その他,,other,none,False
fukuoka/asakura,244,ミスタードーナツ イオン甘木ショップ,カフェ、ドーナツ,,cafe,tb,True
fukuoka/asakura,245,サーティワンアイスクリーム イオン甘木店,ジェラート・アイスクリーム、クレープ・ガレット,,sweets,tb,True
fukuoka/asakura,246,吉野家 甘木店,牛丼、からあげ、カレー,,casual,tb,True
fukuoka/asakura,247,ケンタッキーフライドチキン イオン甘木店,ハンバーガー,,casual,tb,True
fukuoka/asakura,248,どんどん亭 甘木店,お好み焼き、焼きそば、鉄板焼き,,casual,tb,True
fukuoka/asakura,249,ガスト 甘木店,ファミレス,,casual,tb,True
fukuoka/asakura,250,サンエトワール イオン甘木店,パン,,sweets,tb,True
fukuoka/asakura,251,あじまん コメリパワー甘木インター店,たい焼き・大判焼き,,sweets,tb,True
fukuoka/asakura,252,カフェ&フォト ハコ,カフェ、洋菓子、喫茶店,,cafe,tb,True
fukuoka/asakura,253,八ちゃん堂 甘木店,たこ焼き,,casual,tb,True
fukuoka/asakura,254,からあげ大吉 杷木店,からあげ、弁当,,meat,tb,True
fukuoka/asakura,255,シャトレーゼ 朝倉店,洋菓子、ケーキ,,sweets,tb,True
fukuoka/asakura,256,味処あさくら,うどん、ちゃんぽん,,noodles,tb,True
fukuoka/asakura,257,丸正食堂,食堂,,casual,tb,True
fukuoka/asakura,258,八寸,日本料理,,japanese,tb,True
fukuoka/asakura,259,やきとり権兵衛,焼き鳥、もつ鍋、おでん,,meat,tb,True
fukuoka/asakura,260,sept,ケーキ,,sweets,tb,True
fukuoka/asakura,261,Curry hs,カレー,,curry,tb,True
fukuoka/asakura,262,ほっともっと 甘木一ツ木店,弁当,,casual,tb,True
fukuoka/asakura,263,駅弁食堂 水車の詩,弁当、惣菜・デリ,,casual,tb,True
fukuoka/asakura,264,香里園,ラーメン、居酒屋,,noodles,tb,True
fukuoka/asakura,265,ほっともっと 甘木店,弁当,,casual,tb,True
fukuoka/asakura,266,とりしん,焼き鳥,,meat,tb,True
fukuoka/asakura,267,千鳥屋 甘木店,和菓子,,sweets,tb,True
fukuoka/asakura,268,永利牛乳,スイーツ,,sweets,tb,True
fukuoka/asakura,269,青柳菓子舗,和菓子,,sweets,tb,True
fukuoka/asakura,270,松末亭,日本料理,,japanese,tb,True
fukuoka/asakura,271,花遊,そば,,noodles,tb,True
fukuoka/asakura,272,朝倉りんご園,カフェ、洋菓子,,cafe,tb,True
fukuoka/asakura,273,ひろ吉,日本料理,,japanese,tb,True
fukuoka/asakura,274,ながい,寿司,,seafood,tb,True
fukuoka/asakura,275,ゑびす酒造株式会社,その他,,other,none,False
fukuoka/asakura,276,大吉うどん 朝倉店,うどん、食堂,,noodles,tb,True
fukuoka/asakura,277,秋月豆腐あぜみち,その他,,other,none,False
fukuoka/asakura,278,ひので屋 甘木インター店,その他,,other,none,False
fukuoka/asakura,279,ミニストップ 朝倉インター店,コンビニ・スーパー,,daily,tb,True
fukuoka/asakura,280,ベーカリー香房,パン,,sweets,tb,True
fukuoka/asakura,281,お食事処かりゆし,居酒屋,,izakaya,tb,True
fukuoka/asakura,282,パーレンス小野屋 売店,その他,,other,none,False
fukuoka/asakura,283,焼肉ウエスト 甘木店,焼肉,,meat,tb,True
fukuoka/asakura,284,中尾蒲鉾店,その他,,other,none,False
fukuoka/asakura,285,天然発酵ぱん みんなの木,パン,,sweets,tb,True
fukuoka/asakura,286,米ノ座 秋月本店,カフェ,,cafe,tb,True
fukuoka/asakura,287,ベーカリー カフェ タセット,パン、カフェ,,sweets,tb,True
fukuoka/asakura,288,吉塚,海鮮、揚げ物,,seafood,tb,True
fukuoka/asakura,289,野都里,喫茶店,,cafe,tb,True
fukuoka/asakura,290,ピザハット 甘木旭町店,ピザ,,european,tb,True
fukuoka/asakura,291,Cafe Sol,カフェ,,cafe,tb,True
fukuoka/asakura,292,喫茶 門,喫茶店、オムライス、カレー,,cafe,tb,True
fukuoka/asakura,293,福栄のから揚げ 甘木店,からあげ,,meat,tb,True
fukuoka/asakura,294,わらびもち 松本茶屋 甘木店,和菓子,,sweets,tb,True
fukuoka/asakura,295,もちラボ,和菓子,,sweets,tb,True
fukuoka/asakura,296,セブンイレブン 杷木インター店,コンビニ・スーパー,,daily,tb,True
fukuoka/asakura,297,'Olu'Olu,カフェ,,cafe,tb,True
fukuoka/asakura,298,佐世保バーガーC&B 982,ハンバーガー,,casual,tb,True
fukuoka/asakura,299,comise,ベーグル,,sweets,tb,True
fukuoka/asakura,300,原鶴温泉ホテル トップメガ伊藤園,ホテル,,other,none,False
fukuoka/asakura,301,LAWSON 朝倉杷木店,コンビニ・スーパー,,daily,tb,True
fukuoka/asakura,302,珈琲館 うえだ,喫茶店,,cafe,tb,True
fukuoka/asakura,303,櫻木,弁当,,casual,tb,True
fukuoka/asakura,304,本氣のからあげ 甘木店,からあげ,,meat,tb,True
fukuoka/asakura,305,千鳥屋本家 甘木店,和菓子、洋菓子,,sweets,tb,True
fukuoka/asakura,306,肉のみずた屋,その他,,other,none,False
fukuoka/asakura,307,お好み酒蔵 種,ホルモン、からあげ,,meat,tb,True
fukuoka/asakura,308,老松醤油 松岡本家,その他、郷土料理,,japanese,tb,False
fukuoka/asakura,309,晩酌亭 朝倉店,焼き鳥,,meat,tb,True
fukuoka/asakura,310,あさくら珈琲,その他,,other,none,False
fukuoka/asakura,311,ラ・メール朝倉,パン,,sweets,tb,True
fukuoka/asakura,312,牛木農産物直売所 倉康,その他,,other,none,False
fukuoka/asakura,313,LAWSON 甘木屋永店,コンビニ・スーパー,,daily,tb,True
fukuoka/asakura,314,FamilyMart 朝倉医師会病院/S店,コンビニ・スーパー,,daily,tb,True
fukuoka/asakura,315,寿泉,日本料理,,japanese,tb,True
fukuoka/asakura,316,鶴田農園,その他,,other,none,False
fukuoka/asakura,317,黒川INNレストラン,オーガニック、カレー、パスタ,,curry,tb,False
fukuoka/asakura,318,あさくら珈琲,コーヒースタンド,,cafe,tb,True
fukuoka/asakura,319,茶の舞カフェ,カフェ,,cafe,tb,True
fukuoka/asakura,320,ダイレックス ライフガーデン甘木店,コンビニ・スーパー,,daily,tb,True
fukuoka/asakura,321,やきとり大将,焼き鳥,,meat,tb,True
fukuoka/asakura,322,ファミリーマート 朝倉一木店,コンビニ・スーパー,,daily,tb,True
fukuoka/asakura,323,嘉,売店,,casual,tb,True
fukuoka/asakura,324,AGSAマルシェ,その他,,other,none,False
fukuoka/asakura,325,はるき,ラーメン,,noodles,tb,True
fukuoka/asakura,326,マダベース,カフェ、ピザ,,cafe,tb,True
fukuoka/asakura,327,水田精肉店,売店,,casual,tb,True
fukuoka/asakura,328,ほしまる,カフェ,,cafe,tb,True
fukuoka/asakura,329,ケーキ工房 かしの実,ケーキ,,sweets,tb,True
fukuoka/asakura,330,茶屋 えん,カフェ,,cafe,tb,True
fukuoka/asakura,331,福盛醤油醸造元,売店,,casual,tb,True
fukuoka/asakura,332,お菓子工房 aonoki,洋菓子,,sweets,tb,True
fukuoka/asakura,333,青い屋根,喫茶店,,cafe,tb,True
fukuoka/asakura,334,松末亭,カレー,,curry,tb,True
fukuoka/asakura,335,五寶ノ茶ノ間,喫茶店,,cafe,tb,True
fukuoka/asakura,336,LAWSON 朝倉甘木店,コンビニ・スーパー,,daily,tb,True
fukuoka/asakura,337,木木の葉　雑器店,カフェ,,cafe,tb,True
fukuoka/asakura,338,今日和,居酒屋,,izakaya,tb,True
fukuoka/asakura,339,新海寿司,寿司,,seafood,tb,True
fukuoka/asakura,340,居酒屋 まるひさ,居酒屋,,izakaya,tb,True
fukuoka/asakura,341,ウッド ランド,その他,,other,none,False
fukuoka/asakura,342,花房屋,和菓子,,sweets,tb,True
fukuoka/asakura,343,山科茶舗,その他,,other,none,False
fukuoka/asakura,344,ヤマザキショップ 朝倉健生病院店,コンビニ・スーパー,,daily,tb,True
fukuoka/asakura,345,まるは醤油 直販所,売店,,casual,tb,True
fukuoka/asakura,346,綾,喫茶店,,cafe,tb,True
fukuoka/asakura,347,業務スーパー 甘木店,コンビニ・スーパー,,daily,tb,True
fukuoka/asakura,348,焼とり陣屋,焼き鳥,,meat,tb,True
fukuoka/asakura,349,PADDY FIELD,ハンバーガー,,casual,tb,True
fukuoka/asakura,350,ちくご,焼き鳥,,meat,tb,True
fukuoka/asakura,351,ファミリーマート 秋月店,コンビニ・スーパー,,daily,tb,True
fukuoka/asakura,352,本場韓国料理 MariChan,韓国料理,,chinese,tb,True
fukuoka/asakura,353,富久瓏,居酒屋,,izakaya,tb,True
fukuoka/asakura,354,喫茶スキマ,喫茶店,,cafe,tb,True
fukuoka/asakura,355,やきとり本陣,焼き鳥,,meat,tb,True
fukuoka/asakura,356,小料理めぐみ,日本料理,,japanese,tb,True
fukuoka/asakura,357,セブンイレブン 甘木持丸北店,コンビニ・スーパー,,daily,tb,True
fukuoka/asakura,358,バー&バーガー ウィルズ,バー、ハンバーガー,,izakaya,tb,True
fukuoka/asakura,359,水舟,日本料理,,japanese,tb,True
fukuoka/asakura,360,熊ずし,寿司,,seafood,tb,True
fukuoka/asakura,361,遠藤金川堂,その他,,other,none,False
fukuoka/asakura,362,暖家,郷土料理、カフェ、日本料理,,japanese,tb,True
fukuoka/asakura,363,八牛,焼肉,,meat,tb,True
fukuoka/asakura,364,蔵,日本料理,,japanese,tb,True
fukuoka/asakura,365,カフェ&カーライフサポート リライオン,カフェ,,cafe,tb,True
fukuoka/asakura,366,千両,居酒屋,,izakaya,tb,True
fukuoka/asakura,367,しばせん,日本料理,,japanese,tb,True
fukuoka/asakura,368,たからや,焼肉、ホルモン,,meat,tb,True
fukuoka/asakura,369,CAFE&BAR BRIGHT,バー、カフェ,,izakaya,tb,True
fukuoka/asakura,370,あさくら,居酒屋,,izakaya,tb,True
fukuoka/asakura,371,喫茶ジャンクン,喫茶店,,cafe,tb,True
fukuoka/asakura,372,遊辺,日本料理,,japanese,tb,True
fukuoka/asakura,373,セブンイレブン 杷木町店,コンビニ・スーパー,,daily,tb,True
fukuoka/asakura,374,喜八郎のたまご直売所,その他,,other,none,False
fukuoka/asakura,375,美地菜都,居酒屋,,izakaya,tb,True
fukuoka/asakura,376,日田屋食堂,レストラン,,other,none,False
fukuoka/asakura,377,大阪串カツ 徳うさぎ,串揚げ,,japanese,tb,True
fukuoka/asakura,378,銘菓　ひよこ イオン甘木店,和菓子,,sweets,tb,True
fukuoka/asakura,379,宴処 麦わら食堂,居酒屋、もつ鍋,,izakaya,tb,True
fukuoka/asakura,380,川科,日本料理,,japanese,tb,True
fukuoka/asakura,381,昭月堂,和菓子,,sweets,tb,True
fukuoka/asakura,382,中尾食堂,食堂,,casual,tb,True
fukuoka/asakura,383,ひと味華,日本料理,,japanese,tb,True
fukuoka/asakura,384,水車,居酒屋,,izakaya,tb,True
fukuoka/asakura,385,牡蠣小屋あかし,居酒屋,,izakaya,tb,True
fukuoka/asakura,386,明志栄,居酒屋,,izakaya,tb,True
fukuoka/asakura,387,空に咲く,居酒屋、創作料理、日本料理,,izakaya,tb,True
fukuoka/asakura,388,遥,レストラン、カフェ、ホテル,,cafe,tb,False
fukuoka/asakura,389,バイキングレストラン 志高 福岡甘木店,ビュッフェ,,casual,tb,True
fukuoka/asakura,390,OH HAPPY DAY !,スイーツ,,sweets,tb,True
fukuoka/asakura,391,けやき,日本料理,,japanese,tb,True
fukuoka/asakura,392,よしづか,カフェ、喫茶店,,cafe,tb,True
fukuoka/asakura,393,セブンイレブン 朝倉中央,コンビニ・スーパー,,daily,tb,True
fukuoka/asakura,394,スタンドバー雨,立ち飲み、バー,,izakaya,tb,True
fukuoka/asakura,395,Ochiba Chikita,,Japanese;Japanese - Other ,japanese,ta,True
fukuoka/asakura,396,Koshoan,,Japanese;International;Japanese - Other ,japanese,ta,True
fukuoka/asakura,397,Kamaage Udon,,Japanese;Japanese - Other ,japanese,ta,True
fukuoka/asakura,398,Misunone Tsuchinone,,Cafe,cafe,ta,True
fukuoka/asakura,399,Olive No Kaze,,Italian;French;Japanese;Barbecue,meat,ta,True
fukuoka/asakura,400,Oita Expressway Yamada Service Area Inbound Restaurant,,,other,none,False
fukuoka/asakura,401,Tempura Nanaya,,Japanese,japanese,ta,True
fukuoka/asakura,402,Ishokuya Pancetta,,,other,none,False
fukuoka/asakura,403,Boxwood,,Japanese;Japanese - Other ,japanese,ta,True
fukuoka/asakura,404,Live Fish Kappo Restaurant Oban,,Seafood;Kappo,seafood,ta,True
fukuoka/asakura,405,Full Vege Bakers,,Fusion,other,none,False
fukuoka/asakura,406,McDonald s Amagi,,Fast Food,casual,ta,True
fukuoka/asakura,407,Rely On,,,other,none,False
fukuoka/asakura,408,Chiniwatoriyaki Kagaribi,,Japanese,japanese,ta,True
fukuoka/asakura,409,Namasoba Azuma Amagi,,Japanese;Japanese - Other ,japanese,ta,True
fukuoka/asakura,410,Juuwari Handmade Soba Wasada,,Japanese,japanese,ta,True
fukuoka/asakura,411,Ishigama artisanal bakery Bigarreau Amagi,,,other,none,False
fukuoka/asakura,412,Hirata Bread,,,other,none,False
fukuoka/asakura,413,Kappa No Su,,,other,none,False
fukuoka/asakura,414,Koganoya,,,other,none,False
fukuoka/asakura,415,Yuzen,,Japanese;Japanese - Other ,japanese,ta,True
fukuoka/asakura,416,Rikudo Soup Kobo,,,other,none,False
fukuoka/asakura,417,Taiwanese Restaurant Ryuka,,Asian;Taiwanese,chinese,ta,True
fukuoka/asakura,418,Nukumoribata Bypass,,Japanese;Japanese - Traditional Cuisine,japanese,ta,True
fukuoka/asakura,419,Narayan,,Indian,curry,ta,True
fukuoka/asakura,420,Torimaru Shokudo,,Asian,chinese,ta,True
fukuoka/asakura,421,Sofuren Amagi,,Japanese;Japanese - Other ,japanese,ta,True
fukuoka/asakura,422,Grilled Chicken Takajin,,Japanese,japanese,ta,True
fukuoka/asakura,423,Joyfull,,International,other,none,False
fukuoka/asakura,424,West Amagi,,Barbecue,meat,ta,True
fukuoka/asakura,425,Gallery Cobaco,,Cafe,cafe,ta,True
fukuoka/asakura,426,Shugetsu,,,other,none,False
fukuoka/asakura,427,Akamaya,,Japanese,japanese,ta,True
fukuoka/asakura,428,Sampuku Shokudo,,Japanese,japanese,ta,True
fukuoka/asakura,429,Shugetsu,,International,other,none,False
fukuoka/asakura,430,Ringer Hut Fukuoka Amaki,,,other,none,False
fukuoka/asakura,431,Sobaya Issin,,Japanese;Japanese - Other ,japanese,ta,True
fukuoka/asakura,432,Pasta Noosama Amagi,,Italian,european,ta,True
fukuoka/asakura,433,Shirahashi Horumon Sake No Dojo Branch,,Japanese,japanese,ta,True
fukuoka/asakura,434,Chataringu,,Fusion,other,none,False
fukuoka/asakura,435,Aka Chochin Amagi,,Japanese;Izakaya (Japanese Style Tavern),izakaya,ta,True
fukuoka/asakura,436,Kiratsune Goryo,,Japanese;International;Japanese - Other ,japanese,ta,True
fukuoka/asakura,437,Daikoku Ya,,Japanese;Japanese - Other ,japanese,ta,True
fukuoka/asakura,438,九州すし市場 甘木店,,,other,none,False
fukuoka/asakura,439,Joyfull,,International,other,none,False
fukuoka/asakura,440,Kuma Sushi,,Japanese;Sushi,seafood,ta,True
fukuoka/asakura,441,Bobura Udon,,,other,none,False
fukuoka/asakura,442,Kurogawa Sanso,,,other,none,False
fukuoka/asakura,443,Yatori Takasho,,Japanese;Japanese - Other ,japanese,ta,True
fukuoka/asakura,444,Trout,,Seafood,seafood,ta,True
fukuoka/asakura,445,Kammidokoro Furusato,,Japanese sweets parlour,sweets,desc,False
fukuoka/asakura,446,Kintaro Ramen,,,other,none,False
fukuoka/asakura,447,Soba Dokoro Miyano,,,other,none,False
fukuoka/asakura,448,博多一番どり 居食家あらい FC朝倉甘木店,,Japanese,japanese,ta,True
fukuoka/asakura,449,Umeya,,Barbecue,meat,ta,True
fukuoka/asakura,450,Arirang,,Asian;Korean,chinese,ta,True
fukuoka/asakura,451,Loire Shoyamachi,,,other,none,False
fukuoka/asakura,452,Loire Amagi,,,other,none,False
fukuoka/asakura,453,Torisho Asakura,,,other,none,False
fukuoka/asakura,454,Konnichiwa,,Japanese;Izakaya (Japanese Style Tavern),izakaya,ta,True
fukuoka/asakura,455,Kakuuchiya Aki,,Izakaya (Japanese Style Tavern),izakaya,ta,True
fukuoka/asakura,456,Silk Road,,French,european,ta,True
fukuoka/asakura,457,Sake Bar Tennobiroku,,Italian;Asian,european,ta,True
fukuoka/asakura,458,ラーメン　のぼる屋,,,other,none,False
fukuoka/asakura,459,Fukuyoshi,,Japanese;Seafood;Sushi;Japanese - Other ,seafood,ta,True
fukuoka/asakura,460,Shokunokura Roan Amagi,,Japanese,japanese,ta,True
fukuoka/asakura,461,Cuisine Club Garando,,Asian,chinese,ta,True
fukuoka/asakura,462,Homanya Asakura,,Japanese;Japanese - Other ,japanese,ta,True
fukuoka/asakura,463,Yagyu,,Barbecue,meat,ta,True
fukuoka/asakura,464,Masumi,,Cafe,cafe,ta,True
fukuoka/asakura,465,Hormone and Yakiniku Manpuku,,Asian;Grill,chinese,ta,True
fukuoka/asakura,466,Sankaiya,,Cafe,cafe,ta,True
fukuoka/asakura,467,Soba Saryo Korin,,Japanese;Japanese - Other ,japanese,ta,True
fukuoka/asakura,468,Karaoke Room Jagaimo,,International,other,none,False
fukuoka/asakura,469,Tachibana,,Japanese;Japanese - Other ,japanese,ta,True
fukuoka/asakura,470,Umesho Mochi Buns Main Store,,,other,none,False
fukuoka/asakura,471,Pizza Nakamura,,Italian,european,ta,True
fukuoka/asakura,472,Shokudoraku Ayabe,,Sushi,seafood,ta,True
fukuoka/asakura,473,San Marco,,Italian,european,ta,True
fukuoka/asakura,474,Buffet Restaurant Shidaka Fukuoka Amagi,,International,other,none,False
fukuoka/asakura,475,Hana Mizuki,,Cafe,cafe,ta,True
fukuoka/asakura,476,Chinese Studio Pao,,Chinese,chinese,ta,True
fukuoka/asakura,477,Futaba Zushi,,Japanese;Seafood;Sushi;Japanese - Other ,seafood,ta,True
fukuoka/asakura,478,Yakitori Fukuso,,Japanese;Japanese - Other ,japanese,ta,True
fukuoka/asakura,479,Sushitensen,,Japanese;Sushi,seafood,ta,True
fukuoka/asakura,480,Izakaya Kamadoka Amagi,,Japanese;Japanese - Other ;Izakaya (Japanese Style Tavern),izakaya,ta,True
fukuoka/asakura,481,Kairiki,,Seafood,seafood,ta,True
fukuoka/asakura,482,Mamedaiko,,Japanese;Japanese - Other ,japanese,ta,True
fukuoka/asakura,483,Tomo,,Japanese;Japanese - Other ,japanese,ta,True
fukuoka/asakura,484,Shogetsu,,,other,none,False
fukuoka/asakura,485,Yakitori Hidechan,,,other,none,False
fukuoka/asakura,486,Kakuchi Yoshi,,Japanese;Izakaya (Japanese Style Tavern),izakaya,ta,True
fukuoka/asakura,487,Egawa Sanso,,,other,none,False
fukuoka/asakura,488,Irori Yamanokura,,Japanese;Izakaya (Japanese Style Tavern),izakaya,ta,True
fukuoka/asakura,489,Korien,,,other,none,False
fukuoka/asakura,490,Pur Rose Arome,,,other,none,False
fukuoka/asakura,491,Ashie,,Japanese;Izakaya (Japanese Style Tavern),izakaya,ta,True
fukuoka/asakura,492,Shunayakabo Masuzaki,,Japanese;Izakaya (Japanese Style Tavern),izakaya,ta,True
fukuoka/asakura,493,Rin to Saku Hana Asakura,,Japanese;Izakaya (Japanese Style Tavern),izakaya,ta,True
fukuoka/asakura,494,Wa Dan Dan,,Izakaya (Japanese Style Tavern),izakaya,ta,True
fukuoka/asakura,495,Izakaya Sakae,,Japanese;Izakaya (Japanese Style Tavern),izakaya,ta,True
fukuoka/asakura,496,Yakitori Taisho,,Japanese,japanese,ta,True
fukuoka/asakura,497,Friend,,Japanese,japanese,ta,True
fukuoka/asakura,498,Koyuki,,Japanese;Japanese - Other ,japanese,ta,True
fukuoka/asakura,499,Izakaya Yamachan,,Japanese,japanese,ta,True
fukuoka/asakura,500,Aoi,,Japanese,japanese,ta,True
fukuoka/asakura,501,Kurofune,,Japanese,japanese,ta,True
fukuoka/asakura,502,Mitchan Ramen,,,other,none,False
fukuoka/asakura,503,Bar Tomochan Nigawa Korean Homestyle Restaurant,,Asian;Korean,chinese,ta,True
fukuoka/asakura,504,Chikuzen India Tsuki to Kame,,Indian,curry,ta,True
fukuoka/asakura,505,Yube,,Japanese;Izakaya (Japanese Style Tavern),izakaya,ta,True
fukuoka/asakura,506,Chinese Restaurant Tosembo,,,other,none,False
fukuoka/asakura,507,Muso,,Japanese,japanese,ta,True
fukuoka/asakura,508,Ariran,,Asian;Korean,chinese,ta,True
fukuoka/asakura,509,Hassun,,Japanese;Japanese - Traditional Cuisine;Kaiseki,japanese,ta,True
fukuoka/asakura,510,Field Confectionery,,,other,none,False
fukuoka/asakura,511,Isrote Paff,,Japanese - Other ,japanese,ta,True
fukuoka/asakura,512,Show Pub Joy,,Pub,izakaya,ta,True
fukuoka/asakura,513,Pusanko,,Asian;Korean,chinese,ta,True
fukuoka/asakura,514,Mizuki Food Dough,,Japanese,japanese,ta,True
fukuoka/asakura,515,Genkai Shokudo,,,other,none,False
fukuoka/asakura,516,Hanaungetsu,,Japanese,japanese,ta,True
fukuoka/asakura,517,Aoyoshi Japanese Restaurant,,Japanese,japanese,ta,True
fukuoka/asakura,518,Kuboyama Shokudo,,Japanese,japanese,ta,True
fukuoka/asakura,519,Yakitori Izakaya Suiraku,,Japanese,japanese,ta,True
fukuoka/asakura,520,Suzume Nooyado,,Japanese,japanese,ta,True
fukuoka/asakura,521,Shirahashi Horumon Sake No Dojo,,Japanese,japanese,ta,True
fukuoka/asakura,522,Kanemo,,Japanese,japanese,ta,True
fukuoka/asakura,523,Deku No Bo,,,other,none,False
fukuoka/asakura,524,Kizuma,,Izakaya (Japanese Style Tavern),izakaya,ta,True
fukuoka/asakura,525,West Restaurant,,,other,none,False
fukuoka/asakura,526,Yume Square,,,other,none,False
fukuoka/asakura,527,Mihara Udon,,,other,none,False
fukuoka/asakura,528,Zamboa,,,other,none,False
fukuoka/asakura,529,レストランあら玉,,,other,none,False
fukuoka/asakura,530,Anun Iyashi No Restaurant,,,other,none,False
fukuoka/asakura,531,Kimagure Bar,,,other,none,False
fukuoka/asakura,532,Chikuba Pizzato Yoshoku No Mise,,,other,none,False
fukuoka/asakura,533,Fujino Mitsuo,,,other,none,False
fukuoka/asakura,534,Shogetsudo,,,other,none,False
fukuoka/asakura,535,Obento of Hirai Amagi,,,other,none,False
fukuoka/asakura,536,Noodle Blue Amagi,,,other,none,False
fukuoka/asakura,537,Rodin,,,other,none,False
fukuoka/ashiyacho,1,味処 大丸,日本料理、海鮮、寿司,,japanese,tb,True
fukuoka/ashiyacho,2,Sunset,居酒屋、海鮮丼、バーベキュー,,izakaya,tb,True
fukuoka/ashiyacho,3,ottimo,カフェ、ハンバーガー、バー,,cafe,tb,True
fukuoka/ashiyacho,4,海鮮食堂 味工房,食堂、海鮮、弁当,,casual,tb,True
fukuoka/ashiyacho,5,KURA,ダイニングバー、居酒屋、ラーメン,,izakaya,tb,True
fukuoka/ashiyacho,6,マリンテラスあしや,ホテル,,other,none,False
fukuoka/ashiyacho,7,祇園食堂,食堂、ちゃんぽん、お好み焼き,,casual,tb,True
fukuoka/ashiyacho,8,海香亭,日本料理、海鮮、食堂,,japanese,tb,True
fukuoka/ashiyacho,9,鉄板酒場58,居酒屋、ステーキ、鉄板焼き,,izakaya,tb,True
fukuoka/ashiyacho,10,芦屋釜の里,カフェ,,cafe,tb,True
fukuoka/ashiyacho,11,九州男,居酒屋、海鮮、もつ鍋,,izakaya,tb,True
fukuoka/ashiyacho,12,パルナチュレ,カフェ、ケーキ、パン,,cafe,tb,True
fukuoka/ashiyacho,13,和楽園,うどん、ジェラート・アイスクリーム、豚丼,,noodles,tb,True
fukuoka/ashiyacho,14,はとやベーカリー,パン,,sweets,tb,True
fukuoka/ashiyacho,15,串揚げ処 榮壽,串揚げ、居酒屋,,japanese,tb,True
fukuoka/ashiyacho,16,お魚直売所 とと市場,その他,,other,none,False
fukuoka/ashiyacho,17,新まんまる,ラーメン,,noodles,tb,True
fukuoka/ashiyacho,18,とと市場 海鮮フードコート,海鮮丼、寿司、海鮮,,seafood,tb,True
fukuoka/ashiyacho,19,あしやんぷりん,スイーツ,,sweets,tb,True
fukuoka/ashiyacho,20,じゃむ屋,その他、カフェ、パン,,cafe,tb,False
fukuoka/ashiyacho,21,あしや釜本舗,和菓子,,sweets,tb,True
fukuoka/ashiyacho,22,火の茶房 ほうじ屋 遠賀店,ティースタンド、スイーツ,,sweets,tb,False
fukuoka/ashiyacho,23,ベルパン,パン、カフェ、ソフトクリーム,,sweets,tb,True
fukuoka/ashiyacho,24,yamagaya,ケーキ,,sweets,tb,True
fukuoka/ashiyacho,25,いそかぜ,食堂,,casual,tb,True
fukuoka/ashiyacho,26,TRIAL GO 芦屋山鹿店,コンビニ・スーパー,,daily,tb,True
fukuoka/ashiyacho,27,フードコート ALBA,食堂、うどん、カレー,,casual,tb,True
fukuoka/ashiyacho,28,楊楊,ラーメン、食堂、ちゃんぽん,,noodles,tb,True
fukuoka/ashiyacho,29,ファストフードプラザ,その他,,other,none,False
fukuoka/ashiyacho,30,GREEN.JAM.cafe,カフェ、パン、サンドイッチ,,cafe,tb,True
fukuoka/ashiyacho,31,夏井ヶ浜kitchen OTO,カフェ、かき氷、たい焼き・大判焼き,,cafe,tb,True
fukuoka/ashiyacho,32,炭火焼肉 ほむら庵,焼肉,,meat,tb,True
fukuoka/ashiyacho,33,鬼ヶ島,食堂,,casual,tb,True
fukuoka/ashiyacho,34,気まぐれ ごんちゃん,たこ焼き、焼きそば、からあげ,,casual,tb,True
fukuoka/ashiyacho,35,&cafe,カフェ、ドーナツ、スイーツ,,cafe,tb,True
fukuoka/ashiyacho,36,とと市場 バーベキューコーナー,バーベキュー、肉料理,,meat,tb,False
fukuoka/ashiyacho,37,寿司本家 げんもん,寿司、日本料理、海鮮,,seafood,tb,True
fukuoka/ashiyacho,38,福田豆腐店,その他,,other,none,False
fukuoka/ashiyacho,39,肉の山田屋 とと市場店,惣菜・デリ、からあげ,,casual,tb,True
fukuoka/ashiyacho,40,ホルモン豊,居酒屋、もつ鍋、お好み焼き,,izakaya,tb,True
fukuoka/ashiyacho,41,Patisserie PRESENT,ケーキ、パン、洋菓子,,sweets,tb,True
fukuoka/ashiyacho,42,ARALE,カフェ、喫茶店,,cafe,tb,True
fukuoka/ashiyacho,43,桃李,バー、食堂,,izakaya,tb,True
fukuoka/ashiyacho,44,Cafe & Bar Grace,バー、カフェ,,izakaya,tb,True
fukuoka/ashiyacho,45,イキイキイチバ グッドスマイル はまゆう,コンビニ・スーパー,,daily,tb,True
fukuoka/ashiyacho,46,寿し豊,寿司、日本料理、海鮮,,seafood,tb,True
fukuoka/ashiyacho,47,アリラン峠 大和屋,焼肉、ホルモン、韓国料理,,meat,tb,True
fukuoka/ashiyacho,48,よっちゃん家,居酒屋、馬肉料理,,izakaya,tb,True
fukuoka/ashiyacho,49,ワンズ クラブ エスケー,カフェ,,cafe,tb,True
fukuoka/ashiyacho,50,季ばら旨,居酒屋、ダイニングバー、海鮮,,izakaya,tb,True
fukuoka/ashiyacho,51,アプリコットカフェ,カフェ、パンケーキ,,cafe,tb,True
fukuoka/ashiyacho,52,タカブーキッチン,弁当、食堂,,casual,tb,True
fukuoka/ashiyacho,53,芦屋海浜公園レジャープール アクアシアン カフェテリア,カフェ,,cafe,tb,True
fukuoka/ashiyacho,54,金元精肉店,弁当、コロッケ、からあげ,,casual,tb,True
fukuoka/ashiyacho,55,永弁,食堂、弁当,,casual,tb,True
fukuoka/ashiyacho,56,喫茶･酒場 浪漫,居酒屋、海鮮,,izakaya,tb,True
fukuoka/ashiyacho,57,和食処みや川,日本料理、海鮮、居酒屋,,japanese,tb,True
fukuoka/ashiyacho,58,蔵之助,うどん、焼き鳥、居酒屋,,noodles,tb,True
fukuoka/ashiyacho,59,焼肉ジュージュー,焼肉、ホルモン,,meat,tb,True
fukuoka/ashiyacho,60,あるじゃーろ,からあげ、弁当,,meat,tb,True
fukuoka/ashiyacho,61,goodgoodstore,カレー,,curry,tb,True
fukuoka/ashiyacho,62,ひき肉研究所,弁当、ハンバーグ、カレー,,casual,tb,True
fukuoka/ashiyacho,63,創作ダイニング Grace,居酒屋,,izakaya,tb,True
fukuoka/ashiyacho,64,代志川,居酒屋,,izakaya,tb,True
fukuoka/ashiyacho,65,ボートレース芦屋外向発売所 アシ夢テラス イートインコーナー,うどん、カレー、牛丼,,noodles,tb,True
fukuoka/ashiyacho,66,韓国酒場 ALLDAY POCHA,韓国料理,,chinese,tb,True
fukuoka/ashiyacho,67,メンバーズ K,バー,,izakaya,tb,True
fukuoka/ashiyacho,68,居酒屋 夢KANUU,居酒屋、焼き鳥,,izakaya,tb,True
fukuoka/ashiyacho,69,野間商店,その他,,other,none,False
fukuoka/ashiyacho,70,おうちパン Ke-Pi,パン、ソフトクリーム,,sweets,tb,True
fukuoka/ashiyacho,71,むくの樹,たこ焼き、コロッケ,,casual,tb,True
fukuoka/ashiyacho,72,Members 優日,その他,,other,none,False
fukuoka/ashiyacho,73,ボンちゃん,お好み焼き、たこ焼き、焼きそば,,casual,tb,True
fukuoka/ashiyacho,74,ホルモン焼き つぐちゃん,焼肉、ホルモン、居酒屋,,meat,tb,True
fukuoka/ashiyacho,75,重岡商店,その他,,other,none,False
fukuoka/ashiyacho,76,beach side cafe 502,カフェ,,cafe,tb,True
fukuoka/ashiyacho,77,佐々木商店,甘味処、和菓子,,sweets,tb,True
fukuoka/ashiyacho,78,Love,バー,,izakaya,tb,True
fukuoka/ashiyacho,79,Dining terrace Fujii,弁当、カフェ,,casual,tb,True
fukuoka/ashiyacho,80,焚き火ダイニング HOMURA,串焼き,,meat,tb,True
fukuoka/ashiyacho,81,長崎海産,その他,,other,none,False
fukuoka/ashiyacho,82,食処酒処 かわしょう,居酒屋,,izakaya,tb,True
fukuoka/ashiyacho,83,SNACK ANN,その他,,other,none,False
fukuoka/ashiyacho,84,来れBAR,バー、ダイニングバー,,izakaya,tb,True
fukuoka/ashiyacho,85,ラブグリーン,バー,,izakaya,tb,True
fukuoka/ashiyacho,86,鳥兵衛,居酒屋、焼き鳥,,izakaya,tb,True
fukuoka/ashiyacho,87,居酒屋 むつ五郎,居酒屋、海鮮,,izakaya,tb,True
fukuoka/ashiyacho,88,ホルモンりゅう 芦屋店,ホルモン,,meat,tb,True
fukuoka/ashiyacho,89,夜屋 ゆうとく,居酒屋、海鮮,,izakaya,tb,True
fukuoka/ashiyacho,90,Bar Woodpecker,バー,,izakaya,tb,True
fukuoka/ashiyacho,91,たまりば,居酒屋,,izakaya,tb,True
fukuoka/ashiyacho,92,アヴェンティーノ,イタリアン、パスタ、ダイニングバー,,european,tb,True
fukuoka/ashiyacho,93,ブルースカイ,バー,,izakaya,tb,True
fukuoka/ashiyacho,94,やさいひろば,その他,,other,none,False
fukuoka/ashiyacho,95,Curry LABO,カレー,,curry,tb,True
fukuoka/ashiyacho,96,冗談倶楽部,バー,,izakaya,tb,True
fukuoka/ashiyacho,97,お好み焼き かつ,お好み焼き,,casual,tb,True
fukuoka/ashiyacho,98,おやじ,たこ焼き、お好み焼き、食堂,,casual,tb,True
fukuoka/ashiyacho,99,ありがた屋 芦屋店,弁当,,casual,tb,True
fukuoka/ashiyacho,100,ほっともっと 芦屋町店,弁当,,casual,tb,True
fukuoka/ashiyacho,101,龍,バー,,izakaya,tb,True
fukuoka/ashiyacho,102,弓音,居酒屋、バー,,izakaya,tb,True
fukuoka/ashiyacho,103,あしやんキッチン,バーベキュー,,other,none,False
fukuoka/ashiyacho,104,おかん,弁当、惣菜・デリ,,casual,tb,True
fukuoka/ashiyacho,105,トレジャー,バー,,izakaya,tb,True
fukuoka/ashiyacho,106,木原商店,惣菜・デリ,,casual,tb,True
fukuoka/ashiyacho,107,楓,喫茶店,,cafe,tb,True
fukuoka/ashiyacho,108,ボートレース芦屋 弁当コーナー,弁当,,casual,tb,True
fukuoka/ashiyacho,109,Bijoux cafe,カフェ、洋菓子,,cafe,tb,True
fukuoka/ashiyacho,110,LAWSON Sミズ芦屋中央病院前店,コンビニ・スーパー,,daily,tb,True
fukuoka/ashiyacho,111,直美家,その他,,other,none,False
fukuoka/ashiyacho,112,芦屋青果協業組合,焼き芋・大学芋,,other,none,False
fukuoka/ashiyacho,113,ゴリカラ,からあげ、弁当,,meat,tb,True
fukuoka/ashiyacho,114,mer,カフェ,,cafe,tb,True
fukuoka/ashiyacho,115,あんちゃん,弁当,,casual,tb,True
fukuoka/ashiyacho,116,法楽,居酒屋、もつ鍋、おでん,,izakaya,tb,True
fukuoka/ashiyacho,117,中嶌家,弁当,,casual,tb,True
fukuoka/ashiyacho,118,福耳餃子 芦屋店,その他,,other,none,False
fukuoka/ashiyacho,119,酔っちゃん,居酒屋、食堂,,izakaya,tb,True
fukuoka/ashiyacho,120,堀江蒲鉾店,その他,,other,none,False
fukuoka/ashiyacho,121,スナックめぞん,その他,,izakaya,desc,False
fukuoka/ashiyacho,122,三原惣菜,惣菜・デリ,,casual,tb,True
fukuoka/ashiyacho,123,Snack Niko,バー,,izakaya,tb,True
fukuoka/ashiyacho,124,すなっく 異人館,バー,,izakaya,tb,True
fukuoka/ashiyacho,125,スナック マブハイ,その他,,izakaya,desc,False
fukuoka/ashiyacho,126,NAPOLI,バー,,izakaya,tb,True
fukuoka/ashiyacho,127,よってけばぁ,居酒屋、バー,,izakaya,tb,True
fukuoka/ashiyacho,128,スナック 亜梨子,その他,,izakaya,desc,False
fukuoka/ashiyacho,129,藤江商店,その他,,other,none,False
fukuoka/ashiyacho,130,ファミリーマート 芦屋浜口町店,コンビニ・スーパー,,daily,tb,True
fukuoka/ashiyacho,131,you 祐 倶楽部,バー,,izakaya,tb,True
fukuoka/ashiyacho,132,かどや製菓店,和菓子,,sweets,tb,True
fukuoka/ashiyacho,133,アウラニ,バー,,izakaya,tb,True
fukuoka/ashiyacho,134,てのや商店,その他,,other,none,False
fukuoka/ashiyacho,135,艶,その他,,other,none,False
fukuoka/ashiyacho,136,スナック ドリーム,その他,,izakaya,desc,False
fukuoka/ashiyacho,137,芦屋海産,その他,,other,none,False
fukuoka/ashiyacho,138,韓国風居酒屋 辛味,韓国料理、居酒屋、焼肉,,chinese,tb,True
fukuoka/ashiyacho,139,スナックM,その他,,izakaya,desc,False
fukuoka/ashiyacho,140,セブンイレブン 芦屋山鹿店,コンビニ・スーパー,,daily,tb,True
fukuoka/ashiyacho,141,ニューホワイト,バー,,izakaya,tb,True
fukuoka/ashiyacho,142,LAWSON 遠賀芦屋町店,コンビニ・スーパー,,daily,tb,True
fukuoka/ashiyacho,143,セブンイレブン 芦屋浜口店,コンビニ・スーパー,,daily,tb,True
fukuoka/ashiyacho,144,ディスカウントドラッグ コスモス 福岡芦屋店,その他,,other,none,False
fukuoka/ashiyacho,145,福岡・芦屋 縄文の丘 グランピングリゾート,その他,,other,none,False
fukuoka/ashiyacho,146,And-Days,カフェ,,cafe,tb,True
fukuoka/ashiyacho,147,LAWSON 芦屋高浜町店,コンビニ・スーパー,,daily,tb,True
fukuoka/ashiyacho,148,L'OASI,スイーツ,,sweets,tb,True
fukuoka/ashiyacho,149,きみしゃん本舗,売店,,casual,tb,True
fukuoka/ashiyacho,150,YuMii,カフェ,,cafe,tb,True
fukuoka/ashiyacho,151,肉と肴料理 かわかみ,居酒屋,,izakaya,tb,True
fukuoka/ashiyacho,152,武将茶屋,日本料理、そば、天ぷら,,japanese,tb,True
fukuoka/ashiyacho,153,オールデイキンパ,韓国料理,,chinese,tb,True
fukuoka/ashiyacho,154,OWL,カフェ、ダイニングバー、バー,,cafe,tb,True
fukuoka/ashiyacho,155,ファミリーマート 芦屋基地店,コンビニ・スーパー,,daily,tb,True
fukuoka/ashiyacho,156,Kaneyasu Ashiya,,Japanese;Seafood;Japanese - Other ,seafood,ta,True
fukuoka/ashiyacho,157,Toto Ichiba,,Japanese;Seafood;Sushi;Healthy;Kyushu cuisine,seafood,ta,True
fukuoka/ashiyacho,158,Restaurant Mrine Katei,,,other,none,False
fukuoka/ashiyacho,159,Honda,,Japanese;Japanese - Traditional Cuisine,japanese,ta,True
fukuoka/ashiyacho,160,Gion Canteen,,Japanese;International;Japanese - Other ,japanese,ta,True
fukuoka/ashiyacho,161,Sushitoyo,,Japanese;Seafood;Sushi;Japanese - Other ,seafood,ta,True
fukuoka/ashiyacho,162,Kusuo Ashiya Honten,,Japanese;Pub,izakaya,ta,True
fukuoka/ashiyacho,163,Kure Bar,,Pub;Gastropub;Dining bars,izakaya,ta,True
fukuoka/ashiyacho,164,Tsuritomo Sankichi,,,other,none,False
fukuoka/ashiyacho,165,Yanyan,,,other,none,False
fukuoka/ashiyacho,166,Waraku En,,Japanese;Japanese - Other ,japanese,ta,True
fukuoka/ashiyacho,167,Satsuma Shokudo,,Japanese;International;Japanese - Other ,japanese,ta,True
fukuoka/ashiyacho,168,Okonomiyaki Tsuruchan,,Japanese;Japanese - Other ,japanese,ta,True
fukuoka/ashiyacho,169,Taisho,,Japanese,japanese,ta,True
fukuoka/ashiyacho,170,Momotaro Ashiya,,Japanese;Japanese - Other ,japanese,ta,True
fukuoka/ashiyacho,171,Daikichi,,Japanese;Japanese - Other ,japanese,ta,True
fukuoka/ashiyacho,172,Baisenya Totoichiba,,Cafe,cafe,ta,True
fukuoka/ashiyacho,173,Japanese Restaurant Miyagawa,,Japanese;Japanese - Traditional Cuisine,japanese,ta,True
fukuoka/ashiyacho,174,Kuimonya,,Japanese,japanese,ta,True
fukuoka/ashiyacho,175,Kaku Sushi,,Japanese;Seafood;Sushi,seafood,ta,True
fukuoka/ashiyacho,176,Karaoke Hatsu,,International,other,none,False
fukuoka/ashiyacho,177,Hana Sanuki,,Japanese,japanese,ta,True
fukuoka/ashiyacho,178,Sakura,,International,other,none,False
fukuoka/ashiyacho,179,Yonchamu Bachanchi,,Asian;Korean,chinese,ta,True
fukuoka/ashiyacho,180,Shikisai Rin,,,other,none,False
fukuoka/ashiyacho,181,Ramen Katsuryuken Ashiya,,,other,none,False
fukuoka/ashiyacho,182,Total Service Group,,,other,none,False
fukuoka/ashiyacho,183,Aulani,,Bar;Pub,izakaya,ta,True
fukuoka/ashiyacho,184,White,,Pub,izakaya,ta,True
fukuoka/ashiyacho,185,Zekkocho,,Japanese,japanese,ta,True
fukuoka/ashiyacho,186,Yuki,,Japanese,japanese,ta,True
fukuoka/ashiyacho,187,Yuri,,Izakaya (Japanese Style Tavern),izakaya,ta,True
fukuoka/buzen,1,うどん豊前屋 官べえ,うどん、食堂、丼,,noodles,tb,True
fukuoka/buzen,2,漁師食堂うのしま豊築丸,海鮮,,seafood,tb,True
fukuoka/buzen,3,茶房　山帰来,そば、喫茶店、パン,,noodles,tb,True
fukuoka/buzen,4,酒楽亭,中華料理,,chinese,tb,True
fukuoka/buzen,5,天ぷら 一修,天ぷら,,japanese,tb,True
fukuoka/buzen,6,道の駅 豊前おこしかけ,道の駅,,other,none,False
fukuoka/buzen,7,まるよし,うどん、そば、丼,,noodles,tb,True
fukuoka/buzen,8,食事処 いま村,食堂,,casual,tb,True
fukuoka/buzen,9,うみてらす豊前四季旬海,道の駅,,other,none,False
fukuoka/buzen,10,やぶ,うどん、そば,,noodles,tb,True
fukuoka/buzen,11,手打の味 小泉 豊前店,うどん、そば,,noodles,tb,True
fukuoka/buzen,12,六花茶屋,食堂、豆腐料理、オーガニック,,casual,tb,True
fukuoka/buzen,13,豊前淡水 うなぎや,うなぎ、からあげ,,seafood,tb,True
fukuoka/buzen,14,鮨処永しん,寿司,,seafood,tb,True
fukuoka/buzen,15,ラーメン 一晋 豊前店,ラーメン、ちゃんぽん、餃子,,noodles,tb,True
fukuoka/buzen,16,屋台村　あっちゃん亭,食堂、たこ焼き、カレー,,casual,tb,True
fukuoka/buzen,17,吟寿司,寿司,,seafood,tb,True
fukuoka/buzen,18,ケーキハウス四季,ケーキ,,sweets,tb,True
fukuoka/buzen,19,シキノネ,カフェ,,cafe,tb,True
fukuoka/buzen,20,スーパー細川 豊前店,コンビニ・スーパー,,daily,tb,True
fukuoka/buzen,21,豊前厨房 バルバロッサ,イタリアン,,european,tb,True
fukuoka/buzen,22,食事処 鷹勝,海鮮、食堂,,seafood,tb,True
fukuoka/buzen,23,浦野醤油醸造元,その他,,other,none,False
fukuoka/buzen,24,パンヤヨナガ,パン、ベーグル,,sweets,tb,True
fukuoka/buzen,25,ダイニング イチマルハチ,カフェ、ダイニングバー,,cafe,tb,True
fukuoka/buzen,26,カレー＆中華料理インド,中華料理、食堂、カレー,,chinese,tb,True
fukuoka/buzen,27,平壌屋,焼肉、冷麺、韓国料理,,meat,tb,True
fukuoka/buzen,28,鉄板ダイニング チオハウス,ステーキ、鉄板焼き,,meat,tb,True
fukuoka/buzen,29,天狗,からあげ、たこ焼き、食堂,,meat,tb,True
fukuoka/buzen,30,パッション,ケーキ,,sweets,tb,True
fukuoka/buzen,31,なじみ屋 支店,焼肉,,meat,tb,True
fukuoka/buzen,32,竹美ずし,寿司,,seafood,tb,True
fukuoka/buzen,33,ぱんのこ,パン,,sweets,tb,True
fukuoka/buzen,34,もみじかふぇ,カフェ,,cafe,tb,True
fukuoka/buzen,35,らんち屋,食堂、弁当、カレー,,casual,tb,True
fukuoka/buzen,36,中畑からあげ店,からあげ,,meat,tb,True
fukuoka/buzen,37,グリーンフック ハンバーグ&プランツ,ハンバーグ,,meat,tb,True
fukuoka/buzen,38,豊前ハム工房,その他,,other,none,False
fukuoka/buzen,39,ニブルス,洋食,,european,tb,True
fukuoka/buzen,40,麻以虎,日本料理,,japanese,tb,True
fukuoka/buzen,41,おやつのムク,洋菓子,,sweets,tb,True
fukuoka/buzen,42,すし鷹りん 鷹勝 豊前店,寿司、鍋、海鮮,,seafood,tb,True
fukuoka/buzen,43,うみ小屋,海鮮、かき,,seafood,tb,True
fukuoka/buzen,44,日豊ラーメン,ラーメン,,noodles,tb,True
fukuoka/buzen,45,冷泉茶屋,野菜料理、そば、日本料理,,japanese,tb,True
fukuoka/buzen,46,希望食堂,食堂,,casual,tb,True
fukuoka/buzen,47,笑福,食堂,,casual,tb,True
fukuoka/buzen,48,農園カフェ Fan Fare,サンドイッチ、スイーツ,,sweets,tb,True
fukuoka/buzen,49,ビッグ パン,パン,,sweets,tb,True
fukuoka/buzen,50,唐揚ふんぷん亭,弁当、からあげ,,casual,tb,True
fukuoka/buzen,51,Sweets Cat,ケーキ,,sweets,tb,True
fukuoka/buzen,52,洋菓子工房 パレドール,洋菓子,,sweets,tb,True
fukuoka/buzen,53,まるとら,居酒屋,,izakaya,tb,True
fukuoka/buzen,54,なじみや 本店,ホルモン,,meat,tb,True
fukuoka/buzen,55,黒のれん 豊前本店,居酒屋,,izakaya,tb,True
fukuoka/buzen,56,武蔵屋,和菓子,,sweets,tb,True
fukuoka/buzen,57,天華一品,居酒屋、焼き鳥,,izakaya,tb,True
fukuoka/buzen,58,かぼちゃキッチン,ジェラート・アイスクリーム、肉まん,,sweets,tb,True
fukuoka/buzen,59,とり蔵 豊前店,からあげ,,meat,tb,True
fukuoka/buzen,60,にこぱん,パン,,sweets,tb,True
fukuoka/buzen,61,豊前からあげ 大翔,焼肉、からあげ,,meat,tb,True
fukuoka/buzen,62,コージコーナー スエヒロ,ケーキ,,sweets,tb,True
fukuoka/buzen,63,福南食堂,食堂,,casual,tb,True
fukuoka/buzen,64,エムズ・カクテルバー,ダイニングバー,,izakaya,tb,True
fukuoka/buzen,65,こうじ,居酒屋,,izakaya,tb,True
fukuoka/buzen,66,福岡県豊前市の居酒屋 中屋　なかや,居酒屋、日本料理、おでん,,izakaya,tb,True
fukuoka/buzen,67,ぶんぶく茶屋,焼き鳥,,meat,tb,True
fukuoka/buzen,68,ほっかほっか弁当 豊前,弁当,,casual,tb,True
fukuoka/buzen,69,STAMP FURNITURE,カフェ,,cafe,tb,True
fukuoka/buzen,70,ル クール,ケーキ,,sweets,tb,True
fukuoka/buzen,71,あんくるカレー 冷泉茶屋店,カレー,,curry,tb,True
fukuoka/buzen,72,ひと花食堂,そば、食堂,,noodles,tb,True
fukuoka/buzen,73,holoholo お散歩cafe,カフェ,,cafe,tb,True
fukuoka/buzen,74,KITEN,その他,,other,none,False
fukuoka/buzen,75,そらいろキッチン,弁当,,casual,tb,True
fukuoka/buzen,76,カフェ山処,カフェ,,cafe,tb,True
fukuoka/buzen,77,パーラーうさき,惣菜・デリ、おにぎり、弁当,,casual,tb,True
fukuoka/buzen,78,PADA,喫茶店,,cafe,tb,True
fukuoka/buzen,79,みやこハム 直売所,その他,,other,none,False
fukuoka/buzen,80,7人のこびと,カフェ,,cafe,tb,True
fukuoka/buzen,81,からあげ いち丸,からあげ,,meat,tb,True
fukuoka/buzen,82,ジョイフル 宇島店,ファミレス,,casual,tb,True
fukuoka/buzen,83,神楽や,食堂,,casual,tb,True
fukuoka/buzen,84,茶愛夢,喫茶店,,cafe,tb,True
fukuoka/buzen,85,こびとのパンや,パン,,sweets,tb,True
fukuoka/buzen,86,ほっともっと 豊前バイパス店,弁当,,casual,tb,True
fukuoka/buzen,87,ひまわりキッチン,食堂,,casual,tb,True
fukuoka/buzen,88,マルティーニ,ピザ,,european,tb,True
fukuoka/buzen,89,カフェド弘,カフェ,,cafe,tb,True
fukuoka/buzen,90,ほっともっと 豊前店,弁当,,casual,tb,True
fukuoka/buzen,91,洋菓子工房 チオハット,ドーナツ,,sweets,tb,True
fukuoka/buzen,92,黒のれん ヨコヤマ三毛門店,焼き鳥,,meat,tb,True
fukuoka/buzen,93,はなはんじょう,居酒屋,,izakaya,tb,True
fukuoka/buzen,94,甘未茶屋 友,食堂、カフェ,,casual,tb,True
fukuoka/buzen,95,からあげピーコック,からあげ,,meat,tb,True
fukuoka/buzen,96,しあわせパン工房 正心庵,パン,,sweets,tb,True
fukuoka/buzen,97,焼菓子工房ニコ,洋菓子,,sweets,tb,True
fukuoka/buzen,98,パンの店 スエヒロ,パン、和菓子,,sweets,tb,True
fukuoka/buzen,99,富士菊,その他,,other,none,False
fukuoka/buzen,100,ニューいずみ,かつ丼、日本料理,,meat,tb,True
fukuoka/buzen,101,自由市場,その他,,other,none,False
fukuoka/buzen,102,幸せおひさまカフェ,カフェ,,cafe,tb,True
fukuoka/buzen,103,一憩庵,食堂、居酒屋,,casual,tb,True
fukuoka/buzen,104,てんぐ,喫茶店、バー,,cafe,tb,True
fukuoka/buzen,105,これから屋,寿司,,seafood,tb,True
fukuoka/buzen,106,魚いち,海鮮,,seafood,tb,True
fukuoka/buzen,107,SPOON,弁当,,casual,tb,True
fukuoka/buzen,108,手仕事村やまぼうし,カフェ,,cafe,tb,True
fukuoka/buzen,109,おっちゃん,居酒屋,,izakaya,tb,True
fukuoka/buzen,110,渓月堂 豊前店,和菓子,,sweets,tb,True
fukuoka/buzen,111,いろは食肉店,その他,,other,none,False
fukuoka/buzen,112,LW,その他,,other,none,False
fukuoka/buzen,113,MR Cafe,カフェ,,cafe,tb,True
fukuoka/buzen,114,Uターン,喫茶店,,cafe,tb,True
fukuoka/buzen,115,ダイニングGG,レストラン,,other,none,False
fukuoka/buzen,116,げん寿し,寿司,,seafood,tb,True
fukuoka/buzen,117,後藤酒造,その他,,other,none,False
fukuoka/buzen,118,アトリエ5533,パン,,sweets,tb,True
fukuoka/buzen,119,千石の唐揚げ 三毛門店,からあげ,,meat,tb,True
fukuoka/buzen,120,お好み焼やきはな,お好み焼き,,casual,tb,True
fukuoka/buzen,121,お好み焼き あき,お好み焼き,,casual,tb,True
fukuoka/buzen,122,ピッツァ ブルーム,ピザ、カフェ,,european,tb,True
fukuoka/buzen,123,JA豊前ふれあい市場,その他,,other,none,False
fukuoka/buzen,124,豊前フルーツランド,焼肉,,meat,tb,True
fukuoka/buzen,125,やき鳥正ちゃん,焼き鳥,,meat,tb,True
fukuoka/buzen,126,チオサンド,サンドイッチ,,sweets,tb,True
fukuoka/buzen,127,どんどん本店,レストラン,,other,none,False
fukuoka/buzen,128,チオガーデン,カフェ,,cafe,tb,True
fukuoka/buzen,129,道,日本料理,,japanese,tb,True
fukuoka/buzen,130,デンスケ,焼き鳥,,meat,tb,True
fukuoka/buzen,131,スナック Betty,バー,,izakaya,tb,True
fukuoka/buzen,132,かすが,食堂,,casual,tb,True
fukuoka/buzen,133,あすか,レストラン,,other,none,False
fukuoka/buzen,134,ゆば料理とスイーツのビュッフェ,ビュッフェ,,casual,tb,True
fukuoka/buzen,135,さぬきちゃや,日本料理,,japanese,tb,True
fukuoka/buzen,136,稲垣珈琲本舗,カフェ,,cafe,tb,True
fukuoka/buzen,137,ダイニングバー ジョーカー,ダイニングバー,,izakaya,tb,True
fukuoka/buzen,138,スナック 苺,その他,,other,none,False
fukuoka/buzen,139,美食工房　KICHEN 　LW,その他,,other,none,False
fukuoka/buzen,140,よかろう,その他,,other,none,False
fukuoka/buzen,141,だるま,焼き鳥,,meat,tb,True
fukuoka/buzen,142,Udon Toyomae Kan Bee,,Japanese;Japanese - Other ,japanese,ta,True
fukuoka/buzen,143,Unoshima Hochikumaru,,Japanese;Seafood;Japanese - Other ,seafood,ta,True
fukuoka/buzen,144,Koizumi Udon,,Japanese;Japanese - Other ,japanese,ta,True
fukuoka/buzen,145,Rokka Jaya,,Japanese;International;Japanese - Other ,japanese,ta,True
fukuoka/buzen,146,Isshu Udon,,Japanese,japanese,ta,True
fukuoka/buzen,147,Nibbles,,International,other,none,False
fukuoka/buzen,148,Taisho,,Japanese,japanese,ta,True
fukuoka/buzen,149,Chikuho Ramen Basaraka Buzen,,,other,none,False
fukuoka/buzen,150,Joyfull,,International,other,none,False
fukuoka/buzen,151,Izakaya Occhan,,Japanese;Izakaya (Japanese Style Tavern),izakaya,ta,True
fukuoka/buzen,152,Higoro Syokudo,,Japanese;International;Japanese - Other ,japanese,ta,True
fukuoka/buzen,153,Sakura Karaage,,Japanese,japanese,ta,True
fukuoka/buzen,154,Passion,,,other,none,False
fukuoka/buzen,155,Joyfull,,International,other,none,False
fukuoka/buzen,156,Kyushu Chikuho Ramen Yamagoya Buzen,,,other,none,False
fukuoka/buzen,157,Kinchan Udon,,Japanese;Japanese - Other ,japanese,ta,True
fukuoka/buzen,158,Yakiniku Restaurant Buzen Fruit Land,,Barbecue,meat,ta,True
fukuoka/buzen,159,Fried Chicken Shop Chicken House Buzen,,Japanese,japanese,ta,True
fukuoka/buzen,160,Position One by One San,,,other,none,False
fukuoka/buzen,161,Sumibiyaki Koji,,Japanese;Seafood;Grill,seafood,ta,True
fukuoka/buzen,162,Naniwa Sushi,,Japanese;Seafood;Sushi,seafood,ta,True
fukuoka/buzen,163,Tampopo,,Japanese;Japanese - Other ,japanese,ta,True
fukuoka/buzen,164,Isaribi,,Japanese;Seafood;Grill,seafood,ta,True
fukuoka/buzen,165,Gen Sushi,,Japanese;Seafood;Sushi;Japanese - Other ,seafood,ta,True
fukuoka/buzen,166,Shoan,,Japanese - Other ,japanese,ta,True
fukuoka/buzen,167,Taiwanese Restaurant Fukukogen,,Taiwanese,other,none,False
fukuoka/buzen,168,Chikujokan,,Japanese;Japanese - Traditional Cuisine;Kappo,japanese,ta,True
fukuoka/buzen,169,Trick,,Japanese - Other ,japanese,ta,True
fukuoka/buzen,170,Green Grass,,Japanese;Japanese - Traditional Cuisine,japanese,ta,True
fukuoka/buzen,171,Pizza Maruthini,,Pizza,european,ta,True
fukuoka/buzen,172,Satsuki Chaya,,Japanese,japanese,ta,True
fukuoka/buzen,173,Hide,,Japanese;International;Japanese - Other ,japanese,ta,True
fukuoka/buzen,174,Otafuku,,Japanese,japanese,ta,True
fukuoka/buzen,175,Teishaba,,Japanese;Japanese - Other ,japanese,ta,True
fukuoka/buzen,176,Hanamaru,,Pub;Gastropub,izakaya,ta,True
fukuoka/buzen,177,Stamina Kaizan,,,other,none,False
fukuoka/buzen,178,Kitchen Lou,,,other,none,False
fukuoka/buzen,179,Horumonyaki Roasted House,,,other,none,False
fukuoka/buzen,180,Onoya,,,other,none,False
fukuoka/buzen,181,Oku Confectionery,,,other,none,False
fukuoka/buzen,182,Toyonokuni Good Mon Square,,,other,none,False
fukuoka/buzen,183,Tomohana,,,other,none,False
fukuoka/buzen,184,Hanaguruma,,Japanese;Izakaya (Japanese Style Tavern),izakaya,ta,True
fukuoka/buzen,185,Brick,,Bar;Pub,izakaya,ta,True
fukuoka/buzen,186,Shoan,,,other,none,False
fukuoka/chikugo,1,麺屋 八感,ラーメン,,noodles,tb,True
fukuoka/chikugo,2,麺房てうち庵 筑後店,うどん、そば、食堂,,noodles,tb,True
fukuoka/chikugo,3,麺楽,うどん、かつ丼、ちゃんぽん,,noodles,tb,True
fukuoka/chikugo,4,パビタラ,インド料理、インドカレー,,curry,tb,True
fukuoka/chikugo,5,天ぷらまき 筑後店,天ぷら,,japanese,tb,True
fukuoka/chikugo,6,一休,うどん,,noodles,tb,True
fukuoka/chikugo,7,一二三 筑後店,ラーメン,,noodles,tb,True
fukuoka/chikugo,8,うなぎの次郎長,うなぎ,,seafood,tb,True
fukuoka/chikugo,9,喜楽家食堂,食堂、弁当、居酒屋,,casual,tb,True
fukuoka/chikugo,10,牛島製茶　和cafe Leaf Heart 筑後けやき通り店,カフェ,,cafe,tb,True
fukuoka/chikugo,11,ニュー赤坂焼肉店,焼肉、食堂、ちゃんぽん,,meat,tb,True
fukuoka/chikugo,12,ジャングルスープカレー,スープカレー、カレー,,curry,tb,True
fukuoka/chikugo,13,イタリアンダイニング アンプ,イタリアン、パスタ、ピザ,,european,tb,True
fukuoka/chikugo,14,日若屋,日本料理、ちゃんこ鍋,,japanese,tb,True
fukuoka/chikugo,15,UMORI,うなぎ、おにぎり,,seafood,tb,True
fukuoka/chikugo,16,宮古そば SAIGA 筑後店,沖縄そば,,noodles,tb,True
fukuoka/chikugo,17,WOODY,ヨーロッパ料理、カフェ、パン,,european,tb,True
fukuoka/chikugo,18,大龍一番 山ノ井店,ラーメン、餃子,,noodles,tb,True
fukuoka/chikugo,19,天風堂筑後本店,ラーメン,,noodles,tb,True
fukuoka/chikugo,20,大福うどん,うどん、そば,,noodles,tb,True
fukuoka/chikugo,21,てぬきうどん まるしん,うどん,,noodles,tb,True
fukuoka/chikugo,22,想夫恋  筑後赤坂店,焼きそば,,noodles,tb,True
fukuoka/chikugo,23,徳兵衛うどん 筑後店,うどん,,noodles,tb,True
fukuoka/chikugo,24,串の帝王 雁の巣,焼き鳥、居酒屋,,meat,tb,True
fukuoka/chikugo,25,中華麺達　旬風,担々麺、中華料理,,noodles,tb,True
fukuoka/chikugo,26,バーグマン,レストラン、ハンバーグ,,meat,tb,False
fukuoka/chikugo,27,セリオ,パン,,sweets,tb,True
fukuoka/chikugo,28,ハンバーグの店まつお,ステーキ、ハンバーグ,,meat,tb,True
fukuoka/chikugo,29,あずみ野 筑後店,うどん、そば,,noodles,tb,True
fukuoka/chikugo,30,牛花亭,ステーキ,,meat,tb,True
fukuoka/chikugo,31,プレシア 福岡アウトレット,ケーキ,,sweets,tb,True
fukuoka/chikugo,32,笑麺一慶,ラーメン,,noodles,tb,True
fukuoka/chikugo,33,よらん野,売店,,casual,tb,True
fukuoka/chikugo,34,ホテル樋口軒,ホテル,,other,none,False
fukuoka/chikugo,35,AROI,タイ料理,,chinese,tb,True
fukuoka/chikugo,36,王将寿司,寿司,,seafood,tb,True
fukuoka/chikugo,37,桃園,中華料理,,chinese,tb,True
fukuoka/chikugo,38,クラシック ベーカリー,パン,,sweets,tb,True
fukuoka/chikugo,39,陣弥地鶏お狩場焼,レストラン,,other,none,False
fukuoka/chikugo,40,ファームキッチン,うどん、弁当、カレー,,noodles,tb,True
fukuoka/chikugo,41,コトリ,日本料理、カフェ,,japanese,tb,True
fukuoka/chikugo,42,ながはま焼肉,焼肉,,meat,tb,True
fukuoka/chikugo,43,麦工房 ナナクラ,パン、ベーグル、ケーキ,,sweets,tb,True
fukuoka/chikugo,44,六白 筑後店,居酒屋、すき焼き、しゃぶしゃぶ,,izakaya,tb,True
fukuoka/chikugo,45,広島お好み焼き おこまる,お好み焼き,,casual,tb,True
fukuoka/chikugo,46,ちき亭,居酒屋,,izakaya,tb,True
fukuoka/chikugo,47,八重山料理とおでん りみか,沖縄料理、おでん、居酒屋,,japanese,tb,True
fukuoka/chikugo,48,CiAO DOLCEZZA,イタリアン、カフェ,,european,tb,True
fukuoka/chikugo,49,野歩ほん,創作料理、カフェ,,japanese,tb,True
fukuoka/chikugo,50,めん処 龍の群れ,ラーメン,,noodles,tb,True
fukuoka/chikugo,51,パンカフェ　ル・パン,パン、サンドイッチ,,sweets,tb,True
fukuoka/chikugo,52,くりの木,喫茶店,,cafe,tb,True
fukuoka/chikugo,53,キャバリアsハウス,カフェ,,cafe,tb,True
fukuoka/chikugo,54,ほてい堂深町パン店,パン,,sweets,tb,True
fukuoka/chikugo,55,ホテルアベニュー 筑後,ホテル,,other,none,False
fukuoka/chikugo,56,白龍軒,ラーメン,,noodles,tb,True
fukuoka/chikugo,57,拉麺 久留米 本田商店 筑後店,ラーメン,,noodles,tb,True
fukuoka/chikugo,58,菓子処 中村屋,和菓子,,sweets,tb,True
fukuoka/chikugo,59,ロワール,喫茶店,,cafe,tb,True
fukuoka/chikugo,60,お多福,レストラン、居酒屋,,izakaya,tb,False
fukuoka/chikugo,61,ロココクレープ,クレープ・ガレット,,sweets,tb,True
fukuoka/chikugo,62,唐揚げ専門 たか田商店 八女インター店,からあげ、弁当,,meat,tb,True
fukuoka/chikugo,63,たこ焼き リーゼンツ,たこ焼き,,casual,tb,True
fukuoka/chikugo,64,ベントハウス　筑後店,弁当、からあげ、ハンバーグ,,casual,tb,True
fukuoka/chikugo,65,5番館,喫茶店、ハンバーグ、パスタ,,cafe,tb,True
fukuoka/chikugo,66,庄屋 ゆめモール筑後店,日本料理,,japanese,tb,True
fukuoka/chikugo,67,ぎょ。,海鮮、居酒屋、しゃぶしゃぶ,,seafood,tb,True
fukuoka/chikugo,68,和処 ふじ村,日本料理,,japanese,tb,True
fukuoka/chikugo,69,パティスリー サロン・ド・テ・ミナミ,ケーキ、洋菓子,,sweets,tb,True
fukuoka/chikugo,70,ウエスト 筑後店,うどん,,noodles,tb,True
fukuoka/chikugo,71,丸亀製麺 筑後店,うどん,,noodles,tb,True
fukuoka/chikugo,72,久留米ラーメン なかむら亭,ラーメン,,noodles,tb,True
fukuoka/chikugo,73,川の駅船小屋 恋ぼたる 物産館,その他,,other,none,False
fukuoka/chikugo,74,すゑ,居酒屋、海鮮、パスタ,,izakaya,tb,True
fukuoka/chikugo,75,ひらた,串揚げ、居酒屋,,japanese,tb,True
fukuoka/chikugo,76,一凜,居酒屋、しゃぶしゃぶ、海鮮,,izakaya,tb,True
fukuoka/chikugo,77,アトリエ ショコラ,ケーキ,,sweets,tb,True
fukuoka/chikugo,78,花野,創作料理、居酒屋、日本料理,,japanese,tb,True
fukuoka/chikugo,79,揚げてんや花火,居酒屋、天ぷら,,izakaya,tb,True
fukuoka/chikugo,80,椎茸専門店 陽より子,食堂、日本料理,,casual,tb,True
fukuoka/chikugo,81,鵲珈琲,コーヒースタンド,,cafe,tb,True
fukuoka/chikugo,82,なにわハウスキッチンぴーす,コロッケ,,casual,tb,True
fukuoka/chikugo,83,ステーキハウス WINNERs 筑後店,ステーキ、ハンバーグ,,meat,tb,True
fukuoka/chikugo,84,ルイと海と、,居酒屋、立ち飲み、おでん,,izakaya,tb,True
fukuoka/chikugo,85,カフェバー アオ,カフェ、バー,,cafe,tb,True
fukuoka/chikugo,86,コメダ珈琲店 ゆめモール筑後店,喫茶店、カフェ,,cafe,tb,True
fukuoka/chikugo,87,川の駅船小屋 恋ぼたる 温泉館,食堂,,casual,tb,True
fukuoka/chikugo,88,山葵,居酒屋,,izakaya,tb,True
fukuoka/chikugo,89,八蔵 筑後店,居酒屋、焼き鳥、海鮮,,izakaya,tb,True
fukuoka/chikugo,90,squáre knòt,カフェ,,cafe,tb,True
fukuoka/chikugo,91,レストラン ほたる,日本料理、天ぷら,,japanese,tb,True
fukuoka/chikugo,92,四季彩ダイニング茶茶,居酒屋、日本料理、焼き鳥,,izakaya,tb,True
fukuoka/chikugo,93,ボンジュール カフェ シャンソン,カフェ、ビストロ、レストラン,,cafe,tb,True
fukuoka/chikugo,94,おかめ,居酒屋,,izakaya,tb,True
fukuoka/chikugo,95,なべや えさき,すき焼き、しゃぶしゃぶ,,meat,tb,True
fukuoka/chikugo,96,バジ カフェ,カフェ,,cafe,tb,True
fukuoka/chikugo,97,ファン'sテラス,カフェ,,cafe,tb,True
fukuoka/chikugo,98,マサラマスター,インドカレー,,curry,tb,True
fukuoka/chikugo,99,鶏ＳＨＯＷ,焼き鳥,,meat,tb,True
fukuoka/chikugo,100,あじさい,焼き鳥,,meat,tb,True
fukuoka/chikugo,101,喜望亭,レストラン,,other,none,False
fukuoka/chikugo,102,鳥好食肉店,その他,,other,none,False
fukuoka/chikugo,103,share cafe Only,カフェ,,cafe,tb,True
fukuoka/chikugo,104,イロハサンド,サンドイッチ,,sweets,tb,True
fukuoka/chikugo,105,gelateria ALBA,ジェラート・アイスクリーム,,sweets,tb,True
fukuoka/chikugo,106,スシロー ゆめモール筑後店,回転寿司,,seafood,tb,True
fukuoka/chikugo,107,やよい軒 筑後店,食堂,,casual,tb,True
fukuoka/chikugo,108,STARBUCKS COFFEE 筑後店,カフェ,,cafe,tb,True
fukuoka/chikugo,109,東京庵,ラーメン、ちゃんぽん,,noodles,tb,True
fukuoka/chikugo,110,すし大臣 八女インター店,回転寿司、寿司,,seafood,tb,True
fukuoka/chikugo,111,大将軍,焼肉,,meat,tb,True
fukuoka/chikugo,112,ぶどう畑のケーキ屋さん,ケーキ,,sweets,tb,True
fukuoka/chikugo,113,corro,バル、ヨーロッパ料理、ピザ,,european,tb,True
fukuoka/chikugo,114,and喫茶,喫茶店、カフェ、カレー,,cafe,tb,True
fukuoka/chikugo,115,船小屋,洋菓子、和菓子,,sweets,tb,True
fukuoka/chikugo,116,キッチン マルシェ,洋食,,european,tb,True
fukuoka/chikugo,117,陣太鼓,居酒屋,,izakaya,tb,True
fukuoka/chikugo,118,蛸侍,たこ焼き,,casual,tb,True
fukuoka/chikugo,119,小料理 はる吉,日本料理,,japanese,tb,True
fukuoka/chikugo,120,房飲房食 にぎやか 筑後店,居酒屋、海鮮、鉄板焼き,,izakaya,tb,True
fukuoka/chikugo,121,焼鳥成,焼き鳥,,meat,tb,True
fukuoka/chikugo,122,韓国料理 ONMA,韓国料理,,chinese,tb,True
fukuoka/chikugo,123,グムデジ,韓国料理、冷麺、焼肉,,chinese,tb,True
fukuoka/chikugo,124,つじやま筑後 筑後店,居酒屋、焼き鳥,,izakaya,tb,True
fukuoka/chikugo,125,ブックアンドカフェ ハイヌヅカ テーブル,カフェ、洋菓子,,cafe,tb,True
fukuoka/chikugo,126,創菜厨房 千枡,居酒屋,,izakaya,tb,True
fukuoka/chikugo,127,あおい寿司 長浜店,寿司,,seafood,tb,True
fukuoka/chikugo,128,もつ家 力,もつ鍋、居酒屋、ホルモン,,meat,tb,True
fukuoka/chikugo,129,居酒屋　ひまわり,居酒屋,,izakaya,tb,True
fukuoka/chikugo,130,鳥よし サニーちくご店,からあげ、日本料理,,meat,tb,True
fukuoka/chikugo,131,ひょっとこ 筑後店,居酒屋,,izakaya,tb,True
fukuoka/chikugo,132,焼鳥 成兵衛,焼き鳥、居酒屋,,meat,tb,True
fukuoka/chikugo,133,江口菓舗,ケーキ、和菓子,,sweets,tb,True
fukuoka/chikugo,134,ダイニングたなか,居酒屋、日本料理,,izakaya,tb,True
fukuoka/chikugo,135,和食 居酒屋 こわっぱ,居酒屋,,izakaya,tb,True
fukuoka/chikugo,136,ひょうたん酒蔵,居酒屋、レストラン,,izakaya,tb,True
fukuoka/chikugo,137,CoCo壱番屋 筑後山ノ井店,カレー,,curry,tb,True
fukuoka/chikugo,138,弥吉精肉店,その他,,other,none,False
fukuoka/chikugo,139,森のこかげ健やかハウス,カフェ,,cafe,tb,True
fukuoka/chikugo,140,麺処あさひや,ラーメン,,noodles,tb,True
fukuoka/chikugo,141,漁菜,日本料理,,japanese,tb,True
fukuoka/chikugo,142,中華メルキ〜,担々麺,,noodles,tb,True
fukuoka/chikugo,143,焼肉 飛翔,焼肉,,meat,tb,True
fukuoka/chikugo,144,べんじろう 筑後店,ラーメン,,noodles,tb,True
fukuoka/chikugo,145,Olu Bagel,ベーグル,,sweets,tb,True
fukuoka/chikugo,146,居酒屋助六,居酒屋,,izakaya,tb,True
fukuoka/chikugo,147,恋Cafe 恋するパンケーキ,パンケーキ、カフェ,,cafe,tb,False
fukuoka/chikugo,148,味彩,焼き鳥,,meat,tb,True
fukuoka/chikugo,149,のんびりパン屋,パン,,sweets,tb,True
fukuoka/chikugo,150,九州大谷短期大学食堂,学生食堂,,other,none,False
fukuoka/chikugo,151,BELIEVIT,ステーキ、ハンバーグ、パスタ,,meat,tb,True
fukuoka/chikugo,152,うら家,居酒屋,,izakaya,tb,True
fukuoka/chikugo,153,焼肉 あんどん,焼肉,,meat,tb,True
fukuoka/chikugo,154,ハイボールセンター筑後,居酒屋,,izakaya,tb,True
fukuoka/chikugo,155,居酒屋 雅,居酒屋,,izakaya,tb,True
fukuoka/chikugo,156,すき家 209号筑後店,牛丼,,casual,tb,True
fukuoka/chikugo,157,ジョイフル 筑後店,ファミレス,,casual,tb,True
fukuoka/chikugo,158,マクドナルド 筑後店,ハンバーガー,,casual,tb,True
fukuoka/chikugo,159,ジョイフル 筑後西牟田店,ファミレス,,casual,tb,True
fukuoka/chikugo,160,モスバーガー 筑後店,ハンバーガー,,casual,tb,True
fukuoka/chikugo,161,無添くら寿司 八女インター店,回転寿司,,seafood,tb,True
fukuoka/chikugo,162,焼肉きんぐ 八女インター店,焼肉,,meat,tb,True
fukuoka/chikugo,163,松屋 筑後店,牛丼,,casual,tb,True
fukuoka/chikugo,164,焼肉弥吉,焼肉,,meat,tb,True
fukuoka/chikugo,165,ベーカリー ゆめのパンやさん,パン,,sweets,tb,True
fukuoka/chikugo,166,串焼楽酒 ばさら,居酒屋、焼き鳥、鉄板焼き,,izakaya,tb,True
fukuoka/chikugo,167,ピザハット 筑後前津店,ピザ,,european,tb,True
fukuoka/chikugo,168,菓子工房リヨン,ケーキ,,sweets,tb,True
fukuoka/chikugo,169,ワインバー プルミエ,ワインバー、洋食、ビストロ,,izakaya,tb,True
fukuoka/chikugo,170,創作料理 富む,天ぷら、居酒屋,,japanese,tb,True
fukuoka/chikugo,171,アトリエスカイ,カフェ、その他,,cafe,tb,True
fukuoka/chikugo,172,きゅうぴっと,喫茶店,,cafe,tb,True
fukuoka/chikugo,173,串かつ 十三,串揚げ、居酒屋,,japanese,tb,True
fukuoka/chikugo,174,パティスリークラシック,ケーキ,,sweets,tb,True
fukuoka/chikugo,175,大八堂 筑後店,たこ焼き、お好み焼き、ソフトクリーム,,casual,tb,True
fukuoka/chikugo,176,手づくりパン工房パオパオ,パン,,sweets,tb,True
fukuoka/chikugo,177,博多からあげ 暖 船小屋店,からあげ、弁当,,meat,tb,True
fukuoka/chikugo,178,ステラートカフェ,ピザ、パスタ、イタリアン,,european,tb,True
fukuoka/chikugo,179,たなから牡丹もち,和菓子,,sweets,tb,True
fukuoka/chikugo,180,イカス食堂,喫茶店、食堂,,cafe,tb,True
fukuoka/chikugo,181,本氣のからあげ 筑後店,からあげ,,meat,tb,True
fukuoka/chikugo,182,シフォンケーキ専門店 boda,ケーキ、洋菓子,,sweets,tb,True
fukuoka/chikugo,183,ダイニング full,弁当,,casual,tb,True
fukuoka/chikugo,184,シャトレーゼ 筑後けやき通り店,ケーキ,,sweets,tb,True
fukuoka/chikugo,185,アモレッテ,喫茶店,,cafe,tb,True
fukuoka/chikugo,186,ほっともっと 羽犬塚店,弁当,,casual,tb,True
fukuoka/chikugo,187,炭火焼鳥ダイニング きらく,居酒屋、焼き鳥,,izakaya,tb,True
fukuoka/chikugo,188,旨い肴と酒　辰丸,居酒屋,,izakaya,tb,True
fukuoka/chikugo,189,Little Morrow 筑後店,カフェ,,cafe,tb,True
fukuoka/chikugo,190,セブンイレブン 筑後船小屋店,コンビニ・スーパー,,daily,tb,True
fukuoka/chikugo,191,もち吉 筑後店,和菓子,,sweets,tb,True
fukuoka/chikugo,192,酒房ふかまち,居酒屋、肉料理,,izakaya,tb,True
fukuoka/chikugo,193,ダイニングバー フィズ,ダイニングバー,,izakaya,tb,True
fukuoka/chikugo,194,アビーロード,ビアホール,,other,none,False
fukuoka/chikugo,195,末広,うなぎ,,seafood,tb,True
fukuoka/chikugo,196,ミート,喫茶店,,cafe,tb,True
fukuoka/chikugo,197,KEE THREE,カフェ、バー,,cafe,tb,True
fukuoka/chikugo,198,セブンイレブン 筑後前津店,コンビニ・スーパー,,daily,tb,True
fukuoka/chikugo,199,ラ・ムー 西牟田店,コンビニ・スーパー,,daily,tb,True
fukuoka/chikugo,200,新鮮市場 サカイ筑後店,その他,,other,none,False
fukuoka/chikugo,201,とり屋 筑後店,焼き鳥,,meat,tb,True
fukuoka/chikugo,202,レストラン 蔵,日本料理,,japanese,tb,True
fukuoka/chikugo,203,健勝堂,和菓子,,sweets,tb,True
fukuoka/chikugo,204,ビジネスホテル明治館,ホテル,,other,none,False
fukuoka/chikugo,205,おうち食堂,食堂,,casual,tb,True
fukuoka/chikugo,206,大衆居酒屋 海柳,居酒屋,,izakaya,tb,True
fukuoka/chikugo,207,千石,食堂,,casual,tb,True
fukuoka/chikugo,208,企画室,居酒屋,,izakaya,tb,True
fukuoka/chikugo,209,ほっともっと 筑後野町店,弁当,,casual,tb,True
fukuoka/chikugo,210,ひよ子本舗 吉野堂  サンリブ筑後店,和菓子,,sweets,tb,True
fukuoka/chikugo,211,ぎょうざ工房鶴家,餃子,,chinese,tb,True
fukuoka/chikugo,212,鉄なべ,餃子,,chinese,tb,True
fukuoka/chikugo,213,ごりさんふーどまーけっと,その他,,other,none,False
fukuoka/chikugo,214,cafe poppo,カフェ,,cafe,tb,True
fukuoka/chikugo,215,城崎農園,その他,,other,none,False
fukuoka/chikugo,216,酒場 きっすい,居酒屋,,izakaya,tb,True
fukuoka/chikugo,217,からあげののまぐち,鳥料理,,other,none,False
fukuoka/chikugo,218,杉山焼肉店,焼肉,,meat,tb,True
fukuoka/chikugo,219,赤坂飴本舗,和菓子,,sweets,tb,True
fukuoka/chikugo,220,居酒屋おしどり,焼き鳥,,meat,tb,True
fukuoka/chikugo,221,セブンイレブン 筑後山ノ井店,コンビニ・スーパー,,daily,tb,True
fukuoka/chikugo,222,Cafe&bar.61,ダイニングバー,,izakaya,tb,True
fukuoka/chikugo,223,いのくち,レストラン,,other,none,False
fukuoka/chikugo,224,隆勝堂 ゆめモール筑後店,和菓子、洋菓子,,sweets,tb,True
fukuoka/chikugo,225,炭火焼dining SHUN,居酒屋,,izakaya,tb,True
fukuoka/chikugo,226,旬彩処　らく,居酒屋,,izakaya,tb,True
fukuoka/chikugo,227,カフェ プレ,カフェ,,cafe,tb,True
fukuoka/chikugo,228,沖津屋,居酒屋,,izakaya,tb,True
fukuoka/chikugo,229,BINGO,ピザ,,european,tb,True
fukuoka/chikugo,230,シャ・ラ・ラ,焼き鳥,,meat,tb,True
fukuoka/chikugo,231,すなっく縁 ゆかり,パブ,,izakaya,tb,True
fukuoka/chikugo,232,味楽亭安,日本料理,,japanese,tb,True
fukuoka/chikugo,233,居酒屋 夜桜,居酒屋、焼き鳥、串焼き,,izakaya,tb,True
fukuoka/chikugo,234,いちよし,カレー,,curry,tb,True
fukuoka/chikugo,235,お多福パートⅡ,居酒屋,,izakaya,tb,True
fukuoka/chikugo,236,弁当のらんぷ,弁当,,casual,tb,True
fukuoka/chikugo,237,鵲ノ宿,レストラン,,other,none,False
fukuoka/chikugo,238,旅路居酒屋,居酒屋,,izakaya,tb,True
fukuoka/chikugo,239,Mahalo,バー、ワインバー,,izakaya,tb,True
fukuoka/chikugo,240,ゆる薬膳キッチンmokumoku,カフェ,,cafe,tb,True
fukuoka/chikugo,241,小さな幸せお菓子 yucco,洋菓子,,sweets,tb,True
fukuoka/chikugo,242,大寿し,寿司,,seafood,tb,True
fukuoka/chikugo,243,LAWSON 筑後下北島店,コンビニ・スーパー,,daily,tb,True
fukuoka/chikugo,244,からあげ 本田屋,からあげ,,meat,tb,True
fukuoka/chikugo,245,ほっともっと 筑後赤坂店,弁当,,casual,tb,True
fukuoka/chikugo,246,とり福,からあげ、ホルモン,,meat,tb,True
fukuoka/chikugo,247,千代,食堂,,casual,tb,True
fukuoka/chikugo,248,ほっともっと 筑後長浜店,弁当,,casual,tb,True
fukuoka/chikugo,249,寿し割烹富士寿し,寿司,,seafood,tb,True
fukuoka/chikugo,250,豊楽,焼き鳥,,meat,tb,True
fukuoka/chikugo,251,鈴輪,居酒屋,,izakaya,tb,True
fukuoka/chikugo,252,Cafe&Gallery 游,カフェ,,cafe,tb,True
fukuoka/chikugo,253,AZcafe Shidaka 福岡筑後店,レストラン,,other,none,False
fukuoka/chikugo,254,Arte Ciao,,,seafood,desc,False
fukuoka/chikugo,255,Jungle Soup Curry,,Seafood;Soups;Medicinal foods,seafood,ta,True
fukuoka/chikugo,256,Mannenya,,Japanese;International;Japanese - Other ,japanese,ta,True
fukuoka/chikugo,257,Hiwakaya,,International,other,none,False
fukuoka/chikugo,258,Memboteuchi An Chikugo,,,other,none,False
fukuoka/chikugo,259,Italian Dining Amp,,Italian,european,ta,True
fukuoka/chikugo,260,Dairyu Ichiban Chikugo,,,other,none,False
fukuoka/chikugo,261,Hanajizo,,Japanese,japanese,ta,True
fukuoka/chikugo,262,Shun Dining Sue,,Japanese;Izakaya (Japanese Style Tavern),izakaya,ta,True
fukuoka/chikugo,263,Chinese Food Chuka Mentatsu Shumpu,,Chinese,chinese,ta,True
fukuoka/chikugo,264,Nakamura Manju,,,other,none,False
fukuoka/chikugo,265,Dairyu Ichiban Hainudzuka,,Asian,chinese,ta,True
fukuoka/chikugo,266,Kaito Nakagawa,,Sushi,seafood,ta,True
fukuoka/chikugo,267,West Chikugo,,Japanese;Japanese - Other ,japanese,ta,True
fukuoka/chikugo,268,Sapporo Ramen Dosanko,,,other,none,False
fukuoka/chikugo,269,Ichigin,,,other,none,False
fukuoka/chikugo,270,New Akasaka Yakinikuten,,Barbecue,meat,ta,True
fukuoka/chikugo,271,Shin Chinese Restaurant,,Taiwanese,other,none,False
fukuoka/chikugo,272,Curry House CoCo Ichibanya Chikugo Yama no I,,,other,none,False
fukuoka/chikugo,273,Isarina,,Japanese;Japanese - Other ,japanese,ta,True
fukuoka/chikugo,274,Tempudo Chikugo Main Store,,,other,none,False
fukuoka/chikugo,275,Shokuraku Ryoshimura Chikugo,,Japanese;Izakaya (Japanese Style Tavern),izakaya,ta,True
fukuoka/chikugo,276,Hyotan Sakagura,,Japanese;Izakaya (Japanese Style Tavern),izakaya,ta,True
fukuoka/chikugo,277,Joyfull Chikugo Nishimuta,,International,other,none,False
fukuoka/chikugo,278,Kogane So,,Japanese;Japanese - Traditional Cuisine,japanese,ta,True
fukuoka/chikugo,279,Le Ciel,,International,other,none,False
fukuoka/chikugo,280,Ringer Hut Fukuoka Chikugo,,,other,none,False
fukuoka/chikugo,281,Sagaken Champon Chikugo,,,other,none,False
fukuoka/chikugo,282,Hisago Hainuzuka,,Japanese;International;Japanese - Other ,japanese,ta,True
fukuoka/chikugo,283,Tempura Maki Chikugo,,,other,none,False
fukuoka/chikugo,284,Creative Izakaya en,,Japanese,japanese,ta,True
fukuoka/chikugo,285,Boin Boshoku Nigiyaka,,Japanese,japanese,ta,True
fukuoka/chikugo,286,Aoizushi Nagahama,,Japanese;Seafood;Sushi;Japanese - Other ,seafood,ta,True
fukuoka/chikugo,287,Taishougun,,Japanese,japanese,ta,True
fukuoka/chikugo,288,Muten Kurazushi Yame Inter,,Sushi,seafood,ta,True
fukuoka/chikugo,289,Ichigoichie,,Japanese;Japanese - Other ,japanese,ta,True
fukuoka/chikugo,290,Sushi Kappo Fujisushi,,Japanese;Sushi;Kappo,seafood,ta,True
fukuoka/chikugo,291,Marushin Udon,,Japanese;Japanese - Other ,japanese,ta,True
fukuoka/chikugo,292,Horaku,,Japanese;Japanese - Other ,japanese,ta,True
fukuoka/chikugo,293,Garage Cafe Deamon,,Cafe,cafe,ta,True
fukuoka/chikugo,294,Tokyoan,,,other,none,False
fukuoka/chikugo,295,Ondori,,Japanese;Izakaya (Japanese Style Tavern),izakaya,ta,True
fukuoka/chikugo,296,Menkuitei,,Asian,chinese,ta,True
fukuoka/chikugo,297,Benten Kozo,,Japanese;Seafood;Grill;Izakaya (Japanese Style Tavern),seafood,ta,True
fukuoka/chikugo,298,Kimboshi,,Japanese;Japanese - Other ,japanese,ta,True
fukuoka/chikugo,299,Sea Jack Yamanoi,,Japanese;Seafood;Sushi,seafood,ta,True
fukuoka/chikugo,300,Jaffy Cafe,,Cafe,cafe,ta,True
fukuoka/chikugo,301,Aoi Zushi,,Japanese;Seafood;Sushi;Japanese - Other ,seafood,ta,True
fukuoka/chikugo,302,Ozushi,,Japanese;Seafood;Sushi;Japanese - Other ,seafood,ta,True
fukuoka/chikugo,303,Shuya,,Japanese;Japanese - Other ,japanese,ta,True
fukuoka/chikugo,304,Nakayama,,Healthy,other,none,False
fukuoka/chikugo,305,Gion Daiko Main Store,,Japanese;Japanese - Other ,japanese,ta,True
fukuoka/chikugo,306,Bk,,Steakhouse;Fusion,meat,ta,True
fukuoka/chikugo,307,Donguri,,Japanese;Japanese - Other ,japanese,ta,True
fukuoka/chikugo,308,Iron Plate Dining Plum Home,,,other,none,False
fukuoka/chikugo,309,Gyoza Kobotsuruya,,Asian,chinese,ta,True
fukuoka/chikugo,310,Sha la la,,,other,none,False
fukuoka/chikugo,311,Cavaliers House,,,seafood,desc,False
fukuoka/chikugo,312,Chokkura,,Izakaya (Japanese Style Tavern),izakaya,ta,True
fukuoka/chikugo,313,Dohyo Kobo,,,other,none,False
fukuoka/chikugo,314,Nariya,,Japanese;Izakaya (Japanese Style Tavern),izakaya,ta,True
fukuoka/chikugo,315,Fools,,Japanese;Izakaya (Japanese Style Tavern),izakaya,ta,True
fukuoka/chikugo,316,Ishimura Chikugo,,,other,none,False
fukuoka/chikugo,317,Kazubei,,Japanese;Izakaya (Japanese Style Tavern),izakaya,ta,True
fukuoka/chikugo,318,After,,Cafe,cafe,ta,True
fukuoka/chikugo,319,Hidamari,,International,other,none,False
fukuoka/chikugo,320,Ebisuya,,Japanese;International,japanese,ta,True
fukuoka/chikugo,321,Kambikan,,Barbecue;Asian;Korean,meat,ta,True
fukuoka/chikugo,322,Capri Cafe,,Cafe,cafe,ta,True
fukuoka/chikugo,323,Koryori Sazanami,,Japanese;Japanese - Other ,japanese,ta,True
fukuoka/chikugo,324,Maru Chan,,Japanese,japanese,ta,True
fukuoka/chikugo,325,Four Seasons Milan Chikugo,,Indian,curry,ta,True
fukuoka/chikugo,326,Kakurenbo,,Japanese,japanese,ta,True
fukuoka/chikugo,327,Kurombo Chikugo,,Japanese,japanese,ta,True
fukuoka/chikugo,328,Cafe de Eiri,,Cafe,cafe,ta,True
fukuoka/chikugo,329,Mirakutei Yasu,,Japanese;Japanese - Other ,japanese,ta,True
fukuoka/chikugo,330,Dining Bar Cafe Roa,,Pub;Gastropub;Dining bars,izakaya,ta,True
fukuoka/chikugo,331,Kadoya,,Japanese;Kaiseki,japanese,ta,True
fukuoka/chikugo,332,Dining Bar Fizz,,Pub;Gastropub,izakaya,ta,True
fukuoka/chikugo,333,Sanoka,,Japanese,japanese,ta,True
fukuoka/chikugo,334,Tamatsubaki,,Japanese,japanese,ta,True
fukuoka/chikugo,335,Tsubohachi Hainuzuka,,Japanese,japanese,ta,True
fukuoka/chikugo,336,Kakuuchi No Teio Gannosu,,Bar;Pub,izakaya,ta,True
fukuoka/chikugo,337,Atelier Sky,,,other,none,False
fukuoka/chikugo,338,Abound,,,other,none,False
fukuoka/chikugo,339,Le Pan,,,other,none,False
fukuoka/chikugo,340,Awajishima Curry Popeye Chikugo,,,other,none,False
fukuoka/chikugo,341,Ebisu,,,other,none,False
fukuoka/chikugo,342,Not Chicken,,,other,none,False
fukuoka/chikugo,343,Raion,,,other,none,False
fukuoka/chikugo,344,Rinrin,,,other,none,False
fukuoka/chikujo,1,満福ラーメン,ラーメン、餃子,,noodles,tb,True
fukuoka/chikujo,2,城井ふる里村,ケーキ、ジェラート・アイスクリーム、日本料理,,sweets,tb,True
fukuoka/chikujo,3,お食事処 龍馬,ラーメン、ちゃんぽん、丼,,noodles,tb,True
fukuoka/chikujo,4,周防灘カントリークラブレストラン,レストラン,,other,none,False
fukuoka/chikujo,5,メタセの杜,その他,,other,none,False
fukuoka/chikujo,6,インド料理 ククリ,インドカレー、インド料理,,curry,tb,True
fukuoka/chikujo,7,茂庵,そば,,noodles,tb,True
fukuoka/chikujo,8,まる恵,食堂、カレー,,casual,tb,True
fukuoka/chikujo,9,Anne,たい焼き・大判焼き,,sweets,tb,True
fukuoka/chikujo,10,城井ふる里村バーベキュー,バーベキュー,,other,none,False
fukuoka/chikujo,11,Baker Frog,パン,,sweets,tb,True
fukuoka/chikujo,12,キクヤスカフェ,カフェ,,cafe,tb,True
fukuoka/chikujo,13,お好み焼き まるくる,お好み焼き、焼きそば、居酒屋,,casual,tb,True
fukuoka/chikujo,14,Book cafe 3rd Labo,カフェ、コーヒースタンド,,cafe,tb,True
fukuoka/chikujo,15,結いの石窯パン工房,パン、洋食,,sweets,tb,True
fukuoka/chikujo,16,ウエスト 椎田店,麺類,,noodles,tb,True
fukuoka/chikujo,17,奈良漬さろん 安部,その他,,other,none,False
fukuoka/chikujo,18,カフェハウスアズ,カフェ,,cafe,tb,True
fukuoka/chikujo,19,春乃勝,日本料理,,japanese,tb,True
fukuoka/chikujo,20,やけっ八,焼き鳥,,meat,tb,True
fukuoka/chikujo,21,一味,弁当,,casual,tb,True
fukuoka/chikujo,22,万嵯九,居酒屋,,izakaya,tb,True
fukuoka/chikujo,23,松屋,パン、ベーグル,,sweets,tb,True
fukuoka/chikujo,24,グリーンベレー,お好み焼き,,casual,tb,True
fukuoka/chikujo,25,紀文,日本料理、ふぐ、鍋,,japanese,tb,True
fukuoka/chikujo,26,亜土リブ,喫茶店,,cafe,tb,True
fukuoka/chikujo,27,旬菜房あぐり,食堂、丼、おにぎり,,casual,tb,True
fukuoka/chikujo,28,リストランテ ダニエレ,洋食,,european,tb,True
fukuoka/chikujo,29,ジョイフル 椎田店,ファミレス,,casual,tb,True
fukuoka/chikujo,30,ニュー開城園,焼肉,,meat,tb,True
fukuoka/chikujo,31,むすんでひらいて ルミエール椎田店,弁当、惣菜・デリ,,casual,tb,True
fukuoka/chikujo,32,清華園,中華料理,,chinese,tb,True
fukuoka/chikujo,33,お好み焼みっちやん,お好み焼き,,casual,tb,True
fukuoka/chikujo,34,御菓子司 鹿の子,和菓子,,sweets,tb,True
fukuoka/chikujo,35,nogroove,カフェ,,cafe,tb,True
fukuoka/chikujo,36,中津からあげ からいち 築城駅前店,からあげ,,meat,tb,True
fukuoka/chikujo,37,本庄のパン屋さん じゅあん,パン,,sweets,tb,True
fukuoka/chikujo,38,工房よしかわ,カフェ、パンケーキ、ケーキ,,cafe,tb,True
fukuoka/chikujo,39,うどん雅,うどん、カレー,,noodles,tb,True
fukuoka/chikujo,40,蔓松亭,日本料理,,japanese,tb,True
fukuoka/chikujo,41,カフェレストラン凪 桜II番館,食堂、サンドイッチ、カフェ,,casual,tb,True
fukuoka/chikujo,42,エースいちご,その他,,other,none,False
fukuoka/chikujo,43,深川寿し,寿司,,seafood,tb,True
fukuoka/chikujo,44,食堂 和,食堂,,casual,tb,True
fukuoka/chikujo,45,"""しの田""""""",居酒屋,,izakaya,tb,True
fukuoka/chikujo,46,以蔵の小僧,鳥料理,,other,none,False
fukuoka/chikujo,47,焼き鳥ごっつぁん,焼き鳥,,meat,tb,True
fukuoka/chikujo,48,からあげ 鳳翔,からあげ,,meat,tb,True
fukuoka/chikujo,49,京築恵みの郷 ちくじょう店,道の駅,,other,none,False
fukuoka/chikujo,50,ホルモン 焼肉 肉尊,焼肉,,meat,tb,True
fukuoka/chikujo,51,meli-melo 花夢,居酒屋,,izakaya,tb,True
fukuoka/chikujo,52,旧蔵内邸深翠居,日本料理,,japanese,tb,True
fukuoka/chikujo,53,ジェリコ,日本料理,,japanese,tb,True
fukuoka/chikujo,54,マコチキッチン,カフェ,,cafe,tb,True
fukuoka/chikujo,55,焼肉和楽,焼肉,,meat,tb,True
fukuoka/chikujo,56,小袖,日本料理,,japanese,tb,True
fukuoka/chikujo,57,こまどり,レストラン,,other,none,False
fukuoka/chikujo,58,GOLFBAR WANARE,レストラン、弁当、ケーキ,,casual,tb,False
fukuoka/chikujo,59,AZcafe Shidaka 福岡築上店,レストラン,,other,none,False
fukuoka/chikujo,60,ダイニング セアリ,ダイニングバー,,izakaya,tb,True
fukuoka/chikujo,61,凜,創作料理,,japanese,tb,True
fukuoka/chikujo,62,杉の子,日本料理,,japanese,tb,True
fukuoka/chikujo,63,New Kaijoen,,Japanese,japanese,ta,True
fukuoka/chikujo,64,Mampuku Ramen,,,other,none,False
fukuoka/chikujo,65,Ryoma,,,other,none,False
fukuoka/chikujo,66,Cafehouse As,,Cafe,cafe,ta,True
fukuoka/chikujo,67,West Shiida,,,other,none,False
fukuoka/chikujo,68,Joyfull,,International,other,none,False
fukuoka/chikujo,69,Anchan,,Japanese,japanese,ta,True
fukuoka/chikujo,70,Karaoke Lounge Last Chance,,International,other,none,False
fukuoka/chikujo,71,Green Berets,,Japanese,japanese,ta,True
fukuoka/chikujo,72,Stardust,,French,european,ta,True
fukuoka/chikujo,73,Hamamiya Dininig Room,,Japanese,japanese,ta,True
fukuoka/chikujo,74,Asahi Bento,,Japanese,japanese,ta,True
fukuoka/chikujo,75,Mitsui,,Japanese,japanese,ta,True
fukuoka/chikujo,76,Field of Tooth,,Japanese;Japanese - Other ,japanese,ta,True
fukuoka/chikujo,77,Jericho,,Japanese;Japanese - Traditional Cuisine,japanese,ta,True
fukuoka/chikujo,78,Jumbo Shiida,,Japanese,japanese,ta,True
fukuoka/chikujo,79,New Sakura,,Pub,izakaya,ta,True
fukuoka/chikujo,80,Kariyushi,,Japanese;Izakaya (Japanese Style Tavern),izakaya,ta,True
fukuoka/chikujo,81,Izakaya Chochin Mura,,Japanese;Izakaya (Japanese Style Tavern),izakaya,ta,True
fukuoka/chikujo,82,Okame,,Japanese;Izakaya (Japanese Style Tavern),izakaya,ta,True
fukuoka/chikujo,83,Snack New Wing,,,other,none,False
fukuoka/chikujo,84,Marukei,,,other,none,False
fukuoka/chikujo,85,Hasu,,Japanese,japanese,ta,True
fukuoka/chikushino,1,よか鶏 筑紫野二日市店,居酒屋、海鮮、焼き鳥,,izakaya,tb,True
fukuoka/chikushino,2,鉄板と鶏焼肉 翠 KAWASEMI,居酒屋、鉄板焼き、焼肉,,izakaya,tb,True
fukuoka/chikushino,3,焼鳥 しょうじん 二日市店,焼き鳥、居酒屋,,meat,tb,True
fukuoka/chikushino,4,や台ずし 西鉄二日市駅前町,居酒屋、寿司、海鮮,,izakaya,tb,True
fukuoka/chikushino,5,焼肉龍王館 二日市店,焼肉、韓国料理、居酒屋,,meat,tb,True
fukuoka/chikushino,6,韓国居酒屋 イニョン,韓国料理、居酒屋、焼肉,,chinese,tb,True
fukuoka/chikushino,7,丸秀鮮魚店 二日市店,居酒屋、海鮮、串焼き,,izakaya,tb,True
fukuoka/chikushino,8,焼肉タンとハラミ まっちゃん 二日市店,焼肉、ホルモン,,meat,tb,True
fukuoka/chikushino,9,ル・ドゥ・マルシェ,フレンチ、居酒屋、ワインバー,,european,tb,True
fukuoka/chikushino,10,個室居酒屋 バリチカ 製作所,居酒屋、焼き鳥、海鮮,,izakaya,tb,True
fukuoka/chikushino,11,創作dining 壱知,居酒屋、創作料理,,izakaya,tb,True
fukuoka/chikushino,12,琉球ダイニング ACE,沖縄料理、居酒屋、しゃぶしゃぶ,,japanese,tb,True
fukuoka/chikushino,13,ディンプル,インドカレー,,curry,tb,True
fukuoka/chikushino,14,小さな韓国 あぷろ 二日市店,韓国料理、居酒屋、ホルモン,,chinese,tb,True
fukuoka/chikushino,15,鉄板焼 舞,鉄板焼き、ステーキ、日本料理,,meat,tb,True
fukuoka/chikushino,16,二日市 つね沢,居酒屋、海鮮、郷土料理,,izakaya,tb,True
fukuoka/chikushino,17,キッチンSHU LaBo,ステーキ、居酒屋,,meat,tb,True
fukuoka/chikushino,18,ムッシュさかい 筑紫野店,ステーキ、ハンバーグ、洋食,,meat,tb,True
fukuoka/chikushino,19,OTONARIバル 悠助,居酒屋、肉料理、焼酎バー,,izakaya,tb,True
fukuoka/chikushino,20,福岡焼き鳥 鮮笑 筑紫野店,焼き鳥、鳥料理、居酒屋,,meat,tb,True
fukuoka/chikushino,21,元祖トマトラーメン 三味 ゆめタウン筑紫野店,ラーメン,,noodles,tb,True
fukuoka/chikushino,22,大名やぶれかぶれ 二日市店,居酒屋、海鮮、食堂,,izakaya,tb,True
fukuoka/chikushino,23,木鶏,居酒屋、海鮮、もつ鍋,,izakaya,tb,True
fukuoka/chikushino,24,月のささやき,居酒屋、創作料理、焼き鳥,,izakaya,tb,True
fukuoka/chikushino,25,藁焼と鍋　結,居酒屋、鍋、海鮮,,izakaya,tb,True
fukuoka/chikushino,26,Klabo Sweets & Delica,東南アジア料理、カフェ、洋菓子,,chinese,tb,True
fukuoka/chikushino,27,焼鳥 鷄囲夢,居酒屋、焼き鳥、もつ鍋,,izakaya,tb,True
fukuoka/chikushino,28,菓子処　天本家,和菓子,,sweets,tb,True
fukuoka/chikushino,29,鳥貴族 西鉄二日市店,焼き鳥、居酒屋、鳥料理,,meat,tb,True
fukuoka/chikushino,30,筑紫野温泉 アマンディ,その他,,other,none,False
fukuoka/chikushino,31,スナック メール,バー,,izakaya,tb,True
fukuoka/chikushino,32,百年ラーメン,ラーメン,,noodles,tb,True
fukuoka/chikushino,33,MOA cafe 東京インテリア家具 筑紫野店,カフェ,,cafe,tb,True
fukuoka/chikushino,34,山下鹿造商店 イオンモール筑紫野店,その他,,other,none,False
fukuoka/chikushino,35,アラスカ,パスタ、ピザ、ステーキ,,european,tb,True
fukuoka/chikushino,36,古民家cafe 華蔵,カフェ,,cafe,tb,True
fukuoka/chikushino,37,たぬ久 筑紫野店,もつ鍋、居酒屋、日本料理,,meat,tb,True
fukuoka/chikushino,38,博多だるま ５号線,ラーメン,,noodles,tb,True
fukuoka/chikushino,39,天然温泉 博多湯,その他,,other,none,False
fukuoka/chikushino,40,ファミリーマート 筑紫野桜台店,コンビニ・スーパー,,daily,tb,True
fukuoka/chikushino,41,時計台,喫茶店,,cafe,tb,True
fukuoka/chikushino,42,フォーシーズン 筑紫野店,インドカレー、ネパール料理、インド料理,,curry,tb,True
fukuoka/chikushino,43,しゃぶしゃぶ美山 筑紫野店,しゃぶしゃぶ,,meat,tb,True
fukuoka/chikushino,44,イエノミ ナニワ 301,居酒屋、バー,,izakaya,tb,True
fukuoka/chikushino,45,まんぷく酒場 たまねぎ,居酒屋,,izakaya,tb,True
fukuoka/chikushino,46,王子カレー 筑紫野店,インドカレー,,curry,tb,True
fukuoka/chikushino,47,やきとり炭家,居酒屋、焼き鳥,,izakaya,tb,True
fukuoka/chikushino,48,シャトレーゼ 筑紫野原田店,ケーキ、パン、和菓子,,sweets,tb,True
fukuoka/chikushino,49,左衛門 ゆめタウン筑紫野店,和菓子,,sweets,tb,True
fukuoka/chikushino,50,井手ちゃんぽん 筑紫野原田店,ちゃんぽん,,noodles,tb,True
fukuoka/chikushino,51,みつせ,食堂,,casual,tb,True
fukuoka/chikushino,52,みっちゃんラーメン,ラーメン、ちゃんぽん,,noodles,tb,True
fukuoka/chikushino,53,亞近,居酒屋、創作料理、イタリアン,,izakaya,tb,True
fukuoka/chikushino,54,かすみ草,居酒屋,,izakaya,tb,True
fukuoka/chikushino,55,麺屋 八商店,ラーメン,,noodles,tb,True
fukuoka/chikushino,56,たこやき亭 二日市店,たこ焼き、焼酎バー、居酒屋,,casual,tb,True
fukuoka/chikushino,57,ELEPHANT COFFEE,カフェ,,cafe,tb,True
fukuoka/chikushino,58,焼きとりもつ鍋 太閤 二日市店,居酒屋、焼き鳥、もつ鍋,,izakaya,tb,True
fukuoka/chikushino,59,KIFF,フレンチ,,european,tb,True
fukuoka/chikushino,60,ラ・メール,バー,,izakaya,tb,True
fukuoka/chikushino,61,Koi Hiromatsu,,Japanese,japanese,ta,True
fukuoka/chikushino,62,Daichi no Udon Chikushino,,Japanese;Japanese - Other ,japanese,ta,True
fukuoka/chikushino,63,Ramen Danbo Futsukaichi Main Store,,Asian,chinese,ta,True
fukuoka/chikushino,64,Juwarisoba Kazenotami,,,other,none,False
fukuoka/chikushino,65,Himehotaru,,International,other,none,False
fukuoka/chikushino,66,Ide Champon Chikushino Haruda,,,other,none,False
fukuoka/chikushino,67,Daimarubessoh Bunten Ginnotsubo,,Japanese,japanese,ta,True
fukuoka/chikushino,68,Yokatori Chikushino Futsukaichi,,Japanese,japanese,ta,True
fukuoka/chikushino,69,Fukuei no Karaage JR Futsukaichi Station,,Japanese,japanese,ta,True
fukuoka/chikushino,70,Ryutenro,,Chinese,chinese,ta,True
fukuoka/chikushino,71,Issei,,,other,none,False
fukuoka/chikuzen,1,モンテ・パラティーノ,イタリアン、パスタ、ピザ,,european,tb,True
fukuoka/chikuzen,2,味由,そば、うどん、食堂,,noodles,tb,True
fukuoka/chikuzen,3,久留米ラーメン丸八 朝倉店,ラーメン,,noodles,tb,True
fukuoka/chikuzen,4,大陽軒 本店,ラーメン,,noodles,tb,True
fukuoka/chikuzen,5,松屋うどん,うどん、丼、日本料理,,noodles,tb,True
fukuoka/chikuzen,6,NOYU,洋菓子,,sweets,tb,True
fukuoka/chikuzen,7,筑前町ファーマーズマーケットみなみの里,豆腐料理、弁当、郷土料理,,japanese,tb,True
fukuoka/chikuzen,8,レストラン南,洋食、オムライス,,european,tb,True
fukuoka/chikuzen,9,農村レストラン 筑膳,食堂、喫茶店、郷土料理,,casual,tb,True
fukuoka/chikuzen,10,永徳酒家,中華料理,,chinese,tb,True
fukuoka/chikuzen,11,和食家 なかにし,かに、海鮮,,seafood,tb,True
fukuoka/chikuzen,12,うどん屋 秋月,うどん、そば,,noodles,tb,True
fukuoka/chikuzen,13,ベイカーズサイン,パン、サンドイッチ、洋菓子,,sweets,tb,True
fukuoka/chikuzen,14,たまごらんど,ケーキ、ジェラート・アイスクリーム,,sweets,tb,True
fukuoka/chikuzen,15,スリランカレストラン キヨミ 筑前店,スリランカ料理,,other,none,False
fukuoka/chikuzen,16,上杉,焼肉,,meat,tb,True
fukuoka/chikuzen,17,ケイズキッチン,レストラン、ハンバーグ、ステーキ,,meat,tb,False
fukuoka/chikuzen,18,ラーメンやまもと 筑前支店,ラーメン,,noodles,tb,True
fukuoka/chikuzen,19,グルメ食堂 洋ろっぱ,イタリアン、ピザ、ハンバーグ,,european,tb,True
fukuoka/chikuzen,20,夜須高原カントリークラブ,レストラン,,other,none,False
fukuoka/chikuzen,21,Cafe Konditorei Wien,カフェ、ケーキ,,cafe,tb,True
fukuoka/chikuzen,22,ちゃんぽん,ちゃんぽん,,noodles,tb,True
fukuoka/chikuzen,23,金比羅うどん 夜須店,麺類、かつ丼、とんかつ,,noodles,tb,True
fukuoka/chikuzen,24,gaRu,野菜料理、創作料理,,japanese,tb,True
fukuoka/chikuzen,25,長浜わっしょい,ラーメン,,noodles,tb,True
fukuoka/chikuzen,26,ラーメン 新蔵 筑前店,ラーメン,,noodles,tb,True
fukuoka/chikuzen,27,鳥長 筑前店,からあげ,,meat,tb,True
fukuoka/chikuzen,28,パン工房,パン、サンドイッチ,,sweets,tb,True
fukuoka/chikuzen,29,カレー&ハンバーグ やまと,カレー,,curry,tb,True
fukuoka/chikuzen,30,にじぱん,パン,,sweets,tb,True
fukuoka/chikuzen,31,街道カフェ やまぼうし,カフェ,,cafe,tb,True
fukuoka/chikuzen,32,太勝 大刀洗店,ラーメン,,noodles,tb,True
fukuoka/chikuzen,33,野の葉,カフェ、オムライス,,cafe,tb,True
fukuoka/chikuzen,34,アージュ・アージュ,フレンチ,,european,tb,True
fukuoka/chikuzen,35,藤吉亭,焼肉、日本料理,,meat,tb,True
fukuoka/chikuzen,36,鶏のたたき 熊本屋,鳥料理,,other,none,False
fukuoka/chikuzen,37,虎来庵,韓国料理,,chinese,tb,True
fukuoka/chikuzen,38,ダイニングキッチンバー Life Time,ダイニングバー、パスタ、海鮮丼,,izakaya,tb,True
fukuoka/chikuzen,39,一蓮,ラーメン,,noodles,tb,True
fukuoka/chikuzen,40,レストラン春日ロッジ,インドカレー、カレー,,curry,tb,True
fukuoka/chikuzen,41,ビストロ リュバン,洋食,,european,tb,True
fukuoka/chikuzen,42,たい焼き 新八 筑前町店,たい焼き・大判焼き,,sweets,tb,True
fukuoka/chikuzen,43,Ａコープ みわ店,コンビニ・スーパー,,daily,tb,True
fukuoka/chikuzen,44,かしわ専門店 サトウ,その他,,other,none,False
fukuoka/chikuzen,45,めん倶楽部 さくら みなみの里店,麺類、スイーツ,,noodles,tb,True
fukuoka/chikuzen,46,アサヒ食堂,食堂,,casual,tb,True
fukuoka/chikuzen,47,ポピー,ホテル、ビュッフェ、野菜料理,,casual,tb,False
fukuoka/chikuzen,48,Yeti 朝倉店,アジア・エスニック、インドカレー,,chinese,tb,True
fukuoka/chikuzen,49,麺屋旺士,ラーメン,,noodles,tb,True
fukuoka/chikuzen,50,パンの花,パン,,sweets,tb,True
fukuoka/chikuzen,51,桜会の季,日本料理、フレンチ、ステーキ,,japanese,tb,True
fukuoka/chikuzen,52,焼豚足 カースケ,豚料理,,other,none,False
fukuoka/chikuzen,53,海賊うどん,うどん,,noodles,tb,True
fukuoka/chikuzen,54,肉のたかお,その他,,other,none,False
fukuoka/chikuzen,55,茶房 ゆうあかね,パスタ,,european,tb,True
fukuoka/chikuzen,56,喫茶 EMUSEE,カフェ,,cafe,tb,True
fukuoka/chikuzen,57,JAファーマーズ Aコープ 夜須店,コンビニ・スーパー,,daily,tb,True
fukuoka/chikuzen,58,めん倶楽部　さくら,麺類,,noodles,tb,True
fukuoka/chikuzen,59,天山 筑前町店,和菓子,,sweets,tb,True
fukuoka/chikuzen,60,からあげ屋 帰蝶,からあげ,,meat,tb,True
fukuoka/chikuzen,61,古民家でくつろぐ   さかね,郷土料理,,japanese,tb,True
fukuoka/chikuzen,62,らいおん果実園,その他,,other,none,False
fukuoka/chikuzen,63,NABINA,インド料理、インドカレー,,curry,tb,True
fukuoka/chikuzen,64,Pizza world & m 朝倉店,ピザ,,european,tb,True
fukuoka/chikuzen,65,パティスリー Lisa,ケーキ,,sweets,tb,True
fukuoka/chikuzen,66,オステリア サイクル,イタリアン,,european,tb,True
fukuoka/chikuzen,67,おべんとうのヒライ 夜須店,弁当,,casual,tb,True
fukuoka/chikuzen,68,唐揚げ専門 はっぴ商店 朝倉店,からあげ、弁当,,meat,tb,True
fukuoka/chikuzen,69,OMUSUBI米ピ,おにぎり,,casual,tb,True
fukuoka/chikuzen,70,天然酵母pukupuku〜ぷくぷく〜,パン,,sweets,tb,True
fukuoka/chikuzen,71,いけだ,日本料理、天ぷら,,japanese,tb,True
fukuoka/chikuzen,72,イタリア料理マーレ,イタリアン、パスタ、居酒屋,,european,tb,True
fukuoka/chikuzen,73,永利牧場 まきばの家,洋菓子,,sweets,tb,True
fukuoka/chikuzen,74,ICHI CAFE KITCHEN,カフェ,,cafe,tb,True
fukuoka/chikuzen,75,めし場 名無し,うどん,,noodles,tb,True
fukuoka/chikuzen,76,弁当ホーム,弁当,,casual,tb,True
fukuoka/chikuzen,77,ホテル エーゼット 福岡夜須店,ホテル,,other,none,False
fukuoka/chikuzen,78,グリーン カフェ モロー,カフェ,,cafe,tb,True
fukuoka/chikuzen,79,ともだち,パン、弁当,,sweets,tb,True
fukuoka/chikuzen,80,小さな菜園,カフェ、オーガニック,,cafe,tb,True
fukuoka/chikuzen,81,花立山ファーム,その他,,other,none,False
fukuoka/chikuzen,82,もろおか市場,その他,,other,none,False
fukuoka/chikuzen,83,高尾鮮魚店,その他,,other,none,False
fukuoka/chikuzen,84,本格炭火焼鳥 鉄馬,居酒屋、焼き鳥、鳥料理,,izakaya,tb,True
fukuoka/chikuzen,85,厳チャン,たこ焼き,,casual,tb,True
fukuoka/chikuzen,86,レトロカフェ,喫茶店、カレー,,cafe,tb,True
fukuoka/chikuzen,87,寿司居酒屋 稲穂,寿司、海鮮、居酒屋,,seafood,tb,True
fukuoka/chikuzen,88,肉のたかお もろおか市場店,惣菜・デリ,,casual,tb,True
fukuoka/chikuzen,89,みわせんべい,和菓子,,sweets,tb,True
fukuoka/chikuzen,90,長参 福岡夜須店,ビュッフェ、居酒屋,,casual,tb,True
fukuoka/chikuzen,91,とりや ,焼き鳥、焼酎バー,,meat,tb,True
fukuoka/chikuzen,92,串工房無我,焼き鳥,,meat,tb,True
fukuoka/chikuzen,93,ダイレックス 夜須店,その他,,other,none,False
fukuoka/chikuzen,94,マルキョウ 朝倉店,コンビニ・スーパー,,daily,tb,True
fukuoka/chikuzen,95,山小屋ラーメン 夜須店,ラーメン,,noodles,tb,True
fukuoka/chikuzen,96,モスバーガー 福岡三輪店,ハンバーガー,,casual,tb,True
fukuoka/chikuzen,97,地鶏・赤鶏のタタキ なかむら,鳥料理,,other,none,False
fukuoka/chikuzen,98,喜楽,弁当、レストラン,,casual,tb,True
fukuoka/chikuzen,99,中華料理 シンゲン,中華料理,,chinese,tb,True
fukuoka/chikuzen,100,NiSHiYOR! cafē,カフェ,,cafe,tb,True
fukuoka/chikuzen,101,鳥征商店,鳥料理、惣菜・デリ,,casual,tb,False
fukuoka/chikuzen,102,食堂 まるや,食堂,,casual,tb,True
fukuoka/chikuzen,103,焼道楽,焼き鳥,,meat,tb,True
fukuoka/chikuzen,104,朝ごはん おにぎり屋,食堂、おにぎり,,casual,tb,True
fukuoka/chikuzen,105,ティー ポット,カフェ、喫茶店,,cafe,tb,True
fukuoka/chikuzen,106,まんまる屋,どら焼き,,sweets,tb,True
fukuoka/chikuzen,107,馬力,ホルモン,,meat,tb,True
fukuoka/chikuzen,108,ごえん屋,甘味処、和菓子,,sweets,tb,True
fukuoka/chikuzen,109,木いちごの家,ベーグル、フレンチ,,sweets,tb,True
fukuoka/chikuzen,110,三松堂,和菓子,,sweets,tb,True
fukuoka/chikuzen,111,みなみ舎,カフェ,,cafe,tb,True
fukuoka/chikuzen,112,海華,カフェ、アジア・エスニック,,cafe,tb,True
fukuoka/chikuzen,113,山葡萄,カフェ,,cafe,tb,True
fukuoka/chikuzen,114,夜須高原 釣り堀パーク,その他,,other,none,False
fukuoka/chikuzen,115,地鶏食堂 筑前店,鳥料理,,other,none,False
fukuoka/chikuzen,116,焼肉 龍王館 朝倉店,焼肉,,meat,tb,True
fukuoka/chikuzen,117,大六寿司,寿司,,seafood,tb,True
fukuoka/chikuzen,118,Coffee house 果林,喫茶店,,cafe,tb,True
fukuoka/chikuzen,119,お食事処 隠れ家,居酒屋、食堂,,izakaya,tb,True
fukuoka/chikuzen,120,ほっともっと 夜須店,弁当,,casual,tb,True
fukuoka/chikuzen,121,わんわんスポーツカフェ Barnard,カフェ,,cafe,tb,True
fukuoka/chikuzen,122,国立夜須高原青少年自然の家,その他,,other,none,False
fukuoka/chikuzen,123,お食事処 えん,うどん,,noodles,tb,True
fukuoka/chikuzen,124,カナドルチェ,洋菓子、ケーキ,,sweets,tb,True
fukuoka/chikuzen,125,みなみの里 手みやげやさん,ソフトクリーム、洋菓子,,sweets,tb,True
fukuoka/chikuzen,126,しか鮨,寿司、弁当、おにぎり,,seafood,tb,True
fukuoka/chikuzen,127,仕出し 白近,弁当,,casual,tb,True
fukuoka/chikuzen,128,やまびこ,和菓子,,sweets,tb,True
fukuoka/chikuzen,129,千両,たこ焼き、カレー、焼き鳥,,casual,tb,True
fukuoka/chikuzen,130,もなか屋 たねよし,和菓子、甘味処、たい焼き・大判焼き,,sweets,tb,True
fukuoka/chikuzen,131,本格炭火焼道場 鶏太郎,鳥料理、居酒屋、焼き鳥,,izakaya,tb,False
fukuoka/chikuzen,132,てんぐや,食堂,,casual,tb,True
fukuoka/chikuzen,133,ミツイモタイム 朝倉３８６店,スイーツ,,sweets,tb,True
fukuoka/chikuzen,134,たかちゃん食堂,食堂,,casual,tb,True
fukuoka/chikuzen,135,さかえや 本店,その他,,other,none,False
fukuoka/chikuzen,136,やきとり 歩夢,焼き鳥,,meat,tb,True
fukuoka/chikuzen,137,雀のお宿 三輪店,焼き鳥,,meat,tb,True
fukuoka/chikuzen,138,笑,居酒屋,,izakaya,tb,True
fukuoka/chikuzen,139,鳥長 タイヤの駅コンテナ店,売店,,casual,tb,True
fukuoka/chikuzen,140,アスタラビスタ 太刀洗店,コンビニ・スーパー,,daily,tb,True
fukuoka/chikuzen,141,groovin coffee,カフェ,,cafe,tb,True
fukuoka/chikuzen,142,居酒屋がつんと,居酒屋,,izakaya,tb,True
fukuoka/chikuzen,143,くじらや 石櫃店,海鮮,,seafood,tb,True
fukuoka/chikuzen,144,cafe PRISM,カフェ,,cafe,tb,True
fukuoka/chikuzen,145,杏紅瑠,カフェ,,cafe,tb,True
fukuoka/chikuzen,146,さくらともみじ 福岡店,売店,,casual,tb,True
fukuoka/chikuzen,147,ファミリーマート 筑前山家道店,コンビニ・スーパー,,daily,tb,True
fukuoka/chikuzen,148,ディスカウントドラッグコスモス 夜須店,その他,,other,none,False
fukuoka/chikuzen,149,天盃 本格むぎ焼酎 蔵元直売所,その他,,other,none,False
fukuoka/chikuzen,150,ヒラノのタマゴ,その他,,other,none,False
fukuoka/chikuzen,151,AMASOU,カフェ,,cafe,tb,True
fukuoka/chikuzen,152,セブンイレブン 筑前町役場前店,コンビニ・スーパー,,daily,tb,True
fukuoka/chikuzen,153,味処戸高,居酒屋,,izakaya,tb,True
fukuoka/chikuzen,154,やきとり竜鳳,焼き鳥,,meat,tb,True
fukuoka/chikuzen,155,ほっともっと 大刀洗駅前店,弁当,,casual,tb,True
fukuoka/chikuzen,156,hug,パンケーキ,,sweets,desc,False
fukuoka/chikuzen,157,道づれ,バー、レストラン,,izakaya,tb,True
fukuoka/chikuzen,158,串揚げ屋こころ,串揚げ,,japanese,tb,True
fukuoka/chikuzen,159,白柳,日本料理,,japanese,tb,True
fukuoka/chikuzen,160,AZcafe Shidaka 福岡夜須店,レストラン,,other,none,False
fukuoka/chikuzen,161,まめまめや,カフェ,,cafe,tb,True
fukuoka/chikuzen,162,大谷ろばた焼,レストラン,,other,none,False
fukuoka/chikuzen,163,天一龍,ラーメン,,noodles,tb,True
fukuoka/chikuzen,164,ムーラン,洋菓子,,sweets,tb,True
fukuoka/chikuzen,165,アルゼント,カフェ,,cafe,tb,True
fukuoka/chikuzen,166,Cafe&Bar Kara Kara,バー、カフェ,,izakaya,tb,True
fukuoka/chikuzen,167,カースケの居酒屋,居酒屋、創作料理、レストラン,,izakaya,tb,True
fukuoka/chikuzen,168,呑み処 マルコウ,居酒屋,,izakaya,tb,True
fukuoka/chikuzen,169,ポパイ,レストラン,,other,none,False
fukuoka/chikuzen,170,Pastorino,,Japanese,japanese,ta,True
fukuoka/chikuzen,171,Hanaenotoki,,Japanese;Japanese - Traditional Cuisine;Japanese - Other ;Kaiseki,japanese,ta,True
fukuoka/chikuzen,172,Ajiyoshi,,Japanese,japanese,ta,True
fukuoka/chikuzen,173,Ooyoken,,,other,none,False
fukuoka/chikuzen,174,Restaurant Minami,,International;Fusion,other,none,False
fukuoka/chikuzen,175,Shungyo Chaya Kichinosuke,,Japanese,japanese,ta,True
fukuoka/chikuzen,176,Ajino Mise Tennen Katsugyo Nakanishi,,Japanese,japanese,ta,True
fukuoka/chikuzen,177,Kompira Udon Yasu,,Japanese;Japanese - Other ,japanese,ta,True
fukuoka/chikuzen,178,Kyushu Chikuho Ramen Yamagoya Yasu,,,other,none,False
fukuoka/chikuzen,179,Alter Ego Plus Un,,French,european,ta,True
fukuoka/chikuzen,180,Bakers Sign,,,other,none,False
fukuoka/chikuzen,181,Ramen Yamamoto Chikuzen Branch,,,other,none,False
fukuoka/chikuzen,182,Champontei,,Japanese,japanese,ta,True
fukuoka/chikuzen,183,K s Kitchen,,Japanese,japanese,ta,True
fukuoka/chikuzen,184,Sejour,,International;Fusion,other,none,False
fukuoka/chikuzen,185,Szechuan Restaurant Kinetsu,,Chinese,chinese,ta,True
fukuoka/chikuzen,186,Ramen Hayashiya Chikushino,,,other,none,False
fukuoka/chikuzen,187,Taiwanese Restaurant Ryuka,,Asian;Taiwanese,chinese,ta,True
fukuoka/chikuzen,188,Italian Food Mare,,Italian,european,ta,True
fukuoka/chikuzen,189,Hormon Ya,,Japanese,japanese,ta,True
fukuoka/chikuzen,190,Karaoke Yume Dokei,,International,other,none,False
fukuoka/chikuzen,191,Hakata Manmaru,,Asian,chinese,ta,True
fukuoka/chikuzen,192,Karaoke Room Young House,,International,other,none,False
fukuoka/chikuzen,193,Lunch Wakaba,,Japanese,japanese,ta,True
fukuoka/chikuzen,194,Ekimae,,Japanese,japanese,ta,True
fukuoka/chikuzen,195,Uoza,,Japanese;Seafood;Sushi;Japanese - Other ,seafood,ta,True
fukuoka/chikuzen,196,Coco,,Japanese,japanese,ta,True
fukuoka/chikuzen,197,Kanoya,,Japanese;Japanese - Other ,japanese,ta,True
fukuoka/chikuzen,198,Star Lord,,International,other,none,False
fukuoka/chikuzen,199,Bent House Tachiarai,,Japanese,japanese,ta,True
fukuoka/chikuzen,200,Izakaya Nagori,,Japanese,japanese,ta,True
fukuoka/chikuzen,201,Shunsaishuka Anan,,International,other,none,False
fukuoka/chikuzen,202,Age Age,,French,european,ta,True
fukuoka/chikuzen,203,Towari Soba Juraku,,,other,none,False
fukuoka/chikuzen,204,Onion Kitchen,,,other,none,False
fukuoka/chikuzen,205,Ifudodo,,Japanese,japanese,ta,True
fukuoka/chikuzen,206,Kasuga Lodge,,,other,none,False
fukuoka/chikuzen,207,Izakaya Sakanaya Shan,,Japanese;Izakaya (Japanese Style Tavern),izakaya,ta,True
fukuoka/chikuzen,208,Amagi Ame Sanshodo,,,other,none,False
fukuoka/dazaifu,1,鶏肴と麦けむり,居酒屋、鳥料理、創作料理,,izakaya,tb,True
fukuoka/dazaifu,2,牛角 太宰府西店,焼肉、ホルモン、居酒屋,,meat,tb,True
fukuoka/dazaifu,3,梅の花 太宰府別荘 自然庵,豆腐料理、日本料理、居酒屋,,japanese,tb,True
fukuoka/dazaifu,4,山本のハンバーグ 太宰府店,ハンバーグ、洋食、ダイニングバー,,meat,tb,True
fukuoka/dazaifu,5,炭焼地鶏 山蔵,鳥料理、ろばた焼き,,other,none,False
fukuoka/dazaifu,6,ルアン HOTEL CULTIA 太宰府,フレンチ、カフェ,,european,tb,True
fukuoka/dazaifu,7,CAFE COCCOLO,カフェ、イタリアン、ダイニングバー,,cafe,tb,True
fukuoka/dazaifu,8,まん月堂,居酒屋、もつ鍋、郷土料理,,izakaya,tb,True
fukuoka/dazaifu,9,鮮魚いの吉,食堂、海鮮,,casual,tb,True
fukuoka/dazaifu,10,鮨ひら乃,寿司,,seafood,tb,True
fukuoka/dazaifu,11,寿し栄,寿司、海鮮、日本料理,,seafood,tb,True
fukuoka/dazaifu,12,飯屋 いの吉,居酒屋、海鮮、肉料理,,izakaya,tb,True
fukuoka/dazaifu,13,太宰府 いい乃じ,日本料理、すき焼き、鍋,,japanese,tb,True
fukuoka/dazaifu,14,two Witches,カフェ,,cafe,tb,True
fukuoka/dazaifu,15,OPOL,ダイニングバー、バー,,izakaya,tb,True
fukuoka/dazaifu,16,韓ノ庭,韓国料理,,chinese,tb,True
fukuoka/dazaifu,17,はなとき,カフェ,,cafe,tb,True
fukuoka/dazaifu,18,スターバックス・コーヒー 太宰府向佐野店,カフェ,,cafe,tb,True
fukuoka/dazaifu,19,藤丸,和菓子,,sweets,tb,True
fukuoka/dazaifu,20,福岡国際大学・福岡女子短期大学　学生食堂,学生食堂,,other,none,False
fukuoka/dazaifu,21,茶房 ぎゃらりー かさの家,甘味処、和菓子,,sweets,tb,True
fukuoka/dazaifu,22,田はら,日本料理,,japanese,tb,True
fukuoka/dazaifu,23,焼肉 慶州,焼肉,,meat,tb,True
fukuoka/dazaifu,24,いさ美,たこ焼き,,casual,tb,True
fukuoka/dazaifu,25,AMARILLO,洋菓子,,sweets,tb,True
fukuoka/dazaifu,26,太宰府茶房 うさぎ,カフェ,,cafe,tb,True
fukuoka/dazaifu,27,都久志の湯,その他,,other,none,False
fukuoka/dazaifu,28,LINE COFFEE,カフェ,,cafe,tb,True
fukuoka/dazaifu,29,きみひろ,居酒屋,,izakaya,tb,True
fukuoka/dazaifu,30,太宰府ゴルフ倶楽部,食堂,,casual,tb,True
fukuoka/dazaifu,31,カジハラ,パン,,sweets,tb,True
fukuoka/dazaifu,32,ケンタッキーフライドチキン 太宰府向佐野店,レストラン,,other,none,False
fukuoka/dazaifu,33,活魚廻転寿し 水天 大佐野店,回転寿司,,seafood,tb,True
fukuoka/dazaifu,34,お石茶屋,甘味処、うどん,,sweets,tb,True
fukuoka/dazaifu,35,松田商店,その他,,other,none,False
fukuoka/dazaifu,36,MKレストラン 太宰府向佐野店,しゃぶしゃぶ、ビュッフェ、飲茶・点心,,meat,tb,True
fukuoka/dazaifu,37,cafeパピヨン,カフェ,,cafe,tb,True
fukuoka/dazaifu,38,カフェファディーズ 太宰府店,喫茶店,,cafe,tb,True
fukuoka/dazaifu,39,風雅 太宰府店,和菓子,,sweets,tb,True
fukuoka/dazaifu,40,福建,中華料理,,chinese,tb,True
fukuoka/dazaifu,41,連歌屋珈琲,カフェ,,cafe,tb,True
fukuoka/dazaifu,42,不老栄屋,レストラン,,other,none,False
fukuoka/dazaifu,43,かくだ商店,和菓子,,sweets,tb,True
fukuoka/dazaifu,44,暖暮 太宰府駅前店,ラーメン、餃子,,noodles,tb,True
fukuoka/dazaifu,45,鰻のエイト 太宰府店,うなぎ,,seafood,tb,True
fukuoka/dazaifu,46,飛龍家,ラーメン,,noodles,tb,True
fukuoka/dazaifu,47,肉肉うどん 水城店,うどん,,noodles,tb,True
fukuoka/dazaifu,48,ママキッチン,ホットドッグ,,other,none,False
fukuoka/dazaifu,49,ボーノ,パスタ,,european,tb,True
fukuoka/dazaifu,50,むさしの森珈琲 太宰府向佐野店,カフェ、パンケーキ,,cafe,tb,True
fukuoka/dazaifu,51,すし大臣 太宰府店,回転寿司,,seafood,tb,True
fukuoka/dazaifu,52,太宰府天満宮 お守り授与所,その他,,other,none,False
fukuoka/dazaifu,53,つどい処 ながの屋,食堂、居酒屋,,casual,tb,True
fukuoka/dazaifu,54,資さんうどん 太宰府店,うどん、そば,,noodles,tb,True
fukuoka/dazaifu,55,ちんぷんかんぷん 二日市店,焼き鳥、居酒屋、鳥料理,,meat,tb,True
fukuoka/dazaifu,56,松島茶店,甘味処,,sweets,tb,True
fukuoka/dazaifu,57,Kingberryあまおうチーズケーキファクトリー,カフェ、洋菓子、スイーツ,,cafe,tb,True
fukuoka/dazaifu,58,マクドナルド 太宰府店,ハンバーガー,,casual,tb,True
fukuoka/dazaifu,59,甘木屋,和菓子、甘味処,,sweets,tb,True
fukuoka/dazaifu,60,味処「うちじま」,日本料理,,japanese,tb,True
fukuoka/dazaifu,61,Kasanoya,,Japanese;Japanese - Other ,japanese,ta,True
fukuoka/dazaifu,62,Ume no Hana Dazaifu Bessou Shizenan,,Japanese;Kaiseki,japanese,ta,True
fukuoka/dazaifu,63,Onigawaramonaka Tenzan,,,other,none,False
fukuoka/dazaifu,64,Japanese Bistro Daidai,,Japanese;Kaiseki,japanese,ta,True
fukuoka/dazaifu,65,Kanoya,,Japanese;Japanese - Other ,japanese,ta,True
fukuoka/dazaifu,66,Suigetsuan,,Japanese;Japanese - Traditional Cuisine;Kappo,japanese,ta,True
fukuoka/dazaifu,67,Ichiran Dazaifu Ramugimen,,,other,none,False
fukuoka/dazaifu,68,Starbucks Coffee Dazaifu Temmangu Omotesando,,Cafe;Fast Food,cafe,ta,True
fukuoka/dazaifu,69,Aji No Mentaiko Fukuya Dazaifu,,Japanese;International;Japanese - Other ;Japanese Fusion,japanese,ta,True
fukuoka/dazaifu,70,Ramen Danbo Saifu Ekimae,,Japanese;Asian,chinese,ta,True
fukuoka/dazaifu,71,Kazamidori,,Cafe,cafe,ta,True
fukuoka/dazaifu,72,Sushiei,,Japanese;Sushi;Kappo,seafood,ta,True
fukuoka/fukuchi,1,ラーメンまむし,ラーメン、餃子,,noodles,tb,True
fukuoka/fukuchi,2,たのし家,食堂,,casual,tb,True
fukuoka/fukuchi,3,そば屋 こだるま,そば,,noodles,tb,True
fukuoka/fukuchi,4,活魚寿司たちばな,寿司、天ぷら、うなぎ,,seafood,tb,True
fukuoka/fukuchi,5,ラーメン大将,ラーメン,,noodles,tb,True
fukuoka/fukuchi,6,弁天,うどん、そば、丼,,noodles,tb,True
fukuoka/fukuchi,7,とんかつ・フライ専門店　蔵司,とんかつ、串揚げ,,meat,tb,True
fukuoka/fukuchi,8,炭火・鉄板焼 ステーキ&ハンバーグ くずはら,ステーキ、ハンバーグ,,meat,tb,True
fukuoka/fukuchi,9,想い堂,カフェ,,cafe,tb,True
fukuoka/fukuchi,10,味八 田川店,中華料理、ラーメン、食堂,,chinese,tb,True
fukuoka/fukuchi,11,レストラン さくら,レストラン,,other,none,False
fukuoka/fukuchi,12,筑豊ラーメン 山小屋 ふじ湯の里店,ラーメン、カレー,,noodles,tb,True
fukuoka/fukuchi,13,としょパン,パン、カフェ,,sweets,tb,True
fukuoka/fukuchi,14,ちびちび,ケーキ、パン,,sweets,tb,True
fukuoka/fukuchi,15,ひよちゃんち Crepe,クレープ・ガレット,,sweets,tb,True
fukuoka/fukuchi,16,食事処信子,居酒屋、食堂,,izakaya,tb,True
fukuoka/fukuchi,17,げんき畑,ピザ、カフェ,,european,tb,True
fukuoka/fukuchi,18,ビストロみな川,レストラン、フレンチ,,european,tb,False
fukuoka/fukuchi,19,たんぽぽ亭,ラーメン,,noodles,tb,True
fukuoka/fukuchi,20,うどん処いこい,うどん,,noodles,tb,True
fukuoka/fukuchi,21,KITOKI 抹茶と和ごはん,カフェ,,cafe,tb,True
fukuoka/fukuchi,22,CHOCORO FAM,ケーキ,,sweets,tb,True
fukuoka/fukuchi,23,ボタ山,焼肉,,meat,tb,True
fukuoka/fukuchi,24,まちの小さなケーキ屋さん 四季菜,ケーキ、洋菓子,,sweets,tb,True
fukuoka/fukuchi,25,地どり焼 のむら丸,鳥料理,,other,none,False
fukuoka/fukuchi,26,鶏無双 田川店,からあげ,,meat,tb,True
fukuoka/fukuchi,27,いろり,うどん、食堂,,noodles,tb,True
fukuoka/fukuchi,28,太郎丸チキン,鳥料理,,other,none,False
fukuoka/fukuchi,29,肉肉うどん うどん処 森下商店,うどん,,noodles,tb,True
fukuoka/fukuchi,30,ふくぜん,天ぷら,,japanese,tb,True
fukuoka/fukuchi,31,ふれあい食堂,うどん,,noodles,tb,True
fukuoka/fukuchi,32,猟師小家八十八,焼肉、鍋,,meat,tb,True
fukuoka/fukuchi,33,寿しあら川,寿司,,seafood,tb,True
fukuoka/fukuchi,34,中華料理 福来順 弁城店,中華料理,,chinese,tb,True
fukuoka/fukuchi,35,こだわり食房 あが乃,食堂,,casual,tb,True
fukuoka/fukuchi,36,ふくちのやどかふぇ yori-toko,カフェ,,cafe,tb,True
fukuoka/fukuchi,37,よろずや,その他,,other,none,False
fukuoka/fukuchi,38,海鮮居酒屋 砂波,居酒屋,,izakaya,tb,True
fukuoka/fukuchi,39,方城特産館 ふくちの郷,その他,,other,none,False
fukuoka/fukuchi,40,立喰い生麺 金田店,うどん,,noodles,tb,True
fukuoka/fukuchi,41,パン工房　拾伍,パン,,sweets,tb,True
fukuoka/fukuchi,42,いろは,お好み焼き、弁当、焼きそば,,casual,tb,True
fukuoka/fukuchi,43,もごもご,弁当,,casual,tb,True
fukuoka/fukuchi,44,竜月,弁当、惣菜・デリ,,casual,tb,True
fukuoka/fukuchi,45,PAN HOLIC,パン,,sweets,tb,True
fukuoka/fukuchi,46,梅香園,中華料理,,chinese,tb,True
fukuoka/fukuchi,47,上野の里ふれあい市,その他,,other,none,False
fukuoka/fukuchi,48,鉄板焼き カウボーイ,からあげ,,meat,tb,True
fukuoka/fukuchi,49,お食事処 花みずき,居酒屋、食堂,,izakaya,tb,True
fukuoka/fukuchi,50,福智ブランドファクトリー,ジェラート・アイスクリーム,,sweets,tb,True
fukuoka/fukuchi,51,はなみずき,食堂、弁当,,casual,tb,True
fukuoka/fukuchi,52,ゆうざき,食堂,,casual,tb,True
fukuoka/fukuchi,53,ほうじょう温泉 ふじ湯の里,その他,,other,none,False
fukuoka/fukuchi,54,食味倶楽部藤,居酒屋、焼肉、海鮮,,izakaya,tb,True
fukuoka/fukuchi,55,とり松,焼き鳥,,meat,tb,True
fukuoka/fukuchi,56,豚肉工房うめちく,コロッケ,,casual,tb,True
fukuoka/fukuchi,57,ぢゞばゞ,レストラン,,other,none,False
fukuoka/fukuchi,58,レストラン コスモス,食堂,,casual,tb,True
fukuoka/fukuchi,59,食べ飲み場 鉄板ベース,鉄板焼き,,meat,tb,True
fukuoka/fukuchi,60,ちぃままのパン屋さん,パン,,sweets,tb,True
fukuoka/fukuchi,61,お好み焼きビッグヒップ,お好み焼き,,casual,tb,True
fukuoka/fukuchi,62,パスタハウス３７,パスタ,,european,tb,True
fukuoka/fukuchi,63,天然たい焼き 茶蘭堂,たい焼き・大判焼き,,sweets,tb,True
fukuoka/fukuchi,64,おやつや,たこ焼き,,casual,tb,True
fukuoka/fukuchi,65,なかよし食堂,食堂,,casual,tb,True
fukuoka/fukuchi,66,はうす２,レストラン,,other,none,False
fukuoka/fukuchi,67,としちゃんうどん,うどん、そば,,noodles,tb,True
fukuoka/fukuchi,68,上野茶屋,日本料理,,japanese,tb,True
fukuoka/fukuchi,69,Ein 雑貨店,その他,,other,none,False
fukuoka/fukuchi,70,楽心堂本舗,和菓子,,sweets,tb,True
fukuoka/fukuchi,71,Cafe de choco,カフェ,,cafe,tb,True
fukuoka/fukuchi,72,居酒屋 一歩,居酒屋、海鮮、焼き鳥,,izakaya,tb,True
fukuoka/fukuchi,73,丸善,うどん、ちゃんぽん、丼,,noodles,tb,True
fukuoka/fukuchi,74,やきとり正ちゃん,焼き鳥,,meat,tb,True
fukuoka/fukuchi,75,木まぐれ,喫茶店、カフェ,,cafe,tb,True
fukuoka/fukuchi,76,＃酒趣,居酒屋,,izakaya,tb,True
fukuoka/fukuchi,77,Katsugyo Zushi Tachibana,,Japanese;Seafood;Sushi;Japanese - Other ,seafood,ta,True
fukuoka/fukuchi,78,Shakariki,,Japanese;Japanese - Other ,japanese,ta,True
fukuoka/fukuchi,79,Ramen Mamushi,,,other,none,False
fukuoka/fukuchi,80,Restaurant Kobushi,,Japanese,japanese,ta,True
fukuoka/fukuchi,81,Bistro Minagawa,,,other,none,False
fukuoka/fukuchi,82,Pizza Cafe Genkibatake,,Pizza,european,ta,True
fukuoka/fukuchi,83,Uguisu Music School,,International,other,none,False
fukuoka/fukuchi,84,Karaoke Stage Tonchinkan,,International,other,none,False
fukuoka/fukuchi,85,Mariko,,Cafe,cafe,ta,True
fukuoka/fukuchi,86,Izakaya Soko Soko,,Japanese,japanese,ta,True
fukuoka/fukuchi,87,Takekichi,,Japanese;Japanese - Other ,japanese,ta,True
fukuoka/fukuchi,88,Japanese Restaurant Sakaki,,Japanese,japanese,ta,True
fukuoka/fukuchi,89,Karaoke Fukuchi,,International,other,none,False
fukuoka/fukuchi,90,Ikenaga,,Japanese;Seafood;Japanese - Other ,seafood,ta,True
fukuoka/fukuchi,91,House 2,,Japanese;International;Japanese - Other ,japanese,ta,True
fukuoka/fukuchi,92,Drive In Narai,,Japanese;International;Japanese - Other ,japanese,ta,True
fukuoka/fukuchi,93,Suzume Nooyado,,International,other,none,False
fukuoka/fukuchi,94,Aganochaya,,Japanese;Japanese - Traditional Cuisine,japanese,ta,True
fukuoka/fukuchi,95,Kyomachi Ya,,Japanese;Japanese - Other ,japanese,ta,True
fukuoka/fukuchi,96,Chinese Restaurant Yueitei,,Chinese,chinese,ta,True
fukuoka/fukuchi,97,Izakaya Tomo,,Japanese;International;Japanese - Other ,japanese,ta,True
fukuoka/fukuchi,98,Okonomiyaki Bighip,,Japanese;Japanese - Other ,japanese,ta,True
fukuoka/fukuchi,99,Okonomiyaki Miyo,,,other,none,False
fukuoka/fukuchi,100,Restaurant Suiren,,Japanese,japanese,ta,True
fukuoka/fukuchi,101,House Roast Coffee Store Coffee Sanka,,,other,none,False
fukuoka/fukuchi,102,Sobadokoro Shin,,,other,none,False
fukuoka/fukuchi,103,Ogano Onsen Restaurant Shiraito,,,other,none,False
fukuoka/fukuchi,104,Snack Hagoromo,,,other,none,False
fukuoka/fukuchi,105,Yamagoya Hojo,,,other,none,False
fukuoka/fukuchi,106,Tachigui Udon Kissyo,,,other,none,False
fukuoka/fukuchi,107,Jugo,,,other,none,False
fukuoka/fukuchi,108,Tampopo,,,other,none,False
fukuoka/fukuoka,1,串揚酒坊 檸檬,居酒屋、串揚げ、ラーメン,,izakaya,tb,True
fukuoka/fukuoka,2,藁焼き炉端 海風土,居酒屋、海鮮、創作料理,,izakaya,tb,True
fukuoka/fukuoka,3,餃夢中 博多駅筑紫口店,居酒屋、餃子,,izakaya,tb,True
fukuoka/fukuoka,4,BeeRUSH 大名店,ダーツ、ダイニングバー、イタリアン,,izakaya,tb,False
fukuoka/fukuoka,5,バルバ ビアンカ,イタリアン、ワインバー、パスタ,,european,tb,True
fukuoka/fukuoka,6,餃子と九州中華 キムラハンテン by NOGI NISHIAZABU TOKYO,中華料理、餃子、飲茶・点心,,chinese,tb,True
fukuoka/fukuoka,7,香家,居酒屋、もつ鍋、海鮮,,izakaya,tb,True
fukuoka/fukuoka,8,日本料理てら岡 中洲本店,日本料理、ふぐ、海鮮,,japanese,tb,True
fukuoka/fukuoka,9,kawara CAFE＆DINING -FORWARD- 福岡PARCO店,ダイニングバー、居酒屋、カフェ,,izakaya,tb,True
fukuoka/fukuoka,10,博多とりかわ大臣 駅東串房,焼き鳥,,meat,tb,True
fukuoka/fukuoka,11,全席個室 居酒屋 あや鶏 大橋駅前店,居酒屋、焼き鳥、海鮮,,izakaya,tb,True
fukuoka/fukuoka,12,元気が出る居酒屋よだれ屋,居酒屋、焼き鳥、鍋,,izakaya,tb,True
fukuoka/fukuoka,13,博多三峰,居酒屋、海鮮、創作料理,,izakaya,tb,True
fukuoka/fukuoka,14,博多魚市 博多駅前店,居酒屋、もつ鍋、海鮮,,izakaya,tb,True
fukuoka/fukuoka,15,鮨割烹 蓮,寿司、日本料理、海鮮,,seafood,tb,True
fukuoka/fukuoka,16,九州名物とめ手羽 今泉店,居酒屋、もつ鍋、手羽先,,izakaya,tb,True
fukuoka/fukuoka,17,大衆割烹 しらすくじら,居酒屋,,izakaya,tb,True
fukuoka/fukuoka,18,元祖もつ鍋楽天地 天神本店,もつ鍋、ホルモン、居酒屋,,meat,tb,True
fukuoka/fukuoka,19,牛角 天神西通り店,焼肉、ホルモン、居酒屋,,meat,tb,True
fukuoka/fukuoka,20,博多とりかわ大臣 天神串房,焼き鳥、居酒屋、鳥料理,,meat,tb,True
fukuoka/fukutsu,1,キッチン☆たなか,ハンバーグ、オムライス、洋食,,meat,tb,True
fukuoka/fukutsu,2,福間ラーメンろくでなし 福津本店,ラーメン、焼き鳥、居酒屋,,noodles,tb,True
fukuoka/fukutsu,3,アプテカ フレーゴ,カフェ、イタリアン、ピザ,,cafe,tb,True
fukuoka/fukutsu,4,究極の生パスタ ロゼッタ福津,ダイニングバー、パスタ、イタリアン,,izakaya,tb,True
fukuoka/fukutsu,5,レストラン・ハイポー 福津店,ステーキ、ハンバーグ,,meat,tb,True
fukuoka/fukutsu,6,シュンシャン・春香,中華料理、ラーメン,,chinese,tb,True
fukuoka/fukutsu,7,海の彩,寿司、海鮮、日本料理,,seafood,tb,True
fukuoka/fukutsu,8,活魚 大力,海鮮,,seafood,tb,True
fukuoka/fukutsu,9,らー麺　味噌哲,ラーメン,,noodles,tb,True
fukuoka/fukutsu,10,いけす料理 磯太郎,日本料理、海鮮、寿司,,japanese,tb,True
fukuoka/fukutsu,11,うどんや 栖（すみか）,うどん,,noodles,tb,True
fukuoka/fukutsu,12,となりのグリル,ハンバーグ、鉄板焼き、ダイニングバー,,meat,tb,True
fukuoka/fukutsu,13,味のまるい,ラーメン、中華料理、食堂,,noodles,tb,True
fukuoka/fukutsu,14,空と海,海鮮、海鮮丼、居酒屋,,seafood,tb,True
fukuoka/fukutsu,15,福飯店 福津店,台湾料理,,chinese,tb,True
fukuoka/fukutsu,16,honu.cafe,カフェ,,cafe,tb,True
fukuoka/fukutsu,17,本格石窯パン工房 麦の香り 福間店,パン、サンドイッチ,,sweets,tb,True
fukuoka/fukutsu,18,マハロ,カフェ、ハワイ料理,,cafe,tb,True
fukuoka/fukutsu,19,かろまつ,洋食、オムライス、カフェ,,european,tb,True
fukuoka/fukutsu,20,三光商店,ハンバーガー,,casual,tb,True
fukuoka/fukutsu,21,焼とり かい華,焼き鳥、鳥料理、居酒屋,,meat,tb,True
fukuoka/fukutsu,22,楽亭,ラーメン,,noodles,tb,True
fukuoka/fukutsu,23,ENZO,イタリアン、パスタ,,european,tb,True
fukuoka/fukutsu,24,麺屋Oggi 宮司店,ラーメン、パスタ、うどん,,noodles,tb,True
fukuoka/fukutsu,25,DILLY DALLY,レストラン、カフェ,,cafe,tb,False
fukuoka/fukutsu,26,カフェ ラナイ,カフェ,,cafe,tb,True
fukuoka/fukutsu,27,四季の味処 花靖,海鮮、海鮮丼、日本料理,,seafood,tb,True
fukuoka/fukutsu,28,ハイド パーク,ビアバー、ヨーロッパ料理,,izakaya,tb,True
fukuoka/fukutsu,29,漁師めし 来進,海鮮,,seafood,tb,True
fukuoka/fukutsu,30,CALIFORNIA BURGER,ハンバーガー,,casual,tb,True
fukuoka/fukutsu,31,コネット,パン,,sweets,tb,True
fukuoka/fukutsu,32,ハンバーグ&とんこつカレーの店 洋食バル マカロニ食堂,ダイニングバー、ハンバーグ、ステーキ,,izakaya,tb,True
fukuoka/fukutsu,33,とんかつ双葉 イオンモール福津店,とんかつ,,meat,tb,True
fukuoka/fukutsu,34,ポムドテール 福津,パン,,sweets,tb,True
fukuoka/fukutsu,35,カナダキッチン,カフェ,,cafe,tb,True
fukuoka/fukutsu,36,飯屋 ニクトサカナ,日本料理、洋食,,japanese,tb,True
fukuoka/fukutsu,37,cafe de BoCCo,カフェ,,cafe,tb,True
fukuoka/fukutsu,38,島屋,食堂、和菓子,,casual,tb,True
fukuoka/fukutsu,39,博多ラーメン ふくつまる,ラーメン,,noodles,tb,True
fukuoka/fukutsu,40,Cafe SUN EFFECT,カフェ,,cafe,tb,True
fukuoka/fukutsu,41,山ちゃんうどん,うどん、そば,,noodles,tb,True
fukuoka/fukutsu,42,アラペイザンヌ 福津店,洋菓子,,sweets,tb,True
fukuoka/fukutsu,43,CAFE ALOHA,カフェ、パンケーキ、カレー,,cafe,tb,True
fukuoka/fukutsu,44,CHEZ のぶくに,創作料理,,japanese,tb,True
fukuoka/fukutsu,45,開運堂,大福、和菓子,,sweets,tb,False
fukuoka/fukutsu,46,居酒屋又兵衛,居酒屋,,izakaya,tb,True
fukuoka/fukutsu,47,ベッカライ アロ,パン,,sweets,tb,True
fukuoka/fukutsu,48,中華料理光竜,中華料理,,chinese,tb,True
fukuoka/fukutsu,49,やきとり 陽,焼き鳥,,meat,tb,True
fukuoka/fukutsu,50,コフレ,ジェラート・アイスクリーム,,sweets,tb,True
fukuoka/fukutsu,51,大阪屋,お好み焼き,,casual,tb,True
fukuoka/fukutsu,52,六蔵,居酒屋、もつ鍋、しゃぶしゃぶ,,izakaya,tb,True
fukuoka/fukutsu,53,吉祥,居酒屋、海鮮、日本料理,,izakaya,tb,True
fukuoka/fukutsu,54,森永屋,甘味処、和菓子,,sweets,tb,True
fukuoka/fukutsu,55,ウィズコーヒー,カフェ,,cafe,tb,True
fukuoka/fukutsu,56,うみがめ,海鮮、弁当、郷土料理,,seafood,tb,True
fukuoka/fukutsu,57,四季酔亭・宮地館,日本料理、ふぐ、居酒屋,,japanese,tb,True
fukuoka/fukutsu,58,まるにラーメン,ラーメン,,noodles,tb,True
fukuoka/fukutsu,59,華カリー ジンジャー,カレー、居酒屋、日本料理,,curry,tb,True
fukuoka/fukutsu,60,めん勝 若木台店,そば、うどん、食堂,,noodles,tb,True
fukuoka/fukutsu,61,森のカフェ燦燦,カフェ、洋食,,cafe,tb,True
fukuoka/fukutsu,62,THE PARK,その他,,other,none,False
fukuoka/fukutsu,63,一風堂 イオンモール福津店,ラーメン,,noodles,tb,True
fukuoka/fukutsu,64,なちゅらる まんぷくや,和菓子,,sweets,tb,True
fukuoka/fukutsu,65,バーガーキング イオンモール福津店,ハンバーガー,,casual,tb,True
fukuoka/fukutsu,66,ケーキハウス・アン 福津店,ケーキ,,sweets,tb,True
fukuoka/fukutsu,67,クロエとパン,サンドイッチ、パン,,sweets,tb,True
fukuoka/fukutsu,68,定食や まるよし,食堂,,casual,tb,True
fukuoka/fukutsu,69,酒場 いっこん,居酒屋,,izakaya,tb,True
fukuoka/fukutsu,70,寿し芳,寿司、うなぎ,,seafood,tb,True
fukuoka/fukutsu,71,焼肉なかむら,焼肉、居酒屋、韓国料理,,meat,tb,True
fukuoka/fukutsu,72,マル・マーレ,イタリアン、ピザ、ビュッフェ,,european,tb,True
fukuoka/fukutsu,73,このみ,ラーメン,,noodles,tb,True
fukuoka/fukutsu,74,カフェ・ビーチ・コンバー,カフェ,,cafe,tb,True
fukuoka/fukutsu,75,本格インド料理 ニューサイノ,インドカレー、インド料理,,curry,tb,True
fukuoka/fukutsu,76,本場インド料理 パビタラ 福津店,インド料理,,curry,tb,True
fukuoka/fukutsu,77,オ魚ソウル,海鮮丼,,seafood,tb,True
fukuoka/fukutsu,78,オレンジ,パン、サンドイッチ、ケーキ,,sweets,tb,True
fukuoka/fukutsu,79,人形屋食堂,和菓子、食堂、うどん,,sweets,tb,True
fukuoka/fukutsu,80,そば処 海山,そば,,noodles,tb,True
fukuoka/fukutsu,81,platenne,フレンチ,,european,tb,True
fukuoka/fukutsu,82,食堂海味,食堂,,casual,tb,True
fukuoka/fukutsu,83,ARAN BAKERY,パン,,sweets,tb,True
fukuoka/fukutsu,84,手作りジェラート ANZU,ジェラート・アイスクリーム,,sweets,tb,True
fukuoka/fukutsu,85,PAiN KOTi,パン,,sweets,tb,True
fukuoka/fukutsu,86,博多天ぷら たかお イオンモール福津店,天ぷら、天丼,,japanese,tb,True
fukuoka/fukutsu,87,おんどる 福津海岸通り店,焼肉、韓国料理、すき焼き,,meat,tb,True
fukuoka/fukutsu,88,おさかな家族 イオンモール福津店,海鮮、寿司、ちゃんぽん,,seafood,tb,True
fukuoka/fukutsu,89,小松屋,レストラン、和菓子,,sweets,tb,False
fukuoka/fukutsu,90,ぎょうざの山八,餃子,,chinese,tb,True
fukuoka/fukutsu,91,博多わび助 福間店,焼き鳥,,meat,tb,True
fukuoka/fukutsu,92,ままや,居酒屋,,izakaya,tb,True
fukuoka/fukutsu,93,焼肉はなやま,焼肉,,meat,tb,True
fukuoka/fukutsu,94,くつろぎ,カフェ,,cafe,tb,True
fukuoka/fukutsu,95,和牛七輪焼肉 みむら,焼肉,,meat,tb,True
fukuoka/fukutsu,96,くつろぎ珈琲 宮司店,コーヒースタンド,,cafe,tb,True
fukuoka/fukutsu,97,漁師･割烹安徳丸,海鮮、居酒屋,,seafood,tb,True
fukuoka/fukutsu,98,ケーキハウス・アン イオン福津店,ケーキ、洋菓子,,sweets,tb,True
fukuoka/fukutsu,99,シトロン,ケーキ、パン,,sweets,tb,True
fukuoka/fukutsu,100,チャイニーズレストラン 華都,中華料理、担々麺,,chinese,tb,True
fukuoka/fukutsu,101,kitchen ナカシマ,洋食,,european,tb,True
fukuoka/fukutsu,102,創作旬彩鍋 玄杏,鍋、カフェ,,japanese,tb,True
fukuoka/fukutsu,103,ケーキハウス　リッツ,ケーキ,,sweets,tb,True
fukuoka/fukutsu,104,結び屋 睛,食堂,,casual,tb,True
fukuoka/fukutsu,105,そらいろ 小さな食堂とうつわのお店,カフェ、食堂,,cafe,tb,True
fukuoka/fukutsu,106,ニコビーチ,カフェ、パン,,cafe,tb,True
fukuoka/fukutsu,107,ベーカリー フクツリー,パン,,sweets,tb,True
fukuoka/fukutsu,108,K'smom cafe,カフェ,,cafe,tb,True
fukuoka/fukutsu,109,東筑軒 福間駅うどん店,うどん、そば、弁当,,noodles,tb,True
fukuoka/fukutsu,110,丸亀製麺 イオンモール福津店,うどん,,noodles,tb,True
fukuoka/fukutsu,111,いきいきあんずの里市,その他,,other,none,False
fukuoka/fukutsu,112,木かげ茶屋,レストラン,,other,none,False
fukuoka/fukutsu,113,まるご屋,居酒屋,,izakaya,tb,True
fukuoka/fukutsu,114,ひこぽぽ,カレー,,curry,tb,True
fukuoka/fukutsu,115,ポルケッタ,イタリアン,,european,tb,True
fukuoka/fukutsu,116,博多鯛焼き　鯛宝楽 福津本店,たい焼き・大判焼き,,sweets,tb,True
fukuoka/fukutsu,117,本場インド料理専門店 クシー,インドカレー,,curry,tb,True
fukuoka/fukutsu,118,カルビ家,焼肉,,meat,tb,True
fukuoka/fukutsu,119,海しゃん,海鮮、居酒屋,,seafood,tb,True
fukuoka/fukutsu,120,ZUPPA,ダイニングバー,,izakaya,tb,True
fukuoka/fukutsu,121,キッチン彩,ヨーロッパ料理、カフェ、ケーキ,,european,tb,True
fukuoka/fukutsu,122,DAY TRIP,カフェ,,cafe,tb,True
fukuoka/fukutsu,123,パティスリー エトワール,ケーキ,,sweets,tb,True
fukuoka/fukutsu,124,北海道スープカレー和み,スープカレー,,curry,tb,True
fukuoka/fukutsu,125,美食 さわ田,寿司、海鮮,,seafood,tb,True
fukuoka/fukutsu,126,Crepe Guider,クレープ・ガレット,,sweets,tb,True
fukuoka/fukutsu,127,カラオケ喫茶ルピナス,カラオケ、喫茶店,,izakaya,tb,True
fukuoka/fukutsu,128,若竹丸 福津店,回転寿司、寿司,,seafood,tb,True
fukuoka/fukutsu,129,ピア・サピド 福津店,イタリアン、パン,,european,tb,True
fukuoka/fukutsu,130,自家焙煎珈琲豆屋 珈琲まつり,カフェ,,cafe,tb,True
fukuoka/fukutsu,131,権田,寿司、海鮮丼、海鮮,,seafood,tb,True
fukuoka/fukutsu,132,ぢどり屋江藤,鳥料理,,other,none,False
fukuoka/fukutsu,133,Bintan,カフェ、バー,,cafe,tb,True
fukuoka/fukutsu,134,Piilo,その他,,other,none,False
fukuoka/fukutsu,135,ドライブイン しおはま,ハンバーガー,,casual,tb,True
fukuoka/fukutsu,136,ミタニコーヒー,カフェ,,cafe,tb,True
fukuoka/fukutsu,137,カメリアカフェ,カフェ,,cafe,tb,True
fukuoka/fukutsu,138,独楽,居酒屋、海鮮,,izakaya,tb,True
fukuoka/fukutsu,139,Peace comber,カフェ、クレープ・ガレット,,cafe,tb,True
fukuoka/fukutsu,140,グランドーム福岡ふくつ,その他,,other,none,False
fukuoka/fukutsu,141,暖暮 若木台店,ラーメン、餃子、丼,,noodles,tb,True
fukuoka/fukutsu,142,さち福や イオンモール福津店,食堂、天丼、甘味処,,casual,tb,True
fukuoka/fukutsu,143,串家物語 イオンモール福津店,串揚げ、居酒屋、ビュッフェ,,japanese,tb,True
fukuoka/fukutsu,144,紅虎餃子房 イオンモール福津,中華料理,,chinese,tb,True
fukuoka/fukutsu,145,うどん海翔,うどん,,noodles,tb,True
fukuoka/fukutsu,146,あんず お肉の工場直売所 福津店,その他,,other,none,False
fukuoka/fukutsu,147,グランピング福岡 ぶどうの樹,その他,,other,none,False
fukuoka/fukutsu,148,Coffee bean's 遊悠,カフェ,,cafe,tb,True
fukuoka/fukutsu,149,グラマーカフェ ミヤジハマ,カフェ,,cafe,tb,True
fukuoka/fukutsu,150,蛸吉,たこ焼き、お好み焼き、焼きそば,,casual,tb,True
fukuoka/fukutsu,151,八重食堂,ちゃんぽん、焼きそば、かき氷,,noodles,tb,True
fukuoka/fukutsu,152,まいこのカレー,カレー,,curry,tb,True
fukuoka/fukutsu,153,パン工房 コメコ ベーカリー,パン,,sweets,tb,True
fukuoka/fukutsu,154,ささ舟 津屋崎店,和菓子,,sweets,tb,True
fukuoka/fukutsu,155,きりんや麺,うどん,,noodles,tb,True
fukuoka/fukutsu,156,TOHOシネマズ 福津,その他,,other,none,False
fukuoka/fukutsu,157,桜のキャトル,洋菓子,,sweets,tb,True
fukuoka/fukutsu,158,ファスアラメール・ギ・タカハシ,フレンチ,,european,tb,True
fukuoka/fukutsu,159,寿し神力,寿司、海鮮丼,,seafood,tb,True
fukuoka/fukutsu,160,キャトルキュー,ケーキ、パン,,sweets,tb,True
fukuoka/fukutsu,161,アイリーカフェ,カフェ,,cafe,tb,True
fukuoka/fukutsu,162,鉄板焼 平吉 津屋崎店,もんじゃ焼き、お好み焼き,,casual,tb,True
fukuoka/fukutsu,163,海のパン屋 バム,パン,,sweets,tb,True
fukuoka/fukutsu,164,氷ノ音,かき氷,,sweets,tb,True
fukuoka/fukutsu,165,回転饅頭 ヨルちゃん,たい焼き・大判焼き,,sweets,tb,True
fukuoka/fukutsu,166,GOLDEN BREWERY,ビアホール,,other,none,False
fukuoka/fukutsu,167,THE TERRACE,カフェ,,cafe,tb,True
fukuoka/fukutsu,168,Patisserie&Cafe LapinD’or,ケーキ,,sweets,tb,True
fukuoka/fukutsu,169,リスドオル,パン,,sweets,tb,True
fukuoka/fukutsu,170,サイゼリヤ イオンモール福津店,ファミレス、イタリアン、パスタ,,casual,tb,True
fukuoka/fukutsu,171,はま寿司 イオンモール福津店,回転寿司,,seafood,tb,True
fukuoka/fukutsu,172,コメダ珈琲店 福間駅南店,喫茶店,,cafe,tb,True
fukuoka/fukutsu,173,築地銀だこ イオンモール福津店,たこ焼き,,casual,tb,True
fukuoka/fukutsu,174,スターバックスコーヒー イオンモール福津店,カフェ,,cafe,tb,True
fukuoka/fukutsu,175,グリル&パフェ ピノキオ イオンモール福津店,ハンバーグ、オムライス,,meat,tb,True
fukuoka/fukutsu,176,リンガーハット 福岡福間店,ちゃんぽん,,noodles,tb,True
fukuoka/fukutsu,177,リンガーハット イオンモール福津店,ちゃんぽん,,noodles,tb,True
fukuoka/fukutsu,178,ジョイフル 福岡福津店,ファミレス,,casual,tb,True
fukuoka/fukutsu,179,ミスタードーナツ イオンモール福津ショップ,ドーナツ,,sweets,tb,True
fukuoka/fukutsu,180,ラ サラマンジェドゥ ミヤモト,フレンチ,,european,tb,True
fukuoka/fukutsu,181,Seaside Kitchen MIU,洋食,,european,tb,True
fukuoka/fukutsu,182,一栄,居酒屋、日本料理、鍋,,izakaya,tb,True
fukuoka/fukutsu,183,酒菜 よしみどり,日本料理,,japanese,tb,True
fukuoka/fukutsu,184,今橋折箱店,甘味処,,sweets,tb,True
fukuoka/fukutsu,185,よし田,海鮮、居酒屋,,seafood,tb,True
fukuoka/fukutsu,186,パティスリー ケイツー,ケーキ、カフェ,,sweets,tb,True
fukuoka/fukutsu,187,ふか川,もつ鍋,,meat,tb,True
fukuoka/fukutsu,188,大阪屋,和菓子,,sweets,tb,True
fukuoka/fukutsu,189,焼鳥ふくま,焼き鳥,,meat,tb,True
fukuoka/fukutsu,190,アップルカフェ,カフェ,,cafe,tb,True
fukuoka/fukutsu,191,ベーカリージジ ジジのぱん屋,パン、ベーグル,,sweets,tb,True
fukuoka/fukutsu,192,福仙,中華料理,,chinese,tb,True
fukuoka/fukutsu,193,とり正,鳥料理、焼き鳥、手羽先,,meat,tb,False
fukuoka/fukutsu,194,バー ノートン,バー,,izakaya,tb,True
fukuoka/fukutsu,195,polygon,ビストロ,,european,tb,True
fukuoka/fukutsu,196,上田清商店,その他,,other,none,False
fukuoka/fukutsu,197,MAKOYA,居酒屋、日本料理、海鮮,,izakaya,tb,True
fukuoka/fukutsu,198,本格炭火焼鳥 達磨,焼き鳥,,meat,tb,True
fukuoka/fukutsu,199,BUTCHER DADDY,バーベキュー,,other,none,False
fukuoka/fukutsu,200,若武者,焼き鳥、海鮮,,meat,tb,True
fukuoka/fukutsu,201,ウエスト 福津店,そば、うどん,,noodles,tb,True
fukuoka/fukutsu,202,ペッパーランチ イオンモール福津店,牛料理、ステーキ,,meat,tb,False
fukuoka/fukutsu,203,ビビン亭 イオンモール福津店,韓国料理,,chinese,tb,True
fukuoka/fukutsu,204,サーティワンアイスクリーム イオンモール福津店,ジェラート・アイスクリーム,,sweets,tb,True
fukuoka/fukutsu,205,韓国フライドチキン・キンパ専門店 The.本物嗜好 Chicken Otte?,韓国料理,,chinese,tb,True
fukuoka/fukutsu,206,びっくりドンキー イオンモール福津店,ハンバーグ,,meat,tb,True
fukuoka/fukutsu,207,シアトルズベストコーヒー イオンモール福津店,カフェ,,cafe,tb,True
fukuoka/fukutsu,208,まるごのココロ,居酒屋、もつ鍋、日本料理,,izakaya,tb,True
fukuoka/fukutsu,209,朝ごはん屋,食堂,,casual,tb,True
fukuoka/fukutsu,210,さかきや,食堂、和菓子,,casual,tb,True
fukuoka/fukutsu,211,ひので家 イオンモール福津店,その他,,other,none,False
fukuoka/fukutsu,212,神興,焼き鳥、居酒屋,,meat,tb,True
fukuoka/fukutsu,213,Creachair,カフェ,,cafe,tb,True
fukuoka/fukutsu,214,とり坊主 福津店,からあげ,,meat,tb,True
fukuoka/fukutsu,215,ルートコーヒー,カフェ,,cafe,tb,True
fukuoka/fukutsu,216,ハンバーグ ミネバーグ,ハンバーグ,,meat,tb,True
fukuoka/fukutsu,217,早川豆腐店,その他,,other,none,False
fukuoka/fukutsu,218,あったか茶屋,日本料理,,japanese,tb,True
fukuoka/fukutsu,219,こまめよしこのかき氷,かき氷,,sweets,tb,True
fukuoka/fukutsu,220,KOMBUCHA NAGI,ティースタンド,,other,none,False
fukuoka/fukutsu,221,宮,立ち飲み,,izakaya,tb,True
fukuoka/fukutsu,222,津屋崎千軒なごみカフェ,カフェ,,cafe,tb,True
fukuoka/fukutsu,223,cafe & marine sports SUGAR,カフェ,,cafe,tb,True
fukuoka/fukutsu,224,and+NEORA,ジューススタンド、カフェ,,cafe,tb,True
fukuoka/fukutsu,225,竹乃屋 福間駅前店,居酒屋,,izakaya,tb,True
fukuoka/fukutsu,226,やよい軒 福津店,食堂,,casual,tb,True
fukuoka/fukutsu,227,マクドナルド 福津店,ハンバーガー,,casual,tb,True
fukuoka/fukutsu,228,しゃぶ菜 イオンモール福津,しゃぶしゃぶ、すき焼き,,meat,tb,True
fukuoka/fukutsu,229,果汁工房 果琳 イオンモール福津店,ジューススタンド,,cafe,tb,True
fukuoka/fukutsu,230,タリーズコーヒー イオンモール福津店,カフェ,,cafe,tb,True
fukuoka/fukutsu,231,唐十 イオンモール福津店,からあげ、弁当,,meat,tb,True
fukuoka/fukutsu,232,むっちゃん万十 福津店,たい焼き・大判焼き,,sweets,tb,True
fukuoka/fukutsu,233,デザート王国 イオンモール福津店,クレープ・ガレット、スイーツ,,sweets,tb,True
fukuoka/fukutsu,234,湖月堂 イオンモール福津店,和菓子、どら焼き、大福,,sweets,tb,True
fukuoka/fukutsu,235,すき家 イオンモール福津店,牛丼,,casual,tb,True
fukuoka/fukutsu,236,如水庵 イオンモール福津店,和菓子、ケーキ、大福,,sweets,tb,True
fukuoka/fukutsu,237,プルネール 福津店,パン,,sweets,tb,True
fukuoka/fukutsu,238,林檎堂 イオンモール福津店,スイーツ,,sweets,tb,True
fukuoka/fukutsu,239,光カフェ,カフェ、喫茶店,,cafe,tb,True
fukuoka/fukutsu,240,藤くら,日本料理,,japanese,tb,True
fukuoka/fukutsu,241,大磯,日本料理、海鮮,,japanese,tb,True
fukuoka/fukutsu,242,シャトレーゼ 福間店,ケーキ、ジェラート・アイスクリーム,,sweets,tb,True
fukuoka/fukutsu,243,想食家 むっしゅあずま,居酒屋、海鮮、日本料理,,izakaya,tb,True
fukuoka/fukutsu,244,フレンドリー,ファミレス,,casual,tb,True
fukuoka/fukutsu,245,めん六や 福岡福津店,うどん、そば、ラーメン,,noodles,tb,True
fukuoka/fukutsu,246,セブンイレブン 福津中央5丁目店,コンビニ・スーパー,,daily,tb,True
fukuoka/fukutsu,247,むすんでひらいて ルミエール福津店,弁当、惣菜・デリ,,casual,tb,True
fukuoka/fukutsu,248,五番街,喫茶店,,cafe,tb,True
fukuoka/fukutsu,249,古小路,その他,,other,none,False
fukuoka/fukutsu,250,セブンイレブン 福津勝浦店,コンビニ・スーパー,,daily,tb,True
fukuoka/fukutsu,251,きょう花,その他,,other,none,False
fukuoka/fukutsu,252,谷口観光いちご園,スイーツ,,sweets,tb,True
fukuoka/fukutsu,253,陽夜江,居酒屋,,izakaya,tb,True
fukuoka/fukutsu,254,あるじゃんの森,お好み焼き、バーベキュー,,casual,tb,True
fukuoka/fukutsu,255,クリフ クバーノ,パン,,sweets,tb,True
fukuoka/fukutsu,256,焼肉酒家えん,焼肉,,meat,tb,True
fukuoka/fukutsu,257,田ぐり庵,その他,,other,none,False
fukuoka/fukutsu,258,ケンタッキーフライドチキン イオンモール福津店,鳥料理、ハンバーガー,,casual,tb,False
fukuoka/fukutsu,259,焼肉ウエスト　 福間店,焼肉,,meat,tb,True
fukuoka/fukutsu,260,花玲,カフェ,,cafe,tb,True
fukuoka/fukutsu,261,おひさま唐揚げ,からあげ,,meat,tb,True
fukuoka/fukutsu,262,わくわく広場 イオンモール福津店,その他,,other,none,False
fukuoka/fukutsu,263,陣太鼓,焼き鳥,,meat,tb,True
fukuoka/fukutsu,264,からあげのふじや,からあげ、弁当,,meat,tb,True
fukuoka/fukutsu,265,からあげ 鷄好 福津店,からあげ,,meat,tb,True
fukuoka/fukutsu,266,からあげ鶏之介  宮司店,からあげ、弁当,,meat,tb,True
fukuoka/fukutsu,267,焼とり又兵衛,焼き鳥,,meat,tb,True
fukuoka/fukutsu,268,Korin Bagel,ベーグル,,sweets,tb,True
fukuoka/fukutsu,269,ふうが食堂,食堂,,casual,tb,True
fukuoka/fukutsu,270,茶房 ファー,カフェ,,cafe,tb,True
fukuoka/fukutsu,271,ささ舟 福間店,和菓子,,sweets,tb,True
fukuoka/fukutsu,272,博多とよ唐亭 ミスターマックス福津店,からあげ,,meat,tb,True
fukuoka/fukutsu,273,シェリー,レストラン,,other,none,False
fukuoka/fukutsu,274,炉ばた火の国,焼き鳥,,meat,tb,True
fukuoka/fukutsu,275,アプテカ,その他,,other,none,False
fukuoka/fukutsu,276,ほっともっと 福津日蒔野店,弁当,,casual,tb,True
fukuoka/fukutsu,277,ラ・パン 福津店,カフェ、パン、ドーナツ,,cafe,tb,True
fukuoka/fukutsu,278,クィックティー イオンモール福津店,スイーツ,,sweets,tb,True
fukuoka/fukutsu,279,PUBLIC THEATER,カフェ,,cafe,tb,True
fukuoka/fukutsu,280,Bar Corazon,バー,,izakaya,tb,True
fukuoka/fukutsu,281,HICHEESE,ケーキ,,sweets,tb,True
fukuoka/fukutsu,282,CAFE ALICE,カフェ,,cafe,tb,True
fukuoka/fukutsu,283,Cafe ours cache-cache,カフェ,,cafe,tb,True
fukuoka/fukutsu,284,花源,焼き鳥,,meat,tb,True
fukuoka/fukutsu,285,アトリエ夢工房,パン,,sweets,tb,True
fukuoka/fukutsu,286,宗像水軍海鮮食堂,日本料理,,japanese,tb,True
fukuoka/fukutsu,287,や台ずし 福間駅西口町,居酒屋、寿司、海鮮,,izakaya,tb,True
fukuoka/fukutsu,288,無印良品 イオンモール福津店,その他,,other,none,False
fukuoka/fukutsu,289,福津夜珈琲,カフェ,,cafe,tb,True
fukuoka/fukutsu,290,ぎょうざの東天紅 福津販売所,その他,,other,none,False
fukuoka/fukutsu,291,ネオラログイン,その他,,other,none,False
fukuoka/fukutsu,292,ふれあい広場 ふくま,その他,,other,none,False
fukuoka/fukutsu,293,明月堂 イオン福津店,和菓子,,sweets,tb,True
fukuoka/fukutsu,294,腸活商店,その他,,other,none,False
fukuoka/fukutsu,295,金の小槌,ケーキ,,sweets,tb,True
fukuoka/fukutsu,296,ほっともっと 津屋崎店,弁当、からあげ,,casual,tb,True
fukuoka/fukutsu,297,らー麺 かい華,ラーメン,,noodles,tb,True
fukuoka/fukutsu,298,豊村酒造,その他,,other,none,False
fukuoka/fukutsu,299,ほっともっと 手光店,弁当,,casual,tb,True
fukuoka/fukutsu,300,ファミリーマート JR福間駅店,コンビニ・スーパー,,daily,tb,True
fukuoka/fukutsu,301,福津キンパ,韓国料理,,chinese,tb,True
fukuoka/fukutsu,302,生そば屋 Ichiei,そば,,noodles,tb,True
fukuoka/fukutsu,303,筑前蒲鉾本舗,その他,,other,none,False
fukuoka/fukutsu,304,ドッグライフ こたびより,カフェ,,cafe,tb,True
fukuoka/fukutsu,305,南部食堂,食堂,,casual,tb,True
fukuoka/fukutsu,306,とり新,揚げ物,,casual,tb,True
fukuoka/fukutsu,307,Hi×スタ,居酒屋,,izakaya,tb,True
fukuoka/fukutsu,308,UMEYA BRAINERY イオンモール福津店,チョコレート,,sweets,tb,True
fukuoka/fukutsu,309,お好み焼き 一,お好み焼き,,casual,tb,True
fukuoka/fukutsu,310,薬膳カフェ&BAR 寿膳,カフェ、バー,,cafe,tb,True
fukuoka/fukutsu,311,Ekadbo space,カフェ,,cafe,tb,True
fukuoka/fukutsu,312,LAWSON 福津中央1丁目店,コンビニ・スーパー,,daily,tb,True
fukuoka/fukutsu,313,HarrY's Coffee,カフェ,,cafe,tb,True
fukuoka/fukutsu,314,かき小屋ビーグロウ,海鮮、オイスターバー,,seafood,tb,True
fukuoka/fukutsu,315,味自慢,日本料理,,japanese,tb,True
fukuoka/fukutsu,316,どらご,イタリアン,,european,tb,True
fukuoka/fukutsu,317,セブンイレブン 福間海岸通り店,コンビニ・スーパー,,daily,tb,True
fukuoka/fukutsu,318,イオン 福津店,コンビニ・スーパー,,daily,tb,True
fukuoka/fukutsu,319,chez papa,バー,,izakaya,tb,True
fukuoka/fukutsu,320,かずさや,日本料理,,japanese,tb,True
fukuoka/fukutsu,321,鉄板居酒屋 平吉 福間店,居酒屋、鉄板焼き、もんじゃ焼き,,izakaya,tb,True
fukuoka/fukutsu,322,おやつ工房りきゅう,洋菓子、スイーツ,,sweets,tb,True
fukuoka/fukutsu,323,星のテラス,ビアガーデン、バーベキュー、ビュッフェ,,casual,tb,False
fukuoka/fukutsu,324,城川珈琲,喫茶店、カフェ,,cafe,tb,True
fukuoka/fukutsu,325,万笑,焼き鳥,,meat,tb,True
fukuoka/fukutsu,326,ブルゴギ亭,焼肉、韓国料理,,meat,tb,True
fukuoka/fukutsu,327,タナカタコス,タコス,,other,none,False
fukuoka/fukutsu,328,お食事処うしお,レストラン、海鮮,,seafood,tb,False
fukuoka/fukutsu,329,KANOA SPORTS,かき,,other,none,False
fukuoka/fukutsu,330,SUN EFFECT,その他,,other,none,False
fukuoka/fukutsu,331,カフェ・カルディーノ,カフェ,,cafe,tb,True
fukuoka/fukutsu,332,ローソン 福津花見が丘1丁目店,コンビニ・スーパー,,daily,tb,True
fukuoka/fukutsu,333,余暇,その他,,other,none,False
fukuoka/fukutsu,334,やきとり大門,焼き鳥,,meat,tb,True
fukuoka/fukutsu,335,サンストン,喫茶店,,cafe,tb,True
fukuoka/fukutsu,336,セブンイレブン 福津若木台店,コンビニ・スーパー,,daily,tb,True
fukuoka/fukutsu,337,LAWSON 宗像若木台店,コンビニ・スーパー,,daily,tb,True
fukuoka/fukutsu,338,ゴリラ,ケーキ,,sweets,tb,True
fukuoka/fukutsu,339,ぴえろ,居酒屋,,izakaya,tb,True
fukuoka/fukutsu,340,ピザクック 福津店,ピザ,,european,tb,True
fukuoka/fukutsu,341,唐揚げお華,からあげ、弁当,,meat,tb,True
fukuoka/fukutsu,342,かき小屋パンタイバグース,海鮮、日本料理,,seafood,tb,True
fukuoka/fukutsu,343,セラヴィ,喫茶店,,cafe,tb,True
fukuoka/fukutsu,344,セブンイレブン 福間駅南店,コンビニ・スーパー,,daily,tb,True
fukuoka/fukutsu,345,猫ル百貨店,喫茶店,,cafe,tb,True
fukuoka/fukutsu,346,ミニストップ 東福間店,コンビニ・スーパー,,daily,tb,True
fukuoka/fukutsu,347,焼鳥 炭匠,焼き鳥,,meat,tb,True
fukuoka/fukutsu,348,noriko crepe&sweets,クレープ・ガレット,,sweets,tb,True
fukuoka/fukutsu,349,であい茶屋,居酒屋,,izakaya,tb,True
fukuoka/fukutsu,350,アジアンバー ステア,バー,,izakaya,tb,True
fukuoka/fukutsu,351,Mahalo,,Cafe,cafe,ta,True
fukuoka/fukutsu,352,Restaurant Hypor Fukutsu,,Steakhouse,meat,ta,True
fukuoka/fukutsu,353,Tennen Katsugyo No Mise Hanasho,,Japanese;Seafood,seafood,ta,True
fukuoka/fukutsu,354,Takaya Fukutsu Main Store,,Japanese;Japanese - Other ,japanese,ta,True
fukuoka/fukutsu,355,Kaishan,,Japanese;Seafood;Japanese - Other ,seafood,ta,True
fukuoka/fukutsu,356,Tochikuken Fukuma Udon,,Japanese;Japanese - Other ,japanese,ta,True
fukuoka/fukutsu,357,Indian New Saino,,Indian,curry,ta,True
fukuoka/fukutsu,358,Rosetta Fukutsu,,Italian,european,ta,True
fukuoka/fukutsu,359,Dopo,,Asian,chinese,ta,True
fukuoka/fukutsu,360,Apple Cafe,,Cafe,cafe,ta,True
fukuoka/fukutsu,361,Daichi No Udon Fukutsu,,Japanese,japanese,ta,True
fukuoka/fukutsu,362,Anzu no Sato Restaurant Furusato,,Japanese;International,japanese,ta,True
fukuoka/fukutsu,363,Joyfull,,International,other,none,False
fukuoka/fukutsu,364,Ringer Hut Aeon Mall Fukutsu,,,other,none,False
fukuoka/fukutsu,365,Sushi Nakamura,,Japanese;Sushi,seafood,ta,True
fukuoka/fukutsu,366,Amami Kissa Wakatake,,,other,none,False
fukuoka/fukutsu,367,Coco Ichibanya Plum Garden Hanamihigashi,,Japanese,japanese,ta,True
fukuoka/fukutsu,368,Starbucks Coffee Aeon Mall Fukutsu,,Cafe,cafe,ta,True
fukuoka/fukutsu,369,Farmer s Vegetables and Gift From the Land Tonari No Grill,,Cafe;Barbecue;Grill;Kyushu cuisine;Japanese Fusion,meat,ta,True
fukuoka/fukutsu,370,Kokage,,Cafe,cafe,ta,True
fukuoka/fukutsu,371,Zakoya Aeon Mall Fukutsu,,Japanese,japanese,ta,True
fukuoka/fukutsu,372,Chateau,,Chinese,chinese,ta,True
fukuoka/fukutsu,373,Terrace on Waves Mal Mare,,,other,none,False
fukuoka/fukutsu,374,Ethnic Tavern Enakbagus,,Asian,chinese,ta,True
fukuoka/fukutsu,375,Takao Aeon Mall Fukuzu,,Japanese;Japanese - Other ,japanese,ta,True
fukuoka/fukutsu,376,Ringer Hut Fukuoka Fukuma,,,other,none,False
fukuoka/fukutsu,377,Ichiraku Ramentsuyazaki,,,other,none,False
fukuoka/fukutsu,378,Danbo Wakagidai,,,other,none,False
fukuoka/fukutsu,379,Monsieur Azuma,,Japanese,japanese,ta,True
fukuoka/fukutsu,380,Igokochi Dining Azu,,Steakhouse,meat,ta,True
fukuoka/fukutsu,381,Ohana Chaya,,Japanese;Cafe,cafe,ta,True
fukuoka/fukutsu,382,Wakaba,,,other,none,False
fukuoka/fukutsu,383,Kadoya,,Japanese;International;Japanese - Other ,japanese,ta,True
fukuoka/fukutsu,384,Chinese Restauranttenshin,,Chinese,chinese,ta,True
fukuoka/fukutsu,385,Tatsunoya Ramen Ibuki Aeon Mall Fukutsu,,,other,none,False
fukuoka/fukutsu,386,Chang ke Aeon Mall Fukutsu,,Asian;Korean,chinese,ta,True
fukuoka/fukutsu,387,Ramen Misotetsu,,,other,none,False
fukuoka/fukutsu,388,生そばあずま 福間店,,Japanese;Japanese - Other ,japanese,ta,True
fukuoka/fukutsu,389,Isaburo Bread Fukutsu,,,other,none,False
fukuoka/fukutsu,390,Shunxiang,,Chinese,chinese,ta,True
fukuoka/fukutsu,391,Danke,,Izakaya (Japanese Style Tavern),izakaya,ta,True
fukuoka/fukutsu,392,Marimo No Udon,,Japanese;Japanese - Other ,japanese,ta,True
fukuoka/fukutsu,393,Banshu Tonkatsu Futaba,,Japanese,japanese,ta,True
fukuoka/fukutsu,394,Beer Publlc Restaurant Hyde Park,,,other,none,False
fukuoka/fukutsu,395,Hana Curry Ginger,,Indian,curry,ta,True
fukuoka/fukutsu,396,Gojunimangoku Josuian Aeon Mall Fukutsu,,,other,none,False
fukuoka/fukutsu,397,Kaisen Honpo Donmaru Fukutsu,,,other,none,False
fukuoka/fukutsu,398,Hyde Park,,,other,none,False
fukuoka/fukutsu,399,Dosanko Ramen Fukuma,,,other,none,False
fukuoka/fukutsu,400,Cattle of Sakura,,Cafe,cafe,ta,True
fukuoka/fukutsu,401,Chidoriya Aeon Fukutsu,,,other,none,False
fukuoka/fukutsu,402,Uotami Fukuma Higashiguchi Ekimae,,Japanese;Izakaya (Japanese Style Tavern),izakaya,ta,True
fukuoka/fukutsu,403,Moa s Kirchen,,,other,none,False
fukuoka/fukutsu,404,Benitora Gyozabo AEON MALL Fukutsu,,Chinese;Asian,chinese,ta,True
fukuoka/fukutsu,405,Beach Cafe Stay Bocco Villa,,Italian;Cafe,european,ta,True
fukuoka/fukutsu,406,Sushi Shinriki,,Japanese;Seafood;Sushi,seafood,ta,True
fukuoka/fukutsu,407,Fuji Sushi,,Japanese;Seafood;Sushi;Japanese - Other ,seafood,ta,True
fukuoka/fukutsu,408,Cafe Lanai,,Cafe,cafe,ta,True
fukuoka/fukutsu,409,Burger Cafe Fleur Monmon,,French,european,ta,True
fukuoka/fukutsu,410,Meisuien,,Chinese,chinese,ta,True
fukuoka/fukutsu,411,Ramen Tsuten,,Asian,chinese,ta,True
fukuoka/fukutsu,412,Pizza Pocket Fukuma,,Japanese,japanese,ta,True
fukuoka/fukutsu,413,Umi Bakery,,,other,none,False
fukuoka/fukutsu,414,Ueda Confectionery,,,other,none,False
fukuoka/fukutsu,415,Sushifutoshi,,Japanese;Seafood;Sushi;Japanese - Other ,seafood,ta,True
fukuoka/fukutsu,416,Udon Izakaya Kyo,,Japanese,japanese,ta,True
fukuoka/fukutsu,417,Western Bal Macaroni Dininig Room,,Italian,european,ta,True
fukuoka/fukutsu,418,Jojoya,,Italian,european,ta,True
fukuoka/fukutsu,419,Sadakosan,,Cafe,cafe,ta,True
fukuoka/fukutsu,420,Yoshokuya Pallet,,,other,none,False
fukuoka/fukutsu,421,Hashimoto Shoten,,Japanese;Izakaya (Japanese Style Tavern),izakaya,ta,True
fukuoka/fukutsu,422,Gallery Kura,,,other,none,False
fukuoka/fukutsu,423,Irie Cafe,,,other,none,False
fukuoka/fukutsu,424,KollaBo Korabo Aeon Mall Fukutsu,,,other,none,False
fukuoka/fukutsu,425,Marutani,,,other,none,False
fukuoka/fukutsu,426,Jonetsu Hormone Fukuoka Fukuma Bar,,,other,none,False
fukuoka/fukutsu,427,Pepper Lunch Aeon Mall Fukutsu,,,other,none,False
fukuoka/fukutsu,428,Ippudo Aeon Mall Fukutsu,,,other,none,False
fukuoka/fukutsu,429,Cafe Restaurant Dentdelion,,Cafe,cafe,ta,True
fukuoka/fukutsu,430,Izakaya Gokan,,Japanese,japanese,ta,True
fukuoka/fukutsu,431,Bar Good for Nothing,,Bar;Pub,izakaya,ta,True
fukuoka/fukutsu,432,Koryori Ushimatsu,,Japanese;Japanese - Other ,japanese,ta,True
fukuoka/fukutsu,433,Francois Fukuma Ekimae,,,other,none,False
fukuoka/fukutsu,434,Yataizushi Fukumaekinishiguchi,,,other,none,False
fukuoka/fukutsu,435,Sushi Marche,,Japanese;Seafood;Japanese - Other ,seafood,ta,True
fukuoka/fukutsu,436,Miyaji Shokudo You Club,,Japanese - Other ,japanese,ta,True
fukuoka/fukutsu,437,Uokatsu,,Japanese,japanese,ta,True
fukuoka/fukutsu,438,Ajisai Bento,,Japanese,japanese,ta,True
fukuoka/fukutsu,439,Kikuchiken,,Japanese,japanese,ta,True
fukuoka/fukutsu,440,Koshoji,,Cafe,cafe,ta,True
fukuoka/fukutsu,441,Mompei,,Japanese,japanese,ta,True
fukuoka/fukutsu,442,Motsunabe Tokuchan,,Japanese,japanese,ta,True
fukuoka/fukutsu,443,Chip,,Cafe,cafe,ta,True
fukuoka/fukutsu,444,Koryori Hiro,,Japanese,japanese,ta,True
fukuoka/fukutsu,445,Ushimatsu,,Japanese,japanese,ta,True
fukuoka/fukutsu,446,Sagiri,,Japanese;Japanese - Traditional Cuisine;Kappo,japanese,ta,True
fukuoka/fukutsu,447,Ajiichiri,,Japanese;Japanese - Traditional Cuisine,japanese,ta,True
fukuoka/fukutsu,448,Little Naples,,Japanese,japanese,ta,True
fukuoka/fukutsu,449,Pasteria Buono,,Japanese,japanese,ta,True
fukuoka/fukutsu,450,Star Beach,,International,other,none,False
fukuoka/fukutsu,451,Ganbattei Fukutsu,,Japanese,japanese,ta,True
fukuoka/fukutsu,452,Kokozo,,Japanese,japanese,ta,True
fukuoka/fukutsu,453,Moppoen,,Japanese,japanese,ta,True
fukuoka/fukutsu,454,Kurumi,,International,other,none,False
fukuoka/fukutsu,455,Izakaya Nidaime Ichimi,,Japanese;Izakaya (Japanese Style Tavern),izakaya,ta,True
fukuoka/fukutsu,456,Pierrott,,Izakaya (Japanese Style Tavern),izakaya,ta,True
fukuoka/fukutsu,457,Izakaya Mansho,,Japanese;Izakaya (Japanese Style Tavern),izakaya,ta,True
fukuoka/fukutsu,458,Bar Norton,,Bar,izakaya,ta,True
fukuoka/fukutsu,459,Tokinone,,Japanese,japanese,ta,True
fukuoka/fukutsu,460,Sorato Cafe,,,other,none,False
fukuoka/fukutsu,461,Nampu Shuka Paikaji,,Japanese;Izakaya (Japanese Style Tavern),izakaya,ta,True
fukuoka/fukutsu,462,Conami,,,other,none,False
fukuoka/fukutsu,463,Izakaya Jan Jan,,Japanese;Izakaya (Japanese Style Tavern),izakaya,ta,True
fukuoka/fukutsu,464,Tarts Quiche Cafe Bottega Cou,,,other,none,False
fukuoka/fukutsu,465,Fukujyuya,,,other,none,False
fukuoka/fukutsu,466,Fujinaka,,,other,none,False
fukuoka/fukutsu,467,Lof,,,other,none,False
fukuoka/fukutsu,468,Sunpia Fukuoka Restaurant,,,other,none,False
fukuoka/fukutsu,469,Chidoriya Fukuma,,,other,none,False
fukuoka/fukutsu,470,Rakuraku,,,other,none,False
fukuoka/fukutsu,471,Kitchen Ramputei Fukutsu,,,other,none,False
fukuoka/fukutsu,472,Ihara Pastry,,,other,none,False
fukuoka/fukutsu,473,Ippoissho Kamiya KIssho,,,other,none,False
fukuoka/fukutsu,474,Camellia Cafe,,,other,none,False
fukuoka/fukutsu,475,Kakuuchi Hakata Ichibandori Fukutsu,,,other,none,False
fukuoka/fukutsu,476,Pizza Cooc Fukutsu,,,other,none,False
fukuoka/hirokawa,1,太昌うどん,うどん、そば,,noodles,tb,True
fukuoka/hirokawa,2,クリームランドカフェ 広川ＳＡ店,ジェラート・アイスクリーム、カフェ,,sweets,tb,True
fukuoka/hirokawa,3,めん処 広川,うどん、そば,,noodles,tb,True
fukuoka/hirokawa,4,グルメ風月 広川SA店,鉄板焼き、洋食,,meat,tb,True
fukuoka/hirokawa,5,籠,居酒屋、中華料理、創作料理,,izakaya,tb,True
fukuoka/hirokawa,6,そまりあんカレー,カレー,,curry,tb,True
fukuoka/hirokawa,7,茶の葉堂,カフェ,,cafe,tb,True
fukuoka/hirokawa,8,ティア 風と虹の店,オーガニック、ビュッフェ,,casual,tb,False
fukuoka/hirokawa,9,人力 めん太郎,うどん、そば、食堂,,noodles,tb,True
fukuoka/hirokawa,10,ベティママ 広川ＳＡ店,ケーキ,,sweets,tb,True
fukuoka/hirokawa,11,出島號,ちゃんぽん,,noodles,tb,True
fukuoka/hirokawa,12,バンテルン 広川SA店,パン,,sweets,tb,True
fukuoka/hirokawa,13,らーめんさかい,ラーメン,,noodles,tb,True
fukuoka/hirokawa,14,広川サービスエリア上り線スナックコーナー,その他,,other,none,False
fukuoka/hirokawa,15,鶴乃堂八女,肉まん,,other,none,False
fukuoka/hirokawa,16,広川サービスエリア 下り線,その他,,other,none,False
fukuoka/hirokawa,17,ちゃお,イタリアン,,european,tb,True
fukuoka/hirokawa,18,久留米カントリークラブ レストラン,洋食、ちゃんぽん,,european,tb,True
fukuoka/hirokawa,19,昭和食堂館,洋食,,european,tb,True
fukuoka/hirokawa,20,Locavore,カフェ,,cafe,tb,True
fukuoka/hirokawa,21,広川サービスエリア（上り線）レストラン,食堂、ケーキ、サンドイッチ,,casual,tb,True
fukuoka/hirokawa,22,和華,日本料理,,japanese,tb,True
fukuoka/hirokawa,23,水車そば　さかせ,そば,,noodles,tb,True
fukuoka/hirokawa,24,森の中のレストラン 巴里斯,フレンチ,,european,tb,True
fukuoka/hirokawa,25,和食処 風月,そば、食堂,,noodles,tb,True
fukuoka/hirokawa,26,ド・ミール鶴 本店,ケーキ,,sweets,tb,True
fukuoka/hirokawa,27,広川いちご園カフェ,カフェ、ケーキ,,cafe,tb,True
fukuoka/hirokawa,28,耳納,ラーメン,,noodles,tb,True
fukuoka/hirokawa,29,台湾料理 福来たる,台湾料理、中華料理、飲茶・点心,,chinese,tb,True
fukuoka/hirokawa,30,SIDE TRIP CAFE&STORE,カフェ,,cafe,tb,True
fukuoka/hirokawa,31,うどん・そば 八女,うどん、そば、日本料理,,noodles,tb,True
fukuoka/hirokawa,32,和食乃沙都使,日本料理、居酒屋、海鮮,,japanese,tb,True
fukuoka/hirokawa,33,筑豊ラーメン山小屋 広川店,ラーメン、鍋、その他,,noodles,tb,True
fukuoka/hirokawa,34,広川サービスエリア 上り,その他,,other,none,False
fukuoka/hirokawa,35,一條の森ココチ,ハンバーグ,,meat,tb,True
fukuoka/hirokawa,36,甘味のしずく,甘味処,,sweets,tb,True
fukuoka/hirokawa,37,sakata cafe,カフェ,,cafe,tb,True
fukuoka/hirokawa,38,夢みてなんぼ 八女店,ラーメン,,noodles,tb,True
fukuoka/hirokawa,39,彦佐 広川店,郷土料理,,japanese,tb,True
fukuoka/hirokawa,40,KIN NO TOSAKA,カフェ、からあげ,,cafe,tb,True
fukuoka/hirokawa,41,おおはし鮮魚店,その他,,other,none,False
fukuoka/hirokawa,42,すりみ屋,天ぷら、肉まん,,japanese,tb,True
fukuoka/hirokawa,43,金の鶏冠,レストラン,,other,none,False
fukuoka/hirokawa,44,野田眞木雄餅店,和菓子,,sweets,tb,True
fukuoka/hirokawa,45,タンドル,パン、サンドイッチ,,sweets,tb,True
fukuoka/hirokawa,46,炭坊主,焼き鳥,,meat,tb,True
fukuoka/hirokawa,47,Ann,喫茶店,,cafe,tb,True
fukuoka/hirokawa,48,スタミナ苑,焼肉,,meat,tb,True
fukuoka/hirokawa,49,らーめんさかい 2号店,ラーメン、ちゃんぽん、からあげ,,noodles,tb,True
fukuoka/hirokawa,50,ヒロカワ 里カフェ まち子のおやつ,洋食、カフェ,,european,tb,True
fukuoka/hirokawa,51,料亭 扇屋,日本料理,,japanese,tb,True
fukuoka/hirokawa,52,テイクアウト　おふくろ,惣菜・デリ,,casual,tb,True
fukuoka/hirokawa,53,やまんた農園 YAMANTO,ビストロ,,european,tb,True
fukuoka/hirokawa,54,ジョイフル 広川店,ファミレス,,casual,tb,True
fukuoka/hirokawa,55,想夫恋 広川SA店,焼きそば,,noodles,tb,True
fukuoka/hirokawa,56,上島珈琲店 広川SA上り店,カフェ,,cafe,tb,True
fukuoka/hirokawa,57,プランツ ファンショップ ナチュラ,ジューススタンド,,cafe,tb,True
fukuoka/hirokawa,58,居酒屋 大泉,居酒屋,,izakaya,tb,True
fukuoka/hirokawa,59,しまのはこぱん,パン,,sweets,tb,True
fukuoka/hirokawa,60,めん屋 一重,ラーメン,,noodles,tb,True
fukuoka/hirokawa,61,ベジレス,イタリアン、パスタ、カフェ,,european,tb,True
fukuoka/hirokawa,62,いちょう庵,たい焼き・大判焼き、たこ焼き,,sweets,tb,True
fukuoka/hirokawa,63,naturi,洋菓子,,sweets,tb,True
fukuoka/hirokawa,64,ほっともっと 広川町店,弁当,,casual,tb,True
fukuoka/hirokawa,65,御食事処 才,居酒屋,,izakaya,tb,True
fukuoka/hirokawa,66,ディライトキッチン 27,洋食,,european,tb,True
fukuoka/hirokawa,67,デイリーヤマザキ 広川当条店,コンビニ・スーパー、パン,,daily,tb,True
fukuoka/hirokawa,68,こうちゃん,弁当,,casual,tb,True
fukuoka/hirokawa,69,ガーベラキッチン,オムライス、パスタ、中東料理,,european,tb,True
fukuoka/hirokawa,70,よらんの,海鮮,,seafood,tb,True
fukuoka/hirokawa,71,桝元,居酒屋,,izakaya,tb,True
fukuoka/hirokawa,72,お菓子工房ソレイユ 直売所,スイーツ,,sweets,tb,True
fukuoka/hirokawa,73,I♡KARAAGE,からあげ、弁当,,meat,tb,True
fukuoka/hirokawa,74,想咲ダイニング 憩,レストラン,,other,none,False
fukuoka/hirokawa,75,まめはや あん楠,カフェ,,cafe,tb,True
fukuoka/hirokawa,76,役場前酒場,居酒屋,,izakaya,tb,True
fukuoka/hirokawa,77,自家製ハンバーグ屋 安べえ,ハンバーグ,,meat,tb,True
fukuoka/hirokawa,78,todoke!,弁当、惣菜・デリ,,casual,tb,True
fukuoka/hirokawa,79,久保田せんべい本舗,和菓子,,sweets,tb,True
fukuoka/hirokawa,80,えん屋,居酒屋,,izakaya,tb,True
fukuoka/hirokawa,81,Kibiru Kitchen,カフェ、洋菓子、ジェラート・アイスクリーム,,cafe,tb,True
fukuoka/hirokawa,82,焼とり山路,焼き鳥,,meat,tb,True
fukuoka/hirokawa,83,リセス,喫茶店,,cafe,tb,True
fukuoka/hirokawa,84,福岡 ナチュラルスープ,スープ,,other,none,False
fukuoka/hirokawa,85,居酒屋ひろし,居酒屋,,izakaya,tb,True
fukuoka/hirokawa,86,ランチBOX味彩,弁当,,casual,tb,True
fukuoka/hirokawa,87,華のれん,食堂,,casual,tb,True
fukuoka/hirokawa,88,隆勝堂 広川店,和菓子,,sweets,tb,True
fukuoka/hirokawa,89,お菓子工房 ソレイユ,洋菓子,,sweets,tb,True
fukuoka/hirokawa,90,六九,居酒屋,,izakaya,tb,True
fukuoka/hirokawa,91,寿し廣,寿司,,seafood,tb,True
fukuoka/hirokawa,92,地鶏舎,鳥料理,,other,none,False
fukuoka/hirokawa,93,カフェ レオン,パン、スイーツ,,sweets,tb,True
fukuoka/hirokawa,94,Nanakusa,,American,european,ta,True
fukuoka/hirokawa,95,Vege Res,,Fusion,other,none,False
fukuoka/hirokawa,96,Sanpuku,,Asian,chinese,ta,True
fukuoka/hirokawa,97,Joyfull Hirokawa,,International,other,none,False
fukuoka/hirokawa,98,Ogiya,,Japanese,japanese,ta,True
fukuoka/hirokawa,99,Gourmet Fugetsu Hirokawa SA,,,other,none,False
fukuoka/hirokawa,100,Waka,,Japanese,japanese,ta,True
fukuoka/hirokawa,101,Taisho Udon,,Japanese;Japanese - Other ,japanese,ta,True
fukuoka/hirokawa,102,Paris,,French,european,ta,True
fukuoka/hirokawa,103,Ramen Umashi,,,other,none,False
fukuoka/hirokawa,104,Sumibiyaki Yoshi,,Japanese,japanese,ta,True
fukuoka/hirokawa,105,Maruko Ramen,,,other,none,False
fukuoka/hirokawa,106,Torisho Hirokawa,,Japanese,japanese,ta,True
fukuoka/hirokawa,107,Korean Restaurant Sejon,,Asian;Korean,chinese,ta,True
fukuoka/hirokawa,108,Recess,,Cafe,cafe,ta,True
fukuoka/hirokawa,109,Hakata Marubi,,Japanese;Japanese - Other ,japanese,ta,True
fukuoka/hirokawa,110,Hotomeki Restaurant,,,other,none,False
fukuoka/hirokawa,111,Sumibiyaki Itoyo,,Japanese,japanese,ta,True
fukuoka/hirokawa,112,Yakitori Ichi,,Japanese;Japanese - Other ,japanese,ta,True
fukuoka/hirokawa,113,Lunch Box Ajisai,,Japanese,japanese,ta,True
fukuoka/hirokawa,114,Yamako,,Japanese,japanese,ta,True
fukuoka/hirokawa,115,Masugen,,Japanese;Seafood;Japanese - Other ,seafood,ta,True
fukuoka/hirokawa,116,Hashi Asobi Nakashima,,Japanese;International;Japanese - Other ,japanese,ta,True
fukuoka/hirokawa,117,Yakitori Tokuchan,,Japanese;Japanese - Other ,japanese,ta,True
fukuoka/hirokawa,118,Sushiko,,Japanese;Seafood;Sushi;Japanese - Other ,seafood,ta,True
fukuoka/hirokawa,119,Yakitori Kibarashi,,Japanese,japanese,ta,True
fukuoka/hirokawa,120,Yakitori Torihiro,,,other,none,False
fukuoka/hirokawa,121,Izakaya Enya,,Japanese;Izakaya (Japanese Style Tavern),izakaya,ta,True
fukuoka/hirokawa,122,Nagomi,,International,other,none,False
fukuoka/hirokawa,123,Karaoke Bun Chan,,International,other,none,False
fukuoka/hirokawa,124,Seshu,,Asian;Korean,chinese,ta,True
fukuoka/hirokawa,125,Patisserie Cafe Pousser Hirokawa,,,other,none,False
fukuoka/hirokawa,126,Plants Fan Shop Natura,,,other,none,False
fukuoka/hirokawa,127,Karaoke Dance Kitchen Bar Wing,,,other,none,False
fukuoka/hirokawa,128,Izakaya Yakitori Kion,,Izakaya (Japanese Style Tavern),izakaya,ta,True
fukuoka/hirokawa,129,Sampuk,,,other,none,False
fukuoka/hirokawa,130,Tupelo,,,other,none,False
fukuoka/hirokawa,131,Shiki,,,other,none,False
fukuoka/hisayama,1,御料理 茅乃舎,日本料理、カフェ,,japanese,tb,True
fukuoka/hisayama,2,朝食イタリアン キッキリッキー,イタリアン,,european,tb,True
fukuoka/hisayama,3,とんかつ亭ひさやま,とんかつ、カレー、かつ丼,,meat,tb,True
fukuoka/hisayama,4,元祖　志免三洋軒 久山店,ラーメン,,noodles,tb,True
fukuoka/hisayama,5,羽釜豚骨二代目けんのすけ 久山店,ラーメン、つけ麺,,noodles,tb,True
fukuoka/hisayama,6,鯨家 いすず庵,そば、天ぷら,,noodles,tb,True
fukuoka/hisayama,7,居酒屋 べこや,居酒屋,,izakaya,tb,True
fukuoka/hisayama,8,玄米おにぎり ひとやすみ,おにぎり、日本料理、オーガニック,,casual,tb,True
fukuoka/hisayama,9,中華料理 福源,中華料理,,chinese,tb,True
fukuoka/hisayama,10,ひさやま寿司,寿司、海鮮、天ぷら,,seafood,tb,True
fukuoka/hisayama,11,リトルダイナージャック,ハンバーガー,,casual,tb,True
fukuoka/hisayama,12,牧のうどん 久山店,うどん、そば、郷土料理,,noodles,tb,True
fukuoka/hisayama,13,スタミナ鉄板 博多アイアンマン 久山店,食堂、鉄板焼き、焼肉,,casual,tb,True
fukuoka/hisayama,14,廻鮮すし　玄海丸 トリアス久山店,回転寿司、海鮮、海鮮丼,,seafood,tb,True
fukuoka/hisayama,15,カジュアルレストラン Sui,パスタ、ピザ、オーガニック,,european,tb,True
fukuoka/hisayama,16,讃岐うどん 空海,うどん,,noodles,tb,True
fukuoka/hisayama,17,茶舎,カフェ、洋菓子,,cafe,tb,True
fukuoka/hisayama,18,お食事の店　小道,ちゃんぽん、食堂,,noodles,tb,True
fukuoka/hisayama,19,たいら食堂,食堂,,casual,tb,True
fukuoka/hisayama,20,BASE RADICE VERDE,イタリアン、創作料理,,european,tb,True
fukuoka/hisayama,21,コストコ 久山倉庫店,コンビニ・スーパー,,daily,tb,True
fukuoka/hisayama,22,TAKENO FARM トリアス久山店,カレー、パン,,curry,tb,True
fukuoka/hisayama,23,cafe letter,カフェ、洋菓子,,cafe,tb,True
fukuoka/hisayama,24,久原本家 総本店,その他,,other,none,False
fukuoka/hisayama,25,Fumi,喫茶店,,cafe,tb,True
fukuoka/hisayama,26,いちしろ,カフェ,,cafe,tb,True
fukuoka/hisayama,27,里山サポリ farm to kitchen,ピザ、ジェラート・アイスクリーム,,european,tb,True
fukuoka/hisayama,28,トラットリアピッコロ,イタリアン,,european,tb,True
fukuoka/hisayama,29,チャイニーズ キッチン 大家好 トリアス店,中華料理,,chinese,tb,True
fukuoka/hisayama,30,このこのぱん,パン,,sweets,tb,True
fukuoka/hisayama,31,たこばやしトリアス久山,たこ焼き,,casual,tb,True
fukuoka/hisayama,32,豚屋食堂 トリアス久山店,食堂,,casual,tb,True
fukuoka/hisayama,33,牡蠣小屋 恵比寿丸,居酒屋、バーベキュー、オイスターバー,,izakaya,tb,True
fukuoka/hisayama,34,麺屋小戎,ラーメン,,noodles,tb,True
fukuoka/hisayama,35,暖暮 トリアス久山店,ラーメン,,noodles,tb,True
fukuoka/hisayama,36,きんぴら食堂,かつ丼,,meat,tb,True
fukuoka/hisayama,37,SACHiA Hisayama TERRACE,カフェ,,cafe,tb,True
fukuoka/hisayama,38,やすこうち農園,その他,,other,none,False
fukuoka/hisayama,39,石焼ビビンバ専門店アンニョン 福岡トリアス久山店,韓国料理,,chinese,tb,True
fukuoka/hisayama,40,うえすたん トリアス久山店,ステーキ、ハンバーグ,,meat,tb,True
fukuoka/hisayama,41,ヘルシージュース,ジューススタンド,,cafe,tb,True
fukuoka/hisayama,42,マクドナルド 久山トリアスモール店,ハンバーガー、カフェ,,casual,tb,True
fukuoka/hisayama,43,生鮮びっくり市場 フードウェイトリアス久山店,その他,,other,none,False
fukuoka/hisayama,44,珈琲豆屋焙煎工場,その他,,other,none,False
fukuoka/hisayama,45,よりみち,丼、海鮮丼,,casual,tb,True
fukuoka/hisayama,46,ビスヌ トリアス久山店,インドカレー,,curry,tb,True
fukuoka/hisayama,47,福岡久山食堂,食堂,,casual,tb,True
fukuoka/hisayama,48,ケンタッキーフライドチキン トリアス久山店,レストラン,,other,none,False
fukuoka/hisayama,49,サーティワンアイスクリーム トリアス久山店,ジェラート・アイスクリーム、クレープ・ガレット,,sweets,tb,True
fukuoka/hisayama,50,ラーメン すずめ,ラーメン,,noodles,tb,True
fukuoka/hisayama,51,タリーズコーヒー トリアス久山店,カフェ,,cafe,tb,True
fukuoka/hisayama,52,ジョリーパスタ  トリアス久山店,イタリアン、パスタ、ピザ,,european,tb,True
fukuoka/hisayama,53,ポムの樹Jr. トリアス久山店,オムライス、洋食,,european,tb,True
fukuoka/hisayama,54,焼肉ウエスト 久山店,焼肉,,meat,tb,True
fukuoka/hisayama,55,割烹 桂川,日本料理、居酒屋,,japanese,tb,True
fukuoka/hisayama,56,花の家,ビュッフェ、日本料理,,casual,tb,True
fukuoka/hisayama,57,シャトレーゼ トリアス久山店,ケーキ、洋菓子、和菓子,,sweets,tb,True
fukuoka/hisayama,58,あっぴーパン,パン,,sweets,tb,True
fukuoka/hisayama,59,ミスタードーナツ トリアスモールショップ,ドーナツ,,sweets,tb,True
fukuoka/hisayama,60,Juice Bar Delight,ジューススタンド,,cafe,tb,True
fukuoka/hisayama,61,ほっともっと 久山店,弁当,,casual,tb,True
fukuoka/hisayama,62,久山ちゃんぽん ひでや,ちゃんぽん、居酒屋,,noodles,tb,True
fukuoka/hisayama,63,喫茶田園,喫茶店,,cafe,tb,True
fukuoka/hisayama,64,久山手羽から,からあげ,,meat,tb,True
fukuoka/hisayama,65,TAKE THE CREPE,クレープ・ガレット,,sweets,tb,True
fukuoka/hisayama,66,山の里,食堂,,casual,tb,True
fukuoka/hisayama,67,オルト久山,その他,,other,none,False
fukuoka/hisayama,68,コロッケ倶楽部 トリアス久山店,その他,,other,none,False
fukuoka/hisayama,69,久山の牡蠣ハウス 島風,バーベキュー,,other,none,False
fukuoka/hisayama,70,ひで,レストラン,,other,none,False
fukuoka/hisayama,71,Aコープ 久山店,コンビニ・スーパー,,daily,tb,True
fukuoka/hisayama,72,セブンイレブン 久山久原店,コンビニ・スーパー,,daily,tb,True
fukuoka/hisayama,73,ファミリーマート 久山久原店,コンビニ・スーパー,,daily,tb,True
fukuoka/hisayama,74,LAWSON 糟屋久山店,コンビニ・スーパー,,daily,tb,True
fukuoka/hisayama,75,味処 みよちゃん,居酒屋、食堂,,izakaya,tb,True
fukuoka/hisayama,76,里屋,日本料理,,japanese,tb,True
fukuoka/hisayama,77,ファミリーマート トリアス久山店,コンビニ・スーパー,,daily,tb,True
fukuoka/hisayama,78,ユナイテッド・シネマ トリアス久山,その他,,other,none,False
fukuoka/hisayama,79,ファミリーマート 福岡久山店,コンビニ・スーパー,,daily,tb,True
fukuoka/hisayama,80,Kayanoya,,Japanese;Cafe;Japanese - Traditional Cuisine,cafe,ta,True
fukuoka/hisayama,81,Udon to Torimeshi Fukusuke,,Japanese;Japanese - Other ,japanese,ta,True
fukuoka/hisayama,82,Trattoria Piccolo,,Italian,european,ta,True
fukuoka/hisayama,83,Tempura no Hirao Hisayama,,Japanese,japanese,ta,True
fukuoka/hisayama,84,Shinshusobadokoro Musashian,,Japanese;Japanese - Other ,japanese,ta,True
fukuoka/hisayama,85,Maidookini Shokudo Fukuoka Hisayama,,Japanese;Japanese - Other ,japanese,ta,True
fukuoka/hisayama,86,Vegan Restaurant Sui,,Italian;French;Soups;Japanese Fusion,european,ta,True
fukuoka/hisayama,87,Brown Rice Ball Hitoyasumi,,Japanese;Asian;Kappo;Shojin;Kyushu cuisine,chinese,ta,True
fukuoka/hisayama,88,San Yoken Hisayama,,,other,none,False
fukuoka/hisayama,89,Genkaimaru Toriua Hisayama,,Japanese;Seafood;Sushi;Japanese - Other ,seafood,ta,True
fukuoka/hisayama,90,Cafe Dining Cococina,,,other,none,False
fukuoka/hisayama,91,Marugame Seimentorius,,,other,none,False
fukuoka/hisayama,92,Hakata Ramen 2daimen Kennosuke Hisayama,,,other,none,False
fukuoka/hisayama,93,Beef King,,,other,none,False
fukuoka/hisayama,94,Hyakusai Torius Hisayama,,Japanese;International;Japanese - Other ,japanese,ta,True
fukuoka/hisayama,95,Ippuku Ramen Hisayama,,,other,none,False
fukuoka/hisayama,96,Katsudon Honke Teppeichan,,,other,none,False
fukuoka/hisayama,97,Indian Restaurant Bishnu,,Indian,curry,ta,True
fukuoka/hisayama,98,Ramen Danbo Torius Hisayama,,,other,none,False
fukuoka/hisayama,99,West Udon Hisayama,,Japanese,japanese,ta,True
fukuoka/hisayama,100,Dopo since2013 Torius Store,,,other,none,False
fukuoka/hisayama,101,Sama Fukuoka Torius,,,other,none,False
fukuoka/hisayama,102,Tonkotsu Ramen Koeimon,,,other,none,False
fukuoka/hisayama,103,Croquette Club Toriasu Hisayama,,International,other,none,False
fukuoka/hisayama,104,Sweet Basil,,Italian,european,ta,True
fukuoka/hisayama,105,Kentucky Fried Chicken Toriasu Hisayama,,American;Fast Food,european,ta,True
fukuoka/hisayama,106,McDonald s Kuyama Toriasumouru,,Fast Food,casual,ta,True
fukuoka/hisayama,107,Kubara Honke Sohanten,,Japanese;Cafe,cafe,ta,True
fukuoka/hisayama,108,Chinese Kitchentajihaotorius,,Chinese,chinese,ta,True
fukuoka/hisayama,109,Chinese Kitchen Tar Jia Hao,,Chinese,chinese,ta,True
fukuoka/hisayama,110,暖暮 トリアス久山店,,,other,none,False
fukuoka/hisayama,111,Kaio Torius,,,other,none,False
fukuoka/hisayama,112,Genkido,,Japanese,japanese,ta,True
fukuoka/hisayama,113,Cafe Fadietoriasu Hisayama,,Cafe,cafe,ta,True
fukuoka/hisayama,114,Ajiyoshi,,Japanese,japanese,ta,True
fukuoka/hisayama,115,Chicchi Richi,,Italian,european,ta,True
fukuoka/hisayama,116,Ryu No Hane Hisayama,,Asian,chinese,ta,True
fukuoka/hisayama,117,ＢＢＱ太郎,,,other,none,False
fukuoka/hisayama,118,Hanakeshiki,,Japanese,japanese,ta,True
fukuoka/hisayama,119,Kurume Ya Ramen,,,other,none,False
fukuoka/hisayama,120,Mountain of Dumplings Eight Pastorius Hisayama,,Chinese,chinese,ta,True
fukuoka/hisayama,121,Ginshiro Torius Branch,,Japanese;Japanese - Other ,japanese,ta,True
fukuoka/hisayama,122,Fu Kitani Hisayama,,Japanese;Japanese - Other ,japanese,ta,True
fukuoka/hisayama,123,Hana Izumi,,Japanese;Seafood;Sushi;Japanese - Other ,seafood,ta,True
fukuoka/hisayama,124,Miss Mamma,,,other,none,False
fukuoka/hisayama,125,Mukashinotonkotsuramen Shojikiya,,,other,none,False
fukuoka/hisayama,126,Chinchikurin,,,other,none,False
fukuoka/hisayama,127,Mendaikan Kijuro,,,other,none,False
fukuoka/iizuka,1,や台ずし 飯塚バスターミナル町,居酒屋、寿司、海鮮,,izakaya,tb,True
fukuoka/iizuka,2,創作寿司ダイニングかい,寿司、創作料理、居酒屋,,seafood,tb,True
fukuoka/iizuka,3,居酒屋 二代目 きんぐ,居酒屋、焼き鳥、もつ鍋,,izakaya,tb,True
fukuoka/iizuka,4,竹乃家,居酒屋、焼き鳥、海鮮,,izakaya,tb,True
fukuoka/iizuka,5,牛角 飯塚店,焼肉、ホルモン、居酒屋,,meat,tb,True
fukuoka/iizuka,6,ダイニングルーム あんど,居酒屋、ダイニングバー、ビストロ,,izakaya,tb,True
fukuoka/iizuka,7,炉ばた 高,居酒屋、ろばた焼き、海鮮,,izakaya,tb,True
fukuoka/iizuka,8,のがみ大飯店,中華料理、担々麺、ビュッフェ,,chinese,tb,True
fukuoka/iizuka,9,本場インド料理 ルパ 飯塚店,インド料理、インドカレー,,curry,tb,True
fukuoka/iizuka,10,千成,焼き鳥,,meat,tb,True
fukuoka/iizuka,11,寿司万,寿司、釜飯,,seafood,tb,True
fukuoka/iizuka,12,コリアンハウス洪苑 穂波店,焼肉,,meat,tb,True
fukuoka/iizuka,13,焼鳥ゆとり,焼き鳥,,meat,tb,True
fukuoka/iizuka,14,モダニスト キュイジーヌ レストラン ヒダカ,フレンチ、イタリアン,,european,tb,True
fukuoka/iizuka,15,俺の店!,たこ焼き、焼き鳥,,casual,tb,True
fukuoka/iizuka,16,赤崎牛直営店 le lien Charcoal Restaurant,ステーキ、イタリアン,,meat,tb,True
fukuoka/iizuka,17,焼肉一の屋,焼肉,,meat,tb,True
fukuoka/iizuka,18,本場インド料理 ルパ 穂波店,インドカレー、インド料理,,curry,tb,True
fukuoka/iizuka,19,俺のギョーザ,居酒屋、餃子,,izakaya,tb,True
fukuoka/iizuka,20,フェリーチェ バジル 飯塚店,イタリアン、パスタ、ピザ,,european,tb,True
fukuoka/iizuka,21,焼肉ソウル,焼肉,,meat,tb,True
fukuoka/iizuka,22,小さな韓国 あぷろ 飯塚店,焼肉、韓国料理、居酒屋,,meat,tb,True
fukuoka/iizuka,23,il cuore,イタリアン,,european,tb,True
fukuoka/iizuka,24,炭バル ダブル,居酒屋、ダイニングバー,,izakaya,tb,True
fukuoka/iizuka,25,がまんできない♥ユウのはんばーぐ,ハンバーグ,,meat,tb,True
fukuoka/iizuka,26,えびちゃん 勝盛店,焼き鳥,,meat,tb,True
fukuoka/iizuka,27,鉄板焼 梛座,鉄板焼き,,meat,tb,True
fukuoka/iizuka,28,ジンギスバル 滝川本店,居酒屋、ジンギスカン、もつ鍋,,izakaya,tb,True
fukuoka/iizuka,29,ステーキビストロ Waltz,ステーキ,,meat,tb,True
fukuoka/iizuka,30,たらふく亭,居酒屋,,izakaya,tb,True
fukuoka/iizuka,31,しゃぶしゃぶ温野菜 飯塚店,しゃぶしゃぶ,,meat,tb,True
fukuoka/iizuka,32,てんぷら藤,天ぷら、居酒屋、食堂,,japanese,tb,True
fukuoka/iizuka,33,のがみプレジデントホテル　和食処　日本海,日本料理,,japanese,tb,True
fukuoka/iizuka,34,いちよし,日本料理、海鮮,,japanese,tb,True
fukuoka/iizuka,35,口福堂 ゆめタウン飯塚店,和菓子、大福、どら焼き,,sweets,tb,True
fukuoka/iizuka,36,あぐらの離れ,居酒屋,,izakaya,tb,True
fukuoka/iizuka,37,炭火居酒屋 竜丸,居酒屋,,izakaya,tb,True
fukuoka/iizuka,38,大助うどん 川津店,うどん,,noodles,tb,True
fukuoka/iizuka,39,ザ・リトリート,その他,,other,none,False
fukuoka/iizuka,40,つばめ食堂,食堂,,casual,tb,True
fukuoka/iizuka,41,ちろりん村とくるみの木,洋食,,european,tb,True
fukuoka/iizuka,42,おむすび＆寿司 ひいらぎ,おにぎり,,casual,tb,True
fukuoka/iizuka,43,鰻の成瀬 飯塚八木山店,うなぎ,,seafood,tb,True
fukuoka/iizuka,44,アール-ガーデン,バー,,izakaya,tb,True
fukuoka/iizuka,45,蕎麦切倭人,そば,,noodles,tb,True
fukuoka/iizuka,46,焼鳥 嵐,焼き鳥,,meat,tb,True
fukuoka/iizuka,47,シャルロット,ケーキ,,sweets,tb,True
fukuoka/iizuka,48,田園,立ち飲み,,izakaya,tb,True
fukuoka/iizuka,49,ビジネスホテルセンチュリー,レストラン,,other,none,False
fukuoka/iizuka,50,京都 伊三郎製ぱん 新飯塚店,パン,,sweets,tb,True
fukuoka/iizuka,51,駒や 飯塚店,ラーメン,,noodles,tb,True
fukuoka/iizuka,52,クレープハウス,クレープ・ガレット、ちゃんぽん,,sweets,tb,True
fukuoka/iizuka,53,たこやき ももや,たこ焼き,,casual,tb,True
fukuoka/iizuka,54,キッチン 日愛,弁当,,casual,tb,True
fukuoka/iizuka,55,REVO,その他,,other,none,False
fukuoka/iizuka,56,タカアキ,居酒屋,,izakaya,tb,True
fukuoka/iizuka,57,レイダック,ハンバーガー,,casual,tb,True
fukuoka/iizuka,58,グルメ寿司 貫べえ 飯塚店,回転寿司,,seafood,tb,True
fukuoka/iizuka,59,たこ本家,たこ焼き,,casual,tb,True
fukuoka/iizuka,60,からあげ まんてん 下三緒店,からあげ,,meat,tb,True
fukuoka/iizuka,61,Onosho,,Japanese;Sushi,seafood,ta,True
fukuoka/iizuka,62,Kaiten Sushi Ichitaro,,Japanese;Seafood;Sushi;Japanese - Other ,seafood,ta,True
fukuoka/iizuka,63,Yakiniku No Mr Aoki,,Japanese,japanese,ta,True
fukuoka/iizuka,64,Akaneso,,Japanese,japanese,ta,True
fukuoka/iizuka,65,Yozan,,Chinese,chinese,ta,True
fukuoka/iizuka,66,Agura No Hanare,,Japanese;Izakaya (Japanese Style Tavern),izakaya,ta,True
fukuoka/iizuka,67,Taiheiraku,,Barbecue,meat,ta,True
fukuoka/iizuka,68,Ishida Ichiryu Iizuka,,,other,none,False
fukuoka/iizuka,69,Taikichi,,Japanese;Kappo,japanese,ta,True
fukuoka/iizuka,70,Gochisoya Mutsugoro,,Japanese;Japanese - Other ;Japanese Fusion,japanese,ta,True
fukuoka/itoda,1,博多 豚十郎,ラーメン,,noodles,tb,True
fukuoka/itoda,2,バニーズ,カフェ、ジェラート・アイスクリーム,,cafe,tb,True
fukuoka/itoda,3,うどん 日月,うどん、そば,,noodles,tb,True
fukuoka/itoda,4,ボヌール,ケーキ,,sweets,tb,True
fukuoka/itoda,5,おじゅごんち市場 からすお,その他,,other,none,False
fukuoka/itoda,6,しんかい,ホルモン、居酒屋,,meat,tb,True
fukuoka/itoda,7,KinoA,たい焼き・大判焼き、パン,,sweets,tb,True
fukuoka/itoda,8,にんきや,食堂,,casual,tb,True
fukuoka/itoda,9,大熊ホットドッグ&たこ焼,たこ焼き,,casual,tb,True
fukuoka/itoda,10,とり丸 糸田本店,からあげ,,meat,tb,True
fukuoka/itoda,11,うどん処 味彩,うどん、そば、食堂,,noodles,tb,True
fukuoka/itoda,12,YUMEYA,ジューススタンド、カフェ、丼,,cafe,tb,True
fukuoka/itoda,13,雅致夜,焼き鳥,,meat,tb,True
fukuoka/itoda,14,リスリス,ケーキ,,sweets,tb,True
fukuoka/itoda,15,美味食処まんぴん,食堂,,casual,tb,True
fukuoka/itoda,16,糸田すっぽん養殖場,その他,,other,none,False
fukuoka/itoda,17,彩花亭,食堂,,casual,tb,True
fukuoka/itoda,18,ペペル・モコ,喫茶店,,cafe,tb,True
fukuoka/itoda,19,からあげももちゃん,からあげ,,meat,tb,True
fukuoka/itoda,20,唐揚げ 泰平,からあげ,,meat,tb,True
fukuoka/itoda,21,千成食堂,食堂,,casual,tb,True
fukuoka/itoda,22,ひまわり食堂,食堂,,casual,tb,True
fukuoka/itoda,23,居酒屋一鈴,焼き鳥,,meat,tb,True
fukuoka/itoda,24,Michi No Eki Itoda Nikukobo Tagiri,,International,other,none,False
fukuoka/itoda,25,Yokiya,,Japanese,japanese,ta,True
fukuoka/itoda,26,Michi No Eki Itoda Tachigui Denai Tachigui Namamen,,,other,none,False
fukuoka/itoda,27,Ramen Tonkatsu Unryu,,,other,none,False
fukuoka/itoda,28,Okan to Oden No Mise Yamachan,,Japanese;Japanese - Other ,japanese,ta,True
fukuoka/itoda,29,Michi No Eki Itoda Tagiri,,Japanese - Other ,japanese,ta,True
fukuoka/itoda,30,Kuraya,,Japanese,japanese,ta,True
fukuoka/itoda,31,Ikkakuya Bonheur,,,other,none,False
fukuoka/itoda,32,Izakaya Ichirin,,Pub,izakaya,ta,True
fukuoka/itoda,33,Izakaya Kosen,,Izakaya (Japanese Style Tavern),izakaya,ta,True
fukuoka/itoshima,1,浜焼き白浜家,海鮮、居酒屋、バーベキュー,,seafood,tb,True
fukuoka/itoshima,2,鮨創作割烹ちく,寿司、日本料理、海鮮,,seafood,tb,True
fukuoka/itoshima,3,Osteria&Pizzeria Felice,イタリアン、ピザ、パスタ,,european,tb,True
fukuoka/itoshima,4,noda,洋食,,european,tb,True
fukuoka/itoshima,5,屋台 名ヲ時ヲ,居酒屋、焼き鳥、ラーメン,,izakaya,tb,True
fukuoka/itoshima,6,ステーキガーデン糸島風の邱,ステーキ、肉料理、ダイニングバー,,meat,tb,True
fukuoka/itoshima,7,和処 あかつき,居酒屋、海鮮、海鮮丼,,izakaya,tb,True
fukuoka/itoshima,8,とまり木,カフェ,,cafe,tb,True
fukuoka/itoshima,9,糸島焼肉 暁,焼肉、ホルモン、韓国料理,,meat,tb,True
fukuoka/itoshima,10,鉄板焼・お好み焼き 鉄板本舗,居酒屋、鉄板焼き、お好み焼き,,izakaya,tb,True
fukuoka/itoshima,11,焼肉炙り乃,焼肉,,meat,tb,True
fukuoka/itoshima,12,サフラン,インドカレー,,curry,tb,True
fukuoka/itoshima,13,和らく,居酒屋、寿司,,izakaya,tb,True
fukuoka/itoshima,14,bistro vines,ビストロ、バー、カフェ,,european,tb,True
fukuoka/itoshima,15,klootch,バル,,european,tb,True
fukuoka/itoshima,16,糸島とりかわ かわやん,居酒屋、もつ鍋、焼き鳥,,izakaya,tb,True
fukuoka/itoshima,17,HIMIKO太陽と月,バー、カフェ,,izakaya,tb,True
fukuoka/itoshima,18,博多とりかわ 鬼皮 芥屋店,焼き鳥、海鮮、居酒屋,,meat,tb,True
fukuoka/itoshima,19,味楽寿司,寿司,,seafood,tb,True
fukuoka/itoshima,20,藤次郎,おにぎり、焼き鳥、居酒屋,,casual,tb,True
fukuoka/itoshima,21,雲海,居酒屋、焼き鳥、海鮮,,izakaya,tb,True
fukuoka/itoshima,22,アッカプントエッフェ,イタリアン,,european,tb,True
fukuoka/itoshima,23,牡蠣小屋 住吉丸,海鮮、肉料理、バーベキュー,,seafood,tb,True
fukuoka/itoshima,24,豊漁丸,海鮮、シーフード、オイスターバー,,seafood,tb,True
fukuoka/itoshima,25,みるくがき豊久丸,海鮮、肉料理、バーベキュー,,seafood,tb,True
fukuoka/itoshima,26,正栄,居酒屋、海鮮,,izakaya,tb,True
fukuoka/itoshima,27,もっくん,海鮮、バーベキュー,,seafood,tb,True
fukuoka/itoshima,28,糸島食堂 本店,海鮮丼、海鮮,,seafood,tb,True
fukuoka/itoshima,29,ジロ,イタリアン、パスタ、ピザ,,european,tb,True
fukuoka/itoshima,30,ケンちゃんかき,海鮮、バーベキュー、居酒屋,,seafood,tb,True
fukuoka/itoshima,31,糸島ほたる,居酒屋、海鮮、食堂,,izakaya,tb,True
fukuoka/itoshima,32,鰻いとしま,うなぎ,,seafood,tb,True
fukuoka/itoshima,33,Quercia,カフェ,,cafe,tb,True
fukuoka/itoshima,34,糸島牡蠣小屋ひろちゃんカキ,海鮮、バーベキュー、シーフード,,seafood,tb,True
fukuoka/itoshima,35,お菓子と暮らしの物 りた,カフェ、ピザ,,cafe,tb,True
fukuoka/itoshima,36,Contigo,スペイン料理、イタリアン、ギリシャ料理,,european,tb,True
fukuoka/itoshima,37,カレント,イタリアン、ピザ、ケーキ,,european,tb,True
fukuoka/itoshima,38,カノオ醤油味噌醸造元,その他,,other,none,False
fukuoka/itoshima,39,板垣ファーム,その他,,other,none,False
fukuoka/itoshima,40,中国料理樹蘭,中華料理、担々麺,,chinese,tb,True
fukuoka/itoshima,41,とうふ家酒瀬川,豆腐料理、日本料理,,japanese,tb,True
fukuoka/itoshima,42,そしじのうたげ,スイーツ,,sweets,tb,True
fukuoka/itoshima,43,bleuchat coffee,カフェ,,cafe,tb,True
fukuoka/itoshima,44,駅前の魚屋さん,惣菜・デリ,,casual,tb,True
fukuoka/itoshima,45,星乃珈琲 糸島店,喫茶店,,cafe,tb,True
fukuoka/itoshima,46,サントス,喫茶店、食堂,,cafe,tb,True
fukuoka/itoshima,47,鯛らーめん 穂と花.,ラーメン、つけ麺,,noodles,tb,True
fukuoka/itoshima,48,糸島フルーツパーラー,フルーツパーラー,,other,none,False
fukuoka/itoshima,49,ヤギタコス,メキシコ料理,,other,none,False
fukuoka/itoshima,50,カキの徳栄丸,海鮮、バーベキュー、肉料理,,seafood,tb,True
fukuoka/itoshima,51,ウェスタン マリン,バーベキュー、海鮮,,seafood,tb,False
fukuoka/itoshima,52,喫茶 純,喫茶店,,cafe,tb,True
fukuoka/itoshima,53,Solori,カフェ,,cafe,tb,True
fukuoka/itoshima,54,nicori,スイーツ,,sweets,tb,True
fukuoka/itoshima,55,スコーン専門店 キナフク,パン,,sweets,tb,True
fukuoka/itoshima,56,LAS cafe,カフェ、パスタ、ピザ,,cafe,tb,True
fukuoka/itoshima,57,JF糸島 志摩の四季,その他,,other,none,False
fukuoka/itoshima,58,糸島食堂 伊都ハイランド店,海鮮、海鮮丼,,seafood,tb,True
fukuoka/itoshima,59,Kaki House Maruhachi,,Japanese;Seafood,seafood,ta,True
fukuoka/itoshima,60,Kakigoya Sumiyoshimaru,,Seafood,seafood,ta,True
fukuoka/itoshima,61,Restaurant Futamigaura,,Italian,european,ta,True
fukuoka/itoshima,62,Tsukamoto Fresh Fish,,Seafood,seafood,ta,True
fukuoka/itoshima,63,Ito Aguri,,Japanese,japanese,ta,True
fukuoka/itoshima,64,Kozai no Mori,,Japanese,japanese,ta,True
fukuoka/itoshima,65,Hamayaki Shirahamaya,,Japanese;Seafood,seafood,ta,True
fukuoka/itoshima,66,Bakery Restaurant Current,,Italian,european,ta,True
fukuoka/itoshima,67,Ichiran Ichiran no Mori,,Japanese,japanese,ta,True
fukuoka/itoshima,68,Tsumande Goran Cake Factory,,,other,none,False
fukuoka/itoshima,69,Murakamiya Hompo Shirayuki,,,sweets,desc,False
fukuoka/kama,1,味よし食堂,食堂、ちゃんぽん,,casual,tb,True
fukuoka/kama,2,小次郎の里,ジェラート・アイスクリーム,,sweets,tb,True
fukuoka/kama,3,めん処小沼,そば、うどん,,noodles,tb,True
fukuoka/kama,4,めんくいてい,うどん,,noodles,tb,True
fukuoka/kama,5,よもぎうどん,うどん、食堂、牛丼,,noodles,tb,True
fukuoka/kama,6,よし,たこ焼き,,casual,tb,True
fukuoka/kama,7,石釜パン工房 ル・ピエール,パン,,sweets,tb,True
fukuoka/kama,8,FRUIT SAND THREE,サンドイッチ、ケーキ、洋菓子,,sweets,tb,True
fukuoka/kama,9,かほラーメン  本店,ラーメン,,noodles,tb,True
fukuoka/kama,10,おおぐま食堂,食堂、弁当、ちゃんぽん,,casual,tb,True
fukuoka/kama,11,からあげ大将,からあげ、鳥料理,,meat,tb,True
fukuoka/kama,12,山田饅頭本舗,和菓子,,sweets,tb,True
fukuoka/kama,13,嘉麻うどん めん蔵,うどん、そば、食堂,,noodles,tb,True
fukuoka/kama,14,Tarte&Sweets F,ケーキ,,sweets,tb,True
fukuoka/kama,15,ポンポン亭 本店,ラーメン,,noodles,tb,True
fukuoka/kama,16,Switch,パン,,sweets,tb,True
fukuoka/kama,17,サニーズ 嘉麻店,クレープ・ガレット,,sweets,tb,True
fukuoka/kama,18,丸紅,そば、うどん,,noodles,tb,True
fukuoka/kama,19,森の駅 秀芳園,甘味処,,sweets,tb,True
fukuoka/kama,20,たこ一番,たこ焼き,,casual,tb,True
fukuoka/kama,21,道の駅 うすい 物産販売所,その他,,other,none,False
fukuoka/kama,22,ロコホーム,パンケーキ,,sweets,desc,False
fukuoka/kama,23,なかみち,寿司,,seafood,tb,True
fukuoka/kama,24,麺や 紅鱗,ラーメン,,noodles,tb,True
fukuoka/kama,25,Age.3 KAMA,サンドイッチ,,sweets,tb,True
fukuoka/kama,26,寒北斗酒造,バー,,izakaya,tb,True
fukuoka/kama,27,すし勝,寿司,,seafood,tb,True
fukuoka/kama,28,韓国苑,焼肉,,meat,tb,True
fukuoka/kama,29,frame,洋菓子,,sweets,tb,True
fukuoka/kama,30,鯉の里 なかはら,海鮮,,seafood,tb,True
fukuoka/kama,31,長州亭,食堂、ラーメン,,casual,tb,True
fukuoka/kama,32,炭火焼鳥まさ,居酒屋、焼き鳥、串焼き,,izakaya,tb,True
fukuoka/kama,33,楽東園,焼肉,,meat,tb,True
fukuoka/kama,34,山田のたこ焼き屋さん 山たこ,たこ焼き,,casual,tb,True
fukuoka/kama,35,ミュゼ・ド・モーツァルト　 山田工場直営店,ケーキ,,sweets,tb,True
fukuoka/kama,36,まめや総本店 福岡,カフェ,,cafe,tb,True
fukuoka/kama,37,コリアンハウス洪苑 稲築店,焼肉、ホルモン,,meat,tb,True
fukuoka/kama,38,博多屋,ちゃんぽん,,noodles,tb,True
fukuoka/kama,39,大里酒造 黒田武士,その他,,other,none,False
fukuoka/kama,40,ノンノ,カフェ、ジェラート・アイスクリーム,,cafe,tb,True
fukuoka/kama,41,la-luna,カフェ,,cafe,tb,True
fukuoka/kama,42,料亭　末廣,日本料理,,japanese,tb,True
fukuoka/kama,43,魚 玄蔵,惣菜・デリ、寿司、弁当,,casual,tb,True
fukuoka/kama,44,珈琲工房ぶれん堂,その他,,other,none,False
fukuoka/kama,45,ジャンボンヨーク,その他,,other,none,False
fukuoka/kama,46,くんちゃんラーメン店,ラーメン,,noodles,tb,True
fukuoka/kama,47,自家焙煎 おだ珈琲,喫茶店,,cafe,tb,True
fukuoka/kama,48,魚・肉・酒 藤庵,居酒屋,,izakaya,tb,True
fukuoka/kama,49,気まぐれや,喫茶店,,cafe,tb,True
fukuoka/kama,50,大屋菓子店,和菓子,,sweets,tb,True
fukuoka/kama,51,はかたかりんとう,その他,,other,none,False
fukuoka/kama,52,まごころ食堂 タルヲシル,食堂,,casual,tb,True
fukuoka/kama,53,さくらんぼ,喫茶店、パン,,cafe,tb,True
fukuoka/kama,54,スリーピーカフェ ニコ,カフェ、パスタ、バーベキュー,,cafe,tb,True
fukuoka/kama,55,茶寮 千年屋,うどん,,noodles,tb,True
fukuoka/kama,56,嘉穂牛屋,揚げ物,,casual,tb,True
fukuoka/kama,57,横丁食堂別府,居酒屋、ちゃんぽん、焼きそば,,izakaya,tb,True
fukuoka/kama,58,らんぶる,喫茶店,,cafe,tb,True
fukuoka/kama,59,大善,焼き鳥、寿司,,meat,tb,True
fukuoka/kama,60,朝日パン 工場直売店,パン,,sweets,tb,True
fukuoka/kama,61,ナリ食堂,焼肉、韓国料理,,meat,tb,True
fukuoka/kama,62,華香園,その他,,other,none,False
fukuoka/kama,63,カドマルサンド,サンドイッチ,,sweets,tb,True
fukuoka/kama,64,居酒屋 6期星,居酒屋,,izakaya,tb,True
fukuoka/kama,65,My Girl,カフェ,,cafe,tb,True
fukuoka/kama,66,うまみの郷,食堂,,casual,tb,True
fukuoka/kama,67,TIARA,弁当,,casual,tb,True
fukuoka/kama,68,気ままな台所 遊季,食堂、弁当,,casual,tb,True
fukuoka/kama,69,嘉麻市梅林公園 売店,その他,,other,none,False
fukuoka/kama,70,本家たこ焼亭,たこ焼き,,casual,tb,True
fukuoka/kama,71,ジョイフル 福岡稲築店,ファミレス,,casual,tb,True
fukuoka/kama,72,くがや,カフェ,,cafe,tb,True
fukuoka/kama,73,白木牧場,その他,,other,none,False
fukuoka/kama,74,いっけん茅,レストラン,,other,none,False
fukuoka/kama,75,とっとちゃん,からあげ,,meat,tb,True
fukuoka/kama,76,トンチャン横丁 赤崎牛,その他,,other,none,False
fukuoka/kama,77,三浦,日本料理,,japanese,tb,True
fukuoka/kama,78,オランジュ,喫茶店,,cafe,tb,True
fukuoka/kama,79,割烹 荻原,日本料理,,japanese,tb,True
fukuoka/kama,80,辛子明太子専門店　おおくぼ,郷土料理,,japanese,tb,True
fukuoka/kama,81,ほっともっと 稲築店,弁当,,casual,tb,True
fukuoka/kama,82,はんなり,日本料理,,japanese,tb,True
fukuoka/kama,83,玉吉,そば、うどん,,noodles,tb,True
fukuoka/kama,84,Cafe YUI,ハンバーガー,,casual,tb,True
fukuoka/kama,85,Alkemist,ケーキ,,sweets,tb,True
fukuoka/kama,86,cafe rural,カフェ,,cafe,tb,True
fukuoka/kama,87,からあげ亭,からあげ,,meat,tb,True
fukuoka/kama,88,haco kitchen,弁当、惣菜・デリ,,casual,tb,True
fukuoka/kama,89,権兵衛,焼き鳥,,meat,tb,True
fukuoka/kama,90,嘉麻たこ,たこ焼き,,casual,tb,True
fukuoka/kama,91,サニースポットコーヒー,カフェ,,cafe,tb,True
fukuoka/kama,92,焼きたてパン 笑笑,パン,,sweets,tb,True
fukuoka/kama,93,創作鉄板焼　ジパング,鉄板焼き,,meat,tb,True
fukuoka/kama,94,ハートゥラボ,和菓子,,sweets,tb,True
fukuoka/kama,95,大隈チキン,からあげ,,meat,tb,True
fukuoka/kama,96,めん六や 福岡嘉麻店,うどん、そば、ラーメン,,noodles,tb,True
fukuoka/kama,97,五とく,居酒屋,,izakaya,tb,True
fukuoka/kama,98,満月堂,パン,,sweets,tb,True
fukuoka/kama,99,平嶋ローズガーデンカフェ,カフェ,,cafe,tb,True
fukuoka/kama,100,ほっともっと 嘉麻上山田店,弁当,,casual,tb,True
fukuoka/kama,101,大塚精肉店,揚げ物,,casual,tb,True
fukuoka/kama,102,レストハウス紫苑,喫茶店,,cafe,tb,True
fukuoka/kama,103,お弁当のたまご亭 稲築店,弁当,,casual,tb,True
fukuoka/kama,104,食事処旅,日本料理,,japanese,tb,True
fukuoka/kama,105,ゆずの樹,フレンチ,,european,tb,True
fukuoka/kama,106,甚平,レストラン,,other,none,False
fukuoka/kama,107,やきとり 一三六,居酒屋、焼き鳥,,izakaya,tb,True
fukuoka/kama,108,まめや 嘉麻店,カフェ,,cafe,tb,True
fukuoka/kama,109,居酒屋 かじもど,居酒屋,,izakaya,tb,True
fukuoka/kama,110,甘太郎,たこ焼き,,casual,tb,True
fukuoka/kama,111,お好み焼き 鉄板焼 ゲンちゃん,お好み焼き,,casual,tb,True
fukuoka/kama,112,丸昌,日本料理,,japanese,tb,True
fukuoka/kama,113,嘉麻山荘,鳥料理,,other,none,False
fukuoka/kama,114,PEG CAFE,カフェ,,cafe,tb,True
fukuoka/kama,115,PIZZAバルザーノ,ピザ,,european,tb,True
fukuoka/kama,116,やきとり 笑顔,焼き鳥,,meat,tb,True
fukuoka/kama,117,えみちゃん,居酒屋、からあげ,,izakaya,tb,True
fukuoka/kama,118,大隈ホルモンセンター,その他,,other,none,False
fukuoka/kama,119,宴会と仕出し料理 鳴海,日本料理,,japanese,tb,True
fukuoka/kama,120,ビアガーデンそら,レストラン,,other,none,False
fukuoka/kama,121,チーズ工房 Cacio,その他,,other,none,False
fukuoka/kama,122,つれづれ亭,居酒屋,,izakaya,tb,True
fukuoka/kama,123,しあわせ味噌カフェ ladybug,カフェ,,cafe,tb,True
fukuoka/kama,124,みずちゃんち,ビュッフェ、からあげ、弁当,,casual,tb,True
fukuoka/kama,125,お弁当のふくたん,弁当,,casual,tb,True
fukuoka/kama,126,ランチBOX,弁当,,casual,tb,True
fukuoka/kama,127,paku paku,カステラ,,other,none,False
fukuoka/kama,128,神田うどん,日本料理,,japanese,tb,True
fukuoka/kama,129,酒処 みね,居酒屋,,izakaya,tb,True
fukuoka/kama,130,居酒屋　あそこ,居酒屋,,izakaya,tb,True
fukuoka/kama,131,遠藤ぶどう園,スイーツ,,sweets,tb,True
fukuoka/kama,132,居酒屋さわ,焼き鳥,,meat,tb,True
fukuoka/kama,133,勝ちゃん,焼き鳥,,meat,tb,True
fukuoka/kama,134,ハコキチスタンド,弁当,,casual,tb,True
fukuoka/kama,135,EAT-Plus,その他,,other,none,False
fukuoka/kama,136,金本焼肉ホルモン店,焼肉、ホルモン,,meat,tb,True
fukuoka/kama,137,酔膳や みらく,居酒屋,,izakaya,tb,True
fukuoka/kama,138,すぎたん食酒処,日本料理、居酒屋,,japanese,tb,True
fukuoka/kama,139,不動産茶屋,和菓子,,sweets,tb,True
fukuoka/kama,140,郷,韓国料理,,chinese,tb,True
fukuoka/kama,141,アトリエローズ cafe,カフェ,,cafe,tb,True
fukuoka/kama,142,R&R シフォン,ケーキ,,sweets,tb,True
fukuoka/kama,143,とりしげ,焼き鳥,,meat,tb,True
fukuoka/kama,144,ジャム ジル スイーツ,ケーキ,,sweets,tb,True
fukuoka/kama,145,つつじ庵,そば,,noodles,tb,True
fukuoka/kama,146,しまだ山荘,喫茶店,,cafe,tb,True
fukuoka/kama,147,峠の茶屋,郷土料理,,japanese,tb,True
fukuoka/kama,148,山鶏庵,鳥料理,,other,none,False
fukuoka/kama,149,福庵,そば、うどん,,noodles,tb,True
fukuoka/kama,150,甘酒スムージー SLOW,ジューススタンド、カフェ,,cafe,tb,True
fukuoka/kama,151,韓国雑貨&Cafe CANDY,カフェ,,cafe,tb,True
fukuoka/kama,152,お好み焼イナンクル,お好み焼き,,casual,tb,True
fukuoka/kama,153,Oloc Cafe 嘉麻店,カフェ,,cafe,tb,True
fukuoka/kama,154,FamilyMart 嘉麻飯田店,コンビニ・スーパー,,daily,tb,True
fukuoka/kama,155,ちゃい夢,喫茶店,,cafe,tb,True
fukuoka/kama,156,Toge No Chaya,,Japanese;International;Japanese - Other ,japanese,ta,True
fukuoka/kama,157,Bonbontei Main Store,,,other,none,False
fukuoka/kama,158,Loco Home,,Hawaiian,other,none,False
fukuoka/kama,159,Otsuka Meat Shop,,Japanese;Steakhouse,meat,ta,True
fukuoka/kama,160,Enjin,,,other,none,False
fukuoka/kama,161,Japanese Cuisine Ogihara,,Japanese,japanese,ta,True
fukuoka/kama,162,Cafe Arabica,,Cafe,cafe,ta,True
fukuoka/kama,163,Fukuan,,Japanese;Japanese - Other ,japanese,ta,True
fukuoka/kama,164,Ryotei Suehiro,,Japanese;Japanese - Traditional Cuisine,japanese,ta,True
fukuoka/kama,165,Tonoi,,Japanese,japanese,ta,True
fukuoka/kama,166,Karaoke Enka Hall Oba,,International,other,none,False
fukuoka/kama,167,Chikuzen Hiroka Zushi,,Japanese;Seafood;Sushi;Japanese - Other ,seafood,ta,True
fukuoka/kama,168,Tachi Kichi,,Japanese;International;Japanese - Other ,japanese,ta,True
fukuoka/kama,169,Yakiniku No Ten Taberiya,,Barbecue,meat,ta,True
fukuoka/kama,170,Korean House Koen Inatsuki,,,other,none,False
fukuoka/kama,171,Okuma Horumon Center,,,other,none,False
fukuoka/kama,172,Machiya Cafe Tarojyaya Kamakura Kama Store,,Cafe,cafe,ta,True
fukuoka/kama,173,Kama Karaoke Club,,International,other,none,False
fukuoka/kama,174,Kotetsu,,Japanese,japanese,ta,True
fukuoka/kama,175,Chichan s Bento,,Japanese;International,japanese,ta,True
fukuoka/kama,176,Sushi Fortune,,Japanese;Seafood;Sushi;Japanese - Traditional Cuisine,seafood,ta,True
fukuoka/kama,177,Iikagen,,Japanese;Izakaya (Japanese Style Tavern),izakaya,ta,True
fukuoka/kama,178,Karaoke View,,International,other,none,False
fukuoka/kama,179,Takofuku Michi No Eki Usui,,Japanese;Japanese - Other ,japanese,ta,True
fukuoka/kama,180,Kanamoto Yakiniku Horumon,,Barbecue,meat,ta,True
fukuoka/kama,181,Yakiniku Uramichi,,,other,none,False
fukuoka/kama,182,Okonomiyakiotaro Inatsuki,,Japanese;Japanese - Other ,japanese,ta,True
fukuoka/kama,183,Marusho,,Japanese;Seafood;Sushi;Japanese - Other ,seafood,ta,True
fukuoka/kama,184,Social Cafe Lumine,,Cafe,cafe,ta,True
fukuoka/kama,185,Kosuke Udon,,Japanese;Japanese - Other ,japanese,ta,True
fukuoka/kama,186,Kinomi,,International,other,none,False
fukuoka/kama,187,Yakiniku Suzutei,,Barbecue,meat,ta,True
fukuoka/kama,188,Nakamura Dining Hall,,Japanese;International;Japanese - Other ,japanese,ta,True
fukuoka/kama,189,Sushi Chikuzan,,Japanese;Sushi,seafood,ta,True
fukuoka/kama,190,Alice,,Cafe,cafe,ta,True
fukuoka/kama,191,Kappa Shokudo,,Japanese;International;Japanese - Other ,japanese,ta,True
fukuoka/kama,192,Creativeteppanyaki Zipangu,,Japanese;Japanese - Other ,japanese,ta,True
fukuoka/kama,193,Kakashi,,Japanese;Japanese - Other ,japanese,ta,True
fukuoka/kama,194,Rendezvous,,International;Pub,izakaya,ta,True
fukuoka/kama,195,Kama Ramen,,,other,none,False
fukuoka/kama,196,Matsuda Ya,,Japanese - Other ,japanese,ta,True
fukuoka/kama,197,Katchan,,Japanese,japanese,ta,True
fukuoka/kama,198,Jimbe,,Japanese;Japanese - Other ,japanese,ta,True
fukuoka/kama,199,Yakiniku Yamashita,,Japanese,japanese,ta,True
fukuoka/kama,200,Kazu Chan,,Japanese,japanese,ta,True
fukuoka/kama,201,Gin,,Japanese,japanese,ta,True
fukuoka/kama,202,Yorimichi,,Japanese;Izakaya (Japanese Style Tavern),izakaya,ta,True
fukuoka/kama,203,Sakedokoro Mine,,Japanese;Japanese - Other ,japanese,ta,True
fukuoka/kama,204,Izakaya Bum Bun,,Japanese,japanese,ta,True
fukuoka/kama,205,Dining Tabi,,Japanese,japanese,ta,True
fukuoka/kama,206,Fukuzumi,,Japanese;Japanese - Traditional Cuisine,japanese,ta,True
fukuoka/kama,207,Kihachi,,Japanese;Japanese - Other ,japanese,ta,True
fukuoka/kama,208,Isamu,,Japanese;Japanese - Other ,japanese,ta,True
fukuoka/kama,209,Sumibiyaki Torijinchan,,,other,none,False
fukuoka/kama,210,Kyoto Isaburo Bakery Inatsuki,,,other,none,False
fukuoka/kama,211,Toan,,,other,none,False
fukuoka/kama,212,Izakaya Iwachan,,Japanese;Izakaya (Japanese Style Tavern),izakaya,ta,True
fukuoka/kama,213,R Shop Fukamachi,,Japanese,japanese,ta,True
fukuoka/kama,214,Yamamoto Confectionery,,,other,none,False
fukuoka/kama,215,Haru Chan Okonomiyaki,,Japanese,japanese,ta,True
fukuoka/kama,216,Chidoriya Inatsuki,,,other,none,False
fukuoka/kama,217,Tachigui Namamen,,,other,none,False
fukuoka/kama,218,Lunch Box Bento,,Japanese,japanese,ta,True
fukuoka/kama,219,Sumibiyaki Saigo,,Japanese;Seafood;Grill,seafood,ta,True
fukuoka/kama,220,Songoku,,,izakaya,desc,False
fukuoka/kama,221,Tetete,,Japanese;Izakaya (Japanese Style Tavern),izakaya,ta,True
fukuoka/kama,222,Village of Babbling,,,other,none,False
fukuoka/kama,223,Quinn,,,other,none,False
fukuoka/kama,224,Chidoriya Yamada,,,other,none,False
fukuoka/kama,225,Hakuryuken,,,other,none,False
fukuoka/kama,226,いろり庵,,,other,none,False
fukuoka/kama,227,Red Cross,,,other,none,False
fukuoka/kama,228,Chidori Manju Okuma,,,other,none,False
fukuoka/kama,229,Kumagai,,,other,none,False
fukuoka/kanda,1,うどん屋麺之介,うどん、丼,,noodles,tb,True
fukuoka/kanda,2,一燈,ラーメン,,noodles,tb,True
fukuoka/kanda,3,ちゃんぽん亭 一天愛,ちゃんぽん,,noodles,tb,True
fukuoka/kanda,4,豊前路,そば、うどん,,noodles,tb,True
fukuoka/kanda,5,手打ちうどん 喜,うどん,,noodles,tb,True
fukuoka/kanda,6,大久そば バイパス店,うどん、そば、天ぷら,,noodles,tb,True
fukuoka/kanda,7,ラーメン喜福,ラーメン,,noodles,tb,True
fukuoka/kanda,8,久留米ラーメン 玄竜 苅田店,ラーメン,,noodles,tb,True
fukuoka/kanda,9,手打の味小泉 苅田店,うどん,,noodles,tb,True
fukuoka/kanda,10,あかいほっぺ,パン、サンドイッチ,,sweets,tb,True
fukuoka/kanda,11,お蕎麦の丈二,そば,,noodles,tb,True
fukuoka/kanda,12,小田家の天ぷら,天ぷら,,japanese,tb,True
fukuoka/kanda,13,天龍,寿司、海鮮,,seafood,tb,True
fukuoka/kanda,14,Burger Shop Dabby,ハンバーガー、アメリカ料理、カフェ,,casual,tb,True
fukuoka/kanda,15,そば処奴一,そば、親子丼,,noodles,tb,True
fukuoka/kanda,16,小麦,パン、サンドイッチ,,sweets,tb,True
fukuoka/kanda,17,資さんうどん 行橋店,うどん,,noodles,tb,True
fukuoka/kanda,18,一蔵,ラーメン,,noodles,tb,True
fukuoka/kanda,19,CAFEジュネス,カフェ、ダイニングバー、イタリアン,,cafe,tb,True
fukuoka/kanda,20,アンジュ,ケーキ,,sweets,tb,True
fukuoka/kanda,21,洋菓子工房 トリオレ,ケーキ、洋菓子,,sweets,tb,True
fukuoka/kanda,22,資さんうどん 苅田店,うどん、そば、かつ丼,,noodles,tb,True
fukuoka/kanda,23,来々軒,ラーメン,,noodles,tb,True
fukuoka/kanda,24,莉莉餃子 苅田店,餃子、台湾料理、中華料理,,chinese,tb,True
fukuoka/kanda,25,シバ,ネパール料理、インド料理、インドカレー,,curry,tb,True
fukuoka/kanda,26,お食事処 炉,食堂、弁当,,casual,tb,True
fukuoka/kanda,27,PAKUPAKU ラ・ムー苅田店,たこ焼き,,casual,tb,True
fukuoka/kanda,28,との川,お好み焼き,,casual,tb,True
fukuoka/kanda,29,直火自家焙煎珈琲・煎,喫茶店,,cafe,tb,True
fukuoka/kanda,30,九州ラーメン和 苅田店,ラーメン,,noodles,tb,True
fukuoka/kanda,31,松本商店,居酒屋,,izakaya,tb,True
fukuoka/kanda,32,中華料理 欣シン露,中華料理,,chinese,tb,True
fukuoka/kanda,33,29meet,焼肉,,meat,tb,True
fukuoka/kanda,34,まつり茶屋 苅田店,焼き鳥,,meat,tb,True
fukuoka/kanda,35,お食事処 ちゃするば,居酒屋、食堂,,izakaya,tb,True
fukuoka/kanda,36,白頭山,焼肉,,meat,tb,True
fukuoka/kanda,37,花半,居酒屋、焼き鳥,,izakaya,tb,True
fukuoka/kanda,38,Bistro Leon,ビストロ、パスタ,,european,tb,True
fukuoka/kanda,39,からあげ庄ちゃん,からあげ,,meat,tb,True
fukuoka/kanda,40,お食事処 あらつ,食堂、弁当,,casual,tb,True
fukuoka/kanda,41,無名亭,鳥料理,,other,none,False
fukuoka/kanda,42,居食屋 京,居酒屋,,izakaya,tb,True
fukuoka/kanda,43,ごはん処若草,食堂,,casual,tb,True
fukuoka/kanda,44,旬彩家TSURU,サンドイッチ、惣菜・デリ,,sweets,tb,True
fukuoka/kanda,45,mon's cafe,カフェ,,cafe,tb,True
fukuoka/kanda,46,焼鳥 弁慶,焼き鳥,,meat,tb,True
fukuoka/kanda,47,すえひろ酒場,居酒屋,,izakaya,tb,True
fukuoka/kanda,48,天使がまいおりる,カフェ,,cafe,tb,True
fukuoka/kanda,49,匠,日本料理,,japanese,tb,True
fukuoka/kanda,50,唐揚げ 鶏 苅田駅前店,弁当,,casual,tb,True
fukuoka/kanda,51,M's cafe,カフェ,,cafe,tb,True
fukuoka/kanda,52,からあげ 鳥いち,からあげ,,meat,tb,True
fukuoka/kanda,53,朝釣,寿司,,seafood,tb,True
fukuoka/kanda,54,TONMO,ステーキ,,meat,tb,True
fukuoka/kanda,55,CAFE KOTETUKUN,カフェ,,cafe,tb,True
fukuoka/kanda,56,苅田萬十,たい焼き・大判焼き,,sweets,tb,True
fukuoka/kanda,57,COFFEE&BAKERY BÄCKER,パン、コーヒースタンド、サンドイッチ,,sweets,tb,True
fukuoka/kanda,58,海都 苅田店,回転寿司、寿司、居酒屋,,seafood,tb,True
fukuoka/kanda,59,やよい軒 苅田店,食堂,,casual,tb,True
fukuoka/kanda,60,とんかつ濱かつ 福岡苅田店,とんかつ,,meat,tb,True
fukuoka/kanda,61,地鶏食堂 苅田店,鳥料理,,other,none,False
fukuoka/kanda,62,松屋 苅田店,牛丼、カレー,,casual,tb,True
fukuoka/kanda,63,ベッセルホテル 苅田北九州空港,ホテル,,other,none,False
fukuoka/kanda,64,AQUA,レストラン,,other,none,False
fukuoka/kanda,65,おかげさま,ケーキ、カフェ,,sweets,tb,True
fukuoka/kanda,66,ダイニング ゆらり,ダイニングバー、居酒屋、創作料理,,izakaya,tb,True
fukuoka/kanda,67,クレープショップ メノマーレ,クレープ・ガレット,,sweets,tb,True
fukuoka/kanda,68,牛ぎゅう,焼肉、ホルモン、冷麺,,meat,tb,True
fukuoka/kanda,69,ゑびすうどん 苅田店,うどん,,noodles,tb,True
fukuoka/kanda,70,焼肉ごうしや,焼肉,,meat,tb,True
fukuoka/kanda,71,ななふく,食堂、弁当,,casual,tb,True
fukuoka/kanda,72,からあげKING,からあげ、弁当,,meat,tb,True
fukuoka/kanda,73,コリアンダイニング 木原,韓国料理、焼肉,,chinese,tb,True
fukuoka/kanda,74,古民家 su-cafe,カフェ,,cafe,tb,True
fukuoka/kanda,75,手づくり弁当 和や,弁当,,casual,tb,True
fukuoka/kanda,76,ふさみ焼肉店,焼肉,,meat,tb,True
fukuoka/kanda,77,こらぼっくる,カフェ、弁当、惣菜・デリ,,cafe,tb,True
fukuoka/kanda,78,やきとり次郎長,焼き鳥,,meat,tb,True
fukuoka/kanda,79,からあげ大将善,からあげ,,meat,tb,True
fukuoka/kanda,80,すき家 北九州空港通り店,牛丼,,casual,tb,True
fukuoka/kanda,81,ジョイフル 苅田店,ファミレス,,casual,tb,True
fukuoka/kanda,82,スシロー 苅田店,回転寿司,,seafood,tb,True
fukuoka/kanda,83,花楓月 苅田店,その他,,other,none,False
fukuoka/kanda,84,からあげ輝鶏 苅田店,からあげ、弁当,,meat,tb,True
fukuoka/kanda,85,源さん,居酒屋,,izakaya,tb,True
fukuoka/kanda,86,太閤,お好み焼き、鉄板焼き、焼きそば,,casual,tb,True
fukuoka/kanda,87,駒寿し,寿司,,seafood,tb,True
fukuoka/kanda,88,炭火焼　炉,ビュッフェ、弁当,,casual,tb,True
fukuoka/kanda,89,ごはんや,食堂,,casual,tb,True
fukuoka/kanda,90,縁日,鳥料理,,other,none,False
fukuoka/kanda,91,からあげみやこ屋 苅田店,からあげ,,meat,tb,True
fukuoka/kanda,92,ぬかだき専門店 咲くら,その他,,other,none,False
fukuoka/kanda,93,pluma de grus,カフェ,,cafe,tb,True
fukuoka/kanda,94,蕎麦処 渉,そば,,noodles,tb,True
fukuoka/kanda,95,唐揚げサンバ,からあげ,,meat,tb,True
fukuoka/kanda,96,陽だまりのしっぽ,その他,,other,none,False
fukuoka/kanda,97,居酒屋 貴,居酒屋,,izakaya,tb,True
fukuoka/kanda,98,セブンイレブン 苅田南原店,コンビニ・スーパー,,daily,tb,True
fukuoka/kanda,99,セブンイレブン 苅田北九州空港入口店,コンビニ・スーパー,,daily,tb,True
fukuoka/kanda,100,むらた亭 苅田店,ラーメン,,noodles,tb,True
fukuoka/kanda,101,マクドナルド 10号行橋店,ハンバーガー,,casual,tb,True
fukuoka/kanda,102,いきなりステーキ ホームプラザナフコ苅田店,ステーキ、ハンバーグ,,meat,tb,True
fukuoka/kanda,103,ガスト 行橋店,ファミレス,,casual,tb,True
fukuoka/kanda,104,ごはんどき 苅田店,食堂、ラーメン、かつ丼,,casual,tb,True
fukuoka/kanda,105,リンガーハット 苅田西工大前店,ちゃんぽん,,noodles,tb,True
fukuoka/kanda,106,すき家 苅田店,牛丼,,casual,tb,True
fukuoka/kanda,107,ファーストキッチン サンリブ苅田,ハンバーガー、パスタ、カフェ,,casual,tb,True
fukuoka/kanda,108,マクドナルド 10号苅田店,ハンバーガー,,casual,tb,True
fukuoka/kanda,109,ドトールコーヒーショップ  エッソ二崎店,カフェ,,cafe,tb,True
fukuoka/kanda,110,シャトレーゼ 苅田店,ケーキ,,sweets,tb,True
fukuoka/kanda,111,湖月堂 サンリブ苅田店,和菓子,,sweets,tb,True
fukuoka/kanda,112,春香苑,焼肉,,meat,tb,True
fukuoka/kanda,113,ほっともっと 苅田駅前店,弁当,,casual,tb,True
fukuoka/kanda,114,炉洲,焼き鳥,,meat,tb,True
fukuoka/kanda,115,ほっともっと 苅田富久店,弁当,,casual,tb,True
fukuoka/kanda,116,base,バー,,izakaya,tb,True
fukuoka/kanda,117,みむら,惣菜・デリ,,casual,tb,True
fukuoka/kanda,118,ほっともっと 苅田店,弁当,,casual,tb,True
fukuoka/kanda,119,みやび,喫茶店,,cafe,tb,True
fukuoka/kanda,120,さかさちょうちん,レストラン,,other,none,False
fukuoka/kanda,121,セブンイレブン 苅田磯浜町店,コンビニ・スーパー,,daily,tb,True
fukuoka/kanda,122,運,ラーメン,,noodles,tb,True
fukuoka/kanda,123,むすんでひらいて ルミエール苅田店,弁当、惣菜・デリ,,casual,tb,True
fukuoka/kanda,124,TAKO96,たこ焼き,,casual,tb,True
fukuoka/kanda,125,ビッグベアーズ 苅田店,ピザ,,european,tb,True
fukuoka/kanda,126,むすんでひらいて サンリブエル苅田店,弁当、惣菜・デリ,,casual,tb,True
fukuoka/kanda,127,ななふく弁当,弁当,,casual,tb,True
fukuoka/kanda,128,Rodzina,弁当,,casual,tb,True
fukuoka/kanda,129,LAWSON 苅田京町一丁目店,コンビニ・スーパー,,daily,tb,True
fukuoka/kanda,130,炭職人 焼き鳥 京,焼き鳥、居酒屋、海鮮,,meat,tb,True
fukuoka/kanda,131,ドエル･タコ,たこ焼き,,casual,tb,True
fukuoka/kanda,132,片岡食品,売店,,casual,tb,True
fukuoka/kanda,133,なんだかんだ,食堂、弁当,,casual,tb,True
fukuoka/kanda,134,カーポート苅田,喫茶店,,cafe,tb,True
fukuoka/kanda,135,一休,お好み焼き,,casual,tb,True
fukuoka/kanda,136,マンボ,喫茶店,,cafe,tb,True
fukuoka/kanda,137,吉宗,レストラン,,other,none,False
fukuoka/kanda,138,海賊船,焼き鳥,,meat,tb,True
fukuoka/kanda,139,楽食楽座,食堂,,casual,tb,True
fukuoka/kanda,140,きゃろっと,お好み焼き,,casual,tb,True
fukuoka/kanda,141,居酒屋燔,居酒屋,,izakaya,tb,True
fukuoka/kanda,142,美松珈琲館,喫茶店,,cafe,tb,True
fukuoka/kanda,143,JA福岡京築 苅田農産物直売所,その他,,other,none,False
fukuoka/kanda,144,麺と鉄板 肉らしかぁ,うどん、居酒屋,,noodles,tb,True
fukuoka/kanda,145,バックボーン,レストラン,,other,none,False
fukuoka/kanda,146,パンダヤ,バー,,izakaya,tb,True
fukuoka/kanda,147,千成,ホテル,,other,none,False
fukuoka/kanda,148,浮殿,焼肉,,meat,tb,True
fukuoka/kanda,149,YU BAR,バー,,izakaya,tb,True
fukuoka/kanda,150,サンズ カフェ,カフェ、カレー,,cafe,tb,True
fukuoka/kanda,151,キッチン遊菜,洋食、パスタ,,european,tb,True
fukuoka/kanda,152,Champontei Itten Ai,,Japanese,japanese,ta,True
fukuoka/kanda,153,Udon Ya Men no Kai,,,other,none,False
fukuoka/kanda,154,Koma Sushi,,Japanese;Seafood;Sushi;Japanese - Other ,seafood,ta,True
fukuoka/kanda,155,SUKE SAN Udon,,,other,none,False
fukuoka/kanda,156,Mumeitei,,Japanese,japanese,ta,True
fukuoka/kanda,157,Gensan,,Japanese,japanese,ta,True
fukuoka/kanda,158,Jikabi Jika Baisen Coffee Sen,,Cafe,cafe,ta,True
fukuoka/kanda,159,Yakitori Yushoku Musashi,,Japanese;Izakaya (Japanese Style Tavern),izakaya,ta,True
fukuoka/kanda,160,Stamina Taro Karita,,Japanese,japanese,ta,True
fukuoka/kanda,161,Rairaiken,,,other,none,False
fukuoka/kanda,162,Kyushu Ramen Nagomi Karita,,,other,none,False
fukuoka/kanda,163,Yayoi Ken Karita,,Japanese;International;Japanese - Other ,japanese,ta,True
fukuoka/kanda,164,Shiva,,Indian,curry,ta,True
fukuoka/kanda,165,Ringer Hut Kanda Nishi Kodaimae,,,other,none,False
fukuoka/kanda,166,Tonkatsu Hamakatsu Fukuoka Kanda,,Japanese,japanese,ta,True
fukuoka/kanda,167,Ikinari Steak Home Plaza Nafuko Kanda,,American;Steakhouse,meat,ta,True
fukuoka/kanda,168,Matsumotoshoten,,Japanese,japanese,ta,True
fukuoka/kanda,169,Ichikura,,,other,none,False
fukuoka/kanda,170,Gusto Ikuhashi,,International,other,none,False
fukuoka/kanda,171,Itto,,,other,none,False
fukuoka/kanda,172,Yakiniku Gyugyu,,,other,none,False
fukuoka/kanda,173,Sunrise,,European,european,ta,True
fukuoka/kanda,174,9inety4our Sports And Music Bar,,Bar;Pub,izakaya,ta,True
fukuoka/kanda,175,McDonald s No 10 Yukuhashi,,Fast Food,casual,ta,True
fukuoka/kanda,176,Sukesan Udon Yukuhashi,,,other,none,False
fukuoka/kanda,177,Robata Bumbuku,,Japanese;Japanese - Other ,japanese,ta,True
fukuoka/kanda,178,Japanese Food Dining Yurari,,Japanese,japanese,ta,True
fukuoka/kanda,179,Spicy Aunt,,Barbecue,meat,ta,True
fukuoka/kanda,180,Taiko,,Japanese;Japanese - Other ,japanese,ta,True
fukuoka/kanda,181,Kitchen Yusai,,Japanese - Other ,japanese,ta,True
fukuoka/kanda,182,Deep Fried Chicken Kanda Ekimae,,Japanese;International,japanese,ta,True
fukuoka/kanda,183,Tombo,,Japanese,japanese,ta,True
fukuoka/kanda,184,Private Dining Kihara,,Japanese;Izakaya (Japanese Style Tavern),izakaya,ta,True
fukuoka/kanda,185,Hanasan Shokudo Kanda,,Japanese;International;Japanese - Other ,japanese,ta,True
fukuoka/kanda,186,Restaurant Yume No Ki,,,other,none,False
fukuoka/kanda,187,Pomodoro,,Italian,european,ta,True
fukuoka/kanda,188,Tanuki,,Japanese,japanese,ta,True
fukuoka/kanda,189,Chidoriya Kanda,,,other,none,False
fukuoka/kanda,190,Kaito Kanda,,,other,none,False
fukuoka/kanda,191,Oitan Sakaba Ifu Dodo,,Japanese;Izakaya (Japanese Style Tavern),izakaya,ta,True
fukuoka/kanda,192,Flora,,International,other,none,False
fukuoka/kanda,193,Restaurant Ro,,Japanese,japanese,ta,True
fukuoka/kanda,194,Carrot,,Japanese;Japanese - Other ,japanese,ta,True
fukuoka/kanda,195,Ukidono,,Japanese;Barbecue,meat,ta,True
fukuoka/kanda,196,Bar Artemis,,Bar;Pub,izakaya,ta,True
fukuoka/kanda,197,Naughty Boy Curry,,Japanese;Indian,curry,ta,True
fukuoka/kanda,198,Jidoriya Un Kanda,,Japanese,japanese,ta,True
fukuoka/kanda,199,Uguisu Shokudo,,Sushi,seafood,ta,True
fukuoka/kanda,200,Yakiniku Goshiya,,Barbecue,meat,ta,True
fukuoka/kanda,201,Indian Gautam,,Indian,curry,ta,True
fukuoka/kanda,202,Chikuho Ramen Basaraka Kanda,,,other,none,False
fukuoka/kanda,203,Snack Lotus,,,other,none,False
fukuoka/kanda,204,Suehiro,,Japanese,japanese,ta,True
fukuoka/kanda,205,Karaoke Cafe Sakurambo,,International,other,none,False
fukuoka/kanda,206,Karaoke Cafe Songoku,,International,other,none,False
fukuoka/kanda,207,Fried Chicken General Good,,Japanese,japanese,ta,True
fukuoka/kanda,208,Karaoke Shizu,,International,other,none,False
fukuoka/kanda,209,Karaoke Lounge Fairy Tale,,International,other,none,False
fukuoka/kanda,210,Gohandoki Karita,,Japanese;International,japanese,ta,True
fukuoka/kanda,211,Karaoke Pub Ran,,International,other,none,False
fukuoka/kanda,212,My,,Japanese,japanese,ta,True
fukuoka/kanda,213,Beach House,,Cafe,cafe,ta,True
fukuoka/kanda,214,Chizuru,,Japanese,japanese,ta,True
fukuoka/kanda,215,Sumibiyaki Ro,,Japanese,japanese,ta,True
fukuoka/kanda,216,Hisagoya,,Japanese;International;Japanese - Other ,japanese,ta,True
fukuoka/kanda,217,Benkei Yakitori,,Japanese;Japanese - Other ,japanese,ta,True
fukuoka/kanda,218,Takumi,,Japanese;Japanese - Traditional Cuisine,japanese,ta,True
fukuoka/kanda,219,Italian Ryori Il Futuro,,Italian,european,ta,True
fukuoka/kanda,220,Sushi Zen,,Japanese;Sushi,seafood,ta,True
fukuoka/kanda,221,Akebono Shokudo,,Japanese;Japanese - Other ,japanese,ta,True
fukuoka/kanda,222,Pon Are,,International;Fusion,other,none,False
fukuoka/kanda,223,Yakiniku Doraen,,,other,none,False
fukuoka/kanda,224,Tomo,,Japanese;Fusion;Japanese - Other ,japanese,ta,True
fukuoka/kanda,225,Hyotan,,Japanese,japanese,ta,True
fukuoka/kanda,226,Karaage Specialty Store Tebakaraya,,,other,none,False
fukuoka/kanda,227,Aratsu Ramen,,,other,none,False
fukuoka/kanda,228,Cafe Korabokkuru,,,other,none,False
fukuoka/kanda,229,Aratsu Shokudo,,,other,none,False
fukuoka/kanda,230,Backbone,,,other,none,False
fukuoka/kanda,231,Chikuho Ramen Yamagoya Kanda,,,other,none,False
fukuoka/kanda,232,Felice,,,other,none,False
fukuoka/kanda,233,Kakashi Udon Karita,,,other,none,False
fukuoka/kanda,234,Kurume Ramen Genryu Kanda,,,other,none,False
fukuoka/kanda,235,KOromoya Tenshiro,,,other,none,False
fukuoka/kanda,236,Ajidokoro Hidechan,,Japanese;Izakaya (Japanese Style Tavern),izakaya,ta,True
fukuoka/kanda,237,Menya Ichitake,,,other,none,False
fukuoka/kasuga,1,焼肉 伽耶,焼肉、韓国料理、ホルモン,,meat,tb,True
fukuoka/kasuga,2,ニパチ 春日原店,居酒屋、もつ鍋、海鮮,,izakaya,tb,True
fukuoka/kasuga,3,日本料理あぜま,日本料理,,japanese,tb,True
fukuoka/kasuga,4,焼きとり心ちゃん,焼き鳥、海鮮、居酒屋,,meat,tb,True
fukuoka/kasuga,5,炭香 みな川,居酒屋,,izakaya,tb,True
fukuoka/kasuga,6,焼鳥居酒屋ウエスタン,居酒屋、焼き鳥、もつ鍋,,izakaya,tb,True
fukuoka/kasuga,7,Music Cafe&Bar ROOTS,バー,,izakaya,tb,True
fukuoka/kasuga,8,アルパッソ,ダイニングバー、バー,,izakaya,tb,True
fukuoka/kasuga,9,八仙閣 春日店,四川料理、中華料理、餃子,,chinese,tb,False
fukuoka/kasuga,10,春日ばるっこ,居酒屋、日本料理、スポーツバー,,izakaya,tb,True
fukuoka/kasuga,11,十徳や 春日下白水店,居酒屋、海鮮、寿司,,izakaya,tb,True
fukuoka/kasuga,12,優 春日店,居酒屋、海鮮、日本料理,,izakaya,tb,True
fukuoka/kasuga,13,銘酒処 炉端焼きへのへのもしじ,居酒屋、ろばた焼き、日本酒バー,,izakaya,tb,True
fukuoka/kasuga,14,焼き肉 春ちゃん,焼肉、ホルモン、居酒屋,,meat,tb,True
fukuoka/kasuga,15,博多大衆酒場 ひびき 春日原駅前店,居酒屋,,izakaya,tb,True
fukuoka/kasuga,16,目利きの銀次 春日原西口駅前店,居酒屋、海鮮、創作料理,,izakaya,tb,True
fukuoka/kasuga,17,花小梅 春日店,釜飯、日本料理、居酒屋,,japanese,tb,True
fukuoka/kasuga,18,串揚げ朔屋,串揚げ、居酒屋、日本酒バー,,japanese,tb,True
fukuoka/kasuga,19,骨折り餃子 貴月 春日店,居酒屋、餃子、海鮮,,izakaya,tb,True
fukuoka/kasuga,20,風林火山 8号店,焼き鳥、もつ鍋、居酒屋,,meat,tb,True
fukuoka/kasuga,21,焼肉龍王館 白水店,焼肉、居酒屋、韓国料理,,meat,tb,True
fukuoka/kasuga,22,SALT,ダイニングバー、洋食、中華料理,,izakaya,tb,True
fukuoka/kasuga,23,焼肉 銀しゃり 直球カルビ 春日原店,焼肉、韓国料理、居酒屋,,meat,tb,True
fukuoka/kasuga,24,餃子家 まるに 春日東口別館,居酒屋、餃子、お好み焼き,,izakaya,tb,True
fukuoka/kasuga,25,ハル　スリランカ,スリランカ料理,,other,none,False
fukuoka/kasuga,26,焼肉 好牛,焼肉、ホルモン,,meat,tb,True
fukuoka/kasuga,27,ヤミー!メコン,タイ料理、ベトナム料理,,chinese,tb,True
fukuoka/kasuga,28,炭火焼ハンバーグ なかむら,肉料理、ハンバーグ、カフェ,,meat,tb,True
fukuoka/kasuga,29,餃子屋 まるに商店,居酒屋、餃子,,izakaya,tb,True
fukuoka/kasuga,30,東インド ベンガル料理専門店インディアンスパイスファクトリー,インド料理、インドカレー,,curry,tb,True
fukuoka/kasuga,31,アーマ,インドカレー、ダイニングバー,,curry,tb,True
fukuoka/kasuga,32,みどり工場直売所 福岡春日店,売店,,casual,tb,True
fukuoka/kasuga,33,浮雲,居酒屋,,izakaya,tb,True
fukuoka/kasuga,34,カレー食堂 ソエタ,インドカレー、ダイニングバー、インド料理,,curry,tb,True
fukuoka/kasuga,35,旬 おっくん,居酒屋,,izakaya,tb,True
fukuoka/kasuga,36,スターバックスコーヒー 福岡星見ヶ丘店,カフェ,,cafe,tb,True
fukuoka/kasuga,37,味処 つるみ,食堂、居酒屋,,casual,tb,True
fukuoka/kasuga,38,Darts&Cafe Wega,カフェ、ダーツ,,cafe,tb,True
fukuoka/kasuga,39,レーブ ドゥ フランス,ケーキ,,sweets,tb,True
fukuoka/kasuga,40,一天張,鳥料理,,other,none,False
fukuoka/kasuga,41,餃子の王将 春日店,餃子、中華料理、ラーメン,,chinese,tb,True
fukuoka/kasuga,42,すし栄,寿司,,seafood,tb,True
fukuoka/kasuga,43,居酒屋　角ちゃん,居酒屋,,izakaya,tb,True
fukuoka/kasuga,44,寿し大仙,寿司,,seafood,tb,True
fukuoka/kasuga,45,大関,居酒屋,,izakaya,tb,True
fukuoka/kasuga,46,パンは空気だ,パン,,sweets,tb,True
fukuoka/kasuga,47,フヂカワベーカリー,パン,,sweets,tb,True
fukuoka/kasuga,48,マクドナルド 西鉄春日原駅店,ハンバーガー,,casual,tb,True
fukuoka/kasuga,49,七輪炭火焼肉 まるし,焼肉、焼き鳥、居酒屋,,meat,tb,True
fukuoka/kasuga,50,勝茶ん堂,和菓子,,sweets,tb,True
fukuoka/kasuga,51,浜太郎春日原店,居酒屋,,izakaya,tb,True
fukuoka/kasuga,52,ブラッスリーグラップ,フレンチ、ビストロ、居酒屋,,european,tb,True
fukuoka/kasuga,53,BAKE OTTO,カフェ、パン,,cafe,tb,True
fukuoka/kasuga,54,野武士本陣,焼き鳥,,meat,tb,True
fukuoka/kasuga,55,セブンイレブン 春日下白水店,コンビニ・スーパー,,daily,tb,True
fukuoka/kasuga,56,わたなべ,洋食、ダイニングバー、ワインバー,,european,tb,True
fukuoka/kasuga,57,ハーベスト,フルーツパーラー,,other,none,False
fukuoka/kasuga,58,CoCo壱番屋 春日岡本店,カレー,,curry,tb,True
fukuoka/kasuga,59,神楽からあげ 道,からあげ,,meat,tb,True
fukuoka/kasuga,60,メリーゴーランド,パン,,sweets,tb,True
fukuoka/kasuga,61,Kikuzushi,,Japanese;Seafood;Sushi;Japanese - Other ,seafood,ta,True
fukuoka/kasuga,62,Musashi Soba,,Japanese;Japanese - Other ;Kaiseki;Shojin;Kyoto cuisine;Japanese Fusion,japanese,ta,True
fukuoka/kasuga,63,VISAVIS,,French,european,ta,True
fukuoka/kasuga,64,Kyo Hu Ceremony Dish Takarayatei,,Japanese;Kaiseki,japanese,ta,True
fukuoka/kasuga,65,Dumpling Maruoka,,Chinese,chinese,ta,True
fukuoka/kasuga,66,Sushi Daisen,,Japanese;Seafood;Sushi;Japanese - Other ,seafood,ta,True
fukuoka/kasuga,67,Cannery Row Fukuoka Kasuga,,Italian,european,ta,True
fukuoka/kasuga,68,Pan Nagata,,,other,none,False
fukuoka/kasuga,69,Sorino Shokutaku,,French;European,european,ta,True
fukuoka/kasuga,70,Western Noodle House Goemon Kasuga,,Italian,european,ta,True
fukuoka/kasuya,1,一九ラーメン 糟屋店,ラーメン,,noodles,tb,True
fukuoka/kasuya,2,山椒の木,うなぎ、海鮮、そば,,seafood,tb,True
fukuoka/kasuya,3,1954 Fukuoka,パン、サンドイッチ、カフェ,,sweets,tb,True
fukuoka/kasuya,4,YORIMICHI,パン、カフェ、喫茶店,,sweets,tb,True
fukuoka/kasuya,5,中華料理 香香,中華料理、刀削麺、餃子,,chinese,tb,True
fukuoka/kasuya,6,まるやすのちゃんぽん,ちゃんぽん、食堂,,noodles,tb,True
fukuoka/kasuya,7,吉ひろ,レストラン,,other,none,False
fukuoka/kasuya,8,麺屋ラ賊,ラーメン,,noodles,tb,True
fukuoka/kasuya,9,ラーメン将峰,ラーメン,,noodles,tb,True
fukuoka/kasuya,10,Hamburg Mafia,ハンバーグ,,meat,tb,True
fukuoka/kasuya,11,"天天,有",ラーメン、餃子,,noodles,tb,True
fukuoka/kasuya,12,喰焼処,食堂、ラーメン、そば,,casual,tb,True
fukuoka/kasuya,13,官兵衛うどん,うどん、丼、食堂,,noodles,tb,True
fukuoka/kasuya,14,びっくり亭 粕屋店,焼肉、鉄板焼き,,meat,tb,True
fukuoka/kasuya,15,スタミナ焼肉鉄板王 空港東店,焼肉,,meat,tb,True
fukuoka/kasuya,16,ハンバーガー工房 grin grin,ハンバーガー,,casual,tb,True
fukuoka/kasuya,17,きねや 流通店,居酒屋、うどん、焼き鳥,,izakaya,tb,True
fukuoka/kasuya,18,粕屋町中華料理 ニューハナチャイナ,中華料理,,chinese,tb,True
fukuoka/kasuya,19,豚ステーキ十一 仲原店,ステーキ、鉄板焼き,,meat,tb,True
fukuoka/kasuya,20,グレイス ガーデン ナチュレ,パスタ、パンケーキ、カフェ,,european,tb,True
fukuoka/kasuya,21,幸,食堂,,casual,tb,True
fukuoka/kasuya,22,長浜ラーメン 味のまんぷく,ラーメン,,noodles,tb,True
fukuoka/kasuya,23,恵比寿や,そば,,noodles,tb,True
fukuoka/kasuya,24,五穀 イオンモール福岡店,日本料理,,japanese,tb,True
fukuoka/kasuya,25,博多久松,弁当、日本料理,,casual,tb,True
fukuoka/kasuya,26,なにわお好み焼き ぼちぼち,お好み焼き、ホルモン、焼きそば,,casual,tb,True
fukuoka/kasuya,27,鳥〇食堂×タニタカフェ イオンモール福岡店,食堂、鳥料理,,casual,tb,True
fukuoka/kasuya,28,新和食 馳,日本料理、弁当,,japanese,tb,True
fukuoka/kasuya,29,てんぷら一代,天ぷら,,japanese,tb,True
fukuoka/kasuya,30,パンのマグ,パン,,sweets,tb,True
fukuoka/kasuya,31,石釜パン工房 KIRARI,パン,,sweets,tb,True
fukuoka/kasuya,32,韓美里,韓国料理,,chinese,tb,True
fukuoka/kasuya,33,サクレクール,ケーキ,,sweets,tb,True
fukuoka/kasuya,34,パントリエ イオンモール福岡店,洋食、ビュッフェ、ハンバーグ,,european,tb,True
fukuoka/kasuya,35,JACK IN THE DONUTS イオンモール福岡店,ドーナツ,,sweets,tb,True
fukuoka/kasuya,36,HEART BREAD ANTIQUE イオンモール福岡店,パン,,sweets,tb,True
fukuoka/kasuya,37,coharune,洋菓子、和菓子,,sweets,tb,True
fukuoka/kasuya,38,スパイス食堂and N,カレー、カフェ,,curry,tb,True
fukuoka/kasuya,39,辛麺&チキン南蛮 桝元 イオンモール福岡店,ラーメン,,noodles,tb,True
fukuoka/kasuya,40,カレー&フレンチトースト Hono,カレー、洋食、スイーツ,,curry,tb,True
fukuoka/kasuya,41,濵かつ イオンモール福岡店,とんかつ、揚げ物,,meat,tb,True
fukuoka/kasuya,42,たかばしBake,パン,,sweets,tb,True
fukuoka/kasuya,43,麦とろ＆韓,牛タン、麦とろ、韓国料理,,meat,tb,True
fukuoka/kasuya,44,肉肉うどん 粕屋店,うどん、そば、食堂,,noodles,tb,True
fukuoka/kasuya,45,桃香・中華の店,ラーメン、中華料理、ホルモン,,noodles,tb,True
fukuoka/kasuya,46,みらく 糟屋店,焼肉,,meat,tb,True
fukuoka/kasuya,47,博多唐揚げ もんどりあん,からあげ、弁当、食堂,,meat,tb,True
fukuoka/kasuya,48,パティスリーマルジョレーヌ,ケーキ,,sweets,tb,True
fukuoka/kasuya,49,ベーベの気持ち イオンモール福岡店,ジェラート・アイスクリーム,,sweets,tb,True
fukuoka/kasuya,50,和み縁ゆいゆい,カフェ、居酒屋、からあげ,,cafe,tb,True
fukuoka/kasuya,51,丸亀製麺 イオンモール福岡店,うどん,,noodles,tb,True
fukuoka/kasuya,52,ぎゅう丸 イオンモール福岡店,ハンバーグ、ステーキ、カレー,,meat,tb,True
fukuoka/kasuya,53,かんざし イオンモール福岡店,日本料理、海鮮、和菓子,,japanese,tb,True
fukuoka/kasuya,54,居酒屋 ○○家,居酒屋、海鮮、鍋,,izakaya,tb,True
fukuoka/kasuya,55,居酒屋本陣,居酒屋、海鮮、焼き鳥,,izakaya,tb,True
fukuoka/kasuya,56,京都北白川ラーメン魁力屋 イオンモール福岡店,ラーメン,,noodles,tb,True
fukuoka/kasuya,57,憩い家 つねさん,居酒屋,,izakaya,tb,True
fukuoka/kasuya,58,イチリュウ イオン福岡店,ケーキ,,sweets,tb,True
fukuoka/kasuya,59,ナガモトコーヒー店,カフェ,,cafe,tb,True
fukuoka/kasuya,60,むぎくらべカフェ,カフェ、パン,,cafe,tb,True
fukuoka/kasuya,61,紅虎餃子房 イオンモール福岡店,中華料理、飲茶・点心、ラーメン,,chinese,tb,True
fukuoka/kasuya,62,双葉ラーメン,ラーメン、ちゃんぽん,,noodles,tb,True
fukuoka/kasuya,63,町田商店 イオンモール福岡店,ラーメン,,noodles,tb,True
fukuoka/kasuya,64,イザカヤ クウカイ 粕屋店,居酒屋,,izakaya,tb,True
fukuoka/kasuya,65,旨屋,焼き鳥,,meat,tb,True
fukuoka/kasuya,66,焼肉ＫＡＮ,焼肉,,meat,tb,True
fukuoka/kasuya,67,Flat,カフェ,,cafe,tb,True
fukuoka/kasuya,68,ピエトロ イオンモール福岡店,パスタ、ピザ,,european,tb,True
fukuoka/kasuya,69,築地食堂 源ちゃん イオンモール福岡店,食堂、海鮮丼,,casual,tb,True
fukuoka/kasuya,70,赤から 福岡東店,居酒屋、焼肉、鍋,,izakaya,tb,True
fukuoka/kasuya,71,博多ダーメン屋,ラーメン,,noodles,tb,True
fukuoka/kasuya,72,そばと和食 麦福 イオンモール福岡店,そば、天ぷら,,noodles,tb,True
fukuoka/kasuya,73,駅前カフェ サカヤ,カフェ,,cafe,tb,True
fukuoka/kasuya,74,中華料理 福香餃子,四川料理,,other,none,False
fukuoka/kasuya,75,ぐらんぱ,イタリアン、居酒屋,,european,tb,True
fukuoka/kasuya,76,炭焼dining 漁火,居酒屋,,izakaya,tb,True
fukuoka/kasuya,77,メルシー,洋菓子,,sweets,tb,True
fukuoka/kasuya,78,くだものカフェ イオン福岡店,ジューススタンド、ジェラート・アイスクリーム,,cafe,tb,True
fukuoka/kasuya,79,Chi-ya Cafe & Flower,カフェ、喫茶店,,cafe,tb,True
fukuoka/kasuya,80,ZETTERIA イオンモール福岡店,ハンバーガー,,casual,tb,True
fukuoka/kasuya,81,bagel TORICO,ベーグル、カフェ,,sweets,tb,True
fukuoka/kasuya,82,かつや 福岡インター店,とんかつ、かつ丼、カレー,,meat,tb,True
fukuoka/kasuya,83,スターバックス・コーヒー イオンモール福岡店,カフェ,,cafe,tb,True
fukuoka/kasuya,84,リンガーハット 福岡長者原店,ちゃんぽん、餃子,,noodles,tb,True
fukuoka/kasuya,85,とんかつ 濵かつ 福岡粕屋店,とんかつ,,meat,tb,True
fukuoka/kasuya,86,揚げたて天婦羅 那かむら イオンモール福岡店,天ぷら,,japanese,tb,True
fukuoka/kasuya,87,サロン卵と私 イオンモール福岡店,オムライス、パンケーキ,,european,tb,True
fukuoka/kasuya,88,コメダ珈琲店 福岡粕屋店,喫茶店,,cafe,tb,True
fukuoka/kasuya,89,久世福商店 イオンモール福岡店,その他,,other,none,False
fukuoka/kasuya,90,Lilyロール,ケーキ、洋菓子,,sweets,tb,True
fukuoka/kasuya,91,シュシュクレープ イオンモール福岡店,スイーツ,,sweets,tb,True
fukuoka/kasuya,92,喫茶 陽だまり,喫茶店,,cafe,tb,True
fukuoka/kasuya,93,長者原饅頭,和菓子,,sweets,tb,True
fukuoka/kasuya,94,串家物語 イオンモール福岡店,串揚げ、居酒屋、ビュッフェ,,japanese,tb,True
fukuoka/kasuya,95,ミスタードーナツ イオンモール福岡ショップ,ドーナツ,,sweets,tb,True
fukuoka/kasuya,96,柿安 口福堂 イオンモール福岡店,和菓子、スイーツ,,sweets,tb,True
fukuoka/kasuya,97,サンマルクカフェ イオンモール福岡店,カフェ、パン、スイーツ,,cafe,tb,True
fukuoka/kasuya,98,築地 銀だこ イオンモール福岡店,たこ焼き、たい焼き・大判焼き,,casual,tb,True
fukuoka/kasuya,99,ペッパーランチ イオンモール福岡店,ステーキ、ハンバーグ,,meat,tb,True
fukuoka/kasuya,100,CoCo壱番屋 福岡門松店,カレー,,curry,tb,True
fukuoka/kasuya,101,サーティワンアイスクリーム イオンモール福岡店,ジェラート・アイスクリーム、クレープ・ガレット,,sweets,tb,True
fukuoka/kasuya,102,しゃぶ葉 イオンモール福岡店,しゃぶしゃぶ,,meat,tb,True
fukuoka/kasuya,103,バーガーキング イオンモール福岡店,ハンバーガー,,casual,tb,True
fukuoka/kasuya,104,タリーズコーヒー フタバ図書TERAイオンモール福岡店,カフェ,,cafe,tb,True
fukuoka/kasuya,105,カフェファディ 粕屋仲原店,カフェ,,cafe,tb,True
fukuoka/kasuya,106,GODIVA イオンモール福岡店,チョコレート,,sweets,tb,True
fukuoka/kasuya,107,ビビン亭 イオンモール福岡店,韓国料理,,chinese,tb,True
fukuoka/kasuya,108,コメダ珈琲店 イオンモール福岡店,カフェ、喫茶店,,cafe,tb,True
fukuoka/kasuya,109,ディッパーダン イオンモール福岡店,クレープ・ガレット,,sweets,tb,True
fukuoka/kasuya,110,パン工場 福岡東店,パン,,sweets,tb,True
fukuoka/kasuya,111,ビアードパパ イオンモール福岡店,シュークリーム、洋菓子,,sweets,tb,False
fukuoka/kasuya,112,となりの山椒の木,うなぎ,,seafood,tb,True
fukuoka/kasuya,113,しめ手羽 粕屋別館,居酒屋、手羽先,,izakaya,tb,True
fukuoka/kasuya,114,ひので屋 流通店,弁当,,casual,tb,True
fukuoka/kasuya,115,ぐー・ちょき・ぱん,パン,,sweets,tb,True
fukuoka/kasuya,116,ミスターマックス粕屋店ベーカリーコーナー,パン,,sweets,tb,True
fukuoka/kasuya,117,珈琲苑やまもと,喫茶店,,cafe,tb,True
fukuoka/kasuya,118,和食海鮮料理旬彩みやび,居酒屋、ふぐ、鍋,,izakaya,tb,True
fukuoka/kasuya,119,ワンダー カフェ 福岡東店,食堂、カレー、麺類,,casual,tb,True
fukuoka/kasuya,120,吉野家 粕屋仲原店,牛丼、カレー、食堂,,casual,tb,True
fukuoka/kasuya,121,やよい軒 粕屋仲原店,食堂,,casual,tb,True
fukuoka/kasuya,122,九州名物とめ手羽 仲原店,居酒屋、もつ鍋、手羽先,,izakaya,tb,True
fukuoka/kasuya,123,唐十 イオンモール福岡店,からあげ,,meat,tb,True
fukuoka/kasuya,124,CoCo壱番屋 福岡インター店,カレー,,curry,tb,True
fukuoka/kasuya,125,カルディコーヒーファーム イオンモール福岡店,その他,,other,none,False
fukuoka/kasuya,126,酔処 旬,居酒屋,,izakaya,tb,True
fukuoka/kasuya,127,竹やぶ,居酒屋、焼き鳥,,izakaya,tb,True
fukuoka/kasuya,128,犬カフェ Rio 福岡店,その他,,other,none,False
fukuoka/kasuya,129,駅前食処いさりび,居酒屋,,izakaya,tb,True
fukuoka/kasuya,130,LET'SINASAL,パン,,sweets,tb,True
fukuoka/kasuya,131,銀座惣菜店 イオンモール福岡店,焼き鳥,,meat,tb,True
fukuoka/kasuya,132,牛角 仲原店,焼肉、ホルモン、居酒屋,,meat,tb,True
fukuoka/kasuya,133,マクドナルド 門松店,ハンバーガー,,casual,tb,True
fukuoka/kasuya,134,ケンタッキーフライドチキン イオンモール福岡店,レストラン,,other,none,False
fukuoka/kasuya,135,元祖辛麺屋 桝元 イオンモール福岡店,ラーメン,,noodles,tb,True
fukuoka/kasuya,136,ゴンチャ イオンモール福岡店,カフェ,,cafe,tb,True
fukuoka/kasuya,137,スターバックスコーヒー イオンモール福岡2階店,カフェ,,cafe,tb,True
fukuoka/kasuya,138,ほっともっと 粕屋仲原店,弁当,,casual,tb,True
fukuoka/kasuya,139,クニズ イオンモール福岡店,ステーキ、ハンバーグ,,meat,tb,True
fukuoka/kasuya,140,マクドナルド イオンモール福岡店,ハンバーガー,,casual,tb,True
fukuoka/kasuya,141,すき家 粕屋仲原店,牛丼、丼,,casual,tb,True
fukuoka/kasuya,142,サーティワンアイスクリーム イオンモール福岡 フードパーク店,ジェラート・アイスクリーム,,sweets,tb,True
fukuoka/kasuya,143,パオクレープミルク イオンモール福岡店,クレープ・ガレット,,sweets,tb,True
fukuoka/kasuya,144,銀座コージーコーナー イオン福岡店,ケーキ、チョコレート,,sweets,tb,True
fukuoka/kasuya,145,モーメント 福岡本店,食堂,,casual,tb,True
fukuoka/kasuya,146,鮨ダイニング結喜家,寿司,,seafood,tb,True
fukuoka/kasuya,147,うえすたん本部手作りハム工房,惣菜・デリ,,casual,tb,True
fukuoka/kasuya,148,居酒屋　もり,居酒屋,,izakaya,tb,True
fukuoka/kasuya,149,ちくごや,居酒屋,,izakaya,tb,True
fukuoka/kasuya,150,イオンシネマ 福岡,その他,,other,none,False
fukuoka/kasuya,151,居酒屋てら田,居酒屋,,izakaya,tb,True
fukuoka/kasuya,152,古じょう庵 イオン福岡東店,その他,,other,none,False
fukuoka/kasuya,153,レモネード バイ レモニカ イオンモール福岡店,ジューススタンド,,cafe,tb,True
fukuoka/kasuya,154,ダイキョーバリュー 長者原店,コンビニ・スーパー,,daily,tb,True
fukuoka/kasuya,155,麩稲豊,肉まん,,other,none,False
fukuoka/kasuya,156,cakehouse AN イオンモール福岡店,ケーキ,,sweets,tb,True
fukuoka/kasuya,157,やきとり 史,焼き鳥,,meat,tb,True
fukuoka/kasuya,158,MOTHER'S CREPE&CAFE,洋菓子、カフェ、丼,,sweets,tb,True
fukuoka/kasuya,159,ひよ子本舗 吉野堂 イオンモール福岡店,和菓子,,sweets,tb,True
fukuoka/kasuya,160,とよ唐亭 原町駅前店,弁当、惣菜・デリ,,casual,tb,True
fukuoka/kasuya,161,ワンミリオンベーカリー 粕屋店,パン,,sweets,tb,True
fukuoka/kasuya,162,Mishima,弁当、惣菜・デリ,,casual,tb,True
fukuoka/kasuya,163,焼鳥 山,焼き鳥、からあげ,,meat,tb,True
fukuoka/kasuya,164,湖月堂 イオンモール福岡店,和菓子,,sweets,tb,True
fukuoka/kasuya,165,如水庵 イオンモール福岡店,和菓子、大福,,sweets,tb,True
fukuoka/kasuya,166,ほっともっと 長者原店,弁当,,casual,tb,True
fukuoka/kasuya,167,SUMOMO BAKERY 粕屋店,パン,,sweets,tb,True
fukuoka/kasuya,168,桝元 イオンモール福岡,ラーメン,,noodles,tb,True
fukuoka/kasuya,169,純一 粕屋店,居酒屋,,izakaya,tb,True
fukuoka/kasuya,170,とよ唐亭 門松店,からあげ,,meat,tb,True
fukuoka/kasuya,171,サーティワンアイスクリーム イオンモール福岡フードフォレスト店,ジェラート・アイスクリーム,,sweets,tb,True
fukuoka/kasuya,172,石村萬盛堂  イオン福岡店,和菓子、洋菓子,,sweets,tb,True
fukuoka/kasuya,173,LAWSON 長者原店,コンビニ・スーパー,,daily,tb,True
fukuoka/kasuya,174,麦とろ＆韓 イオンモール福岡店,韓国料理、冷麺、牛タン,,chinese,tb,True
fukuoka/kasuya,175,おいもびより,焼き芋・大学芋,,other,none,False
fukuoka/kasuya,176,千鳥屋原町店,スイーツ,,sweets,tb,True
fukuoka/kasuya,177,いもっこシルバー,スイーツ,,sweets,tb,True
fukuoka/kasuya,178,ひょっとこ,寿司,,seafood,tb,True
fukuoka/kasuya,179,明月堂 イオン福岡店,和菓子,,sweets,tb,True
fukuoka/kasuya,180,55DOG,パン,,sweets,tb,True
fukuoka/kasuya,181,シュリンプモアニ,ハワイ料理,,other,none,False
fukuoka/kasuya,182,だるま,居酒屋,,izakaya,tb,True
fukuoka/kasuya,183,ファミリーマート 粕屋門松店,コンビニ・スーパー,,daily,tb,True
fukuoka/kasuya,184,居酒屋　眞,居酒屋,,izakaya,tb,True
fukuoka/kasuya,185,つむぎごはん,弁当,,casual,tb,True
fukuoka/kasuya,186,光酒造株式会社,その他,,other,none,False
fukuoka/kasuya,187,駄菓子の下町屋,その他,,other,none,False
fukuoka/kasuya,188,TRIALsmart 粕屋店,コンビニ・スーパー,,daily,tb,True
fukuoka/kasuya,189,LAWSON 福岡魁誠高校前店,コンビニ・スーパー,,daily,tb,True
fukuoka/kasuya,190,セブンイレブン 粕屋内橋店,コンビニ・スーパー,,daily,tb,True
fukuoka/kasuya,191,デイリーヤマザキ 粕屋駕与丁店,コンビニ・スーパー,,daily,tb,True
fukuoka/kasuya,192,ルピシア イオンモール福岡店,その他,,other,none,False
fukuoka/kasuya,193,谷口商店,焼き鳥、からあげ,,meat,tb,True
fukuoka/kasuya,194,居酒屋来福,居酒屋,,izakaya,tb,True
fukuoka/kasuya,195,セブンイレブン 粕屋若宮1丁目店,コンビニ・スーパー,,daily,tb,True
fukuoka/kasuya,196,ピザポケット 仲原店,ピザ,,european,tb,True
fukuoka/kasuya,197,セブンイレブン 粕屋原町駅前店,コンビニ・スーパー,,daily,tb,True
fukuoka/kasuya,198,セブンイレブン 粕屋丸の内店,コンビニ・スーパー,,daily,tb,True
fukuoka/kasuya,199,無印良品 イオンモール福岡,その他,,other,none,False
fukuoka/kasuya,200,双葉ラーメン 支店,ラーメン、餃子,,noodles,tb,True
fukuoka/kasuya,201,富澤商店 イオンモール福岡店,その他,,other,none,False
fukuoka/kasuya,202,中村屋,居酒屋,,izakaya,tb,True
fukuoka/kasuya,203,大久醤油,その他,,other,none,False
fukuoka/kasuya,204,ハッピー農園,その他,,other,none,False
fukuoka/kasuya,205,グリーンマーケットMOA 粕屋店,その他,,other,none,False
fukuoka/kasuya,206,ランチショップ グリルK,弁当,,casual,tb,True
fukuoka/kasuya,207,シルクロード,喫茶店,,cafe,tb,True
fukuoka/kasuya,208,吉田青果,その他,,other,none,False
fukuoka/kasuya,209,松廼家,日本料理,,japanese,tb,True
fukuoka/kasuya,210,酵素玄米 cafe山ぽ,カフェ,,cafe,tb,True
fukuoka/kasuya,211,志賀,日本料理,,japanese,tb,True
fukuoka/kasuya,212,割烹　ともや,日本料理,,japanese,tb,True
fukuoka/kasuya,213,カラオケ館 福岡粕屋店,カラオケ,,izakaya,tb,True
fukuoka/kasuya,214,Grace Garden Nature,,,other,none,False
fukuoka/kasuya,215,Ikkyuramen,,,other,none,False
fukuoka/kasuya,216,Pietro Aeon Mall Fukuoka,,Italian,european,ta,True
fukuoka/kasuya,217,Shin Japanese Restaurant Hase,,Japanese,japanese,ta,True
fukuoka/kasuya,218,Benitora Gyozabo AEON MALL Fukuoka,,Chinese;Asian,chinese,ta,True
fukuoka/kasuya,219,SUKE SAN Udon Kadomatsu,,,other,none,False
fukuoka/kasuya,220,Chinese Restaurant Rishan,,Chinese,chinese,ta,True
fukuoka/kasuya,221,Ringer Hut Fukuoka Chojabaru,,,other,none,False
fukuoka/kasuya,222,Gyukaku Nakabaru,,,other,none,False
fukuoka/kasuya,223,Saboten Aeon Mall Fukuoka,,Japanese,japanese,ta,True
fukuoka/kasuya,224,Takenoya Nakabaru,,Japanese,japanese,ta,True
fukuoka/kasuya,225,Teppano Kuko Higashi,,Japanese,japanese,ta,True
fukuoka/kasuya,226,Roast Beef Hoshi Aeon Mall Fukuoka,,Japanese,japanese,ta,True
fukuoka/kasuya,227,Egao,,Japanese,japanese,ta,True
fukuoka/kasuya,228,McDonald s Kadomatsu,,Fast Food,casual,ta,True
fukuoka/kasuya,229,Western Yusu Ekimae,,Barbecue,meat,ta,True
fukuoka/kasuya,230,Gyumaru Hukuoka Rukuru,,Japanese,japanese,ta,True
fukuoka/kasuya,231,31 Ice Cream,,,other,none,False
fukuoka/kasuya,232,Furutto Italian Restaurant,,Italian,european,ta,True
fukuoka/kasuya,233,Hairpin,,,other,none,False
fukuoka/kasuya,234,Kabushiki Gaisha West Nakabaru,,,other,none,False
fukuoka/kasuya,235,Ringer Hut Premium Aeon Mall Fukuoka,,,other,none,False
fukuoka/kasuya,236,Maru Maru Ya,,Japanese;Izakaya (Japanese Style Tavern),izakaya,ta,True
fukuoka/kasuya,237,Mister Donut Aeon Mall Fukuoka,,,other,none,False
fukuoka/kasuya,238,Genchan Aeon Mall Fukuoka,,Seafood,seafood,ta,True
fukuoka/kasuya,239,Ikoiya Tsunesan,,Japanese,japanese,ta,True
fukuoka/kasuya,240,Nikyoku,,,other,none,False
fukuoka/kasuya,241,Men Ya Kiwami Kasuya,,,other,none,False
fukuoka/kasuya,242,Hakata Damen Ya,,,other,none,False
fukuoka/kasuya,243,Okaru,,Japanese,japanese,ta,True
fukuoka/kasuya,244,Sushi Zammai Kasuya Airport East,,Japanese;Sushi,seafood,ta,True
fukuoka/kasuya,245,Fubi Aeon Mall Fukuoka,,,other,none,False
fukuoka/kasuya,246,Hakata Ichibandori Ishokuya Arai Harumachi Ekimae,,Izakaya (Japanese Style Tavern),izakaya,ta,True
fukuoka/kasuya,247,Meimon,,Japanese;Japanese - Other ,japanese,ta,True
fukuoka/kasuya,248,Nakabaru Hachiemon,,Japanese;Izakaya (Japanese Style Tavern),izakaya,ta,True
fukuoka/kasuya,249,Pomu No Ki Second Kitchen Aeon Mall Fukuoka,,,other,none,False
fukuoka/kasuya,250,Toyo Karatei Chojahara,,,other,none,False
fukuoka/kasuya,251,Pastry Shop Sacre Coeur,,Fast Food,casual,ta,True
fukuoka/kasuya,252,Toka Chinese Restaurant,,Chinese,chinese,ta,True
fukuoka/kasuya,253,Pisolino Kasuya,,Italian;International,european,ta,True
fukuoka/kasuya,254,Nikotto,,,other,none,False
fukuoka/kasuya,255,Koraku,,International,other,none,False
fukuoka/kasuya,256,Miyuki,,Asian,chinese,ta,True
fukuoka/kasuya,257,Gindaco Aeon Mall Fukuoka,,,other,none,False
fukuoka/kasuya,258,Sansho No Ki,,Japanese;Japanese - Other ,japanese,ta,True
fukuoka/kasuya,259,Pietro Fukuoka Lucle,,Italian,european,ta,True
fukuoka/kasuya,260,Shichirinyaki Mori Mori Horumon,,Barbecue,meat,ta,True
fukuoka/kasuya,261,Ushidaijin,,Barbecue,meat,ta,True
fukuoka/kasuya,262,Potari,,Cafe,cafe,ta,True
fukuoka/kasuya,263,Chinese Cuisine Toka,,Chinese;Shanghai,chinese,ta,True
fukuoka/kasuya,264,Futoppara,,,other,none,False
fukuoka/kasuya,265,Fuiyu,,Chinese,chinese,ta,True
fukuoka/kasuya,266,Daiichiro Jusco Fukuoka Higashi,,Chinese,chinese,ta,True
fukuoka/kasuya,267,Daihachi Takohanamaru Aeon Mall Fukuoka,,Japanese;Fast Food,casual,ta,True
fukuoka/kasuya,268,Marugame,,Japanese;Izakaya (Japanese Style Tavern),izakaya,ta,True
fukuoka/kasuya,269,Kurata,,Cafe,cafe,ta,True
fukuoka/kasuya,270,Jimmy S Steakhouse Nakahara,,Steakhouse,meat,ta,True
fukuoka/kasuya,271,Shijan Fukuoka Aeon Mall,,Asian;Korean,chinese,ta,True
fukuoka/kasuya,272,Nagahama Ramen Ryotei,,,other,none,False
fukuoka/kasuya,273,Kuyakusho,,Japanese;International;Japanese - Other ,japanese,ta,True
fukuoka/kasuya,274,Lunch Wakita,,Japanese,japanese,ta,True
fukuoka/kasuya,275,Yanakawaya,,Japanese,japanese,ta,True
fukuoka/kasuya,276,Murphy s French Fries,,French,european,ta,True
fukuoka/kasuya,277,Sandai,,Japanese - Other ,japanese,ta,True
fukuoka/kasuya,278,Yutaka Shokudo,,Japanese;International;Japanese - Other ,japanese,ta,True
fukuoka/kasuya,279,Leaves,,Japanese,japanese,ta,True
fukuoka/kasuya,280,Nagao Honjin Kasuyajo,,Japanese,japanese,ta,True
fukuoka/kasuya,281,Buffet Style Assort Aeon Mall Fukuoka,,International,other,none,False
fukuoka/kasuya,282,Maryland Kasuya,,Japanese,japanese,ta,True
fukuoka/kasuya,283,Den Sushi,,Japanese;Sushi,seafood,ta,True
fukuoka/kasuya,284,Hakata Ichibandori Kyoshokuya Arai Fc Haramachi Ekimae,,Japanese,japanese,ta,True
fukuoka/kasuya,285,Hong Kong Chubo Aeon Mall Fukuoka,,,other,none,False
fukuoka/kasuya,286,Dejiya,,,other,none,False
fukuoka/kasuya,287,Vegetable Sommelier Shokudo,,,other,none,False
fukuoka/kasuya,288,居酒屋とみ,,,other,none,False
fukuoka/kasuya,289,Gyumaru Aeon Mall Fukuoka,,,other,none,False
fukuoka/kasuya,290,Mutchan Manju Chojabaru,,,other,none,False
fukuoka/kasuya,291,Hime Daruma,,Japanese;International;Japanese - Other ,japanese,ta,True
fukuoka/kasuya,292,Sendai Beef Tongue Story,,,other,none,False
fukuoka/kasuya,293,The Kitchen of the Five Grains Sum,,,other,none,False
fukuoka/kasuya,294,Nakatsu Horaiken,,,other,none,False
fukuoka/kasuya,295,Snack Lady,,,other,none,False
fukuoka/kasuya,296,Artisanal bakery Sasayama,,,other,none,False
fukuoka/kasuya,297,Akiya Japanese Dining,,Japanese;Izakaya (Japanese Style Tavern),izakaya,ta,True
fukuoka/kasuya,298,Zen,,,other,none,False
fukuoka/kasuya,299,Hakata Ramen Ebisu,,,other,none,False
fukuoka/kasuya,300,Kaisen Ippachi Nakabaru,,,other,none,False
fukuoka/kasuya,301,Hakata Nagahama Ramen Ichi,,,other,none,False
fukuoka/kawara,1,立喰いうどん,うどん、そば,,noodles,tb,True
fukuoka/kawara,2,ドライブインかわら たこやき,たこ焼き,,casual,tb,True
fukuoka/kawara,3,バレーナ コーヒー,カフェ,,cafe,tb,True
fukuoka/kawara,4,立喰い生麺 香春バイパス店,うどん、そば、食堂,,noodles,tb,True
fukuoka/kawara,5,銀寿し 田川店,寿司,,seafood,tb,True
fukuoka/kawara,6,ドライブインかわら 立喰いうどん,うどん,,noodles,tb,True
fukuoka/kawara,7,バニーズ,スイーツ、サンドイッチ、カレー,,sweets,tb,True
fukuoka/kawara,8,味の茶屋こぐれ,郷土料理、うなぎ,,japanese,tb,True
fukuoka/kawara,9,洋菓子のブッシュ,ケーキ,,sweets,tb,True
fukuoka/kawara,10,ラーメン猫猫,ラーメン,,noodles,tb,True
fukuoka/kawara,11,器と蕎麦 井坐,そば,,noodles,tb,True
fukuoka/kawara,12,こだまうどん,うどん,,noodles,tb,True
fukuoka/kawara,13,cafe shio,カフェ、ラーメン、カレー,,cafe,tb,True
fukuoka/kawara,14,信玄,うどん、揚げ物、丼,,noodles,tb,True
fukuoka/kawara,15,リストランテ エスポワール,パスタ,,european,tb,True
fukuoka/kawara,16,韓life,韓国料理,,chinese,tb,True
fukuoka/kawara,17,CAFE&SHOP Time Chil,カフェ、カレー,,cafe,tb,True
fukuoka/kawara,18,道の駅 香春,その他,,other,none,False
fukuoka/kawara,19,C.C.LABO,ケーキ,,sweets,tb,True
fukuoka/kawara,20,後藤の饅頭,和菓子,,sweets,tb,True
fukuoka/kawara,21,山小屋 香春本店,ラーメン、焼肉、餃子,,noodles,tb,True
fukuoka/kawara,22,もっちゃん,お好み焼き、食堂,,casual,tb,True
fukuoka/kawara,23,自家焙煎珈琲&米粉スイーツ HAN,カフェ,,cafe,tb,True
fukuoka/kawara,24,くまちゃんらぁめん,ラーメン,,noodles,tb,True
fukuoka/kawara,25,鶏匠,からあげ、食堂,,meat,tb,True
fukuoka/kawara,26,侍うどん,うどん,,noodles,tb,True
fukuoka/kawara,27,京屋清水和洋生菓子製造直売店,ケーキ,,sweets,tb,True
fukuoka/kawara,28,からあげタック,からあげ、弁当,,meat,tb,True
fukuoka/kawara,29,珈琲香舎,カフェ,,cafe,tb,True
fukuoka/kawara,30,石田一龍 田川店,ラーメン,,noodles,tb,True
fukuoka/kawara,31,豚足ろくちゃん 田川店,その他,,other,none,False
fukuoka/kawara,32,九州筑豊ラーメン山小屋 創業店,ラーメン、食堂、餃子,,noodles,tb,True
fukuoka/kawara,33,町家カフェ 鎌倉田川店,カフェ,,cafe,tb,True
fukuoka/kawara,34,魚道楽,麺類、食堂,,noodles,tb,True
fukuoka/kawara,35,忍鮮魚,海鮮,,seafood,tb,True
fukuoka/kawara,36,西田食品,焼肉,,meat,tb,True
fukuoka/kawara,37,いけす 魚道楽,レストラン、日本料理,,japanese,tb,False
fukuoka/kawara,38,ジョイフル 田川香春店,ファミレス,,casual,tb,True
fukuoka/kawara,39,リンガーハット 田川香春店,ちゃんぽん,,noodles,tb,True
fukuoka/kawara,40,五吉庵,日本料理,,japanese,tb,True
fukuoka/kawara,41,鳥ゆう,焼き鳥、串焼き,,meat,tb,True
fukuoka/kawara,42,セブンイレブン 田川中津原店,コンビニ・スーパー,,daily,tb,True
fukuoka/kawara,43,ランプベーカリー,パン,,sweets,tb,True
fukuoka/kawara,44,ミニストップ 田川香春町店,コンビニ・スーパー,,daily,tb,True
fukuoka/kawara,45,すし処ひろ,寿司,,seafood,tb,True
fukuoka/kawara,46,菓子工房 メッセージ,ケーキ,,sweets,tb,True
fukuoka/kawara,47,ほっともっと 香春町店,弁当,,casual,tb,True
fukuoka/kawara,48,田川ホルモンセンター,焼肉,,meat,tb,True
fukuoka/kawara,49,AZcafe Shidaka 福岡香春店,レストラン,,other,none,False
fukuoka/kawara,50,森友養蜂場,その他,,other,none,False
fukuoka/kawara,51,あか鬼,日本料理,,japanese,tb,True
fukuoka/kawara,52,Ginzushitagawa,,Japanese;Sushi,seafood,ta,True
fukuoka/kawara,53,Ganso Yamagoya Kawara Sogyo,,,other,none,False
fukuoka/kawara,54,Drivein Kawara,,,other,none,False
fukuoka/kawara,55,Ringer Hut Tagawa Kawara,,,other,none,False
fukuoka/kawara,56,Kyushu Chikuho Ramen Yamagoya Kawara Honten,,,other,none,False
fukuoka/kawara,57,Joyfull,,International,other,none,False
fukuoka/kawara,58,Jonetsuteki Chinese Restaurant Ajito,,Chinese;Fusion,chinese,ta,True
fukuoka/kawara,59,Chinryuken,,,other,none,False
fukuoka/kawara,60,Rokunoya Tagawa,,Asian,chinese,ta,True
fukuoka/kawara,61,Comic Net Tagawa Kawara,,International,other,none,False
fukuoka/kawara,62,Sakana Doraku,,Japanese,japanese,ta,True
fukuoka/kawara,63,Hotto Motto Kawaramachi,,,other,none,False
fukuoka/kawara,64,Mentarako,,,other,none,False
fukuoka/kawara,65,Teuchi Soba Michikusa An,,Japanese,japanese,ta,True
fukuoka/kawara,66,中国料理大翁,,Chinese,chinese,ta,True
fukuoka/kawara,67,Shunsaiya Hamasho,,Japanese,japanese,ta,True
fukuoka/kawara,68,Sunny S,,International,other,none,False
fukuoka/kawara,69,Kuidoraku,,Japanese,japanese,ta,True
fukuoka/kawara,70,Fried Chicken Mai Kawara,,Japanese;Japanese - Other ,japanese,ta,True
fukuoka/kawara,71,Nishidashokuhin,,Barbecue,meat,ta,True
fukuoka/kawara,72,Puchi,,Cafe,cafe,ta,True
fukuoka/kawara,73,Chidoriya Kawara,,,other,none,False
fukuoka/kawara,74,Red Demon,,,other,none,False
fukuoka/kawara,75,Ajimi,,Japanese;Izakaya (Japanese Style Tavern),izakaya,ta,True
fukuoka/kawara,76,Kushi Emon Kawara,,,other,none,False
fukuoka/kawara,77,Kodama Udon,,,other,none,False
fukuoka/kawasaki,1,伽羅,喫茶店,,cafe,tb,True
fukuoka/kawasaki,2,キートン 田川店,カレー,,curry,tb,True
fukuoka/kawasaki,3,そばの場,そば,,noodles,tb,True
fukuoka/kawasaki,4,ラピュタファーム,日本料理、ヨーロッパ料理、ビュッフェ,,japanese,tb,True
fukuoka/kawasaki,5,向山食堂,うどん、ちゃんぽん、食堂,,noodles,tb,True
fukuoka/kawasaki,6,沖縄やぁーにんじゅ 福岡川崎町店,タコス,,other,none,False
fukuoka/kawasaki,7,タカセ,フレンチ、日本料理,,european,tb,True
fukuoka/kawasaki,8,IKURI,カフェ,,cafe,tb,True
fukuoka/kawasaki,9,福恩源 川崎店,台湾料理,,chinese,tb,True
fukuoka/kawasaki,10,福岡フェザントカントリークラブ,その他,,other,none,False
fukuoka/kawasaki,11,藤江氏魚楽園,レストラン,,other,none,False
fukuoka/kawasaki,12,立喰い生麺 川崎店,うどん,,noodles,tb,True
fukuoka/kawasaki,13,香壺,カレー,,curry,tb,True
fukuoka/kawasaki,14,山小屋 川崎店,ラーメン,,noodles,tb,True
fukuoka/kawasaki,15,筑豊,焼き鳥,,meat,tb,True
fukuoka/kawasaki,16,Tempo Felice,ケーキ、スイーツ,,sweets,tb,True
fukuoka/kawasaki,17,Lily,サンドイッチ,,sweets,tb,True
fukuoka/kawasaki,18,カフェ 亀草庵,カフェ,,cafe,tb,True
fukuoka/kawasaki,19,おかめ寿司,寿司,,seafood,tb,True
fukuoka/kawasaki,20,からあげ綾&修,からあげ,,meat,tb,True
fukuoka/kawasaki,21,田中屋,居酒屋,,izakaya,tb,True
fukuoka/kawasaki,22,香紗,タピオカ、かき氷、クレープ・ガレット,,sweets,tb,False
fukuoka/kawasaki,23,cafe ぶどうばたけ,カフェ,,cafe,tb,True
fukuoka/kawasaki,24,KANON,ケーキ,,sweets,tb,True
fukuoka/kawasaki,25,うちだ屋 田川南店,そば、うどん,,noodles,tb,True
fukuoka/kawasaki,26,ジョイフル 田川川崎店,ファミレス,,casual,tb,True
fukuoka/kawasaki,27,珍竹林,居酒屋、焼き鳥,,izakaya,tb,True
fukuoka/kawasaki,28,IKURI,パン、洋菓子,,sweets,tb,True
fukuoka/kawasaki,29,創作居酒屋　ぷれい屋,居酒屋,,izakaya,tb,True
fukuoka/kawasaki,30,ほっともっと 田川川崎店,弁当,,casual,tb,True
fukuoka/kawasaki,31,スマイルショップ 絆,洋菓子,,sweets,tb,True
fukuoka/kawasaki,32,マクドナルド 田川川崎店,ハンバーガー,,casual,tb,True
fukuoka/kawasaki,33,からあげ とり幸,からあげ,,meat,tb,True
fukuoka/kawasaki,34,シャトレーゼ 川崎池尻店,ケーキ、洋菓子、和菓子,,sweets,tb,True
fukuoka/kawasaki,35,とり元,からあげ,,meat,tb,True
fukuoka/kawasaki,36,鮮魚仕出し 貴丸,惣菜・デリ,,casual,tb,True
fukuoka/kawasaki,37,稟,おにぎり、サンドイッチ、弁当,,casual,tb,True
fukuoka/kawasaki,38,パン工房 De愛,パン,,sweets,tb,True
fukuoka/kawasaki,39,しま田,居酒屋,,izakaya,tb,True
fukuoka/kawasaki,40,大黒屋ラーメン,ラーメン,,noodles,tb,True
fukuoka/kawasaki,41,あんどうみそ醸造元 安藤商店,その他,,other,none,False
fukuoka/kawasaki,42,麺工房De愛,うどん,,noodles,tb,True
fukuoka/kawasaki,43,酒庵,居酒屋,,izakaya,tb,True
fukuoka/kawasaki,44,居酒屋まりちゃん,焼き鳥,,meat,tb,True
fukuoka/kawasaki,45,アレン,居酒屋,,izakaya,tb,True
fukuoka/kawasaki,46,弁天食堂,食堂,,casual,tb,True
fukuoka/kawasaki,47,十四の月,鉄板焼き、お好み焼き,,meat,tb,True
fukuoka/kawasaki,48,創作ランチ＆Cafe リタ,カフェ,,cafe,tb,True
fukuoka/kawasaki,49,小づち,焼き鳥,,meat,tb,True
fukuoka/kawasaki,50,みたか,日本料理,,japanese,tb,True
fukuoka/kawasaki,51,やきにく弘蘭,焼肉,,meat,tb,True
fukuoka/kawasaki,52,豊作,お好み焼き,,casual,tb,True
fukuoka/kawasaki,53,やき餅 花水月,和菓子、ちゃんぽん,,sweets,tb,True
fukuoka/kawasaki,54,めん六や 福岡川崎店,うどん、そば、ラーメン,,noodles,tb,True
fukuoka/kawasaki,55,御多幸,レストラン,,other,none,False
fukuoka/kawasaki,56,さかなや,居酒屋,,izakaya,tb,True
fukuoka/kawasaki,57,軽食喫茶 ひまわり,喫茶店,,cafe,tb,True
fukuoka/kawasaki,58,からあげ なだまさ,からあげ,,meat,tb,True
fukuoka/kawasaki,59,キャベツ畑,レストラン,,other,none,False
fukuoka/kawasaki,60,純,焼き鳥,,meat,tb,True
fukuoka/kawasaki,61,縁日,居酒屋,,izakaya,tb,True
fukuoka/kawasaki,62,小料理屋正ちゃん,日本料理,,japanese,tb,True
fukuoka/kawasaki,63,心ne,食堂、うどん,,casual,tb,True
fukuoka/kawasaki,64,かとう姉妹,居酒屋,,izakaya,tb,True
fukuoka/kawasaki,65,えん,焼き鳥,,meat,tb,True
fukuoka/kawasaki,66,甲子園,お好み焼き,,casual,tb,True
fukuoka/kawasaki,67,ベストマート こがや店,コンビニ・スーパー,,daily,tb,True
fukuoka/kawasaki,68,LOGカフェSARA,喫茶店,,cafe,tb,True
fukuoka/kawasaki,69,BLESS,ダイニングバー,,izakaya,tb,True
fukuoka/kawasaki,70,松濤軒,ラーメン,,noodles,tb,True
fukuoka/kawasaki,71,かわさき,居酒屋,,izakaya,tb,True
fukuoka/kawasaki,72,Laputa Farm,,European,european,ta,True
fukuoka/kawasaki,73,Joyfull,,International,other,none,False
fukuoka/kawasaki,74,Izakaya Suzu,,Japanese;Izakaya (Japanese Style Tavern),izakaya,ta,True
fukuoka/kawasaki,75,Genryu,,,other,none,False
fukuoka/kawasaki,76,Okonomiyaki Yotsuba,,Japanese;Japanese - Other ,japanese,ta,True
fukuoka/kawasaki,77,Tsuboyaki Curry Kiton Tagawa,,Japanese;Asian,chinese,ta,True
fukuoka/kawasaki,78,リンガーハット 福岡田川店,,,other,none,False
fukuoka/kawasaki,79,Kagyu Curry Koko,,Japanese;Indian,curry,ta,True
fukuoka/kawasaki,80,Naruse s Unagi Musashi Nakahara Store,,,other,none,False
fukuoka/kawasaki,81,Lala Sakean,,Japanese,japanese,ta,True
fukuoka/kawasaki,82,Kana Japanese,,Japanese,japanese,ta,True
fukuoka/kawasaki,83,Kakashi,,Japanese - Other ,japanese,ta,True
fukuoka/kawasaki,84,Japanese Beef Grill Hormon Yakinikuno Nishimoto,,Japanese,japanese,ta,True
fukuoka/kawasaki,85,Shu An,,Japanese,japanese,ta,True
fukuoka/kawasaki,86,Sushi Yu,,Japanese;Sushi,seafood,ta,True
fukuoka/kawasaki,87,Chabo,,Japanese,japanese,ta,True
fukuoka/kawasaki,88,Mitaka,,Japanese,japanese,ta,True
fukuoka/kawasaki,89,Cabbage Batake,,Japanese;International;Japanese - Other ,japanese,ta,True
fukuoka/kawasaki,90,Tori Ichi,,Japanese,japanese,ta,True
fukuoka/kawasaki,91,Tanuki Sushi,,Japanese;Seafood;Sushi;Japanese - Other ,seafood,ta,True
fukuoka/kawasaki,92,Kozuchi,,Japanese;Japanese - Other ,japanese,ta,True
fukuoka/kawasaki,93,Nakamura Pastry,,,other,none,False
fukuoka/kawasaki,94,Hanasan Shokudo Gotoji,,Japanese;International;Japanese - Other ,japanese,ta,True
fukuoka/kawasaki,95,Izakaya Ran,,Japanese;Izakaya (Japanese Style Tavern),izakaya,ta,True
fukuoka/kawasaki,96,Motsu Dokoro Nishiki,,,other,none,False
fukuoka/kawasaki,97,Maruten Udon,,,other,none,False
fukuoka/kawasaki,98,Sakaba Nomisuke,,Izakaya (Japanese Style Tavern),izakaya,ta,True
fukuoka/kawasaki,99,Fishmonger,,Japanese,japanese,ta,True
fukuoka/kawasaki,100,Maruchan,,,other,none,False
fukuoka/kawasaki,101,Hanafune,,Japanese;Japanese - Other ,japanese,ta,True
fukuoka/kawasaki,102,Shotoken,,,other,none,False
fukuoka/kawasaki,103,Yamazaki Bread Shop Takeda Kawasaki Ekimae,,,other,none,False
fukuoka/kawasaki,104,Tachibanaya,,,other,none,False
fukuoka/kawasaki,105,Maeda,,,other,none,False
fukuoka/kawasaki,106,Kaisen Chaya Uoya,,,other,none,False
fukuoka/kawasaki,107,Takaha Jidori Koumechan,,,other,none,False
fukuoka/keisen,1,おやまうどん　桂川町,うどん、そば、丼,,noodles,tb,True
fukuoka/keisen,2,大助うどん,うどん、そば、食堂,,noodles,tb,True
fukuoka/keisen,3,焼肉・ホルモン ながはた,焼肉、ホルモン,,meat,tb,True
fukuoka/keisen,4,うどん・そば 恵比寿,うどん、そば,,noodles,tb,True
fukuoka/keisen,5,ふる川,海鮮,,seafood,tb,True
fukuoka/keisen,6,七福うどん,うどん、そば,,noodles,tb,True
fukuoka/keisen,7,麻生飯塚ゴルフ倶楽部 レストラン,レストラン,,other,none,False
fukuoka/keisen,8,ビストロ松の樹,ビストロ,,european,tb,True
fukuoka/keisen,9,らぁめん籠目,ラーメン,,noodles,tb,True
fukuoka/keisen,10,鮨処 のり助,寿司,,seafood,tb,True
fukuoka/keisen,11,麺屋.千寿 桂川店,ラーメン,,noodles,tb,True
fukuoka/keisen,12,MINA 嘉穂店,インド料理、インドカレー,,curry,tb,True
fukuoka/keisen,13,べんとうのピクニック,弁当,,casual,tb,True
fukuoka/keisen,14,merci,ケーキ,,sweets,tb,True
fukuoka/keisen,15,RHINO CAFE,カフェ,,cafe,tb,True
fukuoka/keisen,16,リオ,喫茶店,,cafe,tb,True
fukuoka/keisen,17,倖寿し,寿司,,seafood,tb,True
fukuoka/keisen,18,丸貴ラーメン,ラーメン,,noodles,tb,True
fukuoka/keisen,19,山賊からあげ,からあげ,,meat,tb,True
fukuoka/keisen,20,菜の香,日本料理,,japanese,tb,True
fukuoka/keisen,21,祥禾,中華料理,,chinese,tb,True
fukuoka/keisen,22,秘伝の味　からあげ屋,からあげ、焼き鳥、鳥料理,,meat,tb,True
fukuoka/keisen,23,味のさんぐん,日本料理,,japanese,tb,True
fukuoka/keisen,24,マメタ,カフェ,,cafe,tb,True
fukuoka/keisen,25,LANI,ハワイ料理,,other,none,False
fukuoka/keisen,26,たこ焼亭 桂川店,たこ焼き,,casual,tb,True
fukuoka/keisen,27,野の花,レストラン,,other,none,False
fukuoka/keisen,28,餃子のマルサ,餃子,,chinese,tb,True
fukuoka/keisen,29,さかなや月,海鮮,,seafood,tb,True
fukuoka/keisen,30,ブーランジェリー ノーム,パン,,sweets,tb,True
fukuoka/keisen,31,魚城,寿司,,seafood,tb,True
fukuoka/keisen,32,英国亭,喫茶店、カフェ、パン,,cafe,tb,True
fukuoka/keisen,33,銀の響,寿司、ハンバーグ、パスタ,,seafood,tb,True
fukuoka/keisen,34,がんば,お好み焼き,,casual,tb,True
fukuoka/keisen,35,やぶれ屋,和菓子,,sweets,tb,True
fukuoka/keisen,36,福徳長愛ちゃんラーメン,ラーメン,,noodles,tb,True
fukuoka/keisen,37,河上,天ぷら,,japanese,tb,True
fukuoka/keisen,38,茜屋　 本店,その他,,other,none,False
fukuoka/keisen,39,SUPER BAGEL,ベーグル,,sweets,tb,True
fukuoka/keisen,40,姫たこ,たこ焼き,,casual,tb,True
fukuoka/keisen,41,なかしま,ステーキ,,meat,tb,True
fukuoka/keisen,42,炭火焼鳥 元家,居酒屋,,izakaya,tb,True
fukuoka/keisen,43,焼肉馬刺 上杉,焼肉,,meat,tb,True
fukuoka/keisen,44,パン工房　ひなの家,パン,,sweets,tb,True
fukuoka/keisen,45,ハルハル,たい焼き・大判焼き,,sweets,tb,True
fukuoka/keisen,46,串や 呑風,焼き鳥,,meat,tb,True
fukuoka/keisen,47,Toi Toi,ケーキ、洋菓子,,sweets,tb,True
fukuoka/keisen,48,Mio:Donut,ドーナツ,,sweets,tb,True
fukuoka/keisen,49,SOFTCREAM STAND toitoi,ソフトクリーム,,sweets,tb,True
fukuoka/keisen,50,めん六や 福岡桂川店,うどん、そば、ラーメン,,noodles,tb,True
fukuoka/keisen,51,はいびすかす,たこ焼き,,casual,tb,True
fukuoka/keisen,52,鳥のタタキ専門店 鳥平,その他,,other,none,False
fukuoka/keisen,53,てっちゃん,焼き鳥,,meat,tb,True
fukuoka/keisen,54,はらなか,カフェ,,cafe,tb,True
fukuoka/keisen,55,つづみ,居酒屋、焼き鳥,,izakaya,tb,True
fukuoka/keisen,56,和やん,焼き鳥,,meat,tb,True
fukuoka/keisen,57,やきとり のっぽ,焼き鳥,,meat,tb,True
fukuoka/keisen,58,K's FARM,ソフトクリーム,,sweets,tb,True
fukuoka/keisen,59,ファミリーマート 桂川土師店,コンビニ・スーパー,,daily,tb,True
fukuoka/keisen,60,焼っ八,焼き鳥,,meat,tb,True
fukuoka/keisen,61,多楽福,焼き鳥,,meat,tb,True
fukuoka/keisen,62,居酒屋ふくろう,焼き鳥,,meat,tb,True
fukuoka/keisen,63,あおやぎ,弁当,,casual,tb,True
fukuoka/keisen,64,満山,居酒屋,,izakaya,tb,True
fukuoka/keisen,65,セブンイレブン 桂川町役場前店,コンビニ・スーパー,,daily,tb,True
fukuoka/keisen,66,たこ女-すけ,たこ焼き,,casual,tb,True
fukuoka/keisen,67,ぽっぽや,ジェラート・アイスクリーム,,sweets,tb,True
fukuoka/keisen,68,からあげ とり壱 桂川店,からあげ、弁当,,meat,tb,True
fukuoka/keisen,69,ニクニク,もつ鍋,,meat,tb,True
fukuoka/keisen,70,Uesugi Yakiniku Shop,,Barbecue,meat,ta,True
fukuoka/keisen,71,Nagahata,,Japanese;Barbecue,meat,ta,True
fukuoka/keisen,72,Yamasui,,Japanese;Japanese - Other ,japanese,ta,True
fukuoka/keisen,73,野菜党×かほラーメン,,Asian,chinese,ta,True
fukuoka/keisen,74,せいきん 桂川店,,Japanese;Japanese - Other ,japanese,ta,True
fukuoka/keisen,75,Karaoke Hime,,International,other,none,False
fukuoka/keisen,76,Morizushi,,Japanese;Seafood;Sushi;Japanese - Other ,seafood,ta,True
fukuoka/keisen,77,Basket Eyes,,,other,none,False
fukuoka/keisen,78,Kaho High School Cafeteria Jujiya,,Japanese,japanese,ta,True
fukuoka/keisen,79,Fu Kino Tou,,Japanese,japanese,ta,True
fukuoka/keisen,80,Chidoriya Keisen,,,other,none,False
fukuoka/keisen,81,Itsutsuboshi,,Japanese,japanese,ta,True
fukuoka/keisen,82,Tecchan,,Japanese;Japanese - Other ,japanese,ta,True
fukuoka/keisen,83,Tarafuku,,Japanese,japanese,ta,True
fukuoka/keisen,84,Chidoriya Keisen Haji,,,other,none,False
fukuoka/keisen,85,Daichan no Yakitori,,,other,none,False
fukuoka/keisen,86,Korean Yakiniku Kudara,,Asian;Korean,chinese,ta,True
fukuoka/keisen,87,Okonomiyaki Fukuju,,Japanese;Japanese - Other ,japanese,ta,True
fukuoka/keisen,88,Sanukiya,,,other,none,False
fukuoka/keisen,89,Ichifuku Ramen,,,other,none,False
fukuoka/keisen,90,Bistro Matsu No Ki,,,other,none,False
fukuoka/keisen,91,Iori Torio,,Japanese;Izakaya (Japanese Style Tavern),izakaya,ta,True
fukuoka/keisen,92,Tacchan,,Izakaya (Japanese Style Tavern),izakaya,ta,True
fukuoka/keisen,93,Izakaya Maro Maro,,Japanese;Izakaya (Japanese Style Tavern),izakaya,ta,True
fukuoka/kitakyushu,1,フリッツァ 石窯グリル,イタリアン、ピザ、居酒屋,,european,tb,True
fukuoka/kitakyushu,2,城野 順光苑,焼肉、ホルモン、居酒屋,,meat,tb,True
fukuoka/kitakyushu,3,黒船 魚町店,居酒屋、焼き鳥、海鮮,,izakaya,tb,True
fukuoka/kitakyushu,4,106 サウスインディアン 北九州店,インドカレー、インド料理、カレー,,curry,tb,True
fukuoka/kitakyushu,5,六間堂,居酒屋、日本料理,,izakaya,tb,True
fukuoka/kitakyushu,6,割烹ひら川,日本料理、ふぐ,,japanese,tb,True
fukuoka/kitakyushu,7,肉とちょい呑み屋トト 2号店テーブル,居酒屋、焼肉、鳥料理,,izakaya,tb,True
fukuoka/kitakyushu,8,食楽庵 ふる川,海鮮、日本料理、ふぐ,,seafood,tb,True
fukuoka/kitakyushu,9,牛角 若松二島店,焼肉、ホルモン、居酒屋,,meat,tb,True
fukuoka/kitakyushu,10,九州名物料理と海鮮 全席個室居酒屋 雅庵 小倉駅前店,居酒屋、海鮮、郷土料理,,izakaya,tb,True
fukuoka/kitakyushu,11,ステーキのどん 下曽根店,ステーキ、ハンバーグ、ファミレス,,meat,tb,True
fukuoka/kitakyushu,12,よつば,居酒屋、肉料理、海鮮,,izakaya,tb,True
fukuoka/kitakyushu,13,大衆酒場たぶ,居酒屋、焼き鳥、海鮮,,izakaya,tb,True
fukuoka/kitakyushu,14,chocolate,ダイニングバー、フルーツパーラー、ピザ,,izakaya,tb,True
fukuoka/kitakyushu,15,博多もつ鍋前田屋 小倉店,居酒屋、もつ鍋、海鮮,,izakaya,tb,True
fukuoka/kitakyushu,16,寿司処 和さび,寿司、海鮮、おでん,,seafood,tb,True
fukuoka/kitakyushu,17,ALEGRIA 小倉,シュラスコ、ステーキ、焼肉,,meat,tb,False
fukuoka/kitakyushu,18,菊鮨,寿司,,seafood,tb,True
fukuoka/kitakyushu,19,ふく山本,ふぐ、日本料理、海鮮,,seafood,tb,True
fukuoka/kitakyushu,20,ロバタノカリスマ,ろばた焼き、焼肉、海鮮,,meat,tb,False
fukuoka/koga,1,一葉軒,ラーメン,,noodles,tb,True
fukuoka/koga,2,古賀 一麺庵,つけ麺、ラーメン,,noodles,tb,True
fukuoka/koga,3,とんかつ 食べ処 なか川,とんかつ、ハンバーグ、洋食,,meat,tb,True
fukuoka/koga,4,古々地庵,インド料理、インドカレー,,curry,tb,True
fukuoka/koga,5,長浜ラーメン タローちゃん,ラーメン,,noodles,tb,True
fukuoka/koga,6,トネリ,中華料理,,chinese,tb,True
fukuoka/koga,7,中華料理 帰郷 古賀店,中華料理,,chinese,tb,True
fukuoka/koga,8,須恵三洋軒 古賀店,ラーメン,,noodles,tb,True
fukuoka/koga,9,古賀サービスエリア（上り線）那の福屋台,ラーメン,,noodles,tb,True
fukuoka/koga,10,貴よし,居酒屋,,izakaya,tb,True
fukuoka/koga,11,黄金色の豚,とんかつ,,meat,tb,True
fukuoka/koga,12,古賀サービスエリア（上り線）博多うろん,うどん、そば,,noodles,tb,True
fukuoka/koga,13,とんかつ専門店 勝れつ亭,とんかつ,,meat,tb,True
fukuoka/koga,14,PASTA LEGARE,パスタ,,european,tb,True
fukuoka/koga,15,ロイヤルベーカリー,パン、サンドイッチ,,sweets,tb,True
fukuoka/koga,16,エイキチベイカリー,パン,,sweets,tb,True
fukuoka/koga,17,峠食堂 古賀SA下り店,ちゃんぽん、うどん、ラーメン,,noodles,tb,True
fukuoka/koga,18,古賀サービスエリア（下り線） スナックコーナー,ラーメン、うどん、丼,,noodles,tb,True
fukuoka/koga,19,古賀ゴルフクラブ,食堂、レストラン,,casual,tb,True
fukuoka/koga,20,神様ちゃんぽん 古賀SA上り,ちゃんぽん,,noodles,tb,True
fukuoka/koga,21,峠庵,うどん、そば,,noodles,tb,True
fukuoka/koga,22,オーヴェルニュ,ケーキ,,sweets,tb,True
fukuoka/koga,23,だるまの天ぷら定食 古賀インター店,天ぷら,,japanese,tb,True
fukuoka/koga,24,中国菜ろうりん,中華料理、創作料理,,chinese,tb,True
fukuoka/koga,25,辛味噌鉄板 すたみな亭,食堂、焼肉,,casual,tb,True
fukuoka/koga,26,梅ヶ枝餅,和菓子,,sweets,tb,True
fukuoka/koga,27,手打ち蕎麦 朴味,そば,,noodles,tb,True
fukuoka/koga,28,safed,インドカレー,,curry,tb,True
fukuoka/koga,29,はやま,弁当,,casual,tb,True
fukuoka/koga,30,遊牧民,洋食,,european,tb,True
fukuoka/koga,31,うどん 繊月,うどん,,noodles,tb,True
fukuoka/koga,32,八幡うどん,うどん、天丼,,noodles,tb,True
fukuoka/koga,33,すし寅,寿司、日本料理、海鮮,,seafood,tb,True
fukuoka/koga,34,ワン ボウル,天丼、牛丼,,casual,tb,True
fukuoka/koga,35,如水庵 古賀工房直売処,和菓子、大福,,sweets,tb,True
fukuoka/koga,36,七輪焼肉炭家,焼肉、韓国料理、居酒屋,,meat,tb,True
fukuoka/koga,37,志きしま食堂,食堂,,casual,tb,True
fukuoka/koga,38,Moon ice,ソフトクリーム,,sweets,tb,True
fukuoka/koga,39,白龍軒,ラーメン,,noodles,tb,True
fukuoka/koga,40,UO家 翔,居酒屋,,izakaya,tb,True
fukuoka/koga,41,焼肉アロ・ハカタ,焼肉,,meat,tb,True
fukuoka/koga,42,マルゲリータ 古賀店,イタリアン、ステーキ、居酒屋,,european,tb,True
fukuoka/koga,43,佐世保バーガー,ハンバーガー、洋食,,casual,tb,True
fukuoka/koga,44,洋菓子工房ケイキチ,ケーキ,,sweets,tb,True
fukuoka/koga,45,Nico frutta,ジェラート・アイスクリーム,,sweets,tb,True
fukuoka/koga,46,こどもの店,たこ焼き,,casual,tb,True
fukuoka/koga,47,偕楽荘,食堂、野菜料理、海鮮,,casual,tb,True
fukuoka/koga,48,オー・ド・ブーシュ,パン,,sweets,tb,True
fukuoka/koga,49,ぱんきち,パン,,sweets,tb,True
fukuoka/koga,50,資さんうどん 古賀店,うどん、かつ丼、郷土料理,,noodles,tb,True
fukuoka/koga,51,元祖トマトラーメンと辛麺とトマトもつ鍋 三味 古賀駅店,ラーメン、もつ鍋、餃子,,noodles,tb,True
fukuoka/koga,52,古賀サービスエリア（上り線）屋台特設コーナー,揚げ物、ハンバーガー、うどん,,casual,tb,True
fukuoka/koga,53,三日月とほたる,創作料理、パン、大福,,japanese,tb,True
fukuoka/koga,54,とりよし,焼き鳥、居酒屋、肉料理,,meat,tb,True
fukuoka/koga,55,ドッグキャンパーレスト青柳,カフェ、洋食,,cafe,tb,True
fukuoka/koga,56,浜屋,食堂、うどん、丼,,casual,tb,True
fukuoka/koga,57,一蘭 古賀SA店(下り),ラーメン,,noodles,tb,True
fukuoka/koga,58,古賀サービスエリア上り線・那の里,その他,,other,none,False
fukuoka/koga,59,焼肉ラーメンたちかわ,ラーメン,,noodles,tb,True
fukuoka/koga,60,博多ラーメン　よかろうもん,ラーメン,,noodles,tb,True
fukuoka/koga,61,ご飯家 四季彩,食堂、丼,,casual,tb,True
fukuoka/koga,62,うなぎ処 釜辰,うなぎ,,seafood,tb,True
fukuoka/koga,63,焼肉酒場 肉笑,焼肉、居酒屋、ホルモン,,meat,tb,True
fukuoka/koga,64,古賀サービスエリア（下り線）テイクアウトコーナー,肉まん,,other,none,False
fukuoka/koga,65,フードダイニング トモ ラボ,ラーメン,,noodles,tb,True
fukuoka/koga,66,ヒポポタマス,イタリアン,,european,tb,True
fukuoka/koga,67,がんこもんラーメン 福岡店,ラーメン,,noodles,tb,True
fukuoka/koga,68,古賀サービスエリア 上り線 ショッピングコーナー,その他,,other,none,False
fukuoka/koga,69,古賀サービスエリア（下り線） ショッピングコーナー,その他,,other,none,False
fukuoka/koga,70,船出屋,オーガニック,,other,none,False
fukuoka/koga,71,さが味,焼肉、居酒屋、ホルモン,,meat,tb,True
fukuoka/koga,72,スタミナ鉄板 博多アイアンマン 古賀店,食堂,,casual,tb,True
fukuoka/koga,73,古賀サービスエリア（下り線）レストラン,食堂、丼、ハンバーグ,,casual,tb,True
fukuoka/koga,74,ソイルキッチン,バル、居酒屋、カフェ,,european,tb,True
fukuoka/koga,75,やきとり天下鳥,焼き鳥,,meat,tb,True
fukuoka/koga,76,古賀おにぎり屋,からあげ、おにぎり,,meat,tb,True
fukuoka/koga,77,みつせ鶏本舗,からあげ、鳥料理,,meat,tb,True
fukuoka/koga,78,食堂 富士,食堂,,casual,tb,True
fukuoka/koga,79,和菜ダイニング とも,居酒屋,,izakaya,tb,True
fukuoka/koga,80,JOBIONE食堂,食堂,,casual,tb,True
fukuoka/koga,81,ケーキのメルシィ,ケーキ,,sweets,tb,True
fukuoka/koga,82,本格炭火焼鳥 太鵬,居酒屋、焼き鳥、鳥料理,,izakaya,tb,True
fukuoka/koga,83,回転焼 33,たい焼き・大判焼き,,sweets,tb,True
fukuoka/koga,84,三八,ラーメン,,noodles,tb,True
fukuoka/koga,85,気ままな台所 居酒屋 ひこきち,居酒屋、餃子、ラーメン,,izakaya,tb,True
fukuoka/koga,86,古賀食堂,食堂,,casual,tb,True
fukuoka/koga,87,十割手打ちお蕎麦カフェ 古民家こんさい館,そば、カフェ,,noodles,tb,True
fukuoka/koga,88,博多菓匠左衛門工場直売所,和菓子,,sweets,tb,True
fukuoka/koga,89,阿部饅頭店,カフェ、和菓子、甘味処,,cafe,tb,True
fukuoka/koga,90,33°cafe,カフェ、パン,,cafe,tb,True
fukuoka/koga,91,峠の茶屋 甘味処,ソフトクリーム、かき氷、たい焼き・大判焼き,,sweets,tb,True
fukuoka/koga,92,bar ponte,バル,,european,tb,True
fukuoka/koga,93,うさ丸,居酒屋、お好み焼き、たこ焼き,,izakaya,tb,True
fukuoka/koga,94,永吉からあげ,からあげ,,meat,tb,True
fukuoka/koga,95,むらた亭 古賀店,ラーメン,,noodles,tb,True
fukuoka/koga,96,タリーズコーヒー 古賀SA下り店,カフェ,,cafe,tb,True
fukuoka/koga,97,賀玄,居酒屋,,izakaya,tb,True
fukuoka/koga,98,かしわ屋,その他,,other,none,False
fukuoka/koga,99,建寿し,寿司、天ぷら,,seafood,tb,True
fukuoka/koga,100,鶏家,居酒屋、鳥料理、日本料理,,izakaya,tb,True
fukuoka/koga,101,Cafe&Bar FES,カフェ、バー、イタリアン,,cafe,tb,True
fukuoka/koga,102,鶏と魚の店 丸坊主,居酒屋,,izakaya,tb,True
fukuoka/koga,103,ノミヤマ酒販,その他,,other,none,False
fukuoka/koga,104,キッチンたんぽぽ,食堂、居酒屋,,casual,tb,True
fukuoka/koga,105,プロズファディ 古賀店,カフェ,,cafe,tb,True
fukuoka/koga,106,カフェ 古々地庵,カフェ,,cafe,tb,True
fukuoka/koga,107,うしの舎 花見店,レストラン,,other,none,False
fukuoka/koga,108,ひがわり屋,弁当、惣菜・デリ,,casual,tb,True
fukuoka/koga,109,鮨かんざき,寿司,,seafood,tb,True
fukuoka/koga,110,麺勝 町川原古賀店,レストラン,,other,none,False
fukuoka/koga,111,ステーキハウス ブロンコビリー 古賀店,ハンバーグ、ステーキ,,meat,tb,True
fukuoka/koga,112,イザカ屋のビッケ,居酒屋,,izakaya,tb,True
fukuoka/koga,113,ドン 珈琲館,カフェ,,cafe,tb,True
fukuoka/koga,114,そば庄,そば、うどん,,noodles,tb,True
fukuoka/koga,115,二代目はやっとぉ,居酒屋、焼き鳥、海鮮,,izakaya,tb,True
fukuoka/koga,116,コスモス広場,その他,,other,none,False
fukuoka/koga,117,焼き立てパンの店花小麦,パン、喫茶店,,sweets,tb,True
fukuoka/koga,118,ちよげん,居酒屋、焼き鳥、もつ鍋,,izakaya,tb,True
fukuoka/koga,119,そば処 花ぐるま,そば,,noodles,tb,True
fukuoka/koga,120,炉端焼鳥えびす,焼き鳥,,meat,tb,True
fukuoka/koga,121,如水庵 古賀店,和菓子、大福,,sweets,tb,True
fukuoka/koga,122,居酒屋ちくぜん,居酒屋,,izakaya,tb,True
fukuoka/koga,123,糀カフェ たまり,カフェ,,cafe,tb,True
fukuoka/koga,124,花鶴饅頭本舗,和菓子,,sweets,tb,True
fukuoka/koga,125,24Sweets shop 古賀店,スイーツ、ケーキ、ジェラート・アイスクリーム,,sweets,tb,True
fukuoka/koga,126,おべんとうのヒライ 古賀バイパス店,弁当,,casual,tb,True
fukuoka/koga,127,ウエスト 古賀花見店,うどん、そば,,noodles,tb,True
fukuoka/koga,128,とんかつ浜勝 福岡古賀店,とんかつ,,meat,tb,True
fukuoka/koga,129,リンガーハット 福岡古賀店,ちゃんぽん,,noodles,tb,True
fukuoka/koga,130,ジョイフル 古賀店,ファミレス,,casual,tb,True
fukuoka/koga,131,庄屋 古賀店,居酒屋,,izakaya,tb,True
fukuoka/koga,132,スターバックスコーヒー 福岡古賀店,カフェ,,cafe,tb,True
fukuoka/koga,133,志んや,ラーメン、焼肉、居酒屋,,noodles,tb,True
fukuoka/koga,134,博多餃子 まるさん,餃子,,chinese,tb,True
fukuoka/koga,135,大衆焼肉 牛気商店,焼肉、居酒屋、海鮮,,meat,tb,True
fukuoka/koga,136,居酒屋 ゆうじ,居酒屋,,izakaya,tb,True
fukuoka/koga,137,本格炭火焼鳥そら,焼き鳥、鳥料理、居酒屋,,meat,tb,True
fukuoka/koga,138,あづまや,食堂,,casual,tb,True
fukuoka/koga,139,FALMU,カフェ,,cafe,tb,True
fukuoka/koga,140,藍のあまくさ村,海鮮、天ぷら、その他,,seafood,tb,True
fukuoka/koga,141,私ん家のごはん,食堂、カレー,,casual,tb,True
fukuoka/koga,142,味処ふじの花,食堂、うどん,,casual,tb,True
fukuoka/koga,143,喜多屋,居酒屋、焼き鳥、焼肉,,izakaya,tb,True
fukuoka/koga,144,まりもの溶岩とり焼き,鳥料理,,other,none,False
fukuoka/koga,145,味処たつ,居酒屋,,izakaya,tb,True
fukuoka/koga,146,やきとり　桐島,焼き鳥,,meat,tb,True
fukuoka/koga,147,博多麺王 古賀店,ラーメン、餃子,,noodles,tb,True
fukuoka/koga,148,ファーストキッチン 古賀サンリブ店,ハンバーガー,,casual,tb,True
fukuoka/koga,149,オーガニック広場　ひふみ,オーガニック、パン、弁当,,sweets,tb,False
fukuoka/koga,150,やじ馬,レストラン,,other,none,False
fukuoka/koga,151,ニビシ醤油,その他,,other,none,False
fukuoka/koga,152,バー マゼラン,バー,,izakaya,tb,True
fukuoka/koga,153,キッチン あしたば 古賀店,弁当、おにぎり,,casual,tb,True
fukuoka/koga,154,小野珈琲焙煎所,カフェ,,cafe,tb,True
fukuoka/koga,155,居酒屋 ぞの,居酒屋,,izakaya,tb,True
fukuoka/koga,156,コガ・ボーノ,レストラン,,other,none,False
fukuoka/koga,157,SATHI BHAI,インドカレー,,curry,tb,True
fukuoka/koga,158,お料理 花うた,弁当,,casual,tb,True
fukuoka/koga,159,ユタカ,喫茶店、カラオケ,,cafe,tb,True
fukuoka/koga,160,たけ楽庵,居酒屋,,izakaya,tb,True
fukuoka/koga,161,とんかつ空海,とんかつ,,meat,tb,True
fukuoka/koga,162,音羽,居酒屋,,izakaya,tb,True
fukuoka/koga,163,ファミリーマート JR古賀駅店,コンビニ・スーパー,,daily,tb,True
fukuoka/koga,164,想夫恋 古賀インター店,焼きそば,,noodles,tb,True
fukuoka/koga,165,ロイヤルホスト 古賀流店,ファミレス,,casual,tb,True
fukuoka/koga,166,どんどん亭 古賀花見店,お好み焼き、焼きそば、鉄板焼き,,casual,tb,True
fukuoka/koga,167,キーズ カフェ 古賀サービスエリア店,サンドイッチ、ケーキ、カフェ,,sweets,tb,True
fukuoka/koga,168,九州名物とめ手羽 古賀店,居酒屋、もつ鍋、手羽先,,izakaya,tb,True
fukuoka/koga,169,すき家 495号古賀花見店,牛丼,,casual,tb,True
fukuoka/koga,170,ジョイフル 東古賀店,ファミレス,,casual,tb,True
fukuoka/koga,171,ハースブラウン サンリブ古賀店,パン,,sweets,tb,True
fukuoka/koga,172,インド食堂 ママカレー,インドカレー、インド料理,,curry,tb,True
fukuoka/koga,173,かまロール,天ぷら、串揚げ、コロッケ,,japanese,tb,True
fukuoka/koga,174,鰻の神楽 福岡古賀店,うなぎ,,seafood,tb,True
fukuoka/koga,175,や台ずし 古賀駅西口町,居酒屋、寿司、海鮮,,izakaya,tb,True
fukuoka/koga,176,コロッケのころっ家 古賀サービスエリア店,惣菜・デリ,,casual,tb,True
fukuoka/koga,177,日向の国の地どり焼,焼き鳥,,meat,tb,True
fukuoka/koga,178,からあげの店　唐十 古賀店,からあげ,,meat,tb,True
fukuoka/koga,179,豚の串,焼き鳥、焼きそば、お好み焼き,,meat,tb,True
fukuoka/koga,180,セブンイレブン 古賀花見東7丁目店,コンビニ・スーパー,,daily,tb,True
fukuoka/koga,181,プチ・ブーケ,その他,,other,none,False
fukuoka/koga,182,火の国,焼き鳥,,meat,tb,True
fukuoka/koga,183,松の屋,食堂,,casual,tb,True
fukuoka/koga,184,禅,焼き鳥,,meat,tb,True
fukuoka/koga,185,肉満屋,肉まん、おにぎり、郷土料理,,casual,tb,False
fukuoka/koga,186,いおり 悠鳳,日本料理,,japanese,tb,True
fukuoka/koga,187,クウネルCafe,カフェ、洋食、ハンバーグ,,cafe,tb,True
fukuoka/koga,188,かば田 サンリブ古賀店,その他,,other,none,False
fukuoka/koga,189,もち吉 古賀店,和菓子,,sweets,tb,True
fukuoka/koga,190,自遊空間 古賀店,その他,,other,none,False
fukuoka/koga,191,まつぼっくり食堂,食堂,,casual,tb,True
fukuoka/koga,192,とりしげ,焼き鳥,,meat,tb,True
fukuoka/koga,193,ベーカーバイツェン 古賀店,パン,,sweets,tb,True
fukuoka/koga,194,セブンイレブン 古賀花見東2丁目店,コンビニ・スーパー,,daily,tb,True
fukuoka/koga,195,ケンタッキーフライドチキン サンリブ古賀店,ハンバーガー,,casual,tb,True
fukuoka/koga,196,2929C,その他,,other,none,False
fukuoka/koga,197,アペティートカフェ 古賀店,パン、サンドイッチ,,sweets,tb,True
fukuoka/koga,198,シャトレーゼ 古賀店,ケーキ、スイーツ,,sweets,tb,True
fukuoka/koga,199,つぼ焼き芋さく,焼き芋・大学芋,,other,none,False
fukuoka/koga,200,食の交流拠点 るるるる,カフェ、パン,,cafe,tb,True
fukuoka/koga,201,セブンイレブン 古賀天神店,コンビニ・スーパー,,daily,tb,True
fukuoka/koga,202,jugo.JUGO,スイーツ,,sweets,tb,True
fukuoka/koga,203,喫茶 香,喫茶店,,cafe,tb,True
fukuoka/koga,204,耶馬溪,鳥料理、揚げ物,,casual,tb,False
fukuoka/koga,205,ひので家 サンリブ古賀店,豆腐料理,,japanese,tb,True
fukuoka/koga,206,わいわいファーム 舞の里店,その他,,other,none,False
fukuoka/koga,207,アジアンインドカレー スミ 古賀店,インド料理,,curry,tb,True
fukuoka/koga,208,クリエイト スペース ミラコ,カフェ、ハンバーガー,,cafe,tb,True
fukuoka/koga,209,AZcafe Shidaka 福岡古賀店,レストラン,,other,none,False
fukuoka/koga,210,いちばんどり 古賀店,焼き鳥、からあげ,,meat,tb,True
fukuoka/koga,211,Fresh Candy 福岡店,スイーツ,,sweets,tb,True
fukuoka/koga,212,長崎カステラ花月堂,洋菓子、和菓子,,sweets,tb,True
fukuoka/koga,213,いやし家,居酒屋、焼き鳥、餃子,,izakaya,tb,True
fukuoka/koga,214,ほっともっと 古賀店,弁当,,casual,tb,True
fukuoka/koga,215,手作り料理＆ショーの店 イエスの方舟 シオンの娘,カフェ、洋食,,cafe,tb,True
fukuoka/koga,216,大当たりコロッケ,惣菜・デリ,,casual,tb,True
fukuoka/koga,217,いしむら 古賀店,和菓子、ケーキ,,sweets,tb,True
fukuoka/koga,218,あいミート,からあげ,,meat,tb,True
fukuoka/koga,219,湖月堂 サンリブ古賀店,和菓子,,sweets,tb,True
fukuoka/koga,220,焼鳥ひょうたん,焼き鳥,,meat,tb,True
fukuoka/koga,221,AND NEW,カフェ,,cafe,tb,True
fukuoka/koga,222,宅配専門 玄海ざんまい 古賀店,寿司,,seafood,tb,True
fukuoka/koga,223,キー コーヒー サンリブ古賀店,喫茶店、カフェ,,cafe,tb,True
fukuoka/koga,224,あおやぎの卵,その他,,other,none,False
fukuoka/koga,225,睦,居酒屋、焼き鳥、もつ鍋,,izakaya,tb,True
fukuoka/koga,226,DINER TASO,鉄板焼き,,meat,tb,True
fukuoka/koga,227,銀のさら 古賀店,寿司,,seafood,tb,True
fukuoka/koga,228,ロハス福岡工場 工場直売所,ケーキ、洋菓子,,sweets,tb,True
fukuoka/koga,229,サイノ,インド料理、インドカレー、ネパール料理,,curry,tb,True
fukuoka/koga,230,日本食品 古賀工場,その他,,other,none,False
fukuoka/koga,231,香林の園,その他,,other,none,False
fukuoka/koga,232,new public saloon,立ち飲み、弁当,,izakaya,tb,True
fukuoka/koga,233,kivi,ワインバー,,izakaya,tb,True
fukuoka/koga,234,青木ホルモン直売所,その他,,other,none,False
fukuoka/koga,235,串カツと鳥焼き ひびか,居酒屋、串揚げ,,izakaya,tb,True
fukuoka/koga,236,釜寅 古賀店,釜飯,,japanese,tb,True
fukuoka/koga,237,肉どころ大地,売店,,casual,tb,True
fukuoka/koga,238,セブンイレブン 古賀流店,コンビニ・スーパー,,daily,tb,True
fukuoka/koga,239,井の屋 古賀店,そば、うどん,,noodles,tb,True
fukuoka/koga,240,ひよ子本舗 吉野堂 サンリブ古賀店,和菓子,,sweets,tb,True
fukuoka/koga,241,茶寮Kunpu,カフェ,,cafe,tb,True
fukuoka/koga,242,バータヴェンネ,バー、カフェ,,izakaya,tb,True
fukuoka/koga,243,金海丸,居酒屋,,izakaya,tb,True
fukuoka/koga,244,玄海 古賀店,その他,,other,none,False
fukuoka/koga,245,喫茶 檸檬 花鶴店,喫茶店,,cafe,tb,True
fukuoka/koga,246,陣ぺい,レストラン,,other,none,False
fukuoka/koga,247,焼鳥 SHIN,焼き鳥、鳥料理、居酒屋,,meat,tb,True
fukuoka/koga,248,セブンイレブン 古賀栗原店,コンビニ・スーパー,,daily,tb,True
fukuoka/koga,249,四方来寿し総本家,寿司,,seafood,tb,True
fukuoka/koga,250,居酒屋夢屋,焼き鳥,,meat,tb,True
fukuoka/koga,251,LAWSON 古賀美明一丁目店,コンビニ・スーパー,,daily,tb,True
fukuoka/koga,252,セブンイレブン 古賀千鳥2丁目店,コンビニ・スーパー,,daily,tb,True
fukuoka/koga,253,志庵,日本料理,,japanese,tb,True
fukuoka/koga,254,セブンイレブン 古賀日吉3丁目南店,コンビニ・スーパー,,daily,tb,True
fukuoka/koga,255,とり丸,焼き鳥,,meat,tb,True
fukuoka/koga,256,Cafe #9,カフェ、バー,,cafe,tb,True
fukuoka/koga,257,カフェヒーロー,バー,,izakaya,tb,True
fukuoka/koga,258,The Store,その他,,other,none,False
fukuoka/koga,259,青柳醤油,その他,,other,none,False
fukuoka/koga,260,まん作,居酒屋,,izakaya,tb,True
fukuoka/koga,261,カフェトワイライト,カフェ,,cafe,tb,True
fukuoka/koga,262,恵凡,喫茶店,,cafe,tb,True
fukuoka/koga,263,やぐら太鼓,日本料理,,japanese,tb,True
fukuoka/koga,264,すし処三碧,寿司,,seafood,tb,True
fukuoka/koga,265,ワイズ バーアンドミュージック,バー、ダイニングバー、ケーキ,,izakaya,tb,True
fukuoka/koga,266,セブンイレブン 古賀インター店,コンビニ・スーパー,,daily,tb,True
fukuoka/koga,267,小鳥,串焼き、居酒屋,,meat,tb,True
fukuoka/koga,268,お山の果樹園 タニヤマカフェ,カフェ、オーガニック、創作料理,,cafe,tb,True
fukuoka/koga,269,ほっともっと 古賀市役所前店,弁当,,casual,tb,True
fukuoka/koga,270,和加,居酒屋,,izakaya,tb,True
fukuoka/koga,271,Dining Bar Zilch,ダイニングバー,,izakaya,tb,True
fukuoka/koga,272,猫喫茶 空陸家 福岡古賀店,その他,,other,none,False
fukuoka/koga,273,セブンイレブン 古賀新久保店,コンビニ・スーパー,,daily,tb,True
fukuoka/koga,274,酒魚処 心,居酒屋、海鮮,,izakaya,tb,True
fukuoka/koga,275,天ぷらひろ,レストラン,,other,none,False
fukuoka/koga,276,オリエントホール,アジア・エスニック,,chinese,tb,True
fukuoka/koga,277,cobo labo,カフェ,,cafe,tb,True
fukuoka/koga,278,ささのつる,日本料理,,japanese,tb,True
fukuoka/koga,279,蝉丸,喫茶店,,cafe,tb,True
fukuoka/koga,280,LAWSON 古賀太郎丸店,コンビニ・スーパー,,daily,tb,True
fukuoka/koga,281,セブンイレブン 古賀青柳店,コンビニ・スーパー,,daily,tb,True
fukuoka/koga,282,ピザ・カリフォルニア 千鳥店,ピザ,,european,tb,True
fukuoka/koga,283,Ichiyoken,,,other,none,False
fukuoka/koga,284,Nagahama Ramen Tarochan,,,other,none,False
fukuoka/koga,285,Kokochian,,,other,none,False
fukuoka/koga,286,Chinese Cuisine Kikyo Koga,,Chinese,chinese,ta,True
fukuoka/koga,287,Sato no Tonkatsu Anzu,,Japanese,japanese,ta,True
fukuoka/koga,288,Unagi Tokoro Kamatatsu,,Japanese;Japanese - Other ,japanese,ta,True
fukuoka/koga,289,Royal Host,,International,other,none,False
fukuoka/koga,290,Ichi,,French,european,ta,True
fukuoka/koga,291,キュイジーヌ ゲンナイ,,French;European,european,ta,True
fukuoka/koga,292,Koga Service Area Noborisen Yatai Tokusetsu Corner,,Japanese;International;Japanese - Other ,japanese,ta,True
fukuoka/koga,293,Toneri,,Chinese,chinese,ta,True
fukuoka/koga,294,Saino,,Indian,curry,ta,True
fukuoka/koga,295,Nanosato,,,other,none,False
fukuoka/koga,296,Koga Golf Club,,Japanese;International;Japanese - Other ,japanese,ta,True
fukuoka/koga,297,Sammi Koga Station,,Italian;Japanese;Asian;Pub;Street Food,european,ta,True
fukuoka/koga,298,Yakiniku Grilled meat Meister Kana chan,,Barbecue,meat,ta,True
fukuoka/koga,299,Funadeya,,Fusion,other,none,False
fukuoka/koga,300,Karaoke Banban Koga,,International,other,none,False
fukuoka/koga,301,SUKE SAN Udon,,Japanese;Japanese - Other ,japanese,ta,True
fukuoka/koga,302,Ringer Hut Fukuoka Koga,,,other,none,False
fukuoka/koga,303,Dondontei Koga Hanami,,Japanese;Street Food,japanese,ta,True
fukuoka/koga,304,Kairakuso,,International,other,none,False
fukuoka/koga,305,Tonkatsu Hamakatsu Fukuoka Koga,,Japanese,japanese,ta,True
fukuoka/koga,306,Menkatsu Machi Kawabaru Koga,,Japanese;Japanese - Other ,japanese,ta,True
fukuoka/koga,307,Joyfull,,International,other,none,False
fukuoka/koga,308,Oyu No Yado Kaiseikan,,Japanese,japanese,ta,True
fukuoka/koga,309,いけす居酒屋たかつ,,Japanese;Izakaya (Japanese Style Tavern),izakaya,ta,True
fukuoka/koga,310,Chinese Restaurant Dining Rorin,,Chinese,chinese,ta,True
fukuoka/koga,311,Margherita Koga,,Italian,european,ta,True
fukuoka/koga,312,Hotto Motto Kogachidori,,Japanese,japanese,ta,True
fukuoka/koga,313,Hanakomugi,,Japanese,japanese,ta,True
fukuoka/koga,314,Ben Sushi,,Japanese;Seafood;Sushi;Japanese - Other ,seafood,ta,True
fukuoka/koga,315,Hiromura Yakiniku,,,other,none,False
fukuoka/koga,316,Kai,,Japanese,japanese,ta,True
fukuoka/koga,317,Hakata Meno Koga,,,other,none,False
fukuoka/koga,318,Gankomon Ramen Fukuoka,,,other,none,False
fukuoka/koga,319,Hakata Ramen Yokaromon,,,other,none,False
fukuoka/koga,320,Hidechan Udon,,,other,none,False
fukuoka/koga,321,Koga Service Area Nobori Sen Nanokuni Chanpon,,Asian,chinese,ta,True
fukuoka/koga,322,Herb Restaurant Yubokumin,,,other,none,False
fukuoka/koga,323,Toriya,,Japanese,japanese,ta,True
fukuoka/koga,324,Teuchi Soba Hanaoto,,Japanese;Japanese - Other ,japanese,ta,True
fukuoka/koga,325,Nanofuku Yadai,,,other,none,False
fukuoka/koga,326,Josuian Koga,,,other,none,False
fukuoka/koga,327,Sanzokunabe Koga,,Japanese,japanese,ta,True
fukuoka/koga,328,It Is a Kitchen Deli,,Japanese,japanese,ta,True
fukuoka/koga,329,Yakiniku Ramen Tachikawa,,Japanese,japanese,ta,True
fukuoka/koga,330,Yakiniku Nabeshima Koga,,Japanese,japanese,ta,True
fukuoka/koga,331,Sanribu Koga Key Coffee,,,other,none,False
fukuoka/koga,332,Uomin Koga,,Japanese;Izakaya (Japanese Style Tavern),izakaya,ta,True
fukuoka/koga,333,Yakitori Hyotan Yamanaka,,,other,none,False
fukuoka/koga,334,Appetito,,,other,none,False
fukuoka/koga,335,One Bowl,,,other,none,False
fukuoka/koga,336,Shibata Yakiniku and Meat Cuisine,,Barbecue,meat,ta,True
fukuoka/koga,337,Honke Yakitori Yokozuna,,Japanese;Japanese - Other ,japanese,ta,True
fukuoka/koga,338,Hotto Motto Koga Shiyakushomae,,Japanese,japanese,ta,True
fukuoka/koga,339,Shichirin Yakiniku Sumika,,Japanese,japanese,ta,True
fukuoka/koga,340,Sosaku Nikuryori Kitaya,,Japanese,japanese,ta,True
fukuoka/koga,341,Gozen Gyozabo,,Chinese,chinese,ta,True
fukuoka/koga,342,Niijima Koga,,Japanese;Japanese - Other ,japanese,ta,True
fukuoka/koga,343,Yakitori Shogun,,Japanese;Japanese - Other ,japanese,ta,True
fukuoka/koga,344,Tsuwase,,Barbecue,meat,ta,True
fukuoka/koga,345,Bites From Korean Cuisine and a Sense of Korean Barbeque,,Barbecue,meat,ta,True
fukuoka/koga,346,Ichiran Koga SA Down Line,,Diner,casual,ta,True
fukuoka/koga,347,Oggi Koga,,Italian,european,ta,True
fukuoka/koga,348,Homi,,Japanese,japanese,ta,True
fukuoka/koga,349,Kodomo No Mise,,Japanese;Japanese - Other ,japanese,ta,True
fukuoka/koga,350,Oka Soba Yakuosan,,Japanese;Japanese - Other ,japanese,ta,True
fukuoka/koga,351,Kobe Gelato Chokubaiten,,,other,none,False
fukuoka/koga,352,Sea Jack Plum Garden,,Japanese;Seafood;Sushi,seafood,ta,True
fukuoka/koga,353,Ryutei,,Japanese;Japanese - Other ,japanese,ta,True
fukuoka/koga,354,Gardenterrace Nagomi,,International;Fusion,other,none,False
fukuoka/koga,355,Izakaya Wayo,,Japanese,japanese,ta,True
fukuoka/koga,356,Slowly,,Cafe,cafe,ta,True
fukuoka/koga,357,Muratatei Koga,,,other,none,False
fukuoka/koga,358,Naniwa Shokudo,,Japanese;International;Japanese - Other ,japanese,ta,True
fukuoka/koga,359,Machiya Cafe Taro Teahouse Kamakura Kazuruoka,,Cafe,cafe,ta,True
fukuoka/koga,360,Shichirin Yakiniku Engyu,,Barbecue,meat,ta,True
fukuoka/koga,361,Don Coffee Kan,,Cafe,cafe,ta,True
fukuoka/koga,362,Tori Maru,,Japanese;Japanese - Other ,japanese,ta,True
fukuoka/koga,363,Asunaro,,Cafe,cafe,ta,True
fukuoka/koga,364,Karaoke Manekineko Fukuoka Koga,,International,other,none,False
fukuoka/koga,365,Akahige,,Japanese;Japanese - Other ,japanese,ta,True
fukuoka/koga,366,Wasai Dining Tomo,,Japanese - Other ,japanese,ta,True
fukuoka/koga,367,ことぶきラーメン,,,other,none,False
fukuoka/koga,368,Nidaime Hayatto,,Japanese,japanese,ta,True
fukuoka/koga,369,Western Kitchen Printemps,,,other,none,False
fukuoka/koga,370,Gimhae,,Japanese;Izakaya (Japanese Style Tavern),izakaya,ta,True
fukuoka/koga,371,Yataizushi Koga Eki West Entrance Machi,,,other,none,False
fukuoka/koga,372,Stamina iron Teppan Hakata Iron Man Koga,,Japanese;Kyushu cuisine,japanese,ta,True
fukuoka/koga,373,Jidorit Izakayatsuneshige,,Japanese,japanese,ta,True
fukuoka/koga,374,Bronco Billy,,,other,none,False
fukuoka/koga,375,Yakitori Kirishima,,Japanese,japanese,ta,True
fukuoka/koga,376,Tometeba Koga,,,other,none,False
fukuoka/koga,377,Aji Dokoro Tatsu,,Japanese;Izakaya (Japanese Style Tavern),izakaya,ta,True
fukuoka/koga,378,Jimpei,,Japanese;Izakaya (Japanese Style Tavern),izakaya,ta,True
fukuoka/koga,379,Hakata Gyoza Marusan,,Asian,chinese,ta,True
fukuoka/koga,380,Morimori Mo S,,Japanese,japanese,ta,True
fukuoka/koga,381,Sushi Zammai Koga,,Japanese;Sushi,seafood,ta,True
fukuoka/koga,382,Taiho,,Japanese,japanese,ta,True
fukuoka/koga,383,Naniwaodako Koga,,Japanese,japanese,ta,True
fukuoka/koga,384,Sumi Miyuraku,,Japanese,japanese,ta,True
fukuoka/koga,385,Sanpeki Sushi,,Japanese;Sushi,seafood,ta,True
fukuoka/koga,386,Sushi Man,,Sushi,seafood,ta,True
fukuoka/koga,387,Ebisu Shokudo,,Japanese;International;Japanese - Other ,japanese,ta,True
fukuoka/koga,388,Shunsaigyoko Ueda,,Japanese,japanese,ta,True
fukuoka/koga,389,源寿司,,Japanese;Sushi,seafood,ta,True
fukuoka/koga,390,Hanatachibana,,Japanese;Sushi,seafood,ta,True
fukuoka/koga,391,Kogatei,,Japanese,japanese,ta,True
fukuoka/koga,392,Kotaro,,Japanese - Traditional Cuisine,other,none,False
fukuoka/koga,393,Senraku,,Japanese,japanese,ta,True
fukuoka/koga,394,Joyfull,,International,other,none,False
fukuoka/koga,395,Juwariteuchiosoba Cafe Kominka Konsaikan,,Japanese;Kyushu cuisine,japanese,ta,True
fukuoka/koga,396,Onomura,,Japanese;Izakaya (Japanese Style Tavern),izakaya,ta,True
fukuoka/koga,397,Hakata Ichibandori Kyoshokuya Arai Fc Koga,,Japanese,japanese,ta,True
fukuoka/koga,398,Mongolian Fire Pot Kaoru,,Japanese;Japanese - Other ,japanese,ta,True
fukuoka/koga,399,Izakaya Sampachi An Koga,,Japanese,japanese,ta,True
fukuoka/koga,400,Torisho,,Japanese,japanese,ta,True
fukuoka/koga,401,Yaguradaiko,,Japanese;Japanese - Traditional Cuisine;Kaiseki,japanese,ta,True
fukuoka/koga,402,Mint,,Japanese,japanese,ta,True
fukuoka/koga,403,Shin Ya,,Japanese;Japanese - Traditional Cuisine;Kaiseki,japanese,ta,True
fukuoka/koga,404,Sasa Notsuru,,Japanese;Japanese - Traditional Cuisine,japanese,ta,True
fukuoka/koga,405,Kazu Sakedokoro,,Asian;Korean,chinese,ta,True
fukuoka/koga,406,Shikishima Shokudo,,Japanese;International;Japanese - Other ,japanese,ta,True
fukuoka/koga,407,Tempura Hiro,,Japanese;Japanese - Other ,japanese,ta,True
fukuoka/koga,408,Bunta,,Japanese,japanese,ta,True
fukuoka/koga,409,Izumi,,Japanese,japanese,ta,True
fukuoka/koga,410,Tonkatsu Nakagawa,,Japanese;Japanese - Other ,japanese,ta,True
fukuoka/koga,411,Matsubokkuri Shokudo,,Japanese;International,japanese,ta,True
fukuoka/koga,412,Ninjin,,Japanese,japanese,ta,True
fukuoka/koga,413,Jiyukukan Koga,,International,other,none,False
fukuoka/koga,414,Torishige,,Japanese;Japanese - Other ,japanese,ta,True
fukuoka/koga,415,Bulldog,,Japanese,japanese,ta,True
fukuoka/koga,416,Shokudo Fuji,,Japanese;International,japanese,ta,True
fukuoka/koga,417,Pankobo Kauri,,,other,none,False
fukuoka/koga,418,Yamaichi,,Japanese;Izakaya (Japanese Style Tavern),izakaya,ta,True
fukuoka/koga,419,Mikazukito Hotaru,,,other,none,False
fukuoka/koga,420,Izakaya Kitchen Chiyogen,,Japanese;Izakaya (Japanese Style Tavern),izakaya,ta,True
fukuoka/koga,421,Hinokuni,,Pub,izakaya,ta,True
fukuoka/koga,422,Taruhei,,Japanese;Izakaya (Japanese Style Tavern),izakaya,ta,True
fukuoka/koga,423,Izakaya Yumeya,,Japanese;Izakaya (Japanese Style Tavern),izakaya,ta,True
fukuoka/koga,424,Seiryu Ken,,,other,none,False
fukuoka/koga,425,First Kitchen Koga Sanribu,,American,european,ta,True
fukuoka/koga,426,Hana Asobi,,,other,none,False
fukuoka/koga,427,Manryu Koga,,,other,none,False
fukuoka/koga,428,Takeju,,Japanese;Izakaya (Japanese Style Tavern),izakaya,ta,True
fukuoka/koga,429,Doremi,,,other,none,False
fukuoka/koga,430,Cafe Hiro,,,other,none,False
fukuoka/koga,431,Chinese Restaurant Seiryu,,,other,none,False
fukuoka/koga,432,Y s Bros,,,other,none,False
fukuoka/koga,433,Charcoal Grilled Chicken Mutsu Chidori,,,other,none,False
fukuoka/koga,434,Nanaki,,,other,none,False
fukuoka/koga,435,Eau de Bouche,,,other,none,False
fukuoka/koga,436,Kasentei,,,other,none,False
fukuoka/koga,437,Karaoke Snack Sakura,,,other,none,False
fukuoka/koga,438,Dakara,,,other,none,False
fukuoka/koga,439,Soil Kitchen,,,other,none,False
fukuoka/koga,440,Roast Grill Sakuragi,,,other,none,False
fukuoka/koga,441,Club Station Second Floor,,,other,none,False
fukuoka/koga,442,Ishimura Koga,,,other,none,False
fukuoka/koga,443,Saemon,,,other,none,False
fukuoka/koga,444,Fujiya Koga Sanribu,,,other,none,False
fukuoka/koga,445,Omoni,,,other,none,False
fukuoka/koga,446,Yamamisaka,,,other,none,False
fukuoka/koge,1,農園菓子工房 ナチュラルファーム菓樹,カフェ、ケーキ、スープカレー,,cafe,tb,True
fukuoka/koge,2,そば処 白水,そば,,noodles,tb,True
fukuoka/koge,3,ピッツェリア・フィエロ,ピザ,,european,tb,True
fukuoka/koge,4,道の駅 しんよしとみ遺跡前,道の駅,,other,none,False
fukuoka/koge,5,宝来軒 吉富支店,ラーメン、ちゃんぽん、餃子,,noodles,tb,True
fukuoka/koge,6,どんぐり,レストラン,,other,none,False
fukuoka/koge,7,まるしん 大平楽店,ラーメン、餃子、居酒屋,,noodles,tb,True
fukuoka/koge,8,太平 仙寿庵,そば,,noodles,tb,True
fukuoka/koge,9,村のぱん屋SUN,パン、カフェ,,sweets,tb,True
fukuoka/koge,10,チキン南蛮専門店 なんばん屋,丼,,casual,tb,True
fukuoka/koge,11,にょんじ,からあげ,,meat,tb,True
fukuoka/koge,12,二反田醤油本店,その他,,other,none,False
fukuoka/koge,13,産直処 さわやか市,その他,,other,none,False
fukuoka/koge,14,湯の迫温泉 大平楽,その他,,other,none,False
fukuoka/koge,15,からあげ聖林 本店,からあげ,,meat,tb,True
fukuoka/koge,16,麺処 咲耶 みちのえき,ラーメン、カレー、食堂,,noodles,tb,True
fukuoka/koge,17,太平楽からあげ諭吉,からあげ,,meat,tb,True
fukuoka/koge,18,おそうざい屋 しんよしみかん,弁当、惣菜・デリ,,casual,tb,True
fukuoka/koge,19,焼肉 和 上毛町店,焼肉,,meat,tb,True
fukuoka/koge,20,女多福ぎょうざ,ラーメン、餃子,,noodles,tb,True
fukuoka/koge,21,LAWSON 築上大平店,コンビニ・スーパー,,daily,tb,True
fukuoka/koge,22,太平ハム工房,その他,,other,none,False
fukuoka/koge,23,築上鶏卵,その他,,other,none,False
fukuoka/koge,24,ひとの港　太平楽,日本料理、うどん、そば,,japanese,tb,True
fukuoka/koge,25,こうげ武楽里さわやか市,からあげ、郷土料理,,meat,tb,True
fukuoka/koge,26,西友枝体験交流センター ゆいきらら,その他,,other,none,False
fukuoka/koge,27,職人のからあげ 華鳥,からあげ,,meat,tb,True
fukuoka/koge,28,アンネキッチン ちょくちょく,ケバブ、トルコ料理,,casual,tb,True
fukuoka/koge,29,味津江,食堂、レストラン,,casual,tb,True
fukuoka/koge,30,めし処 濱田屋,日本料理,,japanese,tb,True
fukuoka/koge,31,靖うどん,うどん,,noodles,tb,True
fukuoka/koge,32,高野酒店,その他,,other,none,False
fukuoka/koge,33,Hollywood Main Store,,Japanese,japanese,ta,True
fukuoka/koge,34,Horaiken Yoshitomi Branch,,Chinese;Asian,chinese,ta,True
fukuoka/koge,35,Momoya Jinbei SHinyoshitomi Michi no Eki,,,sweets,desc,False
fukuoka/koge,36,Farm Garden Sweets Studio Natural Farm Kaju,,Cafe,cafe,ta,True
fukuoka/koge,37,Pizzeria Fiero,,,other,none,False
fukuoka/koge,38,Senten,,Japanese,japanese,ta,True
fukuoka/koge,39,Mitsue,,Japanese;International;Japanese - Other ,japanese,ta,True
fukuoka/koge,40,Nakatsudayo Zenten Shugo,,,other,none,False
fukuoka/koge,41,Torimon,,,other,none,False
fukuoka/koge,42,Morino Restaurant Kanakana,,Fusion,other,none,False
fukuoka/koge,43,Kagura,,Japanese;Japanese - Other ,japanese,ta,True
fukuoka/koge,44,Bistro Yotsubaya,,French,european,ta,True
fukuoka/koge,45,Nodoraku,,Japanese,japanese,ta,True
fukuoka/koge,46,Koge No Shokutaku Mokumoku,,Japanese;Izakaya (Japanese Style Tavern),izakaya,ta,True
fukuoka/kotake,1,ジャーマンベーカリー 小竹店,シュークリーム、パン、ケーキ,,sweets,tb,False
fukuoka/kotake,2,ミッションバレーゴルフクラブ,食堂、担々麺,,casual,tb,True
fukuoka/kotake,3,とりや商店,からあげ、鳥料理,,meat,tb,True
fukuoka/kotake,4,お料理 ナカノ,イタリアン,,european,tb,True
fukuoka/kotake,5,CHIKI 33,カフェ、ソフトクリーム,,cafe,tb,True
fukuoka/kotake,6,ガーデンmamaの花カフェバー,カフェ,,cafe,tb,True
fukuoka/kotake,7,うどんセンター銀,うどん、居酒屋,,noodles,tb,True
fukuoka/kotake,8,こたけまち絵本館 木のうた,カフェ,,cafe,tb,True
fukuoka/kotake,9,勝永亭,惣菜・デリ、弁当,,casual,tb,True
fukuoka/kotake,10,焼鳥時代屋,焼き鳥,,meat,tb,True
fukuoka/kotake,11,セブンイレブン 小竹局入口店,コンビニ・スーパー,,daily,tb,True
fukuoka/kotake,12,ねことまんま,カフェ,,cafe,tb,True
fukuoka/kotake,13,Takoyaki Yasuchan,,Japanese;Japanese - Other ,japanese,ta,True
fukuoka/kotake,14,Aji Dokoro en,,Japanese;Izakaya (Japanese Style Tavern),izakaya,ta,True
fukuoka/kotake,15,Saffron,,,other,none,False
fukuoka/kurate,1,うどん屋 仁,うどん、ケーキ,,noodles,tb,True
fukuoka/kurate,2,和牛レストランふるの,焼肉、しゃぶしゃぶ,,meat,tb,True
fukuoka/kurate,3,福本工房 福ちゃん饅頭,和菓子,,sweets,tb,True
fukuoka/kurate,4,独楽,創作料理、揚げ物、鍋,,japanese,tb,True
fukuoka/kurate,5,ラーメンハウス　味良,ラーメン、食堂,,noodles,tb,True
fukuoka/kurate,6,ムーンレイクゴルフクラブ 鞍手コース,食堂,,casual,tb,True
fukuoka/kurate,7,味宝卵食堂,食堂,,casual,tb,True
fukuoka/kurate,8,野上養鶏場,その他,,other,none,False
fukuoka/kurate,9,文化屋,イタリアン、パスタ、創作料理,,european,tb,True
fukuoka/kurate,10,麺屋 心,ラーメン,,noodles,tb,True
fukuoka/kurate,11,笹山,パン、サンドイッチ,,sweets,tb,True
fukuoka/kurate,12,田々夢詩,レストラン,,other,none,False
fukuoka/kurate,13,ファーマーズキッチン ベジバル,オーガニック、カフェ,,cafe,tb,False
fukuoka/kurate,14,田なかうどん,うどん,,noodles,tb,True
fukuoka/kurate,15,茶寮 GARYOU,カフェ,,cafe,tb,True
fukuoka/kurate,16,MORINOKURA,スイーツ、惣菜・デリ,,sweets,tb,True
fukuoka/kurate,17,四五久うどん,うどん、そば,,noodles,tb,True
fukuoka/kurate,18,ヒッコリーのきのみ,洋食,,european,tb,True
fukuoka/kurate,19,やきたてパン工房 Cuddly,パン,,sweets,tb,True
fukuoka/kurate,20,古民家カフェ&雑貨 木花咲耶,カフェ、パン,,cafe,tb,True
fukuoka/kurate,21,松屋 鞍手PA(下り線)店,牛丼、カレー、食堂,,casual,tb,True
fukuoka/kurate,22,寿し竜馬,寿司,,seafood,tb,True
fukuoka/kurate,23,ジェラートおかまつ,ジェラート・アイスクリーム,,sweets,tb,True
fukuoka/kurate,24,Marie's Cafe,カフェ,,cafe,tb,True
fukuoka/kurate,25,麺勝 鞍手店,うどん、そば,,noodles,tb,True
fukuoka/kurate,26,Food Cafe ほぬ,食堂、カフェ,,casual,tb,True
fukuoka/kurate,27,焼肉ふじ,焼肉,,meat,tb,True
fukuoka/kurate,28,ONDO,カフェ,,cafe,tb,True
fukuoka/kurate,29,貴黄卵,その他,,other,none,False
fukuoka/kurate,30,セブンイレブン 九州道鞍手PA下り店,コンビニ・スーパー,,daily,tb,True
fukuoka/kurate,31,Sakanaya Side,惣菜・デリ,,casual,tb,True
fukuoka/kurate,32,いしい,焼き鳥,,meat,tb,True
fukuoka/kurate,33,おこのみ焼き 鉄板焼 楽,お好み焼き、居酒屋、鉄板焼き,,casual,tb,True
fukuoka/kurate,34,髭,居酒屋、焼き鳥,,izakaya,tb,True
fukuoka/kurate,35,たこ焼き米庵,たこ焼き,,casual,tb,True
fukuoka/kurate,36,炭火だいにんぐ 大笑,肉料理,,meat,tb,True
fukuoka/kurate,37,ひよ子本舗 吉野堂 鞍手店,和菓子,,sweets,tb,True
fukuoka/kurate,38,クラバード,焼き鳥,,meat,tb,True
fukuoka/kurate,39,トライアル スーパーセンター鞍手店,コンビニ・スーパー,,daily,tb,True
fukuoka/kurate,40,てんてこまい,甘味処,,sweets,tb,True
fukuoka/kurate,41,KAWASHOKU 食彩館 鞍手店,コンビニ・スーパー,,daily,tb,True
fukuoka/kurate,42,cheryco,洋菓子,,sweets,tb,True
fukuoka/kurate,43,兆治,レストラン,,other,none,False
fukuoka/kurate,44,CREPE SHOP dolce,クレープ・ガレット,,sweets,tb,True
fukuoka/kurate,45,ほっともっと 鞍手町店,弁当,,casual,tb,True
fukuoka/kurate,46,喫茶 シンクロ,喫茶店,,cafe,tb,True
fukuoka/kurate,47,匠,寿司,,seafood,tb,True
fukuoka/kurate,48,なんでんや龍,居酒屋,,izakaya,tb,True
fukuoka/kurate,49,ノンノン,喫茶店,,cafe,tb,True
fukuoka/kurate,50,肉の菊池屋,その他,,other,none,False
fukuoka/kurate,51,たこ焼きありちゃん,たこ焼き,,casual,tb,True
fukuoka/kurate,52,蕎麦&ギャラリー てんてこまい,そば,,noodles,tb,True
fukuoka/kurate,53,天手古舞,焼き鳥,,meat,tb,True
fukuoka/kurate,54,中山うどん,うどん、そば,,noodles,tb,True
fukuoka/kurate,55,怪物,居酒屋,,izakaya,tb,True
fukuoka/kurate,56,suffle dale,パン、弁当,,sweets,tb,True
fukuoka/kurate,57,ほかほか弁当 鞍手町店,弁当,,casual,tb,True
fukuoka/kurate,58,Fukuchan Udon,,Japanese;Japanese - Other ,japanese,ta,True
fukuoka/kurate,59,Kokagetei Kurate Parking Area,,Japanese;International;Japanese - Other ,japanese,ta,True
fukuoka/kurate,60,Restaurant Dendenmushi,,Japanese,japanese,ta,True
fukuoka/kurate,61,Ryoma,,Japanese,japanese,ta,True
fukuoka/kurate,62,Kitchen Kobo Ekubo,,Japanese;International;Japanese - Other ,japanese,ta,True
fukuoka/kurate,63,Eto,,Japanese;Sushi,seafood,ta,True
fukuoka/kurate,64,Ribe,,International,other,none,False
fukuoka/kurate,65,Kurate Shokudo Dansan,,International,other,none,False
fukuoka/kurate,66,Fu Flip,,Japanese,japanese,ta,True
fukuoka/kurate,67,Magokoro,,Japanese;Japanese - Other ,japanese,ta,True
fukuoka/kurate,68,Warm Lunch Kurate Machiten,,Japanese,japanese,ta,True
fukuoka/kurate,69,Dining San,,Japanese,japanese,ta,True
fukuoka/kurate,70,Yakiniku Sokaen,,Japanese,japanese,ta,True
fukuoka/kurate,71,Yakiniku Hakuryuzan,,Japanese,japanese,ta,True
fukuoka/kurate,72,Sochan,,,other,none,False
fukuoka/kurate,73,Karaoke Donguri,,,other,none,False
fukuoka/kurate,74,Izakaya Dori,,Japanese;Izakaya (Japanese Style Tavern),izakaya,ta,True
fukuoka/kurate,75,Gembu,,,other,none,False
fukuoka/kurate,76,パンコッペ,,,other,none,False
fukuoka/kurate,77,Kara Age Taisho Kurate,,,other,none,False
fukuoka/kurate,78,Hanako,,Japanese;Izakaya (Japanese Style Tavern),izakaya,ta,True
fukuoka/kurate,79,Confectionery Kongariya,,,other,none,False
fukuoka/kurate,80,Handmade Cookies Yutakanosato,,,other,none,False
fukuoka/kurate,81,Tengenryu,,,other,none,False
fukuoka/kurate,82,Cafe Synchro,,,other,none,False
fukuoka/kurate,83,So So,,,other,none,False
fukuoka/kurume,1,月光浴,居酒屋、もつ鍋、焼き鳥,,izakaya,tb,True
fukuoka/kurume,2,KOHA,フレンチ,,european,tb,True
fukuoka/kurume,3,とんやどんや 久留米一番街店,居酒屋、しゃぶしゃぶ、焼き鳥,,izakaya,tb,True
fukuoka/kurume,4,炭火焼き酒場 酉香,居酒屋、焼き鳥、海鮮,,izakaya,tb,True
fukuoka/kurume,5,肉酒場YOLO,ダイニングバー、ステーキ、居酒屋,,izakaya,tb,True
fukuoka/kurume,6,旬魚馬菜 憲五百,居酒屋、海鮮、馬肉料理,,izakaya,tb,True
fukuoka/kurume,7,炭火ノ串や。ニューハカタスタイル 西鉄久留米駅前店,居酒屋、串焼き、焼き鳥,,izakaya,tb,True
fukuoka/kurume,8,かすり屋,居酒屋、鍋、しゃぶしゃぶ,,izakaya,tb,True
fukuoka/kurume,9,居心地酒房 我楽,居酒屋、もつ鍋、中華料理,,izakaya,tb,True
fukuoka/kurume,10,タベルナ石,イタリアン、パスタ、ダイニングバー,,european,tb,True
fukuoka/kurume,11,佐蔵,焼肉、すき焼き、しゃぶしゃぶ,,meat,tb,True
fukuoka/kurume,12,わらびの森,日本料理,,japanese,tb,True
fukuoka/kurume,13,櫻舞,居酒屋、串揚げ、海鮮,,izakaya,tb,True
fukuoka/kurume,14,風来坊 櫛原店,居酒屋、焼き鳥、手羽先,,izakaya,tb,True
fukuoka/kurume,15,居酒屋 HITOKUCHI,居酒屋、焼き鳥、餃子,,izakaya,tb,True
fukuoka/kurume,16,炭火焼肉 絆繁,焼肉、ホルモン、居酒屋,,meat,tb,True
fukuoka/kurume,17,海専　松魚,居酒屋、海鮮,,izakaya,tb,True
fukuoka/kurume,18,まんまる,居酒屋、焼き鳥、餃子,,izakaya,tb,True
fukuoka/kurume,19,久留米焼鳥 つかさ,居酒屋、焼き鳥、もつ鍋,,izakaya,tb,True
fukuoka/kurume,20,個室完備 大衆とり酒場 とりいちず 久留米店,居酒屋、焼き鳥、水炊き,,izakaya,tb,True
fukuoka/kurume,21,炭々苑,焼肉、焼き鳥、韓国料理,,meat,tb,True
fukuoka/kurume,22,Mano a Mano,タコス,,other,none,False
fukuoka/kurume,23,鶏ト飯トリヒロ,居酒屋、焼き鳥、鳥料理,,izakaya,tb,True
fukuoka/kurume,24,炭火 酒蔵 喜多,居酒屋、海鮮、ろばた焼き,,izakaya,tb,True
fukuoka/kurume,25,とり四季,居酒屋、焼き鳥、海鮮,,izakaya,tb,True
fukuoka/kurume,26,魚肉菜 座頭 道安,海鮮、焼き鳥、居酒屋,,seafood,tb,True
fukuoka/kurume,27,創造とんかつ 旬菜料理 藤,とんかつ、ステーキ、居酒屋,,meat,tb,True
fukuoka/kurume,28,とっとっと酒場 もものすけ,居酒屋、海鮮、焼き鳥,,izakaya,tb,True
fukuoka/kurume,29,くいもの屋わん 西鉄久留米駅前店,居酒屋、日本料理、海鮮,,izakaya,tb,True
fukuoka/kurume,30,もつ鍋佐藤,居酒屋、もつ鍋、焼き鳥,,izakaya,tb,True
fukuoka/kurume,31,そじ坊 ゆめタウン久留米店,そば、居酒屋,,noodles,tb,True
fukuoka/kurume,32,和だん,居酒屋、海鮮、創作料理,,izakaya,tb,True
fukuoka/kurume,33,和処 まる吉,居酒屋、海鮮、焼き鳥,,izakaya,tb,True
fukuoka/kurume,34,やきとり ぜん 諏訪野店,焼き鳥、居酒屋、もつ鍋,,meat,tb,True
fukuoka/kurume,35,カルビ横丁,焼肉、居酒屋、馬肉料理,,meat,tb,True
fukuoka/kurume,36,ワンカルビ 久留米上津店,焼肉,,meat,tb,True
fukuoka/kurume,37,炭火焼肉 GrillParty 久留米店,焼肉,,meat,tb,True
fukuoka/kurume,38,串カツ田中 西鉄久留米店,串揚げ、居酒屋、うどん,,japanese,tb,True
fukuoka/kurume,39,愛酒場 楽㐂-LUCKY-,居酒屋、焼き鳥、海鮮,,izakaya,tb,True
fukuoka/kurume,40,割烹にしみ,居酒屋、日本料理、海鮮,,izakaya,tb,True
fukuoka/kurume,41,九里坊 西鉄久留米駅前店,居酒屋、もつ鍋、海鮮,,izakaya,tb,True
fukuoka/kurume,42,to do it.,イタリアン、ピザ,,european,tb,True
fukuoka/kurume,43,141酒店,ワインバー、日本酒バー、立ち飲み,,izakaya,tb,True
fukuoka/kurume,44,TACO HOLIC,メキシコ料理、タコス,,other,none,False
fukuoka/kurume,45,丸秀鮮魚店 久留米店,海鮮、寿司、居酒屋,,seafood,tb,True
fukuoka/kurume,46,通町 接吻,居酒屋、海鮮、しゃぶしゃぶ,,izakaya,tb,True
fukuoka/kurume,47,赤身焼肉 百レン,焼肉,,meat,tb,True
fukuoka/kurume,48,SouL in SeouL,韓国料理、居酒屋、鍋,,chinese,tb,True
fukuoka/kurume,49,清流うなぎ 月島 総本店,うなぎ、居酒屋、バー,,seafood,tb,True
fukuoka/kurume,50,居酒屋 煙舞,居酒屋、焼き鳥,,izakaya,tb,True
fukuoka/kurume,51,italiano h,イタリアン,,european,tb,True
fukuoka/kurume,52,ピッツェリア アメニータ,ピザ、イタリアン、パスタ,,european,tb,True
fukuoka/kurume,53,酒と饂飩 こなから,日本料理、うどん、寿司,,japanese,tb,True
fukuoka/kurume,54,焼肉 銀しゃり 直球 カルビ 久留米店,焼肉、カレー,,meat,tb,True
fukuoka/kurume,55,Small Dining 酒肴竹馬,居酒屋,,izakaya,tb,True
fukuoka/kurume,56,アスカ,焼肉、ホルモン、居酒屋,,meat,tb,True
fukuoka/kurume,57,炭火焼き ひとてま,鳥料理、焼き鳥、居酒屋,,meat,tb,False
fukuoka/kurume,58,ワインバルCP,イタリアン、パスタ、ピザ,,european,tb,True
fukuoka/kurume,59,シエ・ワシズ,フレンチ、イタリアン、ステーキ,,european,tb,True
fukuoka/kurume,60,和洋/創作酒場 晩餐,居酒屋、ダイニングバー、洋食,,izakaya,tb,True
fukuoka/kurume,61,Tomimatsunagiya,,Japanese;Japanese - Other ,japanese,ta,True
fukuoka/kurume,62,Maruboshi Ramen,,Asian,chinese,ta,True
fukuoka/kurume,63,Taihoramen,,,other,none,False
fukuoka/kurume,64,Ume No Hana Kurume,,Japanese;Japanese - Traditional Cuisine;Kaiseki,japanese,ta,True
fukuoka/kurume,65,La Restaurant du Haze,,Healthy,other,none,False
fukuoka/kurume,66,Kagetsu Syokudo,,Japanese;International;Japanese - Other ,japanese,ta,True
fukuoka/kurume,67,Raifukuken,,Asian,chinese,ta,True
fukuoka/kurume,68,Yakitori Darumuya,,Japanese;Seafood,seafood,ta,True
fukuoka/kurume,69,Hiyoshimaru,,Japanese;Japanese - Other ,japanese,ta,True
fukuoka/kurume,70,Koro,,Italian,european,ta,True
fukuoka/kurume,71,Tachibana Udon,,Japanese;Japanese - Other ,japanese,ta,True
fukuoka/miyako,1,うどんの真之介,うどん,,noodles,tb,True
fukuoka/miyako,2,フルーツ工房 えふ,洋食、カフェ,,european,tb,True
fukuoka/miyako,3,ラーメンの横綱勝山,ラーメン,,noodles,tb,True
fukuoka/miyako,4,丸亀 本店,うどん、そば、丼,,noodles,tb,True
fukuoka/miyako,5,藪,うどん、そば、親子丼,,noodles,tb,True
fukuoka/miyako,6,塩 SOBA さくら亭,ラーメン,,noodles,tb,True
fukuoka/miyako,7,森のキッチン,食堂、弁当、居酒屋,,casual,tb,True
fukuoka/miyako,8,Antique&Cafe Annola,カフェ,,cafe,tb,True
fukuoka/miyako,9,花げしき,ケーキ,,sweets,tb,True
fukuoka/miyako,10,旬犀庵,うどん、天ぷら,,noodles,tb,True
fukuoka/miyako,11,花いちもんめ,日本料理,,japanese,tb,True
fukuoka/miyako,12,肉うどん いのうえ 勝山店,うどん、そば,,noodles,tb,True
fukuoka/miyako,13,まっちゃんうどん,うどん、そば,,noodles,tb,True
fukuoka/miyako,14,銀寿し 豊津店,寿司、日本料理,,seafood,tb,True
fukuoka/miyako,15,LITTLE APARTMENT,コーヒースタンド、かき氷,,cafe,tb,True
fukuoka/miyako,16,アブタール みやこ店,インド料理,,curry,tb,True
fukuoka/miyako,17,隠国の食 伊良原,そば、丼、郷土料理,,noodles,tb,True
fukuoka/miyako,18,みち草,お好み焼き、食堂、カレー,,casual,tb,True
fukuoka/miyako,19,いのうえいちご strawberrykitchen,カフェ,,cafe,tb,True
fukuoka/miyako,20,そらのたね,食堂,,casual,tb,True
fukuoka/miyako,21,中国喫茶館 藍村,カフェ,,cafe,tb,True
fukuoka/miyako,22,みやこのくに,カフェ,,cafe,tb,True
fukuoka/miyako,23,Kitchen Garden COR,カフェ,,cafe,tb,True
fukuoka/miyako,24,鶏福,鳥料理、日本料理、からあげ,,japanese,tb,False
fukuoka/miyako,25,大黒家,弁当,,casual,tb,True
fukuoka/miyako,26,京都カントリー倶楽部×BUDOUNOKI,レストラン,,other,none,False
fukuoka/miyako,27,なないろテラス,カフェ,,cafe,tb,True
fukuoka/miyako,28,八雲亭,海鮮、食堂、弁当,,seafood,tb,True
fukuoka/miyako,29,お弁当屋さん 平吉,弁当,,casual,tb,True
fukuoka/miyako,30,町中華 笑びす屋,中華料理,,chinese,tb,True
fukuoka/miyako,31,石窯pizza カパリリ,ピザ、ケーキ、ビアバー,,european,tb,True
fukuoka/miyako,32,お食事と茶房とギャラリ－のかりんかん,レストラン,,other,none,False
fukuoka/miyako,33,勝山御所カントリークラブ レストラン,レストラン,,other,none,False
fukuoka/miyako,34,菓子工房KEiKi.,スイーツ,,sweets,tb,True
fukuoka/miyako,35,アンジュール,カフェ,,cafe,tb,True
fukuoka/miyako,36,Fruttare,スイーツ、ケーキ、ジェラート・アイスクリーム,,sweets,tb,True
fukuoka/miyako,37,カフェ セゾン,カフェ,,cafe,tb,True
fukuoka/miyako,38,古民家スタジオカフェ おた福,カフェ、居酒屋,,cafe,tb,True
fukuoka/miyako,39,いのうえ いちご,その他,,other,none,False
fukuoka/miyako,40,洋菓子工房こふれ,ケーキ,,sweets,tb,True
fukuoka/miyako,41,食工房 神楽,フレンチ,,european,tb,True
fukuoka/miyako,42,ずぼら寿し,寿司、居酒屋、ダイニングバー,,seafood,tb,True
fukuoka/miyako,43,チェリーゴルフクラブ小倉南コース レストラン,レストラン,,other,none,False
fukuoka/miyako,44,木犀花,カフェ,,cafe,tb,True
fukuoka/miyako,45,今日cafe,カフェ、弁当,,cafe,tb,True
fukuoka/miyako,46,みやこ町 国府の郷,その他,,other,none,False
fukuoka/miyako,47,山八,日本料理,,japanese,tb,True
fukuoka/miyako,48,手打ち蕎麦 たか槻,そば,,noodles,tb,True
fukuoka/miyako,49,Cafe&Bar TEKTON,カフェ、バー,,cafe,tb,True
fukuoka/miyako,50,セブンイレブン みやこ町役場前店,コンビニ・スーパー,,daily,tb,True
fukuoka/miyako,51,M’S,カフェ,,cafe,tb,True
fukuoka/miyako,52,惣菜屋やまちゃん,弁当、惣菜・デリ,,casual,tb,True
fukuoka/miyako,53,セブンイレブン 勝山黒田店,コンビニ・スーパー,,daily,tb,True
fukuoka/miyako,54,からあげ 季楽,からあげ、弁当,,meat,tb,True
fukuoka/miyako,55,プチパン,パン,,sweets,tb,True
fukuoka/miyako,56,からあげ唐空,からあげ,,meat,tb,True
fukuoka/miyako,57,特牛,焼肉,,meat,tb,True
fukuoka/miyako,58,茶房 雪月花,郷土料理,,japanese,tb,True
fukuoka/miyako,59,お好み焼き おがた,お好み焼き,,casual,tb,True
fukuoka/miyako,60,ほっともっと みやこ豊津店,弁当,,casual,tb,True
fukuoka/miyako,61,麦の穂,カフェ,,cafe,tb,True
fukuoka/miyako,62,ラヴィアンローズ,カフェ、パン、ケーキ,,cafe,tb,True
fukuoka/miyako,63,よってこ四季犀館,その他,,other,none,False
fukuoka/miyako,64,ジェニモ 本店,パン,,sweets,tb,True
fukuoka/miyako,65,仕出し　かわかみ,日本料理,,japanese,tb,True
fukuoka/miyako,66,豊津の荘,その他,,other,none,False
fukuoka/miyako,67,ほっともっと みやこ勝山店,弁当,,casual,tb,True
fukuoka/miyako,68,束屋,洋菓子,,sweets,tb,True
fukuoka/miyako,69,ロワ,パン,,sweets,tb,True
fukuoka/miyako,70,デイリーヤマザキ 福岡犀川店,コンビニ・スーパー,,daily,tb,True
fukuoka/miyako,71,カフェ ランタン,カフェ,,cafe,tb,True
fukuoka/miyako,72,けもの料理 地獄のひさべえ,居酒屋、鍋,,izakaya,tb,True
fukuoka/miyako,73,達磨さん,居酒屋、弁当,,izakaya,tb,True
fukuoka/miyako,74,林龍平酒造場,その他,,other,none,False
fukuoka/miyako,75,OSTERIA CANTERA,イタリアン,,european,tb,True
fukuoka/miyako,76,味工房ひさつね,弁当,,casual,tb,True
fukuoka/miyako,77,ユータウン,喫茶店,,cafe,tb,True
fukuoka/miyako,78,ふじ,焼き鳥,,meat,tb,True
fukuoka/miyako,79,瓢鰻亭・ひまわりこども,喫茶店,,cafe,tb,True
fukuoka/miyako,80,だるま食堂,食堂,,casual,tb,True
fukuoka/miyako,81,Yakiniku Reataurant Gyutoku,,Barbecue,meat,ta,True
fukuoka/miyako,82,Hana Ichimomme,,Japanese;Japanese - Other ,japanese,ta,True
fukuoka/miyako,83,Ramen No Yokozuna Shouzan,,,other,none,False
fukuoka/miyako,84,Fruit Factory Emi,,,other,none,False
fukuoka/miyako,85,Sushi Dokoro Sakita Katsuyama Main Store,,Sushi,seafood,ta,True
fukuoka/miyako,86,Marugame Seimen Main Shop,,Japanese;Japanese - Other ,japanese,ta,True
fukuoka/miyako,87,Ginzushi Toyotsu,,Japanese;Seafood;Sushi,seafood,ta,True
fukuoka/miyako,88,Fukuya,,Japanese;Japanese - Traditional Cuisine,japanese,ta,True
fukuoka/miyako,89,Joyfull,,International,other,none,False
fukuoka/miyako,90,Yakiniku Toraya,,Barbecue,meat,ta,True
fukuoka/miyako,91,Kyoto Sweet Sha,,,other,none,False
fukuoka/miyako,92,Tofu Restaurant Yamahachi,,Japanese;Japanese - Traditional Cuisine,japanese,ta,True
fukuoka/miyako,93,Fuji,,Japanese,japanese,ta,True
fukuoka/miyako,94,Karaoke House Chie,,International,other,none,False
fukuoka/miyako,95,Arima,,Japanese;International;Japanese - Other ,japanese,ta,True
fukuoka/miyako,96,Okonomiyaki Ogata,,Japanese;Japanese - Other ,japanese,ta,True
fukuoka/miyako,97,Hotto Motto Miyako Katsuyama,,Japanese,japanese,ta,True
fukuoka/miyako,98,Kagura,,French,european,ta,True
fukuoka/miyako,99,Jidori Ryori Kyoto,,Japanese;Sushi,seafood,ta,True
fukuoka/miyako,100,Hisabee,,Japanese;International;Japanese - Other ,japanese,ta,True
fukuoka/miyako,101,Okashi No Riziere,,,other,none,False
fukuoka/miyako,102,Karaoke Sandawara,,International,other,none,False
fukuoka/miyako,103,Fuji No Takoyaki,,Japanese;Japanese - Other ,japanese,ta,True
fukuoka/miyako,104,Daikokuya,,,other,none,False
fukuoka/miyako,105,Kanenonaruoka,,Cafe,cafe,ta,True
fukuoka/miyako,106,Michikusa,,Japanese;Japanese - Other ,japanese,ta,True
fukuoka/miyako,107,Dekitate Miyakomaiomusubiya,,Japanese,japanese,ta,True
fukuoka/miyako,108,Forest Restaurant,,,other,none,False
fukuoka/miyako,109,Midori No Yakata,,Japanese;International,japanese,ta,True
fukuoka/miyako,110,Hyomante Himawari Kodomo,,Cafe,cafe,ta,True
fukuoka/miyako,111,Edible Garden,,,other,none,False
fukuoka/miyako,112,Karaoke Fantasy,,International,other,none,False
fukuoka/miyako,113,Daruma Shokudo,,Japanese;International;Japanese - Other ,japanese,ta,True
fukuoka/miyako,114,Daruma San,,Japanese;Izakaya (Japanese Style Tavern),izakaya,ta,True
fukuoka/miyako,115,Aoyagi,,Japanese;Sushi,seafood,ta,True
fukuoka/miyako,116,Lantern,,,other,none,False
fukuoka/miyako,117,Mugen An,,,other,none,False
fukuoka/miyako,118,Sms Fukuoka,,,other,none,False
fukuoka/miyako,119,Katsuyama Manju,,,other,none,False
fukuoka/miyako,120,Pastry Coffret,,,other,none,False
fukuoka/miyama,1,花屋にCafe 貴咲,カフェ,,cafe,tb,True
fukuoka/miyama,2,白山亭 みやま店,その他,,other,none,False
fukuoka/miyama,3,レストランポテト,レストラン、ハンバーグ、ステーキ,,meat,tb,False
fukuoka/miyama,4,Hanako's,カレー,,curry,tb,True
fukuoka/miyama,5,八ちゃん堂 本社及び山川工場,たこ焼き、スイーツ,,casual,tb,True
fukuoka/miyama,6,日本料理 清水山荘,日本料理、食堂、うどん,,japanese,tb,True
fukuoka/miyama,7,みやま食堂,うどん、ラーメン、カフェ,,noodles,tb,True
fukuoka/miyama,8,くいしん坊,食堂、丼、ラーメン,,casual,tb,True
fukuoka/miyama,9,米粉専門工房 FLOUR,スイーツ,,sweets,tb,True
fukuoka/miyama,10,朝のご飯 まるこ,日本料理,,japanese,tb,True
fukuoka/miyama,11,坂本食品工業所,その他,,other,none,False
fukuoka/miyama,12,源太,居酒屋,,izakaya,tb,True
fukuoka/miyama,13,福岡サンレイクゴルフクラブ,食堂,,casual,tb,True
fukuoka/miyama,14,花橘,鳥料理,,other,none,False
fukuoka/miyama,15,SUPPEN,サンドイッチ,,sweets,tb,True
fukuoka/miyama,16,モテナス 山川パーキングエリア（下り）ショッピングコーナー,その他,,other,none,False
fukuoka/miyama,17,田中羊羹本舗,和菓子、カフェ,,sweets,tb,True
fukuoka/miyama,18,海川,寿司、日本料理,,seafood,tb,True
fukuoka/miyama,19,とり心,からあげ、惣菜・デリ,,meat,tb,True
fukuoka/miyama,20,Nife.,パン,,sweets,tb,True
fukuoka/miyama,21,LAWSON 瀬高山門店,コンビニ・スーパー,,daily,tb,True
fukuoka/miyama,22,岩永源蔵本店,惣菜・デリ,,casual,tb,True
fukuoka/miyama,23,お蕎麦 なな草,そば、日本料理、天ぷら,,noodles,tb,True
fukuoka/miyama,24,LAWSON 瀬高下庄店,コンビニ・スーパー,,daily,tb,True
fukuoka/miyama,25,天狗寿司,寿司,,seafood,tb,True
fukuoka/miyama,26,坊ちゃん,焼肉,,meat,tb,True
fukuoka/miyama,27,みどり屋菓子舗,和菓子,,sweets,tb,True
fukuoka/miyama,28,LAWSON 瀬高バイパス店,コンビニ・スーパー,,daily,tb,True
fukuoka/miyama,29,まつしまや,日本料理,,japanese,tb,True
fukuoka/miyama,30,ふぉれすときゃっと,ケーキ,,sweets,tb,True
fukuoka/miyama,31,花園本館,うなぎ,,seafood,tb,True
fukuoka/miyama,32,里沙の店,カフェ、ハンバーグ,,cafe,tb,True
fukuoka/miyama,33,Feuille cafe,カフェ,,cafe,tb,True
fukuoka/miyama,34,とんかつ紅の豚,とんかつ、串揚げ,,meat,tb,True
fukuoka/miyama,35,パフェテリア ジュウェル,フルーツパーラー、カフェ、ジェラート・アイスクリーム,,cafe,tb,False
fukuoka/miyama,36,LAWSON 瀬高吉井店,コンビニ・スーパー,,daily,tb,True
fukuoka/miyama,37,カフェレストラン 暖,洋食、カフェ,,european,tb,True
fukuoka/miyama,38,ほっかまん,肉まん、和菓子,,sweets,tb,False
fukuoka/miyama,39,やぶれ傘,居酒屋,,izakaya,tb,True
fukuoka/miyama,40,焼鳥とり博,焼き鳥,,meat,tb,True
fukuoka/miyama,41,居酒屋政,焼き鳥,,meat,tb,True
fukuoka/miyama,42,お食事処 なかはら,そば,,noodles,tb,True
fukuoka/miyama,43,ベジタブル クリーム,スイーツ,,sweets,tb,True
fukuoka/miyama,44,炭焼・鉄板ダイニング あるじ家,居酒屋、焼き鳥、海鮮,,izakaya,tb,True
fukuoka/miyama,45,焼肉ソウル,焼肉,,meat,tb,True
fukuoka/miyama,46,余韻,居酒屋、食堂、麺類,,izakaya,tb,True
fukuoka/miyama,47,いなほ焼き,たい焼き・大判焼き,,sweets,tb,True
fukuoka/miyama,48,みやまカフェSPON,オーガニック,,other,none,False
fukuoka/miyama,49,茶房みもざ,カフェ、喫茶店,,cafe,tb,True
fukuoka/miyama,50,台湾料理 鑫鑫,台湾料理,,chinese,tb,True
fukuoka/miyama,51,火の国,居酒屋、食堂,,izakaya,tb,True
fukuoka/miyama,52,大力うどん,うどん、そば,,noodles,tb,True
fukuoka/miyama,53,ブラームスイシイブレッド 高田店,パン,,sweets,tb,True
fukuoka/miyama,54,花より団ご,居酒屋、焼き鳥、鉄板焼き,,izakaya,tb,True
fukuoka/miyama,55,クラシック６,レストラン,,other,none,False
fukuoka/miyama,56,喜よし食堂,ちゃんぽん、うどん、そば,,noodles,tb,True
fukuoka/miyama,57,ルノワルユースホステル,ホテル,,other,none,False
fukuoka/miyama,58,焼きたてパン ハニーベル,パン,,sweets,tb,True
fukuoka/miyama,59,かりん,喫茶店,,cafe,tb,True
fukuoka/miyama,60,Soba Saryo Momonoka,,Japanese;Japanese - Other ,japanese,ta,True
fukuoka/miyama,61,Dairiki Udon,,Japanese;Japanese - Other ,japanese,ta,True
fukuoka/miyama,62,Michino Eki Miyama,,Cafe,cafe,ta,True
fukuoka/miyama,63,Restaurant Hashi,,Japanese;Steakhouse;Pizza;Japanese Fusion,meat,ta,True
fukuoka/miyama,64,Tonkatsu Kurenai No Buta,,Japanese,japanese,ta,True
fukuoka/miyama,65,Agemon Iwanaga Michi no Eki Miyama,,Japanese,japanese,ta,True
fukuoka/miyama,66,Chocolate House Cocoro,,,sweets,desc,False
fukuoka/miyama,67,Satsuma Ramen Setaka,,,other,none,False
fukuoka/miyama,68,Takeya,,,other,none,False
fukuoka/miyama,69,Washoku Dokoro Kaisen,,Japanese;Japanese - Other ,japanese,ta,True
fukuoka/miyama,70,一升五合,,Japanese;International;Japanese - Other ,japanese,ta,True
fukuoka/miyama,71,海菜魚,,Japanese;International;Japanese - Other ,japanese,ta,True
fukuoka/miyawaka,1,本場インド料理 ルパ 宮若店,インドカレー,,curry,tb,True
fukuoka/miyawaka,2,FUKUHAKU BREWERY,ビアバー、レストラン、売店,,izakaya,tb,True
fukuoka/miyawaka,3,卵の里　 地黄卵,スイーツ、その他,,sweets,tb,True
fukuoka/miyawaka,4,雅,パン,,sweets,tb,True
fukuoka/miyawaka,5,ウッドデザインパーク 福岡宮若店,バーベキュー,,other,none,False
fukuoka/miyawaka,6,明月館,焼肉、ホルモン,,meat,tb,True
fukuoka/miyawaka,7,手打ちそば藤の木,そば,,noodles,tb,True
fukuoka/miyawaka,8,手打ち蕎麦処　禅,そば,,noodles,tb,True
fukuoka/miyawaka,9,四季彩館,その他,,other,none,False
fukuoka/miyawaka,10,竹千寿,その他,,other,none,False
fukuoka/miyawaka,11,らーめん龍太郎,ラーメン,,noodles,tb,True
fukuoka/miyawaka,12,komono,日本料理,,japanese,tb,True
fukuoka/miyawaka,13,セブンイレブン 若宮脇田店,コンビニ・スーパー,,daily,tb,True
fukuoka/miyawaka,14,むすんでひらいて ルミエール宮田店,弁当、惣菜・デリ,,casual,tb,True
fukuoka/miyawaka,15,ドライブイン みやこ,ラーメン,,noodles,tb,True
fukuoka/miyawaka,16,ザ・クラシックゴルフ倶楽部,その他,,other,none,False
fukuoka/miyawaka,17,new wakita,カフェ,,cafe,tb,True
fukuoka/miyawaka,18,大助うどん,うどん、丼,,noodles,tb,True
fukuoka/miyawaka,19,瀬川菓子舗,和菓子、ケーキ,,sweets,tb,True
fukuoka/miyawaka,20,Pont Pain,パン、サンドイッチ,,sweets,tb,True
fukuoka/miyawaka,21,かすがうどん,うどん、そば,,noodles,tb,True
fukuoka/miyawaka,22,若宮ゴルフクラブ,その他,,other,none,False
fukuoka/miyawaka,23,セブンイレブン 宮若筑前芹田店,コンビニ・スーパー,,daily,tb,True
fukuoka/miyawaka,24,洋風彩菜,居酒屋、洋食,,izakaya,tb,True
fukuoka/miyawaka,25,居酒屋あおい,居酒屋,,izakaya,tb,True
fukuoka/miyawaka,26,安兵衛,ラーメン、うどん、かつ丼,,noodles,tb,True
fukuoka/miyawaka,27,お好み焼　はる,お好み焼き、鉄板焼き,,casual,tb,True
fukuoka/miyawaka,28,豆米,パン,,sweets,tb,True
fukuoka/miyawaka,29,リバー犬鳴,カフェ、バー,,cafe,tb,True
fukuoka/miyawaka,30,炭火焼肉　げん,焼肉,,meat,tb,True
fukuoka/miyawaka,31,三季,喫茶店,,cafe,tb,True
fukuoka/miyawaka,32,源たこ,たこ焼き,,casual,tb,True
fukuoka/miyawaka,33,APIPU473,かき氷,,sweets,tb,True
fukuoka/miyawaka,34,プリンス ゴルフクラブ,その他,,other,none,False
fukuoka/miyawaka,35,福間ラーメン ろくでなし 宮若店,ラーメン,,noodles,tb,True
fukuoka/miyawaka,36,セブンイレブン 宮田本城店,コンビニ・スーパー,,daily,tb,True
fukuoka/miyawaka,37,千石屋,和菓子,,sweets,tb,True
fukuoka/miyawaka,38,レストラン花茶屋,かつ丼、食堂、日本料理,,meat,tb,True
fukuoka/miyawaka,39,余白,うどん、そば、創作料理,,noodles,tb,True
fukuoka/miyawaka,40,デセールあべおかしの国,ケーキ、和菓子,,sweets,tb,True
fukuoka/miyawaka,41,フォーノ,ピザ,,european,tb,True
fukuoka/miyawaka,42,いろは,居酒屋,,izakaya,tb,True
fukuoka/miyawaka,43,桜さくらラーメン,ラーメン,,noodles,tb,True
fukuoka/miyawaka,44,うどん 秀治,うどん,,noodles,tb,True
fukuoka/miyawaka,45,料匠 虎白,日本料理,,japanese,tb,True
fukuoka/miyawaka,46,茶〇茶,カフェ,,cafe,tb,True
fukuoka/miyawaka,47,スーパーセンター トライアル 宮田店,コンビニ・スーパー,,daily,tb,True
fukuoka/miyawaka,48,ドリームホープ若宮,その他,,other,none,False
fukuoka/miyawaka,49,うつしき,カフェ,,cafe,tb,True
fukuoka/miyawaka,50,峠のパン屋 宮若店,パン,,sweets,tb,True
fukuoka/miyawaka,51,ほっともっと 宮田店,弁当,,casual,tb,True
fukuoka/miyawaka,52,あき久,日本料理,,japanese,tb,True
fukuoka/miyawaka,53,力丸寿し,寿司、天ぷら、うどん,,seafood,tb,True
fukuoka/miyawaka,54,アル,カフェ,,cafe,tb,True
fukuoka/miyawaka,55,ジョイフル 福岡宮若店,ファミレス,,casual,tb,True
fukuoka/miyawaka,56,地鶏炭火焼 ぽっぽしゃん,鳥料理,,other,none,False
fukuoka/miyawaka,57,パティスリー ナチュール,ケーキ,,sweets,tb,True
fukuoka/miyawaka,58,たこ吉食堂,食堂、麺類,,casual,tb,True
fukuoka/miyawaka,59,マクドナルド 宮若店,ハンバーガー,,casual,tb,True
fukuoka/miyawaka,60,Groceria Wakita,,Italian,european,ta,True
fukuoka/miyawaka,61,Sanke Food Umehiko,,Japanese;Japanese - Traditional Cuisine,japanese,ta,True
fukuoka/miyawaka,62,Ajigokoro Miyoshi,,Japanese,japanese,ta,True
fukuoka/miyawaka,63,Trattoria Albero,,Italian,european,ta,True
fukuoka/miyawaka,64,ルートイングランティア 福岡宮若,,Japanese,japanese,ta,True
fukuoka/miyawaka,65,Asuka,,Japanese;Japanese - Other ,japanese,ta,True
fukuoka/miyawaka,66,Rairaiken,,,other,none,False
fukuoka/miyawaka,67,Ishokuya Ikki,,Japanese;Izakaya (Japanese Style Tavern),izakaya,ta,True
fukuoka/miyawaka,68,Wanchan Ramen,,,other,none,False
fukuoka/miyawaka,69,Indian Cuisine Rupa,,Indian,curry,ta,True
fukuoka/miyawaka,70,まとい亭,,Japanese;Japanese - Other ,japanese,ta,True
fukuoka/miyawaka,71,Beans Rice,,,other,none,False
fukuoka/mizumaki,1,焼鳥いなかもん,焼き鳥、居酒屋,,meat,tb,True
fukuoka/mizumaki,2,おんどる 本店,焼肉、すき焼き、韓国料理,,meat,tb,True
fukuoka/mizumaki,3,馳走かかしや,日本料理,,japanese,tb,True
fukuoka/mizumaki,4,パスタキッチン　ドラーゴ,パスタ、レストラン、居酒屋,,european,tb,True
fukuoka/mizumaki,5,麺屋 一期,うどん、牛丼、かつ丼,,noodles,tb,True
fukuoka/mizumaki,6,YOTSUBA GELATO,ジェラート・アイスクリーム,,sweets,tb,True
fukuoka/mizumaki,7,友禅,食堂、そば,,casual,tb,True
fukuoka/mizumaki,8,こかげ珈琲,カフェ,,cafe,tb,True
fukuoka/mizumaki,9,神社そば　村の下,そば,,noodles,tb,True
fukuoka/mizumaki,10,元祖トマトラーメンと辛めんと元祖トマトもつ鍋 三味 遠賀郡水巻みどりんぱーく店,ラーメン、もつ鍋、餃子,,noodles,tb,True
fukuoka/mizumaki,11,麺和田や×将軍,食堂、そば、丼,,casual,tb,True
fukuoka/mizumaki,12,珍洞,韓国料理,,chinese,tb,True
fukuoka/mizumaki,13,焼肉 しらかわ,焼肉、ホルモン,,meat,tb,True
fukuoka/mizumaki,14,櫻庵,うどん,,noodles,tb,True
fukuoka/mizumaki,15,たべった 本店,洋食、カレー、釜飯,,european,tb,True
fukuoka/mizumaki,16,炭火焼山之口,焼肉,,meat,tb,True
fukuoka/mizumaki,17,鉄板ダイニング ついてる,居酒屋、お好み焼き、鉄板焼き,,izakaya,tb,True
fukuoka/mizumaki,18,麦の香り 水巻店,パン,,sweets,tb,True
fukuoka/mizumaki,19,台湾料理 錦城 水巻店,台湾料理,,chinese,tb,True
fukuoka/mizumaki,20,ステーキ＆ハンバーグ ムームー,ハンバーグ、ステーキ,,meat,tb,True
fukuoka/mizumaki,21,桜香,洋食,,european,tb,True
fukuoka/mizumaki,22,永昌苑,焼肉,,meat,tb,True
fukuoka/mizumaki,23,一力寿司,寿司、海鮮、天ぷら,,seafood,tb,True
fukuoka/mizumaki,24,和洋めし よはく,日本料理,,japanese,tb,True
fukuoka/mizumaki,25,鮨　昭和,寿司,,seafood,tb,True
fukuoka/mizumaki,26,飛梅,お好み焼き,,casual,tb,True
fukuoka/mizumaki,27,グリーンコープ 水巻店,コンビニ・スーパー,,daily,tb,True
fukuoka/mizumaki,28,黄河 水巻店,中華料理、居酒屋、飲茶・点心,,chinese,tb,True
fukuoka/mizumaki,29,弥助寿司,寿司、ちゃんこ鍋、日本料理,,seafood,tb,True
fukuoka/mizumaki,30,神戸クック・ワールドビュッフェ ライフガーデン水巻店,ビュッフェ,,casual,tb,True
fukuoka/mizumaki,31,豚屋食堂 水巻町店,とんかつ,,meat,tb,True
fukuoka/mizumaki,32,くれーぷはうす とっと,クレープ・ガレット、ジェラート・アイスクリーム,,sweets,tb,True
fukuoka/mizumaki,33,魚ごころ,海鮮,,seafood,tb,True
fukuoka/mizumaki,34,HAN,韓国料理,,chinese,tb,True
fukuoka/mizumaki,35,珈琲工房 ウインドファーム＋,カフェ,,cafe,tb,True
fukuoka/mizumaki,36,ひまわり,焼肉,,meat,tb,True
fukuoka/mizumaki,37,火曜日はお休み,日本料理、創作料理、レストラン,,japanese,tb,True
fukuoka/mizumaki,38,宝来軒,ラーメン,,noodles,tb,True
fukuoka/mizumaki,39,えきのねき,立ち飲み、からあげ,,izakaya,tb,True
fukuoka/mizumaki,40,パクパク,たこ焼き,,casual,tb,True
fukuoka/mizumaki,41,ダイニングバー なごみ,居酒屋、弁当,,izakaya,tb,True
fukuoka/mizumaki,42,いえカフェ,コーヒースタンド,,cafe,tb,True
fukuoka/mizumaki,43,菓子工房 そぉら,ケーキ,,sweets,tb,True
fukuoka/mizumaki,44,パン工房 穂栄,パン,,sweets,tb,True
fukuoka/mizumaki,45,珈琲所 コメダ珈琲店 ライフガーデン水巻店,喫茶店,,cafe,tb,True
fukuoka/mizumaki,46,居酒屋　ゆたか,居酒屋,,izakaya,tb,True
fukuoka/mizumaki,47,祭太鼓,焼き鳥,,meat,tb,True
fukuoka/mizumaki,48,つばき食堂,洋食,,european,tb,True
fukuoka/mizumaki,49,さんわ唐揚げ水巻店×ゴリcafe,からあげ,,meat,tb,True
fukuoka/mizumaki,50,たかまるうどん,うどん,,noodles,tb,True
fukuoka/mizumaki,51,izumo屋 開運芋,スイーツ、焼き芋・大学芋,,sweets,tb,True
fukuoka/mizumaki,52,キッチン文,洋食,,european,tb,True
fukuoka/mizumaki,53,からあげとりいち 水巻店,からあげ,,meat,tb,True
fukuoka/mizumaki,54,cafe coba+土曜日,カフェ,,cafe,tb,True
fukuoka/mizumaki,55,韓FUll,惣菜・デリ、うどん,,casual,tb,True
fukuoka/mizumaki,56,ATC yabukouji,カフェ、ケーキ、洋菓子,,cafe,tb,True
fukuoka/mizumaki,57,ラーメンとん太 水巻店,ラーメン,,noodles,tb,True
fukuoka/mizumaki,58,ジョイフル 北九州水巻店,ファミレス,,casual,tb,True
fukuoka/mizumaki,59,東龍軒 水巻店,ラーメン,,noodles,tb,True
fukuoka/mizumaki,60,ドトールコーヒーショップ スーパービバホーム東水巻店,カフェ、喫茶店,,cafe,tb,True
fukuoka/mizumaki,61,ワンカルビ 水巻店,焼肉、ホルモン,,meat,tb,True
fukuoka/mizumaki,62,すき家 ライフガーデン水巻店,牛丼,,casual,tb,True
fukuoka/mizumaki,63,烏龍,担々麺,,noodles,tb,True
fukuoka/mizumaki,64,かど,お好み焼き,,casual,tb,True
fukuoka/mizumaki,65,ラ・ムー 水巻店,コンビニ・スーパー,,daily,tb,True
fukuoka/mizumaki,66,焼きとりやまぐちくん,焼き鳥,,meat,tb,True
fukuoka/mizumaki,67,政寿し,寿司,,seafood,tb,True
fukuoka/mizumaki,68,農産物直売所 夢工房,その他,,other,none,False
fukuoka/mizumaki,69,オーガニック カフェ ウィンドファーム,カフェ、ソフトクリーム,,cafe,tb,True
fukuoka/mizumaki,70,うまかや,居酒屋、焼き鳥、海鮮,,izakaya,tb,True
fukuoka/mizumaki,71,黄色い麦わら帽子,弁当、食堂、おにぎり,,casual,tb,True
fukuoka/mizumaki,72,ほっともっと 水巻吉田店,弁当,,casual,tb,True
fukuoka/mizumaki,73,ほっともっと 梅ノ木店,弁当,,casual,tb,True
fukuoka/mizumaki,74,マックスバリュ 水巻店,コンビニ・スーパー,,daily,tb,True
fukuoka/mizumaki,75,宮原製菓,和菓子,,sweets,tb,True
fukuoka/mizumaki,76,ルミエール 水巻店,その他,,other,none,False
fukuoka/mizumaki,77,やきとり厨房一徳,焼き鳥,,meat,tb,True
fukuoka/mizumaki,78,ミヨシのパン,パン,,sweets,tb,True
fukuoka/mizumaki,79,Heaven's Door cafe&live bar,バー,,izakaya,tb,True
fukuoka/mizumaki,80,シェ・モア,フレンチ,,european,tb,True
fukuoka/mizumaki,81,暖,焼き鳥,,meat,tb,True
fukuoka/mizumaki,82,寿楽,焼き鳥,,meat,tb,True
fukuoka/mizumaki,83,cafe 373,カフェ,,cafe,tb,True
fukuoka/mizumaki,84,味つぼ,弁当,,casual,tb,True
fukuoka/mizumaki,85,やよい,日本料理,,japanese,tb,True
fukuoka/mizumaki,86,n.o.n,洋菓子,,sweets,tb,True
fukuoka/mizumaki,87,武谷商店,喫茶店,,cafe,tb,True
fukuoka/mizumaki,88,美庵古,そば,,noodles,tb,True
fukuoka/mizumaki,89,政寿し,寿司,,seafood,tb,True
fukuoka/mizumaki,90,Orto,パスタ,,european,tb,True
fukuoka/mizumaki,91,YasumiYasumi,ケーキ、洋菓子,,sweets,tb,True
fukuoka/mizumaki,92,ごんちゃん,焼き鳥,,meat,tb,True
fukuoka/mizumaki,93,金剛園,焼肉,,meat,tb,True
fukuoka/mizumaki,94,スーパーセンター トライアル 東水巻店,コンビニ・スーパー,,daily,tb,True
fukuoka/mizumaki,95,わかば,日本料理,,japanese,tb,True
fukuoka/mizumaki,96,この道,食堂,,casual,tb,True
fukuoka/mizumaki,97,子麦お好み焼,お好み焼き,,casual,tb,True
fukuoka/mizumaki,98,焼鳥どん,焼き鳥,,meat,tb,True
fukuoka/mizumaki,99,福寿し,寿司,,seafood,tb,True
fukuoka/mizumaki,100,喜楽,居酒屋、串焼き,,izakaya,tb,True
fukuoka/mizumaki,101,やきとりかっちゃんワネ,焼き鳥,,meat,tb,True
fukuoka/mizumaki,102,焼肉ワタナベ,焼肉,,meat,tb,True
fukuoka/mizumaki,103,からあげ 鳥鳥,からあげ、弁当,,meat,tb,True
fukuoka/mizumaki,104,Pasta Kitchen Drago,,Italian,european,ta,True
fukuoka/mizumaki,105,Kobe Cook World Buffet Life Garden Mizumaki,,,other,none,False
fukuoka/mizumaki,106,Steak Hamburg Moo Moo,,,other,none,False
fukuoka/mizumaki,107,Family Restaurant Tabetta,,International,other,none,False
fukuoka/mizumaki,108,Ikusanokimi,,Japanese;International;Japanese - Other ,japanese,ta,True
fukuoka/mizumaki,109,Yamagoyatakasu,,,other,none,False
fukuoka/mizumaki,110,Shoya,,Japanese,japanese,ta,True
fukuoka/mizumaki,111,Menkatsu Mizumaki,,Japanese;Japanese - Other ,japanese,ta,True
fukuoka/mizumaki,112,Restaurant Chez Moi,,French,european,ta,True
fukuoka/mizumaki,113,Ginjo Mizumaki,,Chinese;Asian;Taiwanese,chinese,ta,True
fukuoka/mizumaki,114,Horaiken,,,other,none,False
fukuoka/mizumaki,115,Toryuken Mizumaki,,,other,none,False
fukuoka/mizumaki,116,Fuku Sushi,,Japanese;Seafood;Sushi;Japanese - Other ,seafood,ta,True
fukuoka/mizumaki,117,Shunsai Ryoori Kayoobi Wa Oyasumi,,,other,none,False
fukuoka/mizumaki,118,Naniwa Mizumaki,,Japanese,japanese,ta,True
fukuoka/mizumaki,119,Yakiniku Raiga,,Barbecue,meat,ta,True
fukuoka/mizumaki,120,Sukiya Life Garden Mizumaki,,,other,none,False
fukuoka/mizumaki,121,Kibarashi,,Japanese;Japanese - Other ,japanese,ta,True
fukuoka/mizumaki,122,Kakuuchi Izakaya Kibun,,Japanese;Izakaya (Japanese Style Tavern),izakaya,ta,True
fukuoka/mizumaki,123,Tenshin Ramen Mizumaki,,Asian,chinese,ta,True
fukuoka/mizumaki,124,Masazushi,,Japanese;Seafood;Sushi;Japanese - Other ,seafood,ta,True
fukuoka/mizumaki,125,Heart Dininig Room,,Japanese;International;Japanese - Other ,japanese,ta,True
fukuoka/mizumaki,126,Yukisada,,Japanese;Kappo,japanese,ta,True
fukuoka/mizumaki,127,Tamagawa Zushi,,Sushi,seafood,ta,True
fukuoka/mizumaki,128,Crepecafe Laterre,,Cafe,cafe,ta,True
fukuoka/mizumaki,129,Marifaim Lapin,,International;Fusion,other,none,False
fukuoka/mizumaki,130,Takenoko,,Japanese,japanese,ta,True
fukuoka/mizumaki,131,Nashika Ramenonga,,,other,none,False
fukuoka/mizumaki,132,Juraku,,Japanese;Izakaya (Japanese Style Tavern),izakaya,ta,True
fukuoka/mizumaki,133,Shinobu,,Japanese;Sushi;Izakaya (Japanese Style Tavern),seafood,ta,True
fukuoka/mizumaki,134,Izakaya Toto,,Japanese;Izakaya (Japanese Style Tavern),izakaya,ta,True
fukuoka/mizumaki,135,Izakaya Sho,,Japanese;Izakaya (Japanese Style Tavern),izakaya,ta,True
fukuoka/mizumaki,136,Hanayori Dango,,Japanese,japanese,ta,True
fukuoka/mizumaki,137,Yakiniku Keishuen,,Japanese,japanese,ta,True
fukuoka/mizumaki,138,Shino,,Japanese,japanese,ta,True
fukuoka/mizumaki,139,Domdom Hamburger Mizumaki,,,other,none,False
fukuoka/mizumaki,140,Nampodon,,,other,none,False
fukuoka/mizumaki,141,Karaoke Studio Friends,,International,other,none,False
fukuoka/mizumaki,142,Abashi Curry Grand Mall Mizumaki,,,other,none,False
fukuoka/mizumaki,143,Yakinikuzakaya Gyusakura Mizumaki,,,other,none,False
fukuoka/mizumaki,144,Koga,,,other,none,False
fukuoka/munakata,1,串カツ田中 宗像店,串揚げ、居酒屋、うどん,,japanese,tb,True
fukuoka/munakata,2,すし居酒屋 政,海鮮、居酒屋,,seafood,tb,True
fukuoka/munakata,3,や台ずし 赤間駅北口町,居酒屋、寿司、海鮮,,izakaya,tb,True
fukuoka/munakata,4,和ごころ 宗像,居酒屋、日本料理、海鮮,,izakaya,tb,True
fukuoka/munakata,5,彩,居酒屋、日本料理、海鮮,,izakaya,tb,True
fukuoka/munakata,6,魚屋三代目 鯔背,海鮮、居酒屋、日本酒バー,,seafood,tb,True
fukuoka/munakata,7,鰻の成瀬  宗像東郷店,うなぎ,,seafood,tb,True
fukuoka/munakata,8,串揚げ さいの芽,串揚げ,,japanese,tb,True
fukuoka/munakata,9,あかま三閣,居酒屋,,izakaya,tb,True
fukuoka/munakata,10,とんこや 宗像店,海鮮、居酒屋、日本酒バー,,seafood,tb,True
fukuoka/munakata,11,ビストロ・イル・ブッフ,ビストロ、居酒屋、洋食,,european,tb,True
fukuoka/munakata,12,宗像ホルモン,焼肉、ホルモン、居酒屋,,meat,tb,True
fukuoka/munakata,13,とろけるハンバーグ福よし 福岡宗像店,ハンバーグ,,meat,tb,True
fukuoka/munakata,14,やきにく飛牛 宗像店,焼肉,,meat,tb,True
fukuoka/munakata,15,大衆焼肉 かの助,焼肉,,meat,tb,True
fukuoka/munakata,16,本格インド料理 MINA 宗像店,インド料理、インドカレー,,curry,tb,True
fukuoka/munakata,17,宗かた屋,鳥料理、しゃぶしゃぶ、居酒屋,,meat,tb,False
fukuoka/munakata,18,マリン馬,ピザ、洋食,,european,tb,True
fukuoka/munakata,19,J,バー,,izakaya,tb,True
fukuoka/munakata,20,酒と魚 Si季,居酒屋,,izakaya,tb,True
fukuoka/munakata,21,焼肉鉄板バル福,居酒屋,,izakaya,tb,True
fukuoka/munakata,22,焼鳥 一刻,居酒屋、焼き鳥、串焼き,,izakaya,tb,True
fukuoka/munakata,23,MBC野球酒場,スポーツバー,,izakaya,desc,False
fukuoka/munakata,24,MARU MARU,スリランカ料理,,other,none,False
fukuoka/munakata,25,shinamon cafe,カフェ、イタリアン、洋食,,cafe,tb,True
fukuoka/munakata,26,FRANCEYA,フレンチ、シーフード,,european,tb,True
fukuoka/munakata,27,restauran Rencontre,フレンチ,,european,tb,True
fukuoka/munakata,28,玄海 若潮丸,海鮮、日本料理,,seafood,tb,True
fukuoka/munakata,29,しゃぶしゃぶ温野菜 宗像王丸店,しゃぶしゃぶ,,meat,tb,True
fukuoka/munakata,30,寿し隆,寿司、日本料理,,seafood,tb,True
fukuoka/munakata,31,まつ勝,居酒屋、焼き鳥、もつ鍋,,izakaya,tb,True
fukuoka/munakata,32,テンカラット,バー,,izakaya,tb,True
fukuoka/munakata,33,IZBA,ロシア料理,,other,none,False
fukuoka/munakata,34,青庵もり田,日本料理,,japanese,tb,True
fukuoka/munakata,35,けのひ,パスタ,,european,tb,True
fukuoka/munakata,36,むさしや,焼肉、もつ鍋、ホルモン,,meat,tb,True
fukuoka/munakata,37,Dining Bar MIARE,居酒屋,,izakaya,tb,True
fukuoka/munakata,38,MUKUGE,韓国料理、食堂,,chinese,tb,True
fukuoka/munakata,39,よし乃deからあげ,からあげ,,meat,tb,True
fukuoka/munakata,40,ハレル,居酒屋、カフェ、パスタ,,izakaya,tb,True
fukuoka/munakata,41,寿し仲,寿司、日本料理、居酒屋,,seafood,tb,True
fukuoka/munakata,42,割烹旅館　松風荘,日本料理、料理旅館,,japanese,tb,True
fukuoka/munakata,43,PIZZACCIA,ピザ,,european,tb,True
fukuoka/munakata,44,陽庵,カフェ、ソフトクリーム,,cafe,tb,True
fukuoka/munakata,45,La Casa,洋食,,european,tb,True
fukuoka/munakata,46,のんきなごはん屋 ハッピーゴーラッキー,おにぎり,,casual,tb,True
fukuoka/munakata,47,とりや,レストラン,,other,none,False
fukuoka/munakata,48,働くカレー むなかた本店,カレー,,curry,tb,True
fukuoka/munakata,49,串焼ふみちゃん,焼き鳥,,meat,tb,True
fukuoka/munakata,50,GIVE&TAKE,カフェ、喫茶店,,cafe,tb,True
fukuoka/munakata,51,唐コロ屋 宗像店,弁当、揚げ物,,casual,tb,True
fukuoka/munakata,52,活魚村　海彦,海鮮、居酒屋、海鮮丼,,seafood,tb,True
fukuoka/munakata,53,ナカマル醤油醸造元,その他,,other,none,False
fukuoka/munakata,54,もち吉 くりえいと宗像店,和菓子,,sweets,tb,True
fukuoka/munakata,55,岩磯,居酒屋,,izakaya,tb,True
fukuoka/munakata,56,末広,寿司、海鮮、日本料理,,seafood,tb,True
fukuoka/munakata,57,ビストロカフェ＆デリ NecoDeco,ビストロ、カフェ,,european,tb,True
fukuoka/munakata,58,ロココ,カフェ,,cafe,tb,True
fukuoka/munakata,59,TACOS DON CHUY,タコス,,other,none,False
fukuoka/munakata,60,六七商店,カフェ,,cafe,tb,True
fukuoka/munakata,61,Genkai Wakashiomaru,,Japanese;Seafood;Japanese - Other ,seafood,ta,True
fukuoka/munakata,62,Tatsu,,Seafood,seafood,ta,True
fukuoka/munakata,63,Shunsai Creative Buffet Roan Munakata,,European,european,ta,True
fukuoka/munakata,64,Ofukuro Shokudo Hamayu,,Japanese,japanese,ta,True
fukuoka/munakata,65,Yahiro,,Japanese,japanese,ta,True
fukuoka/munakata,66,Mikatsukian,,,other,none,False
fukuoka/munakata,67,Onjuku Hanawarabi,,Japanese,japanese,ta,True
fukuoka/munakata,68,Tonkatsu Hamakatsu Fukuoka Munakata,,Japanese,japanese,ta,True
fukuoka/munakata,69,Franceya,,French;Seafood;Healthy;Wine Bar;Kyushu cuisine,seafood,ta,True
fukuoka/munakata,70,Miare,,Japanese,japanese,ta,True
fukuoka/munakata,71,Ajidokoro Hamaotome,,Japanese,japanese,ta,True
fukuoka/nakagawashi,1,串揚げ串和,居酒屋、串揚げ、食堂,,izakaya,tb,True
fukuoka/nakagawashi,2,魚民 博多南駅前店,居酒屋、海鮮、創作料理,,izakaya,tb,True
fukuoka/nakagawashi,3,居酒屋 AJITO,居酒屋、鳥料理、もつ鍋,,izakaya,tb,True
fukuoka/nakagawashi,4,らーめん屋 鳳凛 那珂川店,ラーメン、餃子、居酒屋,,noodles,tb,True
fukuoka/nakagawashi,5,焼肉 いったん,焼肉,,meat,tb,True
fukuoka/nakagawashi,6,居酒家ダイニング HANA 那珂川,居酒屋、肉料理、ステーキ,,izakaya,tb,True
fukuoka/nakagawashi,7,La cucina piemontese da Beppe,イタリアン,,european,tb,True
fukuoka/nakagawashi,8,居酒屋悟空,居酒屋、焼き鳥,,izakaya,tb,True
fukuoka/nakagawashi,9,キステイ,イタリアン、洋食、ダイニングバー,,european,tb,True
fukuoka/nakagawashi,10,クローバー,カフェ、ケーキ、スイーツ,,cafe,tb,True
fukuoka/nakagawashi,11,ごはんや美菜月,洋食,,european,tb,True
fukuoka/nakagawashi,12,花と珈琲 ホキ,カフェ,,cafe,tb,True
fukuoka/nakagawashi,13,ツツミ,喫茶店,,cafe,tb,True
fukuoka/nakagawashi,14,かわせみの里,オーガニック,,other,none,False
fukuoka/nakagawashi,15,ジョイフル 那珂川片縄店,ファミレス,,casual,tb,True
fukuoka/nakagawashi,16,フランス菓子チクシヤ,ケーキ、パン,,sweets,tb,True
fukuoka/nakagawashi,17,呑み処 さよか,居酒屋,,izakaya,tb,True
fukuoka/nakagawashi,18,京都伊三郎製ぱん JB那珂川店,パン,,sweets,tb,True
fukuoka/nakagawashi,19,ありす食堂,食堂、からあげ,,casual,tb,True
fukuoka/nakagawashi,20,花かご,日本料理,,japanese,tb,True
fukuoka/nakagawashi,21,パンプラス 福岡店,パン,,sweets,tb,True
fukuoka/nakagawashi,22,ミリカフェ,カフェ,,cafe,tb,True
fukuoka/nakagawashi,23,来来亭 那珂川店,ラーメン、食堂,,noodles,tb,True
fukuoka/nakagawashi,24,日本料理　美はら,日本料理、もつ鍋、郷土料理,,japanese,tb,True
fukuoka/nakagawashi,25,トレイル,カフェ、ケーキ,,cafe,tb,True
fukuoka/nakagawashi,26,ランチ&カフェ そら,カフェ,,cafe,tb,True
fukuoka/nakagawashi,27,五ヶ山アイスキャンデー,ジェラート・アイスクリーム,,sweets,tb,True
fukuoka/nakagawashi,28,ヤマト,カレー、ハンバーグ、食堂,,curry,tb,True
fukuoka/nakagawashi,29,ウエスト うどん屋那珂川南店,うどん,,noodles,tb,True
fukuoka/nakagawashi,30,ディスカウントドラッグ コスモス 博多南駅店,その他,,other,none,False
fukuoka/nakagawashi,31,パティスリー ノア,ケーキ,,sweets,tb,True
fukuoka/nakagawashi,32,オリゴ,その他、肉まん,,other,none,False
fukuoka/nakagawashi,33,もりざね,食堂、海鮮、揚げ物,,casual,tb,True
fukuoka/nakagawashi,34,ナカムラボ,ラーメン,,noodles,tb,True
fukuoka/nakagawashi,35,ほり野のカレーパン,パン,,sweets,tb,True
fukuoka/nakagawashi,36,うなぎの大場,うなぎ、日本料理、郷土料理,,seafood,tb,True
fukuoka/nakagawashi,37,銀の滴,焼き鳥,,meat,tb,True
fukuoka/nakagawashi,38,nakanoshima coffee stand,カフェ、ソフトクリーム,,cafe,tb,True
fukuoka/nakagawashi,39,那珂川町役場売店,弁当、オーガニック,,casual,tb,True
fukuoka/nakagawashi,40,できたて!コロちゃんそうざい店,惣菜・デリ,,casual,tb,True
fukuoka/nakagawashi,41,焼鳥 綱吉 那珂川店,焼き鳥,,meat,tb,True
fukuoka/nakagawashi,42,ひので屋 那珂川店,からあげ、カレー、弁当,,meat,tb,True
fukuoka/nakagawashi,43,カウボーイ,ステーキ,,meat,tb,True
fukuoka/nakagawashi,44,カフェ ルルン,カフェ、パン,,cafe,tb,True
fukuoka/nakagawashi,45,ナカガワミートショップ はるか,その他,,other,none,False
fukuoka/nakagawashi,46,うまてば,居酒屋、手羽先、馬肉料理,,izakaya,tb,True
fukuoka/nakagawashi,47,太郎すし,寿司,,seafood,tb,True
fukuoka/nakagawashi,48,もつ鍋居酒屋 粉屋,もつ鍋,,meat,tb,True
fukuoka/nakagawashi,49,肉のくまもと屋,その他,,other,none,False
fukuoka/nakagawashi,50,大名寿し,寿司,,seafood,tb,True
fukuoka/nakagawashi,51,居食処たらくや,居酒屋、おでん、餃子,,izakaya,tb,True
fukuoka/nakagawashi,52,チャイニーズキッチン　風梨,中華料理,,chinese,tb,True
fukuoka/nakagawashi,53,Palatino,パスタ、イタリアン、ピザ,,european,tb,True
fukuoka/nakagawashi,54,NANA CAFE,パン、カフェ,,sweets,tb,True
fukuoka/nakagawashi,55,タリーズコーヒー ゆめモール那珂川店,カフェ,,cafe,tb,True
fukuoka/nakagawashi,56,リンガーハット 福岡那珂川店,レストラン,,other,none,False
fukuoka/nakagawashi,57,居酒屋すずらん,居酒屋、もつ鍋、海鮮,,izakaya,tb,True
fukuoka/nakagawashi,58,ほっともっと 那珂川町店,弁当,,casual,tb,True
fukuoka/nakagawashi,59,ジョイフル 那珂川店,ファミレス,,casual,tb,True
fukuoka/nakagawashi,60,ピーナッティ,カフェ,,cafe,tb,True
fukuoka/nakagawashi,61,Unagi no Oba,,,other,none,False
fukuoka/nakagawashi,62,Maison Lafite,,Fusion,other,none,False
fukuoka/nakagawashi,63,Tempura Takeuchi,,Japanese,japanese,ta,True
fukuoka/nakagawashi,64,Aozora Shokudo Nakagawa Honten,,Japanese,japanese,ta,True
fukuoka/nakagawashi,65,Kona s Coffee Nakagawa,,Cafe,cafe,ta,True
fukuoka/nakagawashi,66,Wara No Kura Joan,,Japanese;Japanese - Other ,japanese,ta,True
fukuoka/nakagawashi,67,Aji No Nakagawa,,Japanese;Seafood;Japanese - Other ,seafood,ta,True
fukuoka/nakagawashi,68,Hakata Bikkuri Kaniya,,Japanese;Seafood,seafood,ta,True
fukuoka/nakagawashi,69,Menya Horino,,,other,none,False
fukuoka/nakagawashi,70,Yamato,,International,other,none,False
fukuoka/nakagawashi,71,Tonkatsu Hamakatsu Fukuoka Nakagawa,,Japanese,japanese,ta,True
fukuoka/nakama,1,江戸蕎麦平家,そば、天ぷら、ステーキ,,noodles,tb,True
fukuoka/nakama,2,讃岐うどん 伴,うどん、おでん,,noodles,tb,True
fukuoka/nakama,3,四川野郎,担々麺、四川料理、汁なし担々麺,,noodles,tb,True
fukuoka/nakama,4,うどん・そば北の庄,そば、うどん,,noodles,tb,True
fukuoka/nakama,5,十一 中間店,肉料理,,meat,tb,True
fukuoka/nakama,6,パン エーグル,パン,,sweets,tb,True
fukuoka/nakama,7,お好み焼 はな,お好み焼き,,casual,tb,True
fukuoka/nakama,8,天竺,ラーメン,,noodles,tb,True
fukuoka/nakama,9,そばとポークたまごおにぎり,沖縄料理,,japanese,tb,True
fukuoka/nakama,10,秀虎,パスタ,,european,tb,True
fukuoka/nakama,11,ミュゲ,ケーキ、ジェラート・アイスクリーム、カフェ,,sweets,tb,True
fukuoka/nakama,12,うどん処 ひら田,うどん,,noodles,tb,True
fukuoka/nakama,13,かき氷＆カフェ 修ちゃんたちの,かき氷、パンケーキ,,sweets,tb,True
fukuoka/nakama,14,海鮮丼市場,海鮮丼,,seafood,tb,True
fukuoka/nakama,15,ハユカダイニング,ハンバーグ,,meat,tb,True
fukuoka/nakama,16,から揚げ専門店 からふく,からあげ,,meat,tb,True
fukuoka/nakama,17,東天紅,餃子,,chinese,tb,True
fukuoka/nakama,18,花よりとんかつ,とんかつ,,meat,tb,True
fukuoka/nakama,19,MOCCU,クレープ・ガレット、ジェラート・アイスクリーム,,sweets,tb,True
fukuoka/nakama,20,FILOROSSO COFFEE,カフェ,,cafe,tb,True
fukuoka/nakama,21,パティスリー 130,ケーキ、マカロン、洋菓子,,sweets,tb,True
fukuoka/nakama,22,エーグルサンド,サンドイッチ,,sweets,tb,True
fukuoka/nakama,23,やきとり鳥花,焼き鳥、居酒屋、からあげ,,meat,tb,True
fukuoka/nakama,24,almocafe 中間店,カフェ、洋食、イタリアン,,cafe,tb,True
fukuoka/nakama,25,ラーメン専門店 康州,ラーメン,,noodles,tb,True
fukuoka/nakama,26,廻転寿司 平四郎 中間店,回転寿司,,seafood,tb,True
fukuoka/nakama,27,なかまの洋食や バスキチ,フレンチ,,european,tb,True
fukuoka/nakama,28,握手家,寿司、海鮮、日本料理,,seafood,tb,True
fukuoka/nakama,29,麺処 幸,うどん、丼,,noodles,tb,True
fukuoka/nakama,30,にわ菓,からあげ、弁当、和菓子,,meat,tb,True
fukuoka/nakama,31,旬風亭,居酒屋、日本料理、揚げ物,,izakaya,tb,True
fukuoka/nakama,32,ふそう 中間店,天ぷら、そば,,japanese,tb,True
fukuoka/nakama,33,和料理 蓮花寺 さいとう,日本料理、海鮮,,japanese,tb,True
fukuoka/nakama,34,山のそば家,そば,,noodles,tb,True
fukuoka/nakama,35,黒崎一番,ラーメン、中華料理,,noodles,tb,True
fukuoka/nakama,36,炭火焼鳥恭．,焼き鳥,,meat,tb,True
fukuoka/nakama,37,古民家カフェ 心暖和,カフェ,,cafe,tb,True
fukuoka/nakama,38,資さんうどん 中間店,うどん、そば,,noodles,tb,True
fukuoka/nakama,39,たこ焼き・お好み焼きごうちゃん,お好み焼き、たこ焼き,,casual,tb,True
fukuoka/nakama,40,中間ホルモン,焼肉、ホルモン、居酒屋,,meat,tb,True
fukuoka/nakama,41,らーめん 慎,ラーメン,,noodles,tb,True
fukuoka/nakama,42,加茂川,日本料理、居酒屋、海鮮,,japanese,tb,True
fukuoka/nakama,43,遊び割烹 ひらき,日本料理、海鮮,,japanese,tb,True
fukuoka/nakama,44,さかな屋 おぎや,海鮮、天ぷら、食堂,,seafood,tb,True
fukuoka/nakama,45,リベルタコーヒー,カフェ,,cafe,tb,True
fukuoka/nakama,46,Petit Point,カフェ,,cafe,tb,True
fukuoka/nakama,47,さんぞくや 中間店,鍋、レストラン、もつ鍋,,japanese,tb,True
fukuoka/nakama,48,琥珀 炉端焼き串と鍋中間店,居酒屋,,izakaya,tb,True
fukuoka/nakama,49,trattoria casa mia,パスタ,,european,tb,True
fukuoka/nakama,50,都寿し,寿司,,seafood,tb,True
fukuoka/nakama,51,花凛,韓国料理,,chinese,tb,True
fukuoka/nakama,52,いきいき,居酒屋,,izakaya,tb,True
fukuoka/nakama,53,馳走屋 いではら,日本料理,,japanese,tb,True
fukuoka/nakama,54,中鶴うどん,うどん、ちゃんぽん、食堂,,noodles,tb,True
fukuoka/nakama,55,味つぼ,焼き鳥,,meat,tb,True
fukuoka/nakama,56,Dining Bar Switch,ダイニングバー、麺類,,izakaya,tb,True
fukuoka/nakama,57,イナカフェ そらのした,カフェ,,cafe,tb,True
fukuoka/nakama,58,JUJUのから盛り,からあげ,,meat,tb,True
fukuoka/nakama,59,石田一龍 中間店,ラーメン,,noodles,tb,True
fukuoka/nakama,60,天龍飯店,ラーメン,,noodles,tb,True
fukuoka/nakama,61,南国ダイニングALOALO,居酒屋、沖縄料理、ダイニングバー,,izakaya,tb,True
fukuoka/nakama,62,ひろ家,日本料理、天ぷら,,japanese,tb,True
fukuoka/nakama,63,KOTO,居酒屋,,izakaya,tb,True
fukuoka/nakama,64,とまと屋・日高,ジェラート・アイスクリーム、スイーツ、ジューススタンド,,sweets,tb,True
fukuoka/nakama,65,SUBARU COFFEE,カフェ,,cafe,tb,True
fukuoka/nakama,66,sumibi kitchen,カフェ、豚丼、パスタ,,cafe,tb,True
fukuoka/nakama,67,BAKE,パン,,sweets,tb,True
fukuoka/nakama,68,30 coffee stand,コーヒースタンド,,cafe,tb,True
fukuoka/nakama,69,マヨたこ 中間店,たこ焼き,,casual,tb,True
fukuoka/nakama,70,Hutte,カフェ,,cafe,tb,True
fukuoka/nakama,71,ロイヤルホスト 中間店,ファミレス,,casual,tb,True
fukuoka/nakama,72,寿司 若竹丸 中間店,寿司,,seafood,tb,True
fukuoka/nakama,73,餃子の王将 イオンなかま店,餃子、中華料理、ラーメン,,chinese,tb,True
fukuoka/nakama,74,スターバックスコーヒー イオンなかま店,カフェ,,cafe,tb,True
fukuoka/nakama,75,とんかつ濱かつ 福岡中間店,とんかつ,,meat,tb,True
fukuoka/nakama,76,肉酒場いろは,焼肉、居酒屋、ホルモン,,meat,tb,True
fukuoka/nakama,77,大開運 ひとりさんらぁめん,ラーメン、つけ麺,,noodles,tb,True
fukuoka/nakama,78,焼鳥　ひろ,居酒屋、焼き鳥、ホルモン,,izakaya,tb,True
fukuoka/nakama,79,パンの木　ポポロ 中間通谷店,パン,,sweets,tb,True
fukuoka/nakama,80,辰寅 中間店,ラーメン,,noodles,tb,True
fukuoka/nakama,81,じゃんじゃん,串揚げ,,japanese,tb,True
fukuoka/nakama,82,くるくる花娘,焼き鳥、串焼き、居酒屋,,meat,tb,True
fukuoka/nakama,83,二代目お好み焼 よち坊,お好み焼き、焼きそば,,casual,tb,True
fukuoka/nakama,84,クレープハウス cheek,クレープ・ガレット、タピオカ、かき氷,,sweets,tb,True
fukuoka/nakama,85,浪花たこ焼き まきちゃん,たこ焼き,,casual,tb,True
fukuoka/nakama,86,とうふ家,スイーツ,,sweets,tb,True
fukuoka/nakama,87,レガネット 中間,コンビニ・スーパー,,daily,tb,True
fukuoka/nakama,88,うちだ屋 中間店,うどん、かつ丼、食堂,,noodles,tb,True
fukuoka/nakama,89,MKレストラン 中間店,しゃぶしゃぶ、ビュッフェ、飲茶・点心,,meat,tb,True
fukuoka/nakama,90,モスバーガー 中間店,ハンバーガー,,casual,tb,True
fukuoka/nakama,91,地鶏のタタキ とりはつ,その他,,other,none,False
fukuoka/nakama,92,ケーキハウス・フレ,ケーキ,,sweets,tb,True
fukuoka/nakama,93,カフェ・ド・バルビゾン,洋食、カフェ,,european,tb,True
fukuoka/nakama,94,割烹 淵上,肉料理、居酒屋,,meat,tb,True
fukuoka/nakama,95,豊田ラーメン,ラーメン,,noodles,tb,True
fukuoka/nakama,96,お茶の山本園 イオンなかま店,その他,,other,none,False
fukuoka/nakama,97,atelier.OMA,カフェ,,cafe,tb,True
fukuoka/nakama,98,発酵カフェ　ブランシェ,カフェ,,cafe,tb,True
fukuoka/nakama,99,喫茶 メロディー,喫茶店,,cafe,tb,True
fukuoka/nakama,100,マクドナルド 中間店,ハンバーガー,,casual,tb,True
fukuoka/nakama,101,ジョイフル 中間蓮花寺店,ファミレス,,casual,tb,True
fukuoka/nakama,102,はま寿司 中間店,回転寿司,,seafood,tb,True
fukuoka/nakama,103,ケンタッキーフライドチキン 中間店,レストラン,,other,none,False
fukuoka/nakama,104,サーティワンアイスクリーム イオンなかま店,ジェラート・アイスクリーム,,sweets,tb,True
fukuoka/nakama,105,東筑軒 中間営業所売店,弁当,,casual,tb,True
fukuoka/nakama,106,シャトレーゼ イオンなかま店,ケーキ,,sweets,tb,True
fukuoka/nakama,107,紅茶専門店フランチェスカ,カフェ,,cafe,tb,True
fukuoka/nakama,108,BLANKET DONUTS 中間店,ドーナツ,,sweets,tb,True
fukuoka/nakama,109,ピザクック イオンなかま店,ピザ,,european,tb,True
fukuoka/nakama,110,千,インドネシア料理、ベトナム料理、カレー,,chinese,tb,False
fukuoka/nakama,111,うどんカフェ 樹,うどん、そば、居酒屋,,noodles,tb,True
fukuoka/nakama,112,中華料理 福源,中華料理,,chinese,tb,True
fukuoka/nakama,113,くつろぎダイニング とりあえず吾平 福岡中間店,居酒屋、創作料理,,izakaya,tb,True
fukuoka/nakama,114,からあげみやこ屋 中間通谷店,からあげ,,meat,tb,True
fukuoka/nakama,115,ナローズ コーヒー,カフェ,,cafe,tb,True
fukuoka/nakama,116,甲賀米粉たい焼き 中間店,たい焼き・大判焼き,,sweets,tb,True
fukuoka/nakama,117,小皿キッチン サニーアップ,洋食,,european,tb,True
fukuoka/nakama,118,セブンイレブン 中間小田ケ浦店,コンビニ・スーパー,,daily,tb,True
fukuoka/nakama,119,相撲ダイニング 武尊,ちゃんこ鍋,,other,none,False
fukuoka/nakama,120,先春寿司,寿司,,seafood,tb,True
fukuoka/nakama,121,すずなり,立ち飲み、居酒屋,,izakaya,tb,True
fukuoka/nakama,122,不二家 中間店,ケーキ,,sweets,tb,True
fukuoka/nakama,123,たこ本舗,たこ焼き,,casual,tb,True
fukuoka/nakama,124,京都 伊三郎製ぱん フードウェイ中間店,パン,,sweets,tb,True
fukuoka/nakama,125,ユナイテッドシネマ なかま16,その他、レストラン,,other,none,False
fukuoka/nakama,126,ほっともっと 東中間店,弁当,,casual,tb,True
fukuoka/nakama,127,千鳥屋本家 中間店,和菓子、洋菓子,,sweets,tb,True
fukuoka/nakama,128,パン工房　向日葵,パン,,sweets,tb,True
fukuoka/nakama,129,みーとぱいはうす,ダイニングバー、洋食、カフェ,,izakaya,tb,True
fukuoka/nakama,130,カフェスペース ビュヘル,カフェ,,cafe,tb,True
fukuoka/nakama,131,コロッケ倶楽部 中間店,その他,,other,none,False
fukuoka/nakama,132,AMU BAGEL,ベーグル,,sweets,tb,True
fukuoka/nakama,133,愛HANA,カフェ、ハンバーガー,,cafe,tb,True
fukuoka/nakama,134,パン工場 イオンなかま店,パン,,sweets,tb,True
fukuoka/nakama,135,炭火焼 千鳥,焼き鳥,,meat,tb,True
fukuoka/nakama,136,宅配専門 玄海ざんまい 中間店,寿司,,seafood,tb,True
fukuoka/nakama,137,ヒマラヤ 中間店,インド料理、ネパール料理,,curry,tb,True
fukuoka/nakama,138,わんわんる～む シュシュ,その他,,other,none,False
fukuoka/nakama,139,呑み喰い処ぶぅ,お好み焼き、ステーキ、鍋,,casual,tb,True
fukuoka/nakama,140,こむ樹,カフェ,,cafe,tb,True
fukuoka/nakama,141,ファミリーマート 中間垣生店,コンビニ・スーパー,,daily,tb,True
fukuoka/nakama,142,ウルー・ウール,ジューススタンド,,cafe,tb,True
fukuoka/nakama,143,いっぽ,お好み焼き,,casual,tb,True
fukuoka/nakama,144,セブンイレブン 中間通谷店,コンビニ・スーパー,,daily,tb,True
fukuoka/nakama,145,鮮達,海鮮,,seafood,tb,True
fukuoka/nakama,146,終活処 紬庵,カフェ,,cafe,tb,True
fukuoka/nakama,147,101BAR,バー,,izakaya,tb,True
fukuoka/nakama,148,地鶏屋,居酒屋、焼き鳥、焼肉,,izakaya,tb,True
fukuoka/nakama,149,居酒屋 龍馬,居酒屋,,izakaya,tb,True
fukuoka/nakama,150,本家 山賊からあげ 東中間店,からあげ,,meat,tb,True
fukuoka/nakama,151,口福屋,焼き鳥,,meat,tb,True
fukuoka/nakama,152,ココフル カフェ 中間店,カフェ,,cafe,tb,True
fukuoka/nakama,153,和食処　いしだ,日本料理,,japanese,tb,True
fukuoka/nakama,154,ミニストップ 中間徳若店,コンビニ・スーパー,,daily,tb,True
fukuoka/nakama,155,いなり屋 乃の,いなり寿司,,seafood,desc,False
fukuoka/nakama,156,居酒屋らく,居酒屋,,izakaya,tb,True
fukuoka/nakama,157,BONNE,たこ焼き、からあげ,,casual,tb,True
fukuoka/nakama,158,ふじ,焼き鳥,,meat,tb,True
fukuoka/nakama,159,焼肉八矢,焼肉、ホルモン、居酒屋,,meat,tb,True
fukuoka/nakama,160,居酒屋みっちゃん,焼き鳥,,meat,tb,True
fukuoka/nakama,161,たこ焼き まきちゃん,たこ焼き、お好み焼き、たい焼き・大判焼き,,casual,tb,True
fukuoka/nakama,162,真浄葬祭 玉響,その他,,other,none,False
fukuoka/nakama,163,焼鳥とっくり,焼き鳥,,meat,tb,True
fukuoka/nakama,164,LIVE&CAFE IMAGINE,バー,,izakaya,tb,True
fukuoka/nakama,165,TOMORROW,食堂,,casual,tb,True
fukuoka/nakama,166,もりきち,弁当、食堂,,casual,tb,True
fukuoka/nakama,167,角打ちや,立ち飲み,,izakaya,tb,True
fukuoka/nakama,168,味人,からあげ、鳥料理,,meat,tb,True
fukuoka/nakama,169,たこチュウ,たこ焼き、その他,,casual,tb,True
fukuoka/nakama,170,クック,お好み焼き,,casual,tb,True
fukuoka/nakama,171,アイリス,レストラン,,other,none,False
fukuoka/nakama,172,歌ッ子,居酒屋,,izakaya,tb,True
fukuoka/nakama,173,大衆炭火焼肉 ホルホル,ホルモン、焼肉,,meat,tb,True
fukuoka/nakama,174,Hause gardena,カフェ,,cafe,tb,True
fukuoka/nakama,175,絣,食堂,,casual,tb,True
fukuoka/nakama,176,やきとり吟,焼き鳥,,meat,tb,True
fukuoka/nakama,177,炭火焼肉れんが,焼肉,,meat,tb,True
fukuoka/nakama,178,幸人,カフェ,,cafe,tb,True
fukuoka/nakama,179,お好み焼 あべ,お好み焼き,,casual,tb,True
fukuoka/nakama,180,セブンイレブン 中間駅前店,コンビニ・スーパー,,daily,tb,True
fukuoka/nakama,181,はんきち,寿司,,seafood,tb,True
fukuoka/nakama,182,おおば酒店,その他,,other,none,False
fukuoka/nakama,183,焼鳥ふうたら,焼き鳥,,meat,tb,True
fukuoka/nakama,184,半升,居酒屋,,izakaya,tb,True
fukuoka/nakama,185,ミュージックバー LOVE SONG,バー、ダイニングバー,,izakaya,tb,True
fukuoka/nakama,186,新鮨,寿司,,seafood,tb,True
fukuoka/nakama,187,イオン なかま店,コンビニ・スーパー,,daily,tb,True
fukuoka/nakama,188,Waryori Rengeji Saito,,Japanese,japanese,ta,True
fukuoka/nakama,189,Japanese Izakaya Wafu,,Japanese,japanese,ta,True
fukuoka/nakama,190,Cafe de Barbizon,,Fusion,other,none,False
fukuoka/nakama,191,Sanzokuya nakamaten,,Japanese,japanese,ta,True
fukuoka/nakama,192,Royal Host,,International,other,none,False
fukuoka/nakama,193,Bekariresutoran Sanmaruku,,International,other,none,False
fukuoka/nakama,194,Nakama No Yoshokuya Basukichi,,French,european,ta,True
fukuoka/nakama,195,Hassenkaku Nakama,,Chinese,chinese,ta,True
fukuoka/nakama,196,Uchidaya Nakama,,Japanese;Japanese - Other ,japanese,ta,True
fukuoka/nakama,197,Aladdin Spice Home,,Cafe;Thai,cafe,ta,True
fukuoka/nakama,198,Spice Dining Kala,,Indian;Thai,curry,ta,True
fukuoka/nakama,199,Tonkatsu Hamakatsu Fukuoka Nakama,,Japanese,japanese,ta,True
fukuoka/nakama,200,Nakama Horumon,,Barbecue,meat,ta,True
fukuoka/nakama,201,Sanuki Udon Ban,,,other,none,False
fukuoka/nakama,202,Hidetora,,Italian,european,ta,True
fukuoka/nakama,203,Kaiten Zushi Heishiro Nakama,,Japanese;Sushi,seafood,ta,True
fukuoka/nakama,204,Fuso Nakama,,Japanese;Japanese - Other ,japanese,ta,True
fukuoka/nakama,205,Muguet,,,other,none,False
fukuoka/nakama,206,Totenko,,Chinese,chinese,ta,True
fukuoka/nakama,207,Ramen Semmonten Koshu,,,other,none,False
fukuoka/nakama,208,Ramen Yukimura,,Asian,chinese,ta,True
fukuoka/nakama,209,SUKE SAN Udon,,,other,none,False
fukuoka/nakama,210,Shabushabu Dining Mk Nakama,,Japanese,japanese,ta,True
fukuoka/nakama,211,Yakitori Piko,,Japanese;Japanese - Other ,japanese,ta,True
fukuoka/nakama,212,Ringer Hut Shoppers Mall Nakama,,,other,none,False
fukuoka/nakama,213,Jangara Nakama,,Barbecue,meat,ta,True
fukuoka/nakama,214,Udon Soba Kita no Sho,,Japanese;Japanese - Other ,japanese,ta,True
fukuoka/nakama,215,Kentucky Fried Chicken Nakama,,American;Fast Food,european,ta,True
fukuoka/nakama,216,McDonald s Nakama,,Fast Food,casual,ta,True
fukuoka/nakama,217,Saizeriya Shoppers Mall Nakama,,International,other,none,False
fukuoka/nakama,218,Shuchantachino,,Cafe,cafe,ta,True
fukuoka/nakama,219,Taiheiraku Nakama,,Japanese;Barbecue,meat,ta,True
fukuoka/nakama,220,Ramen Gyorantei,,,other,none,False
fukuoka/nakama,221,Ryu No Michi,,,other,none,False
fukuoka/nakama,222,Sai Sai,,Japanese,japanese,ta,True
fukuoka/nakama,223,Masuda Suisan Honten,,Seafood,seafood,ta,True
fukuoka/nakama,224,Yakitori Torihana,,Japanese,japanese,ta,True
fukuoka/nakama,225,Hinata,,Cafe,cafe,ta,True
fukuoka/nakama,226,Wanwan Room ShuShu,,Asian;Diner,chinese,ta,True
fukuoka/nakama,227,Okonomiyaki Abe,,Japanese;Japanese - Other ,japanese,ta,True
fukuoka/nakama,228,Tako No Wa,,Japanese;Japanese - Other ,japanese,ta,True
fukuoka/nakama,229,Sanraku Ken,,Chinese,chinese,ta,True
fukuoka/nakama,230,Tenryu Hanten,,,other,none,False
fukuoka/nakama,231,Kobayashi Udon,,Japanese;Japanese - Other ,japanese,ta,True
fukuoka/nakama,232,Joyfull,,International,other,none,False
fukuoka/nakama,233,Pasta House Mare,,Italian,european,ta,True
fukuoka/nakama,234,Edo Soba Hiranoya,,Japanese,japanese,ta,True
fukuoka/nakama,235,Kang ju,,Korean,chinese,ta,True
fukuoka/nakama,236,Karin,,Korean,chinese,ta,True
fukuoka/nakama,237,Kurosaki Ichiban Nakama,,Asian,chinese,ta,True
fukuoka/nakama,238,Bistro a Tes Souhaits,,French,european,ta,True
fukuoka/nakama,239,Hakata Kinryu Nakama,,,other,none,False
fukuoka/nakama,240,Chisoya Idehara,,Japanese,japanese,ta,True
fukuoka/nakama,241,Rapu to Kohaku to Tokidoki Iburi,,Chinese,chinese,ta,True
fukuoka/nakama,242,Narrows Coffee,,Cafe,cafe,ta,True
fukuoka/nakama,243,Venecle88,,Cafe,cafe,ta,True
fukuoka/nakama,244,Shin Sushi,,Sushi,seafood,ta,True
fukuoka/nakama,245,Cocoful Cafe Nakama,,Cafe,cafe,ta,True
fukuoka/nakama,246,Higo Shokudo,,Japanese,japanese,ta,True
fukuoka/nakama,247,Oishimbo,,Japanese;International;Japanese - Other ,japanese,ta,True
fukuoka/nakama,248,Naniwa,,Japanese;Japanese - Other ,japanese,ta,True
fukuoka/nakama,249,Izakaya Mitchan,,Japanese;Japanese - Other ,japanese,ta,True
fukuoka/nakama,250,Okonomiyaki Yuyu,,Japanese;Japanese - Other ,japanese,ta,True
fukuoka/nakama,251,正紀寿司,,Japanese;Seafood;Sushi;Japanese - Other ,seafood,ta,True
fukuoka/nakama,252,Nigiriya,,Japanese;Seafood;Sushi;Japanese - Other ,seafood,ta,True
fukuoka/nakama,253,Caffe Nonna,,Cafe,cafe,ta,True
fukuoka/nakama,254,Sakuraan,,Cafe,cafe,ta,True
fukuoka/nakama,255,Hankichi,,Japanese;Izakaya (Japanese Style Tavern),izakaya,ta,True
fukuoka/nakama,256,Toyoda Ramen,,,other,none,False
fukuoka/nakama,257,Saizen Hagure,,Japanese;Izakaya (Japanese Style Tavern),izakaya,ta,True
fukuoka/nakama,258,Confectionery Niwaka,,,other,none,False
fukuoka/nakama,259,Toki,,,other,none,False
fukuoka/nakama,260,Yakiniku Yuki,,Japanese,japanese,ta,True
fukuoka/nakama,261,Gyorakuya Mumin,,Japanese;Izakaya (Japanese Style Tavern),izakaya,ta,True
fukuoka/nakama,262,Hatsukoi Kukan Iori,,Japanese,japanese,ta,True
fukuoka/nakama,263,Takumiya Tamon,,Japanese - Other ,japanese,ta,True
fukuoka/nakama,264,Yakitoritokkuri,,Japanese;Japanese - Other ,japanese,ta,True
fukuoka/nakama,265,Genki Izakaya Gekiichi,,Japanese,japanese,ta,True
fukuoka/nakama,266,Naniwa Noodakotokachi Hompo,,Japanese,japanese,ta,True
fukuoka/nakama,267,Oden Nasubi,,Japanese;Japanese - Other ,japanese,ta,True
fukuoka/nakama,268,Furuan,,Japanese,japanese,ta,True
fukuoka/nakama,269,Kachikachiyama,,Japanese,japanese,ta,True
fukuoka/nakama,270,Gentoku Maru,,Japanese,japanese,ta,True
fukuoka/nakama,271,Ishida Japanese Treatment,,Japanese,japanese,ta,True
fukuoka/nakama,272,Yakitori Futara,,Japanese;Japanese - Other ,japanese,ta,True
fukuoka/nakama,273,Umitengu,,Japanese,japanese,ta,True
fukuoka/nakama,274,Izakaya Ryoma,,Japanese,japanese,ta,True
fukuoka/nakama,275,Yakitori Gin,,Japanese;Japanese - Other ,japanese,ta,True
fukuoka/nakama,276,Taiheiraku,,Barbecue,meat,ta,True
fukuoka/nakama,277,Isshintei,,Asian,chinese,ta,True
fukuoka/nakama,278,Aya,,Japanese;Japanese - Other ,japanese,ta,True
fukuoka/nakama,279,Izakaya Iroha,,Japanese,japanese,ta,True
fukuoka/nakama,280,Yakitori Narichan,,Japanese,japanese,ta,True
fukuoka/nakama,281,Sanrikyu,,Japanese;International;Japanese - Other ,japanese,ta,True
fukuoka/nakama,282,Rin,,Japanese,japanese,ta,True
fukuoka/nakama,283,Kirakutei,,Japanese,japanese,ta,True
fukuoka/nakama,284,Murata Shokudo Kita Kyushu Seika Seibu Branch Store,,Japanese,japanese,ta,True
fukuoka/nakama,285,Sapporo Ramentokeidai,,Japanese,japanese,ta,True
fukuoka/nakama,286,Fuji,,Japanese;Japanese - Other ,japanese,ta,True
fukuoka/nakama,287,Cafe Cafeteria Cappa,,Japanese,japanese,ta,True
fukuoka/nakama,288,Kiyotaki,,Japanese,japanese,ta,True
fukuoka/nakama,289,Karaoke Station,,International,other,none,False
fukuoka/nakama,290,Karaoke Cafe Hope,,International,other,none,False
fukuoka/nakama,291,Hanjo,,Japanese;Izakaya (Japanese Style Tavern),izakaya,ta,True
fukuoka/nakama,292,Torikatsudon No Kurobe Shoppers Nakama,,,other,none,False
fukuoka/nakama,293,Yakiniku Buyuden,,,other,none,False
fukuoka/nakama,294,Utaeyautae,,International;Pub,izakaya,ta,True
fukuoka/nakama,295,Hayuka Dining,,,other,none,False
fukuoka/nakama,296,Foodway Nakama,,,other,none,False
fukuoka/nakama,297,Sabou Komugi,,,other,none,False
fukuoka/nakama,298,Baihotei,,,other,none,False
fukuoka/nakama,299,Kazunari,,Japanese;Izakaya (Japanese Style Tavern),izakaya,ta,True
fukuoka/nakama,300,Hanayori Dango,,Japanese;Izakaya (Japanese Style Tavern),izakaya,ta,True
fukuoka/nakama,301,Morikichi,,,other,none,False
fukuoka/nakama,302,Zakoya Nakama,,,other,none,False
fukuoka/nakama,303,Hanamiya,,Japanese;Izakaya (Japanese Style Tavern),izakaya,ta,True
fukuoka/nakama,304,Pan Kobo Nakama,,,other,none,False
fukuoka/nakama,305,Kobito Cafe,,,other,none,False
fukuoka/nakama,306,Airisu,,,other,none,False
fukuoka/nakama,307,Utakko,,Japanese;Izakaya (Japanese Style Tavern),izakaya,ta,True
fukuoka/nakama,308,Shunkutei,,,other,none,False
fukuoka/nakama,309,Ohisama Kitchen,,,other,none,False
fukuoka/nakama,310,Hiraki,,Kappo,other,none,False
fukuoka/nakama,311,Kikuya Pastry,,,other,none,False
fukuoka/nakama,312,Mamakari,,Japanese;Izakaya (Japanese Style Tavern),izakaya,ta,True
fukuoka/nakama,313,Japanese Izakaya Trust,,Japanese,japanese,ta,True
fukuoka/nakama,314,Yakiniku Jujuen,,,other,none,False
fukuoka/nakama,315,Iza Cafe Sugoroku,,,other,none,False
fukuoka/nakama,316,Nomikuidokoro Buu,,,other,none,False
fukuoka/nakama,317,Cafe Riburonic,,,other,none,False
fukuoka/nakama,318,Isamoto,,,other,none,False
fukuoka/nogata,1,や台ずし 直方駅前町,居酒屋、寿司、海鮮,,izakaya,tb,True
fukuoka/nogata,2,酒処 まるぜん,居酒屋,,izakaya,tb,True
fukuoka/nogata,3,もつ鍋 むら井,もつ鍋、居酒屋、ホルモン,,meat,tb,True
fukuoka/nogata,4,魚民 直方駅店,居酒屋、海鮮、創作料理,,izakaya,tb,True
fukuoka/nogata,5,わらみん,沖縄料理、居酒屋,,japanese,tb,True
fukuoka/nogata,6,野菜巻串YUTORI,焼き鳥、居酒屋、もつ鍋,,meat,tb,True
fukuoka/nogata,7,一時代,お好み焼き,,casual,tb,True
fukuoka/nogata,8,BAR LUMEN,バー,,izakaya,tb,True
fukuoka/nogata,9,寿し清,寿司、日本料理,,seafood,tb,True
fukuoka/nogata,10,焼き鳥 りん,焼き鳥、手羽先,,meat,tb,True
fukuoka/nogata,11,おにぎり カフェ Boo,おにぎり,,casual,tb,True
fukuoka/nogata,12,grace,うどん,,noodles,tb,True
fukuoka/nogata,13,母恵夢,喫茶店,,cafe,tb,True
fukuoka/nogata,14,手打ち十割そば 健寿亭,そば,,noodles,tb,True
fukuoka/nogata,15,お好み焼き居酒屋 めぐちゃん,居酒屋、お好み焼き,,izakaya,tb,True
fukuoka/nogata,16,軍鶏屋 五鉄,鳥料理、居酒屋、焼き鳥,,izakaya,tb,False
fukuoka/nogata,17,寿司保坂,寿司,,seafood,tb,True
fukuoka/nogata,18,中小企業大学校 食堂 直方校,食堂,,casual,tb,True
fukuoka/nogata,19,からあげ屋,からあげ,,meat,tb,True
fukuoka/nogata,20,濱吉,居酒屋、海鮮、焼き鳥,,izakaya,tb,True
fukuoka/nogata,21,はなやん,日本料理,,japanese,tb,True
fukuoka/nogata,22,タリーズコーヒー イオンモール直方店,カフェ,,cafe,tb,True
fukuoka/nogata,23,あすなろ,レストラン,,other,none,False
fukuoka/nogata,24,割烹 はせ川,日本料理,,japanese,tb,True
fukuoka/nogata,25,味楽,揚げ物,,casual,tb,True
fukuoka/nogata,26,筑前 しまや,日本料理、弁当,,japanese,tb,True
fukuoka/nogata,27,Bar&Cafe An,カフェ、バー,,cafe,tb,True
fukuoka/nogata,28,口福堂 イオンモール直方店,和菓子,,sweets,tb,True
fukuoka/nogata,29,久喜,寿司,,seafood,tb,True
fukuoka/nogata,30,とうふ工房,豆腐料理,,japanese,tb,True
fukuoka/nogata,31,AZcafe Shidaka 福岡直方店,レストラン,,other,none,False
fukuoka/nogata,32,カネチョウマエダエン,カフェ、かき氷,,cafe,tb,True
fukuoka/nogata,33,鉄板ハウス 丸ちゃん,お好み焼き、焼きそば,,casual,tb,True
fukuoka/nogata,34,十割蕎麦 江,そば,,noodles,tb,True
fukuoka/nogata,35,松屋 直方PA上り線店,牛丼、カレー,,casual,tb,True
fukuoka/nogata,36,ふじまき,おにぎり,,casual,tb,True
fukuoka/nogata,37,もととりあじさい園,ソフトクリーム,,sweets,tb,True
fukuoka/nogata,38,ひろはし,焼き鳥,,meat,tb,True
fukuoka/nogata,39,すしたか,寿司,,seafood,tb,True
fukuoka/nogata,40,もち吉 名水工場,和菓子,,sweets,tb,True
fukuoka/nogata,41,那かむら イオンモール直方店,天ぷら、そば,,japanese,tb,True
fukuoka/nogata,42,ラーメン・カフェ・ダイニング 温,ラーメン、つけ麺、創作料理,,noodles,tb,True
fukuoka/nogata,43,マクドナルド イオンモール直方店,ハンバーガー,,casual,tb,True
fukuoka/nogata,44,TOHOシネマズ 直方,その他,,other,none,False
fukuoka/nogata,45,ル・ミトロン食パン 直方店,パン,,sweets,tb,True
fukuoka/nogata,46,THE.丼.DON,ラーメン、丼,,noodles,tb,True
fukuoka/nogata,47,六庵cafe,カフェ,,cafe,tb,True
fukuoka/nogata,48,あごさん,居酒屋,,izakaya,tb,True
fukuoka/nogata,49,ニコニコ,食堂,,casual,tb,True
fukuoka/nogata,50,やき鳥信玄,焼き鳥,,meat,tb,True
fukuoka/nogata,51,兎舞夜,日本料理,,japanese,tb,True
fukuoka/nogata,52,えくぼ屋 本店直売場,和菓子,,sweets,tb,True
fukuoka/nogata,53,イシダファーム,その他,,other,none,False
fukuoka/nogata,54,松寿司,寿司,,seafood,tb,True
fukuoka/nogata,55,石ちゃん,焼き鳥、居酒屋,,meat,tb,True
fukuoka/nogata,56,久遠チョコレート 直方店,チョコレート,,sweets,tb,True
fukuoka/nogata,57,英ちゃんうどん,うどん、そば、丼,,noodles,tb,True
fukuoka/nogata,58,こなやきっ廣 感田店,お好み焼き、もんじゃ焼き、鉄板焼き,,casual,tb,True
fukuoka/nogata,59,宇佐からあげ たかだ屋 直方びっくり市店,からあげ、焼きそば,,meat,tb,True
fukuoka/nogata,60,おかず屋 バイ リンガーハット イオンモール直方店,食堂,,casual,tb,True
fukuoka/nogata,61,Tanukian,,,other,none,False
fukuoka/nogata,62,Sennariya,,,other,none,False
fukuoka/nogata,63,French Restaurant Kineya,,French,european,ta,True
fukuoka/nogata,64,Chef s Buffet Aeon Mall Naokata,,Fusion,other,none,False
fukuoka/nogata,65,Marumado,,Japanese,japanese,ta,True
fukuoka/nogata,66,Sankyu,,American,european,ta,True
fukuoka/nogata,67,Yakitori Yuimaru,,Japanese,japanese,ta,True
fukuoka/nogata,68,Yama no Sobaya,,Japanese,japanese,ta,True
fukuoka/nogata,69,Shanghai Chang,,Chinese,chinese,ta,True
fukuoka/nogata,70,Omurice Tei Fukuoka Aeon Ogata,,International,other,none,False
fukuoka/nogata,71,Restaurant Kawabatatei,,Fusion,other,none,False
fukuoka/ogori,1,大昌園 小郡津古店,焼肉,,meat,tb,True
fukuoka/ogori,2,麺屋 我ガ 小郡本店,ラーメン,,noodles,tb,True
fukuoka/ogori,3,ラーメンラボ。ヒカリノサキ,ラーメン,,noodles,tb,True
fukuoka/ogori,4,とん亭,とんかつ、食堂,,meat,tb,True
fukuoka/ogori,5,久留米ラーメン清陽軒 小郡店,ラーメン、餃子、中華料理,,noodles,tb,True
fukuoka/ogori,6,三井うどん店,うどん,,noodles,tb,True
fukuoka/ogori,7,らあめん わや,ラーメン,,noodles,tb,True
fukuoka/ogori,8,パン ネスト,パン,,sweets,tb,True
fukuoka/ogori,9,そば処武蔵 小郡店,そば,,noodles,tb,True
fukuoka/ogori,10,玄海鮨,寿司,,seafood,tb,True
fukuoka/ogori,11,睦ちゃんうどん,うどん、そば,,noodles,tb,True
fukuoka/ogori,12,ニコ ショコラトリー,チョコレート、カフェ,,sweets,tb,True
fukuoka/ogori,13,レーブ・ド・ベベ,ケーキ,,sweets,tb,True
fukuoka/ogori,14,天盛りうどん ゆうじ,うどん,,noodles,tb,True
fukuoka/ogori,15,薬師うどん,うどん、そば,,noodles,tb,True
fukuoka/ogori,16,志波まんじゅう 小郡店,和菓子、肉まん,,sweets,tb,True
fukuoka/ogori,17,げんき亭,海鮮、居酒屋、食堂,,seafood,tb,True
fukuoka/ogori,18,うどん　肉のうめぜん,うどん,,noodles,tb,True
fukuoka/ogori,19,グリルキング,ステーキ、居酒屋、ダイニングバー,,meat,tb,True
fukuoka/ogori,20,Brooks,カフェ、食堂、ケーキ,,cafe,tb,True
fukuoka/ogori,21,カフェ ド ヒラオカ,ケーキ、イタリアン、パン,,sweets,tb,True
fukuoka/ogori,22,クリーブラッツ 小郡店,パン,,sweets,tb,True
fukuoka/ogori,23,繁ちゃん屋,ホルモン、馬肉料理,,meat,tb,True
fukuoka/ogori,24,小郡カンツリー倶楽部,食堂、レストラン,,casual,tb,True
fukuoka/ogori,25,本家 山賊鍋 久留米店,鍋、日本料理、居酒屋,,japanese,tb,True
fukuoka/ogori,26,山うち 小郡店,そば,,noodles,tb,True
fukuoka/ogori,27,さとう別荘,鳥料理、日本料理,,japanese,tb,False
fukuoka/ogori,28,咲きうれ,海鮮、居酒屋、天ぷら,,seafood,tb,True
fukuoka/ogori,29,アレス カフェ,カフェ、ケーキ,,cafe,tb,True
fukuoka/ogori,30,粉kona屋,パン、ベーグル,,sweets,tb,True
fukuoka/ogori,31,焼とり 気晴れ,焼き鳥,,meat,tb,True
fukuoka/ogori,32,遊食工房 茶花 小郡店,日本料理、創作料理,,japanese,tb,True
fukuoka/ogori,33,博多やき鳥 天匠,居酒屋、焼き鳥、カフェ,,izakaya,tb,True
fukuoka/ogori,34,仄々ごはん,カフェ,,cafe,tb,True
fukuoka/ogori,35,鄭家 コムタン,韓国料理、焼肉、居酒屋,,chinese,tb,True
fukuoka/ogori,36,ばん鶏,居酒屋,,izakaya,tb,True
fukuoka/ogori,37,御菓子処やかべ,和菓子,,sweets,tb,True
fukuoka/ogori,38,ボンセン,カフェ、パスタ、イタリアン,,cafe,tb,True
fukuoka/ogori,39,龍宮,中華料理,,chinese,tb,True
fukuoka/ogori,40,パティスリー ミニョン,ケーキ,,sweets,tb,True
fukuoka/ogori,41,大砲ラーメン  小郡店（松崎分校）,ラーメン,,noodles,tb,True
fukuoka/ogori,42,たこ焼き帝王 小郡店,たこ焼き,,casual,tb,True
fukuoka/ogori,43,カフェ Lacock,カフェ,,cafe,tb,True
fukuoka/ogori,44,スコーン専門店 conne,スイーツ,,sweets,tb,True
fukuoka/ogori,45,Mt.エベレスト,インド料理,,curry,tb,True
fukuoka/ogori,46,山と串とワイン,居酒屋,,izakaya,tb,True
fukuoka/ogori,47,COCON,カフェ,,cafe,tb,True
fukuoka/ogori,48,すゝる,うどん,,noodles,tb,True
fukuoka/ogori,49,たこ焼き工房じゅん,お好み焼き、たこ焼き、焼きそば,,casual,tb,True
fukuoka/ogori,50,千代,食堂、ラーメン、居酒屋,,casual,tb,True
fukuoka/ogori,51,日本料理 縁,日本料理、海鮮,,japanese,tb,True
fukuoka/ogori,52,味秋吉,焼き鳥、居酒屋、ダイニングバー,,meat,tb,True
fukuoka/ogori,53,焼き鳥たいこう,焼き鳥、もつ鍋,,meat,tb,True
fukuoka/ogori,54,コストコ 小郡倉庫店,コンビニ・スーパー,,daily,tb,True
fukuoka/ogori,55,モローコーヒー,カフェ,,cafe,tb,True
fukuoka/ogori,56,バイブリーティールームズ,カフェ,,cafe,tb,True
fukuoka/ogori,57,かけはし,うなぎ、海鮮、食堂,,seafood,tb,True
fukuoka/ogori,58,良庵,ラーメン、ちゃんぽん、カレー,,noodles,tb,True
fukuoka/ogori,59,くるくる亭,焼きそば,,noodles,tb,True
fukuoka/ogori,60,明太子のさかえや 小郡店,その他,,other,none,False
fukuoka/ogori,61,まがりや,焼肉,,meat,tb,True
fukuoka/ogori,62,ひら田,寿司,,seafood,tb,True
fukuoka/ogori,63,小郡の舞,日本料理、海鮮、ステーキ,,japanese,tb,True
fukuoka/ogori,64,AQUA DINING CAFE 瓢黎,日本料理、カフェ,,japanese,tb,True
fukuoka/ogori,65,ハッピー カレー ハウス,ネパール料理,,curry,tb,True
fukuoka/ogori,66,炭火焼肉えんや 小郡本店,焼肉、もつ鍋,,meat,tb,True
fukuoka/ogori,67,白水,日本料理,,japanese,tb,True
fukuoka/ogori,68,ガレット,ケーキ,,sweets,tb,True
fukuoka/ogori,69,BLUE MOON CAFE,カフェ、ケーキ,,cafe,tb,True
fukuoka/ogori,70,ひだね 小郡店,居酒屋、焼き鳥、海鮮,,izakaya,tb,True
fukuoka/ogori,71,樹はら,カフェ、洋食、オムライス,,cafe,tb,True
fukuoka/ogori,72,ベリー畑,ジェラート・アイスクリーム,,sweets,tb,True
fukuoka/ogori,73,どまぐれ,焼き鳥、居酒屋,,meat,tb,True
fukuoka/ogori,74,庄屋 イオン小郡店,麺類、日本料理,,noodles,tb,True
fukuoka/ogori,75,ゆめ野,喫茶店,,cafe,tb,True
fukuoka/ogori,76,香春閣,中華料理,,chinese,tb,True
fukuoka/ogori,77,焼とりのぼる亭,居酒屋、焼き鳥,,izakaya,tb,True
fukuoka/ogori,78,ととの台所,カフェ,,cafe,tb,True
fukuoka/ogori,79,凜と咲く花  小郡店,居酒屋、海鮮,,izakaya,tb,True
fukuoka/ogori,80,小郡からあげ げん,からあげ,,meat,tb,True
fukuoka/ogori,81,祥禾 イオン小郡店,台湾料理,,chinese,tb,True
fukuoka/ogori,82,Skip,カフェ,,cafe,tb,True
fukuoka/ogori,83,三笠うどん 小郡店,うどん,,noodles,tb,True
fukuoka/ogori,84,天心園パン工房 panne 祇園店,パン,,sweets,tb,True
fukuoka/ogori,85,やきがし屋R,洋菓子,,sweets,tb,True
fukuoka/ogori,86,SHHH COFFEE,バー、カフェ,,izakaya,tb,True
fukuoka/ogori,87,旧松崎宿旅籠油屋カフェ,カフェ,,cafe,tb,True
fukuoka/ogori,88,想夫恋 小郡店,焼きそば,,noodles,tb,True
fukuoka/ogori,89,あなぐらぁ―  小郡店,ラーメン,,noodles,tb,True
fukuoka/ogori,90,くまがえかしわ店,その他,,other,none,False
fukuoka/ogori,91,焼鳥太閤,焼き鳥,,meat,tb,True
fukuoka/ogori,92,御家路,居酒屋,,izakaya,tb,True
fukuoka/ogori,93,コーヒー屋 ひろっち,コーヒースタンド,,cafe,tb,True
fukuoka/ogori,94,献茶園,その他,,other,none,False
fukuoka/ogori,95,お好み酒蔵小郡,居酒屋、海鮮、ホルモン,,izakaya,tb,True
fukuoka/ogori,96,ムーンライト レストラン&バー,ネパール料理、バー,,curry,tb,True
fukuoka/ogori,97,そうざい市場,その他,,other,none,False
fukuoka/ogori,98,ミッケ,パン,,sweets,tb,True
fukuoka/ogori,99,珈琲のさくら,カフェ,,cafe,tb,True
fukuoka/ogori,100,福田ファーム ベリー畑,その他,,other,none,False
fukuoka/ogori,101,はま寿司 小郡大保店,回転寿司,,seafood,tb,True
fukuoka/ogori,102,シアトルズベストコーヒー イオン小郡店,カフェ,,cafe,tb,True
fukuoka/ogori,103,森山酒造,その他,,other,none,False
fukuoka/ogori,104,焼肉 こしき,焼肉,,meat,tb,True
fukuoka/ogori,105,お食事処 なごみ,食堂,,casual,tb,True
fukuoka/ogori,106,餃子バル 弐と壱,餃子、居酒屋,,chinese,tb,True
fukuoka/ogori,107,串焼き ばってん,居酒屋,,izakaya,tb,True
fukuoka/ogori,108,すし寅,寿司,,seafood,tb,True
fukuoka/ogori,109,輩,居酒屋、もつ鍋、揚げ物,,izakaya,tb,True
fukuoka/ogori,110,ザックベジタブル,惣菜・デリ,,casual,tb,True
fukuoka/ogori,111,ひので屋 小郡店,弁当、からあげ,,casual,tb,True
fukuoka/ogori,112,幸すし,寿司、海鮮,,seafood,tb,True
fukuoka/ogori,113,語り処 絆,居酒屋、焼酎バー,,izakaya,tb,True
fukuoka/ogori,114,てしま,居酒屋,,izakaya,tb,True
fukuoka/ogori,115,土cafeギャラリー,カフェ、喫茶店,,cafe,tb,True
fukuoka/ogori,116,たたきの店 焔,鳥料理,,other,none,False
fukuoka/ogori,117,BINH MINH QUAN,ベトナム料理,,chinese,tb,True
fukuoka/ogori,118,とびうめ,日本料理,,japanese,tb,True
fukuoka/ogori,119,鎌倉パスタ イオンモール小郡ショッピングセンター店,パスタ、パン,,european,tb,True
fukuoka/ogori,120,マクドナルド 小郡七夕通り店,ハンバーガー,,casual,tb,True
fukuoka/ogori,121,モスバーガー 福岡小郡店,ハンバーガー,,casual,tb,True
fukuoka/ogori,122,わらび餅専門店 門藤 福岡小郡店,和菓子,,sweets,tb,True
fukuoka/ogori,123,ジラソーレ 小郡,スペイン料理、ダイニングバー,,european,tb,True
fukuoka/ogori,124,マクドナルド 小郡津古店,ハンバーガー,,casual,tb,True
fukuoka/ogori,125,辛麺屋 輪 小郡店,ラーメン,,noodles,tb,True
fukuoka/ogori,126,クール クラブ バー,バー,,izakaya,tb,True
fukuoka/ogori,127,王子カレー イオン小郡店,インドカレー、インド料理,,curry,tb,True
fukuoka/ogori,128,JAみい直売所 めぐみの里,その他,,other,none,False
fukuoka/ogori,129,おちゃの舎 野の花,食堂、カフェ、甘味処,,casual,tb,True
fukuoka/ogori,130,旬彩和家,日本料理,,japanese,tb,True
fukuoka/ogori,131,ピザ・ペスカ・パッツォ,ピザ、ダイニングバー,,european,tb,True
fukuoka/ogori,132,大保酒店,日本酒バー、ジェラート・アイスクリーム,,izakaya,tb,True
fukuoka/ogori,133,焼鳥もつ鍋英ちゃん,焼き鳥,,meat,tb,True
fukuoka/ogori,134,RoomCafe Mana,カフェ,,cafe,tb,True
fukuoka/ogori,135,たい焼き福ちゃん,たい焼き・大判焼き,,sweets,tb,True
fukuoka/ogori,136,祥,食堂,,casual,tb,True
fukuoka/ogori,137,るしゅ。,カフェ,,cafe,tb,True
fukuoka/ogori,138,一樹一河,居酒屋,,izakaya,tb,True
fukuoka/ogori,139,仏露料理ザハジーチェ,フレンチ,,european,tb,True
fukuoka/ogori,140,Cafe厨房　Domani,居酒屋、バー,,izakaya,tb,True
fukuoka/ogori,141,林檎乳,その他,,other,none,False
fukuoka/ogori,142,COTTON'S,カフェ,,cafe,tb,True
fukuoka/ogori,143,カフェ&バー かしの樹,カフェ、バー,,cafe,tb,True
fukuoka/ogori,144,サブウェイ イオン小郡店,サンドイッチ,,sweets,tb,True
fukuoka/ogori,145,ケンタッキーフライドチキン イオン小郡店,ハンバーガー,,casual,tb,True
fukuoka/ogori,146,パン工場 イオン小郡店,パン,,sweets,tb,True
fukuoka/ogori,147,すき家 500号小郡店,牛丼、カレー、食堂,,casual,tb,True
fukuoka/ogori,148,長崎ちゃんぽん リンガーハット イオン小郡店,ちゃんぽん,,noodles,tb,True
fukuoka/ogori,149,サーティワンアイスクリーム イオン小郡SC店,ジェラート・アイスクリーム,,sweets,tb,True
fukuoka/ogori,150,カタルのからあげ,からあげ,,meat,tb,True
fukuoka/ogori,151,ミスター ドーナツ イオン小郡ショップ,ドーナツ,,sweets,tb,True
fukuoka/ogori,152,パリクロアッサン 美鈴の杜店,パン,,sweets,tb,True
fukuoka/ogori,153,千鳥屋本家 イオン小郡店,ケーキ、和菓子,,sweets,tb,True
fukuoka/ogori,154,ピザクック 小郡店,ピザ,,european,tb,True
fukuoka/ogori,155,いしむら イオン小郡店,和菓子、ケーキ、洋菓子,,sweets,tb,True
fukuoka/ogori,156,ひら川,お好み焼き、日本料理,,casual,tb,True
fukuoka/ogori,157,きくや食堂,おでん、居酒屋、日本料理,,japanese,tb,True
fukuoka/ogori,158,お茶の山口園 イオン小郡店,その他,,other,none,False
fukuoka/ogori,159,やきとり 88,焼き鳥,,meat,tb,True
fukuoka/ogori,160,壱光,焼き鳥,,meat,tb,True
fukuoka/ogori,161,あじ蔵,ヨーロッパ料理,,european,tb,True
fukuoka/ogori,162,いこいの広場サチコ,焼き鳥,,meat,tb,True
fukuoka/ogori,163,北谷庵,そば,,noodles,tb,True
fukuoka/ogori,164,LALI GURAS CARRY HAUSE,インドカレー、インド料理,,curry,tb,True
fukuoka/ogori,165,小さな店,居酒屋,,izakaya,tb,True
fukuoka/ogori,166,大阪たこ焼き はかたこ  イオン小郡店,たこ焼き、焼きそば、たい焼き・大判焼き,,casual,tb,True
fukuoka/ogori,167,侑庵,カフェ,,cafe,tb,True
fukuoka/ogori,168,フードボートカフェ&ビアードパパ 小郡店,シュークリーム、カフェ、洋菓子,,cafe,tb,False
fukuoka/ogori,169,たんぽぽ市場,惣菜・デリ,,casual,tb,True
fukuoka/ogori,170,Lou Lou neco,洋菓子,,sweets,tb,True
fukuoka/ogori,171,しあわせ食堂,食堂,,casual,tb,True
fukuoka/ogori,172,華楽 小郡店,中華料理,,chinese,tb,True
fukuoka/ogori,173,イドバタ炉ばた,居酒屋、焼き鳥、ろばた焼き,,izakaya,tb,True
fukuoka/ogori,174,食事処ひろ,居酒屋,,izakaya,tb,True
fukuoka/ogori,175,博多とよ唐亭 小郡駅前店,からあげ,,meat,tb,True
fukuoka/ogori,176,ほっともっと 小郡三沢店,弁当,,casual,tb,True
fukuoka/ogori,177,ほっともっと 小郡市役所前店,弁当,,casual,tb,True
fukuoka/ogori,178,シフォンケーキのお店 さつき,洋菓子,,sweets,tb,True
fukuoka/ogori,179,Tokiiro,ケーキ、洋菓子,,sweets,tb,True
fukuoka/ogori,180,ほっともっと 小郡駅前店,弁当,,casual,tb,True
fukuoka/ogori,181,弥右衛門,居酒屋,,izakaya,tb,True
fukuoka/ogori,182,Zac Kitchen,惣菜・デリ,,casual,tb,True
fukuoka/ogori,183,セブンイレブン 三国が丘店,コンビニ・スーパー,,daily,tb,True
fukuoka/ogori,184,VESPA,洋菓子,,sweets,tb,True
fukuoka/ogori,185,LAWSON 小郡市役所前,コンビニ・スーパー,,daily,tb,True
fukuoka/ogori,186,白木のいちご しあわせもん,その他,,other,none,False
fukuoka/ogori,187,おはな,カフェ,,cafe,tb,True
fukuoka/ogori,188,Y's coffee,カフェ,,cafe,tb,True
fukuoka/ogori,189,Patisserie Méli-Mélo,洋菓子,,sweets,tb,True
fukuoka/ogori,190,鉄板居酒屋 一,居酒屋,,izakaya,tb,True
fukuoka/ogori,191,居酒屋 ふわり,居酒屋,,izakaya,tb,True
fukuoka/ogori,192,スパイシー隼人,鳥料理,,other,none,False
fukuoka/ogori,193,おはようむすび,おにぎり,,casual,tb,True
fukuoka/ogori,194,酔鳥屋,焼き鳥,,meat,tb,True
fukuoka/ogori,195,レガネット 美鈴の杜,コンビニ・スーパー,,daily,tb,True
fukuoka/ogori,196,ファミリーマート 小郡力武店,コンビニ・スーパー,,daily,tb,True
fukuoka/ogori,197,志庵,居酒屋、馬肉料理,,izakaya,tb,True
fukuoka/ogori,198,喫茶マーガレット,喫茶店,,cafe,tb,True
fukuoka/ogori,199,マックスバリュ 小郡七夕通り店,コンビニ・スーパー,,daily,tb,True
fukuoka/ogori,200,睦造,居酒屋,,izakaya,tb,True
fukuoka/ogori,201,ベリーガーデン ルート88,お好み焼き,,casual,tb,True
fukuoka/ogori,202,野瀬鮮魚店,その他,,other,none,False
fukuoka/ogori,203,セブンイレブン 小郡上岩田店,コンビニ・スーパー,,daily,tb,True
fukuoka/ogori,204,ミニストップ 小郡二森店,コンビニ・スーパー,,daily,tb,True
fukuoka/ogori,205,やきとり誠,焼き鳥,,meat,tb,True
fukuoka/ogori,206,資門,焼き鳥、居酒屋,,meat,tb,True
fukuoka/ogori,207,Fucca,カフェ,,cafe,tb,True
fukuoka/ogori,208,ともだち,アジア・エスニック,,chinese,tb,True
fukuoka/ogori,209,BAR ONE STEP,バー,,izakaya,tb,True
fukuoka/ogori,210,petite poire,洋菓子,,sweets,tb,True
fukuoka/ogori,211,だがし家ちゃりんこ イオン小郡店,その他,,other,none,False
fukuoka/ogori,212,わいわいファーム 小郡店,その他,,other,none,False
fukuoka/ogori,213,一心,居酒屋,,izakaya,tb,True
fukuoka/ogori,214,ダイレックス 小郡店,その他,,other,none,False
fukuoka/ogori,215,ピザポケット 小郡店,ピザ,,european,tb,True
fukuoka/ogori,216,生鮮&業務スーパー 小郡店,コンビニ・スーパー,,daily,tb,True
fukuoka/ogori,217,コバコ食堂,日本料理、食堂、カフェ,,japanese,tb,True
fukuoka/ogori,218,Mr Max 小郡店,コンビニ・スーパー,,daily,tb,True
fukuoka/ogori,219,居酒屋よかとこ,居酒屋,,izakaya,tb,True
fukuoka/ogori,220,天本菓子店,和菓子,,sweets,tb,True
fukuoka/ogori,221,壺焼き芋 しましゃん,焼き芋・大学芋,,other,none,False
fukuoka/ogori,222,和幸,レストラン,,other,none,False
fukuoka/ogori,223,いいとこ鶏,鳥料理,,other,none,False
fukuoka/ogori,224,タック,その他,,other,none,False
fukuoka/ogori,225,炭処 山長,焼き鳥,,meat,tb,True
fukuoka/ogori,226,肥山酒店,惣菜・デリ,,casual,tb,True
fukuoka/ogori,227,千鳥屋 小郡七夕店,和菓子、洋菓子,,sweets,tb,True
fukuoka/ogori,228,ふか川,日本料理,,japanese,tb,True
fukuoka/ogori,229,たこ政,たこ焼き,,casual,tb,True
fukuoka/ogori,230,カラオケアメリカン,その他,,other,none,False
fukuoka/ogori,231,ここゆるカフェ,カフェ,,cafe,tb,True
fukuoka/ogori,232,居酒屋 八海,居酒屋、焼き鳥、串揚げ,,izakaya,tb,True
fukuoka/ogori,233,お弁当 はなのじょうろ,弁当,,casual,tb,True
fukuoka/ogori,234,喫茶潤,ラーメン,,noodles,tb,True
fukuoka/ogori,235,モンシェリ珈琲店,カフェ,,cafe,tb,True
fukuoka/ogori,236,海鮮丼屋 美露商店,海鮮丼,,seafood,tb,True
fukuoka/ogori,237,LAWSON 小郡駅前店,コンビニ・スーパー,,daily,tb,True
fukuoka/ogori,238,和,居酒屋,,izakaya,tb,True
fukuoka/ogori,239,マントン,居酒屋,,izakaya,tb,True
fukuoka/ogori,240,祥禾,中華料理,,chinese,tb,True
fukuoka/ogori,241,しょうさん,居酒屋,,izakaya,tb,True
fukuoka/ogori,242,Gaga,,,other,none,False
fukuoka/ogori,243,Bongsen,,International,other,none,False
fukuoka/ogori,244,Chaihana Ogori,,Japanese;Japanese - Traditional Cuisine;Kaiseki,japanese,ta,True
fukuoka/ogori,245,Sobadokoro Musashi Kogoori,,Japanese;Japanese - Other ,japanese,ta,True
fukuoka/ogori,246,Yumeno,,,other,none,False
fukuoka/ogori,247,Ika Ikizukuri No Genkitei,,Japanese;Seafood;Japanese - Other ,seafood,ta,True
fukuoka/ogori,248,Taishoen Ogori Tsuko,,Barbecue,meat,ta,True
fukuoka/ogori,249,Reve de Bebe,,,other,none,False
fukuoka/ogori,250,Mutchan Udon,,Japanese;Japanese - Other ,japanese,ta,True
fukuoka/ogori,251,Genkaizushi,,Japanese,japanese,ta,True
fukuoka/ogori,252,Honke Sanzoku Name Kurume,,Japanese;Japanese - Traditional Cuisine,japanese,ta,True
fukuoka/ogori,253,Nagahama Ramen Akichan,,Chinese;Pub,chinese,ta,True
fukuoka/ogori,254,Pizza Cooc Ogori,,,other,none,False
fukuoka/ogori,255,Ippinshanogori,,Chinese,chinese,ta,True
fukuoka/ogori,256,Chugoku Saikan Ronkun,,Chinese,chinese,ta,True
fukuoka/ogori,257,Sofurenogori,,Japanese;Japanese - Other ,japanese,ta,True
fukuoka/ogori,258,Hamazushi Ogori Oho,,,other,none,False
fukuoka/ogori,259,Ajiakiyoshi,,Japanese;Japanese - Other ,japanese,ta,True
fukuoka/ogori,260,Tontei,,Japanese;Japanese - Other ,japanese,ta,True
fukuoka/ogori,261,Yakitoritaiko,,Japanese;Japanese - Other ,japanese,ta,True
fukuoka/ogori,262,Taiho Ramen Ogori Matsuzaki branch school,,,other,none,False
fukuoka/ogori,263,Yuzen Sakura,,Japanese;Japanese - Traditional Cuisine,japanese,ta,True
fukuoka/ogori,264,Kurume Ramen Seiyoken Ogori,,Asian,chinese,ta,True
fukuoka/ogori,265,Kuru Kuru Tei,,,other,none,False
fukuoka/ogori,266,Uchi No Shokuji No Mise,,Japanese;International;Japanese - Other ,japanese,ta,True
fukuoka/ogori,267,Ramen Kirameki,,,other,none,False
fukuoka/ogori,268,Sumibi Yakiniku Magariya,,,other,none,False
fukuoka/ogori,269,Ringer Hut Aeon Ogori,,Asian,chinese,ta,True
fukuoka/ogori,270,Bancho,,Japanese,japanese,ta,True
fukuoka/ogori,271,Mos Burger Fukuokaogori,,American;Fast Food,european,ta,True
fukuoka/ogori,272,Subway Aeonogoori,,Fast Food,casual,ta,True
fukuoka/ogori,273,McDonald s Ogoori Tanabatadori,,Fast Food,casual,ta,True
fukuoka/ogori,274,I Girasoli Ogori,,,other,none,False
fukuoka/ogori,275,Ochanoie Nonohana,,Japanese;International;Japanese - Other ,japanese,ta,True
fukuoka/ogori,276,Musshudomunii,,Cafe,cafe,ta,True
fukuoka/ogori,277,Amamoto Pastry,,,other,none,False
fukuoka/ogori,278,Fukagawa,,Japanese,japanese,ta,True
fukuoka/ogori,279,Hanasan Shokudoogori,,Japanese;International;Japanese - Other ,japanese,ta,True
fukuoka/ogori,280,Tofu,,Taiwanese,other,none,False
fukuoka/ogori,281,Yen,,Japanese,japanese,ta,True
fukuoka/ogori,282,Izakaya Yakara,,Japanese,japanese,ta,True
fukuoka/ogori,283,Uotami Nishitetsu Ogori Eki Mae,,Seafood,seafood,ta,True
fukuoka/ogori,284,Ramen Center Chikushino Honten,,,other,none,False
fukuoka/ogori,285,Abe,,Japanese;Japanese - Other ,japanese,ta,True
fukuoka/ogori,286,Ryoan,,Chinese,chinese,ta,True
fukuoka/ogori,287,Hidane Ogoori Gion,,Japanese,japanese,ta,True
fukuoka/ogori,288,Oyaji,,Japanese;Izakaya (Japanese Style Tavern),izakaya,ta,True
fukuoka/ogori,289,栄洋軒,,,other,none,False
fukuoka/ogori,290,Yamaogori,,,other,none,False
fukuoka/ogori,291,Ogori Karaage,,,other,none,False
fukuoka/ogori,292,Confectionery Yakabe,,,other,none,False
fukuoka/ogori,293,Izakaya Yokatoko,,Japanese;Izakaya (Japanese Style Tavern),izakaya,ta,True
fukuoka/ogori,294,Ishimura Manseido,,,other,none,False
fukuoka/ogori,295,Hotto Motto Ogori Shiyakushomae,,Japanese,japanese,ta,True
fukuoka/ogori,296,Hotto Motto Ogoriekimae,,Japanese,japanese,ta,True
fukuoka/ogori,297,Teppan Tavern Ichi,,Japanese,japanese,ta,True
fukuoka/ogori,298,Sakiure,,Japanese,japanese,ta,True
fukuoka/ogori,299,Japanese Cuisine En,,,other,none,False
fukuoka/ogori,300,Terrine Shokudo,,,other,none,False
fukuoka/ogori,301,Kakehashi,,Japanese;Seafood;International;Japanese - Other ,seafood,ta,True
fukuoka/ogori,302,Shimon,,Japanese;Izakaya (Japanese Style Tavern),izakaya,ta,True
fukuoka/ogori,303,Kitatanian,,,other,none,False
fukuoka/ogori,304,Shochan Ramen,,Asian,chinese,ta,True
fukuoka/ogori,305,Arai Ogoori,,Japanese;Japanese - Other ,japanese,ta,True
fukuoka/ogori,306,Panelcafe,,Cafe,cafe,ta,True
fukuoka/ogori,307,Mt Evelest,,Indian,curry,ta,True
fukuoka/ogori,308,Cozy Room,,Cafe,cafe,ta,True
fukuoka/ogori,309,Yamabushi,,Japanese,japanese,ta,True
fukuoka/ogori,310,Chinese Restaurant Kiho,,Chinese,chinese,ta,True
fukuoka/ogori,311,Mado,,Cafe,cafe,ta,True
fukuoka/ogori,312,Restaurant Nagomi,,Japanese;Izakaya (Japanese Style Tavern),izakaya,ta,True
fukuoka/ogori,313,Izakaya Hatsuyuki,,Japanese;Seafood;Izakaya (Japanese Style Tavern),seafood,ta,True
fukuoka/ogori,314,Idobata Robata,,,other,none,False
fukuoka/ogori,315,Hakata Udon Hachiya Aeon Ogori,,,other,none,False
fukuoka/ogori,316,Tsuzumi,,,other,none,False
fukuoka/ogori,317,Chisana Mise,,Japanese,japanese,ta,True
fukuoka/ogori,318,Marumiya Udon,,,noodles,desc,False
fukuoka/ogori,319,Kankokumura,,Bar;Pub,izakaya,ta,True
fukuoka/ogori,320,Suishaya,,Japanese;Japanese - Traditional Cuisine;Kappo,japanese,ta,True
fukuoka/ogori,321,Music Sanada,,International,other,none,False
fukuoka/ogori,322,Miyako Wasure,,Japanese;Japanese - Traditional Cuisine,japanese,ta,True
fukuoka/ogori,323,Shigechan,,Barbecue,meat,ta,True
fukuoka/ogori,324,Hirata,,Japanese;Sushi,seafood,ta,True
fukuoka/ogori,325,Marusho,,Japanese,japanese,ta,True
fukuoka/ogori,326,Sumibiyaki Chisoya Mimitabu Ogori,,Japanese - Other ,japanese,ta,True
fukuoka/ogori,327,Matchan,,Japanese,japanese,ta,True
fukuoka/ogori,328,Ikiiki Sushi Market Ogori,,Japanese;Sushi,seafood,ta,True
fukuoka/ogori,329,Izakaya Akiharu,,Japanese,japanese,ta,True
fukuoka/ogori,330,Happy Curry House,,Asian;Nepali,chinese,ta,True
fukuoka/ogori,331,Fukuro,,Japanese,japanese,ta,True
fukuoka/ogori,332,Karaoke Billiards Yellow,,International,other,none,False
fukuoka/ogori,333,Karaoke Cafe Suzuran,,International,other,none,False
fukuoka/ogori,334,Toricho,,Japanese,japanese,ta,True
fukuoka/ogori,335,Sumidokoro Yamanaga,,Japanese,japanese,ta,True
fukuoka/ogori,336,Sushi Yoshi,,Japanese;Seafood;Sushi;Japanese - Other ,seafood,ta,True
fukuoka/ogori,337,Kagome Kagome,,Japanese,japanese,ta,True
fukuoka/ogori,338,Ekimae Bakery,,,other,none,False
fukuoka/ogori,339,てらおか,,Japanese,japanese,ta,True
fukuoka/ogori,340,Sushitora,,Japanese;Seafood;Sushi;Japanese - Other ,seafood,ta,True
fukuoka/ogori,341,Shikisai Masumasu,,Japanese;Japanese - Traditional Cuisine;Kappo,japanese,ta,True
fukuoka/ogori,342,Nobu,,Japanese;Sushi,seafood,ta,True
fukuoka/ogori,343,Yakitori Futoppara,,Japanese,japanese,ta,True
fukuoka/ogori,344,Karaoke Hana,,International,other,none,False
fukuoka/ogori,345,Oshokujidokoro Nagomi,,Japanese;International;Japanese - Other ,japanese,ta,True
fukuoka/ogori,346,Utamaro Karaoke,,International,other,none,False
fukuoka/ogori,347,Katte Dishes Manten,,Japanese,japanese,ta,True
fukuoka/ogori,348,Yakitoriteppoogoori,,Japanese,japanese,ta,True
fukuoka/ogori,349,Kappate,,Seafood,seafood,ta,True
fukuoka/ogori,350,Roughtimes,,Italian,european,ta,True
fukuoka/ogori,351,Ikko,,Japanese,japanese,ta,True
fukuoka/ogori,352,Isshin,,Japanese;Izakaya (Japanese Style Tavern),izakaya,ta,True
fukuoka/ogori,353,Himawari,,,other,none,False
fukuoka/ogori,354,Chidoriashi,,Japanese,japanese,ta,True
fukuoka/ogori,355,Aji No Shukuba,,,other,none,False
fukuoka/ogori,356,Misawa Laurier,,,other,none,False
fukuoka/ogori,357,Daikichi Honpo,,,other,none,False
fukuoka/ogori,358,Fukuryu,,,other,none,False
fukuoka/ogori,359,Banshaku Tei Jun,,Japanese;Izakaya (Japanese Style Tavern),izakaya,ta,True
fukuoka/ogori,360,Izakaya Akapiman,,Japanese;Izakaya (Japanese Style Tavern),izakaya,ta,True
fukuoka/ogori,361,Shosan,,Japanese;Izakaya (Japanese Style Tavern),izakaya,ta,True
fukuoka/ogori,362,Izakaya Ryosuke,,Pub,izakaya,ta,True
fukuoka/ogori,363,Manton,,Japanese;Izakaya (Japanese Style Tavern),izakaya,ta,True
fukuoka/ogori,364,Yauemon,,Izakaya (Japanese Style Tavern),izakaya,ta,True
fukuoka/ogori,365,Fukagawa Dining Hall,,,other,none,False
fukuoka/ogori,366,Hakata Yakitori Tensho,,,other,none,False
fukuoka/ogori,367,Shunsai Cuisine Mumumu,,Japanese;Izakaya (Japanese Style Tavern),izakaya,ta,True
fukuoka/ogori,368,Indian Cuisine Sitara Ogoori,,,other,none,False
fukuoka/ogori,369,Tenshinen Bakery Panne Gion,,,other,none,False
fukuoka/ogori,370,Teppan Dining Kanon,,,other,none,False
fukuoka/ogori,371,Ramen Hiranoya,,,other,none,False
fukuoka/ogori,372,Dondon,,Japanese;Izakaya (Japanese Style Tavern),izakaya,ta,True
fukuoka/ogori,373,Gakinchi Izakaya,,Japanese;Izakaya (Japanese Style Tavern),izakaya,ta,True
fukuoka/ogori,374,Choinomi Taru,,Japanese,japanese,ta,True
fukuoka/ogori,375,Ichiju Ichiga,,Japanese;Izakaya (Japanese Style Tavern),izakaya,ta,True
fukuoka/ogori,376,Nagedokoro Cull,,Bar;Pub,izakaya,ta,True
fukuoka/ogori,377,Sada No Ie,,,other,none,False
fukuoka/ogori,378,Moonlight Restaurant Bar,,,other,none,False
fukuoka/ogori,379,Hakata Yatai Ramen Aki Chan,,,other,none,False
fukuoka/okagaki,1,ジビエ料理屋 べんけい,肉料理,,meat,tb,True
fukuoka/okagaki,2,海の見えるカウンター寿司 鮨屋台 岡垣総本店,寿司,,seafood,tb,True
fukuoka/okagaki,3,チャンポンの店 松露,ちゃんぽん、カレー,,noodles,tb,True
fukuoka/okagaki,4,えびつラーメン,ラーメン、食堂、かつ丼,,noodles,tb,True
fukuoka/okagaki,5,長浜ラーメン一撃,ラーメン,,noodles,tb,True
fukuoka/okagaki,6,野々庵,日本料理,,japanese,tb,True
fukuoka/okagaki,7,豚屋食堂 岡垣町店,豚料理,,other,none,False
fukuoka/okagaki,8,麦のキッチン,パン、ピザ,,sweets,tb,True
fukuoka/okagaki,9,新中華,中華料理,,chinese,tb,True
fukuoka/okagaki,10,アリラン峠 岡垣店,焼肉,,meat,tb,True
fukuoka/okagaki,11,ハイデルベルグ,ケーキ,,sweets,tb,True
fukuoka/okagaki,12,ぶどうの樹,ヨーロッパ料理、鉄板焼き、バー,,european,tb,True
fukuoka/okagaki,13,チョップ キャンプ,カレー、インド料理,,curry,tb,True
fukuoka/okagaki,14,和食レストラン みよし,海鮮、寿司、うなぎ,,seafood,tb,True
fukuoka/okagaki,15,岡垣食堂 本店,食堂,,casual,tb,True
fukuoka/okagaki,16,TRATTORIA GIRASOLE,イタリアン,,european,tb,True
fukuoka/okagaki,17,ニュルブルクリンク,ハンバーガー、スイーツ、カフェ,,casual,tb,True
fukuoka/okagaki,18,福王食堂,台湾料理、食堂,,chinese,tb,True
fukuoka/okagaki,19,ごはんの時間,食堂,,casual,tb,True
fukuoka/okagaki,20,満洲軒,ラーメン、餃子,,noodles,tb,True
fukuoka/okagaki,21,甘味茶屋 安久里,甘味処、食堂,,sweets,tb,True
fukuoka/okagaki,22,八幡屋,ホテル,,other,none,False
fukuoka/okagaki,23,カフェ エム＆エム,カフェ、パン,,cafe,tb,True
fukuoka/okagaki,24,お月さん,うどん,,noodles,tb,True
fukuoka/okagaki,25,資さんうどん 岡垣店,うどん、レストラン,,noodles,tb,True
fukuoka/okagaki,26,森のレストラン,イタリアン、パスタ、ステーキ,,european,tb,True
fukuoka/okagaki,27,和の舎かりん,日本料理、海鮮,,japanese,tb,True
fukuoka/okagaki,28,おおしき,海鮮,,seafood,tb,True
fukuoka/okagaki,29,炭火焼 海輪亭,居酒屋、海鮮、日本料理,,izakaya,tb,True
fukuoka/okagaki,30,Cafe de GT.,カフェ,,cafe,tb,True
fukuoka/okagaki,31,やこりんご,カフェ、オーガニック、パン,,cafe,tb,True
fukuoka/okagaki,32,和麺・桜,うどん、居酒屋,,noodles,tb,True
fukuoka/okagaki,33,赤村,そば、うどん,,noodles,tb,True
fukuoka/okagaki,34,波止場茶店,喫茶店、カフェ,,cafe,tb,True
fukuoka/okagaki,35,博多やきとり あばれん坊,居酒屋、ラーメン、焼き鳥,,izakaya,tb,True
fukuoka/okagaki,36,海老津珈琲店,カフェ,,cafe,tb,True
fukuoka/okagaki,37,とねりこカフェ,カフェ、ラーメン,,cafe,tb,True
fukuoka/okagaki,38,FUKUOKA CRAFT BREWING Beer&Coffee,ビアバー、カフェ,,izakaya,tb,True
fukuoka/okagaki,39,跳ね馬ま,焼肉,,meat,tb,True
fukuoka/okagaki,40,焼鳥大将,焼き鳥,,meat,tb,True
fukuoka/okagaki,41,バッファロー,ステーキ、バー、鉄板焼き,,meat,tb,True
fukuoka/okagaki,42,博多地どり　市右ヱ門  福岡本店,鳥料理,,other,none,False
fukuoka/okagaki,43,岡垣いちご食堂,ビュッフェ,,casual,tb,True
fukuoka/okagaki,44,楽,居酒屋,,izakaya,tb,True
fukuoka/okagaki,45,香港茶餐廰,中華料理、飲茶・点心,,chinese,tb,True
fukuoka/okagaki,46,なごや,食堂,,casual,tb,True
fukuoka/okagaki,47,hiroro,パン,,sweets,tb,True
fukuoka/okagaki,48,PENELOPE,カフェ、ベーグル、スイーツ,,cafe,tb,True
fukuoka/okagaki,49,食彩々海への道,オーガニック、ビュッフェ、海鮮,,casual,tb,False
fukuoka/okagaki,50,土竜,居酒屋、串揚げ、創作料理,,izakaya,tb,True
fukuoka/okagaki,51,そば処一九庵,そば,,noodles,tb,True
fukuoka/okagaki,52,朧,からあげ、弁当、カレー,,meat,tb,True
fukuoka/okagaki,53,Mick DOUGHNUTS,ドーナツ,,sweets,tb,True
fukuoka/okagaki,54,The Narrow Garden,カフェ,,cafe,tb,True
fukuoka/okagaki,55,東筑軒 海老津うどん店,うどん、そば、弁当,,noodles,tb,True
fukuoka/okagaki,56,地鶏食堂 岡垣店,食堂、鳥料理,,casual,tb,True
fukuoka/okagaki,57,ジョイフル 北九州海老津店,ファミレス,,casual,tb,True
fukuoka/okagaki,58,焼肉はな,焼肉,,meat,tb,True
fukuoka/okagaki,59,寿司善,寿司,,seafood,tb,True
fukuoka/okagaki,60,ラーメン ばさらか 岡垣店,ラーメン,,noodles,tb,True
fukuoka/okagaki,61,Rad Standard,カフェ,,cafe,tb,True
fukuoka/okagaki,62,満海酒店,バー、レストラン,,izakaya,tb,True
fukuoka/okagaki,63,中央軒 本店,ラーメン,,noodles,tb,True
fukuoka/okagaki,64,らーめん酒ば まんしゅう軒,居酒屋、ラーメン,,izakaya,tb,True
fukuoka/okagaki,65,エアーロウかふぇ,カフェ,,cafe,tb,True
fukuoka/okagaki,66,Rider's Cafe Route 2244,カフェ,,cafe,tb,True
fukuoka/okagaki,67,パン工房　コロン,パン,,sweets,tb,True
fukuoka/okagaki,68,岡垣町観光ステーション 北斗七星,その他,,other,none,False
fukuoka/okagaki,69,ぶどうの樹のワイナリーショップ,その他,,other,none,False
fukuoka/okagaki,70,実家CLUTCH,喫茶店,,cafe,tb,True
fukuoka/okagaki,71,スシロー 遠賀岡垣店,回転寿司,,seafood,tb,True
fukuoka/okagaki,72,マクドナルド 3号線岡垣店,ハンバーガー,,casual,tb,True
fukuoka/okagaki,73,すき家  3号岡垣店,牛丼、丼,,casual,tb,True
fukuoka/okagaki,74,マリーフランソア 岡垣店,パン,,sweets,tb,True
fukuoka/okagaki,75,なの花 岡垣店,弁当,,casual,tb,True
fukuoka/okagaki,76,おかず工房　一善や,弁当,,casual,tb,True
fukuoka/okagaki,77,ゆかいな果樹園,その他,,other,none,False
fukuoka/okagaki,78,味工房 木屋瀬宿,弁当、惣菜・デリ,,casual,tb,True
fukuoka/okagaki,79,グリーンハウス,ジェラート・アイスクリーム,,sweets,tb,True
fukuoka/okagaki,80,モスバーガー 福岡岡垣店,ハンバーガー,,casual,tb,True
fukuoka/okagaki,81,居酒屋 上瀧,居酒屋,,izakaya,tb,True
fukuoka/okagaki,82,Atelier＆Live千樹音,カフェ、レストラン,,cafe,tb,True
fukuoka/okagaki,83,千鳥屋本家 イオン岡垣店,和菓子、洋菓子,,sweets,tb,True
fukuoka/okagaki,84,ぶどうの樹のワイナリーショップ,カフェ,,cafe,tb,True
fukuoka/okagaki,85,もくもく,インドカレー、居酒屋,,curry,tb,True
fukuoka/okagaki,86,パン工場 岡垣店,パン,,sweets,tb,True
fukuoka/okagaki,87,串カツ屋,居酒屋,,izakaya,tb,True
fukuoka/okagaki,88,セブンイレブン 岡垣山田店,コンビニ・スーパー,,daily,tb,True
fukuoka/okagaki,89,とんぼ,日本料理,,japanese,tb,True
fukuoka/okagaki,90,御肉処 葡萄苑,焼肉、ホルモン,,meat,tb,True
fukuoka/okagaki,91,さつま鳥,焼き鳥,,meat,tb,True
fukuoka/okagaki,92,桜寿司,寿司,,seafood,tb,True
fukuoka/okagaki,93,ちょい飲み MASA,居酒屋、郷土料理,,izakaya,tb,True
fukuoka/okagaki,94,ビックべアーズピザ 岡垣店,ピザ、フレンチ,,european,tb,True
fukuoka/okagaki,95,焼肉 花咲く,焼肉,,meat,tb,True
fukuoka/okagaki,96,小料理帯,日本料理,,japanese,tb,True
fukuoka/okagaki,97,居酒屋雀,居酒屋,,izakaya,tb,True
fukuoka/okagaki,98,里喜亭,レストラン,,other,none,False
fukuoka/okagaki,99,よっちゃん,焼き鳥,,meat,tb,True
fukuoka/okagaki,100,Polaris,ハンバーグ、喫茶店,,meat,tb,True
fukuoka/okagaki,101,源六寿司,寿司,,seafood,tb,True
fukuoka/okagaki,102,バリたこ,たこ焼き、韓国料理、スイーツ,,casual,tb,True
fukuoka/okagaki,103,セブンイレブン 岡垣野間店,コンビニ・スーパー,,daily,tb,True
fukuoka/okagaki,104,代志川,日本料理,,japanese,tb,True
fukuoka/okagaki,105,DogCafe マメ・アズ,カフェ,,cafe,tb,True
fukuoka/okagaki,106,Book座Cafe,カフェ,,cafe,tb,True
fukuoka/okagaki,107,森のピザハウス,ピザ,,european,tb,True
fukuoka/okagaki,108,唯一無二,鳥料理,,other,none,False
fukuoka/okagaki,109,綵,カフェ,,cafe,tb,True
fukuoka/okagaki,110,カフェ　ふれ愛,喫茶店,,cafe,tb,True
fukuoka/okagaki,111,小料理芳せんか,日本料理,,japanese,tb,True
fukuoka/okagaki,112,ほっともっと 海老津店,弁当,,casual,tb,True
fukuoka/okagaki,113,ハートランド,喫茶店,,cafe,tb,True
fukuoka/okagaki,114,LAWSON 岡垣芹田店,コンビニ・スーパー,,daily,tb,True
fukuoka/okagaki,115,おふくろの味　多美,食堂,,casual,tb,True
fukuoka/okagaki,116,浪漫,お好み焼き,,casual,tb,True
fukuoka/okagaki,117,バブルワッフル 82,スイーツ,,sweets,tb,True
fukuoka/okagaki,118,〇〇商店,食堂,,casual,tb,True
fukuoka/okagaki,119,Budo No Ki,,,other,none,False
fukuoka/okagaki,120,Heidelberg,,,other,none,False
fukuoka/okagaki,121,Sushiyatai,,Sushi,seafood,ta,True
fukuoka/okagaki,122,Nonoan,,Fusion,other,none,False
fukuoka/okagaki,123,Yakoringo,,Cafe;Healthy,cafe,ta,True
fukuoka/okagaki,124,Oshiki,,Japanese;International;Japanese - Other ,japanese,ta,True
fukuoka/okagaki,125,Soba Restaurant Ikkyuan,,,other,none,False
fukuoka/okagaki,126,Jidori Chicken Cafeteria Okagaki,,Japanese;International;Japanese - Other ,japanese,ta,True
fukuoka/okagaki,127,Suke San Udon Okagaki,,Japanese;Japanese - Other ,japanese,ta,True
fukuoka/okagaki,128,Ebitsu Ramen Center,,Asian,chinese,ta,True
fukuoka/okagaki,129,Yadozen Yahataya Mitsuumi No Yu Shokusaisai Umi He No Michi,,Japanese - Traditional Cuisine,other,none,False
fukuoka/okagaki,130,Miyoshi,,Japanese,japanese,ta,True
fukuoka/okagaki,131,Okagaki Ichigo Shokudo,,International;European,european,ta,True
fukuoka/okagaki,132,Nuerburgring,,,other,none,False
fukuoka/okagaki,133,Shoku Sai Sai Umieno Michi,,,other,none,False
fukuoka/okagaki,134,Sushi Yatai,,Sushi,seafood,ta,True
fukuoka/okagaki,135,Udon Soba Akamura,,,other,none,False
fukuoka/okagaki,136,Tochikuken Ebitsu Udon,,,other,none,False
fukuoka/okagaki,137,Hotto Motto Ebitsu,,Japanese,japanese,ta,True
fukuoka/okagaki,138,Champon No Mise Shoro,,,other,none,False
fukuoka/okagaki,139,Ramen Sakaba Abarenbo,,Asian,chinese,ta,True
fukuoka/okagaki,140,P Man,,Japanese,japanese,ta,True
fukuoka/okagaki,141,Ishokudokoro Kazuchan,,Japanese;Izakaya (Japanese Style Tavern),izakaya,ta,True
fukuoka/okagaki,142,Ofukuro No Ajitami,,Japanese;International;Japanese - Other ,japanese,ta,True
fukuoka/okagaki,143,Sushiro Onga okagaki,,,other,none,False
fukuoka/okagaki,144,Yocchan,,Japanese,japanese,ta,True
fukuoka/okagaki,145,Marushin,,Japanese,japanese,ta,True
fukuoka/okagaki,146,Comic Cafe Planet,,Cafe,cafe,ta,True
fukuoka/okagaki,147,Yakiniku Hiromura Okagaki,,Barbecue,meat,ta,True
fukuoka/okagaki,148,Nagomiya,,Japanese,japanese,ta,True
fukuoka/okagaki,149,Izakaya Ashizuri,,Japanese,japanese,ta,True
fukuoka/okagaki,150,Shoya Aeon Okagaki,,,other,none,False
fukuoka/okagaki,151,Ganso Gankomon Ramen,,,other,none,False
fukuoka/okagaki,152,Manshuken,,,other,none,False
fukuoka/okagaki,153,Mogura,,Japanese;Izakaya (Japanese Style Tavern),izakaya,ta,True
fukuoka/okagaki,154,Genroku Sushi,,Japanese;Seafood;Sushi;Japanese - Other ,seafood,ta,True
fukuoka/okagaki,155,Chikuho Ramen Basaraka Ogaki,,,other,none,False
fukuoka/okagaki,156,Fukada Unagi,,Japanese;Japanese - Other ,japanese,ta,True
fukuoka/okagaki,157,Tombo,,Japanese;Japanese - Other ,japanese,ta,True
fukuoka/okagaki,158,Cafe Dogrun Plus1,,,other,none,False
fukuoka/okagaki,159,Oshokuji Dokoro ,,Asian;Japanese - Other ,chinese,ta,True
fukuoka/okagaki,160,Raku,,Japanese,japanese,ta,True
fukuoka/okagaki,161,Waraimeshi,,Japanese;Izakaya (Japanese Style Tavern),izakaya,ta,True
fukuoka/okagaki,162,ぶどうの樹予約センター,,Italian,european,ta,True
fukuoka/okagaki,163,Taise en,,,other,none,False
fukuoka/okagaki,164,Ken Chan of Fried Chicken,,Japanese,japanese,ta,True
fukuoka/okagaki,165,Mori No Restarutant,,,other,none,False
fukuoka/okagaki,166,Hakata Ichibandori Kyoshokuya Arai Fc Ebitsu,,Japanese,japanese,ta,True
fukuoka/okagaki,167,Koryoriobi,,Japanese;Japanese - Other ,japanese,ta,True
fukuoka/okagaki,168,Koryori Hosenka,,Japanese;Japanese - Other ,japanese,ta,True
fukuoka/okagaki,169,Heartland,,Japanese,japanese,ta,True
fukuoka/okagaki,170,Izakaya Danran,,Japanese;Izakaya (Japanese Style Tavern),izakaya,ta,True
fukuoka/okagaki,171,Chidoriya Honke Okagaki,,,sweets,desc,False
fukuoka/okagaki,172,Mugi no Kitchen,,,other,none,False
fukuoka/okagaki,173,Kazumen Sakura,,Japanese;Japanese - Other ,japanese,ta,True
fukuoka/okagaki,174,Kajiki Pastry,,,other,none,False
fukuoka/okagaki,175,Ichigeki,,Kyushu cuisine,other,none,False
fukuoka/okagaki,176,Okonomiyaki Roman,,Japanese,japanese,ta,True
fukuoka/okagaki,177,Okagaki Shokudo,,,other,none,False
fukuoka/okagaki,178,Yakiniku Obata,,,other,none,False
fukuoka/okagaki,179,Akebonoya Confectionery,,,other,none,False
fukuoka/okagaki,180,Akindo Sushiro Onga Okagaki,,,other,none,False
fukuoka/okawashi,1,Taj,インドカレー,,curry,tb,True
fukuoka/okawashi,2,富龍らーめん,ラーメン、ちゃんぽん,,noodles,tb,True
fukuoka/okawashi,3,本吉屋 大川店,うなぎ,,seafood,tb,True
fukuoka/okawashi,4,七九軒,ラーメン、ちゃんぽん,,noodles,tb,True
fukuoka/okawashi,5,浜松屋,うなぎ,,seafood,tb,True
fukuoka/okawashi,6,焼肉森山 大川店,焼肉、ホルモン、牛料理,,meat,tb,True
fukuoka/okawashi,7,パンダ亭,中華料理,,chinese,tb,True
fukuoka/okawashi,8,ぱすたろう Okawa,パスタ,,european,tb,True
fukuoka/okawashi,9,煌龍,豚丼,,other,none,False
fukuoka/okawashi,10,庄屋,居酒屋、焼き鳥,,izakaya,tb,True
fukuoka/okawashi,11,マル幸ラーメン,ラーメン、ちゃんぽん、焼きそば,,noodles,tb,True
fukuoka/okawashi,12,酒菜 ゆずとこめ,居酒屋、日本料理、創作料理,,izakaya,tb,True
fukuoka/okawashi,13,あずみうどん	 大川店,うどん,,noodles,tb,True
fukuoka/okawashi,14,パリ・モンスリー,パン,,sweets,tb,True
fukuoka/okawashi,15,博多鉄板焼 MUGEN,日本料理,,japanese,tb,True
fukuoka/okawashi,16,肴トさかな つじすま,日本料理、海鮮,,japanese,tb,True
fukuoka/okawashi,17,華さん食堂 大川店,レストラン、食堂,,casual,tb,False
fukuoka/okawashi,18,鮨川,寿司、海鮮,,seafood,tb,True
fukuoka/okawashi,19,料亭・旅館　三川屋,日本料理、すっぽん、料理旅館,,japanese,tb,True
fukuoka/okawashi,20,中華料理 サン,中華料理、ラーメン,,chinese,tb,True
fukuoka/okawashi,21,HYOKU,カフェ、ハンバーグ,,cafe,tb,True
fukuoka/okawashi,22,リストランテショウブン,洋食、創作料理、カフェ,,european,tb,True
fukuoka/okawashi,23,カフェ コロイコ,カフェ,,cafe,tb,True
fukuoka/okawashi,24,OASIS CAFE,カフェ,,cafe,tb,True
fukuoka/okawashi,25,酒膳 松乃,日本料理,,japanese,tb,True
fukuoka/okawashi,26,船頭寿司,寿司,,seafood,tb,True
fukuoka/okawashi,27,唐揚げ 大将,からあげ,,meat,tb,True
fukuoka/okawashi,28,65touch,カフェ、イタリアン、パスタ,,cafe,tb,True
fukuoka/okawashi,29,大川温泉,その他,,other,none,False
fukuoka/okawashi,30,パフェ屋 そらり 大川店,フルーツパーラー、ハンバーグ,,meat,tb,False
fukuoka/okawashi,31,新美勢本店,寿司,,seafood,tb,True
fukuoka/okawashi,32,ニド カフェ,カフェ、喫茶店、スイーツ,,cafe,tb,True
fukuoka/okawashi,33,ダイニングストーブ,ダイニングバー,,izakaya,tb,True
fukuoka/okawashi,34,セントラルホテル大川,ホテル,,other,none,False
fukuoka/okawashi,35,幸陽軒,ラーメン,,noodles,tb,True
fukuoka/okawashi,36,福喜 本店,海鮮、居酒屋、日本料理,,seafood,tb,True
fukuoka/okawashi,37,天風堂 大川店,ラーメン,,noodles,tb,True
fukuoka/okawashi,38,長浜ラーメン,ラーメン、餃子,,noodles,tb,True
fukuoka/okawashi,39,炭焼 かどで,焼き鳥,,meat,tb,True
fukuoka/okawashi,40,鹿江屋,和菓子,,sweets,tb,True
fukuoka/okawashi,41,禮,喫茶店,,cafe,tb,True
fukuoka/okawashi,42,ペディメント,創作料理、ピザ、イタリアン,,japanese,tb,True
fukuoka/okawashi,43,さつまラーメン 大川店,ラーメン,,noodles,tb,True
fukuoka/okawashi,44,はつ美寿し,寿司、海鮮、日本料理,,seafood,tb,True
fukuoka/okawashi,45,ボン・ガトー,ケーキ,,sweets,tb,True
fukuoka/okawashi,46,オオカワテラッツァ,カフェ,,cafe,tb,True
fukuoka/okawashi,47,もとくら庄屋 大川店,食堂、麺類、丼,,casual,tb,True
fukuoka/okawashi,48,酒城 ばっかす,居酒屋,,izakaya,tb,True
fukuoka/okawashi,49,皕,ステーキ、カフェ、ハンバーグ,,meat,tb,True
fukuoka/okawashi,50,SUNBRIDGE,カフェ,,cafe,tb,True
fukuoka/okawashi,51,炭火焼肉 しちりん園,焼肉、ホルモン,,meat,tb,True
fukuoka/okawashi,52,ぎょうざ専門 中国屋,餃子,,chinese,tb,True
fukuoka/okawashi,53,若竹,うどん、そば、ラーメン,,noodles,tb,True
fukuoka/okawashi,54,BACK YARD COFFEE,カフェ,,cafe,tb,True
fukuoka/okawashi,55,手づくりパン工房 Serio 大川店,パン,,sweets,tb,True
fukuoka/okawashi,56,福喜 別館,日本料理,,japanese,tb,True
fukuoka/okawashi,57,馳走 旭松,日本料理、海鮮、天ぷら,,japanese,tb,True
fukuoka/okawashi,58,がらんの,うどん,,noodles,tb,True
fukuoka/okawashi,59,やきとりびん,焼き鳥,,meat,tb,True
fukuoka/okawashi,60,海人,焼き鳥、居酒屋,,meat,tb,True
fukuoka/okawashi,61,caferob 大川店,パンケーキ,,sweets,desc,False
fukuoka/okawashi,62,ウエスト 大川店,うどん、そば,,noodles,tb,True
fukuoka/okawashi,63,お食事処 龍八,うどん、かつ丼、ちゃんぽん,,noodles,tb,True
fukuoka/okawashi,64,多なか,からあげ、焼き鳥、食堂,,meat,tb,True
fukuoka/okawashi,65,マクシマン,イタリアン,,european,tb,True
fukuoka/okawashi,66,あだち珈琲,カフェ,,cafe,tb,True
fukuoka/okawashi,67,まさ割烹,日本料理,,japanese,tb,True
fukuoka/okawashi,68,串ともも焼き まぼ家,居酒屋、鳥料理,,izakaya,tb,True
fukuoka/okawashi,69,居酒屋銀杏,居酒屋,,izakaya,tb,True
fukuoka/okawashi,70,みそや仁房,日本料理、郷土料理,,japanese,tb,True
fukuoka/okawashi,71,とり富士,焼き鳥,,meat,tb,True
fukuoka/okawashi,72,炭火焼肉つぼ家,焼肉,,meat,tb,True
fukuoka/okawashi,73,カフェゑん,カフェ,,cafe,tb,True
fukuoka/okawashi,74,たこやき ジャンボ 大川店,たこ焼き,,casual,tb,True
fukuoka/okawashi,75,満洲屋,餃子、焼肉,,chinese,tb,True
fukuoka/okawashi,76,和心洋風レストランさんすい亭,フレンチ,,european,tb,True
fukuoka/okawashi,77,うさぎの穴,パン、サンドイッチ,,sweets,tb,True
fukuoka/okawashi,78,玉寿司,寿司,,seafood,tb,True
fukuoka/okawashi,79,豚八,ラーメン,,noodles,tb,True
fukuoka/okawashi,80,吉兆亭,ラーメン,,noodles,tb,True
fukuoka/okawashi,81,Restaurant Bar cru,ダイニングバー、ピザ、パスタ,,izakaya,tb,True
fukuoka/okawashi,82,蕎麦と豚 なかむら,そば,,noodles,tb,True
fukuoka/okawashi,83,焼肉 ホルモン ぎゅうな,焼肉,,meat,tb,True
fukuoka/okawashi,84,ダイニングカフェ＆バー オリーブ,スペイン料理、洋食,,european,tb,True
fukuoka/okawashi,85,KŌBA食堂ご縁,その他,,other,none,False
fukuoka/okawashi,86,たぬき食堂,居酒屋,,izakaya,tb,True
fukuoka/okawashi,87,酒楽庵 鮮味,居酒屋,,izakaya,tb,True
fukuoka/okawashi,88,リンガーハット 福岡大川店,ちゃんぽん,,noodles,tb,True
fukuoka/okawashi,89,志岐蒲鉾本店 中央店,その他,,other,none,False
fukuoka/okawashi,90,ジョイフル 福岡大川店,ファミレス,,casual,tb,True
fukuoka/okawashi,91,餃子の王将 大川榎津店,餃子、中華料理,,chinese,tb,True
fukuoka/okawashi,92,マクドナルド 208大川店,ハンバーガー,,casual,tb,True
fukuoka/okawashi,93,ミスタードーナツ ゆめタウン大川ショップ,ドーナツ、カフェ,,sweets,tb,True
fukuoka/okawashi,94,タリーズコーヒー 大川高木病院店,カフェ,,cafe,tb,True
fukuoka/okawashi,95,ドトールコーヒーショップ 大川店,カフェ,,cafe,tb,True
fukuoka/okawashi,96,ケンタッキーフライドチキン ゆめタウン大川店,鳥料理,,other,none,False
fukuoka/okawashi,97,サンエトワール 大川店,パン、サンドイッチ,,sweets,tb,True
fukuoka/okawashi,98,きよ家,寿司,,seafood,tb,True
fukuoka/okawashi,99,龍為製菓,和菓子,,sweets,tb,True
fukuoka/okawashi,100,炭焼 次男坊,肉料理、焼肉、焼き鳥,,meat,tb,True
fukuoka/okawashi,101,やきとり味のいわちゃん,焼き鳥,,meat,tb,True
fukuoka/okawashi,102,香味 きくの雫,日本料理,,japanese,tb,True
fukuoka/okawashi,103,ごはんどき 大川店,食堂、ラーメン、かつ丼,,casual,tb,True
fukuoka/okawashi,104,居酒屋 笑,居酒屋,,izakaya,tb,True
fukuoka/okawashi,105,ぎおん太鼓,居酒屋,,izakaya,tb,True
fukuoka/okawashi,106,ほっともっと 大川店,弁当,,casual,tb,True
fukuoka/okawashi,107,サーティワンアイスクリーム ゆめタウン大川店,ジェラート・アイスクリーム,,sweets,tb,True
fukuoka/okawashi,108,えん,居酒屋,,izakaya,tb,True
fukuoka/okawashi,109,中華満福桜,中華料理、弁当,,chinese,tb,True
fukuoka/okawashi,110,りゅうじん,餃子,,chinese,tb,True
fukuoka/okawashi,111,池上菓子本店,和菓子,,sweets,tb,True
fukuoka/okawashi,112,銀亭,レストラン,,other,none,False
fukuoka/okawashi,113,コート・ドール,ケーキ,,sweets,tb,True
fukuoka/okawashi,114,やきとり太郎,居酒屋,,izakaya,tb,True
fukuoka/okawashi,115,隆勝堂 ゆめタウン大川店,和菓子、洋菓子,,sweets,tb,True
fukuoka/okawashi,116,とり商 わか菜,揚げ物、からあげ,,casual,tb,True
fukuoka/okawashi,117,梅花堂 越山 大川店,和菓子、洋菓子,,sweets,tb,True
fukuoka/okawashi,118,村岡屋 ゆめタウン大川店,和菓子,,sweets,tb,True
fukuoka/okawashi,119,うさぎ屋菓舗,洋菓子,,sweets,tb,True
fukuoka/okawashi,120,からあげ 桜,からあげ,,meat,tb,True
fukuoka/okawashi,121,ゆめタウン 大川,コンビニ・スーパー,,daily,tb,True
fukuoka/okawashi,122,本家かまどや 大川店,弁当,,casual,tb,True
fukuoka/okawashi,123,AZcafe Shidaka 福岡大川店,レストラン,,other,none,False
fukuoka/okawashi,124,からふく 大川店,からあげ、弁当、焼き鳥,,meat,tb,True
fukuoka/okawashi,125,たこ焼きのリボン ゆめタウン大川店,たこ焼き,,casual,tb,True
fukuoka/okawashi,126,中村茶園,カフェ,,cafe,tb,True
fukuoka/okawashi,127,志岐蒲鉾本舗,惣菜・デリ,,casual,tb,True
fukuoka/okawashi,128,ホルモンヤ 永楽軒,ホルモン,,meat,tb,True
fukuoka/okawashi,129,オーヴ,レストラン,,other,none,False
fukuoka/okawashi,130,TEN to TEN 大川店,焼きそば,,noodles,tb,True
fukuoka/okawashi,131,味美,食堂,,casual,tb,True
fukuoka/okawashi,132,とり幸精肉店,その他,,other,none,False
fukuoka/okawashi,133,まるちゃん 大川店,レストラン,,other,none,False
fukuoka/okawashi,134,むぎわらやカフェ,カフェ、洋食,,cafe,tb,True
fukuoka/okawashi,135,しんみせ,居酒屋,,izakaya,tb,True
fukuoka/okawashi,136,がく mothers kitchen,居酒屋、食堂,,izakaya,tb,True
fukuoka/okawashi,137,ミニストップ 大川中古賀店,コンビニ・スーパー,,daily,tb,True
fukuoka/okawashi,138,ひよ子本舗 吉野堂 ゆめタウン大川店,和菓子,,sweets,tb,True
fukuoka/okawashi,139,arbor,その他,,other,none,False
fukuoka/okawashi,140,Italian×French Cafe&bar K,イタリアン,,european,tb,True
fukuoka/okawashi,141,蔵内堂,その他,,other,none,False
fukuoka/okawashi,142,珍竹林,居酒屋,,izakaya,tb,True
fukuoka/okawashi,143,にこにこ本舗,焼き鳥,,meat,tb,True
fukuoka/okawashi,144,セブンイレブン 大川向島店,コンビニ・スーパー,,daily,tb,True
fukuoka/okawashi,145,右近本店,日本料理,,japanese,tb,True
fukuoka/okawashi,146,かさしん食堂,食堂、居酒屋、スポーツバー,,casual,tb,True
fukuoka/okawashi,147,むすんでひらいて ルミエール大川店,弁当、惣菜・デリ,,casual,tb,True
fukuoka/okawashi,148,136Bakery ダイレックス大川店,パン,,sweets,tb,True
fukuoka/okawashi,149,BULLDOG,パン,,sweets,tb,True
fukuoka/okawashi,150,角打ち屋 酒団,居酒屋,,izakaya,tb,True
fukuoka/okawashi,151,味処 丸安,居酒屋,,izakaya,tb,True
fukuoka/okawashi,152,BAR LON,バー,,izakaya,tb,True
fukuoka/okawashi,153,魚魚,居酒屋,,izakaya,tb,True
fukuoka/okawashi,154,居酒屋 はなはな,居酒屋,,izakaya,tb,True
fukuoka/okawashi,155,清正,焼き鳥,,meat,tb,True
fukuoka/okawashi,156,ZORRO HOUSE,バー,,izakaya,tb,True
fukuoka/okawashi,157,すし処右京,寿司,,seafood,tb,True
fukuoka/okawashi,158,ピザポケット 大川店,ピザ,,european,tb,True
fukuoka/okawashi,159,柳屋,うなぎ,,seafood,tb,True
fukuoka/okawashi,160,炭火焼 天狗,居酒屋,,izakaya,tb,True
fukuoka/okawashi,161,九十九,焼き鳥,,meat,tb,True
fukuoka/okawashi,162,寿司処 彦寿し,寿司、日本料理,,seafood,tb,True
fukuoka/okawashi,163,めん六や 福岡大川店,うどん、そば、ラーメン,,noodles,tb,True
fukuoka/okawashi,164,山口うなぎ店,うなぎ,,seafood,tb,True
fukuoka/okawashi,165,和食居酒屋KAZ,居酒屋,,izakaya,tb,True
fukuoka/okawashi,166,Muscle Bakery,パン,,sweets,tb,True
fukuoka/okawashi,167,グラニーハンバーグ,ハンバーグ、カフェ、カレー,,meat,tb,True
fukuoka/okawashi,168,コミュニティスナック さとみん,バー,,izakaya,tb,True
fukuoka/okawashi,169,Hamamatsuya,,Japanese;Japanese - Other ,japanese,ta,True
fukuoka/okawashi,170,Asian Kitchen Taj,,Indian,curry,ta,True
fukuoka/okawashi,171,Okawa Shokaikyo Onsen Shokudo,,Japanese;International;Japanese - Other ,japanese,ta,True
fukuoka/okawashi,172,Pediment,,Fusion,other,none,False
fukuoka/okawashi,173,Motoyoshiyaokawa,,Seafood,seafood,ta,True
fukuoka/okawashi,174,Ristorante Shoubun,,Italian;Fusion,european,ta,True
fukuoka/okawashi,175,Hareruya,,,other,none,False
fukuoka/okawashi,176,Tama Sushi,,Japanese;Seafood;Sushi;Japanese - Other ,seafood,ta,True
fukuoka/okawashi,177,Yakitori Bin,,Japanese;Japanese - Other ,japanese,ta,True
fukuoka/okawashi,178,Gintei,,Japanese;Izakaya (Japanese Style Tavern),izakaya,ta,True
fukuoka/okawashi,179,Kiyoya,,Japanese;Japanese - Other ,japanese,ta,True
fukuoka/okawashi,180,Sendo Sushi,,Japanese;Seafood;Sushi;Japanese - Other ,seafood,ta,True
fukuoka/okawashi,181,Cafe de Rosso,,Cafe,cafe,ta,True
fukuoka/okawashi,182,Gyozano Osho Okawa Enokizu,,Chinese,chinese,ta,True
fukuoka/okawashi,183,Azumasushi,,Japanese;Seafood;Sushi;Japanese - Other ,seafood,ta,True
fukuoka/okawashi,184,Yakiniku Moriyama Okawa,,Barbecue,meat,ta,True
fukuoka/okawashi,185,Osteria L Alba,,Italian,european,ta,True
fukuoka/okawashi,186,Kizuna,,Japanese,japanese,ta,True
fukuoka/okawashi,187,Furyu Ramen,,,other,none,False
fukuoka/okawashi,188,Fukuki,,Japanese,japanese,ta,True
fukuoka/okawashi,189,McDonald s 208 Ookawa Store,,Fast Food,casual,ta,True
fukuoka/okawashi,190,Ringer Hut Fukuoka Okawa,,,other,none,False
fukuoka/okawashi,191,Azumi Udon Okawa,,Japanese;Japanese - Other ,japanese,ta,True
fukuoka/okawashi,192,Ishimuraokawa,,,other,none,False
fukuoka/okawashi,193,Taisho,,Japanese;Japanese - Other ,japanese,ta,True
fukuoka/okawashi,194,Usagiya Confectionery,,,other,none,False
fukuoka/okawashi,195,Cocco Kara Age Kun,,Japanese,japanese,ta,True
fukuoka/okawashi,196,Kiyomasa,,Japanese;Japanese - Other ,japanese,ta,True
fukuoka/okawashi,197,Sansuitei,,French,european,ta,True
fukuoka/okawashi,198,Honami Udon,,Japanese;Japanese - Other ,japanese,ta,True
fukuoka/okawashi,199,Furusato,,Japanese;Izakaya (Japanese Style Tavern),izakaya,ta,True
fukuoka/okawashi,200,Hotto Motto Okawa,,Japanese,japanese,ta,True
fukuoka/okawashi,201,Horichan Okonomitei,,Japanese;Japanese - Other ,japanese,ta,True
fukuoka/okawashi,202,Cafe Salon Nido,,Cafe,cafe,ta,True
fukuoka/okawashi,203,Good for Lunch Nitta,,Japanese,japanese,ta,True
fukuoka/okawashi,204,Son Gar Land,,International,other,none,False
fukuoka/okawashi,205,Ishii Shoten,,Asian,chinese,ta,True
fukuoka/okawashi,206,Hikozushi,,Japanese;Seafood;Sushi,seafood,ta,True
fukuoka/okawashi,207,Karaoke America Okawa,,International,other,none,False
fukuoka/okawashi,208,Ryuhachi Shokudo,,Japanese;Japanese - Other ,japanese,ta,True
fukuoka/okawashi,209,Makushiman,,Italian,european,ta,True
fukuoka/okawashi,210,Rairaiken,,,other,none,False
fukuoka/okawashi,211,Yonenchan,,Japanese;Japanese - Other ,japanese,ta,True
fukuoka/okawashi,212,Yakitori Hamachan,,Japanese;Japanese - Other ,japanese,ta,True
fukuoka/okawashi,213,Fukuhana,,Japanese;Seafood;Japanese - Other ,seafood,ta,True
fukuoka/okawashi,214,Marukin Sushi,,Japanese;Seafood;Sushi;Japanese - Other ,seafood,ta,True
fukuoka/okawashi,215,Uotake,,Japanese;Seafood;Sushi;Japanese - Other ,seafood,ta,True
fukuoka/okawashi,216,Hisago,,Japanese;Japanese - Other ,japanese,ta,True
fukuoka/okawashi,217,Miyakuni,,Japanese;Japanese - Traditional Cuisine;Kappo,japanese,ta,True
fukuoka/okawashi,218,Chinchikurin,,Japanese;Japanese - Other ,japanese,ta,True
fukuoka/okawashi,219,Tsukumo Oyakitori,,Japanese;Japanese - Other ,japanese,ta,True
fukuoka/okawashi,220,Takoyaki Jumbo,,Japanese,japanese,ta,True
fukuoka/okawashi,221,にし山,,Japanese;Seafood;Sushi;Japanese - Other ,seafood,ta,True
fukuoka/okawashi,222,Sumibi Kushiyaki Kimidori,,Japanese;Japanese - Other ,japanese,ta,True
fukuoka/okawashi,223,Okonomiyaki No Ribon Yumetownokawa,,Japanese,japanese,ta,True
fukuoka/okawashi,224,Yakitori Heisei,,Japanese,japanese,ta,True
fukuoka/okawashi,225,Seajackokawa,,Japanese;Sushi,seafood,ta,True
fukuoka/okawashi,226,Tengu,,Japanese;Japanese - Other ,japanese,ta,True
fukuoka/okawashi,227,Sushi Dokoro Ukyo,,Japanese;Seafood;Sushi;Japanese - Other ,seafood,ta,True
fukuoka/okawashi,228,Kitcho,,Seafood,seafood,ta,True
fukuoka/okawashi,229,Champon No Ohgi,,,other,none,False
fukuoka/okawashi,230,Fukuki Annex,,Japanese;Japanese - Traditional Cuisine,japanese,ta,True
fukuoka/okawashi,231,Sake Dokoro Yoroka,,Japanese;Izakaya (Japanese Style Tavern),izakaya,ta,True
fukuoka/okawashi,232,Izakaya Ginnan,,Japanese;Izakaya (Japanese Style Tavern),izakaya,ta,True
fukuoka/okawashi,233,Takada Shoten,,,other,none,False
fukuoka/okawashi,234,Eall,,Japanese,japanese,ta,True
fukuoka/okawashi,235,Sinmisesushi Main Store,,Japanese;Sushi,seafood,ta,True
fukuoka/okawashi,236,Dining Stove,,,other,none,False
fukuoka/okawashi,237,Kudo Shokudo,,Japanese;International;Japanese - Other ,japanese,ta,True
fukuoka/okawashi,238,Omusubi Kobo,,Japanese - Other ,japanese,ta,True
fukuoka/okawashi,239,Meshiya Mogu,,Japanese;International;Japanese - Other ,japanese,ta,True
fukuoka/okawashi,240,Yamaguchi Unagi Ten,,Japanese;Japanese - Other ,japanese,ta,True
fukuoka/okawashi,241,Sushi Kawa,,Japanese;Sushi,seafood,ta,True
fukuoka/okawashi,242,Ryujin,,Asian,chinese,ta,True
fukuoka/okawashi,243,Sashimiya,,Japanese,japanese,ta,True
fukuoka/okawashi,244,Ichibantei of Kettle Rice,,Japanese,japanese,ta,True
fukuoka/okawashi,245,Gin Shariya Okawa 208 Bypass,,Japanese,japanese,ta,True
fukuoka/okawashi,246,Uokoga,,Japanese;Japanese - Other ,japanese,ta,True
fukuoka/okawashi,247,Yanagiya,,Japanese;Japanese - Other ,japanese,ta,True
fukuoka/okawashi,248,Maruyasu,,Japanese,japanese,ta,True
fukuoka/okawashi,249,Den Den,,Japanese;Japanese - Other ,japanese,ta,True
fukuoka/okawashi,250,Yakitori Komasa,,Japanese,japanese,ta,True
fukuoka/okawashi,251,Mimi,,Japanese;International;Japanese - Other ,japanese,ta,True
fukuoka/okawashi,252,Ukon Main Store,,Japanese;Japanese - Other ,japanese,ta,True
fukuoka/okawashi,253,Edamitsu Shokudo,,Japanese,japanese,ta,True
fukuoka/okawashi,254,Dasu,,Japanese,japanese,ta,True
fukuoka/okawashi,255,Chinese Restaurant Fukugenokawa,,Chinese,chinese,ta,True
fukuoka/okawashi,256,Precious,,Japanese;International;Japanese - Other ,japanese,ta,True
fukuoka/okawashi,257,Sozairyori Pangea,,Fusion,other,none,False
fukuoka/okawashi,258,Motokura Shoya Yume Town Okawa,,Japanese;Japanese - Other ,japanese,ta,True
fukuoka/okawashi,259,Sumibiyakinikutejommun,,Japanese,japanese,ta,True
fukuoka/okawashi,260,Shinmise,,International,other,none,False
fukuoka/okawashi,261,Fureai,,International,other,none,False
fukuoka/okawashi,262,Gohandoki Okawa,,Japanese;International,japanese,ta,True
fukuoka/okawashi,263,Karaoke New York 40 Okawa,,International,other,none,False
fukuoka/okawashi,264,Toto,,Japanese,japanese,ta,True
fukuoka/okawashi,265,Karaoke Utadokoro Katsuki,,International,other,none,False
fukuoka/okawashi,266,Dairen Hanten,,Chinese,chinese,ta,True
fukuoka/okawashi,267,Iyashiya Man,,Japanese,japanese,ta,True
fukuoka/okawashi,268,Karaoke Miyuki,,International,other,none,False
fukuoka/okawashi,269,Izakaya Bandai,,Japanese;Izakaya (Japanese Style Tavern),izakaya,ta,True
fukuoka/okawashi,270,Izakaya Hana Hana,,Japanese;Izakaya (Japanese Style Tavern),izakaya,ta,True
fukuoka/okawashi,271,Izakaya Hichan,,Japanese;Izakaya (Japanese Style Tavern),izakaya,ta,True
fukuoka/okawashi,272,Sake Dokoro en,,Izakaya (Japanese Style Tavern),izakaya,ta,True
fukuoka/okawashi,273,Spica,,Bar;Pub,izakaya,ta,True
fukuoka/okawashi,274,Hiromatsu Pastry,,,other,none,False
fukuoka/okawashi,275,Chikugo Crackers Honpo,,,other,none,False
fukuoka/okawashi,276,Kamogawa,,Japanese;Izakaya (Japanese Style Tavern),izakaya,ta,True
fukuoka/okawashi,277,Tenjukudori,,Izakaya (Japanese Style Tavern),izakaya,ta,True
fukuoka/okawashi,278,Manma Sha,,Japanese;Izakaya (Japanese Style Tavern),izakaya,ta,True
fukuoka/okawashi,279,Kogama Sao Kinen Kannai Cafe Yamazakura,,,other,none,False
fukuoka/okawashi,280,Sonomama,,,other,none,False
fukuoka/okawashi,281,Interior Cafe Esprit,,,other,none,False
fukuoka/okawashi,282,Konjoyaki Youmetown Okawa,,,other,none,False
fukuoka/okawashi,283,Bistro Shu Shu,,,other,none,False
fukuoka/okawashi,284,Shiki Manju,,,other,none,False
fukuoka/okawashi,285,Ishiya,,,other,none,False
fukuoka/okawashi,286,Hotto Motto Okawa Mukojima,,Japanese,japanese,ta,True
fukuoka/okawashi,287,Kossan Sohompo Okawa,,,other,none,False
fukuoka/okawashi,288,Andante,,,other,none,False
fukuoka/okawashi,289,Restaurant Cafe Bar Olive,,,cafe,desc,False
fukuoka/okawashi,290,Salon de Japan,,,other,none,False
fukuoka/okawashi,291,Manma Hana,,,other,none,False
fukuoka/oki,1,土俵うどん,うどん、そば,,noodles,tb,True
fukuoka/oki,2,デリ＆ビュッフェ　くるるん,ビュッフェ,,casual,tb,True
fukuoka/oki,3,うなぎ処 玉喜屋,うなぎ,,seafood,tb,True
fukuoka/oki,4,ワインと生パスタの店 グルグルキッチン,イタリアン,,european,tb,True
fukuoka/oki,5,五右衛門うどん,うどん、そば、かつ丼,,noodles,tb,True
fukuoka/oki,6,ニコパン,パン、洋菓子、カフェ,,sweets,tb,True
fukuoka/oki,7,道の駅 おおき,道の駅,,other,none,False
fukuoka/oki,8,北島うなぎ店,うなぎ,,seafood,tb,True
fukuoka/oki,9,さらん 大木店,焼肉,,meat,tb,True
fukuoka/oki,10,ペコちゃんのたこ焼き,たこ焼き,,casual,tb,True
fukuoka/oki,11,アフロディーテ,ジェラート・アイスクリーム,,sweets,tb,True
fukuoka/oki,12,ベーカリー ラモン,パン,,sweets,tb,True
fukuoka/oki,13,イオン 大木店,コンビニ・スーパー,,daily,tb,True
fukuoka/oki,14,幸来軒,ラーメン、ちゃんぽん,,noodles,tb,True
fukuoka/oki,15,やきとり鶴亀,焼き鳥、居酒屋,,meat,tb,True
fukuoka/oki,16,憩う屋,鳥料理,,other,none,False
fukuoka/oki,17,水車,食堂、ラーメン、焼肉,,casual,tb,True
fukuoka/oki,18,おときち,餃子,,chinese,tb,True
fukuoka/oki,19,山進うどん,うどん,,noodles,tb,True
fukuoka/oki,20,喫茶まつなが,喫茶店,,cafe,tb,True
fukuoka/oki,21,ル・ジャンジャンブル,フレンチ,,european,tb,True
fukuoka/oki,22,高井良料亭,日本料理,,japanese,tb,True
fukuoka/oki,23,レストラン 花えん,ちゃんぽん、郷土料理、日本料理,,noodles,tb,True
fukuoka/oki,24,STUMP COFFEE,カフェ,,cafe,tb,True
fukuoka/oki,25,中村屋,惣菜・デリ,,casual,tb,True
fukuoka/oki,26,隆勝堂 大木町店,和菓子、洋菓子,,sweets,tb,True
fukuoka/oki,27,パン工場 イオン大木店,パン,,sweets,tb,True
fukuoka/oki,28,こころ亭,レストラン,,other,none,False
fukuoka/oki,29,セブンイレブン 大木町役場前店,コンビニ・スーパー,,daily,tb,True
fukuoka/oki,30,ほっともっと 大木町店,弁当,,casual,tb,True
fukuoka/oki,31,入船矢,うなぎ,,seafood,tb,True
fukuoka/oki,32,とっちり,居酒屋、焼き鳥、牛料理,,izakaya,tb,True
fukuoka/oki,33,連歌屋,焼き鳥,,meat,tb,True
fukuoka/oki,34,清香,居酒屋,,izakaya,tb,True
fukuoka/oki,35,カテノ ブレッド,パン,,sweets,tb,True
fukuoka/oki,36,セブンイレブン 福岡大木町店,コンビニ・スーパー,,daily,tb,True
fukuoka/oki,37,ゆりこズッシフォン,スイーツ,,sweets,tb,True
fukuoka/oki,38,みのる居酒屋,居酒屋,,izakaya,tb,True
fukuoka/oki,39,焼き鳥居酒屋 連歌屋,居酒屋、焼き鳥,,izakaya,tb,True
fukuoka/oki,40,宝来屋,日本料理,,japanese,tb,True
fukuoka/oki,41,たみえる珈琲店,カフェ,,cafe,tb,True
fukuoka/oki,42,Deli Buffet Kururun,,International,other,none,False
fukuoka/oki,43,Okian Kaen,,,other,none,False
fukuoka/oki,44,Le Gingmbre,,French,european,ta,True
fukuoka/oki,45,Bread Factory Oki,,,other,none,False
fukuoka/oki,46,Ishikawa,,Japanese;Japanese - Traditional Cuisine;Japanese - Other ,japanese,ta,True
fukuoka/oki,47,Hamonyi,,International,other,none,False
fukuoka/oki,48,Caffe Escasa Oki,,Cafe,cafe,ta,True
fukuoka/oki,49,Kurume Ken,,Japanese;Asian,chinese,ta,True
fukuoka/oki,50,Gru Gru Kitchen,,,other,none,False
fukuoka/oki,51,Koraiken,,Asian,chinese,ta,True
fukuoka/oki,52,Karaoke New York 40 Okimachi,,International,other,none,False
fukuoka/oki,53,Karaoke Stage Shijimi,,International,other,none,False
fukuoka/oki,54,Furusato Bussankan,,Japanese - Other ,japanese,ta,True
fukuoka/oki,55,Elm,,Cafe,cafe,ta,True
fukuoka/oki,56,Janjan Yakuzo,,Japanese,japanese,ta,True
fukuoka/oki,57,Otsuka Sweets,,,other,none,False
fukuoka/oki,58,Ramen Naka,,,other,none,False
fukuoka/oki,59,ぶたのしっぽ,,Japanese;Izakaya (Japanese Style Tavern),izakaya,ta,True
fukuoka/omuta,1,虎じゃれ亭,居酒屋、天ぷら、串揚げ,,izakaya,tb,True
fukuoka/omuta,2,酒 魚 人情 有馬,居酒屋、海鮮、創作料理,,izakaya,tb,True
fukuoka/omuta,3,乾杯大牟田,鳥料理、焼き鳥、居酒屋,,meat,tb,False
fukuoka/omuta,4,にの家 大牟田店,居酒屋、焼き鳥、海鮮,,izakaya,tb,True
fukuoka/omuta,5,壱〇壱,居酒屋,,izakaya,tb,True
fukuoka/omuta,6,焼肉ダイニング ワンカルビ トライアル大牟田店,焼肉,,meat,tb,True
fukuoka/omuta,7,そば切り杜鶴,そば、居酒屋、豚しゃぶ,,noodles,tb,True
fukuoka/omuta,8,とり焼きの八兵衛,居酒屋,,izakaya,tb,True
fukuoka/omuta,9,和み処 水とり 本店,日本料理、海鮮,,japanese,tb,True
fukuoka/omuta,10,旬菜と網焼き酒場 本店 六星,居酒屋、焼き鳥、串揚げ,,izakaya,tb,True
fukuoka/omuta,11,チャイナスタンド 笑龍,四川料理,,other,none,False
fukuoka/omuta,12,Vamos,居酒屋,,izakaya,tb,True
fukuoka/omuta,13,燒肉道楽 よいとまげ,焼肉,,meat,tb,True
fukuoka/omuta,14,海鮮ダイニング 九州 美蔵 ホテルルートイン大牟田店,居酒屋、海鮮,,izakaya,tb,True
fukuoka/omuta,15,地かろ,鳥料理、居酒屋,,izakaya,tb,False
fukuoka/omuta,16,カレーサカバ ニューク,カレー,,curry,tb,True
fukuoka/omuta,17,水とり オームタガーデンホテル店,海鮮,,seafood,tb,True
fukuoka/omuta,18,新みなと 本館,日本料理、郷土料理,,japanese,tb,True
fukuoka/omuta,19,Latte,居酒屋、スポーツバー、ダイニングバー,,izakaya,tb,True
fukuoka/omuta,20,創作和食 味感,居酒屋、寿司、日本料理,,izakaya,tb,True
fukuoka/omuta,21,石室,日本料理,,japanese,tb,True
fukuoka/omuta,22,いざかや　ハングリードールス,居酒屋、弁当,,izakaya,tb,True
fukuoka/omuta,23,食楽漁師村,海鮮、寿司、居酒屋,,seafood,tb,True
fukuoka/omuta,24,揚屋,居酒屋、天ぷら、串揚げ,,izakaya,tb,True
fukuoka/omuta,25,銀嶺,ラーメン,,noodles,tb,True
fukuoka/omuta,26,あつあつ亭 駛馬店,その他,,other,none,False
fukuoka/omuta,27,やきとり 元禄,焼き鳥,,meat,tb,True
fukuoka/omuta,28,hara harmony coffee,カフェ、サンドイッチ,,cafe,tb,True
fukuoka/omuta,29,串かつ19,居酒屋、串揚げ,,izakaya,tb,True
fukuoka/omuta,30,カイダ,ビストロ,,european,tb,True
fukuoka/omuta,31,SNACK BLUE BIRD,その他,,other,none,False
fukuoka/omuta,32,BAR Vance,バー,,izakaya,tb,True
fukuoka/omuta,33,福岡餃子エンジェル,餃子,,chinese,tb,True
fukuoka/omuta,34,新みち,喫茶店、パスタ,,cafe,tb,True
fukuoka/omuta,35,焼肉華蔵 ホテルルートイン大牟田店,焼肉,,meat,tb,True
fukuoka/omuta,36,キミーズコーヒー,カフェ,,cafe,tb,True
fukuoka/omuta,37,やきとり五番,焼き鳥,,meat,tb,True
fukuoka/omuta,38,ポップ シティ,カフェ、クレープ・ガレット,,cafe,tb,True
fukuoka/omuta,39,唐揚げ ごんちゃん,ソフトクリーム,,sweets,tb,True
fukuoka/omuta,40,西野茶舗,カフェ、レストラン,,cafe,tb,True
fukuoka/omuta,41,恵家,居酒屋,,izakaya,tb,True
fukuoka/omuta,42,ザ　ウイスキーバー,バー,,izakaya,tb,True
fukuoka/omuta,43,ロコキッチン,弁当,,casual,tb,True
fukuoka/omuta,44,プチ・レストラン やながわ,中華料理,,chinese,tb,True
fukuoka/omuta,45,かふぇマトロ,カフェ,,cafe,tb,True
fukuoka/omuta,46,麺屋天道,ラーメン,,noodles,tb,True
fukuoka/omuta,47,おべんとう タル助,弁当,,casual,tb,True
fukuoka/omuta,48,とり平,レストラン,,other,none,False
fukuoka/omuta,49,てまり堂,洋菓子,,sweets,tb,True
fukuoka/omuta,50,EVE,その他,,other,none,False
fukuoka/omuta,51,Bar GALAXY,バー,,izakaya,tb,True
fukuoka/omuta,52,江口栄商店 本店,和菓子,,sweets,tb,True
fukuoka/omuta,53,CAFE INDIA こうこうとう,インド料理、カフェ,,curry,tb,True
fukuoka/omuta,54,とり三,揚げ物、弁当、日本料理,,casual,tb,True
fukuoka/omuta,55,芋花堂,スイーツ,,sweets,tb,True
fukuoka/omuta,56,くま本,居酒屋,,izakaya,tb,True
fukuoka/omuta,57,いちゃりばちょーでー,沖縄料理,,japanese,tb,True
fukuoka/omuta,58,エイト,お好み焼き,,casual,tb,True
fukuoka/omuta,59,てーるらーめん,ラーメン,,noodles,tb,True
fukuoka/omuta,60,大木味市場,日本料理,,japanese,tb,True
fukuoka/omuta,61,Yamaguchi Unagi Ya,,Japanese;Japanese - Other ,japanese,ta,True
fukuoka/omuta,62,Kousen Dago Asahimachi,,Japanese,japanese,ta,True
fukuoka/omuta,63,Tashiro,,Japanese;Japanese - Traditional Cuisine,japanese,ta,True
fukuoka/omuta,64,Monsieur Sakai Omuta,,Steakhouse,meat,ta,True
fukuoka/omuta,65,Dairiki Jaya,,Japanese;Japanese - Other ,japanese,ta,True
fukuoka/omuta,66,Yakitoritakumi,,Japanese;Japanese - Other ,japanese,ta,True
fukuoka/omuta,67,Toyoken,,,other,none,False
fukuoka/omuta,68,Sobakiri Tokaku,,Japanese,japanese,ta,True
fukuoka/omuta,69,Sanzokuya Omuta,,Japanese,japanese,ta,True
fukuoka/omuta,70,Sushi Yoshi,,Sushi,seafood,ta,True
fukuoka/omuta,71,Mitsui Minato Club,,International,other,none,False
fukuoka/omuta,72,Kokaen,,,other,none,False
fukuoka/onga,1,がんこもんラーメン,ラーメン,,noodles,tb,True
fukuoka/onga,2,洋食 中村家,洋食,,european,tb,True
fukuoka/onga,3,てるのちゃんぽん亭,ちゃんぽん,,noodles,tb,True
fukuoka/onga,4,アラペイザンヌ 遠賀店,ケーキ、バームクーヘン,,sweets,tb,True
fukuoka/onga,5,糀,麺類,,noodles,tb,True
fukuoka/onga,6,さくら,天ぷら,,japanese,tb,True
fukuoka/onga,7,ルーネ ラパン,パン,,sweets,tb,True
fukuoka/onga,8,森のおはな,鳥料理、すっぽん,,japanese,tb,False
fukuoka/onga,9,おんがラーメン,ラーメン、ちゃんぽん,,noodles,tb,True
fukuoka/onga,10,風樂,カフェ、日本料理、おにぎり,,cafe,tb,True
fukuoka/onga,11,マキマキ屋 遠賀店,ケーキ,,sweets,tb,True
fukuoka/onga,12,中華バル 武遊,四川料理,,other,none,False
fukuoka/onga,13,つるりんどう,パン,,sweets,tb,True
fukuoka/onga,14,自然薯 智清庵,麦とろ,,other,none,False
fukuoka/onga,15,ラーメン勝龍軒,ラーメン,,noodles,tb,True
fukuoka/onga,16,Bistro R,フレンチ,,european,tb,True
fukuoka/onga,17,繁升,日本料理,,japanese,tb,True
fukuoka/onga,18,クイーンボアーズ,カフェ、洋菓子,,cafe,tb,True
fukuoka/onga,19,mama sweets,クレープ・ガレット、洋菓子,,sweets,tb,True
fukuoka/onga,20,ぴーぷる,喫茶店、お好み焼き,,cafe,tb,True
fukuoka/onga,21,焼肉本舗,焼肉,,meat,tb,True
fukuoka/onga,22,酒処 はな田,居酒屋、海鮮,,izakaya,tb,True
fukuoka/onga,23,MASAJIRO BURGER 遠賀本店,ハンバーガー、カフェ,,casual,tb,True
fukuoka/onga,24,博多地どり　市右ヱ門,鳥料理,,other,none,False
fukuoka/onga,25,あまねや,たい焼き・大判焼き、カフェ,,sweets,tb,True
fukuoka/onga,26,レトロ門司港ラーメン 大平山 遠賀店,ラーメン,,noodles,tb,True
fukuoka/onga,27,豆工房 遠賀えし,コーヒースタンド、甘味処、カフェ,,cafe,tb,True
fukuoka/onga,28,北野坂　kitanozakacoffee,カフェ、パスタ,,cafe,tb,True
fukuoka/onga,29,ハナオ コーヒー,カフェ,,cafe,tb,True
fukuoka/onga,30,河口屋,そば、うどん,,noodles,tb,True
fukuoka/onga,31,TAJ MAHAL 遠賀店,インドカレー、インド料理,,curry,tb,True
fukuoka/onga,32,チサンカントリークラブ 遠賀,その他,,other,none,False
fukuoka/onga,33,ジモカフェ & アトリエ木布ん,カフェ、ステーキ、パン,,cafe,tb,True
fukuoka/onga,34,カレースタジオ　宮の前,カレー,,curry,tb,True
fukuoka/onga,35,なが田屋 トライアル遠賀店,からあげ,,meat,tb,True
fukuoka/onga,36,焼鳥ジブリン,居酒屋、焼き鳥,,izakaya,tb,True
fukuoka/onga,37,たこ焼き幸,たこ焼き,,casual,tb,True
fukuoka/onga,38,鉄板餃子の池田屋 遠賀店,餃子,,chinese,tb,True
fukuoka/onga,39,KANAMUSUBI,カフェ,,cafe,tb,True
fukuoka/onga,40,みらいテラスカフェ,カフェ,,cafe,tb,True
fukuoka/onga,41,cafe bar Toi,カフェ、バー,,cafe,tb,True
fukuoka/onga,42,ドッグ カフェ ベベ,カフェ,,cafe,tb,True
fukuoka/onga,43,つくしの子,居酒屋、焼き鳥,,izakaya,tb,True
fukuoka/onga,44,ガトー・スール,ケーキ、洋菓子,,sweets,tb,True
fukuoka/onga,45,にゃんむすび,おにぎり,,casual,tb,True
fukuoka/onga,46,ごはん家 ふじや,食堂,,casual,tb,True
fukuoka/onga,47,とらや,弁当,,casual,tb,True
fukuoka/onga,48,お食事処 おふくろ食堂,食堂,,casual,tb,True
fukuoka/onga,49,珈琲舎 ブラッサム,喫茶店、カフェ、サンドイッチ,,cafe,tb,True
fukuoka/onga,50,さぬき亭,うどん,,noodles,tb,True
fukuoka/onga,51,牛肉のふくなが,その他,,other,none,False
fukuoka/onga,52,ドラム館,カフェ、バー,,cafe,tb,True
fukuoka/onga,53,あしや釜本舗 おんが支店,和菓子,,sweets,tb,True
fukuoka/onga,54,もつラーメン 銀,ラーメン,,noodles,tb,True
fukuoka/onga,55,キッチンひなた,食堂,,casual,tb,True
fukuoka/onga,56,Cafe ほのぼの,カフェ,,cafe,tb,True
fukuoka/onga,57,旭軒 浅木店,餃子、中華料理,,chinese,tb,True
fukuoka/onga,58,ジョイフル 北遠賀店,ファミレス,,casual,tb,True
fukuoka/onga,59,ミスタードーナツ ゆめタウン遠賀店,ドーナツ、カフェ,,sweets,tb,True
fukuoka/onga,60,マクドナルド 遠賀ゆめタウン店,ハンバーガー,,casual,tb,True
fukuoka/onga,61,モスバーガー 福岡遠賀店,ハンバーガー,,casual,tb,True
fukuoka/onga,62,東筑軒 遠賀工場売店,弁当,,casual,tb,True
fukuoka/onga,63,唐十 ゆめタウン遠賀店,からあげ,,meat,tb,True
fukuoka/onga,64,焼鳥 井上商店,居酒屋、焼き鳥,,izakaya,tb,True
fukuoka/onga,65,柚ず 遠賀店,カレー、麺類,,curry,tb,True
fukuoka/onga,66,うどんふじや,うどん,,noodles,tb,True
fukuoka/onga,67,あごはち,居酒屋、焼き鳥,,izakaya,tb,True
fukuoka/onga,68,蕎麦カフェ&ギャラリー むらかみ,そば,,noodles,tb,True
fukuoka/onga,69,ひまわりキッチン,ピザ、ジェラート・アイスクリーム、ケーキ,,european,tb,True
fukuoka/onga,70,鮨処仲むら,寿司、日本料理,,seafood,tb,True
fukuoka/onga,71,マーフィーズ カフェ,レストラン,,other,none,False
fukuoka/onga,72,ひよ子本舗吉野堂 ゆめタウン遠賀店,和菓子、洋菓子,,sweets,tb,True
fukuoka/onga,73,とり真,焼き鳥、居酒屋,,meat,tb,True
fukuoka/onga,74,ゆめのパンやさん 遠賀店,パン,,sweets,tb,True
fukuoka/onga,75,焼菓子工房 Orange,洋菓子,,sweets,tb,True
fukuoka/onga,76,やぶれかぶれ,たこ焼き、焼きそば、お好み焼き,,casual,tb,True
fukuoka/onga,77,ほづき,たこ焼き、ソフトクリーム,,casual,tb,True
fukuoka/onga,78,よしや食堂,食堂、かつ丼、うどん,,casual,tb,True
fukuoka/onga,79,のり燻本舗andB,チーズ料理,,other,none,False
fukuoka/onga,80,麦坊主,居酒屋,,izakaya,tb,True
fukuoka/onga,81,やさい畑 おんが店,その他,,other,none,False
fukuoka/onga,82,源蛸 遠賀店,たこ焼き,,casual,tb,True
fukuoka/onga,83,ありがた屋 遠賀店,食堂,,casual,tb,True
fukuoka/onga,84,きむらくん,居酒屋,,izakaya,tb,True
fukuoka/onga,85,肉のさつま屋 今古賀店,肉料理、その他、からあげ,,meat,tb,True
fukuoka/onga,86,海宝寿し,寿司,,seafood,tb,True
fukuoka/onga,87,地どりあづま,鳥料理、鍋,,japanese,tb,False
fukuoka/onga,88,まちのとみちゃん弁当,弁当,,casual,tb,True
fukuoka/onga,89,瑠璃ズキッチン 遠賀自動車学校店,カレー,,curry,tb,True
fukuoka/onga,90,食房えん,居酒屋,,izakaya,tb,True
fukuoka/onga,91,アニバーサリー カフェ,カフェ,,cafe,tb,True
fukuoka/onga,92,アヤ,喫茶店,,cafe,tb,True
fukuoka/onga,93,焼肉やす,焼肉,,meat,tb,True
fukuoka/onga,94,ファーストフードはちハニー,たこ焼き,,casual,tb,True
fukuoka/onga,95,たこ九,たこ焼き,,casual,tb,True
fukuoka/onga,96,えがお食堂,食堂,,casual,tb,True
fukuoka/onga,97,焼鳥太閤,焼き鳥,,meat,tb,True
fukuoka/onga,98,Happiness,バー,,izakaya,tb,True
fukuoka/onga,99,キッチン イエローママ,カレー,,curry,tb,True
fukuoka/onga,100,遠賀うどん,うどん、おにぎり,,noodles,tb,True
fukuoka/onga,101,天一食堂,食堂,,casual,tb,True
fukuoka/onga,102,達磨,居酒屋,,izakaya,tb,True
fukuoka/onga,103,おんがうどん 日替弁当,弁当,,casual,tb,True
fukuoka/onga,104,やすらぎのさと,レストラン,,other,none,False
fukuoka/onga,105,遠賀屋台,お好み焼き、焼き鳥、鉄板焼き,,casual,tb,True
fukuoka/onga,106,居酒屋 蓮,居酒屋,,izakaya,tb,True
fukuoka/onga,107,LAWSON 遠賀山田峠店,コンビニ・スーパー,,daily,tb,True
fukuoka/onga,108,焼とり居酒屋 ぴーぷる,居酒屋,,izakaya,tb,True
fukuoka/onga,109,おんがのかき小屋,海鮮,,seafood,tb,True
fukuoka/onga,110,何処,居酒屋、ダイニングバー,,izakaya,tb,True
fukuoka/onga,111,からあげ666,からあげ、弁当、カレー,,meat,tb,True
fukuoka/onga,112,Maguro no Marujin,,Japanese;Seafood;Japanese - Other ,seafood,ta,True
fukuoka/onga,113,Yoshoku Nakamuraya,,Fusion,other,none,False
fukuoka/onga,114,Ongagawa Amatoya,,,other,none,False
fukuoka/onga,115,Coffee Shop Kitanozaka,,Cafe,cafe,ta,True
fukuoka/onga,116,Queen Boise,,Cafe,cafe,ta,True
fukuoka/onga,117,Ramen Katsuryuken,,,other,none,False
fukuoka/onga,118,Creative Cuisine Haruka,,Japanese;Sushi;European,seafood,ta,True
fukuoka/onga,119,Ongachoi Flea Tavern Hiro Chan,,,other,none,False
fukuoka/onga,120,Country Heart,,Cafe,cafe,ta,True
fukuoka/onga,121,Tako Ichiban Yume Town Onga,,Japanese,japanese,ta,True
fukuoka/onga,122,Karaoke Poodle,,International,other,none,False
fukuoka/onga,123,Arinko Freshly Baked Bread,,Cafe,cafe,ta,True
fukuoka/onga,124,マーフィ・スクール,,Cafe,cafe,ta,True
fukuoka/onga,125,Thank You Curry Yume Town Onga,,Indian,curry,ta,True
fukuoka/onga,126,McDonald s Onga Yume Town,,Fast Food,casual,ta,True
fukuoka/onga,127,Mister Donut Yumetaun Onga,,Cafe;Fast Food,cafe,ta,True
fukuoka/onga,128,Sakaeya Onga,,,sweets,desc,False
fukuoka/onga,129,Yoshihisa,,Japanese,japanese,ta,True
fukuoka/onga,130,Karaoke Shizuka,,International,other,none,False
fukuoka/onga,131,Karaoke Chao,,International,other,none,False
fukuoka/onga,132,Karaoke Ichiban,,International,other,none,False
fukuoka/onga,133,Karaoke Snack Daiya,,International,other,none,False
fukuoka/onga,134,Fureai No Sato Center Ashi,,Japanese - Other ,japanese,ta,True
fukuoka/onga,135,Ganihami Ashiya Main Store,,Seafood,seafood,ta,True
fukuoka/onga,136,Saranoki,,Cafe,cafe,ta,True
fukuoka/onga,137,Bird Flower Onga,,Japanese,japanese,ta,True
fukuoka/onga,138,Forum,,,other,none,False
fukuoka/onga,139,Karaoke Kayo,,International,other,none,False
fukuoka/onga,140,Sakana Club,,Japanese,japanese,ta,True
fukuoka/onga,141,Bukichi,,Japanese,japanese,ta,True
fukuoka/onga,142,Zen of the Sum Shigerumasu,,Japanese,japanese,ta,True
fukuoka/onga,143,Buyu Chinese Baru,,Chinese,chinese,ta,True
fukuoka/onga,144,Mansaku,,Chinese,chinese,ta,True
fukuoka/onga,145,Miya Chan,,Japanese,japanese,ta,True
fukuoka/onga,146,Izakaya Nonoka,,Japanese,japanese,ta,True
fukuoka/onga,147,Pipuru,,Japanese;Japanese - Other ,japanese,ta,True
fukuoka/onga,148,Yuzu Onga,,,other,none,False
fukuoka/onga,149,Okonomiyaki Hoku Hoku,,,other,none,False
fukuoka/onga,150,Fukada Eel Restaurant,,,other,none,False
fukuoka/onga,151,Cafe Live Rit,,,other,none,False
fukuoka/onga,152,Asagiya,,,other,none,False
fukuoka/onga,153,Japanese Restaurant Dining Nagomi,,Izakaya (Japanese Style Tavern),izakaya,ta,True
fukuoka/onga,154,一休,,,other,none,False
fukuoka/onga,155,Bird,,Bar;Pub,izakaya,ta,True
fukuoka/onga,156,Ruri s Kitchen Onga Driving School,,,other,none,False
fukuoka/onga,157,Snack Ya,,,other,none,False
fukuoka/onga,158,Kotopan,,,other,none,False
fukuoka/onga,159,ほっともっと 遠賀今古賀店,,Japanese,japanese,ta,True
fukuoka/onojo,1,狐狸庵,うどん、かつ丼,,noodles,tb,True
fukuoka/onojo,2,うどん大文字,うどん,,noodles,tb,True
fukuoka/onojo,3,太平閣 白木原本店,肉まん,,other,none,False
fukuoka/onojo,4,きんのつる 大野城店,とんかつ、カレー,,meat,tb,True
fukuoka/onojo,5,幸心堂,ラーメン,,noodles,tb,True
fukuoka/onojo,6,豆香洞コーヒー 白木原店,コーヒースタンド,,cafe,tb,True
fukuoka/onojo,7,クリーブラッツ 若草店,パン,,sweets,tb,True
fukuoka/onojo,8,札幌スープカリィ ロビンソンスパイス,スープカレー,,curry,tb,True
fukuoka/onojo,9,ロンブラージュ・ビガレ 白木原店,パン,,sweets,tb,True
fukuoka/onojo,10,はるら,居酒屋,,izakaya,tb,True
fukuoka/onojo,11,ラーメンおいげん 大野城店,ラーメン,,noodles,tb,True
fukuoka/onojo,12,二重丸 大野城店,カレー,,curry,tb,True
fukuoka/onojo,13,スイートバジル 大野城本店,イタリアン,,european,tb,True
fukuoka/onojo,14,竹林,焼肉,,meat,tb,True
fukuoka/onojo,15,牛もつ鍋料理専門店　たま木,もつ鍋,,meat,tb,True
fukuoka/onojo,16,鹿鳴,食堂、居酒屋、焼きそば,,casual,tb,True
fukuoka/onojo,17,焼き鳥 ごきげん鳥 大野城店,かつ丼、焼き鳥,,meat,tb,True
fukuoka/onojo,18,麺処茶房　福,ラーメン、カフェ、油そば・まぜそば,,noodles,tb,True
fukuoka/onojo,19,ステーキハウス WINNERs 大野城店,ステーキ,,meat,tb,True
fukuoka/onojo,20,小麦冶 大野城店,うどん,,noodles,tb,True
fukuoka/onojo,21,台湾料理 福飯店,台湾料理,,chinese,tb,True
fukuoka/onojo,22,肉ちゃんうどん 大野城店,うどん、そば、丼,,noodles,tb,True
fukuoka/onojo,23,春日原 十八,豚しゃぶ、鍋、すき焼き,,japanese,tb,False
fukuoka/onojo,24,福味居,中華料理,,chinese,tb,True
fukuoka/onojo,25,博多アイアンマン 大野城店,食堂,,casual,tb,True
fukuoka/onojo,26,欧風懐石 勝,フレンチ、ステーキ、ワインバー,,european,tb,True
fukuoka/onojo,27,やきめしラーメンぽんぽこ,ラーメン,,noodles,tb,True
fukuoka/onojo,28,めし処 ひがし,中華料理,,chinese,tb,True
fukuoka/onojo,29,ちんぷんかんぷん 春日原店,居酒屋,,izakaya,tb,True
fukuoka/onojo,30,銀鮨,寿司,,seafood,tb,True
fukuoka/onojo,31,ペペチーノ 南バイパス店,イタリアン、パスタ,,european,tb,True
fukuoka/onojo,32,甚徳うどん,うどん、そば、食堂,,noodles,tb,True
fukuoka/onojo,33,リョーユーパン　ハーフプライスベーカリー,パン,,sweets,tb,True
fukuoka/onojo,34,バニラの実 上大利店,ケーキ、チョコレート、ジェラート・アイスクリーム,,sweets,tb,True
fukuoka/onojo,35,おかわりビュッフェニコミーニョ,ビュッフェ、パスタ、ハンバーグ,,casual,tb,True
fukuoka/onojo,36,バニラの実 白木原本店,ケーキ,,sweets,tb,True
fukuoka/onojo,37,ペイ・バスク,ケーキ,,sweets,tb,True
fukuoka/onojo,38,玄海丸 大野城御笠川店,回転寿司,,seafood,tb,True
fukuoka/onojo,39,ブロンコビリー 大野城御笠川店,ステーキ、ハンバーグ,,meat,tb,True
fukuoka/onojo,40,十六番館,ちゃんぽん、焼きそば,,noodles,tb,True
fukuoka/onojo,41,BISTRO CAFE and K,ビストロ,,european,tb,True
fukuoka/onojo,42,平野松栄堂,和菓子,,sweets,tb,True
fukuoka/onojo,43,壱州苑,焼肉、ステーキ,,meat,tb,True
fukuoka/onojo,44,ここふるショップ カフェコーナー,カフェ,,cafe,tb,True
fukuoka/onojo,45,桃花園,焼肉,,meat,tb,True
fukuoka/onojo,46,酒場 Laugh Tale,イタリアン、居酒屋、海鮮,,european,tb,True
fukuoka/onojo,47,みか月,居酒屋、カレー,,izakaya,tb,True
fukuoka/onojo,48,リストランテアンジェロ,イタリアン、パスタ,,european,tb,True
fukuoka/onojo,49,寿司こばやし,寿司,,seafood,tb,True
fukuoka/onojo,50,パスタ食堂 アペルト,パスタ、イタリアン、ピザ,,european,tb,True
fukuoka/onojo,51,フレッシュ＆ハーフプライス ベーカリー,パン、弁当、スイーツ,,sweets,tb,True
fukuoka/onojo,52,更科,そば、うどん,,noodles,tb,True
fukuoka/onojo,53,つきじ大鳳,とんかつ,,meat,tb,True
fukuoka/onojo,54,バーバーバー サイゴン,パン,,sweets,tb,True
fukuoka/onojo,55,アンテェナアト,イタリアン,,european,tb,True
fukuoka/onojo,56,みっちゃんラーメン,ラーメン,,noodles,tb,True
fukuoka/onojo,57,焼鳥旬彩 道しるべ,焼き鳥、鳥料理,,meat,tb,True
fukuoka/onojo,58,ひろちゃん,食堂,,casual,tb,True
fukuoka/onojo,59,麺屋 おおたき,ラーメン,,noodles,tb,True
fukuoka/onojo,60,ロイヤルチェスター福岡,結婚式場,,other,none,False
fukuoka/onojo,61,グランドエンパイアホテル,ホテル,,other,none,False
fukuoka/onojo,62,うどんダイニング 万徳屋,うどん、かつ丼,,noodles,tb,True
fukuoka/onojo,63,BLACK CAT CAFE,カフェ、野菜料理,,cafe,tb,True
fukuoka/onojo,64,本格インド料理レストラン SURAJ,インド料理,,curry,tb,True
fukuoka/onojo,65,やきにく 山北 御笠川店,焼肉、韓国料理,,meat,tb,True
fukuoka/onojo,66,BASKING COFFEE kasugabaru,カフェ,,cafe,tb,True
fukuoka/onojo,67,秀豪,居酒屋、焼き鳥,,izakaya,tb,True
fukuoka/onojo,68,ひろ,食堂,,casual,tb,True
fukuoka/onojo,69,今屋のハンバーガー  大野城わかくさ店,ハンバーガー、ホットドッグ,,casual,tb,True
fukuoka/onojo,70,ルコネッサン,ビュッフェ,,casual,tb,True
fukuoka/onojo,71,蕎麦 史紋,そば,,noodles,tb,True
fukuoka/onojo,72,大黒水産,海鮮丼,,seafood,tb,True
fukuoka/onojo,73,丸亀製麺 大野城店,うどん,,noodles,tb,True
fukuoka/onojo,74,お好み亭,お好み焼き,,casual,tb,True
fukuoka/onojo,75,小さな小さな玄界灘 スシ男,居酒屋、寿司、海鮮,,izakaya,tb,True
fukuoka/onojo,76,オニギリ タケシ,おにぎり、居酒屋,,casual,tb,True
fukuoka/onojo,77,インド&ネパール料理 ポカラ,インドカレー,,curry,tb,True
fukuoka/onojo,78,羊男ジンギスマン,ホルモン、焼肉、居酒屋,,meat,tb,True
fukuoka/onojo,79,独楽蔵,居酒屋,,izakaya,tb,True
fukuoka/onojo,80,make a choice,カフェ、サラダ、ソフトクリーム,,cafe,tb,True
fukuoka/onojo,81,パティスリー イチリュウ 大野城店,洋菓子,,sweets,tb,True
fukuoka/onojo,82,はかたや  大野城店,ラーメン,,noodles,tb,True
fukuoka/onojo,83,博多豚骨黒豚ブラザーズ 大野城店,ラーメン,,noodles,tb,True
fukuoka/onojo,84,大輝,ラーメン,,noodles,tb,True
fukuoka/onojo,85,担々麺だるま,ラーメン、担々麺,,noodles,tb,True
fukuoka/onojo,86,居酒屋初夢,居酒屋、もつ鍋、海鮮,,izakaya,tb,True
fukuoka/onojo,87,穂積茶寮,郷土料理、カフェ,,japanese,tb,True
fukuoka/onojo,88,ビストロユイット,フレンチ、洋食、ビストロ,,european,tb,True
fukuoka/onojo,89,相撲鳥,焼き鳥、レストラン,,meat,tb,True
fukuoka/onojo,90,酒とバラの日々,焼肉、ホルモン、肉料理,,meat,tb,True
fukuoka/onojo,91,信濃庵 大野城店,そば、うどん,,noodles,tb,True
fukuoka/onojo,92,優菓,ケーキ,,sweets,tb,True
fukuoka/onojo,93,フランス料理 かもめ亭,フレンチ,,european,tb,True
fukuoka/onojo,94,森のぶどう,カフェ、ケーキ,,cafe,tb,True
fukuoka/onojo,95,リッチモンド,パン、サンドイッチ、洋菓子,,sweets,tb,True
fukuoka/onojo,96,すし辰,寿司,,seafood,tb,True
fukuoka/onojo,97,下大利ホルモン,ホルモン,,meat,tb,True
fukuoka/onojo,98,TOKIO まどかぴあ店,喫茶店,,cafe,tb,True
fukuoka/onojo,99,食事処 大文字,食堂,,casual,tb,True
fukuoka/onojo,100,サンク フルール,パン,,sweets,tb,True
fukuoka/onojo,101,YAKITORI IZAKAYA Dining 東府,居酒屋、焼き鳥,,izakaya,tb,True
fukuoka/onojo,102,梅庄,和菓子,,sweets,tb,True
fukuoka/onojo,103,焼鳥 かどや,焼き鳥,,meat,tb,True
fukuoka/onojo,104,博多 一風堂 太宰府インター店,ラーメン,,noodles,tb,True
fukuoka/onojo,105,星乃珈琲店 福岡大野城店,喫茶店,,cafe,tb,True
fukuoka/onojo,106,想夫恋 大野城店,焼きそば,,noodles,tb,True
fukuoka/onojo,107,ロイヤルホスト 南バイパス店,ファミレス,,casual,tb,True
fukuoka/onojo,108,看板の無いラーメン屋,ラーメン、ちゃんぽん,,noodles,tb,True
fukuoka/onojo,109,焼肉 たしろ,焼肉,,meat,tb,True
fukuoka/onojo,110,魚誠,居酒屋,,izakaya,tb,True
fukuoka/onojo,111,久遊,ラーメン,,noodles,tb,True
fukuoka/onojo,112,大ちゃん 白木原店,居酒屋,,izakaya,tb,True
fukuoka/onojo,113,國 若草の小屋,焼肉,,meat,tb,True
fukuoka/onojo,114,博多油そば151 白木原店,油そば・まぜそば,,noodles,tb,True
fukuoka/onojo,115,四季の里 將,日本料理、居酒屋、海鮮,,japanese,tb,True
fukuoka/onojo,116,串揚げどんぐり,串揚げ,,japanese,tb,True
fukuoka/onojo,117,バー カームノット,バー,,izakaya,tb,True
fukuoka/onojo,118,庁舎食堂 みぎわ,社員食堂,,casual,desc,False
fukuoka/onojo,119,炭と葡萄,イタリアン、パスタ、肉料理,,european,tb,True
fukuoka/onojo,120,ミセス雅代,居酒屋、弁当,,izakaya,tb,True
fukuoka/onojo,121,畠中珈琲焙煎舎 大野城店,コーヒースタンド,,cafe,tb,True
fukuoka/onojo,122,ヨルドット 春日原店,ソフトクリーム,,sweets,tb,True
fukuoka/onojo,123,Rally Coffee,カフェ,,cafe,tb,True
fukuoka/onojo,124,ぜんしゅう家,弁当,,casual,tb,True
fukuoka/onojo,125,アバシ 大野城南店,インドカレー、インド料理,,curry,tb,True
fukuoka/onojo,126,サイゼリヤ イオン大野城ＳＣ店,ファミレス、イタリアン、パスタ,,casual,tb,True
fukuoka/onojo,127,スシロー 大野城 大城店,回転寿司,,seafood,tb,True
fukuoka/onojo,128,ＣｏＣｏ壱番屋 福岡南バイパス店,カレー,,curry,tb,True
fukuoka/onojo,129,能古うどん イオン大野城店,うどん、天ぷら,,noodles,tb,True
fukuoka/onojo,130,ウエスト 御笠川店,うどん、そば、丼,,noodles,tb,True
fukuoka/onojo,131,トリイコ,その他,,other,none,False
fukuoka/onojo,132,増田家,うなぎ,,seafood,tb,True
fukuoka/onojo,133,カフェ レソ,カフェ、スイーツ、バー,,cafe,tb,True
fukuoka/onojo,134,ぱんとおやつの店 はらっぱん,パン、サンドイッチ、洋菓子,,sweets,tb,True
fukuoka/onojo,135,日之出屋 大野城店,弁当,,casual,tb,True
fukuoka/onojo,136,和氣あいあい,お好み焼き、居酒屋,,casual,tb,True
fukuoka/onojo,137,キラク創作居酒屋,居酒屋,,izakaya,tb,True
fukuoka/onojo,138,本気炭火焼 うつけ,焼き鳥,,meat,tb,True
fukuoka/onojo,139,ろくのはん,居酒屋,,izakaya,tb,True
fukuoka/onojo,140,カフェ ヒュッテ 2号店,カフェ,,cafe,tb,True
fukuoka/onojo,141,ルナ ピエーナ,イタリアン,,european,tb,True
fukuoka/onojo,142,カジマキカレー,カレー,,curry,tb,True
fukuoka/onojo,143,グランジュテ タカヤマ,ケーキ、カフェ,,sweets,tb,True
fukuoka/onojo,144,フードボートテラス,カフェ、パンケーキ、カレー,,cafe,tb,True
fukuoka/onojo,145,かっぱ寿司 大野城店,回転寿司、海鮮、寿司,,seafood,tb,True
fukuoka/onojo,146,ジョイフル 福岡大野城店,ファミレス,,casual,tb,True
fukuoka/onojo,147,どんどん亭 大野城店,お好み焼き、焼きそば、鉄板焼き,,casual,tb,True
fukuoka/onojo,148,大野城川久保食堂,食堂,,casual,tb,True
fukuoka/onojo,149,吉野家 大野城店,牛丼,,casual,tb,True
fukuoka/onojo,150,はま寿司 大野城南ヶ丘店,回転寿司,,seafood,tb,True
fukuoka/onojo,151,珈琲所 コメダ珈琲店 大野城乙金店,喫茶店,,cafe,tb,True
fukuoka/onojo,152,久遠チョコレート&DEMI-SEC 福岡大野城店,チョコレート、スイーツ,,sweets,tb,True
fukuoka/onojo,153,リンガーハット 福岡白木原店,ちゃんぽん,,noodles,tb,True
fukuoka/onojo,154,一品香 大野城店,中華料理,,chinese,tb,True
fukuoka/onojo,155,松屋  大野城横峰店,牛丼、カレー,,casual,tb,True
fukuoka/onojo,156,やきとり安兵衛 下大利店,焼き鳥、居酒屋,,meat,tb,True
fukuoka/onojo,157,九州筑豊ラーメン 山小屋  大野城店,ラーメン,,noodles,tb,True
fukuoka/onojo,158,琉球料理 安,沖縄料理、沖縄そば、もつ鍋,,japanese,tb,True
fukuoka/onojo,159,萬ちゃん,うどん、食堂,,noodles,tb,True
fukuoka/onojo,160,唐揚専門店 鶏膳,からあげ、弁当,,meat,tb,True
fukuoka/onojo,161,天然酵母ぱん 桃花,パン,,sweets,tb,True
fukuoka/onojo,162,由布,海鮮、居酒屋,,seafood,tb,True
fukuoka/onojo,163,ギャラリー大石,日本料理,,japanese,tb,True
fukuoka/onojo,164,たぬ久 大野城店,もつ鍋、居酒屋,,meat,tb,True
fukuoka/onojo,165,南風荘,東南アジア料理、居酒屋、ダイニングバー,,chinese,tb,True
fukuoka/onojo,166,月と猫,カフェ、バー,,cafe,tb,True
fukuoka/onojo,167,ぼんぼり横丁 乙金BASE,その他,,other,none,False
fukuoka/onojo,168,よしだ屋,惣菜・デリ、弁当,,casual,tb,True
fukuoka/onojo,169,YO-IRI,スイーツ、ジェラート・アイスクリーム,,sweets,tb,True
fukuoka/onojo,170,いこいカフェ 大野城店,カフェ,,cafe,tb,True
fukuoka/onojo,171,2610.COFFEE,カフェ,,cafe,tb,True
fukuoka/onojo,172,マクドナルド 3号線御笠川店,ハンバーガー,,casual,tb,True
fukuoka/onojo,173,想夫恋 上大利店,焼きそば,,noodles,tb,True
fukuoka/onojo,174,マクドナルド イオン大野城店,ハンバーガー,,casual,tb,True
fukuoka/onojo,175,元祖ムツゴロウのむっちゃん万十 下大利店,たい焼き・大判焼き,,sweets,tb,True
fukuoka/onojo,176,やよい軒 イオン大野城店,食堂,,casual,tb,True
fukuoka/onojo,177,ガスト 太宰府インター店,ファミレス,,casual,tb,True
fukuoka/onojo,178,モスバーガー 大野城店,ハンバーガー,,casual,tb,True
fukuoka/onojo,179,ワンカルビ 大野城店,焼肉,,meat,tb,True
fukuoka/onojo,180,マクドナルド 大野城店,ハンバーガー,,casual,tb,True
fukuoka/onojo,181,清香園 大野城店,焼肉,,meat,tb,True
fukuoka/onojo,182,博多中華そば 昇龍,ラーメン,,noodles,tb,True
fukuoka/onojo,183,ゆめ畑 大野城店,その他,,other,none,False
fukuoka/onojo,184,景寅,焼き鳥,,meat,tb,True
fukuoka/onojo,185,花むら,居酒屋、海鮮、鍋,,izakaya,tb,True
fukuoka/onojo,186,呑鳥,居酒屋、からあげ、弁当,,izakaya,tb,True
fukuoka/onojo,187,一力寿司,寿司,,seafood,tb,True
fukuoka/onojo,188,和人さわらび,和菓子,,sweets,tb,True
fukuoka/onojo,189,ぢどり屋,鳥料理、鍋、創作料理,,japanese,tb,False
fukuoka/onojo,190,居酒屋 わさび,居酒屋,,izakaya,tb,True
fukuoka/onojo,191,珍南亭,食堂,,casual,tb,True
fukuoka/onojo,192,万歳,焼き鳥,,meat,tb,True
fukuoka/onojo,193,クロワッサン,パン,,sweets,tb,True
fukuoka/onojo,194,ビストロ　ロッシェ,イタリアン,,european,tb,True
fukuoka/onojo,195,レグラン,カフェ,,cafe,tb,True
fukuoka/onojo,196,如水庵 イオン大野城店,和菓子、大福,,sweets,tb,True
fukuoka/onojo,197,鮨 ゆうこう,寿司,,seafood,tb,True
fukuoka/onojo,198,城,焼き鳥,,meat,tb,True
fukuoka/onojo,199,まるにふみ,からあげ,,meat,tb,True
fukuoka/onojo,200,焼鳥赤ひげ,焼き鳥,,meat,tb,True
fukuoka/onojo,201,居酒屋 三満,居酒屋、串揚げ、焼き鳥,,izakaya,tb,True
fukuoka/onojo,202,バンケットロイヤルホール,ビュッフェ、オーベルジュ,,casual,tb,True
fukuoka/onojo,203,あそ望,焼き鳥,,meat,tb,True
fukuoka/onojo,204,花禅,居酒屋,,izakaya,tb,True
fukuoka/onojo,205,大陸食堂アジアンカフェ,ダイニングバー、居酒屋、創作料理,,izakaya,tb,True
fukuoka/onojo,206,やきとり酒場 花ちゃん,焼き鳥,,meat,tb,True
fukuoka/onojo,207,とんかつ 濵かつ 大野城緑ヶ丘店,とんかつ,,meat,tb,True
fukuoka/onojo,208,や台ずし 下大利駅西口町,居酒屋、寿司、海鮮,,izakaya,tb,True
fukuoka/onojo,209,ケンタッキーフライドチキン 白木原店,レストラン,,other,none,False
fukuoka/onojo,210,鶏屋山崎 大野城本店,からあげ、弁当,,meat,tb,True
fukuoka/onojo,211,からあげ酒場 たこしん,居酒屋、からあげ、もつ鍋,,izakaya,tb,True
fukuoka/onojo,212,道くさ,居酒屋,,izakaya,tb,True
fukuoka/onojo,213,だいやめ,居酒屋,,izakaya,tb,True
fukuoka/onojo,214,寿司割烹 海王,寿司、日本料理,,seafood,tb,True
fukuoka/onojo,215,すゑ蜂,居酒屋、焼き鳥、餃子,,izakaya,tb,True
fukuoka/onojo,216,ミュゼ ド モーツアルト 大野城若草店,ケーキ,,sweets,tb,True
fukuoka/onojo,217,パンだ屋,パン,,sweets,tb,True
fukuoka/onojo,218,Jazz Bea,カフェ,,cafe,tb,True
fukuoka/onojo,219,Petite Kitchen,居酒屋、中華料理、カフェ,,izakaya,tb,True
fukuoka/onojo,220,SPICE,アジア・エスニック,,chinese,tb,True
fukuoka/onojo,221,お酒とお肉の食堂 エンジン,居酒屋,,izakaya,tb,True
fukuoka/onojo,222,kitchenこずえ,居酒屋,,izakaya,tb,True
fukuoka/onojo,223,小屋cafe tori,カフェ,,cafe,tb,True
fukuoka/onojo,224,茶房 ほんとよしなに,日本料理,,japanese,tb,True
fukuoka/onojo,225,ミスタードーナツ イオン大野城ショップ,レストラン,,other,none,False
fukuoka/onojo,226,十六雑穀オムライス＆ドリア専門店 おむらいす亭 福岡イオン大野城店,オムライス、ハンバーグ、鍋,,european,tb,True
fukuoka/onojo,227,や台ずし 白木原町,居酒屋、寿司、海鮮,,izakaya,tb,True
fukuoka/onojo,228,シャトレーゼ 大野城店,ケーキ、和菓子,,sweets,tb,True
fukuoka/onojo,229,一本堂 福岡春日原店,パン,,sweets,tb,True
fukuoka/onojo,230,つづみ団子 大野城店,和菓子、大福,,sweets,tb,True
fukuoka/onojo,231,十勝あんこのサザエ イオン大野城,和菓子、たい焼き・大判焼き,,sweets,tb,True
fukuoka/onojo,232,サーティワンアイスクリーム イオン大野城店,ジェラート・アイスクリーム,,sweets,tb,True
fukuoka/onojo,233,博多とよ唐亭　 白木原店,からあげ,,meat,tb,True
fukuoka/onojo,234,九州名物とめ手羽 白木原店,居酒屋、もつ鍋、手羽先,,izakaya,tb,True
fukuoka/onojo,235,スモモ イオン乙金店,パン,,sweets,tb,True
fukuoka/onojo,236,モスバーガー 牛頸店,ハンバーガー,,casual,tb,True
fukuoka/onojo,237,晩酌亭 白木原店,焼き鳥,,meat,tb,True
fukuoka/onojo,238,魚丼 春日原駅前店,海鮮丼,,seafood,tb,True
fukuoka/onojo,239,とよ唐亭 乙金店,からあげ、弁当,,meat,tb,True
fukuoka/onojo,240,からあげ 聖林 下大利駅前店,からあげ,,meat,tb,True
fukuoka/onojo,241,ほっともっと 山田店,弁当,,casual,tb,True
fukuoka/onojo,242,パン工場 御笠川店,パン,,sweets,tb,True
fukuoka/onojo,243,仁屋,居酒屋、焼き鳥,,izakaya,tb,True
fukuoka/onojo,244,千鳥屋 錦町店,和菓子,,sweets,tb,True
fukuoka/onojo,245,フードボートカフェ,スイーツ、ソフトクリーム,,sweets,tb,True
fukuoka/onojo,246,串王DINER 乙金店,焼き鳥,,meat,tb,True
fukuoka/onojo,247,くろまる 白木原本店,アジア・エスニック,,chinese,tb,True
fukuoka/onojo,248,一味,居酒屋,,izakaya,tb,True
fukuoka/onojo,249,明月堂 イオン大野城店,和菓子,,sweets,tb,True
fukuoka/onojo,250,ほっともっと 大野城大城店,弁当,,casual,tb,True
fukuoka/onojo,251,とよ唐亭 春日原駅前店,弁当,,casual,tb,True
fukuoka/onojo,252,吉野家  福岡春日原店,牛丼,,casual,tb,True
fukuoka/onojo,253,居酒屋 海舟,居酒屋,,izakaya,tb,True
fukuoka/onojo,254,ほっともっと 大野城旭ヶ丘店,弁当,,casual,tb,True
fukuoka/onojo,255,クック・チャム 南ヶ丘店,弁当,,casual,tb,True
fukuoka/onojo,256,さか本,レストラン、日本料理,,japanese,tb,False
fukuoka/onojo,257,博多大串 王手飛車,焼き鳥、弁当,,meat,tb,True
fukuoka/onojo,258,カフェ ヒュッテ,カフェ,,cafe,tb,True
fukuoka/onojo,259,湖月堂 イオン大野城店,和菓子,,sweets,tb,True
fukuoka/onojo,260,モンゴリー,喫茶店,,cafe,tb,True
fukuoka/onojo,261,イオンシネマ 大野城店,その他,,other,none,False
fukuoka/onojo,262,しゅんら,うどん,,noodles,tb,True
fukuoka/onojo,263,焼鳥百ちゃん,居酒屋,,izakaya,tb,True
fukuoka/onojo,264,ほっともっと 南バイパス店,弁当,,casual,tb,True
fukuoka/onojo,265,玉収,弁当、その他,,casual,tb,True
fukuoka/onojo,266,ケトルカフェ,喫茶店,,cafe,tb,True
fukuoka/onojo,267,クック・チャム まどかぴあ前店,弁当,,casual,tb,True
fukuoka/onojo,268,ピザクック 大野城店,ピザ、お好み焼き,,european,tb,True
fukuoka/onojo,269,カンパン,パン,,sweets,tb,True
fukuoka/onojo,270,伽羅,喫茶店,,cafe,tb,True
fukuoka/onojo,271,焼とりやす,焼き鳥,,meat,tb,True
fukuoka/onojo,272,カフェ トータス,カフェ,,cafe,tb,True
fukuoka/onojo,273,やぐら,居酒屋,,izakaya,tb,True
fukuoka/onojo,274,大草,日本料理,,japanese,tb,True
fukuoka/onojo,275,からつ庵 イオンモール乙金店,弁当、からあげ,,casual,tb,True
fukuoka/onojo,276,鉄板焼き 縁亭,鉄板焼き,,meat,tb,True
fukuoka/onojo,277,Pan cosao,パン,,sweets,tb,True
fukuoka/onojo,278,大城の森,カフェ、ケーキ,,cafe,tb,True
fukuoka/onojo,279,ふわりぱん,パン,,sweets,tb,True
fukuoka/onojo,280,Bread Factory イオン大野城ショッピングセンター,パン、サンドイッチ,,sweets,tb,True
fukuoka/onojo,281,KFC 大野城若草店,揚げ物、肉料理、鳥料理,,casual,tb,True
fukuoka/onojo,282,CAFE Lalala,カフェ、ケーキ、洋菓子,,cafe,tb,True
fukuoka/onojo,283,カラオケサウンドパーク 大野城店,カラオケ、ピザ、カフェ,,izakaya,tb,True
fukuoka/onojo,284,サト～食鮮館 山田店,コンビニ・スーパー,,daily,tb,True
fukuoka/onojo,285,BAKED GOODS LAPIN,パン,,sweets,tb,True
fukuoka/onojo,286,HAKATA 食パン家 若草店,パン,,sweets,tb,True
fukuoka/onojo,287,からあげ専門店 鶏膳,からあげ,,meat,tb,True
fukuoka/onojo,288,焼鳥正吉,焼き鳥,,meat,tb,True
fukuoka/onojo,289,セブンイレブン 大野城御笠川4丁目店,コンビニ・スーパー,,daily,tb,True
fukuoka/onojo,290,ほっともっと 大野城まどかぴあ前店,弁当,,casual,tb,True
fukuoka/onojo,291,ミュゼドモーツアルト イオン大野城店,ケーキ,,sweets,tb,True
fukuoka/onojo,292,千茶堂 白木原店,スイーツ,,sweets,tb,True
fukuoka/onojo,293,Patisserie 一実 イオン乙金店,ケーキ、洋菓子,,sweets,tb,True
fukuoka/onojo,294,旬菜焚火 丸屋,居酒屋,,izakaya,tb,True
fukuoka/onojo,295,ビーンズカフェ 南ヶ丘店,カフェ,,cafe,tb,True
fukuoka/onojo,296,ベーカリーカフェ パンだ!屋 月の浦店,パン,,sweets,tb,True
fukuoka/onojo,297,からあげ ドラゴン,からあげ、弁当,,meat,tb,True
fukuoka/onojo,298,TeaWay イオン大野城店,ティースタンド、タピオカ、ジューススタンド,,cafe,tb,False
fukuoka/onojo,299,Rcafe イオン乙金店,カフェ,,cafe,tb,True
fukuoka/onojo,300,エナベーグル,ベーグル,,sweets,tb,True
fukuoka/onojo,301,お茶の山口園 イオン大野城SC,カフェ,,cafe,tb,True
fukuoka/onojo,302,かば田 イオン大野城店,その他,,other,none,False
fukuoka/onojo,303,ドミノ・ピザ 下大利店,ピザ,,european,tb,True
fukuoka/onojo,304,焼鳥酒場 みどるとん,居酒屋,,izakaya,tb,True
fukuoka/onojo,305,マル通商店,鳥料理,,other,none,False
fukuoka/onojo,306,Sweet Lulu,カフェ、ケーキ,,cafe,tb,True
fukuoka/onojo,307,おむすびコロコロ 大野城店,おにぎり,,casual,tb,True
fukuoka/onojo,308,GOGO CHICKEN,韓国料理,,chinese,tb,True
fukuoka/onojo,309,カルディコーヒーファーム イオン大野城SC店,その他,,other,none,False
fukuoka/onojo,310,natural natural  イオン大野城,コンビニ・スーパー,,daily,tb,True
fukuoka/onojo,311,地鶏屋台 雲鶏,居酒屋、鳥料理,,izakaya,tb,True
fukuoka/onojo,312,イオン大野城,その他,,other,none,False
fukuoka/onojo,313,マックスバリュ 下大利店,コンビニ・スーパー,,daily,tb,True
fukuoka/onojo,314,ファミリーマート 大野城乙金店,コンビニ・スーパー,,daily,tb,True
fukuoka/onojo,315,セブンイレブン 大野城下大利1丁目,コンビニ・スーパー,,daily,tb,True
fukuoka/onojo,316,ファミリーマート 大野城山田,コンビニ・スーパー,,daily,tb,True
fukuoka/onojo,317,CACCO COFFEE,カフェ、パン,,cafe,tb,True
fukuoka/onojo,318,太宰府ぎょうざ 六九 大野城大城店,餃子,,chinese,tb,True
fukuoka/onojo,319,Bio Ciao!,イタリアン,,european,tb,True
fukuoka/onojo,320,こすも,パン、チョコレート,,sweets,tb,True
fukuoka/onojo,321,どんぶり勘定,その他,,other,none,False
fukuoka/onojo,322,焼とりろばた対州,焼き鳥,,meat,tb,True
fukuoka/onojo,323,しかしま,その他,,other,none,False
fukuoka/onojo,324,マルキョウ 南大利店,コンビニ・スーパー,,daily,tb,True
fukuoka/onojo,325,エフコープ 大野城店,その他,,other,none,False
fukuoka/onojo,326,味処 翔,居酒屋,,izakaya,tb,True
fukuoka/onojo,327,グラッツェ工房 豊か,惣菜・デリ,,casual,tb,True
fukuoka/onojo,328,レガネットマルシェ 下大利駅,コンビニ・スーパー,,daily,tb,True
fukuoka/onojo,329,ほっともっと 南ヶ丘店,弁当,,casual,tb,True
fukuoka/onojo,330,マムスタジオ,カレー,,curry,tb,True
fukuoka/onojo,331,福田酒店,その他,,other,none,False
fukuoka/onojo,332,Bar Fear-Less,バー,,izakaya,tb,True
fukuoka/onojo,333,大野珈琲商会,喫茶店,,cafe,tb,True
fukuoka/onojo,334,ファミリーガーデン 大野城店,カフェ,,cafe,tb,True
fukuoka/onojo,335,ピザクック 春日原店,ピザ,,european,tb,True
fukuoka/onojo,336,鶏蘭轟,焼き鳥、串焼き、居酒屋,,meat,tb,True
fukuoka/onojo,337,サクランボカフェ,カフェ,,cafe,tb,True
fukuoka/onojo,338,Lundé,スイーツ,,sweets,tb,True
fukuoka/onojo,339,やはた丸,居酒屋,,izakaya,tb,True
fukuoka/onojo,340,ボタニカル ワーク&カフェ ハナモミジ,カフェ,,cafe,tb,True
fukuoka/onojo,341,こいさん,日本料理,,japanese,tb,True
fukuoka/onojo,342,紗羅樹,日本料理,,japanese,tb,True
fukuoka/onojo,343,kiten,ティースタンド,,other,none,False
fukuoka/onojo,344,食べ飲み神社,居酒屋,,izakaya,tb,True
fukuoka/onojo,345,たのしや,お好み焼き,,casual,tb,True
fukuoka/onojo,346,味キ多,居酒屋,,izakaya,tb,True
fukuoka/onojo,347,TRIAL GO 大野城まどかぴあ前店,コンビニ・スーパー,,daily,tb,True
fukuoka/onojo,348,ウィンドア,バー、カフェ,,izakaya,tb,True
fukuoka/onojo,349,菜八,居酒屋,,izakaya,tb,True
fukuoka/onojo,350,ひょうたん島,喫茶店,,cafe,tb,True
fukuoka/onojo,351,まるや荘,居酒屋,,izakaya,tb,True
fukuoka/onojo,352,亀寿司,寿司,,seafood,tb,True
fukuoka/onojo,353,南ん子,居酒屋,,izakaya,tb,True
fukuoka/onojo,354,カフェ鶴田,カフェ,,cafe,tb,True
fukuoka/onojo,355,グッドプリンファクトリー,プリン,,other,none,False
fukuoka/onojo,356,ニクヤキ はなちゃん,焼肉,,meat,tb,True
fukuoka/onojo,357,前菜酒家四季,居酒屋,,izakaya,tb,True
fukuoka/onojo,358,ユーバー,レストラン,,other,none,False
fukuoka/onojo,359,呑み処 縁,居酒屋,,izakaya,tb,True
fukuoka/onojo,360,てん,焼き鳥,,meat,tb,True
fukuoka/onojo,361,愛菜野,その他,,other,none,False
fukuoka/onojo,362,しげ,日本料理,,japanese,tb,True
fukuoka/onojo,363,和×酒 英,居酒屋、海鮮、天ぷら,,izakaya,tb,True
fukuoka/onojo,364,ローソン 大野城乙金三丁目店,コンビニ・スーパー,,daily,tb,True
fukuoka/onojo,365,天勝寿し,寿司,,seafood,tb,True
fukuoka/onojo,366,自家焙煎珈琲 珈風,カフェ,,cafe,tb,True
fukuoka/onojo,367,Unagi Masudaya,,,other,none,False
fukuoka/onojo,368,Korian,,Japanese;Japanese - Other ,japanese,ta,True
fukuoka/onojo,369,IPPUDO Dazaifu Inter,,,other,none,False
fukuoka/onojo,370,Macllo,,,other,none,False
fukuoka/onojo,371,Wasabi,,Japanese;Izakaya (Japanese Style Tavern),izakaya,ta,True
fukuoka/onojo,372,Sofuren,,Japanese;Japanese - Other ,japanese,ta,True
fukuoka/onojo,373,Katsu,,French,european,ta,True
fukuoka/onojo,374,Bakamori Pompoko,,Japanese;International;Japanese - Other ,japanese,ta,True
fukuoka/onojo,375,Noko Udon Aeon Onojo,,Japanese;Japanese - Other ,japanese,ta,True
fukuoka/onojo,376,Royal Host,,International,other,none,False
fukuoka/onojo,377,Gyu Motsu Nabe Ryori Semmontentamaki,,Japanese;Japanese - Other ,japanese,ta,True
fukuoka/onojo,378,Gusto Dazaifu Inter,,International,other,none,False
fukuoka/onojo,379,Tokaen,,Barbecue,meat,ta,True
fukuoka/onojo,380,Omrice Tei Fukuoka Eaon Onojo,,International,other,none,False
fukuoka/onojo,381,Curry House CoCo Ichibanya Fukuoka Minami Bypass,,Fast Food,casual,ta,True
fukuoka/onojo,382,Tonkatsu Hamakatsu Onojo Midorigaoka,,Japanese,japanese,ta,True
fukuoka/onojo,383,Stone Oven Bakery Cree Bratz Wakakusa,,,other,none,False
fukuoka/onojo,384,Mos Burger Ushikubi,,American;Fast Food,european,ta,True
fukuoka/onojo,385,Mister Donut Aeon Onojo,,Cafe;Fast Food,cafe,ta,True
fukuoka/onojo,386,Ringer Hut Fukuoka Shirakibaru,,,other,none,False
fukuoka/onojo,387,Nijumaru Onojo,,,other,none,False
fukuoka/onojo,388,Hamazushi Onojo Minamigaoka,,Japanese;Sushi,seafood,ta,True
fukuoka/onojo,389,Ryoyupan Fukuoka Factory,,Cafe;Japanese sweets parlour,cafe,ta,True
fukuoka/onojo,390,Angelo,,Italian,european,ta,True
fukuoka/onojo,391,Sofukoi Kami Ori,,Japanese;Japanese - Other ,japanese,ta,True
fukuoka/onojo,392,Ginzushi,,Japanese;Seafood;Sushi;Japanese - Other ,seafood,ta,True
fukuoka/onojo,393,Seikoen,,Japanese,japanese,ta,True
fukuoka/onojo,394,Creative Dining Kaede,,,other,none,False
fukuoka/onojo,395,Kimama No Daidokoro,,Japanese,japanese,ta,True
fukuoka/onojo,396,Tonkatsu Taisho Onojo,,Japanese;Japanese - Other ,japanese,ta,True
fukuoka/onojo,397,Nikuniku Udon Mikasagawa,,,other,none,False
fukuoka/onojo,398,Danjiri,,Japanese;Japanese - Other ,japanese,ta,True
fukuoka/onojo,399,Umino,,,other,none,False
fukuoka/onojo,400,French Restaurant Kamometei,,French,european,ta,True
fukuoka/onojo,401,Isaburo Bread Onojo,,,other,none,False
fukuoka/onojo,402,Kurobuta Brothers Onojo,,,other,none,False
fukuoka/onojo,403,Koshin Do,,Asian,chinese,ta,True
fukuoka/onojo,404,Joyfull,,International,other,none,False
fukuoka/onojo,405,Doncho,,Japanese;Japanese - Traditional Cuisine;Kappo,japanese,ta,True
fukuoka/onojo,406,Kettle Cafe,,Cafe,cafe,ta,True
fukuoka/onojo,407,Sakuchan Shokudo,,Japanese;International;Japanese - Other ,japanese,ta,True
fukuoka/onojo,408,Yatai Sushi Shirakihara Cho,,Sushi,seafood,ta,True
fukuoka/onojo,409,Namasoba Azuma Wakagusa,,,other,none,False
fukuoka/onojo,410,Caffe Escasa Onojo,,Cafe,cafe,ta,True
fukuoka/onojo,411,Sennomichi Taiwanese Kitchen,,,other,none,False
fukuoka/onojo,412,Rice Omelette Onojosateiten,,International,other,none,False
fukuoka/onojo,413,Food Court Don Don,,Fast Food,casual,ta,True
fukuoka/onojo,414,Ichiryu Satie Onojo,,,other,none,False
fukuoka/onojo,415,Korean Yakiniku Yamakita Mikasagawa,,Barbecue,meat,ta,True
fukuoka/onojo,416,Seasonal Japanese Food Kounichi Sakamoto,,Japanese,japanese,ta,True
fukuoka/onojo,417,Ikizukuri Motsunabe Izakaya Sawanoya,,Japanese,japanese,ta,True
fukuoka/onojo,418,Cafe Gallery Les Grands,,Cafe,cafe,ta,True
fukuoka/onojo,419,Kasuga Shokudo Aeon Onojo,,,other,none,False
fukuoka/onojo,420,India Restaurant Suraj,,,other,none,False
fukuoka/onojo,421,Uotami Shimoori East Entrance Eki Mae,,Seafood,seafood,ta,True
fukuoka/onojo,422,Cafe Rezo,,Cafe,cafe,ta,True
fukuoka/onojo,423,Yakiniku Dainingu Wan Karubi Onojo Ten,,,other,none,False
fukuoka/onojo,424,Bistro Wagamamma,,French,european,ta,True
fukuoka/onojo,425,Beans Cafe Minamigaoka,,Cafe,cafe,ta,True
fukuoka/onojo,426,Jirocho,,Japanese;Japanese - Other ,japanese,ta,True
fukuoka/onojo,427,Hormone Grilled Meat Specialty Store Sum Trillion,,Barbecue,meat,ta,True
fukuoka/onojo,428,Chikushi Sogo Chosha Shokudo,,Japanese;International;Japanese - Other ,japanese,ta,True
fukuoka/onojo,429,Shinken Daidokoro Heppoko,,Japanese,japanese,ta,True
fukuoka/onojo,430,Vegeniku,,,other,none,False
fukuoka/onojo,431,Hatena Shokudo,,Japanese;International;Japanese - Other ,japanese,ta,True
fukuoka/onojo,432,Bakery Cafe Il Sole,,Cafe,cafe,ta,True
fukuoka/onojo,433,Mizuki,,Japanese,japanese,ta,True
fukuoka/onojo,434,Kato Chan Takoyaki,,,other,none,False
fukuoka/onojo,435,Home Roasted Coffee Beans Boa Sorte,,Cafe,cafe,ta,True
fukuoka/onojo,436,Nangoku Toride Shokudo,,Japanese;International;Japanese - Other ,japanese,ta,True
fukuoka/onojo,437,Hide Chan Shokudo,,Barbecue,meat,ta,True
fukuoka/onojo,438,Ramen Izakaya Kurenai,,Japanese,japanese,ta,True
fukuoka/onojo,439,Yatai Zushi Shimoori Station Nishiguchicho,,,other,none,False
fukuoka/onojo,440,Dango An,,Japanese;Japanese - Other ,japanese,ta,True
fukuoka/onojo,441,Okonomiyaki Cafe Roman,,Japanese;Japanese - Other ,japanese,ta,True
fukuoka/onojo,442,Himawari,,Japanese;International,japanese,ta,True
fukuoka/onojo,443,Yakiniku Mori,,Barbecue,meat,ta,True
fukuoka/onojo,444,Onomichi Ramen Ryuko,,,other,none,False
fukuoka/onojo,445,Hachihachi Onojo,,Barbecue,meat,ta,True
fukuoka/onojo,446,Cafe Ori,,Cafe,cafe,ta,True
fukuoka/onojo,447,下大利ウエスタン,,Japanese;Japanese - Other ,japanese,ta,True
fukuoka/onojo,448,Jirocho,,Japanese;Japanese - Other ,japanese,ta,True
fukuoka/onojo,449,タコ焼西成,,Japanese;Japanese - Other ,japanese,ta,True
fukuoka/onojo,450,America,,Cafe,cafe,ta,True
fukuoka/onojo,451,Grill Stracchino,,Italian,european,ta,True
fukuoka/onojo,452,Kyara,,Cafe,cafe,ta,True
fukuoka/onojo,453,Kagetora,,Japanese;Japanese - Other ,japanese,ta,True
fukuoka/onojo,454,Fresh Deli,,Japanese,japanese,ta,True
fukuoka/onojo,455,Izayoi,,International,other,none,False
fukuoka/onojo,456,Ichimi,,Japanese,japanese,ta,True
fukuoka/onojo,457,Stop,,Cafe,cafe,ta,True
fukuoka/onojo,458,Chinnante,,Japanese;International;Japanese - Other ,japanese,ta,True
fukuoka/onojo,459,Kakuuchi Daichan,,Japanese,japanese,ta,True
fukuoka/onojo,460,Bistro Rosshe,,French,european,ta,True
fukuoka/onojo,461,Manpuku,,Japanese;International;Japanese - Other ,japanese,ta,True
fukuoka/onojo,462,Meridiana,,Italian,european,ta,True
fukuoka/onojo,463,Tezukuri Eurooean Bistro Miya,,French,european,ta,True
fukuoka/onojo,464,Kaishu,,Japanese,japanese,ta,True
fukuoka/onojo,465,Takoyaki Dining Takumi,,Izakaya (Japanese Style Tavern),izakaya,ta,True
fukuoka/onojo,466,Saraju,,Japanese;Izakaya (Japanese Style Tavern),izakaya,ta,True
fukuoka/onojo,467,Naya,,Japanese;Izakaya (Japanese Style Tavern),izakaya,ta,True
fukuoka/onojo,468,Ryu cafe curry,,,other,none,False
fukuoka/onojo,469,Zenryoku Sumibi Yakitori Ahondara,,Japanese,japanese,ta,True
fukuoka/onojo,470,Pizza Cooc Kasugabaru,,,other,none,False
fukuoka/onojo,471,Rosso From Pizza House Rosso,,,other,none,False
fukuoka/onojo,472,Shimooori Hormone,,,other,none,False
fukuoka/onojo,473,Bronco Billy,,,other,none,False
fukuoka/onojo,474,Continent Cafeteria Asian Cafe,,Japanese,japanese,ta,True
fukuoka/onojo,475,Tavern Yamaboshi,,Japanese,japanese,ta,True
fukuoka/onojo,476,Akizuki,,Japanese,japanese,ta,True
fukuoka/onojo,477,Hakuyoken,,,other,none,False
fukuoka/onojo,478,Wano Daidokoro Ichikara,,Seafood,seafood,ta,True
fukuoka/onojo,479,BAR CALMKNOT,,Bar;Pub,izakaya,ta,True
fukuoka/onojo,480,Junsen Kobo Yufu,,Japanese - Other ,japanese,ta,True
fukuoka/onojo,481,Osaka Sozai Hana Goyomi,,Japanese - Other ,japanese,ta,True
fukuoka/onojo,482,Uwofuji,,Japanese;Japanese - Traditional Cuisine;Kaiseki,japanese,ta,True
fukuoka/onojo,483,Kokura,,Japanese,japanese,ta,True
fukuoka/onojo,484,Genki,,Japanese,japanese,ta,True
fukuoka/onojo,485,Orange Kitchen,,Fast Food,casual,ta,True
fukuoka/onojo,486,Santon Restaurant,,Chinese,chinese,ta,True
fukuoka/onojo,487,Shunsai Magokoro,,Japanese,japanese,ta,True
fukuoka/onojo,488,Ikesu Kappo Kobayashi,,Japanese;Kappo,japanese,ta,True
fukuoka/onojo,489,Kame Sushi,,Japanese;Seafood;Sushi;Japanese - Other ,seafood,ta,True
fukuoka/onojo,490,燕京,,Chinese,chinese,ta,True
fukuoka/onojo,491,Uohiro,,Japanese,japanese,ta,True
fukuoka/onojo,492,Mugenonojoshi,,Asian;Korean,chinese,ta,True
fukuoka/onojo,493,Korean Restaurant Marronnier,,Korean,chinese,ta,True
fukuoka/onojo,494,Taketombo,,Japanese,japanese,ta,True
fukuoka/onojo,495,Iyashizakedokoro Umakatsu,,Japanese,japanese,ta,True
fukuoka/onojo,496,Tongarashi,,Japanese,japanese,ta,True
fukuoka/onojo,497,Yamato,,Izakaya (Japanese Style Tavern),izakaya,ta,True
fukuoka/onojo,498,Mendo Kusai,,Japanese,japanese,ta,True
fukuoka/onojo,499,Atsuko,,Japanese,japanese,ta,True
fukuoka/onojo,500,博多久吉,,Japanese;Japanese - Traditional Cuisine;Kaiseki;Kappo,japanese,ta,True
fukuoka/onojo,501,Ikesu Shobai Shokubaka,,Japanese;Izakaya (Japanese Style Tavern),izakaya,ta,True
fukuoka/onojo,502,Nanko,,Japanese;Izakaya (Japanese Style Tavern),izakaya,ta,True
fukuoka/onojo,503,Tenzan Minamigaoka,,Izakaya (Japanese Style Tavern),izakaya,ta,True
fukuoka/onojo,504,Hakuhoken,,Japanese,japanese,ta,True
fukuoka/onojo,505,Sumotori,,Japanese;Japanese - Other ,japanese,ta,True
fukuoka/onojo,506,Chinton Shiyan,,Japanese;Izakaya (Japanese Style Tavern),izakaya,ta,True
fukuoka/onojo,507,Kuishimbo Arashi,,Izakaya (Japanese Style Tavern),izakaya,ta,True
fukuoka/onojo,508,Maison,,,other,none,False
fukuoka/onojo,509,Kitchen Jagaimo,,,other,none,False
fukuoka/onojo,510,Taste Processing Sho,,Japanese;Izakaya (Japanese Style Tavern),izakaya,ta,True
fukuoka/onojo,511,Tongari,,Japanese;Pub,izakaya,ta,True
fukuoka/onojo,512,Kushi Maru,,Japanese;Izakaya (Japanese Style Tavern),izakaya,ta,True
fukuoka/onojo,513,Ramen Izakaya Samman,,,other,none,False
fukuoka/onojo,514,Izakaya Aruchizanonoshiro,,Japanese;Izakaya (Japanese Style Tavern),izakaya,ta,True
fukuoka/onojo,515,Yakirori Jinya,,,other,none,False
fukuoka/onojo,516,Donku,,,other,none,False
fukuoka/onojo,517,Sho No Fune,,Japanese;Seafood;Japanese - Other ,seafood,ta,True
fukuoka/onojo,518,Nampuso,,,other,none,False
fukuoka/onojo,519,Uccellino,,,other,none,False
fukuoka/onojo,520,Fuki Minamigaoka,,,other,none,False
fukuoka/onojo,521,Nishinari Sogo Jigyo Kumiai,,,other,none,False
fukuoka/onojo,522,Orange Grove,,,other,none,False
fukuoka/onojo,523,Genkotsu Fukuoka,,,other,none,False
fukuoka/onojo,524,Aishin Shokudo Shirakibaru,,,other,none,False
fukuoka/onojo,525,Sangetsu,,,other,none,False
fukuoka/onojo,526,Cook Cham Aeon Otogana,,,other,none,False
fukuoka/onojo,527,Lombrage Bigarre,,,other,none,False
fukuoka/onojo,528,Sweets Minorika,,,other,none,False
fukuoka/onojo,529,Fumii,,,other,none,False
fukuoka/onojo,530,Chankoya Gomangoku,,,other,none,False
fukuoka/onojo,531,Nagomian,,,other,none,False
fukuoka/onojo,532,KukyoCoffee,,,other,none,False
fukuoka/onojo,533,Gyogyosuke Onojo,,,other,none,False
fukuoka/onojo,534,Snack Amur,,,other,none,False
fukuoka/onojo,535,Risudoru Ogi,,,other,none,False
fukuoka/onojo,536,Ishimura Yamada,,,other,none,False
fukuoka/onojo,537,Love Heart Dininig Room,,,other,none,False
fukuoka/onojo,538,Ogi No Mori,,Japanese sweets parlour,sweets,desc,False
fukuoka/oto,1,豊前裏打会 津田屋流 麺チャンピオン,うどん,,noodles,tb,True
fukuoka/oto,2,道の駅 おおとう桜街道 もみじ館,道の駅,,other,none,False
fukuoka/oto,3,壱好,ラーメン,,noodles,tb,True
fukuoka/oto,4,神だこ,たこ焼き、ソフトクリーム、かき氷,,casual,tb,True
fukuoka/oto,5,道の駅おおとう桜街道 さくら館,その他,,other,none,False
fukuoka/oto,6,カフェ チェリーロード,カフェ、ソフトクリーム、かき氷,,cafe,tb,True
fukuoka/oto,7,丸亀うどん,うどん、そば,,noodles,tb,True
fukuoka/oto,8,キッチン わぽ,食堂,,casual,tb,True
fukuoka/oto,9,PANET,パン、サンドイッチ,,sweets,tb,True
fukuoka/oto,10,みもざ,カフェ,,cafe,tb,True
fukuoka/oto,11,らーめん　咲ら,ラーメン,,noodles,tb,True
fukuoka/oto,12,本場大阪 たこ焼き くるりんちょ,たこ焼き,,casual,tb,True
fukuoka/oto,13,鷹羽ロイヤルカントリークラブ,その他,,other,none,False
fukuoka/oto,14,スマイルチキン！,からあげ,,meat,tb,True
fukuoka/oto,15,揚物屋 弁天,からあげ、食堂、焼きそば,,meat,tb,True
fukuoka/oto,16,サニーサイド,ハンバーガー,,casual,tb,True
fukuoka/oto,17,本場韓国家庭料理 宋家 おおとう桜街道店,韓国料理、冷麺,,chinese,tb,True
fukuoka/oto,18,四川亭,四川料理,,other,none,False
fukuoka/oto,19,FELICE CAFE,カフェ,,cafe,tb,True
fukuoka/oto,20,さっちゃん,焼き鳥,,meat,tb,True
fukuoka/oto,21,おおとうにんにく食品,その他,,other,none,False
fukuoka/oto,22,犬と猫のカフェ 有吉工務店 大任店,その他,,other,none,False
fukuoka/oto,23,DARIN CAFE,カフェ,,cafe,tb,True
fukuoka/oto,24,善弓,たこ焼き,,casual,tb,True
fukuoka/oto,25,崎山青果,たこ焼き,,casual,tb,True
fukuoka/oto,26,定食ミホ,食堂,,casual,tb,True
fukuoka/oto,27,味処 峠茶屋,,Japanese,japanese,ta,True
fukuoka/oto,28,Hanamusubi,,Japanese;International;Japanese - Other ,japanese,ta,True
fukuoka/oto,29,Zenkyu,,Japanese,japanese,ta,True
fukuoka/oto,30,Soke Oto Sakura Kaido,,,other,none,False
fukuoka/oto,31,Yasumiba,,,other,none,False
fukuoka/oto,32,Ryomatei,,Japanese,japanese,ta,True
fukuoka/oto,33,Ramen Ichiyoshi,,,other,none,False
fukuoka/sasaguri,1,篠栗珈琲焙煎所,カフェ,,cafe,tb,True
fukuoka/sasaguri,2,茶房　わらび野,カフェ、ステーキ、ビアガーデン,,cafe,tb,True
fukuoka/sasaguri,3,篠栗うどん,レストラン,,other,none,False
fukuoka/sasaguri,4,中華そば タンポポ,ラーメン,,noodles,tb,True
fukuoka/sasaguri,5,スリランカ カレーレストラン ひすず,カレー、スリランカ料理,,curry,tb,True
fukuoka/sasaguri,6,蕎麦 文治郎,そば,,noodles,tb,True
fukuoka/sasaguri,7,地蔵とうふ 篠栗店,日本料理、そば、うどん,,japanese,tb,True
fukuoka/sasaguri,8,蕎麦切 桜花,そば、うどん,,noodles,tb,True
fukuoka/sasaguri,9,bubude coffee,カフェ、スイーツ,,cafe,tb,True
fukuoka/sasaguri,10,バーガー トウカ,ハンバーガー,,casual,tb,True
fukuoka/sasaguri,11,ひみつキッチン ナカニシ,食堂、弁当,,casual,tb,True
fukuoka/sasaguri,12,ステーキハウス WINNERs 篠栗店,ステーキ,,meat,tb,True
fukuoka/sasaguri,13,あげもんのさかえや,和菓子,,sweets,tb,True
fukuoka/sasaguri,14,桃花苑,中華料理,,chinese,tb,True
fukuoka/sasaguri,15,リヤク,カフェ、居酒屋,,cafe,tb,True
fukuoka/sasaguri,16,パンサク,パン,,sweets,tb,True
fukuoka/sasaguri,17,欧風食堂 オッタントット,イタリアン、ダイニングバー,,european,tb,True
fukuoka/sasaguri,18,Yamaya Factory Terrace,その他,,other,none,False
fukuoka/sasaguri,19,菓子工房 菓楽,ケーキ,,sweets,tb,True
fukuoka/sasaguri,20,山王うどん,うどん、カレー、天ぷら,,noodles,tb,True
fukuoka/sasaguri,21,夢や,居酒屋,,izakaya,tb,True
fukuoka/sasaguri,22,JAVA COFFEE YARD,カフェ,,cafe,tb,True
fukuoka/sasaguri,23,喫茶 陶花,カフェ,,cafe,tb,True
fukuoka/sasaguri,24,肉最強伝説 篠栗店,ステーキ、ハンバーグ,,meat,tb,True
fukuoka/sasaguri,25,俺野塩,ラーメン,,noodles,tb,True
fukuoka/sasaguri,26,339Re,カフェ,,cafe,tb,True
fukuoka/sasaguri,27,自家製酵母パン なないろ,パン、ベーグル,,sweets,tb,True
fukuoka/sasaguri,28,だいあん,ラーメン,,noodles,tb,True
fukuoka/sasaguri,29,よしみ,日本料理、寿司、ちゃんぽん,,japanese,tb,True
fukuoka/sasaguri,30,うどんの小麦冶 八木山バイパス店,うどん,,noodles,tb,True
fukuoka/sasaguri,31,筑豊ラーメン山小屋 篠栗店,ラーメン,,noodles,tb,True
fukuoka/sasaguri,32,吉田屋,レストラン、麺類,,noodles,tb,False
fukuoka/sasaguri,33,荒神茶屋,うどん、そば、親子丼,,noodles,tb,True
fukuoka/sasaguri,34,港屋,レストラン、食堂,,casual,tb,False
fukuoka/sasaguri,35,居酒屋 とり玄,焼き鳥、居酒屋,,meat,tb,True
fukuoka/sasaguri,36,資さんうどん アクロスプラザ篠栗店,うどん,,noodles,tb,True
fukuoka/sasaguri,37,村嶋饅頭店,和菓子,,sweets,tb,True
fukuoka/sasaguri,38,広島屋,お好み焼き、焼きそば、鉄板焼き,,casual,tb,True
fukuoka/sasaguri,39,たまや,カレーうどん、日本料理、カフェ,,japanese,tb,False
fukuoka/sasaguri,40,ガウレ,インドカレー,,curry,tb,True
fukuoka/sasaguri,41,Petit Chambre,フレンチ,,european,tb,True
fukuoka/sasaguri,42,海のまんま・海鮮味楽,寿司,,seafood,tb,True
fukuoka/sasaguri,43,若杉の湯,うどん、居酒屋,,noodles,tb,True
fukuoka/sasaguri,44,ウエスト 篠栗店,うどん,,noodles,tb,True
fukuoka/sasaguri,45,直ちゃん市場,その他,,other,none,False
fukuoka/sasaguri,46,MiG by Jill,カフェ、ダイニングバー,,cafe,tb,True
fukuoka/sasaguri,47,萩や,喫茶店,,cafe,tb,True
fukuoka/sasaguri,48,福岡篠栗食堂,レストラン,,other,none,False
fukuoka/sasaguri,49,バイキングレストラン志高 福岡篠栗店,ビュッフェ,,casual,tb,True
fukuoka/sasaguri,50,とり焼肉 悠和,ラーメン、焼肉,,noodles,tb,True
fukuoka/sasaguri,51,アイアイささぐり,その他,,other,none,False
fukuoka/sasaguri,52,真心ダイニング 厨～りっぷ,居酒屋,,izakaya,tb,True
fukuoka/sasaguri,53,本場インドカレースミ 篠栗店,インドカレー,,curry,tb,True
fukuoka/sasaguri,54,STEEL&FABRIC,カフェ,,cafe,tb,True
fukuoka/sasaguri,55,たい焼きKATO,たい焼き・大判焼き,,sweets,tb,True
fukuoka/sasaguri,56,バー ソノラ,バー、ダイニングバー,,izakaya,tb,True
fukuoka/sasaguri,57,吉野家 201号線篠栗店,牛丼,,casual,tb,True
fukuoka/sasaguri,58,ジョイフル 篠栗店,ファミレス,,casual,tb,True
fukuoka/sasaguri,59,地鶏食堂 篠栗店,焼肉、鳥料理,,meat,tb,True
fukuoka/sasaguri,60,お肉の直売所 野田ミート 篠栗店,その他,,other,none,False
fukuoka/sasaguri,61,寿し豊,寿司,,seafood,tb,True
fukuoka/sasaguri,62,南蔵院 駅売店,たこ焼き、たい焼き・大判焼き、和菓子,,casual,tb,True
fukuoka/sasaguri,63,元祖スタミナ焼きそばーば,焼きそば,,noodles,tb,True
fukuoka/sasaguri,64,Cafe ベイベリー,ハンバーガー,,casual,tb,True
fukuoka/sasaguri,65,煙巻ん,居酒屋,,izakaya,tb,True
fukuoka/sasaguri,66,純一 篠栗店,居酒屋,,izakaya,tb,True
fukuoka/sasaguri,67,OHANA,寿司、海鮮、焼肉,,seafood,tb,True
fukuoka/sasaguri,68,チートデイ,カフェ,,cafe,tb,True
fukuoka/sasaguri,69,ユーキの手作り弁当,弁当,,casual,tb,True
fukuoka/sasaguri,70,お寺喫茶 楓,喫茶店、甘味処,,cafe,tb,True
fukuoka/sasaguri,71,おむすび屋かぶき,おにぎり,,casual,tb,True
fukuoka/sasaguri,72,TRIAL GO 篠栗尾仲店,コンビニ・スーパー,,daily,tb,True
fukuoka/sasaguri,73,お休み処 ひらわ,和菓子,,sweets,tb,True
fukuoka/sasaguri,74,トリノタタキヤ,鳥料理,,other,none,False
fukuoka/sasaguri,75,キッチン&バー Chou Chou,食堂、弁当、スポーツバー,,casual,tb,True
fukuoka/sasaguri,76,庄屋 篠栗店,レストラン,,other,none,False
fukuoka/sasaguri,77,ほっともっと 門松店,弁当,,casual,tb,True
fukuoka/sasaguri,78,セブンイレブン 篠栗和田店,コンビニ・スーパー,,daily,tb,True
fukuoka/sasaguri,79,宝寿司,寿司,,seafood,tb,True
fukuoka/sasaguri,80,くら家,居酒屋、焼き鳥、鉄板焼き,,izakaya,tb,True
fukuoka/sasaguri,81,あずまや,たい焼き・大判焼き,,sweets,tb,True
fukuoka/sasaguri,82,みつばち,居酒屋,,izakaya,tb,True
fukuoka/sasaguri,83,ほっともっと 篠栗店,弁当,,casual,tb,True
fukuoka/sasaguri,84,パン工場 マックスバリュ篠栗店,パン、サンドイッチ,,sweets,tb,True
fukuoka/sasaguri,85,とよ唐亭 アクロスプラザ篠栗店,弁当、からあげ,,casual,tb,True
fukuoka/sasaguri,86,焼とり佐助,焼き鳥,,meat,tb,True
fukuoka/sasaguri,87,大師饅頭,和菓子,,sweets,tb,True
fukuoka/sasaguri,88,千鳥屋 篠栗店,和菓子,,sweets,tb,True
fukuoka/sasaguri,89,セブンイレブン 篠栗西店,コンビニ・スーパー,,daily,tb,True
fukuoka/sasaguri,90,マックスバリュ 篠栗店,コンビニ・スーパー,,daily,tb,True
fukuoka/sasaguri,91,セブンイレブン 篠栗町民体育館前,コンビニ・スーパー,,daily,tb,True
fukuoka/sasaguri,92,そよかぜ,食堂,,casual,tb,True
fukuoka/sasaguri,93,お肉の直売所 篠栗店,惣菜・デリ,,casual,tb,True
fukuoka/sasaguri,94,甘えんぼ。,スイーツ,,sweets,tb,True
fukuoka/sasaguri,95,ささぐり屋,弁当,,casual,tb,True
fukuoka/sasaguri,96,セブンイレブン 篠栗御影橋店,コンビニ・スーパー,,daily,tb,True
fukuoka/sasaguri,97,ファミリーマート 篠栗尾仲店,コンビニ・スーパー,,daily,tb,True
fukuoka/sasaguri,98,マルキョウ 篠栗店,コンビニ・スーパー,,daily,tb,True
fukuoka/sasaguri,99,LAWSON 福岡篠栗駅前店,コンビニ・スーパー,,daily,tb,True
fukuoka/sasaguri,100,ファミリーマート 篠栗庄店,コンビニ・スーパー,,daily,tb,True
fukuoka/sasaguri,101,セブンイレブン 篠栗産業団地前店,コンビニ・スーパー,,daily,tb,True
fukuoka/sasaguri,102,夜桜,バー,,izakaya,tb,True
fukuoka/sasaguri,103,福生園,日本料理,,japanese,tb,True
fukuoka/sasaguri,104,博多豚骨カレーかわしま,カレー,,curry,tb,True
fukuoka/sasaguri,105,ファミリーマート ささぐりーん店,コンビニ・スーパー,,daily,tb,True
fukuoka/sasaguri,106,ゆずりは,カフェ,,cafe,tb,True
fukuoka/sasaguri,107,もみじ茶屋,そば、うどん,,noodles,tb,True
fukuoka/sasaguri,108,丸井茶屋,レストラン,,other,none,False
fukuoka/sasaguri,109,ComCom CAT,カフェ、バー,,cafe,tb,True
fukuoka/sasaguri,110,たーちゃん,レストラン,,other,none,False
fukuoka/sasaguri,111,味処若杉,レストラン,,other,none,False
fukuoka/sasaguri,112,居酒屋　たび,居酒屋,,izakaya,tb,True
fukuoka/sasaguri,113,Sakaeya,,Japanese;Sushi;Kaiseki,seafood,ta,True
fukuoka/sasaguri,114,Bunjiro,,Japanese,japanese,ta,True
fukuoka/sasaguri,115,Jizotofu Shinokuri Sasaguri,,Japanese,japanese,ta,True
fukuoka/sasaguri,116,Sanno Udon,,Japanese;Japanese - Other ,japanese,ta,True
fukuoka/sasaguri,117,Fukuoka Sasaguri Shokudo,,Japanese;Japanese - Other ,japanese,ta,True
fukuoka/sasaguri,118,Restaurant Asahiya,,,other,none,False
fukuoka/sasaguri,119,Tokaen,,Chinese,chinese,ta,True
fukuoka/sasaguri,120,Kuraya,,Japanese,japanese,ta,True
fukuoka/sasaguri,121,Hiroshimaya,,Japanese,japanese,ta,True
fukuoka/sasaguri,122,Ottan Totto,,,other,none,False
fukuoka/sasaguri,123,Daian,,,other,none,False
fukuoka/sasaguri,124,Tsuzuki,,Japanese;Izakaya (Japanese Style Tavern),izakaya,ta,True
fukuoka/sasaguri,125,Sanyoken Yokaro,,,other,none,False
fukuoka/sasaguri,126,West Sasaguri,,Japanese;Japanese - Other ,japanese,ta,True
fukuoka/sasaguri,127,Udon No Komugiya Yagiyama Bypass,,Japanese;Japanese - Other ,japanese,ta,True
fukuoka/sasaguri,128,Momiji Chaya,,Japanese,japanese,ta,True
fukuoka/sasaguri,129,Kyushu Chikuho Ramen Yamagoya Sasaguri,,,other,none,False
fukuoka/sasaguri,130,San Yoken,,,other,none,False
fukuoka/sasaguri,131,Shidaka Fukuoka Shinoguri,,European,european,ta,True
fukuoka/sasaguri,132,Hakata Ichiban Dori Kishokuya Arai Shinoguri,,Japanese;Izakaya (Japanese Style Tavern),izakaya,ta,True
fukuoka/sasaguri,133,Toriki,,Japanese;Japanese - Other ;Izakaya (Japanese Style Tavern),izakaya,ta,True
fukuoka/sasaguri,134,Rearuta,,Japanese,japanese,ta,True
fukuoka/sasaguri,135,Jidorishusai Emmakun,,Japanese;Izakaya (Japanese Style Tavern),izakaya,ta,True
fukuoka/sasaguri,136,Cafe Berry,,Cafe,cafe,ta,True
fukuoka/sasaguri,137,Yumeya,,Japanese;Izakaya (Japanese Style Tavern),izakaya,ta,True
fukuoka/sasaguri,138,Sabo Warabino,,Cafe,cafe,ta,True
fukuoka/sasaguri,139,Cafetoka,,Cafe,cafe,ta,True
fukuoka/sasaguri,140,Katsudon Taisho Sasaguri,,Japanese;Japanese - Other ,japanese,ta,True
fukuoka/sasaguri,141,Taiho Rakusasaguri Main Store,,,other,none,False
fukuoka/sasaguri,142,Hamburger Kasuteria,,,other,none,False
fukuoka/sasaguri,143,Kumakko Udon,,,other,none,False
fukuoka/sasaguri,144,Fukushoen,,Japanese,japanese,ta,True
fukuoka/sasaguri,145,旬菜　てくてく,,Japanese;Izakaya (Japanese Style Tavern),izakaya,ta,True
fukuoka/sasaguri,146,Izakaya Emmakun,,,other,none,False
fukuoka/sasaguri,147,Sumida,,Japanese;International;Japanese - Other ,japanese,ta,True
fukuoka/sasaguri,148,India Restaurant Suraj,,Indian,curry,ta,True
fukuoka/sasaguri,149,Kushiyaki Wine Drunkers,,Japanese,japanese,ta,True
fukuoka/sasaguri,150,Magokoro Dining Tulip,,Japanese,japanese,ta,True
fukuoka/sasaguri,151,Karaage Kei Sasaguri,,Japanese,japanese,ta,True
fukuoka/sasaguri,152,Hinodeya,,Japanese,japanese,ta,True
fukuoka/sasaguri,153,Marui Chaya,,Japanese,japanese,ta,True
fukuoka/sasaguri,154,Yakitori Motsunabe No Izakaya Cocco,,Japanese,japanese,ta,True
fukuoka/sasaguri,155,Inochi No Mori Yomogi No Sato,,,other,none,False
fukuoka/sasaguri,156,Shinoguri Udon,,Japanese;Japanese - Other ,japanese,ta,True
fukuoka/sasaguri,157,Karaoke Enka,,International,other,none,False
fukuoka/sasaguri,158,Oyaji Udon,,Japanese,japanese,ta,True
fukuoka/sasaguri,159,Tsuchiya Dininig Room,,Japanese,japanese,ta,True
fukuoka/sasaguri,160,Yanakawaya Six Sitting Oasis Sasaguri,,Japanese,japanese,ta,True
fukuoka/sasaguri,161,Bifunkotta,,Indian,curry,ta,True
fukuoka/sasaguri,162,Maruichi Chinese,,Chinese,chinese,ta,True
fukuoka/sasaguri,163,Robatayaki Kurumaya,,Japanese;Seafood;Grill,seafood,ta,True
fukuoka/sasaguri,164,Soyokaze,,European,european,ta,True
fukuoka/sasaguri,165,Myu Kitchen Cafe,,Japanese,japanese,ta,True
fukuoka/sasaguri,166,Yoshimi Sushi,,Japanese;Sushi,seafood,ta,True
fukuoka/sasaguri,167,Ta Chan,,International,other,none,False
fukuoka/sasaguri,168,Bar Sonora,,Pub,izakaya,ta,True
fukuoka/sasaguri,169,Ramentei Asuka,,,other,none,False
fukuoka/sasaguri,170,豊栄館,,,other,none,False
fukuoka/sasaguri,171,Tokunaga Daishi Crackers,,,other,none,False
fukuoka/sasaguri,172,Kuronekodo,,,other,none,False
fukuoka/sasaguri,173,Hinode Ya Bekkan,,,other,none,False
fukuoka/sasaguri,174,Sasai Cafe Nina No Ki,,,other,none,False
fukuoka/sasaguri,175,Sanno Ya,,,other,none,False
fukuoka/sasaguri,176,Sankyu Ramen,,,other,none,False
fukuoka/sasaguri,177,Uoshin,,,other,none,False
fukuoka/sasaguri,178,Chidoriya Honke Sasaguri,,,other,none,False
fukuoka/sasaguri,179,Konnyaku Gallery,,,other,none,False
fukuoka/sasaguri,180,Ishokuya Kizuna,,,other,none,False
fukuoka/sasaguri,181,Utopia,,,other,none,False
fukuoka/sasaguri,182,Ajidokoro Wakasugi,,Japanese;Izakaya (Japanese Style Tavern),izakaya,ta,True
fukuoka/sasaguri,183,Izakaya Tabi,,Japanese;Izakaya (Japanese Style Tavern),izakaya,ta,True
fukuoka/sasaguri,184,Izakaya Kabutomushi,,Japanese,japanese,ta,True
fukuoka/shime,1,チャランポラン,ちゃんぽん、麺類,,noodles,tb,True
fukuoka/shime,2,天龍ラーメン,ラーメン,,noodles,tb,True
fukuoka/shime,3,博多あご出汁中華そば 六味亭,ラーメン、担々麺、餃子,,noodles,tb,True
fukuoka/shime,4,きぼう道場,ラーメン,,noodles,tb,True
fukuoka/shime,5,一楽ラーメン 志免店,ラーメン、食堂,,noodles,tb,True
fukuoka/shime,6,練り込みうどん「権」,うどん,,noodles,tb,True
fukuoka/shime,7,幸龍,ラーメン、食堂,,noodles,tb,True
fukuoka/shime,8,喜龍,ラーメン、食堂,,noodles,tb,True
fukuoka/shime,9,博多 一叶,ラーメン,,noodles,tb,True
fukuoka/shime,10,裕英うどん,うどん,,noodles,tb,True
fukuoka/shime,11,三洋軒支店,ラーメン,,noodles,tb,True
fukuoka/shime,12,肉菜処 かえる屋,食堂、とんかつ,,casual,tb,True
fukuoka/shime,13,島系本店 志免本店,ラーメン、丼,,noodles,tb,True
fukuoka/shime,14,肉と海鮮と私,食堂、海鮮丼、丼,,casual,tb,True
fukuoka/shime,15,資さんうどん 志免町店,うどん、そば,,noodles,tb,True
fukuoka/shime,16,ハチミツボタン,カフェ,,cafe,tb,True
fukuoka/shime,17,割烹 松活,日本料理、天ぷら、海鮮,,japanese,tb,True
fukuoka/shime,18,豚ステーキ 十一 志免店,豚料理,,other,none,False
fukuoka/shime,19,小麦工房パナシェ 志免町店,パン,,sweets,tb,True
fukuoka/shime,20,ぶたとほね,ラーメン,,noodles,tb,True
fukuoka/shime,21,ハンバーグ きりん ROUTE68,ハンバーグ,,meat,tb,True
fukuoka/shime,22,らーめん 一刻や 志免店,ラーメン,,noodles,tb,True
fukuoka/shime,23,家伝料理はな,居酒屋、食堂、焼き鳥,,izakaya,tb,True
fukuoka/shime,24,いっちょいっちょ,ラーメン,,noodles,tb,True
fukuoka/shime,25,御利五里,ラーメン、餃子,,noodles,tb,True
fukuoka/shime,26,サンシャイン,洋食,,european,tb,True
fukuoka/shime,27,みそラーメン専門店 みつぐ,ラーメン,,noodles,tb,True
fukuoka/shime,28,横浜家系ラーメン春吉家 志免店,ラーメン、餃子,,noodles,tb,True
fukuoka/shime,29,焼肉問屋 富國新,焼肉、韓国料理、ホルモン,,meat,tb,True
fukuoka/shime,30,えんがわ 和っとイタリアン,イタリアン、パスタ、ピザ,,european,tb,True
fukuoka/shime,31,つけ麺 新道,つけ麺,,noodles,tb,True
fukuoka/shime,32,博多 よし魚 本店,海鮮、鍋、居酒屋,,seafood,tb,True
fukuoka/shime,33,しめ寿司,寿司、海鮮,,seafood,tb,True
fukuoka/shime,34,ローテンブルグ,ケーキ,,sweets,tb,True
fukuoka/shime,35,福飯店,台湾料理,,chinese,tb,True
fukuoka/shime,36,溶岩焼と焼鳥の店 鶏富士,鳥料理、焼き鳥、もつ鍋,,meat,tb,False
fukuoka/shime,37,七輪さく,焼肉、ホルモン、居酒屋,,meat,tb,True
fukuoka/shime,38,ガウチョ,カレー、カフェ、ケーキ,,curry,tb,True
fukuoka/shime,39,和洋居酒屋大和,居酒屋,,izakaya,tb,True
fukuoka/shime,40,明秀苑,焼肉、ホルモン、韓国料理,,meat,tb,True
fukuoka/shime,41,スタミナ鉄板 博多アイアンマン トライアル福岡空港店,鉄板焼き、焼肉,,meat,tb,True
fukuoka/shime,42,みらく,焼肉、ホルモン、韓国料理,,meat,tb,True
fukuoka/shime,43,タージマハル,インド料理、インドカレー,,curry,tb,True
fukuoka/shime,44,イタリア料理 アンジェロ,イタリアン、パスタ,,european,tb,True
fukuoka/shime,45,資さんうどん 南里店,うどん,,noodles,tb,True
fukuoka/shime,46,担々中華 シャオリン,中華料理,,chinese,tb,True
fukuoka/shime,47,焼肉 藏元 志免店,焼肉、ホルモン,,meat,tb,True
fukuoka/shime,48,ニノカフェ,カフェ,,cafe,tb,True
fukuoka/shime,49,うどん まこと家,うどん,,noodles,tb,True
fukuoka/shime,50,カフェ キッカ,カフェ,,cafe,tb,True
fukuoka/shime,51,創作焼鳥　大煙,焼き鳥、もつ鍋、居酒屋,,meat,tb,True
fukuoka/shime,52,Royal Curry House,インドカレー、インド料理,,curry,tb,True
fukuoka/shime,53,浩万,居酒屋,,izakaya,tb,True
fukuoka/shime,54,お好み焼きダイニング 狼月,お好み焼き,,casual,tb,True
fukuoka/shime,55,ラメス,インドカレー、インド料理,,curry,tb,True
fukuoka/shime,56,めん家鉄,担々麺、ラーメン,,noodles,tb,True
fukuoka/shime,57,山小屋 志免店,ラーメン,,noodles,tb,True
fukuoka/shime,58,韓国家庭料理 焼肉 ちんぐ,韓国料理、焼肉、冷麺,,chinese,tb,True
fukuoka/shime,59,Cafe 藁,カフェ,,cafe,tb,True
fukuoka/shime,60,とん平,お好み焼き,,casual,tb,True
fukuoka/shime,61,からふく 空港通り店,からあげ、弁当,,meat,tb,True
fukuoka/shime,62,オリーブの木 福岡志免店,パスタ、ピザ,,european,tb,True
fukuoka/shime,63,Korean Kitchen とりこっこ,韓国料理,,chinese,tb,True
fukuoka/shime,64,華さん食堂 空港通り店,日本料理,,japanese,tb,True
fukuoka/shime,65,淡路島バーガー 福岡志免店,ハンバーガー,,casual,tb,True
fukuoka/shime,66,もつなべ茶びん,もつ鍋、居酒屋、焼き鳥,,meat,tb,True
fukuoka/shime,67,うえすたん 空港店,ステーキ,,meat,tb,True
fukuoka/shime,68,魚杳,寿司、日本料理、海鮮,,seafood,tb,True
fukuoka/shime,69,ベーカリーアーリーモーニング,パン,,sweets,tb,True
fukuoka/shime,70,ASOU,パン,,sweets,tb,True
fukuoka/shime,71,天翔,焼き鳥、居酒屋、食堂,,meat,tb,True
fukuoka/shime,72,八仙閣 志免店,中華料理、餃子、飲茶・点心,,chinese,tb,True
fukuoka/shime,73,うえすたん 志免店,ステーキ、ハンバーグ,,meat,tb,True
fukuoka/shime,74,味市場,焼き鳥,,meat,tb,True
fukuoka/shime,75,パティスリー カプリス,ケーキ,,sweets,tb,True
fukuoka/shime,76,久保田,居酒屋、海鮮、もつ鍋,,izakaya,tb,True
fukuoka/shime,77,居酒屋肴也,居酒屋,,izakaya,tb,True
fukuoka/shime,78,バター拉麺 専門店 朝道,ラーメン,,noodles,tb,True
fukuoka/shime,79,鉄板焼き&スペイン料理 バスクラ,スペイン料理,,european,tb,True
fukuoka/shime,80,焼き鳥 里崎,焼き鳥,,meat,tb,True
fukuoka/shime,81,いちカレー,スリランカ料理、カレー,,curry,tb,False
fukuoka/shime,82,想作ダイニング 縁,居酒屋、創作料理,,izakaya,tb,True
fukuoka/shime,83,今屋のハンバーガー 志免店,ハンバーガー、ホットドッグ,,casual,tb,True
fukuoka/shime,84,よいひ,居酒屋,,izakaya,tb,True
fukuoka/shime,85,バーガーイシダ,ハンバーガー,,casual,tb,True
fukuoka/shime,86,星乃珈琲店 福岡志免店,洋食、カフェ、ケーキ,,european,tb,True
fukuoka/shime,87,はま寿司 福岡志免店,回転寿司,,seafood,tb,True
fukuoka/shime,88,小さな韓国 あぷろ 空港東店,韓国料理,,chinese,tb,True
fukuoka/shime,89,ジョイフル 空港店,ファミレス,,casual,tb,True
fukuoka/shime,90,しめ手羽,居酒屋、創作料理、鍋,,izakaya,tb,True
fukuoka/shime,91,ポトス,カレー、バー,,curry,tb,True
fukuoka/shime,92,釜山,韓国料理,,chinese,tb,True
fukuoka/shime,93,たこ焼き68,たこ焼き,,casual,tb,True
fukuoka/shime,94,甘栗工房,中華菓子、スイーツ,,sweets,tb,False
fukuoka/shime,95,中華廚房 徐園,中華料理,,chinese,tb,True
fukuoka/shime,96,鮨 伊とう,寿司,,seafood,tb,True
fukuoka/shime,97,お好み焼き 鉄板焼き かなちゃん,お好み焼き,,casual,tb,True
fukuoka/shime,98,和風料理屋 艶,日本料理,,japanese,tb,True
fukuoka/shime,99,焼肉なべしま 福岡空港店,焼肉、ホルモン,,meat,tb,True
fukuoka/shime,100,スシロー 志免向ヶ丘店,回転寿司,,seafood,tb,True
fukuoka/shime,101,清香園 志免店,焼肉、ホルモン、ハンバーグ,,meat,tb,True
fukuoka/shime,102,HONEY COFFEE 志免店,カフェ,,cafe,tb,True
fukuoka/shime,103,ウエスト 生そば志免店,そば、うどん、天丼,,noodles,tb,True
fukuoka/shime,104,ワンカルビ 福岡空港東店,焼肉,,meat,tb,True
fukuoka/shime,105,ジョイフル 志免店,ファミレス,,casual,tb,True
fukuoka/shime,106,しょうき 志免店,居酒屋、焼き鳥、海鮮,,izakaya,tb,True
fukuoka/shime,107,串ざんまい 南里本店,焼き鳥,,meat,tb,True
fukuoka/shime,108,ぼるさりーの,焼き鳥、居酒屋,,meat,tb,True
fukuoka/shime,109,スーパーセンタートライアル 福岡空港店,コンビニ・スーパー,,daily,tb,True
fukuoka/shime,110,アル ルーポ!,ダイニングバー、バー,,izakaya,tb,True
fukuoka/shime,111,ハチハチ,弁当、惣菜・デリ、からあげ,,casual,tb,True
fukuoka/shime,112,さくら,もつ鍋、水炊き、居酒屋,,meat,tb,True
fukuoka/shime,113,ゑびすizakaya,居酒屋、イタリアン、洋食,,izakaya,tb,True
fukuoka/shime,114,博多一番祭,居酒屋,,izakaya,tb,True
fukuoka/shime,115,つねかいなたこかいナ瓜,居酒屋,,izakaya,tb,True
fukuoka/shime,116,マルショク 空港東店,コンビニ・スーパー,,daily,tb,True
fukuoka/shime,117,ケンジントンマーケットカフェ,カフェ,,cafe,tb,True
fukuoka/shime,118,丸源ラーメン  福岡志免店,ラーメン,,noodles,tb,True
fukuoka/shime,119,博多三氣 イオン福岡東店,ラーメン,,noodles,tb,True
fukuoka/shime,120,無添くら寿司 志免店,回転寿司,,seafood,tb,True
fukuoka/shime,121,マクドナルド 東環状博多の森店,ハンバーガー,,casual,tb,True
fukuoka/shime,122,すき家  福岡志免店,牛丼,,casual,tb,True
fukuoka/shime,123,CoCo壱番屋 福岡志免店,カレー,,curry,tb,True
fukuoka/shime,124,ミスタードーナツ イオン福岡東ショップ,スイーツ,,sweets,tb,True
fukuoka/shime,125,すき家 福岡空港店,牛丼,,casual,tb,True
fukuoka/shime,126,シャトレーゼ 志免中央店,ケーキ、和菓子、ジェラート・アイスクリーム,,sweets,tb,True
fukuoka/shime,127,マクドナルド 空港志免店,ハンバーガー,,casual,tb,True
fukuoka/shime,128,焼肉ウエスト 志免店,焼肉,,meat,tb,True
fukuoka/shime,129,庄屋 イオン福岡東店,レストラン,,other,none,False
fukuoka/shime,130,串カツ田中 福岡志免店,串揚げ、居酒屋、うどん,,japanese,tb,True
fukuoka/shime,131,リンガーハット 福岡志免田富店,ちゃんぽん,,noodles,tb,True
fukuoka/shime,132,ゆず庵  福岡志免店,しゃぶしゃぶ、豚しゃぶ、寿司,,meat,tb,True
fukuoka/shime,133,焼肉きんぐ 福岡志免店,焼肉、ホルモン、韓国料理,,meat,tb,True
fukuoka/shime,134,ドトールコーヒーショップ スーパービバホーム福岡東店,カフェ,,cafe,tb,True
fukuoka/shime,135,京都伊三郎製ぱん 志免店,パン,,sweets,tb,True
fukuoka/shime,136,まる富ラーメン,ラーメン、居酒屋,,noodles,tb,True
fukuoka/shime,137,パ ザ パ,ケーキ、洋菓子,,sweets,tb,True
fukuoka/shime,138,ルミエール 志免店,その他,,other,none,False
fukuoka/shime,139,ぢどり屋いし田,鳥料理、居酒屋,,izakaya,tb,False
fukuoka/shime,140,もつ鍋居酒屋結,もつ鍋、居酒屋,,meat,tb,True
fukuoka/shime,141,Rise,居酒屋,,izakaya,tb,True
fukuoka/shime,142,ひので屋 御手洗店,弁当,,casual,tb,True
fukuoka/shime,143,茂,居酒屋、焼き鳥、海鮮,,izakaya,tb,True
fukuoka/shime,144,串ざんまい 志免東店,焼き鳥、からあげ,,meat,tb,True
fukuoka/shime,145,博多焼鳥 とりかわ本舗 志免店,焼き鳥,,meat,tb,True
fukuoka/shime,146,焼肉ホルモン食道園,焼肉,,meat,tb,True
fukuoka/shime,147,かくれ酒場ココハレ,居酒屋、焼き鳥,,izakaya,tb,True
fukuoka/shime,148,悠,居酒屋,,izakaya,tb,True
fukuoka/shime,149,風林火山 二号店,焼き鳥,,meat,tb,True
fukuoka/shime,150,うどん大文字 イオン福岡東店,うどん、丼,,noodles,tb,True
fukuoka/shime,151,焼肉 結珠,焼肉,,meat,tb,True
fukuoka/shime,152,Le Lien,カフェ,,cafe,tb,True
fukuoka/shime,153,コロッケ倶楽部 志免店,その他,,other,none,False
fukuoka/shime,154,創作寿司工房 竜宮城,寿司,,seafood,tb,True
fukuoka/shime,155,モスバーガー 福岡志免店,ハンバーガー,,casual,tb,True
fukuoka/shime,156,マクドナルド ユニバ通り空港東店,ハンバーガー,,casual,tb,True
fukuoka/shime,157,Qs Meat,牛料理、弁当,,casual,tb,False
fukuoka/shime,158,お好み焼 はる 志免店,お好み焼き,,casual,tb,True
fukuoka/shime,159,LAWSON 空港北ユニバ通り店,コンビニ・スーパー,,daily,tb,True
fukuoka/shime,160,松嶋ミート,その他,,other,none,False
fukuoka/shime,161,HAGIFARM kitchen,カレー,,curry,tb,True
fukuoka/shime,162,進藤,焼肉,,meat,tb,True
fukuoka/shime,163,SHOKUDOUIZAKAYAKAKKOOO,居酒屋,,izakaya,tb,True
fukuoka/shime,164,立ち飲み屋 大吉酒場,立ち飲み,,izakaya,tb,True
fukuoka/shime,165,アジアン居酒屋 晴る家,アジア・エスニック,,chinese,tb,True
fukuoka/shime,166,焼肉 牛歩,焼肉,,meat,tb,True
fukuoka/shime,167,博多金龍 志免店,ラーメン,,noodles,tb,True
fukuoka/shime,168,とよ唐亭 トライアル空港店,弁当、からあげ、鳥料理,,casual,tb,True
fukuoka/shime,169,びっくりドンキー 志免店,ハンバーグ,,meat,tb,True
fukuoka/shime,170,とよ唐亭  志免店,からあげ、弁当,,meat,tb,True
fukuoka/shime,171,ゼッテリア 福岡東イオン店,ハンバーガー,,casual,tb,True
fukuoka/shime,172,ベーカーバイツェン ハローディ志免店,パン、サンドイッチ、カフェ,,sweets,tb,True
fukuoka/shime,173,からあげ とりいち 志免店,からあげ、手羽先,,meat,tb,True
fukuoka/shime,174,ビスヌ イオン福岡東店,インドカレー,,curry,tb,True
fukuoka/shime,175,カフェ レスト 家電住まいる館YAMADA福岡志免本店,カフェ、喫茶店,,cafe,tb,True
fukuoka/shime,176,坂瀬ホルモン,その他,,other,none,False
fukuoka/shime,177,華,レストラン、食堂、パン,,casual,tb,False
fukuoka/shime,178,ハローイン,食堂、麺類,,casual,tb,True
fukuoka/shime,179,もち吉 空港店,和菓子、ジェラート・アイスクリーム,,sweets,tb,True
fukuoka/shime,180,中津からあげ もり山 志免店,からあげ、弁当,,meat,tb,True
fukuoka/shime,181,ドミノピザ 志免店,ピザ,,european,tb,True
fukuoka/shime,182,びっくり焼亭 福岡東店,居酒屋、食堂,,izakaya,tb,True
fukuoka/shime,183,イオン 福岡東ショッピングセンター,その他,,other,none,False
fukuoka/shime,184,おべんとうやのばばちゃん,弁当,,casual,tb,True
fukuoka/shime,185,房,スイーツ,,sweets,tb,True
fukuoka/shime,186,珈琲の家,喫茶店,,cafe,tb,True
fukuoka/shime,187,サイゼリヤ イオン福岡東店,ファミレス,,casual,tb,True
fukuoka/shime,188,ポッポおじさんの大分からあげ イオン福岡東店,からあげ,,meat,tb,True
fukuoka/shime,189,よつば弁当,弁当,,casual,tb,True
fukuoka/shime,190,焼鳥門,焼き鳥,,meat,tb,True
fukuoka/shime,191,ほっともっと 亀山店,弁当,,casual,tb,True
fukuoka/shime,192,ほっともっと 志免店,弁当,,casual,tb,True
fukuoka/shime,193,kukuluce,コーヒースタンド,,cafe,tb,True
fukuoka/shime,194,つづみ団子 イオン福岡東店,和菓子,,sweets,tb,True
fukuoka/shime,195,花小町 イオン福岡東店,惣菜・デリ、弁当,,casual,tb,True
fukuoka/shime,196,はら寿司,寿司,,seafood,tb,True
fukuoka/shime,197,博多　きむらや,居酒屋、焼酎バー、もつ鍋,,izakaya,tb,True
fukuoka/shime,198,シュシュクレープ イオン福岡東店,クレープ・ガレット,,sweets,tb,True
fukuoka/shime,199,居酒屋宝満,居酒屋,,izakaya,tb,True
fukuoka/shime,200,グラーノグラーノ 福岡東店,パン,,sweets,tb,True
fukuoka/shime,201,ダイレックス 志免店,コンビニ・スーパー,,daily,tb,True
fukuoka/shime,202,ピザクック 志免店,ピザ、お好み焼き,,european,tb,True
fukuoka/shime,203,酒のひさや,その他,,other,none,False
fukuoka/shime,204,串カツ屋 真心,串揚げ、居酒屋,,japanese,tb,True
fukuoka/shime,205,ぎょうざの丸岡 空港東店,餃子,,chinese,tb,True
fukuoka/shime,206,マルキョウ 志免店,コンビニ・スーパー,,daily,tb,True
fukuoka/shime,207,ファミリーマート ドラッグイレブン志免店,コンビニ・スーパー,,daily,tb,True
fukuoka/shime,208,ザ・ビッグ 福岡空港東店,コンビニ・スーパー,,daily,tb,True
fukuoka/shime,209,LAWSON 志免片峰中央一丁目店,コンビニ・スーパー,,daily,tb,True
fukuoka/shime,210,レガロ,売店,,casual,tb,True
fukuoka/shime,211,苑,焼き鳥,,meat,tb,True
fukuoka/shime,212,ファミリーマート 福岡志免店,コンビニ・スーパー,,daily,tb,True
fukuoka/shime,213,TRIAL GO 志免南里店,コンビニ・スーパー,,daily,tb,True
fukuoka/shime,214,ファミリーマート 志免寿町店,コンビニ・スーパー,,daily,tb,True
fukuoka/shime,215,セブンイレブン 志免南里7丁目店,コンビニ・スーパー,,daily,tb,True
fukuoka/shime,216,ザッカ+カフェ ゴコチ,カフェ、パン,,cafe,tb,True
fukuoka/shime,217,セブンイレブン 志免御手洗1丁目店,コンビニ・スーパー,,daily,tb,True
fukuoka/shime,218,味の明太子 ふくや 志免店,その他,,other,none,False
fukuoka/shime,219,田中屋,焼肉,,meat,tb,True
fukuoka/shime,220,玄,焼き鳥,,meat,tb,True
fukuoka/shime,221,ビッグエコー 志免店,カラオケ,,izakaya,tb,True
fukuoka/shime,222,久遠,ダイニングバー,,izakaya,tb,True
fukuoka/shime,223,呑み処 吉田家,居酒屋,,izakaya,tb,True
fukuoka/shime,224,まみちゃん納豆,その他,,other,none,False
fukuoka/shime,225,お肉の大ちゃん,その他,,other,none,False
fukuoka/shime,226,焼肉モランボン,焼肉,,meat,tb,True
fukuoka/shime,227,唐将 志免店,からあげ、弁当,,meat,tb,True
fukuoka/shime,228,クレイジーチキン,鳥料理、パスタ,,european,tb,False
fukuoka/shime,229,おかわり食堂～うま一本～,食堂,,casual,tb,True
fukuoka/shime,230,みやび,焼肉,,meat,tb,True
fukuoka/shime,231,ファミリーマート 志免南里1丁目店,コンビニ・スーパー,,daily,tb,True
fukuoka/shime,232,セブンイレブン 志免別府店,コンビニ・スーパー,,daily,tb,True
fukuoka/shime,233,すし鯱,寿司,,seafood,tb,True
fukuoka/shime,234,カフェ ナイン,バー、ダイニングバー,,izakaya,tb,True
fukuoka/shime,235,居酒屋けん坊,焼き鳥,,meat,tb,True
fukuoka/shime,236,五右衛門寿し,寿司,,seafood,tb,True
fukuoka/shime,237,おかぶりや,焼き鳥、弁当,,meat,tb,True
fukuoka/shime,238,明輝ぼうず,居酒屋,,izakaya,tb,True
fukuoka/shime,239,Honey Button,,Cafe,cafe,ta,True
fukuoka/shime,240,Uohiro,,Japanese;Seafood;Sushi;Japanese - Other ,seafood,ta,True
fukuoka/shime,241,Meishuen,,Barbecue;Asian;Korean,meat,ta,True
fukuoka/shime,242,Sukesan Udon Shimemachi,,,other,none,False
fukuoka/shime,243,Western Shime,,Steakhouse,meat,ta,True
fukuoka/shime,244,Baker by Tsen Harodi Shime,,,other,none,False
fukuoka/shime,245,Shoki Shimeten,,Seafood,seafood,ta,True
fukuoka/shime,246,Yayoiken,,Japanese;Japanese - Other ,japanese,ta,True
fukuoka/shime,247,Koryu,,Asian,chinese,ta,True
fukuoka/shime,248,Muten Kurazushi Shime,,Japanese;Sushi,seafood,ta,True
fukuoka/shime,249,Hamazushi Fukuoka Shime,,Japanese;Sushi,seafood,ta,True
fukuoka/shime,250,Pietro Kasuya,,Italian,european,ta,True
fukuoka/shime,251,Sukiya Fukuoka Airport,,,other,none,False
fukuoka/shime,252,McDonald s Kuko Shime,,American;Fast Food,european,ta,True
fukuoka/shime,253,Suke San Udon Minamizato,,,other,none,False
fukuoka/shime,254,Ramen Jinambo Fukuoka Airport,,,other,none,False
fukuoka/shime,255,Tabekko Nomikko Yuu Shimemachi,,,other,none,False
fukuoka/shime,256,West Kisoba Shime,,Japanese;Japanese - Other ,japanese,ta,True
fukuoka/shime,257,Torikokko Shime Honten,,Asian;Korean,chinese,ta,True
fukuoka/shime,258,Sokimon,,,other,none,False
fukuoka/shime,259,Ringer Hut Fukuoka Shime Tadomi,,,other,none,False
fukuoka/shime,260,Western Kuko,,,other,none,False
fukuoka/shime,261,Rokumitei,,,other,none,False
fukuoka/shime,262,Kibo Dojo,,Asian,chinese,ta,True
fukuoka/shime,263,Tompei,,Japanese;Japanese - Other ,japanese,ta,True
fukuoka/shime,264,Bistro Cock Toriya,,Japanese,japanese,ta,True
fukuoka/shime,265,Creative Yakitori Daien,,,other,none,False
fukuoka/shime,266,Teuchi Sanuki Udon Unkai,,,other,none,False
fukuoka/shime,267,Gyozaya Gorigori,,Chinese,chinese,ta,True
fukuoka/shime,268,Chateraise Shimechuo,,,other,none,False
fukuoka/shime,269,Mampukuya,,Japanese,japanese,ta,True
fukuoka/shime,270,Seikoen Shime,,Barbecue,meat,ta,True
fukuoka/shime,271,Ishimura Shimen Yakuba Mae,,,other,none,False
fukuoka/shime,272,Manzeimaru Seafood Sushi Behavior Punished,,Japanese;Sushi,seafood,ta,True
fukuoka/shime,273,Avuriya Zen,,Japanese,japanese,ta,True
fukuoka/shime,274,Isyokuya Tatchan,,Japanese,japanese,ta,True
fukuoka/shime,275,Wakasugiyama,,Japanese,japanese,ta,True
fukuoka/shime,276,San Yoken,,,other,none,False
fukuoka/shime,277,Kyushu Chikuho Ramen Yamagoya Shime,,Chinese;Kyushu cuisine,chinese,ta,True
fukuoka/shime,278,Sun Shine,,International,other,none,False
fukuoka/shime,279,Hamburger Shop Osakaya,,,other,none,False
fukuoka/shime,280,Menyatetsu,,,other,none,False
fukuoka/shime,281,Men Ya Wa,,,other,none,False
fukuoka/shime,282,Kuramoto Shime,,,other,none,False
fukuoka/shime,283,ガスト 福岡志免店,,,other,none,False
fukuoka/shime,284,Warakuan,,Japanese;Japanese Fusion,japanese,ta,True
fukuoka/shime,285,Suke San Udon Shime,,,other,none,False
fukuoka/shime,286,Maruyoshi Ramen,,,other,none,False
fukuoka/shime,287,Yatai Isshintei,,,other,none,False
fukuoka/shime,288,Otoya Gohantei Fukuoka Shime,,Japanese;Seafood,seafood,ta,True
fukuoka/shime,289,Mizuho,,Japanese;Asian,chinese,ta,True
fukuoka/shime,290,Puzan,,Asian;Korean,chinese,ta,True
fukuoka/shime,291,Torachan Bento,,Japanese;International,japanese,ta,True
fukuoka/shime,292,ほっともっと 粕屋迎田店,,Japanese,japanese,ta,True
fukuoka/shime,293,Taj Mahal,,Indian,curry,ta,True
fukuoka/shime,294,Shinto,,Japanese;Japanese - Other ,japanese,ta,True
fukuoka/shime,295,Kakashi,,Japanese;Japanese - Other ,japanese,ta,True
fukuoka/shime,296,Nakaya Kibo,,Chinese,chinese,ta,True
fukuoka/shime,297,Ryu Miyagi Creative Sushi Kobo,,Japanese;Sushi,seafood,ta,True
fukuoka/shime,298,Yakitori Fumido,,,other,none,False
fukuoka/shime,299,Edisonchicken,,,other,none,False
fukuoka/shime,300,Hanabusa,,Japanese,japanese,ta,True
fukuoka/shime,301,Hiroman,,Japanese,japanese,ta,True
fukuoka/shime,302,Yoshiuo Suisan BBQ Terrace,,Japanese,japanese,ta,True
fukuoka/shime,303,Ishibashitei Aeon Fukuoka Higashi,,Japanese,japanese,ta,True
fukuoka/shime,304,Yoshikatsu,,Japanese - Other ,japanese,ta,True
fukuoka/shime,305,Toriya Arai Trial Airport,,Japanese,japanese,ta,True
fukuoka/shime,306,Yakitori en,,Japanese,japanese,ta,True
fukuoka/shime,307,Lunch Murakawa,,Japanese,japanese,ta,True
fukuoka/shime,308,Nokaze,,Japanese,japanese,ta,True
fukuoka/shime,309,Bb,,Cafe,cafe,ta,True
fukuoka/shime,310,Goemon Sushi,,Japanese;Sushi,seafood,ta,True
fukuoka/shime,311,Marumasa,,Japanese,japanese,ta,True
fukuoka/shime,312,Nabedokoro Sakura,,Japanese;Japanese - Other ,japanese,ta,True
fukuoka/shime,313,Fuji,,International,other,none,False
fukuoka/shime,314,Yotchanshai,,Japanese,japanese,ta,True
fukuoka/shime,315,Bread Cafe Yururi,,Cafe,cafe,ta,True
fukuoka/shime,316,Motsunabetompe,,Japanese,japanese,ta,True
fukuoka/shime,317,Darts Cafe D Shouse Deeds House,,French,european,ta,True
fukuoka/shime,318,Tometeba Shime,,Japanese,japanese,ta,True
fukuoka/shime,319,Karaoke Senju,,International,other,none,False
fukuoka/shime,320,Garuzubagu,,Japanese,japanese,ta,True
fukuoka/shime,321,Sakura,,Japanese,japanese,ta,True
fukuoka/shime,322,Furinkazan No 2,,Japanese,japanese,ta,True
fukuoka/shime,323,Wakasugi,,Japanese,japanese,ta,True
fukuoka/shime,324,Shuten Doji,,Japanese,japanese,ta,True
fukuoka/shime,325,Toyohiro,,Japanese,japanese,ta,True
fukuoka/shime,326,Charme,,,other,none,False
fukuoka/shime,327,Sakurado,,,other,none,False
fukuoka/shime,328,Kaisen Ippachi AeonN Fukuoka East,,,other,none,False
fukuoka/shime,329,Sosaku Dining En,,Japanese,japanese,ta,True
fukuoka/shime,330,Doremi,,,other,none,False
fukuoka/shime,331,Kaisen Ippa Sakanaya,,,other,none,False
fukuoka/shime,332,Hirofuku,,,other,none,False
fukuoka/shime,333,Ishida Shokudo,,Japanese,japanese,ta,True
fukuoka/shime,334,Mangetsu,,Japanese,japanese,ta,True
fukuoka/shime,335,Teyandetei,,,other,none,False
fukuoka/shime,336,Inakachaya Zen,,Japanese;Izakaya (Japanese Style Tavern),izakaya,ta,True
fukuoka/shime,337,Makuriya Shime Honten,,,other,none,False
fukuoka/shime,338,Teruteru Bozu,,Japanese,japanese,ta,True
fukuoka/shime,339,Dairakuen Yakinikuya,,,other,none,False
fukuoka/shime,340,Danran Kitchen,,,other,none,False
fukuoka/shime,341,Wagyu Ouen,,,other,none,False
fukuoka/shime,342,Kaisen Ippa Minamizato,,,other,none,False
fukuoka/shime,343,Sri Lankan Restaurant Kiyomi,,,other,none,False
fukuoka/shime,344,Chinese Shokudo Koen,,,other,none,False
fukuoka/shime,345,Asahiken,,,other,none,False
fukuoka/shime,346,Retro,,,other,none,False
fukuoka/shime,347,MIkinoie,,,other,none,False
fukuoka/shime,348,Salon Sakura Ya,,,other,none,False
fukuoka/shime,349,Al Lupo,,,other,none,False
fukuoka/shime,350,Ebisu Kaoru,,,other,none,False
fukuoka/shime,351,Ebisu Manju,,,other,none,False
fukuoka/shime,352,Dolce,,,other,none,False
fukuoka/shingucho,1,福間ラーメン ろくでなし 新宮店,ラーメン、居酒屋,,noodles,tb,True
fukuoka/shingucho,2,らーめん 雷蔵 新宮店,ラーメン、餃子,,noodles,tb,True
fukuoka/shingucho,3,石窯パン工房クリーブラッツ 新宮店,パン,,sweets,tb,True
fukuoka/shingucho,4,長浜鮮魚卸直営店 米と魚,食堂,,casual,tb,True
fukuoka/shingucho,5,竹林亭 新宮店,うなぎ,,seafood,tb,True
fukuoka/shingucho,6,ヴィチーノ レストラン・カフェ,イタリアン、ピザ、パスタ,,european,tb,True
fukuoka/shingucho,7,古式長浜ラーメン 元祖 長浜ドラゴン 新宮店,ラーメン,,noodles,tb,True
fukuoka/shingucho,8,牧のうどん 新宮店,うどん,,noodles,tb,True
fukuoka/shingucho,9,うなぎの重よし,うなぎ、居酒屋、焼き鳥,,seafood,tb,True
fukuoka/shingucho,10,井手ちゃんぽん 新宮店,ちゃんぽん、中華料理、からあげ,,noodles,tb,True
fukuoka/shingucho,11,イケアビストロ 福岡新宮,カフェ、パン、ジェラート・アイスクリーム,,cafe,tb,True
fukuoka/shingucho,12,長崎亭 新宮店,ちゃんぽん,,noodles,tb,True
fukuoka/shingucho,13,神戸クック・ワールドビュッフェ アーバンモール新宮中央店,ビュッフェ,,casual,tb,True
fukuoka/shingucho,14,相島地域産物展示販売所 丸山食堂,日本料理、海鮮、食堂,,japanese,tb,True
fukuoka/shingucho,15,博多大砲ラーメン 新宮店,ラーメン,,noodles,tb,True
fukuoka/shingucho,16,ケレス 新宮店,パン、ケーキ、カフェ,,sweets,tb,True
fukuoka/shingucho,17,芯,居酒屋,,izakaya,tb,True
fukuoka/shingucho,18,横浜家系ラーメン 春吉家 新宮店,ラーメン,,noodles,tb,True
fukuoka/shingucho,19,お弁当のヒライ  新宮三代店,弁当,,casual,tb,True
fukuoka/shingucho,20,セ・トレボンスタンド,パン、カフェ,,sweets,tb,True
fukuoka/shingucho,21,岩炭,焼き鳥、鳥料理、居酒屋,,meat,tb,True
fukuoka/shingucho,22,bound garden,ビュッフェ、イタリアン、ダイニングバー,,casual,tb,True
fukuoka/shingucho,23,資さんうどん 新宮店,うどん,,noodles,tb,True
fukuoka/shingucho,24,シエルブルー,パン,,sweets,tb,True
fukuoka/shingucho,25,いけす・割烹・歌幸,日本料理、寿司,,japanese,tb,True
fukuoka/shingucho,26,寿し さかなのしっぽ,寿司,,seafood,tb,True
fukuoka/shingucho,27,イケアレストラン 福岡新宮,レストラン、ヨーロッパ料理、洋食,,european,tb,False
fukuoka/shingucho,28,にしの鯔背,海鮮、居酒屋、日本酒バー,,seafood,tb,True
fukuoka/shingucho,29,本場インドカレー スミ,インドカレー、インド料理,,curry,tb,True
fukuoka/shingucho,30,和牛晴れの火,焼肉、居酒屋、韓国料理,,meat,tb,True
fukuoka/shingucho,31,あみだ丸,そば、丼,,noodles,tb,True
fukuoka/shingucho,32,洋風食堂 うみ,パスタ、ピザ,,european,tb,True
fukuoka/shingucho,33,タイム,喫茶店,,cafe,tb,True
fukuoka/shingucho,34,一蘭　 新宮店,ラーメン,,noodles,tb,True
fukuoka/shingucho,35,本格インド料理 MINA 新宮店,インド料理、インドカレー、ファミレス,,curry,tb,True
fukuoka/shingucho,36,新宮温泉 ふくの湯,その他,,other,none,False
fukuoka/shingucho,37,さかなキッチン Tumugi,居酒屋、海鮮、カフェ,,izakaya,tb,True
fukuoka/shingucho,38,ピッコロ,パスタ、ピザ、イタリアン,,european,tb,True
fukuoka/shingucho,39,焼肉や牛いっとう 新宮店,焼肉,,meat,tb,True
fukuoka/shingucho,40,エフペリ フランソア工場直売所,パン,,sweets,tb,True
fukuoka/shingucho,41,ボンド食堂,食堂、鉄板焼き,,casual,tb,True
fukuoka/shingucho,42,中華食堂 小明 新宮店,中華料理,,chinese,tb,True
fukuoka/shingucho,43,台湾甘蜜処 甜甜,中華菓子,,sweets,desc,False
fukuoka/shingucho,44,餃子の王将 新宮店,餃子、中華料理,,chinese,tb,True
fukuoka/shingucho,45,えんや蔵,居酒屋、日本料理、海鮮,,izakaya,tb,True
fukuoka/shingucho,46,パティスリー てるてるぼうず,ケーキ,,sweets,tb,True
fukuoka/shingucho,47,博多からあげ 暖 新宮本店,からあげ,,meat,tb,True
fukuoka/shingucho,48,アマルフィ,ジェラート・アイスクリーム,,sweets,tb,True
fukuoka/shingucho,49,SHIMA Cafe SWEETSHOME,カフェ,,cafe,tb,True
fukuoka/shingucho,50,とんかつ 濵かつ 福岡新宮店,とんかつ,,meat,tb,True
fukuoka/shingucho,51,ウエスト 新宮店,うどん、そば,,noodles,tb,True
fukuoka/shingucho,52,八仙閣 新宮中央駅前店,中華料理、飲茶・点心、餃子,,chinese,tb,True
fukuoka/shingucho,53,大政すし,寿司,,seafood,tb,True
fukuoka/shingucho,54,韓食酒房クルクリ,韓国料理、ホルモン、居酒屋,,chinese,tb,True
fukuoka/shingucho,55,居酒屋しんぐう村,居酒屋、海鮮、焼き鳥,,izakaya,tb,True
fukuoka/shingucho,56,墨Suke,居酒屋、鳥料理,,izakaya,tb,True
fukuoka/shingucho,57,ビストロ ル ポール,フレンチ,,european,tb,True
fukuoka/shingucho,58,湊うどん,うどん,,noodles,tb,True
fukuoka/shingucho,59,トコノバー,バー,,izakaya,tb,True
fukuoka/shingucho,60,来来亭 新宮店,ラーメン,,noodles,tb,True
fukuoka/shingucho,61,丸源ラーメン  福岡新宮店,ラーメン,,noodles,tb,True
fukuoka/shingucho,62,星乃珈琲店 福岡新宮店,喫茶店,,cafe,tb,True
fukuoka/shingucho,63,うまや 福岡新宮店,食堂、揚げ物,,casual,tb,True
fukuoka/shingucho,64,進藤商店,海鮮、その他,,seafood,tb,True
fukuoka/shingucho,65,炭焼酒場 りゅう,居酒屋、海鮮、つけ麺,,izakaya,tb,True
fukuoka/shingucho,66,味の明太子 ふくや 新宮店,その他,,other,none,False
fukuoka/shingucho,67,こみんか みかん,その他,,other,none,False
fukuoka/shingucho,68,◯吾長福丸,シーフード,,seafood,tb,True
fukuoka/shingucho,69,唐揚げ専門 ひなた商店,からあげ,,meat,tb,True
fukuoka/shingucho,70,喫茶 猫屋堂,カフェ、洋食、パン,,cafe,tb,True
fukuoka/shingucho,71,たちばなベース 367,カフェ、揚げ物,,cafe,tb,True
fukuoka/shingucho,72,フランソワ,パン,,sweets,tb,True
fukuoka/shingucho,73,カフェ ブリッコ カインズ福岡新宮店,カフェ,,cafe,tb,True
fukuoka/shingucho,74,スターバックス・コーヒー 福岡新宮店,カフェ、ケーキ、ベーグル,,cafe,tb,True
fukuoka/shingucho,75,スシロー 新宮上府店,回転寿司,,seafood,tb,True
fukuoka/shingucho,76,コメダ珈琲店 ゆめマート新宮店,喫茶店,,cafe,tb,True
fukuoka/shingucho,77,焼肉ヌルボンガーデン 新宮店,焼肉,,meat,tb,True
fukuoka/shingucho,78,無添くら寿司 福岡新宮店,回転寿司,,seafood,tb,True
fukuoka/shingucho,79,ステーキガスト 福岡新宮店,ステーキ,,meat,tb,True
fukuoka/shingucho,80,ジョイフル 福岡新宮店,ファミレス,,casual,tb,True
fukuoka/shingucho,81,アンアン,食堂,,casual,tb,True
fukuoka/shingucho,82,たかまつ本陣,焼肉,,meat,tb,True
fukuoka/shingucho,83,KURAU,カレー,,curry,tb,True
fukuoka/shingucho,84,居心地屋　鯉のぼり,居酒屋、海鮮、焼き鳥,,izakaya,tb,True
fukuoka/shingucho,85,お弁当の12時亭,弁当,,casual,tb,True
fukuoka/shingucho,86,甘味処 戦国や 立花館,甘味処,,sweets,tb,True
fukuoka/shingucho,87,やよい軒 新宮店,食堂,,casual,tb,True
fukuoka/shingucho,88,焼肉きんぐ 福岡新宮店,焼肉、ホルモン、韓国料理,,meat,tb,True
fukuoka/shingucho,89,マクドナルド 3号線新宮店,ハンバーガー,,casual,tb,True
fukuoka/shingucho,90,博多 とよ唐亭 新宮店,弁当、からあげ,,casual,tb,True
fukuoka/shingucho,91,モア カフェ 東京インテリア家具 福岡新宮店,カフェ、パスタ,,cafe,tb,True
fukuoka/shingucho,92,メガセンタートライアル 新宮店,コンビニ・スーパー,,daily,tb,True
fukuoka/shingucho,93,カフェ ヒゴロッカ,カフェ,,cafe,tb,True
fukuoka/shingucho,94,韓国宮廷料理 水刺間,韓国料理,,chinese,tb,True
fukuoka/shingucho,95,名島 キムチの店 新宮店,その他,,other,none,False
fukuoka/shingucho,96,島の駅 あいのしま,その他,,other,none,False
fukuoka/shingucho,97,ビストロ 樂,ダイニングバー,,izakaya,tb,True
fukuoka/shingucho,98,麺酒場 呑龍,ラーメン、居酒屋,,noodles,tb,True
fukuoka/shingucho,99,カインズ カインズ福岡新宮店,その他,,other,none,False
fukuoka/shingucho,100,MKレストラン 新宮店,しゃぶしゃぶ,,meat,tb,True
fukuoka/shingucho,101,CoCo壱番屋 新宮３号バイパス店,カレー,,curry,tb,True
fukuoka/shingucho,102,ミスタードーナツ ライフガーデン新宮中央ショップ,ドーナツ、カフェ,,sweets,tb,True
fukuoka/shingucho,103,リモーネ,ジェラート・アイスクリーム,,sweets,tb,True
fukuoka/shingucho,104,玄風館 新宮工場直売所,焼肉、弁当,,meat,tb,True
fukuoka/shingucho,105,笑顔のまんま,沖縄料理,,japanese,tb,True
fukuoka/shingucho,106,潘家PANKE,台湾料理、肉まん、スイーツ,,chinese,tb,True
fukuoka/shingucho,107,呑み処 進,居酒屋,,izakaya,tb,True
fukuoka/shingucho,108,博多焼鳥と水炊きのお店 たけうち,焼き鳥,,meat,tb,True
fukuoka/shingucho,109,韓国料理 プルプル,韓国料理,,chinese,tb,True
fukuoka/shingucho,110,喫茶 クラウド,喫茶店,,cafe,tb,True
fukuoka/shingucho,111,HUONG VIET,ベトナム料理,,chinese,tb,True
fukuoka/shingucho,112,ワンカルビ 新宮中央駅前店,焼肉,,meat,tb,True
fukuoka/shingucho,113,千鳥屋 セントラル店,洋菓子、和菓子,,sweets,tb,True
fukuoka/shingucho,114,焼肉ウエスト 新宮店,焼肉,,meat,tb,True
fukuoka/shingucho,115,や台ずし 福工大駅前町,居酒屋、寿司、海鮮,,izakaya,tb,True
fukuoka/shingucho,116,串カツ居酒屋 これや 福工大駅前店,居酒屋、串揚げ、もつ鍋,,izakaya,tb,True
fukuoka/shingucho,117,サンエトワール 新宮店,パン,,sweets,tb,True
fukuoka/shingucho,118,肉だんご屋 味味,おにぎり,,casual,tb,True
fukuoka/shingucho,119,モスバーガー 福岡新宮中央店,ハンバーガー,,casual,tb,True
fukuoka/shingucho,120,居酒屋 力,焼き鳥,,meat,tb,True
fukuoka/shingucho,121,ひとまるの里,その他,,other,none,False
fukuoka/shingucho,122,マーニーズキッチン,居酒屋、もつ鍋,,izakaya,tb,True
fukuoka/shingucho,123,ロピア 福岡新宮店,コンビニ・スーパー,,daily,tb,True
fukuoka/shingucho,124,牛角 新宮店,焼肉,,meat,tb,True
fukuoka/shingucho,125,おいしい精肉店,ステーキ,,meat,tb,True
fukuoka/shingucho,126,THE MEAT HOOK,惣菜・デリ,,casual,tb,True
fukuoka/shingucho,127,とり肉の高木,からあげ、惣菜・デリ,,meat,tb,True
fukuoka/shingucho,128,欒八,たこ焼き,,casual,tb,True
fukuoka/shingucho,129,うまかもん,そば、うどん,,noodles,tb,True
fukuoka/shingucho,130,ほっともっと 新宮三代店,弁当,,casual,tb,True
fukuoka/shingucho,131,K-cafe しんぐう店,その他,,other,none,False
fukuoka/shingucho,132,明月堂 ハローデイ新宮店,和菓子,,sweets,tb,True
fukuoka/shingucho,133,キッチン 海と空,弁当、ジェラート・アイスクリーム、ソフトクリーム,,casual,tb,True
fukuoka/shingucho,134,むっちゃん万十 新宮店,たい焼き・大判焼き,,sweets,tb,True
fukuoka/shingucho,135,肉のススキ,その他,,other,none,False
fukuoka/shingucho,136,焼き芋 ベスポ,焼き芋・大学芋,,other,none,False
fukuoka/shingucho,137,かき小屋 立花,その他,,other,none,False
fukuoka/shingucho,138,島本食品,その他,,other,none,False
fukuoka/shingucho,139,両国,ちゃんこ鍋、日本料理、居酒屋,,japanese,tb,False
fukuoka/shingucho,140,小哪吒麻辣燙 新宮店,四川料理,,other,none,False
fukuoka/shingucho,141,お好み焼ダンボ,お好み焼き,,casual,tb,True
fukuoka/shingucho,142,酒のNAGASAKI,その他,,other,none,False
fukuoka/shingucho,143,菓子工房 Aizen,洋菓子,,sweets,tb,True
fukuoka/shingucho,144,玄庵,レストラン,,other,none,False
fukuoka/shingucho,145,遊々楽,居酒屋、海鮮,,izakaya,tb,True
fukuoka/shingucho,146,BALUS,ダイニングバー,,izakaya,tb,True
fukuoka/shingucho,147,九どん,天丼,,casual,tb,True
fukuoka/shingucho,148,ポテトハウス,その他,,other,none,False
fukuoka/shingucho,149,LAWSON 新宮緑ケ浜四丁目店,コンビニ・スーパー,,daily,tb,True
fukuoka/shingucho,150,MIKAN 森のかまど やの亭,パン、弁当,,sweets,tb,True
fukuoka/shingucho,151,BAR 花と樹,その他,,other,none,False
fukuoka/shingucho,152,オークバー,バー,,izakaya,tb,True
fukuoka/shingucho,153,将の音,居酒屋,,izakaya,tb,True
fukuoka/shingucho,154,ウエルシアプラス 新宮杜の宮店,コンビニ・スーパー,,daily,tb,True
fukuoka/shingucho,155,初音,日本料理,,japanese,tb,True
fukuoka/shingucho,156,ファミリーマート 新宮的野店,コンビニ・スーパー,,daily,tb,True
fukuoka/shingucho,157,粕谷農協 新宮支所,その他,,other,none,False
fukuoka/shingucho,158,セブンイレブン 新宮須川店,コンビニ・スーパー,,daily,tb,True
fukuoka/shingucho,159,セブンイレブン 新宮原上店,コンビニ・スーパー,,daily,tb,True
fukuoka/shingucho,160,満菜市場,居酒屋,,izakaya,tb,True
fukuoka/shingucho,161,OLD SCHOOL BUS STAND,カフェ,,cafe,tb,True
fukuoka/shingucho,162,カラオケサウンドパーク 新宮プラザ店,カラオケ、ピザ、カフェ,,izakaya,tb,True
fukuoka/shingucho,163,肉三味,焼肉,,meat,tb,True
fukuoka/shingucho,164,みやこんじょ,日本料理,,japanese,tb,True
fukuoka/shingucho,165,Cafe&Bar STARDUST,カフェ、バー,,cafe,tb,True
fukuoka/shingucho,166,梺BASE,カフェ,,cafe,tb,True
fukuoka/shingucho,167,酒処静里奈,居酒屋,,izakaya,tb,True
fukuoka/shingucho,168,新ちゃん,居酒屋,,izakaya,tb,True
fukuoka/shingucho,169,鉄板家 じょう,お好み焼き,,casual,tb,True
fukuoka/shingucho,170,ちえさん家,居酒屋,,izakaya,tb,True
fukuoka/shingucho,171,古民家キッチン 華,食堂,,casual,tb,True
fukuoka/shingucho,172,LAWSON 新宮美咲三丁目店,コンビニ・スーパー,,daily,tb,True
fukuoka/shingucho,173,Kusu no Ki,,Steakhouse,meat,ta,True
fukuoka/shingucho,174,Ikea Restaurant Fukuoka Shinmiya,,International;European;Swedish,european,ta,True
fukuoka/shingucho,175,Mr George Shingu,,Steakhouse,meat,ta,True
fukuoka/shingucho,176,Tsurunokaze Main Building,,Seafood,seafood,ta,True
fukuoka/shingucho,177,Ramen Raizo Shingu,,,other,none,False
fukuoka/shingucho,178,Yamachan Udon,,Japanese;Japanese - Other ,japanese,ta,True
fukuoka/shingucho,179,Koreya Fukkodai Ekimae,,Japanese Fusion,japanese,desc,False
fukuoka/shingucho,180,Yataizushi Fukkodai Ekimae,,Japanese Fusion,japanese,desc,False
fukuoka/shingucho,181,Ainoshima Local Products Showshop Shokudo,,Japanese,japanese,ta,True
fukuoka/shingucho,182,Piccolo,,Italian,european,ta,True
fukuoka/shingucho,183,Ide Chanpon Shingu,,Japanese,japanese,ta,True
fukuoka/shingucho,184,Marugame Seimen Fukuoka Shingu,,,other,none,False
fukuoka/shingucho,185,Doraemon Shingu,,Japanese - Traditional Cuisine;Izakaya (Japanese Style Tavern),izakaya,ta,True
fukuoka/shingucho,186,Chikurintei Shingu,,Japanese;Japanese - Other ,japanese,ta,True
fukuoka/shingucho,187,Pizzeria Da Vicino,,Pizza,european,ta,True
fukuoka/shingucho,188,Yakiniku Nurubon Garden Shinguu,,Japanese,japanese,ta,True
fukuoka/shingucho,189,Tonkatsu Hamakatsu Fukuoka Shingu,,Japanese,japanese,ta,True
fukuoka/shingucho,190,Ishigama Pan Kobo Klee Blatt Shingu,,Cafe,cafe,ta,True
fukuoka/shingucho,191,Yakiniku King Fukuoka Shingu,,Barbecue,meat,ta,True
fukuoka/shingucho,192,West Chinese Cuisine Shingu,,Chinese,chinese,ta,True
fukuoka/shingucho,193,Rokudenashi Shingu,,,other,none,False
fukuoka/shingucho,194,Hakata Sanki Road 3 Shingu,,Asian,chinese,ta,True
fukuoka/shingucho,195,Korean Dining Kulkuli,,Asian;Korean,chinese,ta,True
fukuoka/shingucho,196,Ichiran Shingu,,,other,none,False
fukuoka/shingucho,197,MK Restaurant Shingu,,Japanese,japanese,ta,True
fukuoka/shingucho,198,Shin,,Japanese,japanese,ta,True
fukuoka/shingucho,199,Gyozano Ohsho Shingu,,Chinese,chinese,ta,True
fukuoka/shingucho,200,Yakiniku Dainingu Wan Karubi Shingu Chuo Ekimae Ten,,,other,none,False
fukuoka/shingucho,201,Rairaitei Shingu,,,other,none,False
fukuoka/shingucho,202,McDonald s Sangousen Shinguu,,Fast Food,casual,ta,True
fukuoka/shingucho,203,Hassenkaku Shinguchuoekimae,,,other,none,False
fukuoka/shingucho,204,Makino Udon Shingu,,Japanese;Japanese - Other ,japanese,ta,True
fukuoka/shingucho,205,Yakinikuya Ushi Itto Shingu,,,other,none,False
fukuoka/shingucho,206,Hakata Kokumaro Shingu,,,other,none,False
fukuoka/shingucho,207,Yamachantaiyaki Hakata Ebesu,,,other,none,False
fukuoka/shingucho,208,Udon No Komugiya Shingu,,,other,none,False
fukuoka/shingucho,209,Ringer Hut Kainz Fukuoka Shingu,,Asian,chinese,ta,True
fukuoka/shingucho,210,Mi Piace,,,other,none,False
fukuoka/shingucho,211,Joyful Fukuoka Shingu,,International,other,none,False
fukuoka/shingucho,212,Hakata Kinryu Shingu,,,other,none,False
fukuoka/shingucho,213,Abashi Shingu,,Indian,curry,ta,True
fukuoka/shingucho,214,Tonya Donya Shingu Chuo Ekimae,,,other,none,False
fukuoka/shingucho,215,Otemon Udon,,,other,none,False
fukuoka/shingucho,216,Steak Gusto Fukuoka Shingu,,Steakhouse,meat,ta,True
fukuoka/shingucho,217,Ishimura Shingu,,,other,none,False
fukuoka/shingucho,218,Yakiniku West Shingu,,,other,none,False
fukuoka/shingucho,219,Sakuratei,,,other,none,False
fukuoka/shingucho,220,Tonkoya Shingu,,Japanese,japanese,ta,True
fukuoka/shingucho,221,Hananomai Shingu Chuo Ekimae,,Japanese,japanese,ta,True
fukuoka/shingucho,222,Tsurunokaze Annex,,Japanese;Seafood;Japanese - Other ,seafood,ta,True
fukuoka/shingucho,223,Unagi no Shigeyoshi,,Japanese,japanese,ta,True
fukuoka/shingucho,224,Shigezushi,,Japanese;Sushi,seafood,ta,True
fukuoka/shingucho,225,Hakata Wabisuke,,Japanese;Japanese Fusion,japanese,ta,True
fukuoka/shingucho,226,Izakaya Riki,,Japanese,japanese,ta,True
fukuoka/shingucho,227,Izakaya Beppin,,Japanese,japanese,ta,True
fukuoka/shingucho,228,Igokochiya Koinobori,,Japanese;Izakaya (Japanese Style Tavern),izakaya,ta,True
fukuoka/shingucho,229,Minato Shokudo,,Japanese;Sushi;Kappo;Kyushu cuisine;Japanese Fusion,seafood,ta,True
fukuoka/shingucho,230,Tsumugi Sakana Kitchen,,Japanese,japanese,ta,True
fukuoka/shingucho,231,Poppoojisan Karaage Yumemart Shingu,,Japanese,japanese,ta,True
fukuoka/shingucho,232,Rabikoro,,Deli,other,none,False
fukuoka/shingucho,233,Hakata Karaage Dan,,,other,none,False
fukuoka/shingucho,234,Hide Chan,,,other,none,False
fukuoka/shingucho,235,Cafe H,,Cafe,cafe,ta,True
fukuoka/shingucho,236,Saon Shingu Chuo Eki,,Cafe,cafe,ta,True
fukuoka/shingucho,237,Yakitori Jinbe,,Japanese,japanese,ta,True
fukuoka/shingucho,238,Gyukaku Shingu,,,other,none,False
fukuoka/shingucho,239,Surakkan,,Asian;Korean,chinese,ta,True
fukuoka/shingucho,240,Cafe Bar Stardust,,Cafe,cafe,ta,True
fukuoka/shingucho,241,Teppan Gaya,,Japanese;Japanese - Other ,japanese,ta,True
fukuoka/shingucho,242,Miki,,Japanese;Japanese - Traditional Cuisine;Japanese - Other ,japanese,ta,True
fukuoka/shingucho,243,Sampachi Antsuru No Kaze,,Japanese;Japanese - Traditional Cuisine,japanese,ta,True
fukuoka/shingucho,244,Manzaiichiba,,Japanese,japanese,ta,True
fukuoka/shingucho,245,Miyakonjo,,Japanese;Japanese - Other ,japanese,ta,True
fukuoka/shingucho,246,Yokataido,,Japanese,japanese,ta,True
fukuoka/shingucho,247,Izakaya Sabu,,Japanese;Izakaya (Japanese Style Tavern),izakaya,ta,True
fukuoka/shingucho,248,Shin Chan,,Japanese,japanese,ta,True
fukuoka/shingucho,249,Izakaya Kikambo,,Japanese,japanese,ta,True
fukuoka/shingucho,250,Hatsune,,Japanese;Japanese - Other ,japanese,ta,True
fukuoka/shingucho,251,Takamatsu Honjin,,Japanese;Barbecue,meat,ta,True
fukuoka/shingucho,252,Shige,,,other,none,False
fukuoka/shingucho,253,Hiro,,Japanese;International;Japanese - Other ,japanese,ta,True
fukuoka/shingucho,254,Daiki,,Japanese,japanese,ta,True
fukuoka/shingucho,255,Sumisuke,,,other,none,False
fukuoka/shingucho,256,Snack Pichi Pichi Gal,,,other,none,False
fukuoka/shingucho,257,Kobe Cook World Buffet Urban Mall Shingu Chuo,,,other,none,False
fukuoka/shingucho,258,Gen An,,International,other,none,False
fukuoka/shingucho,259,Cotton,,Fusion,other,none,False
fukuoka/shingucho,260,Teppan,,Japanese,japanese,ta,True
fukuoka/shingucho,261,Tempura Koma,,Japanese;International;Japanese - Other ,japanese,ta,True
fukuoka/shingucho,262,Kinomi,,,other,none,False
fukuoka/shingucho,263,Teppan Isyokuya Motsu Dokoro Ueda,,Japanese,japanese,ta,True
fukuoka/shingucho,264,Matsuya,,Japanese,japanese,ta,True
fukuoka/shingucho,265,Ushiotei Mr Max Shingu,,,other,none,False
fukuoka/shingucho,266,HARE PAN Shingu,,,other,none,False
fukuoka/shingucho,267,Sweetontable,,,other,none,False
fukuoka/shingucho,268,Hakata Ichibandori Ishokuya Shingu,,Japanese;Izakaya (Japanese Style Tavern),izakaya,ta,True
fukuoka/shingucho,269,Hana Hana,,,other,none,False
fukuoka/shingucho,270,Butaya,,,other,none,False
fukuoka/shingucho,271,Oak Bar,,,other,none,False
fukuoka/shingucho,272,Sakaba Echigo Ya,,,other,none,False
fukuoka/shingucho,273,Sumiyaki Sakaba Ryu,,,other,none,False
fukuoka/shingucho,274,Hakata Taiho Ramen Shingu,,,other,none,False
fukuoka/shingucho,275,Hakata Zundoya,,,other,none,False
fukuoka/shingucho,276,Hakata Taihoramen Shingu,,,other,none,False
fukuoka/soeda,1,ヒシミツ,イタリアン,,european,tb,True
fukuoka/soeda,2,長谷の里,食堂、鳥料理、麺類,,casual,tb,True
fukuoka/soeda,3,ひこ山食堂,食堂、日本料理、郷土料理,,casual,tb,True
fukuoka/soeda,4,北の庄 添田店,そば、うどん,,noodles,tb,True
fukuoka/soeda,5,お食事処 JYOHAN,そば,,noodles,tb,True
fukuoka/soeda,6,道の駅 歓遊舎ひこさん,道の駅,,other,none,False
fukuoka/soeda,7,駒どり,食堂、日本料理、郷土料理,,casual,tb,True
fukuoka/soeda,8,もち工房,甘味処,,sweets,tb,True
fukuoka/soeda,9,山びこうどん,うどん,,noodles,tb,True
fukuoka/soeda,10,味の蔵めん処九ちゃん,麺類,,noodles,tb,True
fukuoka/soeda,11,情熱的中華厨房 味都,中華料理、居酒屋,,chinese,tb,True
fukuoka/soeda,12,英彦岳食堂,レストラン,,other,none,False
fukuoka/soeda,13,天麩羅割烹 味舌,天ぷら,,japanese,tb,True
fukuoka/soeda,14,オオツカファーム,チョコレート,,sweets,tb,True
fukuoka/soeda,15,PANET,パン,,sweets,tb,True
fukuoka/soeda,16,からあげまんてん 添田町店,からあげ,,meat,tb,True
fukuoka/soeda,17,かとうショコラ,ケーキ,,sweets,tb,True
fukuoka/soeda,18,KaisenCLUB,バーベキュー、海鮮、海鮮丼,,seafood,tb,False
fukuoka/soeda,19,添田町めんべい工場,その他,,other,none,False
fukuoka/soeda,20,パン工房 麦の里,パン,,sweets,tb,True
fukuoka/soeda,21,本場韓国料理 宋家 添田店,韓国料理,,chinese,tb,True
fukuoka/soeda,22,多幸焼工房 今川の里,たこ焼き,,casual,tb,True
fukuoka/soeda,23,ヒコニワ,カフェ,,cafe,tb,True
fukuoka/soeda,24,添田町旧車Cafe,カフェ,,cafe,tb,True
fukuoka/soeda,25,かじか庵,海鮮、豆腐料理、すっぽん,,seafood,tb,True
fukuoka/soeda,26,守破離,ジビエ料理,,other,none,False
fukuoka/soeda,27,三鷹庵,カフェ,,cafe,tb,True
fukuoka/soeda,28,かふぇ けるん,喫茶店、カフェ,,cafe,tb,True
fukuoka/soeda,29,本格中華 味彩,中華料理,,chinese,tb,True
fukuoka/soeda,30,秀島本店,和菓子,,sweets,tb,True
fukuoka/soeda,31,キッチン農家,ビュッフェ,,casual,tb,True
fukuoka/soeda,32,添田英彦商店,コーヒースタンド,,cafe,tb,True
fukuoka/soeda,33,英彦山キッチンカーsakanano shippo号,サンドイッチ、カレー,,sweets,tb,True
fukuoka/soeda,34,居心家ふくろう,居酒屋、弁当、食堂,,izakaya,tb,True
fukuoka/soeda,35,だぼちゃん,焼き鳥,,meat,tb,True
fukuoka/soeda,36,レトロハウス,喫茶店,,cafe,tb,True
fukuoka/soeda,37,白嶽料理店,レストラン,,other,none,False
fukuoka/soeda,38,FUKU-CHAN-STORE,コンビニ・スーパー,,daily,tb,True
fukuoka/soeda,39,丸喜食堂,食堂,,casual,tb,True
fukuoka/soeda,40,カトル・カール洋菓子店,洋菓子,,sweets,tb,True
fukuoka/soeda,41,鳥ぴん,焼き鳥,,meat,tb,True
fukuoka/soeda,42,お惣菜のみやざき,惣菜・デリ,,casual,tb,True
fukuoka/soeda,43,庄屋,からあげ,,meat,tb,True
fukuoka/soeda,44,元気野,その他,,other,none,False
fukuoka/soeda,45,もんじゃ,もんじゃ焼き、お好み焼き,,casual,tb,True
fukuoka/soeda,46,やなぎや食堂,食堂、うどん、そば,,casual,tb,True
fukuoka/soeda,47,甘味処　ゆめや,甘味処,,sweets,tb,True
fukuoka/soeda,48,てんゆう,喫茶店,,cafe,tb,True
fukuoka/soeda,49,あじ壷らっこ,日本料理,,japanese,tb,True
fukuoka/soeda,50,Hishimitsu,,Italian,european,ta,True
fukuoka/soeda,51,Hikosan Shokudo,,Japanese;Sushi,seafood,ta,True
fukuoka/soeda,52,Komadori,,Japanese;International;Japanese - Other ,japanese,ta,True
fukuoka/soeda,53,Yanagiya Shokudo,,,other,none,False
fukuoka/soeda,54,Hase No Sato,,Japanese;International;Japanese - Other ,japanese,ta,True
fukuoka/soeda,55,Guen No Sho,,Japanese;Japanese - Other ,japanese,ta,True
fukuoka/soeda,56,Kitchen Noka,,European,european,ta,True
fukuoka/soeda,57,Men Dokoro Fukakura An,,Japanese;International;Japanese - Other ,japanese,ta,True
fukuoka/soeda,58,Kumagai Dininig Room,,Japanese,japanese,ta,True
fukuoka/soeda,59,そわか亭,,Japanese;Japanese - Traditional Cuisine;Kaiseki,japanese,ta,True
fukuoka/soeda,60,Izakaya Kobuta,,Chinese,chinese,ta,True
fukuoka/soeda,61,Okonomitei Hana,,Japanese;Japanese - Other ,japanese,ta,True
fukuoka/soeda,62,Hikoniwa,,,other,none,False
fukuoka/soeda,63,Kisetsu Ryori No Mise Kajikaan,,Japanese;Seafood;Japanese - Traditional Cuisine;Japanese - Other ,seafood,ta,True
fukuoka/soeda,64,Amakusa,,Japanese;International;Japanese - Other ,japanese,ta,True
fukuoka/soeda,65,Ochan Shokudo,,Japanese,japanese,ta,True
fukuoka/soeda,66,Monja,,Japanese;Japanese - Other ,japanese,ta,True
fukuoka/soeda,67,Yakiniku No Sho,,Barbecue,meat,ta,True
fukuoka/soeda,68,Suekichi,,Japanese;Japanese - Other ,japanese,ta,True
fukuoka/soeda,69,Shiratake Ryoriten,,International,other,none,False
fukuoka/soeda,70,Dabochan,,Japanese;Japanese - Other ,japanese,ta,True
fukuoka/soeda,71,Aji No Kura Noodles Kyu Chan,,Japanese;Japanese - Other ,japanese,ta,True
fukuoka/soeda,72,Dogwood,,International,other,none,False
fukuoka/soeda,73,Aji Tsubo Rakko,,Japanese;Japanese - Traditional Cuisine;Japanese - Other ,japanese,ta,True
fukuoka/soeda,74,Atariya Bangasa,,Japanese;Sushi,seafood,ta,True
fukuoka/soeda,75,Toripin,,Japanese;Japanese - Other ,japanese,ta,True
fukuoka/soeda,76,Furoku,,,other,none,False
fukuoka/soeda,77,Chinese Dining Ranchiu,,,other,none,False
fukuoka/soeda,78,Sho Ya,,,other,none,False
fukuoka/soeda,79,Yamamoto Pastry,,,other,none,False
fukuoka/sue,1,白龍ラーメン,ラーメン、食堂,,noodles,tb,True
fukuoka/sue,2,須恵三洋軒,ラーメン、ちゃんぽん、餃子,,noodles,tb,True
fukuoka/sue,3,おにぎりカフェ　おむすびころりん,おにぎり,,casual,tb,True
fukuoka/sue,4,パン・ド・ラパージュ,パン,,sweets,tb,True
fukuoka/sue,5,パティスリー アンサンブル,ケーキ、洋菓子,,sweets,tb,True
fukuoka/sue,6,焼きたてパン工房 かえでの木,パン,,sweets,tb,True
fukuoka/sue,7,麺処 辰,ラーメン,,noodles,tb,True
fukuoka/sue,8,中華料理 林々,中華料理,,chinese,tb,True
fukuoka/sue,9,ウエスト 須惠店,うどん、そば,,noodles,tb,True
fukuoka/sue,10,鳥平 須惠店,鳥料理,,other,none,False
fukuoka/sue,11,とり須恵,焼き鳥、居酒屋、ちゃんこ鍋,,meat,tb,True
fukuoka/sue,12,居酒屋ぺんぺん草,居酒屋,,izakaya,tb,True
fukuoka/sue,13,和膳 花庵,日本料理,,japanese,tb,True
fukuoka/sue,14,LA35,カレー,,curry,tb,True
fukuoka/sue,15,寿恵広,日本料理、鍋、食堂,,japanese,tb,True
fukuoka/sue,16,みつば食堂,ホルモン,,meat,tb,True
fukuoka/sue,17,喜いち,ろばた焼き,,other,none,False
fukuoka/sue,18,サロン 桜や,カフェ,,cafe,tb,True
fukuoka/sue,19,美らそば キッチンカー,その他,,other,none,False
fukuoka/sue,20,otonari,喫茶店,,cafe,tb,True
fukuoka/sue,21,スナック KATSU,バー,,izakaya,tb,True
fukuoka/sue,22,マクドナルド 宇美町店,ハンバーガー,,casual,tb,True
fukuoka/sue,23,新生,焼き鳥,,meat,tb,True
fukuoka/sue,24,スーパーセンタートライアル 須恵店,コンビニ・スーパー,,daily,tb,True
fukuoka/sue,25,ほっともっと 須恵店,弁当,,casual,tb,True
fukuoka/sue,26,コーダ スパイス,カレー,,curry,tb,True
fukuoka/sue,27,ロッキー,焼き鳥、カレー、カフェ,,meat,tb,True
fukuoka/sue,28,一八寿し,寿司、海鮮,,seafood,tb,True
fukuoka/sue,29,田中洋菓子店,ケーキ,,sweets,tb,True
fukuoka/sue,30,長沢ストアー,その他,,other,none,False
fukuoka/sue,31,グリタコ,たこ焼き,,casual,tb,True
fukuoka/sue,32,有限会社 清広食品,その他,,other,none,False
fukuoka/sue,33,一合半,焼き鳥,,meat,tb,True
fukuoka/sue,34,串王 須恵店,焼き鳥,,meat,tb,True
fukuoka/sue,35,さくらんぼ,喫茶店,,cafe,tb,True
fukuoka/sue,36,小料理大丸,日本料理,,japanese,tb,True
fukuoka/sue,37,YUZUKA,スイーツ,,sweets,tb,True
fukuoka/sue,38,ファミリーマート 須恵植木バイパス店,コンビニ・スーパー,,daily,tb,True
fukuoka/sue,39,さん平,レストラン,,other,none,False
fukuoka/sue,40,West Sue,,Japanese;Japanese - Other ,japanese,ta,True
fukuoka/sue,41,Sanyoken,,,other,none,False
fukuoka/sue,42,Rokumi Shunzo,,Japanese;Izakaya (Japanese Style Tavern),izakaya,ta,True
fukuoka/sue,43,Apple Pie of Amano,,,other,none,False
fukuoka/sue,44,Seafood Izakaya Yasukouchi,,Japanese;Izakaya (Japanese Style Tavern),izakaya,ta,True
fukuoka/sue,45,ビッグボーイ 須恵店,,,other,none,False
fukuoka/sue,46,Sushi Yoshi,,Japanese;Sushi,seafood,ta,True
fukuoka/sue,47,Mammaru Ramen Sue,,,other,none,False
fukuoka/sue,48,Wakasugi An,,,other,none,False
fukuoka/sue,49,Ramen Zauo Sue,,,other,none,False
fukuoka/sue,50,Darumazushi,,Japanese;Sushi,seafood,ta,True
fukuoka/sue,51,Miyako,,Japanese,japanese,ta,True
fukuoka/sue,52,Kisen,,Japanese;Seafood;Japanese - Other ,seafood,ta,True
fukuoka/sue,53,Utchantei,,Japanese,japanese,ta,True
fukuoka/sue,54,Karaoke Cafe My Song Hiro,,International,other,none,False
fukuoka/sue,55,Ajidokoro Arao,,Japanese,japanese,ta,True
fukuoka/sue,56,Akisada,,Sushi,seafood,ta,True
fukuoka/sue,57,ファミリー中華 宮園,,Chinese,chinese,ta,True
fukuoka/sue,58,Switch Cafe,,Cafe,cafe,ta,True
fukuoka/sue,59,Hagure So,,Japanese,japanese,ta,True
fukuoka/sue,60,Yusuke France Pastry,,Cafe,cafe,ta,True
fukuoka/sue,61,Konnamise,,Japanese,japanese,ta,True
fukuoka/sue,62,Date No Yakitori,,,other,none,False
fukuoka/sue,63,Babbi,,,other,none,False
fukuoka/sue,64,Ramen Hirotatsu,,,other,none,False
fukuoka/sue,65,Taro Jaya Kamakura Sue,,,other,none,False
fukuoka/sue,66,Suzukago,,Izakaya (Japanese Style Tavern),izakaya,ta,True
fukuoka/sue,67,Ajidokoro Juhouen,,Japanese;Izakaya (Japanese Style Tavern),izakaya,ta,True
fukuoka/sue,68,Karaoke Bamboo,,,other,none,False
fukuoka/sue,69,Masumoto,,Japanese;Izakaya (Japanese Style Tavern),izakaya,ta,True
fukuoka/sue,70,Kodama,,Japanese;Izakaya (Japanese Style Tavern),izakaya,ta,True
fukuoka/sue,71,Azalea,,,other,none,False
fukuoka/sue,72,Mare,,,other,none,False
fukuoka/tachiarai,1,あずみうどん 大刀洗本店,うどん、そば,,noodles,tb,True
fukuoka/tachiarai,2,呼び戻しチャンポン 月と燈會,ちゃんぽん,,noodles,tb,True
fukuoka/tachiarai,3,ちづる,とんかつ、食堂、弁当,,meat,tb,True
fukuoka/tachiarai,4,OYASAI KITCHEN 本店,パン、鍋、居酒屋,,sweets,tb,True
fukuoka/tachiarai,5,小麦冶 小郡店,そば、うどん,,noodles,tb,True
fukuoka/tachiarai,6,お菓子のふなき 十文字本店,ケーキ,,sweets,tb,True
fukuoka/tachiarai,7,インド食堂 ムランカリー,インドカレー、インド料理,,curry,tb,True
fukuoka/tachiarai,8,餃子菜館,ラーメン,,noodles,tb,True
fukuoka/tachiarai,9,Patisserie Petit Riziere,ケーキ、洋菓子,,sweets,tb,True
fukuoka/tachiarai,10,肉の大正屋,その他,,other,none,False
fukuoka/tachiarai,11,Aコープ 大刀洗店,コンビニ・スーパー,,daily,tb,True
fukuoka/tachiarai,12,MEAT SHOP 棚町,その他,,other,none,False
fukuoka/tachiarai,13,三原精肉店,その他,,other,none,False
fukuoka/tachiarai,14,やひろ食道,居酒屋、食堂,,izakaya,tb,True
fukuoka/tachiarai,15,はらぺこ,弁当、カレー,,casual,tb,True
fukuoka/tachiarai,16,平田万十店,和菓子,,sweets,tb,True
fukuoka/tachiarai,17,セブンイレブン 大刀洗下高橋店,コンビニ・スーパー,,daily,tb,True
fukuoka/tachiarai,18,ジョイフル 福岡大刀洗店,ファミレス,,casual,tb,True
fukuoka/tachiarai,19,株式会社 みいの寿,その他,,other,none,False
fukuoka/tachiarai,20,mysig,カフェ,,cafe,tb,True
fukuoka/tachiarai,21,ケーキ工房　ありす,ケーキ,,sweets,tb,True
fukuoka/tachiarai,22,オンマの台所,韓国料理,,chinese,tb,True
fukuoka/tachiarai,23,SAKABAえにし,居酒屋,,izakaya,tb,True
fukuoka/tachiarai,24,とまり木,カフェ,,cafe,tb,True
fukuoka/tachiarai,25,太古八,たこ焼き,,casual,tb,True
fukuoka/tachiarai,26,やきとり正栄,焼き鳥,,meat,tb,True
fukuoka/tachiarai,27,めん六や 福岡大刀洗店,麺類,,noodles,tb,True
fukuoka/tachiarai,28,笑顔料理 ふくしま,居酒屋,,izakaya,tb,True
fukuoka/tachiarai,29,マミーズ 大刀洗店,その他,,other,none,False
fukuoka/tachiarai,30,からあげ聖林 大刀洗店,弁当、からあげ,,casual,tb,True
fukuoka/tachiarai,31,鶏真,からあげ、手羽先,,meat,tb,True
fukuoka/tachiarai,32,百助寿し,寿司,,seafood,tb,True
fukuoka/tachiarai,33,福栄のから揚げ 大刀洗店,からあげ,,meat,tb,True
fukuoka/tachiarai,34,喫茶 上野,喫茶店,,cafe,tb,True
fukuoka/tachiarai,35,IZANAGI COFFEE,カフェ,,cafe,tb,True
fukuoka/tachiarai,36,FOREST STATION,カフェ、パン,,cafe,tb,True
fukuoka/tachiarai,37,立石蒲鉾店,その他,,other,none,False
fukuoka/tachiarai,38,ドレミのホルモン,ホルモン、からあげ,,meat,tb,True
fukuoka/tachiarai,39,居酒屋  中祥,居酒屋,,izakaya,tb,True
fukuoka/tachiarai,40,居酒屋 成りあがり,居酒屋,,izakaya,tb,True
fukuoka/tachiarai,41,博多焼酎蔵 研醸,その他,,other,none,False
fukuoka/tachiarai,42,飛龍酒造,その他,,other,none,False
fukuoka/tachiarai,43,宮崎酒店,立ち飲み,,izakaya,tb,True
fukuoka/tachiarai,44,Kitchen Veron,,Italian,european,ta,True
fukuoka/tachiarai,45,Yakushi Udon Restaurant,,Japanese;Japanese - Other ,japanese,ta,True
fukuoka/tachiarai,46,Shokuji Dokoro Fukuoka,,,other,none,False
fukuoka/tachiarai,47,Hong Kong Ichi Chinese Restaurant,,Chinese,chinese,ta,True
fukuoka/tachiarai,48,Joyfull,,International,other,none,False
fukuoka/tachiarai,49,Kintoki,,,other,none,False
fukuoka/tachiarai,50,Suiken,,,other,none,False
fukuoka/tachiarai,51,Hiroshimaryu Okonomiyaki Katte Ryori Moyai,,Japanese;Japanese - Other ,japanese,ta,True
fukuoka/tachiarai,52,Makarantei,,Barbecue,meat,ta,True
fukuoka/tachiarai,53,寿司ふく仙,,Japanese;Seafood;Sushi;Japanese - Other ,seafood,ta,True
fukuoka/tachiarai,54,Melody,,International,other,none,False
fukuoka/tachiarai,55,Fried Chicken Hollywood Tachiarai,,Japanese,japanese,ta,True
fukuoka/tachiarai,56,Nobuchantachiarai,,Japanese;Sushi,seafood,ta,True
fukuoka/tachiarai,57,Cannes,,Cafe,cafe,ta,True
fukuoka/tachiarai,58,Wawkana An,,,other,none,False
fukuoka/tachiarai,59,Marufuku Ramen,,,other,none,False
fukuoka/tachiarai,60,Sumibiyaki Taicho,,Japanese;Japanese - Other ;Izakaya (Japanese Style Tavern),izakaya,ta,True
fukuoka/tachiarai,61,Sakanaya Shan,,Japanese;Japanese - Other ;Izakaya (Japanese Style Tavern),izakaya,ta,True
fukuoka/tachiarai,62,Igokochiya Kazu,,Izakaya (Japanese Style Tavern),izakaya,ta,True
fukuoka/tagawa,1,カフェビストロ Waltz poco,洋食,,european,tb,True
fukuoka/tagawa,2,CAFEZAKAYA22,居酒屋、カフェ、バー,,izakaya,tb,True
fukuoka/tagawa,3,乙 田川店,居酒屋,,izakaya,tb,True
fukuoka/tagawa,4,四季亭,焼肉、ホルモン、韓国料理,,meat,tb,True
fukuoka/tagawa,5,篠原茶舗,カフェ,,cafe,tb,True
fukuoka/tagawa,6,大熊ホットドッグ&たこ焼,たこ焼き,,casual,tb,True
fukuoka/tagawa,7,至高苑,焼肉,,meat,tb,True
fukuoka/tagawa,8,大月堂 弓削田店,和菓子,,sweets,tb,True
fukuoka/tagawa,9,そば屋 牧口,そば,,noodles,tb,True
fukuoka/tagawa,10,CAFE SOURIRE,サンドイッチ、カフェ,,sweets,tb,True
fukuoka/tagawa,11,おいとま食堂,食堂、カフェ,,casual,tb,True
fukuoka/tagawa,12,モスバーガー 田川イカリ店,ハンバーガー,,casual,tb,True
fukuoka/tagawa,13,ウエスト うどん 田川店,うどん,,noodles,tb,True
fukuoka/tagawa,14,CoCoro,うどん,,noodles,tb,True
fukuoka/tagawa,15,相撲茶屋 貴ノ花,レストラン、ちゃんこ鍋,,other,none,False
fukuoka/tagawa,16,ピザハット メルクス田川店,ピザ,,european,tb,True
fukuoka/tagawa,17,TAKOYAKIBAR LA.LA.LA,バー,,izakaya,tb,True
fukuoka/tagawa,18,めん六や 福岡田川店,うどん、そば、ラーメン,,noodles,tb,True
fukuoka/tagawa,19,すき家 201号田川店,牛丼,,casual,tb,True
fukuoka/tagawa,20,本場韓国焼肉 宋家,焼肉、韓国料理,,meat,tb,True
fukuoka/tagawa,21,プルニマ 田川店,インド料理、インドカレー,,curry,tb,True
fukuoka/tagawa,22,みらい工房,イタリアン、パスタ、カフェ,,european,tb,True
fukuoka/tagawa,23,やき鳥秀吉,焼き鳥,,meat,tb,True
fukuoka/tagawa,24,雪兎,日本料理,,japanese,tb,True
fukuoka/tagawa,25,鮮魚の穴井,寿司,,seafood,tb,True
fukuoka/tagawa,26,カフェ＆スウィーツ・リジェール,ケーキ,,sweets,tb,True
fukuoka/tagawa,27,光,焼き鳥、居酒屋、串焼き,,meat,tb,True
fukuoka/tagawa,28,元祖 筑天,居酒屋,,izakaya,tb,True
fukuoka/tagawa,29,太助寿司,寿司,,seafood,tb,True
fukuoka/tagawa,30,mtg cafe CHEZ MARE,カフェ,,cafe,tb,True
fukuoka/tagawa,31,ノエル,ケーキ,,sweets,tb,True
fukuoka/tagawa,32,季節の花と喫茶 草と土と,カフェ,,cafe,tb,True
fukuoka/tagawa,33,なかしま,その他,,other,none,False
fukuoka/tagawa,34,ディスカウントショップ ミートペアーズ 秀康食工房,その他,,other,none,False
fukuoka/tagawa,35,はま寿司 田川店,回転寿司,,seafood,tb,True
fukuoka/tagawa,36,浦島,居酒屋,,izakaya,tb,True
fukuoka/tagawa,37,MEGUMI,ケーキ,,sweets,tb,True
fukuoka/tagawa,38,タント,カフェ,,cafe,tb,True
fukuoka/tagawa,39,串屋とり啓,焼き鳥、居酒屋、海鮮,,meat,tb,True
fukuoka/tagawa,40,喫茶201,喫茶店,,cafe,tb,True
fukuoka/tagawa,41,柏木商店 本店,弁当、からあげ,,casual,tb,True
fukuoka/tagawa,42,食と酒 SAMANSA,居酒屋,,izakaya,tb,True
fukuoka/tagawa,43,ろくの家 田川松原店,ラーメン、つけ麺、餃子,,noodles,tb,True
fukuoka/tagawa,44,味処あっぷる亭,居酒屋,,izakaya,tb,True
fukuoka/tagawa,45,本格馬刺し居酒屋 新馬,居酒屋,,izakaya,tb,True
fukuoka/tagawa,46,ほっともっと 田川市役所前店,弁当,,casual,tb,True
fukuoka/tagawa,47,チロルチョコ アウトレットショップ,チョコレート,,sweets,tb,True
fukuoka/tagawa,48,TACOS DE URSA,タコス、メキシコ料理,,other,none,False
fukuoka/tagawa,49,まるちゃん食堂,食堂,,casual,tb,True
fukuoka/tagawa,50,若とり,鳥料理,,other,none,False
fukuoka/tagawa,51,西村園茶舗 田川店,カフェ,,cafe,tb,True
fukuoka/tagawa,52,ムササビと月,カフェ,,cafe,tb,True
fukuoka/tagawa,53,気分上々,居酒屋,,izakaya,tb,True
fukuoka/tagawa,54,渓月堂,パン,,sweets,tb,True
fukuoka/tagawa,55,みこの森スイーツファクトリー,ケーキ,,sweets,tb,True
fukuoka/tagawa,56,遊食家,焼き鳥,,meat,tb,True
fukuoka/tagawa,57,居酒屋 きゃっつ,居酒屋,,izakaya,tb,True
fukuoka/tagawa,58,スパゲッティハウスエスト,パスタ,,european,tb,True
fukuoka/tagawa,59,CoCo壱番屋 メルクス田川店,カレー,,curry,tb,True
fukuoka/tagawa,60,飯処 さいき,居酒屋、ラーメン,,izakaya,tb,True
fukuoka/tagawa,61,Takanohana,,Japanese,japanese,ta,True
fukuoka/tagawa,62,Restaurant Odong,,Japanese,japanese,ta,True
fukuoka/tagawa,63,Maneki Soba,,,other,none,False
fukuoka/tagawa,64,Steven Spiel Burger,,American;Fast Food,european,ta,True
fukuoka/tagawa,65,Udon Jinbei,,Japanese;Japanese - Other ,japanese,ta,True
fukuoka/tagawa,66,Sanzoku Nabetagawa,,Japanese,japanese,ta,True
fukuoka/tagawa,67,Yakiniku Korakuen,,Japanese,japanese,ta,True
fukuoka/tagawa,68,華扇,,Chinese,chinese,ta,True
fukuoka/tagawa,69,Ajiyoshi,,Japanese;Japanese - Traditional Cuisine,japanese,ta,True
fukuoka/tagawa,70,Yushokuya,,Japanese,japanese,ta,True
fukuoka/tagawa,71,Belle Saison Nakamura,,French,european,ta,True
fukuoka/toho,1,kutsurogi+,カフェ,,cafe,tb,True
fukuoka/toho,2,京や,そば、日本料理,,noodles,tb,True
fukuoka/toho,3,やまめ山荘,郷土料理、日本料理,,japanese,tb,True
fukuoka/toho,4,山乃茶家,そば,,noodles,tb,True
fukuoka/toho,5,道の駅 小石原,道の駅,,other,none,False
fukuoka/toho,6,レストラン こだち,麺類、喫茶店、ジェラート・アイスクリーム,,noodles,tb,True
fukuoka/toho,7,ふくちゃん家,パン,,sweets,tb,True
fukuoka/toho,8,ジューンベリー,喫茶店,,cafe,tb,True
fukuoka/toho,9,an.hour 一時・一隅,カフェ,,cafe,tb,True
fukuoka/toho,10,中華料理 11番,中華料理,,chinese,tb,True
fukuoka/toho,11,里山カフェ 棚田屋,カフェ、日本料理,,cafe,tb,True
fukuoka/toho,12,片岡酒造,日本酒バー,,izakaya,tb,True
fukuoka/toho,13,食事のさと 小石原,うどん、そば、揚げ物,,noodles,tb,True
fukuoka/toho,14,佐々木製菓,和菓子,,sweets,tb,True
fukuoka/toho,15,匙加減 其の弐,喫茶店、郷土料理,,cafe,tb,True
fukuoka/toho,16,つづみの里 農産物直売所,その他,,other,none,False
fukuoka/toho,17,あんたげ,その他,,other,none,False
fukuoka/toho,18,多加蔵,鳥料理,,other,none,False
fukuoka/toho,19,シェフガーデン田口,洋食,,european,tb,True
fukuoka/toho,20,ビーアンドビーカフェトゥーハーツ,カフェ,,cafe,tb,True
fukuoka/toho,21,ドライブイン 山福,うどん,,noodles,tb,True
fukuoka/toho,22,地どり家,レストラン,,other,none,False
fukuoka/toho,23,レストラン水樹亭,レストラン,,other,none,False
fukuoka/toho,24,千成瓢箪,ラーメン,,noodles,tb,True
fukuoka/toho,25,カネダイ,その他,,other,none,False
fukuoka/toho,26,CAFE POPO,カフェ,,cafe,tb,True
fukuoka/toho,27,和多屋寿司,寿司,,seafood,tb,True
fukuoka/toho,28,Yama No Chaya,,Japanese,japanese,ta,True
fukuoka/toho,29,Kaiseki Teuchi Soba Kyoya,,,other,none,False
fukuoka/toho,30,Yamameso,,Japanese,japanese,ta,True
fukuoka/toho,31,Chef Gardentaguchi,,Italian,european,ta,True
fukuoka/toho,32,Takakura,,Japanese,japanese,ta,True
fukuoka/toho,33,Two Hearts,,Cafe,cafe,ta,True
fukuoka/toho,34,Restaurant Kodachi,,Japanese - Other ,japanese,ta,True
fukuoka/toho,35,Sosuke,,Japanese,japanese,ta,True
fukuoka/toho,36,Juneberry,,Cafe,cafe,ta,True
fukuoka/toho,37,New Sakamotoya,,Japanese;Japanese - Other ,japanese,ta,True
fukuoka/toho,38,Sum Taya Sushi,,Japanese;Sushi,seafood,ta,True
fukuoka/toho,39,Koishiwara Mori No Ie,,,other,none,False
fukuoka/toho,40,Kifue,,Japanese;International,japanese,ta,True
fukuoka/toho,41,Drive In Yamafuku,,,other,none,False
fukuoka/toho,42,Takashima Tadashi,,,other,none,False
fukuoka/toho,43,Kikumi,,,other,none,False
fukuoka/ukiha,1,まぁぼや,四川料理、担々麺、中華料理,,noodles,tb,False
fukuoka/ukiha,2,吉井十八,肉料理、しゃぶしゃぶ、とんかつ,,meat,tb,True
fukuoka/ukiha,3,うなぎの千年家,うなぎ,,seafood,tb,True
fukuoka/ukiha,4,デリボーイ ブロス ハンバーガー,ハンバーガー,,casual,tb,True
fukuoka/ukiha,5,中華の丼 林さん亭,中華料理、丼,,chinese,tb,True
fukuoka/ukiha,6,ぱんのもっか,パン、サンドイッチ,,sweets,tb,True
fukuoka/ukiha,7,リバーワイルド,ホットドッグ、レストラン,,other,none,False
fukuoka/ukiha,8,cafe たねの隣り,カフェ、カレー,,cafe,tb,True
fukuoka/ukiha,9,鳥扇,鳥料理,,other,none,False
fukuoka/ukiha,10,坂の下の店 ぶどうのたね,カフェ,,cafe,tb,True
fukuoka/ukiha,11,うどん不動庵,うどん,,noodles,tb,True
fukuoka/ukiha,12,ソルベッチdoうきは,ジェラート・アイスクリーム,,sweets,tb,True
fukuoka/ukiha,13,きふね,そば,,noodles,tb,True
fukuoka/ukiha,14,うどんの天水,うどん、そば、親子丼,,noodles,tb,True
fukuoka/ukiha,15,夢語寄家,カフェ、ケーキ,,cafe,tb,True
fukuoka/ukiha,16,中華そば おさみ,ラーメン,,noodles,tb,True
fukuoka/ukiha,17,イビサスモークレストラン,スペイン料理,,european,tb,True
fukuoka/ukiha,18,麺屋 こばやし,うどん、ラーメン,,noodles,tb,True
fukuoka/ukiha,19,馬庵このみ,馬肉料理、焼肉、すき焼き,,meat,tb,True
fukuoka/ukiha,20,うなぎ専門店 立花荘,うなぎ,,seafood,tb,True
fukuoka/ukiha,21,レストラン庄山,食堂、ケーキ、とんかつ,,casual,tb,True
fukuoka/ukiha,22,肉屋一ノ剱 うきは店,食堂、カレー、ハンバーグ,,casual,tb,True
fukuoka/ukiha,23,和菓子 葡萄家,和菓子,,sweets,tb,True
fukuoka/ukiha,24,キチココ,カフェ,,cafe,tb,True
fukuoka/ukiha,25,御菓子処 ひた屋福富,和菓子、甘味処,,sweets,tb,True
fukuoka/ukiha,26,miel,カフェ、ケーキ,,cafe,tb,True
fukuoka/ukiha,27,そば処 郡上,そば,,noodles,tb,True
fukuoka/ukiha,28,PIZZA ロダン,ピザ,,european,tb,True
fukuoka/ukiha,29,地鶏 みのう家,鳥料理,,other,none,False
fukuoka/ukiha,30,まーさん食堂,食堂、沖縄料理,,casual,tb,True
fukuoka/ukiha,31,ゼルコバ コーヒー,カフェ,,cafe,tb,True
fukuoka/ukiha,32,道の駅うきは 物産館西見台,道の駅,,other,none,False
fukuoka/ukiha,33,カワセミデニッシュ,パン,,sweets,tb,True
fukuoka/ukiha,34,よかもんいちご研究所,カフェ,,cafe,tb,True
fukuoka/ukiha,35,ペルー軒,ラーメン、ちゃんぽん、焼きそば,,noodles,tb,True
fukuoka/ukiha,36,tison,パン、カフェ,,sweets,tb,True
fukuoka/ukiha,37,山の麓,ケーキ,,sweets,tb,True
fukuoka/ukiha,38,CASA CUOMO CAFE UKIHA ISONOSAWA,カフェ,,cafe,tb,True
fukuoka/ukiha,39,AO,イタリアン,,european,tb,True
fukuoka/ukiha,40,虎侍我炎,餃子,,chinese,tb,True
fukuoka/ukiha,41,まんてん市場,弁当、その他,,casual,tb,True
fukuoka/ukiha,42,清乃屋,ホテル,,other,none,False
fukuoka/ukiha,43,ふくせんか,ホテル,,other,none,False
fukuoka/ukiha,44,浮羽カントリー,レストラン,,other,none,False
fukuoka/ukiha,45,タベルナ フェリーチェ,イタリアン、パスタ、ピザ,,european,tb,True
fukuoka/ukiha,46,パン屋なかがわ,パン,,sweets,tb,True
fukuoka/ukiha,47,ネコノテシャ,カフェ,,cafe,tb,True
fukuoka/ukiha,48,にじの耳納の里 レストラン夢キッチン,ビュッフェ,,casual,tb,True
fukuoka/ukiha,49,庵鈴亭,食堂、甘味処,,casual,tb,True
fukuoka/ukiha,50,蛭子町珈琲店,カフェ,,cafe,tb,True
fukuoka/ukiha,51,託正,寿司,,seafood,tb,True
fukuoka/ukiha,52,日月窯,カフェ,,cafe,tb,True
fukuoka/ukiha,53,みのう豚足 山歩,豚料理、カレー,,curry,tb,False
fukuoka/ukiha,54,パン工房 むぎ畑,パン、サンドイッチ,,sweets,tb,True
fukuoka/ukiha,55,Genko2 STEAK HOUSE Ukiha Base,ステーキ,,meat,tb,True
fukuoka/ukiha,56,オテル ドゥ やまさき,フレンチ、ビストロ,,european,tb,True
fukuoka/ukiha,57,焼鳥 鷹陣 吉井店,居酒屋、焼き鳥、鳥料理,,izakaya,tb,True
fukuoka/ukiha,58,炭と鶏そば 福鶏,ラーメン,,noodles,tb,True
fukuoka/ukiha,59,ジンゴロウ,カフェ、その他,,cafe,tb,True
fukuoka/ukiha,60,お食事処うきは,食堂、日本料理、居酒屋,,casual,tb,True
fukuoka/ukiha,61,喫茶 深山の牡丹,喫茶店、カフェ,,cafe,tb,True
fukuoka/ukiha,62,la Pierre et le Chat,クレープ・ガレット,,sweets,tb,True
fukuoka/ukiha,63,きふね食堂,食堂,,casual,tb,True
fukuoka/ukiha,64,ふなきベーカリー,パン,,sweets,tb,True
fukuoka/ukiha,65,Fast food ぽち,レストラン,,other,none,False
fukuoka/ukiha,66,禅,スープカレー,,curry,tb,True
fukuoka/ukiha,67,大望,ラーメン、食堂、居酒屋,,noodles,tb,True
fukuoka/ukiha,68,天下一品,ラーメン,,noodles,tb,True
fukuoka/ukiha,69,べりーずべりーすうぃーつ,洋菓子、カフェ,,sweets,tb,True
fukuoka/ukiha,70,ミノウ ブックスアンドカフェ,カフェ,,cafe,tb,True
fukuoka/ukiha,71,伍平太うどん,食堂、うどん、そば,,casual,tb,True
fukuoka/ukiha,72,ル・シュクル,ケーキ,,sweets,tb,True
fukuoka/ukiha,73,まちの食卓 Le’Ala,イタリアン,,european,tb,True
fukuoka/ukiha,74,白翠,かき氷,,sweets,tb,True
fukuoka/ukiha,75,Vin Cafe PROSPERO,カフェ、日本酒バー、ワインバー,,cafe,tb,True
fukuoka/ukiha,76,gallery＆cafe 空のいろ,カフェ,,cafe,tb,True
fukuoka/ukiha,77,有楽,ラーメン,,noodles,tb,True
fukuoka/ukiha,78,暴食の果実,和菓子、大福,,sweets,tb,True
fukuoka/ukiha,79,囲炉裏カフェ里楽,郷土料理,,japanese,tb,True
fukuoka/ukiha,80,トラットリア グリーン,パスタ,,european,tb,True
fukuoka/ukiha,81,ウキハスタンド！,カフェ,,cafe,tb,True
fukuoka/ukiha,82,ミゲル,パン,,sweets,tb,True
fukuoka/ukiha,83,ホステル アンド カフェ ファロリート,カフェ,,cafe,tb,True
fukuoka/ukiha,84,明星豆花,カフェ,,cafe,tb,True
fukuoka/ukiha,85,旅する喫茶 うきは,喫茶店,,cafe,tb,True
fukuoka/ukiha,86,桑之屋,ホテル,,other,none,False
fukuoka/ukiha,87,大砲ラーメン 吉井店,ラーメン,,noodles,tb,True
fukuoka/ukiha,88,REN,ケーキ,,sweets,tb,True
fukuoka/ukiha,89,papoter,カフェ,,cafe,tb,True
fukuoka/ukiha,90,白花綜,食堂,,casual,tb,True
fukuoka/ukiha,91,大山酒店,日本酒バー,,izakaya,tb,True
fukuoka/ukiha,92,プランタゴ,ベーグル、レストラン,,sweets,tb,True
fukuoka/ukiha,93,ラ・セーヌ,喫茶店,,cafe,tb,True
fukuoka/ukiha,94,稲田屋 吉井店,からあげ,,meat,tb,True
fukuoka/ukiha,95,おにぎり屋 COMECO,おにぎり,,casual,tb,True
fukuoka/ukiha,96,華みずき うきは店,食堂,,casual,tb,True
fukuoka/ukiha,97,うきはんと,サンドイッチ,,sweets,tb,True
fukuoka/ukiha,98,にんにく屋,焼肉,,meat,tb,True
fukuoka/ukiha,99,ふたつの彗星,ステーキ、洋食、ハンバーガー,,meat,tb,True
fukuoka/ukiha,100,よかもんいちご,その他,,other,none,False
fukuoka/ukiha,101,霧里人珈琲焙煎所,コーヒースタンド,,cafe,tb,True
fukuoka/ukiha,102,UKIHA FRUITBAR,ジューススタンド、ソフトクリーム,,cafe,tb,True
fukuoka/ukiha,103,うきは せせらぎ,その他,,other,none,False
fukuoka/ukiha,104,ごくまる 浮羽店,ラーメン、つけ麺,,noodles,tb,True
fukuoka/ukiha,105,八蔵 うきは吉井店,居酒屋、鳥料理、海鮮,,izakaya,tb,True
fukuoka/ukiha,106,つしま海道,海鮮,,seafood,tb,True
fukuoka/ukiha,107,こむぎと、あんこ,パン,,sweets,tb,True
fukuoka/ukiha,108,蕎麦処 うりぼう,そば,,noodles,tb,True
fukuoka/ukiha,109,ふくずし,寿司,,seafood,tb,True
fukuoka/ukiha,110,磯吉,居酒屋,,izakaya,tb,True
fukuoka/ukiha,111,柏,居酒屋、ホルモン、日本料理,,izakaya,tb,True
fukuoka/ukiha,112,月のまつり,カフェ、洋食,,cafe,tb,True
fukuoka/ukiha,113,和食処 ながしま,日本料理,,japanese,tb,True
fukuoka/ukiha,114,ゆめのパンやさん ゆめマートうきは店,パン、サンドイッチ,,sweets,tb,True
fukuoka/ukiha,115,カフェ うえむら,カフェ,,cafe,tb,True
fukuoka/ukiha,116,Sommsand,サンドイッチ,,sweets,tb,True
fukuoka/ukiha,117,ウキハコカフェ,カフェ,,cafe,tb,True
fukuoka/ukiha,118,菓子工房ナチュール,ケーキ,,sweets,tb,True
fukuoka/ukiha,119,味楽,ラーメン,,noodles,tb,True
fukuoka/ukiha,120,焼とり 大助 浮羽店,焼き鳥、ラーメン、つけ麺,,meat,tb,True
fukuoka/ukiha,121,YES+,イタリアン、ピザ、パスタ,,european,tb,True
fukuoka/ukiha,122,叙情詩,喫茶店、バー,,cafe,tb,True
fukuoka/ukiha,123,肉のいなだ,その他、からあげ、惣菜・デリ,,meat,tb,False
fukuoka/ukiha,124,トニーズカフェ,カフェ,,cafe,tb,True
fukuoka/ukiha,125,そら豆おばんざい,レストラン、日本料理,,japanese,tb,False
fukuoka/ukiha,126,七星,うどん,,noodles,tb,True
fukuoka/ukiha,127,あけぼの 河童菓庵,和菓子,,sweets,tb,True
fukuoka/ukiha,128,豚足かっちゃん,豚料理,,other,none,False
fukuoka/ukiha,129,麗華餃子,台湾料理、中華料理、餃子,,chinese,tb,True
fukuoka/ukiha,130,鳥翔 浮羽店,からあげ,,meat,tb,True
fukuoka/ukiha,131,ブラウンシュガー,ケーキ,,sweets,tb,True
fukuoka/ukiha,132,だんだん,レストラン,,other,none,False
fukuoka/ukiha,133,ギャラリー安政,その他,,other,none,False
fukuoka/ukiha,134,正行,居酒屋,,izakaya,tb,True
fukuoka/ukiha,135,みよし,レストラン,,other,none,False
fukuoka/ukiha,136,さしみんば,海鮮丼,,seafood,tb,True
fukuoka/ukiha,137,あてんく,喫茶店,,cafe,tb,True
fukuoka/ukiha,138,みっちゃんラーメン,ラーメン,,noodles,tb,True
fukuoka/ukiha,139,うきはの山茶 新川製茶,その他,,other,none,False
fukuoka/ukiha,140,ちくご手づくり村,ラーメン、うどん、そば,,noodles,tb,True
fukuoka/ukiha,141,デクノボウ,居酒屋、食堂,,izakaya,tb,True
fukuoka/ukiha,142,Zelkova Coffeeえき,カフェ,,cafe,tb,True
fukuoka/ukiha,143,スノー アイスクリーム,ジェラート・アイスクリーム,,sweets,tb,True
fukuoka/ukiha,144,ひらり,お好み焼き、たこ焼き,,casual,tb,True
fukuoka/ukiha,145,コナミ,ラーメン、餃子、おでん,,noodles,tb,True
fukuoka/ukiha,146,Pizza&Coffee 古代,カフェ,,cafe,tb,True
fukuoka/ukiha,147,MAHORO756 CUSINE DE MAKOTO,フレンチ,,european,tb,True
fukuoka/ukiha,148,quartette,洋菓子,,sweets,tb,True
fukuoka/ukiha,149,喫菓jiji,カフェ,,cafe,tb,True
fukuoka/ukiha,150,とうふの飛太郎 浮羽店,豆腐料理,,japanese,tb,True
fukuoka/ukiha,151,居酒屋ふく,居酒屋,,izakaya,tb,True
fukuoka/ukiha,152,okatte,弁当,,casual,tb,True
fukuoka/ukiha,153,味彩,そば,,noodles,tb,True
fukuoka/ukiha,154,蔵茶房,カフェ,,cafe,tb,True
fukuoka/ukiha,155,彩どりキッチン 日和り,居酒屋,,izakaya,tb,True
fukuoka/ukiha,156,やきそば球,焼きそば、ホルモン,,noodles,tb,True
fukuoka/ukiha,157,中島農園,その他,,other,none,False
fukuoka/ukiha,158,トイカフェ,カフェ、バー,,cafe,tb,True
fukuoka/ukiha,159,鰻のぼり よしゐ,うなぎ,,seafood,tb,True
fukuoka/ukiha,160,韓国料理パンチャン,韓国料理,,chinese,tb,True
fukuoka/ukiha,161,Hygge,食堂,,casual,tb,True
fukuoka/ukiha,162,合資会社 鳥志商店,その他,,other,none,False
fukuoka/ukiha,163,居酒屋 たか乃家,居酒屋、もつ鍋、馬肉料理,,izakaya,tb,True
fukuoka/ukiha,164,大分からあげ 吉井店,からあげ、弁当,,meat,tb,True
fukuoka/ukiha,165,リンガーハット 福岡吉井店,ちゃんぽん,,noodles,tb,True
fukuoka/ukiha,166,やきにく 榮,焼肉,,meat,tb,True
fukuoka/ukiha,167,鯛焼き 新八 うきは店,たい焼き・大判焼き,,sweets,tb,True
fukuoka/ukiha,168,〆屋 正行,うどん,,noodles,tb,True
fukuoka/ukiha,169,ほっともっと 吉井町店,弁当,,casual,tb,True
fukuoka/ukiha,170,すき家 210号うきは店,牛丼,,casual,tb,True
fukuoka/ukiha,171,梶原フルーツ,その他,,other,none,False
fukuoka/ukiha,172,ミスタードーナツ ゆめマートうきはショップ,ドーナツ、洋菓子,,sweets,tb,True
fukuoka/ukiha,173,LAWSON 吉井若宮店,コンビニ・スーパー,,daily,tb,True
fukuoka/ukiha,174,かっぱ村,焼き鳥、たこ焼き,,meat,tb,True
fukuoka/ukiha,175,ちいさい呑み屋 はちぶんめ,居酒屋,,izakaya,tb,True
fukuoka/ukiha,176,千の香り,レストラン,,other,none,False
fukuoka/ukiha,177,キッチンウキハ ゆめマートうきは店,食堂、うどん,,casual,tb,True
fukuoka/ukiha,178,たこやき太郎 吉井店,たこ焼き,,casual,tb,True
fukuoka/ukiha,179,ふらの,焼き鳥,,meat,tb,True
fukuoka/ukiha,180,菓子工房　Luck,ケーキ、カフェ,,sweets,tb,True
fukuoka/ukiha,181,託望,居酒屋,,izakaya,tb,True
fukuoka/ukiha,182,やま元,食堂,,casual,tb,True
fukuoka/ukiha,183,居酒屋・田舎家,居酒屋、串焼き、鉄板焼き,,izakaya,tb,True
fukuoka/ukiha,184,串焼酒場 フロンティア,居酒屋,,izakaya,tb,True
fukuoka/ukiha,185,パンの店 スワンベーカリー,パン、喫茶店,,sweets,tb,True
fukuoka/ukiha,186,なかの家,焼き鳥,,meat,tb,True
fukuoka/ukiha,187,マクドナルド うきはバイパス店,ハンバーガー,,casual,tb,True
fukuoka/ukiha,188,そらいろ,パン、カフェ,,sweets,tb,True
fukuoka/ukiha,189,名がなきお菓子屋,スイーツ,,sweets,tb,True
fukuoka/ukiha,190,にじの耳納の里 アイス工房,ソフトクリーム、たこ焼き,,sweets,tb,True
fukuoka/ukiha,191,Pass it on,スイーツ,,sweets,tb,True
fukuoka/ukiha,192,LAMP,スイーツ,,sweets,tb,True
fukuoka/ukiha,193,シフォンケーキ専門店 nico,洋菓子,,sweets,tb,True
fukuoka/ukiha,194,サンピットバリュー 浮羽店,コンビニ・スーパー,,daily,tb,True
fukuoka/ukiha,195,ゆめマート うきは,コンビニ・スーパー,,daily,tb,True
fukuoka/ukiha,196,友舞,居酒屋,,izakaya,tb,True
fukuoka/ukiha,197,ほし居酒屋,日本料理,,japanese,tb,True
fukuoka/ukiha,198,AZcafe Shidaka 福岡うきは店,レストラン,,other,none,False
fukuoka/ukiha,199,吉井醤油,その他,,other,none,False
fukuoka/ukiha,200,居酒屋 あじ藤,居酒屋,,izakaya,tb,True
fukuoka/ukiha,201,福栄のから揚げ 吉井店,からあげ,,meat,tb,True
fukuoka/ukiha,202,Gallery&Cafe 光画堂 ギャラリーアンドカフェコウガドウ,カフェ,,cafe,tb,True
fukuoka/ukiha,203,にじの耳納の里,売店,,casual,tb,True
fukuoka/ukiha,204,焼とり吉ちゃん,焼き鳥,,meat,tb,True
fukuoka/ukiha,205,弥栄,居酒屋,,izakaya,tb,True
fukuoka/ukiha,206,石橋餅加工所,和菓子,,sweets,tb,True
fukuoka/ukiha,207,食彩倶楽部 純正,日本料理,,japanese,tb,True
fukuoka/ukiha,208,海鮮カキ焼き小屋 長崎 カキ丸,オイスターバー,,other,none,False
fukuoka/ukiha,209,きむいち うきは吉井店,その他,,other,none,False
fukuoka/ukiha,210,KU kitchen,韓国料理、弁当,,chinese,tb,True
fukuoka/ukiha,211,酢造発酵場スー,その他,,other,none,False
fukuoka/ukiha,212,うきはバレー醸造所,ビアバー,,izakaya,tb,True
fukuoka/ukiha,213,蒼,喫茶店,,cafe,tb,True
fukuoka/ukiha,214,m-lab,イタリアン、居酒屋、食堂,,european,tb,True
fukuoka/ukiha,215,カモノユキ,焼き鳥,,meat,tb,True
fukuoka/ukiha,216,以久波,喫茶店,,cafe,tb,True
fukuoka/ukiha,217,幾里人珈琲焙煎所,カフェ,,cafe,tb,True
fukuoka/ukiha,218,次女の茶屋,ティースタンド,,other,none,False
fukuoka/ukiha,219,あひるの子,喫茶店、パン、カフェ,,cafe,tb,True
fukuoka/ukiha,220,ドラッグストアモリ 浮羽店,コンビニ・スーパー,,daily,tb,True
fukuoka/ukiha,221,長尾製麺,その他,,other,none,False
fukuoka/ukiha,222,ローソン 西鉄バス浮羽発着所店,コンビニ・スーパー,,daily,tb,True
fukuoka/ukiha,223,賀茂庵,居酒屋,,izakaya,tb,True
fukuoka/ukiha,224,ともえ食堂,食堂、ホルモン、居酒屋,,casual,tb,True
fukuoka/ukiha,225,フェアフィールド バイ マリオット 福岡うきは,ホテル,,other,none,False
fukuoka/ukiha,226,やきとり二番手,焼き鳥,,meat,tb,True
fukuoka/ukiha,227,春光園,その他,,other,none,False
fukuoka/ukiha,228,すし銀,寿司,,seafood,tb,True
fukuoka/ukiha,229,やすもと,お好み焼き,,casual,tb,True
fukuoka/ukiha,230,ヨシイ ふなき,パン,,sweets,tb,True
fukuoka/ukiha,231,四季彩々凛,焼き鳥,,meat,tb,True
fukuoka/ukiha,232,しゃぶしゃぶ&BAR S,バー,,izakaya,tb,True
fukuoka/ukiha,233,やきとり小鉄,焼き鳥,,meat,tb,True
fukuoka/ukiha,234,つづら山荘,その他,,other,none,False
fukuoka/ukiha,235,ミニストップ 浮羽中千足店,コンビニ・スーパー,,daily,tb,True
fukuoka/ukiha,236,QUITICOCO  AFTER,立ち飲み,,izakaya,tb,True
fukuoka/ukiha,237,UNDER the SEA,カフェ,,cafe,tb,True
fukuoka/ukiha,238,かすり,居酒屋,,izakaya,tb,True
fukuoka/ukiha,239,ホルモンこうちゃん,焼肉,,meat,tb,True
fukuoka/ukiha,240,いち善・お食事処,レストラン,,other,none,False
fukuoka/ukiha,241,菊屋,和菓子,,sweets,tb,True
fukuoka/ukiha,242,座一番,焼き鳥、馬肉料理,,meat,tb,True
fukuoka/ukiha,243,うきは島,焼肉,,meat,tb,True
fukuoka/ukiha,244,よたた,居酒屋,,izakaya,tb,True
fukuoka/ukiha,245,金の蔵,居酒屋,,izakaya,tb,True
fukuoka/ukiha,246,焼とりあかちょうちん,焼き鳥,,meat,tb,True
fukuoka/ukiha,247,あるもん小料理 のや,日本料理,,japanese,tb,True
fukuoka/ukiha,248,居酒屋なかよしこよし,焼き鳥,,meat,tb,True
fukuoka/ukiha,249,古里,食堂,,casual,tb,True
fukuoka/ukiha,250,髙山珈琲,その他,,other,none,False
fukuoka/ukiha,251,寿し長,寿司,,seafood,tb,True
fukuoka/ukiha,252,ミスタードーナツ イズミうきはショップ,洋菓子,,sweets,tb,True
fukuoka/ukiha,253,うきは猫カフェ２８○,カフェ,,cafe,tb,True
fukuoka/ukiha,254,居酒屋せんりゅう,居酒屋,,izakaya,tb,True
fukuoka/ukiha,255,うどん,うどん、そば,,noodles,tb,True
fukuoka/ukiha,256,武蔵伝,焼き鳥,,meat,tb,True
fukuoka/ukiha,257,木の香,焼き鳥,,meat,tb,True
fukuoka/ukiha,258,ひとかふぇ,カフェ、スイーツ,,cafe,tb,True
fukuoka/ukiha,259,アジアン,レストラン,,other,none,False
fukuoka/ukiha,260,ピース デリカテッセン,洋菓子、惣菜・デリ、パン,,sweets,tb,True
fukuoka/ukiha,261,呑龍,焼き鳥,,meat,tb,True
fukuoka/ukiha,262,本氣のからあげ  うきは吉井店,からあげ,,meat,tb,True
fukuoka/ukiha,263,土の上の花,ティースタンド,,other,none,False
fukuoka/ukiha,264,Trattoria Green,,Italian;Pizza,european,ta,True
fukuoka/ukiha,265,Ibiza Smoke Restaurant,,Barbecue;European;Spanish,meat,ta,True
fukuoka/ukiha,266,Choonnotaki Koen,,Japanese;International;Japanese - Other ,japanese,ta,True
fukuoka/ukiha,267,Maboya,,Chinese;Szechuan,chinese,ta,True
fukuoka/ukiha,268,Restaurant Shozan,,,other,none,False
fukuoka/ukiha,269,Chikugotorisen,,Japanese,japanese,ta,True
fukuoka/ukiha,270,River Wild,,,other,none,False
fukuoka/ukiha,271,Relaxu,,Cafe,cafe,ta,True
fukuoka/ukiha,272,Kifune,,Japanese,japanese,ta,True
fukuoka/ukiha,273,Takumasa,,Japanese;Seafood;Sushi;Japanese - Other ,seafood,ta,True
fukuoka/ukiha,274,Eel Thousand Years House,,Japanese,japanese,ta,True
fukuoka/ukiha,275,Nekonotesha,,Cafe,cafe,ta,True
fukuoka/ukiha,276,Yoshii Tohachi,,Japanese,japanese,ta,True
fukuoka/ukiha,277,Udon Notensui,,Japanese;Japanese - Other ,japanese,ta,True
fukuoka/ukiha,278,Minou Tonsoku Sanpo,,Japanese;International;Japanese - Other ,japanese,ta,True
fukuoka/ukiha,279,Le Sucre,,,other,none,False
fukuoka/ukiha,280,Nijino Minouno Sato Shokusaikan,,International;European,european,ta,True
fukuoka/ukiha,281,Oshokujidokoro Ukiha,,Japanese;International;Japanese - Other ,japanese,ta,True
fukuoka/ukiha,282,Sakanoshita no Mise Budounotane,,Cafe,cafe,ta,True
fukuoka/ukiha,283,Restaurant Nakayoshi Koyoshi,,Japanese,japanese,ta,True
fukuoka/ukiha,284,Chuka Soba Osami,,Asian,chinese,ta,True
fukuoka/ukiha,285,Tony s Cafe,,Mexican,other,none,False
fukuoka/ukiha,286,Chikugotezukurimura,,,other,none,False
fukuoka/ukiha,287,Taiho Ramen Karintei,,,other,none,False
fukuoka/ukiha,288,Ebisu Cho Coffee,,Cafe,cafe,ta,True
fukuoka/ukiha,289,Yakitori Kichichan,,Japanese;Japanese - Other ,japanese,ta,True
fukuoka/ukiha,290,Japanese Sweet Grapes House,,,other,none,False
fukuoka/ukiha,291,Soramame,,Japanese,japanese,ta,True
fukuoka/ukiha,292,Hachizo Ukiha Yoshii,,Japanese,japanese,ta,True
fukuoka/ukiha,293,Akebono Kappa Confectionery,,,other,none,False
fukuoka/ukiha,294,Udonya Ido,,Japanese,japanese,ta,True
fukuoka/ukiha,295,Sukiya No 210 Ukiha,,,other,none,False
fukuoka/ukiha,296,Sorvete Do Ukiha,,,sweets,desc,False
fukuoka/ukiha,297,Inakadango Main Store,,,other,none,False
fukuoka/ukiha,298,Pan Kobo Miguel,,Cafe,cafe,ta,True
fukuoka/ukiha,299,Sobadokoro Gunjo,,Japanese,japanese,ta,True
fukuoka/ukiha,300,Raamen Rokudo,,,other,none,False
fukuoka/ukiha,301,Minou Books Cafe,,Cafe,cafe,ta,True
fukuoka/ukiha,302,Dan Dan,,Japanese;International;Japanese - Other ,japanese,ta,True
fukuoka/ukiha,303,Takoichiban Yume Mart Ukiha,,Japanese,japanese,ta,True
fukuoka/ukiha,304,Fuku Zushi,,Japanese;Sushi,seafood,ta,True
fukuoka/ukiha,305,Deliboy Bros Hamburger,,,other,none,False
fukuoka/ukiha,306,Yuraku,,,other,none,False
fukuoka/ukiha,307,Baan,,Japanese,japanese,ta,True
fukuoka/ukiha,308,Tsushima Kaido,,Sushi,seafood,ta,True
fukuoka/ukiha,309,Tenyawanya,,Japanese;Izakaya (Japanese Style Tavern),izakaya,ta,True
fukuoka/ukiha,310,Unagi Specialtytachibanaso,,,other,none,False
fukuoka/ukiha,311,ミスタージョージ 吉井店,,International,other,none,False
fukuoka/ukiha,312,Kompira Udon Niji,,Japanese;Japanese - Other ,japanese,ta,True
fukuoka/ukiha,313,Tavern Isokichi,,Japanese,japanese,ta,True
fukuoka/ukiha,314,Ringer Hut Fukuoka Yoshii,,,other,none,False
fukuoka/ukiha,315,Oyama Saketen,,Japanese;Izakaya (Japanese Style Tavern),izakaya,ta,True
fukuoka/ukiha,316,Futatsu no Suisei,,,other,none,False
fukuoka/ukiha,317,Torisen,,,other,none,False
fukuoka/ukiha,318,Yakitori Akachochin,,Japanese;Japanese - Other ,japanese,ta,True
fukuoka/ukiha,319,Mona Continental Bread Main Store,,,other,none,False
fukuoka/ukiha,320,Charcoal and Chicken Soba Fukutori,,Kyushu cuisine,other,none,False
fukuoka/ukiha,321,Yamame Ryori Seseragi,,Japanese,japanese,ta,True
fukuoka/ukiha,322,Yururi,,Japanese;Seafood;Sushi;Japanese - Other ,seafood,ta,True
fukuoka/ukiha,323,Izakaya Inakaya,,Japanese,japanese,ta,True
fukuoka/ukiha,324,Kamonoyuki,,Japanese;Japanese - Other ,japanese,ta,True
fukuoka/ukiha,325,Vinegar Cafe Su,,Cafe,cafe,ta,True
fukuoka/ukiha,326,Beni Ya,,Japanese;Japanese - Other ,japanese,ta,True
fukuoka/ukiha,327,Donryu,,Japanese;Japanese - Other ,japanese,ta,True
fukuoka/ukiha,328,Sushitada,,Japanese;Sushi,seafood,ta,True
fukuoka/ukiha,329,Asian,,Barbecue,meat,ta,True
fukuoka/ukiha,330,Yakitori Kotetsu,,Japanese;Japanese - Other ,japanese,ta,True
fukuoka/ukiha,331,Shunsai Bento,,Japanese,japanese,ta,True
fukuoka/ukiha,332,Sushi Nari,,Japanese;Seafood;Sushi;Japanese - Other ,seafood,ta,True
fukuoka/ukiha,333,Yakisoba Kyu,,Japanese;Japanese - Other ,japanese,ta,True
fukuoka/ukiha,334,Jazz House Quance Four,,Cafe,cafe,ta,True
fukuoka/ukiha,335,Yakitori Hikochan,,Japanese;Japanese - Other ,japanese,ta,True
fukuoka/ukiha,336,Ryuho,,,other,none,False
fukuoka/ukiha,337,Akachouchin,,Japanese,japanese,ta,True
fukuoka/ukiha,338,Chinese Dishes Fukugen Yoshii,,Chinese,chinese,ta,True
fukuoka/ukiha,339,Ichizenoshokuji Dokoro,,Japanese;International;Japanese - Other ,japanese,ta,True
fukuoka/ukiha,340,Karaoke Cafe Canary 2,,International,other,none,False
fukuoka/ukiha,341,Karaoke Cafe on Road,,International,other,none,False
fukuoka/ukiha,342,Kojio No Sato Hotaru,,Japanese,japanese,ta,True
fukuoka/ukiha,343,Kainohi,,Japanese,japanese,ta,True
fukuoka/ukiha,344,Nagasaki Kakimaru,,Seafood,seafood,ta,True
fukuoka/ukiha,345,Mori No Ie Ongakukan,,,other,none,False
fukuoka/ukiha,346,Moon Beams,,Bar;Cafe;Pub,cafe,ta,True
fukuoka/ukiha,347,Yakitori Takajin Yoshii,,Japanese,japanese,ta,True
fukuoka/ukiha,348,Wa Wa Wa Tabetei,,Japanese,japanese,ta,True
fukuoka/ukiha,349,Retiro Queue,,Cafe,cafe,ta,True
fukuoka/ukiha,350,Snack Maon,,,other,none,False
fukuoka/ukiha,351,Kaisen Roudo Yoshii,,Japanese;Seafood;Sushi;Japanese - Other ,seafood,ta,True
fukuoka/ukiha,352,Kan,,Japanese;Seafood;Grill,seafood,ta,True
fukuoka/ukiha,353,Sushi Cho,,Japanese;Seafood;Sushi;Japanese - Other ,seafood,ta,True
fukuoka/ukiha,354,Hiyoshi,,Japanese,japanese,ta,True
fukuoka/ukiha,355,Yakiniku No Kawahara Yoshii,,Barbecue,meat,ta,True
fukuoka/ukiha,356,Sushitomi,,Japanese;Seafood;Sushi;Japanese - Other ,seafood,ta,True
fukuoka/ukiha,357,Miyoshi,,Seafood,seafood,ta,True
fukuoka/ukiha,358,Hormone Kouchan,,Barbecue,meat,ta,True
fukuoka/ukiha,359,Musashi Den,,Japanese;Japanese - Other ,japanese,ta,True
fukuoka/ukiha,360,Sushi Gin,,Japanese;Seafood;Sushi;Japanese - Other ,seafood,ta,True
fukuoka/ukiha,361,Nagaiwa No Sato Musubi,,Healthy,other,none,False
fukuoka/ukiha,362,Yakitori Masutaro,,Japanese,japanese,ta,True
fukuoka/ukiha,363,Yasumoto,,Japanese;Japanese - Other ,japanese,ta,True
fukuoka/ukiha,364,Udon Fudoan,,Japanese,japanese,ta,True
fukuoka/ukiha,365,Dining Sainohana,,Japanese;Izakaya (Japanese Style Tavern),izakaya,ta,True
fukuoka/ukiha,366,Izakaya Yuu,,Japanese;Izakaya (Japanese Style Tavern),izakaya,ta,True
fukuoka/ukiha,367,Rinsantei,,,other,none,False
fukuoka/ukiha,368,Izakaya Hana,,Japanese;Izakaya (Japanese Style Tavern),izakaya,ta,True
fukuoka/ukiha,369,Ebisu,,Izakaya (Japanese Style Tavern),izakaya,ta,True
fukuoka/ukiha,370,Kamoan,,Japanese;Izakaya (Japanese Style Tavern),izakaya,ta,True
fukuoka/ukiha,371,Kasuri,,Japanese;Izakaya (Japanese Style Tavern),izakaya,ta,True
fukuoka/ukiha,372,Sometime,,,other,none,False
fukuoka/ukiha,373,Aji No Manpuku,,Japanese;International;Japanese - Other ,japanese,ta,True
fukuoka/ukiha,374,Oshokuji Dokoro Hana Mizuki,,Japanese - Other ,japanese,ta,True
fukuoka/ukiha,375,Koryori Waka,,Japanese,japanese,ta,True
fukuoka/ukiha,376,Drive In 210Gosen,,Japanese;International;Japanese - Other ,japanese,ta,True
fukuoka/ukiha,377,Dream Koubou,,Japanese,japanese,ta,True
fukuoka/ukiha,378,Menya Kobayashi,,Japanese,japanese,ta,True
fukuoka/ukiha,379,Ajidokoro Tsukiji,,Japanese;Japanese - Other ,japanese,ta,True
fukuoka/ukiha,380,Cafe Karaoke La Mule,,International,other,none,False
fukuoka/ukiha,381,Ajisai,,Japanese,japanese,ta,True
fukuoka/ukiha,382,Nagomi,,Japanese;Japanese - Traditional Cuisine;Kaiseki,japanese,ta,True
fukuoka/ukiha,383,Masakarian,,Japanese,japanese,ta,True
fukuoka/ukiha,384,Sui,,Fusion,other,none,False
fukuoka/ukiha,385,Furusato,,Japanese;International;Japanese - Other ,japanese,ta,True
fukuoka/ukiha,386,Poppo Uncle of Oita Fried Chicken Yoshii,,Fast Food,casual,ta,True
fukuoka/ukiha,387,Michikusa,,Japanese;Japanese - Other ,japanese,ta,True
fukuoka/ukiha,388,Shigeyoshi,,Japanese,japanese,ta,True
fukuoka/ukiha,389,Junsei Shokusai Club,,Japanese;Japanese - Traditional Cuisine,japanese,ta,True
fukuoka/ukiha,390,Incense Tree,,Japanese,japanese,ta,True
fukuoka/ukiha,391,Karaoke Enju,,International,other,none,False
fukuoka/ukiha,392,Karaoke Sakura,,International,other,none,False
fukuoka/ukiha,393,Karin,,International,other,none,False
fukuoka/ukiha,394,Za Ichiban,,Japanese,japanese,ta,True
fukuoka/ukiha,395,Dozo,,Japanese,japanese,ta,True
fukuoka/ukiha,396,Bebe,,Fusion,other,none,False
fukuoka/ukiha,397,Kin No Kura,,Japanese,japanese,ta,True
fukuoka/ukiha,398,Bumbuku Chaya,,Japanese,japanese,ta,True
fukuoka/ukiha,399,Kudara Yoshii,,Korean,chinese,ta,True
fukuoka/ukiha,400,Yaokiken,,,other,none,False
fukuoka/ukiha,401,Star 12,,,other,none,False
fukuoka/ukiha,402,Izakaya Sampo,,Pub,izakaya,ta,True
fukuoka/ukiha,403,Kikuya Confectionery,,,other,none,False
fukuoka/ukiha,404,Iyasaka,,,other,none,False
fukuoka/ukiha,405,Yakitori Imoshan,,,other,none,False
fukuoka/ukiha,406,Soup Curry Specialty Zen,,,other,none,False
fukuoka/ukiha,407,Homemade Bread Juku,,,other,none,False
fukuoka/ukiha,408,Nakayashiki,,,other,none,False
fukuoka/ukiha,409,Micchan,,,other,none,False
fukuoka/ukiha,410,Cafe Bal Tamali,,,other,none,False
fukuoka/ukiha,411,Sharikiya,,,other,none,False
fukuoka/ukiha,412,Yakiniku Sakae,,,other,none,False
fukuoka/ukiha,413,Masayuki,,,other,none,False
fukuoka/ukiha,414,Fugetsu Dou,,,other,none,False
fukuoka/ukiha,415,Kiyomuneya Pastry,,,other,none,False
fukuoka/ukiha,416,S Over Teat,,,other,none,False
fukuoka/ukiha,417,Kikusui Chaya,,,other,none,False
fukuoka/ukiha,418,Agukafe Set,,,other,none,False
fukuoka/umi,1,La Festa,パスタ、イタリアン、ピザ,,european,tb,True
fukuoka/umi,2,煮干しのビリー,ラーメン,,noodles,tb,True
fukuoka/umi,3,竜宮の鯖,海鮮、海鮮丼、食堂,,seafood,tb,True
fukuoka/umi,4,麺屋 だいくう,ラーメン,,noodles,tb,True
fukuoka/umi,5,しょうけそば 竹亭,そば,,noodles,tb,True
fukuoka/umi,6,とり焼肉 カルビ家,焼肉,,meat,tb,True
fukuoka/umi,7,ラーメン新蔵,ラーメン,,noodles,tb,True
fukuoka/umi,8,そば処 松本,そば,,noodles,tb,True
fukuoka/umi,9,HAYASHI,洋食、ハンバーグ,,european,tb,True
fukuoka/umi,10,季のせ,和菓子,,sweets,tb,True
fukuoka/umi,11,食事処 ファイン・クック こと,食堂,,casual,tb,True
fukuoka/umi,12,中華料理 福源,中華料理、台湾料理,,chinese,tb,True
fukuoka/umi,13,信樂食堂,食堂,,casual,tb,True
fukuoka/umi,14,駒や 総本店,ラーメン,,noodles,tb,True
fukuoka/umi,15,こやすもち,和菓子,,sweets,tb,True
fukuoka/umi,16,宝龍,ラーメン、ちゃんぽん、焼きそば,,noodles,tb,True
fukuoka/umi,17,えぞっ子 宇美店,ラーメン,,noodles,tb,True
fukuoka/umi,18,けんた,お好み焼き、焼きそば,,casual,tb,True
fukuoka/umi,19,鯛笑 宇美八幡宮店,たい焼き・大判焼き,,sweets,tb,True
fukuoka/umi,20,gringrin宇美,ハンバーガー,,casual,tb,True
fukuoka/umi,21,福龍ラーメン,ラーメン,,noodles,tb,True
fukuoka/umi,22,NADO,カレー,,curry,tb,True
fukuoka/umi,23,TSUKINI,かき氷,,sweets,tb,True
fukuoka/umi,24,Luna soft,ソフトクリーム,,sweets,tb,True
fukuoka/umi,25,万里,ラーメン、居酒屋,,noodles,tb,True
fukuoka/umi,26,ケイズ,カフェ、サンドイッチ,,cafe,tb,True
fukuoka/umi,27,パティスリーF,ケーキ,,sweets,tb,True
fukuoka/umi,28,茶房 うみはち,カフェ,,cafe,tb,True
fukuoka/umi,29,アンアン,レストラン、ラーメン、ちゃんぽん,,noodles,tb,False
fukuoka/umi,30,ヨシュア ツリー,パン,,sweets,tb,True
fukuoka/umi,31,和処 月歩,日本料理,,japanese,tb,True
fukuoka/umi,32,パン・ファースト,パン,,sweets,tb,True
fukuoka/umi,33,SMILE LABO,カレー,,curry,tb,True
fukuoka/umi,34,咲々園,焼肉,,meat,tb,True
fukuoka/umi,35,ニコッツカフェ,カフェ,,cafe,tb,True
fukuoka/umi,36,ホイアン飲食店,ベトナム料理,,chinese,tb,True
fukuoka/umi,37,ちょこっとYORIMICHI,パン,,sweets,tb,True
fukuoka/umi,38,ウエスト 宇美店,うどん、そば、おでん,,noodles,tb,True
fukuoka/umi,39,サンヴィバン,イタリアン,,european,tb,True
fukuoka/umi,40,やきとり鳥石,焼き鳥、居酒屋,,meat,tb,True
fukuoka/umi,41,ほかほか弁当 宇美店,弁当,,casual,tb,True
fukuoka/umi,42,おのちゃん,居酒屋,,izakaya,tb,True
fukuoka/umi,43,酔R処,居酒屋,,izakaya,tb,True
fukuoka/umi,44,PLUS 宇美店,カフェ,,cafe,tb,True
fukuoka/umi,45,ジョイフル 宇美店,ファミレス,,casual,tb,True
fukuoka/umi,46,ぎんが倶楽部,カフェ,,cafe,tb,True
fukuoka/umi,47,小林酒造,日本酒バー,,izakaya,tb,True
fukuoka/umi,48,山下商店,たこ焼き,,casual,tb,True
fukuoka/umi,49,焼き鳥いちかばちか,焼き鳥、居酒屋、カレー,,meat,tb,True
fukuoka/umi,50,焼とり大将,焼き鳥,,meat,tb,True
fukuoka/umi,51,庄屋 宇美店,海鮮、そば、天ぷら,,seafood,tb,True
fukuoka/umi,52,どんどん亭 宇美店,お好み焼き、焼きそば、鉄板焼き,,casual,tb,True
fukuoka/umi,53,やきとり大助,焼き鳥,,meat,tb,True
fukuoka/umi,54,お弁当のひので屋 宇美店,弁当、からあげ,,casual,tb,True
fukuoka/umi,55,KARMA 宇美町店,インドカレー,,curry,tb,True
fukuoka/umi,56,焼肉さく,焼肉,,meat,tb,True
fukuoka/umi,57,corie料理店,ビュッフェ,,casual,tb,True
fukuoka/umi,58,ケーキラボラトリーリリアン,ケーキ,,sweets,tb,True
fukuoka/umi,59,想夫恋 宇美店,焼きそば、弁当、餃子,,noodles,tb,True
fukuoka/umi,60,ビッグベアーズ 宇美店,ピザ,,european,tb,True
fukuoka/umi,61,ピザポケット 宇美店,ピザ,,european,tb,True
fukuoka/umi,62,筑前茶屋,そば、うどん,,noodles,tb,True
fukuoka/umi,63,循環レストラン のあ,オーガニック、食堂、野菜料理,,casual,tb,False
fukuoka/umi,64,スーパーセンタートライアル 宇美店,コンビニ・スーパー,,daily,tb,True
fukuoka/umi,65,CAKE+ 8がつ8にち,ケーキ、洋菓子,,sweets,tb,True
fukuoka/umi,66,菓房 野乃香,和菓子,,sweets,tb,True
fukuoka/umi,67,橋本鮮魚,弁当、寿司、海鮮,,casual,tb,True
fukuoka/umi,68,ねこねこパン,パン,,sweets,tb,True
fukuoka/umi,69,ほっともっと 宇美町店,弁当,,casual,tb,True
fukuoka/umi,70,ほっともっと 宇美東店,弁当,,casual,tb,True
fukuoka/umi,71,メゾン ド リリアン 宇美八幡宮前店,ケーキ,,sweets,tb,True
fukuoka/umi,72,とよ唐亭 宇美店,からあげ、弁当,,meat,tb,True
fukuoka/umi,73,福庄中華料理,中華料理,,chinese,tb,True
fukuoka/umi,74,ダイレックス 宇美店,コンビニ・スーパー,,daily,tb,True
fukuoka/umi,75,やき鳥炭焼本陣,焼き鳥,,meat,tb,True
fukuoka/umi,76,マルト醤油,その他,,other,none,False
fukuoka/umi,77,宅配専門 玄海ざんまい 粕屋宇美店,寿司,,seafood,tb,True
fukuoka/umi,78,すえつぐ,レストラン,,other,none,False
fukuoka/umi,79,寿し豊,寿司,,seafood,tb,True
fukuoka/umi,80,高砂味噌,その他,,other,none,False
fukuoka/umi,81,アルゾ 宇美店,コンビニ・スーパー,,daily,tb,True
fukuoka/umi,82,さとちゃん珈琲,その他,,other,none,False
fukuoka/umi,83,カーサ チョコ,クレープ・ガレット,,sweets,tb,True
fukuoka/umi,84,スナックはな,バー,,izakaya,tb,True
fukuoka/umi,85,アイライズ工房,和菓子、大福,,sweets,tb,True
fukuoka/umi,86,酔家,居酒屋,,izakaya,tb,True
fukuoka/umi,87,Yay,カフェ,,cafe,tb,True
fukuoka/umi,88,不二家 宇美店,,,other,none,False
fukuoka/umi,89,Sapporo Ramen Ezokko Umi,,Asian,chinese,ta,True
fukuoka/umi,90,Hakata Meizen,,Asian,chinese,ta,True
fukuoka/umi,91,Joyfull,,International,other,none,False
fukuoka/umi,92,Horyu,,,other,none,False
fukuoka/umi,93,West Umi,,Barbecue,meat,ta,True
fukuoka/umi,94,Ramen Shinzo,,,other,none,False
fukuoka/umi,95,Senryu Ramen,,,other,none,False
fukuoka/umi,96,Umihachiman Chaya,,,other,none,False
fukuoka/umi,97,Croquette Club Umi,,International,other,none,False
fukuoka/umi,98,Mammaru Maruchan,,Izakaya (Japanese Style Tavern),izakaya,ta,True
fukuoka/umi,99,Martin Umi Machi,,Asian,chinese,ta,True
fukuoka/umi,100,Sushi Yoshi,,Japanese;Sushi,seafood,ta,True
fukuoka/umi,101,Purnima,,Indian,curry,ta,True
fukuoka/umi,102,Sammikaku,,Chinese,chinese,ta,True
fukuoka/umi,103,Yu Yu Tei,,International,other,none,False
fukuoka/umi,104,Gochiso Ya Yori Dokoro,,Japanese;Izakaya (Japanese Style Tavern),izakaya,ta,True
fukuoka/umi,105,West Umitempura Corner,,Japanese;Japanese - Other ,japanese,ta,True
fukuoka/umi,106,Wadokoro Geppo,,Japanese,japanese,ta,True
fukuoka/umi,107,Wakasugiyama Umi,,Japanese,japanese,ta,True
fukuoka/umi,108,Yamachan Shokudo,,Japanese;International;Japanese - Other ,japanese,ta,True
fukuoka/umi,109,Den En,,Cafe,cafe,ta,True
fukuoka/umi,110,Ajihiro,,Japanese,japanese,ta,True
fukuoka/umi,111,Texas Longhorn Fukuoka,,,other,none,False
fukuoka/umi,112,Shichifukutei,,,other,none,False
fukuoka/umi,113,Fukuichi,,Japanese,japanese,ta,True
fukuoka/umi,114,Izakaya Gansho,,Japanese,japanese,ta,True
fukuoka/umi,115,Yakitori Zen,,Japanese,japanese,ta,True
fukuoka/umi,116,Sushitoyo,,Japanese;Seafood;Sushi;Japanese - Other ,seafood,ta,True
fukuoka/umi,117,Shinzushi,,Japanese;Seafood;Sushi;Japanese - Other ,seafood,ta,True
fukuoka/umi,118,Rakki,,Japanese,japanese,ta,True
fukuoka/umi,119,Marufune Umi,,Japanese,japanese,ta,True
fukuoka/umi,120,Dommakku Umi,,,other,none,False
fukuoka/umi,121,Dining Bar Miki No Ie,,,other,none,False
fukuoka/umi,122,Karaageya,,,other,none,False
fukuoka/umi,123,Cafe Restaurant First,,,other,none,False
fukuoka/umi,124,Exposure,,,other,none,False
fukuoka/umi,125,Chidoriya Umi,,,other,none,False
fukuoka/umi,126,Pop Art,,,other,none,False
fukuoka/umi,127,Yakitori Bar Danran,,,other,none,False
fukuoka/umi,128,Ajisai,,,other,none,False
fukuoka/yame,1,もつ蔵,もつ鍋,,meat,tb,True
fukuoka/yame,2,和風居酒屋 かすがひ,居酒屋,,izakaya,tb,True
fukuoka/yame,3,猫ダイニングＡ・caT,ダイニングバー、バル、居酒屋,,izakaya,tb,True
fukuoka/yame,4,炉ばた 楽助,居酒屋、海鮮,,izakaya,tb,True
fukuoka/yame,5,原始焼き酒場 ととり,居酒屋、焼き鳥、海鮮,,izakaya,tb,True
fukuoka/yame,6,虎のこ,韓国料理、冷麺、焼肉,,chinese,tb,True
fukuoka/yame,7,焼肉 龍王館 八女店,焼肉、居酒屋、韓国料理,,meat,tb,True
fukuoka/yame,8,黒豚屋,しゃぶしゃぶ、豚しゃぶ、居酒屋,,meat,tb,True
fukuoka/yame,9,ルアン 風の 八女福島,フレンチ、レストラン,,european,tb,True
fukuoka/yame,10,黒毛和牛と生牛タンが旨い店 焼肉炙家 八女店,焼肉、韓国料理、居酒屋,,meat,tb,True
fukuoka/yame,11,和流みうら,日本料理,,japanese,tb,True
fukuoka/yame,12,仙人掌,居酒屋,,izakaya,tb,True
fukuoka/yame,13,DOMUS YAME,イタリアン、パスタ、ピザ,,european,tb,True
fukuoka/yame,14,酒肴 さか田,居酒屋、焼き鳥,,izakaya,tb,True
fukuoka/yame,15,とんかつ　森弘,とんかつ,,meat,tb,True
fukuoka/yame,16,坂口酒店,居酒屋,,izakaya,tb,True
fukuoka/yame,17,山海関,居酒屋,,izakaya,tb,True
fukuoka/yame,18,花うさぎ,居酒屋,,izakaya,tb,True
fukuoka/yame,19,野田製菓,和菓子,,sweets,tb,True
fukuoka/yame,20,おなかすいた,惣菜・デリ,,casual,tb,True
fukuoka/yame,21,星の村カフェ&ジムSora,カフェ,,cafe,tb,True
fukuoka/yame,22,ミニストップ 八女鈍土羅店,コンビニ・スーパー,,daily,tb,True
fukuoka/yame,23,そば季里　史蔵,そば,,noodles,tb,True
fukuoka/yame,24,オクノ食堂,弁当,,casual,tb,True
fukuoka/yame,25,奥八女ジビエ食肉センターくろ木,その他,,other,none,False
fukuoka/yame,26,il. cafe&ristorante,ジビエ料理,,other,none,False
fukuoka/yame,27,ほたる茶屋,和菓子,,sweets,tb,True
fukuoka/yame,28,らんぷてい,洋食、カレー,,european,tb,True
fukuoka/yame,29,かぶと万十 津ノ江店,たい焼き・大判焼き,,sweets,tb,True
fukuoka/yame,30,だるまラーメン,ラーメン、その他,,noodles,tb,True
fukuoka/yame,31,うまかもん本舗 志むろ,弁当,,casual,tb,True
fukuoka/yame,32,GALA&DISH,ビアホール,,other,none,False
fukuoka/yame,33,UNOIKE's Green Cafe～和～,カフェ、ソフトクリーム,,cafe,tb,True
fukuoka/yame,34,kumu,カフェ,,cafe,tb,True
fukuoka/yame,35,ステーキダイニング 檜,ステーキ,,meat,tb,True
fukuoka/yame,36,まんてん,肉まん,,other,none,False
fukuoka/yame,37,いりえ茶園,その他,,other,none,False
fukuoka/yame,38,山の民 つづら,鳥料理、郷土料理,,japanese,tb,False
fukuoka/yame,39,江崎食品,その他,,other,none,False
fukuoka/yame,40,鳥金精肉店,惣菜・デリ,,casual,tb,True
fukuoka/yame,41,古賀金酒場,居酒屋,,izakaya,tb,True
fukuoka/yame,42,たにがわ亭,肉料理,,meat,tb,True
fukuoka/yame,43,アトリエ&カフェ果実,カフェ,,cafe,tb,True
fukuoka/yame,44,居酒屋ムロ,居酒屋,,izakaya,tb,True
fukuoka/yame,45,かくれ庵,麺類,,noodles,tb,True
fukuoka/yame,46,らーめん屋 天照 八女ゆめタウン店,ラーメン,,noodles,tb,True
fukuoka/yame,47,本町大衆酒場 鴻臚,居酒屋、中華料理、海鮮,,izakaya,tb,True
fukuoka/yame,48,立花精肉,その他,,other,none,False
fukuoka/yame,49,旬彩割烹なかむら,日本料理、寿司,,japanese,tb,True
fukuoka/yame,50,ASTRA CAFE & LIBRARY,カフェ、喫茶店,,cafe,tb,True
fukuoka/yame,51,中村屋,和菓子,,sweets,tb,True
fukuoka/yame,52,サンタカフェベーカリー,パン、ケーキ、カフェ,,sweets,tb,True
fukuoka/yame,53,ECRU,カフェ,,cafe,tb,True
fukuoka/yame,54,華さん食堂 八女店,日本料理,,japanese,tb,True
fukuoka/yame,55,蒼とねじ⁡,喫茶店,,cafe,tb,True
fukuoka/yame,56,海鮮処 まるみつ,海鮮、食堂,,seafood,tb,True
fukuoka/yame,57,オアシス神,居酒屋,,izakaya,tb,True
fukuoka/yame,58,らく田屋食堂,居酒屋,,izakaya,tb,True
fukuoka/yame,59,NhaConMeo,その他,,other,none,False
fukuoka/yame,60,Soba Dokoro Nakashima,,,other,none,False
fukuoka/yame,61,Restaurant Clairetulle,,Japanese,japanese,ta,True
fukuoka/yame,62,Sobakirhi Fumikura,,Japanese,japanese,ta,True
fukuoka/yame,63,Fumichan no Misoshiruyasan,,Japanese;Japanese - Other ,japanese,ta,True
fukuoka/yame,64,Beef Tei,,,other,none,False
fukuoka/yame,65,Yamecha Cafe Bumbuku,,Cafe,cafe,ta,True
fukuoka/yame,66,Hideya Yame,,,other,none,False
fukuoka/yame,67,Yamano Tami Tsuzura,,Japanese,japanese,ta,True
fukuoka/yame,68,Anata no Kokoro wo Washizukami,,Japanese;Street Food,japanese,ta,True
fukuoka/yame,69,Mr George Yame Inter,,International;Fusion,other,none,False
fukuoka/yanagawa,1,居酒屋 楽園 柳川,居酒屋、ダイニングバー、焼肉,,izakaya,tb,True
fukuoka/yanagawa,2,にの家 柳川店,居酒屋、焼き鳥、もつ鍋,,izakaya,tb,True
fukuoka/yanagawa,3,炭火 月兎,居酒屋、焼き鳥,,izakaya,tb,True
fukuoka/yanagawa,4,はなの舞 柳川駅東口店,居酒屋、海鮮、寿司,,izakaya,tb,True
fukuoka/yanagawa,5,焼肉恩匠 柳川店,焼肉、ホルモン、居酒屋,,meat,tb,True
fukuoka/yanagawa,6,炭火焼肉 山頂,焼肉、居酒屋、韓国料理,,meat,tb,True
fukuoka/yanagawa,7,兎月,居酒屋,,izakaya,tb,True
fukuoka/yanagawa,8,SHIVA SHAKTI,インドカレー、インド料理、ネパール料理,,curry,tb,True
fukuoka/yanagawa,9,焼肉龍王館 柳川店,焼肉、居酒屋、韓国料理,,meat,tb,True
fukuoka/yanagawa,10,福泉操,居酒屋、うなぎ,,izakaya,tb,True
fukuoka/yanagawa,11,焼肉笑家 柳川店,焼肉,,meat,tb,True
fukuoka/yanagawa,12,居酒屋 しんせい,居酒屋,,izakaya,tb,True
fukuoka/yanagawa,13,とりや 大和,居酒屋、焼き鳥、鳥料理,,izakaya,tb,True
fukuoka/yanagawa,14,タナカハン,焼き鳥,,meat,tb,True
fukuoka/yanagawa,15,日の出屋,うなぎ,,seafood,tb,True
fukuoka/yanagawa,16,天祐丸,日本料理、寿司,,japanese,tb,True
fukuoka/yanagawa,17,肉娘 あんころ,焼肉,,meat,tb,True
fukuoka/yanagawa,18,藤屋食堂,食堂,,casual,tb,True
fukuoka/yanagawa,19,昭和飯店,中華料理,,chinese,tb,True
fukuoka/yanagawa,20,回転焼 柳 cafe＆dining,カフェ,,cafe,tb,True
fukuoka/yanagawa,21,ブル ハウス,創作料理、ワインバー,,japanese,tb,True
fukuoka/yanagawa,22,ポム ポム カフェ,カフェ、スイーツ、タピオカ,,cafe,tb,True
fukuoka/yanagawa,23,沖端庵,うなぎ,,seafood,tb,True
fukuoka/yanagawa,24,かるど。,ハンバーグ,,meat,tb,True
fukuoka/yanagawa,25,居酒屋 マンマみつこ,居酒屋,,izakaya,tb,True
fukuoka/yanagawa,26,ムトー商店,カフェ、洋菓子、ジェラート・アイスクリーム,,cafe,tb,True
fukuoka/yanagawa,27,豚骨ラーメン 一田,ラーメン,,noodles,tb,True
fukuoka/yanagawa,28,焼肉　美腹,焼肉,,meat,tb,True
fukuoka/yanagawa,29,大福寿司,寿司、うなぎ,,seafood,tb,True
fukuoka/yanagawa,30,かわいち,居酒屋,,izakaya,tb,True
fukuoka/yanagawa,31,あうんカフェ,カフェ,,cafe,tb,True
fukuoka/yanagawa,32,Caffè Panda,カフェ,,cafe,tb,True
fukuoka/yanagawa,33,リンガーハット 福岡柳川店,ちゃんぽん,,noodles,tb,True
fukuoka/yanagawa,34,大津屋,食堂、ラーメン,,casual,tb,True
fukuoka/yanagawa,35,吉志乃,日本料理,,japanese,tb,True
fukuoka/yanagawa,36,深夜食堂,食堂,,casual,tb,True
fukuoka/yanagawa,37,大福会館,日本料理,,japanese,tb,True
fukuoka/yanagawa,38,坂田屋,和菓子,,sweets,tb,True
fukuoka/yanagawa,39,末広寿し,寿司,,seafood,tb,True
fukuoka/yanagawa,40,モグモグ,お好み焼き、たこ焼き,,casual,tb,True
fukuoka/yanagawa,41,久留米ラーメン清陽軒 ゆめモール柳川店,ラーメン,,noodles,tb,True
fukuoka/yanagawa,42,セブンイレブン 柳川高校前店,コンビニ・スーパー,,daily,tb,True
fukuoka/yanagawa,43,リバーフロー,カフェ、サンドイッチ,,cafe,tb,True
fukuoka/yanagawa,44,とまとハウス,レストラン,,other,none,False
fukuoka/yanagawa,45,島田酒店,その他,,other,none,False
fukuoka/yanagawa,46,古賀天ぷら屋,弁当、揚げ物、コロッケ,,casual,tb,True
fukuoka/yanagawa,47,焼とりつつみ,焼き鳥,,meat,tb,True
fukuoka/yanagawa,48,酒蔵の宴,居酒屋,,izakaya,tb,True
fukuoka/yanagawa,49,創作料理　旬月,日本料理、寿司、天ぷら,,japanese,tb,True
fukuoka/yanagawa,50,かねこ屋,惣菜・デリ,,casual,tb,True
fukuoka/yanagawa,51,京町洋風食堂 テロン,洋食,,european,tb,True
fukuoka/yanagawa,52,一輪,フレンチ、洋食,,european,tb,True
fukuoka/yanagawa,53,びっくり焼き亭,食堂,,casual,tb,True
fukuoka/yanagawa,54,やながわバル 京町総本店,立ち飲み、ダイニングバー、居酒屋,,izakaya,tb,True
fukuoka/yanagawa,55,松ちゃん,ラーメン,,noodles,tb,True
fukuoka/yanagawa,56,SUZU,日本料理、うなぎ,,japanese,tb,True
fukuoka/yanagawa,57,八蔵 ゆめモール柳川店,居酒屋、焼き鳥、海鮮,,izakaya,tb,True
fukuoka/yanagawa,58,ローソン 柳川上宮永店,コンビニ・スーパー,,daily,tb,True
fukuoka/yanagawa,59,居酒屋 絆,居酒屋,,izakaya,tb,True
fukuoka/yanagawa,60,Wakamatsuya,,Japanese,japanese,ta,True
fukuoka/yanagawa,61,Ganso Motoyoshiya,,Japanese;Asian,chinese,ta,True
fukuoka/yanagawa,62,Yoakejaya,,Japanese;Seafood;Sushi;Healthy;Kyushu cuisine,seafood,ta,True
fukuoka/yanagawa,63,Ohana,,Japanese;Japanese - Other ,japanese,ta,True
fukuoka/yanagawa,64,Tachibana Udon,,Japanese;Japanese - Other ,japanese,ta,True
fukuoka/yanagawa,65,Koren,,Japanese,japanese,ta,True
fukuoka/yanagawa,66,Yamadaya,,Japanese,japanese,ta,True
fukuoka/yanagawa,67,Folk Crafts Teahouse Rokki,,Seafood,seafood,ta,True
fukuoka/yanagawa,68,Saffron,,Japanese,japanese,ta,True
fukuoka/yoshitomi,1,麺処くらや 吉富店,うどん、そば,,noodles,tb,True
fukuoka/yoshitomi,2,AJITO,カフェ、パスタ,,cafe,tb,True
fukuoka/yoshitomi,3,やきたて工房 ちるぱん,パン,,sweets,tb,True
fukuoka/yoshitomi,4,焼肉　和,焼肉,,meat,tb,True
fukuoka/yoshitomi,5,cyeri room,カフェ,,cafe,tb,True
fukuoka/yoshitomi,6,すし亭一眞,寿司,,seafood,tb,True
fukuoka/yoshitomi,7,かくれが酒場いちまるさん,居酒屋,,izakaya,tb,True
fukuoka/yoshitomi,8,みむら,弁当,,casual,tb,True
fukuoka/yoshitomi,9,月ノ韻,日本料理,,japanese,tb,True
fukuoka/yoshitomi,10,かくれんぼ,レストラン,,other,none,False
fukuoka/yoshitomi,11,side dish garden HALO,からあげ、弁当,,meat,tb,True
fukuoka/yoshitomi,12,梅さん珈琲,コーヒースタンド,,cafe,tb,True
fukuoka/yoshitomi,13,からあげ太郎,からあげ,,meat,tb,True
fukuoka/yoshitomi,14,JA福岡京築 築東地区ふれあい市,その他,,other,none,False
fukuoka/yoshitomi,15,若山物産,その他,,other,none,False
fukuoka/yoshitomi,16,天山,食堂,,casual,tb,True
fukuoka/yoshitomi,17,銀杏の木,食堂,,casual,tb,True
fukuoka/yoshitomi,18,ドーゾ カフェ,カフェ、たこ焼き、たい焼き・大判焼き,,cafe,tb,True
fukuoka/yoshitomi,19,麺処 博多らぁ麺と明太子 のお店,ラーメン,,noodles,tb,True
fukuoka/yoshitomi,20,南水産,その他,,other,none,False
fukuoka/yoshitomi,21,牛もつ鍋 よし藤 吉富町店,もつ鍋,,meat,tb,True
fukuoka/yoshitomi,22,スーパー川食 吉富店,コンビニ・スーパー,,daily,tb,True
fukuoka/yoshitomi,23,川食  吉富店,その他,,other,none,False
fukuoka/yoshitomi,24,AZcafe Shidaka 福岡吉富店,レストラン,,other,none,False
fukuoka/yoshitomi,25,crumu,クレープ・ガレット,,sweets,tb,True
fukuoka/yoshitomi,26,セブンイレブン 福岡吉富店,コンビニ・スーパー,,daily,tb,True
fukuoka/yoshitomi,27,パンデピス,ケーキ、洋菓子,,sweets,tb,True
fukuoka/yoshitomi,28,アンドカフェ,カフェ、ケーキ,,cafe,tb,True
fukuoka/yoshitomi,29,Kurumachaya,,Steakhouse;Fusion,meat,ta,True
fukuoka/yoshitomi,30,Men Dokoro Kuraya,,Japanese;Japanese - Other ,japanese,ta,True
fukuoka/yoshitomi,31,Waraku Do,,,other,none,False
fukuoka/yoshitomi,32,Aire Cafe,,International,other,none,False
fukuoka/yoshitomi,33,Yukichi Chaya,,,other,none,False
fukuoka/yoshitomi,34,Okuie Sushi,,Japanese;Sushi,seafood,ta,True
fukuoka/yoshitomi,35,And Cafe,,Cafe,cafe,ta,True
fukuoka/yukuhashi,1,や台ずし 行橋駅前町,居酒屋、寿司、海鮮,,izakaya,tb,True
fukuoka/yukuhashi,2,牛角 行橋店,焼肉、韓国料理、居酒屋,,meat,tb,True
fukuoka/yukuhashi,3,焼肉 とり将軍 行橋店,焼肉、居酒屋、からあげ,,meat,tb,True
fukuoka/yukuhashi,4,ナマステタージマハル ゆめタウン行橋店,インド料理,,curry,tb,True
fukuoka/yukuhashi,5,bagzy van zyl,ダイニングバー、ビストロ,,izakaya,tb,True
fukuoka/yukuhashi,6,和処 つち谷,日本料理、海鮮,,japanese,tb,True
fukuoka/yukuhashi,7,ピッツェリア ダ ジョルジオ,ピザ,,european,tb,True
fukuoka/yukuhashi,8,炙り処 晴屋,焼肉、韓国料理、居酒屋,,meat,tb,True
fukuoka/yukuhashi,9,成,居酒屋,,izakaya,tb,True
fukuoka/yukuhashi,10,一椿 行橋店,日本料理、ふぐ,,japanese,tb,True
fukuoka/yukuhashi,11,むくのほん,日本料理、海鮮,,japanese,tb,True
fukuoka/yukuhashi,12,楽食家 膳,居酒屋,,izakaya,tb,True
fukuoka/yukuhashi,13,ぶんぶく茶屋 行橋店,焼き鳥、居酒屋、もつ鍋,,meat,tb,True
fukuoka/yukuhashi,14,深夜食堂 さよ,居酒屋,,izakaya,tb,True
fukuoka/yukuhashi,15,笑顔や ハナタレ,居酒屋、しゃぶしゃぶ、焼き鳥,,izakaya,tb,True
fukuoka/yukuhashi,16,うおいち,寿司、ふぐ、居酒屋,,seafood,tb,True
fukuoka/yukuhashi,17,のんべえやっこ,居酒屋、焼き鳥、海鮮,,izakaya,tb,True
fukuoka/yukuhashi,18,宮崎牛 焼肉 TORAYA,焼肉、ステーキ、ハンバーグ,,meat,tb,True
fukuoka/yukuhashi,19,肉ヤキバル INASAL.SINUGBA,東南アジア料理、イタリアン,,chinese,tb,True
fukuoka/yukuhashi,20,韓国ダイニングキッチン RYANG,焼肉、韓国料理、居酒屋,,meat,tb,True
fukuoka/yukuhashi,21,旬彩酒房 いしん,居酒屋、焼き鳥、鍋,,izakaya,tb,True
fukuoka/yukuhashi,22,ケーキ パスタ&バール いすずカフェ,カフェ、喫茶店,,cafe,tb,True
fukuoka/yukuhashi,23,ごはんBarひいろ,居酒屋、バー、洋食,,izakaya,tb,True
fukuoka/yukuhashi,24,天麩羅と茶碗蒸し 凪春,天ぷら、そば,,japanese,tb,True
fukuoka/yukuhashi,25,Solasuna Dining,レストラン、ホテル,,other,none,False
fukuoka/yukuhashi,26,sweets shop LULU,スイーツ,,sweets,tb,True
fukuoka/yukuhashi,27,竹栄,うなぎ,,seafood,tb,True
fukuoka/yukuhashi,28,湖月堂 ゆめタウン行橋店,和菓子,,sweets,tb,True
fukuoka/yukuhashi,29,oeuf,ケーキ,,sweets,tb,True
fukuoka/yukuhashi,30,四阿,居酒屋,,izakaya,tb,True
fukuoka/yukuhashi,31,パン工房 風,パン、ベーグル,,sweets,tb,True
fukuoka/yukuhashi,32,順寿し,寿司,,seafood,tb,True
fukuoka/yukuhashi,33,食事処 しらかわ,食堂,,casual,tb,True
fukuoka/yukuhashi,34,黒板,レストラン,,other,none,False
fukuoka/yukuhashi,35,SUN,ケーキ,,sweets,tb,True
fukuoka/yukuhashi,36,松のや 行橋中央店,とんかつ、かつ丼,,meat,tb,True
fukuoka/yukuhashi,37,行橋檸檬,居酒屋,,izakaya,tb,True
fukuoka/yukuhashi,38,とんぎゅう 行橋店,焼肉,,meat,tb,True
fukuoka/yukuhashi,39,三日月キッチン,喫茶店,,cafe,tb,True
fukuoka/yukuhashi,40,快活CLUB 福岡行橋店,その他,,other,none,False
fukuoka/yukuhashi,41,あけぼの食堂 行橋店,食堂,,casual,tb,True
fukuoka/yukuhashi,42,桜,お好み焼き、たい焼き・大判焼き,,casual,tb,True
fukuoka/yukuhashi,43,和田食堂,食堂,,casual,tb,True
fukuoka/yukuhashi,44,居酒屋 なおたく,居酒屋,,izakaya,tb,True
fukuoka/yukuhashi,45,パイセスⅡ,ハンバーグ、喫茶店、カフェ,,meat,tb,True
fukuoka/yukuhashi,46,赤坂,日本料理,,japanese,tb,True
fukuoka/yukuhashi,47,ゆくベジ 行橋野菜総本舗,サラダ、野菜料理、ジェラート・アイスクリーム,,japanese,tb,False
fukuoka/yukuhashi,48,魚健寿司,寿司、海鮮,,seafood,tb,True
fukuoka/yukuhashi,49,馬関そば,そば,,noodles,tb,True
fukuoka/yukuhashi,50,高庄,とんかつ,,meat,tb,True
fukuoka/yukuhashi,51,もりべえ,うどん,,noodles,tb,True
fukuoka/yukuhashi,52,ウエスト 行橋店,焼肉、うどん,,meat,tb,True
fukuoka/yukuhashi,53,マクドナルド 行橋ゆめタウン店,ハンバーガー,,casual,tb,True
fukuoka/yukuhashi,54,LAWSON 辻垣店,コンビニ・スーパー,,daily,tb,True
fukuoka/yukuhashi,55,酒と飯の﨑,親子丼,,casual,tb,True
fukuoka/yukuhashi,56,行橋からあげ358みの家,居酒屋,,izakaya,tb,True
fukuoka/yukuhashi,57,2nd Labo,カフェ、スイーツ,,cafe,tb,True
fukuoka/yukuhashi,58,BAR315,バー,,izakaya,tb,True
fukuoka/yukuhashi,59,caffe Mattina,カフェ,,cafe,tb,True
fukuoka/yukuhashi,60,ジョリーパスタ 行橋店,パスタ,,european,tb,True
fukuoka/yukuhashi,61,Kaen,,Steakhouse,meat,ta,True
fukuoka/yukuhashi,62,Kaneyu Unagiya,,,other,none,False
fukuoka/yukuhashi,63,Hyakuman Goku,,Japanese;Izakaya (Japanese Style Tavern),izakaya,ta,True
fukuoka/yukuhashi,64,Wakamizu,,Japanese;Japanese - Other ,japanese,ta,True
fukuoka/yukuhashi,65,Mihachi,,,other,none,False
fukuoka/yukuhashi,66,Haleiwa Kitchen,,Cafe;Hawaiian,cafe,ta,True
fukuoka/yukuhashi,67,Bunbuku Chaya Yukuhashi,,Japanese,japanese,ta,True
fukuoka/yukuhashi,68,Marushin,,,other,none,False
fukuoka/yukuhashi,69,Kanadaya,,,other,none,False
fukuoka/yukuhashi,70,Agura Italian,,Italian;Steakhouse;International,meat,ta,True
