page,rank,name,genre,ta,category,basis,primary
akita/akita,1,日本料理 たかむら,日本料理,,japanese,tb,True
akita/akita,2,f,イタリアン,,european,tb,True
akita/akita,3,炭火焼肉 久,焼肉,,meat,tb,True
akita/akita,4,秋田 てんぷら みかわ,天ぷら,,japanese,tb,True
akita/akita,5,すし匠,寿司,,seafood,tb,True
akita/akita,6,酒盃,居酒屋,,izakaya,tb,True
akita/akita,7,宝寿司分店,寿司,,seafood,tb,True
akita/akita,8,スシュ,フレンチ,,european,tb,True
akita/akita,9,pasticci,イタリアン,,european,tb,True
akita/akita,10,BAR ル・ヴェール,バー,,izakaya,tb,True
akita/akita,11,coloriche,フレンチ,,european,tb,True
akita/akita,12,心粋厨房 獬,居酒屋,,izakaya,tb,True
akita/akita,13,ん。,居酒屋、日本料理,,izakaya,tb,True
akita/akita,14,和食すがわら,日本料理、郷土料理,,japanese,tb,True
akita/akita,15,鮨　あら田,寿司、かに,,seafood,tb,True
akita/akita,16,酒庵 田なか,居酒屋、郷土料理、そば,,izakaya,tb,True
akita/akita,17,比内地鶏串 Sot l'y laisse,焼き鳥、串焼き、鳥料理,,meat,tb,True
akita/akita,18,すし兆,寿司,,seafood,tb,True
akita/akita,19,エッサンス,フレンチ,,european,tb,True
akita/akita,20,おしゃべりきのこ,イタリアン、ワインバー,,european,tb,True
akita/akita,21,鮨 小じま,寿司,,seafood,tb,True
akita/akita,22,さけ富,居酒屋、郷土料理、おでん,,izakaya,tb,True
akita/akita,23,鳥好,焼き鳥、居酒屋,,meat,tb,True
akita/akita,24,横田屋,うなぎ,,seafood,tb,True
akita/akita,25,Lady,バー,,izakaya,tb,True
akita/akita,26,手打蕎麦かとう,そば、うどん,,noodles,tb,True
akita/akita,27,永楽食堂,居酒屋、食堂,,izakaya,tb,True
akita/akita,28,ほるもん猿,ホルモン,,meat,tb,True
akita/akita,29,とんかつ いし川,とんかつ,,meat,tb,True
akita/akita,30,和食 なり,日本料理,,japanese,tb,True
akita/akita,31,ムーンシャイン,バー,,izakaya,tb,True
akita/akita,32,ザ・バー１９８０,バー,,izakaya,tb,True
akita/akita,33,美・中國菜 武陵源,中華料理,,chinese,tb,True
akita/akita,34,スープホリック,スープ、カフェ,,cafe,tb,False
akita/akita,35,秋田牛玄亭 山王別館,焼肉,,meat,tb,True
akita/akita,36,秋田牛玄亭 駅前本店,焼肉、ステーキ,,meat,tb,True
akita/akita,37,川反 日なた,日本料理,,japanese,tb,True
akita/akita,38,一元,中華料理,,chinese,tb,True
akita/akita,39,味美,居酒屋,,izakaya,tb,True
akita/akita,40,炭火焼 鳥夢,居酒屋、焼き鳥,,izakaya,tb,True
akita/akita,41,庵河豚,ふぐ,,seafood,tb,True
akita/akita,42,キムラ,フレンチ、イタリアン、イノベーティブ,,european,tb,True
akita/akita,43,小料理 すず乃,郷土料理,,japanese,tb,True
akita/akita,44,上之三つや,居酒屋、日本料理、日本酒バー,,izakaya,tb,True
akita/akita,45,酒菜や 香蔵,居酒屋、日本料理,,izakaya,tb,True
akita/akita,46,千載一遇,日本料理,,japanese,tb,True
akita/akita,47,寛文五年堂 秋田店,うどん、郷土料理,,noodles,tb,True
akita/akita,48,とっぴんぱらりのぷ,居酒屋、郷土料理、きりたんぽ,,izakaya,tb,True
akita/akita,49,タカラヤ,ホルモン、居酒屋,,meat,tb,True
akita/akita,50,レスタジョーニ ハングリータイガー,イタリアン、パスタ,,european,tb,True
akita/akita,51,支那そば 伊藤,ラーメン,,noodles,tb,True
akita/akita,52,喰処 北洲,きりたんぽ、居酒屋,,japanese,tb,True
akita/akita,53,バール＆ビストロ　ポンレヴェック,イタリアン、ビストロ、バル,,european,tb,True
akita/akita,54,炭火焼肉生ホルモン処 しょうちゃん,焼肉、ホルモン,,meat,tb,True
akita/akita,55,炭火焼 勇,居酒屋、もつ鍋、もつ焼き,,izakaya,tb,True
akita/akita,56,割烹 玉井,日本料理,,japanese,tb,True
akita/akita,57,四季彩,日本料理,,japanese,tb,True
akita/akita,58,和しょく 徳,創作料理,,japanese,tb,True
akita/akita,59,チャイナタウン,ラーメン、ちゃんぽん、餃子,,noodles,tb,True
akita/akita,60,Cafe赤居文庫,カフェ、喫茶店、ケーキ,,cafe,tb,True
akita/akita,61,ほら穴,鉄板焼き、お好み焼き、もんじゃ焼き,,meat,tb,True
akita/akita,62,たつ福,寿司,,seafood,tb,True
akita/akita,63,鮨屋,寿司,,seafood,tb,True
akita/akita,64,ゼッキーニ ピッツァ バンカレッラ,ピザ,,european,tb,True
akita/akita,65,おもろ,居酒屋,,izakaya,tb,True
akita/akita,66,和彩 海,日本料理,,japanese,tb,True
akita/akita,67,Roots,ビストロ,,european,tb,True
akita/akita,68,レバニラや金太郎 秋田本店,食堂,,casual,tb,True
akita/akita,69,食堂 ぽめ。,食堂、ダイニングバー,,casual,tb,True
akita/akita,70,匠,日本料理,,japanese,tb,True
akita/akita,71,秋田きりたんぽ屋 大町分店,居酒屋、郷土料理、きりたんぽ,,izakaya,tb,True
akita/akita,72,酒丸 中央通り店,居酒屋,,izakaya,tb,True
akita/akita,73,串猿 秋田店,串揚げ、からあげ,,japanese,tb,True
akita/akita,74,千両寿し,寿司,,seafood,tb,True
akita/akita,75,稲庭本舗明治佐助商店,うどん、そば、郷土料理,,noodles,tb,True
akita/akita,76,金萬 秋田駅前大屋根通り店,和菓子,,sweets,tb,True
akita/akita,77,とんぼ庵,ラーメン,,noodles,tb,True
akita/akita,78,ゼロハチコーヒー,カフェ,,cafe,tb,True
akita/akita,79,お多福 本店,郷土料理、鍋、日本料理,,japanese,tb,True
akita/akita,80,Ristorante YAMANOE,イタリアン,,european,tb,True
akita/akita,81,津ねや,郷土料理、すき焼き、うなぎ,,japanese,tb,True
akita/akita,82,ひもり,ろばた焼き,,other,none,False
akita/akita,83,遠灯庵,創作料理、日本料理,,japanese,tb,True
akita/akita,84,魚ざん,日本料理,,japanese,tb,True
akita/akita,85,稲庭うどん 無限堂 秋田駅前店,うどん、郷土料理、居酒屋,,noodles,tb,True
akita/akita,86,広栄堂,かき氷、喫茶店,,sweets,tb,True
akita/akita,87,レストラン エム,洋食、食堂,,european,tb,True
akita/akita,88,天駒,寿司,,seafood,tb,True
akita/akita,89,ルセット,フレンチ、ステーキ,,european,tb,True
akita/akita,90,すし あかさか,寿司,,seafood,tb,True
akita/akita,91,博多どろんけん,居酒屋、もつ鍋、水炊き,,izakaya,tb,True
akita/akita,92,隠家 あわい,郷土料理、日本料理,,japanese,tb,True
akita/akita,93,烏山,居酒屋、日本料理,,izakaya,tb,True
akita/akita,94,鳥天狗,鳥料理,,other,none,False
akita/akita,95,french Bistro cache-cache,フレンチ、ビストロ,,european,tb,True
akita/akita,96,らーめん秋田 ひない軒,ラーメン,,noodles,tb,True
akita/akita,97,ケンちゃんラーメン 秋田店,ラーメン,,noodles,tb,True
akita/akita,98,路地裏かだる,居酒屋,,izakaya,tb,True
akita/akita,99,割烹居酒屋 いわや,居酒屋,,izakaya,tb,True
akita/akita,100,佐藤養助 秋田店,うどん、カレーうどん、郷土料理,,noodles,tb,True
akita/akita,101,末廣ラーメン本舗  秋田駅前分店,ラーメン,,noodles,tb,True
akita/akita,102,STOVE+,ケーキ、洋菓子、チョコレート,,sweets,tb,True
akita/akita,103,光風,喫茶店、カフェ,,cafe,tb,True
akita/akita,104,川反ミートキッチン,バル、イタリアン、串焼き,,european,tb,True
akita/akita,105,希・お食事喫茶,食堂,,casual,tb,True
akita/akita,106,鮨秀仙,寿司,,seafood,tb,True
akita/akita,107,蕎麦とお酒 まこと,そば,,noodles,tb,True
akita/akita,108,東一,ラーメン,,noodles,tb,True
akita/akita,109,親鶏らぁ麺 いし川,ラーメン、油そば・まぜそば,,noodles,tb,True
akita/akita,110,Ramen Ao,ラーメン,,noodles,tb,True
akita/akita,111,麺や二代目 夜来香,ラーメン,,noodles,tb,True
akita/akita,112,秋田比内地鶏や,郷土料理、焼き鳥、親子丼,,japanese,tb,True
akita/akita,113,秋田長屋酒場,居酒屋、郷土料理、きりたんぽ,,izakaya,tb,True
akita/akita,114,そば処 紀文,そば、うどん、ラーメン,,noodles,tb,True
akita/akita,115,秋田港,寿司,,seafood,tb,True
akita/akita,116,あきたくらす,立ち飲み、日本酒バー、ビアバー,,izakaya,tb,True
akita/akita,117,駅そば しらかみ庵,そば、うどん、立ち食いそば,,noodles,tb,True
akita/akita,118,秋田地魚・大かまど飯 いさばや。,居酒屋,,izakaya,tb,True
akita/akita,119,金萬 トピコ店,和菓子,,sweets,tb,True
akita/akita,120,竹本商店☆つけ麺開拓舎,つけ麺、ラーメン、麺類,,noodles,tb,True
akita/akita,121,秋田きりたんぽ屋,居酒屋、郷土料理、きりたんぽ,,izakaya,tb,True
akita/akita,122,館の丸食堂,食堂、丼、牛料理,,casual,tb,True
akita/akita,123,たちそば,そば、うどん、丼,,noodles,tb,True
akita/akita,124,伝承の味処 無限堂 大町本店,郷土料理、うどん、日本料理,,japanese,tb,True
akita/akita,125,からす森,居酒屋、もつ焼き、牛料理,,izakaya,tb,True
akita/akita,126,弥助そば 秋田総本店,そば、居酒屋、郷土料理,,noodles,tb,True
akita/akita,127,麵屋 ゑびす,ラーメン,,noodles,tb,True
akita/akita,128,JAH,バー、つけ麺、ラーメン,,izakaya,tb,True
akita/akita,129,美酒王国秋田 サケナビ,日本酒バー,,izakaya,tb,True
akita/akita,130,秋田比内地鶏生産責任者の店　本家あべや 秋田店,焼き鳥、郷土料理、親子丼,,meat,tb,True
akita/akita,131,一の酉 川反店,焼き鳥、居酒屋、郷土料理,,meat,tb,True
akita/akita,132,市場 いちばん寿司,回転寿司,,seafood,tb,True
akita/akita,133,ラーメン マシンガン,ラーメン,,noodles,tb,True
akita/akita,134,まんま,食堂、喫茶店,,casual,tb,True
akita/akita,135,ちゃわん屋,居酒屋、郷土料理、鍋,,izakaya,tb,True
akita/akita,136,五右ェ門,ラーメン、ちゃんぽん,,noodles,tb,True
akita/akita,137,ヌードルバル オクト,ラーメン,,noodles,tb,True
akita/akita,138,茜屋珈琲店,喫茶店,,cafe,tb,True
akita/akita,139,麺や みなと,ラーメン、油そば・まぜそば,,noodles,tb,True
akita/akita,140,アジアグラ,アジア・エスニック、ダイニングバー,,chinese,tb,True
akita/akita,141,焼肉レストラン 大昌園,焼肉、韓国料理,,meat,tb,True
akita/akita,142,らーめん 福禄寿,ラーメン,,noodles,tb,True
akita/akita,143,ベッカライ・バンデブロート,パン,,sweets,tb,True
akita/akita,144,八珍,レストラン,,other,none,False
akita/akita,145,秋田番屋酒場,居酒屋、郷土料理、きりたんぽ,,izakaya,tb,True
akita/akita,146,市場のすしやさん,回転寿司,,seafood,tb,True
akita/akita,147,丿貫,居酒屋,,izakaya,tb,True
akita/akita,148,RAMEN HITONI YASASHIKU,ラーメン,,noodles,tb,True
akita/akita,149,回鮮 まぐろ亭,回転寿司,,seafood,tb,True
akita/akita,150,ハチコオリ,かき氷,,sweets,tb,True
akita/akita,151,あきた茶房,中華料理、喫茶店、郷土料理,,chinese,tb,True
akita/akita,152,河辺ドライブイン,食堂、麺類、ラーメン,,casual,tb,True
akita/akita,153,あっぱれ寿司 秋田駅東口店,寿司、居酒屋,,seafood,tb,True
akita/akita,154,初代麺屋とのさき,ラーメン,,noodles,tb,True
akita/akita,155,ラーメンダイニング 林泉堂,ラーメン、焼きそば,,noodles,tb,True
akita/akita,156,自然食　そゑ川,そば、うどん、郷土料理,,noodles,tb,True
akita/akita,157,らぁ麺 今野 御野場店,ラーメン,,noodles,tb,True
akita/akita,158,らーめん 萬亀,ラーメン,,noodles,tb,True
akita/akita,159,インド料理 ラクスミ,インドカレー、インド料理,,curry,tb,True
akita/akita,160,麺屋 蓮,ラーメン、つけ麺、油そば・まぜそば,,noodles,tb,True
akita/akita,161,秋田郷土料理と旨い酒のあるところ かまくら,郷土料理,,japanese,tb,True
akita/akita,162,中国料理 雪梅,中華料理,,chinese,tb,True
akita/akita,163,イタリア食堂 ビランチャ,イタリアン,,european,tb,True
akita/akita,164,カフェアンドキッチン ふわりずむ,カフェ、カレー、かき氷,,cafe,tb,True
akita/akita,165,知味,中華料理,,chinese,tb,True
akita/akita,166,麺屋 朋,ラーメン、飲茶・点心,,noodles,tb,True
akita/akita,167,自家製麺 5102,つけ麺、ラーメン,,noodles,tb,True
akita/akita,168,カンパーナ,パスタ,,european,tb,True
akita/akita,169,和家,ラーメン、居酒屋,,noodles,tb,True
akita/akita,170,スカイグリルブッフェレストラン空桜,ビュッフェ、日本料理、洋食,,casual,tb,True
akita/akita,171,とんかつ藤よし 山王店,とんかつ,,meat,tb,True
akita/akita,172,萬八,そば、丼,,noodles,tb,True
akita/akita,173,とんかつ咲々,とんかつ,,meat,tb,True
akita/akita,174,心海,居酒屋、郷土料理、海鮮,,izakaya,tb,True
akita/akita,175,Branzi-no Akita,イタリアン、創作料理,,european,tb,True
akita/akita,176,比内地鶏白湯ラーメンSORA,ラーメン,,noodles,tb,True
akita/akita,177,どるず珈琲店,喫茶店、カフェ,,cafe,tb,True
akita/akita,178,あに,居酒屋、日本酒バー、バー,,izakaya,tb,True
akita/akita,179,秋田川反漁屋酒場,居酒屋、郷土料理、きりたんぽ,,izakaya,tb,True
akita/akita,180,博多ラーメン ぞんたく 割山店,ラーメン、つけ麺,,noodles,tb,True
akita/akita,181,我楽,郷土料理、居酒屋、鍋,,japanese,tb,True
akita/akita,182,小江戸,ラーメン,,noodles,tb,True
akita/akita,183,アーティーチョーク,イタリアン、パスタ、居酒屋,,european,tb,True
akita/akita,184,ラーメンショップ 飯島店,ラーメン,,noodles,tb,True
akita/akita,185,kissaten,喫茶店、パスタ、ケーキ,,cafe,tb,True
akita/akita,186,中通りサティスファクション,ハンバーガー、サンドイッチ,,casual,tb,True
akita/akita,187,ビアバールあくら,ビアバー、カフェ、ビアホール,,izakaya,tb,True
akita/akita,188,ラーメン はち,ラーメン,,noodles,tb,True
akita/akita,189,旬とスパイスのお店 星みや,インド料理、居酒屋,,curry,tb,True
akita/akita,190,居酒屋めぐろ,居酒屋、焼き鳥,,izakaya,tb,True
akita/akita,191,クマネコ,居酒屋,,izakaya,tb,True
akita/akita,192,桜木屋 秋田店,ラーメン,,noodles,tb,True
akita/akita,193,亀の町ストア,カフェ、パン,,cafe,tb,True
akita/akita,194,肉の久保田屋 秋田本店,焼肉、ホルモン,,meat,tb,True
akita/akita,195,焼肉南大門 新国道店,焼肉、ラーメン、ハンバーグ,,meat,tb,True
akita/akita,196,麺屋 誠,ラーメン,,noodles,tb,True
akita/akita,197,Cafe & Restaurant Bookmark,カフェ、レストラン,,cafe,tb,True
akita/akita,198,地酒ダイニング 又六,日本酒バー,,izakaya,tb,True
akita/akita,199,八屋 本店,ラーメン,,noodles,tb,True
akita/akita,200,東京飯店,中華料理、食堂,,chinese,tb,True
akita/akita,201,金華園,中華料理,,chinese,tb,True
akita/akita,202,ヤヤ スタジオーネ ビー,バル、ビアバー、パスタ,,european,tb,True
akita/akita,203,いろり家,居酒屋、郷土料理、きりたんぽ,,izakaya,tb,True
akita/akita,204,たけや製パン,パン,,sweets,tb,True
akita/akita,205,田丸屋,そば、うどん、丼,,noodles,tb,True
akita/akita,206,ドゥ・フィーユ,ケーキ、パン、カフェ,,sweets,tb,True
akita/akita,207,ポッポ,ステーキ、ハンバーグ、洋食,,meat,tb,True
akita/akita,208,ワイン酒場 コジコジ 秋田駅前店,イタリアン、ダイニングバー、ピザ,,european,tb,True
akita/akita,209,ダイニングレストラン ザ・キャッスル,レストラン、フレンチ、カフェ,,european,tb,False
akita/akita,210,もっきり要介,居酒屋、日本酒バー,,izakaya,tb,True
akita/akita,211,関根屋,弁当,,casual,tb,True
akita/akita,212,紀文食堂,食堂、ラーメン,,casual,tb,True
akita/akita,213,ドラゴン食堂,中華料理、ラーメン,,chinese,tb,True
akita/akita,214,天吉食堂,食堂、かつ丼,,casual,tb,True
akita/akita,215,焼肉 大同門 秋田店,焼肉,,meat,tb,True
akita/akita,216,トリス軒,居酒屋、ホルモン、焼き鳥,,izakaya,tb,True
akita/akita,217,江戸中,おでん、焼き鳥,,japanese,tb,True
akita/akita,218,ご・ぱん,パン、洋菓子,,sweets,tb,True
akita/akita,219,いちゑ,日本料理、そば,,japanese,tb,True
akita/akita,220,ハッピータイム,ハンバーガー,,casual,tb,True
akita/akita,221,食堂ももふく,食堂,,casual,tb,True
akita/akita,222,佐藤養助 トピコ店,うどん,,noodles,tb,True
akita/akita,223,一球,ラーメン、油そば・まぜそば,,noodles,tb,True
akita/akita,224,東池袋 大勝軒 秋田,つけ麺、ラーメン,,noodles,tb,True
akita/akita,225,ラーメンショップ 河辺店,ラーメン,,noodles,tb,True
akita/akita,226,天下一番 保戸野総本店,食堂、ラーメン,,casual,tb,True
akita/akita,227,麺屋うるとら 土崎店,ラーメン、つけ麺,,noodles,tb,True
akita/akita,228,旭南高砂堂 本店,ケーキ、和菓子,,sweets,tb,True
akita/akita,229,DINING SHU,ダイニングバー、ヨーロッパ料理、スペイン料理,,izakaya,tb,True
akita/akita,230,寿し割烹食堂 あっぱれ寿司 大町本店,寿司、海鮮、居酒屋,,seafood,tb,True
akita/akita,231,オステリア ムーリベッキ,イタリアン、パスタ、ピザ,,european,tb,True
akita/akita,232,炭火焼肉生ホルモン処 しょうちゃん 駅前店,焼肉、ホルモン,,meat,tb,True
akita/akita,233,酒場わんえいす,居酒屋,,izakaya,tb,True
akita/akita,234,らぁ麺 今野 御所野本店,ラーメン,,noodles,tb,True
akita/akita,235,オルディネールショコラ,チョコレート、カフェ,,sweets,tb,True
akita/akita,236,RAMEN TOKI,ラーメン,,noodles,tb,True
akita/akita,237,クネーテン,パン、洋菓子,,sweets,tb,True
akita/akita,238,TORAMARU,クレープ・ガレット、ソフトクリーム,,sweets,tb,True
akita/akita,239,元祖 荒磯ラーメン,ラーメン,,noodles,tb,True
akita/akita,240,たちばな家 本店,そば、うどん、天丼,,noodles,tb,True
akita/akita,241,炭火焼鳥と秋田海鮮居酒屋 福ト屋,居酒屋、焼き鳥、海鮮,,izakaya,tb,True
akita/akita,242,麺屋 にぼすけ 広面店,ラーメン、つけ麺,,noodles,tb,True
akita/akita,243,そば処けん太,そば、うどん、天丼,,noodles,tb,True
akita/akita,244,グリッシーニ,パン、カフェ、バー,,sweets,tb,True
akita/akita,245,仲江戸,ラーメン,,noodles,tb,True
akita/akita,246,天ぷら・和食 醍醐 西武秋田店,天ぷら、日本料理,,japanese,tb,True
akita/akita,247,江戸そば きちじ,そば、天丼、うどん,,noodles,tb,True
akita/akita,248,だいどこ大,日本料理、居酒屋、海鮮,,japanese,tb,True
akita/akita,249,回転寿司すノ家 仁井田店,回転寿司,,seafood,tb,True
akita/akita,250,お食事処 河ドラ 追分店,食堂,,casual,tb,True
akita/akita,251,清野太郎,居酒屋、揚げ物、海鮮,,izakaya,tb,True
akita/akita,252,森のくまさん,ラーメン、居酒屋,,noodles,tb,True
akita/akita,253,そば酒肴　三喜,そば,,noodles,tb,True
akita/akita,254,はざど,日本料理、居酒屋、日本酒バー,,japanese,tb,True
akita/akita,255,錦 秋田本店,ラーメン、餃子,,noodles,tb,True
akita/akita,256,たいあん弁当 東通店,弁当、からあげ,,casual,tb,True
akita/akita,257,ピーコック,インド料理、インドカレー,,curry,tb,True
akita/akita,258,ローカルキッチン レイルズアキタ,ダイニングバー、ステーキ,,izakaya,tb,True
akita/akita,259,和食処 まる,居酒屋、郷土料理,,izakaya,tb,True
akita/akita,260,亀や,食堂、ラーメン、かつ丼,,casual,tb,True
akita/akita,261,竹本モンスターチャンポン,ちゃんぽん、ラーメン、台湾まぜそば,,noodles,tb,True
akita/akita,262,秋桜,食堂,,casual,tb,True
akita/akita,263,農家レストラン ゆう菜家,麺類、食堂,,noodles,tb,True
akita/akita,264,CAFÉ みきょう,カフェ、喫茶店,,cafe,tb,True
akita/akita,265,のとや,ジェラート・アイスクリーム、食堂、弁当,,sweets,tb,True
akita/akita,266,菓子舗　栄太楼 トピコ店,和菓子,,sweets,tb,True
akita/akita,267,亀の町ベーカリー,パン,,sweets,tb,True
akita/akita,268,まると食堂,食堂、牛料理、鉄板焼き,,casual,tb,True
akita/akita,269,中国料理 花梨,中華料理、飲茶・点心、餃子,,chinese,tb,True
akita/akita,270,なべ勝,居酒屋,,izakaya,tb,True
akita/akita,271,しゃぶしゃぶ酒房美豚,しゃぶしゃぶ、居酒屋、沖縄料理,,meat,tb,True
akita/akita,272,和食えちごや,海鮮丼、日本料理,,seafood,tb,True
akita/akita,273,ジロー310 広面店,パン、洋菓子,,sweets,tb,True
akita/akita,274,ビリオンハウス,ダイニングバー,,izakaya,tb,True
akita/akita,275,麺処 いぢろへ,ラーメン,,noodles,tb,True
akita/akita,276,ねまれやこぅひぃ,カフェ,,cafe,tb,True
akita/akita,277,ふじや からあげ店 本店,弁当、からあげ,,casual,tb,True
akita/akita,278,NOVE,パスタ、洋食、食堂,,european,tb,True
akita/akita,279,欣秋,中華料理,,chinese,tb,True
akita/akita,280,ティーランカ,カレー、スリランカ料理、カフェ,,curry,tb,True
akita/akita,281,中華そばめん峯,ラーメン,,noodles,tb,True
akita/akita,282,餃子 玖,餃子,,chinese,tb,True
akita/akita,283,以和世,天ぷら、天丼、そば,,japanese,tb,True
akita/akita,284,FRANK,カレー,,curry,tb,True
akita/akita,285,我武者羅,居酒屋、焼き鳥、ラーメン,,izakaya,tb,True
akita/akita,286,いいもんや 酉二九 秋田駅前店,焼き鳥,,meat,tb,True
akita/akita,287,麺や食堂 味斗,ラーメン、中華料理,,noodles,tb,True
akita/akita,288,秀寿し,寿司,,seafood,tb,True
akita/akita,289,酔蓮,居酒屋、寿司,,izakaya,tb,True
akita/akita,290,壺中,ダイニングバー、ワインバー、バー,,izakaya,tb,True
akita/akita,291,和食 扇屋,レストラン、日本料理、居酒屋,,japanese,tb,False
akita/akita,292,grado,バー,,izakaya,tb,True
akita/akita,293,吾作 秋田山王店,ラーメン,,noodles,tb,True
akita/akita,294,麺屋theさとう,ラーメン、中華料理,,noodles,tb,True
akita/akita,295,鶏白湯ラーメン とりのや,ラーメン,,noodles,tb,True
akita/akita,296,かぐら堂,ラーメン,,noodles,tb,True
akita/akita,297,Tavernetta SALVATORE 秋田,イタリアン、パスタ、ピザ,,european,tb,True
akita/akita,298,大雅,お好み焼き、ラーメン、中華料理,,casual,tb,True
akita/akita,299,清美食堂,食堂,,casual,tb,True
akita/akita,300,ラゥメン大地,ラーメン,,noodles,tb,True
akita/akita,301,焼肉わかば 山王店,焼肉、ホルモン,,meat,tb,True
akita/akita,302,酉や 喜兵衛 山王秋田本店,焼き鳥、居酒屋、もつ鍋,,meat,tb,True
akita/akita,303,サンビーム,フレンチ、ステーキ、洋食,,european,tb,True
akita/akita,304,中華和膳 毘膳,中華料理、日本料理,,chinese,tb,True
akita/akita,305,オレンジスマイル,ダイニングバー、カフェ、洋食,,izakaya,tb,True
akita/akita,306,十割そば家,そば、ラーメン,,noodles,tb,True
akita/akita,307,珈琲とパンの店 美豆木,喫茶店、カレー、パン,,cafe,tb,True
akita/akita,308,とんぼ亭,お好み焼き、もんじゃ焼き,,casual,tb,True
akita/akita,309,バー サード コルク,バー,,izakaya,tb,True
akita/akita,310,餃子の餃天,餃子、ラーメン、食堂,,chinese,tb,True
akita/akita,311,然,居酒屋、海鮮、郷土料理,,izakaya,tb,True
akita/akita,312,酒場戸隠,居酒屋、焼き鳥、天ぷら,,izakaya,tb,True
akita/akita,313,御食事処　山の五代,丼、鍋、食堂,,casual,tb,True
akita/akita,314,東天閣,中華料理、餃子,,chinese,tb,True
akita/akita,315,藪善,そば,,noodles,tb,True
akita/akita,316,中園食堂,食堂、ラーメン、うどん,,casual,tb,True
akita/akita,317,鈴為餅店,たい焼き・大判焼き、スイーツ,,sweets,tb,True
akita/akita,318,交点,喫茶店,,cafe,tb,True
akita/akita,319,酉や喜兵衛 秋田駅東口店,焼き鳥、釜飯、居酒屋,,meat,tb,True
akita/akita,320,麺の朧,ラーメン,,noodles,tb,True
akita/akita,321,讃岐うどん2代目 ワタロー,うどん,,noodles,tb,True
akita/akita,322,マルホ,食堂、ラーメン、丼,,casual,tb,True
akita/akita,323,中通チルアウト,ビストロ、イタリアン,,european,tb,True
akita/akita,324,あっけらかん,そば,,noodles,tb,True
akita/akita,325,稲庭うどん 無限堂 秋田空港店,郷土料理、カフェ、ビアバー,,japanese,tb,True
akita/akita,326,nico,カフェ、パンケーキ,,cafe,tb,True
akita/akita,327,土崎湊屋,海鮮、豚丼、ラーメン,,seafood,tb,True
akita/akita,328,多加箸,食堂、ラーメン,,casual,tb,True
akita/akita,329,仲小路コーヒー&ワイン,カフェ、ワインバー,,cafe,tb,True
akita/akita,330,焼肉わかば 東通店,焼肉,,meat,tb,True
akita/akita,331,しゅんよう,オムライス、創作料理,,european,tb,True
akita/akita,332,パナス 土崎店,インド料理、インドカレー,,curry,tb,True
akita/akita,333,杉本珈琲店,カフェ,,cafe,tb,True
akita/akita,334,中華料理 王道楼,中華料理,,chinese,tb,True
akita/akita,335,かっぱ亭,食堂、居酒屋、鍋,,casual,tb,True
akita/akita,336,西丸,居酒屋、焼き鳥、鍋,,izakaya,tb,True
akita/akita,337,ひかりや,親子丼、ホルモン、日本料理,,casual,tb,True
akita/akita,338,ボンカフェ,パスタ、カフェ,,european,tb,True
akita/akita,339,ともゑ堂,ちゃんぽん、ラーメン,,noodles,tb,True
akita/akita,340,中華料理 たかさん家,中華料理,,chinese,tb,True
akita/akita,341,ビア フライト,ビアバー、ダイニングバー,,izakaya,tb,True
akita/akita,342,天よし食堂,食堂、ラーメン,,casual,tb,True
akita/akita,343,割烹かめ清,日本料理、郷土料理,,japanese,tb,True
akita/akita,344,バー ロータス,バー、ダイニングバー,,izakaya,tb,True
akita/akita,345,JEERA,カレー,,curry,tb,True
akita/akita,346,音むすび,食堂,,casual,tb,True
akita/akita,347,永鋒,中華料理,,chinese,tb,True
akita/akita,348,つじのや,居酒屋、海鮮,,izakaya,tb,True
akita/akita,349,ほるもん酒場 サモエド 秋田駅前店,焼肉、ホルモン、居酒屋,,meat,tb,True
akita/akita,350,パッチワークカフェ,オムライス、カフェ,,european,tb,True
akita/akita,351,Trattoria da elmo,パスタ、イタリアン,,european,tb,True
akita/akita,352,そば処 港ばやし,そば、うどん、立ち食いそば,,noodles,tb,True
akita/akita,353,魚一家,居酒屋,,izakaya,tb,True
akita/akita,354,火乃座,居酒屋、郷土料理,,izakaya,tb,True
akita/akita,355,焼肉じゅうじゅう 土崎店,焼肉、冷麺,,meat,tb,True
akita/akita,356,まいど,焼肉,,meat,tb,True
akita/akita,357,旬,創作料理,,japanese,tb,True
akita/akita,358,タイレストランMs.GreenCurry,タイ料理、カレー,,chinese,tb,True
akita/akita,359,餃子 ふく肉,餃子、居酒屋,,chinese,tb,True
akita/akita,360,竹本商店 煮干センター アジト,ラーメン、つけ麺,,noodles,tb,True
akita/akita,361,唐橋茶屋,郷土料理、居酒屋、食堂,,japanese,tb,True
akita/akita,362,佐々木家 秋田本店,ラーメン、餃子、中華料理,,noodles,tb,True
akita/akita,363,豪ーめん 秋田高陽店,ラーメン、つけ麺,,noodles,tb,True
akita/akita,364,木もれ陽のテラス,カフェ、洋食、サンドイッチ,,cafe,tb,True
akita/akita,365,こんどう食堂,食堂、和菓子,,casual,tb,True
akita/akita,366,セリオンカフェ,カフェ,,cafe,tb,True
akita/akita,367,丸の内食堂,食堂,,casual,tb,True
akita/akita,368,そば処風月,そば,,noodles,tb,True
akita/akita,369,鼎庵 トピコ店,せんべい,,other,none,False
akita/akita,370,そば処四季,そば、うどん,,noodles,tb,True
akita/akita,371,88BAR &DELICATESSEN,バル、パスタ、惣菜・デリ,,european,tb,True
akita/akita,372,らぁめんらぼ。食堂8080,居酒屋、ラーメン、丼,,izakaya,tb,True
akita/akita,373,ももんが,居酒屋,,izakaya,tb,True
akita/akita,374,松園,焼肉,,meat,tb,True
akita/akita,375,篤丸,日本料理,,japanese,tb,True
akita/akita,376,ふじ繁,日本料理,,japanese,tb,True
akita/akita,377,濃厚肉そばセンター よし虎,ラーメン,,noodles,tb,True
akita/akita,378,ダイニング万葉 ホテルメトロポリタン秋田店,郷土料理、ダイニングバー,,japanese,tb,True
akita/akita,379,弾岩ラーメン,ラーメン,,noodles,tb,True
akita/akita,380,むげん茶房,カフェ、日本料理、甘味処,,cafe,tb,True
akita/akita,381,ラーメンめん丸　新国道店,ラーメン、つけ麺,,noodles,tb,True
akita/akita,382,とんかつ藤よし 山手台店,とんかつ、食堂、弁当,,meat,tb,True
akita/akita,383,伝承の味処 無限堂 卸町店,うどん、きりたんぽ,,noodles,tb,True
akita/akita,384,進藤冷菓,ソフトクリーム,,sweets,tb,True
akita/akita,385,お菓子の郷　ジロー,ケーキ、パン、チョコレート,,sweets,tb,True
akita/akita,386,フレンチレストラン 千秋亭,フレンチ,,european,tb,True
akita/akita,387,ボナペティ・パン工房 Beaune 大町店,パン、サンドイッチ,,sweets,tb,True
akita/akita,388,はじめ 泉店,弁当、おにぎり,,casual,tb,True
akita/akita,389,パキスタン・アラビアン・インド料理 デラ,パキスタン料理、インド料理、インドカレー,,curry,tb,False
akita/akita,390,コーヒージャック,カフェ、ベーグル,,cafe,tb,True
akita/akita,391,宇乃丸寿司,寿司,,seafood,tb,True
akita/akita,392,河ドラ駅前酒場 升屋,居酒屋、もつ鍋,,izakaya,tb,True
akita/akita,393,デリカトガクシ,惣菜・デリ、弁当,,casual,tb,True
akita/akita,394,そば処 膳家,そば、天ぷら,,noodles,tb,True
akita/akita,395,とんかつ直輝,とんかつ,,meat,tb,True
akita/akita,396,食堂 さくらや,食堂,,casual,tb,True
akita/akita,397,千秋,居酒屋,,izakaya,tb,True
akita/akita,398,柴田屋,食堂,,casual,tb,True
akita/akita,399,革命飯店 世界のチェ・タケダ,ラーメン、居酒屋、洋食,,noodles,tb,True
akita/akita,400,八屋 外旭川店,ラーメン,,noodles,tb,True
akita/akita,401,二郎系＆まぜそば専門店 奨,ラーメン、油そば・まぜそば,,noodles,tb,True
akita/akita,402,来華,ラーメン、餃子、食堂,,noodles,tb,True
akita/akita,403,ブッチャーノ 川尻店,パスタ,,european,tb,True
akita/akita,404,大江戸,ラーメン,,noodles,tb,True
akita/akita,405,レストラン ココット,ステーキ、ハンバーグ、洋食,,meat,tb,True
akita/akita,406,ホルモン伸栄 山王店,焼肉、ホルモン,,meat,tb,True
akita/akita,407,秋田駅前酒房 ぐらん炭,居酒屋,,izakaya,tb,True
akita/akita,408,キャッスル デリカ,パン、ケーキ、惣菜・デリ,,sweets,tb,True
akita/akita,409,MALTA BAKERY,パン、サンドイッチ,,sweets,tb,True
akita/akita,410,三松堂 トピコ店,和菓子、大福、どら焼き,,sweets,tb,True
akita/akita,411,焼酎屋,居酒屋、ラーメン、日本酒バー,,izakaya,tb,True
akita/akita,412,ささ木,日本料理,,japanese,tb,True
akita/akita,413,まさご食堂,食堂、居酒屋、ラーメン,,casual,tb,True
akita/akita,414,寿し割烹 一心,寿司、海鮮、郷土料理,,seafood,tb,True
akita/akita,415,焼肉冷麺やまなか家 外旭川店,焼肉、冷麺、ホルモン,,meat,tb,True
akita/akita,416,國酒と料理 墨流し,日本料理、居酒屋、日本酒バー,,japanese,tb,True
akita/akita,417,秋楽苑,韓国料理、冷麺、ホルモン,,chinese,tb,True
akita/akita,418,誉寿司,寿司,,seafood,tb,True
akita/akita,419,和食酒どこ おがた,居酒屋、そば,,izakaya,tb,True
akita/akita,420,らーめん潤 秋田店,ラーメン,,noodles,tb,True
akita/akita,421,南秋ラーメン,ラーメン,,noodles,tb,True
akita/akita,422,ぱっぷや 市民市場店,からあげ、食堂、ラーメン,,meat,tb,True
akita/akita,423,めしや,ちゃんぽん、丼,,noodles,tb,True
akita/akita,424,キッチンふじみ,レストラン、洋食,,european,tb,False
akita/akita,425,力食堂,食堂、カレー、ラーメン,,casual,tb,True
akita/akita,426,麺屋 富蔵,ラーメン,,noodles,tb,True
akita/akita,427,パティスリー メゾン・ナカ,ケーキ,,sweets,tb,True
akita/akita,428,中国料理天花,中華料理,,chinese,tb,True
akita/akita,429,多恵＆要蔵,ケーキ,,sweets,tb,True
akita/akita,430,にこり,和菓子、ケーキ,,sweets,tb,True
akita/akita,431,カフェ エピス,カフェ,,cafe,tb,True
akita/akita,432,奥寿し,寿司,,seafood,tb,True
akita/akita,433,太華味,中華料理、四川料理,,chinese,tb,True
akita/akita,434,秋田菓子宗家 かおる堂 秋田駅トピコ,和菓子、洋菓子,,sweets,tb,True
akita/akita,435,レトロカフェ 異人館,喫茶店、カフェ,,cafe,tb,True
akita/akita,436,白帆,居酒屋、寿司、海鮮,,izakaya,tb,True
akita/akita,437,とっくりの木,日本料理,,japanese,tb,True
akita/akita,438,肉マシ鉄板食堂,食堂,,casual,tb,True
akita/akita,439,中国料理 四川,中華料理、四川料理,,chinese,tb,True
akita/akita,440,喜心,寿司、日本料理,,seafood,tb,True
akita/akita,441,肉と肴５,居酒屋、海鮮,,izakaya,tb,True
akita/akita,442,大しま,焼肉,,meat,tb,True
akita/akita,443,Ace,ハンバーガー、パスタ,,casual,tb,True
akita/akita,444,四川バル創香,四川料理、中華料理,,chinese,tb,False
akita/akita,445,Avanti,ワインバー,,izakaya,tb,True
akita/akita,446,カレーハウス ブー,カレー、鍋、肉料理,,curry,tb,True
akita/akita,447,鳥若圓 山王店,ラーメン,,noodles,tb,True
akita/akita,448,喜楽,ラーメン、食堂,,noodles,tb,True
akita/akita,449,WORL BON BON 御所野店,ケーキ、カフェ、スイーツ,,sweets,tb,True
akita/akita,450,三松堂,和菓子、甘味処、かき氷,,sweets,tb,True
akita/akita,451,御献上カスティーラ 保戸野桜町店,ケーキ,,sweets,tb,True
akita/akita,452,いいもんや酉ニ九 大町店,焼き鳥、居酒屋,,meat,tb,True
akita/akita,453,麺屋 HOPES,ラーメン、油そば・まぜそば,,noodles,tb,True
akita/akita,454,大勝食堂,食堂、ラーメン,,casual,tb,True
akita/akita,455,ブレッドマン,パン、サンドイッチ,,sweets,tb,True
akita/akita,456,ティールーム 陶,喫茶店,,cafe,tb,True
akita/akita,457,御廚　光琳 なかいち店,日本料理,,japanese,tb,True
akita/akita,458,草花木果,イタリアン,,european,tb,True
akita/akita,459,創作厨房GEN,ヨーロッパ料理、ステーキ、カレー,,european,tb,True
akita/akita,460,アルザス,フレンチ、洋食、ヨーロッパ料理,,european,tb,True
akita/akita,461,侘助,居酒屋,,izakaya,tb,True
akita/akita,462,蕎麦230,そば,,noodles,tb,True
akita/akita,463,とんぴん舎,とんかつ、弁当、カレー,,meat,tb,True
akita/akita,464,寿司 飄楽,居酒屋、寿司、海鮮,,izakaya,tb,True
akita/akita,465,たぬき亭,レストラン,,other,none,False
akita/akita,466,末廣ラーメン本舗 秋田山王本店,ラーメン、中華料理、郷土料理,,noodles,tb,True
akita/akita,467,新鮮 魚の食堂 すごえもん,食堂、弁当、海鮮,,casual,tb,True
akita/akita,468,めん吉,ラーメン,,noodles,tb,True
akita/akita,469,町家,郷土料理、日本料理,,japanese,tb,True
akita/akita,470,カスタードリーフ,ケーキ、スイーツ,,sweets,tb,True
akita/akita,471,焼鳥と鮮魚の専門店 ひない,鳥料理、焼き鳥、居酒屋,,meat,tb,False
akita/akita,472,ねじまき屋,ラーメン、お好み焼き、居酒屋,,noodles,tb,True
akita/akita,473,ベーカリー スコップ,パン,,sweets,tb,True
akita/akita,474,金萬 フォンテAKITA店,和菓子,,sweets,tb,True
akita/akita,475,佐久,日本料理,,japanese,tb,True
akita/akita,476,肉のろくふく,惣菜・デリ,,casual,tb,True
akita/akita,477,焼肉ほるもん 蒼,焼肉、ホルモン、居酒屋,,meat,tb,True
akita/akita,478,居酒屋 よし田,居酒屋、日本料理,,izakaya,tb,True
akita/akita,479,道の駅あきた港 ポートタワー・セリオン,道の駅,,other,none,False
akita/akita,480,秋田乃瀧,居酒屋,,izakaya,tb,True
akita/akita,481,ふるさと,ラーメン、居酒屋、日本料理,,noodles,tb,True
akita/akita,482,あらや食堂,食堂、ラーメン,,casual,tb,True
akita/akita,483,かつ喜 仁井田店,とんかつ、弁当,,meat,tb,True
akita/akita,484,たまごの樹 河辺店,洋菓子、ジェラート・アイスクリーム,,sweets,tb,True
akita/akita,485,かなや,洋食,,european,tb,True
akita/akita,486,BAR CORK,バー、ビアガーデン,,izakaya,tb,True
akita/akita,487,太助寿司 本店,回転寿司,,seafood,tb,True
akita/akita,488,鮨吉,寿司、ラーメン、かつ丼,,seafood,tb,True
akita/akita,489,路地裏ダイニング anaboco,居酒屋,,izakaya,tb,True
akita/akita,490,わたゆう,ケーキ、和菓子,,sweets,tb,True
akita/akita,491,パティスリー ラトリエ グーテ,ケーキ、パン、かき氷,,sweets,tb,True
akita/akita,492,郷土菓子司　勝月 本店,和菓子、郷土料理、かき氷,,sweets,tb,True
akita/akita,493,ヴィラフローラ,洋食,,european,tb,True
akita/akita,494,ジーキッチン,イタリアン,,european,tb,True
akita/akita,495,Radio's Bar,バー、スポーツバー,,izakaya,tb,True
akita/akita,496,YABU,スペイン料理、洋食,,european,tb,True
akita/akita,497,隠れ囲酒屋 酒丸 仲小路店,居酒屋,,izakaya,tb,True
akita/akita,498,OLIVE CAFE,カフェ,,cafe,tb,True
akita/akita,499,おもしぇ,日本料理,,japanese,tb,True
akita/akita,500,志田屋,日本料理,,japanese,tb,True
akita/akita,501,海味,日本料理、居酒屋,,japanese,tb,True
akita/akita,502,○仙,肉料理、焼き鳥,,meat,tb,True
akita/akita,503,久保田,居酒屋,,izakaya,tb,True
akita/akita,504,あぁ博多人情 秋田店,ラーメン,,noodles,tb,True
akita/akita,505,吾作 秋田広面店,ラーメン、餃子,,noodles,tb,True
akita/akita,506,横浜家系ラーメン 若虎家,ラーメン,,noodles,tb,True
akita/akita,507,ラーメン亭 美香味,ラーメン,,noodles,tb,True
akita/akita,508,ラーメン めん丸 広面店,ラーメン,,noodles,tb,True
akita/akita,509,与作ラーメン,ラーメン,,noodles,tb,True
akita/akita,510,炭火焼鳥と秋田の肴 すみの蔵,居酒屋、焼き鳥、郷土料理,,izakaya,tb,True
akita/akita,511,bar蒼,バー,,izakaya,tb,True
akita/akita,512,炉端・海鮮すずらん,居酒屋、海鮮、ろばた焼き,,izakaya,tb,True
akita/akita,513,小金龍 土崎店,中華料理,,chinese,tb,True
akita/akita,514,インド&ネパール料理 パナス 御野場新町店,インド料理、インドカレー、ネパール料理,,curry,tb,True
akita/akita,515,焼きとん大国 秋田大町店,もつ焼き、居酒屋,,izakaya,tb,False
akita/akita,516,駅前あっちゃん,居酒屋,,izakaya,tb,True
akita/akita,517,ピアサピド イオンモール秋田店,イタリアン、パン、パスタ,,european,tb,True
akita/akita,518,ボックス コーヒー,コーヒースタンド、ソフトクリーム,,cafe,tb,True
akita/akita,519,郷土菓子司　勝月 トピコ店,和菓子,,sweets,tb,True
akita/akita,520,欧風酒場ナベ,ダイニングバー、ヨーロッパ料理,,izakaya,tb,True
akita/akita,521,げんこつ,居酒屋,,izakaya,tb,True
akita/akita,522,レストラン エーワン,洋食、ハンバーグ,,european,tb,True
akita/akita,523,きらく,食堂,,casual,tb,True
akita/akita,524,CAFE ORSETTO,カフェ,,cafe,tb,True
akita/akita,525,居酒屋こんの,居酒屋,,izakaya,tb,True
akita/akita,526,天然酵母パン アンシャンテ,パン,,sweets,tb,True
akita/akita,527,焼肉・コリアンダイニング 89,焼肉、韓国料理,,meat,tb,True
akita/akita,528,シャルム カフェ,カフェ,,cafe,tb,True
akita/akita,529,旬のうまいもん倶楽部,食堂、レストラン,,casual,tb,True
akita/akita,530,焼肉ほむら家 土崎店,焼肉,,meat,tb,True
akita/akita,531,和・食 陽・食 伊豆屋,海鮮、居酒屋、食堂,,seafood,tb,True
akita/akita,532,Bar 潮,バー,,izakaya,tb,True
akita/akita,533,マチノミナト COFFEE HOUSE,カフェ,,cafe,tb,True
akita/akita,534,とりのトリコ,からあげ,,meat,tb,True
akita/akita,535,ダイニング&ラウンジ あえら,ネパール料理、居酒屋、カフェ,,curry,tb,True
akita/akita,536,クジラ食堂,食堂,,casual,tb,True
akita/akita,537,中華料理 笑幸,四川料理、中華料理,,chinese,tb,False
akita/akita,538,ふるまち,居酒屋、郷土料理,,izakaya,tb,True
akita/akita,539,ホルもん あにー,居酒屋、焼肉、ホルモン,,izakaya,tb,True
akita/akita,540,手打ちそばの店 ふじた,そば,,noodles,tb,True
akita/akita,541,海鮮寿司 まぐろ亭,寿司,,seafood,tb,True
akita/akita,542,和ごころ,日本料理、居酒屋,,japanese,tb,True
akita/akita,543,アペロと僕と、東根小屋町,アジア・エスニック、ベトナム料理,,chinese,tb,True
akita/akita,544,日本酒とワインとお番菜 翔,居酒屋、日本料理,,izakaya,tb,True
akita/akita,545,旭川ラーメン さいじょう,ラーメン,,noodles,tb,True
akita/akita,546,珍竹林,ラーメン,,noodles,tb,True
akita/akita,547,仕事人,ラーメン,,noodles,tb,True
akita/akita,548,セリオンガーデン,道の駅,,other,none,False
akita/akita,549,御献上カスティーラ 東通店,ケーキ,,sweets,tb,True
akita/akita,550,焼肉じゅうじゅう 仁井田店,焼肉,,meat,tb,True
akita/akita,551,デュプレいしい,ケーキ,,sweets,tb,True
akita/akita,552,イタリア料理のお店 ラ　サラ,イタリアン,,european,tb,True
akita/akita,553,手打ちそば 忠士,そば、天ぷら,,noodles,tb,True
akita/akita,554,じんきゅう,居酒屋、日本料理,,izakaya,tb,True
akita/akita,555,Nagaa,イタリアン,,european,tb,True
akita/akita,556,マシュウ,カフェ,,cafe,tb,True
akita/akita,557,スイーツ コロル,ケーキ、洋菓子,,sweets,tb,True
akita/akita,558,ゆとり庵,そば,,noodles,tb,True
akita/akita,559,菓匠 美月庵,和菓子、大福,,sweets,tb,True
akita/akita,560,ひと花,居酒屋、食堂,,izakaya,tb,True
akita/akita,561,熊親爺,居酒屋、郷土料理、日本料理,,izakaya,tb,True
akita/akita,562,露地厨房 且坐,居酒屋、創作料理、串揚げ,,izakaya,tb,True
akita/akita,563,ふくじゅ,居酒屋、食堂,,izakaya,tb,True
akita/akita,564,クドウクレープ,クレープ・ガレット,,sweets,tb,True
akita/akita,565,BREWCCOLY PUB,ビアバー,,izakaya,tb,True
akita/akita,566,軽食・喫茶 やわらぎ,カフェ、カレー,,cafe,tb,True
akita/akita,567,Clair,バー,,izakaya,tb,True
akita/akita,568,tatch,カフェ,,cafe,tb,True
akita/akita,569,ワインと食事の店 チキンストック,ダイニングバー、イタリアン、ワインバー,,izakaya,tb,True
akita/akita,570,ナガハマコーヒー 秋田駅前店,カフェ、バー,,cafe,tb,True
akita/akita,571,うまい一丸鮨 秋田外旭川店,回転寿司,,seafood,tb,True
akita/akita,572,川口屋,和菓子,,sweets,tb,True
akita/akita,573,春駒食堂,食堂,,casual,tb,True
akita/akita,574,オイスターダイニング せるふぃっしゅ,居酒屋、オイスターバー、海鮮,,izakaya,tb,True
akita/akita,575,カフェ ラテ,カフェ,,cafe,tb,True
akita/akita,576,ランチ&パーティースペース ボルデリ,カフェ、丼、レストラン,,cafe,tb,True
akita/akita,577,えのき,食堂、ラーメン、丼,,casual,tb,True
akita/akita,578,メルカートわかばマイスター,惣菜・デリ、弁当、サンドイッチ,,casual,tb,True
akita/akita,579,ラーメン まぜそば 幸星軒,ラーメン,,noodles,tb,True
akita/akita,580,やまがた庵,そば、うどん、居酒屋,,noodles,tb,True
akita/akita,581,みよし屋食堂,食堂,,casual,tb,True
akita/akita,582,菓子園　中野屋 空港ロード店,和菓子、ケーキ,,sweets,tb,True
akita/akita,583,Be Mellow Cafe&Roastery,カフェ,,cafe,tb,True
akita/akita,584,喫茶 キートス,喫茶店,,cafe,tb,True
akita/akita,585,喫茶 WAI,カフェ、カレー,,cafe,tb,True
akita/akita,586,ザ・ラウンジ,カフェ、バー、スイーツ,,cafe,tb,True
akita/akita,587,菓匠 将満 秋田店,和菓子、大福,,sweets,tb,True
akita/akita,588,日本料理 御山,日本料理、弁当,,japanese,tb,True
akita/akita,589,仲寿司,寿司,,seafood,tb,True
akita/akita,590,夢幻海,海鮮、居酒屋,,seafood,tb,True
akita/akita,591,コーヒースタンドHaLo,カフェ,,cafe,tb,True
akita/akita,592,麺喰うがっ!?,ラーメン,,noodles,tb,True
akita/akita,593,麺処りょう馬,ラーメン,,noodles,tb,True
akita/akita,594,なつかしの味 支那そば,ラーメン,,noodles,tb,True
akita/akita,595,Sisimali,ラーメン,,noodles,tb,True
akita/akita,596,コンディトライ　ジン,ケーキ、かき氷,,sweets,tb,True
akita/akita,597,ラーメン めんこい,ラーメン,,noodles,tb,True
akita/akita,598,仏蘭西菓子　La France,ケーキ、カフェ、スイーツ,,sweets,tb,True
akita/akita,599,みそらぁめん みそのこまち,ラーメン,,noodles,tb,True
akita/akita,600,Soup Curry Ganesh,スープカレー,,curry,tb,True
akita/akita,601,ふくまる堂,たい焼き・大判焼き、カフェ,,sweets,tb,True
akita/akita,602,マゴコロ ルミエール テラス,レストラン、ビュッフェ,,casual,tb,False
akita/akita,603,菓子園 中野屋 土崎駅前店,和菓子、ケーキ,,sweets,tb,True
akita/akita,604,国際教養大学カフェテリア,カフェ、食堂、学生食堂,,cafe,tb,True
akita/akita,605,アウルズバー,バー,,izakaya,tb,True
akita/akita,606,宮崎肉処 霧峰 イオンモール秋田店,牛料理,,other,none,False
akita/akita,607,カフェ スマイルリング,カフェ、洋食,,cafe,tb,True
akita/akita,608,GELATERIA yuwa,ジェラート・アイスクリーム,,sweets,tb,True
akita/akita,609,一乃穂 秋田駅トピコ,せんべい、和菓子,,sweets,tb,False
akita/akita,610,Wine Bar fukuDa,ワインバー,,izakaya,tb,True
akita/akita,611,つるべゑ,串揚げ、居酒屋,,japanese,tb,True
akita/akita,612,食堂93,居酒屋,,izakaya,tb,True
akita/akita,613,酒肴楽飲 くろだるま,居酒屋,,izakaya,tb,True
akita/akita,614,カーサ・ブランジーノ,イタリアン,,european,tb,True
akita/akita,615,つくし食堂,食堂,,casual,tb,True
akita/akita,616,こよい,居酒屋,,izakaya,tb,True
akita/akita,617,羊屋 Tocchi,ジンギスカン,,meat,tb,True
akita/akita,618,喰い処 旬,居酒屋、そば、うどん,,izakaya,tb,True
akita/akita,619,江戸前食堂,食堂,,casual,tb,True
akita/akita,620,支那そば　まき,ラーメン,,noodles,tb,True
akita/akita,621,パティスリー パルテール 秋田西武店,洋食、ケーキ,,european,tb,True
akita/akita,622,GZLAMP,カフェ,,cafe,tb,True
akita/akita,623,青木堂オープンベーカリー,パン、サンドイッチ,,sweets,tb,True
akita/akita,624,山王一丁目食堂,食堂、社員食堂,,casual,tb,True
akita/akita,625,タミーユベーカリー,パン,,sweets,tb,True
akita/akita,626,牛玄亭厨房,弁当,,casual,tb,True
akita/akita,627,上野苑,焼肉,,meat,tb,True
akita/akita,628,Nice Time Coffee,カフェ,,cafe,tb,True
akita/akita,629,アズキバー,バー、レストラン,,izakaya,tb,True
akita/akita,630,ダイニング ソウ,創作料理,,japanese,tb,True
akita/akita,631,ニルカフェ,カフェ、カレー,,cafe,tb,True
akita/akita,632,じゃっちゃが,もんじゃ焼き、お好み焼き,,casual,tb,True
akita/akita,633,BOX COFFEE 泉店,コーヒースタンド,,cafe,tb,True
akita/akita,634,あんぷ～,フレンチ、ビストロ、喫茶店,,european,tb,True
akita/akita,635,おむすび工房 香,弁当、おにぎり,,casual,tb,True
akita/akita,636,旬肴酒菜 一や,日本料理、居酒屋,,japanese,tb,True
akita/akita,637,175カンティーナ,イタリアン,,european,tb,True
akita/akita,638,小料理茂八,日本料理、居酒屋,,japanese,tb,True
akita/akita,639,カボチャ,パン、ケーキ,,sweets,tb,True
akita/akita,640,トラットリア・チャオジージョ,パスタ、イタリアン,,european,tb,True
akita/akita,641,Heart Bread ANTIQUE イオンモール秋田店,パン,,sweets,tb,True
akita/akita,642,コンカドール,バー、日本酒バー、居酒屋,,izakaya,tb,True
akita/akita,643,ほのじぐみ,居酒屋,,izakaya,tb,True
akita/akita,644,n24,カフェ,,cafe,tb,True
akita/akita,645,キリン食堂,イタリアン、居酒屋,,european,tb,True
akita/akita,646,Limelight,カフェ,,cafe,tb,True
akita/akita,647,お晩菜ふらり,レストラン、居酒屋,,izakaya,tb,False
akita/akita,648,ドーミーイン秋田,ホテル,,other,none,False
akita/akita,649,留り木,焼肉,,meat,tb,True
akita/akita,650,みどり寿司,寿司,,seafood,tb,True
akita/akita,651,ブランシュ,洋食,,european,tb,True
akita/akita,652,うつつ,居酒屋,,izakaya,tb,True
akita/akita,653,中華そば 醬,ラーメン,,noodles,tb,True
akita/akita,654,とんかつ太郎,とんかつ、食堂、ラーメン,,meat,tb,True
akita/akita,655,杉山壽山堂 トピコ店,和菓子,,sweets,tb,True
akita/akita,656,秋田菓子宗家　かおる堂 大町店,ケーキ、和菓子,,sweets,tb,True
akita/akita,657,中華料理紅蘭,中華料理,,chinese,tb,True
akita/akita,658,ビストロ セルポア,ビストロ、洋食、イタリアン,,european,tb,True
akita/akita,659,BOULANGERIE パンノキ,パン,,sweets,tb,True
akita/akita,660,翁屋開運堂 本店,和菓子,,sweets,tb,True
akita/akita,661,手作りパンの Pain de campagne minato,パン,,sweets,tb,True
akita/akita,662,千秋公園売店,売店,,casual,tb,True
akita/akita,663,工房いち絵,たい焼き・大判焼き,,sweets,tb,True
akita/akita,664,暖団家,ホルモン,,meat,tb,True
akita/akita,665,鮨ふじ貴,寿司,,seafood,tb,True
akita/akita,666,季節料理けんちゃん,居酒屋,,izakaya,tb,True
akita/akita,667,和食 みなみ,日本料理,,japanese,tb,True
akita/akita,668,克ちゃん炭火焼,居酒屋,,izakaya,tb,True
akita/akita,669,川反ルーフトップ 肉広場,バーベキュー、バル、ビアホール,,european,tb,False
akita/akita,670,ANAクラウンプラザホテル秋田,ホテル,,other,none,False
akita/akita,671,陸王,ラーメン,,noodles,tb,True
akita/akita,672,上海,ラーメン,,noodles,tb,True
akita/akita,673,フルックリー,フルーツパーラー、カフェ、クレープ・ガレット,,cafe,tb,False
akita/akita,674,焼きとん 大国 秋田山王店,もつ焼き,,meat,desc,False
akita/akita,675,ディアポーク 泉店,弁当、惣菜・デリ,,casual,tb,True
akita/akita,676,キッチン ヤマヤ,パスタ、カレー,,european,tb,True
akita/akita,677,ふぁーむハウス旬菜,オーガニック、食堂,,casual,tb,False
akita/akita,678,藤井酒店,バー,,izakaya,tb,True
akita/akita,679,天酔,居酒屋,,izakaya,tb,True
akita/akita,680,ふ和たま,お好み焼き,,casual,tb,True
akita/akita,681,西洋菓子工房 デザートハウス ぶどうの実,ケーキ、洋菓子,,sweets,tb,True
akita/akita,682,食事と酒とコーヒー EVERY DOG,カフェ,,cafe,tb,True
akita/akita,683,秋田ハタハタ ブリこあん,たい焼き・大判焼き,,sweets,tb,True
akita/akita,684,クラブラウンジ,バー,,izakaya,tb,True
akita/akita,685,煙,居酒屋、焼き鳥,,izakaya,tb,True
akita/akita,686,下駄に綿つけて,カフェ,,cafe,tb,True
akita/akita,687,Bar K.T,バー,,izakaya,tb,True
akita/akita,688,唐なす,レストラン,,other,none,False
akita/akita,689,ラウンジ ロイヤルスカイ,その他,,other,none,False
akita/akita,690,お菓子のくらた トピコ店,洋菓子、和菓子,,sweets,tb,True
akita/akita,691,支那そば 泉吹,ラーメン,,noodles,tb,True
akita/akita,692,十六房,中華料理、創作料理、汁なし担々麺,,chinese,tb,True
akita/akita,693,ロッソ,バー,,izakaya,tb,True
akita/akita,694,菓子工房ぜんげつ,和菓子、洋菓子、かき氷,,sweets,tb,True
akita/akita,695,高砂堂,和菓子、ケーキ,,sweets,tb,True
akita/akita,696,チーズ＆ワインアベ,ケーキ,,sweets,tb,True
akita/akita,697,モンキーバナナ,居酒屋,,izakaya,tb,True
akita/akita,698,まめまめハウス 本店,コーヒースタンド、スイーツ,,cafe,tb,True
akita/akita,699,Souffle Pancake Rocco,パンケーキ、カフェ,,cafe,tb,False
akita/akita,700,蒸しぱん時,パン,,sweets,tb,True
akita/akita,701,ポケット,ケーキ、マカロン,,sweets,tb,True
akita/akita,702,The Bar 1996,バー,,izakaya,tb,True
akita/akita,703,トリアノン ヤシマ,ケーキ,,sweets,tb,True
akita/akita,704,御菓子処 光月堂 秋田トピコ店,和菓子,,sweets,tb,True
akita/akita,705,ベリースイーツ,ケーキ,,sweets,tb,True
akita/akita,706,琉 肉、酒、ときどき魚。,居酒屋、肉料理,,izakaya,tb,True
akita/akita,707,創作居酒屋 まるしま,居酒屋,,izakaya,tb,True
akita/akita,708,川とパンと,パン,,sweets,tb,True
akita/akita,709,秋田温泉プラザ カフェレストラン,食堂、麺類,,casual,tb,True
akita/akita,710,すし和髙,寿司,,seafood,tb,True
akita/akita,711,fishermans baru 109,海鮮、バル,,seafood,tb,True
akita/akita,712,Artisan,焼き鳥、日本料理、郷土料理,,meat,tb,True
akita/akita,713,旨い肴と旨い酒 けんちゃん家,居酒屋,,izakaya,tb,True
akita/akita,714,カレーDERA フォンテ店,パキスタン料理、インド料理、インドカレー,,curry,tb,False
akita/akita,715,Le jardin de Manaka,フレンチ,,european,tb,True
akita/akita,716,旬香 くしま,食堂,,casual,tb,True
akita/akita,717,酒場ニカイノニカ,居酒屋、イタリアン,,izakaya,tb,True
akita/akita,718,DININGとんま,食堂,,casual,tb,True
akita/akita,719,イタリア料理 Cucina Miura Salute,イタリアン,,european,tb,True
akita/akita,720,草階のみせ,居酒屋,,izakaya,tb,True
akita/akita,721,橘,日本料理,,japanese,tb,True
akita/akita,722,うさみ家,食堂,,casual,tb,True
akita/akita,723,cafe La Doux,食堂、カフェ、バー,,casual,tb,True
akita/akita,724,ラーメン海王,ラーメン,,noodles,tb,True
akita/akita,725,郷土料理 味治,郷土料理,,japanese,tb,True
akita/akita,726,藤亭,ラーメン、つけ麺、食堂,,noodles,tb,True
akita/akita,727,ラーメン亭 かぜ,ラーメン,,noodles,tb,True
akita/akita,728,旭南軒,ラーメン,,noodles,tb,True
akita/akita,729,お菓子のたかすぎ,ケーキ、ジェラート・アイスクリーム,,sweets,tb,True
akita/akita,730,ひょうたん 広面店,居酒屋、食堂、お好み焼き,,izakaya,tb,True
akita/akita,731,酒房 福,居酒屋、ラーメン、焼き鳥,,izakaya,tb,True
akita/akita,732,しゃぶせん,しゃぶしゃぶ,,meat,tb,True
akita/akita,733,Toranoco.,かき氷,,sweets,tb,True
akita/akita,734,食堂カフェ ノルン,喫茶店、カフェ、食堂,,cafe,tb,True
akita/akita,735,道頓堀,お好み焼き,,casual,tb,True
akita/akita,736,ながい菓子店,洋菓子,,sweets,tb,True
akita/akita,737,ふうき,焼肉,,meat,tb,True
akita/akita,738,プティ・フール,パン,,sweets,tb,True
akita/akita,739,輪言,居酒屋,,izakaya,tb,True
akita/akita,740,光月堂,和菓子、ケーキ、パン,,sweets,tb,True
akita/akita,741,いろは,日本料理,,japanese,tb,True
akita/akita,742,さかえ,居酒屋,,izakaya,tb,True
akita/akita,743,i.cocochi chiffon,洋菓子、パン,,sweets,tb,True
akita/akita,744,ホテルパールシティ秋田川反,ホテル,,other,none,False
akita/akita,745,つなぐ珈琲 2号店,コーヒースタンド,,cafe,tb,True
akita/akita,746,椅子と珈琲 雲の巣,喫茶店,,cafe,tb,True
akita/akita,747,酒菜おかだ,居酒屋,,izakaya,tb,True
akita/akita,748,みや川,日本料理、レストラン,,japanese,tb,True
akita/akita,749,プラージュ,ワインバー,,izakaya,tb,True
akita/akita,750,ごはんとおやつ キトラ,カフェ、オーガニック,,cafe,tb,True
akita/akita,751,GiornoCoffee,コーヒースタンド,,cafe,tb,True
akita/akita,752,STEPS BAR,ダイニングバー,,izakaya,tb,True
akita/akita,753,SHANGRI・LA,カフェ,,cafe,tb,True
akita/akita,754,スターバックスコーヒー 秋田駅店,カフェ,,cafe,tb,True
akita/akita,755,ナガハマコーヒー 秋田空港店,カフェ,,cafe,tb,True
akita/akita,756,吾作 御所野店,ラーメン,,noodles,tb,True
akita/akita,757,秋田の食堂 やまと,ラーメン、居酒屋,,noodles,tb,True
akita/akita,758,海鮮ダイニング まぐろや はなの夢 ルートイングランティア秋田 SPA RESORT店,居酒屋、海鮮、焼き鳥,,izakaya,tb,True
akita/akita,759,そうじゅん,ラーメン、つけ麺,,noodles,tb,True
akita/akita,760,コモチヅキ,カフェ,,cafe,tb,True
akita/akita,761,ZOT,ダイニングバー、ビアバー、スポーツバー,,izakaya,tb,True
akita/akita,762,獅子丸大飯店,中華料理,,chinese,tb,True
akita/akita,763,自家製麺 大和,ラーメン,,noodles,tb,True
akita/akita,764,TONPUKU,ラーメン,,noodles,tb,True
akita/akita,765,セリオンキッチン,食堂、レストラン,,casual,tb,True
akita/akita,766,ぷくぷく,日本料理,,japanese,tb,True
akita/akita,767,焼鳥花びし,焼き鳥,,meat,tb,True
akita/akita,768,丸源食堂,食堂、居酒屋,,casual,tb,True
akita/akita,769,旬菜松はし,日本料理,,japanese,tb,True
akita/akita,770,あっぱれいなせ家,海鮮、居酒屋,,seafood,tb,True
akita/akita,771,レストラン樹楽里,食堂、旅館・民宿,,casual,tb,True
akita/akita,772,メリッサ,カフェ,,cafe,tb,True
akita/akita,773,やどろく,レストラン,,other,none,False
akita/akita,774,夜鳴き食堂にいまる,居酒屋,,izakaya,tb,True
akita/akita,775,花鳥風月,居酒屋、日本料理、しゃぶしゃぶ,,izakaya,tb,True
akita/akita,776,生はちみつ食パン専門店 ROSE MAY,パン,,sweets,tb,True
akita/akita,777,旭南高砂堂 売店,洋菓子,,sweets,tb,True
akita/akita,778,中村屋,洋食、喫茶店,,european,tb,True
akita/akita,779,居酒屋えん,居酒屋,,izakaya,tb,True
akita/akita,780,ロゼ・シャルール,フレンチ、パスタ、洋食,,european,tb,True
akita/akita,781,鮨一八,寿司,,seafood,tb,True
akita/akita,782,鉄板酒場 ふじやま,鉄板焼き、居酒屋,,meat,tb,True
akita/akita,783,高砂堂 トピコ店,和菓子,,sweets,tb,True
akita/akita,784,一久,食堂,,casual,tb,True
akita/akita,785,ホテルパールシティ秋田竿燈大通り,ホテル,,other,none,False
akita/akita,786,ビアテラス,ビアガーデン、バーベキュー、焼肉,,meat,tb,False
akita/akita,787,Pi Cafe 衣料の大高,洋食、カフェ,,european,tb,True
akita/akita,788,別邸 酒丸,居酒屋,,izakaya,tb,True
akita/akita,789,スターバックス・コーヒー 秋田アルス店,カフェ、パン,,cafe,tb,True
akita/akita,790,秋田市民市場,その他,,other,none,False
akita/akita,791,はなまる青果店,その他,,other,none,False
akita/akita,792,膳菜や,郷土料理、居酒屋、海鮮,,japanese,tb,True
akita/akita,793,スイーツガーデン セレステ翔,ケーキ,,sweets,tb,True
akita/akita,794,galerie+wine cafe TURM,カフェ、洋食、ワインバー,,cafe,tb,True
akita/akita,795,炭火炙り家 えびす,焼き鳥、もつ鍋、居酒屋,,meat,tb,True
akita/akita,796,桜園,焼肉,,meat,tb,True
akita/akita,797,サイドバック,パブ、バー,,izakaya,tb,True
akita/akita,798,フジタ製菓,和菓子,,sweets,tb,True
akita/akita,799,ビストロ　ラエール,ビストロ、イタリアン,,european,tb,True
akita/akita,800,BOLS,バー、ダイニングバー、パスタ,,izakaya,tb,True
akita/akita,801,洋食 かわぐち,洋食,,european,tb,True
akita/akita,802,こげめ,串焼き,,meat,tb,True
akita/akita,803,すうるどぅしゃ,ケーキ、洋菓子,,sweets,tb,True
akita/akita,804,横森菓子店,プリン、洋菓子,,sweets,tb,False
akita/akita,805,居酒屋もぐら,居酒屋,,izakaya,tb,True
akita/akita,806,ユフォーレ,ホテル,,other,none,False
akita/akita,807,明烏,居酒屋,,izakaya,tb,True
akita/akita,808,Milk Crown,カフェ、バー,,cafe,tb,True
akita/akita,809,炭火やきとり いっき,焼き鳥,,meat,tb,True
akita/akita,810,たみすけ,居酒屋,,izakaya,tb,True
akita/akita,811,カフェ　ロゼ,洋食、カフェ,,european,tb,True
akita/akita,812,酒肴 きく,日本料理,,japanese,tb,True
akita/akita,813,ホテル秋月館,ホテル,,other,none,False
akita/akita,814,函太郎 秋田広面店,回転寿司,,seafood,tb,True
akita/akita,815,一文字,おにぎり,,casual,tb,True
akita/akita,816,イン ハー ライフ,カフェ,,cafe,tb,True
akita/akita,817,元祖ラーメンショップ 寺内店,ラーメン,,noodles,tb,True
akita/akita,818,お食事処　福々,食堂,,casual,tb,True
akita/akita,819,おかしの千秋庵,ケーキ、和菓子,,sweets,tb,True
akita/akita,820,町酒場ペッシバル,イタリアン、バル,,european,tb,True
akita/akita,821,Gajraaj,インド料理,,curry,tb,True
akita/akita,822,お菓子なcoto,ケーキ、カフェ,,sweets,tb,True
akita/akita,823,新時代 秋田大町店,焼き鳥、居酒屋,,meat,tb,True
akita/akita,824,パクパク,パン、カフェ,,sweets,tb,True
akita/akita,825,花だんご信濃や,和菓子、かき氷,,sweets,tb,True
akita/akita,826,おやつ工房ジーバ,洋菓子,,sweets,tb,True
akita/akita,827,やきとり 宮本 川反店,焼き鳥、居酒屋,,meat,tb,True
akita/akita,828,福恩麻辣湯 秋田店,四川料理,,other,none,False
akita/akita,829,正木理容,バー,,izakaya,tb,True
akita/akita,830,アクシア,バー,,izakaya,tb,True
akita/akita,831,和食 てつ也,日本料理,,japanese,tb,True
akita/akita,832,海鮮食堂 さあべ,海鮮丼、居酒屋,,seafood,tb,True
akita/akita,833,津軽のもつけ,居酒屋,,izakaya,tb,True
akita/akita,834,和食と酒 はれとけ,日本料理,,japanese,tb,True
akita/akita,835,DEL PIERO,ダイニングバー、タコス,,izakaya,tb,True
akita/akita,836,i-gatta,居酒屋,,izakaya,tb,True
akita/akita,837,ぱんけ,パン,,sweets,tb,True
akita/akita,838,いやし処ほてる寛楽 秋田川反,ホテル,,other,none,False
akita/akita,839,餃子専門店 焱,餃子,,chinese,tb,True
akita/akita,840,青空船,ダイニングバー、居酒屋,,izakaya,tb,True
akita/akita,841,FRUTTO,イタリアン,,european,tb,True
akita/akita,842,うゑむら,日本料理,,japanese,tb,True
akita/akita,843,やきとり詩仙,焼き鳥,,meat,tb,True
akita/akita,844,カレーうどん 鶴の屋,カレーうどん,,noodles,desc,False
akita/akita,845,スピカ旅行社,バル,,european,tb,True
akita/akita,846,九十九 秋田駅前店,居酒屋、きりたんぽ、郷土料理,,izakaya,tb,True
akita/akita,847,秋田空港おみやげ広場 あ・えーる,その他,,other,none,False
akita/akita,848,丸亀製麺 秋田店,うどん,,noodles,tb,True
akita/akita,849,紀伊国屋 秋田駅前ニュー金座街店,居酒屋、串揚げ、焼酎バー,,izakaya,tb,True
akita/akita,850,鳳仙閣,台湾料理,,chinese,tb,True
akita/akita,851,東横INN  秋田駅東口,ホテル,,other,none,False
akita/akita,852,ぱっぷや まるごと市場店,からあげ、食堂、ラーメン,,meat,tb,True
akita/akita,853,さいとう トピコ店（秋田駅前店）,郷土料理,,japanese,tb,True
akita/akita,854,ミート＆デリカ 一力,その他,,other,none,False
akita/akita,855,南部家敷 八橋店,そば、天ぷら、うなぎ,,noodles,tb,True
akita/akita,856,秋田いなふく米菓,和菓子,,sweets,tb,True
akita/akita,857,NATURE,カフェ,,cafe,tb,True
akita/akita,858,ANDANTE,カフェ、日本料理,,cafe,tb,True
akita/akita,859,県庁食堂,食堂、社員食堂,,casual,tb,True
akita/akita,860,ルートイングランティア 秋田SPA RESORT,ホテル,,other,none,False
akita/akita,861,バイロカフェ,カフェ、ダイニングバー、バー,,cafe,tb,True
akita/akita,862,喰らい亭,居酒屋、焼き鳥、郷土料理,,izakaya,tb,True
akita/akita,863,やまねこ軒,オーガニック、飲茶・点心、中華料理,,chinese,tb,False
akita/akita,864,地酒BARU TSUBASA,日本酒バー,,izakaya,tb,True
akita/akita,865,炭火でいろいろ焼いてくれや,焼肉、居酒屋,,meat,tb,True
akita/akita,866,あみもと,居酒屋,,izakaya,tb,True
akita/akita,867,秋田畑,カレー、ハンバーガー、スイーツ,,curry,tb,True
akita/akita,868,博進堂,ケーキ、和菓子,,sweets,tb,True
akita/akita,869,Ange,ケーキ、喫茶店,,sweets,tb,True
akita/akita,870,南山亭,焼き鳥、居酒屋,,meat,tb,True
akita/akita,871,牛車,焼肉,,meat,tb,True
akita/akita,872,お菓子のアトリエ ア・ドゥマン,ケーキ、洋菓子,,sweets,tb,True
akita/akita,873,秋田市雄和サイクリングターミナル レストラン,食堂、おにぎり,,casual,tb,True
akita/akita,874,ほたる家,焼き鳥、居酒屋、すっぽん,,meat,tb,True
akita/akita,875,こおりかふぇ melty U,かき氷,,sweets,tb,True
akita/akita,876,魚菜ダイニングどん呑亭,焼き鳥、居酒屋,,meat,tb,True
akita/akita,877,LondonBus Bakery,パン、カフェ,,sweets,tb,True
akita/akita,878,地魚料理 寿司処 菊寿し,寿司、ふぐ,,seafood,tb,True
akita/akita,879,びすとろ南蛮や,居酒屋,,izakaya,tb,True
akita/akita,880,村田商店,弁当、おにぎり,,casual,tb,True
akita/akita,881,Mika Cafe,カフェ,,cafe,tb,True
akita/akita,882,てん,焼き鳥,,meat,tb,True
akita/akita,883,すし春,寿司,,seafood,tb,True
akita/akita,884,肴屋ひさご,レストラン,,other,none,False
akita/akita,885,たにやん,日本料理、レストラン,,japanese,tb,True
akita/akita,886,酒菜 ほん多,居酒屋,,izakaya,tb,True
akita/akita,887,いと,日本料理、居酒屋,,japanese,tb,True
akita/akita,888,すっとんとん,弁当、おにぎり,,casual,tb,True
akita/akita,889,小若,居酒屋,,izakaya,tb,True
akita/akita,890,Aji-Q 外旭川店,ラーメン,,noodles,tb,True
akita/akita,891,コメダ珈琲店 秋田八橋店,喫茶店,,cafe,tb,True
akita/akita,892,ナガハマコーヒー 外旭川店,カフェ,,cafe,tb,True
akita/akita,893,ニューデイズ 秋田中央口,コンビニ・スーパー,,daily,tb,True
akita/akita,894,ナガハマコーヒー 御野場店,カフェ、ケーキ,,cafe,tb,True
akita/akita,895,個室完備居酒屋 極上肉×旨い海鮮を喰らう 茜屋 秋田駅前店,居酒屋、きりたんぽ、郷土料理,,izakaya,tb,True
akita/akita,896,台湾料理 昇旺閣,台湾料理,,chinese,tb,True
akita/akita,897,和食 神楽,日本料理、きりたんぽ、食堂,,japanese,tb,True
akita/akita,898,自家製麺 鈴森,ラーメン,,noodles,tb,True
akita/akita,899,つねまる by 我武者羅,居酒屋、焼き鳥、海鮮,,izakaya,tb,True
akita/akita,900,そば処さん,そば、うどん,,noodles,tb,True
akita/akita,901,昭和屋,ラーメン,,noodles,tb,True
akita/akita,902,ギンホル,居酒屋、牛タン、ホルモン,,izakaya,tb,True
akita/akita,903,大内田,日本料理、ふぐ,,japanese,tb,True
akita/akita,904,ローストビーフ酒場 USHIMARU,洋食、ヨーロッパ料理,,european,tb,True
akita/akita,905,ももん,日本料理,,japanese,tb,True
akita/akita,906,すっち,ホルモン、焼肉,,meat,tb,True
akita/akita,907,イヤタカ,日本料理,,japanese,tb,True
akita/akita,908,いろは食堂,社員食堂,,casual,desc,False
akita/akita,909,たこまる,たこ焼き,,casual,tb,True
akita/akita,910,meat&beer バルコラボ 秋田大町店,肉バル、ビアホール、ダイニングバー,,izakaya,tb,False
akita/akita,911,ひがしやま 秋田東通店,焼肉,,meat,tb,True
akita/akita,912,木こり庵,そば、ラーメン,,noodles,tb,True
akita/akita,913,貝麺ほてや,ラーメン,,noodles,tb,True
akita/akita,914,チイサナカフェ オリーブ,カフェ,,cafe,tb,True
akita/akita,915,日本壹,海鮮、郷土料理,,seafood,tb,True
akita/akita,916,うどん・そば自販機,その他,,other,none,False
akita/akita,917,虎穴,居酒屋,,izakaya,tb,True
akita/akita,918,春夏冬,居酒屋,,izakaya,tb,True
akita/akita,919,南秋田カントリークラブ,レストラン,,other,none,False
akita/akita,920,森のくまさん,ラーメン,,noodles,tb,True
akita/akita,921,イングリッシュコテージ,ヨーロッパ料理、カフェ,,european,tb,True
akita/akita,922,BU太 広面店,弁当,,casual,tb,True
akita/akita,923,きゃどぽんぽんじ〜な,カフェ,,cafe,tb,True
akita/akita,924,カレーパンの君島,パン,,sweets,tb,True
akita/akita,925,鉄板焼き 空桜 SORA,鉄板焼き,,meat,tb,True
akita/akita,926,御蔵町洋菓子店,洋菓子,,sweets,tb,True
akita/akita,927,てるてるぼ～ずBakery,パン,,sweets,tb,True
akita/akita,928,秋田椿台カントリークラブ レストラン,レストラン,,other,none,False
akita/akita,929,Bar Bamboo,バー,,izakaya,tb,True
akita/akita,930,焼肉 雷や,焼肉,,meat,tb,True
akita/akita,931,想麻,食堂,,casual,tb,True
akita/akita,932,VISTA COFFEE ROASTERS,カフェ,,cafe,tb,True
akita/akita,933,ホテルなにわ,ホテル,,other,none,False
akita/akita,934,喫茶 桂,喫茶店,,cafe,tb,True
akita/akita,935,アール・ベル・アンジェ秋田,結婚式場,,other,none,False
akita/akita,936,山岡家 秋田仁井田店,ラーメン、つけ麺,,noodles,tb,True
akita/akita,937,陳麻家  秋田外旭川店,四川料理、ラーメン、餃子,,noodles,tb,False
akita/akita,938,ゆで太郎 秋田まるごと市場店,そば,,noodles,tb,True
akita/akita,939,カルビ丼とスン豆腐専門店 韓丼 秋田中央店,丼,,casual,tb,True
akita/akita,940,札幌 かに本家 秋田店,かに、日本料理,,seafood,tb,True
akita/akita,941,ドトールコーヒーショップ 秋田トピコ店,カフェ、サンドイッチ,,cafe,tb,True
akita/akita,942,日乃屋カレー 秋田新国道店,カレー,,curry,tb,True
akita/akita,943,丸亀製麺 秋田広面店,うどん、天ぷら,,noodles,tb,True
akita/akita,944,八永南部家敷 外旭川店,そば、天ぷら、うなぎ,,noodles,tb,True
akita/akita,945,秋田まるごと市場,その他,,other,none,False
akita/akita,946,ちょいおでん 秋田駅前店,おでん、居酒屋,,japanese,tb,True
akita/akita,947,二代目　福治郎,その他、ラーメン,,noodles,tb,False
akita/akita,948,ピノキオ,ラーメン、丼、カレー,,noodles,tb,True
akita/akita,949,ドラム缶焼肉,焼肉、居酒屋、韓国料理,,meat,tb,True
akita/akita,950,大安吉日,ラーメン,,noodles,tb,True
akita/akita,951,みなみ食堂,食堂,,casual,tb,True
akita/akita,952,肉のわかば 広面店,惣菜・デリ、弁当,,casual,tb,True
akita/akita,953,ANAフェスタ 秋田ロビー店,その他,,other,none,False
akita/akita,954,菅久商店,その他,,other,none,False
akita/akita,955,八永南部家敷  広面店,そば、天ぷら、うなぎ,,noodles,tb,True
akita/akita,956,木s,ラーメン,,noodles,tb,True
akita/akita,957,居酒屋なごや,居酒屋,,izakaya,tb,True
akita/akita,958,麦とぶどう,洋食,,european,tb,True
akita/akita,959,館,食堂,,casual,tb,True
akita/akita,960,cafe  とまとの店,カフェ、餃子、サンドイッチ,,cafe,tb,True
akita/akita,961,手作りケーキ グランシェフ,ケーキ,,sweets,tb,True
akita/akita,962,おひとりさま,居酒屋,,izakaya,tb,True
akita/akita,963,炭やき 佐のいち,肉料理,,meat,tb,True
akita/akita,964,ほたる,焼き鳥,,meat,tb,True
akita/akita,965,なかいち桟敷,居酒屋、焼き鳥,,izakaya,tb,True
akita/akita,966,レストラン サンサン,食堂,,casual,tb,True
akita/akita,967,寿司大和,寿司,,seafood,tb,True
akita/akita,968,藤の家,日本料理,,japanese,tb,True
akita/akita,969,レストラン＆カフェ ビアンモール,食堂,,casual,tb,True
akita/akita,970,あざみ亭 秋田本店,しゃぶしゃぶ、すき焼き、豚しゃぶ,,meat,tb,True
akita/akita,971,亀の町アップトゥユー,その他,,other,none,False
akita/akita,972,うなぎ処ふく家 秋田泉店,うなぎ,,seafood,tb,True
akita/akita,973,モン高砂堂,ケーキ、和菓子,,sweets,tb,True
akita/akita,974,焼鳥　はし本,焼き鳥,,meat,tb,True
akita/akita,975,麺華 春は桜に牡丹,つけ麺、ラーメン,,noodles,tb,True
akita/akita,976,ハヤール,喫茶店,,cafe,tb,True
akita/akita,977,松下酒房,日本酒バー,,izakaya,tb,True
akita/akita,978,茶房 慧,カフェ,,cafe,tb,True
akita/akita,979,酔って家,居酒屋,,izakaya,tb,True
akita/akita,980,さきがけニュースカフェ,カフェ,,cafe,tb,True
akita/akita,981,佐ノ樹,ラーメン,,noodles,tb,True
akita/akita,982,いけちゃん,おでん、焼き鳥,,japanese,tb,True
akita/akita,983,丸杓子,弁当、惣菜・デリ,,casual,tb,True
akita/akita,984,静舎,カフェ、飲茶・点心,,cafe,tb,True
akita/akita,985,居酒屋くまがい,居酒屋,,izakaya,tb,True
akita/akita,986,貝の沢温泉 食堂,食堂,,casual,tb,True
akita/akita,987,レストラン　清樹苑,レストラン、弁当,,casual,tb,False
akita/akita,988,ジャズスポット ロンド,カフェ、バー,,cafe,tb,True
akita/akita,989,むぎの香,パン,,sweets,tb,True
akita/akita,990,楽味,寿司、おでん、居酒屋,,seafood,tb,True
akita/akita,991,やしち,日本料理、郷土料理,,japanese,tb,True
akita/akita,992,小林菓子舗,和菓子,,sweets,tb,True
akita/akita,993,むぎの音,パン,,sweets,tb,True
akita/akita,994,食の館 香味,食堂、居酒屋,,casual,tb,True
akita/akita,995,宮城屋蒲鉾店 大町店,そば、うどん,,noodles,tb,True
akita/akita,996,ダイニング さきがけ,食堂,,casual,tb,True
akita/akita,997,益味食堂,食堂,,casual,tb,True
akita/akita,998,秋田杉,居酒屋,,izakaya,tb,True
akita/akita,999,Dining KAI,居酒屋,,izakaya,tb,True
akita/akita,1000,遊友結の酒田米菓 秋田トピコ店,せんべい,,other,none,False
akita/akita,1001,MAHALO,パン,,sweets,tb,True
akita/akita,1002,韓国居酒屋 焼肉 コリアン,居酒屋、韓国料理、焼肉,,izakaya,tb,True
akita/akita,1003,レストラン光琳 秋田大学病院店,レストラン,,other,none,False
akita/akita,1004,鮨ゆう,寿司,,seafood,tb,True
akita/akita,1005,J&B,カフェ,,cafe,tb,True
akita/akita,1006,TETE BAKES,ベーグル,,sweets,tb,True
akita/akita,1007,つくしんぼ,喫茶店,,cafe,tb,True
akita/akita,1008,セ・ボン,パン,,sweets,tb,True
akita/akita,1009,古民家カフェ 木蓮,カフェ,,cafe,tb,True
akita/akita,1010,ラーメン山岡家  秋田寺内店,ラーメン,,noodles,tb,True
akita/akita,1011,三宝亭 八橋店,ラーメン、つけ麺、餃子,,noodles,tb,True
akita/akita,1012,三宝亭 御所野店,ラーメン,,noodles,tb,True
akita/akita,1013,大阪王将 秋田ドンキホーテ店,餃子、中華料理,,chinese,tb,True
akita/akita,1014,びっくりドンキー 山王臨海店,ファミレス、ハンバーグ,,casual,tb,True
akita/akita,1015,ナガハマコーヒー 広面店,カフェ、パスタ,,cafe,tb,True
akita/akita,1016,Italian Kitchen VANSAN 秋田八橋店,イタリアン、カフェ,,european,tb,True
akita/akita,1017,東天紅 秋田キャッスルホテル店,中華料理、飲茶・点心、ダイニングバー,,chinese,tb,True
akita/akita,1018,ヴィ・ド・フランス 秋田店,パン、カフェ,,sweets,tb,True
akita/akita,1019,はなまるうどん 秋田トピコ店,うどん、天ぷら、カレー,,noodles,tb,True
akita/akita,1020,びっくりドンキー 広面店,ファミレス、ハンバーグ,,casual,tb,True
akita/akita,1021,リンガーハット イオンモール秋田店,ちゃんぽん、餃子,,noodles,tb,True
akita/akita,1022,びっくりドンキー 秋田御所野店,ファミレス、ハンバーグ,,casual,tb,True
akita/akita,1023,串カツ田中 秋田駅前店,串揚げ、居酒屋、うどん,,japanese,tb,True
akita/akita,1024,タリーズコーヒー フォンテAKITA店,カフェ,,cafe,tb,True
akita/akita,1025,Aji-Q 秋田みなと館,ラーメン,,noodles,tb,True
akita/akita,1026,かつや 秋田東通店,とんかつ、かつ丼,,meat,tb,True
akita/akita,1027,暖や 秋田大学病院前店,居酒屋、日本料理、焼き鳥,,izakaya,tb,True
akita/akita,1028,スシロー 秋田茨島店,回転寿司,,seafood,tb,True
akita/akita,1029,鎌倉パスタ イオンモール秋田店,パスタ,,european,tb,True
akita/akita,1030,ナガハマコーヒー 山王店,カフェ、喫茶店,,cafe,tb,True
akita/akita,1031,コメダ珈琲店 秋田東通店,喫茶店、カフェ,,cafe,tb,True
akita/akita,1032,スターバックスコーヒー 秋田東通店,カフェ,,cafe,tb,True
akita/akita,1033,スターバックス・コーヒー イオンモール秋田店,カフェ,,cafe,tb,True
akita/akita,1034,スターバックスコーヒー 秋田保戸野学園通り店,カフェ,,cafe,tb,True
akita/akita,1035,スパゲッティ専門店トレンタ 外旭川店,パスタ,,european,tb,True
akita/akita,1036,ペンギンベーカリー 秋田東通店,パン,,sweets,tb,True
akita/akita,1037,六星軒 イオンモール秋田店,ラーメン,,noodles,tb,True
akita/akita,1038,八永南部家敷 茨島店,そば、天ぷら、うなぎ,,noodles,tb,True
akita/akita,1039,焼肉 風磨,焼肉,,meat,tb,True
akita/akita,1040,石川酒店 トピコ店,その他,,other,none,False
akita/akita,1041,ファミリーマート 秋田空港店,コンビニ・スーパー,,daily,tb,True
akita/akita,1042,扇のくら,居酒屋,,izakaya,tb,True
akita/akita,1043,保丸,居酒屋、焼き鳥,,izakaya,tb,True
akita/akita,1044,鶏からの家 秋田店,からあげ、鳥料理,,meat,tb,True
akita/akita,1045,西武 秋田店,その他,,other,none,False
akita/akita,1046,麺・酒処 さくら軒,ラーメン、居酒屋,,noodles,tb,True
akita/akita,1047,げんき屋 秋田駅前店,焼き鳥、創作料理、居酒屋,,meat,tb,True
akita/akita,1048,開港堂,和菓子、かき氷,,sweets,tb,True
akita/akita,1049,うたせ,日本料理,,japanese,tb,True
akita/akita,1050,豚節らーめん のぞいち,ラーメン,,noodles,tb,True
akita/akita,1051,フォレスト・キャット,カフェ,,cafe,tb,True
akita/akita,1052,ステーキにくえもん,ステーキ,,meat,tb,True
akita/akita,1053,まる川反,居酒屋、牛タン,,izakaya,tb,True
akita/akita,1054,アンディズ カクテル アンド ウイスキー ハウス,バー,,izakaya,tb,True
akita/akita,1055,レストラン 太平,レストラン、食堂,,casual,tb,False
akita/akita,1056,フレッシュ ベーカリー いとく新国道店,パン,,sweets,tb,True
akita/akita,1057,森のこまち,カレー、麺類、ジェラート・アイスクリーム,,curry,tb,True
akita/akita,1058,よねしろ,居酒屋,,izakaya,tb,True
akita/akita,1059,秋田大学 手形食堂,学生食堂、社員食堂、食堂,,casual,tb,False
akita/akita,1060,G食堂 割山店,食堂、ラーメン、麺類,,casual,tb,True
akita/akita,1061,スウィートマーケット,オーガニック,,other,none,False
akita/akita,1062,安亀商店,その他,,other,none,False
akita/akita,1063,パン ワ パン,パン,,sweets,tb,True
akita/akita,1064,レストランピア,食堂,,casual,tb,True
akita/akita,1065,秋田カントリー倶楽部,レストラン,,other,none,False
akita/akita,1066,1997 ジャニス,バー,,izakaya,tb,True
akita/akita,1067,北の台所以真沁,居酒屋,,izakaya,tb,True
akita/akita,1068,自家製酵母パン　WAKU,パン,,sweets,tb,True
akita/akita,1069,蜜飴林檎 秋田大町店,スイーツ,,sweets,tb,True
akita/akita,1070,フーカー バー,バー,,izakaya,tb,True
akita/akita,1071,さぶうる・ど・くらた 山王店,洋菓子,,sweets,tb,True
akita/akita,1072,たかにし,居酒屋、郷土料理、日本酒バー,,izakaya,tb,True
akita/akita,1073,ハーフタイム,食堂,,casual,tb,True
akita/akita,1074,岩見温泉食堂,レストラン,,other,none,False
akita/akita,1075,レストラン 花茶屋,揚げ物、海鮮、ビュッフェ,,casual,tb,True
akita/akita,1076,くもりのちはれ,日本料理,,japanese,tb,True
akita/akita,1077,ほたる,食堂、居酒屋,,casual,tb,True
akita/akita,1078,とりたか,居酒屋,,izakaya,tb,True
akita/akita,1079,和Dining 光琳,日本料理、食堂、居酒屋,,japanese,tb,True
akita/akita,1080,和牛焼肉 壱,焼肉,,meat,tb,True
akita/akita,1081,涼甘味 さい賀,かき氷,,sweets,tb,True
akita/akita,1082,長寿庵,和菓子、甘味処,,sweets,tb,True
akita/akita,1083,風遊庵,居酒屋,,izakaya,tb,True
akita/akita,1084,パティスリー シャコション,ケーキ,,sweets,tb,True
akita/akita,1085,いなほ食堂,社員食堂,,casual,desc,False
akita/akita,1086,さとう,弁当、惣菜・デリ,,casual,tb,True
akita/akita,1087,トレザイールベース,カフェ,,cafe,tb,True
akita/akita,1088,よし成,和菓子,,sweets,tb,True
akita/akita,1089,すし暁,寿司,,seafood,tb,True
akita/akita,1090,軽食 こまち,麺類、ラーメン、喫茶店,,noodles,tb,True
akita/akita,1091,HIYOKO,食堂、カレー、居酒屋,,casual,tb,True
akita/akita,1092,花のれん,日本料理,,japanese,tb,True
akita/akita,1093,甚兵衛,おにぎり、郷土料理,,casual,tb,True
akita/akita,1094,ITALIAN TOMATO DOLCERIA,ケーキ、パン,,sweets,tb,True
akita/akita,1095,浜真寿司,寿司,,seafood,tb,True
akita/akita,1096,食楽亭 あかり,居酒屋、食堂,,izakaya,tb,True
akita/akita,1097,手打蕎麦湊庵,そば,,noodles,tb,True
akita/akita,1098,秋田キャッスルホテル 屋上ビヤガーデン,ビアホール,,other,none,False
akita/akita,1099,レストラン桜,そば,,noodles,tb,True
akita/akita,1100,フレッシュベーカリー,パン,,sweets,tb,True
akita/akita,1101,うつつ菓子店,洋菓子、カフェ,,sweets,tb,True
akita/akita,1102,秋田太平山カントリークラブ レストラン,麺類、海鮮、揚げ物,,noodles,tb,True
akita/akita,1103,ラハズバー,バー,,izakaya,tb,True
akita/akita,1104,バー ショービット,バー,,izakaya,tb,True
akita/akita,1105,酒菜 まきうち,居酒屋,,izakaya,tb,True
akita/akita,1106,バー モンスーン,バー,,izakaya,tb,True
akita/akita,1107,森の魔法レストラン マジックルボア,レストラン,,other,none,False
akita/akita,1108,K食 キジトラ,韓国料理,,chinese,tb,True
akita/akita,1109,こんがり屋,日本料理,,japanese,tb,True
akita/akita,1110,日本酒DiningKURO,ダイニングバー、居酒屋、日本酒バー,,izakaya,tb,True
akita/akita,1111,いとく 川尻店,コンビニ・スーパー,,daily,tb,True
akita/akita,1112,喫茶 久吉,喫茶店,,cafe,tb,True
akita/akita,1113,鮨いとう,寿司,,seafood,tb,True
akita/akita,1114,お食事処 北さん家,食堂,,casual,tb,True
akita/akita,1115,Bar cots,バー,,izakaya,tb,True
akita/akita,1116,しんいぢさとう,居酒屋,,izakaya,tb,True
akita/akita,1117,Big Town CAFE,バー,,izakaya,tb,True
akita/akita,1118,佳酒熟肴 余白,居酒屋,,izakaya,tb,True
akita/akita,1119,TAKEOUTSHOP はぴしゃむ,たい焼き・大判焼き、洋菓子,,sweets,tb,True
akita/akita,1120,みんなのテーブル,食堂,,casual,tb,True
akita/akita,1121,TEQUILA BAR SAN-TORU,バー、メキシコ料理,,izakaya,tb,True
akita/akita,1122,こずえ,バー、おにぎり,,izakaya,tb,True
akita/akita,1123,BAR清乃介,バー,,izakaya,tb,True
akita/akita,1124,秋田あくらビール ブルワリーショップ,ビアバー,,izakaya,tb,True
akita/akita,1125,センティール・ラ・セゾン 千秋公園,結婚式場,,other,none,False
akita/akita,1126,STAND UP BOSS,ダーツ、バー,,izakaya,tb,False
akita/akita,1127,カラオケ ジャンボ,カラオケ,,izakaya,tb,True
akita/akita,1128,元祖鳥一番,売店,,casual,tb,True
akita/akita,1129,サウンドS,カラオケ,,izakaya,tb,True
akita/akita,1130,紅虎餃子房 イオンモール秋田店,中華料理、飲茶・点心、ラーメン,,chinese,tb,True
akita/akita,1131,焼肉冷麺やまなか家 山王臨海店,焼肉、冷麺、ホルモン,,meat,tb,True
akita/akita,1132,バーミヤン 秋田旭南店,ファミレス、中華料理,,casual,tb,True
akita/akita,1133,はま寿司 秋田広面店,回転寿司,,seafood,tb,True
akita/akita,1134,サンマルクカフェ イオンモール秋田店,カフェ、パン、スイーツ,,cafe,tb,True
akita/akita,1135,グランブッフェ イオンモール秋田,イタリアン、ビュッフェ,,european,tb,True
akita/akita,1136,なか卯 ラウンドワン秋田卸町店,牛丼、親子丼、うどん,,casual,tb,True
akita/akita,1137,CoCo壱番屋 秋田東通店,カレー,,curry,tb,True
akita/akita,1138,松屋 秋田広面店,牛丼,,casual,tb,True
akita/akita,1139,吉野家 13号線秋田川尻若葉町,牛丼、カレー、食堂,,casual,tb,True
akita/akita,1140,DONQ 西武秋田店,パン、サンドイッチ,,sweets,tb,True
akita/akita,1141,鰻の成瀬 秋田店,うなぎ,,seafood,tb,True
akita/akita,1142,トレンタ 御所野店,パスタ,,european,tb,True
akita/akita,1143,サイゼリヤ 秋田OPA店,ファミレス、イタリアン,,casual,tb,True
akita/akita,1144,ステーキ宮 秋田山王店,ステーキ、ハンバーグ、ファミレス,,meat,tb,True
akita/akita,1145,ミスタードーナツ 秋田山王ショップ,ドーナツ,,sweets,tb,True
akita/akita,1146,利久 イオンモール秋田店,牛タン,,meat,tb,True
akita/akita,1147,はなまるうどん 秋田川元店,うどん、天ぷら、おでん,,noodles,tb,True
akita/akita,1148,からあげ専門 まつむら商店 中野本店,からあげ,,meat,tb,True
akita/akita,1149,トレンタ アルヴェ店,パスタ,,european,tb,True
akita/akita,1150,ニューデイズ 秋田ぽぽろーど店,コンビニ・スーパー,,daily,tb,True
akita/akita,1151,おみやげ処 こまち苑,その他,,other,none,False
akita/akita,1152,サブウェイ 秋田いとく新国道店,サンドイッチ、カフェ,,sweets,tb,True
akita/akita,1153,いろはにほへと 秋田駅前店,居酒屋、焼き鳥、海鮮,,izakaya,tb,True
akita/akita,1154,サイゼリヤ イオンスタイル秋田山王店,ファミレス、イタリアン,,casual,tb,True
akita/akita,1155,銀座惣菜店 イオンモール秋田店,惣菜・デリ、焼き鳥,,casual,tb,True
akita/akita,1156,せきや,その他,,other,none,False
akita/akita,1157,ニードザプレイス,その他,,other,none,False
akita/akita,1158,やきとり シバタ 外旭川店,焼き鳥,,meat,tb,True
akita/akita,1159,カフェ・コア,カフェ、パン、スープ,,cafe,tb,True
akita/akita,1160,ナイス フォンテAKITA店,コンビニ・スーパー,,daily,tb,True
akita/akita,1161,デイリーヤマザキ 秋田工業団地店,コンビニ・スーパー,,daily,tb,True
akita/akita,1162,高寅,その他,,other,none,False
akita/akita,1163,茨島厨房 ぱっぷや,からあげ、食堂、ラーメン,,meat,tb,True
akita/akita,1164,レストラン テルサ,食堂、カフェ,,casual,tb,True
akita/akita,1165,高長寿司,寿司,,seafood,tb,True
akita/akita,1166,大森山動物園ミルヴェ ビジターセンター,その他,,other,none,False
akita/akita,1167,和食 酣亭,日本料理,,japanese,tb,True
akita/akita,1168,あんのんらく,居酒屋,,izakaya,tb,True
akita/akita,1169,ぐらん麺 α,ラーメン,,noodles,tb,True
akita/akita,1170,よるあお,ラーメン、油そば・まぜそば、居酒屋,,noodles,tb,True
akita/akita,1171,日本料理　はなぎく,日本料理,,japanese,tb,True
akita/akita,1172,アパホテル 秋田千秋公園,ホテル,,other,none,False
akita/akita,1173,酒場まほろば,居酒屋、ステーキ、ダイニングバー,,izakaya,tb,True
akita/akita,1174,とうふ屋丸木橋六兵衛,その他、スイーツ,,sweets,tb,False
akita/akita,1175,日本そば 小料理  ひで,そば、居酒屋,,noodles,tb,True
akita/akita,1176,味魚魅,居酒屋,,izakaya,tb,True
akita/akita,1177,ぎょうざの紅梅,餃子,,chinese,tb,True
akita/akita,1178,味工房,ジェラート・アイスクリーム,,sweets,tb,True
akita/akita,1179,ダイニング き心,創作料理,,japanese,tb,True
akita/akita,1180,串 ナナイチ,もつ焼き、居酒屋,,izakaya,tb,False
akita/akita,1181,はっぴぃドア,カフェ、弁当,,cafe,tb,True
akita/akita,1182,弁当とらや,弁当,,casual,tb,True
akita/akita,1183,んだべおん,居酒屋,,izakaya,tb,True
akita/akita,1184,炭火焼　志庵,居酒屋、串焼き、海鮮,,izakaya,tb,True
akita/akita,1185,Yosuke Sato Akita,,Japanese,japanese,ta,True
akita/akita,1186,Akita Hinai Jidoriya,,Japanese,japanese,ta,True
akita/akita,1187,Akita Gyugentei,,Barbecue,meat,ta,True
akita/akita,1188,Inaniwa Udon Mugendo Akita Station,,Japanese,japanese,ta,True
akita/akita,1189,Eiraku Restaurant,,Japanese;International;Japanese - Other ,japanese,ta,True
akita/akita,1190,Akita Nagaya Sakaba Akita Ekimae,,Japanese;Izakaya (Japanese Style Tavern),izakaya,ta,True
akita/akita,1191,Akita Kiritampo Ya,,Japanese;Izakaya (Japanese Style Tavern),izakaya,ta,True
akita/akita,1192,Honke Abeya Akita,,Japanese,japanese,ta,True
akita/akita,1193,Ichi Ichibanzushi,,Japanese;Seafood;Sushi;Japanese - Other ,seafood,ta,True
akita/akita,1194,Takamura,,Japanese;Japanese - Traditional Cuisine;Japanese - Other ,japanese,ta,True
akita/akita,1195,Suehiro Ramen Honpo Akita Ekimae,,,other,none,False
akita/akita,1196,Toppimpararinopu,,,other,none,False
akita/akita,1197,Koryori Suzuno,,Japanese,japanese,ta,True
akita/akita,1198,Akita Tempura Mikawa,,Japanese,japanese,ta,True
akita/akita,1199,Sushi Tenkoma,,Japanese;Seafood;Sushi;Japanese - Other ,seafood,ta,True
akita/akita,1200,Sejong no Shokutaku,,Asian;Korean,chinese,ta,True
akita/akita,1201,Recette,,French;European,european,ta,True
akita/akita,1202,Ryori Restaurant Karin,,Chinese,chinese,ta,True
akita/akita,1203,Hinai Chicken Skewer Sot l y laisse,,Asian,chinese,ta,True
akita/akita,1204,Chinatown,,Chinese,chinese,ta,True
akita/akita,1205,Sakuragiya,,,other,none,False
akita/akita,1206,Cafe Akai Bunko,,Cafe,cafe,ta,True
akita/akita,1207,Inaniwa Udon Mugendoomachi Main Store,,,other,none,False
akita/akita,1208,Chawanya,,Japanese;Izakaya (Japanese Style Tavern),izakaya,ta,True
akita/akita,1209,Akita Kawabata Isariya Sakaba,,Japanese,japanese,ta,True
akita/akita,1210,Kanbungonendo Akita,,Japanese;Japanese - Other ,japanese,ta,True
akita/akita,1211,Shukitei Hinaiya Akita Branch,,Japanese,japanese,ta,True
akita/akita,1212,Shurakutei Umihiko,,Japanese;Izakaya (Japanese Style Tavern),izakaya,ta,True
akita/akita,1213,Ichinokura Akita Kawabata,,Japanese,japanese,ta,True
akita/akita,1214,Ostaria Muri Vecchi,,Italian,european,ta,True
akita/akita,1215,Sobadokorokibun,,Japanese;Asian,chinese,ta,True
akita/akita,1216,English Cottage,,International;European,european,ta,True
akita/akita,1217,Suehiroramenhonpo,,,other,none,False
akita/akita,1218,Oshokuji Dokoro Yama No Godai,,Japanese;International;Japanese - Other ,japanese,ta,True
akita/akita,1219,Ryotei Hamanoya Main Store,,Japanese;Japanese - Traditional Cuisine;Kaiseki;Kappo,japanese,ta,True
akita/akita,1220,Danya Akita Daigaku Byoin Mae,,Japanese;International;Japanese Fusion,japanese,ta,True
akita/akita,1221,Koshitsu Izakaya Neneya Akita Izumi,,Japanese;International;Japanese - Other ;Izakaya (Japanese Style Tavern);Japanese Fusion,izakaya,ta,True
akita/akita,1222,Starbucks Coffee Akita Als,,Cafe,cafe,ta,True
akita/akita,1223,Starbucks Coffee Akita Ekimae,,Cafe,cafe,ta,True
akita/akita,1224,Sky Grill Buffet Restaurant SORA,,Italian;Seafood;International;Grill;Dining bars,seafood,ta,True
akita/akita,1225,Sakari,,Chinese,chinese,ta,True
akita/akita,1226,Saint Marc Cafe Aeon Mall Akita,,Cafe,cafe,ta,True
akita/akita,1227,Sake Navi Akita,,Beer restaurants,other,none,False
akita/akita,1228,Unagi Yokotaya,,,other,none,False
akita/akita,1229,Suginoya Kuko,,Japanese,japanese,ta,True
akita/akita,1230,Kanpana,,Italian,european,ta,True
akita/akita,1231,Otafuku Honten,,Japanese,japanese,ta,True
akita/akita,1232,Kinman Topico,,,other,none,False
akita/akita,1233,Sobadokoro Kenta,,Japanese;Japanese - Other ,japanese,ta,True
akita/akita,1234,Akita Kurumaya,,Japanese;Japanese - Traditional Cuisine,japanese,ta,True
akita/akita,1235,Donogiya,,Japanese,japanese,ta,True
akita/akita,1236,Takemoto Shotentsukemen Kaitakusha,,Chinese,chinese,ta,True
akita/akita,1237,Tachinomaru Shokudo,,Japanese;International;Japanese - Other ,japanese,ta,True
akita/akita,1238,Villa Flora,,International,other,none,False
akita/akita,1239,Akita No Shokudo Yamato,,Japanese,japanese,ta,True
akita/akita,1240,Restaurant Karaoke Aqa Shinkokudo,,International,other,none,False
akita/akita,1241,Yakiniku Daidomon Akita,,Barbecue,meat,ta,True
akita/akita,1242,Tobi An,,French;Fusion,european,ta,True
akita/akita,1243,Shirakamian,,Japanese;Asian,chinese,ta,True
akita/akita,1244,Menya Nidaime Ieraishan,,Asian,chinese,ta,True
akita/akita,1245,Ramen Shop Iijima,,,other,none,False
akita/akita,1246,Farmers Kitchen Shun,,Healthy,other,none,False
akita/akita,1247,Sumigiyakiniku Kyu,,Barbecue,meat,ta,True
akita/akita,1248,Ramen Banki,,Asian,chinese,ta,True
akita/akita,1249,Hosenkaku,,Taiwanese,other,none,False
akita/akita,1250,Sushi Edo Barajima,,Japanese;Seafood;Sushi;Japanese - Other ,seafood,ta,True
akita/akita,1251,Syuhai,,Japanese;Izakaya (Japanese Style Tavern),izakaya,ta,True
akita/akita,1252,Ramennogoemon,,,other,none,False
akita/akita,1253,Sanbotei Goshono,,,other,none,False
akita/akita,1254,Akita Sabo,,,other,none,False
akita/akita,1255,Cafe Rose,,Fusion,other,none,False
akita/akita,1256,Jazz Spot Rondo,,Bar;Pub,izakaya,ta,True
akita/akita,1257,Kamakuranosato,,Japanese,japanese,ta,True
akita/akita,1258,Ristorante la Grotta,,Italian,european,ta,True
akita/akita,1259,Hormone Saru,,Japanese;Barbecue,meat,ta,True
akita/akita,1260,Gansoaraisoramen,,,other,none,False
akita/akita,1261,Karasumori,,Japanese;Japanese - Other ,japanese,ta,True
akita/akita,1262,Philippines Pub Night Rainbow,,Pub,izakaya,ta,True
akita/akita,1263,Karahashi Chaya,,Japanese,japanese,ta,True
akita/akita,1264,N,,Japanese;Japanese - Traditional Cuisine,japanese,ta,True
akita/akita,1265,Washokudokoro Maru,,Japanese,japanese,ta,True
akita/akita,1266,Yadoroku,,Japanese;International;Japanese - Other ,japanese,ta,True
akita/akita,1267,Ganso Akitanotaki,,Japanese,japanese,ta,True
akita/akita,1268,Akitako,,,other,none,False
akita/akita,1269,Sobadokoro Tsukasakonaya,,Japanese;Japanese - Other ,japanese,ta,True
akita/akita,1270,Kawabe Drive In,,Diner,casual,ta,True
akita/akita,1271,Kappo Kamesei,,Japanese;Japanese - Traditional Cuisine;Kappo,japanese,ta,True
akita/akita,1272,Yuunaya,,Japanese,japanese,ta,True
akita/akita,1273,Mikuriya Korin,,Japanese,japanese,ta,True
akita/akita,1274,Gosaku Ramen Sanno,,,other,none,False
akita/akita,1275,Tsujinoya,,Japanese;Japanese - Other ,japanese,ta,True
akita/akita,1276,Japanese Dining Garaku,,Japanese;Japanese - Other ,japanese,ta,True
akita/akita,1277,Organic Food Soekawa,,Japanese;Japanese - Other ,japanese,ta,True
akita/akita,1278,Laksh,,Indian,curry,ta,True
akita/akita,1279,Takemoto Shoten Niboshi Center Ajito,,Asian,chinese,ta,True
akita/akita,1280,Akita Tsubakidai Country Club Restaurant,,Japanese - Other ,japanese,ta,True
akita/akita,1281,Soukamokka,,Italian,european,ta,True
akita/akita,1282,Sappororamensharaku,,,other,none,False
akita/akita,1283,Sakanaya Hompo Honten,,Seafood,seafood,ta,True
akita/akita,1284,Ramen Shop Kawabe,,Asian,chinese,ta,True
akita/akita,1285,Shinsen Sakana No Shokudo Sugoemon,,Japanese;Seafood;Japanese - Other ,seafood,ta,True
akita/akita,1286,Japanese Cuisine Hanagiku,,Japanese,japanese,ta,True
akita/akita,1287,Sobayasuginojuheiji,,Japanese;Japanese - Other ,japanese,ta,True
akita/akita,1288,Sushi Kishin,,Japanese;Seafood;Sushi;Japanese - Other ,seafood,ta,True
akita/akita,1289,Saketomi,,,other,none,False
akita/akita,1290,Uogashi,,Japanese;Japanese - Other ,japanese,ta,True
akita/akita,1291,Totenko Akita Castle Hotel,,Chinese,chinese,ta,True
akita/akita,1292,Restaurant M,,,other,none,False
akita/akita,1293,Tachisoba,,Japanese,japanese,ta,True
akita/akita,1294,Nihonichi,,Bar;Pub,izakaya,ta,True
akita/akita,1295,Shinasoba Ito,,Asian,chinese,ta,True
akita/akita,1296,Bar Togakushi,,Japanese,japanese,ta,True
akita/akita,1297,Soupholic,,Soups,other,none,False
akita/akita,1298,Akita Gyugentei Sanno Bekkan,,,other,none,False
akita/akita,1299,Sushi Arata,,Japanese;Seafood;Sushi;Japanese - Other ,seafood,ta,True
akita/akita,1300,Farmhouse Shunna,,Healthy,other,none,False
akita/akita,1301,Shanghai,,,other,none,False
akita/akita,1302,Sushi Go Round Kaitensushi Sunoie Niida,,Japanese;Seafood;Sushi;Japanese - Other ,seafood,ta,True
akita/akita,1303,Ramen Koedo,,,other,none,False
akita/akita,1304,Doronken,,Japanese;Japanese - Other ,japanese,ta,True
akita/akita,1305,Okonomiyaki Dotonbori Goshono,,Japanese,japanese,ta,True
akita/akita,1306,Umaimonya Seino Taro,,,other,none,False
akita/akita,1307,Iroriya Akita Kawabata,,Japanese,japanese,ta,True
akita/akita,1308,Nagahama Coffee Hiromoteten,,Cafe,cafe,ta,True
akita/akita,1309,Bier Cafe Akura,,Brew Pub;Pub,izakaya,ta,True
akita/akita,1310,Japanese Restaurant Sugawara,,Japanese;Japanese - Traditional Cuisine,japanese,ta,True
akita/akita,1311,Nagomiya,,,other,none,False
akita/akita,1312,Akitashi Yuwa Cycling Terminal,,Japanese;International;Japanese - Other ,japanese,ta,True
akita/akita,1313,Menya Sojun,,Japanese,japanese,ta,True
akita/akita,1314,Takaraya,,Barbecue,meat,ta,True
akita/akita,1315,Menya Tomo,,Asian,chinese,ta,True
akita/akita,1316,Danmaya Suisan Akita Omachi,,Seafood,seafood,ta,True
akita/akita,1317,Hana No Yume Route Inn Grantia Akita,,Japanese,japanese,ta,True
akita/akita,1318,Akita Taiheizan Country Club Restaurant,,,other,none,False
akita/akita,1319,Tatsuhuku,,Japanese;Seafood;Sushi;Japanese - Other ,seafood,ta,True
akita/akita,1320,Tokyo Hanten,,Chinese,chinese,ta,True
akita/akita,1321,Cafe Restaurant Nozomi,,Japanese,japanese,ta,True
akita/akita,1322,Restaurant Hikariya,,Japanese,japanese,ta,True
akita/akita,1323,Sapporo Kanihonke Akita branch,,Japanese;Seafood,seafood,ta,True
akita/akita,1324,Ramen Jun,,Asian,chinese,ta,True
akita/akita,1325,Mukokuseki Shunyo,,International,other,none,False
akita/akita,1326,Panash Tsuchizaki,,Indian,curry,ta,True
akita/akita,1327,Shunsai Matsuhashi,,Japanese;Japanese - Traditional Cuisine;Kappo,japanese,ta,True
akita/akita,1328,La Sala,,Italian,european,ta,True
akita/akita,1329,Curry House CoCo Ichibanya Akita Higashidori,,Fast Food,casual,ta,True
akita/akita,1330,Homare Sushi,,Sushi,seafood,ta,True
akita/akita,1331,Yosaku Ramen,,,other,none,False
akita/akita,1332,Otofu Kushiyaki Kamakuraya,,Japanese,japanese,ta,True
akita/akita,1333,Appare Sushi Station East Entrance,,Sushi,seafood,ta,True
akita/akita,1334,Sushi Sho,,Japanese;Seafood;Sushi;Japanese - Other ,seafood,ta,True
akita/akita,1335,Kenchan Ramen Akitaten,,,other,none,False
akita/akita,1336,Komorebi Cafe,,Cafe,cafe,ta,True
akita/akita,1337,88 Bal,,Japanese;Japanese Fusion,japanese,ta,True
akita/akita,1338,Ichiba No Sushi Restaurant,,Japanese;Seafood;Sushi;Japanese - Other ,seafood,ta,True
akita/akita,1339,Mugen Sabo,,,other,none,False
akita/akita,1340,Deux Filles,,,other,none,False
akita/akita,1341,Nakadori Satisfaction,,American,european,ta,True
akita/akita,1342,一休,,Asian,chinese,ta,True
akita/akita,1343,Chisanchisho Shinkai,,Japanese,japanese,ta,True
akita/akita,1344,Tomboan,,,other,none,False
akita/akita,1345,Momon,,Japanese;Japanese - Other ,japanese,ta,True
akita/akita,1346,Teuchi Soba Ichieryo,,Japanese;Japanese - Other ,japanese,ta,True
akita/akita,1347,Kokoroiki Chuuboo Shie,,Japanese;Izakaya (Japanese Style Tavern),izakaya,ta,True
akita/akita,1348,Tachibana,,Japanese;Japanese - Traditional Cuisine;Kaiseki,japanese,ta,True
akita/akita,1349,Selion Cafe,,Cafe,cafe,ta,True
akita/akita,1350,Shodai Menya Tonosaki,,,other,none,False
akita/akita,1351,Yamaokaya Akita Niida,,,other,none,False
akita/akita,1352,Izakaya Sanpo,,Japanese;Brew Pub;Seafood;Asian;Korean;Japanese Fusion,seafood,ta,True
akita/akita,1353,Kourakuen AEON Akita Chuo,,Asian,chinese,ta,True
akita/akita,1354,Muroran Ramen Hachiya Soto Asahikawa,,Japanese;Sushi,seafood,ta,True
akita/akita,1355,Kourakuen Barajima,,Asian,chinese,ta,True
akita/akita,1356,Japanese Cuisine Kagura,,Japanese,japanese,ta,True
akita/akita,1357,Kamakura Pasta Aeon Mall Akita,,Italian,european,ta,True
akita/akita,1358,Cocktail Whisky Lady,,Bar;Cafe;International,cafe,ta,True
akita/akita,1359,Sanshodo,,,other,none,False
akita/akita,1360,Meshiya No Champon,,Asian,chinese,ta,True
akita/akita,1361,Yakiniku Minamidaimon Akita,,Barbecue,meat,ta,True
akita/akita,1362,Hakata Ramen Zontaku,,,other,none,False
akita/akita,1363,Izakaya Meguro,,Japanese;Izakaya (Japanese Style Tavern),izakaya,ta,True
akita/akita,1364,Yakiniku Reimen Yamanakaya Sannou Rinkai Ten,,,other,none,False
akita/akita,1365,Cafe de Saison,,Cafe,cafe,ta,True
akita/akita,1366,Yakiniku Restaurant Daishoen,,Asian;Korean,chinese,ta,True
akita/akita,1367,Halal Restaurant Dera Akita,,Indian,curry,ta,True
akita/akita,1368,Delicious Tapas Zen,,Japanese;Spanish,european,ta,True
akita/akita,1369,Daidoko Dai,,Japanese;Izakaya (Japanese Style Tavern),izakaya,ta,True
akita/akita,1370,Chikara Shokudo,,Japanese;International;Japanese - Other ,japanese,ta,True
akita/akita,1371,Wings Takigyoza Fukutoya,,Chinese,chinese,ta,True
akita/akita,1372,Gosaku Hiroomote,,,other,none,False
akita/akita,1373,Kappo Tamai,,Japanese;Japanese - Traditional Cuisine;Kappo,japanese,ta,True
akita/akita,1374,Marugame Seimen Akita,,,other,none,False
akita/akita,1375,Apparezushi,,Japanese;Sushi,seafood,ta,True
akita/akita,1376,Sushi Edo Yamatedai,,Japanese;Seafood;Sushi;Japanese - Other ,seafood,ta,True
akita/akita,1377,Grilled Beef Innards Shinei,,Japanese,japanese,ta,True
akita/akita,1378,Takahashi,,Japanese;International;Japanese - Other ,japanese,ta,True
akita/akita,1379,Gado Gado,,Asian,chinese,ta,True
akita/akita,1380,Takara Sushi Branch,,Japanese;Seafood;Sushi;Japanese - Other ,seafood,ta,True
akita/akita,1381,Stamina Taro Akita Goshono,,Japanese,japanese,ta,True
akita/akita,1382,Cosmos Eatery,,Japanese;International;Japanese - Other ,japanese,ta,True
akita/akita,1383,Tonkatsu Abe,,Japanese;Japanese - Other ,japanese,ta,True
akita/akita,1384,Platz,,Bar;Pub,izakaya,ta,True
akita/akita,1385,Namaste Asian Restaurant,,Indian,curry,ta,True
akita/akita,1386,Aburi Gyutan Man,,Japanese,japanese,ta,True
akita/akita,1387,Ijinkan,,Cafe,cafe,ta,True
akita/akita,1388,Mugenkai,,Seafood,seafood,ta,True
akita/akita,1389,Yasuke Soba Akita Souhonten,,Japanese,japanese,ta,True
akita/akita,1390,Akita Meibutsu Natto Ramen Kiraku,,,other,none,False
akita/akita,1391,Sushicho,,Japanese;Seafood;Sushi;Japanese - Other ,seafood,ta,True
akita/akita,1392,Karaage Shop Matsumura Shoten,,,other,none,False
akita/akita,1393,Bikkuri Donkey Hiro Omote,,International,other,none,False
akita/akita,1394,Menya Nibosuke Hiroomote,,,other,none,False
akita/akita,1395,Masago Shokudo,,Japanese;International;Japanese - Other ,japanese,ta,True
akita/akita,1396,Sasaki,,,other,none,False
akita/akita,1397,Naka Edo,,,other,none,False
akita/akita,1398,India Nepal Restaurant Panas,,Indian;Asian;Nepali,curry,ta,True
akita/akita,1399,Furansuryorisanbimu,,French,european,ta,True
akita/akita,1400,Muroran Ramen Hachiya Flagship,,Japanese,japanese,ta,True
akita/akita,1401,Gourmet Sushi Go Round Kantaro Akita Hiroomote,,Japanese;Sushi,seafood,ta,True
akita/akita,1402,Yushoku Saiga,,Japanese,japanese,ta,True
akita/akita,1403,Nori,,Japanese;Pub;Japanese - Other ,izakaya,ta,True
akita/akita,1404,Soba Restaurant Shiki,,,other,none,False
akita/akita,1405,Shumei,,Chinese,chinese,ta,True
akita/akita,1406,Yakiniku No Matsuen,,Barbecue,meat,ta,True
akita/akita,1407,Taian Bento Higashi dori,,Japanese;Japanese - Other ,japanese,ta,True
akita/akita,1408,Ouchida,,Japanese;Japanese - Other ,japanese,ta,True
akita/akita,1409,Sobadokoro Fuetsu,,Japanese;Japanese - Other ,japanese,ta,True
akita/akita,1410,Katsudon Takatsu,,,other,none,False
akita/akita,1411,Shuan Tanaka,,Japanese,japanese,ta,True
akita/akita,1412,Cafe Epice,,Cafe,cafe,ta,True
akita/akita,1413,Tsukiji Gindako Aeon Goshono,,Japanese,japanese,ta,True
akita/akita,1414,Nagasaki Champonya,,Asian,chinese,ta,True
akita/akita,1415,Katsuya Akita Higashidori,,,other,none,False
akita/akita,1416,Dear Pork,,Japanese,japanese,ta,True
akita/akita,1417,Osakaosho Akita Don Quijote,,Chinese,chinese,ta,True
akita/akita,1418,Manma,,Brew Pub;Pub,izakaya,ta,True
akita/akita,1419,Dodenshita,,Japanese,japanese,ta,True
akita/akita,1420,Curry House CoCo Ichibanya Round 1 Akita,,Fast Food,casual,ta,True
akita/akita,1421,Ramen Dokoro Chinchikurin Hiroomote,,,other,none,False
akita/akita,1422,風来坊,,Japanese;Izakaya (Japanese Style Tavern),izakaya,ta,True
akita/akita,1423,Akita Municipal Office Staff Cafeteria,,Japanese - Other ,japanese,ta,True
akita/akita,1424,Akitaken Keisatsu Honbu Unten Menkyo Center Shokudo,,Japanese;International;Japanese - Other ,japanese,ta,True
akita/akita,1425,Koshitsu Izakaya Akaneya Akita Station,,Japanese,japanese,ta,True
akita/akita,1426,Nagahama Coffee Sanno,,Cafe,cafe,ta,True
akita/akita,1427,Essence,,French,european,ta,True
akita/akita,1428,Nikusobacenter Yoshitora,,Chinese,chinese,ta,True
akita/akita,1429,Curry House Kareitei,,Japanese;Indian,curry,ta,True
akita/akita,1430,Chuka Dining Kinshu,,Chinese,chinese,ta,True
akita/akita,1431,Shurakutei Umihiko Yokomachi,,Japanese,japanese,ta,True
akita/akita,1432,Ramen Shokunin Mandai,,Asian,chinese,ta,True
akita/akita,1433,Sumibiyaki Shiraho,,Grill,meat,desc,False
akita/akita,1434,Curry House CoCo Ichibanya Akita Tsuchizaki,,Fast Food,casual,ta,True
akita/akita,1435,Restaurant Chinkuru,,Steakhouse,meat,ta,True
akita/akita,1436,Restaurant Seijuen,,International,other,none,False
akita/akita,1437,Ekimae Acchan,,Japanese;Izakaya (Japanese Style Tavern),izakaya,ta,True
akita/akita,1438,Vie de France Akita,,,other,none,False
akita/akita,1439,Kappo Kyodo Ryori Irifune,,Japanese;Kappo,japanese,ta,True
akita/akita,1440,Tempura Shusai Daigo,,Japanese;Japanese - Other ,japanese,ta,True
akita/akita,1441,Hazado,,Japanese,japanese,ta,True
akita/akita,1442,Usamiya Sushi,,Japanese;Seafood;Sushi;Japanese - Other ,seafood,ta,True
akita/akita,1443,Shusai No Kakurega Tsukiakari Akita Ekimae,,Japanese;Izakaya (Japanese Style Tavern),izakaya,ta,True
akita/akita,1444,Kourakuen Hiro Omote,,Asian,chinese,ta,True
akita/akita,1445,Norichang,,Steakhouse;Pub,meat,ta,True
akita/akita,1446,Tasukezushi,,Japanese;Sushi,seafood,ta,True
akita/akita,1447,Chinese Dining Daikoya,,Chinese,chinese,ta,True
akita/akita,1448,Wakaba Sanno,,Japanese,japanese,ta,True
akita/akita,1449,Kushiage Kinokuniya Akita Ekimae New Kinzagai,,Japanese;Izakaya (Japanese Style Tavern),izakaya,ta,True
akita/akita,1450,Osaka Ohsho Akita Goshono,,Chinese,chinese,ta,True
akita/akita,1451,Tonkatsu Katsuki Akita Seibu,,Japanese,japanese,ta,True
akita/akita,1452,Bikkuri Donkey Sanno Rinkai,,,other,none,False
akita/akita,1453,Mampachi,,,other,none,False
akita/akita,1454,Parsley,,,other,none,False
akita/akita,1455,Gusto Akita Barashima,,International,other,none,False
akita/akita,1456,Toriyama,,Japanese;Japanese - Traditional Cuisine,japanese,ta,True
akita/akita,1457,Marugame Seimen Hiroomote,,,other,none,False
akita/akita,1458,Mamma Mia,,Pub;Gastropub,izakaya,ta,True
akita/akita,1459,Tonkatsu Katsuki Niida,,Japanese,japanese,ta,True
akita/akita,1460,Rosso,,Bar;Pub,izakaya,ta,True
akita/akita,1461,Tamaruya,,Japanese,japanese,ta,True
akita/akita,1462,Setouchi Semen,,Japanese;Japanese - Other ,japanese,ta,True
akita/akita,1463,Umai Ichigan Zushi Kaitenzushi Akita Soto Asahikawa,,Japanese;Seafood;Sushi;Japanese - Other ,seafood,ta,True
akita/akita,1464,Wasaikai,,Japanese;Fusion;Japanese - Other ,japanese,ta,True
akita/akita,1465,Castle House,,Bar;Pub,izakaya,ta,True
akita/akita,1466,Soko,,Chinese,chinese,ta,True
akita/akita,1467,Fujiya Karaage,,Japanese,japanese,ta,True
akita/akita,1468,Shinasoba Yoriki,,,other,none,False
akita/akita,1469,Manhattan Grill Sannoza,,Steakhouse,meat,ta,True
akita/akita,1470,Tamago no Ki branch number 1,,,other,none,False
akita/akita,1471,Roji Chubo Shaza,,Japanese,japanese,ta,True
akita/akita,1472,Du Plait Ishii,,,other,none,False
akita/akita,1473,Sobaichi,,Japanese,japanese,ta,True
akita/akita,1474,Yakiton Daikoku Akita Omachi,,Japanese,japanese,ta,True
akita/akita,1475,Restaurant a 1,,Fusion,other,none,False
akita/akita,1476,Bengal Curry Tei Mannan,,Indian,curry,ta,True
akita/akita,1477,Menyashodai Takemotoshoten,,,other,none,False
akita/akita,1478,Iyo Seimen Akita,,,other,none,False
akita/akita,1479,Tonkatsu Katsu Yoshi Sanno,,Japanese,japanese,ta,True
akita/akita,1480,Kamenocho Store,,,other,none,False
akita/akita,1481,Tsuneya,,Japanese;Pub,izakaya,ta,True
akita/akita,1482,Higashiikebukuro Taishoken,,Chinese,chinese,ta,True
akita/akita,1483,Banya,,Japanese;International;Japanese - Other ,japanese,ta,True
akita/akita,1484,Akkera Kan,,Japanese;Japanese - Other ,japanese,ta,True
akita/akita,1485,Sahara Shoten,,,other,none,False
akita/akita,1486,Zecchini Pizza Bancarella,,Italian;Pizza,european,ta,True
akita/akita,1487,Tsukemen Kotetu,,Asian,chinese,ta,True
akita/akita,1488,Mokkiri Yosuke,,Japanese,japanese,ta,True
akita/akita,1489,Chinese Restauranttenka,,Chinese,chinese,ta,True
akita/akita,1490,Tachibanaya,,Japanese;Asian,chinese,ta,True
akita/akita,1491,Lamb Daccha,,Barbecue,meat,ta,True
akita/akita,1492,Kameya,,Japanese,japanese,ta,True
akita/akita,1493,Sanki,,,other,none,False
akita/akita,1494,Yabuyoshi,,Japanese;Japanese - Other ,japanese,ta,True
akita/akita,1495,Akita Chinese Restaurant Isshintei,,Chinese,chinese,ta,True
akita/akita,1496,Ringer Hut Aeon Mall Akita,,Asian,chinese,ta,True
akita/akita,1497,Yoneshiro,,Japanese;Izakaya (Japanese Style Tavern),izakaya,ta,True
akita/akita,1498,Summit,,,izakaya,desc,False
akita/akita,1499,Fuwatama,,Japanese;Japanese - Other ,japanese,ta,True
akita/akita,1500,Hyoraku,,,other,none,False
akita/akita,1501,Benitora Gyozabo AEON MALL Akita,,Chinese;Asian,chinese,ta,True
akita/akita,1502,Moonshine,,Bar;Pub,izakaya,ta,True
akita/akita,1503,Cuore,,International,other,none,False
akita/akita,1504,Japanese Noodle Arima,,Japanese,japanese,ta,True
akita/akita,1505,Yakiniku Wakaba Higashi Dori,,Barbecue,meat,ta,True
akita/akita,1506,Shinrin Gakushunkan Kikori No Yado Juwariike Soba Kikorian,,Japanese;Japanese - Other ,japanese,ta,True
akita/akita,1507,Okuzushi,,Japanese;Seafood;Sushi;Japanese - Other ,seafood,ta,True
akita/akita,1508,Akita of Chinese Noodle Shin,,,other,none,False
akita/akita,1509,Local Cuisine Akitasugi,,Japanese,japanese,ta,True
akita/akita,1510,Frank Spice Curry Plus,,,other,none,False
akita/akita,1511,Dodgers Shokudo,,Japanese;International;Japanese - Other ,japanese,ta,True
akita/akita,1512,Sasakiya Honke Akita main branch,,,other,none,False
akita/akita,1513,Aji Mi,,Japanese,japanese,ta,True
akita/akita,1514,Gokenjo Kasutira,,,other,none,False
akita/akita,1515,Sobadokorotsutaya,,Japanese;Japanese - Other ,japanese,ta,True
akita/akita,1516,Ani Ski Resort Restaurant,,Chinese;Japanese;Fast Food,chinese,ta,True
akita/akita,1517,Chimmaya Akita Soto Asahikawa,,Chinese;Szechuan,chinese,ta,True
akita/akita,1518,Pronto Akita Opa,,Pub;Gastropub,izakaya,ta,True
akita/akita,1519,Peacock,,Indian,curry,ta,True
akita/akita,1520,Takasagodo,,,other,none,False
akita/akita,1521,Tokyo Mampuku Ramen Omachi,,Asian,chinese,ta,True
akita/akita,1522,Sushi Akasaka,,Sushi,seafood,ta,True
akita/akita,1523,Chugoku Saikan Ichigen,,Chinese,chinese,ta,True
akita/akita,1524,Korean Restaurant Shurakuen,,Asian;Korean,chinese,ta,True
akita/akita,1525,Torisuken,,Japanese;Japanese - Other ,japanese,ta,True
akita/akita,1526,Hachinai Nambu Yashiki Soto Asahikawa,,Japanese;Sushi;Japanese - Other ,seafood,ta,True
akita/akita,1527,Sekineya,,,other,none,False
akita/akita,1528,Yamanekoken,,Healthy,other,none,False
akita/akita,1529,Shusanka,,Japanese,japanese,ta,True
akita/akita,1530,Sakagura Kuamoyaji,,,other,none,False
akita/akita,1531,Wabi Sabi,,Fusion,other,none,False
akita/akita,1532,Tomarigi,,Barbecue,meat,ta,True
akita/akita,1533,Hakata Nagahama Ramen Ah Hakata Ninjo Akita,,Asian,chinese,ta,True
akita/akita,1534,Toriya Kibe Sannoakita Main Store,,,other,none,False
akita/akita,1535,Kobushi,,Japanese;Japanese - Traditional Cuisine;Kappo,japanese,ta,True
akita/akita,1536,Ouchi Gohan,,Japanese;International;Japanese - Other ,japanese,ta,True
akita/akita,1537,Fujishige,,Japanese;Fusion;Japanese - Other ;Japanese Fusion,japanese,ta,True
akita/akita,1538,Kondo Shokudo,,Japanese;International;Japanese - Other ,japanese,ta,True
akita/akita,1539,Taiwanryori Rokujun En Hiroomote,,Taiwanese,other,none,False
akita/akita,1540,Hana No Mai Akita West Entrance,,Japanese,japanese,ta,True
akita/akita,1541,Gourmand,,Japanese;Seafood;Sushi;Japanese - Other ,seafood,ta,True
akita/akita,1542,Bikkuri Donkey Akita Goshono,,American;Steakhouse;Grill;Healthy,meat,ta,True
akita/akita,1543,Miyama,,Japanese,japanese,ta,True
akita/akita,1544,Teppanyaki Taiga,,Japanese,japanese,ta,True
akita/akita,1545,Miyagiya Kamaboko Hiroomote,,Japanese;Japanese - Other ,japanese,ta,True
akita/akita,1546,Soba Udon Yamacho,,Japanese;Japanese - Other ,japanese,ta,True
akita/akita,1547,Tenkichi Shokudo,,Japanese;International;Japanese - Other ,japanese,ta,True
akita/akita,1548,Grand Buffet Akita,,,other,none,False
akita/akita,1549,Suzuya Akita,,Asian,chinese,ta,True
akita/akita,1550,Tenka Ichiban Hodono Head Store,,Japanese,japanese,ta,True
akita/akita,1551,Funaki Ramen,,,other,none,False
akita/akita,1552,Local Cuisine Miharu,,Japanese;Sushi;Kaiseki,seafood,ta,True
akita/akita,1553,Poppo,,Fusion,other,none,False
akita/akita,1554,Himori,,Japanese,japanese,ta,True
akita/akita,1555,Radio s Bar,,Bar;Pub,izakaya,ta,True
akita/akita,1556,Lunch Bistro Brunch,,International,other,none,False
akita/akita,1557,丼丸 秋田店,,Seafood,seafood,ta,True
akita/akita,1558,Kappa Sushi Akita Hiro Omote,,Japanese;Seafood;Sushi;Japanese - Other ,seafood,ta,True
akita/akita,1559,Hokushu,,,other,none,False
akita/akita,1560,Kitchen Fujimi,,,other,none,False
akita/akita,1561,Korean Restaurant Daega,,Asian;Korean,chinese,ta,True
akita/akita,1562,Pepper Lunch Aeon Mall Akita,,Fast Food,casual,ta,True
akita/akita,1563,Inaniwa Hoshi Udon Hachidaime Sato Yoske,,,other,none,False
akita/akita,1564,Japanese Restaurantogi Ya,,Japanese;International;Japanese - Other ,japanese,ta,True
akita/akita,1565,Hidesushi,,Japanese;Seafood;Sushi;Japanese - Other ,seafood,ta,True
akita/akita,1566,Japanese Dining Annonraku,,Japanese;Dining bars,japanese,ta,True
akita/akita,1567,Hinai Ya,,Japanese,japanese,ta,True
akita/akita,1568,Butcher Roh,,Italian,european,ta,True
akita/akita,1569,Backerei Bandebrot,,,other,none,False
akita/akita,1570,Shikisai Hanare,,Japanese;Bar;Pub,izakaya,ta,True
akita/akita,1571,Ramen Memmaru Shinkokudo,,Asian,chinese,ta,True
akita/akita,1572,Hamazushi Akita Hiroomote,,Japanese;Seafood;Sushi,seafood,ta,True
akita/akita,1573,Yakiniku King Akita Hiroomote,,Barbecue,meat,ta,True
akita/akita,1574,Sabo Wasui,,,other,none,False
akita/akita,1575,Kura Zushi,,Japanese;Seafood;Sushi,seafood,ta,True
akita/akita,1576,Kisetsu Ryori Kenchan,,Japanese;Izakaya (Japanese Style Tavern),izakaya,ta,True
akita/akita,1577,Sato No Ie,,Japanese;Japanese - Traditional Cuisine;Kaiseki,japanese,ta,True
akita/akita,1578,Cafe Longe Nigiwai Koryukan AU,,Cafe,cafe,ta,True
akita/akita,1579,Teuchi Soba Kato,,Japanese;Japanese - Other ,japanese,ta,True
akita/akita,1580,Keirin,,Chinese,chinese,ta,True
akita/akita,1581,Cafe Bar Shuu,,Japanese,japanese,ta,True
akita/akita,1582,快活CLUB 秋田牛島店,,Cafe;International,cafe,ta,True
akita/akita,1583,Akita View Hotel Restaurant Peanuts Gallery,,,other,none,False
akita/akita,1584,Nanshu Ramen,,,other,none,False
akita/akita,1585,Juurokubou,,Contemporary,other,none,False
akita/akita,1586,Sushi Hamagin,,Japanese;Seafood;Sushi;Japanese - Other ,seafood,ta,True
akita/akita,1587,Utsutsu,,Japanese,japanese,ta,True
akita/akita,1588,Minato No Ginsui,,Japanese;Japanese - Other ,japanese,ta,True
akita/akita,1589,Hinoya Curry Akita,,,other,none,False
akita/akita,1590,4chome Sumibiyaki Bengara,,Japanese,japanese,ta,True
akita/akita,1591,Bairo Cafe,,Fusion;Dining bars,other,none,False
akita/akita,1592,Japanese Restaurant Minami,,Japanese;Japanese - Traditional Cuisine;Kaiseki,japanese,ta,True
akita/akita,1593,Hyotan Hiroomote,,Japanese;Japanese - Other ,japanese,ta,True
akita/akita,1594,Hanamaru Udon Akita Topiko,,Japanese,japanese,ta,True
akita/akita,1595,Ramen Menmaru Horoomote,,Chinese,chinese,ta,True
akita/akita,1596,Izakaya Funaki,,Japanese;Izakaya (Japanese Style Tavern),izakaya,ta,True
akita/akita,1597,Mugendo,,,other,none,False
akita/akita,1598,Trenta Goshono,,Italian,european,ta,True
akita/akita,1599,Cocos Satie Akita,,International,other,none,False
akita/akita,1600,Sake Sakana Ikatei,,Japanese,japanese,ta,True
akita/akita,1601,Marugen Shokudo,,Japanese;International;Japanese - Other ,japanese,ta,True
akita/akita,1602,Hachinai Nambu Yashiki Hiroomote,,Japanese;Japanese - Other ,japanese,ta,True
akita/akita,1603,Calvi Ya Daifuku Akita Yamatedai,,Japanese,japanese,ta,True
akita/akita,1604,Daikatsu Shokudo,,Japanese;International;Japanese - Other ,japanese,ta,True
akita/akita,1605,Gamushara,,Japanese;Izakaya (Japanese Style Tavern),izakaya,ta,True
akita/akita,1606,Tanumaya Keikichi Akita Airport,,Japanese,japanese,ta,True
akita/akita,1607,Marumatsu Akita Chuo,,Japanese;International;Japanese - Other ,japanese,ta,True
akita/akita,1608,Pan Kojo Goshono,,,other,none,False
akita/akita,1609,Kincha,,Japanese;Japanese - Traditional Cuisine,japanese,ta,True
akita/akita,1610,Tea Room Brazil,,,other,none,False
akita/akita,1611,Takacho Sushi,,Japanese;Sushi,seafood,ta,True
akita/akita,1612,Hanamaru Udon Akita Kawamoto,,Japanese,japanese,ta,True
akita/akita,1613,Tamai Zushi,,Japanese;Seafood;Sushi;Japanese - Other ,seafood,ta,True
akita/akita,1614,Fuku Zushi,,Japanese;Seafood;Sushi,seafood,ta,True
akita/akita,1615,Nakazushi,,Japanese;Sushi,seafood,ta,True
akita/akita,1616,Akita Hanamizuki Cafe,,Cafe,cafe,ta,True
akita/akita,1617,Asahikawa Ramen Saijo,,,other,none,False
akita/akita,1618,Western Izakaya Navet,,,other,none,False
akita/akita,1619,Edosoba Kichiji,,Japanese,japanese,ta,True
akita/akita,1620,Nakaichi Sajiki,,Japanese;Izakaya (Japanese Style Tavern),izakaya,ta,True
akita/akita,1621,亀治,,Japanese;International;Japanese - Other ,japanese,ta,True
akita/akita,1622,Shirokujichu Akita Goshono,,Japanese;Japanese Fusion,japanese,ta,True
akita/akita,1623,Lion s Head,,Bar;Pub,izakaya,ta,True
akita/akita,1624,Inaniwa Chukasoba Akita Honten,,Fast Food,casual,ta,True
akita/akita,1625,Amimoto,,Japanese;Izakaya (Japanese Style Tavern),izakaya,ta,True
akita/akita,1626,Kashien Nakanoya Tsuchizaki Ekimae,,,other,none,False
akita/akita,1627,Sanbotei Yabase,,Asian,chinese,ta,True
akita/akita,1628,Sushiyoshi,,Sushi,seafood,ta,True
akita/akita,1629,Kourakuen Tsuchizaki,,Asian,chinese,ta,True
akita/akita,1630,Lounge Sakura,,Japanese sweets parlour,sweets,desc,False
akita/akita,1631,Soba Dokoro Sbaichi Don Quijote Akita,,Japanese;Japanese - Other ,japanese,ta,True
akita/akita,1632,Minatobayashi,,Japanese,japanese,ta,True
akita/akita,1633,Yakitori Yasusan,,Japanese;Japanese - Other ,japanese,ta,True
akita/akita,1634,Tagosaku Akita Seibu,,Japanese,japanese,ta,True
akita/akita,1635,Gran Mart Izumi,,International,other,none,False
akita/akita,1636,Cocotte,,Steakhouse,meat,ta,True
akita/akita,1637,Fujinoya Japanese Cuisine,,Japanese;Japanese - Traditional Cuisine;Kappo,japanese,ta,True
akita/akita,1638,Nagomi Shirokiya Akita West Entrance Eki Mae,,Japanese,japanese,ta,True
akita/akita,1639,Ippei,,,other,none,False
akita/akita,1640,Totomaru,,Seafood,seafood,ta,True
akita/akita,1641,Ramen kagetsu Arashi Akita Higashidori,,Asian,chinese,ta,True
akita/akita,1642,Nikyu,,,other,none,False
akita/akita,1643,Shinohachi,,Japanese;International;Japanese - Other ,japanese,ta,True
akita/akita,1644,Sanshiro,,Japanese,japanese,ta,True
akita/akita,1645,Yakiniku Pon Pon,,Barbecue,meat,ta,True
akita/akita,1646,モスバーガー 秋田新国道店,,American;Fast Food,european,ta,True
akita/akita,1647,Pasta de Takemoto,,Italian,european,ta,True
akita/akita,1648,Dangan Ramen,,,other,none,False
akita/akita,1649,The Bar 1980,,Bar,izakaya,ta,True
akita/akita,1650,Dareyami,,Japanese;Izakaya (Japanese Style Tavern),izakaya,ta,True
akita/akita,1651,Kalbi Ya Daifuku Akita Sanno,,,other,none,False
akita/akita,1652,Tavern Chanpini,,Japanese,japanese,ta,True
akita/akita,1653,Katsuya Akiya Izumi,,,other,none,False
akita/akita,1654,Shinasoba Bamaki,,,other,none,False
akita/akita,1655,Chinese Restaurant Takami,,Chinese,chinese,ta,True
akita/akita,1656,Reform Depot Keys Cafe,,,other,none,False
akita/akita,1657,Tenten Shuro,,Chinese,chinese,ta,True
akita/akita,1658,Yudetaro Akita Marugoto Ichiba,,Japanese,japanese,ta,True
akita/akita,1659,Ragunoo Akita Whole Market Store,,,other,none,False
akita/akita,1660,Ramentei Mikami,,,other,none,False
akita/akita,1661,Yuya,,Japanese;International;Japanese - Other ,japanese,ta,True
akita/akita,1662,Kanaya,,,other,none,False
akita/akita,1663,Spaghetti Shoptrenta Soto Asahikawa,,Italian,european,ta,True
akita/akita,1664,Pablo Picasso,,Pub,izakaya,ta,True
akita/akita,1665,Restaurant Opus,,Japanese;International;Japanese - Other ,japanese,ta,True
akita/akita,1666,Tenka Ichiban Oiwake,,Asian,chinese,ta,True
akita/akita,1667,Oshokuji Dokoro Taishu Sakaba Fuji Tei,,Asian,chinese,ta,True
akita/akita,1668,Yamagataan,,Japanese;Japanese - Other ,japanese,ta,True
akita/akita,1669,Aladdin Coffee Sanno,,Cafe,cafe,ta,True
akita/akita,1670,Noodle She Har,,,other,none,False
akita/akita,1671,Kencho Honchosha Shokudo,,Japanese,japanese,ta,True
akita/akita,1672,Saraya,,Japanese;Izakaya (Japanese Style Tavern),izakaya,ta,True
akita/akita,1673,Oishimbo,,French,european,ta,True
akita/akita,1674,Restaurant Zakura,,Japanese;International;Japanese - Other ,japanese,ta,True
akita/akita,1675,Tonkatsu Fujiyoshitsuchizaki,,Japanese,japanese,ta,True
akita/akita,1676,Nambuyashiki Onoba,,International,other,none,False
akita/akita,1677,Sushiro Akita Barajima,,Japanese;Seafood;Sushi;Japanese - Other ,seafood,ta,True
akita/akita,1678,Sushi Haru,,Japanese;Seafood;Sushi;Japanese - Other ,seafood,ta,True
akita/akita,1679,Ramen Ryugujo,,,other,none,False
akita/akita,1680,Kuraitei,,Japanese,japanese,ta,True
akita/akita,1681,Ramen Ajikyu Akita Minatokan,,Asian,chinese,ta,True
akita/akita,1682,Chuka Ichiban,,Chinese,chinese,ta,True
akita/akita,1683,Babylon by Bus,,Bar;Pub,izakaya,ta,True
akita/akita,1684,Myodai Shinasoba Maruto Nakano,,,other,none,False
akita/akita,1685,A Duman,,,other,none,False
akita/akita,1686,Restaurantone,,Fusion,other,none,False
akita/akita,1687,Torihodai Akita Kawabata,,Izakaya (Japanese Style Tavern),izakaya,ta,True
akita/akita,1688,Ramen Senka Menkoi,,,other,none,False
akita/akita,1689,Menya Jurobee Akitaeki Topico,,,other,none,False
akita/akita,1690,Hinoya Curry Akitashiminichiba,,Indian,curry,ta,True
akita/akita,1691,Midori Sushi,,Japanese;Seafood;Sushi;Japanese - Other ,seafood,ta,True
akita/akita,1692,Gusto Akita Sanno,,International,other,none,False
akita/akita,1693,Kikuya,,Japanese,japanese,ta,True
akita/akita,1694,Suzuki Shoten,,Japanese,japanese,ta,True
akita/akita,1695,Handmade Dishes Ichirakudo,,Japanese,japanese,ta,True
akita/akita,1696,Totenkaku,,Chinese,chinese,ta,True
akita/akita,1697,Papa Patissier,,,other,none,False
akita/akita,1698,Gyu Tan Yusuke Aeon Mall Akita,,Japanese,japanese,ta,True
akita/akita,1699,ほっともっと 追分店,,Japanese,japanese,ta,True
akita/akita,1700,Enotecaolumo Del Caucaso,,Italian,european,ta,True
akita/akita,1701,Shiba no Ramenyasan Akita,,,other,none,False
akita/akita,1702,Daiichi Kaikan Kawabata,,Japanese;Kappo,japanese,ta,True
akita/akita,1703,Paitan Club,,,other,none,False
akita/akita,1704,Bizen,,Chinese,chinese,ta,True
akita/akita,1705,Hookah Bar,,Bar;Pub,izakaya,ta,True
akita/akita,1706,Sennen No Utage Akita East Entrance Ekimae,,Japanese,japanese,ta,True
akita/akita,1707,Tairyoumaru Kanto Odori,,,other,none,False
akita/akita,1708,Kandon Akita Chuo,,Asian;Korean,chinese,ta,True
akita/akita,1709,Bakery Cafe Marche,,Cafe,cafe,ta,True
akita/akita,1710,Go Men Akita Koyo,,,other,none,False
akita/akita,1711,Hachinai Nambu Yashiki Barajima,,Japanese;Japanese - Other ,japanese,ta,True
akita/akita,1712,Tennen Onsen Owami Onsen Restaurant,,Japanese;Japanese - Traditional Cuisine,japanese,ta,True
akita/akita,1713,Akitatei Kourin Seibuakita Store,,Japanese - Other ;Izakaya (Japanese Style Tavern),izakaya,ta,True
akita/akita,1714,Pablo Casals Akita,,Italian,european,ta,True
akita/akita,1715,Nagai Pastry,,,other,none,False
akita/akita,1716,Kaiseki Ishiyama,,Japanese;Japanese - Traditional Cuisine;Kaiseki,japanese,ta,True
akita/akita,1717,Nishiki Tsuchizaki,,,other,none,False
akita/akita,1718,Creative Kitchen Gen,,,other,none,False
akita/akita,1719,Oshu Nambu Soba Aeon Mall Akita,,Japanese;Japanese - Other ,japanese,ta,True
akita/akita,1720,Sapporo Ramen Ougiya,,Japanese,japanese,ta,True
akita/akita,1721,Sapporo Ramen Shirakaba,,Japanese,japanese,ta,True
akita/akita,1722,Jizake Baru Tsubasa,,Japanese;Bar;Pub,izakaya,ta,True
akita/akita,1723,Daruma,,Japanese,japanese,ta,True
akita/akita,1724,Shunsakanashusai Ichiya,,Japanese;Japanese - Traditional Cuisine;Kappo,japanese,ta,True
akita/akita,1725,Hinoza,,Japanese,japanese,ta,True
akita/akita,1726,Ryukyu Izakaya Kissho,,Japanese;Okinawan Cuisine,japanese,ta,True
akita/akita,1727,Kuchan,,,other,none,False
akita/akita,1728,Akita Umaidokoro Azumaya,,Japanese,japanese,ta,True
akita/akita,1729,Dotonbori,,Japanese;Japanese - Other ,japanese,ta,True
akita/akita,1730,Ichinoho Main Store,,,other,none,False
akita/akita,1731,Sake Nomidokoro Waittage,,Izakaya (Japanese Style Tavern),izakaya,ta,True
akita/akita,1732,Nakazono Shokudo,,Japanese;International;Asian;Japanese - Other ,chinese,ta,True
akita/akita,1733,Kinkaen,,Chinese,chinese,ta,True
akita/akita,1734,Kushimaru,,,other,none,False
akita/akita,1735,Patisserie Parterre Akita Seibu,,,other,none,False
akita/akita,1736,Japanese Food Kantei,,Japanese,japanese,ta,True
akita/akita,1737,New Japan Sea Ferry Akita Ferry Terminal,,Japanese,japanese,ta,True
akita/akita,1738,Kokorodzukushi Kotori Akita,,Japanese;Japanese - Other ,japanese,ta,True
akita/akita,1739,Sakanaya Hisago,,Japanese,japanese,ta,True
akita/akita,1740,Korean,,Asian;Korean,chinese,ta,True
akita/akita,1741,Gusto Akita Hiroomote,,Japanese;Japanese - Other ,japanese,ta,True
akita/akita,1742,Tokyo Manpuku Ramen Nakano,,Asian,chinese,ta,True
akita/akita,1743,かっぱ寿司 秋田御所野店,,Japanese;Seafood;Sushi;Japanese - Other ,seafood,ta,True
akita/akita,1744,Kappa Zushi Akita Shogunno,,Japanese;Seafood;Sushi;Japanese - Other ,seafood,ta,True
akita/akita,1745,Madame Corot,,Cafe,cafe,ta,True
akita/akita,1746,Matsushita Saryo,,,other,none,False
akita/akita,1747,Tokyo Manpuku Ramen Akita,,Asian,chinese,ta,True
akita/akita,1748,Billy the Kid,,Steakhouse,meat,ta,True
akita/akita,1749,Tsukiji Gindako Aeon Akita Chuo,,Japanese,japanese,ta,True
akita/akita,1750,Azumaichi,,,other,none,False
akita/akita,1751,Kaio,,Japanese,japanese,ta,True
akita/akita,1752,Kourakuen Niida,,,other,none,False
akita/akita,1753,Sumibi Yakitori Ten,,Japanese;Japanese - Other ,japanese,ta,True
akita/akita,1754,Kura Sushi Akita Sotoasahikawa,,Japanese,japanese,ta,True
akita/akita,1755,Atsumaru,,Japanese;Japanese - Other ,japanese,ta,True
akita/akita,1756,Gee Kitchen,,Italian,european,ta,True
akita/akita,1757,Aokido Oven Bakery,,,other,none,False
akita/akita,1758,Akita Local Food Shibaraku,,Japanese,japanese,ta,True
akita/akita,1759,Shichirinya Kawabata,,,other,none,False
akita/akita,1760,Gosaku Ramen Goshono,,,other,none,False
akita/akita,1761,Teppanyaki Okonomiyaki Monjyayaki Tonbotei,,Japanese,japanese,ta,True
akita/akita,1762,牛角 泉北秋田店,,,other,none,False
akita/akita,1763,Sichuan,,Chinese,chinese,ta,True
akita/akita,1764,Korakuen Kyokuhokunishiki,,,other,none,False
akita/akita,1765,Nakadorigochomeshokudo CRYSTAL GARDEN,,Bar;Pub,izakaya,ta,True
akita/akita,1766,Fujiyoshi Akita Yamatedai,,Japanese,japanese,ta,True
akita/akita,1767,Agu Shabu Shabu Biton,,Japanese,japanese,ta,True
akita/akita,1768,Sho,,,other,none,False
akita/akita,1769,まなび,,Bar;Pub,izakaya,ta,True
akita/akita,1770,Nonbe Kube,,Japanese;Izakaya (Japanese Style Tavern),izakaya,ta,True
akita/akita,1771,Kitchen Maru,,Japanese,japanese,ta,True
akita/akita,1772,Sumibi Yakitori Ikki,,Japanese,japanese,ta,True
akita/akita,1773,Drum Can Yakiniku,,Barbecue,meat,ta,True
akita/akita,1774,Bishushin,,Japanese;Izakaya (Japanese Style Tavern),izakaya,ta,True
akita/akita,1775,Izakaya Suzhou,,Japanese,japanese,ta,True
akita/akita,1776,Shikisai,,Japanese - Other ,japanese,ta,True
akita/akita,1777,Fukutoya,,Japanese,japanese,ta,True
akita/akita,1778,一休,,Japanese,japanese,ta,True
akita/akita,1779,Suiren,,Japanese;Japanese Fusion,japanese,ta,True
akita/akita,1780,Pc Classroom Dog Cafe Musu,,Cafe,cafe,ta,True
akita/akita,1781,Gohan Cafe Mamma no Jikan,,Cafe,cafe,ta,True
akita/akita,1782,Watami Akita Ekimae,,Pub;Izakaya (Japanese Style Tavern),izakaya,ta,True
akita/akita,1783,Sushi Shusen,,Japanese;Seafood;Sushi;Japanese - Other ,seafood,ta,True
akita/akita,1784,Menya Ebisu,,Asian,chinese,ta,True
akita/akita,1785,Menya The Sato,,Asian,chinese,ta,True
akita/akita,1786,Chukasoba Menho,,,other,none,False
akita/akita,1787,Izakaya Kumagai,,Japanese;Izakaya (Japanese Style Tavern),izakaya,ta,True
akita/akita,1788,Noodle Bar Octo,,Chinese,chinese,ta,True
akita/akita,1789,居酒屋本舎,,Japanese;Izakaya (Japanese Style Tavern),izakaya,ta,True
akita/akita,1790,Odoro,,,other,none,False
akita/akita,1791,Yakitori Hanabishi,,Japanese;Japanese - Other ,japanese,ta,True
akita/akita,1792,Bistro Terre,,,other,none,False
akita/akita,1793,Izakaya Furumachi,,Japanese;Izakaya (Japanese Style Tavern),izakaya,ta,True
akita/akita,1794,Sakana no O,,Asian,chinese,ta,True
akita/akita,1795,Shin Tokyo Manpuku Ramen Aeon Mall Akita,,,other,none,False
akita/akita,1796,Nomikui Dokoro Umi No Sachi,,Japanese;Japanese - Other ,japanese,ta,True
akita/akita,1797,Maido,,Barbecue,meat,ta,True
akita/akita,1798,Jidaiya,,Asian,chinese,ta,True
akita/akita,1799,Gohandoki,,Japanese,japanese,ta,True
akita/akita,1800,Bistro Namban Ya,,Japanese;Izakaya (Japanese Style Tavern),izakaya,ta,True
akita/akita,1801,Sushi Fujiki,,Japanese;Seafood;Sushi;Japanese - Other ,seafood,ta,True
akita/akita,1802,Rokujuen,,Asian;Taiwanese,chinese,ta,True
akita/akita,1803,ほっともっと 八橋店,,Japanese,japanese,ta,True
akita/akita,1804,Kourakuen Akita Terauchi,,,other,none,False
akita/akita,1805,Ya Ya Dining Akita,,Italian,european,ta,True
akita/akita,1806,Popcorn,,Pub;Gastropub;Dining bars,izakaya,ta,True
akita/akita,1807,Tomoedo,,,other,none,False
akita/akita,1808,Steak Gusto Akita Hiromae,,Steakhouse,meat,ta,True
akita/akita,1809,Gusto Akita Sotoasahikawa,,International,other,none,False
akita/akita,1810,Restaurant Hatsuchin,,,other,none,False
akita/akita,1811,Ajito Dining,,Japanese,japanese,ta,True
akita/akita,1812,Shokuji Dokoro Kiraku,,Asian,chinese,ta,True
akita/akita,1813,Marusen,,Japanese;Pub,izakaya,ta,True
akita/akita,1814,Torifuku,,,other,none,False
akita/akita,1815,Alsace,,French,european,ta,True
akita/akita,1816,Anpou,,,other,none,False
akita/akita,1817,La Kasuga,,,other,none,False
akita/akita,1818,Kushiage Kushinomi,,Japanese;Japanese - Other ,japanese,ta,True
akita/akita,1819,Umi No Takarabako,,Japanese;Seafood;Sushi;Japanese - Other ,seafood,ta,True
akita/akita,1820,Kyokunan Takasagodo Main Store,,,other,none,False
akita/akita,1821,Asiagura,,Asian,chinese,ta,True
akita/akita,1822,Kikusuian Aeon Mall Akita,,,other,none,False
akita/akita,1823,Fumio Dininig Room,,Japanese;International;Japanese - Other ,japanese,ta,True
akita/akita,1824,Tavern Hamasei,,Pub,izakaya,ta,True
akita/akita,1825,Harukoma Shokudo,,Japanese;International;Japanese - Other ,japanese,ta,True
akita/akita,1826,Tavern Local Cuisine Jinkyu,,Pub,izakaya,ta,True
akita/akita,1827,Meidai Maruto Main Store,,,other,none,False
akita/akita,1828,Akitanoigokochiya Takekura,,,other,none,False
akita/akita,1829,Aladdin Coffee Izumi,,Cafe,cafe,ta,True
akita/akita,1830,Yakitori Center Akita Ekimae,,Japanese;International;Japanese Fusion,japanese,ta,True
akita/akita,1831,Washoku Sakuratei,,Japanese;Japanese - Traditional Cuisine;Kappo,japanese,ta,True
akita/akita,1832,Eitaro Confectionery Niida,,,other,none,False
akita/akita,1833,Okashi Na Coto,,,other,none,False
akita/akita,1834,Tasuke Sushi,,Japanese;Seafood;Sushi;Japanese - Other ,seafood,ta,True
akita/akita,1835,Aqa Niita,,International,other,none,False
akita/akita,1836,Yosuke Sato Topico,,,other,none,False
akita/akita,1837,Enoki,,Japanese;International;Japanese - Other ,japanese,ta,True
akita/akita,1838,Tantan Club Akitategata,,,other,none,False
akita/akita,1839,Boiling Stone Hotpot Ishiyaki Ramen Kazan Akita,,,noodles,desc,False
akita/akita,1840,とりっこ 新屋本陣,,Japanese;Izakaya (Japanese Style Tavern),izakaya,ta,True
akita/akita,1841,Kita No Daidokoro Imagine,,Japanese;Izakaya (Japanese Style Tavern),izakaya,ta,True
akita/akita,1842,しゃぶしゃぶ温野菜 秋田仁井田店,,Japanese;Japanese - Other ,japanese,ta,True
akita/akita,1843,Yakitori Daikichi Kaiwacho,,,other,none,False
akita/akita,1844,Menrokuya Dynam Akita Goshono,,Japanese;Japanese - Other ,japanese,ta,True
akita/akita,1845,Monte,,,other,none,False
akita/akita,1846,Itanoma,,Japanese;Izakaya (Japanese Style Tavern),izakaya,ta,True
akita/akita,1847,Hozumi Tei,,Japanese;Fusion;Japanese - Other ;Japanese Fusion,japanese,ta,True
akita/akita,1848,Emile,,International,other,none,False
akita/akita,1849,Watayu Confectionery,,,other,none,False
akita/akita,1850,Rokuseiken Aeon Mall Akita,,,other,none,False
akita/akita,1851,山寿司本店,,Japanese;Seafood;Sushi;Japanese - Other ,seafood,ta,True
akita/akita,1852,Shokinryu,,Chinese,chinese,ta,True
akita/akita,1853,Mentaro Akita,,,other,none,False
akita/akita,1854,Nishimaru,,Japanese;Japanese - Other ,japanese,ta,True
akita/akita,1855,Shidaya,,Japanese,japanese,ta,True
akita/akita,1856,Nakashi Terrace,,,other,none,False
akita/akita,1857,Guguya,,Japanese;Izakaya (Japanese Style Tavern),izakaya,ta,True
akita/akita,1858,Kin no Chashitsu,,Japanese,japanese,ta,True
akita/akita,1859,Mizuki,,Cafe,cafe,ta,True
akita/akita,1860,Wagon,,Japanese;Izakaya (Japanese Style Tavern),izakaya,ta,True
akita/akita,1861,薄利多賣半兵ヱ 秋田川反店,,Japanese;Izakaya (Japanese Style Tavern),izakaya,ta,True
akita/akita,1862,Kyoya,,Japanese;Izakaya (Japanese Style Tavern),izakaya,ta,True
akita/akita,1863,Sakemaru,,Japanese;Pub;Izakaya (Japanese Style Tavern),izakaya,ta,True
akita/akita,1864,Yakitori Gattsu,,Japanese;Japanese - Other ,japanese,ta,True
akita/akita,1865,Machine Gun,,Chinese,chinese,ta,True
akita/akita,1866,Breadman,,,other,none,False
akita/akita,1867,Sobaichi Sun Patio Omachi,,Japanese;Japanese - Other ,japanese,ta,True
akita/akita,1868,Hasu no Mi,,Japanese;Japanese Fusion,japanese,ta,True
akita/akita,1869,Nikoli Sweets,,,other,none,False
akita/akita,1870,Akane Ya Suisan Tsuchizaki Branch,,Japanese;Izakaya (Japanese Style Tavern),izakaya,ta,True
akita/akita,1871,Ichimonji,,Japanese,japanese,ta,True
akita/akita,1872,Hotaru,,Japanese;International;Japanese - Other ,japanese,ta,True
akita/akita,1873,Shanti,,Japanese - Other ,japanese,ta,True
akita/akita,1874,Wing River,,,other,none,False
akita/akita,1875,カラオケ合衆国 秋田店,,International,other,none,False
akita/akita,1876,Gyozan,,Japanese;Japanese - Other ,japanese,ta,True
akita/akita,1877,Ramen Yamaokaya Akita Terauchi,,,other,none,False
akita/akita,1878,Akitabanya Sakaba,,Japanese,japanese,ta,True
akita/akita,1879,Akita Izumi Chuo Shokudo,,Japanese,japanese,ta,True
akita/akita,1880,Gohandoki,,Japanese,japanese,ta,True
akita/akita,1881,Seiyo Chubo Cicilian,,,other,none,False
akita/akita,1882,Sakuraen,,Barbecue,meat,ta,True
akita/akita,1883,Men Kuuga,,,other,none,False
akita/akita,1884,ルポールみずほ,,Japanese,japanese,ta,True
akita/akita,1885,Gochome,,Japanese;Izakaya (Japanese Style Tavern),izakaya,ta,True
akita/akita,1886,Sake Sakana Umi,,,other,none,False
akita/akita,1887,Boo Star,,,other,none,False
akita/akita,1888,Yuushouken Akita,,Asian,chinese,ta,True
akita/akita,1889,Sanno Derikadessen,,,other,none,False
akita/akita,1890,Ramen Chuka Ichiryu,,,other,none,False
akita/akita,1891,Kodakaya Shijimio,,,other,none,False
akita/akita,1892,Grill Wine Soleil,,,other,none,False
akita/akita,1893,Steak Kunio,,Barbecue,meat,ta,True
akita/akita,1894,Yokohama Iekei Orenchi,,,other,none,False
akita/akita,1895,Tonkatsu Ichibantei,,Japanese;Japanese - Other ,japanese,ta,True
akita/akita,1896,Nymphaea,,Chinese,chinese,ta,True
akita/akita,1897,ラグノオ いとく土崎みなと店,,,other,none,False
akita/akita,1898,Pretail Pronto Akita,,Cafe,cafe,ta,True
akita/akita,1899,Akita Shokusai Kan,,Japanese,japanese,ta,True
akita/akita,1900,Sumibiyaki Shubo Gurantan,,Japanese;Seafood;Grill,seafood,ta,True
akita/akita,1901,Kyushu Danji Akita Ekimae,,Japanese,japanese,ta,True
akita/akita,1902,Hachiei Nambuyashiki Aeon Mall Akita,,Japanese;Japanese - Other ,japanese,ta,True
akita/akita,1903,Goumbo,,,other,none,False
akita/akita,1904,Haretoke,,Japanese;Fusion;Japanese - Other ,japanese,ta,True
akita/akita,1905,Akitabatake,,,other,none,False
akita/akita,1906,こころ,,Japanese;Izakaya (Japanese Style Tavern),izakaya,ta,True
akita/akita,1907,Sugawara,,Japanese,japanese,ta,True
akita/akita,1908,すしとふぐ伍助,,Japanese;Seafood;Sushi;Japanese - Other ,seafood,ta,True
akita/akita,1909,Nagaoka,,International;Pub;Gastropub,izakaya,ta,True
akita/akita,1910,Patisserie Jo,,,other,none,False
akita/akita,1911,Izakaya Higedaruma,,Japanese,japanese,ta,True
akita/akita,1912,Torikko,,Japanese;Izakaya (Japanese Style Tavern),izakaya,ta,True
akita/akita,1913,Obanzai Furari,,Japanese;Japanese - Traditional Cuisine,japanese,ta,True
akita/akita,1914,Kubota,,Japanese;Japanese - Other ,japanese,ta,True
akita/akita,1915,Tompinsha,,Japanese,japanese,ta,True
akita/akita,1916,Green Enough,,New Zealand,other,none,False
akita/akita,1917,Sugiya,,Japanese;Japanese - Other ,japanese,ta,True
akita/akita,1918,Fuuki,,Barbecue,meat,ta,True
akita/akita,1919,Osaka Meibutsuokonomiyaki Seigetsu,,Japanese;Japanese - Other ,japanese,ta,True
akita/akita,1920,Japanese Shoku Yo Izuya,,Japanese,japanese,ta,True
akita/akita,1921,Koryori Mohachi,,Japanese;Japanese - Other ,japanese,ta,True
akita/akita,1922,たからや,,Japanese;Izakaya (Japanese Style Tavern),izakaya,ta,True
akita/akita,1923,Karaoke Jiyukan Akita Izumi,,International,other,none,False
akita/akita,1924,Awai,,Japanese,japanese,ta,True
akita/akita,1925,Ogiya Akita Shinkokudo,,,other,none,False
akita/akita,1926,Sumibiyaki Isamu,,Japanese,japanese,ta,True
akita/akita,1927,Seihou,,,other,none,False
akita/akita,1928,First in Akita Y130 Per Piece of Fatty Tuna Appare Sushi,,Sushi,seafood,ta,True
akita/akita,1929,Charcoal Kushiyaki Genkiya Akita Ekimae,,Japanese,japanese,ta,True
akita/akita,1930,Nishiki Akita Honten,,,other,none,False
akita/akita,1931,Bincho Ogiya Akita Ibarashima,,Japanese;Japanese - Other ,japanese,ta,True
akita/akita,1932,Ikechan,,Japanese,japanese,ta,True
akita/akita,1933,Jukei,,Chinese,chinese,ta,True
akita/akita,1934,どんどん,,Barbecue,meat,ta,True
akita/akita,1935,Sakura Dining,,International,other,none,False
akita/akita,1936,Tea Lanka,,,other,none,False
akita/akita,1937,Caffe la Famiglia,,Cafe,cafe,ta,True
akita/akita,1938,Iwaya,,Japanese;Izakaya (Japanese Style Tavern),izakaya,ta,True
akita/akita,1939,Raika,,,other,none,False
akita/akita,1940,Boom Boom,,Japanese;International;Japanese - Other ,japanese,ta,True
akita/akita,1941,Yakiniku Fuma,,Barbecue,meat,ta,True
akita/akita,1942,Sasatsuki,,Japanese;Japanese - Other ,japanese,ta,True
akita/akita,1943,Rojiura Dining Anaboco,,Japanese;Izakaya (Japanese Style Tavern),izakaya,ta,True
akita/akita,1944,Le Vert,,Bar;Pub,izakaya,ta,True
akita/akita,1945,Bishutei Miya,,Japanese,japanese,ta,True
akita/akita,1946,Genkotsu,,Japanese;Izakaya (Japanese Style Tavern),izakaya,ta,True
akita/akita,1947,Yokahama Ie style Orenchi,,,other,none,False
akita/akita,1948,Leon,,,other,none,False
akita/akita,1949,Kurata Izumi Grand Mart,,,other,none,False
akita/akita,1950,Unomaru Sushi,,Japanese;Seafood;Sushi;Japanese - Other ,seafood,ta,True
akita/akita,1951,Harvest Aeon Akita,,European,european,ta,True
akita/akita,1952,Yokohama Uoman Akita West Entrance Eki Mae,,Japanese,japanese,ta,True
akita/akita,1953,Yonezawa Beef Shabu Shabu and Seasonal Vegetables Takeshima,,Japanese;Japanese - Other ,japanese,ta,True
akita/akita,1954,In Her Life,,,other,none,False
akita/akita,1955,Kurata Higashi,,,other,none,False
akita/akita,1956,Shoku No Yakata Komi,,,other,none,False
akita/akita,1957,Nama Morokoshi No Mise Morokoshian Akita Higashidori,,,other,none,False
akita/akita,1958,Fujita,,Japanese,japanese,ta,True
akita/akita,1959,Taura Dining,,Japanese;Japanese - Traditional Cuisine;Kappo,japanese,ta,True
akita/akita,1960,Restaurant Terrsa,,Japanese;International;Japanese - Other ,japanese,ta,True
akita/akita,1961,Menya Jurohe Akita Topico,,,other,none,False
akita/akita,1962,Menya Hamasei,,,other,none,False
akita/akita,1963,Kokonoe,,Japanese;Japanese - Traditional Cuisine,japanese,ta,True
akita/akita,1964,Beer Flight,,,other,none,False
akita/akita,1965,175 Cantina,,Italian,european,ta,True
akita/akita,1966,Restaurant Shirokujichu Tsuchizaki Minato,,International,other,none,False
akita/akita,1967,Miraizaka Akita Ekimae,,Brew Pub;Pub,izakaya,ta,True
akita/akita,1968,Tabechaina,,Chinese,chinese,ta,True
akita/akita,1969,Bar Ishida Ryuichi,,Bar;Pub,izakaya,ta,True
akita/akita,1970,ほっともっと 秋田外旭川店,,Japanese,japanese,ta,True
akita/akita,1971,Ji Ramen Taki No Kashira,,Japanese,japanese,ta,True
akita/akita,1972,Shina Soba Maruto Niida Bun,,,other,none,False
akita/akita,1973,都寿し,,Japanese;Seafood;Sushi;Japanese - Other ,seafood,ta,True
akita/akita,1974,Shungyoshunsai Kaoruya,,Japanese;Izakaya (Japanese Style Tavern),izakaya,ta,True
akita/akita,1975,Hitohana,,Japanese;Pub;Izakaya (Japanese Style Tavern),izakaya,ta,True
akita/akita,1976,Hachimantai Pork Direct Sale Place Hiroomote,,,other,none,False
akita/akita,1977,Akita Yakiniku Center Ajito Sanno Honten,,,other,none,False
akita/akita,1978,Owaka,,Japanese;International;Japanese - Other ,japanese,ta,True
akita/akita,1979,Beef Tongue Yamazato,,Japanese - Other ,japanese,ta,True
akita/akita,1980,Tempura Iwase,,Japanese;Japanese - Other ,japanese,ta,True
akita/akita,1981,Joryokukaku,,Chinese,chinese,ta,True
akita/akita,1982,Tonkatsu Fujiyoshi Sanno,,Japanese,japanese,ta,True
akita/akita,1983,Tavern Yagami,,Japanese,japanese,ta,True
akita/akita,1984,Akaneya Suisan Barajima,,Japanese,japanese,ta,True
akita/akita,1985,Bejiba,,,other,none,False
akita/akita,1986,Ramen Nanakai,,,other,none,False
akita/akita,1987,Kitchen Yamaya,,,other,none,False
akita/akita,1988,元祖やきとり屋,,Japanese;Japanese - Other ,japanese,ta,True
akita/akita,1989,Nihonkai Shoya Akita Ekimae,,Japanese,japanese,ta,True
akita/akita,1990,ボンボンの森,,,other,none,False
akita/akita,1991,Yakitori Genki,,,other,none,False
akita/akita,1992,Hokkaido Restaurant Akita,,Japanese;Seafood,seafood,ta,True
akita/akita,1993,Sato No Gochiso,,,other,none,False
akita/akita,1994,Suzuki,,Japanese;Izakaya (Japanese Style Tavern),izakaya,ta,True
akita/akita,1995,Wakaba Sushi,,Japanese;Seafood;Sushi;Japanese - Other ,seafood,ta,True
akita/akita,1996,Balade,,,other,none,False
akita/akita,1997,ほっともっと 茨島店,,Japanese,japanese,ta,True
akita/akita,1998,Rondobar,,Pub,izakaya,ta,True
akita/akita,1999,Gyoza Kyu,,,other,none,False
akita/akita,2000,Ajidokorotsukushi,,Japanese;International;Japanese - Other ,japanese,ta,True
akita/akita,2001,Daniwa Ramen,,,other,none,False
akita/akita,2002,Kochu,,Gastropub;Dining bars,izakaya,desc,False
akita/akita,2003,Tavern Poppoya,,Pub,izakaya,ta,True
akita/akita,2004,Eitaro Confectionery Omachi,,,other,none,False
akita/akita,2005,Big Boy Akita Hodono,,Steakhouse,meat,ta,True
akita/akita,2006,Shizuku,,Japanese;Fusion,japanese,ta,True
akita/akita,2007,Uotami Akita West Entrance Eki Mae,,Seafood,seafood,ta,True
akita/akita,2008,Gyoza No Gyoten,,,other,none,False
akita/akita,2009,La Air,,Fusion,other,none,False
akita/akita,2010,Chinese Restaurant Jasmin,,Chinese,chinese,ta,True
akita/akita,2011,Sumibiyaki Wagokoro,,Japanese,japanese,ta,True
akita/akita,2012,Kushiyaki Hotaru,,Japanese;Japanese - Other ,japanese,ta,True
akita/akita,2013,Momonga,,Japanese,japanese,ta,True
akita/akita,2014,Toriko,,Japanese;Izakaya (Japanese Style Tavern),izakaya,ta,True
akita/akita,2015,Sumiyakigoya,,Japanese;Izakaya (Japanese Style Tavern),izakaya,ta,True
akita/akita,2016,Toyo Shinshokudo,,,other,none,False
akita/akita,2017,Tsuchizaki Minatoya,,,other,none,False
akita/akita,2018,Yayoi,,Japanese;Izakaya (Japanese Style Tavern),izakaya,ta,True
akita/akita,2019,Teuchi Soba CHushi,,,other,none,False
akita/akita,2020,Danmaya Suisan Akita Station East,,Japanese - Traditional Cuisine;Izakaya (Japanese Style Tavern),izakaya,ta,True
akita/akita,2021,Taian Lunch Minamidori,,Japanese,japanese,ta,True
akita/akita,2022,キッチン一番,,,other,none,False
akita/akita,2023,Fish Market Ito,,Japanese,japanese,ta,True
akita/akita,2024,Gomen AKitakoyoten,,,other,none,False
akita/akita,2025,Guran Men Arufa,,Japanese,japanese,ta,True
akita/akita,2026,Torisho Akita Yabase,,Japanese;International,japanese,ta,True
akita/akita,2027,Rikuo,,Asian,chinese,ta,True
akita/akita,2028,たいあん弁当 手形店,,Japanese,japanese,ta,True
akita/akita,2029,Konditorei Jin,,,other,none,False
akita/akita,2030,Tsukemenya Hanbee Sotoasahikawa,,Sushi,seafood,ta,True
akita/akita,2031,Snack Liverpool,,,other,none,False
akita/akita,2032,Karaoke Banban Akita Omachi,,International,other,none,False
akita/akita,2033,Yorono Taki Akita Tsuchizaki,,Japanese;Izakaya (Japanese Style Tavern),izakaya,ta,True
akita/akita,2034,Spica Travel Agency,,Bar;Pub,izakaya,ta,True
akita/akita,2035,Ichibafufuan,,Japanese;Japanese - Other ,japanese,ta,True
akita/akita,2036,Fish and Shellfish Style Raumen Daichi,,,other,none,False
akita/akita,2037,Sakanano Gochiso Saizenya,,Japanese,japanese,ta,True
akita/akita,2038,Misato,,Bar;Pub;Dining bars,izakaya,ta,True
akita/akita,2039,Naan House Devi,,,other,none,False
akita/akita,2040,Mont Takasagodo,,,other,none,False
akita/akita,2041,Amistade Nakaichi,,Italian,european,ta,True
akita/akita,2042,Kibun Shokudo,,Japanese;International;Japanese - Other ,japanese,ta,True
akita/akita,2043,R Table,,,other,none,False
akita/akita,2044,Yakikatsuno Mise Katsutei,,,other,none,False
akita/akita,2045,Neapolitan Pizza Coji Coji Akita Ekimae,,Pizza,european,ta,True
akita/akita,2046,Jiyukan Akita Ekimae,,International,other,none,False
akita/akita,2047,Totoya,,Japanese;Japanese - Traditional Cuisine,japanese,ta,True
akita/akita,2048,よりどころ親子,,Japanese;Izakaya (Japanese Style Tavern),izakaya,ta,True
akita/akita,2049,Furusato,,Japanese,japanese,ta,True
akita/akita,2050,Taketorigoten Akita Eki Mae,,Japanese,japanese,ta,True
akita/akita,2051,Akita Kiritampoya Akita Omachi Bunten,,,other,none,False
akita/akita,2052,Isabaya,,,other,none,False
akita/akita,2053,Eitaro Confectionery Akita Station Topiko,,,other,none,False
akita/akita,2054,Hamayaki Taro Akitakawabata,,Japanese;Izakaya (Japanese Style Tavern),izakaya,ta,True
akita/akita,2055,Eitaro Confectionery Saiwaicho,,,other,none,False
akita/akita,2056,はらた,,Japanese;Japanese - Traditional Cuisine,japanese,ta,True
akita/akita,2057,Mankai,,,other,none,False
akita/akita,2058,Kogeme,,Japanese;Izakaya (Japanese Style Tavern),izakaya,ta,True
akita/akita,2059,Rapoppo,,,other,none,False
akita/akita,2060,Ramen Dining Menkichi,,,other,none,False
akita/akita,2061,Vodka,,,other,none,False
akita/akita,2062,Sasaki Katei Ryori No Mise,,Japanese - Other ,japanese,ta,True
akita/akita,2063,Asove,,,other,none,False
akita/akita,2064,ほっともっと 川尻御休町店,,Japanese,japanese,ta,True
akita/akita,2065,Miyako Yacho,,Japanese;Izakaya (Japanese Style Tavern),izakaya,ta,True
akita/akita,2066,Lu s Cafe,,Cafe,cafe,ta,True
akita/akita,2067,Kushiage Uo Za,,Japanese,japanese,ta,True
akita/akita,2068,Akakara Akita Station East,,Japanese,japanese,ta,True
akita/akita,2069,Kuri An,,Japanese;Japanese - Traditional Cuisine;Kappo,japanese,ta,True
akita/akita,2070,Izakaya Konno,,,other,none,False
akita/akita,2071,Sumibiyaki Torimu,,,other,none,False
akita/akita,2072,Waka no Daidokoro Akita Kawabata,,Japanese,japanese,ta,True
akita/akita,2073,Local Hinai Chicken Cuisine Torimaru,,Izakaya (Japanese Style Tavern),izakaya,ta,True
akita/akita,2074,Sakanaya Honpo Omachi,,Seafood,seafood,ta,True
akita/akita,2075,Eitaro Confectionery Itoku New National Highway,,,other,none,False
akita/akita,2076,Toritengu,,Japanese,japanese,ta,True
akita/akita,2077,Delicious Seafood and Hinai Jidori Hatahataya,,Seafood,seafood,ta,True
akita/akita,2078,Fukuro Tei,,Japanese,japanese,ta,True
akita/akita,2079,Jyatchaga,,Japanese,japanese,ta,True
akita/akita,2080,Ajiken,,Asian,chinese,ta,True
akita/akita,2081,Kuidaore Shurakuen,,,other,none,False
akita/akita,2082,Moo,,,other,none,False
akita/akita,2083,Fujiya Itoku Shinkokudo,,,other,none,False
akita/akita,2084,Tsukemenya Hanbee Hiroomote,,,other,none,False
akita/akita,2085,Izakaya Nappa,,Japanese;Izakaya (Japanese Style Tavern),izakaya,ta,True
akita/akita,2086,Chiaki,,Japanese;Japanese - Traditional Cuisine;Kaiseki,japanese,ta,True
akita/akita,2087,Ramen Goban,,Asian,chinese,ta,True
akita/akita,2088,Hokushu Hanten,,,other,none,False
akita/akita,2089,Iimonya Torifuku,,,other,none,False
akita/akita,2090,Kiyomi Shokudo,,Japanese;International;Japanese - Other ,japanese,ta,True
akita/akita,2091,Shippo,,Japanese;Izakaya (Japanese Style Tavern),izakaya,ta,True
akita/akita,2092,Time Kohoku,,,other,none,False
akita/akita,2093,Kaisen Miyamoto,,Japanese;Seafood;Japanese - Other ,seafood,ta,True
akita/akita,2094,Iimonya Toriniku Akita Ekimae,,Japanese,japanese,ta,True
akita/akita,2095,Hisaya,,,other,none,False
akita/akita,2096,Kurata Sotoasahikawa,,,other,none,False
akita/akita,2097,Kushiage High Ball Tavern Kotori,,Japanese;Japanese - Other ,japanese,ta,True
akita/akita,2098,Aqa Sanno,,International,other,none,False
akita/akita,2099,ほっともっと 秋田広面店,,Japanese,japanese,ta,True
akita/akita,2100,Sharara Cafe,,Cafe,cafe,ta,True
akita/akita,2101,Hide,,Japanese,japanese,ta,True
akita/akita,2102,Mendokoro Kinrin,,,other,none,False
akita/akita,2103,Itchoomachi,,Japanese,japanese,ta,True
akita/akita,2104,World Liqueur Bar Bols,,,other,none,False
akita/akita,2105,Hakata Yasaimakikushi to Sumibiyaki Fukunosuke,,Grill,meat,desc,False
akita/akita,2106,Kawabata Information Office,,,other,none,False
akita/akita,2107,Shina Soba Maruto Omachi Branch Store,,,other,none,False
akita/akita,2108,Shirokujichu Akita,,,other,none,False
akita/akita,2109,Torihachi,,Japanese,japanese,ta,True
akita/akita,2110,Yakitori Tottochan,,Japanese;Japanese - Other ,japanese,ta,True
akita/akita,2111,Piparu,,Pub;Fusion;Gastropub,izakaya,ta,True
akita/akita,2112,Kushikatsu Tanaka Akita ekimae,,Japanese;Brew Pub;Fast Food;Pub;Japanese Fusion,izakaya,ta,True
akita/akita,2113,Yamabuki,,Japanese;International;Japanese - Other ,japanese,ta,True
akita/akita,2114,Bar Mash,,Dining bars,izakaya,desc,False
akita/akita,2115,Rooster,,Japanese;Bar,izakaya,ta,True
akita/akita,2116,Messob Ethiopian Restaurant Blue Nile,,African,other,none,False
akita/akita,2117,Yukio Sasaki Pastry,,,other,none,False
akita/akita,2118,Onodera Tsukushido,,,other,none,False
akita/akita,2119,Sho chan,,Barbecue,meat,ta,True
akita/akita,2120,喜楽,,Japanese,japanese,ta,True
akita/akita,2121,Takoyaki Takobei,,Japanese;Japanese - Other ,japanese,ta,True
akita/akita,2122,やきとり同心,,Japanese;Japanese - Other ,japanese,ta,True
akita/akita,2123,Local Kitchen Rails Akita,,Japanese;Deli,japanese,ta,True
akita/akita,2124,Kappatei,,Japanese,japanese,ta,True
akita/akita,2125,Meat Beer Bar Collabo Akita Omachi,,,other,none,False
akita/akita,2126,Min Soku Chon,,Asian;Korean,chinese,ta,True
akita/akita,2127,Noodle House Maruha,,Asian,chinese,ta,True
akita/akita,2128,Kumameko,,Spanish;Pub,european,ta,True
akita/akita,2129,Chura Umi,,,other,none,False
akita/akita,2130,Pappuya siminitibaten,,,other,none,False
akita/akita,2131,Bamboo Flower,,,other,none,False
akita/akita,2132,Loud Affection,,Bar;Pub,izakaya,ta,True
akita/akita,2133,Akitayataimura Inakaryouri Nakaya,,Japanese,japanese,ta,True
akita/akita,2134,Tsukumo Akitaekimae,,,other,none,False
akita/akita,2135,Hokkaido Ramen Club Shodai Ezo,,Chinese,chinese,ta,True
akita/akita,2136,Anmol Akita,,,other,none,False
akita/akita,2137,カフェ・ブルージュ,,Fusion,other,none,False
akita/akita,2138,Bar Lilith,,Bar;Pub,izakaya,ta,True
akita/akita,2139,Torisho Akita Araya,,Deli,other,none,False
akita/akita,2140,Mugendo Oroshimachi,,Japanese,japanese,ta,True
akita/akita,2141,Ushu,,,other,none,False
akita/akita,2142,Kourakuen Mercity Katagami,,,other,none,False
akita/akita,2143,Meat Labo,,Japanese;Deli,japanese,ta,True
akita/akita,2144,Tonkatsukura Daichi,,Japanese;Japanese - Other ,japanese,ta,True
akita/akita,2145,Tontonton,,,other,none,False
akita/akita,2146,Cadillac,,Japanese;International;Japanese - Other ,japanese,ta,True
akita/akita,2147,Fukuya Seibe,,Sushi,seafood,ta,True
akita/akita,2148,華正,,Japanese,japanese,ta,True
akita/akita,2149,Santeria,,Japanese - Other ,japanese,ta,True
akita/akita,2150,J Akita Shimin Ichiba,,Cafe,cafe,ta,True
akita/akita,2151,Konno Kieido,,,other,none,False
akita/akita,2152,Hungry Bear,,Cafe,cafe,ta,True
akita/akita,2153,たい夢 茨島店,,,sweets,desc,False
akita/akita,2154,Taihei,,Japanese,japanese,ta,True
akita/akita,2155,Kammidokorokamakura Akitaminamidohri,,,other,none,False
akita/akita,2156,Kimura,,Italian;French;Fusion,european,ta,True
akita/akita,2157,Kyujiro Burger,,American,european,ta,True
akita/akita,2158,Ashibe Sanno Acb,,,other,none,False
akita/akita,2159,Morikawa,,,other,none,False
akita/akita,2160,Asari Confectionery,,,other,none,False
akita/akita,2161,Grand Chef,,,other,none,False
akita/akita,2162,Akita Yurigyu Hormone Tsurukame,,Barbecue,meat,ta,True
akita/akita,2163,Marumi,,,other,none,False
akita/akita,2164,Captain Santa,,French,european,ta,True
akita/akita,2165,Sakigake NewsCafe,,,other,none,False
akita/akita,2166,Pizza Furitta 2319,,Pizza,european,ta,True
akita/akita,2167,喰い処ねぶた,,Japanese;Japanese - Other ,japanese,ta,True
akita/akita,2168,Yamanakaya Sotoasahikawa,,,other,none,False
akita/akita,2169,Sumibiyakiniku Namahorumondokoro Shochan Ekimae,,Barbecue,meat,ta,True
akita/akita,2170,Takara Sushi,,Japanese;Seafood;Sushi;Japanese - Other ,seafood,ta,True
akita/akita,2171,Lunch Ran,,Japanese - Other ,japanese,ta,True
akita/akita,2172,Hajime Izumi,,Japanese,japanese,ta,True
akita/akita,2173,Akita Riverside Green,,French,european,ta,True
akita/akita,2174,Bonn Cafe,,Italian,european,ta,True
akita/akita,2175,Genkiya Sotoasahikawa,,Japanese,japanese,ta,True
akita/akita,2176,ナガハマコーヒー 秋田赤十字病院店,,Japanese;International;Japanese - Other ,japanese,ta,True
akita/akita,2177,3014 Chome Sakaba,,Bar;Pub,izakaya,ta,True
akita/akita,2178,Nijiya Main Store,,Bar;Pub,izakaya,ta,True
akita/akita,2179,Pub Audition,,French,european,ta,True
akita/akita,2180,Coffee Kobo Beans,,Cafe,cafe,ta,True
akita/akita,2181,Cotton Club,,French,european,ta,True
akita/akita,2182,Idol,,French,european,ta,True
akita/akita,2183,Chez Shoji,,French,european,ta,True
akita/akita,2184,Yasuzo,,Japanese;Japanese - Other ,japanese,ta,True
akita/akita,2185,Naniya,,Barbecue,meat,ta,True
akita/akita,2186,Sousaku Cuisine Kyohno,,Fusion,other,none,False
akita/akita,2187,Takanokura,,Japanese,japanese,ta,True
akita/akita,2188,Cafe Window,,Indian,curry,ta,True
akita/akita,2189,Baian Tei,,Japanese;Japanese - Other ,japanese,ta,True
akita/akita,2190,Cordial,,French,european,ta,True
akita/akita,2191,Izakaya Umma,,Japanese;Japanese - Other ,japanese,ta,True
akita/akita,2192,Bistrot D Eventail,,French,european,ta,True
akita/akita,2193,Korakuen,,Barbecue,meat,ta,True
akita/akita,2194,Izakaya Utauneko,,Japanese;Japanese - Other ,japanese,ta,True
akita/akita,2195,Yakiniku Reimen Yamanakaya Sotoasahikawa Ten,,,other,none,False
akita/akita,2196,Yakiniku Chubo Dandanya,,Japanese,japanese,ta,True
akita/akita,2197,秋田温泉さとみ,,Fusion,other,none,False
akita/akita,2198,Rokuya,,Korean,chinese,ta,True
akita/akita,2199,Teppanyaki SORA,,Japanese Fusion,japanese,desc,False
akita/akita,2200,Chinese Soba Kyuzo Shokudo,,,other,none,False
akita/akita,2201,Big Apple,,Fusion,other,none,False
akita/akita,2202,Restaurant Youth Pal,,Fusion,other,none,False
akita/akita,2203,Kinasa,,Japanese;Japanese - Other ,japanese,ta,True
akita/akita,2204,Doka no Yakata,,Italian,european,ta,True
akita/akita,2205,Daigo Seibu Akita,,,other,none,False
akita/akita,2206,鯉茶屋,,Japanese;International;Japanese - Other ,japanese,ta,True
akita/akita,2207,Takahashi,,Japanese;International;Japanese - Other ,japanese,ta,True
akita/akita,2208,Sweet Cafe,,,other,none,False
akita/akita,2209,Toi,,Japanese;International;Japanese - Other ,japanese,ta,True
akita/akita,2210,Happy Door Cafes Boutique,,Cafe,cafe,ta,True
akita/akita,2211,惣菜市場,,Japanese,japanese,ta,True
akita/akita,2212,パブやすらぎ息子,,Bar;Pub,izakaya,ta,True
akita/akita,2213,Atori,,Cafe,cafe,ta,True
akita/akita,2214,居酒屋ふるさと,,Japanese;Japanese - Other ,japanese,ta,True
akita/akita,2215,Ebisuya Hompo,,Japanese;Izakaya (Japanese Style Tavern),izakaya,ta,True
akita/akita,2216,Mori No Machiya,,,other,none,False
akita/akita,2217,Seafood Seasonal Vege Original Dish Tatsumi,,Seafood,seafood,ta,True
akita/akita,2218,リトルスター,,,other,none,False
akita/akita,2219,Bordeaux,,,other,none,False
akita/akita,2220,Akudaikan,,,other,none,False
akita/akita,2221,Nakadori Shokudo,,,other,none,False
akita/akita,2222,Sunroser,,,other,none,False
akita/akita,2223,Cookies Time,,,other,none,False
akita/akita,2224,Style,,,other,none,False
akita/akita,2225,Irohanihoheto Akita Ekimae,,Japanese;International;Japanese Fusion,japanese,ta,True
akita/akita,2226,Eiyo Restaurant Seitan,,,other,none,False
akita/akita,2227,Yaya Stazione B,,,other,none,False
akita/akita,2228,Tsukiya,,,other,none,False
akita/akita,2229,White,,,other,none,False
akita/akita,2230,Jazz Oldies Sting,,,other,none,False
akita/akita,2231,Bonjour,,,other,none,False
akita/akita,2232,M s Kitchen,,,other,none,False
akita/akita,2233,Toriya Kibee Sanno,,Izakaya (Japanese Style Tavern),izakaya,ta,True
akita/akita,2234,Restaurant Fontaine,,,other,none,False
akita/akita,2235,Arawa Sushi,,Japanese;Seafood;Sushi;Japanese - Other ,seafood,ta,True
akita/akita,2236,Koryori Suzuno,,Japanese,japanese,ta,True
akita/akita,2237,Dosankooiwaki Part 7,,,other,none,False
akita/akita,2238,Ono Ya,,Japanese,japanese,ta,True
akita/akita,2239,Oshimizu Drive In,,Japanese;International;Japanese - Other ,japanese,ta,True
akita/akita,2240,リッシュブールワインガーデン,,Wine Bar,izakaya,desc,False
akita/akita,2241,Okuyamatei,,Asian,chinese,ta,True
akita/akita,2242,Ramen Kaisei,,,other,none,False
akita/akita,2243,Tonpinsya,,Japanese,japanese,ta,True
akita/akita,2244,Shiba Sushi,,Japanese;Sushi,seafood,ta,True
akita/akita,2245,Yotteke,,Japanese,japanese,ta,True
akita/akita,2246,Jibarian,,Japanese,japanese,ta,True
akita/akita,2247,Katsura,,Japanese;Asian,chinese,ta,True
akita/akita,2248,Fukuju,,Japanese;Japanese - Other ,japanese,ta,True
akita/akita,2249,Washoku Ogata,,Japanese,japanese,ta,True
akita/akita,2250,Senryozushi,,Japanese;Seafood;Sushi;Japanese - Other ,seafood,ta,True
akita/akita,2251,Japanese Restaurant Chiba,,Japanese;International;Japanese - Other ,japanese,ta,True
akita/akita,2252,Jihei Sushi,,Sushi,seafood,ta,True
akita/akita,2253,てる吉,,Japanese;Japanese - Other ,japanese,ta,True
akita/akita,2254,Hinabe Dining Wami,,Japanese,japanese,ta,True
akita/akita,2255,Kakurega Okunoin,,Seafood,seafood,ta,True
akita/akita,2256,Japanese Cuisine Nanbu,,Japanese,japanese,ta,True
akita/akita,2257,Ginhoru,,Japanese;Izakaya (Japanese Style Tavern),izakaya,ta,True
akita/akita,2258,Takanishi,,Japanese;Izakaya (Japanese Style Tavern),izakaya,ta,True
akita/akita,2259,Izakaya Hyokkori,,Japanese;Izakaya (Japanese Style Tavern),izakaya,ta,True
akita/akita,2260,Restaurant Pia,,Japanese;International;Japanese - Other ,japanese,ta,True
akita/akita,2261,Wako Sushi,,Japanese;Seafood;Sushi;Japanese - Other ,seafood,ta,True
akita/akita,2262,J s Cafe,,Cafe,cafe,ta,True
akita/akita,2263,Mokkiriya Kazu,,Japanese,japanese,ta,True
akita/akita,2264,Kitsushiyoten Reception Hall,,Japanese - Other ,japanese,ta,True
akita/akita,2265,Tavern Fuu,,Pub,izakaya,ta,True
akita/akita,2266,Towari Sobaya,,Japanese;Japanese - Other ,japanese,ta,True
akita/akita,2267,Cloud,,Bar;Pub,izakaya,ta,True
akita/akita,2268,Bar Saint Cristina,,,other,none,False
akita/akita,2269,Dining Sakae,,Sushi,seafood,ta,True
akita/akita,2270,Horumon Ani,,,other,none,False
akita/akita,2271,Half Time,,Japanese,japanese,ta,True
akita/akita,2272,Hotaruya,,Japanese;Izakaya (Japanese Style Tavern),izakaya,ta,True
akita/akita,2273,Gisu Zahyo,,,other,none,False
akita/akita,2274,Judai,,,other,none,False
akita/akita,2275,Restaurant Sansui,,,other,none,False
akita/akita,2276,Ramen Kotobukiya,,,other,none,False
akita/akita,2277,Bartiger More,,Bar;Pub,izakaya,ta,True
akita/akita,2278,Izakaya Kingyo,,Japanese;Izakaya (Japanese Style Tavern),izakaya,ta,True
akita/akita,2279,Gohan Ya,,Japanese,japanese,ta,True
akita/akita,2280,Family Shokudo Kazuhan,,Japanese;International;Japanese - Other ,japanese,ta,True
akita/akita,2281,ポニーテール,,Cafe,cafe,ta,True
akita/akita,2282,Kagoshima Ramen Sakurajima,,,other,none,False
akita/akita,2283,とちぎや,,,other,none,False
akita/akita,2284,はん妻,,Japanese;Izakaya (Japanese Style Tavern),izakaya,ta,True
akita/akita,2285,Sobaya Nakanaka,,Japanese;Japanese - Other ,japanese,ta,True
akita/akita,2286,Sarashina,,Japanese;Japanese - Other ,japanese,ta,True
akita/akita,2287,Tokutaro Confectionery,,,other,none,False
akita/akita,2288,和食丸ちゃん,,Japanese;Japanese - Other ,japanese,ta,True
akita/akita,2289,Oshokujidokoro Kawadora Oiwake,,Japanese,japanese,ta,True
akita/akita,2290,Sumibiyaki Shian,,,other,none,False
akita/akita,2291,Washoku Ishiyama,,Japanese;Japanese - Other ,japanese,ta,True
akita/akita,2292,Shinraku,,Japanese;Japanese - Other ,japanese,ta,True
akita/akita,2293,Syunsai Saiki,,,other,none,False
akita/akita,2294,Aki Sen Zushi,,Japanese;Seafood;Sushi;Japanese - Other ,seafood,ta,True
akita/akita,2295,Sushidokoro Tokugawa,,Japanese;Seafood;Sushi;Japanese - Other ,seafood,ta,True
akita/akita,2296,Selion Lista Akita Batake Cafe,,Cafe,cafe,ta,True
akita/akita,2297,Sobatoosake Makoto,,Japanese;Japanese - Other ,japanese,ta,True
akita/akita,2298,Akasaka Ramen Akita,,,other,none,False
akita/akita,2299,Sakanaya Shichi,,,other,none,False
akita/akita,2300,Mencafe Futur,,,other,none,False
akita/akita,2301,Domino s Pizza Akita Shin Kokudo Store,,,other,none,False
akita/akita,2302,Tairyo Sushi,,Japanese;Seafood;Sushi;Japanese - Other ,seafood,ta,True
akita/akita,2303,Honobonotei,,Japanese;International;Japanese - Other ,japanese,ta,True
akita/akita,2304,Shogunno Kaikan,,Japanese;International;Japanese - Other ,japanese,ta,True
akita/akita,2305,天味食堂,,Japanese;International;Japanese - Other ,japanese,ta,True
akita/akita,2306,Niida Hanten,,Japanese;International;Japanese - Other ,japanese,ta,True
akita/akita,2307,Fukumimi,,Japanese;International;Japanese - Other ,japanese,ta,True
akita/akita,2308,Aeon Tsuchizaki Minato Akadama,,International,other,none,False
akita/akita,2309,Tarafuku,,Japanese - Other ,japanese,ta,True
akita/akita,2310,Sushi Kan,,Sushi,seafood,ta,True
akita/akita,2311,Makoto Zushi,,Japanese;Seafood;Sushi;Japanese - Other ,seafood,ta,True
akita/akita,2312,Men Ya Umashi,,,other,none,False
akita/akita,2313,Do Do Nasai,,Japanese - Other ,japanese,ta,True
akita/akita,2314,Hamachan,,Japanese;Seafood;Sushi;Japanese - Other ,seafood,ta,True
akita/akita,2315,Eigetsu Sushi,,Sushi,seafood,ta,True
akita/akita,2316,すずらん,,Japanese - Other ,japanese,ta,True
akita/akita,2317,Sapporo Kaisenmaru Tsuchizaki,,Japanese;Sushi,seafood,ta,True
akita/akita,2318,Kawabata Roof Top Nikuhiroba,,,other,none,False
akita/akita,2319,Isshin,,Japanese;Japanese - Other ,japanese,ta,True
akita/akita,2320,Izakaya Kawabata Bar,,Japanese,japanese,ta,True
akita/akita,2321,Yuri No Ki,,Japanese;Japanese - Other ,japanese,ta,True
akita/akita,2322,Minami Shokudo,,Japanese,japanese,ta,True
akita/akita,2323,Kinzushi,,Japanese;Seafood;Sushi;Japanese - Other ,seafood,ta,True
akita/akita,2324,Sushi Yamato,,Japanese;Sushi,seafood,ta,True
akita/akita,2325,Sushi Gen,,Japanese;Seafood;Sushi;Japanese - Other ,seafood,ta,True
akita/akita,2326,Akita Chuo Kotsu Shain Shokudo,,Japanese - Other ,japanese,ta,True
akita/akita,2327,Sushi Dokoro Hashimoto,,Japanese;Seafood;Sushi;Japanese - Other ,seafood,ta,True
akita/akita,2328,Horii Dining Hall,,Japanese;International;Japanese - Other ,japanese,ta,True
akita/akita,2329,Maruho Restaurant,,Japanese;International;Japanese - Other ,japanese,ta,True
akita/akita,2330,Yasukeh Zushi,,Japanese;Seafood;Sushi;Japanese - Other ,seafood,ta,True
akita/akita,2331,Nanaichi,,,other,none,False
akita/akita,2332,Jiro Mazesoba Suaumu,,,other,none,False
akita/akita,2333,Sushi Futaba,,Sushi,seafood,ta,True
akita/akita,2334,まつみ食堂,,Japanese;International;Japanese - Other ,japanese,ta,True
akita/akita,2335,Akita City Environmental Division Staff Cafeteria,,Japanese - Other ,japanese,ta,True
akita/akita,2336,ごん助,,Japanese;International;Japanese - Other ,japanese,ta,True
akita/akita,2337,Flower Garden Hana Cafe Hayasaka,,Japanese;Cafe,cafe,ta,True
akita/akita,2338,Matsufuku Dininig,,Japanese,japanese,ta,True
akita/akita,2339,だいにんぐ葉笑輪,,Pub;Gastropub;Dining bars,izakaya,ta,True
akita/akita,2340,Cafe Bar Iki,,Bar;Pub,izakaya,ta,True
akita/akita,2341, Shokudo,,Japanese;International;Japanese - Other ,japanese,ta,True
akita/akita,2342,蓬莱,,Japanese;Japanese - Traditional Cuisine;Kaiseki,japanese,ta,True
akita/akita,2343,Takanishitei,,Japanese - Other ,japanese,ta,True
akita/akita,2344,やきとり大金,,Japanese,japanese,ta,True
akita/akita,2345,Mori No Komachi,,,other,none,False
akita/akita,2346,養老乃瀧  仁井田店,,Japanese;Izakaya (Japanese Style Tavern),izakaya,ta,True
akita/akita,2347,Cafelanina,,,other,none,False
akita/akita,2348,Sushitomo,,Japanese;Seafood;Sushi;Japanese - Other ,seafood,ta,True
akita/akita,2349,Toriichi,,Japanese,japanese,ta,True
akita/akita,2350,Kirinko,,,other,none,False
akita/akita,2351,Hanasaki,,Japanese,japanese,ta,True
akita/akita,2352,Ikenohata,,Japanese,japanese,ta,True
akita/akita,2353,Jazz in Time,,Bar;Pub,izakaya,ta,True
akita/akita,2354,Sushi No Asuka Akita,,Japanese;Seafood;Sushi;Japanese - Other ,seafood,ta,True
akita/akita,2355,Shinobuya,,Japanese;International;Japanese - Other ,japanese,ta,True
akita/akita,2356,Gyosuitei,,Japanese;Seafood;Japanese - Other ,seafood,ta,True
akita/akita,2357,Ippon Kushi,,Japanese;Japanese - Other ,japanese,ta,True
akita/akita,2358,Sushi Restaurant Suzuki,,Japanese;Seafood;Sushi;Japanese - Other ,seafood,ta,True
akita/akita,2359,Puchi Tomato,,,other,none,False
akita/akita,2360,Yokohamaken,,,other,none,False
akita/akita,2361,Chaya,,Japanese;International;Japanese - Other ,japanese,ta,True
akita/akita,2362,Ajiman Zushi,,Japanese;Seafood;Sushi;Japanese - Other ,seafood,ta,True
akita/akita,2363,Candy Processing Mikaho,,,other,none,False
akita/akita,2364,Shohodo,,,other,none,False
akita/akita,2365,Manten 2,,Japanese,japanese,ta,True
akita/akita,2366,Seine de Vie,,Bar;Pub,izakaya,ta,True
akita/akita,2367,きゃろんマイルド,,Bar;Pub,izakaya,ta,True
akita/akita,2368,Nikusho Takatsu,,Japanese,japanese,ta,True
akita/akita,2369,Aube,,Bar;Pub,izakaya,ta,True
akita/akita,2370,茶屋,,Japanese;Japanese - Other ,japanese,ta,True
akita/akita,2371,Pub Ever,,Pub;Gastropub,izakaya,ta,True
akita/akita,2372,Aloha Kitchen Makale A,,Hawaiian,other,none,False
akita/akita,2373,Kawasemi,,Sushi,seafood,ta,True
akita/akita,2374,Ichiei,,Japanese;Japanese - Traditional Cuisine;Kappo,japanese,ta,True
akita/akita,2375,Donhouse,,Japanese;International;Japanese - Other ,japanese,ta,True
akita/akita,2376,Yamadori,,Japanese;Japanese - Other ,japanese,ta,True
akita/akita,2377,Musubi,,Japanese;International;Japanese - Other ,japanese,ta,True
akita/akita,2378,Oshikuji Dokoro Kyo,,Japanese;International;Japanese - Other ,japanese,ta,True
akita/akita,2379,天栄食堂,,Japanese;International;Japanese - Other ,japanese,ta,True
akita/akita,2380,Sadoya,,,other,none,False
akita/akita,2381,Pub Restaurant New Spiral,,Pub,izakaya,ta,True
akita/akita,2382,Snack Bar Kotoko,,Pub,izakaya,ta,True
akita/akita,2383,Bar Paddy s,,Pub,izakaya,ta,True
akita/akita,2384,Seizan Shokudo,,Japanese;International;Japanese - Other ,japanese,ta,True
akita/akita,2385,Yakiniku Marumi,,Japanese;Japanese - Other ,japanese,ta,True
akita/akita,2386,Ishihara,,Japanese;Japanese - Traditional Cuisine;Kappo,japanese,ta,True
akita/akita,2387,あやめ寿司,,Sushi,seafood,ta,True
akita/akita,2388,Ohakozushi,,Japanese;Seafood;Sushi;Japanese - Other ,seafood,ta,True
akita/akita,2389,Sushi Bar Kojima,,Japanese;Seafood;Sushi;Japanese - Other ,seafood,ta,True
akita/akita,2390,Ayllu,,,other,none,False
akita/akita,2391,開和食堂,,Japanese;International;Japanese - Other ,japanese,ta,True
akita/akita,2392,Ippuku,,Japanese;International;Japanese - Other ,japanese,ta,True
akita/akita,2393,Grazie,,Japanese;International;Japanese - Other ,japanese,ta,True
akita/akita,2394,Tawara Sushi,,Japanese;Seafood;Sushi;Japanese - Other ,seafood,ta,True
akita/akita,2395,J Wood o Uchi Cafe,,Cafe,cafe,ta,True
akita/akita,2396,Takichan,,Japanese;International;Japanese - Other ,japanese,ta,True
akita/akita,2397,Hidamari,,Japanese;International;Japanese - Other ,japanese,ta,True
akita/akita,2398,Ayame,,Japanese;International;Japanese - Other ,japanese,ta,True
akita/akita,2399,Izumi,,Japanese - Other ,japanese,ta,True
akita/akita,2400,Masako,,Japanese;Japanese - Other ,japanese,ta,True
akita/akita,2401,Kawasemi,,Japanese;Japanese - Traditional Cuisine;Kappo,japanese,ta,True
akita/akita,2402,Yuzu,,Japanese;Japanese - Other ,japanese,ta,True
akita/akita,2403,Seien,,Japanese - Other ,japanese,ta,True
akita/akita,2404,Yoi Shigure,,Japanese - Other ,japanese,ta,True
akita/akita,2405,Pomodoro,,Italian,european,ta,True
akita/akita,2406,Jungatei,,Japanese;Seafood;Grill,seafood,ta,True
akita/akita,2407,Happoen,,Japanese,japanese,ta,True
akita/akita,2408,たい夢  広面店,,,sweets,desc,False
akita/akita,2409,Suehiro Shokudo,,Japanese - Other ,japanese,ta,True
akita/akita,2410,Inami,,Japanese;International;Japanese - Other ,japanese,ta,True
akita/akita,2411,Izumi,,Japanese;International;Japanese - Other ,japanese,ta,True
akita/akita,2412,ぼちぼち,,Japanese;International;Japanese - Other ,japanese,ta,True
akita/akita,2413,Marugen Shokudo Jitaku,,Japanese - Other ,japanese,ta,True
akita/akita,2414,Omotakaya,,Japanese;Japanese - Traditional Cuisine;Kappo,japanese,ta,True
akita/akita,2415,Taisho,,Japanese - Other ,japanese,ta,True
akita/akita,2416,San Toru,,Mexican,other,none,False
akita/akita,2417,Kountei,,Japanese;Japanese - Traditional Cuisine,japanese,ta,True
akita/akita,2418,Restaurant Sun Sun Asahi Kita,,Japanese;International;Japanese - Other ,japanese,ta,True
akita/akita,2419,三味,,Japanese;Seafood;Japanese - Other ,seafood,ta,True
akita/akita,2420,酒菜703,,Japanese;Japanese - Other ,japanese,ta,True
akita/akita,2421,Kintoki Shokudo,,Japanese - Other ,japanese,ta,True
akita/akita,2422,Belgian Beer Bar Zo,,Bar;Pub,izakaya,ta,True
akita/akita,2423,Ryukaen,,Chinese,chinese,ta,True
akita/akita,2424,Kurashi,,Japanese,japanese,ta,True
akita/akita,2425,Katarai,,Japanese - Other ,japanese,ta,True
akita/akita,2426,Minamoto,,Japanese;International;Japanese - Other ,japanese,ta,True
akita/akita,2427,Yoiyoi,,Japanese,japanese,ta,True
akita/akita,2428,Yakitori Satchan,,,other,none,False
akita/akita,2429,Rikyu,,Japanese - Other ,japanese,ta,True
akita/akita,2430,Miharu Shokudo,,Japanese;International;Japanese - Other ,japanese,ta,True
akita/akita,2431,Bambi,,Japanese - Other ,japanese,ta,True
akita/akita,2432,カラベラ,,Japanese - Other ,japanese,ta,True
akita/akita,2433,Tomomi,,Japanese - Other ,japanese,ta,True
akita/akita,2434,Espoir,,Japanese;International;Japanese - Other ,japanese,ta,True
akita/akita,2435,Kurakan,,Sushi,seafood,ta,True
akita/akita,2436,Izakaya Jubei,,Japanese;Izakaya (Japanese Style Tavern),izakaya,ta,True
akita/akita,2437,居酒屋しんちゃん,,Japanese;Izakaya (Japanese Style Tavern),izakaya,ta,True
akita/akita,2438,Obakotei,,Izakaya (Japanese Style Tavern),izakaya,ta,True
akita/akita,2439,Koryori Nami,,Japanese;Japanese - Other ,japanese,ta,True
akita/akita,2440,Nagasaki,,Japanese;Japanese - Other ,japanese,ta,True
akita/akita,2441,Kuropusu,,Japanese;International;Japanese - Other ,japanese,ta,True
akita/akita,2442,Yamayoshi,,Japanese - Other ,japanese,ta,True
akita/akita,2443,ティアラ,,Japanese;International;Japanese - Other ,japanese,ta,True
akita/akita,2444,Be Bop,,Japanese;International;Japanese - Other ,japanese,ta,True
akita/akita,2445,Natsu,,Japanese;International;Japanese - Other ,japanese,ta,True
akita/akita,2446,Gonta,,Japanese;Japanese - Other ,japanese,ta,True
akita/akita,2447,Yoshino Ya,,Japanese - Other ,japanese,ta,True
akita/akita,2448,Katherine,,Japanese;International;Japanese - Other ,japanese,ta,True
akita/akita,2449,B J,,Japanese;International;Japanese - Other ,japanese,ta,True
akita/akita,2450,Ragueneau Aeon Mall Akita,,,other,none,False
akita/akita,2451,Kokubu,,Japanese;Japanese - Other ,japanese,ta,True
akita/akita,2452,One Piece,,Japanese;International;Japanese - Other ,japanese,ta,True
akita/akita,2453,Mutagi,,Japanese;International;Japanese - Other ,japanese,ta,True
akita/akita,2454,寿し忠,,Japanese;Seafood;Sushi;Japanese - Other ,seafood,ta,True
akita/akita,2455,Sakanaka Mebal,,Seafood,seafood,ta,True
akita/akita,2456,Moa Antique Room,,Japanese;International;Japanese - Other ,japanese,ta,True
akita/akita,2457,Shichifukujin,,Japanese;Japanese - Other ,japanese,ta,True
akita/akita,2458,Le Etage,,Cafe,cafe,ta,True
akita/akita,2459,Tairyodonya Chiyomaru,,,other,none,False
akita/akita,2460,Shiose,,,other,none,False
akita/akita,2461,San San Mukohama,,Japanese,japanese,ta,True
akita/akita,2462,Creation,,,other,none,False
akita/akita,2463,Badowan,,Japanese - Other ,japanese,ta,True
akita/akita,2464,Kallax,,International,other,none,False
akita/akita,2465,Jr Shain Shokudo,,Japanese;International;Japanese - Other ,japanese,ta,True
akita/akita,2466,Neo Amisutade,,Italian,european,ta,True
akita/akita,2467,元気屋 山王店,,Japanese,japanese,ta,True
akita/akita,2468,Maruei,,Japanese,japanese,ta,True
akita/akita,2469,ドンキホーテ（緞貴鵬亭）,,Japanese;International;Japanese - Other ,japanese,ta,True
akita/akita,2470,Shukodokoro Nagomi,,Japanese;Izakaya (Japanese Style Tavern),izakaya,ta,True
akita/akita,2471,Izakaya Umaimon,,Izakaya (Japanese Style Tavern),izakaya,ta,True
akita/akita,2472,Hana Akari,,,izakaya,desc,False
akita/akita,2473,Sakagura,,Japanese;Izakaya (Japanese Style Tavern),izakaya,ta,True
akita/akita,2474,Koryori Chihiro,,Japanese;Japanese - Other ,japanese,ta,True
akita/akita,2475,居酒屋 さんとり,,Japanese;Izakaya (Japanese Style Tavern),izakaya,ta,True
akita/akita,2476,Omoya,,Japanese;Izakaya (Japanese Style Tavern),izakaya,ta,True
akita/akita,2477,ゆず丸,,Japanese;Izakaya (Japanese Style Tavern),izakaya,ta,True
akita/akita,2478,Izumikyo,,Izakaya (Japanese Style Tavern),izakaya,ta,True
akita/akita,2479,Wakadaisho Tsuchizaki,,Japanese;Japanese - Other ;Izakaya (Japanese Style Tavern),izakaya,ta,True
akita/akita,2480,Better Friends,,Cafe,cafe,ta,True
akita/akita,2481,Yakitori Guy Chan,,Japanese,japanese,ta,True
akita/akita,2482,Konno,,Japanese,japanese,ta,True
akita/akita,2483,Jonetsu Shokudo Akita Wariyama,,Japanese,japanese,ta,True
akita/akita,2484,味よし 秋田南店,,Japanese;Sushi,seafood,ta,True
akita/akita,2485,Fonte Akita la Maman 88,,Japanese;International;Japanese - Other ,japanese,ta,True
akita/akita,2486,Buckwheat Hotaru,,Japanese,japanese,ta,True
akita/akita,2487,La Papas,,Italian,european,ta,True
akita/akita,2488,Kiwami Sanno,,Japanese,japanese,ta,True
akita/akita,2489,Tenkara,,Japanese,japanese,ta,True
akita/akita,2490,Donmaru Akita Hiroomote,,Japanese,japanese,ta,True
akita/akita,2491,Momo Junkstar,,Pub;Gastropub,izakaya,ta,True
akita/akita,2492,Kinpei,,Japanese;Japanese - Other ,japanese,ta,True
akita/akita,2493,Katsunosuke,,Japanese,japanese,ta,True
akita/akita,2494,Kakudate,,Japanese;International;Japanese - Other ,japanese,ta,True
akita/akita,2495,Teppanyaki Gg,,,other,none,False
akita/akita,2496,Tonkatsu Ike Ya,,Japanese,japanese,ta,True
akita/akita,2497,Karin Here Tomoko,,Pub;Gastropub,izakaya,ta,True
akita/akita,2498,Maruho Dininig Room,,Japanese;International;Japanese - Other ,japanese,ta,True
akita/akita,2499,山神,,Bar;Pub,izakaya,ta,True
akita/akita,2500,Cafe Lian,,Cafe,cafe,ta,True
akita/akita,2501,Lunch Hajime,,Japanese,japanese,ta,True
akita/akita,2502,Meals Shiroku,,Japanese,japanese,ta,True
akita/akita,2503,Sanno Kuriya,,Bar;Pub,izakaya,ta,True
akita/akita,2504,Kikusushi,,Japanese;Seafood;Sushi;Japanese - Other ,seafood,ta,True
akita/akita,2505,Natsuki,,International,other,none,False
akita/akita,2506,Sundaypeople,,Japanese,japanese,ta,True
akita/akita,2507,Fukura,,Japanese;Seafood;Sushi;Japanese - Other ,seafood,ta,True
akita/akita,2508,大寿し,,Japanese;Seafood;Sushi;Japanese - Other ,seafood,ta,True
akita/akita,2509,Chinese Restaurant Anzai,,Chinese,chinese,ta,True
akita/akita,2510,Cafe Monperiya,,Cafe,cafe,ta,True
akita/akita,2511,Rehabili Dininig,,Japanese,japanese,ta,True
akita/akita,2512,Kokoro,,Japanese,japanese,ta,True
akita/akita,2513,Uokin,,Japanese,japanese,ta,True
akita/akita,2514,Branch,,Cafe,cafe,ta,True
akita/akita,2515,Eitaro Confectionery Itoku Self Defense Forces Through,,,other,none,False
akita/akita,2516,Tateyama Pastry,,,other,none,False
akita/akita,2517,Bar Cork Lounge,,Bar;Pub,izakaya,ta,True
akita/akita,2518,おかず家,,Japanese,japanese,ta,True
akita/akita,2519,Misako Mochi,,,other,none,False
akita/akita,2520,Gohandoki,,Japanese,japanese,ta,True
akita/akita,2521,Okazu Shun,,Japanese,japanese,ta,True
akita/akita,2522,Bamiyan Akita Kyokunan,,Chinese,chinese,ta,True
akita/akita,2523,Wa Dining Don,,Japanese,japanese,ta,True
akita/akita,2524,Daikichi Dininig Room,,Japanese,japanese,ta,True
akita/akita,2525,Izakaya Doremi,,Japanese,japanese,ta,True
akita/akita,2526,Fukuraku Gyozabo,,Chinese,chinese,ta,True
akita/akita,2527,Izakaya Restaurant Nachure,,Japanese,japanese,ta,True
akita/akita,2528,Santoen,,Chinese,chinese,ta,True
akita/akita,2529,Ippinryori Ayaori,,Japanese,japanese,ta,True
akita/akita,2530,Kachofugetsu,,Japanese;Japanese - Other ,japanese,ta,True
akita/akita,2531,Asagaoya,,Japanese;International;Japanese - Other ,japanese,ta,True
akita/akita,2532,Waratako Aeon Mall Akita,,,other,none,False
akita/akita,2533,Gyoshin,,Bar;Pub,izakaya,ta,True
akita/akita,2534,Dolphin,,Japanese;International;Japanese - Other ,japanese,ta,True
akita/akita,2535,Maialino,,Bar;Pub,izakaya,ta,True
akita/akita,2536,Tomato,,Japanese;International;Japanese - Other ,japanese,ta,True
akita/akita,2537,Snack Bar Sunflower,,,other,none,False
akita/akita,2538,Mamaya,,International,other,none,False
akita/akita,2539,Fukutori,,,other,none,False
akita/akita,2540,Sennari Pastry,,,other,none,False
akita/akita,2541,Nakaya,,Japanese,japanese,ta,True
akita/akita,2542,Furai,,Japanese,japanese,ta,True
akita/akita,2543,Baiantei,,Japanese,japanese,ta,True
akita/akita,2544,Genkidamashii,,Japanese,japanese,ta,True
akita/akita,2545,Manchuya,,,other,none,False
akita/akita,2546,料亭　濱乃家 本店,,Japanese,japanese,ta,True
akita/akita,2547,Kaoru,,Japanese,japanese,ta,True
akita/akita,2548,Yakiniku Horumon Shinei Hiroomote,,Japanese,japanese,ta,True
akita/akita,2549,Plus Limone,,Italian,european,ta,True
akita/akita,2550,Sapporo Kaisenmaru Higashiodori,,Japanese,japanese,ta,True
akita/akita,2551,Restaurant Inaho,,Japanese,japanese,ta,True
akita/akita,2552,50 Diner,,International,other,none,False
akita/akita,2553,Aun Cafe,,Cafe,cafe,ta,True
akita/akita,2554,Hanaoshi,,Japanese;Sushi,seafood,ta,True
akita/akita,2555,Chanson Bar Gallery,,Pub,izakaya,ta,True
akita/akita,2556,Ebisu Sushi,,Japanese;Sushi,seafood,ta,True
akita/akita,2557,Hosakuya,,,other,none,False
akita/akita,2558,Genkiya Akiya Alve,,Asian,chinese,ta,True
akita/akita,2559,Snack Melody,,,izakaya,desc,False
akita/akita,2560,Chikyuyaotatei,,Japanese,japanese,ta,True
akita/akita,2561,Nagoyado Akita,,Japanese,japanese,ta,True
akita/akita,2562,Kushi Sho Akita,,Japanese,japanese,ta,True
akita/akita,2563,Kawabata Geihinkan,,Japanese,japanese,ta,True
akita/akita,2564,倉や,,Japanese;Izakaya (Japanese Style Tavern),izakaya,ta,True
akita/akita,2565,Kobuchan,,Japanese,japanese,ta,True
akita/akita,2566,Lounge Kunio,,,izakaya,desc,False
akita/akita,2567,Slow Life,,Bar,izakaya,ta,True
akita/akita,2568,Isola,,Bar;Pub,izakaya,ta,True
akita/akita,2569,Bar Akari,,Bar;Pub,izakaya,ta,True
akita/akita,2570,Yahira,,Japanese,japanese,ta,True
akita/akita,2571,Seoul Ya,,Barbecue,meat,ta,True
akita/akita,2572,Katsuhira,,Izakaya (Japanese Style Tavern),izakaya,ta,True
akita/akita,2573,Gaudi,,Bar;Pub,izakaya,ta,True
akita/akita,2574,Warawara Akita West Entrance Eki Mae,,Japanese,japanese,ta,True
akita/akita,2575,居酒屋 ごろべ,,,other,none,False
akita/akita,2576,ムスタング,,,other,none,False
akita/akita,2577,Icarus,,Bar;Pub,izakaya,ta,True
akita/akita,2578,Louvain,,Wine Bar,izakaya,desc,False
akita/akita,2579,Sarashina House,,Japanese;International;Japanese - Other ,japanese,ta,True
akita/akita,2580,Terra,,Japanese;Cafe;European,european,ta,True
akita/akita,2581,Isamiya,,,other,none,False
akita/akita,2582,Isshin Zushi,,Japanese;Seafood;Sushi;Japanese - Other ,seafood,ta,True
akita/akita,2583,Toriyasu,,,other,none,False
akita/akita,2584,Truthtrees,,,other,none,False
akita/akita,2585,Sasayaka,,Pub,izakaya,ta,True
akita/akita,2586,Goma House,,Cafe,cafe,ta,True
akita/akita,2587,寿屋,,,other,none,False
akita/akita,2588,Ogikaba,,,other,none,False
akita/akita,2589,Heroine,,,izakaya,desc,False
akita/akita,2590,Sweets Cororu,,,other,none,False
akita/akita,2591,Gyugentei Chubo,,Japanese,japanese,ta,True
akita/akita,2592,Cafe de Non,,Japanese,japanese,ta,True
akita/akita,2593,Daishindo Confectionery,,,other,none,False
akita/akita,2594,Kaisendon Dompachi,,,other,none,False
akita/akita,2595,Cafe Nonno,,Cafe,cafe,ta,True
akita/akita,2596,赤い風船,,Japanese,japanese,ta,True
akita/akita,2597,Menya Roku Akita Rinkai,,,other,none,False
akita/akita,2598,Sunset,,Japanese;International;Japanese - Other ,japanese,ta,True
akita/akita,2599,Fuku Daruma,,,other,none,False
akita/akita,2600,Hyorokudama,,Japanese;Izakaya (Japanese Style Tavern),izakaya,ta,True
akita/akita,2601,居酒屋いつも,,Japanese;Izakaya (Japanese Style Tavern),izakaya,ta,True
akita/akita,2602,Pappuya Marugoto Market,,Japanese,japanese,ta,True
akita/akita,2603,Inokokuya,,,other,none,False
akita/akita,2604,Sake Dining Kuro,,Dining bars,izakaya,desc,False
akita/akita,2605,Ayano,,Japanese,japanese,ta,True
akita/akita,2606,Karaoke Bar Kurochan,,International,other,none,False
akita/akita,2607,Hachiyo,,,other,none,False
akita/akita,2608,Shogyoku,,,other,none,False
akita/akita,2609,Tsukiyo,,,izakaya,desc,False
akita/akita,2610,May,,,izakaya,desc,False
akita/akita,2611,Izakaya Sawa,,Izakaya (Japanese Style Tavern),izakaya,ta,True
akita/akita,2612,Ranban,,Japanese;Izakaya (Japanese Style Tavern),izakaya,ta,True
akita/akita,2613,Nigohan,,Japanese;Izakaya (Japanese Style Tavern),izakaya,ta,True
akita/akita,2614,居酒屋かんとりい,,Japanese;Izakaya (Japanese Style Tavern),izakaya,ta,True
akita/akita,2615,Izakaya Ikaga,,Japanese;Izakaya (Japanese Style Tavern),izakaya,ta,True
akita/akita,2616,カラオケBanBan 秋田駅前店,,International,other,none,False
akita/akita,2617,Tokkuri No Ki,,Japanese,japanese,ta,True
akita/akita,2618,Nakadori Chill Out,,Dining bars,izakaya,desc,False
akita/akita,2619,Warakiya,,,other,none,False
akita/akita,2620,かすり,,Japanese;International;Japanese - Other ,japanese,ta,True
akita/akita,2621,Jyusando,,,other,none,False
akita/akita,2622,Kajiken Akita Ekimae,,Chinese;Japanese,chinese,ta,True
akita/akita,2623,Kingyo,,Japanese,japanese,ta,True
akita/akita,2624,Omoshie,,Japanese;Japanese Fusion,japanese,ta,True
akita/akita,2625,Senzai Ichigu,,Japanese,japanese,ta,True
akita/akita,2626,Vivian Lee,,Japanese;International;Japanese - Other ,japanese,ta,True
akita/akita,2627,やま田,,Japanese;Izakaya (Japanese Style Tavern),izakaya,ta,True
akita/akita,2628,Four and Half,,,other,none,False
akita/akita,2629,Mahjong Cafe Step,,,other,none,False
akita/akita,2630,秋田自然食品センター,,,other,none,False
akita/akita,2631,Shiokaze,,Izakaya (Japanese Style Tavern),izakaya,ta,True
akita/akita,2632,Ayaaya,,Japanese;Japanese - Other ,japanese,ta,True
akita/akita,2633,Sakagura Cappccino,,Japanese;Izakaya (Japanese Style Tavern),izakaya,ta,True
akita/akita,2634,虎里庵,,Japanese;Izakaya (Japanese Style Tavern),izakaya,ta,True
akita/akita,2635,Izakaya Kyohei,,Japanese;Izakaya (Japanese Style Tavern),izakaya,ta,True
akita/akita,2636,Kani Robatayaki Chirori Hibachian,,Japanese,japanese,ta,True
akita/akita,2637,Taka Bee,,,other,none,False
akita/akita,2638,Izakaya Eikichi,,Japanese;Izakaya (Japanese Style Tavern),izakaya,ta,True
akita/akita,2639,Rancha,,Japanese;Izakaya (Japanese Style Tavern),izakaya,ta,True
akita/akita,2640,Gifu,,,other,none,False
akita/akita,2641,Jazz Booze Hide Out,,,other,none,False
akita/akita,2642,Saina Kan,,,other,none,False
akita/akita,2643,Yasuda Sake,,,other,none,False
akita/akita,2644,麦香房 You Pan,,,other,none,False
akita/akita,2645,Cafe Bloom,,,other,none,False
akita/akita,2646,Ajisai,,,other,none,False
akita/akita,2647,Pony,,,other,none,False
akita/akita,2648,阿吽,,,other,none,False
akita/akita,2649,Tanpoya Hayashi,,Japanese,japanese,ta,True
akita/akita,2650,Biaggi,,,other,none,False
akita/akita,2651,Kasumi,,,other,none,False
akita/akita,2652,Booth,,,other,none,False
akita/akita,2653,Bora Nack,,,other,none,False
akita/akita,2654,Cocktail Shot Bar Malt,,,other,none,False
akita/akita,2655,Buon Natale,,,other,none,False
akita/akita,2656,Yasuzo,,Japanese;Izakaya (Japanese Style Tavern),izakaya,ta,True
akita/akita,2657,Hizuki,,,other,none,False
akita/akita,2658,Shampoo,,,other,none,False
akita/akita,2659,Auru,,,other,none,False
akita/akita,2660,Oshokujidokoro Ritsuko,,Japanese;Izakaya (Japanese Style Tavern),izakaya,ta,True
akita/akita,2661,Sanadaya,,Izakaya (Japanese Style Tavern),izakaya,ta,True
akita/akita,2662,Eitaro Confectionery Barajima Co Op Store,,,other,none,False
akita/akita,2663,Usui,,Japanese;Izakaya (Japanese Style Tavern),izakaya,ta,True
akita/akita,2664,Dear,,,other,none,False
akita/akita,2665,Night Caesar Pegasus Nk,,Izakaya (Japanese Style Tavern),izakaya,ta,True
akita/akita,2666,居酒屋三吉,,Japanese;Izakaya (Japanese Style Tavern),izakaya,ta,True
akita/akita,2667,Sakuraya,,Japanese;Izakaya (Japanese Style Tavern),izakaya,ta,True
akita/akita,2668,Hirano Shoten,,Japanese;Izakaya (Japanese Style Tavern),izakaya,ta,True
akita/akita,2669,Izakaya Sugawara,,Japanese;Izakaya (Japanese Style Tavern),izakaya,ta,True
akita/akita,2670,Empire,,Japanese;Izakaya (Japanese Style Tavern),izakaya,ta,True
akita/akita,2671,Tsukushimbo Great Wines,,,other,none,False
akita/akita,2672,Bourbon Suzuran Dori,,,other,none,False
akita/akita,2673,Chichi,,,other,none,False
akita/akita,2674,Rockclub Bare Foot,,,other,none,False
akita/akita,2675,Eitaro Confectionery Shojuan,,,other,none,False
akita/akita,2676,パブハウスモナ,,,other,none,False
akita/akita,2677,ダイニング万葉,,Japanese,japanese,ta,True
akita/akita,2678,かよい亭,,Japanese,japanese,ta,True
akita/akita,2679,Taishu Izakaya Yama Chan,,Izakaya (Japanese Style Tavern),izakaya,ta,True
akita/akita,2680,Kawase,,Japanese;Izakaya (Japanese Style Tavern),izakaya,ta,True
akita/akita,2681,田舎料理さいとう,,Japanese;Izakaya (Japanese Style Tavern),izakaya,ta,True
akita/akita,2682,Purana,,,other,none,False
akita/akita,2683,Little Party,,,other,none,False
akita/akita,2684,Crazy,,,other,none,False
akita/akita,2685,日々来,,Japanese;Izakaya (Japanese Style Tavern),izakaya,ta,True
akita/akita,2686,Shochu Bijin,,Japanese;Izakaya (Japanese Style Tavern),izakaya,ta,True
akita/akita,2687,Kasan Ryori Domon,,Japanese;Izakaya (Japanese Style Tavern),izakaya,ta,True
akita/akita,2688,Izakaya Ippaiya,,Japanese;Izakaya (Japanese Style Tavern),izakaya,ta,True
akita/akita,2689,Time Slice,,,other,none,False
akita/akita,2690,斉藤製菓,,,other,none,False
akita/akita,2691,Senju,,,other,none,False
akita/akita,2692,Izakaya Kakurega Shubo Ikitei,,Izakaya (Japanese Style Tavern),izakaya,ta,True
akita/akita,2693,あつばの木,,Japanese;Japanese - Other ;Izakaya (Japanese Style Tavern),izakaya,ta,True
akita/akita,2694,Izakaya Kikumi,,Japanese;Izakaya (Japanese Style Tavern),izakaya,ta,True
akita/akita,2695,Ouchi Cafe Nagomi,,Cafe,cafe,ta,True
akita/akita,2696,Chome Charcoal Grilled,,,other,none,False
akita/akita,2697,Power House,,,other,none,False
akita/akita,2698,Sofia Family Hawaiian Cafe,,,other,none,False
akita/akita,2699,Ajinosanpei Niida,,,other,none,False
akita/akita,2700,Marunouchi,,,other,none,False
akita/akita,2701,Sweet Market,,,other,none,False
akita/akita,2702,Misato Omachi,,Japanese,japanese,ta,True
akita/akita,2703,Tamano Shoten,,,other,none,False
akita/akita,2704,Cafe Bar Redhouse,,,other,none,False
akita/akita,2705,Yakiniku Shudo Kureya,,,other,none,False
akita/akita,2706,Running Man,,,other,none,False
akita/akita,2707,Dining Bar Refuge,,Pub;Gastropub;Dining bars,izakaya,ta,True
akita/akita,2708,Pub Yasuragi,,Pub,izakaya,ta,True
akita/akita,2709,Unicorn,,,other,none,False
akita/akita,2710,パンノキ,,,other,none,False
akita/akita,2711,An Plat,,,other,none,False
akita/akita,2712,M,,,other,none,False
akita/akita,2713,おとぎ話,,,other,none,False
akita/akita,2714,Non Smoking Bar Edge,,,other,none,False
akita/akita,2715,Phi Phi,,,other,none,False
akita/akita,2716,ろっくす,,,other,none,False
akita/akita,2717,Western,,,other,none,False
akita/akita,2718,Izakaya Watta,,Japanese;Izakaya (Japanese Style Tavern),izakaya,ta,True
akita/akita,2719,Tegata No Ka Chan,,Izakaya (Japanese Style Tavern),izakaya,ta,True
akita/akita,2720,千秋こまち,,Japanese;Izakaya (Japanese Style Tavern),izakaya,ta,True
akita/akita,2721,Pub Sagan,,Pub;Gastropub,izakaya,ta,True
akita/akita,2722,Creperie Cafe Mannojou,,,other,none,False
akita/akita,2723,Cocktail 606,,Bar;Pub,izakaya,ta,True
akita/akita,2724,Izakaya Nadeshiko,,Japanese,japanese,ta,True
akita/akita,2725,Tsunemaru by Gamushara,,,other,none,False
akita/akita,2726,Sakemi de Granche,,Japanese,japanese,ta,True
akita/akita,2727,Very Sweets,,,other,none,False
akita/akita,2728,居酒屋しののめ,,Japanese;Izakaya (Japanese Style Tavern),izakaya,ta,True
akita/akita,2729,Shokujidokoro Kichijoten,,Japanese;Izakaya (Japanese Style Tavern),izakaya,ta,True
akita/akita,2730,Yuzu,,Japanese;Izakaya (Japanese Style Tavern),izakaya,ta,True
akita/akita,2731,Calm K,,,other,none,False
akita/akita,2732,かくた菓子舗,,,other,none,False
akita/akita,2733,Omoneko Nasu,,,other,none,False
akita/akita,2734,Ichinoho Noborimachi,,,other,none,False
akita/akita,2735,Suisai,,,other,none,False
akita/akita,2736,開運堂,,,other,none,False
akita/akita,2737,New Marron,,,other,none,False
akita/akita,2738,Define,,,other,none,False
akita/akita,2739,ぜんげつ堂,,,other,none,False
akita/akita,2740,Meigetsukan,,,other,none,False
akita/akita,2741,Chez Hishiya,,,other,none,False
akita/akita,2742,Darts Bar Point Akita Ekimae,,,other,none,False
akita/akita,2743,Shirakaba,,,other,none,False
akita/akita,2744,Odashima Confectionery,,,other,none,False
akita/akita,2745,Kaisen Maguro,,,other,none,False
akita/akita,2746,Izakaya Family Dininig Room,,Pub,izakaya,ta,True
akita/akita,2747,Cheerful,,,other,none,False
akita/akita,2748,Miyama,,,other,none,False
akita/akita,2749,来庵,,Japanese;Izakaya (Japanese Style Tavern),izakaya,ta,True
akita/akita,2750,Japanese Fuyuan,,,other,none,False
akita/akita,2751,Bonnasera,,,other,none,False
akita/akita,2752,キャットウォーク（ＣＡＴＷＡＬＫ）,,,other,none,False
akita/akita,2753,Takasugi Pastry,,,other,none,False
akita/akita,2754,Gong Rights,,,other,none,False
akita/akita,2755,Ichinoho Omachi,,,other,none,False
akita/akita,2756,Cake Workshop Bianca,,,other,none,False
akita/akita,2757,Kawabataken,,Japanese,japanese,ta,True
akita/akita,2758,わんかあとん（庵河豚）,,,other,none,False
akita/akita,2759,Oyster Dining Serufisshu,,,other,none,False
akita/akita,2760,Otaru,,,other,none,False
akita/akita,2761,Fogeru,,,other,none,False
akita/akita,2762,Orange Smile,,,other,none,False
akita/akita,2763,Yururitona Murasaki Akita Hiromote,,Pub,izakaya,ta,True
akita/akita,2764,Apricot,,,other,none,False
akita/akita,2765,Kimmeido,,,other,none,False
akita/akita,2766,Here,,,other,none,False
akita/akita,2767,Kawabata Gyozaro,,,other,none,False
akita/akita,2768,Robin,,,other,none,False
akita/akita,2769,Kumasan,,Japanese;Izakaya (Japanese Style Tavern),izakaya,ta,True
akita/akita,2770,Kawabata Meat Kitchen,,,other,none,False
akita/akita,2771,Poirot,,,other,none,False
akita/akita,2772,Makio Farm,,,other,none,False
akita/akita,2773,New Casino,,,other,none,False
akita/akita,2774,Live Restaurant Bb Dining,,,other,none,False
akita/akita,2775,Lily Club,,,other,none,False
akita/akita,2776,Semba,,Japanese;Izakaya (Japanese Style Tavern),izakaya,ta,True
akita/akita,2777,秋田郷土菓子司勝月,,,other,none,False
akita/akita,2778,Splash,,,other,none,False
akita/akita,2779,Flores,,,other,none,False
akita/akita,2780,Clubsurvive,,,other,none,False
akita/akita,2781,Rikka,,,other,none,False
akita/akita,2782,Okawa Ya,,Japanese;Izakaya (Japanese Style Tavern),izakaya,ta,True
akita/akita,2783,どん呑亭,,Seafood,seafood,ta,True
akita/akita,2784,Hotokuan Tegataten,,,other,none,False
akita/akita,2785,Shokuei Land,,,other,none,False
akita/akita,2786,Boss,,Pub;Gastropub,izakaya,ta,True
akita/akita,2787,きゃろっと,,,other,none,False
akita/akita,2788,Eitaro Confectionery Minamitori,,,other,none,False
akita/akita,2789,Sakaba Hitsuji,,,other,none,False
akita/akita,2790,Ochazukedokoro Nana,,,other,none,False
akita/akita,2791,山形屋菓子店,,,other,none,False
akita/akita,2792,Cafe Footbath Hitotsubu,,,other,none,False
akita/akita,2793,Tori Yakiniku 28,,,other,none,False
akita/akita,2794,Kimini Koke Kokko,,,other,none,False
akita/akita,2795,Snack Pinedori,,,other,none,False
akita/akita,2796,Meal Processing Tavern Akatonbo,,Pub,izakaya,ta,True
akita/akita,2797,Grandma,,,other,none,False
akita/akita,2798,陶苑むらき,,,other,none,False
akita/akita,2799,Torinosu Dininig Room,,,other,none,False
akita/akita,2800,Tori Masa Shoudo,,,other,none,False
akita/akita,2801,Naka Komachi,,,other,none,False
akita/akita,2802,Aromatherapy Shop Pfre,,,other,none,False
akita/akita,2803,光月堂本店,,,other,none,False
akita/akita,2804,Melissa,,,other,none,False
akita/akita,2805,Izakaya Mogura,,Japanese,japanese,ta,True
akita/akita,2806,Cafepourdeux,,,other,none,False
akita/akita,2807,Sweet Market Chuodori,,,other,none,False
akita/akita,2808,Japanese Style Snacks Kazuko,,,other,none,False
akita/akita,2809,Tree,,,other,none,False
akita/akita,2810,Senryo Manryo,,,other,none,False
akita/akita,2811,Yakiniku Kaiseki Homuraba,,,other,none,False
akita/akita,2812,Yukiguni No Ran,,,other,none,False
akita/akita,2813,Shino,,Japanese,japanese,ta,True
akita/akita,2814,Miyoshido Pastry,,,other,none,False
akita/akita,2815,Ginza Akebono,,,other,none,False
akita/akita,2816,Yokocho Dori Shushu,,Japanese,japanese,ta,True
akita/akita,2817,820,,,other,none,False
akita/akita,2818,Annex Gurantan Sakebi,,,other,none,False
akita/akita,2819,庭園,,,other,none,False
akita/akita,2820,Kudzu Flowers,,,other,none,False
akita/akita,2821,Hakuritabai Hanbei Akita Ekimae,,,other,none,False
akita/akita,2822,Tomori,,Japanese,japanese,ta,True
akita/akita,2823,Roku,,Japanese,japanese,ta,True
akita/akita,2824,Shunsai Yamaki,,Japanese,japanese,ta,True
akita/akita,2825,Yofu Sosaku Shubo Okutei,,,other,none,False
akita/akita,2826,Rengakan,,,other,none,False
akita/akita,2827,Aoi tori no restaurant,,,other,none,False
akita/akita,2828,Kashou Furouan,,,other,none,False
akita/akita,2829,Komochizuki,,Japanese,japanese,ta,True
akita/akita,2830,Karaku,,Bar;Pub,izakaya,ta,True
akita/akita,2831,The Finest Tea and Bar Elephant Talk,,Bar;Pub,izakaya,ta,True
akita/akita,2832,Omachi Bal Arigatto,,Bar;Pub,izakaya,ta,True
akita/akita,2833,Hide Out Diner,,,other,none,False
akita/akita,2834,Casual Dining Yum Yum,,,other,none,False
akita/akita,2835,Casa Di Frutta,,,other,none,False
akita/akita,2836,Saketonagomitonikutoyasai Akita Ekimae,,Japanese,japanese,ta,True
akita/akita,2837,Kaikatsu Club Akita Shinkokudo,,,other,none,False
akita/akita,2838,Chachamaru Ramen Akita Ekimae,,,other,none,False
akita/akita,2839,KAMENOCHO UP TO YOU,,,other,none,False
akita/akita,2840,Kojyu,,,other,none,False
akita/daisen-05212,1,ジュエーメ,イタリアン,,european,tb,True
akita/daisen-05212,2,塩ホルモン 炭楽,ホルモン、焼肉、居酒屋,,meat,tb,True
akita/daisen-05212,3,そば打ち幸甚,そば,,noodles,tb,True
akita/daisen-05212,4,麺屋　十郎兵衛,ラーメン、つけ麺,,noodles,tb,True
akita/daisen-05212,5,大仙　牛玄亭,焼肉、ホルモン、ステーキ,,meat,tb,True
akita/daisen-05212,6,RAMEN MOSH,ラーメン、つけ麺,,noodles,tb,True
akita/daisen-05212,7,中華そば de 小松,ラーメン、つけ麺,,noodles,tb,True
akita/daisen-05212,8,麺屋 にぼすけ 大曲駅前店,ラーメン、つけ麺,,noodles,tb,True
akita/daisen-05212,9,麺屋 周,ラーメン,,noodles,tb,True
akita/daisen-05212,10,鬼そば藤谷 総本店,ラーメン,,noodles,tb,True
akita/daisen-05212,11,大衆食堂 第三倉庫 一撃製麺所,ラーメン,,noodles,tb,True
akita/daisen-05212,12,鳳仙花,中華料理、ラーメン,,chinese,tb,True
akita/daisen-05212,13,北野水産 大曲駅前店,そば、居酒屋,,noodles,tb,True
akita/daisen-05212,14,洋食屋バンフィール,洋食、オムライス、ハンバーグ,,european,tb,True
akita/daisen-05212,15,中華そば 今野,ラーメン,,noodles,tb,True
akita/daisen-05212,16,大曲ラーメン,ラーメン、餃子,,noodles,tb,True
akita/daisen-05212,17,拉麺 しな竹,ラーメン、油そば・まぜそば,,noodles,tb,True
akita/daisen-05212,18,めんこいな,とんかつ、居酒屋,,meat,tb,True
akita/daisen-05212,19,石臼挽き 純手打そば​ はなび野,そば,,noodles,tb,True
akita/daisen-05212,20,ミルクハウス,洋食、喫茶店、パスタ,,european,tb,True
akita/daisen-05212,21,麺酒菜 おり座,居酒屋、うどん、ラーメン,,izakaya,tb,True
akita/daisen-05212,22,麺屋恋恋,ラーメン,,noodles,tb,True
akita/daisen-05212,23,焼肉 大同門 大曲店,焼肉,,meat,tb,True
akita/daisen-05212,24,Cafe ネノリア,カフェ,,cafe,tb,True
akita/daisen-05212,25,エリヤ神岡,中華料理、ラーメン、餃子,,chinese,tb,True
akita/daisen-05212,26,横丁盛場 キンギョ,居酒屋,,izakaya,tb,True
akita/daisen-05212,27,南園,ラーメン、中華料理、丼,,noodles,tb,True
akita/daisen-05212,28,プラスカフェ 大曲駅店,カフェ,,cafe,tb,True
akita/daisen-05212,29,ゴールデンファイブヌードル,ラーメン,,noodles,tb,True
akita/daisen-05212,30,道の駅 協和 四季の森,道の駅,,other,none,False
akita/daisen-05212,31,サンドーラ,サンドイッチ、おにぎり,,sweets,tb,True
akita/daisen-05212,32,パンプキンハウス,洋食、喫茶店、ハンバーグ,,european,tb,True
akita/daisen-05212,33,スパイスカリーハウスDIYO,インド料理、インドカレー、東南アジア料理,,curry,tb,True
akita/daisen-05212,34,ポットスチル,バー、ダイニングバー、ヨーロッパ料理,,izakaya,tb,True
akita/daisen-05212,35,大来軒,ラーメン、うどん,,noodles,tb,True
akita/daisen-05212,36,ドライブイン原宿,食堂、ラーメン,,casual,tb,True
akita/daisen-05212,37,道の駅かみおか 茶屋っこ一里塚,道の駅,,other,none,False
akita/daisen-05212,38,としま,かつ丼、食堂、ラーメン,,meat,tb,True
akita/daisen-05212,39,つじや 中通本店,和菓子,,sweets,tb,True
akita/daisen-05212,40,酉や喜兵衛 大曲店,焼き鳥、釜飯、居酒屋,,meat,tb,True
akita/daisen-05212,41,かつ亭,とんかつ、カレー、かつ丼,,meat,tb,True
akita/daisen-05212,42,エスプレッソ ワンオンス,カフェ,,cafe,tb,True
akita/daisen-05212,43,らぁ麺 まっちゃん,ラーメン,,noodles,tb,True
akita/daisen-05212,44,三日月珈琲店,喫茶店,,cafe,tb,True
akita/daisen-05212,45,ドッピオ コーヒー ファクトリー,カフェ、ケーキ,,cafe,tb,True
akita/daisen-05212,46,FEIR,イタリアン、バル,,european,tb,True
akita/daisen-05212,47,ちさか,居酒屋、海鮮,,izakaya,tb,True
akita/daisen-05212,48,酒食屋つくし,居酒屋、寿司,,izakaya,tb,True
akita/daisen-05212,49,中華そば店 一しな,ラーメン、餃子、おにぎり,,noodles,tb,True
akita/daisen-05212,50,無弐,ラーメン、つけ麺,,noodles,tb,True
akita/daisen-05212,51,coco cony,パン、洋菓子,,sweets,tb,True
akita/daisen-05212,52,大曲食堂,食堂、そば,,casual,tb,True
akita/daisen-05212,53,回鮮寿司さこう,回転寿司,,seafood,tb,True
akita/daisen-05212,54,たまごの樹 大曲店,オムライス、親子丼、洋菓子,,european,tb,True
akita/daisen-05212,55,コーナー ゲート バーガー,ハンバーガー,,casual,tb,True
akita/daisen-05212,56,とら吉,たい焼き・大判焼き、かき氷、麺類,,sweets,tb,True
akita/daisen-05212,57,kirinの木,カフェ、惣菜・デリ、ケーキ,,cafe,tb,True
akita/daisen-05212,58,美春,食堂、そば、ラーメン,,casual,tb,True
akita/daisen-05212,59,三平,居酒屋、海鮮、焼き鳥,,izakaya,tb,True
akita/daisen-05212,60,いこい食堂,食堂,,casual,tb,True
akita/daisen-05212,61,丸駒食堂,食堂,,casual,tb,True
akita/daisen-05212,62,繁昌軒 本店,ラーメン,,noodles,tb,True
akita/daisen-05212,63,RA-MEN HARA8,ラーメン,,noodles,tb,True
akita/daisen-05212,64,自家製麺 ラーメン玄武,ラーメン、油そば・まぜそば、つけ麺,,noodles,tb,True
akita/daisen-05212,65,いっぷくや,食堂,,casual,tb,True
akita/daisen-05212,66,ブーランジェリールロン,パン、カフェ、洋菓子,,sweets,tb,True
akita/daisen-05212,67,パンヤ カトウ,パン、サンドイッチ、ベーグル,,sweets,tb,True
akita/daisen-05212,68,崎さん家,レストラン、オムライス、居酒屋,,european,tb,False
akita/daisen-05212,69,ラーメン みちのく,ラーメン,,noodles,tb,True
akita/daisen-05212,70,らーめん 光べい,ラーメン,,noodles,tb,True
akita/daisen-05212,71,久兵衛,そば、うどん、天丼,,noodles,tb,True
akita/daisen-05212,72,ゆかり堂製菓 中仙店,和菓子,,sweets,tb,True
akita/daisen-05212,73,高梨商店,カフェ、沖縄そば、インドカレー,,cafe,tb,True
akita/daisen-05212,74,創作ダイニング古休,居酒屋,,izakaya,tb,True
akita/daisen-05212,75,カフェ アウル,カフェ,,cafe,tb,True
akita/daisen-05212,76,秋田大曲 フォレストリゾート 山の手ホテル,ホテル,,other,none,False
akita/daisen-05212,77,ラーメンショップ 四ツ屋店,ラーメン、つけ麺,,noodles,tb,True
akita/daisen-05212,78,ごはん屋カフェ風舎,カフェ、洋食,,cafe,tb,True
akita/daisen-05212,79,くざえもん,居酒屋、海鮮、創作料理,,izakaya,tb,True
akita/daisen-05212,80,仙岩峠の茶屋 大曲店,おでん、そば、うどん,,japanese,tb,True
akita/daisen-05212,81,道の駅なかせん,道の駅,,other,none,False
akita/daisen-05212,82,麺屋 燈,ラーメン,,noodles,tb,True
akita/daisen-05212,83,パティスリードゥー,ケーキ、洋菓子,,sweets,tb,True
akita/daisen-05212,84,FOG coffee,コーヒースタンド,,cafe,tb,True
akita/daisen-05212,85,じゅがーる,カフェ、ケーキ,,cafe,tb,True
akita/daisen-05212,86,CRAFT KITCHEN KYM'S,食堂、ラーメン,,casual,tb,True
akita/daisen-05212,87,じだい屋 本店,焼肉,,meat,tb,True
akita/daisen-05212,88,繁昌軒 支店,ラーメン、うどん,,noodles,tb,True
akita/daisen-05212,89,味楽食堂,食堂,,casual,tb,True
akita/daisen-05212,90,和台所 花,居酒屋、郷土料理、きりたんぽ,,izakaya,tb,True
akita/daisen-05212,91,田中屋本店,そば、うどん、天丼,,noodles,tb,True
akita/daisen-05212,92,斎藤精肉店,惣菜・デリ、コロッケ,,casual,tb,True
akita/daisen-05212,93,焼肉 ほむら家 大仙店,焼肉、ビュッフェ、ホルモン,,meat,tb,True
akita/daisen-05212,94,ばん酌家 まんまる,居酒屋,,izakaya,tb,True
akita/daisen-05212,95,小勝田,お好み焼き,,casual,tb,True
akita/daisen-05212,96,とんもと,レストラン,,other,none,False
akita/daisen-05212,97,福家,食堂,,casual,tb,True
akita/daisen-05212,98,桜木屋 大曲店,ラーメン,,noodles,tb,True
akita/daisen-05212,99,彩光らーめん,ラーメン,,noodles,tb,True
akita/daisen-05212,100,台湾料理 六順園,台湾料理、中華料理、ラーメン,,chinese,tb,True
akita/daisen-05212,101,大ちゃんラーメン,ラーメン、丼、餃子,,noodles,tb,True
akita/daisen-05212,102,レストラン・ティファニー,洋食、ステーキ,,european,tb,True
akita/daisen-05212,103,博多豚骨 門濱屋,ラーメン,,noodles,tb,True
akita/daisen-05212,104,ら〜めん 仁喜,ラーメン,,noodles,tb,True
akita/daisen-05212,105,二十番食堂,食堂,,casual,tb,True
akita/daisen-05212,106,ナベイク,洋菓子,,sweets,tb,True
akita/daisen-05212,107,焼きたてパン ポッポ,パン,,sweets,tb,True
akita/daisen-05212,108,お宿 Onn 大曲の花火,ホテル,,other,none,False
akita/daisen-05212,109,ホテル富士,ホテル,,other,none,False
akita/daisen-05212,110,しゅしゅえっと まるしぇ,その他,,other,none,False
akita/daisen-05212,111,麺屋 風よおしえて,ラーメン,,noodles,tb,True
akita/daisen-05212,112,うまい一丸鮨 大曲店,回転寿司,,seafood,tb,True
akita/daisen-05212,113,一福そば,そば、うどん,,noodles,tb,True
akita/daisen-05212,114,かたつむり,喫茶店、カレー,,cafe,tb,True
akita/daisen-05212,115,弁天,寿司、日本料理、郷土料理,,seafood,tb,True
akita/daisen-05212,116,蔵,寿司、鍋、うなぎ,,seafood,tb,True
akita/daisen-05212,117,ダイニング賢,レストラン,,other,none,False
akita/daisen-05212,118,田村商店,ハンバーガー,,casual,tb,True
akita/daisen-05212,119,ここる,野菜料理,,japanese,tb,True
akita/daisen-05212,120,クレピース,クレープ・ガレット、カフェ、ジェラート・アイスクリーム,,sweets,tb,True
akita/daisen-05212,121,ラーメン 三刀流,ラーメン,,noodles,tb,True
akita/daisen-05212,122,ら～めん笑,ラーメン,,noodles,tb,True
akita/daisen-05212,123,カツから家,とんかつ、からあげ、かつ丼,,meat,tb,True
akita/daisen-05212,124,ら・ぐう,焼肉,,meat,tb,True
akita/daisen-05212,125,ロイヤルセンチュリーゴルフ倶楽部,レストラン,,other,none,False
akita/daisen-05212,126,カフェ ビーコロ,カフェ、喫茶店,,cafe,tb,True
akita/daisen-05212,127,かみおか屋台市場,食堂、ラーメン、ソフトクリーム,,casual,tb,True
akita/daisen-05212,128,山の手ホテルダイニングルーム,日本料理、フレンチ,,japanese,tb,True
akita/daisen-05212,129,TOMOカフェ,カフェ、パスタ、クレープ・ガレット,,cafe,tb,True
akita/daisen-05212,130,肉のさとう,惣菜・デリ、コロッケ、天ぷら,,casual,tb,True
akita/daisen-05212,131,いこいカフェ,カフェ、麺類、ソフトクリーム,,cafe,tb,True
akita/daisen-05212,132,いたりあんはうす,洋食、イタリアン,,european,tb,True
akita/daisen-05212,133,レストラン 嶽,食堂、そば、うどん,,casual,tb,True
akita/daisen-05212,134,ほたる,居酒屋,,izakaya,tb,True
akita/daisen-05212,135,ごはん屋 さんたろう,食堂、居酒屋,,casual,tb,True
akita/daisen-05212,136,あみの 大曲店,日本料理、居酒屋,,japanese,tb,True
akita/daisen-05212,137,四季料理居酒屋 くろいわ,居酒屋,,izakaya,tb,True
akita/daisen-05212,138,作助,カフェ,,cafe,tb,True
akita/daisen-05212,139,伊藤菓子店,和菓子,,sweets,tb,True
akita/daisen-05212,140,AZ DINER,ダイニングバー,,izakaya,tb,True
akita/daisen-05212,141,ポルミート,売店、肉料理,,casual,tb,True
akita/daisen-05212,142,Aji-Q 協和店,ラーメン,,noodles,tb,True
akita/daisen-05212,143,麺屋あり坂,ラーメン,,noodles,tb,True
akita/daisen-05212,144,ラーメンショップ105,ラーメン、丼,,noodles,tb,True
akita/daisen-05212,145,大昌苑,焼肉、冷麺,,meat,tb,True
akita/daisen-05212,146,ショウコウドウ,ケーキ、和菓子、チョコレート,,sweets,tb,True
akita/daisen-05212,147,大曲エンパイヤホテル レストラン・ネージュ,洋食、郷土料理,,european,tb,True
akita/daisen-05212,148,ラーメンハウス協和,ラーメン,,noodles,tb,True
akita/daisen-05212,149,大仙市観光情報センター グランポール,その他,,other,none,False
akita/daisen-05212,150,オレンジオーブン,ケーキ、チョコレート,,sweets,tb,True
akita/daisen-05212,151,和ダイニング ふじ,居酒屋、食堂,,izakaya,tb,True
akita/daisen-05212,152,丹波光実食堂,食堂,,casual,tb,True
akita/daisen-05212,153,びんずる,居酒屋,,izakaya,tb,True
akita/daisen-05212,154,ヴァンヴェール,パン,,sweets,tb,True
akita/daisen-05212,155,居酒屋 大綱,居酒屋,,izakaya,tb,True
akita/daisen-05212,156,inabar,居酒屋,,izakaya,tb,True
akita/daisen-05212,157,とがし,食堂、寿司、居酒屋,,casual,tb,True
akita/daisen-05212,158,ねこピザ,ピザ,,european,tb,True
akita/daisen-05212,159,ばっきゃ,居酒屋,,izakaya,tb,True
akita/daisen-05212,160,寿し半,寿司,,seafood,tb,True
akita/daisen-05212,161,たむら屋,居酒屋、ラーメン、すっぽん,,izakaya,tb,True
akita/daisen-05212,162,ちゃんす長野屋,郷土料理、食堂,,japanese,tb,True
akita/daisen-05212,163,大納川珈琲,喫茶店,,cafe,tb,True
akita/daisen-05212,164,堂本商店,たい焼き・大判焼き、洋菓子、甘味処,,sweets,tb,True
akita/daisen-05212,165,あんてぃーく,喫茶店,,cafe,tb,True
akita/daisen-05212,166,リンガーハット イオンモール大曲店,ちゃんぽん,,noodles,tb,True
akita/daisen-05212,167,ラーメンショップ 105 中仙店,ラーメン、食堂,,noodles,tb,True
akita/daisen-05212,168,十郎兵衛Labo,ラーメン、つけ麺、油そば・まぜそば,,noodles,tb,True
akita/daisen-05212,169,大曲エンパイヤホテル 和食・花菜野,日本料理、寿司,,japanese,tb,True
akita/daisen-05212,170,まちかど酒場 つるかめ屋,居酒屋、串焼き、おでん,,izakaya,tb,True
akita/daisen-05212,171,鮨吉,寿司,,seafood,tb,True
akita/daisen-05212,172,鳥八,居酒屋、焼き鳥、海鮮,,izakaya,tb,True
akita/daisen-05212,173,焼肉・冷麺ぐるり,焼肉,,meat,tb,True
akita/daisen-05212,174,トイトイトイ,洋菓子,,sweets,tb,True
akita/daisen-05212,175,ファミリーマート 西仙北SA店,コンビニ・スーパー,,daily,tb,True
akita/daisen-05212,176,割烹 大和,日本料理、居酒屋,,japanese,tb,True
akita/daisen-05212,177,G食堂 大曲店,食堂、ラーメン、麺類,,casual,tb,True
akita/daisen-05212,178,れんたろう,居酒屋、ラーメン,,izakaya,tb,True
akita/daisen-05212,179,かがりび,日本料理、食堂,,japanese,tb,True
akita/daisen-05212,180,ふじ村,居酒屋,,izakaya,tb,True
akita/daisen-05212,181,居酒屋 デメキン,居酒屋,,izakaya,tb,True
akita/daisen-05212,182,レストラン ひかり,食堂、麺類、カフェ,,casual,tb,True
akita/daisen-05212,183,発明料理 げんや,居酒屋,,izakaya,tb,True
akita/daisen-05212,184,バザール 大曲店,コンビニ・スーパー,,daily,tb,True
akita/daisen-05212,185,ひのや,レストラン,,other,none,False
akita/daisen-05212,186,海老らっぴん,居酒屋,,izakaya,tb,True
akita/daisen-05212,187,のもか,居酒屋,,izakaya,tb,True
akita/daisen-05212,188,余目 そば処,そば,,noodles,tb,True
akita/daisen-05212,189,HARRY,レストラン,,other,none,False
akita/daisen-05212,190,亥,食堂、ダイニングバー,,casual,tb,True
akita/daisen-05212,191,やかた,レストラン,,other,none,False
akita/daisen-05212,192,はんあり,韓国料理,,chinese,tb,True
akita/daisen-05212,193,優勝軒 大曲店,ラーメン,,noodles,tb,True
akita/daisen-05212,194,越後秘蔵麺 無尽蔵 だいせん家,ラーメン,,noodles,tb,True
akita/daisen-05212,195,スターバックス・コーヒー イオンモール大曲店,カフェ,,cafe,tb,True
akita/daisen-05212,196,トレンタ 大曲本店,パスタ、ピザ,,european,tb,True
akita/daisen-05212,197,サイゼリヤ イオンモール大曲店,ファミレス、イタリアン,,casual,tb,True
akita/daisen-05212,198,はなまるうどん イオンモール大曲店,うどん、天ぷら,,noodles,tb,True
akita/daisen-05212,199,お茶の井ヶ田 喜久水庵 イオンモール大曲店,カフェ,,cafe,tb,True
akita/daisen-05212,200,南部家敷 大曲店,そば、天ぷら、うなぎ,,noodles,tb,True
akita/daisen-05212,201,マクドナルド イオンモール大曲店,ハンバーガー,,casual,tb,True
akita/daisen-05212,202,からあげ専門 まつむら商店 イオンモール大曲店,からあげ,,meat,tb,True
akita/daisen-05212,203,爺森,郷土料理、食堂,,japanese,tb,True
akita/daisen-05212,204,日本料理 花よし,日本料理、きりたんぽ、海鮮,,japanese,tb,True
akita/daisen-05212,205,デイリーヤマザキ 大曲西店,コンビニ・スーパー,,daily,tb,True
akita/daisen-05212,206,レストラン リヴィエール,レストラン、バー、カフェ,,izakaya,tb,False
akita/daisen-05212,207,おやつの店 さぬき,その他,,other,none,False
akita/daisen-05212,208,秋田清酒株式会社,その他,,other,none,False
akita/daisen-05212,209,NewDays KIOSK 大曲駅待合室店,コンビニ・スーパー,,daily,tb,True
akita/daisen-05212,210,やきとりおんどり,焼き鳥,,meat,tb,True
akita/daisen-05212,211,ママキッチン シレーヌ,カフェ,,cafe,tb,True
akita/daisen-05212,212,食楽茶笑市 よっかん,食堂、居酒屋,,casual,tb,True
akita/daisen-05212,213,グランドパレス川端,日本料理、寿司、天ぷら,,japanese,tb,True
akita/daisen-05212,214,fan,居酒屋,,izakaya,tb,True
akita/daisen-05212,215,酒楽ダイニング 陣,ダイニングバー,,izakaya,tb,True
akita/daisen-05212,216,田中屋 支店,食堂,,casual,tb,True
akita/daisen-05212,217,オリジナルケーキおぐに,ケーキ,,sweets,tb,True
akita/daisen-05212,218,Bar JAPAN,バー,,izakaya,tb,True
akita/daisen-05212,219,福芳,居酒屋,,izakaya,tb,True
akita/daisen-05212,220,ごんぐ,沖縄料理、焼酎バー,,japanese,tb,True
akita/daisen-05212,221,町家Caffe ぱらんせ,喫茶店,,cafe,tb,True
akita/daisen-05212,222,総本家しなとら 戸蒔店,ラーメン,,noodles,tb,True
akita/daisen-05212,223,くるまやラーメン 大曲店,ラーメン,,noodles,tb,True
akita/daisen-05212,224,Aji-Q 神岡店,ラーメン,,noodles,tb,True
akita/daisen-05212,225,かつさと 大曲店,かつ丼,,meat,tb,True
akita/daisen-05212,226,すき家 105号大仙北長野店,牛丼、カレー、食堂,,casual,tb,True
akita/daisen-05212,227,ケンタッキーフライドチキン イオンモール大曲店,ハンバーガー,,casual,tb,True
akita/daisen-05212,228,鈴木酒造店,その他,,other,none,False
akita/daisen-05212,229,拉麺 ゆうき,ラーメン,,noodles,tb,True
akita/daisen-05212,230,協和の枝豆屋　ソウヘイ,その他,,other,none,False
akita/daisen-05212,231,ひだまり食堂,食堂,,casual,tb,True
akita/daisen-05212,232,嶋田ハム 直売店,その他,,other,none,False
akita/daisen-05212,233,菓子工房オダシマ,ケーキ,,sweets,tb,True
akita/daisen-05212,234,呑龍,ラーメン,,noodles,tb,True
akita/daisen-05212,235,魚魚,居酒屋、海鮮,,izakaya,tb,True
akita/daisen-05212,236,番屋  大曲駅前店,居酒屋,,izakaya,tb,True
akita/daisen-05212,237,だいこく,居酒屋、焼き鳥,,izakaya,tb,True
akita/daisen-05212,238,ゴルフレストラン,レストラン,,other,none,False
akita/daisen-05212,239,chan_pon,食堂,,casual,tb,True
akita/daisen-05212,240,ホルモン家てつ,ホルモン、焼肉、居酒屋,,meat,tb,True
akita/daisen-05212,241,RUSH‐BAR,バー、レストラン,,izakaya,tb,True
akita/daisen-05212,242,野食居酒屋 いずみ,居酒屋,,izakaya,tb,True
akita/daisen-05212,243,旬,焼き鳥、居酒屋,,meat,tb,True
akita/daisen-05212,244,ふれあい食堂,弁当、おにぎり、惣菜・デリ,,casual,tb,True
akita/daisen-05212,245,野ぎく,日本料理,,japanese,tb,True
akita/daisen-05212,246,こみっと,食堂,,casual,tb,True
akita/daisen-05212,247,築地銀だこ イオンモール大曲店,たこ焼き、たい焼き・大判焼き,,casual,tb,True
akita/daisen-05212,248,CoCo壱番屋 大曲東川店,カレー,,curry,tb,True
akita/daisen-05212,249,幸楽苑 大曲店,ラーメン,,noodles,tb,True
akita/daisen-05212,250,かっぱ寿司 大仙店,回転寿司,,seafood,tb,True
akita/daisen-05212,251,果汁工房 果琳 イオンモール大曲店,ジューススタンド,,cafe,tb,True
akita/daisen-05212,252,すき家 13号大仙大曲店,牛丼、カレー、食堂,,casual,tb,True
akita/daisen-05212,253,モスバーガー 大曲店,ハンバーガー,,casual,tb,True
akita/daisen-05212,254,いろはにほへと 大曲駅前店,居酒屋、焼き鳥、海鮮,,izakaya,tb,True
akita/daisen-05212,255,ガスト 大曲店,ファミレス,,casual,tb,True
akita/daisen-05212,256,おひつごはん 四六時中 大曲店,日本料理,,japanese,tb,True
akita/daisen-05212,257,ペッパーランチ イオンモール大曲店,ステーキ,,meat,tb,True
akita/daisen-05212,258,ナガハマコーヒー 大曲店,カフェ、洋菓子,,cafe,tb,True
akita/daisen-05212,259,マクドナルド イオン中仙店,ハンバーガー,,casual,tb,True
akita/daisen-05212,260,ミスタードーナツ 大曲ショップ,カフェ,,cafe,tb,True
akita/daisen-05212,261,桜食品農事組合法人,その他,,other,none,False
akita/daisen-05212,262,和風レストランまるまつ 大曲店,ファミレス,,casual,tb,True
akita/daisen-05212,263,白木屋 大曲西口駅前店,居酒屋、海鮮、創作料理,,izakaya,tb,True
akita/daisen-05212,264,ココス 大仙店,ファミレス,,casual,tb,True
akita/daisen-05212,265,牛角 大曲店,焼肉、ホルモン、居酒屋,,meat,tb,True
akita/daisen-05212,266,はま寿司 大仙大曲店,回転寿司,,seafood,tb,True
akita/daisen-05212,267,串カツ田中 大曲駅前店,串揚げ、居酒屋,,japanese,tb,True
akita/daisen-05212,268,サーティワンアイスクリーム イオンモール大曲店,ジェラート・アイスクリーム,,sweets,tb,True
akita/daisen-05212,269,農産物直売所おひさまマルシェ,その他,,other,none,False
akita/daisen-05212,270,食事処 いおり,食堂,,casual,tb,True
akita/daisen-05212,271,不二家 イオン大曲店,ケーキ,,sweets,tb,True
akita/daisen-05212,272,パン工場 イオン大曲店,パン、サンドイッチ、カフェ,,sweets,tb,True
akita/daisen-05212,273,五臓六腑,居酒屋,,izakaya,tb,True
akita/daisen-05212,274,福乃友,その他,,other,none,False
akita/daisen-05212,275,肉のわかば 大曲店,惣菜・デリ、コロッケ、焼き鳥,,casual,tb,True
akita/daisen-05212,276,エッテ ケーキショップ,ケーキ,,sweets,tb,True
akita/daisen-05212,277,毎日大曲,カフェ,,cafe,tb,True
akita/daisen-05212,278,シャトレーゼ 大曲店,洋菓子、和菓子,,sweets,tb,True
akita/daisen-05212,279,あじまん本舗 コメリ大曲店,たい焼き・大判焼き、たこ焼き,,sweets,tb,True
akita/daisen-05212,280,きっかわ,肉料理、その他,,meat,tb,True
akita/daisen-05212,281,伊万里,その他,,other,none,False
akita/daisen-05212,282,風扇,焼き鳥,,meat,tb,True
akita/daisen-05212,283,たぢはん 長野店,居酒屋,,izakaya,tb,True
akita/daisen-05212,284,カネトク酒市場,その他,,other,none,False
akita/daisen-05212,285,モリボの里 物産館,ジェラート・アイスクリーム、麺類,,sweets,tb,True
akita/daisen-05212,286,和食庵 東兵衛屋敷,日本料理,,japanese,tb,True
akita/daisen-05212,287,まる八食堂,居酒屋,,izakaya,tb,True
akita/daisen-05212,288,やをら,ベーグル、スイーツ,,sweets,tb,True
akita/daisen-05212,289,和栄堂,和菓子、洋菓子、スイーツ,,sweets,tb,True
akita/daisen-05212,290,丸徳商店,和菓子,,sweets,tb,True
akita/daisen-05212,291,クロスステージ,カフェ,,cafe,tb,True
akita/daisen-05212,292,きりんの木スタンド,たい焼き・大判焼き,,sweets,tb,True
akita/daisen-05212,293,豊月,和菓子,,sweets,tb,True
akita/daisen-05212,294,おおくぼ,和菓子,,sweets,tb,True
akita/daisen-05212,295,神岡物産館,その他,,other,none,False
akita/daisen-05212,296,中仙堂,和菓子,,sweets,tb,True
akita/daisen-05212,297,LAWSON 大仙協和上淀川店,コンビニ・スーパー,,daily,tb,True
akita/daisen-05212,298,雪月花,日本料理、居酒屋,,japanese,tb,True
akita/daisen-05212,299,福丸,お好み焼き、もんじゃ焼き、居酒屋,,casual,tb,True
akita/daisen-05212,300,めん太郎 秋田中仙店,ラーメン,,noodles,tb,True
akita/daisen-05212,301,ピザＪＰ 大曲店,イタリアン,,european,tb,True
akita/daisen-05212,302,奥田酒造店,その他,,other,none,False
akita/daisen-05212,303,お菓子のくらた イーストモール店,和菓子、洋菓子,,sweets,tb,True
akita/daisen-05212,304,手作りハウス ふらっと,惣菜・デリ、洋菓子,,casual,tb,True
akita/daisen-05212,305,FOOD FREAK,ケバブ、トルコ料理,,casual,tb,True
akita/daisen-05212,306,I'm HAPPY,ケーキ,,sweets,tb,True
akita/daisen-05212,307,セブンイレブン 大仙福田町店,コンビニ・スーパー,,daily,tb,True
akita/daisen-05212,308,お菓子処 花咲,和菓子、どら焼き,,sweets,tb,True
akita/daisen-05212,309,BERNARD イーストモール店,パン、サンドイッチ,,sweets,tb,True
akita/daisen-05212,310,グレン,ケーキ、パン,,sweets,tb,True
akita/daisen-05212,311,お菓子の家ふじた,ケーキ,,sweets,tb,True
akita/daisen-05212,312,イオン 中仙店,コンビニ・スーパー,,daily,tb,True
akita/daisen-05212,313,セブンイレブン 大仙飯田インター店,コンビニ・スーパー,,daily,tb,True
akita/daisen-05212,314,ベルナール グランマート飯田店,パン,,sweets,tb,True
akita/daisen-05212,315,南外ふるさと館,その他,,other,none,False
akita/daisen-05212,316,LAWSON 大仙角間川町店,コンビニ・スーパー,,daily,tb,True
akita/daisen-05212,317,na.bitte,カレー,,curry,tb,True
akita/daisen-05212,318,千寿し,寿司,,seafood,tb,True
akita/daisen-05212,319,イオンドリップカフェ イオンモール大曲店,その他,,other,none,False
akita/daisen-05212,320,宅配 仕出し お弁当 テイクアウト専門 河ドラ 協和店,弁当,,casual,tb,True
akita/daisen-05212,321,よりみち,かき氷、たい焼き・大判焼き,,sweets,tb,True
akita/daisen-05212,322,あんてぃーく,食堂,,casual,tb,True
akita/daisen-05212,323,ベルナール,パン,,sweets,tb,True
akita/daisen-05212,324,サンロード よねや大曲中央店,パン,,sweets,tb,True
akita/daisen-05212,325,たろすけガーデンぱん,パン,,sweets,tb,True
akita/daisen-05212,326,SUNROAD よねやとまき店,パン,,sweets,tb,True
akita/daisen-05212,327,パン工場 イオン中仙店,パン,,sweets,tb,True
akita/daisen-05212,328,TOMATO,売店,,casual,tb,True
akita/daisen-05212,329,やきとり シバタ 大曲店,焼き鳥,,meat,tb,True
akita/daisen-05212,330,NewDays 大曲,コンビニ・スーパー,,daily,tb,True
akita/daisen-05212,331,大綱食品,その他,,other,none,False
akita/daisen-05212,332,高関上郷農場,その他,,other,none,False
akita/daisen-05212,333,玉き,レストラン,,other,none,False
akita/daisen-05212,334,ファミリーマート 大曲上栄町店,コンビニ・スーパー,,daily,tb,True
akita/daisen-05212,335,金紋秋田酒造,その他,,other,none,False
akita/daisen-05212,336,ファミリーマート 大仙かみおか店,コンビニ・スーパー,,daily,tb,True
akita/daisen-05212,337,銀座コージーコーナー イオン中仙店,ケーキ,,sweets,tb,True
akita/daisen-05212,338,ほっぺ,弁当、麺類,,casual,tb,True
akita/daisen-05212,339,イーストモール,その他,,other,none,False
akita/daisen-05212,340,うさぎのしっぽ,喫茶店,,cafe,tb,True
akita/daisen-05212,341,おこめのさわた,その他,,other,none,False
akita/daisen-05212,342,イオンシネマ 大曲店,その他,,other,none,False
akita/daisen-05212,343,協和スキー場 レストラン,レストラン,,other,none,False
akita/daisen-05212,344,原料館,弁当,,casual,tb,True
akita/daisen-05212,345,こめこめプラザ売店,その他,,other,none,False
akita/daisen-05212,346,お台所 mau,食堂,,casual,tb,True
akita/daisen-05212,347,古巣菓子店,和菓子,,sweets,tb,True
akita/daisen-05212,348,東北醤油,その他,,other,none,False
akita/daisen-05212,349,グリーンパレス 竹馬,その他,,other,none,False
akita/daisen-05212,350,大曲プラザ たつみ,その他,,other,none,False
akita/daisen-05212,351,セブンイレブン 大曲西根店,コンビニ・スーパー,,daily,tb,True
akita/daisen-05212,352,グランマート 中通店,コンビニ・スーパー,,daily,tb,True
akita/daisen-05212,353,新栄堂 小田島,和菓子,,sweets,tb,True
akita/daisen-05212,354,ほっともっと 大曲田町店,弁当,,casual,tb,True
akita/daisen-05212,355,栗林精肉店,その他,,other,none,False
akita/daisen-05212,356,華美彩庵,その他,,other,none,False
akita/daisen-05212,357,味の平七,食堂,,casual,tb,True
akita/daisen-05212,358,南外さいかい市,その他,,other,none,False
akita/daisen-05212,359,まる,レストラン,,other,none,False
akita/daisen-05212,360,居酒屋暖,焼き鳥,,meat,tb,True
akita/daisen-05212,361,打川商店,たい焼き・大判焼き、かき氷,,sweets,tb,True
akita/daisen-05212,362,大日向精肉店,惣菜・デリ,,casual,tb,True
akita/daisen-05212,363,ふらっと,カフェ,,cafe,tb,True
akita/daisen-05212,364,無印良品 イーストモール大仙店,その他,,other,none,False
akita/daisen-05212,365,酔呼伝,居酒屋,,izakaya,tb,True
akita/daisen-05212,366,ファミリーマート 大仙太田町店,コンビニ・スーパー,,daily,tb,True
akita/daisen-05212,367,つなぐ珈琲 1号店,コーヒースタンド,,cafe,tb,True
akita/daisen-05212,368,小料理 SamaSama,食堂,,casual,tb,True
akita/daisen-05212,369,昴,レストラン,,other,none,False
akita/daisen-05212,370,セブンイレブン 大仙上栄町店,コンビニ・スーパー,,daily,tb,True
akita/daisen-05212,371,ビフレ 大曲店,コンビニ・スーパー,,daily,tb,True
akita/daisen-05212,372,ローズメイ秋田工場,その他,,other,none,False
akita/daisen-05212,373,ムーン・ライト,レストラン、バー,,izakaya,tb,False
akita/daisen-05212,374,カラオケBanBan 大曲駅前店,カラオケ,,izakaya,tb,True
akita/daisen-05212,375,酒菜和,居酒屋,,izakaya,tb,True
akita/daisen-05212,376,業務スーパー 大曲店,コンビニ・スーパー,,daily,tb,True
akita/daisen-05212,377,セブンイレブン 西仙北SA上り店,コンビニ・スーパー,,daily,tb,True
akita/daisen-05212,378,居酒屋厨房 みっつん家,揚げ物、おにぎり,,casual,tb,True
akita/daisen-05212,379,すづひろ,日本料理,,japanese,tb,True
akita/daisen-05212,380,高寅商店,弁当,,casual,tb,True
akita/daisen-05212,381,UNITED GRILL,アメリカ料理,,european,tb,True
akita/daisen-05212,382,平熊会館,その他,,other,none,False
akita/daisen-05212,383,ピザハット 大曲店,ピザ,,european,tb,True
akita/daisen-05212,384,LAWSON 大仙協和船岡店,コンビニ・スーパー,,daily,tb,True
akita/daisen-05212,385,焼き鳥 ゆうちゃん 大仙神岡店,焼き鳥,,meat,tb,True
akita/daisen-05212,386,神宮寺観光果樹園,その他,,other,none,False
akita/daisen-05212,387,グランマート 白金店,コンビニ・スーパー,,daily,tb,True
akita/daisen-05212,388,じぱんぐ亭,弁当、からあげ,,casual,tb,True
akita/daisen-05212,389,めん太郎 大曲店,うどん、そば、ラーメン,,noodles,tb,True
akita/daisen-05212,390,草穂,その他,,other,none,False
akita/daisen-05212,391,ファミリーマート 大仙協和店,コンビニ・スーパー,,daily,tb,True
akita/daisen-05212,392,大曲たいやき,たい焼き・大判焼き,,sweets,tb,True
akita/daisen-05212,393,みんなの悟空,居酒屋、パスタ、カレー,,izakaya,tb,True
akita/daisen-05212,394,新席,レストラン,,other,none,False
akita/daisen-05212,395,居酒屋 笑家,居酒屋,,izakaya,tb,True
akita/daisen-05212,396,長沼商店 大曲店,その他,,other,none,False
akita/daisen-05212,397,森乃茶屋,寿司,,seafood,tb,True
akita/daisen-05212,398,あきたブリューイングカンパニー,ビアバー,,izakaya,tb,True
akita/daisen-05212,399,レストラン四季,食堂,,casual,tb,True
akita/daisen-05212,400,アグリマーケティングハウス,その他,,other,none,False
akita/daisen-05212,401,もつ煮処 ちゃみせ,食堂,,casual,tb,True
akita/daisen-05212,402,月岡ホテル,ホテル,,other,none,False
akita/daisen-05212,403,Oryza Restaurant,,Japanese;Japanese - Other ,japanese,ta,True
akita/daisen-05212,404,Ristorante Glueme,,Italian,european,ta,True
akita/daisen-05212,405,Zakisanchi,,Fusion,other,none,False
akita/daisen-05212,406,Sampei,,Japanese;Izakaya (Japanese Style Tavern),izakaya,ta,True
akita/daisen-05212,407,Restaurant Shimada,,German,european,ta,True
akita/daisen-05212,408,Sumiraku,,Barbecue,meat,ta,True
akita/daisen-05212,409,Sobauchi Kojin,,Japanese;Japanese - Other ,japanese,ta,True
akita/daisen-05212,410,Harajuku Drive In,,Japanese;International;Japanese - Other ,japanese,ta,True
akita/daisen-05212,411,Tsujiya Pastry Nakadori Honten,,,sweets,desc,False
akita/daisen-05212,412,Kushikatsu Tanaka Omagari ekimae,,Japanese;Brew Pub;Fast Food;Pub;Japanese Fusion,izakaya,ta,True
akita/daisen-05212,413,Kitano Suisan Omagari Ekimae,,Japanese;Pub,izakaya,ta,True
akita/daisen-05212,414,Katsutei,,Japanese;Japanese - Other ,japanese,ta,True
akita/daisen-05212,415,Jikaseimen Sato,,Asian,chinese,ta,True
akita/daisen-05212,416,Menya Jurohei,,Japanese;Asian,chinese,ta,True
akita/daisen-05212,417,Wadaidokoro Hana,,Japanese;Japanese - Other ,japanese,ta,True
akita/daisen-05212,418,Nibosuke,,,other,none,False
akita/daisen-05212,419,Shoho En,,Japanese;Japanese - Other ,japanese,ta,True
akita/daisen-05212,420,Nan En,,,other,none,False
akita/daisen-05212,421,Tonkatsu Fujiyoshiomagari,,Japanese,japanese,ta,True
akita/daisen-05212,422,Yakiniku Daidomon Ohmagari,,Japanese,japanese,ta,True
akita/daisen-05212,423,Dining Kokyu,,Bar;Fusion,izakaya,ta,True
akita/daisen-05212,424,Tamagonoki Omagari,,,other,none,False
akita/daisen-05212,425,Omagari Dininig Room,,Japanese,japanese,ta,True
akita/daisen-05212,426,Irohanihoheto Omagari Eki Mae,,Japanese;International;Japanese Fusion,japanese,ta,True
akita/daisen-05212,427,Ramen Sho,,Chinese;Asian,chinese,ta,True
akita/daisen-05212,428,Menkoina,,Japanese,japanese,ta,True
akita/daisen-05212,429,Royal Century Golf Club,,Japanese;International;Japanese - Other ,japanese,ta,True
akita/daisen-05212,430,Wa Dining Dodo,,,other,none,False
akita/daisen-05212,431,Bamfiru,,Fusion,other,none,False
akita/daisen-05212,432,Wa Dining Fuji,,Japanese,japanese,ta,True
akita/daisen-05212,433,Starbucks Coffee Aeon Mallomagari,,Cafe,cafe,ta,True
akita/daisen-05212,434,Kentucky Fried Chicken Aeon Mall Omagari,,American;Fast Food,european,ta,True
akita/daisen-05212,435,Golden Five Noodle,,Asian,chinese,ta,True
akita/daisen-05212,436,Chukasoba De Komatsu,,Asian,chinese,ta,True
akita/daisen-05212,437,Ajiyoshi Ajiniban,,Japanese;International;Japanese - Other ,japanese,ta,True
akita/daisen-05212,438,Men Ya Arisaka,,,other,none,False
akita/daisen-05212,439,Hatsumeiryori Gen Ya,,Japanese;Izakaya (Japanese Style Tavern),izakaya,ta,True
akita/daisen-05212,440,Aji Q Kyowa,,,other,none,False
akita/daisen-05212,441,Menya Tenho Omagari,,Asian,chinese,ta,True
akita/daisen-05212,442,Family Sakagura Gonin Baykushoomagari Main Store,,Japanese;Izakaya (Japanese Style Tavern),izakaya,ta,True
akita/daisen-05212,443,Pot Steel,,Bar;Pub,izakaya,ta,True
akita/daisen-05212,444,Ringer Hut Aeon Mall Omagari,,,other,none,False
akita/daisen-05212,445,Soba Tempura Unagi Hatsucho Nambu Yashiki Aeon Mall Omagari,,Japanese;Japanese - Other ,japanese,ta,True
akita/daisen-05212,446,Omagari Ramen,,,other,none,False
akita/daisen-05212,447,Sakuragiya,,Asian,chinese,ta,True
akita/daisen-05212,448,Toriya Kibe Omagari,,,other,none,False
akita/daisen-05212,449,Hanjoken Branch,,,other,none,False
akita/daisen-05212,450,Tenka Ippinomagari,,,other,none,False
akita/daisen-05212,451,Jimori,,Japanese,japanese,ta,True
akita/daisen-05212,452,Sendai Yakitori Nakanaka,,Japanese;Japanese - Other ,japanese,ta,True
akita/daisen-05212,453,Season Diner Kiyo,,Bar;Pub,izakaya,ta,True
akita/daisen-05212,454,Sennen No Utage Oomagari West Entrance Eki Mae,,Japanese,japanese,ta,True
akita/daisen-05212,455,Daisen Tongentei,,,other,none,False
akita/daisen-05212,456,Zen,,Japanese,japanese,ta,True
akita/daisen-05212,457,Nishisemboku Restaurant Noborisen,,Fusion,other,none,False
akita/daisen-05212,458,Tamura Shoten,,American,european,ta,True
akita/daisen-05212,459,Hari,,Japanese;Bar;International;Japanese - Other ,izakaya,ta,True
akita/daisen-05212,460,Izakaya Burari,,Japanese;Izakaya (Japanese Style Tavern),izakaya,ta,True
akita/daisen-05212,461,Kuzaemon,,Japanese;Izakaya (Japanese Style Tavern),izakaya,ta,True
akita/daisen-05212,462,Irakuya Shirokiya Omagari West Entrance Eki Mae,,Japanese,japanese,ta,True
akita/daisen-05212,463,Big Boy Aeon Mall Omagari,,Steakhouse,meat,ta,True
akita/daisen-05212,464,Ippuku Soba,,Japanese;Japanese - Other ,japanese,ta,True
akita/daisen-05212,465,Hitoshina,,,other,none,False
akita/daisen-05212,466,Miharu,,Japanese;International;Japanese - Other ,japanese,ta,True
akita/daisen-05212,467,Echigo Hizomen Mujinzo Daisen Ya,,,other,none,False
akita/daisen-05212,468,Plus Cafe Omagari Ekimae,,,other,none,False
akita/daisen-05212,469,高幸食堂,,Japanese;International;Japanese - Other ,japanese,ta,True
akita/daisen-05212,470,Gosaku Ramen Daisen,,,other,none,False
akita/daisen-05212,471,Eriya Kamioka,,Chinese,chinese,ta,True
akita/daisen-05212,472,Rinsendo Jumonji Ramen Aeon Omagari Sc,,,other,none,False
akita/daisen-05212,473,Ramen Shinatake,,,other,none,False
akita/daisen-05212,474,Umedaya,,Japanese;Japanese - Other ,japanese,ta,True
akita/daisen-05212,475,Ramen Shop Yotsuya,,,other,none,False
akita/daisen-05212,476,Ramen Yuki,,,other,none,False
akita/daisen-05212,477,Kingyo,,Japanese;Asian;Street Food,chinese,ta,True
akita/daisen-05212,478,Kirinno ki,,,other,none,False
akita/daisen-05212,479,Hikari,,Japanese,japanese,ta,True
akita/daisen-05212,480,Brick Green Palace Takeuma,,French,european,ta,True
akita/daisen-05212,481,Sakana Dokoro Fujimura,,Japanese,japanese,ta,True
akita/daisen-05212,482,Ristorante Feir,,Italian,european,ta,True
akita/daisen-05212,483,Soba restaurant Masumi,,,other,none,False
akita/daisen-05212,484,Shokodo Patisserie,,,other,none,False
akita/daisen-05212,485,Kourakuen Aeon Mall Omagari,,Japanese,japanese,ta,True
akita/daisen-05212,486,Shinshin Minami,,Chinese,chinese,ta,True
akita/daisen-05212,487,Ramen Shop 105,,,other,none,False
akita/daisen-05212,488,Hanjoken Main Store,,,other,none,False
akita/daisen-05212,489,Pepper Lunch Aeon Mall Omagari,,,other,none,False
akita/daisen-05212,490,Sohonke Shinatoratomaki,,,other,none,False
akita/daisen-05212,491,Tsukiji Gindako Aeon Mall Omagari,,Japanese,japanese,ta,True
akita/daisen-05212,492,Waku Wakutei,,Japanese;Izakaya (Japanese Style Tavern),izakaya,ta,True
akita/daisen-05212,493,Izakaya Yu,,Japanese;Izakaya (Japanese Style Tavern),izakaya,ta,True
akita/daisen-05212,494,Domdom Hamburgeromagari,,,other,none,False
akita/daisen-05212,495,Mottari Magedari,,,other,none,False
akita/daisen-05212,496,Soba Restaurant Yanagi An,,Japanese;Japanese - Other ,japanese,ta,True
akita/daisen-05212,497,くらた 大曲店,,,other,none,False
akita/daisen-05212,498,Shokujidokoro Toshima,,Japanese;International;Japanese - Other ,japanese,ta,True
akita/daisen-05212,499,Kourakuen Omagari,,Asian,chinese,ta,True
akita/daisen-05212,500,Izakaya K,,Japanese,japanese,ta,True
akita/daisen-05212,501,Eidai Shokudo,,Japanese;International;Japanese - Other ,japanese,ta,True
akita/daisen-05212,502,Kishidate Shokudo,,Japanese;International;Japanese - Other ,japanese,ta,True
akita/daisen-05212,503,Kikkawa,,Japanese,japanese,ta,True
akita/daisen-05212,504,ふじまさ,,Asian,chinese,ta,True
akita/daisen-05212,505,縁側カフェ作助,,,other,none,False
akita/daisen-05212,506,Yamawa,,,other,none,False
akita/daisen-05212,507,Midori Yakitori,,Japanese;Japanese - Other ,japanese,ta,True
akita/daisen-05212,508,Kita No Shoya,,Japanese;Izakaya (Japanese Style Tavern),izakaya,ta,True
akita/daisen-05212,509,Eitaro,,Japanese;Izakaya (Japanese Style Tavern),izakaya,ta,True
akita/daisen-05212,510,Minozushi,,Japanese;Seafood;Sushi;Japanese - Other ,seafood,ta,True
akita/daisen-05212,511,105 Nakasen,,,other,none,False
akita/daisen-05212,512,Kura,,Japanese;Seafood;Sushi;Japanese - Other ,seafood,ta,True
akita/daisen-05212,513,Yakiniku Homuraya,,Japanese,japanese,ta,True
akita/daisen-05212,514,Orsay,,Fusion,other,none,False
akita/daisen-05212,515,Yamayo Shokudo,,Japanese;International;Japanese - Other ,japanese,ta,True
akita/daisen-05212,516,Icho Sushi,,Japanese;Sushi,seafood,ta,True
akita/daisen-05212,517,Croque Saigotei,,Japanese,japanese,ta,True
akita/daisen-05212,518,Ramen Takeya Kyowa,,,other,none,False
akita/daisen-05212,519,Azemichi,,Japanese;International;Japanese - Other ,japanese,ta,True
akita/daisen-05212,520,Cafe Dining le Train Bleu Daino Mae,,Japanese;Izakaya (Japanese Style Tavern),izakaya,ta,True
akita/daisen-05212,521,Restaurant Salute,,,other,none,False
akita/daisen-05212,522,Artemis,,Japanese;International;Japanese - Other ,japanese,ta,True
akita/daisen-05212,523,Rushikanpani Aeonmaul Oomagari,,,other,none,False
akita/daisen-05212,524,Maido,,Japanese,japanese,ta,True
akita/daisen-05212,525,食菜館　ひだまり,,,other,none,False
akita/daisen-05212,526,Morino Chaya,,Japanese;Sushi,seafood,ta,True
akita/daisen-05212,527,Izakayaotsuna,,International,other,none,False
akita/daisen-05212,528,天狗屋,,Japanese;Asian,chinese,ta,True
akita/daisen-05212,529,Sushi Zen,,Japanese;Sushi,seafood,ta,True
akita/daisen-05212,530,Kappo Suduhiro,,Japanese;Kappo,japanese,ta,True
akita/daisen-05212,531,Drive in Michinoku,,Japanese - Other ,japanese,ta,True
akita/daisen-05212,532,Yuzuki,,,other,none,False
akita/daisen-05212,533,Boulangerie Le Rond,,,other,none,False
akita/daisen-05212,534,Baskin Robbins Aeon Mall Omagari,,,sweets,desc,False
akita/daisen-05212,535,Kushiyaki Michihisa,,Japanese;Asian,chinese,ta,True
akita/daisen-05212,536,Tsukiji Zushi,,Japanese;Seafood;Sushi;Japanese - Other ,seafood,ta,True
akita/daisen-05212,537,Shinseki,,International,other,none,False
akita/daisen-05212,538,Rie,,Japanese,japanese,ta,True
akita/daisen-05212,539,小田嶋商店,,,other,none,False
akita/daisen-05212,540,Farmer s Restaurant Genki Na Noka,,Japanese;International;Japanese - Other ,japanese,ta,True
akita/daisen-05212,541,Miyakozushi,,Japanese;Seafood;Sushi;Japanese - Other ,seafood,ta,True
akita/daisen-05212,542,Sako Kitaomagari,,Japanese;Sushi,seafood,ta,True
akita/daisen-05212,543,Izakaya Banya,,Japanese;Izakaya (Japanese Style Tavern),izakaya,ta,True
akita/daisen-05212,544,Sushiyoshi Marunouchi,,Japanese;Seafood;Sushi;Japanese - Other ,seafood,ta,True
akita/daisen-05212,545,Senryu,,Japanese;Seafood;Sushi;Japanese - Other ,seafood,ta,True
akita/daisen-05212,546,Toriaji,,Japanese;Japanese - Other ,japanese,ta,True
akita/daisen-05212,547,京や,,Japanese;Japanese - Traditional Cuisine;Kappo,japanese,ta,True
akita/daisen-05212,548,Kinomi,,Japanese;Izakaya (Japanese Style Tavern),izakaya,ta,True
akita/daisen-05212,549,Sushi Restaurant Kano Ya,,Japanese;Seafood;Sushi;Japanese - Other ,seafood,ta,True
akita/daisen-05212,550,珍呑,,Japanese;Japanese - Other ,japanese,ta,True
akita/daisen-05212,551,Nonnon,,Japanese,japanese,ta,True
akita/daisen-05212,552,Sato,,,other,none,False
akita/daisen-05212,553,Kaguya,,Cafe,cafe,ta,True
akita/daisen-05212,554,Lounge Michikusa,,Bar;Pub,izakaya,ta,True
akita/daisen-05212,555,Loop,,Pub;Gastropub;Dining bars,izakaya,ta,True
akita/daisen-05212,556,Kigawa,,Japanese,japanese,ta,True
akita/daisen-05212,557,Rin,,Japanese,japanese,ta,True
akita/daisen-05212,558,Katsukaraya,,Japanese;Japanese - Other ,japanese,ta,True
akita/daisen-05212,559,Hei,,Japanese;Fusion;Japanese - Other ;Japanese Fusion,japanese,ta,True
akita/daisen-05212,560,Izakaya Kakuta,,Japanese,japanese,ta,True
akita/daisen-05212,561,Sasaki,,,other,none,False
akita/daisen-05212,562,Dining Yukiji,,Bar;Pub;Gastropub,izakaya,ta,True
akita/daisen-05212,563,Tsuwabuki,,Pub,izakaya,ta,True
akita/daisen-05212,564,Cella,,Bar;Pub,izakaya,ta,True
akita/daisen-05212,565,Hadaka Noosama,,Pub,izakaya,ta,True
akita/daisen-05212,566,Unreve,,Bar;Pub,izakaya,ta,True
akita/daisen-05212,567,La Fraschetta,,Wine Bar,izakaya,desc,False
akita/daisen-05212,568,Q Chan Ramen,,,other,none,False
akita/daisen-05212,569,Menraku Sasaki,,,other,none,False
akita/daisen-05212,570,Yume Chochin,,Japanese;Izakaya (Japanese Style Tavern),izakaya,ta,True
akita/daisen-05212,571,Oguni Store,,,other,none,False
akita/daisen-05212,572,Semboku,,Japanese;International;Japanese - Other ,japanese,ta,True
akita/daisen-05212,573,Ajiho,,Japanese;Japanese - Other ,japanese,ta,True
akita/daisen-05212,574,Nagi,,Japanese;International;Japanese - Other ,japanese,ta,True
akita/daisen-05212,575,Sports Cafe Zyx,,Cafe,cafe,ta,True
akita/daisen-05212,576,Ette cakeshop,,,other,none,False
akita/daisen-05212,577,Omagari Empire Hotel Restaurant Kanaya,,Japanese,japanese,ta,True
akita/daisen-05212,578,Koryori Kotobuki,,Japanese;Japanese - Other ,japanese,ta,True
akita/daisen-05212,579,Uotami Daisen,,Seafood,seafood,ta,True
akita/daisen-05212,580,Restaurant Goku,,Japanese,japanese,ta,True
akita/daisen-05212,581,Izakaya Chubo Fan,,Japanese;Izakaya (Japanese Style Tavern),izakaya,ta,True
akita/daisen-05212,582,Sayori,,,other,none,False
akita/daisen-05212,583,Koryoriotomo,,Japanese,japanese,ta,True
akita/daisen-05212,584,Hamayaki Taro Omagari,,Japanese,japanese,ta,True
akita/daisen-05212,585,Kumiko Dininig Room,,Japanese,japanese,ta,True
akita/daisen-05212,586,Mameto,,Japanese,japanese,ta,True
akita/daisen-05212,587,Hiyoko Curry Aeon Mall Omagari,,,other,none,False
akita/daisen-05212,588,Fujita Pastry,,,other,none,False
akita/daisen-05212,589,Kitchen Shibata,,,other,none,False
akita/daisen-05212,590,Takahashi Shokudo,,Japanese;International;Japanese - Other ,japanese,ta,True
akita/daisen-05212,591,Yasuragi,,Japanese;International;Japanese - Other ,japanese,ta,True
akita/daisen-05212,592,Italian House,,Italian;Fusion,european,ta,True
akita/daisen-05212,593,Emiya,,,other,none,False
akita/daisen-05212,594,Cafe Rest Pumpkin House,,,other,none,False
akita/daisen-05212,595,Aqa Omagari,,International,other,none,False
akita/daisen-05212,596,Four Season Club,,Japanese,japanese,ta,True
akita/daisen-05212,597,Momo,,Japanese - Other ,japanese,ta,True
akita/daisen-05212,598,Hanabimachi Cafe,,Cafe,cafe,ta,True
akita/daisen-05212,599,Mother s House,,Japanese - Other ,japanese,ta,True
akita/daisen-05212,600,Mai,,Japanese - Other ,japanese,ta,True
akita/daisen-05212,601,Marunouchi Shokudo,,Japanese - Other ,japanese,ta,True
akita/daisen-05212,602,Obako,,Japanese - Other ,japanese,ta,True
akita/daisen-05212,603,Suzuki,,Japanese;International;Japanese - Other ,japanese,ta,True
akita/daisen-05212,604,Karura,,Japanese;International;Japanese - Other ,japanese,ta,True
akita/daisen-05212,605,カラオケ時遊館 大曲駅前店,,International,other,none,False
akita/daisen-05212,606,Ichigen Shokudo,,Japanese;International;Japanese - Other ,japanese,ta,True
akita/daisen-05212,607,Apple,,International,other,none,False
akita/daisen-05212,608,Yotsuya Drive In,,International,other,none,False
akita/daisen-05212,609,Dharma Otoshi,,Japanese,japanese,ta,True
akita/daisen-05212,610,Cookies Pot,,Cafe,cafe,ta,True
akita/daisen-05212,611,Hot Daisen Hoppe,,Japanese,japanese,ta,True
akita/daisen-05212,612,Semboku Family Bowl,,International,other,none,False
akita/daisen-05212,613,Yakiniku House Toyama,,Barbecue,meat,ta,True
akita/daisen-05212,614,Shusaidokoro Canadian 2,,Japanese,japanese,ta,True
akita/daisen-05212,615,Manpukutei,,Barbecue,meat,ta,True
akita/daisen-05212,616,Kazaguruma,,Japanese,japanese,ta,True
akita/daisen-05212,617,Shijan Kimchi No Omise,,Asian;Korean,chinese,ta,True
akita/daisen-05212,618,Marumi Shokudo,,Japanese,japanese,ta,True
akita/daisen-05212,619,Shoku Kobotyrol No Mori,,Fast Food;International,casual,ta,True
akita/daisen-05212,620,Avenue,,Cafe,cafe,ta,True
akita/daisen-05212,621,Han Ari,,Asian;Korean,chinese,ta,True
akita/daisen-05212,622,Nemoto Shokudo,,Japanese;International;Japanese - Other ,japanese,ta,True
akita/daisen-05212,623,Wakatake,,Japanese;Japanese - Other ,japanese,ta,True
akita/daisen-05212,624,Maru,,Japanese,japanese,ta,True
akita/daisen-05212,625,Marukatsu,,Japanese,japanese,ta,True
akita/daisen-05212,626,Shirokujichu Omagari,,Japanese,japanese,ta,True
akita/daisen-05212,627,Togashi,,Japanese,japanese,ta,True
akita/daisen-05212,628,Hotaru,,Japanese,japanese,ta,True
akita/daisen-05212,629,Spice Curry House Diyo,,Indian,curry,ta,True
akita/daisen-05212,630,Natti Bavarian Mh,,,other,none,False
akita/daisen-05212,631,Yuno,,Japanese,japanese,ta,True
akita/daisen-05212,632,Kusa No Hana,,Japanese;International;Japanese - Other ,japanese,ta,True
akita/daisen-05212,633,Tetsube Daisen,,Japanese,japanese,ta,True
akita/daisen-05212,634,Akatsuki,,Japanese,japanese,ta,True
akita/daisen-05212,635,Kitakami Sakedokoro,,Japanese,japanese,ta,True
akita/daisen-05212,636,Kokuhin Hanten,,Chinese,chinese,ta,True
akita/daisen-05212,637,Kuro Suisen,,Japanese,japanese,ta,True
akita/daisen-05212,638,Kobato,,Japanese;International;Japanese - Other ,japanese,ta,True
akita/daisen-05212,639,Tsuta,,Japanese,japanese,ta,True
akita/daisen-05212,640,Aiko,,International,other,none,False
akita/daisen-05212,641,Hanamaru,,Japanese;International;Japanese - Other ,japanese,ta,True
akita/daisen-05212,642,Nightspacer J,,International,other,none,False
akita/daisen-05212,643,Nan Nan,,Japanese;International;Japanese - Other ,japanese,ta,True
akita/daisen-05212,644,Golden Cadillac,,Japanese;International;Japanese - Other ,japanese,ta,True
akita/daisen-05212,645,Lunch Box,,Japanese;International;Japanese - Other ,japanese,ta,True
akita/daisen-05212,646,Fukumiya,,Japanese;International;Japanese - Other ,japanese,ta,True
akita/daisen-05212,647,Donguri Koro Koro,,Fusion,other,none,False
akita/daisen-05212,648,Ginran,,Japanese,japanese,ta,True
akita/daisen-05212,649,Gyukakuomagari,,Japanese,japanese,ta,True
akita/daisen-05212,650,Suzuki Shokudo,,Japanese;International;Japanese - Other ,japanese,ta,True
akita/daisen-05212,651,Maruko Shokudo,,Japanese;International;Japanese - Other ,japanese,ta,True
akita/daisen-05212,652,Nonoka,,Japanese,japanese,ta,True
akita/daisen-05212,653,Omagari Club,,Japanese,japanese,ta,True
akita/daisen-05212,654,Shofukuya,,International,other,none,False
akita/daisen-05212,655,Y's Dining,,Chinese,chinese,ta,True
akita/daisen-05212,656,Tarafuku Shokudo,,Japanese;International;Japanese - Other ,japanese,ta,True
akita/daisen-05212,657,Miyoshi,,Japanese,japanese,ta,True
akita/daisen-05212,658,Kiryu,,Japanese,japanese,ta,True
akita/daisen-05212,659,Gorohachi Shokudo,,Japanese,japanese,ta,True
akita/daisen-05212,660,Confectionery Tsukasa Muto,,,other,none,False
akita/daisen-05212,661,ホルモン道場,,Japanese;International;Japanese - Other ,japanese,ta,True
akita/daisen-05212,662,Moa,,International,other,none,False
akita/daisen-05212,663,Yamabiko,,Japanese,japanese,ta,True
akita/daisen-05212,664,Green Lodge,,Cafe,cafe,ta,True
akita/daisen-05212,665,Ikuyo,,Japanese;International;Japanese - Other ,japanese,ta,True
akita/daisen-05212,666,Meshiya,,Japanese,japanese,ta,True
akita/daisen-05212,667,Maruhachi Shokudo,,Japanese,japanese,ta,True
akita/daisen-05212,668,Sasugayaomagari,,International,other,none,False
akita/daisen-05212,669,Yori Dokoro Ohmagari,,Japanese;Izakaya (Japanese Style Tavern),izakaya,ta,True
akita/daisen-05212,670,Live Izakaya Daisen,,Izakaya (Japanese Style Tavern),izakaya,ta,True
akita/daisen-05212,671,Shusai Dokoro Ajisai,,Japanese;Izakaya (Japanese Style Tavern),izakaya,ta,True
akita/daisen-05212,672,Hitoko Kyu,,Izakaya (Japanese Style Tavern),izakaya,ta,True
akita/daisen-05212,673,Private Room Izakaya Setsugetsuka,,Japanese;Izakaya (Japanese Style Tavern),izakaya,ta,True
akita/daisen-05212,674,On The Road,,Izakaya (Japanese Style Tavern),izakaya,ta,True
akita/daisen-05212,675,Izakaya Yuki,,Japanese;Izakaya (Japanese Style Tavern),izakaya,ta,True
akita/daisen-05212,676,Okubo Pastry,,,other,none,False
akita/daisen-05212,677,Genbu,,,other,none,False
akita/daisen-05212,678,Ikoi Cafe,,,other,none,False
akita/daisen-05212,679,居酒屋えびす,,Japanese;Izakaya (Japanese Style Tavern),izakaya,ta,True
akita/daisen-05212,680,Asahiya Ramen,,,other,none,False
akita/daisen-05212,681,Kurobeedo,,,other,none,False
akita/daisen-05212,682,Food Culture Restaurant Kokoru,,,other,none,False
akita/daisen-05212,683,Copin Quick Pasta Omagari,,,other,none,False
akita/daisen-05212,684,Dipper Dan Aeon Mall Omagari Fc,,,other,none,False
akita/daisen-05212,685,Olve Soleil,,,other,none,False
akita/daisen-05212,686,Musashi,,Japanese;Izakaya (Japanese Style Tavern),izakaya,ta,True
akita/daisen-05212,687,Kikusui Aeon Mall Omagari,,,other,none,False
akita/daisen-05212,688,Sohonke Shinatora Daisen,,,other,none,False
akita/daisen-05212,689,Crossroad,,Japanese;Izakaya (Japanese Style Tavern),izakaya,ta,True
akita/daisen-05212,690,Karin,,Japanese;Izakaya (Japanese Style Tavern),izakaya,ta,True
akita/daisen-05212,691,Daigen,,,other,none,False
akita/daisen-05212,692,Lilly,,,other,none,False
akita/daisen-05212,693,FLO Prestige Omagari Aeon,,,other,none,False
akita/daisen-05212,694,Cross Stage,,,other,none,False
akita/daisen-05212,695,Escargot,,,other,none,False
akita/daisen-05212,696,Fukinoto,,Japanese;Izakaya (Japanese Style Tavern),izakaya,ta,True
akita/daisen-05212,697,Torakichi,,Japanese sweets parlour,sweets,desc,False
akita/daisen-05212,698,Kohaku,,,other,none,False
akita/daisen-05212,699,Suginoko,,,other,none,False
akita/daisen-05212,700,Izakaya Enka,,Japanese;Izakaya (Japanese Style Tavern),izakaya,ta,True
akita/daisen-05212,701,Morokoshi Ramen Donryu,,,other,none,False
akita/daisen-05212,702,Sugawaraya,,,other,none,False
akita/daisen-05212,703,Eternal,,,other,none,False
akita/daisen-05212,704,Ripuan,,,other,none,False
akita/daisen-05212,705,Sosaku Sakana Tempura Lantern,,,other,none,False
akita/daisen-05212,706,Yanagiya Pastry,,,other,none,False
akita/daisen-05212,707,Mainichi Omagari,,,other,none,False
akita/daisen-05212,708,Yuka,,,other,none,False
akita/daisen-05212,709,Sengantoge No Chaya Omagari,,,other,none,False
akita/daisen-05212,710,Orangeoven,,,other,none,False
akita/daisen-05212,711,Eishindo Confectionery,,,other,none,False
akita/daisen-05212,712,Shohei,,,other,none,False
akita/daisen-05212,713,Orion Gyoza Aeon Mall Omagari,,,other,none,False
akita/daisen-05212,714,Suzuya Grand Mart Iida,,,other,none,False
akita/daisen-05212,715,Mendokoro Hanabi,,,other,none,False
akita/daisen-05212,716,Hotto Motto Omagari Tamachi,,,other,none,False
akita/fujisato,1,ホテルゆとりあ藤里,ホテル,,other,none,False
akita/fujisato,2,白神山地　森のえき,日本料理、うどん、その他,,japanese,tb,True
akita/fujisato,3,センター食堂部 田代,食堂,,casual,tb,True
akita/fujisato,4,キッチン岳,洋食,,european,tb,True
akita/fujisato,5,レストラン コッキー,レストラン,,other,none,False
akita/fujisato,6,菓子工房エスポワール,ケーキ、ジェラート・アイスクリーム、パン,,sweets,tb,True
akita/fujisato,7,農村環境改善センター,食堂,,casual,tb,True
akita/fujisato,8,農家レストラン サフォーク白神,海鮮、郷土料理、レストラン,,seafood,tb,True
akita/fujisato,9,石川餅店,和菓子,,sweets,tb,True
akita/fujisato,10,レストハウス白神,食堂,,casual,tb,True
akita/fujisato,11,こみっと,そば、うどん、カフェ,,noodles,tb,True
akita/fujisato,12,ふじみや,日本料理,,japanese,tb,True
akita/fujisato,13,浅利商店,その他,,other,none,False
akita/fujisato,14,花道,居酒屋,,izakaya,tb,True
akita/fujisato,15,ちゃこ,バー,,izakaya,tb,True
akita/fujisato,16,ごん太,居酒屋,,izakaya,tb,True
akita/fujisato,17,ふる里,居酒屋,,izakaya,tb,True
akita/fujisato,18,農家レストラン,レストラン,,other,none,False
akita/fujisato,19,お食事処憩,居酒屋,,izakaya,tb,True
akita/fujisato,20,Ishioka Yozo,,,other,none,False
akita/fujisato,21,Chako,,,other,none,False
akita/fujisato,22,Obako Sushi,,Japanese;Seafood;Sushi;Japanese - Other ,seafood,ta,True
akita/fujisato,23,Meals Shoikoi,,,other,none,False
akita/fujisato,24,Morinoeki Shokudo,,Japanese,japanese,ta,True
akita/gojome,1,麺や渚,ラーメン,,noodles,tb,True
akita/gojome,2,うのき食堂,食堂、ラーメン,,casual,tb,True
akita/gojome,3,Huddle up Coffee Roasters,カフェ,,cafe,tb,True
akita/gojome,4,炭火焼肉 せん,焼肉,,meat,tb,True
akita/gojome,5,沢寿し,寿司,,seafood,tb,True
akita/gojome,6,秋田五城目 五目餃子 しろや,餃子、カフェ,,chinese,tb,True
akita/gojome,7,清流の森,レストラン,,other,none,False
akita/gojome,8,なべ駒,居酒屋,,izakaya,tb,True
akita/gojome,9,カフェアンドギャラリー ヒロガノ,カフェ、ソフトクリーム,,cafe,tb,True
akita/gojome,10,食事処 だまこ庵,郷土料理,,japanese,tb,True
akita/gojome,11,カフェテリア悠紀,カフェ、洋食、麺類,,cafe,tb,True
akita/gojome,12,まろん,居酒屋,,izakaya,tb,True
akita/gojome,13,居酒屋小政,居酒屋、食堂、レストラン,,izakaya,tb,True
akita/gojome,14,丸井食堂,食堂,,casual,tb,True
akita/gojome,15,かない食堂,中華料理,,chinese,tb,True
akita/gojome,16,三吉食堂,そば、うどん,,noodles,tb,True
akita/gojome,17,下タ町醸し室 ひこべえ,バー、カフェ,,izakaya,tb,True
akita/gojome,18,いちカフェ,カフェ,,cafe,tb,True
akita/gojome,19,ハチや菓子舗,ケーキ、和菓子,,sweets,tb,True
akita/gojome,20,さっちゃん弁当,弁当,,casual,tb,True
akita/gojome,21,福禄寿酒造,その他,,other,none,False
akita/gojome,22,Rapporty,カフェ、バー,,cafe,tb,True
akita/gojome,23,松月堂,和菓子,,sweets,tb,True
akita/gojome,24,Gacco Chacco,その他,,other,none,False
akita/gojome,25,MOGU楽,居酒屋,,izakaya,tb,True
akita/gojome,26,ガスト 五城目店,ファミレス,,casual,tb,True
akita/gojome,27,イトマン 元気村,せんべい,,other,none,False
akita/gojome,28,小池こまち,弁当,,casual,tb,True
akita/gojome,29,ゑびす食堂,食堂、ラーメン,,casual,tb,True
akita/gojome,30,伊藤菓子店,洋菓子、和菓子,,sweets,tb,True
akita/gojome,31,弁当・惣菜・甘味 夜来香,弁当、惣菜・デリ、甘味処,,casual,tb,True
akita/gojome,32,肉の専門店 キンスケヤ,惣菜・デリ,,casual,tb,True
akita/gojome,33,銀座コージーコーナー イオンスーパーセンター五城目店,ケーキ,,sweets,tb,True
akita/gojome,34,パン工場 イオンスーパーセンター 五城目店,パン,,sweets,tb,True
akita/gojome,35,つむぐ,洋菓子、和菓子,,sweets,tb,True
akita/gojome,36,みせっこ　あさみない,うどん、カレー,,noodles,tb,True
akita/gojome,37,光新堂,和菓子,,sweets,tb,True
akita/gojome,38,めん太郎 秋田五城目店,ラーメン,,noodles,tb,True
akita/gojome,39,あじまん イオンスーパーセンター五城目店,たい焼き・大判焼き,,sweets,tb,True
akita/gojome,40,道の駅 五城目,道の駅,,other,none,False
akita/gojome,41,物産館モリヤマ,その他,,other,none,False
akita/gojome,42,LAWSON 五城目町店,コンビニ・スーパー,,daily,tb,True
akita/gojome,43,セブンイレブン 五城目大川店,コンビニ・スーパー,,daily,tb,True
akita/gojome,44,いしかわ郷土料理,郷土料理、日本料理,,japanese,tb,True
akita/gojome,45,セブンイレブン 五城目町役場前店,コンビニ・スーパー,,daily,tb,True
akita/gojome,46,ホサカケト,カフェ,,cafe,tb,True
akita/gojome,47,グリーンロイヤル丸富,ホテル,,other,none,False
akita/gojome,48,みかさ,居酒屋,,izakaya,tb,True
akita/gojome,49,GaccoChacco処、道,日本料理,,japanese,tb,True
akita/gojome,50,Shochiku,,Japanese,japanese,ta,True
akita/gojome,51,Noka Restaurant Seiryu No Mori,,Japanese,japanese,ta,True
akita/gojome,52,Unoki Shokudo,,Japanese;International;Japanese - Other ,japanese,ta,True
akita/gojome,53,Sawasushi,,Japanese;Seafood;Sushi;Japanese - Other ,seafood,ta,True
akita/gojome,54,Ishikawa Kyodoryori,,Japanese,japanese,ta,True
akita/gojome,55,Michinoekigojome,,,other,none,False
akita/gojome,56,Damakoan,,,other,none,False
akita/gojome,57,Kokuraya,,Japanese;Izakaya (Japanese Style Tavern),izakaya,ta,True
akita/gojome,58,Nabekoma,,Japanese;Izakaya (Japanese Style Tavern),izakaya,ta,True
akita/gojome,59,Daikokuya,,,other,none,False
akita/gojome,60,Gojokan,,,other,none,False
akita/gojome,61,Nagomiryori Itokin,,Japanese,japanese,ta,True
akita/gojome,62,Gusto Gojome,,International,other,none,False
akita/gojome,63,Sankichi Shokudo,,Japanese;International;Japanese - Other ,japanese,ta,True
akita/gojome,64,Komasa,,Japanese,japanese,ta,True
akita/gojome,65,Shokudo Ichiriki,,,other,none,False
akita/gojome,66,Koshindo,,,other,none,False
akita/gojome,67,Tokyo Yaminiku Mampukuen Gojome,,,other,none,False
akita/gojome,68,Date No Sato Aeon Super Center Gojome,,,other,none,False
akita/gojome,69,Toshiko,,Japanese;International;Japanese - Other ,japanese,ta,True
akita/gojome,70,Takeda,,Japanese,japanese,ta,True
akita/gojome,71,Yuki No Kuni Gojome Shokujo Dokoro Yamayuri,,,other,none,False
akita/gojome,72,Kaasan,,Japanese;International;Japanese - Other ,japanese,ta,True
akita/gojome,73,松鯉,,Japanese,japanese,ta,True
akita/gojome,74,Shien,,,other,none,False
akita/gojome,75,Sazanka,,Japanese,japanese,ta,True
akita/gojome,76,HIKOBE,,Japanese;Japanese Fusion,japanese,ta,True
akita/gojome,77,Hana No Sato,,Japanese - Other ,japanese,ta,True
akita/gojome,78,Marui Shokudo,,Japanese;International;Japanese - Other ,japanese,ta,True
akita/gojome,79,Izakaya Aki,,Japanese,japanese,ta,True
akita/gojome,80,Koisan,,Japanese,japanese,ta,True
akita/gojome,81,Marron,,Japanese,japanese,ta,True
akita/gojome,82,Pearl,,Japanese,japanese,ta,True
akita/gojome,83,Shohantei,,Japanese,japanese,ta,True
akita/gojome,84,Shokuji Dokoro Yamayuri,,,other,none,False
akita/gojome,85,Choeido Confectionery,,,other,none,False
akita/gojome,86,Kudo Shoten,,Izakaya (Japanese Style Tavern),izakaya,ta,True
akita/gojome,87,Mikasa,,Japanese;Izakaya (Japanese Style Tavern),izakaya,ta,True
akita/gojome,88,Tsuki Wo Miru Neko,,Bar;Pub,izakaya,ta,True
akita/gojome,89,Snack Bar Robo,,Pub,izakaya,ta,True
akita/hachirogata,1,畠栄菓子舗,和菓子,,sweets,tb,True
akita/hachirogata,2,レストラン ぽえむ,ステーキ、洋食、喫茶店,,meat,tb,True
akita/hachirogata,3,白熊ラーメン,ラーメン、餃子,,noodles,tb,True
akita/hachirogata,4,癒しの駅 ほっと,食堂、カフェ、喫茶店,,casual,tb,True
akita/hachirogata,5,アップルの森,洋食、喫茶店,,european,tb,True
akita/hachirogata,6,土橋開正堂,和菓子,,sweets,tb,True
akita/hachirogata,7,太助寿司　 八郎潟店,回転寿司,,seafood,tb,True
akita/hachirogata,8,カフェどんぐり,カフェ、カレー、洋食,,cafe,tb,True
akita/hachirogata,9,元祖ラーメンショップ 八郎潟店,ラーメン,,noodles,tb,True
akita/hachirogata,10,よしのや,レストラン,,other,none,False
akita/hachirogata,11,展望,レストラン、カレー、食堂,,curry,tb,False
akita/hachirogata,12,寿し食事処真つり,寿司,,seafood,tb,True
akita/hachirogata,13,シャポー,居酒屋、洋食,,izakaya,tb,True
akita/hachirogata,14,来来軒,ラーメン,,noodles,tb,True
akita/hachirogata,15,松月堂,和菓子、ケーキ,,sweets,tb,True
akita/hachirogata,16,酒場ダイニング わたべ,居酒屋,,izakaya,tb,True
akita/hachirogata,17,風香庭,中華料理,,chinese,tb,True
akita/hachirogata,18,LAWSON 八郎潟大道店,コンビニ・スーパー,,daily,tb,True
akita/hachirogata,19,ベーカリー天然酵母 麦の森,パン,,sweets,tb,True
akita/hachirogata,20,やきとり弁天,焼き鳥,,meat,tb,True
akita/hachirogata,21,いっぷく,居酒屋,,izakaya,tb,True
akita/hachirogata,22,セブンイレブン 八郎潟川崎店,コンビニ・スーパー,,daily,tb,True
akita/hachirogata,23,将棋寿司,寿司,,seafood,tb,True
akita/hachirogata,24,ドライフリアン,喫茶店,,cafe,tb,True
akita/hachirogata,25,まーまーふーふー,カフェ,,cafe,tb,True
akita/hachirogata,26,美冨士小料理店,日本料理,,japanese,tb,True
akita/hachirogata,27,BAR HIGH LAND,バー,,izakaya,tb,True
akita/hachirogata,28,今宵,日本料理,,japanese,tb,True
akita/hachirogata,29,インドネシアキッチン ティアラ,インドネシア料理,,other,none,False
akita/hachirogata,30,昼根屋,日本料理,,japanese,tb,True
akita/hachirogata,31,Hataei Kashiho,,,other,none,False
akita/hachirogata,32,Apple No Mori,,International;Fusion,other,none,False
akita/hachirogata,33,Tasuke Sushi Hachirogata,,Japanese;Sushi,seafood,ta,True
akita/hachirogata,34,Iyashi No Eki Hotto,,Japanese;International;Japanese - Other ,japanese,ta,True
akita/hachirogata,35,Shogetsudo,,,other,none,False
akita/hachirogata,36,Karaoke Liberty,,International,other,none,False
akita/hachirogata,37,Noka No Curry Ya San,,Japanese;Indian,curry,ta,True
akita/hachirogata,38,Fukatei,,Chinese,chinese,ta,True
akita/hachirogata,39,Kamata Sushi,,Japanese;Seafood;Sushi;Japanese - Other ,seafood,ta,True
akita/hachirogata,40,Pit Inn Masaka,,Japanese,japanese,ta,True
akita/hachirogata,41,Shogi Sushi,,Japanese;Sushi,seafood,ta,True
akita/hachirogata,42,Ginzushi,,Japanese;Seafood;Sushi;Japanese - Other ,seafood,ta,True
akita/hachirogata,43,Yakitori Benten,,Japanese,japanese,ta,True
akita/hachirogata,44,Sannohe Taishodo,,,other,none,False
akita/hachirogata,45,Daikokuya,,Japanese;Izakaya (Japanese Style Tavern),izakaya,ta,True
akita/hachirogata,46,Hiruneya,,Japanese;International;Japanese - Other ,japanese,ta,True
akita/hachirogata,47,Koyoi,,Japanese,japanese,ta,True
akita/hachirogata,48,Mifuji Koryoriten,,Japanese;Japanese - Other ,japanese,ta,True
akita/hachirogata,49,Koyanagi Pastry,,,other,none,False
akita/hachirogata,50,Hachi Pal Cafe Corner Donguri,,,other,none,False
akita/happo,1,LABO and CAFE YAMAMOTO,カフェ,,cafe,tb,True
akita/happo,2,ボスケット,パン、洋菓子,,sweets,tb,True
akita/happo,3,道のレストランはっぽう,食堂,,casual,tb,True
akita/happo,4,いこいのロッジ,食堂、海鮮、その他,,casual,tb,True
akita/happo,5,道の駅みねはま おらほの館,道の駅,,other,none,False
akita/happo,6,れすとらん いさりび,食堂、レストラン、カフェ,,casual,tb,True
akita/happo,7,峠の茶屋 お殿水,食堂、ラーメン,,casual,tb,True
akita/happo,8,ダイニング福八,食堂,,casual,tb,True
akita/happo,9,海,食堂,,casual,tb,True
akita/happo,10,道の駅 はちもり,道の駅,,other,none,False
akita/happo,11,ポパイ,洋食、レストラン,,european,tb,True
akita/happo,12,しらかみカフェ,カフェ,,cafe,tb,True
akita/happo,13,鹿の浦食堂 サザエさん,食堂,,casual,tb,True
akita/happo,14,サウナカフェ うみっコ,カフェ,,cafe,tb,True
akita/happo,15,産直ぶりこ,そば、喫茶店、パスタ,,noodles,tb,True
akita/happo,16,八森いさりび温泉 ハタハタ館,その他,,other,none,False
akita/happo,17,鹿ノ浦矢作食堂,食堂,,casual,tb,True
akita/happo,18,磯舟焼いか,日本料理,,japanese,tb,True
akita/happo,19,レストラン 峰,日本料理、食堂,,japanese,tb,True
akita/happo,20,日本海食堂,郷土料理,,japanese,tb,True
akita/happo,21,松岡食品,豆腐料理、ドーナツ、ジェラート・アイスクリーム,,japanese,tb,True
akita/happo,22,能代カントリークラブ,ビュッフェ,,casual,tb,True
akita/happo,23,BAHAMA KITCHEN SEASIDE DINER HAPPOCHO,その他,,other,none,False
akita/happo,24,鈴木水産,その他,,other,none,False
akita/happo,25,白神っ娘 そふとくりーむ,ソフトクリーム,,sweets,tb,True
akita/happo,26,ふれあい食堂,食堂、うどん、そば,,casual,tb,True
akita/happo,27,月見草,オーガニック,,other,none,False
akita/happo,28,須藤鮮魚,その他,,other,none,False
akita/happo,29,よしや菓子店,和菓子,,sweets,tb,True
akita/happo,30,仕出しのすずき,その他,,other,none,False
akita/happo,31,Dining Fukuhachi,,Japanese;International;Japanese - Other ,japanese,ta,True
akita/happo,32,Restaurant Isaribi,,International,other,none,False
akita/happo,33,Kanoura Cafeteria Sazaesan,,Japanese,japanese,ta,True
akita/happo,34,Michi No Eki Minehama Orahonokan Shokudo,,Japanese;International;Japanese - Other ,japanese,ta,True
akita/happo,35,Driver Restaurant Umi,,,other,none,False
akita/happo,36,Shikanoura Yahagi,,Japanese,japanese,ta,True
akita/happo,37,Sanchoku Buriko,,,other,none,False
akita/happo,38,Mine,,Japanese,japanese,ta,True
akita/happo,39,Ishizuka Ryoriten,,Japanese,japanese,ta,True
akita/happo,40,Tsukimiso,,Healthy,other,none,False
akita/happo,41,Nihonkai Dining,,Japanese;Japanese - Other ,japanese,ta,True
akita/happo,42,Noshiro Country Club,,Japanese;International,japanese,ta,True
akita/happo,43,Isomi,,Japanese;International;Japanese - Other ,japanese,ta,True
akita/happo,44,Yoridokolo Banya,,,other,none,False
akita/happo,45,Toge No Chayaotomizu,,Japanese,japanese,ta,True
akita/happo,46,Yakiika Suzuki,,Seafood,seafood,ta,True
akita/happo,47,Shoichi Hatakeyama,,,other,none,False
akita/happo,48,Norenya,,Japanese;International;Japanese - Other ,japanese,ta,True
akita/higashinaruse,1,やまゆり温泉 ホテルブラン,その他,,other,none,False
akita/higashinaruse,2,GREEN,カフェ、喫茶店,,cafe,tb,True
akita/higashinaruse,3,レストラン くりこま,食堂,,casual,tb,True
akita/higashinaruse,4,東成瀬村山村開発センター 食堂,食堂,,casual,tb,True
akita/higashinaruse,5,なるせ温泉　東仙歩,レストラン,,other,none,False
akita/higashinaruse,6,Handmade Soba Yamato,,,other,none,False
akita/higashinaruse,7,Yamamura Development Center Cafeteria,,Japanese;International;Japanese - Other ,japanese,ta,True
akita/ikawa,1,麺屋 志乃助,ラーメン,,noodles,tb,True
akita/ikawa,2,湖東のやさい畑,ソフトクリーム、パン,,sweets,tb,True
akita/ikawa,3,しんみせ食堂,ラーメン、食堂,,noodles,tb,True
akita/ikawa,4,佐々木商事　井川さくらＳＳ,ジェラート・アイスクリーム,,sweets,tb,True
akita/ikawa,5,ブロッサム,ラーメン,,noodles,tb,True
akita/ikawa,6,スーパーセンターアマノ フードコーナー 井川店,カレー、ラーメン、食堂,,curry,tb,True
akita/ikawa,7,スーパーセンターアマノ 井川店,コンビニ・スーパー,,daily,tb,True
akita/ikawa,8,居酒屋一席二銚,居酒屋,,izakaya,tb,True
akita/ikawa,9,Menya Shinosuke,,,other,none,False
akita/ikawa,10,Shinmise Shokudo,,Japanese;International;Japanese - Other ,japanese,ta,True
akita/ikawa,11,Bakery Hand Ship,,,other,none,False
akita/ikawa,12,Izakaya Isseki Nicho,,Japanese;Izakaya (Japanese Style Tavern),izakaya,ta,True
akita/ikawa,13,Soba Jimankotei,,Japanese;Japanese - Other ,japanese,ta,True
akita/ikawa,14,Micchan,,Japanese,japanese,ta,True
akita/ikawa,15,Kiyo Sushi,,Japanese;Seafood;Sushi;Japanese - Other ,seafood,ta,True
akita/ikawa,16,Denzushi,,Japanese;Sushi,seafood,ta,True
akita/kamikoani,1,よりみち,食堂、麺類、馬肉料理,,casual,tb,True
akita/kamikoani,2,お食事処 憩,そば,,noodles,tb,True
akita/kamikoani,3,れすとらん 野の花,郷土料理、ソフトクリーム,,japanese,tb,True
akita/kamikoani,4,宮伝,和菓子,,sweets,tb,True
akita/kamikoani,5,ほおずき亭,ラーメン、食堂、馬肉料理,,noodles,tb,True
akita/kamikoani,6,Gateau Mignon,スイーツ,,sweets,tb,True
akita/kamikoani,7,やまぶん,スイーツ、ケーキ、洋菓子,,sweets,tb,True
akita/kamikoani,8,道の駅 かみこあに,道の駅,,other,none,False
akita/kamikoani,9,Sugino Yakata Yorimichi,,Japanese,japanese,ta,True
akita/kamikoani,10,Restaurant Nonohana,,Japanese,japanese,ta,True
akita/kamikoani,11,Wig,,,other,none,False
akita/kamikoani,12,Drive In Koanigawa,,Japanese,japanese,ta,True
akita/kamikoani,13,Cafe Yamabun,,Cafe,cafe,ta,True
akita/katagami,1,万松,居酒屋、ラーメン、馬肉料理,,izakaya,tb,True
akita/katagami,2,そば屋八兵衛,そば、うどん,,noodles,tb,True
akita/katagami,3,そば処 安澄,そば、うどん,,noodles,tb,True
akita/katagami,4,レストラン花の大地,洋食、食堂、ピザ,,european,tb,True
akita/katagami,5,Bakery ALToco,パン,,sweets,tb,True
akita/katagami,6,藤茶屋,ラーメン,,noodles,tb,True
akita/katagami,7,たまごの樹 追分店,ケーキ、カフェ、オムライス,,sweets,tb,True
akita/katagami,8,ラーメン ばんり,ラーメン,,noodles,tb,True
akita/katagami,9,パティスリー パルテール 潟上本店,ケーキ、カフェ,,sweets,tb,True
akita/katagami,10,藤庵,そば、ラーメン,,noodles,tb,True
akita/katagami,11,シーサイドラルゴ,洋食、喫茶店、ハンバーグ,,european,tb,True
akita/katagami,12,カネマル水産,海鮮、ソフトクリーム,,seafood,tb,True
akita/katagami,13,自家焙煎珈琲 カフェ・ブレンナー,カフェ、ケーキ,,cafe,tb,True
akita/katagami,14,酔り処 感喜,居酒屋、食堂、中華料理,,izakaya,tb,True
akita/katagami,15,なっぱはうす,食堂、ビュッフェ、洋食,,casual,tb,True
akita/katagami,16,ちどり食堂,食堂、ラーメン,,casual,tb,True
akita/katagami,17,ら～めん 海風,ラーメン,,noodles,tb,True
akita/katagami,18,鼎庵,せんべい,,other,none,False
akita/katagami,19,パティスリー ハラタ,ケーキ,,sweets,tb,True
akita/katagami,20,道の駅てんのう,道の駅,,other,none,False
akita/katagami,21,ファミリーレストラン 江川,食堂,,casual,tb,True
akita/katagami,22,たむろ,ラーメン、焼き鳥,,noodles,tb,True
akita/katagami,23,鞍Café,カフェ、ソフトクリーム,,cafe,tb,True
akita/katagami,24,道の駅 しょうわ,道の駅,,other,none,False
akita/katagami,25,和菓子の遊山,和菓子,,sweets,tb,True
akita/katagami,26,ふわりずむ 追分店,カフェ、かき氷、カレー,,cafe,tb,True
akita/katagami,27,ラーメン天棒,ラーメン,,noodles,tb,True
akita/katagami,28,Bread Fictions,パン,,sweets,tb,True
akita/katagami,29,Cafe sugar,カフェ、パンケーキ、スイーツ,,cafe,tb,True
akita/katagami,30,cafe やどり木,カフェ,,cafe,tb,True
akita/katagami,31,御食事処 しぶき,海鮮,,seafood,tb,True
akita/katagami,32,Cafe Utase,カフェ,,cafe,tb,True
akita/katagami,33,極生ぷりん専門店 彩,プリン,,other,none,False
akita/katagami,34,居酒屋天辺,居酒屋,,izakaya,tb,True
akita/katagami,35,ドライブインこまち,食堂、ラーメン,,casual,tb,True
akita/katagami,36,喫茶KOKO,喫茶店,,cafe,tb,True
akita/katagami,37,ベコちゃん 潟上店,焼肉,,meat,tb,True
akita/katagami,38,立ち蕎麦 いちのや,立ち食いそば、そば、うどん,,noodles,tb,True
akita/katagami,39,てんのうグリーンマーケット,道の駅,,other,none,False
akita/katagami,40,味処 きく味,ラーメン,,noodles,tb,True
akita/katagami,41,バイキング,海鮮、焼肉,,seafood,tb,True
akita/katagami,42,酒田屋菓子店,和菓子,,sweets,tb,True
akita/katagami,43,三井商店,弁当、おにぎり、惣菜・デリ,,casual,tb,True
akita/katagami,44,すし丸,寿司,,seafood,tb,True
akita/katagami,45,コッペ堂 たね,パン,,sweets,tb,True
akita/katagami,46,ぱんだどぉ,パン,,sweets,tb,True
akita/katagami,47,炭火焼き・焼鳥 佐藤,居酒屋、焼き鳥、冷麺,,izakaya,tb,True
akita/katagami,48,ぽっぽの家,カフェ,,cafe,tb,True
akita/katagami,49,こみっと,居酒屋,,izakaya,tb,True
akita/katagami,50,きらく,居酒屋、焼肉、つけ麺,,izakaya,tb,True
akita/katagami,51,北限亭,海鮮、日本料理、ふぐ,,seafood,tb,True
akita/katagami,52,楽天,居酒屋,,izakaya,tb,True
akita/katagami,53,佐藤食品,その他,,other,none,False
akita/katagami,54,笑里,焼肉,,meat,tb,True
akita/katagami,55,サフラン,喫茶店,,cafe,tb,True
akita/katagami,56,Lukka,カフェ,,cafe,tb,True
akita/katagami,57,宙ノ蛍,大福,,sweets,desc,False
akita/katagami,58,和風レストラン まるまつ 潟上店,レストラン、麺類、日本料理,,noodles,tb,False
akita/katagami,59,レフビューティー,スイーツ,,sweets,tb,True
akita/katagami,60,ナイス 追分店,コンビニ・スーパー,,daily,tb,True
akita/katagami,61,クラブ,その他,,other,none,False
akita/katagami,62,おむすびころりん,日本料理,,japanese,tb,True
akita/katagami,63,小玉醸造,その他,,other,none,False
akita/katagami,64,まちなかカフェ,カフェ,,cafe,tb,True
akita/katagami,65,幸楽苑 天王店,ラーメン,,noodles,tb,True
akita/katagami,66,かねちょう寿司,寿司,,seafood,tb,True
akita/katagami,67,秋田グリーンサムの杜,洋食,,european,tb,True
akita/katagami,68,旬,日本料理,,japanese,tb,True
akita/katagami,69,おらえの家 甚,居酒屋、郷土料理、食堂,,izakaya,tb,True
akita/katagami,70,柳寿司,寿司,,seafood,tb,True
akita/katagami,71,居酒屋一,居酒屋,,izakaya,tb,True
akita/katagami,72,デトサウナ,食堂,,casual,tb,True
akita/katagami,73,幸楽苑 メルシティ潟上店,ラーメン,,noodles,tb,True
akita/katagami,74,菅英佃煮本舗,その他,,other,none,False
akita/katagami,75,持ち帰り専門店 串焼きポンッ,焼き鳥,,meat,tb,True
akita/katagami,76,ほっこり庵,たい焼き・大判焼き、たこ焼き,,sweets,tb,True
akita/katagami,77,ゴンタロー 天王店,ケーキ、和菓子,,sweets,tb,True
akita/katagami,78,m's collectables COFFEE STAND,コーヒースタンド,,cafe,tb,True
akita/katagami,79,LAWSON 潟上天王棒沼台店,コンビニ・スーパー,,daily,tb,True
akita/katagami,80,フレッシュベーカリー いとく追分店,パン,,sweets,tb,True
akita/katagami,81,テラタ 天王店,コンビニ・スーパー,,daily,tb,True
akita/katagami,82,ぱんけ ナイス追分店,パン,,sweets,tb,True
akita/katagami,83,まるさ商店,弁当、惣菜・デリ,,casual,tb,True
akita/katagami,84,茶場つくしんぼ Blooming,カフェ、パン,,cafe,tb,True
akita/katagami,85,ドン・キホーテ 潟上店,その他,,other,none,False
akita/katagami,86,あじまん マックスバリュ天王店,たい焼き・大判焼き,,sweets,tb,True
akita/katagami,87,すき家 285号潟上店,牛丼、カレー,,casual,tb,True
akita/katagami,88,さいのめ,弁当、惣菜・デリ,,casual,tb,True
akita/katagami,89,秋田味商,その他,,other,none,False
akita/katagami,90,千田佐一商店 本店,その他,,other,none,False
akita/katagami,91,ITOKU 追分店,コンビニ・スーパー,,daily,tb,True
akita/katagami,92,肉のわかば 天王店,その他,,other,none,False
akita/katagami,93,セブンイレブン 天王追分店,コンビニ・スーパー,,daily,tb,True
akita/katagami,94,アグリプラザ昭和,その他,,other,none,False
akita/katagami,95,LAWSON 潟上昭和大久保店,コンビニ・スーパー,,daily,tb,True
akita/katagami,96,佐藤徳太郎商店,その他,,other,none,False
akita/katagami,97,セブンイレブン 潟上昭和大久保店,コンビニ・スーパー,,daily,tb,True
akita/katagami,98,淡路製粉,その他,,other,none,False
akita/katagami,99,大将寿司,寿司,,seafood,tb,True
akita/katagami,100,フルーツパーク DETO,その他,,other,none,False
akita/katagami,101,セブンイレブン 潟上天王二田店,コンビニ・スーパー,,daily,tb,True
akita/katagami,102,ファミリーマート 天王出戸店,コンビニ・スーパー,,daily,tb,True
akita/katagami,103,仕出し割烹 しげよし 潟上・男鹿店,弁当,,casual,tb,True
akita/katagami,104,カラオケバーみとす,その他,,other,none,False
akita/katagami,105,ともしび,居酒屋,,izakaya,tb,True
akita/katagami,106,大輪,居酒屋,,izakaya,tb,True
akita/katagami,107,Beach BaR,カフェ,,cafe,tb,True
akita/katagami,108,はやま,居酒屋、日本料理,,izakaya,tb,True
akita/katagami,109,昼餉と暮らしの雑貨 rana,カフェ,,cafe,tb,True
akita/katagami,110,ルーエプラッツ,食堂,,casual,tb,True
akita/katagami,111,千歳浪漫,コーヒースタンド,,cafe,tb,True
akita/katagami,112,わかさぎ亭,日本料理,,japanese,tb,True
akita/katagami,113,Soba restaurant Azumi,,Japanese,japanese,ta,True
akita/katagami,114,Bansho,,Asian,chinese,ta,True
akita/katagami,115,Marumatsu Katagami,,Japanese;International;Japanese - Other ,japanese,ta,True
akita/katagami,116,Sobaya Hachibee,,Japanese;Japanese - Other ,japanese,ta,True
akita/katagami,117,Kourakuen Tenno,,,other,none,False
akita/katagami,118,Ramen Banri,,Asian,chinese,ta,True
akita/katagami,119,Nappa House,,Japanese;International,japanese,ta,True
akita/katagami,120,Orenchi,,,other,none,False
akita/katagami,121,Yakinikutaisho,,Japanese,japanese,ta,True
akita/katagami,122,M s Collectables,,Japanese,japanese,ta,True
akita/katagami,123,Seaside Largo,,Cafe;International,cafe,ta,True
akita/katagami,124,Michi No Eki Showa,,Japanese - Other ,japanese,ta,True
akita/katagami,125,Sushi Ko,,Japanese;Sushi,seafood,ta,True
akita/katagami,126,Yakiniku Ya Bekochan Katagami,,Barbecue,meat,ta,True
akita/katagami,127,Kanemaru Suisan Syokusaikan Kurara,,,other,none,False
akita/katagami,128,Chargrilled Kushiyaki Mitaka,,,other,none,False
akita/katagami,129,Panda Do,,,other,none,False
akita/katagami,130,Sumibiyakiono,,Japanese;Seafood;Grill,seafood,ta,True
akita/katagami,131,とりっこ 追分店,,Japanese;Izakaya (Japanese Style Tavern),izakaya,ta,True
akita/katagami,132,Ikoiya,,Japanese;International;Japanese - Other ,japanese,ta,True
akita/katagami,133,Kasan Bento,,Japanese,japanese,ta,True
akita/katagami,134,Toriaji,,Japanese;Japanese - Other ,japanese,ta,True
akita/katagami,135,Parterre,,Cafe,cafe,ta,True
akita/katagami,136,Drive In Komochi,,Japanese;International;Japanese - Other ,japanese,ta,True
akita/katagami,137,笑ごころ,,Japanese;International;Japanese - Other ,japanese,ta,True
akita/katagami,138,Kikumi,,,other,none,False
akita/katagami,139,Oraenoe Jin,,Japanese,japanese,ta,True
akita/katagami,140,Izakaya Fuku,,Pub,izakaya,ta,True
akita/katagami,141,Dondoko,,Japanese,japanese,ta,True
akita/katagami,142,Makko,,Japanese,japanese,ta,True
akita/katagami,143,Izakaya Pon,,Japanese,japanese,ta,True
akita/katagami,144,Rakuyu Tei,,Japanese,japanese,ta,True
akita/katagami,145,Hanamusubi,,Japanese;Cafe,cafe,ta,True
akita/katagami,146,Izakaya Kiku,,Japanese,japanese,ta,True
akita/katagami,147,Shion,,Japanese,japanese,ta,True
akita/katagami,148,Kitakamakuratenno,,Japanese,japanese,ta,True
akita/katagami,149,Sometime,,,other,none,False
akita/katagami,150,Sushi Kappo Kiyokuni,,Kappo,other,none,False
akita/katagami,151,Taiyaki Hokkorian,,,other,none,False
akita/katagami,152,Asuka,,Japanese,japanese,ta,True
akita/katagami,153,Berger,,,other,none,False
akita/katagami,154,Nagai Shokudo,,Japanese;International;Japanese - Other ,japanese,ta,True
akita/katagami,155,Wakasagitei,,Japanese;Japanese - Traditional Cuisine;Kaiseki,japanese,ta,True
akita/katagami,156,Onajimi,,Japanese,japanese,ta,True
akita/katagami,157,Shun,,Japanese,japanese,ta,True
akita/katagami,158,Izakayaofukuro,,Japanese;International;Japanese - Other ,japanese,ta,True
akita/katagami,159,Sumibiyaki Jin,,Japanese,japanese,ta,True
akita/katagami,160,Yu,,Japanese,japanese,ta,True
akita/katagami,161,Omusubi Kororin,,Japanese,japanese,ta,True
akita/katagami,162,Wakana,,Izakaya (Japanese Style Tavern),izakaya,ta,True
akita/katagami,163,Champon Dejimatei,,,other,none,False
akita/katagami,164,Bar Eclat,,Bar;Pub,izakaya,ta,True
akita/katagami,165,Mori No Restaurant,,,other,none,False
akita/katagami,166,Escape Zone,,,other,none,False
akita/katagami,167,Mahalo,,,other,none,False
akita/katagami,168,Bunmeido,,,other,none,False
akita/kazuno,1,ホルモン幸楽 花輪本店,ホルモン、焼肉、韓国料理,,meat,tb,True
akita/kazuno,2,鶏中華そば だまや,ラーメン,,noodles,tb,True
akita/kazuno,3,石臼挽き手打そば洸庵　満月,そば、日本料理、丼,,noodles,tb,True
akita/kazuno,4,花千鳥,焼肉、ホルモン,,meat,tb,True
akita/kazuno,5,平和軒,食堂、ラーメン、うどん,,casual,tb,True
akita/kazuno,6,大湯えんがわカフェ,カフェ、肉料理、ソフトクリーム,,cafe,tb,True
akita/kazuno,7,レストラン&ダイニング MITACHI,食堂、郷土料理,,casual,tb,True
akita/kazuno,8,切田屋,そば,,noodles,tb,True
akita/kazuno,9,湯瀬ホテル,ホテル,,other,none,False
akita/kazuno,10,KAT'S BURGER,ハンバーガー,,casual,tb,True
akita/kazuno,11,道の駅かづの,道の駅,,other,none,False
akita/kazuno,12,ホテル鹿角,ホテル,,other,none,False
akita/kazuno,13,とん喜・魚菜,食堂、とんかつ、郷土料理,,casual,tb,True
akita/kazuno,14,きりたんぽ館,きりたんぽ,,japanese,tb,True
akita/kazuno,15,ドライブイン　ヨッホー,レストラン,,other,none,False
akita/kazuno,16,ごしょ カフェ,カフェ,,cafe,tb,True
akita/kazuno,17,おれんじ,喫茶店、食堂、洋食,,cafe,tb,True
akita/kazuno,18,ぐりとる,郷土料理、麺類,,japanese,tb,True
akita/kazuno,19,ハンサム侍,ラーメン,,noodles,tb,True
akita/kazuno,20,湯の駅おおゆ,道の駅,,other,none,False
akita/kazuno,21,菅野食堂,ラーメン、丼、麺類,,noodles,tb,True
akita/kazuno,22,青の木,洋菓子,,sweets,tb,True
akita/kazuno,23,食堂 はやしや,日本料理、食堂、弁当,,japanese,tb,True
akita/kazuno,24,桜木屋 花輪店,ラーメン,,noodles,tb,True
akita/kazuno,25,ドライブイン両国,ラーメン、食堂、麺類,,noodles,tb,True
akita/kazuno,26,そば軽食コーナー,そば、うどん、ジェラート・アイスクリーム,,noodles,tb,True
akita/kazuno,27,寿ドライブイン,食堂,,casual,tb,True
akita/kazuno,28,山水亭,中華料理,,chinese,tb,True
akita/kazuno,29,栗山飯店,中華料理,,chinese,tb,True
akita/kazuno,30,珍来軒,中華料理、ラーメン,,chinese,tb,True
akita/kazuno,31,こもも 十和田店,惣菜・デリ、豚料理,,casual,tb,True
akita/kazuno,32,そらにほし,居酒屋,,izakaya,tb,True
akita/kazuno,33,いとく鹿角ショッピングセンター たんぽぽ,ファミレス、ラーメン,,casual,tb,True
akita/kazuno,34,居酒屋 まちや,居酒屋、食堂,,izakaya,tb,True
akita/kazuno,35,御菓子司 豊太楼,和菓子、甘味処、洋菓子,,sweets,tb,True
akita/kazuno,36,八幡平高原ホテル,ホテル,,other,none,False
akita/kazuno,37,こもれび,レストラン、カフェ,,cafe,tb,False
akita/kazuno,38,スイートバジル,イタリアン、東南アジア料理、パスタ,,european,tb,True
akita/kazuno,39,DIYO 鹿角店,インド料理、アジア・エスニック、インドカレー,,curry,tb,True
akita/kazuno,40,道の駅かづの あんとらあ 売店,売店,,casual,tb,True
akita/kazuno,41,錦寿司,寿司、釜飯,,seafood,tb,True
akita/kazuno,42,お食事処 あんべ,食堂、麺類,,casual,tb,True
akita/kazuno,43,創作厨房びすとろあむーる,居酒屋,,izakaya,tb,True
akita/kazuno,44,ごはんや Hygge,カフェ,,cafe,tb,True
akita/kazuno,45,ショッピングコーナー 花輪SA 上り線,売店,,casual,tb,True
akita/kazuno,46,松屋 花輪SA(上り線)店,牛丼、食堂、カレー,,casual,tb,True
akita/kazuno,47,キッチンVESTA,ラーメン、食堂,,noodles,tb,True
akita/kazuno,48,食卓梅戸,中華料理,,chinese,tb,True
akita/kazuno,49,大王軒,ラーメン,,noodles,tb,True
akita/kazuno,50,ヤキニク幸楽,焼肉,,meat,tb,True
akita/kazuno,51,りんごの里 平塚果樹園,スイーツ,,sweets,tb,True
akita/kazuno,52,大統領,食堂,,casual,tb,True
akita/kazuno,53,感動!鹿角パークホテル,その他,,other,none,False
akita/kazuno,54,一幸,天ぷら,,japanese,tb,True
akita/kazuno,55,くらみせ,郷土料理、麺類,,japanese,tb,True
akita/kazuno,56,けいらん田中屋,郷土料理、喫茶店、洋食,,japanese,tb,True
akita/kazuno,57,GRACE KITCHEN,サンドイッチ、スープ,,sweets,tb,True
akita/kazuno,58,松屋 花輪SA(下り線)店,牛丼、食堂,,casual,tb,True
akita/kazuno,59,中華クック,ラーメン、食堂,,noodles,tb,True
akita/kazuno,60,渓鶏庵,そば、鳥料理、居酒屋,,noodles,tb,True
akita/kazuno,61,奈良亀,その他、ドーナツ、カフェ,,sweets,tb,False
akita/kazuno,62,葵,居酒屋,,izakaya,tb,True
akita/kazuno,63,さこう,和菓子,,sweets,tb,True
akita/kazuno,64,福寿司,寿司,,seafood,tb,True
akita/kazuno,65,柳寿司,寿司,,seafood,tb,True
akita/kazuno,66,登仁角寿司,寿司,,seafood,tb,True
akita/kazuno,67,ゆらら,その他,,other,none,False
akita/kazuno,68,RESTAURANT Garden,イタリアン,,european,tb,True
akita/kazuno,69,クイーン@このはな,喫茶店,,cafe,tb,True
akita/kazuno,70,YUTORI CAFE,麺類、ソフトクリーム,,noodles,tb,True
akita/kazuno,71,光栄堂,和菓子、大福,,sweets,tb,True
akita/kazuno,72,伊酒場 トレ・バルカ,居酒屋,,izakaya,tb,True
akita/kazuno,73,トゥクトゥクコーヒー,コーヒースタンド,,cafe,tb,True
akita/kazuno,74,鹿角のジェラート屋さん フルフルッタ,ジェラート・アイスクリーム,,sweets,tb,True
akita/kazuno,75,一行食堂,食堂,,casual,tb,True
akita/kazuno,76,おらほの市場,その他,,other,none,False
akita/kazuno,77,ハイウェイショップ 花輪SA 上り,その他,,other,none,False
akita/kazuno,78,はらへった,焼き鳥,,meat,tb,True
akita/kazuno,79,かづのマルシェ,その他,,other,none,False
akita/kazuno,80,平和食堂,食堂,,casual,tb,True
akita/kazuno,81,森ラーメン,ラーメン、日本料理,,noodles,tb,True
akita/kazuno,82,とんとん亭,ラーメン,,noodles,tb,True
akita/kazuno,83,美ふじ,鍋、日本料理,,japanese,tb,True
akita/kazuno,84,樹樹,喫茶店、そば、サンドイッチ,,cafe,tb,True
akita/kazuno,85,パレット,バー、ダイニングバー,,izakaya,tb,True
akita/kazuno,86,ケーキ工房 アーシュ,ケーキ、カフェ,,sweets,tb,True
akita/kazuno,87,御菓子司 小田,和菓子,,sweets,tb,True
akita/kazuno,88,石川菓子店 Ａコープかづの店,ケーキ、和菓子,,sweets,tb,True
akita/kazuno,89,居酒屋酒蔵,居酒屋、レストラン,,izakaya,tb,True
akita/kazuno,90,とことんとん八 八幡平 本店,その他,,other,none,False
akita/kazuno,91,カフェ サクヤ,カフェ,,cafe,tb,True
akita/kazuno,92,ホルモン どらとちゃめ,ホルモン,,meat,tb,True
akita/kazuno,93,拉麺 大湯縁ヶ輪軒,ラーメン,,noodles,tb,True
akita/kazuno,94,かづの白神悠遊工房,パン,,sweets,tb,True
akita/kazuno,95,ふくはうち,居酒屋,,izakaya,tb,True
akita/kazuno,96,ガスト 鹿角店,ファミレス,,casual,tb,True
akita/kazuno,97,ワイナリーこのはな,その他,,other,none,False
akita/kazuno,98,はなわ小町,きりたんぽ、ソフトクリーム,,japanese,tb,True
akita/kazuno,99,ラグノオ いとく鹿角ショッピングセンター店,洋菓子,,sweets,tb,True
akita/kazuno,100,芳徳庵＆えん,そば、うどん、スイーツ,,noodles,tb,True
akita/kazuno,101,レストラン ヴィラージュ,洋食、日本料理,,european,tb,True
akita/kazuno,102,わんこや,日本料理、食堂,,japanese,tb,True
akita/kazuno,103,友蔵,寿司,,seafood,tb,True
akita/kazuno,104,みつわきりたんぽ店,その他,,other,none,False
akita/kazuno,105,かづの厚生病院レストラン,食堂、麺類、ラーメン,,casual,tb,True
akita/kazuno,106,とことんとん八 花輪店,その他、揚げ物,,casual,tb,False
akita/kazuno,107,870BAR,居酒屋、串揚げ,,izakaya,tb,True
akita/kazuno,108,水晶山スキー場レストラン,焼肉、ラーメン,,meat,tb,True
akita/kazuno,109,手作り体験館,その他,,other,none,False
akita/kazuno,110,こざか食堂,食堂,,casual,tb,True
akita/kazuno,111,山小屋焼肉店,焼肉、ホルモン,,meat,tb,True
akita/kazuno,112,寿賀,日本料理,,japanese,tb,True
akita/kazuno,113,五の宮,中華料理、ラーメン,,chinese,tb,True
akita/kazuno,114,花暦,日本料理,,japanese,tb,True
akita/kazuno,115,居酒屋銀星,居酒屋,,izakaya,tb,True
akita/kazuno,116,食事処能登,食堂,,casual,tb,True
akita/kazuno,117,かまどや にこにこ店,弁当,,casual,tb,True
akita/kazuno,118,一番星 花輪店,寿司、回転寿司,,seafood,tb,True
akita/kazuno,119,京にしき,そば、甘味処,,noodles,tb,True
akita/kazuno,120,びっくり食堂,ラーメン、かつ丼、郷土料理,,noodles,tb,True
akita/kazuno,121,のりさん,ラーメン,,noodles,tb,True
akita/kazuno,122,ラグノオ いとく花輪店,洋菓子,,sweets,tb,True
akita/kazuno,123,ディア珈琲,カフェ,,cafe,tb,True
akita/kazuno,124,史跡尾去沢鉱山,パン,,sweets,tb,True
akita/kazuno,125,びいる亭 鹿角店,レストラン,,other,none,False
akita/kazuno,126,麺工房 あじ彩,ラーメン,,noodles,tb,True
akita/kazuno,127,フレッシュベーカリー イトク鹿角ショッピングセンター店,パン,,sweets,tb,True
akita/kazuno,128,T&A,喫茶店,,cafe,tb,True
akita/kazuno,129,セブンイレブン 鹿角花輪駅前店,コンビニ・スーパー,,daily,tb,True
akita/kazuno,130,豊口菓子舗,和菓子、洋菓子,,sweets,tb,True
akita/kazuno,131,SOBAR よつば屋,そば、バー,,noodles,tb,True
akita/kazuno,132,ラグノオ ユニバース毛馬内店,洋菓子,,sweets,tb,True
akita/kazuno,133,ちゃまや,カフェ、野菜料理,,cafe,tb,True
akita/kazuno,134,石川菓子店,ケーキ、和菓子,,sweets,tb,True
akita/kazuno,135,ユニバース 毛馬内店,コンビニ・スーパー,,daily,tb,True
akita/kazuno,136,大湯えんがわショップ,その他,,other,none,False
akita/kazuno,137,刈谷食品,その他,,other,none,False
akita/kazuno,138,セブンイレブン 鹿角八幡平店,コンビニ・スーパー,,daily,tb,True
akita/kazuno,139,あらとまい農場,その他,,other,none,False
akita/kazuno,140,じゃんだらりん,居酒屋,,izakaya,tb,True
akita/kazuno,141,ITOKU 花輪店,その他,,other,none,False
akita/kazuno,142,キャメルマート 秋田八幡平店,コンビニ・スーパー,,daily,tb,True
akita/kazuno,143,有限会社 安保食品,その他,,other,none,False
akita/kazuno,144,セブンイレブン 鹿角花輪北店,コンビニ・スーパー,,daily,tb,True
akita/kazuno,145,マルホンカウボーイ 花輪店,その他,,other,none,False
akita/kazuno,146,良縁,たこ焼き,,casual,tb,True
akita/kazuno,147,四季彩,その他,,other,none,False
akita/kazuno,148,いとく鹿角ショッピングセンター,コンビニ・スーパー,,daily,tb,True
akita/kazuno,149,アンロシェ,カフェ,,cafe,tb,True
akita/kazuno,150,ピザ・テン・フォー 鹿角店,ピザ,,european,tb,True
akita/kazuno,151,浅利佐助商店,その他,,other,none,False
akita/kazuno,152,おふくろ弁当,弁当,,casual,tb,True
akita/kazuno,153,クラ ワイン オオユ,その他,,other,none,False
akita/kazuno,154,アートヒルズ,喫茶店,,cafe,tb,True
akita/kazuno,155,秋田八幡平スキー場レストハウス,ラーメン,,noodles,tb,True
akita/kazuno,156,しんちゃん,焼き鳥,,meat,tb,True
akita/kazuno,157,洋食喫茶 和蘭豆館,洋食、喫茶店,,european,tb,True
akita/kazuno,158,BUD,カフェ,,cafe,tb,True
akita/kazuno,159,セブンイレブン 鹿角毛馬内店,コンビニ・スーパー,,daily,tb,True
akita/kazuno,160,ラーメン トト,ラーメン,,noodles,tb,True
akita/kazuno,161,安心安全こだわり食堂 カラオケ花ちゃん,食堂、居酒屋,,casual,tb,True
akita/kazuno,162,レストラン　いちい,レストラン,,other,none,False
akita/kazuno,163,クスリのアオキ マルホンカウボーイ花輪店,その他,,other,none,False
akita/kazuno,164,酒処真紀,焼き鳥,,meat,tb,True
akita/kazuno,165,十和田高原りんご園,その他,,other,none,False
akita/kazuno,166,Oshokuji Dokoro Guri Toru,,Japanese;International;Japanese - Other ,japanese,ta,True
akita/kazuno,167,Horumon Koraku,,Barbecue,meat,ta,True
akita/kazuno,168,Ishiusuhiki Teuchi Soba Honokoan Mangetsu,,,other,none,False
akita/kazuno,169,Ramen Sakurano,,,other,none,False
akita/kazuno,170,Aonoki,,,other,none,False
akita/kazuno,171,Nanbu Teuchi Soba Sohonpo Kiridaya,,,other,none,False
akita/kazuno,172,Tonki Uosai,,,other,none,False
akita/kazuno,173,Anshin Anzen Kodawari Shokudo Karaoke Hanachan,,Japanese,japanese,ta,True
akita/kazuno,174,Hachimantai Drive In,,Japanese,japanese,ta,True
akita/kazuno,175,Norisan,,,other,none,False
akita/kazuno,176,Hana Chidori,,Japanese;Barbecue,meat,ta,True
akita/kazuno,177,Historical Siteosarizawa Mine,,Japanese,japanese,ta,True
akita/kazuno,178,Camel Mart Akita Hachimantai Restaurant,,,other,none,False
akita/kazuno,179,Cafeteria Kuramise,,Japanese - Other ,japanese,ta,True
akita/kazuno,180,Heiwaken,,Japanese;Asian,chinese,ta,True
akita/kazuno,181,Tohoku Expressway Hanawa Sa Noborisen Highway Shop,,Japanese;International;Japanese - Other ,japanese,ta,True
akita/kazuno,182,Tohoku Expressway Hanawa Sa Outboud Highway Shop,,Japanese - Other ,japanese,ta,True
akita/kazuno,183,Fukuzushi,,Japanese;Seafood;Sushi;Japanese - Other ,seafood,ta,True
akita/kazuno,184,Daitoryo,,Japanese;International;Japanese - Other ,japanese,ta,True
akita/kazuno,185,Kotobuki Drive In,,Japanese;International;Japanese - Other ,japanese,ta,True
akita/kazuno,186,Nomi Dokoro Iroha,,Japanese;Izakaya (Japanese Style Tavern),izakaya,ta,True
akita/kazuno,187,つぼ八 鹿角店,,Japanese;Izakaya (Japanese Style Tavern),izakaya,ta,True
akita/kazuno,188,Orange,,Asian,chinese,ta,True
akita/kazuno,189,Kazuno Park Hotel Restaurant Park Side,,,other,none,False
akita/kazuno,190,Ito Kacho Kazuno,,Barbecue,meat,ta,True
akita/kazuno,191,Asari Mochi,,,other,none,False
akita/kazuno,192,あがりっぱ,,Japanese,japanese,ta,True
akita/kazuno,193,Keirantanaka Ya,,Japanese;Japanese - Other ,japanese,ta,True
akita/kazuno,194,Chinraiken,,Chinese,chinese,ta,True
akita/kazuno,195,Aoi,,Japanese,japanese,ta,True
akita/kazuno,196,やまだ 駅前店,,Japanese;Japanese - Other ,japanese,ta,True
akita/kazuno,197,Kichitampo Kobo Denen Ichiba Akita Bijin,,Japanese;Japanese - Other ,japanese,ta,True
akita/kazuno,198,Tashiro Rice Cracker,,,other,none,False
akita/kazuno,199,Ippuku,,,other,none,False
akita/kazuno,200,Sako,,,other,none,False
akita/kazuno,201,Waeido Shokudo,,Japanese;International;Japanese - Other ,japanese,ta,True
akita/kazuno,202,Chushoku Yushoku Sushi Tomozo,,Sushi,seafood,ta,True
akita/kazuno,203,Sushi Ichifune,,Japanese;Seafood;Sushi;Japanese - Other ,seafood,ta,True
akita/kazuno,204,Shokuji Dokoro Noto,,Japanese;Seafood;Sushi;Japanese - Other ,seafood,ta,True
akita/kazuno,205,Ishigaki Bakery,,,other,none,False
akita/kazuno,206,Shitakawara,,Japanese;Japanese - Other ,japanese,ta,True
akita/kazuno,207,Tabitachi,,Cafe,cafe,ta,True
akita/kazuno,208,Kazuno Wakuwaku Factory,,Japanese,japanese,ta,True
akita/kazuno,209,Kakure Dining Pocket,,Japanese;Izakaya (Japanese Style Tavern),izakaya,ta,True
akita/kazuno,210,Ajihei,,Japanese;International;Japanese - Other ,japanese,ta,True
akita/kazuno,211,Kaiten Ginshari,,Japanese;Seafood;Sushi,seafood,ta,True
akita/kazuno,212,Nakamura Pastry,,,other,none,False
akita/kazuno,213,Nishiki Sushi,,Sushi,seafood,ta,True
akita/kazuno,214,Ryogoku Drivein,,Asian,chinese,ta,True
akita/kazuno,215,Kyo Nishiki,,Japanese;Japanese - Other ,japanese,ta,True
akita/kazuno,216,Yohho,,Japanese,japanese,ta,True
akita/kazuno,217,Makanaitei,,Japanese,japanese,ta,True
akita/kazuno,218,Nishikiya,,Japanese;Japanese - Other ,japanese,ta,True
akita/kazuno,219,Toen,,Chinese,chinese,ta,True
akita/kazuno,220,Machi No Eki Komose,,Japanese;International;Japanese - Other ,japanese,ta,True
akita/kazuno,221,Karaoke House Trend,,International,other,none,False
akita/kazuno,222,Towada Minami Drive In,,Japanese;International;Japanese - Other ,japanese,ta,True
akita/kazuno,223,Wakura Shokudo,,Japanese,japanese,ta,True
akita/kazuno,224,Izakaya Shunsai,,Japanese;Izakaya (Japanese Style Tavern),izakaya,ta,True
akita/kazuno,225,Kazu No Hana Kiyosuku,,Japanese;Japanese - Other ,japanese,ta,True
akita/kazuno,226,Izakaya Nebuta,,Japanese;Izakaya (Japanese Style Tavern),izakaya,ta,True
akita/kazuno,227,Koran,,Chinese,chinese,ta,True
akita/kazuno,228,Soranihoshi,,Japanese,japanese,ta,True
akita/kazuno,229,Aji-Q 鹿角店,,,other,none,False
akita/kazuno,230,Komorebi,,Japanese - Other ,japanese,ta,True
akita/kazuno,231,Kiraku Shokudo,,Japanese;International;Japanese - Other ,japanese,ta,True
akita/kazuno,232,ホテル鹿角,,International,other,none,False
akita/kazuno,233,Puratto Home,,Japanese,japanese,ta,True
akita/kazuno,234,Kaneko Family Restaurant,,International,other,none,False
akita/kazuno,235,Nara Pastry,,,other,none,False
akita/kazuno,236,Miyagawa Ya,,Japanese,japanese,ta,True
akita/kazuno,237,Go No Miya,,Japanese;International;Japanese - Other ,japanese,ta,True
akita/kazuno,238,Tonki Shiyakusho Shokudo,,Japanese;International;Japanese - Other ,japanese,ta,True
akita/kazuno,239,Sun s Drop,,,other,none,False
akita/kazuno,240,Manpuku,,Japanese - Other ,japanese,ta,True
akita/kazuno,241,Hanawa Drive in,,Japanese;International;Japanese - Other ,japanese,ta,True
akita/kazuno,242,Shiki No Aji Taisho The Taste of Four Seasons General,,Japanese - Other ,japanese,ta,True
akita/kazuno,243,Matsuya,,Japanese;Japanese - Traditional Cuisine,japanese,ta,True
akita/kazuno,244,Restaurant Kurumi,,International;Fusion,other,none,False
akita/kazuno,245,Ichibanboshi,,,other,none,False
akita/kazuno,246,Hakuba,,Japanese,japanese,ta,True
akita/kazuno,247,Kiritampo,,Japanese,japanese,ta,True
akita/kazuno,248,Michinoku,,Japanese,japanese,ta,True
akita/kazuno,249,Karaoke House Trend Golf Lessons Karaoke Box,,International,other,none,False
akita/kazuno,250,J s,,Japanese,japanese,ta,True
akita/kazuno,251,Irifune,,Japanese,japanese,ta,True
akita/kazuno,252,Karaoke Pub Maimu,,International,other,none,False
akita/kazuno,253,Ajisai Kazunohanawa,,Japanese,japanese,ta,True
akita/kazuno,254,Southern Cross,,Fusion,other,none,False
akita/kazuno,255,Yoshino,,Japanese,japanese,ta,True
akita/kazuno,256,Double a,,Japanese,japanese,ta,True
akita/kazuno,257,Restaurant Gourmet Mitate,,Japanese;International;Japanese - Other ,japanese,ta,True
akita/kazuno,258,Benson2,,,other,none,False
akita/kazuno,259,Oda Pastry,,,other,none,False
akita/kazuno,260,Raimuraito,,Japanese;Izakaya (Japanese Style Tavern),izakaya,ta,True
akita/kazuno,261,Nishiki,,,other,none,False
akita/kazuno,262,Shin Chan,,Japanese;Izakaya (Japanese Style Tavern),izakaya,ta,True
akita/kitaakita,1,いな穂,そば、鳥料理、居酒屋,,noodles,tb,True
akita/kitaakita,2,こぐま亭,レストラン、カフェ,,cafe,tb,False
akita/kitaakita,3,まつお,レストラン,,other,none,False
akita/kitaakita,4,パリスタ飯店,中華料理,,chinese,tb,True
akita/kitaakita,5,レストラン ポートワン,レストラン、カフェ、郷土料理,,cafe,tb,False
akita/kitaakita,6,晩梅,ケーキ、和菓子、洋菓子,,sweets,tb,True
akita/kitaakita,7,オープンカフェ・ピッコロ,カフェ、ジェラート・アイスクリーム,,cafe,tb,True
akita/kitaakita,8,道の駅あに　マタギの里,道の駅,,other,none,False
akita/kitaakita,9,Boire un coup,フレンチ,,european,tb,True
akita/kitaakita,10,紫園,洋菓子、和菓子,,sweets,tb,True
akita/kitaakita,11,道の駅 大館能代空港,道の駅,,other,none,False
akita/kitaakita,12,ファミリーレストラン Piyo2,ファミレス、食堂、ラーメン,,casual,tb,True
akita/kitaakita,13,らーめん麺次郎,ラーメン,,noodles,tb,True
akita/kitaakita,14,葡萄の樹,レストラン、喫茶店,,cafe,tb,False
akita/kitaakita,15,珈湖璐,居酒屋、日本料理,,izakaya,tb,True
akita/kitaakita,16,レストラン 北欧,食堂,,casual,tb,True
akita/kitaakita,17,麺屋うるとら,ラーメン、つけ麺、餃子,,noodles,tb,True
akita/kitaakita,18,らあめんや燦,ラーメン,,noodles,tb,True
akita/kitaakita,19,中華そば ZEN,ラーメン,,noodles,tb,True
akita/kitaakita,20,ふみきり野cafe,カフェ,,cafe,tb,True
akita/kitaakita,21,黒井鳥珈琲,カフェ、喫茶店、スイーツ,,cafe,tb,True
akita/kitaakita,22,あおしし,食堂,,casual,tb,True
akita/kitaakita,23,大太鼓の里ぶっさん館,日本料理、ソフトクリーム,,japanese,tb,True
akita/kitaakita,24,えびすや食堂,食堂,,casual,tb,True
akita/kitaakita,25,阿仁スキー場　レストラン,麺類、丼、カレー,,noodles,tb,True
akita/kitaakita,26,喫茶トマト,喫茶店,,cafe,tb,True
akita/kitaakita,27,シカリ,郷土料理,,japanese,tb,True
akita/kitaakita,28,ベコちゃん 鷹巣店,焼肉,,meat,tb,True
akita/kitaakita,29,とぱーず,喫茶店、バー,,cafe,tb,True
akita/kitaakita,30,コンビニフライト,コンビニ・スーパー,,daily,tb,True
akita/kitaakita,31,高田食堂,ラーメン、とんかつ,,noodles,tb,True
akita/kitaakita,32,我が家食堂,食堂、麺類、ラーメン,,casual,tb,True
akita/kitaakita,33,津軽屋 食堂,ラーメン,,noodles,tb,True
akita/kitaakita,34,威風ＤｏＤｏ,居酒屋,,izakaya,tb,True
akita/kitaakita,35,クウィンス森吉,食堂,,casual,tb,True
akita/kitaakita,36,KITCHEN 酔龍,喫茶店、カレー,,cafe,tb,True
akita/kitaakita,37,Pizzeria Bosco del nord,ピザ,,european,tb,True
akita/kitaakita,38,ステーキハウス 森吉 森のテラス,ステーキ,,meat,tb,True
akita/kitaakita,39,HONEY DROP,クレープ・ガレット,,sweets,tb,True
akita/kitaakita,40,千羽寿司,寿司,,seafood,tb,True
akita/kitaakita,41,道の駅たかのす,道の駅,,other,none,False
akita/kitaakita,42,居酒屋 翔ちゃん,居酒屋,,izakaya,tb,True
akita/kitaakita,43,sake bal ENDLESS,バー,,izakaya,tb,True
akita/kitaakita,44,レストラン どんどん,ラーメン、食堂,,noodles,tb,True
akita/kitaakita,45,元氣屋 鷹巣店,ラーメン,,noodles,tb,True
akita/kitaakita,46,四季美館お食事処かたりべ,食堂、その他,,casual,tb,True
akita/kitaakita,47,山ちゃんらーめん,居酒屋、ラーメン,,izakaya,tb,True
akita/kitaakita,48,小料理　山長,日本料理,,japanese,tb,True
akita/kitaakita,49,チックタグズ,カフェ,,cafe,tb,True
akita/kitaakita,50,一番館,ホルモン,,meat,tb,True
akita/kitaakita,51,ワールボンボン,スイーツ、その他,,sweets,tb,True
akita/kitaakita,52,次男坊,日本料理,,japanese,tb,True
akita/kitaakita,53,かつら屋,居酒屋,,izakaya,tb,True
akita/kitaakita,54,阿仁合駅 観光案内窓口,その他,,other,none,False
akita/kitaakita,55,アグリハウス,食堂,,casual,tb,True
akita/kitaakita,56,バー マイタイ,バー,,izakaya,tb,True
akita/kitaakita,57,cafe campanula,カフェ,,cafe,tb,True
akita/kitaakita,58,ANAフェスタ 大館能代ロビー店,その他,,other,none,False
akita/kitaakita,59,薬膳喫茶 YOYOJOJO,喫茶店,,cafe,tb,True
akita/kitaakita,60,ブーメラン,喫茶店,,cafe,tb,True
akita/kitaakita,61,ベルポアン,喫茶店,,cafe,tb,True
akita/kitaakita,62,そば処 池田屋,そば、うどん、ラーメン,,noodles,tb,True
akita/kitaakita,63,鷹松堂,和菓子、洋菓子,,sweets,tb,True
akita/kitaakita,64,なごみ,郷土料理,,japanese,tb,True
akita/kitaakita,65,ひまわり,スイーツ、その他,,sweets,tb,True
akita/kitaakita,66,居酒屋 かすが,居酒屋、麺類、餃子,,izakaya,tb,True
akita/kitaakita,67,喜らく,焼き鳥,,meat,tb,True
akita/kitaakita,68,万来寿し,寿司,,seafood,tb,True
akita/kitaakita,69,しらふ,居酒屋,,izakaya,tb,True
akita/kitaakita,70,肉のまつお,その他,,other,none,False
akita/kitaakita,71,SAKON,居酒屋,,izakaya,tb,True
akita/kitaakita,72,Kaori coffee,コーヒースタンド,,cafe,tb,True
akita/kitaakita,73,Aji-Q 鷹巣店,ラーメン,,noodles,tb,True
akita/kitaakita,74,喫茶ねもりだ,喫茶店,,cafe,tb,True
akita/kitaakita,75,まいど,焼き鳥,,meat,tb,True
akita/kitaakita,76,四季,焼き鳥、馬肉料理,,meat,tb,True
akita/kitaakita,77,鳥越食堂,食堂,,casual,tb,True
akita/kitaakita,78,秋田北空港クラシックゴルフ倶楽部,その他,,other,none,False
akita/kitaakita,79,たんぽぽ いとく鷹巣ショッピングセンター店,麺類、ジェラート・アイスクリーム,,noodles,tb,True
akita/kitaakita,80,居酒屋ぼっちゃん,焼き鳥,,meat,tb,True
akita/kitaakita,81,佐金酒店,その他,,other,none,False
akita/kitaakita,82,ダイニング ニュー安滝,居酒屋、ラーメン,,izakaya,tb,True
akita/kitaakita,83,福助堂,パン、その他,,sweets,tb,True
akita/kitaakita,84,ろくべえ,居酒屋,,izakaya,tb,True
akita/kitaakita,85,味処 さざなみ,食堂、丼、麺類,,casual,tb,True
akita/kitaakita,86,あなたの街の缶酒場,居酒屋,,izakaya,tb,True
akita/kitaakita,87,山の台所,食堂,,casual,tb,True
akita/kitaakita,88,和風レストランまるまつ 鷹巣店,ファミレス,,casual,tb,True
akita/kitaakita,89,そば処 めん六や 秋田たかのす店,うどん、そば、ラーメン,,noodles,tb,True
akita/kitaakita,90,かっぱ寿司 たかのす店,回転寿司,,seafood,tb,True
akita/kitaakita,91,すき家 105号北秋田店,牛丼、カレー、食堂,,casual,tb,True
akita/kitaakita,92,芝楽,天ぷら、とんかつ、海鮮,,japanese,tb,True
akita/kitaakita,93,拉麺 鷹,ラーメン,,noodles,tb,True
akita/kitaakita,94,北国さくら本舗,和菓子、スイーツ,,sweets,tb,True
akita/kitaakita,95,ブラッシュ&コーヒー ハウント,カフェ,,cafe,tb,True
akita/kitaakita,96,ファミリーマート 北秋田鷹巣店,コンビニ・スーパー,,daily,tb,True
akita/kitaakita,97,北林食堂,食堂,,casual,tb,True
akita/kitaakita,98,藤岡青果店,その他,,other,none,False
akita/kitaakita,99,幸楽苑 イオンタウン鷹巣店,ラーメン,,noodles,tb,True
akita/kitaakita,100,JA産直おおだいこ,その他,,other,none,False
akita/kitaakita,101,みうら庵,和菓子,,sweets,tb,True
akita/kitaakita,102,みなさまの丸伊 阿仁合店,その他,,other,none,False
akita/kitaakita,103,よりみち,たこ焼き、ジェラート・アイスクリーム,,casual,tb,True
akita/kitaakita,104,北秋田市観光物産協会,その他,,other,none,False
akita/kitaakita,105,山田まんじゅう店,和菓子,,sweets,tb,True
akita/kitaakita,106,こっこや,ソフトクリーム,,sweets,tb,True
akita/kitaakita,107,やよえ,レストラン,,other,none,False
akita/kitaakita,108,LAWSON 北秋田米内沢諏訪岱店,コンビニ・スーパー,,daily,tb,True
akita/kitaakita,109,平山商店,その他,,other,none,False
akita/kitaakita,110,コミュニティ,居酒屋、弁当、惣菜・デリ,,izakaya,tb,True
akita/kitaakita,111,HOTEL FUSCH,ホテル,,other,none,False
akita/kitaakita,112,Fresh Bakery いとく鷹巣南店,パン,,sweets,tb,True
akita/kitaakita,113,コミュニティ直売センター,弁当、惣菜・デリ,,casual,tb,True
akita/kitaakita,114,フレッシュベーカリー いとく鷹巣ショッピングセンター,パン,,sweets,tb,True
akita/kitaakita,115,ラグノオ いとく鷹巣ショッピングセンター店,洋菓子,,sweets,tb,True
akita/kitaakita,116,パン工場 イオンタウン鷹巣店,パン,,sweets,tb,True
akita/kitaakita,117,けむり屋,焼肉,,meat,tb,True
akita/kitaakita,118,大川米屋,その他,,other,none,False
akita/kitaakita,119,わいず,居酒屋,,izakaya,tb,True
akita/kitaakita,120,居酒屋さるーて,居酒屋,,izakaya,tb,True
akita/kitaakita,121,居酒屋 平八,居酒屋,,izakaya,tb,True
akita/kitaakita,122,北秋田市役所食堂,麺類、食堂、社員食堂,,noodles,tb,True
akita/kitaakita,123,マルイシ食品,その他,,other,none,False
akita/kitaakita,124,ファミリーマート 北秋田綴子店,コンビニ・スーパー,,daily,tb,True
akita/kitaakita,125,ファミリーマート Aコープあいかわ店,コンビニ・スーパー,,daily,tb,True
akita/kitaakita,126,金龍,寿司,,seafood,tb,True
akita/kitaakita,127,大野台ゴルフ倶楽部,レストラン,,other,none,False
akita/kitaakita,128,秋林商店,その他,,other,none,False
akita/kitaakita,129,焼き鳥 バードストライク,焼き鳥,,meat,tb,True
akita/kitaakita,130,マルホンカウボーイ 鷹巣店,その他,,other,none,False
akita/kitaakita,131,アトリエエクラ,スイーツ,,sweets,tb,True
akita/kitaakita,132,DINER PEACE,居酒屋,,izakaya,tb,True
akita/kitaakita,133,花咲菓家,和菓子,,sweets,tb,True
akita/kitaakita,134,ブックス アンド,カフェ、バー,,cafe,tb,True
akita/kitaakita,135,ウォータームーン,居酒屋,,izakaya,tb,True
akita/kitaakita,136,マキ倶楽部,その他,,other,none,False
akita/kitaakita,137,いとく 鷹巣南店,コンビニ・スーパー,,daily,tb,True
akita/kitaakita,138,阿仁比立内 がっこステーション,その他,,other,none,False
akita/kitaakita,139,根子マタギコーヒー,その他,,other,none,False
akita/kitaakita,140,バー トリガー,バー,,izakaya,tb,True
akita/kitaakita,141,Inaho,,,other,none,False
akita/kitaakita,142,Kogumatei,,International,other,none,False
akita/kitaakita,143,Matagi No Yu,,Japanese,japanese,ta,True
akita/kitaakita,144,Matsuo,,,other,none,False
akita/kitaakita,145,Fukushisobaya,,Japanese;Japanese - Other ,japanese,ta,True
akita/kitaakita,146,Odaiko No Sato Bussankan,,International,other,none,False
akita/kitaakita,147,Moriyoshi Kaikan,,Japanese,japanese,ta,True
akita/kitaakita,148,Kokoro,,Japanese;International;Japanese - Other ,japanese,ta,True
akita/kitaakita,149,Shiki Bikan Restaurant Kataribe,,Japanese;International;Japanese - Other ,japanese,ta,True
akita/kitaakita,150,Garden Sweets Fumikiri No Cafe,,,other,none,False
akita/kitaakita,151,Portone,,Fusion,other,none,False
akita/kitaakita,152,Oshokujidokoro Shikari,,Japanese;Japanese - Other ,japanese,ta,True
akita/kitaakita,153,Open Cafe Piccolo,,Cafe,cafe,ta,True
akita/kitaakita,154,Santa,,Japanese,japanese,ta,True
akita/kitaakita,155,Cafetomato,,Cafe,cafe,ta,True
akita/kitaakita,156,Ichidaime Menya Yoroku,,,other,none,False
akita/kitaakita,157,Ramen Menjiro,,,other,none,False
akita/kitaakita,158,Parisuta Hanten,,Chinese,chinese,ta,True
akita/kitaakita,159,Family Restaurant Piyopiyo Takanosu,,,other,none,False
akita/kitaakita,160,Ramenya San,,,other,none,False
akita/kitaakita,161,Shien Pastry,,,other,none,False
akita/kitaakita,162,Kappo Miyoshi,,Japanese;Japanese - Traditional Cuisine;Kappo,japanese,ta,True
akita/kitaakita,163,Shiki,,Japanese;Izakaya (Japanese Style Tavern),izakaya,ta,True
akita/kitaakita,164,Hinaitorikko Honke,,Japanese,japanese,ta,True
akita/kitaakita,165,Sobatokoroikedaya,,Japanese;Japanese - Other ,japanese,ta,True
akita/kitaakita,166,Kempoku Club,,International,other,none,False
akita/kitaakita,167,Korakuen Aeon Town Takanosu,,,other,none,False
akita/kitaakita,168,Snack Sushi Yonaisawa,,Japanese;Sushi,seafood,ta,True
akita/kitaakita,169,Sakura,,Japanese;Japanese - Other ,japanese,ta,True
akita/kitaakita,170,Fujii Shokudo,,Japanese;International;Japanese - Other ,japanese,ta,True
akita/kitaakita,171,Mugi No Uta,,Cafe,cafe,ta,True
akita/kitaakita,172,Topaz,,Cafe,cafe,ta,True
akita/kitaakita,173,Water Moon,,Seafood;International,seafood,ta,True
akita/kitaakita,174,Akira,,Barbecue,meat,ta,True
akita/kitaakita,175,Ramen Tampopo,,,other,none,False
akita/kitaakita,176,Tsunagi,,International,other,none,False
akita/kitaakita,177,Katsuraya,,Japanese,japanese,ta,True
akita/kitaakita,178,Kappo Satoshi,,Japanese;Kappo,japanese,ta,True
akita/kitaakita,179,Nari Sushi,,Japanese;Sushi,seafood,ta,True
akita/kitaakita,180,Hotto Station Katarube,,Japanese;International;Japanese - Other ,japanese,ta,True
akita/kitaakita,181,Kurabu Sushi,,Japanese;Sushi,seafood,ta,True
akita/kitaakita,182,Polan Cafe,,,other,none,False
akita/kitaakita,183,Konsho,,Japanese,japanese,ta,True
akita/kitaakita,184,Nagomi,,Japanese,japanese,ta,True
akita/kitaakita,185,Maeda Dininig Room,,Japanese,japanese,ta,True
akita/kitaakita,186,Notoya,,Japanese;Seafood;Grill,seafood,ta,True
akita/kitaakita,187,Restaurant Hokuo,,,other,none,False
akita/kitaakita,188,Restaurant Shiraito,,,other,none,False
akita/kitaakita,189,Leon,,Cafe,cafe,ta,True
akita/kitaakita,190,Cafe Flat,,Cafe,cafe,ta,True
akita/kitaakita,191,Danke,,Cafe,cafe,ta,True
akita/kitaakita,192,Lira,,Cafe,cafe,ta,True
akita/kitaakita,193,Olivia,,Cafe,cafe,ta,True
akita/kitaakita,194,Funaichi,,Japanese;Japanese - Other ,japanese,ta,True
akita/kitaakita,195,Jun,,Japanese,japanese,ta,True
akita/kitaakita,196,Ekimae Cafe Kumaderia,,Fusion,other,none,False
akita/kitaakita,197,Mawaru Goku Sushi,,Japanese;Seafood;Sushi;Japanese - Other ,seafood,ta,True
akita/kitaakita,198,Yusanko,,Japanese;International;Japanese - Other ,japanese,ta,True
akita/kitaakita,199,Matsuya,,Japanese;Izakaya (Japanese Style Tavern),izakaya,ta,True
akita/kitaakita,200,Gio,,,other,none,False
akita/kitaakita,201,Akita Kumagerakai,,,other,none,False
akita/kitaakita,202,Agri House,,,other,none,False
akita/kitaakita,203,Tsugaruya Shokudo,,Asian,chinese,ta,True
akita/kitaakita,204,Yamada Pastry,,,other,none,False
akita/kitaakita,205,Ajimi,,Japanese;Japanese - Other ,japanese,ta,True
akita/kitaakita,206,Kinryu Sushi,,Sushi,seafood,ta,True
akita/kitaakita,207,レストパークしらかみ,,Japanese;International;Japanese - Other ,japanese,ta,True
akita/kitaakita,208,Kyoko,,Japanese;Japanese - Other ,japanese,ta,True
akita/kitaakita,209,Chuo Shokudo,,Japanese,japanese,ta,True
akita/kitaakita,210,Teruchan Shokudo,,Japanese;International;Japanese - Other ,japanese,ta,True
akita/kitaakita,211,Maido,,Japanese,japanese,ta,True
akita/kitaakita,212,Himawari Shokudo,,Japanese;International;Japanese - Other ,japanese,ta,True
akita/kitaakita,213,Kombo,,Japanese,japanese,ta,True
akita/kitaakita,214,Koyo,,Japanese,japanese,ta,True
akita/kitaakita,215,Sushi Gin,,Japanese;Seafood;Sushi;Japanese - Other ,seafood,ta,True
akita/kitaakita,216,Hisago Zushi,,Japanese;Seafood;Sushi;Japanese - Other ,seafood,ta,True
akita/kitaakita,217,Miki Shokudo Ginza Dori,,Japanese;International;Sushi;Japanese - Other ,seafood,ta,True
akita/kitaakita,218,Kuroneko,,International,other,none,False
akita/kitaakita,219,Ofukuro No Aji Shoko,,Japanese,japanese,ta,True
akita/kitaakita,220,Kenpoku Club,,Japanese,japanese,ta,True
akita/kitaakita,221,Friends,,,other,none,False
akita/kitaakita,222,Genkiya Takanosu,,Asian,chinese,ta,True
akita/kitaakita,223,Aa Izakaya Sakura,,Japanese;Izakaya (Japanese Style Tavern),izakaya,ta,True
akita/kitaakita,224,Shushokuya Isshin,,Izakaya (Japanese Style Tavern),izakaya,ta,True
akita/kitaakita,225,Genki Yakiniku Bekochan Takanosu,,Barbecue,meat,ta,True
akita/kitaakita,226,Taira Shokudo,,Japanese,japanese,ta,True
akita/kitaakita,227,Ramen Furusato,,,other,none,False
akita/kitaakita,228,Kyushu Ramen Hakata,,,other,none,False
akita/kitaakita,229,Izakaya Kita No Mangetsu,,Japanese;Izakaya (Japanese Style Tavern),izakaya,ta,True
akita/kitaakita,230,Izakaya Kasuga,,Japanese;Izakaya (Japanese Style Tavern),izakaya,ta,True
akita/kitaakita,231,Izakaya Emi,,Japanese;Izakaya (Japanese Style Tavern),izakaya,ta,True
akita/kitaakita,232,Izakaya Botchan,,Japanese;Izakaya (Japanese Style Tavern),izakaya,ta,True
akita/kitaakita,233,Matchan,,Japanese;Izakaya (Japanese Style Tavern),izakaya,ta,True
akita/kitaakita,234,Cendrillon,,,other,none,False
akita/kitaakita,235,ふじよし,,,other,none,False
akita/kosaka,1,十和田湖マリンブルー,カフェ,,cafe,tb,True
akita/kosaka,2,奈良岡屋,日本料理、食堂、ラーメン,,japanese,tb,True
akita/kosaka,3,十和田プリンスホテル メインダイニング,フレンチ,,european,tb,True
akita/kosaka,4,レストラン 青銅館,洋食、カレー,,european,tb,True
akita/kosaka,5,岩蕗,食堂、海鮮,,casual,tb,True
akita/kosaka,6,レストラン真木,郷土料理、ホテル,,japanese,tb,True
akita/kosaka,7,道の駅 十和田湖,道の駅,,other,none,False
akita/kosaka,8,あかしあ亭,カフェ、洋食,,cafe,tb,True
akita/kosaka,9,とんかつ栗平,かつ丼、食堂、麺類,,meat,tb,True
akita/kosaka,10,滝の茶屋 孫左衛門,食堂、スイーツ、その他,,casual,tb,True
akita/kosaka,11,伊勢家 大昌園,焼肉、ラーメン、丼,,meat,tb,True
akita/kosaka,12,小坂町赤煉瓦倶楽部,パン、スイーツ,,sweets,tb,True
akita/kosaka,13,桃豚直売所 こもも 小坂店,弁当、豚料理,,casual,tb,True
akita/kosaka,14,ホテル 小坂ゴールドパレス,ホテル,,other,none,False
akita/kosaka,15,とわだこ遊月,ホテル,,other,none,False
akita/kosaka,16,ホルモン幸楽 小坂店,ホルモン、焼肉、ラーメン,,meat,tb,True
akita/kosaka,17,わいわい,親子丼、きりたんぽ、麺類,,casual,tb,True
akita/kosaka,18,ドライブイン下野,レストラン,,other,none,False
akita/kosaka,19,居酒屋 瀧觀,居酒屋、ホルモン,,izakaya,tb,True
akita/kosaka,20,飯屋 MAGO,ラーメン、食堂,,noodles,tb,True
akita/kosaka,21,ハートランドマーケット,カフェ,,cafe,tb,True
akita/kosaka,22,康楽館,カフェ、麺類,,cafe,tb,True
akita/kosaka,23,Enjoyとわだこ,カフェ,,cafe,tb,True
akita/kosaka,24,小坂鉄道レールパーク,その他,,other,none,False
akita/kosaka,25,奥入瀬,創作料理,,japanese,tb,True
akita/kosaka,26,ファミリーマート 秋田小坂町店,コンビニ・スーパー,,daily,tb,True
akita/kosaka,27,こさか七滝,道の駅,,other,none,False
akita/kosaka,28,LAWSON 小坂町店,コンビニ・スーパー,,daily,tb,True
akita/kosaka,29,マックスバリュ 小坂店,コンビニ・スーパー,,daily,tb,True
akita/kosaka,30,WEST SHORE'S GREEN CAFE,カフェ,,cafe,tb,True
akita/kosaka,31,ミートとだ,肉料理、洋菓子,,meat,tb,True
akita/kosaka,32,CAFE ふれあい TORIKAGO,その他,,other,none,False
akita/kosaka,33,大衆酒場まんまる,居酒屋,,izakaya,tb,True
akita/kosaka,34,Marine Blue,,,other,none,False
akita/kosaka,35,Lobby Lounge,,Cafe,cafe,ta,True
akita/kosaka,36,Toge No Chaya,,Japanese,japanese,ta,True
akita/kosaka,37,Hormone Kouraku Kosaka,,Japanese;Barbecue,meat,ta,True
akita/kosaka,38,Heartland Market,,,other,none,False
akita/kosaka,39,Iwabuki,,Japanese,japanese,ta,True
akita/kosaka,40,Main Dining Room,,French,european,ta,True
akita/kosaka,41,Private Garden,,,other,none,False
akita/kosaka,42,Naraokaya,,Japanese;Japanese - Traditional Cuisine;Japanese - Other ,japanese,ta,True
akita/kosaka,43,Kosakamachi Akarenga Club,,Cafe,cafe,ta,True
akita/kosaka,44,Akashiatei,,Fusion,other,none,False
akita/kosaka,45,Iseya Daisyoen,,Japanese,japanese,ta,True
akita/kosaka,46,Shop Omori,,Japanese;International;Japanese - Other ,japanese,ta,True
akita/kosaka,47,Chichiya,,Japanese;International;Japanese - Other ,japanese,ta,True
akita/kosaka,48,十和田湖レークビューホテル,,Fusion,other,none,False
akita/kosaka,49,Original,,,other,none,False
akita/kosaka,50,岩谷菓子店,,,other,none,False
akita/kosaka,51,Izakaya Imachan,,Izakaya (Japanese Style Tavern),izakaya,ta,True
akita/kosaka,52,Tomarigi,,Izakaya (Japanese Style Tavern),izakaya,ta,True
akita/kosaka,53,Hidemaru Sushi,,Japanese;Sushi,seafood,ta,True
akita/kosaka,54,Kasho Nagaido,,,other,none,False
akita/kosaka,55,Tonkatsu Kurihira,,Japanese;Japanese - Other ,japanese,ta,True
akita/kosaka,56,Momotaro,,Izakaya (Japanese Style Tavern),izakaya,ta,True
akita/misato-05434,1,麺屋 にぼすけ 美郷店,ラーメン、つけ麺,,noodles,tb,True
akita/misato-05434,2,麺屋 はじめ,ラーメン,,noodles,tb,True
akita/misato-05434,3,ゴマシオキッチン,カフェ、ケーキ,,cafe,tb,True
akita/misato-05434,4,みさとのごはん,食堂,,casual,tb,True
akita/misato-05434,5,げんぱてい,海鮮、居酒屋、食堂,,seafood,tb,True
akita/misato-05434,6,道の駅 美郷,道の駅,,other,none,False
akita/misato-05434,7,TiG misato,ジェラート・アイスクリーム、カフェ,,sweets,tb,True
akita/misato-05434,8,タイ スパイシー,タイ料理,,chinese,tb,True
akita/misato-05434,9,ラ・カンパーニュ,フレンチ、洋食,,european,tb,True
akita/misato-05434,10,ろくごうドライブイン,食堂、ラーメン,,casual,tb,True
akita/misato-05434,11,みさとのふうど,ソフトクリーム、ドーナツ、おにぎり,,sweets,tb,True
akita/misato-05434,12,トラットリア　のど,イタリアン、ワインバー、バー,,european,tb,True
akita/misato-05434,13,亀太郎,ケーキ、和菓子,,sweets,tb,True
akita/misato-05434,14,ニテコ名水庵 Kuraカフェ,カフェ,,cafe,tb,True
akita/misato-05434,15,cafe gleam,カフェ、パンケーキ,,cafe,tb,True
akita/misato-05434,16,秋田の郷 アイユくろまる,和菓子、ケーキ、喫茶店,,sweets,tb,True
akita/misato-05434,17,てまり和風味処,食堂、寿司、そば,,casual,tb,True
akita/misato-05434,18,本間菓子店,たい焼き・大判焼き、お好み焼き、かき氷,,sweets,tb,True
akita/misato-05434,19,カフェ モックル,カフェ、日本料理、パスタ,,cafe,tb,True
akita/misato-05434,20,ラーメン 石乃黒,ラーメン,,noodles,tb,True
akita/misato-05434,21,ラーメンショップ 仙南店,ラーメン,,noodles,tb,True
akita/misato-05434,22,若清水,ラーメン、そば、うどん,,noodles,tb,True
akita/misato-05434,23,千畑温泉サン・アール,その他,,other,none,False
akita/misato-05434,24,CAFE Lopo,カフェ、ヨーロッパ料理,,cafe,tb,True
akita/misato-05434,25,峰越食堂,ジンギスカン、ラーメン,,meat,tb,True
akita/misato-05434,26,味の駅,食堂,,casual,tb,True
akita/misato-05434,27,網走ラーメン,ラーメン,,noodles,tb,True
akita/misato-05434,28,八永南部家敷 六郷店,天ぷら、そば、うなぎ,,japanese,tb,True
akita/misato-05434,29,やぶ茂,麺類,,noodles,tb,True
akita/misato-05434,30,食堂 ふくはら屋,食堂,,casual,tb,True
akita/misato-05434,31,ミロクキッチン,食堂、カレー,,casual,tb,True
akita/misato-05434,32,りんりん亭,麺類、ラーメン,,noodles,tb,True
akita/misato-05434,33,油そば専門店 Holmes,油そば・まぜそば,,noodles,tb,True
akita/misato-05434,34,米サラダハウス,フレンチ,,european,tb,True
akita/misato-05434,35,合名会社 栗林酒造店,その他,,other,none,False
akita/misato-05434,36,とし美寿司,寿司,,seafood,tb,True
akita/misato-05434,37,カフェ バンガロー,カフェ,,cafe,tb,True
akita/misato-05434,38,高良酒屋,その他,,other,none,False
akita/misato-05434,39,花fe'香fe',カフェ,,cafe,tb,True
akita/misato-05434,40,やまちょう,喫茶店、居酒屋,,cafe,tb,True
akita/misato-05434,41,ニテコ名水庵,郷土料理,,japanese,tb,True
akita/misato-05434,42,ブラボー笑店 呑呑,ラーメン、居酒屋,,noodles,tb,True
akita/misato-05434,43,ラーメンとん太 美郷店,ラーメン,,noodles,tb,True
akita/misato-05434,44,吉田や,食堂、日本料理、弁当,,casual,tb,True
akita/misato-05434,45,ほっかほっか亭 六郷,弁当,,casual,tb,True
akita/misato-05434,46,お菓子のくろまる 本店,和菓子、ケーキ,,sweets,tb,True
akita/misato-05434,47,名水市場 湧太郎,その他,,other,none,False
akita/misato-05434,48,セブンイレブン 美郷土崎店,コンビニ・スーパー,,daily,tb,True
akita/misato-05434,49,ヤマダフーズ,その他,,other,none,False
akita/misato-05434,50,お食事処 雁の里,食堂、郷土料理,,casual,tb,True
akita/misato-05434,51,KOPAN,パン,,sweets,tb,True
akita/misato-05434,52,お菓子のまゆみ,ケーキ、和菓子,,sweets,tb,True
akita/misato-05434,53,美郷屋,その他,,other,none,False
akita/misato-05434,54,セブンイレブン 六郷バイパス店,コンビニ・スーパー,,daily,tb,True
akita/misato-05434,55,BAR from A.,バー,,izakaya,tb,True
akita/misato-05434,56,あい食堂,食堂、麺類、丼,,casual,tb,True
akita/misato-05434,57,無双,居酒屋,,izakaya,tb,True
akita/misato-05434,58,コニーズ,カフェ、薬膳,,cafe,tb,True
akita/misato-05434,59,まごころ弁当 美郷店,弁当,,casual,tb,True
akita/misato-05434,60,手づくり工房 湧子ちゃん 直売コーナー,その他,,other,none,False
akita/misato-05434,61,Mt.Blue,カフェ,,cafe,tb,True
akita/misato-05434,62,美郷パン工房,パン,,sweets,tb,True
akita/misato-05434,63,AX 六郷店,コンビニ・スーパー,,daily,tb,True
akita/misato-05434,64,食楽館 喰いしん房,食堂、居酒屋,,casual,tb,True
akita/misato-05434,65,Temari Japancese Style Restaurant,,Japanese;International;Japanese - Other ,japanese,ta,True
akita/misato-05434,66,Niteko Meisuian,,International,other,none,False
akita/misato-05434,67,Genpatey,,Seafood,seafood,ta,True
akita/misato-05434,68,Nibosuke Hompo,,,other,none,False
akita/misato-05434,69,Ramen Shinsengumi,,Chinese,chinese,ta,True
akita/misato-05434,70,Gomashio Kitchen,,Cafe,cafe,ta,True
akita/misato-05434,71,Tezukuri Kobo Yukochan,,Cafe,cafe,ta,True
akita/misato-05434,72,Rokugo Drive In,,Japanese;International;Japanese - Other ,japanese,ta,True
akita/misato-05434,73,Hosuke Rokugo,,,other,none,False
akita/misato-05434,74,Ebisu,,Japanese;Izakaya (Japanese Style Tavern),izakaya,ta,True
akita/misato-05434,75,La Campagne,,French,european,ta,True
akita/misato-05434,76,Yabushige,,Japanese;Japanese - Other ,japanese,ta,True
akita/misato-05434,77,Antique Coffee Yamamoto,,Cafe,cafe,ta,True
akita/misato-05434,78,Aliran Korean Restaurant,,Asian;Korean,chinese,ta,True
akita/misato-05434,79,Togashi,,Japanese - Traditional Cuisine,other,none,False
akita/misato-05434,80,Karaoke Rock N Go,,International,other,none,False
akita/misato-05434,81,Sokushimizu Chaya,,Japanese;International;Japanese - Other ,japanese,ta,True
akita/misato-05434,82,Rinrin Tei,,Japanese;Japanese - Other ,japanese,ta,True
akita/misato-05434,83,Yasushi,,Japanese;Sushi,seafood,ta,True
akita/misato-05434,84,Family Restaurant Katsu An,,International,other,none,False
akita/misato-05434,85,Yakitoritorisen,,Japanese;Japanese - Other ,japanese,ta,True
akita/misato-05434,86,Yoshino Sushi,,Japanese;Seafood;Sushi;Japanese - Other ,seafood,ta,True
akita/misato-05434,87,Benkei,,Japanese;International;Japanese - Other ,japanese,ta,True
akita/misato-05434,88,Kappo Wakamatsu,,Japanese;Kappo,japanese,ta,True
akita/misato-05434,89,ノエル・ジョワイユー,,International;Fusion,other,none,False
akita/misato-05434,90,グリーンロード,,Chinese,chinese,ta,True
akita/misato-05434,91,とん亭,,Japanese;International;Japanese - Other ,japanese,ta,True
akita/misato-05434,92,Cafe Doran,,,other,none,False
akita/misato-05434,93,Cafe Cafe,,,other,none,False
akita/misato-05434,94,Fujii Mochiya,,,other,none,False
akita/misato-05434,95,Hanakano,,,other,none,False
akita/misato-05434,96,Ouraiken,,,other,none,False
akita/misato-05434,97,Domo,,,other,none,False
akita/misato-05434,98,Yu Channo Sato,,,other,none,False
akita/misato-05434,99,Ramen Shokudo,,,other,none,False
akita/misato-05434,100,Itoya Pastry,,,other,none,False
akita/misato-05434,101,Yoridokro Ikko,,Izakaya (Japanese Style Tavern),izakaya,ta,True
akita/misato-05434,102,Mayumi Pastry,,,other,none,False
akita/misato-05434,103,Kuromaru Confectionery,,,other,none,False
akita/misato-05434,104,Takakyu Pastry,,,other,none,False
akita/misato-05434,105,Odanaga Confectionery,,,other,none,False
akita/misato-05434,106,Muso,,Japanese,japanese,ta,True
akita/misato-05434,107,Gou,,Japanese;Pub;Izakaya (Japanese Style Tavern),izakaya,ta,True
akita/mitane,1,はまぐり食堂,食堂、ラーメン,,casual,tb,True
akita/mitane,2,みたねの石窯 ピエーノディソーレ,ピザ、喫茶店、ケーキ,,european,tb,True
akita/mitane,3,道の駅 ことおか,道の駅,,other,none,False
akita/mitane,4,中華レストラン 東東,中華料理、ラーメン、カフェ,,chinese,tb,True
akita/mitane,5,じゅんさいの館,そば、うどん、郷土料理,,noodles,tb,True
akita/mitane,6,レストラン きらめき,レストラン,,other,none,False
akita/mitane,7,秋田森岳温泉36ゴルフ場,レストラン,,other,none,False
akita/mitane,8,たかいし野,食堂,,casual,tb,True
akita/mitane,9,紀龍,ラーメン、餃子,,noodles,tb,True
akita/mitane,10,あすか,食堂、洋食,,casual,tb,True
akita/mitane,11,森岳温泉 ゆうぱる,ホテル,,other,none,False
akita/mitane,12,ドラゴンフレッシュセンター,その他,,other,none,False
akita/mitane,13,ハーベリー,洋食,,european,tb,True
akita/mitane,14,かわい農場　直売所,その他,,other,none,False
akita/mitane,15,ブローニュの森,ケーキ、喫茶店、和菓子,,sweets,tb,True
akita/mitane,16,Terra Cafe,カフェ、バー,,cafe,tb,True
akita/mitane,17,奥の細道,居酒屋,,izakaya,tb,True
akita/mitane,18,ラーメン哲學,ラーメン,,noodles,tb,True
akita/mitane,19,南秋屋,寿司,,seafood,tb,True
akita/mitane,20,PETIT BATEAU,カフェ,,cafe,tb,True
akita/mitane,21,ふじ食堂,食堂,,casual,tb,True
akita/mitane,22,福田屋,寿司,,seafood,tb,True
akita/mitane,23,味幸,ラーメン,,noodles,tb,True
akita/mitane,24,お菓子工房 ボナー,洋菓子,,sweets,tb,True
akita/mitane,25,八竜産直センター メロディアン,その他,,other,none,False
akita/mitane,26,海の家 壱番館 ワイキキ,レストラン,,other,none,False
akita/mitane,27,メルシィ,パン、ケーキ,,sweets,tb,True
akita/mitane,28,わにさん弁当,弁当,,casual,tb,True
akita/mitane,29,お菓子工房 スフレ,スイーツ,,sweets,tb,True
akita/mitane,30,珈琲 壱番館,ラーメン、喫茶店、食堂,,noodles,tb,True
akita/mitane,31,タモリ,その他,,other,none,False
akita/mitane,32,ファミリーマート 三種八竜店,コンビニ・スーパー,,daily,tb,True
akita/mitane,33,テラタ 八竜店,コンビニ・スーパー,,daily,tb,True
akita/mitane,34,小夢,居酒屋,,izakaya,tb,True
akita/mitane,35,テラタ 鹿渡店,コンビニ・スーパー,,daily,tb,True
akita/mitane,36,おんちゃこ,居酒屋、きりたんぽ、海鮮,,izakaya,tb,True
akita/mitane,37,韓味,韓国料理、食堂、洋食,,chinese,tb,True
akita/mitane,38,よい門,居酒屋,,izakaya,tb,True
akita/mitane,39,かおん,食堂,,casual,tb,True
akita/mitane,40,結いの里　がっふぇ,カフェ,,cafe,tb,True
akita/mitane,41,愛,焼き鳥,,meat,tb,True
akita/mitane,42,Hamaguri Canteen,,Japanese;International;Japanese - Other ,japanese,ta,True
akita/mitane,43,Tonton,,Chinese,chinese,ta,True
akita/mitane,44,Michinoekikotoka,,,other,none,False
akita/mitane,45,Herberry,,International,other,none,False
akita/mitane,46,Miko,,,other,none,False
akita/mitane,47,Akita Moritake Onsen 36 Golf Jo Restaurant,,Japanese - Other ,japanese,ta,True
akita/mitane,48,Kushi Ken,,Chinese,chinese,ta,True
akita/mitane,49,Restaurant Takaishino,,Japanese;International;Japanese - Other ,japanese,ta,True
akita/mitane,50,とんちゃん,,Barbecue,meat,ta,True
akita/mitane,51,Wataboshi,,Fast Food,casual,ta,True
akita/mitane,52,Harumi,,Japanese;Sushi,seafood,ta,True
akita/mitane,53,Men Ya Kurako,,,other,none,False
akita/mitane,54,Fuji Dininig Room,,Japanese;International;Japanese - Other ,japanese,ta,True
akita/mitane,55,Sakagura Namazu,,Japanese,japanese,ta,True
akita/mitane,56,さかた,,International,other,none,False
akita/mitane,57,Fujitake,,Japanese;International;Japanese - Other ,japanese,ta,True
akita/mitane,58,Hiko Sushi,,Japanese;Seafood;Sushi;Japanese - Other ,seafood,ta,True
akita/mitane,59,Sushi Hide,,Sushi,seafood,ta,True
akita/mitane,60,Hitoyoshi,,,other,none,False
akita/mitane,61,Yamabiko,,Japanese,japanese,ta,True
akita/mitane,62,Izakaya Mizubo,,Japanese;Izakaya (Japanese Style Tavern),izakaya,ta,True
akita/nikaho,1,Remede nikaho,フレンチ,,european,tb,True
akita/nikaho,2,湯の台食堂,ラーメン、油そば・まぜそば,,noodles,tb,True
akita/nikaho,3,土田牧場 ミルクハウス,ジェラート・アイスクリーム、バーベキュー,,sweets,tb,True
akita/nikaho,4,家満喜屋,焼肉,,meat,tb,True
akita/nikaho,5,じげん,ラーメン,,noodles,tb,True
akita/nikaho,6,華月,ラーメン、餃子,,noodles,tb,True
akita/nikaho,7,キッチン さかなやさん,海鮮,,seafood,tb,True
akita/nikaho,8,すし屋の中川,寿司、海鮮丼,,seafood,tb,True
akita/nikaho,9,園食堂,食堂、ラーメン,,casual,tb,True
akita/nikaho,10,（有）渥美菓子店,和菓子,,sweets,tb,True
akita/nikaho,11,猫間珈琲,カフェ,,cafe,tb,True
akita/nikaho,12,123,中華料理、ラーメン、食堂,,chinese,tb,True
akita/nikaho,13,お食事処 縁司,食堂、居酒屋,,casual,tb,True
akita/nikaho,14,まさえんzero,ピザ,,european,tb,True
akita/nikaho,15,ケーエヌシーダイナー,ハンバーガー,,casual,tb,True
akita/nikaho,16,新よし,海鮮,,seafood,tb,True
akita/nikaho,17,道の駅 象潟 ねむの丘,道の駅,,other,none,False
akita/nikaho,18,みや蔵,ラーメン、カフェ,,noodles,tb,True
akita/nikaho,19,稲倉山荘,麺類、牛丼、ラーメン,,noodles,tb,True
akita/nikaho,20,レストラン眺海,海鮮、食堂、海鮮丼,,seafood,tb,True
akita/nikaho,21,にかほ陣屋 象潟店,海鮮,,seafood,tb,True
akita/nikaho,22,きさかたPIZZA,ピザ,,european,tb,True
akita/nikaho,23,ベーカリー&ビストロ CRUST,パン、ビストロ,,sweets,tb,True
akita/nikaho,24,小池菓子舗,ケーキ,,sweets,tb,True
akita/nikaho,25,高原スウィーツ ヴィラ,ジェラート・アイスクリーム、カフェ、ケーキ,,sweets,tb,True
akita/nikaho,26,笑福,居酒屋,,izakaya,tb,True
akita/nikaho,27,甘味処 金峰園,甘味処,,sweets,tb,True
akita/nikaho,28,韓国家庭料理 ソナム,韓国料理,,chinese,tb,True
akita/nikaho,29,魚や英 セカンドはうす,海鮮、食堂,,seafood,tb,True
akita/nikaho,30,海鮮処 魚吉,海鮮丼、海鮮、食堂,,seafood,tb,True
akita/nikaho,31,松永菓子舗,ケーキ、和菓子、かき氷,,sweets,tb,True
akita/nikaho,32,かねさん食堂,餃子、ラーメン、食堂,,chinese,tb,True
akita/nikaho,33,エスプレッソ オーブ,カフェ,,cafe,tb,True
akita/nikaho,34,博陽軒,中華料理,,chinese,tb,True
akita/nikaho,35,ホテルエクセルキクスイ,ホテル,,other,none,False
akita/nikaho,36,ねむの丘 物産館,ソフトクリーム、その他,,sweets,tb,True
akita/nikaho,37,食堂,食堂,,casual,tb,True
akita/nikaho,38,茶房 くにまつ,喫茶店,,cafe,tb,True
akita/nikaho,39,レストラン万葉,レストラン,,other,none,False
akita/nikaho,40,はまなす,ホテル,,other,none,False
akita/nikaho,41,カネトミ,焼き鳥,,meat,tb,True
akita/nikaho,42,ちや食堂,食堂,,casual,tb,True
akita/nikaho,43,New Amsterdam Bagel,ベーグル,,sweets,tb,True
akita/nikaho,44,土田水産,その他,,other,none,False
akita/nikaho,45,TDK歴史みらい館,その他,,other,none,False
akita/nikaho,46,ラ・ボンボニエール,フレンチ、洋食,,european,tb,True
akita/nikaho,47,台湾料理 昇旺閣,台湾料理,,chinese,tb,True
akita/nikaho,48,パティスリー シラカワ,ケーキ,,sweets,tb,True
akita/nikaho,49,粋匠庵,そば,,noodles,tb,True
akita/nikaho,50,さくら亭,海鮮、そば、郷土料理,,seafood,tb,True
akita/nikaho,51,たつみ寛洋ホテル,ホテル,,other,none,False
akita/nikaho,52,一の矢,とんかつ,,meat,tb,True
akita/nikaho,53,魚や英,食堂、海鮮、とんかつ,,casual,tb,True
akita/nikaho,54,まかないや,食堂、弁当,,casual,tb,True
akita/nikaho,55,Café 雨と犬,カフェ、イタリアン、ケーキ,,cafe,tb,True
akita/nikaho,56,中華飯店マサ苑,中華料理,,chinese,tb,True
akita/nikaho,57,ラ・カシェット 花花,カフェ,,cafe,tb,True
akita/nikaho,58,にかほ陣屋,その他,,other,none,False
akita/nikaho,59,北前,居酒屋,,izakaya,tb,True
akita/nikaho,60,ダイニングぶなの森,麺類、郷土料理,,noodles,tb,True
akita/nikaho,61,はまなす物産センター,その他,,other,none,False
akita/nikaho,62,珍満,中華料理,,chinese,tb,True
akita/nikaho,63,海老海,ラーメン,,noodles,tb,True
akita/nikaho,64,喜盛堂,かき氷,,sweets,tb,True
akita/nikaho,65,ブルーパーク,食堂,,casual,tb,True
akita/nikaho,66,鮨処二彩,寿司,,seafood,tb,True
akita/nikaho,67,上郷庵,そば,,noodles,tb,True
akita/nikaho,68,松田酒店,売店,,casual,tb,True
akita/nikaho,69,焼肉亭牛ちゃん,焼肉,,meat,tb,True
akita/nikaho,70,ケーキハウス・フレーズ,ケーキ,,sweets,tb,True
akita/nikaho,71,酌屋六三五,居酒屋,,izakaya,tb,True
akita/nikaho,72,ジュテーム,喫茶店、ラーメン、ケーキ,,cafe,tb,True
akita/nikaho,73,おさかな処 どうらく,海鮮,,seafood,tb,True
akita/nikaho,74,牧場レストラン ヨーデル,焼肉、ジンギスカン、カレー,,meat,tb,True
akita/nikaho,75,こぴあ おにぎり亭,おにぎり、そば、うどん,,casual,tb,True
akita/nikaho,76,寿司酒菜 五島,寿司、海鮮、海鮮丼,,seafood,tb,True
akita/nikaho,77,99terrace,カフェ,,cafe,tb,True
akita/nikaho,78,Aji-Q にかほ店,ラーメン,,noodles,tb,True
akita/nikaho,79,とんとんラーメン,ラーメン、つけ麺,,noodles,tb,True
akita/nikaho,80,ラーメン大学 平沢店,ラーメン,,noodles,tb,True
akita/nikaho,81,麺屋 はまやま,ラーメン、居酒屋,,noodles,tb,True
akita/nikaho,82,サンライズ,ラーメン、ソフトクリーム,,noodles,tb,True
akita/nikaho,83,割烹 淳,日本料理,,japanese,tb,True
akita/nikaho,84,創作料理 さいかち,創作料理,,japanese,tb,True
akita/nikaho,85,おらほの,おにぎり,,casual,tb,True
akita/nikaho,86,穂まれ,居酒屋,,izakaya,tb,True
akita/nikaho,87,エプロン惣菜,弁当,,casual,tb,True
akita/nikaho,88,Su Wu Lo,飲茶・点心,,other,none,False
akita/nikaho,89,幸月堂菓子舗,ケーキ,,sweets,tb,True
akita/nikaho,90,中華そば 肴 yamago にかほ店,ラーメン,,noodles,tb,True
akita/nikaho,91,キッチン森本,洋食,,european,tb,True
akita/nikaho,92,イルピアット,パスタ,,european,tb,True
akita/nikaho,93,伊の八ぶん店菓子舗,和菓子,,sweets,tb,True
akita/nikaho,94,やまぶき,居酒屋,,izakaya,tb,True
akita/nikaho,95,ひの屋,居酒屋,,izakaya,tb,True
akita/nikaho,96,百彩館,その他,,other,none,False
akita/nikaho,97,99glam,その他,,other,none,False
akita/nikaho,98,あきた商店,その他,,other,none,False
akita/nikaho,99,ガスト 象潟店,ファミレス,,casual,tb,True
akita/nikaho,100,すき家 7号にかほ店,牛丼、カレー、食堂,,casual,tb,True
akita/nikaho,101,よこやま,かき氷、和菓子,,sweets,tb,True
akita/nikaho,102,北前船,シーフード,,seafood,tb,True
akita/nikaho,103,金吉,その他、日本料理,,japanese,tb,False
akita/nikaho,104,まめ家,立ち食いそば、サンドイッチ,,noodles,tb,True
akita/nikaho,105,まちのシェアスペース TSUGUBAテラス SHOKUDO,食堂、カフェ,,casual,tb,True
akita/nikaho,106,農土香,レストラン,,other,none,False
akita/nikaho,107,カフェ イッキュウ,カフェ,,cafe,tb,True
akita/nikaho,108,土井食堂,食堂,,casual,tb,True
akita/nikaho,109,CAFE99 TSUKUMO,食堂,,casual,tb,True
akita/nikaho,110,キッチンひまわり,食堂,,casual,tb,True
akita/nikaho,111,だいちゃん,居酒屋,,izakaya,tb,True
akita/nikaho,112,カクテル・ジロー,バー,,izakaya,tb,True
akita/nikaho,113,お食事処 マサ苑,食堂,,casual,tb,True
akita/nikaho,114,くつろぎ茶屋芭蕉,レストラン,,other,none,False
akita/nikaho,115,ハルピン飯店,食堂,,casual,tb,True
akita/nikaho,116,お菓子のいとう,和菓子,,sweets,tb,True
akita/nikaho,117,番屋,居酒屋,,izakaya,tb,True
akita/nikaho,118,美松,レストラン,,other,none,False
akita/nikaho,119,米乃家 ねむの丘店,たい焼き・大判焼き、たこ焼き,,sweets,tb,True
akita/nikaho,120,456 STEAK,ステーキ、ハンバーグ,,meat,tb,True
akita/nikaho,121,元滝売店,カフェ,,cafe,tb,True
akita/nikaho,122,じゃ･ぱん ビフレにかほ店,パン,,sweets,tb,True
akita/nikaho,123,ホテル＆コテージ 潮さい,ホテル,,other,none,False
akita/nikaho,124,こがねちゃん弁当,弁当,,casual,tb,True
akita/nikaho,125,象潟製パン所,パン,,sweets,tb,True
akita/nikaho,126,yoidore,バー,,izakaya,tb,True
akita/nikaho,127,兄弟屋,その他,,other,none,False
akita/nikaho,128,あがりこ大王,野菜料理,,japanese,tb,True
akita/nikaho,129,ラモカフェ,カフェ,,cafe,tb,True
akita/nikaho,130,セブンイレブン 秋田にかほ象潟店,コンビニ・スーパー,,daily,tb,True
akita/nikaho,131,佐々木製菓,和菓子,,sweets,tb,True
akita/nikaho,132,ビフレ にかほ店,コンビニ・スーパー,,daily,tb,True
akita/nikaho,133,かにの店 カネタ水産,その他,,other,none,False
akita/nikaho,134,かみのゆ温泉,その他,,other,none,False
akita/nikaho,135,秋田BPOにかほキャンパス カフェテリア,カフェ、社員食堂,,cafe,tb,True
akita/nikaho,136,おにぎりのなごみ,おにぎり,,casual,tb,True
akita/nikaho,137,Casual Bar Y's,バー,,izakaya,tb,True
akita/nikaho,138,ホテルシティパレス,ホテル,,other,none,False
akita/nikaho,139,ミートショップ象潟,惣菜・デリ,,casual,tb,True
akita/nikaho,140,セブンイレブン にかほ平沢店,コンビニ・スーパー,,daily,tb,True
akita/nikaho,141,永田のハタハタすし,寿司,,seafood,tb,True
akita/nikaho,142,佐々木仕出し店,その他,,other,none,False
akita/nikaho,143,加藤食品,大福,,sweets,desc,False
akita/nikaho,144,珈琲豆工房 池田,カフェ,,cafe,tb,True
akita/nikaho,145,Roco,喫茶店,,cafe,tb,True
akita/nikaho,146,すし海道 にかほ店,寿司,,seafood,tb,True
akita/nikaho,147,LAWSON 象潟才の神店,コンビニ・スーパー,,daily,tb,True
akita/nikaho,148,割烹うまい,日本料理,,japanese,tb,True
akita/nikaho,149,カフェ&リラクゼーション トランス,カフェ,,cafe,tb,True
akita/nikaho,150,みずしまや,コンビニ・スーパー,,daily,tb,True
akita/nikaho,151,伊藤肉屋,その他,,other,none,False
akita/nikaho,152,あかりアジアンレストラン,インド料理,,curry,tb,True
akita/nikaho,153,Mt. Chokai Base,その他,,other,none,False
akita/nikaho,154,ダイニング居酒屋 家,居酒屋,,izakaya,tb,True
akita/nikaho,155,TIME,カフェ,,cafe,tb,True
akita/nikaho,156,ベーカリー MOUTON,パン,,sweets,tb,True
akita/nikaho,157,Kitchen Sakana Ya San,,Japanese;Seafood;Japanese - Other ,seafood,ta,True
akita/nikaho,158,Tsuchida Bokujo Restaurant Yodel,,Barbecue,meat,ta,True
akita/nikaho,159,Nemunoka,,Japanese;Seafood;Japanese - Other ,seafood,ta,True
akita/nikaho,160,Yachiyo Sushi,,Japanese;Seafood;Sushi;Japanese - Other ,seafood,ta,True
akita/nikaho,161,Sushiya no Nakagawa,,Japanese;Sushi,seafood,ta,True
akita/nikaho,162,Sasanoi,,Japanese;Seafood;Japanese - Other ,seafood,ta,True
akita/nikaho,163,Shionoya,,Japanese;Sushi;Fusion,seafood,ta,True
akita/nikaho,164,Jigen,,,other,none,False
akita/nikaho,165,Taiwanese Restaurant Shououkaku,,Taiwanese,other,none,False
akita/nikaho,166,Hotel Excel Kikusui Restaurant Manyo,,Japanese;International;Japanese - Other ,japanese,ta,True
akita/nikaho,167,Yakitori Kanetomi,,Japanese,japanese,ta,True
akita/nikaho,168,Miyazo,,,other,none,False
akita/nikaho,169,Ihara Jumpei,,,other,none,False
akita/nikaho,170,Family Restaurant 123 Hifumi,,Chinese;Japanese;International;Japanese sweets parlour;Dining bars,chinese,ta,True
akita/nikaho,171,Tsuchida Bokujo Milk House,,Fast Food,casual,ta,True
akita/nikaho,172,Ken Chan Ramen Kisakata,,,other,none,False
akita/nikaho,173,La Bonbonniere,,French,european,ta,True
akita/nikaho,174,Kagetsu,,,other,none,False
akita/nikaho,175,Sono Shokudo,,Japanese,japanese,ta,True
akita/nikaho,176,Inaho Dininig Room,,Japanese,japanese,ta,True
akita/nikaho,177,Sabo Kunimatsu,,Cafe,cafe,ta,True
akita/nikaho,178,Kappo Jun,,Japanese;Japanese - Traditional Cuisine;Kappo,japanese,ta,True
akita/nikaho,179,Ramen Takashima,,Asian,chinese,ta,True
akita/nikaho,180,Robatayaki Makoto,,Japanese;Seafood;Grill,seafood,ta,True
akita/nikaho,181,Kogetsudo Kashiho,,,other,none,False
akita/nikaho,182,Kamigo,,Japanese;Japanese - Other ,japanese,ta,True
akita/nikaho,183,Torimi,,Japanese,japanese,ta,True
akita/nikaho,184,Chiya Shokudo,,Asian,chinese,ta,True
akita/nikaho,185,Nakoma Coffee,,,other,none,False
akita/nikaho,186,Green Dolphin,,Cafe,cafe,ta,True
akita/nikaho,187,Cocktail Jiro,,Japanese,japanese,ta,True
akita/nikaho,188,Jazz and Cafe Relaxin,,Cafe,cafe,ta,True
akita/nikaho,189,Masaen,,Japanese;International;Japanese - Other ,japanese,ta,True
akita/nikaho,190,Yakiniku Dining Yamakiya,,Japanese,japanese,ta,True
akita/nikaho,191,Kanesan Shokudo,,Japanese;International;Japanese - Other ,japanese,ta,True
akita/nikaho,192,Kanekichi,,Japanese;Japanese - Traditional Cuisine,japanese,ta,True
akita/nikaho,193,Nodoka,,,other,none,False
akita/nikaho,194,Megumiaji,,,other,none,False
akita/nikaho,195,Magariya,,,other,none,False
akita/nikaho,196,Hana Marche Road Station Kisakata,,,other,none,False
akita/nikaho,197,Zigen,,Bar;Pub,izakaya,ta,True
akita/nikaho,198,Ramen Hokkaido,,,other,none,False
akita/nikaho,199,Kiraku,,Asian,chinese,ta,True
akita/nikaho,200,焼肉大将,,Barbecue,meat,ta,True
akita/nikaho,201,Kisakata Italian Green Dolphin,,Italian,european,ta,True
akita/nikaho,202,Teuchi Soba Rokubo,,Japanese;Japanese - Other ,japanese,ta,True
akita/nikaho,203,Yatai Tonton Ramen,,,other,none,False
akita/nikaho,204,Izakaya Shunkato,,Pub,izakaya,ta,True
akita/nikaho,205,Pasta Ya Limone,,,other,none,False
akita/nikaho,206,ビアン,,,other,none,False
akita/nikaho,207,Asian Restaurant Kanchanjunga Kang Chang Janga,,Asian,chinese,ta,True
akita/nikaho,208,Yume Kukan,,Japanese;International;Japanese - Other ,japanese,ta,True
akita/nikaho,209,Dining Umi,,Fusion,other,none,False
akita/nikaho,210,Komadori,,Fusion,other,none,False
akita/nikaho,211,Kumakoro,,Japanese;International;Japanese - Other ,japanese,ta,True
akita/nikaho,212,Cercle,,Japanese;Izakaya (Japanese Style Tavern),izakaya,ta,True
akita/nikaho,213,Shuzanso Drive In,,Japanese - Other ,japanese,ta,True
akita/nikaho,214,Akari Izakaya Togenkyo Nikaho,,Japanese;Izakaya (Japanese Style Tavern),izakaya,ta,True
akita/nikaho,215,Je T aime,,Cafe,cafe,ta,True
akita/nikaho,216,Sushi Kaido Kisakata,,Sushi,seafood,ta,True
akita/nikaho,217,Kanouya Kaigetsusou,,Seafood,seafood,ta,True
akita/nikaho,218,Yamasho,,Japanese;Japanese - Traditional Cuisine;Kappo,japanese,ta,True
akita/nikaho,219,Kisakata Bento,,Japanese,japanese,ta,True
akita/nikaho,220,Goshima,,Japanese;Seafood;Sushi;Japanese - Other ,seafood,ta,True
akita/nikaho,221,Tsuruokayazushi,,Japanese,japanese,ta,True
akita/nikaho,222,Tsuruokaya Yakitori,,Japanese,japanese,ta,True
akita/nikaho,223,Higuchi Syokudo,,Japanese;International;Japanese - Other ,japanese,ta,True
akita/nikaho,224,Nishiki,,Japanese;Sushi,seafood,ta,True
akita/nikaho,225,Jun Chan,,Japanese,japanese,ta,True
akita/nikaho,226,Shirayuki,,Japanese,japanese,ta,True
akita/nikaho,227,Akari,,Japanese,japanese,ta,True
akita/nikaho,228,Kappo Umai,,Japanese;Japanese - Traditional Cuisine;Kappo,japanese,ta,True
akita/nikaho,229,Shinka,,Chinese,chinese,ta,True
akita/nikaho,230,Kakitatsu,,Japanese,japanese,ta,True
akita/nikaho,231,Kinzushi,,Japanese;Seafood;Sushi;Japanese - Other ,seafood,ta,True
akita/nikaho,232,Gyutan Izakaya Kuranosuke,,Japanese;Barbecue;Japanese - Other ,meat,ta,True
akita/nikaho,233,Maruya,,Japanese,japanese,ta,True
akita/nikaho,234,Hanamizuki,,Japanese;Japanese - Traditional Cuisine,japanese,ta,True
akita/nikaho,235,Vin Verre,,Japanese,japanese,ta,True
akita/nikaho,236,Hotaru,,Japanese,japanese,ta,True
akita/nikaho,237,Daisen,,Japanese,japanese,ta,True
akita/nikaho,238, Shokudo,,Japanese;International;Japanese - Other ,japanese,ta,True
akita/nikaho,239,Grand Oma,,Japanese - Other ,japanese,ta,True
akita/nikaho,240,Chaya Falls,,,other,none,False
akita/nikaho,241,Yakinikutaisho,,Japanese,japanese,ta,True
akita/nikaho,242,Toramaru,,Japanese;Seafood;Japanese - Other ,seafood,ta,True
akita/nikaho,243,Sazanami,,Japanese;International;Japanese - Other ,japanese,ta,True
akita/nikaho,244,Cafe Honoka,,Cafe,cafe,ta,True
akita/nikaho,245,Kyo Kanoko,,Japanese,japanese,ta,True
akita/nikaho,246,Bar Peace,,,other,none,False
akita/nikaho,247,Kokomi,,,other,none,False
akita/nikaho,248,Izakaya Dining Hinoya,,Japanese;Izakaya (Japanese Style Tavern),izakaya,ta,True
akita/nikaho,249,Home,,Japanese;Izakaya (Japanese Style Tavern),izakaya,ta,True
akita/nikaho,250,Homare,,Japanese,japanese,ta,True
akita/nikaho,251,Haruban,,Izakaya (Japanese Style Tavern),izakaya,ta,True
akita/nikaho,252,Sake Dokoro Sakiko,,Japanese;Izakaya (Japanese Style Tavern),izakaya,ta,True
akita/nikaho,253,Ban Ya,,Japanese;Izakaya (Japanese Style Tavern),izakaya,ta,True
akita/nikaho,254,Ito Pastry,,,other,none,False
akita/nikaho,255,Inohachi Bunten Confectionery,,,other,none,False
akita/nikaho,256,Hara Had Snack,,,other,none,False
akita/nikaho,257,Harumi Shokudo,,,other,none,False
akita/nikaho,258,Cake House Michel,,,other,none,False
akita/nikaho,259,Shirakawakogetsudo,,,other,none,False
akita/nikaho,260,Wakana,,,other,none,False
akita/nikaho,261,Michikusa,,Japanese;Izakaya (Japanese Style Tavern),izakaya,ta,True
akita/nikaho,262,Fly S House Sanzaemon,,,other,none,False
akita/nikaho,263,居酒屋かりん,,Japanese;Izakaya (Japanese Style Tavern),izakaya,ta,True
akita/nikaho,264,Nishiya An,,,other,none,False
akita/nikaho,265,Kogen Villa,,,other,none,False
akita/nikaho,266,Koike Confectionery Konoura,,,other,none,False
akita/nikaho,267,Kaijin,,,other,none,False
akita/noshiro,1,ミキ寿司,寿司,,seafood,tb,True
akita/noshiro,2,十八番,ラーメン,,noodles,tb,True
akita/noshiro,3,酒どこ べらぼう,居酒屋、日本料理、郷土料理,,izakaya,tb,True
akita/noshiro,4,麺屋 もと,ラーメン,,noodles,tb,True
akita/noshiro,5,さくら亭,食堂、馬肉料理、そば,,casual,tb,True
akita/noshiro,6,koi koi 食堂,郷土料理,,japanese,tb,True
akita/noshiro,7,中川食堂,食堂、ラーメン、カレー,,casual,tb,True
akita/noshiro,8,お菓子のセキト,和菓子、ケーキ、ソフトクリーム,,sweets,tb,True
akita/noshiro,9,グリッシーニ 道の駅ふたつい,パン、ソフトクリーム,,sweets,tb,True
akita/noshiro,10,ミートファクトリー,ステーキ、ハンバーグ,,meat,tb,True
akita/noshiro,11,ボーネージュ,イタリアン,,european,tb,True
akita/noshiro,12,曙食堂,ラーメン、麺類,,noodles,tb,True
akita/noshiro,13,かあちゃん,食堂,,casual,tb,True
akita/noshiro,14,キッチンターブル,洋食,,european,tb,True
akita/noshiro,15,麺屋あさひ,ラーメン,,noodles,tb,True
akita/noshiro,16,福多珈琲 道の駅ふたつい店,カフェ、クレープ・ガレット,,cafe,tb,True
akita/noshiro,17,ラーメンショップ能代店,ラーメン,,noodles,tb,True
akita/noshiro,18,SUZUKI-YA,ケーキ,,sweets,tb,True
akita/noshiro,19,乃しろ庵 バイパス店,そば,,noodles,tb,True
akita/noshiro,20,道の駅 ふたつい きみまちの里,道の駅,,other,none,False
akita/noshiro,21,ラーメン水木,ラーメン,,noodles,tb,True
akita/noshiro,22,耀熙,中華料理,,chinese,tb,True
akita/noshiro,23,キッチン大山,食堂、ラーメン,,casual,tb,True
akita/noshiro,24,薪Cafe 木都,カフェ,,cafe,tb,True
akita/noshiro,25,かつれつ庵,とんかつ,,meat,tb,True
akita/noshiro,26,レストラン ジロー,ヨーロッパ料理、ステーキ、洋食,,european,tb,True
akita/noshiro,27,エーワンベーカリー,パン,,sweets,tb,True
akita/noshiro,28,炉ばたたむら,郷土料理、すっぽん、ろばた焼き,,japanese,tb,True
akita/noshiro,29,ケンズベーカリー,パン,,sweets,tb,True
akita/noshiro,30,甘味かふぇ ばりや,カフェ、甘味処、かき氷,,cafe,tb,True
akita/noshiro,31,ジジコーヒー,カフェ,,cafe,tb,True
akita/noshiro,32,立ち食いそば・うどん ナイトレトロ,立ち食いそば、うどん,,noodles,tb,True
akita/noshiro,33,十割蕎麦 田正,そば,,noodles,tb,True
akita/noshiro,34,おとも苑 食堂,食堂,,casual,tb,True
akita/noshiro,35,ラーメン 哲學,ラーメン,,noodles,tb,True
akita/noshiro,36,レストラン山の上,洋食,,european,tb,True
akita/noshiro,37,吾作 東能代店,ラーメン,,noodles,tb,True
akita/noshiro,38,たんぽぽ,食堂、ラーメン、麺類,,casual,tb,True
akita/noshiro,39,タウンホテルミナミ 柳町館,ホテル,,other,none,False
akita/noshiro,40,萬福食堂,ラーメン、中華料理,,noodles,tb,True
akita/noshiro,41,そばこまち,そば,,noodles,tb,True
akita/noshiro,42,乃しろ庵 向能代店,うどん、そば,,noodles,tb,True
akita/noshiro,43,からし亭,焼肉、居酒屋,,meat,tb,True
akita/noshiro,44,cafe & asobiba 4-6,カフェ,,cafe,tb,True
akita/noshiro,45,南部屋,日本料理,,japanese,tb,True
akita/noshiro,46,らぁ麺みずがめ食堂,ラーメン,,noodles,tb,True
akita/noshiro,47,桔梗屋,和菓子,,sweets,tb,True
akita/noshiro,48,ORION‐3,喫茶店,,cafe,tb,True
akita/noshiro,49,ホテルミナミ,ホテル,,other,none,False
akita/noshiro,50,吾作 能代本店,ラーメン,,noodles,tb,True
akita/noshiro,51,宝むらん,寿司、レストラン,,seafood,tb,True
akita/noshiro,52,コヘ カヘ,カフェ,,cafe,tb,True
akita/noshiro,53,らぁ麺　とさかや,ラーメン,,noodles,tb,True
akita/noshiro,54,大昌園 バイパス店,焼肉、ラーメン、居酒屋,,meat,tb,True
akita/noshiro,55,立食い蕎麦・うどん レトロ,立ち食いそば,,noodles,tb,True
akita/noshiro,56,大茂,食堂、ラーメン,,casual,tb,True
akita/noshiro,57,やきとりホッピーみなみ,焼き鳥、居酒屋,,meat,tb,True
akita/noshiro,58,万福食堂,食堂,,casual,tb,True
akita/noshiro,59,みき,中華料理,,chinese,tb,True
akita/noshiro,60,焼肉大同門 能代店,焼肉,,meat,tb,True
akita/noshiro,61,酒食彩宴 粋,居酒屋、ステーキ、海鮮,,izakaya,tb,True
akita/noshiro,62,喜多方ラーメン とし食堂 イオンタウン能代店,ラーメン,,noodles,tb,True
akita/noshiro,63,アールファクト,カフェ、洋食,,cafe,tb,True
akita/noshiro,64,リトルチャイナ,中華料理,,chinese,tb,True
akita/noshiro,65,大須賀食堂,食堂、ラーメン,,casual,tb,True
akita/noshiro,66,かねだ食堂,食堂、ラーメン,,casual,tb,True
akita/noshiro,67,カスミ,ケーキ,,sweets,tb,True
akita/noshiro,68,ぱんかふぇ すーる,カフェ、パン,,cafe,tb,True
akita/noshiro,69,木能実,スイーツ,,sweets,tb,True
akita/noshiro,70,ダルバール,インド料理、ネパール料理、インドカレー,,curry,tb,True
akita/noshiro,71,グリーンテラス,カフェ,,cafe,tb,True
akita/noshiro,72,立食い 近藤そば店,立ち食いそば、そば,,noodles,tb,True
akita/noshiro,73,居食屋　七菜,食堂、居酒屋,,casual,tb,True
akita/noshiro,74,ラーメンたつた,ラーメン,,noodles,tb,True
akita/noshiro,75,レストラン真珠,食堂,,casual,tb,True
akita/noshiro,76,手打そば処 弐八矢,そば,,noodles,tb,True
akita/noshiro,77,やま久,日本料理、郷土料理,,japanese,tb,True
akita/noshiro,78,大昌園 新橋店,焼肉,,meat,tb,True
akita/noshiro,79,あかねや水産 能代店,居酒屋,,izakaya,tb,True
akita/noshiro,80,ブルーベリー,洋食、パスタ、喫茶店,,european,tb,True
akita/noshiro,81,居酒屋 由,居酒屋,,izakaya,tb,True
akita/noshiro,82,今出川珈琲館,喫茶店,,cafe,tb,True
akita/noshiro,83,美唄そば大地 イオンタウン能代店,そば、焼き鳥、からあげ,,noodles,tb,True
akita/noshiro,84,弥生寿司 東能代店,寿司、揚げ物,,seafood,tb,True
akita/noshiro,85,スウィート カフェ ポム,ケーキ、洋菓子、カフェ,,sweets,tb,True
akita/noshiro,86,July's-b,バー,,izakaya,tb,True
akita/noshiro,87,とどう商店,惣菜・デリ、おにぎり,,casual,tb,True
akita/noshiro,88,パン小屋 ラント,パン,,sweets,tb,True
akita/noshiro,89,メルカート,レストラン,,other,none,False
akita/noshiro,90,らーめん しののめ屋,ラーメン,,noodles,tb,True
akita/noshiro,91,しのだ,中華料理,,chinese,tb,True
akita/noshiro,92,みのり,ラーメン、ソフトクリーム、餃子,,noodles,tb,True
akita/noshiro,93,どはち,売店,,casual,tb,True
akita/noshiro,94,ダイニングカフェ シャンティ,カフェ,,cafe,tb,True
akita/noshiro,95,鉄板空間 縁,居酒屋、弁当、ステーキ,,izakaya,tb,True
akita/noshiro,96,マッキーズ,パスタ、カフェ、ハンバーグ,,european,tb,True
akita/noshiro,97,越後屋,和菓子、ケーキ,,sweets,tb,True
akita/noshiro,98,ｄｉｎｉｎｇきいｍｏｎ,居酒屋,,izakaya,tb,True
akita/noshiro,99,きっちん福,日本料理,,japanese,tb,True
akita/noshiro,100,海鮮居酒屋 若大将 能代店,居酒屋,,izakaya,tb,True
akita/noshiro,101,あまみや菓子店,和菓子,,sweets,tb,True
akita/noshiro,102,ICY MOVING CLUB,ジェラート・アイスクリーム,,sweets,tb,True
akita/noshiro,103,いとく二ツ井ショッピングセンター,コンビニ・スーパー,,daily,tb,True
akita/noshiro,104,ニューグリーン,ホテル,,other,none,False
akita/noshiro,105,煮干しのつけ麺 東京 やま川,つけ麺,,noodles,tb,True
akita/noshiro,106,焼肉 Ya-man,焼肉、とんかつ,,meat,tb,True
akita/noshiro,107,Prima Cottage,ビストロ、カフェ,,european,tb,True
akita/noshiro,108,ａ．晩亭,レストラン,,other,none,False
akita/noshiro,109,旬彩の里 野兎,日本料理,,japanese,tb,True
akita/noshiro,110,RESTAURANT 7's knot,居酒屋,,izakaya,tb,True
akita/noshiro,111,ホッピーハウス 能紀,焼き鳥,,meat,tb,True
akita/noshiro,112,アクア,洋食,,european,tb,True
akita/noshiro,113,肴の市場 満月,居酒屋,,izakaya,tb,True
akita/noshiro,114,カフェ有右衛門,カフェ,,cafe,tb,True
akita/noshiro,115,おばさんカフェ 楽喜,カフェ,,cafe,tb,True
akita/noshiro,116,おがわ亭,居酒屋,,izakaya,tb,True
akita/noshiro,117,ボナール,パン,,sweets,tb,True
akita/noshiro,118,喫茶 ベル,喫茶店、麺類、食堂,,cafe,tb,True
akita/noshiro,119,こばーる 小林,居酒屋,,izakaya,tb,True
akita/noshiro,120,暖,喫茶店,,cafe,tb,True
akita/noshiro,121,水くま,居酒屋,,izakaya,tb,True
akita/noshiro,122,ナガハマコーヒー 能代店,カフェ,,cafe,tb,True
akita/noshiro,123,スターバックスコーヒー イオンタウン能代店,カフェ,,cafe,tb,True
akita/noshiro,124,麺職人 暖家,ラーメン,,noodles,tb,True
akita/noshiro,125,らぁめん元氣屋 能代店,ラーメン,,noodles,tb,True
akita/noshiro,126,煮込屋,焼肉,,meat,tb,True
akita/noshiro,127,キッチンめぐみ,レストラン,,other,none,False
akita/noshiro,128,たけ馬,居酒屋,,izakaya,tb,True
akita/noshiro,129,千両やすだ,レストラン,,other,none,False
akita/noshiro,130,ホルモンあらた,ホルモン、焼肉,,meat,tb,True
akita/noshiro,131,やすこちゃんフーズ,弁当、食堂、からあげ,,casual,tb,True
akita/noshiro,132,みなや,弁当、居酒屋,,casual,tb,True
akita/noshiro,133,savoy,居酒屋,,izakaya,tb,True
akita/noshiro,134,酒場 わらく,居酒屋,,izakaya,tb,True
akita/noshiro,135,Magic Hour Coffee,コーヒースタンド,,cafe,tb,True
akita/noshiro,136,かふく亭,居酒屋、日本料理,,izakaya,tb,True
akita/noshiro,137,蔵前寿司,寿司,,seafood,tb,True
akita/noshiro,138,カフェ&キッチン メルシー39,カフェ、食堂,,cafe,tb,True
akita/noshiro,139,缶酒場ちょいちょい,居酒屋,,izakaya,tb,True
akita/noshiro,140,窯焼きピッツァあさがや,ピザ、イタリアン,,european,tb,True
akita/noshiro,141,VAMOS,食堂,,casual,tb,True
akita/noshiro,142,ハックルベリー,バー,,izakaya,tb,True
akita/noshiro,143,はま寿司 7号能代店,回転寿司,,seafood,tb,True
akita/noshiro,144,マクドナルド ７号線能代店,ハンバーガー,,casual,tb,True
akita/noshiro,145,トレンタ  能代店,イタリアン,,european,tb,True
akita/noshiro,146,ささがわ食堂,ラーメン、食堂,,noodles,tb,True
akita/noshiro,147,サーティワンアイスクリーム イオンタウン能代店,ジェラート・アイスクリーム,,sweets,tb,True
akita/noshiro,148,横浜担々麺 白竜 イオンタウン能代店,ラーメン,,noodles,tb,True
akita/noshiro,149,料亭魚松,日本料理,,japanese,tb,True
akita/noshiro,150,グルマン,ダイニングバー,,izakaya,tb,True
akita/noshiro,151,吾妻寿司,寿司,,seafood,tb,True
akita/noshiro,152,前田屋,食堂,,casual,tb,True
akita/noshiro,153,びや樽,居酒屋,,izakaya,tb,True
akita/noshiro,154,くつろぎ,居酒屋,,izakaya,tb,True
akita/noshiro,155,ひうら,お好み焼き,,casual,tb,True
akita/noshiro,156,和風れすとらん都亭,日本料理、郷土料理,,japanese,tb,True
akita/noshiro,157,炭火焼肉 ロック,焼肉、ホルモン,,meat,tb,True
akita/noshiro,158,呑み処 だるまさん,居酒屋,,izakaya,tb,True
akita/noshiro,159,天洋酒店,その他,,other,none,False
akita/noshiro,160,居酒屋すずらん,焼き鳥,,meat,tb,True
akita/noshiro,161,よいしょ,居酒屋,,izakaya,tb,True
akita/noshiro,162,佐助,居酒屋,,izakaya,tb,True
akita/noshiro,163,だいこん亭,居酒屋、食堂,,izakaya,tb,True
akita/noshiro,164,たこ源,たこ焼き,,casual,tb,True
akita/noshiro,165,ほろ酔いBAR とまり木 ひなた,バー,,izakaya,tb,True
akita/noshiro,166,きみ恋カフェ,カフェ,,cafe,tb,True
akita/noshiro,167,串焼 気まぐれ,居酒屋,,izakaya,tb,True
akita/noshiro,168,創作日本料理 菊地,日本料理,,japanese,tb,True
akita/noshiro,169,choppar,バー,,izakaya,tb,True
akita/noshiro,170,休みじかん,カフェ,,cafe,tb,True
akita/noshiro,171,ホテルルートイン能代 Grand Annex,ホテル,,other,none,False
akita/noshiro,172,りぼん　就労支援・生活介護センター,パン,,sweets,tb,True
akita/noshiro,173,麺家 ちょ古蔵,ラーメン,,noodles,tb,True
akita/noshiro,174,らあめん大将,ラーメン,,noodles,tb,True
akita/noshiro,175,ガスト 能代店,ファミレス,,casual,tb,True
akita/noshiro,176,寿晴ラーメン,ラーメン,,noodles,tb,True
akita/noshiro,177,レストラン二条,レストラン、食堂,,casual,tb,False
akita/noshiro,178,大昌園 本店,ラーメン、焼肉,,noodles,tb,True
akita/noshiro,179,珉亭,ラーメン,,noodles,tb,True
akita/noshiro,180,花ふじラーメン,ラーメン、餃子、居酒屋,,noodles,tb,True
akita/noshiro,181,麺工房やびな,ラーメン,,noodles,tb,True
akita/noshiro,182,デュフェール,洋食,,european,tb,True
akita/noshiro,183,田舎や,レストラン,,other,none,False
akita/noshiro,184,酒肴楽居 房's,居酒屋,,izakaya,tb,True
akita/noshiro,185,やなせ,レストラン、居酒屋,,izakaya,tb,False
akita/noshiro,186,木かげ 文化会館店,喫茶店,,cafe,tb,True
akita/noshiro,187,焼肉 乃雅美,焼肉,,meat,tb,True
akita/noshiro,188,旬,居酒屋,,izakaya,tb,True
akita/noshiro,189,シェルター,バー,,izakaya,tb,True
akita/noshiro,190,天屋椀家,創作料理,,japanese,tb,True
akita/noshiro,191,イオン 能代店,コンビニ・スーパー,,daily,tb,True
akita/noshiro,192,農産物直売所 ねぎっこ村,その他,,other,none,False
akita/noshiro,193,ばんや,居酒屋,,izakaya,tb,True
akita/noshiro,194,喫茶室 夢蔵,喫茶店,,cafe,tb,True
akita/noshiro,195,居酒屋 なごみ,居酒屋,,izakaya,tb,True
akita/noshiro,196,いし川,日本料理,,japanese,tb,True
akita/noshiro,197,まるよし,居酒屋,,izakaya,tb,True
akita/noshiro,198,居酒屋いとうや 柳町店,居酒屋,,izakaya,tb,True
akita/noshiro,199,四季亭,食堂、ジンギスカン、ラーメン,,casual,tb,True
akita/noshiro,200,絣,居酒屋,,izakaya,tb,True
akita/noshiro,201,幸楽苑 能代店,ラーメン,,noodles,tb,True
akita/noshiro,202,吉野家 ７号線能代店,牛丼、カレー、食堂,,casual,tb,True
akita/noshiro,203,どさん子ラーメン 能代仁井田店,ラーメン,,noodles,tb,True
akita/noshiro,204,ドトールコーヒーショップ イオンタウン能代店,カフェ,,cafe,tb,True
akita/noshiro,205,モスバーガー 能代店,ハンバーガー,,casual,tb,True
akita/noshiro,206,LEMONADE BY LEMONICA イオンタウン能代店,ジューススタンド、カフェ,,cafe,tb,True
akita/noshiro,207,すき家 7号能代店,牛丼,,casual,tb,True
akita/noshiro,208,かっぱ寿司 能代店,回転寿司,,seafood,tb,True
akita/noshiro,209,牛角 能代店,焼肉、ホルモン、居酒屋,,meat,tb,True
akita/noshiro,210,ピザ・カリフォルニア 能代店,ピザ,,european,tb,True
akita/noshiro,211,ほっともっと 能代店,弁当,,casual,tb,True
akita/noshiro,212,鮨待夢,寿司,,seafood,tb,True
akita/noshiro,213,銀座コージーコーナー イオン能代店,ケーキ,,sweets,tb,True
akita/noshiro,214,能代市旧料亭金勇,日本料理、きりたんぽ,,japanese,tb,True
akita/noshiro,215,酒処やぎ,居酒屋,,izakaya,tb,True
akita/noshiro,216,彩香亭,焼酎バー、バー,,izakaya,tb,True
akita/noshiro,217,ととや,焼き鳥,,meat,tb,True
akita/noshiro,218,居酒屋 らんま,居酒屋,,izakaya,tb,True
akita/noshiro,219,千樹,日本料理,,japanese,tb,True
akita/noshiro,220,花てい,レストラン,,other,none,False
akita/noshiro,221,進ちゃん寿司,寿司,,seafood,tb,True
akita/noshiro,222,カジュアルバーゴッド,バー,,izakaya,tb,True
akita/noshiro,223,SNACKらんぶる,バー,,izakaya,tb,True
akita/noshiro,224,ケーキのメルヘン,ケーキ,,sweets,tb,True
akita/noshiro,225,銀座コージーコーナー イオン能代東,ケーキ、洋菓子,,sweets,tb,True
akita/noshiro,226,シャトレーゼ 能代店,ケーキ、洋菓子,,sweets,tb,True
akita/noshiro,227,咲く・咲く,カレー、喫茶店、カフェ,,curry,tb,True
akita/noshiro,228,cha va,カフェ,,cafe,tb,True
akita/noshiro,229,囲炉裏カフェCoCo,カフェ,,cafe,tb,True
akita/noshiro,230,nicon,弁当,,casual,tb,True
akita/noshiro,231,ファミリーマート 能代大町店,コンビニ・スーパー,,daily,tb,True
akita/noshiro,232,キッチン ファクトリー リアン,弁当,,casual,tb,True
akita/noshiro,233,ピザハット 能代店,ピザ,,european,tb,True
akita/noshiro,234,今出川珈琲館 JCHO店,カフェ,,cafe,tb,True
akita/noshiro,235,彩食酒宴　じんや,居酒屋,,izakaya,tb,True
akita/noshiro,236,札幌 海鮮丸 能代店,寿司,,seafood,tb,True
akita/noshiro,237,洋服衣院 ミミ,かき氷,,sweets,tb,True
akita/noshiro,238,エモダイ,弁当,,casual,tb,True
akita/noshiro,239,たい夢 能代店,たい焼き・大判焼き,,sweets,tb,True
akita/noshiro,240,白神 カフェ&ギャラリー,カフェ,,cafe,tb,True
akita/noshiro,241,プラザ都,その他,,other,none,False
akita/noshiro,242,民宿まごころ莊・弁当部,弁当、食堂,,casual,tb,True
akita/noshiro,243,Magic　Hour　Cheese　ち,コーヒースタンド,,cafe,tb,True
akita/noshiro,244,パン工場 能代店,パン,,sweets,tb,True
akita/noshiro,245,美味しんぼ,弁当,,casual,tb,True
akita/noshiro,246,ウェルカム,カフェ,,cafe,tb,True
akita/noshiro,247,元祖 檜山納豆株式会社,その他,,other,none,False
akita/noshiro,248,公園売店,売店,,casual,tb,True
akita/noshiro,249,鶴形そば食堂,そば,,noodles,tb,True
akita/noshiro,250,障がい者総合支援センター りぼん,その他,,other,none,False
akita/noshiro,251,ハーバーライト,バー,,izakaya,tb,True
akita/noshiro,252,花くら,創作料理,,japanese,tb,True
akita/noshiro,253,おかしと雑貨のカフェ メルシー39,カフェ,,cafe,tb,True
akita/noshiro,254,めん太郎 能代店,うどん、そば、ラーメン,,noodles,tb,True
akita/noshiro,255,あじまん　 コメリ能代店,たい焼き・大判焼き,,sweets,tb,True
akita/noshiro,256,Fresh Bakery いとく能代南店,パン,,sweets,tb,True
akita/noshiro,257,レストラン 風,食堂,,casual,tb,True
akita/noshiro,258,あじまん ザ・ビッグ 能代長崎店,たい焼き・大判焼き,,sweets,tb,True
akita/noshiro,259,お食事処 竹林,レストラン,,other,none,False
akita/noshiro,260,ラグノオ いとく能代ショッピングセンター店,洋菓子,,sweets,tb,True
akita/noshiro,261,ごはんどき 能代店,食堂、ラーメン、かつ丼,,casual,tb,True
akita/noshiro,262,フードボックス みらい,フルーツパーラー、カフェ,,cafe,tb,False
akita/noshiro,263,茶誠堂,和菓子,,sweets,tb,True
akita/noshiro,264,懐かしのかき氷,かき氷,,sweets,tb,True
akita/noshiro,265,フレッシュベーカリー いとく能代北店,パン,,sweets,tb,True
akita/noshiro,266,唐揚げ専門店 みやこ,からあげ,,meat,tb,True
akita/noshiro,267,ラグノオ いとく二ツ井ショッピングセンター店,洋菓子,,sweets,tb,True
akita/noshiro,268,株式会社 マルホン,その他,,other,none,False
akita/noshiro,269,フレッシュベーカリー いとく能代ショッピングセンター店,パン,,sweets,tb,True
akita/noshiro,270,山下醸造店,その他,,other,none,False
akita/noshiro,271,ラグノオ いとく能代通町店,洋菓子,,sweets,tb,True
akita/noshiro,272,北海道うまいもの館 イオンタウン能代店,その他,,other,none,False
akita/noshiro,273,かさい肉店,その他,,other,none,False
akita/noshiro,274,イルソイルソ イオンタウン能代店,その他,,other,none,False
akita/noshiro,275,肉の池田,その他,,other,none,False
akita/noshiro,276,テラタ バイパス店,コンビニ・スーパー,,daily,tb,True
akita/noshiro,277,いとく 能代北店,コンビニ・スーパー,,daily,tb,True
akita/noshiro,278,松風庵,日本料理,,japanese,tb,True
akita/noshiro,279,いとく能代ショッピングセンター,コンビニ・スーパー,,daily,tb,True
akita/noshiro,280,アリラン,韓国料理,,chinese,tb,True
akita/noshiro,281,ファミリーマート 秋田二ツ井店,コンビニ・スーパー,,daily,tb,True
akita/noshiro,282,いとく 能代南店,コンビニ・スーパー,,daily,tb,True
akita/noshiro,283,福岡商店,その他,,other,none,False
akita/noshiro,284,LAWSON 二ツ井町店,コンビニ・スーパー,,daily,tb,True
akita/noshiro,285,イオンタウン 能代,その他,,other,none,False
akita/noshiro,286,桜田畜産直売所,その他,,other,none,False
akita/noshiro,287,居酒屋哲學,居酒屋,,izakaya,tb,True
akita/noshiro,288,鉄板 多助,鉄板焼き,,meat,tb,True
akita/noshiro,289,神丹精肉店,その他,,other,none,False
akita/noshiro,290,ザ・ビッグ 能代高塙店,コンビニ・スーパー,,daily,tb,True
akita/noshiro,291,カフェレストラン 琉杏,カフェ、レストラン,,cafe,tb,True
akita/noshiro,292,酒場 ばいお,ビアバー、海鮮、居酒屋,,izakaya,tb,True
akita/noshiro,293,テラタ 向能代店,コンビニ・スーパー,,daily,tb,True
akita/noshiro,294,Bistria おっちぃ,ビストロ,,european,tb,True
akita/noshiro,295,キムカツ北海道 能代店,とんかつ,,meat,tb,True
akita/noshiro,296,省吾 能代営業所,弁当,,casual,tb,True
akita/noshiro,297,薬王堂 能代出戸店,その他,,other,none,False
akita/noshiro,298,ファミリーマート 秋田能代南店,コンビニ・スーパー,,daily,tb,True
akita/noshiro,299,勝盛食堂,食堂,,casual,tb,True
akita/noshiro,300,ハッピー・ドラッグ 能代南店,その他,,other,none,False
akita/noshiro,301,イオンスタイル 能代東,コンビニ・スーパー,,daily,tb,True
akita/noshiro,302,ひこばえ,居酒屋,,izakaya,tb,True
akita/noshiro,303,カフェラジオ,カフェ,,cafe,tb,True
akita/noshiro,304,すきま,居酒屋,,izakaya,tb,True
akita/noshiro,305,いとうや,居酒屋,,izakaya,tb,True
akita/noshiro,306,ITOKU 能代通町店,コンビニ・スーパー,,daily,tb,True
akita/noshiro,307,直売所 みずほ,その他,,other,none,False
akita/noshiro,308,スーパードラッグアサヒ 能代店,その他,,other,none,False
akita/noshiro,309,クロノ,バー、ダイニングバー,,izakaya,tb,True
akita/noshiro,310,おのでん,コンビニ・スーパー,,daily,tb,True
akita/noshiro,311,きくち食品,弁当、惣菜・デリ,,casual,tb,True
akita/noshiro,312,すしONE 能代店,寿司,,seafood,tb,True
akita/noshiro,313,酒房 味彩,居酒屋,,izakaya,tb,True
akita/noshiro,314,ランマン屋酒店,その他,,other,none,False
akita/noshiro,315,ときめき工房 ねまーる,弁当、惣菜・デリ、和菓子,,casual,tb,True
akita/noshiro,316,FamilyMart 能代上町店,コンビニ・スーパー,,daily,tb,True
akita/noshiro,317,鶴善,日本料理,,japanese,tb,True
akita/noshiro,318,西村屋,焼き鳥,,meat,tb,True
akita/noshiro,319,イザカヤ ピーピーピー,居酒屋,,izakaya,tb,True
akita/noshiro,320,カラオケ酒場 七菜,居酒屋,,izakaya,tb,True
akita/noshiro,321,クオーレのしろ,その他,,other,none,False
akita/noshiro,322,あっちゃん,居酒屋,,izakaya,tb,True
akita/noshiro,323,能代市民プラザ,その他,,other,none,False
akita/noshiro,324,能松,コンビニ・スーパー,,daily,tb,True
akita/noshiro,325,青,居酒屋,,izakaya,tb,True
akita/noshiro,326,我が家,居酒屋,,izakaya,tb,True
akita/noshiro,327,田畑園,その他,,other,none,False
akita/noshiro,328,でんでん,居酒屋、ジンギスカン,,izakaya,tb,True
akita/noshiro,329,ウン バー トランキーロ,バー、スポーツバー,,izakaya,tb,True
akita/noshiro,330,BALS,バー,,izakaya,tb,True
akita/noshiro,331,幸志,居酒屋,,izakaya,tb,True
akita/noshiro,332,吉紀,居酒屋,,izakaya,tb,True
akita/noshiro,333,磯舟,居酒屋,,izakaya,tb,True
akita/noshiro,334,富味,居酒屋,,izakaya,tb,True
akita/noshiro,335,今井糀屋,その他,,other,none,False
akita/noshiro,336,酒処しば,居酒屋,,izakaya,tb,True
akita/noshiro,337,FamilyMart 秋田能代大瀬店,コンビニ・スーパー,,daily,tb,True
akita/noshiro,338,酒楽食房 のぶ,居酒屋,,izakaya,tb,True
akita/noshiro,339,エーデルワイス,レストラン、食堂,,casual,tb,False
akita/noshiro,340,ソウルオントップ,バー,,izakaya,tb,True
akita/noshiro,341,やきとりまっこ,焼き鳥,,meat,tb,True
akita/noshiro,342,Nakagawa Shokudo,,Japanese;International;Japanese - Other ,japanese,ta,True
akita/noshiro,343,Kitchen Table,,International,other,none,False
akita/noshiro,344,Home Run,,Japanese;Seafood;Sushi;Japanese - Other ,seafood,ta,True
akita/noshiro,345,Sakedokoberabo,,Bar;Pub,izakaya,ta,True
akita/noshiro,346,Juhachiban,,Asian,chinese,ta,True
akita/noshiro,347,Menya Moto,,,other,none,False
akita/noshiro,348,Yabina,,,other,none,False
akita/noshiro,349,Senryo,,Japanese;Japanese - Other ,japanese,ta,True
akita/noshiro,350,Teuchi Soba Nihachiya,,Japanese;Japanese - Other ,japanese,ta,True
akita/noshiro,351,Gosaku Noshiro Main Store Yanagimachi,,,other,none,False
akita/noshiro,352,Tamura,,Asian,chinese,ta,True
akita/noshiro,353,Hamazushi 7 go Noshiro,,Japanese;Seafood;Sushi,seafood,ta,True
akita/noshiro,354,Akaneya Suisan Noshiro,,Japanese;Izakaya (Japanese Style Tavern),izakaya,ta,True
akita/noshiro,355,Yakiniku Daidomon Noshiro,,Barbecue,meat,ta,True
akita/noshiro,356,Michi No Eki Futatsui Kimimachi No Sato Restaurant,,Japanese;International;Japanese - Other ,japanese,ta,True
akita/noshiro,357,Yamakyu,,Japanese;Japanese - Traditional Cuisine;Kappo,japanese,ta,True
akita/noshiro,358,Ryotei Uomatsu,,Japanese;Japanese - Traditional Cuisine,japanese,ta,True
akita/noshiro,359,Plaza Miyako,,Japanese,japanese,ta,True
akita/noshiro,360,Pekin,,Chinese,chinese,ta,True
akita/noshiro,361,Gosaku Ramen Higashinoshiro,,,other,none,False
akita/noshiro,362,Meat Factory,,Steakhouse,meat,ta,True
akita/noshiro,363,Kitchen Saki,,Japanese;International;Japanese - Other ,japanese,ta,True
akita/noshiro,364,Kuimonya Avanty,,Japanese,japanese,ta,True
akita/noshiro,365,Akebono Shokudo,,,other,none,False
akita/noshiro,366,India Nepal Restaurant Everest,,,other,none,False
akita/noshiro,367,Mampuku Shokudo,,Chinese,chinese,ta,True
akita/noshiro,368,Sekito Bypass,,,other,none,False
akita/noshiro,369,Ramen Shop Noshiro,,,other,none,False
akita/noshiro,370,Kawadoko Berabo,,,other,none,False
akita/noshiro,371,Osuga Shokudo,,Japanese;International;Japanese - Other ,japanese,ta,True
akita/noshiro,372,Miki Sushi,,Japanese;Seafood;Sushi;Japanese - Other ,seafood,ta,True
akita/noshiro,373,Raman Mizuki,,,other,none,False
akita/noshiro,374,Yakitori Hoppy Minami,,Japanese;Japanese - Other ,japanese,ta,True
akita/noshiro,375,Gusto Noshiro,,International,other,none,False
akita/noshiro,376,Men Ya Menshiro,,,other,none,False
akita/noshiro,377,Ristrante Beau Neige,,Pizza,european,ta,True
akita/noshiro,378,Yoshokuya Zeppet,,International;Fusion,other,none,False
akita/noshiro,379,Housuke Shin Noshiro,,Asian,chinese,ta,True
akita/noshiro,380,Gyukaku Noshiro,,Barbecue,meat,ta,True
akita/noshiro,381,美味処 梵天丸,,Japanese;Izakaya (Japanese Style Tavern),izakaya,ta,True
akita/noshiro,382,Noshiro An Bypass,,Japanese;Japanese - Other ,japanese,ta,True
akita/noshiro,383,Yakiniku Ramen Daishoen,,Japanese,japanese,ta,True
akita/noshiro,384,Restaurant Yamo No Ue,,,other,none,False
akita/noshiro,385,Ramen Kagetsu Arashi Across Noshiro,,,other,none,False
akita/noshiro,386,Biyadaru,,Japanese;Izakaya (Japanese Style Tavern),izakaya,ta,True
akita/noshiro,387,Sekito Main Store,,,other,none,False
akita/noshiro,388,Waffuru,,Japanese;Izakaya (Japanese Style Tavern),izakaya,ta,True
akita/noshiro,389,Kappa Sushi,,Japanese;Seafood;Sushi;Japanese - Other ,seafood,ta,True
akita/noshiro,390,Sasuke,,Bar;Pub,izakaya,ta,True
akita/noshiro,391,Kamei Sushi,,Japanese;Sushi,seafood,ta,True
akita/noshiro,392,Sakuratei,,Japanese,japanese,ta,True
akita/noshiro,393,Sushi Washoku Owari,,Japanese;Sushi,seafood,ta,True
akita/noshiro,394,Cafe Restaurant Aqua,,Seafood;Fusion,seafood,ta,True
akita/noshiro,395,Ramentetsugaku,,,other,none,False
akita/noshiro,396,Teppanyaki Denden,,,other,none,False
akita/noshiro,397,Ishokuya Nana,,Japanese,japanese,ta,True
akita/noshiro,398,Indian Curry Heat Mar,,Indian,curry,ta,True
akita/noshiro,399,Ramen Suemi,,,other,none,False
akita/noshiro,400,Miki,,Chinese,chinese,ta,True
akita/noshiro,401,Mercato,,,other,none,False
akita/noshiro,402,Hoppy House Nonki,,Japanese,japanese,ta,True
akita/noshiro,403,Kaneda Shokudo,,Japanese;International;Japanese - Other ,japanese,ta,True
akita/noshiro,404,Genkiya Nushiro,,,other,none,False
akita/noshiro,405,Takeya Noshiro,,,other,none,False
akita/noshiro,406,Bambu House,,,other,none,False
akita/noshiro,407,Kokage Bunka Kaikan,,Cafe,cafe,ta,True
akita/noshiro,408,Ramen Ebisu,,Asian,chinese,ta,True
akita/noshiro,409,Kikiyoya Okina Ame Hompo,,,other,none,False
akita/noshiro,410,Nagahama Coffee Shop Noshiro,,,other,none,False
akita/noshiro,411,Hisaharu Ramen,,Japanese;Sushi,seafood,ta,True
akita/noshiro,412,Ariran,,Asian;Korean,chinese,ta,True
akita/noshiro,413,Wagamichi,,International;Pub,izakaya,ta,True
akita/noshiro,414,Azuma Sushi,,Japanese;Seafood;Sushi;Japanese - Other ,seafood,ta,True
akita/noshiro,415,Koto,,Fusion,other,none,False
akita/noshiro,416,Shoku No Niwa Ishikawa,,Japanese;Japanese - Traditional Cuisine;Kappo,japanese,ta,True
akita/noshiro,417,Shinoda,,Chinese,chinese,ta,True
akita/noshiro,418,Tachigui Soba Udon Retro,,Japanese,japanese,ta,True
akita/noshiro,419,Daishoen Main Store,,Barbecue,meat,ta,True
akita/noshiro,420,Men Ittetsu,,,other,none,False
akita/noshiro,421,Otomoen Dininig Room,,Japanese,japanese,ta,True
akita/noshiro,422,Sumibikushiyaki Myorai,,Japanese;Japanese - Other ,japanese,ta,True
akita/noshiro,423,Yayoi Sushi,,Japanese;Sushi,seafood,ta,True
akita/noshiro,424,乃しろ庵 本店,,,other,none,False
akita/noshiro,425,Sobaya Nanakura,,,other,none,False
akita/noshiro,426,Saku Saku,,Japanese,japanese,ta,True
akita/noshiro,427,Nijo,,Japanese;Japanese - Other ,japanese,ta,True
akita/noshiro,428,Daishoen,,,other,none,False
akita/noshiro,429,Yamakyu Shirakami,,Japanese;International;Japanese - Other ,japanese,ta,True
akita/noshiro,430,Asagaya,,Japanese;Izakaya (Japanese Style Tavern),izakaya,ta,True
akita/noshiro,431,Yanase Shokudo,,Japanese;International,japanese,ta,True
akita/noshiro,432,Restaurant le Pichet,,French,european,ta,True
akita/noshiro,433,Runrun,,Japanese;International;Japanese - Other ,japanese,ta,True
akita/noshiro,434,Nakayoshi Shokudo,,Japanese;International;Japanese - Other ,japanese,ta,True
akita/noshiro,435,Daiju,,Japanese;International;Japanese - Other ,japanese,ta,True
akita/noshiro,436,Swing Cafe Karaoke,,International,other,none,False
akita/noshiro,437,Break,,Cafe,cafe,ta,True
akita/noshiro,438,Futaba Seki Dokoro,,Japanese;Japanese - Other ,japanese,ta,True
akita/noshiro,439,Tenshukaku,,Japanese;International;Japanese - Other ,japanese,ta,True
akita/noshiro,440,Cerulean,,International,other,none,False
akita/noshiro,441,Sugano Sengyoten,,French,european,ta,True
akita/noshiro,442,Sumibiyakitori Monro,,Japanese;Seafood;Grill,seafood,ta,True
akita/noshiro,443,Kikusushi,,Japanese;Seafood;Sushi;Japanese - Other ,seafood,ta,True
akita/noshiro,444,Ten Ichi,,Japanese;Japanese - Other ,japanese,ta,True
akita/noshiro,445,Sakusu,,Japanese;International;Japanese - Other ,japanese,ta,True
akita/noshiro,446,Naritaya Sushidokoro,,Japanese;Sushi,seafood,ta,True
akita/noshiro,447,Bamboo Grill,,International,other,none,False
akita/noshiro,448,Kaigan Dori,,Fusion,other,none,False
akita/noshiro,449,Nishikaigan,,Japanese,japanese,ta,True
akita/noshiro,450,Onoya Shokudo,,Japanese;International;Japanese - Other ,japanese,ta,True
akita/noshiro,451,Karaoke Station Hanasaki,,International,other,none,False
akita/noshiro,452,Yamada Azuma Sushi,,Japanese;Sushi,seafood,ta,True
akita/noshiro,453,Narumi,,Japanese - Other ,japanese,ta,True
akita/noshiro,454,Kambon Ya,,Japanese;Izakaya (Japanese Style Tavern),izakaya,ta,True
akita/noshiro,455,Kekihausuden,,,other,none,False
akita/noshiro,456,Sake Dokoro Shiba,,Japanese;Izakaya (Japanese Style Tavern),izakaya,ta,True
akita/noshiro,457,Restaurant Himawari,,,other,none,False
akita/noshiro,458,Izakaya Ikkyusan,,Japanese;Izakaya (Japanese Style Tavern),izakaya,ta,True
akita/noshiro,459,Azumaya,,Izakaya (Japanese Style Tavern),izakaya,ta,True
akita/noshiro,460,Tengu,,Japanese;Izakaya (Japanese Style Tavern),izakaya,ta,True
akita/noshiro,461,Furari,,Izakaya (Japanese Style Tavern),izakaya,ta,True
akita/noshiro,462,Izakaya Mio,,Izakaya (Japanese Style Tavern),izakaya,ta,True
akita/noshiro,463,Katachi,,Japanese;Izakaya (Japanese Style Tavern),izakaya,ta,True
akita/noshiro,464,Tomi,,Japanese;Izakaya (Japanese Style Tavern),izakaya,ta,True
akita/noshiro,465,Teichan,,Japanese;Izakaya (Japanese Style Tavern),izakaya,ta,True
akita/noshiro,466,Izakaya Rui,,Japanese;Izakaya (Japanese Style Tavern),izakaya,ta,True
akita/noshiro,467,Denkichi,,Japanese;Izakaya (Japanese Style Tavern),izakaya,ta,True
akita/noshiro,468,Teuchi Soba Wakamatsu,,,other,none,False
akita/noshiro,469,Yoshiki,,Japanese;Izakaya (Japanese Style Tavern),izakaya,ta,True
akita/noshiro,470,Mizukuma,,Japanese,japanese,ta,True
akita/noshiro,471,Takeuma,,Japanese,japanese,ta,True
akita/noshiro,472,Baio No Ouchi,,Japanese,japanese,ta,True
akita/noshiro,473,Kitchen Tavern An Matu,,Japanese,japanese,ta,True
akita/noshiro,474,Tsubaki,,Japanese;Izakaya (Japanese Style Tavern),izakaya,ta,True
akita/noshiro,475,Nomidokoro Mitchan,,Japanese,japanese,ta,True
akita/noshiro,476,Komorebi,,Japanese;Izakaya (Japanese Style Tavern),izakaya,ta,True
akita/noshiro,477,Isofune,,Japanese;Izakaya (Japanese Style Tavern),izakaya,ta,True
akita/noshiro,478,Izakaya Hotaru,,Japanese;Izakaya (Japanese Style Tavern),izakaya,ta,True
akita/noshiro,479,Yamabikoan,,,other,none,False
akita/noshiro,480,Doll,,Japanese - Other ,japanese,ta,True
akita/noshiro,481,Futatsui Shunsai,,Japanese - Other ,japanese,ta,True
akita/noshiro,482,Chikuhan,,Japanese;Fusion;Japanese - Other ;Japanese Fusion,japanese,ta,True
akita/noshiro,483,New Love,,Japanese,japanese,ta,True
akita/noshiro,484,Sakuraya Shokudo,,Japanese;International;Japanese - Other ,japanese,ta,True
akita/noshiro,485,Feel Up,,,other,none,False
akita/noshiro,486,Chateau Akasaka,,Indian,curry,ta,True
akita/noshiro,487,Masuko,,Japanese,japanese,ta,True
akita/noshiro,488,Farmer s Restaurant Hoshibadai,,Japanese,japanese,ta,True
akita/noshiro,489,Kasuri,,Japanese;Izakaya (Japanese Style Tavern),izakaya,ta,True
akita/noshiro,490,Shushoku Aya Feast Chic,,Japanese;Izakaya (Japanese Style Tavern),izakaya,ta,True
akita/noshiro,491,Huckleberry,,Bar;Pub,izakaya,ta,True
akita/noshiro,492,Sushi Tetsu,,Sushi,seafood,ta,True
akita/noshiro,493,Izakaya Keyaki,,Japanese,japanese,ta,True
akita/noshiro,494,Minaya,,Japanese,japanese,ta,True
akita/noshiro,495,Takako,,Japanese - Other ,japanese,ta,True
akita/noshiro,496,Tsutamoto,,Japanese;Japanese - Traditional Cuisine;Kappo,japanese,ta,True
akita/noshiro,497,Shokudo Inaho,,Japanese;International;Japanese - Other ,japanese,ta,True
akita/noshiro,498,Club Viage,,Fusion,other,none,False
akita/noshiro,499,Fujimoto,,Japanese;Japanese - Other ,japanese,ta,True
akita/noshiro,500,Yottekere,,Japanese,japanese,ta,True
akita/noshiro,501,Branch House,,Japanese,japanese,ta,True
akita/noshiro,502,Suzuhiro,,Japanese,japanese,ta,True
akita/noshiro,503,Fuji Shokudo,,Japanese,japanese,ta,True
akita/noshiro,504,Teishokutoshi,,Japanese;International;Japanese - Other ,japanese,ta,True
akita/noshiro,505,Victory,,Japanese,japanese,ta,True
akita/noshiro,506,Setsuko,,Japanese,japanese,ta,True
akita/noshiro,507,Kitchen Hosoda,,Japanese,japanese,ta,True
akita/noshiro,508,Poppo,,Fusion,other,none,False
akita/noshiro,509,M s Kitchen,,Japanese,japanese,ta,True
akita/noshiro,510,Yakitori Makko,,Japanese,japanese,ta,True
akita/noshiro,511,Guruman Shushoku,,Pub;Gastropub;Dining bars,izakaya,ta,True
akita/noshiro,512,Genkiya Noshiro,,Asian,chinese,ta,True
akita/noshiro,513,Aqa Noshiro,,International,other,none,False
akita/noshiro,514,Yaoki Shokudo,,Japanese,japanese,ta,True
akita/noshiro,515,Fuki Ya,,Japanese;Japanese - Traditional Cuisine;Kappo,japanese,ta,True
akita/noshiro,516,Sagano,,Japanese,japanese,ta,True
akita/noshiro,517,Olive,,Japanese;Greek,japanese,ta,True
akita/noshiro,518,Shiori,,Japanese,japanese,ta,True
akita/noshiro,519,Ayumi,,Japanese,japanese,ta,True
akita/noshiro,520,Nakamuraya,,Japanese,japanese,ta,True
akita/noshiro,521,Township of Gathering Mana,,Japanese,japanese,ta,True
akita/noshiro,522,Zen,,Italian,european,ta,True
akita/noshiro,523,Tsuki No Shizuku,,Japanese,japanese,ta,True
akita/noshiro,524,Maroudo,,Japanese,japanese,ta,True
akita/noshiro,525,Fujita,,Japanese,japanese,ta,True
akita/noshiro,526,Nihao,,Chinese,chinese,ta,True
akita/noshiro,527,Izakaya Torasan,,Japanese,japanese,ta,True
akita/noshiro,528,Utage,,Japanese,japanese,ta,True
akita/noshiro,529,Katsura,,Japanese,japanese,ta,True
akita/noshiro,530,Miyamoto,,Japanese;Japanese - Traditional Cuisine;Kappo,japanese,ta,True
akita/noshiro,531,Gyutan Sumijiro,,Japanese,japanese,ta,True
akita/noshiro,532,Isaribi,,Japanese,japanese,ta,True
akita/noshiro,533,Zen,,Japanese;Japanese - Traditional Cuisine;Kappo,japanese,ta,True
akita/noshiro,534,Izakaya Sato,,Japanese,japanese,ta,True
akita/noshiro,535,Izakaya Shige,,Japanese,japanese,ta,True
akita/noshiro,536,Maki,,Japanese,japanese,ta,True
akita/noshiro,537,Nagi,,Fusion,other,none,False
akita/noshiro,538,Izakaya Kinchan,,Japanese,japanese,ta,True
akita/noshiro,539,Misa,,Japanese,japanese,ta,True
akita/noshiro,540,Restaurant Fusha,,Fusion,other,none,False
akita/noshiro,541,Sakaguraokame,,Japanese,japanese,ta,True
akita/noshiro,542,Min Tei,,Japanese;International;Japanese - Other ,japanese,ta,True
akita/noshiro,543,Japanese Restaurant Yamaya,,Japanese;Sushi,seafood,ta,True
akita/noshiro,544,Restaurant Provence,,,other,none,False
akita/noshiro,545,Hiura,,Japanese,japanese,ta,True
akita/noshiro,546,July s B,,Bar;Pub,izakaya,ta,True
akita/noshiro,547,Lush,,Bar;Pub,izakaya,ta,True
akita/noshiro,548,Pleasure,,,izakaya,desc,False
akita/noshiro,549,La Foret,,,other,none,False
akita/noshiro,550,Snack Lina,,,izakaya,desc,False
akita/noshiro,551,Hamagoya Umechan,,Japanese;Izakaya (Japanese Style Tavern),izakaya,ta,True
akita/noshiro,552,Suzunaya,,Japanese;Izakaya (Japanese Style Tavern),izakaya,ta,True
akita/noshiro,553,Izakaya Mai,,Japanese;Izakaya (Japanese Style Tavern),izakaya,ta,True
akita/noshiro,554,松雲堂 アクロスいとく店,,,other,none,False
akita/noshiro,555,Hagi,,Japanese,japanese,ta,True
akita/noshiro,556,Kumagai Choeido,,,other,none,False
akita/noshiro,557,Kumagai Pastry,,,other,none,False
akita/noshiro,558,ラグノオ いとく能代南店,,,other,none,False
akita/noshiro,559,Casual Bar God,,Bar;Pub,izakaya,ta,True
akita/noshiro,560,Marumi Shubo,,Japanese;Izakaya (Japanese Style Tavern),izakaya,ta,True
akita/noshiro,561,よっちゃん,,Japanese;Izakaya (Japanese Style Tavern),izakaya,ta,True
akita/noshiro,562,Ushiya,,Japanese;Izakaya (Japanese Style Tavern),izakaya,ta,True
akita/noshiro,563,Sakanano Ichiba Mangetsu,,Japanese;Izakaya (Japanese Style Tavern),izakaya,ta,True
akita/noshiro,564,Temari,,Japanese;Izakaya (Japanese Style Tavern),izakaya,ta,True
akita/noshiro,565,Soul on Top,,Bar;Pub,izakaya,ta,True
akita/noshiro,566,Seafood Tavern Wakadaisho,,Japanese;Izakaya (Japanese Style Tavern),izakaya,ta,True
akita/noshiro,567,Taiyaki Aizawa,,,other,none,False
akita/noshiro,568,松雲堂 本店,,,other,none,False
akita/noshiro,569,Irohaen,,,other,none,False
akita/noshiro,570,Izakaya Shirakamisan,,,other,none,False
akita/noshiro,571,Kobato,,,other,none,False
akita/noshiro,572,Jiji Coffee,,,other,none,False
akita/noshiro,573,Cafe Restaurant Ruan,,,other,none,False
akita/noshiro,574,Ramen Shinonomeya,,,other,none,False
akita/noshiro,575,Shubo Ajisai,,Japanese,japanese,ta,True
akita/noshiro,576,Snack Rabin,,,other,none,False
akita/noshiro,577,Manmaya,,,other,none,False
akita/noshiro,578,Takiya Pastry,,,other,none,False
akita/noshiro,579,Taishoken,,,other,none,False
akita/noshiro,580,Kaishindo,,,other,none,False
akita/noshiro,581,Fujiwara Pastry,,,other,none,False
akita/noshiro,582,Kitchen Fuku,,,other,none,False
akita/noshiro,583,Izakaya Bal Kurumi,,,other,none,False
akita/noshiro,584,Ramentokiwa,,,other,none,False
akita/noshiro,585,Ramen Chaya,,,other,none,False
akita/odate,1,元祖 むらさき,きりたんぽ、鍋、郷土料理,,japanese,tb,True
akita/odate,2,昔のきりたんぽや,きりたんぽ、鍋,,japanese,tb,True
akita/odate,3,煮干中華 あさり,ラーメン,,noodles,tb,True
akita/odate,4,えんとつ,喫茶店、洋食、食堂,,cafe,tb,True
akita/odate,5,花善,鳥料理、郷土料理、弁当,,japanese,tb,False
akita/odate,6,佐藤中華そば楼 by ねぎぼうず,ラーメン,,noodles,tb,True
akita/odate,7,秋田比内や 大館本店,郷土料理、鳥料理,,japanese,tb,True
akita/odate,8,錦 大館本店,ラーメン、つけ麺、餃子,,noodles,tb,True
akita/odate,9,おいちい,焼き鳥、串揚げ、居酒屋,,meat,tb,True
akita/odate,10,割烹 美さわ,日本料理、郷土料理,,japanese,tb,True
akita/odate,11,桜木屋 大館店,ラーメン,,noodles,tb,True
akita/odate,12,織しげ,ラーメン,,noodles,tb,True
akita/odate,13,れすとらん比内どり,鳥料理、鍋、郷土料理,,japanese,tb,False
akita/odate,14,山口製菓店,洋菓子、和菓子、パン,,sweets,tb,True
akita/odate,15,孝百,ラーメン,,noodles,tb,True
akita/odate,16,高田屋食堂 本店,食堂,,casual,tb,True
akita/odate,17,島田屋,とんかつ、うどん,,meat,tb,True
akita/odate,18,ホルモン幸楽 大館店,焼肉、ホルモン,,meat,tb,True
akita/odate,19,煉屋菓子舗,和菓子,,sweets,tb,True
akita/odate,20,カスタード,ケーキ,,sweets,tb,True
akita/odate,21,あきた味坐,鳥料理、居酒屋,,izakaya,tb,False
akita/odate,22,魚彦 大館店,居酒屋,,izakaya,tb,True
akita/odate,23,日本料理みうら,日本料理,,japanese,tb,True
akita/odate,24,やきとり 津軽のもつけ,焼き鳥、居酒屋,,meat,tb,True
akita/odate,25,道の駅ひない とっと館,道の駅,,other,none,False
akita/odate,26,ナマステダイニング,インド料理、ネパール料理、インドカレー,,curry,tb,True
akita/odate,27,手づくり わ弁当,弁当,,casual,tb,True
akita/odate,28,バク豚696,ラーメン,,noodles,tb,True
akita/odate,29,大鵬,日本料理,,japanese,tb,True
akita/odate,30,十字屋きりたんぽ店,郷土料理、その他,,japanese,tb,True
akita/odate,31,食楽厨房む,居酒屋、創作料理,,izakaya,tb,True
akita/odate,32,山城屋,ラーメン,,noodles,tb,True
akita/odate,33,山田桂月堂,和菓子,,sweets,tb,True
akita/odate,34,toimmitotreso,イタリアン,,european,tb,True
akita/odate,35,食茶寮 IWAKI,食堂,,casual,tb,True
akita/odate,36,食べ処谷地,レストラン,,other,none,False
akita/odate,37,大衆食堂,食堂,,casual,tb,True
akita/odate,38,小料理幸月,日本料理,,japanese,tb,True
akita/odate,39,石田ローズカフェ,カフェ,,cafe,tb,True
akita/odate,40,スイッチカフェ,カフェ,,cafe,tb,True
akita/odate,41,ワサビ,居酒屋,,izakaya,tb,True
akita/odate,42,とりびあん,郷土料理,,japanese,tb,True
akita/odate,43,飯友,食堂,,casual,tb,True
akita/odate,44,いなかや,創作料理、日本料理,,japanese,tb,True
akita/odate,45,重寿司,寿司、海鮮、日本料理,,seafood,tb,True
akita/odate,46,池内食堂,中華料理、とんかつ、食堂,,chinese,tb,True
akita/odate,47,アマリリス　しんこや,ケーキ,,sweets,tb,True
akita/odate,48,タイムズ,バー,,izakaya,tb,True
akita/odate,49,斎藤みそ家,ラーメン,,noodles,tb,True
akita/odate,50,麺屋 ゼロプラス,ラーメン,,noodles,tb,True
akita/odate,51,トラットリア ダリーズ,イタリアン、カフェ、洋菓子,,european,tb,True
akita/odate,52,壽我,ラーメン,,noodles,tb,True
akita/odate,53,魚醤らーめん ひいらぎ,ラーメン,,noodles,tb,True
akita/odate,54,馬太郎,馬肉料理、食堂,,meat,tb,True
akita/odate,55,辛幸食堂,カレー,,curry,tb,True
akita/odate,56,茶色の小びん,喫茶店、ラーメン,,cafe,tb,True
akita/odate,57,魯はん,日本料理,,japanese,tb,True
akita/odate,58,五角亭,焼肉,,meat,tb,True
akita/odate,59,チーズアンドダイニング アラクラン,チーズ料理、ダイニングバー,,izakaya,tb,False
akita/odate,60,かっぽう大河,日本料理,,japanese,tb,True
akita/odate,61,早蕨,日本料理、居酒屋,,japanese,tb,True
akita/odate,62,酉や喜兵衛 大館店,居酒屋、鳥料理,,izakaya,tb,True
akita/odate,63,焼肉南大門 大館店,焼肉,,meat,tb,True
akita/odate,64,焼肉・ホルモン次今,焼肉,,meat,tb,True
akita/odate,65,風穴ドライブイン,食堂,,casual,tb,True
akita/odate,66,蒼苑,喫茶店、カフェ,,cafe,tb,True
akita/odate,67,街道軒ドライブイン,食堂、ラーメン,,casual,tb,True
akita/odate,68,ぬまだてハイツ,ホテル、食堂,,casual,tb,False
akita/odate,69,らぁめん元氣屋 大館店,ラーメン,,noodles,tb,True
akita/odate,70,ドルフィン,レストラン、カフェ、冷麺,,cafe,tb,False
akita/odate,71,秋田犬の里 お土産コーナー,その他,,other,none,False
akita/odate,72,肉中華そば 錦 大館店,ラーメン,,noodles,tb,True
akita/odate,73,陽気な母さんの店,麺類,,noodles,tb,True
akita/odate,74,ほかほか弁当 御成町店,弁当,,casual,tb,True
akita/odate,75,蔵cafeレストラン 康瓏堂,日本料理、カフェ,,japanese,tb,True
akita/odate,76,松囃子,日本料理、食堂、ビュッフェ,,japanese,tb,True
akita/odate,77,大鳳堂,和菓子、パン、洋菓子,,sweets,tb,True
akita/odate,78,料亭 北秋くらぶ,郷土料理、日本料理,,japanese,tb,True
akita/odate,79,竹園,食堂、ラーメン、麺類,,casual,tb,True
akita/odate,80,板戸ドライブイン,食堂、ラーメン,,casual,tb,True
akita/odate,81,ファミリーレストラン トーク,洋食、日本料理、ファミレス,,european,tb,True
akita/odate,82,食事処　杉や,食堂,,casual,tb,True
akita/odate,83,どん呑,居酒屋,,izakaya,tb,True
akita/odate,84,鉄板焼＆ステーキ専門店 defi,洋食、ステーキ、鉄板焼き,,european,tb,True
akita/odate,85,綱,居酒屋,,izakaya,tb,True
akita/odate,86,梅正,ラーメン,,noodles,tb,True
akita/odate,87,から揚げ専門店 こばしょぐ 大館店,からあげ、弁当,,meat,tb,True
akita/odate,88,カルビーハウスじゅうじゅう,焼肉,,meat,tb,True
akita/odate,89,珈琲3,喫茶店、カフェ,,cafe,tb,True
akita/odate,90,お食事処 吉峰,食堂,,casual,tb,True
akita/odate,91,お茶と庭 hashinotamoto,カフェ,,cafe,tb,True
akita/odate,92,キルシッカ,ベーグル、パン、洋菓子,,sweets,tb,True
akita/odate,93,天平,日本料理、天ぷら,,japanese,tb,True
akita/odate,94,レモンタイム,洋食、その他、郷土料理,,european,tb,True
akita/odate,95,道の駅 やたて峠,道の駅,,other,none,False
akita/odate,96,永華,ラーメン、食堂、中華料理,,noodles,tb,True
akita/odate,97,味よし亭 大館店,ラーメン、食堂,,noodles,tb,True
akita/odate,98,産直処 さんのう,きりたんぽ、ジェラート・アイスクリーム、豆腐料理,,japanese,tb,True
akita/odate,99,大館珈琲館,カフェ,,cafe,tb,True
akita/odate,100,ニューデイズ 大館,コンビニ・スーパー,,daily,tb,True
akita/odate,101,小間屋明照堂,洋菓子、その他,,sweets,tb,True
akita/odate,102,レストラン アンシャンテ,フレンチ、イタリアン、洋菓子,,european,tb,True
akita/odate,103,ほんだ亭,弁当,,casual,tb,True
akita/odate,104,重蔵,居酒屋、中華料理,,izakaya,tb,True
akita/odate,105,スキマコーヒー,喫茶店,,cafe,tb,True
akita/odate,106,ITOKU 大館ショッピングセンター,コンビニ・スーパー,,daily,tb,True
akita/odate,107,遊食三昧 一息,郷土料理、居酒屋,,japanese,tb,True
akita/odate,108,とりさん 大館店,焼き鳥,,meat,tb,True
akita/odate,109,パティスリー リュンナクレ,洋菓子,,sweets,tb,True
akita/odate,110,胡蝶,日本料理、ラーメン,,japanese,tb,True
akita/odate,111,花時計,回転寿司,,seafood,tb,True
akita/odate,112,いとく 片山店,コンビニ・スーパー,,daily,tb,True
akita/odate,113,スシロー 大館店,回転寿司,,seafood,tb,True
akita/odate,114,サンドリヨン,パン、洋菓子,,sweets,tb,True
akita/odate,115,大昌園,焼肉,,meat,tb,True
akita/odate,116,レストラン いずみ,食堂,,casual,tb,True
akita/odate,117,北鹿,その他,,other,none,False
akita/odate,118,ダイニング＆バー ヴァルハラ,ダイニングバー、バー,,izakaya,tb,True
akita/odate,119,かぶちゃん食堂,食堂,,casual,tb,True
akita/odate,120,萩 新町店,郷土料理、日本料理,,japanese,tb,True
akita/odate,121,呑み食い処 纏,居酒屋,,izakaya,tb,True
akita/odate,122,珈琲店KOW,喫茶店,,cafe,tb,True
akita/odate,123,宍一,レストラン,,other,none,False
akita/odate,124,中華 広東,中華料理,,chinese,tb,True
akita/odate,125,こらんしょ,居酒屋、ラーメン,,izakaya,tb,True
akita/odate,126,居酒屋 源,居酒屋,,izakaya,tb,True
akita/odate,127,大館カントリークラブ,その他,,other,none,False
akita/odate,128,グリーン ウッド,バー,,izakaya,tb,True
akita/odate,129,秋田犬cafe,カフェ,,cafe,tb,True
akita/odate,130,柴田庵,日本料理,,japanese,tb,True
akita/odate,131,タリーズコーヒー 大館店,カフェ,,cafe,tb,True
akita/odate,132,モスバーガー 秋田大館中道店,ハンバーガー,,casual,tb,True
akita/odate,133,吉野家 大館清水店,牛丼、カレー、食堂,,casual,tb,True
akita/odate,134,ミスタードーナツ 大館ショップ,ドーナツ、カフェ、飲茶・点心,,sweets,tb,True
akita/odate,135,かっぱ寿司 大館店,回転寿司,,seafood,tb,True
akita/odate,136,さいとうドライブイン,食堂、ラーメン、カフェ,,casual,tb,True
akita/odate,137,レンガ亭,食堂,,casual,tb,True
akita/odate,138,かほる亭,レストラン、カレー、ラーメン,,curry,tb,False
akita/odate,139,三ッ倉煎餅店,和菓子,,sweets,tb,True
akita/odate,140,からすの森,居酒屋,,izakaya,tb,True
akita/odate,141,白樺苑,中華料理、ラーメン,,chinese,tb,True
akita/odate,142,ホワイト クルー,喫茶店,,cafe,tb,True
akita/odate,143,河田氷や,かき氷,,sweets,tb,True
akita/odate,144,庄 北の鎌倉,日本料理,,japanese,tb,True
akita/odate,145,桜櫓館カフェ,カフェ,,cafe,tb,True
akita/odate,146,デイリーヤマザキ 大館東台店,コンビニ・スーパー,,daily,tb,True
akita/odate,147,食楽園,焼肉,,meat,tb,True
akita/odate,148,とれたて旬菜館,その他,,other,none,False
akita/odate,149,パラダイス食堂 鶴亀,居酒屋,,izakaya,tb,True
akita/odate,150,たんぽぽ,ラーメン、そば、丼,,noodles,tb,True
akita/odate,151,花茶屋,ビュッフェ,,casual,tb,True
akita/odate,152,斎作屋菓子舗,和菓子,,sweets,tb,True
akita/odate,153,粉もん家はち,お好み焼き、スポーツバー,,casual,tb,True
akita/odate,154,大樹,レストラン,,other,none,False
akita/odate,155,秋野倶楽部,バー,,izakaya,tb,True
akita/odate,156,バブハウス,喫茶店,,cafe,tb,True
akita/odate,157,桂川,日本料理,,japanese,tb,True
akita/odate,158,花茶屋,ビュッフェ,,casual,tb,True
akita/odate,159,カフェ ぺんたとにっく,カフェ,,cafe,tb,True
akita/odate,160,LAID BACK,バー,,izakaya,tb,True
akita/odate,161,かいぐい処 夢〇,たい焼き・大判焼き,,sweets,tb,True
akita/odate,162,ドライブイン虎屋,ラーメン、食堂,,noodles,tb,True
akita/odate,163,からあげ専門 まつむら商店 大館店,からあげ,,meat,tb,True
akita/odate,164,秋田さくら,日本料理,,japanese,tb,True
akita/odate,165,北の國庵,うどん,,noodles,tb,True
akita/odate,166,お食事処 郷愁亭,食堂,,casual,tb,True
akita/odate,167,シルクロード,餃子,,chinese,tb,True
akita/odate,168,大館市立総合病院 レストラン,食堂、ラーメン、親子丼,,casual,tb,True
akita/odate,169,レストラン 水芭蕉,食堂、日本料理、中華料理,,casual,tb,True
akita/odate,170,まんまや,居酒屋,,izakaya,tb,True
akita/odate,171,照井食堂,食堂,,casual,tb,True
akita/odate,172,焼肉タンタン,焼肉,,meat,tb,True
akita/odate,173,花幸,居酒屋、焼き鳥,,izakaya,tb,True
akita/odate,174,蔵寿司,寿司,,seafood,tb,True
akita/odate,175,２丁目の食堂,食堂,,casual,tb,True
akita/odate,176,滝寿し,寿司,,seafood,tb,True
akita/odate,177,末広,日本料理,,japanese,tb,True
akita/odate,178,家庭料理庵,居酒屋、日本料理、バー,,izakaya,tb,True
akita/odate,179,クラッカー,バー,,izakaya,tb,True
akita/odate,180,幸楽苑 大館店,ラーメン,,noodles,tb,True
akita/odate,181,ガスト 大館店,ファミレス,,casual,tb,True
akita/odate,182,牛角 大館店,焼肉、ホルモン、居酒屋,,meat,tb,True
akita/odate,183,すき家 7号大館店,牛丼、カレー、食堂,,casual,tb,True
akita/odate,184,ナガハマコーヒー 大館店,カフェ,,cafe,tb,True
akita/odate,185,マクドナルド ７号線大館店,ハンバーガー,,casual,tb,True
akita/odate,186,Aji-Q 片山店,ラーメン,,noodles,tb,True
akita/odate,187,どさん子 大館103号店,ラーメン,,noodles,tb,True
akita/odate,188,瀬波,天ぷら,,japanese,tb,True
akita/odate,189,ケンタッキー フライドチキン 大館店,レストラン,,other,none,False
akita/odate,190,魚民 大館有浦店,居酒屋、海鮮、創作料理,,izakaya,tb,True
akita/odate,191,笑月,ラーメン,,noodles,tb,True
akita/odate,192,シャトレーゼ 大館店,ケーキ、洋菓子,,sweets,tb,True
akita/odate,193,イギリス時間紅茶時間,カフェ,,cafe,tb,True
akita/odate,194,居酒屋伊呂波,居酒屋,,izakaya,tb,True
akita/odate,195,ジャポン,ケーキ,,sweets,tb,True
akita/odate,196,肉のオガサワラ,惣菜・デリ,,casual,tb,True
akita/odate,197,御成座,その他,,other,none,False
akita/odate,198,きらく,日本料理,,japanese,tb,True
akita/odate,199,与太呂,日本料理,,japanese,tb,True
akita/odate,200,おばんざい,居酒屋、日本料理,,izakaya,tb,True
akita/odate,201,酒処おばこ、,居酒屋,,izakaya,tb,True
akita/odate,202,スナック ゆか,バー,,izakaya,tb,True
akita/odate,203,和茶 さくらさくら,喫茶店,,cafe,tb,True
akita/odate,204,ココス 大館店,ファミレス,,casual,tb,True
akita/odate,205,patisserie messoner,ケーキ、チョコレート,,sweets,tb,True
akita/odate,206,味の工房いちえ,和菓子、たこ焼き,,sweets,tb,True
akita/odate,207,大正堂since1933,洋菓子、ケーキ、プリン,,sweets,tb,True
akita/odate,208,プラザ杉の子,結婚式場、ヨーロッパ料理、寿司,,european,tb,False
akita/odate,209,フレッシュベーカリー,パン,,sweets,tb,True
akita/odate,210,秋田オリオンフード株式会社,その他,,other,none,False
akita/odate,211,diner SECRET BASE,バル,,european,tb,True
akita/odate,212,BAR ナショナール,バー,,izakaya,tb,True
akita/odate,213,フレッシュベーカリー いとく樹海店,パン,,sweets,tb,True
akita/odate,214,フレッシュベーカリー いとく片山店,パン,,sweets,tb,True
akita/odate,215,ラグノオ いとく大館ショッピングセンター店,洋菓子,,sweets,tb,True
akita/odate,216,すき家 大館樹海店,牛丼,,casual,tb,True
akita/odate,217,フレッシュベーカリー 大館東店,パン,,sweets,tb,True
akita/odate,218,パン工場 イオンスーパーセンター大館店,パン,,sweets,tb,True
akita/odate,219,アトリエミシェール イオンスーパーセンター大館店,喫茶店,,cafe,tb,True
akita/odate,220,沼館温泉会館 売店,ジェラート・アイスクリーム,,sweets,tb,True
akita/odate,221,am stand.,カフェ,,cafe,tb,True
akita/odate,222,鮨金,寿司,,seafood,tb,True
akita/odate,223,秀山荘,ホテル,,other,none,False
akita/odate,224,たけCafe,売店,,casual,tb,True
akita/odate,225,外来食堂,レストラン、食堂,,casual,tb,False
akita/odate,226,快活CLUB 大館店,その他,,other,none,False
akita/odate,227,銀座コージーコーナー イオンスーパーセンター大館店,ケーキ,,sweets,tb,True
akita/odate,228,ひぐち,和菓子,,sweets,tb,True
akita/odate,229,未完成,喫茶店,,cafe,tb,True
akita/odate,230,LAWSON 大館一心院店,コンビニ・スーパー,,daily,tb,True
akita/odate,231,ピザ・テン・フォー 大館店,ピザ,,european,tb,True
akita/odate,232,セブンイレブン 大館御成町,コンビニ・スーパー,,daily,tb,True
akita/odate,233,ピザーラ 大館店,ピザ,,european,tb,True
akita/odate,234,Maman,カフェ,,cafe,tb,True
akita/odate,235,加賀コーヒー 御成町店,その他,,other,none,False
akita/odate,236,セブンイレブン 大館大田面店,コンビニ・スーパー,,daily,tb,True
akita/odate,237,いとく 樹海店,コンビニ・スーパー,,daily,tb,True
akita/odate,238,としょ木漏れ日,その他,,other,none,False
akita/odate,239,吉祥,日本料理,,japanese,tb,True
akita/odate,240,ラグノオ いとく片山店,洋菓子,,sweets,tb,True
akita/odate,241,Cafe Acco,カフェ,,cafe,tb,True
akita/odate,242,ミントンハウス,喫茶店,,cafe,tb,True
akita/odate,243,とことんとん八 大舘店,その他,,other,none,False
akita/odate,244,ラグノオ いとく大館東店,洋菓子,,sweets,tb,True
akita/odate,245,札幌 海鮮丸 大館店,寿司,,seafood,tb,True
akita/odate,246,ごはんどき 大館店,食堂、ラーメン、かつ丼,,casual,tb,True
akita/odate,247,cafeほの風,カフェ,,cafe,tb,True
akita/odate,248,琥珀,ラーメン、居酒屋,,noodles,tb,True
akita/odate,249,セブンイレブン 大館池内店,コンビニ・スーパー,,daily,tb,True
akita/odate,250,よいびより,寿司,,seafood,tb,True
akita/odate,251,ファミリーマート 大館ドーム前店,コンビニ・スーパー,,daily,tb,True
akita/odate,252,とこしゑ,惣菜・デリ、弁当,,casual,tb,True
akita/odate,253,セブンイレブン 大館市役所前店,コンビニ・スーパー,,daily,tb,True
akita/odate,254,四六時中 FC大館店,レストラン,,other,none,False
akita/odate,255,スラッピー ジョーズ,バー,,izakaya,tb,True
akita/odate,256,無印良品 いとく大館ショッピングセンター,その他,,other,none,False
akita/odate,257,インディゴ ガレージ,バー,,izakaya,tb,True
akita/odate,258,居酒屋おかえり,居酒屋,,izakaya,tb,True
akita/odate,259,ハローランチ 大館店,弁当,,casual,tb,True
akita/odate,260,とり新,焼き鳥,,meat,tb,True
akita/odate,261,恵ころく,日本料理,,japanese,tb,True
akita/odate,262,ファミリーマート 秋田大館餌釣店,コンビニ・スーパー,,daily,tb,True
akita/odate,263,アールカフェ,レストラン,,other,none,False
akita/odate,264,ロック・イン・リンダ・リンダ,バー,,izakaya,tb,True
akita/odate,265,なにわ寿し,寿司,,seafood,tb,True
akita/odate,266,やきとり竜鳳 ザ・ビッグ釈迦内店,焼き鳥,,meat,tb,True
akita/odate,267,居酒屋 十の瀬,居酒屋,,izakaya,tb,True
akita/odate,268,酒処琴,焼き鳥,,meat,tb,True
akita/odate,269,スシ勝,寿司,,seafood,tb,True
akita/odate,270,COCOてらす,カフェ,,cafe,tb,True
akita/odate,271,リキ,日本料理,,japanese,tb,True
akita/odate,272,めん太郎 大館店,うどん、そば、ラーメン,,noodles,tb,True
akita/odate,273,ルビー,日本料理、レストラン,,japanese,tb,True
akita/odate,274,ファミリーマート 秋田大館比内店,コンビニ・スーパー,,daily,tb,True
akita/odate,275,光月,おでん,,japanese,tb,True
akita/odate,276,健生堂,オーガニック,,other,none,False
akita/odate,277,千鳥,レストラン,,other,none,False
akita/odate,278,LAWSON 大館川口店,コンビニ・スーパー,,daily,tb,True
akita/odate,279,SEVANA,その他,,other,none,False
akita/odate,280,銀の龍,焼き鳥,,meat,tb,True
akita/odate,281,かづの庵,食堂,,casual,tb,True
akita/odate,282,樽八,居酒屋、中華料理、焼き鳥,,izakaya,tb,True
akita/odate,283,雨後晴,居酒屋,,izakaya,tb,True
akita/odate,284,わわわde子育てカフェ,カフェ,,cafe,tb,True
akita/odate,285,菜家房,居酒屋,,izakaya,tb,True
akita/odate,286,友美,焼き鳥,,meat,tb,True
akita/odate,287,やきとり竜鳳 薬王堂大館店,焼き鳥,,meat,tb,True
akita/odate,288,たんぽぽ,居酒屋,,izakaya,tb,True
akita/odate,289,やきとり竜鳳 ザ・ビッグ大館南店,焼き鳥,,meat,tb,True
akita/odate,290,ファミリーマート 秋田大館中山店,コンビニ・スーパー,,daily,tb,True
akita/odate,291,あきた六次会,その他,,other,none,False
akita/odate,292,Akita Hinaiya Odate Honten,,Japanese,japanese,ta,True
akita/odate,293,Hanazen,,Japanese,japanese,ta,True
akita/odate,294,Takadaya Shokudo Main Store,,Japanese;International;Japanese - Other ,japanese,ta,True
akita/odate,295,Toribian,,,other,none,False
akita/odate,296,Ganso Murasaki,,Japanese,japanese,ta,True
akita/odate,297,Niboshi Chuka Asari,,,other,none,False
akita/odate,298,Kihachi Rakuhachi Main Store,,Japanese,japanese,ta,True
akita/odate,299,Entotsu,,International,other,none,False
akita/odate,300,Sakuragiya,,Chinese,chinese,ta,True
akita/odate,301,Hinaidori,,Japanese,japanese,ta,True
akita/odate,302,Ramen Nishiki Odate Honten,,Japanese,japanese,ta,True
akita/odate,303,Mukashino Kiritampoya,,Japanese,japanese,ta,True
akita/odate,304,Yoki Na Kasan No Ie,,Japanese;Japanese - Other ,japanese,ta,True
akita/odate,305,Kiritanpo Hagi,,Japanese,japanese,ta,True
akita/odate,306,Yushoku Zanmai Hitoiki,,Japanese,japanese,ta,True
akita/odate,307,Tabedokoro Yachi,,Japanese,japanese,ta,True
akita/odate,308,Kappo Misawa,,Japanese;Japanese - Other ;Kappo,japanese,ta,True
akita/odate,309,Yakiniku Nandaimonodate,,Japanese,japanese,ta,True
akita/odate,310,Uohiko Odate,,Sushi;Izakaya (Japanese Style Tavern),seafood,ta,True
akita/odate,311,Inakaya,,Japanese;International;Japanese - Other ,japanese,ta,True
akita/odate,312,Royal Hotel Odate Villa Royal,,,other,none,False
akita/odate,313,Kappo Taiga,,Japanese;Japanese - Traditional Cuisine;Kappo,japanese,ta,True
akita/odate,314,Odate Yatate Heights,,Japanese,japanese,ta,True
akita/odate,315,Teuchi Soba Matsukura,,Japanese;Japanese - Other ,japanese,ta,True
akita/odate,316,Yoneta Shokudo,,Japanese;International;Japanese - Other ,japanese,ta,True
akita/odate,317,Kamameshi and Kushiyaki Toriden Odate,,Japanese,japanese,ta,True
akita/odate,318,Toriyakibei Odate,,Izakaya (Japanese Style Tavern),izakaya,ta,True
akita/odate,319,Dolphin,,,other,none,False
akita/odate,320,Daishoen,,Barbecue,meat,ta,True
akita/odate,321,Mos Burger Akitaodate Nakamichi,,Fast Food,casual,ta,True
akita/odate,322,McDonald s No 7 Line Odate,,American;Fast Food,european,ta,True
akita/odate,323,Yakitonto Bishoku Kuukan Nagomi,,Japanese,japanese,ta,True
akita/odate,324,Renga Tei,,Japanese,japanese,ta,True
akita/odate,325,Genkiya Odate,,Asian,chinese,ta,True
akita/odate,326,Tully s Coffee Odate,,,other,none,False
akita/odate,327,Royal Hotel Ohdate shougetsu Japanese Cuisine,,Japanese - Other ,japanese,ta,True
akita/odate,328,Lemontime,,,other,none,False
akita/odate,329,Korakuodate,,,other,none,False
akita/odate,330,Shokuraku Chubo Mu,,Japanese,japanese,ta,True
akita/odate,331,Wasabi,,Japanese;Izakaya (Japanese Style Tavern),izakaya,ta,True
akita/odate,332,Alacran,,,other,none,False
akita/odate,333,Saito Misoya,,,other,none,False
akita/odate,334,Akita Mikura,,Japanese,japanese,ta,True
akita/odate,335,Akakara Odate,,Japanese;Japanese - Other ,japanese,ta,True
akita/odate,336,Hanako,,Japanese;Izakaya (Japanese Style Tavern),izakaya,ta,True
akita/odate,337,Kourakuen Odate,,,other,none,False
akita/odate,338,Hotel Crown Palais Shuhoku Restaurant Pra Shanti,,Japanese;Japanese - Other ,japanese,ta,True
akita/odate,339,秋月,,,other,none,False
akita/odate,340,Sawarabi,,Japanese;Japanese - Traditional Cuisine;Kappo,japanese,ta,True
akita/odate,341,Oju,,Fusion,other,none,False
akita/odate,342,Drive In Sakurada,,Japanese,japanese,ta,True
akita/odate,343,Soft Tavern Waiwai,,Seafood,seafood,ta,True
akita/odate,344,Kazunoan,,Japanese;Japanese - Other ;Japanese Fusion,japanese,ta,True
akita/odate,345,Ariura Fuji,,Japanese;Japanese - Other ,japanese,ta,True
akita/odate,346,Restaurant Premier Hinai,,Japanese,japanese,ta,True
akita/odate,347,Restaurant Matsubayashi,,Japanese;International;Japanese - Other ,japanese,ta,True
akita/odate,348,Hormone Mini House,,Barbecue,meat,ta,True
akita/odate,349,Yakiniku Rengatei,,Barbecue,meat,ta,True
akita/odate,350,Tomato Onion Odate,,Japanese,japanese,ta,True
akita/odate,351,Restaurantotori,,International;Fusion,other,none,False
akita/odate,352,Aoi,,Cafe,cafe,ta,True
akita/odate,353,歓土里,,International;Fusion,other,none,False
akita/odate,354,New Beijing,,Chinese,chinese,ta,True
akita/odate,355,Coffee House Mickey,,Cafe,cafe,ta,True
akita/odate,356,Hamaie,,Japanese;Japanese - Traditional Cuisine,japanese,ta,True
akita/odate,357,Trattoria Dalee s,,Italian,european,ta,True
akita/odate,358,Sushi Naka,,Japanese;Seafood;Sushi;Japanese - Other ,seafood,ta,True
akita/odate,359,Minamiya,,Japanese,japanese,ta,True
akita/odate,360,Menkuite,,,other,none,False
akita/odate,361,Indigo Garage,,Bar,izakaya,ta,True
akita/odate,362,Seihachi,,Japanese - Other ,japanese,ta,True
akita/odate,363,Ramen Tonta Akita Odate,,Asian,chinese,ta,True
akita/odate,364,Naniwa Sushi,,Japanese;Seafood;Sushi;Japanese - Other ,seafood,ta,True
akita/odate,365,Jyukai Wooden House,,International,other,none,False
akita/odate,366,Umataro,,Japanese,japanese,ta,True
akita/odate,367,Top,,Fusion,other,none,False
akita/odate,368,Libert,,Pub,izakaya,ta,True
akita/odate,369,Yadoroku,,,other,none,False
akita/odate,370,Raitei,,Japanese;International;Japanese - Other ,japanese,ta,True
akita/odate,371,Talk,,,other,none,False
akita/odate,372,Buckwheat Kunugi,,Japanese,japanese,ta,True
akita/odate,373,Kitanokuni An,,,other,none,False
akita/odate,374,Kissho,,,other,none,False
akita/odate,375,Shoshin,,,other,none,False
akita/odate,376,Ajimaya,,Japanese;Japanese - Other ,japanese,ta,True
akita/odate,377,Rantei,,,other,none,False
akita/odate,378,Teuchi Sobatamura,,,other,none,False
akita/odate,379,Shiroku Jichu Fc Odate,,International,other,none,False
akita/odate,380,Gyosyo Ramen Hiragi,,,other,none,False
akita/odate,381,Menmen,,Japanese,japanese,ta,True
akita/odate,382,Aqa Odate,,International,other,none,False
akita/odate,383,Strawberry Tashiro,,Fast Food,casual,ta,True
akita/odate,384,Kokomitei,,Japanese,japanese,ta,True
akita/odate,385,Ryotei Shibataan,,Japanese,japanese,ta,True
akita/odate,386,Shokuji Dokoro Sugiya,,Japanese;International;Japanese - Other ,japanese,ta,True
akita/odate,387,Shokudo Mammaya,,Japanese;International;Japanese - Other ,japanese,ta,True
akita/odate,388,Torishin,,Japanese,japanese,ta,True
akita/odate,389,Odugi Dininig Room,,Japanese,japanese,ta,True
akita/odate,390,Taiwanese Restaurant Bishiki,,Asian;Taiwanese,chinese,ta,True
akita/odate,391,トラジ ラフィーネ店,,Barbecue,meat,ta,True
akita/odate,392,山寿司,,Japanese;Seafood;Sushi;Japanese - Other ,seafood,ta,True
akita/odate,393,Wakasagiya,,Japanese,japanese,ta,True
akita/odate,394,Daurando,,Cafe,cafe,ta,True
akita/odate,395,Zucca,,Cafe,cafe,ta,True
akita/odate,396,Tavernaolive,,Italian;Pizza,european,ta,True
akita/odate,397,Hi Notori Hinaiya,,Japanese,japanese,ta,True
akita/odate,398,Bambu,,Japanese,japanese,ta,True
akita/odate,399,Wing,,Fusion,other,none,False
akita/odate,400,Riki,,Japanese;Japanese - Other ,japanese,ta,True
akita/odate,401,One Day Chef No Mise,,International,other,none,False
akita/odate,402,Masugin Sushi,,Japanese;Seafood;Sushi;Japanese - Other ,seafood,ta,True
akita/odate,403,Ajinoya,,Barbecue,meat,ta,True
akita/odate,404,Kitchen Namioka,,Japanese;International;Japanese - Other ,japanese,ta,True
akita/odate,405,Muranoya,,Japanese;International;Japanese - Other ,japanese,ta,True
akita/odate,406,ゆき食堂,,Japanese;International;Japanese - Other ,japanese,ta,True
akita/odate,407,Shiki,,Japanese;Japanese - Traditional Cuisine;Kappo,japanese,ta,True
akita/odate,408,Kaheien,,Japanese,japanese,ta,True
akita/odate,409,Izakaya Kabocha,,Japanese,japanese,ta,True
akita/odate,410,Takeda Shokudo,,Japanese;International;Japanese - Other ,japanese,ta,True
akita/odate,411,Cracker,,Bar,izakaya,ta,True
akita/odate,412,Sake Dokoro Koto,,Japanese;Izakaya (Japanese Style Tavern),izakaya,ta,True
akita/odate,413,Ren,,Bar;Pub,izakaya,ta,True
akita/odate,414,Asagiri,,Japanese,japanese,ta,True
akita/odate,415,Ragunoo Itoku Odate Higashiten,,,other,none,False
akita/odate,416,Kita Izumi,,,other,none,False
akita/odate,417,Taruhachi,,Japanese;Izakaya (Japanese Style Tavern),izakaya,ta,True
akita/odate,418,Yawaragi Udon,,,other,none,False
akita/odate,419,Kotobukiya,,,other,none,False
akita/odate,420,Gugutei,,,other,none,False
akita/odate,421,Nakayama Sobadokoro Michinoku,,,other,none,False
akita/odate,422,Gin No Ryu,,Japanese;Izakaya (Japanese Style Tavern),izakaya,ta,True
akita/odate,423,Tamtan Mura,,Japanese;Izakaya (Japanese Style Tavern),izakaya,ta,True
akita/odate,424,Nagahama Coffee Shop Odate,,,other,none,False
akita/odate,425,Murasakiodateomachi,,Japanese;Izakaya (Japanese Style Tavern),izakaya,ta,True
akita/odate,426,Izakaya Yoko,,Japanese;Izakaya (Japanese Style Tavern),izakaya,ta,True
akita/odate,427,Tampopo,,,other,none,False
akita/odate,428,不二家 いとく大館ショッピングセンター店,,,other,none,False
akita/odate,429,Time Odate,,,other,none,False
akita/odate,430,Bidoro Sabo,,,other,none,False
akita/odate,431,Marugame Seimenodate,,,other,none,False
akita/odate,432,Mitsukura Rice Cracker,,,other,none,False
akita/odate,433,Takeda Confectionery,,,other,none,False
akita/odate,434,Akasaka,,,other,none,False
akita/odate,435,Al Dente,,,other,none,False
akita/odate,436,Elite,,,other,none,False
akita/odate,437,Mura no Eki Topukai,,Japanese,japanese,ta,True
akita/odate,438,Kaiheido Confectionery,,,other,none,False
akita/odate,439,岩沢菓子店,,,other,none,False
akita/odate,440,Village of Come Odate,,,other,none,False
akita/odate,441,Nice Touch,,,other,none,False
akita/odate,442,Cat Punch,,,other,none,False
akita/odate,443,Yamadoriya,,,other,none,False
akita/odate,444,Mentaro,,,other,none,False
akita/odate,445,Calbee House Juju,,Barbecue,meat,ta,True
akita/odate,446,Indian Restaurant Ganesha,,Indian,curry,ta,True
akita/odate,447,Drive In Itado,,Japanese;International;Japanese - Other ,japanese,ta,True
akita/odate,448,Ruby,,Japanese;Japanese - Traditional Cuisine,japanese,ta,True
akita/odate,449,Ikoi Shokudo,,International,other,none,False
akita/odate,450,Norichaya,,Japanese,japanese,ta,True
akita/odate,451,Chanko Ebisuko,,Japanese,japanese,ta,True
akita/odate,452,Tsukushimbo,,Fusion,other,none,False
akita/odate,453,Ajiyoshi,,,other,none,False
akita/odate,454,Shokuraku No Takumi,,,other,none,False
akita/odate,455,Gohandoki,,Japanese,japanese,ta,True
akita/odate,456,Katsuden,,Japanese;Sushi,seafood,ta,True
akita/odate,457,Hoka Hoka Bento Katayama,,Japanese,japanese,ta,True
akita/odate,458,Aqa Aqa Resort Katayama,,International,other,none,False
akita/odate,459,Rose,,Bar;Pub,izakaya,ta,True
akita/odate,460,Tampopo,,Japanese;International;Japanese - Other ,japanese,ta,True
akita/odate,461,Katsuretsuan,,Japanese;Japanese - Other ,japanese,ta,True
akita/odate,462,Gourmet D Orodate Nishi,,International,other,none,False
akita/odate,463,Sushiteru,,Japanese;Seafood;Sushi;Japanese - Other ,seafood,ta,True
akita/odate,464,Hanadokei,,Japanese;Seafood;Sushi;Japanese - Other ,seafood,ta,True
akita/odate,465,Kiraku,,Japanese,japanese,ta,True
akita/odate,466,Daisaku,,Japanese - Traditional Cuisine,other,none,False
akita/odate,467,Aji No Ie,,Japanese;International;Japanese - Other ,japanese,ta,True
akita/odate,468,Sushikitaharu,,Japanese;Sushi,seafood,ta,True
akita/odate,469,Kitaharu,,Japanese;Sushi,seafood,ta,True
akita/odate,470,Sanchoan,,Japanese,japanese,ta,True
akita/odate,471,Kimiyoshi,,Japanese,japanese,ta,True
akita/odate,472,Tomomi,,Japanese,japanese,ta,True
akita/odate,473,Cash Roll,,French,european,ta,True
akita/odate,474,Hormone Dojo Main Store,,Barbecue,meat,ta,True
akita/odate,475,Menya Rokuemon,,,other,none,False
akita/odate,476,Izakaya Hinai No Kura,,Japanese;Izakaya (Japanese Style Tavern),izakaya,ta,True
akita/odate,477,Sushi Izakaya Shube,,Japanese;Sushi,seafood,ta,True
akita/odate,478,Donna Monja Izumi,,Japanese,japanese,ta,True
akita/odate,479,Hozuki,,Japanese,japanese,ta,True
akita/odate,480,Izakaya Kei,,Japanese,japanese,ta,True
akita/odate,481,Koharu Bento,,Japanese,japanese,ta,True
akita/odate,482,Kitchentowada,,Japanese,japanese,ta,True
akita/odate,483,Witch,,,izakaya,desc,False
akita/odate,484,Saki,,Japanese;International;Japanese - Other ,japanese,ta,True
akita/odate,485,Yujin Shokudo,,Japanese,japanese,ta,True
akita/odate,486,Kanon,,Japanese,japanese,ta,True
akita/odate,487,Hotel Shuzan So Oshokuji Dokoro Kataruve,,Japanese - Other ,japanese,ta,True
akita/odate,488,Bull,,Pub,izakaya,ta,True
akita/odate,489,O2 Spottara,,Pub,izakaya,ta,True
akita/odate,490,Bar la Nuit,,,izakaya,desc,False
akita/odate,491,Daruma,,International,other,none,False
akita/odate,492,Nogiku,,Fusion,other,none,False
akita/odate,493,Happo,,International,other,none,False
akita/odate,494,Tsuna,,Japanese,japanese,ta,True
akita/odate,495,Daiko,,Japanese;International;Japanese - Other ,japanese,ta,True
akita/odate,496,Sushi Katsu,,Japanese;Seafood;Sushi;Japanese - Other ,seafood,ta,True
akita/odate,497,Date No Yakata,,Japanese,japanese,ta,True
akita/odate,498,Hormone Dojo 7Gousen,,Japanese,japanese,ta,True
akita/odate,499,Magokoro,,Japanese,japanese,ta,True
akita/odate,500,Sajataj Mahal,,Indian,curry,ta,True
akita/odate,501,Home Cooking Restaurant An,,Japanese,japanese,ta,True
akita/odate,502,Izakaya Ayaka,,Japanese;Izakaya (Japanese Style Tavern),izakaya,ta,True
akita/odate,503,Ajisai,,,other,none,False
akita/odate,504,Ekimae Hanten,,Japanese;Izakaya (Japanese Style Tavern),izakaya,ta,True
akita/odate,505,To No Se,,Japanese;Izakaya (Japanese Style Tavern),izakaya,ta,True
akita/odate,506,Akita Usen,,Izakaya (Japanese Style Tavern),izakaya,ta,True
akita/odate,507,Hiro,,Japanese;Izakaya (Japanese Style Tavern),izakaya,ta,True
akita/odate,508,Saikabo,,Japanese;Izakaya (Japanese Style Tavern),izakaya,ta,True
akita/odate,509,Mutsuko,,Japanese;Izakaya (Japanese Style Tavern),izakaya,ta,True
akita/odate,510,Megumitei,,,other,none,False
akita/odate,511,Izakaya Manma Ya,,Japanese;Izakaya (Japanese Style Tavern),izakaya,ta,True
akita/odate,512,Light House,,Bar;Pub,izakaya,ta,True
akita/odate,513,Obanzai,,Japanese;Izakaya (Japanese Style Tavern),izakaya,ta,True
akita/odate,514,Sakamasu,,Japanese;Izakaya (Japanese Style Tavern),izakaya,ta,True
akita/odate,515,茶雅,,Japanese,japanese,ta,True
akita/odate,516,Bonjour,,,other,none,False
akita/odate,517,Maruan,,,other,none,False
akita/odate,518,Kumagai Pastry,,,other,none,False
akita/odate,519,Renya Kashiho,,,other,none,False
akita/odate,520,Amalfi,,,other,none,False
akita/odate,521,Kogane Shokudo,,,other,none,False
akita/odate,522,Shurin,,,other,none,False
akita/odate,523,Kawagoe Pastry,,,other,none,False
akita/odate,524,Matsukura,,,other,none,False
akita/odate,525,Confectionery Higuchi,,,other,none,False
akita/odate,526,Yorimichidokoro Nakamise Takeuchi,,,other,none,False
akita/odate,527,Tsukushimbo,,,other,none,False
akita/odate,528,Violet,,,other,none,False
akita/odate,529,Snack Ballad,,,other,none,False
akita/odate,530,Sobadokoro Omoji,,,other,none,False
akita/oga,1,美野幸,郷土料理,,japanese,tb,True
akita/oga,2,おがジェラート,ジェラート・アイスクリーム、ソフトクリーム,,sweets,tb,True
akita/oga,3,男鹿塩ラーメン おがや,ラーメン,,noodles,tb,True
akita/oga,4,海鮮屋,海鮮,,seafood,tb,True
akita/oga,5,きりん亭,海鮮、郷土料理、日本料理,,seafood,tb,True
akita/oga,6,居酒屋 秀,居酒屋、食堂,,izakaya,tb,True
akita/oga,7,東洋一の海岸線にある男鹿のレストラン,食堂、焼きそば、郷土料理,,casual,tb,True
akita/oga,8,ニュー畠兼,海鮮、郷土料理,,seafood,tb,True
akita/oga,9,海陽,海鮮、海鮮丼、郷土料理,,seafood,tb,True
akita/oga,10,HOT DOG CAFE HAVE A GO,ホットドッグ、パン、カフェ,,sweets,tb,False
akita/oga,11,亀寿司食堂,食堂、寿司、海鮮,,casual,tb,True
akita/oga,12,恵比寿食堂,食堂,,casual,tb,True
akita/oga,13,レストランフルット,レストラン,,other,none,False
akita/oga,14,味処ドライブイン 灯台荘,郷土料理、食堂,,japanese,tb,True
akita/oga,15,トモスカフェ,カフェ,,cafe,tb,True
akita/oga,16,ファミリーレストラン 園,食堂、ラーメン、喫茶店,,casual,tb,True
akita/oga,17,アメヤ珈琲 男鹿船越店,カフェ、喫茶店,,cafe,tb,True
akita/oga,18,福の家,海鮮、居酒屋、ラーメン,,seafood,tb,True
akita/oga,19,道の駅おが,道の駅,,other,none,False
akita/oga,20,浜のそば,そば,,noodles,tb,True
akita/oga,21,寒風山ドライブイン,食堂,,casual,tb,True
akita/oga,22,ぶるーべりーガーデンカフェ,カフェ,,cafe,tb,True
akita/oga,23,ベーカリートラ,パン,,sweets,tb,True
akita/oga,24,食堂みなとや,食堂、ラーメン,,casual,tb,True
akita/oga,25,グルメストアフクシマ 福島肉店,コロッケ、惣菜・デリ、サンドイッチ,,casual,tb,True
akita/oga,26,里山のカフェ ににぎ,カフェ、旅館・民宿,,cafe,tb,True
akita/oga,27,鵜ノ崎テラス,海鮮、カフェ,,seafood,tb,True
akita/oga,28,ショップ 土と風,カフェ、サンドイッチ、ソフトクリーム,,cafe,tb,True
akita/oga,29,ババヘラアイス,その他,,other,none,False
akita/oga,30,男鹿桜島リゾートHOTELきららか,ホテル,,other,none,False
akita/oga,31,お菓子のゴンタロー 船越店,ケーキ、和菓子、ソフトクリーム,,sweets,tb,True
akita/oga,32,ファミリオ,レストラン、郷土料理、ソフトクリーム,,japanese,tb,False
akita/oga,33,お菓子のボンヌ,ケーキ、スイーツ,,sweets,tb,True
akita/oga,34,カフェＫＥＮＴＡ,カフェ、パスタ、イタリアン,,cafe,tb,True
akita/oga,35,Cafe食堂 つばき,カフェ,,cafe,tb,True
akita/oga,36,Brasserie Ogresse Quete,ビアバー、カフェ,,izakaya,tb,True
akita/oga,37,男鹿海鮮市場,その他,,other,none,False
akita/oga,38,ハッピービバーク 男鹿店,カフェ,,cafe,tb,True
akita/oga,39,お菓子のゴンタロー 本店,和菓子、ケーキ、洋菓子,,sweets,tb,True
akita/oga,40,ホテルパークテラスOGA,ホテル,,other,none,False
akita/oga,41,ニューとん太 男鹿店,ラーメン,,noodles,tb,True
akita/oga,42,らぁめん元氣屋 男鹿店,ラーメン、つけ麺、中華料理,,noodles,tb,True
akita/oga,43,コバトのコトバ,パン,,sweets,tb,True
akita/oga,44,スーパーセンター アマノ 男鹿店,コンビニ・スーパー,,daily,tb,True
akita/oga,45,レストランしらやま,レストラン、食堂,,casual,tb,False
akita/oga,46,甘楽,和菓子,,sweets,tb,True
akita/oga,47,男鹿ジャン,海鮮,,seafood,tb,True
akita/oga,48,いすとわーる,カフェ,,cafe,tb,True
akita/oga,49,D58 cafe,カフェ,,cafe,tb,True
akita/oga,50,スカイパーク寒風山回転展望台,その他,,other,none,False
akita/oga,51,なまはげ館,その他,,other,none,False
akita/oga,52,稲とアガベ醸造所,その他,,other,none,False
akita/oga,53,男鹿水族館GAO ミュージアムショップ,ソフトクリーム,,sweets,tb,True
akita/oga,54,化世沢食堂,食堂、カフェ,,casual,tb,True
akita/oga,55,鈴木金栄堂,和菓子、ケーキ、洋菓子,,sweets,tb,True
akita/oga,56,おれの焼肉,焼肉、ホルモン,,meat,tb,True
akita/oga,57,ポピー,洋菓子、ケーキ,,sweets,tb,True
akita/oga,58,スーパーセンターアマノ イートイン 男鹿店,麺類、ラーメン,,noodles,tb,True
akita/oga,59,男鹿水産,その他,,other,none,False
akita/oga,60,美酒屋すいれん,居酒屋,,izakaya,tb,True
akita/oga,61,おやつの店,たい焼き・大判焼き、麺類、かき氷,,sweets,tb,True
akita/oga,62,マッチャイナ,中華料理,,chinese,tb,True
akita/oga,63,お食事処 寿し正,食堂,,casual,tb,True
akita/oga,64,らーめん 中華 一龍 船越店,ラーメン、中華料理,,noodles,tb,True
akita/oga,65,網元番屋,海鮮,,seafood,tb,True
akita/oga,66,あじさいカフェ,カフェ,,cafe,tb,True
akita/oga,67,PZ,ピザ,,european,tb,True
akita/oga,68,珈音焙煎所,カフェ,,cafe,tb,True
akita/oga,69,森の木の実ジュース,ジューススタンド、そば、うどん,,cafe,tb,True
akita/oga,70,Rock Cat cafe,カフェ,,cafe,tb,True
akita/oga,71,居酒屋 ばんば,居酒屋、からあげ,,izakaya,tb,True
akita/oga,72,児玉冷菓,その他,,other,none,False
akita/oga,73,雄和丸の店,海鮮、食堂,,seafood,tb,True
akita/oga,74,レストランスカイビュー,食堂,,casual,tb,True
akita/oga,75,寿司陣,寿司、海鮮、日本料理,,seafood,tb,True
akita/oga,76,うみひこ 男鹿店,居酒屋,,izakaya,tb,True
akita/oga,77,サテライト男鹿,食堂,,casual,tb,True
akita/oga,78,珈琲 saten,喫茶店,,cafe,tb,True
akita/oga,79,居酒屋 たっちょん,居酒屋,,izakaya,tb,True
akita/oga,80,島の家,ラーメン,,noodles,tb,True
akita/oga,81,鈴木金栄堂 シャッポー2号店,ラーメン、食堂,,noodles,tb,True
akita/oga,82,さくらん,ラーメン、居酒屋,,noodles,tb,True
akita/oga,83,あつまれ大漁や,居酒屋,,izakaya,tb,True
akita/oga,84,ちぐさ苑,焼肉、ラーメン,,meat,tb,True
akita/oga,85,ドジャース 男鹿店,コンビニ・スーパー,,daily,tb,True
akita/oga,86,もめんの詩,カフェ、喫茶店、ケーキ,,cafe,tb,True
akita/oga,87,オレンジハウス,カフェ、パン,,cafe,tb,True
akita/oga,88,北浦館,カフェ,,cafe,tb,True
akita/oga,89,若葉食堂,食堂、ラーメン、丼,,casual,tb,True
akita/oga,90,カフェ&サロン LUANA,カフェ,,cafe,tb,True
akita/oga,91,すき家 101号男鹿店,牛丼、カレー、食堂,,casual,tb,True
akita/oga,92,千釜冷菓,その他,,other,none,False
akita/oga,93,男鹿総合観光案内所,その他,,other,none,False
akita/oga,94,レストラン クラム,洋食,,european,tb,True
akita/oga,95,ゆーちゃん,馬肉料理,,meat,tb,True
akita/oga,96,お菓子のかまだ,和菓子,,sweets,tb,True
akita/oga,97,KanpuZan,カフェ,,cafe,tb,True
akita/oga,98,杉寿司,寿司,,seafood,tb,True
akita/oga,99,公寿司,寿司,,seafood,tb,True
akita/oga,100,パン屋 麦野,パン,,sweets,tb,True
akita/oga,101,セブンイレブン 男鹿船越店,コンビニ・スーパー,,daily,tb,True
akita/oga,102,ノラネコ舎,パン、洋菓子,,sweets,tb,True
akita/oga,103,LAWSON 男鹿船越内子店,コンビニ・スーパー,,daily,tb,True
akita/oga,104,居酒屋 いと,居酒屋,,izakaya,tb,True
akita/oga,105,マーシーベース,バー、ダイニングバー,,izakaya,tb,True
akita/oga,106,きたでぇ すだ家,居酒屋,,izakaya,tb,True
akita/oga,107,LAWSON 男鹿比詰店,コンビニ・スーパー,,daily,tb,True
akita/oga,108,さんちゃんずカフェ,カフェ、食堂,,cafe,tb,True
akita/oga,109,おがんしゃ,海鮮、海鮮丼,,seafood,tb,True
akita/oga,110,玉乃家,居酒屋,,izakaya,tb,True
akita/oga,111,かっぱ寿司 男鹿店,回転寿司,,seafood,tb,True
akita/oga,112,ガスト 男鹿店,ファミレス,,casual,tb,True
akita/oga,113,マクドナルド 男鹿なまはげモール店,ハンバーガー,,casual,tb,True
akita/oga,114,三高水産,その他,,other,none,False
akita/oga,115,男鹿なまはげ直売所,その他,,other,none,False
akita/oga,116,LAWSON 男鹿脇本店,コンビニ・スーパー,,daily,tb,True
akita/oga,117,バー ゼロ,バー、ダイニングバー,,izakaya,tb,True
akita/oga,118,風花,日本料理,,japanese,tb,True
akita/oga,119,ITOKU 男鹿ショッピングセンター,コンビニ・スーパー,,daily,tb,True
akita/oga,120,めん太郎 男鹿店,うどん、そば、ラーメン,,noodles,tb,True
akita/oga,121,フレッシュベーカリー いとく男鹿ショッピングセンター店,パン,,sweets,tb,True
akita/oga,122,真山神社,その他,,other,none,False
akita/oga,123,あとりえふうろ,ジェラート・アイスクリーム,,sweets,tb,True
akita/oga,124,呑喰,居酒屋,,izakaya,tb,True
akita/oga,125,洒鈴奴,その他,,other,none,False
akita/oga,126,無印良品 いとく男鹿ショッピングセンター店,その他,,other,none,False
akita/oga,127,LAWSON 男鹿船川海岸通店,コンビニ・スーパー,,daily,tb,True
akita/oga,128,セブンイレブン 男鹿船越内子店,コンビニ・スーパー,,daily,tb,True
akita/oga,129,ピザ テン・フォー 秋田男鹿店,ピザ,,european,tb,True
akita/oga,130,SANABURI FACTORY,その他,,other,none,False
akita/oga,131,おが和,日本料理,,japanese,tb,True
akita/oga,132,セブンイレブン 男鹿船川港店,コンビニ・スーパー,,daily,tb,True
akita/oga,133,北浦うきた商店,その他,,other,none,False
akita/oga,134,COMOMO 男鹿店,豚料理、惣菜・デリ,,casual,tb,False
akita/oga,135,花の店 くろさわ,その他,,other,none,False
akita/oga,136,仕出し小山内,食堂,,casual,tb,True
akita/oga,137,アマノストア,その他,,other,none,False
akita/oga,138,LAWSON 男鹿船越店,コンビニ・スーパー,,daily,tb,True
akita/oga,139,船幸水産,その他,,other,none,False
akita/oga,140,家庭料理 椿,居酒屋,,izakaya,tb,True
akita/oga,141,渡部梨園,その他,,other,none,False
akita/oga,142,割烹　おとみ,日本料理,,japanese,tb,True
akita/oga,143,NULU,韓国料理、棒寿司,,chinese,tb,True
akita/oga,144,やわら,居酒屋,,izakaya,tb,True
akita/oga,145,第104代 肉横綱 秋田男鹿店,丼,,casual,tb,True
akita/oga,146,お食事処・おにぎり 桃,居酒屋,,izakaya,tb,True
akita/oga,147,シーガール,バー,,izakaya,tb,True
akita/oga,148,紬,居酒屋,,izakaya,tb,True
akita/oga,149,豚ちゃん,居酒屋,,izakaya,tb,True
akita/oga,150,居酒屋 秀,居酒屋,,izakaya,tb,True
akita/oga,151,幟,バー,,izakaya,tb,True
akita/oga,152,海菜,海鮮,,seafood,tb,True
akita/oga,153,Minoko,,Japanese,japanese,ta,True
akita/oga,154,Kame Sushi Shokudo,,Japanese;Sushi,seafood,ta,True
akita/oga,155,Kirintei,,Japanese,japanese,ta,True
akita/oga,156,Japanese Restaurant Kaisenya,,Japanese;Seafood,seafood,ta,True
akita/oga,157,Misaki Kaikan,,Japanese,japanese,ta,True
akita/oga,158,New Hatakane,,Japanese,japanese,ta,True
akita/oga,159,Nyudozaki Kaiyo,,Japanese,japanese,ta,True
akita/oga,160,Restaurant Shogo,,Seafood,seafood,ta,True
akita/oga,161,Shima No Ie,,,other,none,False
akita/oga,162,Restaurant Furutto,,,other,none,False
akita/oga,163,Fukuno Ya,,Japanese,japanese,ta,True
akita/oga,164,Unosaki Terrace,,Seafood,seafood,ta,True
akita/oga,165,Bishuya Suiren,,Japanese;Izakaya (Japanese Style Tavern),izakaya,ta,True
akita/oga,166,Amimotobanya,,Japanese;Seafood;Japanese - Other ,seafood,ta,True
akita/oga,167,Yuwamaru No Mise,,Japanese;Seafood;Japanese - Other ,seafood,ta,True
akita/oga,168,Ramen Newtonta Oga,,Asian,chinese,ta,True
akita/oga,169,Coffee Kobo Kannon,,Cafe,cafe,ta,True
akita/oga,170,Suzuki Kineido Shapo,,Japanese;International;Japanese - Other ,japanese,ta,True
akita/oga,171,Restaurant Kaisenya,,,other,none,False
akita/oga,172,Gourmet Store Fukushima Fukushima Butcher Shop,,European,european,ta,True
akita/oga,173,Warm Bath Land Oga,,,other,none,False
akita/oga,174,Ajidokoro Drive Intodaisou,,Seafood,seafood,ta,True
akita/oga,175,Ryugukan,,Japanese;Seafood;Japanese - Other ,seafood,ta,True
akita/oga,176,Izakaya Hide,,Pub,izakaya,ta,True
akita/oga,177,Daikichi,,,other,none,False
akita/oga,178,Candy Gontaro Funakoshi,,,other,none,False
akita/oga,179,Sugizushi,,Japanese;Sushi,seafood,ta,True
akita/oga,180,Kappa Sushi,,Japanese;Seafood;Sushi;Japanese - Other ,seafood,ta,True
akita/oga,181,Sukiya No 101 Oga,,,other,none,False
akita/oga,182,Babahera Ice,,,sweets,desc,False
akita/oga,183,Myouken,,Japanese;Sushi,seafood,ta,True
akita/oga,184,Oga Minato Municipal Hospital Restaurant,,Japanese,japanese,ta,True
akita/oga,185,Ameya Coffee Oga Funakoshi,,,other,none,False
akita/oga,186,Isono Ya,,Japanese,japanese,ta,True
akita/oga,187,Ramen Ryuma,,,other,none,False
akita/oga,188,Ramen Genkiyaoga,,,other,none,False
akita/oga,189,Yakiniku Mampukuenoga,,Barbecue,meat,ta,True
akita/oga,190,Ebisu Shokudo,,Japanese;International;Japanese - Other ,japanese,ta,True
akita/oga,191,Ichiryu Funakoshi,,,other,none,False
akita/oga,192,寒風山食堂,,Japanese,japanese,ta,True
akita/oga,193,Camelia,,Fusion,other,none,False
akita/oga,194,Homemade Cakes Poppy,,,other,none,False
akita/oga,195,Confectionery Workshop Kanra,,,other,none,False
akita/oga,196,Oga Golf Club,,Japanese;International,japanese,ta,True
akita/oga,197,Yoro Notakiojika Funakawa,,Japanese;Izakaya (Japanese Style Tavern),izakaya,ta,True
akita/oga,198,Hama No Kachan No Mise Wakamen,,Japanese;International;Japanese - Other ,japanese,ta,True
akita/oga,199,Yoro Notakiojika Funakoshi,,Japanese;Izakaya (Japanese Style Tavern),izakaya,ta,True
akita/oga,200,やきとり鳥八,,Japanese;Japanese - Other ,japanese,ta,True
akita/oga,201,Aqa Oga,,International,other,none,False
akita/oga,202,Hakodate Ramen en,,,other,none,False
akita/oga,203,Oga no Restaurant,,,other,none,False
akita/oga,204,Nyudozaki Kaikan,,Japanese,japanese,ta,True
akita/oga,205,Iriyo No Restaurant Kaiyu,,Japanese,japanese,ta,True
akita/oga,206,Kinko,,Japanese,japanese,ta,True
akita/oga,207,Gimcheon Dininig Room,,,other,none,False
akita/oga,208,Little Japan,,,other,none,False
akita/oga,209,Kineido Main Store,,,other,none,False
akita/oga,210,Ogashima,,Japanese;International;Japanese - Other ,japanese,ta,True
akita/oga,211,Blueberry Garden Cafe,,Cafe,cafe,ta,True
akita/oga,212,Restaurant Tsuchi Kaze,,Fusion,other,none,False
akita/oga,213,Bakery Dora,,Deli,other,none,False
akita/oga,214,Hanareya,,Japanese - Other ,japanese,ta,True
akita/oga,215,Kozushi,,Japanese;Sushi,seafood,ta,True
akita/oga,216,Shinroku Zushi,,Japanese;Seafood;Sushi;Japanese - Other ,seafood,ta,True
akita/oga,217,Miyako Sushi,,Japanese;Sushi,seafood,ta,True
akita/oga,218,Meiraku Sushi,,Japanese;Seafood;Sushi;Japanese - Other ,seafood,ta,True
akita/oga,219,Chuka Soba Kitakamakura Oga,,,other,none,False
akita/oga,220,Toshi Chan,,Izakaya (Japanese Style Tavern),izakaya,ta,True
akita/oga,221,Miharashi,,,other,none,False
akita/oga,222,Funakawa Kowan Shokudo,,Japanese - Other ,japanese,ta,True
akita/oga,223,Kamadoya,,Japanese,japanese,ta,True
akita/oga,224,Sushi Jin,,Japanese;Sushi,seafood,ta,True
akita/oga,225,Hanakiko,,Japanese,japanese,ta,True
akita/oga,226,Sushi Masa,,Japanese;Seafood;Sushi;Japanese - Other ,seafood,ta,True
akita/oga,227,焼肉 和遊亭,,Barbecue,meat,ta,True
akita/oga,228,Akebono,,Barbecue,meat,ta,True
akita/oga,229,Hokakejima,,,other,none,False
akita/oga,230,Kaiseian,,,other,none,False
akita/oga,231,Satsuki,,Japanese,japanese,ta,True
akita/oga,232,Sobadokoro Arima,,,other,none,False
akita/oga,233,Nomitaya,,,other,none,False
akita/oga,234,Hyotan,,Japanese;Izakaya (Japanese Style Tavern),izakaya,ta,True
akita/oga,235,Nomi Dokoro Sakiko,,Japanese - Other ,japanese,ta,True
akita/oga,236,Amano,,Japanese;Japanese - Other ,japanese,ta,True
akita/oga,237,Sankaku,,Japanese,japanese,ta,True
akita/oga,238,Tsumugi,,Japanese;International;Japanese - Other ,japanese,ta,True
akita/oga,239,Namahage Rice Cracker,,,other,none,False
akita/oga,240,Sawada Pastry,,,other,none,False
akita/oga,241,Minori,,Japanese;Izakaya (Japanese Style Tavern),izakaya,ta,True
akita/oga,242,Yawara,,Japanese;Izakaya (Japanese Style Tavern),izakaya,ta,True
akita/oga,243,Tonchan,,Japanese;Izakaya (Japanese Style Tavern),izakaya,ta,True
akita/ogata,1,中国四川料理 彗星,四川料理、中華料理,,chinese,tb,False
akita/ogata,2,八幡平ポーク 大潟店,弁当、豚料理,,casual,tb,True
akita/ogata,3,レストラン・フレボラント,食堂,,casual,tb,True
akita/ogata,4,ファミリーレストラン パンダ,寿司、食堂、カレー,,seafood,tb,True
akita/ogata,5,道の駅 おおがた 産直センター潟の店,その他,,other,none,False
akita/ogata,6,和洋ダイニング 風車,フレンチ、洋食、日本料理,,european,tb,True
akita/ogata,7,野の花シフォン,洋菓子、パン,,sweets,tb,True
akita/ogata,8,食ってく！持ってく！ 八幡平ポーク,弁当、うどん、ソフトクリーム,,casual,tb,True
akita/ogata,9,あぐりプラザおおがた,コンビニ・スーパー,,daily,tb,True
akita/ogata,10,Flyway,カフェ,,cafe,tb,True
akita/ogata,11,Ponte,カフェ,,cafe,tb,True
akita/ogata,12,セブンイレブン 秋田大潟店,コンビニ・スーパー,,daily,tb,True
akita/ogata,13,Treat Box,ドーナツ、スイーツ,,sweets,tb,True
akita/ogata,14,LAWSON 大潟村店,コンビニ・スーパー,,daily,tb,True
akita/ogata,15,ドライフルーツ 10COUNT,その他,,other,none,False
akita/ogata,16,野の花シフォン,洋菓子,,sweets,tb,True
akita/ogata,17,Nonohanashifon,,,other,none,False
akita/ogata,18,Hotel Sun Rural Ogata Chinese Sichuan Restaurant Comet,,Chinese;International;Szechuan,chinese,ta,True
akita/ogata,19,株式会社ルーラル大潟,,Japanese,japanese,ta,True
akita/ogata,20,Ameya Coffee Ogata,,,other,none,False
akita/ogata,21,Ogata Sushi,,Sushi,seafood,ta,True
akita/ogata,22,Panda,,Sushi,seafood,ta,True
akita/semboku,1,料亭　稲穂,日本料理、郷土料理,,japanese,tb,True
akita/semboku,2,そばきり長助,そば,,noodles,tb,True
akita/semboku,3,あきたプリン亭,プリン、洋菓子,,sweets,tb,False
akita/semboku,4,桜の里,食堂、親子丼、うどん,,casual,tb,True
akita/semboku,5,フルーツパーラー角館 さかい屋,フルーツパーラー、ジェラート・アイスクリーム,,sweets,tb,False
akita/semboku,6,角館そば,そば,,noodles,tb,True
akita/semboku,7,そば五郎,そば、ラーメン,,noodles,tb,True
akita/semboku,8,レガールリッツ,ケーキ、洋菓子,,sweets,tb,True
akita/semboku,9,仙岩峠の茶屋,食堂、おでん、ラーメン,,casual,tb,True
akita/semboku,10,土間人 角館店,居酒屋、郷土料理,,izakaya,tb,True
akita/semboku,11,あごだし稲庭うどん 古泉洞,うどん、そば,,noodles,tb,True
akita/semboku,12,ふきや,レストラン、うどん,,noodles,tb,False
akita/semboku,13,山のはちみつ屋　ピザ工房,イタリアン、ピザ、パスタ,,european,tb,True
akita/semboku,14,花うさぎ,ラーメン、つけ麺,,noodles,tb,True
akita/semboku,15,たつこ茶屋,麺類、ろばた焼き、郷土料理,,noodles,tb,True
akita/semboku,16,手打そば 野の花庵,そば,,noodles,tb,True
akita/semboku,17,ORAE,野菜料理、ビアガーデン、カフェ,,japanese,tb,True
akita/semboku,18,食堂 いなほ,郷土料理、うどん、日本料理,,japanese,tb,True
akita/semboku,19,武家屋敷の茶屋,甘味処、カフェ,,sweets,tb,True
akita/semboku,20,ジンギスカン食堂,ジンギスカン、旅館・民宿,,meat,tb,True
akita/semboku,21,欧風食堂 グランビア,豚料理、洋食、カフェ,,european,tb,False
akita/semboku,22,Honey Bouquet,カフェ、ケーキ、喫茶店,,cafe,tb,True
akita/semboku,23,有頂天喫茶,喫茶店,,cafe,tb,True
akita/semboku,24,船場 龍水庵,そば,,noodles,tb,True
akita/semboku,25,みちのく食事処,日本料理、食堂,,japanese,tb,True
akita/semboku,26,ひなたエキス 田沢湖店,スープ、ジューススタンド,,cafe,tb,False
akita/semboku,27,駅前食堂,食堂、うどん,,casual,tb,True
akita/semboku,28,風雅,イタリアン、パスタ、ラーメン,,european,tb,True
akita/semboku,29,月の栞,郷土料理、親子丼、うどん,,japanese,tb,True
akita/semboku,30,櫻丸珈琲,カフェ,,cafe,tb,True
akita/semboku,31,唐土庵 武家屋敷店,和菓子、洋菓子,,sweets,tb,True
akita/semboku,32,あさり商店,きりたんぽ、そば、うどん,,japanese,tb,True
akita/semboku,33,藤八堂,鳥料理、親子丼、うどん,,casual,tb,False
akita/semboku,34,ピープル,喫茶店,,cafe,tb,True
akita/semboku,35,ハイカラ館,喫茶店、甘味処,,cafe,tb,True
akita/semboku,36,樅の木亭,日本料理、創作料理,,japanese,tb,True
akita/semboku,37,みずうみ,うどん、そば、天ぷら,,noodles,tb,True
akita/semboku,38,町家館かくのだ亭,うどん、親子丼,,noodles,tb,True
akita/semboku,39,ガーデンカフェ&デリカ キモト,惣菜・デリ、カフェ、オーガニック,,casual,tb,True
akita/semboku,40,プチ・フレーズ,カフェ、ケーキ、パン,,cafe,tb,True
akita/semboku,41,さくらぎ,そば,,noodles,tb,True
akita/semboku,42,さくら小路,親子丼、うどん,,casual,tb,True
akita/semboku,43,くらた 角館店,ジェラート・アイスクリーム、和菓子,,sweets,tb,True
akita/semboku,44,珍来飯店,中華料理,,chinese,tb,True
akita/semboku,45,田沢湖ローズパークホテル,フレンチ、カフェ、ジェラート・アイスクリーム,,european,tb,True
akita/semboku,46,たかはし食堂,食堂,,casual,tb,True
akita/semboku,47,お食事処 ばっきゃ,郷土料理、食堂、居酒屋,,japanese,tb,True
akita/semboku,48,唐土庵 角館駅前店,和菓子,,sweets,tb,True
akita/semboku,49,むらっこ物産館,ジェラート・アイスクリーム、そば、日本料理,,sweets,tb,True
akita/semboku,50,くら吉 角館本店,和菓子,,sweets,tb,True
akita/semboku,51,TOSSI,パン,,sweets,tb,True
akita/semboku,52,田沢湖レストハウス,レストラン,,other,none,False
akita/semboku,53,ホテルグランド天空,レストラン,,other,none,False
akita/semboku,54,びすけっと,喫茶店、ケーキ,,cafe,tb,True
akita/semboku,55,唐土庵 さくら並木店,和菓子,,sweets,tb,True
akita/semboku,56,駒ヶ岳グランドホテル,ホテル,,other,none,False
akita/semboku,57,なるほど,居酒屋,,izakaya,tb,True
akita/semboku,58,山のはちみつ屋,その他,,other,none,False
akita/semboku,59,土鍋屋,ラーメン、鍋、麺類,,noodles,tb,True
akita/semboku,60,まるかわ,うどん,,noodles,tb,True
akita/semboku,61,桃屋,日本料理、食堂,,japanese,tb,True
akita/semboku,62,遊び庵,レストラン、丼,,casual,tb,False
akita/semboku,63,日辻屋,居酒屋、食堂,,izakaya,tb,True
akita/semboku,64,セルリアンリゾート AONI,ホテル,,other,none,False
akita/semboku,65,ラーメン46,ラーメン,,noodles,tb,True
akita/semboku,66,donopan,カフェ,,cafe,tb,True
akita/semboku,67,後藤福進堂,和菓子,,sweets,tb,True
akita/semboku,68,安藤醸造元 北浦本館,その他,,other,none,False
akita/semboku,69,そば五郎 駒ヶ岳温泉店,そば,,noodles,tb,True
akita/semboku,70,和食しぶや,居酒屋、郷土料理,,izakaya,tb,True
akita/semboku,71,田沢プラトーホテル,ホテル,,other,none,False
akita/semboku,72,安藤醸造 本店,その他,,other,none,False
akita/semboku,73,家庭料理 はる,レストラン,,other,none,False
akita/semboku,74,雲沢観光ドライブイン,食堂、そば、ラーメン,,casual,tb,True
akita/semboku,75,玉川温泉 売店,その他,,other,none,False
akita/semboku,76,ひいらぎ,居酒屋、郷土料理,,izakaya,tb,True
akita/semboku,77,唐土庵いさみや 本店,和菓子、ジェラート・アイスクリーム,,sweets,tb,True
akita/semboku,78,しらかば,ラーメン、カレー、牛丼,,noodles,tb,True
akita/semboku,79,のんき食堂,ラーメン,,noodles,tb,True
akita/semboku,80,田舎の手打ちそば　すが家,そば,,noodles,tb,True
akita/semboku,81,かしわ家,食堂,,casual,tb,True
akita/semboku,82,林泉堂 角館店,ラーメン、スイーツ,,noodles,tb,True
akita/semboku,83,cafe モロビ,カフェ,,cafe,tb,True
akita/semboku,84,たつこ食堂,食堂,,casual,tb,True
akita/semboku,85,熊谷なると餅店,和菓子,,sweets,tb,True
akita/semboku,86,coffee&gallery zawa zawa,カフェ,,cafe,tb,True
akita/semboku,87,麺屋神楽,ラーメン,,noodles,tb,True
akita/semboku,88,東東,中華料理,,chinese,tb,True
akita/semboku,89,田沢湖市 特産物コーナー,その他,,other,none,False
akita/semboku,90,百穂苑,郷土料理,,japanese,tb,True
akita/semboku,91,辰巳寿司,レストラン,,other,none,False
akita/semboku,92,ルーシーカンパニー,ケーキ、パン、かき氷,,sweets,tb,True
akita/semboku,93,山のはちみつ屋 田沢湖市店,その他,,other,none,False
akita/semboku,94,八田菓子舗,和菓子、ケーキ,,sweets,tb,True
akita/semboku,95,カフェぶなの森Ｆｕｕ,パスタ、ピザ、ダイニングバー,,european,tb,True
akita/semboku,96,レストラン SALATO,洋食、ビュッフェ,,european,tb,True
akita/semboku,97,源八,日本料理,,japanese,tb,True
akita/semboku,98,ローズ カフェ,カフェ,,cafe,tb,True
akita/semboku,99,旬彩ダイニング ぶなの四季,丼、うどん,,casual,tb,True
akita/semboku,100,cafe+inn That Sounds Good !,カフェ、パン、バー,,cafe,tb,True
akita/semboku,101,華頂,レストラン、居酒屋、食堂,,izakaya,tb,False
akita/semboku,102,ラーメン大学 角館店,ラーメン,,noodles,tb,True
akita/semboku,103,うえの食堂,ラーメン、食堂,,noodles,tb,True
akita/semboku,104,こにとく,ラーメン、そば,,noodles,tb,True
akita/semboku,105,うまい 一丸鮨 角館店,回転寿司,,seafood,tb,True
akita/semboku,106,ガトーやまだ,ケーキ,,sweets,tb,True
akita/semboku,107,小倉園,日本料理,,japanese,tb,True
akita/semboku,108,角館葵商店,ソフトクリーム,,sweets,tb,True
akita/semboku,109,寿し処 くまがい,寿司、海鮮、日本料理,,seafood,tb,True
akita/semboku,110,居酒屋 こまち,居酒屋,,izakaya,tb,True
akita/semboku,111,食彩 舞桜,食堂,,casual,tb,True
akita/semboku,112,秋田銘菓さなづら本舗 福寿,和菓子,,sweets,tb,True
akita/semboku,113,和のゐ 角館 米蔵,創作料理,,japanese,tb,True
akita/semboku,114,HOTEL Reise Basis,ホテル,,other,none,False
akita/semboku,115,めん丸 仙北店,ラーメン,,noodles,tb,True
akita/semboku,116,田沢湖グリーンガーデン,ラーメン、うどん、きりたんぽ,,noodles,tb,True
akita/semboku,117,味彩,食堂,,casual,tb,True
akita/semboku,118,麺屋 むらさき,ラーメン,,noodles,tb,True
akita/semboku,119,鉄板焼き 桜こまち 武家屋敷店,ステーキ、鉄板焼き,,meat,tb,True
akita/semboku,120,新玉川温泉 売店,その他,,other,none,False
akita/semboku,121,田中屋,レストラン、ラーメン,,noodles,tb,False
akita/semboku,122,せいろ亭,肉まん、郷土料理,,japanese,tb,False
akita/semboku,123,中華料理 祐楼,中華料理,,chinese,tb,True
akita/semboku,124,レストランかたくり,食堂,,casual,tb,True
akita/semboku,125,だるま寿し,寿司,,seafood,tb,True
akita/semboku,126,稲庭古来堂 青柳家店,うどん,,noodles,tb,True
akita/semboku,127,なか志ま旅館(お食事処),食堂,,casual,tb,True
akita/semboku,128,湖月まさき菓子店,洋菓子,,sweets,tb,True
akita/semboku,129,caffe felice / Bar bellissimo,カフェ、バー,,cafe,tb,True
akita/semboku,130,リーベ,バー,,izakaya,tb,True
akita/semboku,131,Aji-Q 角館店,ラーメン,,noodles,tb,True
akita/semboku,132,花上庵,その他,,other,none,False
akita/semboku,133,田沢湖レストハウス ファストフードコーナー,レストラン,,other,none,False
akita/semboku,134,滝沢食堂,食堂、ラーメン,,casual,tb,True
akita/semboku,135,こまくさ,麺類、カレー,,noodles,tb,True
akita/semboku,136,富久屋,焼肉、韓国料理,,meat,tb,True
akita/semboku,137,季流,日本料理,,japanese,tb,True
akita/semboku,138,城下町物産,その他,,other,none,False
akita/semboku,139,鮎まる本店,その他,,other,none,False
akita/semboku,140,お菓子のくろまる 角館店,ケーキ、和菓子,,sweets,tb,True
akita/semboku,141,レストラン花ごよみ,日本料理、洋食,,japanese,tb,True
akita/semboku,142,お食事処 庵,食堂、そば、郷土料理,,casual,tb,True
akita/semboku,143,喫茶 いちゑ,喫茶店,,cafe,tb,True
akita/semboku,144,やじろ兵衛,レストラン,,other,none,False
akita/semboku,145,ベルナール ワンダーモール店,パン,,sweets,tb,True
akita/semboku,146,料亭 川竹,日本料理,,japanese,tb,True
akita/semboku,147,櫻樂屋,居酒屋,,izakaya,tb,True
akita/semboku,148,にいやま,居酒屋,,izakaya,tb,True
akita/semboku,149,IDO good cafe,カフェ,,cafe,tb,True
akita/semboku,150,キオスク 田沢湖駅店,その他,,other,none,False
akita/semboku,151,地酒処 君ちゃん,その他,,other,none,False
akita/semboku,152,日本料理まる松,日本料理,,japanese,tb,True
akita/semboku,153,マルヨ蔵 麹くらぶ,カフェ,,cafe,tb,True
akita/semboku,154,角館納豆製造所,その他,,other,none,False
akita/semboku,155,農家のそば屋 一助,そば,,noodles,tb,True
akita/semboku,156,丸八食堂,食堂,,casual,tb,True
akita/semboku,157,寿し文,寿司、ラーメン、丼,,seafood,tb,True
akita/semboku,158,東海林,郷土料理、鳥料理、海鮮,,japanese,tb,True
akita/semboku,159,ふじた,ジェラート・アイスクリーム,,sweets,tb,True
akita/semboku,160,ぎんれいハウス,食堂,,casual,tb,True
akita/semboku,161,寿司 秀,寿司,,seafood,tb,True
akita/semboku,162,Kenny Tone,喫茶店,,cafe,tb,True
akita/semboku,163,信田商店,スイーツ、甘味処,,sweets,tb,True
akita/semboku,164,きっちんカフェ槎湖,カフェ,,cafe,tb,True
akita/semboku,165,Lazuli　たざわこのパン屋さん,パン、洋菓子,,sweets,tb,True
akita/semboku,166,登喜和,日本料理,,japanese,tb,True
akita/semboku,167,田沢湖ジェラート,ジェラート・アイスクリーム,,sweets,tb,True
akita/semboku,168,ログハウスカフェこーきーず,カフェ,,cafe,tb,True
akita/semboku,169,Aji-Q 田沢湖店,ラーメン,,noodles,tb,True
akita/semboku,170,佐藤養助 角館店,うどん,,noodles,tb,True
akita/semboku,171,ニューデイズ 角館,コンビニ・スーパー,,daily,tb,True
akita/semboku,172,樹の下やよしなり,その他,,other,none,False
akita/semboku,173,食彩 げんべい,食堂、居酒屋,,casual,tb,True
akita/semboku,174,グランデールガーデン,その他,,other,none,False
akita/semboku,175,りとるわん・ひなたカフェ,ソフトクリーム、カフェ,,sweets,tb,True
akita/semboku,176,ことぶき,寿司,,seafood,tb,True
akita/semboku,177,むらの喫茶店 たざわ,喫茶店,,cafe,tb,True
akita/semboku,178,玉川温泉 喫茶,喫茶店、パスタ,,cafe,tb,True
akita/semboku,179,藤寿し,寿司,,seafood,tb,True
akita/semboku,180,食事処松月,食堂,,casual,tb,True
akita/semboku,181,居酒屋華,居酒屋,,izakaya,tb,True
akita/semboku,182,バーガーショップ gatagata,ハンバーガー,,casual,tb,True
akita/semboku,183,ガスト 角館店,ファミレス,,casual,tb,True
akita/semboku,184,駒ケ岳ドライブイン,ラーメン,,noodles,tb,True
akita/semboku,185,かたくり館,その他,,other,none,False
akita/semboku,186,秋田内陸縦貫鉄道 角館駅売店,その他,,other,none,False
akita/semboku,187,がっこ蔵,その他,,other,none,False
akita/semboku,188,居酒屋ぐるぐる,居酒屋,,izakaya,tb,True
akita/semboku,189,佐々木栗園,フルーツパーラー,,other,none,False
akita/semboku,190,よねや 角館店,その他,,other,none,False
akita/semboku,191,あたりや,日本料理,,japanese,tb,True
akita/semboku,192,旬菜レストラン パリ屋,日本料理、創作料理,,japanese,tb,True
akita/semboku,193,アグリガーデン,担々麺,,noodles,tb,True
akita/semboku,194,角館こだわり蔵,その他,,other,none,False
akita/semboku,195,和風レストランまるまつ 角館店,ファミレス,,casual,tb,True
akita/semboku,196,ビフレ 田沢湖店,コンビニ・スーパー,,daily,tb,True
akita/semboku,197,田沢湖レストハウス 売店,その他,,other,none,False
akita/semboku,198,三千里,焼肉,,meat,tb,True
akita/semboku,199,ちば珈琲店,カフェ、喫茶店,,cafe,tb,True
akita/semboku,200,五人百姓 桜プラザ店,居酒屋,,izakaya,tb,True
akita/semboku,201,おみやげ処 角館の四季,その他,,other,none,False
akita/semboku,202,黒湯喫茶,喫茶店,,cafe,tb,True
akita/semboku,203,櫓,焼き鳥,,meat,tb,True
akita/semboku,204,セブンイレブン 角館小館店,コンビニ・スーパー,,daily,tb,True
akita/semboku,205,デイリーヤマザキ 神代店,コンビニ・スーパー,,daily,tb,True
akita/semboku,206,ねこのみせ滑川,喫茶店、甘味処,,cafe,tb,True
akita/semboku,207,藤木菓子舗,和菓子,,sweets,tb,True
akita/semboku,208,ドリームハウス とぼ,喫茶店,,cafe,tb,True
akita/semboku,209,ファミリーマート 仙北西木西明寺店,コンビニ・スーパー,,daily,tb,True
akita/semboku,210,LAWSON 角館岩瀬店,コンビニ・スーパー,,daily,tb,True
akita/semboku,211,LAWSON 田沢湖生保内店,コンビニ・スーパー,,daily,tb,True
akita/semboku,212,クリオン,ホテル,,other,none,False
akita/semboku,213,田沢湖ビールブルワリーショップ,その他,,other,none,False
akita/semboku,214,LAWSON 角館武家屋敷店,コンビニ・スーパー,,daily,tb,True
akita/semboku,215,居酒屋 望,居酒屋,,izakaya,tb,True
akita/semboku,216,デイリーヤマザキ 田沢湖高原店,コンビニ・スーパー,,daily,tb,True
akita/semboku,217,斎藤商店,売店,,casual,tb,True
akita/semboku,218,LAWSON 田沢湖造道店,コンビニ・スーパー,,daily,tb,True
akita/semboku,219,libertà×libertà,パスタ,,european,tb,True
akita/semboku,220,肉のわかば 角館店,その他,,other,none,False
akita/semboku,221,エンゼル,パン,,sweets,tb,True
akita/semboku,222,パインテール,その他,,other,none,False
akita/semboku,223,ここのつ豆,ベーグル、パン、カフェ,,sweets,tb,True
akita/semboku,224,鮮粋,居酒屋,,izakaya,tb,True
akita/semboku,225,角館桜皮細工センター 武家屋敷通り店,その他,,other,none,False
akita/semboku,226,美杉ギフト部,その他,,other,none,False
akita/semboku,227,久太郎,その他,,other,none,False
akita/semboku,228,朝いち弁当,弁当,,casual,tb,True
akita/semboku,229,盛屋,惣菜・デリ,,casual,tb,True
akita/semboku,230,函館赤ちょうちん 田沢湖店,ろばた焼き,,other,none,False
akita/semboku,231,かじか瀬,食堂,,casual,tb,True
akita/semboku,232,花筐,喫茶店,,cafe,tb,True
akita/semboku,233,コーヒーハウスパル,喫茶店,,cafe,tb,True
akita/semboku,234,佐藤商事,和菓子,,sweets,tb,True
akita/semboku,235,須江,その他,,other,none,False
akita/semboku,236,茶茶喜,カフェ、喫茶店,,cafe,tb,True
akita/semboku,237,Right on,ダイニングバー、バー、イタリアン,,izakaya,tb,True
akita/semboku,238,暫屋,ホルモン、ジンギスカン,,meat,tb,True
akita/semboku,239,ペンション 白い星,ホテル,,other,none,False
akita/semboku,240,長沼商店 角館店,その他,,other,none,False
akita/semboku,241,結び庵,日本料理、カフェ,,japanese,tb,True
akita/semboku,242,錦ずし,寿司,,seafood,tb,True
akita/semboku,243,花　あかり,バー、喫茶店,,izakaya,tb,True
akita/semboku,244,久之助栗園,その他,,other,none,False
akita/semboku,245,Kyukamura Nyuto Onsenkyo Restaurant,,Japanese - Other ,japanese,ta,True
akita/semboku,246,Restaurant Sakura no sato,,Japanese;Asian,chinese,ta,True
akita/semboku,247,Yamano Hachimitsuya,,,other,none,False
akita/semboku,248,Tazawako Rest House,,,other,none,False
akita/semboku,249,Sengantougeno Cyaya,,Japanese,japanese,ta,True
akita/semboku,250,Soba Goro,,,other,none,False
akita/semboku,251,Domanin,,Japanese;Bar,izakaya,ta,True
akita/semboku,252,Morokoshian Bukeyashiki,,Japanese sweets parlour,sweets,desc,False
akita/semboku,253,Yamano Hachimitsuya Pizza Kobo,,Italian;Pizza,european,ta,True
akita/semboku,254,Juwari Soba Restaurant Sobagoro,,Japanese;Japanese - Other ,japanese,ta,True
akita/semboku,255,Komakusa,,Japanese;International;Japanese - Other ,japanese,ta,True
akita/semboku,256,Ryotei Inaho,,Japanese,japanese,ta,True
akita/semboku,257,Tamagawa Onsen Shokudo,,Japanese,japanese,ta,True
akita/semboku,258,Sobakiri Chosuke,,Japanese,japanese,ta,True
akita/semboku,259,Bukeyashiki no Chaya,,,other,none,False
akita/semboku,260,Nishinomiyake Restaurant Kitagura,,International,other,none,False
akita/semboku,261,Kakunodate Soba,,Japanese,japanese,ta,True
akita/semboku,262,Jingisukan Dining,,Japanese,japanese,ta,True
akita/semboku,263,Haikara Kan Kakunodate Rekishimura Aoyagike,,Cafe,cafe,ta,True
akita/semboku,264,Tatsuko Chaya,,Japanese;Japanese - Other ,japanese,ta,True
akita/semboku,265,Bekkan Yama No Yado,,Japanese,japanese,ta,True
akita/semboku,266,Kosendo,,,other,none,False
akita/semboku,267,Tsuki no Shiori,,Japanese,japanese,ta,True
akita/semboku,268,Oshokujidokoro Bakkya,,Japanese,japanese,ta,True
akita/semboku,269,Morokoshian Kakunodate Ekimae,,,other,none,False
akita/semboku,270,Murakko Bussankan,,,other,none,False
akita/semboku,271,Hana Usagi,,,other,none,False
akita/semboku,272,Akita Puddingtei,,Japanese sweets parlour,sweets,desc,False
akita/semboku,273,Sakurakoji,,Japanese;Japanese - Other ,japanese,ta,True
akita/semboku,274,Inaniwa Koraido Aoyanagike,,Japanese,japanese,ta,True
akita/semboku,275,Touhachidou,,Japanese,japanese,ta,True
akita/semboku,276,Oshokujidokoro Fukiya,,,other,none,False
akita/semboku,277,Kurakichi Kammi Sabo,,,other,none,False
akita/semboku,278,Kyoei Palace,,Japanese - Other ,japanese,ta,True
akita/semboku,279,Donabeya,,Japanese;Japanese - Other ,japanese,ta,True
akita/semboku,280,Kakunodate Shichibe,,Japanese,japanese,ta,True
akita/semboku,281,Morokoshian Kakunodate Sakura Namiki,,Japanese sweets parlour,sweets,desc,False
akita/semboku,282,Hyakusuisen,,Japanese;Japanese - Other ,japanese,ta,True
akita/semboku,283,Gempachi,,Japanese,japanese,ta,True
akita/semboku,284,Momoya,,Japanese;International;Japanese - Other ,japanese,ta,True
akita/semboku,285,Murasaki,,Japanese,japanese,ta,True
akita/semboku,286,Handmade Soba Sakuragi,,,other,none,False
akita/semboku,287,Mizuumi,,,other,none,False
akita/semboku,288,Sato Yosuke Kakunodate,,Japanese,japanese,ta,True
akita/semboku,289,Dining Michinoku,,,other,none,False
akita/semboku,290,Nishinomiyakeomoya,,Japanese,japanese,ta,True
akita/semboku,291,Watanabe Kashi,,,other,none,False
akita/semboku,292,Washokudokoro Kiryu,,Japanese,japanese,ta,True
akita/semboku,293,Fujita,,,other,none,False
akita/semboku,294,Kumosawa Kanko Drive In,,Japanese;International;Japanese - Other ,japanese,ta,True
akita/semboku,295,Cafe Biscuit,,Cafe,cafe,ta,True
akita/semboku,296,Heirokuzushi Akita Sembokukakunodate,,Japanese;Seafood;Sushi;Japanese - Other ,seafood,ta,True
akita/semboku,297,Sakurada Shoten,,,other,none,False
akita/semboku,298,Marukawa,,Japanese;Japanese - Other ,japanese,ta,True
akita/semboku,299,Homemade Noodles Ito,,Asian,chinese,ta,True
akita/semboku,300,Hi No de Shokudo Kizuna,,Japanese;International;Japanese - Other ,japanese,ta,True
akita/semboku,301,Jubei,,,other,none,False
akita/semboku,302,Teuchi Soba Nonohana An,,Japanese;Japanese - Other ,japanese,ta,True
akita/semboku,303,Yajirobe,,Japanese,japanese,ta,True
akita/semboku,304,Ito,,,other,none,False
akita/semboku,305,Oguraen,,Japanese;International;Japanese - Other ,japanese,ta,True
akita/semboku,306,Petit Phrase,,,other,none,False
akita/semboku,307,Wadaidokoro Kobanten,,Japanese;Izakaya (Japanese Style Tavern),izakaya,ta,True
akita/semboku,308,Ramen Menmaru Senboku,,,other,none,False
akita/semboku,309,Tonton,,Chinese,chinese,ta,True
akita/semboku,310,Italian Dining Fuga,,Italian,european,ta,True
akita/semboku,311,Maruyogura Kojikurabu,,,other,none,False
akita/semboku,312,Japanese Restaurant Shibuya,,Japanese,japanese,ta,True
akita/semboku,313,Asari Shoten,,Japanese;Japanese - Other ,japanese,ta,True
akita/semboku,314,Kumagaya Naruto Mochiten,,,other,none,False
akita/semboku,315,Washoku Sankichi,,Japanese,japanese,ta,True
akita/semboku,316,Hatta Confectionery,,,other,none,False
akita/semboku,317,Naruhodo,,Japanese,japanese,ta,True
akita/semboku,318,Tatsuko Chaya,,Japanese;International;Japanese - Other ,japanese,ta,True
akita/semboku,319,Asobi An,,,other,none,False
akita/semboku,320,Sushi Dokoro Kumagai,,Japanese;Sushi,seafood,ta,True
akita/semboku,321,Noka no Sobaya Ichisuke,,Japanese;Japanese - Other ,japanese,ta,True
akita/semboku,322,Lakeshore Mizuumi,,Japanese,japanese,ta,True
akita/semboku,323,Agri Garden,,,other,none,False
akita/semboku,324,Nekono Mise Namekawa,,Cafe,cafe,ta,True
akita/semboku,325,Kataiwaken West Side Alley Tavern,,Brew Pub;Pub,izakaya,ta,True
akita/semboku,326,Nonki Shokudo,,,other,none,False
akita/semboku,327,Takizawa Shokudo,,Japanese;International;Japanese - Other ,japanese,ta,True
akita/semboku,328,Maruzen,,Japanese;Japanese - Other ,japanese,ta,True
akita/semboku,329,Hiyumehana,,,other,none,False
akita/semboku,330,Restaurant Katakuri,,Japanese,japanese,ta,True
akita/semboku,331,Uotami Kakunodate,,Seafood,seafood,ta,True
akita/semboku,332,Japanese Restaurant Marumatsu,,Japanese;Japanese - Other ,japanese,ta,True
akita/semboku,333,Hiragi,,Japanese;Japanese - Other ,japanese,ta,True
akita/semboku,334,Jinichi,,,other,none,False
akita/semboku,335,Hanagoyomi,,Japanese,japanese,ta,True
akita/semboku,336,Nezuneko,,,other,none,False
akita/semboku,337,Wafu Restaurant Marumatsu Kakunodate,,Japanese;Japanese - Other ,japanese,ta,True
akita/semboku,338,Ramen Manman,,,other,none,False
akita/semboku,339,Machiyakan Kakunodatei,,Japanese,japanese,ta,True
akita/semboku,340,Tokairin,,Japanese,japanese,ta,True
akita/semboku,341,Kimoto,,Cafe;Deli,cafe,ta,True
akita/semboku,342,Choshiro Mori No Eki,,Japanese;Japanese - Other ,japanese,ta,True
akita/semboku,343,Ajisai,,,other,none,False
akita/semboku,344,Mominokitei,,Japanese,japanese,ta,True
akita/semboku,345,Okashinokurata,,,other,none,False
akita/semboku,346,Lucy Company,,,other,none,False
akita/semboku,347,Kurata,,,other,none,False
akita/semboku,348,Domdom Hamburger Kakunodate Fc,,,other,none,False
akita/semboku,349,Jamon De Granvia,,Mediterranean;Spanish,european,ta,True
akita/semboku,350,Kyoentatsumi,,International;Fusion,other,none,False
akita/semboku,351,Nishikizushi,,Japanese;Seafood;Sushi;Japanese - Other ,seafood,ta,True
akita/semboku,352,Gorilla No Hanataba,,International,other,none,False
akita/semboku,353,Nijinkan,,,other,none,False
akita/semboku,354,Choja No Yakata,,,other,none,False
akita/semboku,355,Ango Shubo,,Japanese;Izakaya (Japanese Style Tavern),izakaya,ta,True
akita/semboku,356,Menya Kagura,,Asian,chinese,ta,True
akita/semboku,357,Dosanko Donburitei,,Asian,chinese,ta,True
akita/semboku,358,Garden Cafe Delicatessen Kimoto,,Japanese;Healthy;Japanese Fusion,japanese,ta,True
akita/semboku,359,Kushiyaki Hormone Kenta,,Japanese,japanese,ta,True
akita/semboku,360,Fuji Dininig Room,,Japanese,japanese,ta,True
akita/semboku,361,Komekko Workshop Kirari,,,other,none,False
akita/semboku,362,Ueno Shokudo,,Japanese;International;Japanese - Other ,japanese,ta,True
akita/semboku,363,Rinsendo Kakunodate,,Fast Food,casual,ta,True
akita/semboku,364,Sugawara Umaimono Dokoro,,Japanese,japanese,ta,True
akita/semboku,365,Miyako Wafu Restaurant,,Japanese,japanese,ta,True
akita/semboku,366,Kinchan Sushi,,Japanese;Seafood;Sushi;Japanese - Other ,seafood,ta,True
akita/semboku,367,Bobo Ramen,,,other,none,False
akita/semboku,368,Ota,,,other,none,False
akita/semboku,369,Asahiya Ramen Kamishiro,,,other,none,False
akita/semboku,370,Chachaki,,Cafe,cafe,ta,True
akita/semboku,371,Omura Museum Cafe,,Cafe,cafe,ta,True
akita/semboku,372,Inaniwaya Aoyanagi,,Japanese;Japanese - Other ,japanese,ta,True
akita/semboku,373,Okonomiyakiogata,,Japanese,japanese,ta,True
akita/semboku,374,Genbei,,Japanese,japanese,ta,True
akita/semboku,375,Kimpachi Sushi,,Japanese;Sushi,seafood,ta,True
akita/semboku,376,Nidaime Meshi Ya,,Japanese;Izakaya (Japanese Style Tavern),izakaya,ta,True
akita/semboku,377,Chakori,,Japanese;Izakaya (Japanese Style Tavern),izakaya,ta,True
akita/semboku,378,First,,,other,none,False
akita/semboku,379,Tachidomari,,,other,none,False
akita/semboku,380,Misugi,,,other,none,False
akita/semboku,381,Remember,,,other,none,False
akita/semboku,382,Kacho,,Japanese;Izakaya (Japanese Style Tavern),izakaya,ta,True
akita/semboku,383,Restaurant Rurumetto Inaniwakoraido,,International,other,none,False
akita/semboku,384,Nogiku,,Japanese;International;Japanese - Other ,japanese,ta,True
akita/semboku,385,Japanese Restaurant Kazuyuki,,Japanese;Japanese - Traditional Cuisine;Japanese - Other ,japanese,ta,True
akita/semboku,386,New Ogiri,,Japanese,japanese,ta,True
akita/semboku,387,Ogiri,,Japanese,japanese,ta,True
akita/semboku,388,Pub Restaurant Ribe,,French,european,ta,True
akita/semboku,389,Kawatake,,Japanese;Japanese - Traditional Cuisine,japanese,ta,True
akita/semboku,390,Ryoteitaisetsu,,Japanese;Japanese - Traditional Cuisine,japanese,ta,True
akita/semboku,391,Yotto,,Japanese;International;Japanese - Other ,japanese,ta,True
akita/semboku,392,Kuishinbo,,Japanese;Japanese - Other ,japanese,ta,True
akita/semboku,393,Teuchi Soba Sobasen,,Japanese;Japanese - Other ,japanese,ta,True
akita/semboku,394,Obi Shokudo,,Japanese;International;Japanese - Other ,japanese,ta,True
akita/semboku,395,Ichinoya,,Japanese,japanese,ta,True
akita/semboku,396,Ginga,,Japanese,japanese,ta,True
akita/semboku,397,Home Cooking Restaurant Pariya,,Japanese,japanese,ta,True
akita/semboku,398,Shokuji Dokoro Sato,,Japanese;International;Japanese - Other ,japanese,ta,True
akita/semboku,399,Ichikaho,,,other,none,False
akita/semboku,400,Cafe Kusakammuri,,,other,none,False
akita/semboku,401,Morokoshian Main Store,,,other,none,False
akita/semboku,402,Fukuju Confectionery,,,other,none,False
akita/semboku,403,Takemura Pastry,,,other,none,False
akita/semboku,404,Interior Niiyama,,,other,none,False
akita/semboku,405,Taishu Sakaba Maruta,,,other,none,False
akita/semboku,406,Takarakaze,,Japanese,japanese,ta,True
akita/semboku,407,Tazawako Club,,Japanese;Japanese - Other ,japanese,ta,True
akita/semboku,408,Izakaya Nozomi,,Pub,izakaya,ta,True
akita/ugo,1,うご・じぇら,ジェラート・アイスクリーム、カフェ,,sweets,tb,True
akita/ugo,2,彦三,そば,,noodles,tb,True
akita/ugo,3,BASSOどりるまん商店 羽後町本店,ラーメン,,noodles,tb,True
akita/ugo,4,松屋,そば,,noodles,tb,True
akita/ugo,5,端縫いダイニング,そば,,noodles,tb,True
akita/ugo,6,弥助そばや,そば、天丼,,noodles,tb,True
akita/ugo,7,そば処 長谷山,そば,,noodles,tb,True
akita/ugo,8,小太郎そばや,そば,,noodles,tb,True
akita/ugo,9,お菓子の泉栄堂,和菓子,,sweets,tb,True
akita/ugo,10,道の駅うご 端縫いの郷,道の駅,,other,none,False
akita/ugo,11,信太そばや,そば、ラーメン、丼,,noodles,tb,True
akita/ugo,12,ボンカフェ,カフェ,,cafe,tb,True
akita/ugo,13,太陽食堂,焼きそば,,noodles,tb,True
akita/ugo,14,北京,中華料理、ラーメン、食堂,,chinese,tb,True
akita/ugo,15,飯塚食堂,食堂、ラーメン,,casual,tb,True
akita/ugo,16,lounge U,カフェ,,cafe,tb,True
akita/ugo,17,あうん,居酒屋,,izakaya,tb,True
akita/ugo,18,菓子舗 木村屋,和菓子、洋菓子,,sweets,tb,True
akita/ugo,19,横綱,中華料理、ラーメン,,chinese,tb,True
akita/ugo,20,ふくろうの杜,洋食、居酒屋、ラーメン,,european,tb,True
akita/ugo,21,ラグドール,ケーキ、その他,,sweets,tb,True
akita/ugo,22,万寿堂,和菓子,,sweets,tb,True
akita/ugo,23,あいす焼きいも まつり,焼き芋・大学芋、ジェラート・アイスクリーム、洋食,,sweets,tb,False
akita/ugo,24,道の駅うご 農産物直売所,その他,,other,none,False
akita/ugo,25,精養軒,ラーメン,,noodles,tb,True
akita/ugo,26,麺屋秀吉,ラーメン,,noodles,tb,True
akita/ugo,27,阿専,カフェ,,cafe,tb,True
akita/ugo,28,cafe&kitchen ゆきのき,カフェ、洋食,,cafe,tb,True
akita/ugo,29,レストラン結心,ラーメン、食堂、弁当,,noodles,tb,True
akita/ugo,30,茶房 Sen,カフェ,,cafe,tb,True
akita/ugo,31,栄,食堂,,casual,tb,True
akita/ugo,32,藤原運送 製菓部門,和菓子、ソフトクリーム,,sweets,tb,True
akita/ugo,33,菓詩工房さとう,ケーキ,,sweets,tb,True
akita/ugo,34,三浦菓子店,たい焼き・大判焼き,,sweets,tb,True
akita/ugo,35,Beer Cafe蔵しこ,ビアバー,,izakaya,tb,True
akita/ugo,36,丸二,日本料理,,japanese,tb,True
akita/ugo,37,れすとらん五輪坂,ラーメン、麺類、ハンバーグ,,noodles,tb,True
akita/ugo,38,れもん,食堂,,casual,tb,True
akita/ugo,39,農家キッチン あるもんで,郷土料理,,japanese,tb,True
akita/ugo,40,おどりの里酔亭,食堂、居酒屋,,casual,tb,True
akita/ugo,41,そば饅頭 元祖みなとや,和菓子,,sweets,tb,True
akita/ugo,42,舞兵巣,居酒屋,,izakaya,tb,True
akita/ugo,43,矢野商店,和菓子,,sweets,tb,True
akita/ugo,44,えびす食堂,食堂,,casual,tb,True
akita/ugo,45,photo & cafe coconuts,カフェ,,cafe,tb,True
akita/ugo,46,セブンイレブン 羽後西馬音内店,コンビニ・スーパー,,daily,tb,True
akita/ugo,47,餃子の龍宝,餃子,,chinese,tb,True
akita/ugo,48,マインド,その他,,other,none,False
akita/ugo,49,明通りチーズ工房,その他,,other,none,False
akita/ugo,50,たらふく,焼き鳥,,meat,tb,True
akita/ugo,51,仙道てんぽ,その他,,other,none,False
akita/ugo,52,いけだや,和菓子,,sweets,tb,True
akita/ugo,53,石亭,寿司,,seafood,tb,True
akita/ugo,54,香や,ダイニングバー,,izakaya,tb,True
akita/ugo,55,Matsuya,,Japanese;Japanese - Other ,japanese,ta,True
akita/ugo,56,Taiyo Shokudo Yakisoba Ya,,Japanese;International,japanese,ta,True
akita/ugo,57,Yasuke Soba Ya,,Japanese;Japanese - Other ,japanese,ta,True
akita/ugo,58,Haseyama,,Japanese;Japanese - Other ,japanese,ta,True
akita/ugo,59,Kotaro Soba Restaurant,,Japanese;Japanese - Other ,japanese,ta,True
akita/ugo,60,Hikosa,,,other,none,False
akita/ugo,61,Nishimonai Soba Dokoro Kashiwagi,,Japanese;Japanese - Traditional Cuisine;Kappo,japanese,ta,True
akita/ugo,62,Shinta Sobaya,,Japanese;Japanese - Other ,japanese,ta,True
akita/ugo,63,Maruya,,Japanese;Kappo,japanese,ta,True
akita/ugo,64,Menya Hideyoshi Nishi Shimonai,,Asian,chinese,ta,True
akita/ugo,65,Kadoya Shokudo,,Japanese;International;Japanese - Other ,japanese,ta,True
akita/ugo,66,Ohzan,,Cafe,cafe,ta,True
akita/ugo,67,Seiyoken,,,other,none,False
akita/ugo,68,Ishokuya Matsuri,,Japanese,japanese,ta,True
akita/ugo,69,Sakurayama,,Japanese,japanese,ta,True
akita/ugo,70,Noka Kitchen Arumonde,,Japanese,japanese,ta,True
akita/ugo,71,Kawabata,,Japanese;Asian,chinese,ta,True
akita/ugo,72,Horyu Nishimonai,,,other,none,False
akita/ugo,73,Fukagawa,,Japanese;Japanese - Other ,japanese,ta,True
akita/ugo,74,Mitsuwa,,Japanese;Seafood;Sushi;Japanese - Other ,seafood,ta,True
akita/ugo,75,Kitayama,,Japanese;Seafood;Sushi;Japanese - Other ,seafood,ta,True
akita/ugo,76,Sekitei,,Japanese;Seafood;Sushi;Japanese - Other ,seafood,ta,True
akita/ugo,77,Aimachiyume,,,other,none,False
akita/ugo,78,Manjudo,,,other,none,False
akita/ugo,79,Shoeido Oshima,,,other,none,False
akita/ugo,80,Wine Bar Built Chico,,,other,none,False
akita/ugo,81,Restaurant Gorinzaka,,,other,none,False
akita/ugo,82,Izakaya Shimizu,,Japanese;Izakaya (Japanese Style Tavern),izakaya,ta,True
akita/ugo,83,Bunko,,Japanese;Izakaya (Japanese Style Tavern),izakaya,ta,True
akita/ugo,84,Yakitori Fujii,,Japanese;Japanese - Other ;Izakaya (Japanese Style Tavern),izakaya,ta,True
akita/ugo,85,Yugao,,Izakaya (Japanese Style Tavern),izakaya,ta,True
akita/ugo,86,Ajidokoro Musashino,,,other,none,False
akita/ugo,87,My Pace,,Japanese;Izakaya (Japanese Style Tavern),izakaya,ta,True
akita/ugo,88,Fujiki,,,other,none,False
akita/ugo,89,Aun,,Japanese;Izakaya (Japanese Style Tavern),izakaya,ta,True
akita/yokote,1,とぶ,鳥料理,,other,none,False
akita/yokote,2,ル カフェ プランタニエ,フレンチ、オーベルジュ、ラーメン,,european,tb,True
akita/yokote,3,元祖十文字中華そば マルタマ,ラーメン、餃子、カレー,,noodles,tb,True
akita/yokote,4,粋や 旬月,日本料理,,japanese,tb,True
akita/yokote,5,よこてのわがや,居酒屋、日本酒バー、ビストロ,,izakaya,tb,True
akita/yokote,6,そば処　はやし,そば,,noodles,tb,True
akita/yokote,7,平花とんぼ,居酒屋、日本料理、創作料理,,izakaya,tb,True
akita/yokote,8,丸竹食堂,ラーメン、その他,,noodles,tb,True
akita/yokote,9,フレンドール,ケーキ、パン、和菓子,,sweets,tb,True
akita/yokote,10,酉の市,焼き鳥、居酒屋,,meat,tb,True
akita/yokote,11,藤春食堂,焼きそば,,noodles,tb,True
akita/yokote,12,食い道楽 本店,焼き鳥、居酒屋、焼きそば,,meat,tb,True
akita/yokote,13,名代三角そばや 本店,ラーメン,,noodles,tb,True
akita/yokote,14,北海屋,焼きそば、ラーメン、居酒屋,,noodles,tb,True
akita/yokote,15,ステーキハウススフィーダ,ステーキ、ハンバーグ、カレー,,meat,tb,True
akita/yokote,16,山内食堂,食堂,,casual,tb,True
akita/yokote,17,吉兵衛,食堂,,casual,tb,True
akita/yokote,18,香味亭,ラーメン,,noodles,tb,True
akita/yokote,19,だしと麺,ラーメン,,noodles,tb,True
akita/yokote,20,安楽食堂,食堂,,casual,tb,True
akita/yokote,21,羅漢,ラーメン、つけ麺,,noodles,tb,True
akita/yokote,22,出端屋 秋田ふるさと村店,焼きそば、郷土料理,,noodles,tb,True
akita/yokote,23,名代三角そばや 横手店,ラーメン,,noodles,tb,True
akita/yokote,24,旬菜みそ茶屋 くらを,郷土料理、カフェ,,japanese,tb,True
akita/yokote,25,もっきりマルキュウ,居酒屋、日本酒バー,,izakaya,tb,True
akita/yokote,26,まいど,焼きそば、ホルモン、焼き鳥,,noodles,tb,True
akita/yokote,27,鳥九,居酒屋、焼き鳥、郷土料理,,izakaya,tb,True
akita/yokote,28,千真庵,そば,,noodles,tb,True
akita/yokote,29,カフェ ジータ 横手店,カフェ、ケーキ、カレー,,cafe,tb,True
akita/yokote,30,食い道楽  横手駅前支店,居酒屋、焼きそば,,izakaya,tb,True
akita/yokote,31,海転 すし誠 横手店,回転寿司,,seafood,tb,True
akita/yokote,32,樹楽庵,そば,,noodles,tb,True
akita/yokote,33,米沢亭,焼肉、ホルモン、牛料理,,meat,tb,True
akita/yokote,34,いし松鮨,寿司、日本料理、居酒屋,,seafood,tb,True
akita/yokote,35,そうま,ラーメン、牛タン,,noodles,tb,True
akita/yokote,36,小松屋本店,ケーキ、喫茶店、和菓子,,sweets,tb,True
akita/yokote,37,しゃぶしゃぶ 横手豚玄亭,豚しゃぶ、しゃぶしゃぶ、日本酒バー,,meat,tb,False
akita/yokote,38,ラーメン幸,ラーメン、餃子、ちゃんぽん,,noodles,tb,True
akita/yokote,39,蕗月堂,和菓子,,sweets,tb,True
akita/yokote,40,パン工房かつた,パン、スイーツ,,sweets,tb,True
akita/yokote,41,Comer+,ピザ,,european,tb,True
akita/yokote,42,節屋かつら,ラーメン,,noodles,tb,True
akita/yokote,43,皆喜多亭,カレー、焼きそば,,curry,tb,True
akita/yokote,44,GELATERIA SHEETA,ジェラート・アイスクリーム,,sweets,tb,True
akita/yokote,45,かつ喜 横手店,とんかつ,,meat,tb,True
akita/yokote,46,紅龍,中華料理,,chinese,tb,True
akita/yokote,47,くりぼうず,日本料理、居酒屋,,japanese,tb,True
akita/yokote,48,かしらややきとり店,焼き鳥,,meat,tb,True
akita/yokote,49,だるま食堂,食堂,,casual,tb,True
akita/yokote,50,ラーメンだいおう,ラーメン,,noodles,tb,True
akita/yokote,51,さけ処和凛,居酒屋,,izakaya,tb,True
akita/yokote,52,木村屋 大町本店,ケーキ、和菓子,,sweets,tb,True
akita/yokote,53,バル・パサポルテ,イタリアン、パスタ、ダイニングバー,,european,tb,True
akita/yokote,54,じいじ亭,洋食,,european,tb,True
akita/yokote,55,日本料理里乃や 前郷店,郷土料理、海鮮、日本料理,,japanese,tb,True
akita/yokote,56,ラーメンめん丸 十文字店,ラーメン、つけ麺,,noodles,tb,True
akita/yokote,57,味一番,ラーメン、焼きそば,,noodles,tb,True
akita/yokote,58,福龍,食堂、焼きそば、ラーメン,,casual,tb,True
akita/yokote,59,Le grenier,カフェ、イタリアン,,cafe,tb,True
akita/yokote,60,イタリアン酒場 コジコジ 十文字本店,ピザ、ダイニングバー、イタリアン,,european,tb,True
akita/yokote,61,マンガカフェ,カフェ,,cafe,tb,True
akita/yokote,62,まるいし食堂,食堂,,casual,tb,True
akita/yokote,63,ポットスチル シバタ,バー,,izakaya,tb,True
akita/yokote,64,八兵衛,ラーメン,,noodles,tb,True
akita/yokote,65,レストラン 農香庵,そば、郷土料理,,noodles,tb,True
akita/yokote,66,キングスランド,カフェ,,cafe,tb,True
akita/yokote,67,KWANS COFFEE ROASTERY,カフェ,,cafe,tb,True
akita/yokote,68,佐藤養助 横手店,うどん,,noodles,tb,True
akita/yokote,69,エヌエス コーヒースタンド,カフェ,,cafe,tb,True
akita/yokote,70,もりや食堂,食堂,,casual,tb,True
akita/yokote,71,道の駅十文字,道の駅,,other,none,False
akita/yokote,72,インド料理 ビシュヌ,インドカレー、インド料理,,curry,tb,True
akita/yokote,73,道の駅さんないウッディらんど,道の駅,,other,none,False
akita/yokote,74,寧お,居酒屋,,izakaya,tb,True
akita/yokote,75,味美 藤田屋 横手店,ラーメン,,noodles,tb,True
akita/yokote,76,LCMEN 庵,ラーメン,,noodles,tb,True
akita/yokote,77,紅玉,野菜料理、惣菜・デリ、カフェ,,japanese,tb,True
akita/yokote,78,佐々平商店,ジェラート・アイスクリーム、かき氷,,sweets,tb,True
akita/yokote,79,いっぷく処 いもや,ソフトクリーム、カフェ、和菓子,,sweets,tb,True
akita/yokote,80,炭鉄 食べ酔う 南,居酒屋,,izakaya,tb,True
akita/yokote,81,そば正五郎  道の駅分店,そば,,noodles,tb,True
akita/yokote,82,おいしんぼう,ステーキ、ハンバーグ,,meat,tb,True
akita/yokote,83,中華ハウス大森飯店,中華料理、カレー、ラーメン,,chinese,tb,True
akita/yokote,84,食い道楽,居酒屋,,izakaya,tb,True
akita/yokote,85,蓮,カフェ、洋食,,cafe,tb,True
akita/yokote,86,珈琲酒場Tall’s,カフェ、バー、洋食,,cafe,tb,True
akita/yokote,87,ぐぅぐぅ亭,洋食、ハンバーグ、ステーキ,,european,tb,True
akita/yokote,88,そば正五郎 十文字本店,そば,,noodles,tb,True
akita/yokote,89,らぁめん ひまわり,ラーメン、麺類,,noodles,tb,True
akita/yokote,90,焼きたてパン屋ＪｉＪｉ,パン、洋菓子,,sweets,tb,True
akita/yokote,91,つがみ,ステーキ、鉄板焼き、洋食,,meat,tb,True
akita/yokote,92,まり邑,串揚げ,,japanese,tb,True
akita/yokote,93,ラーメン男寿狼 ルート13,ラーメン,,noodles,tb,True
akita/yokote,94,喫茶とやきそば ふじた,焼きそば、喫茶店,,noodles,tb,True
akita/yokote,95,Ramen lab 閃,ラーメン,,noodles,tb,True
akita/yokote,96,炭焼きホルモン ぴょん吉,焼肉、ホルモン,,meat,tb,True
akita/yokote,97,シェーシェー,レストラン,,other,none,False
akita/yokote,98,ちょい呑み処 夕月,居酒屋,,izakaya,tb,True
akita/yokote,99,HOTEL NOSTAL YOKOTE,ホテル,,other,none,False
akita/yokote,100,らーめん がれ,ラーメン,,noodles,tb,True
akita/yokote,101,横浜家系ラーメン 浜乃家,ラーメン,,noodles,tb,True
akita/yokote,102,絆BAR,バー,,izakaya,tb,True
akita/yokote,103,旅館　平利,日本料理、郷土料理,,japanese,tb,True
akita/yokote,104,南郷温泉共林荘,ホテル,,other,none,False
akita/yokote,105,うまみ処さなだ,日本料理,,japanese,tb,True
akita/yokote,106,へのかっぱ,ラーメン、おでん,,noodles,tb,True
akita/yokote,107,まちの駅 福蔵,喫茶店,,cafe,tb,True
akita/yokote,108,mamma-ru,バル、居酒屋,,european,tb,True
akita/yokote,109,Bistro Home Made,ラーメン、東南アジア料理、食堂,,noodles,tb,True
akita/yokote,110,博多豚骨ラーメン よかいち,ラーメン,,noodles,tb,True
akita/yokote,111,やきとりシバタ,焼き鳥,,meat,tb,True
akita/yokote,112,手打ちそば処 川嶋,そば,,noodles,tb,True
akita/yokote,113,ホテルクォードインヨコテ,ホテル,,other,none,False
akita/yokote,114,豊川,日本料理、うなぎ,,japanese,tb,True
akita/yokote,115,横手焼き鳥センター,居酒屋、焼き鳥、からあげ,,izakaya,tb,True
akita/yokote,116,相模,居酒屋,,izakaya,tb,True
akita/yokote,117,平源,結婚式場,,other,none,False
akita/yokote,118,十文字家,ラーメン,,noodles,tb,True
akita/yokote,119,旨味処出端屋,居酒屋、ホルモン、焼きそば,,izakaya,tb,True
akita/yokote,120,和蘭,食堂、郷土料理、日本料理,,casual,tb,True
akita/yokote,121,街食堂 くらん,ラーメン,,noodles,tb,True
akita/yokote,122,池田屋食堂,食堂,,casual,tb,True
akita/yokote,123,つばくら食堂,ラーメン、焼きそば,,noodles,tb,True
akita/yokote,124,美蘭,中華料理,,chinese,tb,True
akita/yokote,125,横手プラザホテル,洋食、カフェ,,european,tb,True
akita/yokote,126,ヒンナ,ラーメン,,noodles,tb,True
akita/yokote,127,遊食空間ぶんぶん,ラーメン、油そば・まぜそば、居酒屋,,noodles,tb,True
akita/yokote,128,ラーメン神蔵,ラーメン,,noodles,tb,True
akita/yokote,129,ふぁみり～れすとらん いなほ,食堂、ラーメン,,casual,tb,True
akita/yokote,130,お食事処 林泉堂,食堂、カフェ,,casual,tb,True
akita/yokote,131,貝麺ほてや 横手店,ラーメン,,noodles,tb,True
akita/yokote,132,丸美商店,ラーメン,,noodles,tb,True
akita/yokote,133,まめでら家,食堂,,casual,tb,True
akita/yokote,134,栗谷珈琲焙煎所,カフェ,,cafe,tb,True
akita/yokote,135,日の丸醸造株式会社,その他,,other,none,False
akita/yokote,136,あつあつ亭,お好み焼き、焼きそば、鉄板焼き,,casual,tb,True
akita/yokote,137,スカイ レストラン コスモス,イタリアン、ビュッフェ、ホテル,,european,tb,True
akita/yokote,138,いずみ食堂,食堂,,casual,tb,True
akita/yokote,139,美味鮮,台湾料理,,chinese,tb,True
akita/yokote,140,琥珀亭,ラーメン,,noodles,tb,True
akita/yokote,141,なをこそばや,ラーメン、麺類,,noodles,tb,True
akita/yokote,142,美食三昧,居酒屋、寿司、串焼き,,izakaya,tb,True
akita/yokote,143,朝菊,焼きそば,,noodles,tb,True
akita/yokote,144,やき肉太郎,食堂,,casual,tb,True
akita/yokote,145,スタジョーニ,イタリアン、パスタ、ピザ,,european,tb,True
akita/yokote,146,ほるもん ハチマル。,焼肉、ホルモン,,meat,tb,True
akita/yokote,147,55カレー,カレー,,curry,tb,True
akita/yokote,148,横手城レストハウス,レストラン,,other,none,False
akita/yokote,149,そば処 木こりん,そば,,noodles,tb,True
akita/yokote,150,ままや,食堂,,casual,tb,True
akita/yokote,151,Trattoria IGUBE,イタリアン,,european,tb,True
akita/yokote,152,スーパーモール ラッキー,コンビニ・スーパー,,daily,tb,True
akita/yokote,153,ふみのや,ラーメン、つけ麺、餃子,,noodles,tb,True
akita/yokote,154,食堂Cafe Yakuzen,食堂、カフェ、薬膳,,casual,tb,True
akita/yokote,155,高昭食堂,ラーメン、食堂,,noodles,tb,True
akita/yokote,156,麺條 廣龍,担々麺,,noodles,tb,True
akita/yokote,157,食堂 十九番,食堂、とんかつ,,casual,tb,True
akita/yokote,158,そば処いち膳,そば、うどん,,noodles,tb,True
akita/yokote,159,すてーきハウスチャッピイ,レストラン、ステーキ,,meat,tb,False
akita/yokote,160,味処みのり,そば、食堂,,noodles,tb,True
akita/yokote,161,上州ラーメン,ラーメン,,noodles,tb,True
akita/yokote,162,ほっこり処 福多朗,居酒屋、食堂,,izakaya,tb,True
akita/yokote,163,みのり食堂,食堂,,casual,tb,True
akita/yokote,164,しめいち,日本料理,,japanese,tb,True
akita/yokote,165,Cafe 久助,カフェ,,cafe,tb,True
akita/yokote,166,はせ川,日本料理,,japanese,tb,True
akita/yokote,167,丸玉,食堂,,casual,tb,True
akita/yokote,168,青春を語る店,食堂、居酒屋,,casual,tb,True
akita/yokote,169,来寿樹亭,食堂,,casual,tb,True
akita/yokote,170,石川菓子店,和菓子、ジェラート・アイスクリーム、洋菓子,,sweets,tb,True
akita/yokote,171,やや,居酒屋,,izakaya,tb,True
akita/yokote,172,コーヒービヨリ,カフェ,,cafe,tb,True
akita/yokote,173,晴レル夜,居酒屋、バル、パスタ,,izakaya,tb,True
akita/yokote,174,sunao brewery,ビアバー,,izakaya,tb,True
akita/yokote,175,居酒屋 105,居酒屋,,izakaya,tb,True
akita/yokote,176,ゴーゴーカレー 横手スタジアム,カレー,,curry,tb,True
akita/yokote,177,浅舞酒造,その他,,other,none,False
akita/yokote,178,銀の匙,喫茶店、カフェ,,cafe,tb,True
akita/yokote,179,ひないドリーム 秋田ふるさと村店,きりたんぽ、ラーメン,,japanese,tb,True
akita/yokote,180,真山,カフェ,,cafe,tb,True
akita/yokote,181,千代,ラーメン,,noodles,tb,True
akita/yokote,182,湯上り海鮮BAR,レストラン、海鮮,,seafood,tb,False
akita/yokote,183,日本料理 里乃や 横山店,郷土料理、海鮮、日本料理,,japanese,tb,True
akita/yokote,184,佐忠商店,和菓子,,sweets,tb,True
akita/yokote,185,ほっぷ亭,食堂、居酒屋、カフェ,,casual,tb,True
akita/yokote,186,宝来,中華料理,,chinese,tb,True
akita/yokote,187,東寿司,寿司、食堂,,seafood,tb,True
akita/yokote,188,バー エリクサー,バー,,izakaya,tb,True
akita/yokote,189,六文銭,焼き鳥、串焼き,,meat,tb,True
akita/yokote,190,Anthology,ワインバー,,izakaya,tb,True
akita/yokote,191,cafe 97,カフェ,,cafe,tb,True
akita/yokote,192,福みつ,日本料理、海鮮、すっぽん,,japanese,tb,True
akita/yokote,193,居酒屋 へべれ家,居酒屋,,izakaya,tb,True
akita/yokote,194,粋場,居酒屋、日本酒バー、おでん,,izakaya,tb,True
akita/yokote,195,しょくでんぷの里,カフェ,,cafe,tb,True
akita/yokote,196,The 自由庵,カフェ、バー,,cafe,tb,True
akita/yokote,197,フルラボCafe,フルーツパーラー、クレープ・ガレット,,sweets,tb,False
akita/yokote,198,大衆焼肉酒場 焼肉正五郎 十文字本店,焼肉、ホルモン、居酒屋,,meat,tb,True
akita/yokote,199,SLOW,居酒屋、ビストロ、ダイニングバー,,izakaya,tb,True
akita/yokote,200,割烹 真人,日本料理、ラーメン,,japanese,tb,True
akita/yokote,201,なずや,居酒屋,,izakaya,tb,True
akita/yokote,202,AMERICAN CASUAL BAR Nika,バー,,izakaya,tb,True
akita/yokote,203,コメダ珈琲店 横手ハッピータウン店,喫茶店、カフェ、パン,,cafe,tb,True
akita/yokote,204,スターバックスコーヒー 横手店,カフェ,,cafe,tb,True
akita/yokote,205,かつさと 横手店,かつ丼、とんかつ、うどん,,meat,tb,True
akita/yokote,206,丸亀製麺 横手店,うどん、揚げ物、おにぎり,,noodles,tb,True
akita/yokote,207,自家製麺とスイーツ 林泉堂 スーパーモールラッキー店,ラーメン、食堂,,noodles,tb,True
akita/yokote,208,後藤チエ精肉店,食堂,,casual,tb,True
akita/yokote,209,手打ちそば 三平 本店,そば,,noodles,tb,True
akita/yokote,210,ふるけん,その他,,other,none,False
akita/yokote,211,レストラン冨士屋,洋食,,european,tb,True
akita/yokote,212,居酒屋日本海,居酒屋、海鮮,,izakaya,tb,True
akita/yokote,213,ポワール,ケーキ,,sweets,tb,True
akita/yokote,214,村Café ふるる,ソフトクリーム,,sweets,tb,True
akita/yokote,215,"OK,ADAM",その他,,other,none,False
akita/yokote,216,オステリア　アン　ジョルノ,イタリアン,,european,tb,True
akita/yokote,217,きらく食堂,食堂,,casual,tb,True
akita/yokote,218,横手番長,居酒屋、焼肉,,izakaya,tb,True
akita/yokote,219,鳥ふみ,鳥料理,,other,none,False
akita/yokote,220,カフェ ヒラジョー,カフェ,,cafe,tb,True
akita/yokote,221,天勝軒,食堂,,casual,tb,True
akita/yokote,222,今泉菓子舗,和菓子,,sweets,tb,True
akita/yokote,223,ルチェンテ クチーナ イタリアーナ,イタリアン、パスタ,,european,tb,True
akita/yokote,224,割烹 おもの川,日本料理,,japanese,tb,True
akita/yokote,225,MaMa caf'e,カフェ,,cafe,tb,True
akita/yokote,226,Ｌａ炭之助,肉料理、居酒屋、ラーメン,,meat,tb,True
akita/yokote,227,さくら荘,その他,,other,none,False
akita/yokote,228,ひょっとこ,居酒屋,,izakaya,tb,True
akita/yokote,229,肉酒場 寿々,居酒屋、焼肉,,izakaya,tb,True
akita/yokote,230,羽後カントリー倶楽部,その他,,other,none,False
akita/yokote,231,Dela's Kitchen,イノベーティブ、創作料理,,japanese,tb,False
akita/yokote,232,ベルナール グランマート横手店,パン,,sweets,tb,True
akita/yokote,233,十文字五丁目,居酒屋,,izakaya,tb,True
akita/yokote,234,KO-MEGURI,カフェ,,cafe,tb,True
akita/yokote,235,ホルモン ふく,ホルモン,,meat,tb,True
akita/yokote,236,やきとり館,焼き鳥,,meat,tb,True
akita/yokote,237,Cafe オラん家,カフェ,,cafe,tb,True
akita/yokote,238,SUN LDK,食堂,,casual,tb,True
akita/yokote,239,焼き鳥酒場 焔煙,焼き鳥,,meat,tb,True
akita/yokote,240,おりょうり すゝ木,日本料理,,japanese,tb,True
akita/yokote,241,くるまやラーメン 横手インター店,ラーメン,,noodles,tb,True
akita/yokote,242,ココス 横手店,ファミレス,,casual,tb,True
akita/yokote,243,吉野家 １３号線横手店,牛丼、カレー、食堂,,casual,tb,True
akita/yokote,244,スシロー 横手店,回転寿司,,seafood,tb,True
akita/yokote,245,びっくりドンキー 秋田横手店,ファミレス、ハンバーグ,,casual,tb,True
akita/yokote,246,すき家  横手IC店,牛丼、カレー、食堂,,casual,tb,True
akita/yokote,247,南部家敷 横手店,ファミレス,,casual,tb,True
akita/yokote,248,はま寿司 横手店,回転寿司,,seafood,tb,True
akita/yokote,249,トレンタ 横手店,イタリアン、パスタ、ピザ,,european,tb,True
akita/yokote,250,たかはし食堂,食堂,,casual,tb,True
akita/yokote,251,かっぱ寿司 横手店,回転寿司,,seafood,tb,True
akita/yokote,252,大金,ラーメン、食堂,,noodles,tb,True
akita/yokote,253,酒悦食楽 ほていや,居酒屋、海鮮、郷土料理,,izakaya,tb,True
akita/yokote,254,肉のわかば 横手店,焼き鳥、とんかつ,,meat,tb,True
akita/yokote,255,アルファ,食堂、ラーメン,,casual,tb,True
akita/yokote,256,ひまわり,食堂,,casual,tb,True
akita/yokote,257,酔って亭,居酒屋、ふぐ、海鮮,,izakaya,tb,True
akita/yokote,258,うれしの,寿司、食堂、ラーメン,,seafood,tb,True
akita/yokote,259,おおもり屋,レストラン,,other,none,False
akita/yokote,260,アルル,ケーキ,,sweets,tb,True
akita/yokote,261,南風園,焼肉,,meat,tb,True
akita/yokote,262,快活CLUB 横手店,その他,,other,none,False
akita/yokote,263,スイーツ スュクル,ケーキ,,sweets,tb,True
akita/yokote,264,杜のカフェ シャナ,カフェ,,cafe,tb,True
akita/yokote,265,マーブル,ケーキ,,sweets,tb,True
akita/yokote,266,増田観光物産センター 蔵の駅,その他,,other,none,False
akita/yokote,267,ふれあい喫茶くつろぎ,カフェ,,cafe,tb,True
akita/yokote,268,田園ハム直売所,その他,,other,none,False
akita/yokote,269,真人山荘,レストラン,,other,none,False
akita/yokote,270,和食処 和味,海鮮、居酒屋,,seafood,tb,True
akita/yokote,271,長里菓子店,和菓子,,sweets,tb,True
akita/yokote,272,うれし野,弁当、食堂,,casual,tb,True
akita/yokote,273,将軍,居酒屋,,izakaya,tb,True
akita/yokote,274,秋田辛麺 森のくまさん 横手店,ラーメン,,noodles,tb,True
akita/yokote,275,勝巳,日本料理,,japanese,tb,True
akita/yokote,276,よこてシャイニーパレス,日本料理、洋食、中華料理,,japanese,tb,True
akita/yokote,277,寿司、お食事処 与太郎,寿司,,seafood,tb,True
akita/yokote,278,長沼商店 十文字店,その他,,other,none,False
akita/yokote,279,櫻花,居酒屋、海鮮、中華料理,,izakaya,tb,True
akita/yokote,280,つきの木,喫茶店、カフェ,,cafe,tb,True
akita/yokote,281,喫茶&BAR 現実逃避,喫茶店、バー,,cafe,tb,True
akita/yokote,282,モニュメントブルーセカンド,バー,,izakaya,tb,True
akita/yokote,283,幸楽苑 横手店,ラーメン,,noodles,tb,True
akita/yokote,284,ガスト 横手店,ファミレス,,casual,tb,True
akita/yokote,285,ケンタッキーフライドチキン イオンスーパーセンター横手南店,ハンバーガー,,casual,tb,True
akita/yokote,286,MIRAI食堂,ダイニングバー、居酒屋,,izakaya,tb,True
akita/yokote,287,スーパーセンタートラスト イートイン,ラーメン、丼,,noodles,tb,True
akita/yokote,288,香里ん亭,うどん、そば、ラーメン,,noodles,tb,True
akita/yokote,289,おかしの加賀屋,和菓子,,sweets,tb,True
akita/yokote,290,一番,とんかつ,,meat,tb,True
akita/yokote,291,小菊,日本料理,,japanese,tb,True
akita/yokote,292,ピープル,居酒屋,,izakaya,tb,True
akita/yokote,293,新川榮太郎Jr,ラーメン,,noodles,tb,True
akita/yokote,294,Ristorante 奥山,イタリアン,,european,tb,True
akita/yokote,295,焼肉さらん,焼肉,,meat,tb,True
akita/yokote,296,ラ・フランス,洋食,,european,tb,True
akita/yokote,297,そば八,麺類、かつ丼,,noodles,tb,True
akita/yokote,298,うま味家翔次郎,寿司、レストラン,,seafood,tb,True
akita/yokote,299,かなめ,日本料理,,japanese,tb,True
akita/yokote,300,かまくらほし餅本舗,和菓子,,sweets,tb,True
akita/yokote,301,スナック寿し,弁当,,casual,tb,True
akita/yokote,302,Veg+,洋食,,european,tb,True
akita/yokote,303,ごっつぉ庵,居酒屋,,izakaya,tb,True
akita/yokote,304,レストラン三國,洋食、食堂,,european,tb,True
akita/yokote,305,甘味処 佐乃家,喫茶店、甘味処、和菓子,,cafe,tb,True
akita/yokote,306,げんき弁当,その他、弁当,,casual,tb,False
akita/yokote,307,晴家,居酒屋、焼き鳥,,izakaya,tb,True
akita/yokote,308,串やハングリー,串揚げ、串焼き,,japanese,tb,True
akita/yokote,309,蔵酒,バー、スポーツバー、洋食,,izakaya,tb,True
akita/yokote,310,よいの座 誠 横手店,海鮮,,seafood,tb,True
akita/yokote,311,和風レストラン 割烹 すずや,日本料理,,japanese,tb,True
akita/yokote,312,ひまつぶし,喫茶店,,cafe,tb,True
akita/yokote,313,テイスティハウス,食堂,,casual,tb,True
akita/yokote,314,G食堂 横手店,食堂、ラーメン、麺類,,casual,tb,True
akita/yokote,315,寿司内田,寿司,,seafood,tb,True
akita/yokote,316,恵,居酒屋,,izakaya,tb,True
akita/yokote,317,HOMIE'S,居酒屋,,izakaya,tb,True
akita/yokote,318,ちょい飲み処 菜・彩,食堂、居酒屋,,casual,tb,True
akita/yokote,319,鳥秀,レストラン,,other,none,False
akita/yokote,320,酒味庵 一茶,日本料理,,japanese,tb,True
akita/yokote,321,Aji-Q 十文字店,ラーメン,,noodles,tb,True
akita/yokote,322,幸楽苑 秋田十文字店,ラーメン,,noodles,tb,True
akita/yokote,323,牛角 横手店,焼肉、ホルモン、居酒屋,,meat,tb,True
akita/yokote,324,目利きの銀次 横手東口駅前店,居酒屋、海鮮、創作料理,,izakaya,tb,True
akita/yokote,325,マクドナルド 13号横手店,ハンバーガー,,casual,tb,True
akita/yokote,326,ミスタードーナツ 横手ショップ,ドーナツ、カフェ,,sweets,tb,True
akita/yokote,327,マクドナルド 横手南イオンスーパーセンター店,ハンバーガー,,casual,tb,True
akita/yokote,328,松屋 横手店,牛丼,,casual,tb,True
akita/yokote,329,魚民 横手東口駅前店,居酒屋、海鮮、創作料理,,izakaya,tb,True
akita/yokote,330,ふるさと家,その他,,other,none,False
akita/yokote,331,居酒屋いろは,居酒屋、日本料理,,izakaya,tb,True
akita/yokote,332,松のや 横手店,とんかつ,,meat,tb,True
akita/yokote,333,小麦の奴隷 横手店,パン,,sweets,tb,True
akita/yokote,334,遊家,居酒屋,,izakaya,tb,True
akita/yokote,335,日本一 イオンスーパーセンター横手南店,焼き鳥,,meat,tb,True
akita/yokote,336,佐貫食品,和菓子,,sweets,tb,True
akita/yokote,337,銀座コージーコーナー イオンスーパーセンター横手南店,ケーキ,,sweets,tb,True
akita/yokote,338,かふぇ花野,カフェ,,cafe,tb,True
akita/yokote,339,真ｎ'S,ダイニングバー,,izakaya,tb,True
akita/yokote,340,roux maniaque,喫茶店,,cafe,tb,True
akita/yokote,341,さとう,ラーメン,,noodles,tb,True
akita/yokote,342,やんやん,焼き鳥,,meat,tb,True
akita/yokote,343,かふぇ宝蔵庵,カフェ,,cafe,tb,True
akita/yokote,344,竹よし,日本料理、居酒屋,,japanese,tb,True
akita/yokote,345,おかずや咲楽,惣菜・デリ,,casual,tb,True
akita/yokote,346,菓子工房 異国屋,スイーツ、ケーキ,,sweets,tb,True
akita/yokote,347,嘉兆,居酒屋,,izakaya,tb,True
akita/yokote,348,まつえ食堂,食堂,,casual,tb,True
akita/yokote,349,奥山菓子店,洋菓子、和菓子,,sweets,tb,True
akita/yokote,350,かまくら割烹,日本料理、郷土料理,,japanese,tb,True
akita/yokote,351,竜美,日本料理,,japanese,tb,True
akita/yokote,352,居酒屋のんのん,居酒屋,,izakaya,tb,True
akita/yokote,353,めん六や 横手店,うどん、そば、ラーメン,,noodles,tb,True
akita/yokote,354,シバタ食品加工,その他,,other,none,False
akita/yokote,355,みね,日本料理,,japanese,tb,True
akita/yokote,356,ドライブイン樽見内,食堂,,casual,tb,True
akita/yokote,357,ゆりかご食堂,食堂,,casual,tb,True
akita/yokote,358,広楽苑,居酒屋,,izakaya,tb,True
akita/yokote,359,カフェ&バー ボンズ,カフェ、バー、スポーツバー,,cafe,tb,True
akita/yokote,360,鶏祐,ラーメン、焼き鳥,,noodles,tb,True
akita/yokote,361,かぶき屋 大町本店,和菓子,,sweets,tb,True
akita/yokote,362,麺'sクラブ,ラーメン,,noodles,tb,True
akita/yokote,363,食彩酒房 くりや,居酒屋、もつ鍋、ヨーロッパ料理,,izakaya,tb,True
akita/yokote,364,スマイルevo,弁当,,casual,tb,True
akita/yokote,365,パティスリー レマン,ケーキ,,sweets,tb,True
akita/yokote,366,つなぐ珈琲 3号店,コーヒースタンド,,cafe,tb,True
akita/yokote,367,和風レストランまるまつ 横手十文字店,ファミレス,,casual,tb,True
akita/yokote,368,シャトレーゼ 横手店,ケーキ、洋菓子,,sweets,tb,True
akita/yokote,369,定食たかはし,食堂,,casual,tb,True
akita/yokote,370,アックスフーズマート 横手駅前店,コンビニ・スーパー,,daily,tb,True
akita/yokote,371,銘菓処 木村屋 よねやハッピータウン店,和菓子、スイーツ,,sweets,tb,True
akita/yokote,372,セブンイレブン 道の駅十文字店,コンビニ・スーパー,,daily,tb,True
akita/yokote,373,バザール 横手店,コンビニ・スーパー,,daily,tb,True
akita/yokote,374,さくら庵,その他,,other,none,False
akita/yokote,375,スタンドバー司,バー,,izakaya,tb,True
akita/yokote,376,パン工場 イオンスーパーセンター横手南店,パン,,sweets,tb,True
akita/yokote,377,牛玄亭 ミートマルシェ,弁当、カレー,,casual,tb,True
akita/yokote,378,わいわい居酒屋 とらパンチ,居酒屋,,izakaya,tb,True
akita/yokote,379,臥龍,ラーメン,,noodles,tb,True
akita/yokote,380,うえたストア,その他,,other,none,False
akita/yokote,381,増田の街並み案内所 ほたる,その他,,other,none,False
akita/yokote,382,居酒屋 福,居酒屋,,izakaya,tb,True
akita/yokote,383,すずとよ,その他,,other,none,False
akita/yokote,384,天下森スキー場 食堂,食堂,,casual,tb,True
akita/yokote,385,一福かふぇ,カフェ,,cafe,tb,True
akita/yokote,386,生はちみつ食パン ROSEMAY 横手店,パン,,sweets,tb,True
akita/yokote,387,居酒屋 隅,居酒屋,,izakaya,tb,True
akita/yokote,388,LAWSON 横手柳田店,コンビニ・スーパー,,daily,tb,True
akita/yokote,389,かぶき屋 工場店,和菓子,,sweets,tb,True
akita/yokote,390,くらた 十文字店,和菓子、スイーツ,,sweets,tb,True
akita/yokote,391,ほっかほっか亭 十文字,弁当,,casual,tb,True
akita/yokote,392,Ja・Pan ビフレ横手店,パン,,sweets,tb,True
akita/yokote,393,リゾートハウスふれあい,食堂,,casual,tb,True
akita/yokote,394,石井食品店,惣菜・デリ,,casual,tb,True
akita/yokote,395,NewDays 横手店,コンビニ・スーパー,,daily,tb,True
akita/yokote,396,阿櫻酒造,その他,,other,none,False
akita/yokote,397,みやげ屋 おばこ,その他,,other,none,False
akita/yokote,398,ビフレ 横手店,コンビニ・スーパー,,daily,tb,True
akita/yokote,399,一般社団法人 横手市観光協会,その他,,other,none,False
akita/yokote,400,若大将,居酒屋、海鮮、寿司,,izakaya,tb,True
akita/yokote,401,どんぐりの木,その他,,other,none,False
akita/yokote,402,MEGAドン・キホーテ 横手店,その他,,other,none,False
akita/yokote,403,かねきねこ,カフェ,,cafe,tb,True
akita/yokote,404,山内漬本舗,その他,,other,none,False
akita/yokote,405,有限会社 ふく屋,その他,,other,none,False
akita/yokote,406,セブンイレブン 横手大屋新町店,コンビニ・スーパー,,daily,tb,True
akita/yokote,407,山内じぇら〜と CHIBETE!!,ジェラート・アイスクリーム,,sweets,tb,True
akita/yokote,408,柴田畜産直売所 SS食品,肉料理,,meat,tb,True
akita/yokote,409,遠末鮮魚店,その他,,other,none,False
akita/yokote,410,ファミリーマート 横手赤坂店,コンビニ・スーパー,,daily,tb,True
akita/yokote,411,ウォンツアンドフリー,カフェ,,cafe,tb,True
akita/yokote,412,セブンイレブン 横手平和町店,コンビニ・スーパー,,daily,tb,True
akita/yokote,413,セブンイレブン 横手婦気大堤店,コンビニ・スーパー,,daily,tb,True
akita/yokote,414,藤倉食品,和菓子,,sweets,tb,True
akita/yokote,415,ファミリーマート 横手二番町店,コンビニ・スーパー,,daily,tb,True
akita/yokote,416,あん庵,大福,,sweets,desc,False
akita/yokote,417,たかがい,居酒屋,,izakaya,tb,True
akita/yokote,418,ファミリーマート 十文字バイパス店,コンビニ・スーパー,,daily,tb,True
akita/yokote,419,よろずや,居酒屋,,izakaya,tb,True
akita/yokote,420,ピザﾞ・テン・フォー 十文字店,ピザ,,european,tb,True
akita/yokote,421,大納川,その他,,other,none,False
akita/yokote,422,Sun,ワインバー,,izakaya,tb,True
akita/yokote,423,美食酒家 空べぇ～,日本料理,,japanese,tb,True
akita/yokote,424,村さ来亭,喫茶店,,cafe,tb,True
akita/yokote,425,お惣菜と麦酒 マドレス,居酒屋、惣菜・デリ,,izakaya,tb,True
akita/yokote,426,ポップビーンズ,カフェ,,cafe,tb,True
akita/yokote,427,ファミリーマート 横手平鹿上吉田店,コンビニ・スーパー,,daily,tb,True
akita/yokote,428,醍延堂,その他,,other,none,False
akita/yokote,429,セブンイレブン 十文字佐賀会店,コンビニ・スーパー,,daily,tb,True
akita/yokote,430,くらた 横手店,和菓子,,sweets,tb,True
akita/yokote,431,ミートショップ たかゆう,その他,,other,none,False
akita/yokote,432,もつ煮込み みつ子 横手店,その他,,other,none,False
akita/yokote,433,ファミリーマート 横手三枚橋店,コンビニ・スーパー,,daily,tb,True
akita/yokote,434,高留酒店,売店,,casual,tb,True
akita/yokote,435,セブンイレブン 横手市役所前店,コンビニ・スーパー,,daily,tb,True
akita/yokote,436,FRUITS×laboratory,その他,,other,none,False
akita/yokote,437,よねや 南店,その他,,other,none,False
akita/yokote,438,くらた トラスト店,和菓子、スイーツ,,sweets,tb,True
akita/yokote,439,セブンイレブン 横手浅舞店,コンビニ・スーパー,,daily,tb,True
akita/yokote,440,LAWSON 横手駅前町店,コンビニ・スーパー,,daily,tb,True
akita/yokote,441,肉山 秋田,肉料理、ダイニングバー,,meat,tb,True
akita/yokote,442,よねや ハッピーモール店,コンビニ・スーパー,,daily,tb,True
akita/yokote,443,ファミリーマート 平鹿総合病院通店,コンビニ・スーパー,,daily,tb,True
akita/yokote,444,花しん,日本料理,,japanese,tb,True
akita/yokote,445,谷口菓子店,和菓子,,sweets,tb,True
akita/yokote,446,ほっともっと 横手条里店,弁当,,casual,tb,True
akita/yokote,447,仕出しセンター いずみ,弁当、惣菜・デリ,,casual,tb,True
akita/yokote,448,酒のQoobe 横手店,その他,,other,none,False
akita/yokote,449,太徳商店,その他,,other,none,False
akita/yokote,450,かしの木,ケーキ、和菓子,,sweets,tb,True
akita/yokote,451,マルシメ 七日町店,その他,,other,none,False
akita/yokote,452,和風レストラン まるまつ 横手中央店,ファミレス、揚げ物、麺類,,casual,tb,True
akita/yokote,453,ジョーパス,喫茶店,,cafe,tb,True
akita/yokote,454,海賊バル KRAKEN,バル,,european,tb,True
akita/yokote,455,松與会館,その他,,other,none,False
akita/yokote,456,セブンイレブン 横手上真山店,コンビニ・スーパー,,daily,tb,True
akita/yokote,457,戸波鉱泉,その他,,other,none,False
akita/yokote,458,아지토,韓国料理,,chinese,tb,True
akita/yokote,459,布川製菓,その他,,other,none,False
akita/yokote,460,セブンイレブン 横手条里1丁目店,コンビニ・スーパー,,daily,tb,True
akita/yokote,461,囲蕗李,和菓子,,sweets,tb,True
akita/yokote,462,ゆうゆうプラザ,ホテル,,other,none,False
akita/yokote,463,業務スーパー ラッキー十文字店,コンビニ・スーパー,,daily,tb,True
akita/yokote,464,菜女,弁当,,casual,tb,True
akita/yokote,465,千代喜久,日本料理,,japanese,tb,True
akita/yokote,466,ちび横,居酒屋,,izakaya,tb,True
akita/yokote,467,遠忠商店,その他,,other,none,False
akita/yokote,468,渡部仕出し店,その他,,other,none,False
akita/yokote,469,レストランプラザ　花車,日本料理,,japanese,tb,True
akita/yokote,470,紀尾井,レストラン,,other,none,False
akita/yokote,471,ミセス・サンタ,その他,,other,none,False
akita/yokote,472,天々,居酒屋,,izakaya,tb,True
akita/yokote,473,セブンイレブン 横手雄物川店,コンビニ・スーパー,,daily,tb,True
akita/yokote,474,サファイヤー,レストラン,,other,none,False
akita/yokote,475,太助鮨,寿司,,seafood,tb,True
akita/yokote,476,長沼商店 横手店,その他,,other,none,False
akita/yokote,477,モアガーデンプレイス,洋菓子、ケーキ,,sweets,tb,True
akita/yokote,478,LAWSON 横手仁坂店,コンビニ・スーパー,,daily,tb,True
akita/yokote,479,酒呑童子,居酒屋,,izakaya,tb,True
akita/yokote,480,LAWSON 横手二葉町店,コンビニ・スーパー,,daily,tb,True
akita/yokote,481,いろは寿司,寿司,,seafood,tb,True
akita/yokote,482,Steakhouse Sfida,,Steakhouse,meat,ta,True
akita/yokote,483,Sato Yosuke Urushigura Museum Youjinan,,Japanese;International;Japanese - Other ,japanese,ta,True
akita/yokote,484,Shunsai Miso Chaya Kurao,,Japanese - Other ,japanese,ta,True
akita/yokote,485,Marutakeshokudo,,Asian,chinese,ta,True
akita/yokote,486,Furendoru,,Deli,other,none,False
akita/yokote,487,Ajiichiban,,Japanese;Asian,chinese,ta,True
akita/yokote,488,Xie Xie,,International,other,none,False
akita/yokote,489,Nanada Sato Yosuke Yokote,,Japanese;Japanese - Other ,japanese,ta,True
akita/yokote,490,Ganso Kamiya Yakisobaya,,Asian,chinese,ta,True
akita/yokote,491,Kirin,,Chinese,chinese,ta,True
akita/yokote,492,Nikuyama Akita,,Diner,casual,ta,True
akita/yokote,493,Ramen Hokkaiya,,Asian,chinese,ta,True
akita/yokote,494,Kuidoraku,,Bar;Asian,chinese,ta,True
akita/yokote,495,Nadai Sankaku Sobaya Main branch,,,other,none,False
akita/yokote,496,Kuido Raku main branch,,Japanese;Asian,chinese,ta,True
akita/yokote,497,Komatsu Ya Main Store,,,other,none,False
akita/yokote,498,Tonkatsu Fujiyoshi Yokote,,Japanese,japanese,ta,True
akita/yokote,499,Soba Shogoro,,Japanese;Japanese - Other ,japanese,ta,True
akita/yokote,500,Original Cuisine Matsunokura,,Japanese,japanese,ta,True
akita/yokote,501,Sumibisen Coffee Gin No Saji,,Cafe,cafe,ta,True
akita/yokote,502,Indian Vishnu,,Indian,curry,ta,True
akita/yokote,503,Ganso Jumonji Chukasoba Marutama,,Asian,chinese,ta,True
akita/yokote,504,Rakan,,Asian,chinese,ta,True
akita/yokote,505,Fujiharu Dining,,Japanese;Sushi;Asian;Diner,seafood,ta,True
akita/yokote,506,Shichibe,,Asian,chinese,ta,True
akita/yokote,507,Meidai Sankaku Sobaya Yokote,,,other,none,False
akita/yokote,508,Izakaya Yaya,,Japanese;Asian,chinese,ta,True
akita/yokote,509,Ramen Kamikura,,,other,none,False
akita/yokote,510,Oishii Naples Pizza Restaurant Kojikoji,,Pizza,european,ta,True
akita/yokote,511,McDonald s No 13 Yokote,,Fast Food,casual,ta,True
akita/yokote,512,Kappa Sushi,,Japanese;Seafood;Sushi;Japanese - Other ,seafood,ta,True
akita/yokote,513,Ramen Henokappa,,Asian,chinese,ta,True
akita/yokote,514,Gohan Cafe Shirokujichu Yokote,,,other,none,False
akita/yokote,515,Idehaya Akita Furusatomura,,Japanese;Asian,chinese,ta,True
akita/yokote,516,Bikkuri Donkey Akita Yokote,,Japanese;International,japanese,ta,True
akita/yokote,517,Asagiku,,Japanese;Cafe;Japanese - Other ,cafe,ta,True
akita/yokote,518,Bar Pasaporte,,Italian;European;Fusion,european,ta,True
akita/yokote,519,Rinsendo Furusatomura,,Japanese;Asian,chinese,ta,True
akita/yokote,520,NS Coffee Stand,,Cafe,cafe,ta,True
akita/yokote,521,Komitei,,Asian,chinese,ta,True
akita/yokote,522,Koryu,,Chinese,chinese,ta,True
akita/yokote,523,Ramen Ko,,,other,none,False
akita/yokote,524,Miran,,Chinese,chinese,ta,True
akita/yokote,525,Ramen Daio,,,other,none,False
akita/yokote,526,Gusto Yokote,,,other,none,False
akita/yokote,527,Tonkatsu Katsuki Yokote,,Japanese,japanese,ta,True
akita/yokote,528,Soma,,,other,none,False
akita/yokote,529,Marugame Seimen Yokote,,,other,none,False
akita/yokote,530,Ajimi Fujitaya,,Chinese,chinese,ta,True
akita/yokote,531,Bimisen,,Taiwanese,other,none,False
akita/yokote,532,Shurandoji,,Japanese,japanese,ta,True
akita/yokote,533,Chinese Houseomori Hanten,,Chinese,chinese,ta,True
akita/yokote,534,Denkichi Soba,,,other,none,False
akita/yokote,535,Sobadokoro Suisha,,Japanese;Japanese - Other ,japanese,ta,True
akita/yokote,536,Noodle Ippu,,,other,none,False
akita/yokote,537,Bakery Katsuta,,,other,none,False
akita/yokote,538,Danjuro,,,other,none,False
akita/yokote,539,Kohakutei,,Chinese,chinese,ta,True
akita/yokote,540,Yuchoken Yokote,,,other,none,False
akita/yokote,541,Kourakuen Yokote,,,other,none,False
akita/yokote,542,Hiro,,Chinese,chinese,ta,True
akita/yokote,543,Mensai Fumino Ya,,,other,none,False
akita/yokote,544,Yakiniku Yonezawatei,,Japanese,japanese,ta,True
akita/yokote,545,Minakitatei,,Asian,chinese,ta,True
akita/yokote,546,Kurumaya Ramen,,,other,none,False
akita/yokote,547,Yakisoba Fujiwara,,Asian,chinese,ta,True
akita/yokote,548,Japanese Restaurant Toriumi,,French;Japanese,european,ta,True
akita/yokote,549,道とん堀 十文字店,,Japanese,japanese,ta,True
akita/yokote,550,Iroha Sushi,,Japanese;Seafood;Sushi;Japanese - Other ,seafood,ta,True
akita/yokote,551,Fukutaro,,Japanese,japanese,ta,True
akita/yokote,552,Umami Dokoro Sanada,,Japanese;Fusion;Japanese - Other ;Japanese Fusion,japanese,ta,True
akita/yokote,553,Cafe Hanano,,,other,none,False
akita/yokote,554,Fukuryu,,Asian,chinese,ta,True
akita/yokote,555,Shodai Maruyoshi,,Asian,chinese,ta,True
akita/yokote,556,Ajidokoro Minori,,Japanese - Other ,japanese,ta,True
akita/yokote,557,Le Cafe Printanier,,French,european,ta,True
akita/yokote,558,Yokote Hanten,,Chinese,chinese,ta,True
akita/yokote,559,Nihonichi Aeon Super Center Yokoteminami,,Japanese,japanese,ta,True
akita/yokote,560,Setsuya Katsura,,Chinese,chinese,ta,True
akita/yokote,561,Ainono Onsen Tsurugaikeso Restaurant Kosui,,,other,none,False
akita/yokote,562,Tsubakura Shokudo,,Japanese;International;Japanese - Other ,japanese,ta,True
akita/yokote,563,Yakitori Koyama,,Japanese;Japanese - Other ,japanese,ta,True
akita/yokote,564,Rokusaite,,,other,none,False
akita/yokote,565,Caffe Gita Yokote,,,other,none,False
akita/yokote,566,Bar Elixir,,Bar;Pub,izakaya,ta,True
akita/yokote,567,Edomae Ishi Matsuzushi,,Japanese;Seafood;Sushi;Japanese - Other ,seafood,ta,True
akita/yokote,568,Komeda Coffee Shop Yokote Happy Town,,,other,none,False
akita/yokote,569,SAZAN Height Time,,European;Fusion,european,ta,True
akita/yokote,570,Kichizo,,Japanese;Izakaya (Japanese Style Tavern),izakaya,ta,True
akita/yokote,571,Izakaya Yokote Bancho,,Japanese;Izakaya (Japanese Style Tavern),izakaya,ta,True
akita/yokote,572,Gakebuchi Club,,Bar,izakaya,ta,True
akita/yokote,573,Tamachu,,Asian,chinese,ta,True
akita/yokote,574,Nidaime Danjuro,,,other,none,False
akita/yokote,575,Chambord,,French,european,ta,True
akita/yokote,576,Sakedokoro Walin,,,other,none,False
akita/yokote,577,Sagae Bento,,Japanese;International;Japanese - Other ,japanese,ta,True
akita/yokote,578,Ramen Tomoya,,,other,none,False
akita/yokote,579,Kyoto Ramen Gensaku,,,other,none,False
akita/yokote,580,Koji Koji Bar,,Bar;Pub,izakaya,ta,True
akita/yokote,581,Takizawa Shokudo,,Japanese;International;Asian;Japanese - Other ,chinese,ta,True
akita/yokote,582,Suzuya,,Japanese;International,japanese,ta,True
akita/yokote,583,Mamaya,,Japanese;International;Japanese - Other ,japanese,ta,True
akita/yokote,584,Atsuatsutei,,Japanese;Asian,chinese,ta,True
akita/yokote,585,Fukuryu Michi No Eki Jumonji,,Japanese;Asian;Japanese - Other ,chinese,ta,True
akita/yokote,586,Uotami Yokote Eki Mae,,Seafood,seafood,ta,True
akita/yokote,587,Akita No Shun No Mikaku Kappo Omonogawa,,Japanese;Japanese - Traditional Cuisine;Kappo,japanese,ta,True
akita/yokote,588,Ramen Men Maru Jumoji,,Asian,chinese,ta,True
akita/yokote,589,Ikka,,Chinese,chinese,ta,True
akita/yokote,590,カルビ屋大福 横手店,,Japanese,japanese,ta,True
akita/yokote,591,Dammaya Suisan Yokote Kamakurakanmae,,Japanese,japanese,ta,True
akita/yokote,592,Janjan,,Barbecue,meat,ta,True
akita/yokote,593,Shinkawa Eitaro,,,other,none,False
akita/yokote,594,La Suminosuke,,Japanese;Seafood;Grill,seafood,ta,True
akita/yokote,595,Mansaiya,,Japanese,japanese,ta,True
akita/yokote,596,Re Mix,,International,other,none,False
akita/yokote,597,鳥春,,Japanese;Japanese - Other ,japanese,ta,True
akita/yokote,598,Goto Chie Seiniku,,Japanese;International;Japanese - Other ,japanese,ta,True
akita/yokote,599,People,,Izakaya (Japanese Style Tavern),izakaya,ta,True
akita/yokote,600,Ishimatsu Shokudo Main Store,,Japanese;International;Japanese - Other ,japanese,ta,True
akita/yokote,601,Steak Western Style Kaiseki Tsugami,,Steakhouse;Fusion,meat,ta,True
akita/yokote,602,Senshinan,,,other,none,False
akita/yokote,603,Teuchi Soba Kawashima,,Japanese;Japanese - Other ,japanese,ta,True
akita/yokote,604,Restaurant Mikuni,,,other,none,False
akita/yokote,605,Sobadokoro Hayashi,,Japanese;Japanese - Other ,japanese,ta,True
akita/yokote,606,Marimura,,Japanese,japanese,ta,True
akita/yokote,607,Nishikichaya,,Japanese;Izakaya (Japanese Style Tavern),izakaya,ta,True
akita/yokote,608,Bishokuzammai,,Japanese;Izakaya (Japanese Style Tavern),izakaya,ta,True
akita/yokote,609,Anraku Shokudo,,Japanese;International;Japanese - Other ,japanese,ta,True
akita/yokote,610,Kimuraya Omachi Main Store,,,other,none,False
akita/yokote,611,Kamiya Yakisoba,,Japanese,japanese,ta,True
akita/yokote,612,Rotating Sushi Eisuke Sushi Yokote,,Japanese;Seafood;Sushi;Japanese - Other ,seafood,ta,True
akita/yokote,613,Yokotenowagaya,,Japanese;Cafe,cafe,ta,True
akita/yokote,614,Yakitori Danjuro,,Japanese,japanese,ta,True
akita/yokote,615,Yokote Yakisobaya Yu,,,other,none,False
akita/yokote,616,Neo,,,other,none,False
akita/yokote,617,Sumiyakihorumon Pyonkichi,,Japanese;Barbecue,meat,ta,True
akita/yokote,618,Arcadia,,Bar;Pub,izakaya,ta,True
akita/yokote,619,Trenta,,,other,none,False
akita/yokote,620,Oshokuji Dokoro Marutama,,Asian,chinese,ta,True
akita/yokote,621,J Pizza Carnival Yokote,,Italian;Pizza,european,ta,True
akita/yokote,622,Animation Bar AnimA,,Bar;Pub,izakaya,ta,True
akita/yokote,623,Cafe Hirata,,,other,none,False
akita/yokote,624,麺家秀吉,,,other,none,False
akita/yokote,625,Kinryu Ramen,,,other,none,False
akita/yokote,626,Chigusa,,Chinese,chinese,ta,True
akita/yokote,627,Master Joy,,Italian;Mediterranean;Thai,european,ta,True
akita/yokote,628,Ichie,,,other,none,False
akita/yokote,629,Sushi Sei Yokote,,Japanese;Seafood;Sushi;Japanese - Other ,seafood,ta,True
akita/yokote,630,Hotto Motto Yokote City Hall Street,,Japanese,japanese,ta,True
akita/yokote,631,Ramen Aji Notaiko,,,other,none,False
akita/yokote,632,Big Daddy,,Fusion,other,none,False
akita/yokote,633,Dining Quad Bondine,,Japanese;Japanese - Other ,japanese,ta,True
akita/yokote,634,Maido,,Asian,chinese,ta,True
akita/yokote,635,Minoru Ken,,Asian,chinese,ta,True
akita/yokote,636,Izakaya Non Non,,Japanese,japanese,ta,True
akita/yokote,637,Restaurant Shirokuji Chu Yokote Minami,,International,other,none,False
akita/yokote,638,Sakedokoro Karin,,Japanese,japanese,ta,True
akita/yokote,639,Restaurant Hanguruma,,International,other,none,False
akita/yokote,640,Ramen Daikichi,,,other,none,False
akita/yokote,641,Mademoiselle Edogawa,,International,other,none,False
akita/yokote,642,Gassan,,Japanese,japanese,ta,True
akita/yokote,643,Aqa Yokote,,International,other,none,False
akita/yokote,644,Restaurant Rengaya,,Fusion,other,none,False
akita/yokote,645,Kaiseki Tei,,Japanese;Japanese - Traditional Cuisine;Kappo,japanese,ta,True
akita/yokote,646,Men S Club,,,other,none,False
akita/yokote,647,Kuidoraku,,Japanese;Izakaya (Japanese Style Tavern),izakaya,ta,True
akita/yokote,648,Inaho,,,other,none,False
akita/yokote,649,Gottoan,,Japanese,japanese,ta,True
akita/yokote,650,Kichibe,,,other,none,False
akita/yokote,651,Sushiko Main Store,,,other,none,False
akita/yokote,652,Yoshi Sushi,,Japanese;Sushi,seafood,ta,True
akita/yokote,653,Susukino,,,izakaya,desc,False
akita/yokote,654,Green Life,,Pub,izakaya,ta,True
akita/yokote,655,Shinku,,International,other,none,False
akita/yokote,656,Yokote Yakitori Center,,Japanese;Japanese - Other ,japanese,ta,True
akita/yokote,657,Yu,,Japanese,japanese,ta,True
akita/yokote,658,Yakitori Doshin,,,other,none,False
akita/yokote,659,Shosendo Pastry,,,other,none,False
akita/yokote,660,Mock,,,other,none,False
akita/yokote,661,Kurata Grand Mart Yokote,,,other,none,False
akita/yokote,662,Kashiraya Yakitori Shop,,Japanese;Japanese - Other ,japanese,ta,True
akita/yokote,663,Marumatsu Yokote Center,,Japanese,japanese,ta,True
akita/yokote,664,Mirai Cafe,,,other,none,False
akita/yokote,665,Akaneya Suisan Yokote,,Japanese,japanese,ta,True
akita/yokote,666,歩空,,,other,none,False
akita/yokote,667,Oishimbo,,International;Fusion,other,none,False
akita/yokote,668,Wa Gourmet Yokote,,Japanese;Japanese - Other ,japanese,ta,True
akita/yokote,669,Hiraka Tombo,,Japanese;Japanese - Traditional Cuisine,japanese,ta,True
akita/yokote,670,Ureshino,,Japanese;Seafood;Sushi;Japanese - Other ,seafood,ta,True
akita/yokote,671,Yoshi Sushi,,Sushi,seafood,ta,True
akita/yokote,672,Washokudokoro Karan,,Japanese,japanese,ta,True
akita/yokote,673,Aka Piman,,Fast Food,casual,ta,True
akita/yokote,674,Kushimoto,,Barbecue,meat,ta,True
akita/yokote,675,Sushi Matsuei,,Japanese;Seafood;Sushi;Japanese - Other ,seafood,ta,True
akita/yokote,676,Shokudo Katago,,Japanese,japanese,ta,True
akita/yokote,677,Saika,,Asian,chinese,ta,True
akita/yokote,678,Houryu Jumonji,,,other,none,False
akita/yokote,679,Hamacho,,Japanese;Seafood;Sushi;Japanese - Other ,seafood,ta,True
akita/yokote,680,Jumonji Sushi Kohon,,Japanese;Seafood;Sushi;Japanese - Other ,seafood,ta,True
akita/yokote,681,Sadayoshi,,Japanese;Japanese - Other ,japanese,ta,True
akita/yokote,682,Cafe Yakisoba Fujita,,Asian,chinese,ta,True
akita/yokote,683,Diner Koronazuya,,Japanese,japanese,ta,True
akita/yokote,684,Maruwa,,Japanese,japanese,ta,True
akita/yokote,685,Sakedokoro Yume,,Seafood,seafood,ta,True
akita/yokote,686,Tasuke Sushi,,Japanese;Seafood;Sushi;Japanese - Other ,seafood,ta,True
akita/yokote,687,Yotaro,,Japanese;Seafood;Sushi;Japanese - Other ,seafood,ta,True
akita/yokote,688,Villa Fureai,,,other,none,False
akita/yokote,689,Jumpei,,Japanese;Seafood;Sushi;Japanese - Other ,seafood,ta,True
akita/yokote,690,Ramen Rikyu,,,other,none,False
akita/yokote,691,Tokiwasushi,,Japanese;Seafood;Sushi;Japanese - Other ,seafood,ta,True
akita/yokote,692,Chiyokiku,,Japanese;Izakaya (Japanese Style Tavern),izakaya,ta,True
akita/yokote,693,Kashima,,Japanese;Seafood;Sushi;Japanese - Other ,seafood,ta,True
akita/yokote,694,Washoku Dokoro Miyoshi,,Japanese,japanese,ta,True
akita/yokote,695,Sushiro Yokote,,,other,none,False
akita/yokote,696,Jumonji Ramen Hompo,,,other,none,False
akita/yokote,697,まるきや,,Japanese;Japanese - Other ,japanese,ta,True
akita/yokote,698,Menya Garyu,,,other,none,False
akita/yokote,699,Tsukiusagi,,Japanese,japanese,ta,True
akita/yokote,700,Meat Bal Southern Hunter,,Italian,european,ta,True
akita/yokote,701,Men Ya Noodle House Shingetsu,,,other,none,False
akita/yokote,702,Sumiya Gyuniku Ryori Naruse,,Japanese;Seafood;Grill,seafood,ta,True
akita/yokote,703,Jirocho,,Japanese;Izakaya (Japanese Style Tavern),izakaya,ta,True
akita/yokote,704,Echiane,,Izakaya (Japanese Style Tavern),izakaya,ta,True
akita/yokote,705,Teuchi Soba Restaurant Yamagoya,,Japanese;Japanese - Other ,japanese,ta,True
akita/yokote,706,Sushitakashima,,Japanese;Seafood;Sushi;Japanese - Other ,seafood,ta,True
akita/yokote,707,Sushi Uchida,,Japanese;Sushi,seafood,ta,True
akita/yokote,708,Finished,,,other,none,False
akita/yokote,709,Taishuya,,Japanese;Japanese - Other ,japanese,ta,True
akita/yokote,710,Ureshino,,Japanese,japanese,ta,True
akita/yokote,711,Kimuraya Branch Office,,,other,none,False
akita/yokote,712,Ito Painting,,,other,none,False
akita/yokote,713,Japanese Restaurant Saiman,,Japanese;Fusion;Japanese - Other ;Japanese Fusion,japanese,ta,True
akita/yokote,714,Ippommatsu Shokudo,,Japanese;International;Japanese - Other ,japanese,ta,True
akita/yokote,715,Shibata,,Japanese;International;Japanese - Other ,japanese,ta,True
akita/yokote,716,Kinozen,,Japanese;Japanese - Other ,japanese,ta,True
akita/yokote,717,Izakaya Nihonkai,,Japanese;Izakaya (Japanese Style Tavern),izakaya,ta,True
akita/yokote,718,Sawada Confectionery,,,other,none,False
akita/yokote,719,Iiraishan,,,other,none,False
akita/yokote,720,Sakuraso,,Japanese;International;Japanese - Other ,japanese,ta,True
akita/yokote,721,Yakitori Yuki,,Japanese;Japanese - Other ,japanese,ta,True
akita/yokote,722,Chiyo,,Japanese,japanese,ta,True
akita/yokote,723,Yokote Tongentei,,,other,none,False
akita/yokote,724,Padokku,,Japanese;International;Japanese - Other ,japanese,ta,True
akita/yokote,725,Yurikago Shokudo,,Japanese;International;Japanese - Other ,japanese,ta,True
akita/yokote,726,Shokujidokoro Watanabe,,Japanese;International;Japanese - Other ,japanese,ta,True
akita/yokote,727,Aji Shin Shokudo,,Japanese;International;Japanese - Other ,japanese,ta,True
akita/yokote,728,Matsumi,,Japanese,japanese,ta,True
akita/yokote,729,Ajinosajikiseki Kacho,,Japanese;Izakaya (Japanese Style Tavern),izakaya,ta,True
akita/yokote,730,Masato Sanso,,French,european,ta,True
akita/yokote,731,Sake Dokoro Ponta,,Japanese,japanese,ta,True
akita/yokote,732,Iroha Shokudo,,Japanese,japanese,ta,True
akita/yokote,733,Suzuran,,Japanese;International;Japanese - Other ,japanese,ta,True
akita/yokote,734,Kappo Ayase,,Japanese;Kappo,japanese,ta,True
akita/yokote,735,Wish,,Fusion,other,none,False
akita/yokote,736,Timely,,,other,none,False
akita/yokote,737,Odenya,,,other,none,False
akita/yokote,738,Himatsubushi Emi,,,other,none,False
akita/yokote,739,Mori No Ryoriban,,,other,none,False
akita/yokote,740,Chicken Restaurant Tobu,,Japanese,japanese,ta,True
akita/yokote,741,Shibata Tofu,,,other,none,False
akita/yokote,742,Toshokan Cafe,,,other,none,False
akita/yokote,743,Nomoya,,Izakaya (Japanese Style Tavern),izakaya,ta,True
akita/yokote,744,Taikodo,,,other,none,False
akita/yokote,745,Ramen Thick Ton,,,other,none,False
akita/yokote,746,Shoku Dokoro Takeyoshi,,,other,none,False
akita/yokote,747,Poppo Ainono,,International,other,none,False
akita/yokote,748,Menhana Asamai,,Japanese,japanese,ta,True
akita/yokote,749,Marumiya Shokudo,,Japanese,japanese,ta,True
akita/yokote,750,Stajo Ni,,,other,none,False
akita/yokote,751,Hunter Hunter,,,other,none,False
akita/yokote,752,Yanyan,,,other,none,False
akita/yokote,753,Soba Kikorin,,Japanese,japanese,ta,True
akita/yokote,754,Swany s,,,other,none,False
akita/yokote,755,Tabe Club,,,other,none,False
akita/yokote,756,Jumonji 5chome,,Japanese,japanese,ta,True
akita/yokote,757,Izakaya Yuya,,Japanese;Izakaya (Japanese Style Tavern),izakaya,ta,True
akita/yokote,758,Iorizen Jumonji,,Japanese;Izakaya (Japanese Style Tavern),izakaya,ta,True
akita/yokote,759,Suishin,,Japanese;Izakaya (Japanese Style Tavern),izakaya,ta,True
akita/yokote,760,Tamejaya,,Japanese,japanese,ta,True
akita/yokote,761,Tanraku,,Japanese;Izakaya (Japanese Style Tavern),izakaya,ta,True
akita/yokote,762,Takahiro,,Japanese;Izakaya (Japanese Style Tavern),izakaya,ta,True
akita/yokote,763,Mumbling,,Bar;Pub,izakaya,ta,True
akita/yokote,764,Sweet Sanoya,,,other,none,False
akita/yokote,765,Osawa Kanshiyodo,,,other,none,False
akita/yokote,766,Kaishindo,,,other,none,False
akita/yokote,767,Patisserie Mie,,,other,none,False
akita/yokote,768,Azakuraya Pastry,,,other,none,False
akita/yokote,769,Salon East,,,other,none,False
akita/yokote,770,Yuuchan Ramen,,,other,none,False
akita/yokote,771,Mente Kame,,,other,none,False
akita/yokote,772,Studio Saburahi,,Japanese - Other ,japanese,ta,True
akita/yokote,773,Coco Decoco,,,other,none,False
akita/yokote,774,Wagaya,,Japanese,japanese,ta,True
akita/yokote,775,Omoriya Pastry,,,other,none,False
akita/yokote,776,Rouge,,Japanese - Other ,japanese,ta,True
akita/yokote,777,Finger Cuisine Bobona,,Japanese,japanese,ta,True
akita/yokote,778,Kushiya Hungry,,Japanese;Japanese - Other ,japanese,ta,True
akita/yokote,779,Lady,,French,european,ta,True
akita/yokote,780,Akibe,,Japanese,japanese,ta,True
akita/yokote,781,Tempo,,Cafe,cafe,ta,True
akita/yokote,782,Ajishin Restaurant,,Japanese;International;Japanese - Other ,japanese,ta,True
akita/yokote,783,Anan,,,other,none,False
akita/yokote,784,Daruma Hidemasa,,Japanese,japanese,ta,True
akita/yokote,785,Cutlet Express Gugu,,International,other,none,False
akita/yokote,786,Annex Makoto,,Japanese,japanese,ta,True
akita/yokote,787,Tonkatsu Kaiei,,Japanese,japanese,ta,True
akita/yokote,788,Marusho,,Japanese,japanese,ta,True
akita/yokote,789,Sasaki Shokudo,,Japanese,japanese,ta,True
akita/yokote,790,Tea Lounge Yu,,Cafe,cafe,ta,True
akita/yokote,791,Ban Ya,,Japanese;Fusion;Japanese - Other ;Japanese Fusion,japanese,ta,True
akita/yokote,792,Toyokawa,,Japanese;Japanese - Other ,japanese,ta,True
akita/yokote,793,Bypass Shokudo,,Japanese,japanese,ta,True
akita/yokote,794,Nakayoshi,,Japanese;Japanese - Traditional Cuisine,japanese,ta,True
akita/yokote,795,Orizuru,,Japanese,japanese,ta,True
akita/yokote,796,Sakichi,,Japanese,japanese,ta,True
akita/yokote,797,Okigaru Kappo Ippo,,Japanese;Kappo,japanese,ta,True
akita/yokote,798,Tsurikichi,,Japanese,japanese,ta,True
akita/yokote,799,Senemon Kura,,Japanese,japanese,ta,True
akita/yokote,800,Sapphire,,Japanese,japanese,ta,True
akita/yokote,801,Simisha,,Japanese;Japanese - Traditional Cuisine;Kappo,japanese,ta,True
akita/yokote,802,Kaido Shokudo,,Japanese,japanese,ta,True
akita/yokote,803,Kioi,,Japanese;International;Japanese - Other ,japanese,ta,True
akita/yokote,804,Kikuya Sutando Kappo,,Japanese;Kappo,japanese,ta,True
akita/yokote,805,Chotto,,Japanese,japanese,ta,True
akita/yokote,806,Miyako,,Japanese;Japanese - Other ,japanese,ta,True
akita/yokote,807,Poralis,,International,other,none,False
akita/yokote,808,Shichirinya,,Japanese,japanese,ta,True
akita/yokote,809,Mcqueen,,Japanese,japanese,ta,True
akita/yokote,810,Candy,,Japanese,japanese,ta,True
akita/yokote,811,Onikutokamoshi Chitose,,Japanese,japanese,ta,True
akita/yokote,812,Cafe Maru,,Cafe,cafe,ta,True
akita/yokote,813,Funayama,,Japanese,japanese,ta,True
akita/yokote,814,Danwashitsu,,Japanese;Izakaya (Japanese Style Tavern),izakaya,ta,True
akita/yokote,815,Domanin Yokote,,Izakaya (Japanese Style Tavern),izakaya,ta,True
akita/yokote,816,Gareiji,,Japanese;Izakaya (Japanese Style Tavern),izakaya,ta,True
akita/yokote,817,Izakaya Den Den,,Japanese;Izakaya (Japanese Style Tavern),izakaya,ta,True
akita/yokote,818,Izakaya Kazuki,,Japanese;Izakaya (Japanese Style Tavern),izakaya,ta,True
akita/yokote,819,Tapilab Yokoteekimae,,Cafe,cafe,ta,True
akita/yokote,820,Yakimonoya Kamino,,Bar;Pub,izakaya,ta,True
akita/yokote,821,Stand Bar Tsukasa,,Bar;Pub,izakaya,ta,True
akita/yokote,822,Yuraku,,Japanese;Izakaya (Japanese Style Tavern),izakaya,ta,True
akita/yokote,823,Chibiyoko,,Japanese;Izakaya (Japanese Style Tavern),izakaya,ta,True
akita/yokote,824,Namihei,,Japanese,japanese,ta,True
akita/yokote,825,Tenten,,Japanese;Izakaya (Japanese Style Tavern),izakaya,ta,True
akita/yokote,826,Fureai Cafe Kutsurogi,,,other,none,False
akita/yokote,827,Yokote Hanten Negishi,,,other,none,False
akita/yokote,828,Kimuraya Happy Town,,,other,none,False
akita/yokote,829,Confectionery Workshop Foret Blanche,,,other,none,False
akita/yokote,830,Kurara,,,other,none,False
akita/yokote,831,Figaro,,,other,none,False
akita/yokote,832,Gyoza No Fujiki,,,other,none,False
akita/yokote,833,Mokutokan,,,other,none,False
akita/yokote,834,Kashin,,,other,none,False
akita/yokote,835,Club Vivi,,,other,none,False
akita/yokote,836,Snack Suzu,,,other,none,False
akita/yokote,837,Yoridokoro Kamuro,,,other,none,False
akita/yokote,838,Japan Up Steage Show Club,,,other,none,False
akita/yokote,839,Mikado,,,other,none,False
akita/yokote,840,Gubi Gubi Yokote,,,other,none,False
akita/yokote,841,Crush,,,other,none,False
akita/yurihonjo,1,鮨駒,寿司,,seafood,tb,True
akita/yurihonjo,2,affetto akita,イタリアン,,european,tb,True
akita/yurihonjo,3,麺饗 松韻,ラーメン,,noodles,tb,True
akita/yurihonjo,4,ドン・キホーテ,スペイン料理、イタリアン、ヨーロッパ料理,,european,tb,True
akita/yurihonjo,5,和がまま,寿司、海鮮、海鮮丼,,seafood,tb,True
akita/yurihonjo,6,清吉そばや,ラーメン、そば、うどん,,noodles,tb,True
akita/yurihonjo,7,いちこま,うどん、おでん,,noodles,tb,True
akita/yurihonjo,8,中華そば 肴 yamago,ラーメン,,noodles,tb,True
akita/yurihonjo,9,たかしょう,ラーメン,,noodles,tb,True
akita/yurihonjo,10,かつ喜 本荘本店,とんかつ、サンドイッチ,,meat,tb,True
akita/yurihonjo,11,MONCHAN RAMEN SHUN,ラーメン,,noodles,tb,True
akita/yurihonjo,12,いときん,食堂、かつ丼,,casual,tb,True
akita/yurihonjo,13,発酵小路 田屋,カフェ,,cafe,tb,True
akita/yurihonjo,14,北海道らーめん おやじ 本荘店,ラーメン,,noodles,tb,True
akita/yurihonjo,15,そば勘兵,そば、うどん,,noodles,tb,True
akita/yurihonjo,16,岩城ウミヨコ食堂,食堂、海鮮,,casual,tb,True
akita/yurihonjo,17,多賀部食堂,食堂、ラーメン,,casual,tb,True
akita/yurihonjo,18,シンゴ,焼肉、肉料理,,meat,tb,True
akita/yurihonjo,19,タングステン,洋食、洋菓子、喫茶店,,european,tb,True
akita/yurihonjo,20,レストラン きぬさや,食堂、郷土料理、カフェ,,casual,tb,True
akita/yurihonjo,21,手打餃子房 龍華,餃子、中華料理、ラーメン,,chinese,tb,True
akita/yurihonjo,22,51丸 食堂,食堂,,casual,tb,True
akita/yurihonjo,23,Cafe&Live Restaurant RiverRoad,ダイニングバー,,izakaya,tb,True
akita/yurihonjo,24,ウミヨコスタンド,ハンバーガー、コロッケ、ソフトクリーム,,casual,tb,True
akita/yurihonjo,25,珈琲自家焙煎薫,喫茶店、カフェ,,cafe,tb,True
akita/yurihonjo,26,こうらく,中華料理、食堂、肉まん,,chinese,tb,True
akita/yurihonjo,27,リストランテ クロ,イタリアン、ビストロ、居酒屋,,european,tb,True
akita/yurihonjo,28,ハーブワールドＡＫＩＴＡ,洋食、食堂、カフェ,,european,tb,True
akita/yurihonjo,29,あきた おいもさんち,洋菓子,,sweets,tb,True
akita/yurihonjo,30,ゑびすや,ラーメン,,noodles,tb,True
akita/yurihonjo,31,福麺,ラーメン,,noodles,tb,True
akita/yurihonjo,32,焼肉 ほむら家 本荘店,焼肉,,meat,tb,True
akita/yurihonjo,33,鼓志,ラーメン,,noodles,tb,True
akita/yurihonjo,34,寿楽,食堂、ラーメン,,casual,tb,True
akita/yurihonjo,35,清吉そばや 岩渕支店,ラーメン、麺類,,noodles,tb,True
akita/yurihonjo,36,ホルモン横丁,焼肉、ホルモン、ラーメン,,meat,tb,True
akita/yurihonjo,37,めしや,食堂,,casual,tb,True
akita/yurihonjo,38,マナイタ,居酒屋、ビアバー,,izakaya,tb,True
akita/yurihonjo,39,鈴木食堂,食堂,,casual,tb,True
akita/yurihonjo,40,まんがんや,担々麺、ラーメン,,noodles,tb,True
akita/yurihonjo,41,ケーキ工房フリアンナカムラ,ケーキ、カフェ,,sweets,tb,True
akita/yurihonjo,42,グリル カインド,洋食、ステーキ,,european,tb,True
akita/yurihonjo,43,麺屋新月,ラーメン,,noodles,tb,True
akita/yurihonjo,44,焼鳥 一平,居酒屋、鳥料理、海鮮,,izakaya,tb,True
akita/yurihonjo,45,ハナマルシェ 道の駅にしめ店,バームクーヘン、ソフトクリーム,,sweets,tb,False
akita/yurihonjo,46,trattoria siva,イタリアン、パスタ、洋食,,european,tb,True
akita/yurihonjo,47,前郷食堂,食堂,,casual,tb,True
akita/yurihonjo,48,レストラン ケベック,洋食、カレー、パスタ,,european,tb,True
akita/yurihonjo,49,けん太 本荘店,そば,,noodles,tb,True
akita/yurihonjo,50,ネパールダイニング ポカラ,ネパール料理、インドカレー,,curry,tb,True
akita/yurihonjo,51,栄食堂,食堂,,casual,tb,True
akita/yurihonjo,52,道の駅にしめ はまなすの里,道の駅,,other,none,False
akita/yurihonjo,53,司鮨,寿司,,seafood,tb,True
akita/yurihonjo,54,喜怒哀楽,ラーメン、餃子,,noodles,tb,True
akita/yurihonjo,55,万年竹,食堂、ホルモン,,casual,tb,True
akita/yurihonjo,56,とり・とん,居酒屋、焼き鳥、ラーメン,,izakaya,tb,True
akita/yurihonjo,57,田口菓子舗,ケーキ、和菓子,,sweets,tb,True
akita/yurihonjo,58,すぎの木,日本料理、ハンバーグ,,japanese,tb,True
akita/yurihonjo,59,大黒屋,食堂,,casual,tb,True
akita/yurihonjo,60,笑や,居酒屋,,izakaya,tb,True
akita/yurihonjo,61,さくら,食堂,,casual,tb,True
akita/yurihonjo,62,香港ハウス,中華料理、ラーメン,,chinese,tb,True
akita/yurihonjo,63,和食 築山,日本料理、食堂、海鮮,,japanese,tb,True
akita/yurihonjo,64,インドカレーロダン,インドカレー、カレー,,curry,tb,True
akita/yurihonjo,65,麺屋にぼすけ 本荘店,ラーメン、つけ麺,,noodles,tb,True
akita/yurihonjo,66,中華そば 肴 yamago 2号店,ラーメン,,noodles,tb,True
akita/yurihonjo,67,麺、喰い、工房 なかみち,中華料理、ラーメン、食堂,,chinese,tb,True
akita/yurihonjo,68,カフェ カトルセゾン,カフェ、喫茶店、ケーキ,,cafe,tb,True
akita/yurihonjo,69,清和亭,食堂,,casual,tb,True
akita/yurihonjo,70,日の丸食堂,食堂、ラーメン、丼,,casual,tb,True
akita/yurihonjo,71,道の駅おおうち,道の駅,,other,none,False
akita/yurihonjo,72,鈴木商店,居酒屋、焼肉、ホルモン,,izakaya,tb,True
akita/yurihonjo,73,石橋食堂,食堂、ラーメン,,casual,tb,True
akita/yurihonjo,74,こうや,食堂,,casual,tb,True
akita/yurihonjo,75,和麺 ささき,うどん、そば、麺類,,noodles,tb,True
akita/yurihonjo,76,勇助堂,和菓子,,sweets,tb,True
akita/yurihonjo,77,キッチンカフェ kino,カフェ,,cafe,tb,True
akita/yurihonjo,78,Kai,ラーメン,,noodles,tb,True
akita/yurihonjo,79,献の家,ラーメン,,noodles,tb,True
akita/yurihonjo,80,うどん工房 いぶき,うどん、カフェ,,noodles,tb,True
akita/yurihonjo,81,本荘ステーションホテル,ホテル,,other,none,False
akita/yurihonjo,82,セゾンふうげつ 本荘店,ケーキ,,sweets,tb,True
akita/yurihonjo,83,うどんの双葉食堂,うどん,,noodles,tb,True
akita/yurihonjo,84,かなこ,居酒屋,,izakaya,tb,True
akita/yurihonjo,85,ヤーマン,バー、インドカレー、居酒屋,,izakaya,tb,True
akita/yurihonjo,86,FRESHGREEN,食堂、郷土料理、ハンバーグ,,casual,tb,True
akita/yurihonjo,87,中華そば 仁平,ラーメン,,noodles,tb,True
akita/yurihonjo,88,うまい一丸鮨 本荘店,回転寿司,,seafood,tb,True
akita/yurihonjo,89,レストラン　都,食堂、弁当,,casual,tb,True
akita/yurihonjo,90,monde,クレープ・ガレット,,sweets,tb,True
akita/yurihonjo,91,鶏次楼,鳥料理,,other,none,False
akita/yurihonjo,92,サモワール,喫茶店,,cafe,tb,True
akita/yurihonjo,93,まりも,居酒屋,,izakaya,tb,True
akita/yurihonjo,94,台湾料理 萬福,台湾料理、ラーメン,,chinese,tb,True
akita/yurihonjo,95,出羽食堂,食堂,,casual,tb,True
akita/yurihonjo,96,千年桜,食堂、ラーメン,,casual,tb,True
akita/yurihonjo,97,中国料理四川亭,中華料理、四川料理,,chinese,tb,True
akita/yurihonjo,98,中華料理菜館,中華料理、ラーメン,,chinese,tb,True
akita/yurihonjo,99,こがねちゃん弁当 駅前店,弁当、おにぎり,,casual,tb,True
akita/yurihonjo,100,石沢学校食堂,そば,,noodles,tb,True
akita/yurihonjo,101,道の駅 清水の里・鳥海郷,道の駅,,other,none,False
akita/yurihonjo,102,美徳,ラーメン、中華料理,,noodles,tb,True
akita/yurihonjo,103,ラーメン勝負,ラーメン,,noodles,tb,True
akita/yurihonjo,104,フォレスタ鳥海,その他,,other,none,False
akita/yurihonjo,105,吉野屋菓子舗,和菓子、洋菓子,,sweets,tb,True
akita/yurihonjo,106,りん,お好み焼き、鉄板焼き、洋食,,casual,tb,True
akita/yurihonjo,107,美酔酒縁 吾愛郷,創作料理、居酒屋,,japanese,tb,True
akita/yurihonjo,108,一力,食堂,,casual,tb,True
akita/yurihonjo,109,やきとり元気,焼き鳥,,meat,tb,True
akita/yurihonjo,110,レストラン妲湯,うどん、郷土料理、親子丼,,noodles,tb,True
akita/yurihonjo,111,ドライブイン広場,食堂,,casual,tb,True
akita/yurihonjo,112,花立牧場 ジャージーハウス,カフェ,,cafe,tb,True
akita/yurihonjo,113,北前,居酒屋,,izakaya,tb,True
akita/yurihonjo,114,駅前食堂,食堂,,casual,tb,True
akita/yurihonjo,115,ラトリエ クレール,ケーキ,,sweets,tb,True
akita/yurihonjo,116,cafe 月とオリオン,カフェ,,cafe,tb,True
akita/yurihonjo,117,らーめんいちばん星,ラーメン、餃子、カレー,,noodles,tb,True
akita/yurihonjo,118,九龍,中華料理,,chinese,tb,True
akita/yurihonjo,119,有限会社 渡部製パン,その他,,other,none,False
akita/yurihonjo,120,中華そば 雲ノ糸 由利本荘店,ラーメン,,noodles,tb,True
akita/yurihonjo,121,ほっといん鳥海,その他,,other,none,False
akita/yurihonjo,122,カフェテラス 紫陽花,喫茶店,,cafe,tb,True
akita/yurihonjo,123,ラ・メゾン・ドゥ・テルジィ,その他,,other,none,False
akita/yurihonjo,124,いこい,食堂、日本料理,,casual,tb,True
akita/yurihonjo,125,スカイレストラン 天空,洋食、ステーキ、ハンバーグ,,european,tb,True
akita/yurihonjo,126,斉惣商店,たい焼き・大判焼き、かき氷,,sweets,tb,True
akita/yurihonjo,127,Hello Mellow Yellow,ハンバーガー、洋食,,casual,tb,True
akita/yurihonjo,128,焼肉 じゅうじゅう亭,焼肉,,meat,tb,True
akita/yurihonjo,129,一よし,日本料理,,japanese,tb,True
akita/yurihonjo,130,かかし弁当,弁当,,casual,tb,True
akita/yurihonjo,131,Gardening Cafe 花草,カフェ,,cafe,tb,True
akita/yurihonjo,132,ゆう,居酒屋,,izakaya,tb,True
akita/yurihonjo,133,土日,ソフトクリーム,,sweets,tb,True
akita/yurihonjo,134,石沢屋,食堂,,casual,tb,True
akita/yurihonjo,135,ジバノジバ,社員食堂,,casual,desc,False
akita/yurihonjo,136,吾作 由利本荘店,ラーメン,,noodles,tb,True
akita/yurihonjo,137,らぁめんめん丸 本荘店,ラーメン,,noodles,tb,True
akita/yurihonjo,138,齋彌酒造店,その他,,other,none,False
akita/yurihonjo,139,まんぷく処 田吾作,食堂、麺類、ラーメン,,casual,tb,True
akita/yurihonjo,140,彩夜,バー,,izakaya,tb,True
akita/yurihonjo,141,とりみ屋,ラーメン,,noodles,tb,True
akita/yurihonjo,142,栄楽,ラーメン,,noodles,tb,True
akita/yurihonjo,143,わらべ唄,お好み焼き、郷土料理、もんじゃ焼き,,casual,tb,True
akita/yurihonjo,144,滝川精肉店,惣菜・デリ,,casual,tb,True
akita/yurihonjo,145,やさい王国,その他,,other,none,False
akita/yurihonjo,146,ポプリ,喫茶店,,cafe,tb,True
akita/yurihonjo,147,彦,焼き鳥、たい焼き・大判焼き、海鮮丼,,meat,tb,True
akita/yurihonjo,148,自由食堂,食堂、そば,,casual,tb,True
akita/yurihonjo,149,鳥海荘,食堂,,casual,tb,True
akita/yurihonjo,150,ミルクカフェ NISHIME,カフェ,,cafe,tb,True
akita/yurihonjo,151,道の駅 東由利,道の駅,,other,none,False
akita/yurihonjo,152,金太楼寿司,寿司,,seafood,tb,True
akita/yurihonjo,153,どん平,そば、うどん、居酒屋,,noodles,tb,True
akita/yurihonjo,154,駅カフェ おばこ,カフェ,,cafe,tb,True
akita/yurihonjo,155,ムーラン 大町店,パン、カフェ,,sweets,tb,True
akita/yurihonjo,156,居酒屋勘乃,居酒屋,,izakaya,tb,True
akita/yurihonjo,157,レストランビッグベア,レストラン、ホルモン、ラーメン,,meat,tb,False
akita/yurihonjo,158,はまはま,海鮮、居酒屋,,seafood,tb,True
akita/yurihonjo,159,やきとり 串和華,焼き鳥、居酒屋、海鮮,,meat,tb,True
akita/yurihonjo,160,旭南高砂堂 本荘店,ケーキ、和菓子,,sweets,tb,True
akita/yurihonjo,161,バー ソウルノート,バー,,izakaya,tb,True
akita/yurihonjo,162,てっぱん屋台 たこすけ,たこ焼き、お好み焼き,,casual,tb,True
akita/yurihonjo,163,トレンタ 本荘店,イタリアン,,european,tb,True
akita/yurihonjo,164,南部家敷 本荘店,そば、天ぷら、うなぎ,,noodles,tb,True
akita/yurihonjo,165,中央食堂,ラーメン、食堂,,noodles,tb,True
akita/yurihonjo,166,ぽぽろ亭,食堂,,casual,tb,True
akita/yurihonjo,167,ひまわり,食堂,,casual,tb,True
akita/yurihonjo,168,中華料理華園,中華料理,,chinese,tb,True
akita/yurihonjo,169,サンサーラ,レストラン,,other,none,False
akita/yurihonjo,170,岩城の燻製屋チャコール,惣菜・デリ,,casual,tb,True
akita/yurihonjo,171,とんはいりん,食堂、ラーメン,,casual,tb,True
akita/yurihonjo,172,もんじゃ焼きりんごちゃん,もんじゃ焼き,,casual,tb,True
akita/yurihonjo,173,森の時間 由利本荘店,パン、チョコレート,,sweets,tb,True
akita/yurihonjo,174,calm,その他,,other,none,False
akita/yurihonjo,175,居酒屋わっしょい,居酒屋,,izakaya,tb,True
akita/yurihonjo,176,本荘総合地方卸売市場 食堂,社員食堂,,casual,desc,False
akita/yurihonjo,177,松乃寿し,寿司,,seafood,tb,True
akita/yurihonjo,178,たぷろんハウス,パン、カフェ,,sweets,tb,True
akita/yurihonjo,179,大政,寿司,,seafood,tb,True
akita/yurihonjo,180,福助,寿司,,seafood,tb,True
akita/yurihonjo,181,バー ターミナル,バー,,izakaya,tb,True
akita/yurihonjo,182,満月館,焼き鳥,,meat,tb,True
akita/yurihonjo,183,ISHIICHANS KITCHEN 希空,居酒屋,,izakaya,tb,True
akita/yurihonjo,184,Pua Lea,スイーツ,,sweets,tb,True
akita/yurihonjo,185,大番,食堂,,casual,tb,True
akita/yurihonjo,186,パラダイスカフェ,居酒屋,,izakaya,tb,True
akita/yurihonjo,187,koco cafe,カフェ,,cafe,tb,True
akita/yurihonjo,188,牧場Cafe,カフェ,,cafe,tb,True
akita/yurihonjo,189,喫茶わおん,カフェ,,cafe,tb,True
akita/yurihonjo,190,RESTAURANT TSUBAKI,洋食,,european,tb,True
akita/yurihonjo,191,日本海製麺所,そば,,noodles,tb,True
akita/yurihonjo,192,なにはともあれ 笑が家,居酒屋、海鮮,,izakaya,tb,True
akita/yurihonjo,193,小料理屋 雪原,日本料理,,japanese,tb,True
akita/yurihonjo,194,地域共生カフェ ポレポレ,カフェ,,cafe,tb,True
akita/yurihonjo,195,鈴基,日本料理,,japanese,tb,True
akita/yurihonjo,196,ラーメンショップAji-Q 日本海店,ラーメン,,noodles,tb,True
akita/yurihonjo,197,肴菜や,居酒屋,,izakaya,tb,True
akita/yurihonjo,198,天寿酒造,その他,,other,none,False
akita/yurihonjo,199,中華料理 宝来飯店,中華料理、ラーメン,,chinese,tb,True
akita/yurihonjo,200,東海林商店,その他,,other,none,False
akita/yurihonjo,201,居酒屋 とみ屋,居酒屋,,izakaya,tb,True
akita/yurihonjo,202,食堂やおまさ,食堂、そば、うどん,,casual,tb,True
akita/yurihonjo,203,焼肉 牛和華,焼肉、居酒屋、ホルモン,,meat,tb,True
akita/yurihonjo,204,髙橋菓子舗,たい焼き・大判焼き,,sweets,tb,True
akita/yurihonjo,205,ちゃちゃちゃ,居酒屋,,izakaya,tb,True
akita/yurihonjo,206,寿司竹,寿司,,seafood,tb,True
akita/yurihonjo,207,キッチン山河,食堂、ラーメン,,casual,tb,True
akita/yurihonjo,208,めくる,ラーメン,,noodles,tb,True
akita/yurihonjo,209,よろづ亭,日本料理、馬肉料理,,japanese,tb,True
akita/yurihonjo,210,大黒屋,日本料理,,japanese,tb,True
akita/yurihonjo,211,松月園,焼肉,,meat,tb,True
akita/yurihonjo,212,かしわ温泉 食堂,食堂,,casual,tb,True
akita/yurihonjo,213,セゾンフーゲツ,ケーキ、和菓子,,sweets,tb,True
akita/yurihonjo,214,鳥忠,焼き鳥,,meat,tb,True
akita/yurihonjo,215,高山製麺 めんこいな食堂,うどん、そば、ラーメン,,noodles,tb,True
akita/yurihonjo,216,コーヒーショップ ロリンズ,カフェ,,cafe,tb,True
akita/yurihonjo,217,日進堂菓子舗,ケーキ,,sweets,tb,True
akita/yurihonjo,218,とーく,喫茶店,,cafe,tb,True
akita/yurihonjo,219,串銀,焼き鳥、海鮮、丼,,meat,tb,True
akita/yurihonjo,220,東光園,スイーツ,,sweets,tb,True
akita/yurihonjo,221,よしこの店五厘,郷土料理、居酒屋、鍋,,japanese,tb,True
akita/yurihonjo,222,ちょう丸,焼肉,,meat,tb,True
akita/yurihonjo,223,ラウンジ キリン,喫茶店,,cafe,tb,True
akita/yurihonjo,224,とんぼ,弁当,,casual,tb,True
akita/yurihonjo,225,ハミング,喫茶店,,cafe,tb,True
akita/yurihonjo,226,お食事処 はなしょうぶ,食堂,,casual,tb,True
akita/yurihonjo,227,唐変木,居酒屋,,izakaya,tb,True
akita/yurihonjo,228,カメリア,ビアホール,,other,none,False
akita/yurihonjo,229,LAWSON 由利本荘鳥海町店,コンビニ・スーパー,,daily,tb,True
akita/yurihonjo,230,Berryz,かき氷、コーヒースタンド、スイーツ,,sweets,tb,True
akita/yurihonjo,231,パブリックハウス ケイト,バー,,izakaya,tb,True
akita/yurihonjo,232,らあめん花月嵐 本荘東バイパス店,ラーメン,,noodles,tb,True
akita/yurihonjo,233,マクドナルド １０５本荘店,ハンバーガー,,casual,tb,True
akita/yurihonjo,234,岩城温泉 港の湯,その他,,other,none,False
akita/yurihonjo,235,鶴屋亀治郎,居酒屋,,izakaya,tb,True
akita/yurihonjo,236,ブラウン,喫茶店,,cafe,tb,True
akita/yurihonjo,237,ヘブンズドラゴン,バー、バル,,izakaya,tb,True
akita/yurihonjo,238,麺屋Sasaki,ラーメン,,noodles,tb,True
akita/yurihonjo,239,居酒屋ふくろう,焼き鳥,,meat,tb,True
akita/yurihonjo,240,炉端ダイニング 楽家,居酒屋,,izakaya,tb,True
akita/yurihonjo,241,パイの店 ぐらんぱぐらんま,洋菓子,,sweets,tb,True
akita/yurihonjo,242,ア ケイク ショップ,ケーキ,,sweets,tb,True
akita/yurihonjo,243,ウミヨコ茶屋,食堂、そば、うどん,,casual,tb,True
akita/yurihonjo,244,べこ助,焼肉,,meat,tb,True
akita/yurihonjo,245,尾八,居酒屋,,izakaya,tb,True
akita/yurihonjo,246,暖・食彩屋,居酒屋,,izakaya,tb,True
akita/yurihonjo,247,酔処 和さ美,居酒屋,,izakaya,tb,True
akita/yurihonjo,248,ゆりの里交流センター ゆりえもん,その他,,other,none,False
akita/yurihonjo,249,ときわ会館,日本料理、郷土料理,,japanese,tb,True
akita/yurihonjo,250,あっぷ,居酒屋,,izakaya,tb,True
akita/yurihonjo,251,緑栄寿司,寿司,,seafood,tb,True
akita/yurihonjo,252,クルーザー,カフェ,,cafe,tb,True
akita/yurihonjo,253,いろは寿し,寿司,,seafood,tb,True
akita/yurihonjo,254,居酒屋 酒仙,居酒屋、食堂、ラーメン,,izakaya,tb,True
akita/yurihonjo,255,肉バルYY,バル,,european,tb,True
akita/yurihonjo,256,与七,レストラン,,other,none,False
akita/yurihonjo,257,飲み処 せっちゃん,居酒屋,,izakaya,tb,True
akita/yurihonjo,258,ココス 由利本荘店,ファミレス,,casual,tb,True
akita/yurihonjo,259,無添くら寿司 由利本荘店,回転寿司,,seafood,tb,True
akita/yurihonjo,260,モスバーガー 羽後本荘店,ハンバーガー,,casual,tb,True
akita/yurihonjo,261,かっぱ寿司 由利本荘店,回転寿司,,seafood,tb,True
akita/yurihonjo,262,吉野家 105号線由利本荘店,牛丼、カレー、食堂,,casual,tb,True
akita/yurihonjo,263,サーティワンアイスクリーム イオンスーパーセンター本荘店,ジェラート・アイスクリーム、クレープ・ガレット,,sweets,tb,True
akita/yurihonjo,264,ガスト 羽後本荘店,ファミレス,,casual,tb,True
akita/yurihonjo,265,からあげ専門 まつむら商店 西目店,からあげ,,meat,tb,True
akita/yurihonjo,266,和風レストランまるまつ 本荘店,ファミレス,,casual,tb,True
akita/yurihonjo,267,牛角 由利本荘店,焼肉、ホルモン、居酒屋,,meat,tb,True
akita/yurihonjo,268,すき家 105号由利本荘店,牛丼、カレー,,casual,tb,True
akita/yurihonjo,269,マクドナルド 本荘マックスバリュー店,ハンバーガー,,casual,tb,True
akita/yurihonjo,270,不二家 グランマート一番堰店,ケーキ,,sweets,tb,True
akita/yurihonjo,271,ほっともっと 本荘インター店,弁当,,casual,tb,True
akita/yurihonjo,272,しゃぶしゃぶ温野菜 秋田本荘店,しゃぶしゃぶ,,meat,tb,True
akita/yurihonjo,273,マックスバリュ 矢島店,コンビニ・スーパー,,daily,tb,True
akita/yurihonjo,274,松が谷,郷土料理、居酒屋、日本料理,,japanese,tb,True
akita/yurihonjo,275,居酒屋　隠れ家,焼き鳥,,meat,tb,True
akita/yurihonjo,276,LAWSON 西目店,コンビニ・スーパー,,daily,tb,True
akita/yurihonjo,277,すし海道 本荘店,寿司,,seafood,tb,True
akita/yurihonjo,278,麺屋 歩,ラーメン、つけ麺、油そば・まぜそば,,noodles,tb,True
akita/yurihonjo,279,ササちゃん,居酒屋,,izakaya,tb,True
akita/yurihonjo,280,割烹 勝山,日本料理,,japanese,tb,True
akita/yurihonjo,281,新鮮館107,食堂,,casual,tb,True
akita/yurihonjo,282,叶,居酒屋,,izakaya,tb,True
akita/yurihonjo,283,菜らんど,その他,,other,none,False
akita/yurihonjo,284,もりもり食堂 食楽々,食堂,,casual,tb,True
akita/yurihonjo,285,ごはんどき 由利本荘店,食堂、ラーメン、かつ丼,,casual,tb,True
akita/yurihonjo,286,ペパーミント,カフェ,,cafe,tb,True
akita/yurihonjo,287,ホリデー,ケーキ,,sweets,tb,True
akita/yurihonjo,288,これ酒,居酒屋、レストラン,,izakaya,tb,True
akita/yurihonjo,289,鶴千亀万,居酒屋,,izakaya,tb,True
akita/yurihonjo,290,フレンド,喫茶店,,cafe,tb,True
akita/yurihonjo,291,おうち居酒屋 たかみき,居酒屋,,izakaya,tb,True
akita/yurihonjo,292,樹里,喫茶店,,cafe,tb,True
akita/yurihonjo,293,秋田菓子宗家 かおる堂 本荘店,和菓子、洋菓子,,sweets,tb,True
akita/yurihonjo,294,月うさぎ,バー,,izakaya,tb,True
akita/yurihonjo,295,カフェ・ノアール,喫茶店,,cafe,tb,True
akita/yurihonjo,296,龍石,寿司、日本料理,,seafood,tb,True
akita/yurihonjo,297,はま寿司 由利本荘店,回転寿司,,seafood,tb,True
akita/yurihonjo,298,更紗,喫茶店,,cafe,tb,True
akita/yurihonjo,299,美ゆき食堂,食堂,,casual,tb,True
akita/yurihonjo,300,とりのトリコ 本荘石脇店,からあげ,,meat,tb,True
akita/yurihonjo,301,農産物直売所ひまわり,その他,,other,none,False
akita/yurihonjo,302,かまた菓子舗,ケーキ,,sweets,tb,True
akita/yurihonjo,303,やまゆり,食堂,,casual,tb,True
akita/yurihonjo,304,レストランSUNSUN 矢島店,食堂,,casual,tb,True
akita/yurihonjo,305,BAKERY & BISTRO CRUST サテライトショップ本荘店,パン,,sweets,tb,True
akita/yurihonjo,306,LAWSON 本荘石脇店,コンビニ・スーパー,,daily,tb,True
akita/yurihonjo,307,ゆりてつホームカフェ,カフェ,,cafe,tb,True
akita/yurihonjo,308,あじまん ホームセンターハッピー本荘店,たい焼き・大判焼き,,sweets,tb,True
akita/yurihonjo,309,珈琲焙煎工房 結,コーヒースタンド,,cafe,tb,True
akita/yurihonjo,310,MIRUKI,カフェ、喫茶店、パン,,cafe,tb,True
akita/yurihonjo,311,阿部精肉店,その他,,other,none,False
akita/yurihonjo,312,セブンイレブン 由利本荘荒町店,コンビニ・スーパー,,daily,tb,True
akita/yurihonjo,313,シャトレーゼ 由利本荘店,ケーキ、洋菓子,,sweets,tb,True
akita/yurihonjo,314,にしめ新鮮組,その他,,other,none,False
akita/yurihonjo,315,鳥海ラウンジ,その他,,other,none,False
akita/yurihonjo,316,あじまん コメリ本荘店,たい焼き・大判焼き,,sweets,tb,True
akita/yurihonjo,317,nalule´a,洋菓子、ケーキ,,sweets,tb,True
akita/yurihonjo,318,BERNARD グランマート一番堰店,パン,,sweets,tb,True
akita/yurihonjo,319,銀座コージーコーナー イオンスーパーセンター本荘店,ケーキ,,sweets,tb,True
akita/yurihonjo,320,イオンドリップ イオンスーパーセンター本荘店,カフェ,,cafe,tb,True
akita/yurihonjo,321,ビストロ カインド,イタリアン、創作料理,,european,tb,True
akita/yurihonjo,322,横町食堂,食堂,,casual,tb,True
akita/yurihonjo,323,パン工場 イオンスーパーセンター本荘店,パン,,sweets,tb,True
akita/yurihonjo,324,ママヤ,喫茶店,,cafe,tb,True
akita/yurihonjo,325,LAWSON 由利本荘花畑町一丁目店,コンビニ・スーパー,,daily,tb,True
akita/yurihonjo,326,さちこ,居酒屋,,izakaya,tb,True
akita/yurihonjo,327,山口菓子店,和菓子,,sweets,tb,True
akita/yurihonjo,328,原田栄泉堂,和菓子,,sweets,tb,True
akita/yurihonjo,329,夕子,日本料理,,japanese,tb,True
akita/yurihonjo,330,風花,喫茶店,,cafe,tb,True
akita/yurihonjo,331,ぱんけ ナイス本荘インター店,パン,,sweets,tb,True
akita/yurihonjo,332,すし源,寿司,,seafood,tb,True
akita/yurihonjo,333,あじまん マックスバリュ本荘店,たい焼き・大判焼き,,sweets,tb,True
akita/yurihonjo,334,スイーツマーケット 由利本荘店,スイーツ,,sweets,tb,True
akita/yurihonjo,335,小町,居酒屋,,izakaya,tb,True
akita/yurihonjo,336,LAWSON 由利本荘北黒沢店,コンビニ・スーパー,,daily,tb,True
akita/yurihonjo,337,アンサー,バー,,izakaya,tb,True
akita/yurihonjo,338,花々亭,居酒屋,,izakaya,tb,True
akita/yurihonjo,339,こはく亭,レストラン,,other,none,False
akita/yurihonjo,340,ぱいんすぱ 新山,その他,,other,none,False
akita/yurihonjo,341,ウミヨコ商店,その他,,other,none,False
akita/yurihonjo,342,だんまや水産 由利本荘店,居酒屋、海鮮,,izakaya,tb,True
akita/yurihonjo,343,ウミヨコ直売所,道の駅,,other,none,False
akita/yurihonjo,344,ファミリーマート 本荘インター店,コンビニ・スーパー,,daily,tb,True
akita/yurihonjo,345,本荘消費,コンビニ・スーパー,,daily,tb,True
akita/yurihonjo,346,株式会社 伊藤製麺工場,その他,,other,none,False
akita/yurihonjo,347,ピザ・テン・フォー 本荘店,ピザ,,european,tb,True
akita/yurihonjo,348,松月堂菓子舗,和菓子,,sweets,tb,True
akita/yurihonjo,349,セブンイレブン 岩城インター店,コンビニ・スーパー,,daily,tb,True
akita/yurihonjo,350,札幌 海鮮丸 本荘店,寿司,,seafood,tb,True
akita/yurihonjo,351,sama-sama,居酒屋、アジア・エスニック,,izakaya,tb,True
akita/yurihonjo,352,BOKUNOUKA,野菜料理,,japanese,tb,True
akita/yurihonjo,353,ナイス 本荘インター店,コンビニ・スーパー,,daily,tb,True
akita/yurihonjo,354,セブンイレブン 由利本荘石脇店,コンビニ・スーパー,,daily,tb,True
akita/yurihonjo,355,セブンイレブン 由利本荘蓼沼店,コンビニ・スーパー,,daily,tb,True
akita/yurihonjo,356,セブンイレブン 由利本荘本田仲町店,コンビニ・スーパー,,daily,tb,True
akita/yurihonjo,357,LAWSON 岩城ニ古店,コンビニ・スーパー,,daily,tb,True
akita/yurihonjo,358,自家焙煎珈琲 彩豆,カフェ、パン,,cafe,tb,True
akita/yurihonjo,359,赤田ふれあいスーパー,コンビニ・スーパー,,daily,tb,True
akita/yurihonjo,360,ファミリーマート 由利本荘薬師堂店,コンビニ・スーパー,,daily,tb,True
akita/yurihonjo,361,Aコープ おおうち店,コンビニ・スーパー,,daily,tb,True
akita/yurihonjo,362,セブンイレブン 由利本荘井戸尻店,コンビニ・スーパー,,daily,tb,True
akita/yurihonjo,363,セブンイレブン 由利本荘大内三川店,コンビニ・スーパー,,daily,tb,True
akita/yurihonjo,364,湖風園,カフェ,,cafe,tb,True
akita/yurihonjo,365,ゆりちゃん市場,その他,,other,none,False
akita/yurihonjo,366,マックスバリュ 本荘店,コンビニ・スーパー,,daily,tb,True
akita/yurihonjo,367,amu mogu,スイーツ,,sweets,tb,True
akita/yurihonjo,368,セブンイレブン 由利本荘大鍬町店,コンビニ・スーパー,,daily,tb,True
akita/yurihonjo,369,ちろりん村,バー,,izakaya,tb,True
akita/yurihonjo,370,酒処 ゆきちゃん,居酒屋,,izakaya,tb,True
akita/yurihonjo,371,小松養蜂場 はちみつ屋,その他,,other,none,False
akita/yurihonjo,372,ジェイ・マルエー 本荘石脇店,コンビニ・スーパー,,daily,tb,True
akita/yurihonjo,373,尾留川商店,食堂,,casual,tb,True
akita/yurihonjo,374,グランマート 本荘南店,コンビニ・スーパー,,daily,tb,True
akita/yurihonjo,375,萬屋　あきた本莊,カフェ,,cafe,tb,True
akita/yurihonjo,376,八塩いこいの森センターハウス,その他,,other,none,False
akita/yurihonjo,377,ルピナス,バー,,izakaya,tb,True
akita/yurihonjo,378,ピザハット 由利本荘店,ピザ,,european,tb,True
akita/yurihonjo,379,暮らしの道具と紅茶 みつばち,その他,,other,none,False
akita/yurihonjo,380,あひるの学校,レストラン,,other,none,False
akita/yurihonjo,381,佐々木商店,その他,,other,none,False
akita/yurihonjo,382,セブンイレブン 由利本荘大門本町通店,コンビニ・スーパー,,daily,tb,True
akita/yurihonjo,383,BIBI CAFE,カフェ,,cafe,tb,True
akita/yurihonjo,384,軽食処よしこさんのお店,食堂、ラーメン,,casual,tb,True
akita/yurihonjo,385,めん太郎 本荘店,うどん、そば、ラーメン,,noodles,tb,True
akita/yurihonjo,386,ミッドナイトえいちゃん,居酒屋、レストラン,,izakaya,tb,True
akita/yurihonjo,387,賄い処 金山,食堂、居酒屋,,casual,tb,True
akita/yurihonjo,388,ミカド,喫茶店,,cafe,tb,True
akita/yurihonjo,389,まつ子の部屋,その他,,other,none,False
akita/yurihonjo,390,料亭　かもめ,日本料理,,japanese,tb,True
akita/yurihonjo,391,あからん,居酒屋,,izakaya,tb,True
akita/yurihonjo,392,LAWSON 本荘マリーナ店,コンビニ・スーパー,,daily,tb,True
akita/yurihonjo,393,笑cafe,カフェ,,cafe,tb,True
akita/yurihonjo,394,ホーミーズ,ダイニングバー,,izakaya,tb,True
akita/yurihonjo,395,業務スーパー 本荘鶴沼店,コンビニ・スーパー,,daily,tb,True
akita/yurihonjo,396,Listening Cafe 百,バー,,izakaya,tb,True
akita/yurihonjo,397,cafe 月とオリオン,カフェ、喫茶店,,cafe,tb,True
akita/yurihonjo,398,LaLa pickles,ケーキ,,sweets,tb,True
akita/yurihonjo,399,DINERLOCO,レストラン,,other,none,False
akita/yurihonjo,400,松寿し,寿司,,seafood,tb,True
akita/yurihonjo,401,千洋,日本料理,,japanese,tb,True
akita/yurihonjo,402,こまち,喫茶店,,cafe,tb,True
akita/yurihonjo,403,吾愛郷 矢島店,居酒屋,,izakaya,tb,True
akita/yurihonjo,404,OYATSUBAKO,洋菓子,,sweets,tb,True
akita/yurihonjo,405,旬菜 美銀,居酒屋,,izakaya,tb,True
akita/yurihonjo,406,５縁日,ホルモン,,meat,tb,True
akita/yurihonjo,407,純米酒と肴 齊とう,居酒屋,,izakaya,tb,True
akita/yurihonjo,408,サラリーマン酒房かっぱの皿,焼き鳥,,meat,tb,True
akita/yurihonjo,409,手料理 山里,居酒屋,,izakaya,tb,True
akita/yurihonjo,410,寿し処　加津美,寿司,,seafood,tb,True
akita/yurihonjo,411,長沼商店 本荘店,その他,,other,none,False
akita/yurihonjo,412,キャスタウエイズ,パブ,,izakaya,tb,True
akita/yurihonjo,413,笹子,居酒屋,,izakaya,tb,True
akita/yurihonjo,414,ホテル まさか,ホテル,,other,none,False
akita/yurihonjo,415,2Re:,バー,,izakaya,tb,True
akita/yurihonjo,416,七福人,日本料理,,japanese,tb,True
akita/yurihonjo,417,Itokin,,Japanese;International;Japanese - Other ,japanese,ta,True
akita/yurihonjo,418,Juraku,,Japanese,japanese,ta,True
akita/yurihonjo,419,Quebec,,International;Fusion,other,none,False
akita/yurihonjo,420,Menkyo Shoin,,Asian,chinese,ta,True
akita/yurihonjo,421,Takasho,,,other,none,False
akita/yurihonjo,422,Seikichisobaya,,Japanese,japanese,ta,True
akita/yurihonjo,423,Ramenoyaji Honjo,,,other,none,False
akita/yurihonjo,424,Sobadokoro Momoya,,Japanese;Japanese - Other ,japanese,ta,True
akita/yurihonjo,425,Koya,,Japanese;International;Japanese - Other ,japanese,ta,True
akita/yurihonjo,426,Ebisuya,,,other,none,False
akita/yurihonjo,427,Sushi Koma,,Japanese;Sushi,seafood,ta,True
akita/yurihonjo,428,Ichiyoshi,,Japanese,japanese,ta,True
akita/yurihonjo,429,Nepal Dining Pokhara,,Asian;Nepali,chinese,ta,True
akita/yurihonjo,430,Ippei,,Japanese,japanese,ta,True
akita/yurihonjo,431,Yashio,,Japanese,japanese,ta,True
akita/yurihonjo,432,Sennenzakura,,Japanese;International;Japanese - Other ,japanese,ta,True
akita/yurihonjo,433,Chinese Cuisine Koraku,,Chinese,chinese,ta,True
akita/yurihonjo,434,Umai Ichimaru Sushi Honjo,,Japanese;Seafood;Sushi;Japanese - Other ,seafood,ta,True
akita/yurihonjo,435,Tonkatsu Katsuki Honjo,,Japanese,japanese,ta,True
akita/yurihonjo,436,Httai Notaki Mae Rest House Suehiro,,Japanese;Japanese - Other ,japanese,ta,True
akita/yurihonjo,437,Ichikoma,,Japanese;Japanese - Other ,japanese,ta,True
akita/yurihonjo,438,Men Kobo Mangan Ya,,,other,none,False
akita/yurihonjo,439,Ramen Kagetsu Arashi Honjo Higashi Bypass,,,other,none,False
akita/yurihonjo,440,Hotel Foresta Chokai Restaurant,,Fusion,other,none,False
akita/yurihonjo,441,McDonald s 105 Honjo,,Fast Food,casual,ta,True
akita/yurihonjo,442,Tungsten,,Cafe,cafe,ta,True
akita/yurihonjo,443,Teuchigyozaboryuka,,Asian;Shanghai,chinese,ta,True
akita/yurihonjo,444,Taguchi Pastry,,,other,none,False
akita/yurihonjo,445,Kidoairaku,,,other,none,False
akita/yurihonjo,446,Udon Kobo Ibuki,,Japanese;Japanese - Other ,japanese,ta,True
akita/yurihonjo,447,Cake Kobo Furian Nakamura,,,other,none,False
akita/yurihonjo,448,Marumatsu Honjo,,Japanese;Japanese - Other ,japanese,ta,True
akita/yurihonjo,449,Isshin,,Japanese;Seafood;Sushi;Japanese - Other ,seafood,ta,True
akita/yurihonjo,450,Trenta,,,other,none,False
akita/yurihonjo,451,Izakaya Aiko,,Japanese;Izakaya (Japanese Style Tavern),izakaya,ta,True
akita/yurihonjo,452,千代菊,,,other,none,False
akita/yurihonjo,453,Taiwanryori Mampuku,,Taiwanese,other,none,False
akita/yurihonjo,454,Shabu Shabu Onyasai Akita Honjo,,Japanese;Japanese - Other ,japanese,ta,True
akita/yurihonjo,455,Hamanasu,,Japanese;International;Japanese - Other ,japanese,ta,True
akita/yurihonjo,456,政どん,,Japanese;Izakaya (Japanese Style Tavern),izakaya,ta,True
akita/yurihonjo,457,Ramen Ichibanboshi,,Japanese,japanese,ta,True
akita/yurihonjo,458,Tagosaku,,Japanese;International;Japanese - Other ,japanese,ta,True
akita/yurihonjo,459,Kinusaya,,Japanese;Japanese - Other ,japanese,ta,True
akita/yurihonjo,460,Sansara,,International;Fusion,other,none,False
akita/yurihonjo,461,Muten Kurazushi Yurihonjo,,Japanese,japanese,ta,True
akita/yurihonjo,462,Toriton,,Japanese,japanese,ta,True
akita/yurihonjo,463,Indian curry Rodan,,Indian,curry,ta,True
akita/yurihonjo,464,Bistro Kind,,French,european,ta,True
akita/yurihonjo,465,Ajiichi,,Asian,chinese,ta,True
akita/yurihonjo,466,Daikokuya,,Japanese;International;Japanese - Other ,japanese,ta,True
akita/yurihonjo,467,Chinese Cuisine Nakamichi,,Chinese;Asian,chinese,ta,True
akita/yurihonjo,468,Miyuki Shokudo,,Japanese;International;Japanese - Other ,japanese,ta,True
akita/yurihonjo,469,Seikichi Soba Restaurant Iwabuchi,,Japanese;Japanese - Other ,japanese,ta,True
akita/yurihonjo,470,Hot in Chokai Restaurant,,Japanese;Japanese - Other ,japanese,ta,True
akita/yurihonjo,471,Gosaku Ramen Yuri Honjo,,,other,none,False
akita/yurihonjo,472,Chukasoba Nihei,,,other,none,False
akita/yurihonjo,473,Michi No Eki Iwaki Restaurant Hamanasu,,,other,none,False
akita/yurihonjo,474,Ristorante Kuro,,Italian;French;Pizza;Seafood;Grill,seafood,ta,True
akita/yurihonjo,475,Ramen Shuho,,,other,none,False
akita/yurihonjo,476,Warabe Uta,,Japanese;Japanese - Other ,japanese,ta,True
akita/yurihonjo,477,Nagomi Shirokiya Ugohonjo,,Japanese,japanese,ta,True
akita/yurihonjo,478,Tsukemenyatantan,,,other,none,False
akita/yurihonjo,479,Ahiru No Gakko,,,other,none,False
akita/yurihonjo,480,Akaneya Suisan Honjo,,Izakaya (Japanese Style Tavern),izakaya,ta,True
akita/yurihonjo,481,Fuji,,Japanese;International;Izakaya (Japanese Style Tavern),izakaya,ta,True
akita/yurihonjo,482,Matsumurashoten Nishime,,,other,none,False
akita/yurihonjo,483,Iwaki Club,,Sushi,seafood,ta,True
akita/yurihonjo,484,Dewa Shokudo,,Japanese;International;Japanese - Other ,japanese,ta,True
akita/yurihonjo,485,Makanai Tokoro Kanayama,,Japanese,japanese,ta,True
akita/yurihonjo,486,Restaurant Big Bear,,,other,none,False
akita/yurihonjo,487,Ikoi Shokudo,,Japanese;International;Japanese - Other ,japanese,ta,True
akita/yurihonjo,488,Tatsumi Sushi,,Japanese;Seafood;Sushi;Japanese - Other ,seafood,ta,True
akita/yurihonjo,489,Izakaya Kaasan,,Izakaya (Japanese Style Tavern),izakaya,ta,True
akita/yurihonjo,490,Takagi Shokudo,,Japanese,japanese,ta,True
akita/yurihonjo,491,Restaurant Saffron,,Japanese;Indian,curry,ta,True
akita/yurihonjo,492,Komasa Sushi,,Japanese;Seafood;Sushi;Japanese - Other ,seafood,ta,True
akita/yurihonjo,493,Tatsumaki Shokudo,,Japanese;International;Japanese - Other ,japanese,ta,True
akita/yurihonjo,494,Asahi Ya,,Chinese,chinese,ta,True
akita/yurihonjo,495,Tsukasazushi,,Japanese;Seafood;Sushi;Japanese - Other ,seafood,ta,True
akita/yurihonjo,496,Uogashi Sushi,,Japanese;Sushi,seafood,ta,True
akita/yurihonjo,497,Gatten,,Japanese,japanese,ta,True
akita/yurihonjo,498,Tebokko,,Japanese;Japanese - Other ,japanese,ta,True
akita/yurihonjo,499,Genkiya Yurihonjo,,Asian,chinese,ta,True
akita/yurihonjo,500,Kokoro,,Japanese,japanese,ta,True
akita/yurihonjo,501,Nagomiyaoryo,,Japanese,japanese,ta,True
akita/yurihonjo,502,Sakura,,Japanese;International;Japanese - Other ,japanese,ta,True
akita/yurihonjo,503,Suwayama Drive In,,Japanese;International;Japanese - Other ,japanese,ta,True
akita/yurihonjo,504,Uotami Ugohonjo Eki Mae,,Seafood,seafood,ta,True
akita/yurihonjo,505,Iwafune,,Japanese;Izakaya (Japanese Style Tavern),izakaya,ta,True
akita/yurihonjo,506,Shofutei,,Chinese,chinese,ta,True
akita/yurihonjo,507,Matsu Sushi,,Japanese;Seafood;Sushi;Japanese - Other ,seafood,ta,True
akita/yurihonjo,508,Cafeteria Tensugi,,Japanese,japanese,ta,True
akita/yurihonjo,509,Teppan Dining Rin,,Japanese,japanese,ta,True
akita/yurihonjo,510,Takahashi Shokudo,,Japanese - Other ,japanese,ta,True
akita/yurihonjo,511,Fugetsudo Yashima,,,other,none,False
akita/yurihonjo,512,Hakko Koji Taya,,,other,none,False
akita/yurihonjo,513,Matsukame Shokudo,,Japanese;Asian,chinese,ta,True
akita/yurihonjo,514,Rest House Chihiro,,,other,none,False
akita/yurihonjo,515,Abe,,,other,none,False
akita/yurihonjo,516,Snack Ondine,,,other,none,False
akita/yurihonjo,517,Oshokuji Dokoro Mirai,,Japanese,japanese,ta,True
akita/yurihonjo,518,Ramen Shop Aji Q Nishime,,Asian,chinese,ta,True
akita/yurihonjo,519,Sushi Dokoro Kazumi,,Japanese;Seafood;Sushi;Japanese - Other ,seafood,ta,True
akita/yurihonjo,520,Nonki,,Japanese;International;Japanese - Other ,japanese,ta,True
akita/yurihonjo,521,味の三平,,Asian,chinese,ta,True
akita/yurihonjo,522,Monjayaki Ringo Chan,,Japanese,japanese,ta,True
akita/yurihonjo,523,Azumazushi,,Japanese;Seafood;Sushi,seafood,ta,True
akita/yurihonjo,524,Umaimonya Tsurusen Kameman,,Japanese,japanese,ta,True
akita/yurihonjo,525,Yoshikono Mise Gorin,,Japanese,japanese,ta,True
akita/yurihonjo,526,Sanbiki No Kobuta,,Fusion,other,none,False
akita/yurihonjo,527,Salaryman Syubo Kappa No Sara,,Japanese;Japanese - Other ,japanese,ta,True
akita/yurihonjo,528,Hana Marche Kadare,,,other,none,False
akita/yurihonjo,529,Shichibe Dininig Room,,Japanese,japanese,ta,True
akita/yurihonjo,530,Koryori Somaya,,Japanese - Traditional Cuisine,other,none,False
akita/yurihonjo,531,Terminal,,Bar;Pub,izakaya,ta,True
akita/yurihonjo,532,Socket,,Bar;Pub,izakaya,ta,True
akita/yurihonjo,533,Fuku Sushi,,Japanese;Seafood;Sushi;Japanese - Other ,seafood,ta,True
akita/yurihonjo,534,横丁,,,other,none,False
akita/yurihonjo,535,Pub Restaurant House Butsu,,Japanese;Izakaya (Japanese Style Tavern),izakaya,ta,True
akita/yurihonjo,536,Ramen Oka,,Asian,chinese,ta,True
akita/yurihonjo,537,Izakaya Sen,,Japanese;Izakaya (Japanese Style Tavern),izakaya,ta,True
akita/yurihonjo,538,Food Sushi Izu,,Japanese;Seafood;Sushi;Japanese - Other ,seafood,ta,True
akita/yurihonjo,539,Kashiwa Onsen Shokudo,,Japanese;International;Japanese - Other ,japanese,ta,True
akita/yurihonjo,540,Kokakuro,,Chinese,chinese,ta,True
akita/yurihonjo,541,Shogetsudo,,,other,none,False
akita/yurihonjo,542,Kisho Shuka,,Chinese,chinese,ta,True
akita/yurihonjo,543,Karaoke Studio Rich,,International,other,none,False
akita/yurihonjo,544,Koma Sushi,,Japanese;Sushi,seafood,ta,True
akita/yurihonjo,545,Kantonkoya,,Chinese,chinese,ta,True
akita/yurihonjo,546,Daimatsu Sushi,,Japanese;Seafood;Sushi;Japanese - Other ,seafood,ta,True
akita/yurihonjo,547,Sushi Izu,,Japanese;Sushi,seafood,ta,True
akita/yurihonjo,548,Sushi Ya,,Japanese;Seafood;Sushi;Japanese - Other ,seafood,ta,True
akita/yurihonjo,549,Midnight Paradise,,Japanese,japanese,ta,True
akita/yurihonjo,550,Chinese Restaurant Horai Hanten,,Chinese,chinese,ta,True
akita/yurihonjo,551,Sarasa,,Cafe,cafe,ta,True
akita/yurihonjo,552,Ishimatsu,,Japanese;Sushi,seafood,ta,True
akita/yurihonjo,553,Sangatsu Usagi,,Chinese,chinese,ta,True
akita/yurihonjo,554,川原菜館,,Chinese,chinese,ta,True
akita/yurihonjo,555,Sampo,,Japanese,japanese,ta,True
akita/yurihonjo,556,Momiji,,Chinese,chinese,ta,True
akita/yurihonjo,557,Bekosuke,,Japanese;Japanese - Other ,japanese,ta,True
akita/yurihonjo,558,Yosaku,,Japanese,japanese,ta,True
akita/yurihonjo,559,Izakaya Pompokotei,,Japanese,japanese,ta,True
akita/yurihonjo,560,Embiya,,Japanese,japanese,ta,True
akita/yurihonjo,561,Canna,,Japanese;International;Japanese - Other ,japanese,ta,True
akita/yurihonjo,562,Aoizushi,,Japanese;Seafood;Sushi;Japanese - Other ,seafood,ta,True
akita/yurihonjo,563,Don Quijote,,Spanish,european,ta,True
akita/yurihonjo,564,Kaname,,Fusion,other,none,False
akita/yurihonjo,565,Obako,,Japanese,japanese,ta,True
akita/yurihonjo,566,Izakaya Sora,,Pub,izakaya,ta,True
akita/yurihonjo,567,Yakizakana Kato,,,other,none,False
akita/yurihonjo,568,ラーメン大吉,,,other,none,False
akita/yurihonjo,569,Ohako,,International,other,none,False
akita/yurihonjo,570,Chobe,,Japanese;International;Japanese - Other ,japanese,ta,True
akita/yurihonjo,571,Tantan,,Japanese;International;Japanese - Other ,japanese,ta,True
akita/yurihonjo,572,Akari,,Japanese,japanese,ta,True
akita/yurihonjo,573,Saya,,Bar;Pub,izakaya,ta,True
akita/yurihonjo,574,Tsurusen Kameman,,Japanese;Izakaya (Japanese Style Tavern),izakaya,ta,True
akita/yurihonjo,575,Hazuki,,Japanese;Izakaya (Japanese Style Tavern),izakaya,ta,True
akita/yurihonjo,576,Soba Kanpei,,,other,none,False
akita/yurihonjo,577,Kasumi Sweets,,,other,none,False
akita/yurihonjo,578,Snack Rin,,,other,none,False
akita/yurihonjo,579,Shoboozaki,,Japanese;Izakaya (Japanese Style Tavern),izakaya,ta,True
akita/yurihonjo,580,Yuka,,Japanese;Izakaya (Japanese Style Tavern),izakaya,ta,True
akita/yurihonjo,581,Oreoru Pastry,,,other,none,False
akita/yurihonjo,582,Tiara,,,other,none,False
akita/yurihonjo,583,Restaurant Vita,,,other,none,False
akita/yurihonjo,584,Kurashi Wo Tanoshimu Gopan,,,other,none,False
akita/yurihonjo,585,Heaven s Dragon,,,other,none,False
akita/yurihonjo,586,Michikawa Drive In,,Japanese;International;Japanese - Other ,japanese,ta,True
akita/yurihonjo,587,Hana Temari,,,other,none,False
akita/yurihonjo,588,Tender,,Japanese,japanese,ta,True
akita/yurihonjo,589,Izakaya Kanno,,Japanese,japanese,ta,True
akita/yurihonjo,590,Oshu Ramen Iwakimachi,,,other,none,False
akita/yurihonjo,591,Coffee Kabutomushi,,Cafe,cafe,ta,True
akita/yurihonjo,592,Chihiro,,Japanese;Japanese - Other ,japanese,ta,True
akita/yurihonjo,593,Aqa Nishime,,International,other,none,False
akita/yurihonjo,594,Senkyaku Banrai,,Japanese,japanese,ta,True
akita/yurihonjo,595,Restauranttantan,,Japanese,japanese,ta,True
akita/yurihonjo,596,Shokujidokoro Tsukushi,,Japanese;International;Japanese - Other ,japanese,ta,True
akita/yurihonjo,597,Hana Temari,,Japanese,japanese,ta,True
akita/yurihonjo,598,Kitchen Maru,,Japanese - Traditional Cuisine,other,none,False
akita/yurihonjo,599,Tenjin Dim Sum,,Japanese,japanese,ta,True
akita/yurihonjo,600,Drink Processing Eating Shoyoi,,,other,none,False
akita/yurihonjo,601,Kayo,,Japanese,japanese,ta,True
akita/yurihonjo,602,Yakiniku Lunch Juju Tei,,Japanese,japanese,ta,True
akita/yurihonjo,603,しらとり,,Japanese;International;Japanese - Other ,japanese,ta,True
akita/yurihonjo,604,Kogane Chan Bento Gomon,,Japanese,japanese,ta,True
akita/yurihonjo,605,Kushiwaka,,Japanese;Japanese - Other ,japanese,ta,True
akita/yurihonjo,606,Tensei,,Japanese;Japanese - Other ,japanese,ta,True
akita/yurihonjo,607,Matagoro,,Japanese;Japanese - Other ,japanese,ta,True
akita/yurihonjo,608,Wagaya,,Japanese;International;Japanese - Other ,japanese,ta,True
akita/yurihonjo,609,Sanko Shokudo,,Japanese,japanese,ta,True
akita/yurihonjo,610,Yorozutei,,Japanese;Japanese - Traditional Cuisine,japanese,ta,True
akita/yurihonjo,611,Harukoma,,Japanese;International;Japanese - Other ,japanese,ta,True
akita/yurihonjo,612,西小路食堂,,Japanese,japanese,ta,True
akita/yurihonjo,613,やき鳥ピン子,,Japanese;Japanese - Other ,japanese,ta,True
akita/yurihonjo,614,Koto,,Japanese,japanese,ta,True
akita/yurihonjo,615,Chikuba,,Japanese;International;Japanese - Other ,japanese,ta,True
akita/yurihonjo,616,Hannya,,Japanese,japanese,ta,True
akita/yurihonjo,617,Sasachan,,Japanese,japanese,ta,True
akita/yurihonjo,618,Ai Chan,,Japanese,japanese,ta,True
akita/yurihonjo,619,Miura Shokudo,,Japanese;International;Japanese - Other ,japanese,ta,True
akita/yurihonjo,620,Seijo,,Japanese;International;Japanese - Other ,japanese,ta,True
akita/yurihonjo,621,Minyo Sakaba Joyasa,,Japanese,japanese,ta,True
akita/yurihonjo,622,Bar Horizon,,Bar;Pub,izakaya,ta,True
akita/yurihonjo,623,Kiyohashi Hanten,,Japanese,japanese,ta,True
akita/yurihonjo,624,Akanoren,,Japanese,japanese,ta,True
akita/yurihonjo,625,Jujutei,,Japanese,japanese,ta,True
akita/yurihonjo,626,Shamon,,Japanese,japanese,ta,True
akita/yurihonjo,627,Yoshichi,,Japanese,japanese,ta,True
akita/yurihonjo,628,Karaoke Studio Joy Dome,,International,other,none,False
akita/yurihonjo,629,Gobando 1,,Japanese,japanese,ta,True
akita/yurihonjo,630,Homies,,Dining bars,izakaya,desc,False
akita/yurihonjo,631,Shobuen,,Japanese,japanese,ta,True
akita/yurihonjo,632,Furusato,,Japanese,japanese,ta,True
akita/yurihonjo,633,Izakaya Dondon,,Izakaya (Japanese Style Tavern),izakaya,ta,True
akita/yurihonjo,634,Izakaya Yachiyo,,Izakaya (Japanese Style Tavern),izakaya,ta,True
akita/yurihonjo,635,Takamiki Ouchi Izakaya,,Izakaya (Japanese Style Tavern),izakaya,ta,True
akita/yurihonjo,636,Sagami,,Japanese;Izakaya (Japanese Style Tavern),izakaya,ta,True
akita/yurihonjo,637,Azusa,,Japanese;Izakaya (Japanese Style Tavern),izakaya,ta,True
akita/yurihonjo,638,Izakaya Tsurikichi,,Pub,izakaya,ta,True
akita/yurihonjo,639,Les Bons Amis,,Izakaya (Japanese Style Tavern),izakaya,ta,True
akita/yurihonjo,640,Yah Man,,Bar;Pub,izakaya,ta,True
akita/yurihonjo,641,Izakaya Nankin,,Izakaya (Japanese Style Tavern),izakaya,ta,True
akita/yurihonjo,642,Hinode Shokudo Honjo,,Izakaya (Japanese Style Tavern),izakaya,ta,True
akita/yurihonjo,643,Asunaro,,Japanese;Izakaya (Japanese Style Tavern),izakaya,ta,True
akita/yurihonjo,644,Sembokuya,,Japanese;Izakaya (Japanese Style Tavern),izakaya,ta,True
akita/yurihonjo,645,Horafuki Kobo,,,other,none,False
akita/yurihonjo,646,Ramen Fukumori,,,other,none,False
akita/yurihonjo,647,Suzuki,,Japanese;Izakaya (Japanese Style Tavern),izakaya,ta,True
akita/yurihonjo,648,Izakaya Kura,,Japanese;Izakaya (Japanese Style Tavern),izakaya,ta,True
akita/yurihonjo,649,Yuki,,Japanese;Izakaya (Japanese Style Tavern),izakaya,ta,True
akita/yurihonjo,650,Momiji,,Japanese;Izakaya (Japanese Style Tavern),izakaya,ta,True
akita/yurihonjo,651,Piyo Piyo,,,other,none,False
akita/yurihonjo,652,Horoyoi,,Japanese;Izakaya (Japanese Style Tavern),izakaya,ta,True
akita/yurihonjo,653,Mamaia,,Japanese,japanese,ta,True
akita/yurihonjo,654,Moegi,,Japanese;Izakaya (Japanese Style Tavern),izakaya,ta,True
akita/yurihonjo,655,Sasago,,Japanese;Izakaya (Japanese Style Tavern),izakaya,ta,True
akita/yurihonjo,656,Noodle Shop Koshi,,,other,none,False
akita/yurihonjo,657,Noodle Shingetsu,,,other,none,False
akita/yurihonjo,658,Abe Pastry,,,other,none,False
akita/yurihonjo,659,Men Ya Bonzu,,,other,none,False
akita/yurihonjo,660,Soba Dokoro Arai,,,other,none,False
akita/yurihonjo,661,Citron,,,other,none,False
akita/yurihonjo,662,Wine Bar Oshoku Sakaba,,,other,none,False
akita/yurihonjo,663,Kazuki,,,other,none,False
akita/yurihonjo,664,Hachiya Honjo,,,other,none,False
akita/yurihonjo,665,Tasuke,,,other,none,False
akita/yurihonjo,666,Anger,,,other,none,False
akita/yurihonjo,667,Taishu Sakaba Wantana,,,other,none,False
akita/yurihonjo,668,Hanna,,,other,none,False
akita/yurihonjo,669,Kaorudo Yurihonjo,,,other,none,False
akita/yurihonjo,670,Kobayashi Confectionery,,,other,none,False
akita/yurihonjo,671,Suzuki Confectionery,,,other,none,False
akita/yurihonjo,672,Joker,,,other,none,False
akita/yurihonjo,673,Kikuchi Pastry,,,other,none,False
akita/yurihonjo,674,Snack Kazuwa,,,other,none,False
akita/yurihonjo,675,Takasho Pastry,,,other,none,False
akita/yurihonjo,676,Goaikyo,,,other,none,False
akita/yurihonjo,677,Hachibe,,,other,none,False
akita/yurihonjo,678,Ichinoho Yuri Honjo,,,other,none,False
akita/yurihonjo,679,Aqa Honjo,,,other,none,False
akita/yurihonjo,680,Sarotto Honjo,,,other,none,False
akita/yurihonjo,681,Silk,,,other,none,False
akita/yurihonjo,682,Menya Ayumu,,,other,none,False
akita/yurihonjo,683,Oceanus,,,other,none,False
akita/yurihonjo,684,Snack Hanamichi,,,other,none,False
akita/yuzawashi,1,天ぷら 正心庵,天ぷら、うどん、日本料理,,japanese,tb,True
akita/yuzawashi,2,ポケット,バー,,izakaya,tb,True
akita/yuzawashi,3,河童の川太郎,寿司、おでん、その他,,seafood,tb,True
akita/yuzawashi,4,長寿軒,ラーメン,,noodles,tb,True
akita/yuzawashi,5,地雷也,焼肉、ホルモン,,meat,tb,True
akita/yuzawashi,6,トラガス,ラーメン,,noodles,tb,True
akita/yuzawashi,7,佐藤養助 総本店,うどん,,noodles,tb,True
akita/yuzawashi,8,直太郎,ラーメン、餃子,,noodles,tb,True
akita/yuzawashi,9,高市青果店,たい焼き・大判焼き、揚げ物,,sweets,tb,True
akita/yuzawashi,10,こまちcafe ボスコ,カフェ、ジェラート・アイスクリーム,,cafe,tb,True
akita/yuzawashi,11,ももとせ,カフェ,,cafe,tb,True
akita/yuzawashi,12,弥助そばや 湯沢店,そば,,noodles,tb,True
akita/yuzawashi,13,牛玄亭ｆ 湯沢店,焼肉、ホルモン、ビュッフェ,,meat,tb,True
akita/yuzawashi,14,花月,居酒屋、日本料理,,izakaya,tb,True
akita/yuzawashi,15,かえで庵,そば、ステーキ,,noodles,tb,True
akita/yuzawashi,16,麺屋　史,つけ麺、ラーメン、麺類,,noodles,tb,True
akita/yuzawashi,17,キッチン sawasawa,洋食、ハンバーグ、カレー,,european,tb,True
akita/yuzawashi,18,ニュー長寿軒,ラーメン,,noodles,tb,True
akita/yuzawashi,19,イル・トゥルッロ,イタリアン、洋食、その他,,european,tb,True
akita/yuzawashi,20,道の駅おがち 小町の郷,道の駅,,other,none,False
akita/yuzawashi,21,味美 藤田屋 湯沢店,ラーメン,,noodles,tb,True
akita/yuzawashi,22,慶,居酒屋、きりたんぽ,,izakaya,tb,True
akita/yuzawashi,23,五風十雨,カフェ、レストラン,,cafe,tb,True
akita/yuzawashi,24,千里十里,食堂,,casual,tb,True
akita/yuzawashi,25,焼鳥 魚 炭火焼 まみれ,居酒屋、焼き鳥,,izakaya,tb,True
akita/yuzawashi,26,あけみ家韓国料理,韓国料理,,chinese,tb,True
akita/yuzawashi,27,珈琲・雑貨舎 重右衛門,カフェ,,cafe,tb,True
akita/yuzawashi,28,萩の屋,食堂,,casual,tb,True
akita/yuzawashi,29,ビストロ桜舞,ビストロ,,european,tb,True
akita/yuzawashi,30,広寿し,寿司,,seafood,tb,True
akita/yuzawashi,31,魚彦 湯沢店,海鮮、寿司、居酒屋,,seafood,tb,True
akita/yuzawashi,32,山の味きのこ屋,食堂、郷土料理,,casual,tb,True
akita/yuzawashi,33,AquaBar Linden,バー,,izakaya,tb,True
akita/yuzawashi,34,ぽっぽや,食堂,,casual,tb,True
akita/yuzawashi,35,ヤマキ商店,ラーメン,,noodles,tb,True
akita/yuzawashi,36,寛文五年堂 本店,うどん、郷土料理,,noodles,tb,True
akita/yuzawashi,37,五拾五番,ラーメン,,noodles,tb,True
akita/yuzawashi,38,たむら屋,うどん、食堂、ラーメン,,noodles,tb,True
akita/yuzawashi,39,味楽,居酒屋,,izakaya,tb,True
akita/yuzawashi,40,草月,食堂、うどん、ラーメン,,casual,tb,True
akita/yuzawashi,41,魚炉,居酒屋,,izakaya,tb,True
akita/yuzawashi,42,ラーメン鈴弥,ラーメン,,noodles,tb,True
akita/yuzawashi,43,プレコ,ラーメン,,noodles,tb,True
akita/yuzawashi,44,そば処 源蔵,そば,,noodles,tb,True
akita/yuzawashi,45,居酒屋 珍千国凛,居酒屋,,izakaya,tb,True
akita/yuzawashi,46,レストラン二ツ森,食堂、カフェ、郷土料理,,casual,tb,True
akita/yuzawashi,47,稲庭うどん伝承ノ郷・寛文五年堂,その他,,other,none,False
akita/yuzawashi,48,一家,中華料理,,chinese,tb,True
akita/yuzawashi,49,そば処　橘,そば、うどん、ラーメン,,noodles,tb,True
akita/yuzawashi,50,スカイホーク,洋食,,european,tb,True
akita/yuzawashi,51,アリラン,焼肉,,meat,tb,True
akita/yuzawashi,52,秋の宮山荘,ホテル,,other,none,False
akita/yuzawashi,53,御食事処大さと,食堂,,casual,tb,True
akita/yuzawashi,54,ヤマモガーデンカフェ,カフェ,,cafe,tb,True
akita/yuzawashi,55,CAFE Perle,カフェ,,cafe,tb,True
akita/yuzawashi,56,めん菜,ラーメン,,noodles,tb,True
akita/yuzawashi,57,びいどろ,レストラン,,other,none,False
akita/yuzawashi,58,中華そば 梅太郎,ラーメン,,noodles,tb,True
akita/yuzawashi,59,精養軒 倉内店,ラーメン、食堂,,noodles,tb,True
akita/yuzawashi,60,小町園,ラーメン、うどん、食堂,,noodles,tb,True
akita/yuzawashi,61,鮎乃家,日本料理、郷土料理,,japanese,tb,True
akita/yuzawashi,62,あずみ野,居酒屋,,izakaya,tb,True
akita/yuzawashi,63,ラーメン藤,ラーメン,,noodles,tb,True
akita/yuzawashi,64,珈琲焙煎工房 バルーガ,カフェ、パン,,cafe,tb,True
akita/yuzawashi,65,浜銀,寿司,,seafood,tb,True
akita/yuzawashi,66,眞んまる食堂,中華料理,,chinese,tb,True
akita/yuzawashi,67,あさひ食堂,食堂,,casual,tb,True
akita/yuzawashi,68,居酒屋 空,居酒屋,,izakaya,tb,True
akita/yuzawashi,69,菓子 kuro,洋菓子,,sweets,tb,True
akita/yuzawashi,70,かくえん,ラーメン,,noodles,tb,True
akita/yuzawashi,71,いこい,食堂,,casual,tb,True
akita/yuzawashi,72,写優館,そば、丼,,noodles,tb,True
akita/yuzawashi,73,大吉,ラーメン,,noodles,tb,True
akita/yuzawashi,74,ラッシュライフ,喫茶店,,cafe,tb,True
akita/yuzawashi,75,BAR B-FLAT,バー,,izakaya,tb,True
akita/yuzawashi,76,わかさ菓子店,和菓子,,sweets,tb,True
akita/yuzawashi,77,カフェ ハナダテ,カフェ,,cafe,tb,True
akita/yuzawashi,78,くろまる食堂,食堂,,casual,tb,True
akita/yuzawashi,79,シュシュ,ケーキ,,sweets,tb,True
akita/yuzawashi,80,Pano,パン,,sweets,tb,True
akita/yuzawashi,81,福麦亭 湯沢店,うどん、ラーメン,,noodles,tb,True
akita/yuzawashi,82,焼肉ダイニングおいしんぼ,焼肉,,meat,tb,True
akita/yuzawashi,83,Restaurant Nicole,カフェ、フレンチ,,cafe,tb,True
akita/yuzawashi,84,Lien Fuji,スイーツ,,sweets,tb,True
akita/yuzawashi,85,雄勝野きむらや,その他,,other,none,False
akita/yuzawashi,86,お菓子のくらた 湯沢店,和菓子、ケーキ,,sweets,tb,True
akita/yuzawashi,87,いとう,焼き鳥、ホルモン,,meat,tb,True
akita/yuzawashi,88,手打ちそば 郷,そば,,noodles,tb,True
akita/yuzawashi,89,ドライブインふるさと,食堂,,casual,tb,True
akita/yuzawashi,90,地酒屋＆カフェ タカイワ,カフェ,,cafe,tb,True
akita/yuzawashi,91,三貴,中華料理,,chinese,tb,True
akita/yuzawashi,92,峠の駅ラフォーレ栗駒,うどん、ステーキ,,noodles,tb,True
akita/yuzawashi,93,後文,うどん、郷土料理,,noodles,tb,True
akita/yuzawashi,94,味菜,食堂、ハンバーグ,,casual,tb,True
akita/yuzawashi,95,蔵々,焼き鳥、馬肉料理,,meat,tb,True
akita/yuzawashi,96,蕎麦カフェ　ゆの花,カフェ、そば,,cafe,tb,True
akita/yuzawashi,97,やな田,和菓子,,sweets,tb,True
akita/yuzawashi,98,柳屋精肉店,焼き鳥,,meat,tb,True
akita/yuzawashi,99,弁当･懐石の店 柳澤,日本料理、弁当,,japanese,tb,True
akita/yuzawashi,100,さとみ,レストラン,,other,none,False
akita/yuzawashi,101,ル クロワッサン,レストラン,,other,none,False
akita/yuzawashi,102,かたの,ケーキ、和菓子、スイーツ,,sweets,tb,True
akita/yuzawashi,103,ちむずきっちん,居酒屋、食堂、油そば・まぜそば,,izakaya,tb,True
akita/yuzawashi,104,鶴㐂,日本料理,,japanese,tb,True
akita/yuzawashi,105,Chinese kitchen MARO,中華料理,,chinese,tb,True
akita/yuzawashi,106,お菓子のてるい,ケーキ、和菓子,,sweets,tb,True
akita/yuzawashi,107,田中屋 分店,そば、うどん,,noodles,tb,True
akita/yuzawashi,108,小安商店,洋菓子,,sweets,tb,True
akita/yuzawashi,109,タカチョウビール,ビアガーデン、馬肉料理,,meat,tb,False
akita/yuzawashi,110,OCEAN,レストラン,,other,none,False
akita/yuzawashi,111,べら味,居酒屋、アジア・エスニック,,izakaya,tb,True
akita/yuzawashi,112,稲庭うどん処 佐藤養助 養心館,うどん、日本料理,,noodles,tb,True
akita/yuzawashi,113,ヒーローズ ダイナー,ハンバーガー,,casual,tb,True
akita/yuzawashi,114,竹野屋,和菓子,,sweets,tb,True
akita/yuzawashi,115,レストラン グランドア,レストラン,,other,none,False
akita/yuzawashi,116,Barba,ダイニングバー、イタリアン、バー,,izakaya,tb,True
akita/yuzawashi,117,秋の宮山荘レストランもみじ,レストラン,,other,none,False
akita/yuzawashi,118,ビフレ 湯沢プラザ店,コンビニ・スーパー,,daily,tb,True
akita/yuzawashi,119,兼子商店 噴湯店,うどん、ソフトクリーム、郷土料理,,noodles,tb,True
akita/yuzawashi,120,caffe gita yuzawa,カフェ,,cafe,tb,True
akita/yuzawashi,121,かわばた食堂,レストラン,,other,none,False
akita/yuzawashi,122,プラスワン,ダイニングバー,,izakaya,tb,True
akita/yuzawashi,123,D-style,ダイニングバー,,izakaya,tb,True
akita/yuzawashi,124,リブ,レストラン,,other,none,False
akita/yuzawashi,125,八兵衛,日本料理、居酒屋,,japanese,tb,True
akita/yuzawashi,126,味王,ラーメン,,noodles,tb,True
akita/yuzawashi,127,寿し幸,寿司,,seafood,tb,True
akita/yuzawashi,128,ほおづき,居酒屋,,izakaya,tb,True
akita/yuzawashi,129,ライオンハート,焼酎バー,,izakaya,tb,True
akita/yuzawashi,130,稲庭古城堂,その他,,other,none,False
akita/yuzawashi,131,みなせミートセンター,その他,,other,none,False
akita/yuzawashi,132,歩空 （湯沢）,喫茶店,,cafe,tb,True
akita/yuzawashi,133,にごう商店,その他,,other,none,False
akita/yuzawashi,134,常盤饅頭,和菓子,,sweets,tb,True
akita/yuzawashi,135,居酒屋 こてっちゃん,居酒屋,,izakaya,tb,True
akita/yuzawashi,136,菊地旅館,ラーメン、食堂,,noodles,tb,True
akita/yuzawashi,137,ガスト 湯沢店,ファミレス,,casual,tb,True
akita/yuzawashi,138,木村酒造,その他,,other,none,False
akita/yuzawashi,139,両関酒造,その他,,other,none,False
akita/yuzawashi,140,カフェ ラウンジ17,飲茶・点心,,other,none,False
akita/yuzawashi,141,居酒屋 ゆう,居酒屋,,izakaya,tb,True
akita/yuzawashi,142,まつ井,寿司,,seafood,tb,True
akita/yuzawashi,143,佐藤養助商店　工場茶屋,うどん,,noodles,tb,True
akita/yuzawashi,144,石孫本店,その他,,other,none,False
akita/yuzawashi,145,潤＆スパイス,カフェ,,cafe,tb,True
akita/yuzawashi,146,まこ食堂,食堂、ラーメン,,casual,tb,True
akita/yuzawashi,147,ふれ愛,食堂,,casual,tb,True
akita/yuzawashi,148,お食事 宿 湯の原温泉,日本料理、料理旅館,,japanese,tb,True
akita/yuzawashi,149,tuuli,バー,,izakaya,tb,True
akita/yuzawashi,150,でんねん,お好み焼き,,casual,tb,True
akita/yuzawashi,151,ヤマモ味噌醤油醸造元,その他,,other,none,False
akita/yuzawashi,152,笑福,焼き鳥,,meat,tb,True
akita/yuzawashi,153,イワナの里,郷土料理,,japanese,tb,True
akita/yuzawashi,154,韓国家庭料理 漢江,韓国料理、焼肉,,chinese,tb,True
akita/yuzawashi,155,二番蔵,日本料理,,japanese,tb,True
akita/yuzawashi,156,あぐり館 みなせ,その他,,other,none,False
akita/yuzawashi,157,すゞや,居酒屋,,izakaya,tb,True
akita/yuzawashi,158,そら,パン,,sweets,tb,True
akita/yuzawashi,159,おかめひょっとこ,居酒屋,,izakaya,tb,True
akita/yuzawashi,160,寿し処 銀平,寿司,,seafood,tb,True
akita/yuzawashi,161,バザール 湯沢店,コンビニ・スーパー,,daily,tb,True
akita/yuzawashi,162,笑う門,居酒屋,,izakaya,tb,True
akita/yuzawashi,163,後藤仕出し店,食堂,,casual,tb,True
akita/yuzawashi,164,桔梗,日本料理,,japanese,tb,True
akita/yuzawashi,165,ひろ,居酒屋,,izakaya,tb,True
akita/yuzawashi,166,やまぶき庵,居酒屋,,izakaya,tb,True
akita/yuzawashi,167,古舘庵,その他,,other,none,False
akita/yuzawashi,168,あつまり処あきこ,居酒屋,,izakaya,tb,True
akita/yuzawashi,169,異国屋まるい,居酒屋,,izakaya,tb,True
akita/yuzawashi,170,佐藤養悦本舗,うどん、ラーメン,,noodles,tb,True
akita/yuzawashi,171,別館 養心庵,うどん、ラーメン,,noodles,tb,True
akita/yuzawashi,172,かっぱ寿司 湯沢店,回転寿司,,seafood,tb,True
akita/yuzawashi,173,大政寿司,寿司,,seafood,tb,True
akita/yuzawashi,174,一茶,ラーメン,,noodles,tb,True
akita/yuzawashi,175,日本料理　福富,日本料理,,japanese,tb,True
akita/yuzawashi,176,ピーコック 湯沢店,お好み焼き,,casual,tb,True
akita/yuzawashi,177,ごんべぇ,郷土料理、日本料理、居酒屋,,japanese,tb,True
akita/yuzawashi,178,三嶋屋,和菓子,,sweets,tb,True
akita/yuzawashi,179,Bar 百香,バー、カフェ,,izakaya,tb,True
akita/yuzawashi,180,宅配の十五家,弁当,,casual,tb,True
akita/yuzawashi,181,トラ ユザワ,カフェ、かき氷,,cafe,tb,True
akita/yuzawashi,182,長里福連堂,和菓子,,sweets,tb,True
akita/yuzawashi,183,浦風,ちゃんこ鍋、居酒屋,,izakaya,tb,False
akita/yuzawashi,184,あったまりーな,食堂,,casual,tb,True
akita/yuzawashi,185,金子会館,日本料理,,japanese,tb,True
akita/yuzawashi,186,Bistro mico,ビストロ,,european,tb,True
akita/yuzawashi,187,食事処 仙楽,日本料理,,japanese,tb,True
akita/yuzawashi,188,稲庭うどん 小川,その他,,noodles,desc,False
akita/yuzawashi,189,南部家敷 湯沢店,そば、天ぷら、うなぎ,,noodles,tb,True
akita/yuzawashi,190,すき家 398号湯沢沖鶴,牛丼,,casual,tb,True
akita/yuzawashi,191,魚民 湯沢駅前店（秋田県）,居酒屋、海鮮、創作料理,,izakaya,tb,True
akita/yuzawashi,192,ほっともっと 湯沢材木町店,弁当,,casual,tb,True
akita/yuzawashi,193,秋田銘醸株式会社,その他,,other,none,False
akita/yuzawashi,194,観光物産館 小安峡,その他,,other,none,False
akita/yuzawashi,195,ほっかほっか亭 湯沢両神,弁当,,casual,tb,True
akita/yuzawashi,196,和風ダイニング神楽,居酒屋、焼き鳥,,izakaya,tb,True
akita/yuzawashi,197,麺屋 稲庭養助本店,ラーメン,,noodles,tb,True
akita/yuzawashi,198,焼肉炉満,焼肉,,meat,tb,True
akita/yuzawashi,199,やきとり居酒屋 もみじ,居酒屋、焼き鳥,,izakaya,tb,True
akita/yuzawashi,200,稲庭絹女うどん,うどん、麺類,,noodles,tb,True
akita/yuzawashi,201,侍,ダイニングバー,,izakaya,tb,True
akita/yuzawashi,202,バー ポテンヒット,バー,,izakaya,tb,True
akita/yuzawashi,203,花の杜,レストラン,,other,none,False
akita/yuzawashi,204,宝島,ステーキ、ピザ、居酒屋,,meat,tb,True
akita/yuzawashi,205,いろは,食堂,,casual,tb,True
akita/yuzawashi,206,野土花,喫茶店,,cafe,tb,True
akita/yuzawashi,207,ケン,喫茶店,,cafe,tb,True
akita/yuzawashi,208,めん太郎 湯沢店,うどん、そば、ラーメン,,noodles,tb,True
akita/yuzawashi,209,肉酒場 セカンド,居酒屋,,izakaya,tb,True
akita/yuzawashi,210,より道,居酒屋,,izakaya,tb,True
akita/yuzawashi,211,ange,カフェ,,cafe,tb,True
akita/yuzawashi,212,バー　ダル,バー,,izakaya,tb,True
akita/yuzawashi,213,Check,居酒屋、ダイニングバー、バー,,izakaya,tb,True
akita/yuzawashi,214,石川会館,焼き鳥,,meat,tb,True
akita/yuzawashi,215,こまっちゃん,居酒屋,,izakaya,tb,True
akita/yuzawashi,216,まちの駅 とみや,その他,,other,none,False
akita/yuzawashi,217,こさか,居酒屋,,izakaya,tb,True
akita/yuzawashi,218,手づくりワッフルのお店 LOCO,洋菓子,,sweets,tb,True
akita/yuzawashi,219,天然酵母パン 藤花,パン,,sweets,tb,True
akita/yuzawashi,220,cafe TWO GO,クレープ・ガレット、スイーツ,,sweets,tb,True
akita/yuzawashi,221,Ja・pan,パン,,sweets,tb,True
akita/yuzawashi,222,KAKEI坊や,クレープ・ガレット,,sweets,tb,True
akita/yuzawashi,223,くらた 千石町店,和菓子、スイーツ,,sweets,tb,True
akita/yuzawashi,224,鮨 懐石 しば田,日本料理、寿司,,japanese,tb,True
akita/yuzawashi,225,此処唐堂,からあげ,,meat,tb,True
akita/yuzawashi,226,シェ・アラジン,レストラン,,other,none,False
akita/yuzawashi,227,高久金魚店,かき氷,,sweets,tb,True
akita/yuzawashi,228,パン工房シエスタ,パン,,sweets,tb,True
akita/yuzawashi,229,M lab.,洋菓子,,sweets,tb,True
akita/yuzawashi,230,パン工場 イオンスーパーセンター湯沢店,パン,,sweets,tb,True
akita/yuzawashi,231,ONDO,居酒屋,,izakaya,tb,True
akita/yuzawashi,232,レストラン フローラ,カフェ、カレー、ハンバーガー,,cafe,tb,True
akita/yuzawashi,233,古峯堂,その他,,other,none,False
akita/yuzawashi,234,有限会社 稲庭宝泉堂,その他,,other,none,False
akita/yuzawashi,235,伊藤漬物本舗,その他,,other,none,False
akita/yuzawashi,236,工房六義庵,その他,,other,none,False
akita/yuzawashi,237,かわ波,寿司,,seafood,tb,True
akita/yuzawashi,238,BASEMENT yuzawa,バー,,izakaya,tb,True
akita/yuzawashi,239,セブンイレブン 湯沢川連町店,コンビニ・スーパー,,daily,tb,True
akita/yuzawashi,240,くらた グランマート湯沢インター店,和菓子、ケーキ、チョコレート,,sweets,tb,True
akita/yuzawashi,241,セブンイレブン 湯沢古館町店,コンビニ・スーパー,,daily,tb,True
akita/yuzawashi,242,カーリタースカフェ,カフェ、ケーキ,,cafe,tb,True
akita/yuzawashi,243,小川屋酒店,その他、バー,,izakaya,tb,False
akita/yuzawashi,244,グランマート 湯沢インター店,コンビニ・スーパー,,daily,tb,True
akita/yuzawashi,245,めん菜,ラーメン,,noodles,tb,True
akita/yuzawashi,246,喫茶 ふれんどり,喫茶店,,cafe,tb,True
akita/yuzawashi,247,鮮衛門,居酒屋、レストラン,,izakaya,tb,True
akita/yuzawashi,248,バザール 横堀店,コンビニ・スーパー,,daily,tb,True
akita/yuzawashi,249,高橋製麺本舗,うどん,,noodles,tb,True
akita/yuzawashi,250,casual BAR BEAUTY MANIAXXx,バー,,izakaya,tb,True
akita/yuzawashi,251,デイリーヤマザキ 湯沢関口店,コンビニ・スーパー,,daily,tb,True
akita/yuzawashi,252,ビフレ 稲川店,コンビニ・スーパー,,daily,tb,True
akita/yuzawashi,253,有限会社 熊谷麺業,その他,,noodles,desc,False
akita/yuzawashi,254,LAWSON 雄勝町店,コンビニ・スーパー,,daily,tb,True
akita/yuzawashi,255,ひで家,その他,,other,none,False
akita/yuzawashi,256,和処美月,居酒屋,,izakaya,tb,True
akita/yuzawashi,257,川連運送,その他,,other,none,False
akita/yuzawashi,258,セブンイレブン 雄勝こまちインター店,コンビニ・スーパー,,daily,tb,True
akita/yuzawashi,259,L'atelier Monei,洋菓子,,sweets,tb,True
akita/yuzawashi,260,SUNNY COFFEE ROASTERY,その他,,other,none,False
akita/yuzawashi,261,やまりん商店,弁当,,casual,tb,True
akita/yuzawashi,262,まるよし佐藤酒店,その他,,other,none,False
akita/yuzawashi,263,よねや 千石大橋店,その他,,other,none,False
akita/yuzawashi,264,竹の家,日本料理,,japanese,tb,True
akita/yuzawashi,265,まるごと湯沢特産市場,その他,,other,none,False
akita/yuzawashi,266,歩歩カフェ,カフェ,,cafe,tb,True
akita/yuzawashi,267,居酒屋こまち,居酒屋,,izakaya,tb,True
akita/yuzawashi,268,あかひら鮨,寿司,,seafood,tb,True
akita/yuzawashi,269,酒楽亭あいづ,居酒屋,,izakaya,tb,True
akita/yuzawashi,270,いなほ,居酒屋,,izakaya,tb,True
akita/yuzawashi,271,DINING TOMITEN,イタリアン,,european,tb,True
akita/yuzawashi,272,Kaedean,,Japanese;Japanese - Other ,japanese,ta,True
akita/yuzawashi,273,Tragus,,Asian,chinese,ta,True
akita/yuzawashi,274,Coffe Zakkasha Juemon,,Cafe,cafe,ta,True
akita/yuzawashi,275,Sky Hawk,,,other,none,False
akita/yuzawashi,276,Satoyosukehonten,,Japanese,japanese,ta,True
akita/yuzawashi,277,Nanadai Sato Yosuke Yuzawa,,Japanese;Japanese - Other ,japanese,ta,True
akita/yuzawashi,278,Sato Yosuke Shoten,,Japanese,japanese,ta,True
akita/yuzawashi,279,Soba Restaurant Sobee,,,noodles,desc,False
akita/yuzawashi,280,Yuzawa Gyugentei,,Japanese,japanese,ta,True
akita/yuzawashi,281,Goju Goban,,Japanese,japanese,ta,True
akita/yuzawashi,282,Aji No Mise Kodama Shokudo,,Japanese;International;Japanese - Other ,japanese,ta,True
akita/yuzawashi,283,Chojuken,,,other,none,False
akita/yuzawashi,284,Il Trullo,,Italian,european,ta,True
akita/yuzawashi,285,Naotaro,,,other,none,False
akita/yuzawashi,286,Yorokobi,,Japanese;Izakaya (Japanese Style Tavern),izakaya,ta,True
akita/yuzawashi,287,Ayunoya,,,other,none,False
akita/yuzawashi,288,Yakiniku Mitsunashi,,Japanese,japanese,ta,True
akita/yuzawashi,289,Gombei,,,other,none,False
akita/yuzawashi,290,Grandoor,,International,other,none,False
akita/yuzawashi,291,Gusto Yuzawa,,International,other,none,False
akita/yuzawashi,292,Noodle Shop Fumi,,Asian,chinese,ta,True
akita/yuzawashi,293,Pocket,,Bar;Pub,izakaya,ta,True
akita/yuzawashi,294,Restaurant Nitsumori,,Japanese,japanese,ta,True
akita/yuzawashi,295,Niko Niko Saitou,,Japanese;International;Japanese - Other ,japanese,ta,True
akita/yuzawashi,296,Yama No Aji Kinokoya,,Japanese,japanese,ta,True
akita/yuzawashi,297,Nadai Sankaku Soba Ya Yuzawa,,Japanese,japanese,ta,True
akita/yuzawashi,298,Icchome Ichibanchi,,Japanese,japanese,ta,True
akita/yuzawashi,299,Sukiya No 398 Yuzawa Okitsuru,,,other,none,False
akita/yuzawashi,300,Ramen Suzuya,,,other,none,False
akita/yuzawashi,301,Sato Yoetsu Honpo,,Japanese;Japanese - Other ,japanese,ta,True
akita/yuzawashi,302,Sato Yoske Shoshinan,,Japanese,japanese,ta,True
akita/yuzawashi,303,Damu No Chaya,,,other,none,False
akita/yuzawashi,304,Kurata Yuzawa Station,,,other,none,False
akita/yuzawashi,305,Iwashi no Fumi,,Chinese;African,chinese,ta,True
akita/yuzawashi,306,Inaniwa Udon Denshonosato Kanbun 5nen Do,,,other,none,False
akita/yuzawashi,307,Sato Yosuke Shoten Kojo Chaya,,,other,none,False
akita/yuzawashi,308,La Foret Kurikoma,,Japanese,japanese,ta,True
akita/yuzawashi,309,Karaokeshofukutei Crayon Yuzawa,,International,other,none,False
akita/yuzawashi,310,Ramen Suzuya,,,other,none,False
akita/yuzawashi,311,Ajiyoshi Fujitaya Yuzawa,,,other,none,False
akita/yuzawashi,312,Le Croissant,,Fusion,other,none,False
akita/yuzawashi,313,Komachi En,,Japanese,japanese,ta,True
akita/yuzawashi,314,Kurata Grand Mart Yuzawa,,,other,none,False
akita/yuzawashi,315,Daikichi,,,other,none,False
akita/yuzawashi,316,Yasuke Yuzawa,,,other,none,False
akita/yuzawashi,317,料亭石川,,Japanese;Japanese - Traditional Cuisine;Kappo,japanese,ta,True
akita/yuzawashi,318,Satomi,,Japanese,japanese,ta,True
akita/yuzawashi,319,Sumire,,Japanese,japanese,ta,True
akita/yuzawashi,320,Akahira Zushi,,Japanese;Seafood;Sushi;Japanese - Other ,seafood,ta,True
akita/yuzawashi,321,Ramen Fuji,,Japanese;Asian,chinese,ta,True
akita/yuzawashi,322,Dennen,,Japanese;Japanese - Other ,japanese,ta,True
akita/yuzawashi,323,Wadokorotakahashi,,Japanese;Izakaya (Japanese Style Tavern),izakaya,ta,True
akita/yuzawashi,324,Udon Soba Sato,,,other,none,False
akita/yuzawashi,325,Restaurant Valluga,,Steakhouse,meat,ta,True
akita/yuzawashi,326,Sogaya,,,other,none,False
akita/yuzawashi,327,House Tombo,,Japanese;International;Japanese - Other ,japanese,ta,True
akita/yuzawashi,328,Kaneko Shoten Funto,,Japanese,japanese,ta,True
akita/yuzawashi,329,Kikuchi Ryokan,,Japanese;International;Japanese - Other ,japanese,ta,True
akita/yuzawashi,330,Kiraku Shokudo,,Japanese;International;Japanese - Other ,japanese,ta,True
akita/yuzawashi,331,Yuzawa Sushi Sachi Main Store,,Japanese;Sushi,seafood,ta,True
akita/yuzawashi,332,Shirokujichu Aeon Yuzawa,,Japanese;International;Japanese Fusion,japanese,ta,True
akita/yuzawashi,333,Tamuraya,,,other,none,False
akita/yuzawashi,334,Izumi Dininig Room,,,other,none,False
akita/yuzawashi,335,Umai Ichigan Sushi Yuzawa,,Japanese;Seafood;Sushi;Japanese - Other ,seafood,ta,True
akita/yuzawashi,336,Yanagisawa,,Japanese,japanese,ta,True
akita/yuzawashi,337,吉右エ門,,Japanese;International;Japanese - Other ,japanese,ta,True
akita/yuzawashi,338,Ramen Pleco,,,other,none,False
akita/yuzawashi,339,Plus One,,Pub;Gastropub;Dining bars,izakaya,ta,True
akita/yuzawashi,340,Lunch Lotus,,Japanese,japanese,ta,True
akita/yuzawashi,341,Yakiniku Jiraiya Takanaga Butcher s Shop,,Barbecue,meat,ta,True
akita/yuzawashi,342,Yakinikuhouse Popo,,Japanese,japanese,ta,True
akita/yuzawashi,343,Kappa No Kawataro,,Japanese;Seafood;Sushi;Japanese - Other ,seafood,ta,True
akita/yuzawashi,344,Ogawa No Inaniwa Udon,,Japanese,japanese,ta,True
akita/yuzawashi,345,Sumibiyaki Sushi Hamagin,,Japanese;Sushi,seafood,ta,True
akita/yuzawashi,346,Jirocho Sushi,,Japanese;Sushi,seafood,ta,True
akita/yuzawashi,347,さかばやし,,Japanese;Izakaya (Japanese Style Tavern),izakaya,ta,True
akita/yuzawashi,348,Shiunkaku,,Pub,izakaya,ta,True
akita/yuzawashi,349,Ichibeya,,,other,none,False
akita/yuzawashi,350,Chikuen,,Chinese,chinese,ta,True
akita/yuzawashi,351,Gacco Cafe Kat Sai,,Japanese;International;Japanese - Other ,japanese,ta,True
akita/yuzawashi,352,Italian Restaurant Shun,,Italian,european,ta,True
akita/yuzawashi,353,Matsui,,Japanese;Seafood;Sushi;Japanese - Other ,seafood,ta,True
akita/yuzawashi,354,Shurara,,Japanese,japanese,ta,True
akita/yuzawashi,355,Shanghai,,Chinese,chinese,ta,True
akita/yuzawashi,356,Sushi Dokoro Hamura,,Japanese;Sushi,seafood,ta,True
akita/yuzawashi,357,Mensai,,,other,none,False
akita/yuzawashi,358,Ichi Kiyakata,,,other,none,False
akita/yuzawashi,359,Jo,,Bar;Pub,izakaya,ta,True
akita/yuzawashi,360,Kokoro,,Pub,izakaya,ta,True
akita/yuzawashi,361,Ayu Cafe Nadeshiko,,Pub,izakaya,ta,True
akita/yuzawashi,362,Teuchi Soba Sobahaccho,,,other,none,False
akita/yuzawashi,363,World Bier Rosso Corsa,,Pub,izakaya,ta,True
akita/yuzawashi,364,Ishinari,,,other,none,False
akita/yuzawashi,365,Azumada,,,other,none,False
akita/yuzawashi,366,Panache,,,other,none,False
akita/yuzawashi,367,Tonkatsu Kazu,,Japanese;Japanese - Other ,japanese,ta,True
akita/yuzawashi,368,Nikoniko Shokudo,,Japanese,japanese,ta,True
akita/yuzawashi,369,Tanakaya Bunten,,,other,none,False
akita/yuzawashi,370,Croque of Tomiya,,Japanese,japanese,ta,True
akita/yuzawashi,371,Senemon,,,other,none,False
akita/yuzawashi,372,Yakiniku Hangan,,Asian;Korean,chinese,ta,True
akita/yuzawashi,373,Poppoya,,Japanese;International;Japanese - Other ,japanese,ta,True
akita/yuzawashi,374,Yamadaya,,Japanese;International;Japanese - Other ,japanese,ta,True
akita/yuzawashi,375,Issa,,Japanese;International;Japanese - Other ,japanese,ta,True
akita/yuzawashi,376,Pub Gold,,Japanese - Other ,japanese,ta,True
akita/yuzawashi,377,Ureshino,,Japanese;Japanese - Traditional Cuisine;Kappo,japanese,ta,True
akita/yuzawashi,378,Wakukan Dining Kazuma,,Japanese;Japanese - Other ;Dining bars,japanese,ta,True
akita/yuzawashi,379,Wako,,Japanese,japanese,ta,True
akita/yuzawashi,380,Ogi,,Japanese;Japanese - Other ,japanese,ta,True
akita/yuzawashi,381,Sakuraya Shokudo,,Japanese,japanese,ta,True
akita/yuzawashi,382,Karaoke Studio Yume Akari,,International,other,none,False
akita/yuzawashi,383,Ajisai,,Japanese,japanese,ta,True
akita/yuzawashi,384,Takenoya,,Japanese;Japanese - Traditional Cuisine;Kappo,japanese,ta,True
akita/yuzawashi,385,Yumeji,,Japanese;International;Japanese - Other ,japanese,ta,True
akita/yuzawashi,386,Negishi,,Cafe,cafe,ta,True
akita/yuzawashi,387,Shimizutei,,,other,none,False
akita/yuzawashi,388,Japanese Restaurant Fukutomi,,Japanese;Japanese - Traditional Cuisine;Japanese - Other ,japanese,ta,True
akita/yuzawashi,389,Inaho,,Japanese;International;Japanese - Other ,japanese,ta,True
akita/yuzawashi,390,Hachirobe,,Japanese,japanese,ta,True
akita/yuzawashi,391,Kushi Goro,,Japanese,japanese,ta,True
akita/yuzawashi,392,Tagoto,,Japanese,japanese,ta,True
akita/yuzawashi,393,Shosuke,,Japanese,japanese,ta,True
akita/yuzawashi,394,Yachiyo,,Japanese;Japanese - Traditional Cuisine,japanese,ta,True
akita/yuzawashi,395,Ogita Shokudo,,Japanese;International;Japanese - Other ,japanese,ta,True
akita/yuzawashi,396,Pizza Bistro Yuzawa,,Pizza,european,ta,True
akita/yuzawashi,397,Nairobi,,Japanese,japanese,ta,True
akita/yuzawashi,398,Wing,,Fusion,other,none,False
akita/yuzawashi,399,Marron,,Cafe,cafe,ta,True
akita/yuzawashi,400,Ito,,Japanese,japanese,ta,True
akita/yuzawashi,401,Sazen,,Japanese,japanese,ta,True
akita/yuzawashi,402,Tenryu,,Japanese,japanese,ta,True
akita/yuzawashi,403,Tokiwa Manju,,,other,none,False
akita/yuzawashi,404,Ajiryu,,,other,none,False
akita/yuzawashi,405,Katano Pastry,,,other,none,False
akita/yuzawashi,406,Chie Shokudo,,,other,none,False
akita/yuzawashi,407,Pandaya,,Japanese;Izakaya (Japanese Style Tavern),izakaya,ta,True
akita/yuzawashi,408,Izakaya Yu,,Japanese;Izakaya (Japanese Style Tavern),izakaya,ta,True
akita/yuzawashi,409,Hana No Mori,,,other,none,False
akita/yuzawashi,410,Hachirobei Omachi,,Izakaya (Japanese Style Tavern),izakaya,ta,True
akita/yuzawashi,411,Hotto Motto Yuzawa Zaimokucho,,Japanese,japanese,ta,True
akita/yuzawashi,412,Hananoren,,Japanese;Izakaya (Japanese Style Tavern),izakaya,ta,True
akita/yuzawashi,413,Bakery Sakura,,,other,none,False
akita/yuzawashi,414,Sakura,,Japanese;Izakaya (Japanese Style Tavern),izakaya,ta,True
akita/yuzawashi,415,Mino Ya,,Japanese;Izakaya (Japanese Style Tavern),izakaya,ta,True
akita/yuzawashi,416,Izakaya Bonya,,Japanese;Izakaya (Japanese Style Tavern),izakaya,ta,True
akita/yuzawashi,417,Asagaoan,,,other,none,False
akita/yuzawashi,418,Yuzu,,,other,none,False
akita/yuzawashi,419,Sho,,,other,none,False
akita/yuzawashi,420,Akitaya,,,other,none,False
akita/yuzawashi,421,White Cats,,,other,none,False
akita/yuzawashi,422,Majorca,,,other,none,False
akita/yuzawashi,423,Koguma,,,other,none,False
akita/yuzawashi,424,Ajichaya Den,,,other,none,False
akita/yuzawashi,425,Handa Pastry,,,other,none,False
akita/yuzawashi,426,Wakasa Bunten,,,other,none,False
akita/yuzawashi,427,Kagetsudo,,,other,none,False
akita/yuzawashi,428,Yanata Sweets,,,other,none,False
akita/yuzawashi,429,Tanaka Kaiundo,,,other,none,False
akita/yuzawashi,430,Kurata Sengoku Machi,,,other,none,False
akita/yuzawashi,431,Terui Pastry,,,other,none,False
akita/yuzawashi,432,Origami Crane,,,other,none,False
akita/yuzawashi,433,Theia,,,other,none,False
akita/yuzawashi,434,Tokimeki Koryu House Tampopo,,,other,none,False
akita/yuzawashi,435,Kurata Yuzawa,,,other,none,False
akita/yuzawashi,436,Egaotei,,,other,none,False
akita/yuzawashi,437,Kurikoma Foods Kojo Chokuei,,,other,none,False
