page,rank,name,genre,ta,category,basis,primary
miyagi/higashimatsushima,1,支那そばや,ラーメン,,noodles,tb,True
miyagi/higashimatsushima,2,ピーコック,レストラン、ラーメン,,noodles,tb,False
miyagi/higashimatsushima,3,KOBACHI Cafe 奥松庵,そば、海鮮、カフェ,,noodles,tb,True
miyagi/higashimatsushima,4,ちゃんこ 萩乃井,食堂、ちゃんこ鍋,,casual,tb,True
miyagi/higashimatsushima,5,レストランぱらだいす,ハンバーグ、ステーキ、洋食,,meat,tb,True
miyagi/higashimatsushima,6,ぐ～はっち,洋食,,european,tb,True
miyagi/higashimatsushima,7,三浦屋,カレー、焼きそば、ラーメン,,curry,tb,True
miyagi/higashimatsushima,8,農家手打ちそば きさく苑,そば,,noodles,tb,True
miyagi/higashimatsushima,9,岩手屋,そば、うどん,,noodles,tb,True
miyagi/higashimatsushima,10,えんまん亭,食堂,,casual,tb,True
miyagi/higashimatsushima,11,道の駅東松島,道の駅,,other,none,False
miyagi/higashimatsushima,12,台湾料理 福興閣,台湾料理、ラーメン,,chinese,tb,True
miyagi/higashimatsushima,13,のびるノ茶屋,スイーツ,,sweets,tb,True
miyagi/higashimatsushima,14,ハンバーグレストラン つきみち 東松島店,洋食、ハンバーグ,,european,tb,True
miyagi/higashimatsushima,15,れすとらん メナージュ,パスタ、ピザ、ハンバーグ,,european,tb,True
miyagi/higashimatsushima,16,ZUNDA ZUNDA STATION,スイーツ,,sweets,tb,True
miyagi/higashimatsushima,17,らーめん幸蔵,ラーメン,,noodles,tb,True
miyagi/higashimatsushima,18,らーめん浜八道,ラーメン,,noodles,tb,True
miyagi/higashimatsushima,19,ドライブイン笠松,食堂,,casual,tb,True
miyagi/higashimatsushima,20,H&H Labo,ジェラート・アイスクリーム,,sweets,tb,True
miyagi/higashimatsushima,21,いろどりの丘,洋食,,european,tb,True
miyagi/higashimatsushima,22,ディ タフ,ピザ,,european,tb,True
miyagi/higashimatsushima,23,旨い食処　あごら,郷土料理、海鮮,,japanese,tb,True
miyagi/higashimatsushima,24,Highway Kitchen 颯,ラーメン、そば、食堂,,noodles,tb,True
miyagi/higashimatsushima,25,ファミリーハウス みちのく,食堂、焼肉,,casual,tb,True
miyagi/higashimatsushima,26,龍鵬,中華料理,,chinese,tb,True
miyagi/higashimatsushima,27,カリフォルニア食堂 2号店,カフェ、パスタ、ピザ,,cafe,tb,True
miyagi/higashimatsushima,28,あさひ食堂,食堂,,casual,tb,True
miyagi/higashimatsushima,29,107kitchen紗乃音,カフェ、惣菜・デリ,,cafe,tb,True
miyagi/higashimatsushima,30,TARO BAKERY,パン,,sweets,tb,True
miyagi/higashimatsushima,31,ル・ニ・リロンデール,カフェ、パン,,cafe,tb,True
miyagi/higashimatsushima,32,ジュリアン,ケーキ,,sweets,tb,True
miyagi/higashimatsushima,33,こばると,レストラン,,other,none,False
miyagi/higashimatsushima,34,花邑,ラーメン、食堂,,noodles,tb,True
miyagi/higashimatsushima,35,ラーメンショップ 矢本店,ラーメン、つけ麺,,noodles,tb,True
miyagi/higashimatsushima,36,王水 矢本店,ラーメン,,noodles,tb,True
miyagi/higashimatsushima,37,らーめん 楓,ラーメン、カフェ,,noodles,tb,True
miyagi/higashimatsushima,38,中華そば カヤノヤ,ラーメン,,noodles,tb,True
miyagi/higashimatsushima,39,奥松島 LANE HOTEL,その他,,other,none,False
miyagi/higashimatsushima,40,パン工房 コナリナ,パン,,sweets,tb,True
miyagi/higashimatsushima,41,珈琲工房いしかわ 道の駅東松島,コーヒースタンド,,cafe,tb,True
miyagi/higashimatsushima,42,ノビコ バウム工房,バームクーヘン,,other,none,False
miyagi/higashimatsushima,43,BERG BAKE,カフェ,,cafe,tb,True
miyagi/higashimatsushima,44,大勇堂,和菓子,,sweets,tb,True
miyagi/higashimatsushima,45,奥松島公社 焼がき施設,鉄板焼き、海鮮,,meat,tb,True
miyagi/higashimatsushima,46,ジャズ喫茶 アビーロード,喫茶店、カフェ,,cafe,tb,True
miyagi/higashimatsushima,47,青い町のぷらっとホーム,売店,,casual,tb,True
miyagi/higashimatsushima,48,みかさや食堂,丼、食堂、ラーメン,,casual,tb,True
miyagi/higashimatsushima,49,ぱぱいやぱんや,パン,,sweets,tb,True
miyagi/higashimatsushima,50,サンショップ 矢本店,その他,,other,none,False
miyagi/higashimatsushima,51,遊旬,居酒屋,,izakaya,tb,True
miyagi/higashimatsushima,52,酒菜や凛,居酒屋、焼き鳥,,izakaya,tb,True
miyagi/higashimatsushima,53,そば処東京玉川屋,そば,,noodles,tb,True
miyagi/higashimatsushima,54,パンジー,ケーキ,,sweets,tb,True
miyagi/higashimatsushima,55,ハラッパ,その他,,other,none,False
miyagi/higashimatsushima,56,セルコホーム あおみな,その他,,other,none,False
miyagi/higashimatsushima,57,米粉のおやつ 366,洋菓子,,sweets,tb,True
miyagi/higashimatsushima,58,ビジネスホテル　フォーシーズン矢本,ホテル,,other,none,False
miyagi/higashimatsushima,59,紅龍,中華料理,,chinese,tb,True
miyagi/higashimatsushima,60,料理菅原,日本料理,,japanese,tb,True
miyagi/higashimatsushima,61,げんちゃんハウス,食堂,,casual,tb,True
miyagi/higashimatsushima,62,アートカフェShu,喫茶店,,cafe,tb,True
miyagi/higashimatsushima,63,奥松島あんてなしょっぷ まちんど,その他,,other,none,False
miyagi/higashimatsushima,64,なかみちや,食堂,,casual,tb,True
miyagi/higashimatsushima,65,焼きとり かっちゃん,焼き鳥、食堂、居酒屋,,meat,tb,True
miyagi/higashimatsushima,66,渚園,レストラン,,other,none,False
miyagi/higashimatsushima,67,oimoya Jack,カフェ、クレープ・ガレット,,cafe,tb,True
miyagi/higashimatsushima,68,八千代寿司,寿司,,seafood,tb,True
miyagi/higashimatsushima,69,軽食レストラン カフェ マンマ,食堂、カフェ,,casual,tb,True
miyagi/higashimatsushima,70,喫茶去 HaMa,喫茶店、パスタ,,cafe,tb,True
miyagi/higashimatsushima,71,ホルモン 元,焼肉、ホルモン,,meat,tb,True
miyagi/higashimatsushima,72,ジョイフル 石巻インター店,ファミレス,,casual,tb,True
miyagi/higashimatsushima,73,かっぱ寿司 石巻店,回転寿司,,seafood,tb,True
miyagi/higashimatsushima,74,スマイルダイニング,カフェ、バー、ケーキ,,cafe,tb,True
miyagi/higashimatsushima,75,安べえ食堂,ラーメン、食堂,,noodles,tb,True
miyagi/higashimatsushima,76,イートハウス,その他,,other,none,False
miyagi/higashimatsushima,77,佐利 東松島工場 直営店,その他,,other,none,False
miyagi/higashimatsushima,78,吹き寄せ寿司,寿司,,seafood,tb,True
miyagi/higashimatsushima,79,やな川,食堂,,casual,tb,True
miyagi/higashimatsushima,80,やもと四季彩館 大塩店,その他,,other,none,False
miyagi/higashimatsushima,81,古川屋,和菓子,,sweets,tb,True
miyagi/higashimatsushima,82,おちゃや,喫茶店,,cafe,tb,True
miyagi/higashimatsushima,83,コイノニアカフェ,カフェ,,cafe,tb,True
miyagi/higashimatsushima,84,およげたいやきくん,食堂,,casual,tb,True
miyagi/higashimatsushima,85,福寿司,寿司、海鮮、居酒屋,,seafood,tb,True
miyagi/higashimatsushima,86,和食道しん,居酒屋、海鮮、そば,,izakaya,tb,True
miyagi/higashimatsushima,87,大江酒店,その他,,other,none,False
miyagi/higashimatsushima,88,らんてい,レストラン,,other,none,False
miyagi/higashimatsushima,89,ナイスピクニックデイ,スイーツ,,sweets,tb,True
miyagi/higashimatsushima,90,cafe un gateau,カフェ,,cafe,tb,True
miyagi/higashimatsushima,91,のり工房 矢本,その他,,other,none,False
miyagi/higashimatsushima,92,AKAMA,洋菓子、ケーキ,,sweets,tb,True
miyagi/higashimatsushima,93,自家焙煎珈琲 JoyCoffee,その他,,other,none,False
miyagi/higashimatsushima,94,石垣商店,その他,,other,none,False
miyagi/higashimatsushima,95,ビアベースカンパネラ,ビアバー,,izakaya,tb,True
miyagi/higashimatsushima,96,和･洋菓子 おおむら,洋菓子、ケーキ、和菓子,,sweets,tb,True
miyagi/higashimatsushima,97,OMOUMA麺堂 石巻店,ラーメン,,noodles,tb,True
miyagi/higashimatsushima,98,奥松島イートプラザ,その他,,other,none,False
miyagi/higashimatsushima,99,市場食堂,食堂,,casual,tb,True
miyagi/higashimatsushima,100,牛たん家蔵之助,牛タン,,meat,tb,True
miyagi/higashimatsushima,101,焼鳥専門店 八,焼き鳥、居酒屋,,meat,tb,True
miyagi/higashimatsushima,102,居酒屋 遊,居酒屋,,izakaya,tb,True
miyagi/higashimatsushima,103,梵天丸,寿司,,seafood,tb,True
miyagi/higashimatsushima,104,いぬ ねこ 茶処,食堂,,casual,tb,True
miyagi/higashimatsushima,105,ドン・キホーテ 石巻街道矢本店,その他,,other,none,False
miyagi/higashimatsushima,106,ファミリーマート 東松島中央店,コンビニ・スーパー,,daily,tb,True
miyagi/higashimatsushima,107,やきとり はる,居酒屋、焼き鳥,,izakaya,tb,True
miyagi/higashimatsushima,108,みさき 矢本駅前店,食堂,,casual,tb,True
miyagi/higashimatsushima,109,八,居酒屋、焼き鳥,,izakaya,tb,True
miyagi/higashimatsushima,110,陶々呂,喫茶店,,cafe,tb,True
miyagi/higashimatsushima,111,とりすけ,焼き鳥,,meat,tb,True
miyagi/higashimatsushima,112,旬菜 縁屋,居酒屋、焼き鳥、食堂,,izakaya,tb,True
miyagi/higashimatsushima,113,RISE BEACH 奥松島,レストラン、カフェ、バーベキュー,,cafe,tb,False
miyagi/higashimatsushima,114,海晴,惣菜・デリ、居酒屋,,casual,tb,True
miyagi/higashimatsushima,115,幸楽苑 新矢本店,ラーメン,,noodles,tb,True
miyagi/higashimatsushima,116,サイゼリヤ イオンタウン矢本店,ファミレス、イタリアン、パスタ,,casual,tb,True
miyagi/higashimatsushima,117,すき家 45号石巻矢本店,牛丼、カレー、食堂,,casual,tb,True
miyagi/higashimatsushima,118,ケンタッキーフライドチキン イオンタウン矢本店,レストラン,,other,none,False
miyagi/higashimatsushima,119,オイタミート,肉料理,,meat,tb,True
miyagi/higashimatsushima,120,すき家 45号東松島矢本店,牛丼、カレー、食堂,,casual,tb,True
miyagi/higashimatsushima,121,和風レストランまるまつ 矢本店,ファミレス,,casual,tb,True
miyagi/higashimatsushima,122,モンペリエ ヨークベニマル矢本店,パン,,sweets,tb,True
miyagi/higashimatsushima,123,ふくちゃん,焼肉,,meat,tb,True
miyagi/higashimatsushima,124,ジョリマダム,カフェ、ケーキ、パン,,cafe,tb,True
miyagi/higashimatsushima,125,あじまん サンデー矢本店,たい焼き・大判焼き,,sweets,tb,True
miyagi/higashimatsushima,126,ぎんの星,その他,,other,none,False
miyagi/higashimatsushima,127,Bell,カフェ、喫茶店,,cafe,tb,True
miyagi/higashimatsushima,128,新鮮 菜っちゃん市場,その他,,other,none,False
miyagi/higashimatsushima,129,ほっともっと 矢本インター店,弁当,,casual,tb,True
miyagi/higashimatsushima,130,洋菓子カルン イオン・ザ・ビック矢本店,洋菓子,,sweets,tb,True
miyagi/higashimatsushima,131,ファミリーマート 矢本インター前店,コンビニ・スーパー,,daily,tb,True
miyagi/higashimatsushima,132,麺政,ラーメン,,noodles,tb,True
miyagi/higashimatsushima,133,居酒屋ついで屋,居酒屋,,izakaya,tb,True
miyagi/higashimatsushima,134,ほっともっと 矢本大曲店,弁当,,casual,tb,True
miyagi/higashimatsushima,135,時雨,焼き鳥、牛タン,,meat,tb,True
miyagi/higashimatsushima,136,あうん,居酒屋,,izakaya,tb,True
miyagi/higashimatsushima,137,後藤水産,その他,,other,none,False
miyagi/higashimatsushima,138,メイドカフェ 萌キュン,その他,,other,none,False
miyagi/higashimatsushima,139,フレスコキクチ 矢本店,コンビニ・スーパー,,daily,tb,True
miyagi/higashimatsushima,140,フレスコキクチ 赤井店,コンビニ・スーパー,,daily,tb,True
miyagi/higashimatsushima,141,竹乃浦 飛翔閣 東松島別館,日本料理,,japanese,tb,True
miyagi/higashimatsushima,142,居酒っくBAR らいおん丸,居酒屋,,izakaya,tb,True
miyagi/higashimatsushima,143,正寿司,食堂、レストラン、寿司,,casual,tb,True
miyagi/higashimatsushima,144,ザ･ビッグ 矢本店,コンビニ・スーパー,,daily,tb,True
miyagi/higashimatsushima,145,キッチンポトス 石巻店,食堂,,casual,tb,True
miyagi/higashimatsushima,146,なの花,居酒屋,,izakaya,tb,True
miyagi/higashimatsushima,147,Mana,レストラン,,other,none,False
miyagi/higashimatsushima,148,たまご焼 京極,惣菜・デリ,,casual,tb,True
miyagi/higashimatsushima,149,かっぱ,居酒屋,,izakaya,tb,True
miyagi/higashimatsushima,150,大寿司,寿司,,seafood,tb,True
miyagi/higashimatsushima,151,居酒屋咲,焼き鳥,,meat,tb,True
miyagi/higashimatsushima,152,Ageha,バー,,izakaya,tb,True
miyagi/higashimatsushima,153,タワワ,レストラン,,other,none,False
miyagi/higashimatsushima,154,味百花・旬食事処,日本料理,,japanese,tb,True
miyagi/higashimatsushima,155,こまつ,レストラン,,other,none,False
miyagi/higashimatsushima,156,らいすぼーる!,おにぎり,,casual,tb,True
miyagi/higashimatsushima,157,お菓子のアトリエ peu a peu,ケーキ,,sweets,tb,True
miyagi/higashimatsushima,158,やまぼうし,喫茶店,,cafe,tb,True
miyagi/higashimatsushima,159,あんぶれら,レストラン,,other,none,False
miyagi/higashimatsushima,160,イートカフェ,カフェ,,cafe,tb,True
miyagi/higashimatsushima,161,好風亭,日本料理,,japanese,tb,True
miyagi/higashimatsushima,162,満平や,居酒屋,,izakaya,tb,True
miyagi/higashimatsushima,163,ほっときっちん旬菜,レストラン,,other,none,False
miyagi/higashimatsushima,164,cafe さるく,カフェ,,cafe,tb,True
miyagi/higashimatsushima,165,浜の屋,日本料理,,japanese,tb,True
miyagi/higashimatsushima,166,純子の店,レストラン,,other,none,False
miyagi/higashimatsushima,167,ハライソ,食堂,,casual,tb,True
miyagi/higashimatsushima,168,居酒屋八重ちゃん,居酒屋,,izakaya,tb,True
miyagi/higashimatsushima,169,Kikube,,Japanese;Japanese - Other ,japanese,ta,True
miyagi/higashimatsushima,170,Emmantei,,Japanese,japanese,ta,True
miyagi/higashimatsushima,171,Farmer steuchi Soba Kisaku En,,Japanese;Japanese - Other ,japanese,ta,True
miyagi/higashimatsushima,172,Kaisen Do,,Japanese;Seafood;Japanese - Other ,seafood,ta,True
miyagi/higashimatsushima,173,Koryu,,Chinese,chinese,ta,True
miyagi/higashimatsushima,174,Ramen Izakaya Shochan,,,other,none,False
miyagi/higashimatsushima,175,Ramen House Wansui Yamoto,,,other,none,False
miyagi/higashimatsushima,176,Otsuka Kaki Shorijo,,Seafood,seafood,ta,True
miyagi/higashimatsushima,177,Mori No Kitchen Kibotcha,,Japanese,japanese,ta,True
miyagi/higashimatsushima,178,Fuku Sushi,,Japanese;Seafood;Sushi;Japanese - Other ,seafood,ta,True
miyagi/higashimatsushima,179,Peacock,,,other,none,False
miyagi/higashimatsushima,180,Ishimaki Seika Ichibanai Ichiba Shokudo,,Japanese;International;Japanese - Other ,japanese,ta,True
miyagi/higashimatsushima,181,Nomikuidokoro Yokkoyori,,Japanese;Izakaya (Japanese Style Tavern),izakaya,ta,True
miyagi/higashimatsushima,182,Misogen,,,other,none,False
miyagi/higashimatsushima,183,ラーメン　コロコロ,,,other,none,False
miyagi/higashimatsushima,184,Miyato Tsubame Shokudo,,French;Japanese;Seafood;Healthy;Japanese sweets parlour,seafood,ta,True
miyagi/higashimatsushima,185,Infinite Dream,,,other,none,False
miyagi/higashimatsushima,186,Aisaiya,,Japanese;International,japanese,ta,True
miyagi/higashimatsushima,187,Mampei Ya,,Japanese;Izakaya (Japanese Style Tavern),izakaya,ta,True
miyagi/higashimatsushima,188,Ajisei,,Japanese;Izakaya (Japanese Style Tavern),izakaya,ta,True
miyagi/higashimatsushima,189,Saddle,,,other,none,False
miyagi/higashimatsushima,190,Yappei,,Japanese;Sushi,seafood,ta,True
miyagi/higashimatsushima,191,Tona Yakitori Kachan,,Japanese;Japanese - Other ,japanese,ta,True
miyagi/higashimatsushima,192,Putting Aside Rank Arrow Main Store,,,other,none,False
miyagi/higashimatsushima,193,Hormon Shokudo Shakuraku Yamoto,,,other,none,False
miyagi/higashimatsushima,194,Sobadokorotokyotamagawaya,,Japanese;Japanese - Other ,japanese,ta,True
miyagi/higashimatsushima,195,松栄フルーツセンター,,Japanese;Japanese - Other ,japanese,ta,True
miyagi/higashimatsushima,196,Misuke,,Japanese,japanese,ta,True
miyagi/higashimatsushima,197,Masuya Shokudo,,Japanese,japanese,ta,True
miyagi/higashimatsushima,198,Motsuyaki Kattchan,,Japanese,japanese,ta,True
miyagi/higashimatsushima,199,Shien,,Japanese,japanese,ta,True
miyagi/higashimatsushima,200,Uchiyasu Presetia,,Japanese,japanese,ta,True
miyagi/higashimatsushima,201,Futaba En,,Japanese;International;Japanese - Other ,japanese,ta,True
miyagi/higashimatsushima,202,Karaoke Land Star Myujikun,,International,other,none,False
miyagi/higashimatsushima,203,Tarafuku,,Japanese,japanese,ta,True
miyagi/higashimatsushima,204,Party Buffet Ruch,,International,other,none,False
miyagi/higashimatsushima,205,Art Cafe Shu,,Cafe,cafe,ta,True
miyagi/higashimatsushima,206,Grilled Chicken Specialty Izakaya Don,,Japanese,japanese,ta,True
miyagi/higashimatsushima,207,Shinobu Koi,,Japanese;Sushi,seafood,ta,True
miyagi/higashimatsushima,208,Korea Home Cooking Koko,,Asian;Korean,chinese,ta,True
miyagi/higashimatsushima,209,Yasuragi,,Japanese,japanese,ta,True
miyagi/higashimatsushima,210,Evening Drink Processing Zucca,,,seafood,desc,False
miyagi/higashimatsushima,211,Discount Pub Cost Arrow Main Store,,,other,none,False
miyagi/higashimatsushima,212,Aji No Kanetamashi Toshoan,,Japanese;Japanese - Traditional Cuisine;Kaiseki,japanese,ta,True
miyagi/higashimatsushima,213,Koryori Chikuma,,Japanese - Traditional Cuisine,other,none,False
miyagi/higashimatsushima,214,Eat House,,Japanese - Other ,japanese,ta,True
miyagi/higashimatsushima,215,Farmer Restaurant Waka No Sato,,Japanese - Other ,japanese,ta,True
miyagi/higashimatsushima,216,Izakaya Ponsuke,,Izakaya (Japanese Style Tavern),izakaya,ta,True
miyagi/higashimatsushima,217,Kofutei,,Japanese,japanese,ta,True
miyagi/higashimatsushima,218,札幌屋台ラーメン 45号店,,,other,none,False
miyagi/higashimatsushima,219,Sweets Pansy,,,other,none,False
miyagi/higashimatsushima,220,Izakaya Suika,,Izakaya (Japanese Style Tavern),izakaya,ta,True
miyagi/higashimatsushima,221,Staminataro Ishinomaki Yamoto,,,other,none,False
miyagi/higashimatsushima,222,Calne Pastry,,,other,none,False
miyagi/higashimatsushima,223,Iron Plate Pot Tavern Toya,,Japanese,japanese,ta,True
miyagi/higashimatsushima,224,Tadashi Suzu,,,other,none,False
miyagi/higashimatsushima,225,Menyoshi,,,other,none,False
miyagi/higashimatsushima,226,Hormone Gen,,,other,none,False
miyagi/higashimatsushima,227,Yarn Guruma,,,other,none,False
miyagi/higashimatsushima,228,Umbrella,,,other,none,False
miyagi/higashimatsushima,229,Izakaya Tami,,,other,none,False
miyagi/higashimatsushima,230,Family Crest,,Bar;Pub,izakaya,ta,True
miyagi/ishinomaki,1,すし寳来,寿司,,seafood,tb,True
miyagi/ishinomaki,2,味彩しん家,居酒屋,,izakaya,tb,True
miyagi/ishinomaki,3,アル・ケッチァーノ  石巻,イタリアン、イノベーティブ、パスタ,,european,tb,True
miyagi/ishinomaki,4,いまむら,日本料理,,japanese,tb,True
miyagi/ishinomaki,5,食堂きかく,ラーメン、郷土料理、かつ丼,,noodles,tb,True
miyagi/ishinomaki,6,キャプテンカンガルー 石巻店,ハンバーガー,,casual,tb,True
miyagi/ishinomaki,7,斎太郎食堂,食堂、海鮮、そば,,casual,tb,True
miyagi/ishinomaki,8,元気食堂,食堂,,casual,tb,True
miyagi/ishinomaki,9,中国料理揚子江,中華料理,,chinese,tb,True
miyagi/ishinomaki,10,友福丸,居酒屋、海鮮丼、海鮮,,izakaya,tb,True
miyagi/ishinomaki,11,藤や食堂,焼きそば、食堂,,noodles,tb,True
miyagi/ishinomaki,12,らーめん 善谷,ラーメン,,noodles,tb,True
miyagi/ishinomaki,13,富喜寿司,寿司、海鮮丼、海鮮,,seafood,tb,True
miyagi/ishinomaki,14,樺太屋,ラーメン、食堂、かつ丼,,noodles,tb,True
miyagi/ishinomaki,15,竹乃浦 飛翔閣,寿司、日本料理、海鮮,,seafood,tb,True
miyagi/ishinomaki,16,さかな処 三吉,居酒屋、海鮮,,izakaya,tb,True
miyagi/ishinomaki,17,中華料理 龍昇,中華料理,,chinese,tb,True
miyagi/ishinomaki,18,旭山ドライブイン,食堂、ラーメン、ホルモン,,casual,tb,True
miyagi/ishinomaki,19,海鮮料理 居酒屋 六文銭,居酒屋,,izakaya,tb,True
miyagi/ishinomaki,20,石巻焼きそば専門店 ハセベ,焼きそば,,noodles,tb,True
miyagi/ishinomaki,21,そば処 もりや,食堂、ラーメン、そば,,casual,tb,True
miyagi/ishinomaki,22,黄金寿司,寿司,,seafood,tb,True
miyagi/ishinomaki,23,滝川,釜飯、うなぎ、海鮮,,japanese,tb,True
miyagi/ishinomaki,24,まきいし,釜飯、ハンバーグ,,japanese,tb,True
miyagi/ishinomaki,25,麺処 ふか瀬,ラーメン,,noodles,tb,True
miyagi/ishinomaki,26,麺舗　かのまたや,うどん、焼きそば,,noodles,tb,True
miyagi/ishinomaki,27,小西湖,中華料理、食堂,,chinese,tb,True
miyagi/ishinomaki,28,石巻天ぷら 和,天ぷら,,japanese,tb,True
miyagi/ishinomaki,29,食事処 こばやし 上品の郷店,ラーメン、そば、うどん,,noodles,tb,True
miyagi/ishinomaki,30,とんかつ　庄内 石巻店,とんかつ、串揚げ,,meat,tb,True
miyagi/ishinomaki,31,また来て屋,ラーメン、食堂、居酒屋,,noodles,tb,True
miyagi/ishinomaki,32,かざみどり,喫茶店、洋菓子,,cafe,tb,True
miyagi/ishinomaki,33,中華れすとらんとらの子,中華料理、ラーメン、居酒屋,,chinese,tb,True
miyagi/ishinomaki,34,瑞幸,くじら料理、海鮮、食堂,,seafood,tb,False
miyagi/ishinomaki,35,ひらつか,日本料理、海鮮,,japanese,tb,True
miyagi/ishinomaki,36,喜八櫓きた道,日本料理、そば、天ぷら,,japanese,tb,True
miyagi/ishinomaki,37,松竹,日本料理、ダイニングバー,,japanese,tb,True
miyagi/ishinomaki,38,デリシャス,ラーメン、中華料理、ステーキ,,noodles,tb,True
miyagi/ishinomaki,39,トマトと苺のスイーツ専門店 Tomaberry,ジューススタンド、ソフトクリーム、スイーツ,,cafe,tb,True
miyagi/ishinomaki,40,ナーラック,タイ料理,,chinese,tb,True
miyagi/ishinomaki,41,PLAZA SAITO,海鮮,,seafood,tb,True
miyagi/ishinomaki,42,粟野蒲鉾店,惣菜・デリ、郷土料理,,casual,tb,True
miyagi/ishinomaki,43,海 番屋 フジマル,海鮮、食堂、海鮮丼,,seafood,tb,True
miyagi/ishinomaki,44,麺屋 丸宮,ラーメン,,noodles,tb,True
miyagi/ishinomaki,45,カフェ ブルーゾーン,カフェ,,cafe,tb,True
miyagi/ishinomaki,46,蕎麦と酒おもたか,そば、居酒屋、天ぷら,,noodles,tb,True
miyagi/ishinomaki,47,楓楸栞,食堂、日本料理、からあげ,,casual,tb,True
miyagi/ishinomaki,48,ごくう,居酒屋、海鮮,,izakaya,tb,True
miyagi/ishinomaki,49,中国料理 雲雀,中華料理、餃子,,chinese,tb,True
miyagi/ishinomaki,50,Cafe 蓮,カフェ,,cafe,tb,True
miyagi/ishinomaki,51,伝八寿し,寿司、海鮮,,seafood,tb,True
miyagi/ishinomaki,52,IRORI 石巻,カフェ,,cafe,tb,True
miyagi/ishinomaki,53,ダイニング たまり場,食堂、ラーメン、麺類,,casual,tb,True
miyagi/ishinomaki,54,寿司正,寿司,,seafood,tb,True
miyagi/ishinomaki,55,道の駅 上品の郷,道の駅,,other,none,False
miyagi/ishinomaki,56,岡埜栄泉 蛇田本店,和菓子、どら焼き、大福,,sweets,tb,True
miyagi/ishinomaki,57,パン工房 feeL,パン、サンドイッチ、カフェ,,sweets,tb,True
miyagi/ishinomaki,58,とり福,居酒屋、焼き鳥,,izakaya,tb,True
miyagi/ishinomaki,59,北上川テラス 七間倉,カフェ,,cafe,tb,True
miyagi/ishinomaki,60,Trattoria Porto,イタリアン、パスタ、ピザ,,european,tb,True
miyagi/ishinomaki,61,注受,中華料理,,chinese,tb,True
miyagi/ishinomaki,62,中国料理一龍,中華料理,,chinese,tb,True
miyagi/ishinomaki,63,フェヴリエ,ケーキ、チョコレート,,sweets,tb,True
miyagi/ishinomaki,64,ふなや,日本料理,,japanese,tb,True
miyagi/ishinomaki,65,石巻グランドホテル,ホテル,,other,none,False
miyagi/ishinomaki,66,仙臺油そばはてなプラス 石巻店,油そば・まぜそば、ラーメン,,noodles,tb,True
miyagi/ishinomaki,67,トラットリア・アゼリア,イタリアン、パスタ、カフェ,,european,tb,True
miyagi/ishinomaki,68,TEAVER TEAFACTORY,カフェ,,cafe,tb,True
miyagi/ishinomaki,69,食 酒処 響夢味や,居酒屋、食堂、ラーメン,,izakaya,tb,True
miyagi/ishinomaki,70,浜の暮らしのはまぐり堂,カフェ,,cafe,tb,True
miyagi/ishinomaki,71,珈琲店豆の木,喫茶店、カレー、洋食,,cafe,tb,True
miyagi/ishinomaki,72,新中華料理 福盛 石巻本店,中華料理、ラーメン、飲茶・点心,,chinese,tb,True
miyagi/ishinomaki,73,居酒屋 壱歩,居酒屋、食堂、創作料理,,izakaya,tb,True
miyagi/ishinomaki,74,田代食堂,海鮮、海鮮丼,,seafood,tb,True
miyagi/ishinomaki,75,いしのまき元気いちば,その他,,other,none,False
miyagi/ishinomaki,76,麺屋てっぺん,ラーメン,,noodles,tb,True
miyagi/ishinomaki,77,米澤ラーメン,ラーメン,,noodles,tb,True
miyagi/ishinomaki,78,大もりや,食堂、丼、麺類,,casual,tb,True
miyagi/ishinomaki,79,温州菜館,中華料理,,chinese,tb,True
miyagi/ishinomaki,80,牛たん　ほづみ,肉料理、牛タン,,meat,tb,True
miyagi/ishinomaki,81,風月堂,ジェラート・アイスクリーム、和菓子,,sweets,tb,True
miyagi/ishinomaki,82,八鶏飯蔵,居酒屋、鳥料理、寿司,,izakaya,tb,True
miyagi/ishinomaki,83,泰平,日本料理、食堂、とんかつ,,japanese,tb,True
miyagi/ishinomaki,84,味覚,おにぎり、そば、うどん,,casual,tb,True
miyagi/ishinomaki,85,スマイルマーケット,カフェ、バル,,cafe,tb,True
miyagi/ishinomaki,86,あぶみ屋 中里店,居酒屋、海鮮、焼き鳥,,izakaya,tb,True
miyagi/ishinomaki,87,パーラー山と田んぼ,カフェ、パン、ケーキ,,cafe,tb,True
miyagi/ishinomaki,88,寿司晴,寿司,,seafood,tb,True
miyagi/ishinomaki,89,お食事ハウス ローリック,パスタ、洋食、ラーメン,,european,tb,True
miyagi/ishinomaki,90,駒寿し,寿司、海鮮,,seafood,tb,True
miyagi/ishinomaki,91,中国飯店,中華料理,,chinese,tb,True
miyagi/ishinomaki,92,大沼製菓,和菓子、洋菓子,,sweets,tb,True
miyagi/ishinomaki,93,珈琲工房 いしかわ 道の駅 上品の郷店,カフェ,,cafe,tb,True
miyagi/ishinomaki,94,おにぎり 野田や,弁当、おにぎり、惣菜・デリ,,casual,tb,True
miyagi/ishinomaki,95,割烹スタンド 松ばる,海鮮、揚げ物、郷土料理,,seafood,tb,True
miyagi/ishinomaki,96,リーフデ・テラス,カフェ、パスタ,,cafe,tb,True
miyagi/ishinomaki,97,Cafe ユーカリ,カフェ,,cafe,tb,True
miyagi/ishinomaki,98,自然食食堂 さん,日本料理、オーガニック,,japanese,tb,True
miyagi/ishinomaki,99,鴻福,台湾料理、ラーメン,,chinese,tb,True
miyagi/ishinomaki,100,パンはパンでも…,パン,,sweets,tb,True
miyagi/ishinomaki,101,MALLOW Boulangerie,パン,,sweets,tb,True
miyagi/ishinomaki,102,ラ・シェール・アンジュ 本館,ケーキ、マカロン、ソフトクリーム,,sweets,tb,True
miyagi/ishinomaki,103,焼肉 うしのまき 石巻店,焼肉、ホルモン、居酒屋,,meat,tb,True
miyagi/ishinomaki,104,牧場ラーメン,ラーメン、餃子、カレー,,noodles,tb,True
miyagi/ishinomaki,105,十割そば 丸まつ 石巻店,そば、天ぷら,,noodles,tb,True
miyagi/ishinomaki,106,炭火焼肉 牛仁 石巻蛇田店,焼肉、ホルモン、居酒屋,,meat,tb,True
miyagi/ishinomaki,107,かめキッチン,洋食、パスタ、ピザ,,european,tb,True
miyagi/ishinomaki,108,味の店 ささき,ラーメン,,noodles,tb,True
miyagi/ishinomaki,109,東京屋食堂,食堂、中華料理,,casual,tb,True
miyagi/ishinomaki,110,から揚げ こっこ屋,からあげ,,meat,tb,True
miyagi/ishinomaki,111,中華そば 緑龍,ラーメン,,noodles,tb,True
miyagi/ishinomaki,112,麺屋 藤さい,ラーメン,,noodles,tb,True
miyagi/ishinomaki,113,穀雨茶房もも,カフェ、カレー,,cafe,tb,True
miyagi/ishinomaki,114,炉ばた 海彦山彦 立町店,居酒屋、焼き鳥、海鮮,,izakaya,tb,True
miyagi/ishinomaki,115,パン工房 散歩道,パン,,sweets,tb,True
miyagi/ishinomaki,116,SUSHI & BAR 樹琳,寿司、バー、居酒屋,,seafood,tb,True
miyagi/ishinomaki,117,味処 味楽,寿司、そば、日本料理,,seafood,tb,True
miyagi/ishinomaki,118,THE BAR K,バー,,izakaya,tb,True
miyagi/ishinomaki,119,白謙 石巻本店,その他,,other,none,False
miyagi/ishinomaki,120,ラ・シェール・アンジュ LM,ケーキ,,sweets,tb,True
miyagi/ishinomaki,121,ロマーナ,パスタ、ピザ,,european,tb,True
miyagi/ishinomaki,122,炭火焼肉　 牛正 石巻店,焼肉,,meat,tb,True
miyagi/ishinomaki,123,蕎麦切り かぎ谷,そば,,noodles,tb,True
miyagi/ishinomaki,124,加藤菓子店,和菓子、ケーキ、大福,,sweets,tb,True
miyagi/ishinomaki,125,すうぷ屋,洋食,,european,tb,True
miyagi/ishinomaki,126,竹善,食堂、海鮮、うなぎ,,casual,tb,True
miyagi/ishinomaki,127,こころの森ガーデンカフェ,カフェ、ジェラート・アイスクリーム,,cafe,tb,True
miyagi/ishinomaki,128,吉田パン・菓子 みのり工房,パン、サンドイッチ,,sweets,tb,True
miyagi/ishinomaki,129,カフェレストラン  びすとろアン,イタリアン、カフェ,,european,tb,True
miyagi/ishinomaki,130,らーめんハウス王水 蛇田店,ラーメン,,noodles,tb,True
miyagi/ishinomaki,131,中華そば ささき 石巻大橋店,ラーメン,,noodles,tb,True
miyagi/ishinomaki,132,田代島 島のえき,食堂,,casual,tb,True
miyagi/ishinomaki,133,オイスターキング,海鮮、食堂,,seafood,tb,True
miyagi/ishinomaki,134,PORTBALENA,海鮮、カフェ、ケーキ,,seafood,tb,True
miyagi/ishinomaki,135,広島のお好み焼 すぎ乃,お好み焼き,,casual,tb,True
miyagi/ishinomaki,136,とんから食堂,食堂,,casual,tb,True
miyagi/ishinomaki,137,うわぬま屋,居酒屋,,izakaya,tb,True
miyagi/ishinomaki,138,まちかど食堂 たかの,洋食、ハンバーグ,,european,tb,True
miyagi/ishinomaki,139,レストラン いち,レストラン、ピザ、スープカレー,,european,tb,False
miyagi/ishinomaki,140,オアシスB&B,食堂、焼肉、惣菜・デリ,,casual,tb,True
miyagi/ishinomaki,141,Gluttony,レストラン,,other,none,False
miyagi/ishinomaki,142,鮓やました,寿司,,seafood,tb,True
miyagi/ishinomaki,143,マル翔,ラーメン,,noodles,tb,True
miyagi/ishinomaki,144,まるでん 北上ラーメン,ラーメン、居酒屋,,noodles,tb,True
miyagi/ishinomaki,145,横濱豚骨醤油 ラーメン佐原,ラーメン,,noodles,tb,True
miyagi/ishinomaki,146,三代目 浜八道,ラーメン,,noodles,tb,True
miyagi/ishinomaki,147,湖月亭,郷土料理、日本料理,,japanese,tb,True
miyagi/ishinomaki,148,海鮮レストラン なぎさ,海鮮,,seafood,tb,True
miyagi/ishinomaki,149,中国海鮮料理北園,中華料理、レストラン,,chinese,tb,True
miyagi/ishinomaki,150,やまだ 蛇田店,焼き鳥,,meat,tb,True
miyagi/ishinomaki,151,桂花,中華料理、ラーメン,,chinese,tb,True
miyagi/ishinomaki,152,桂林館,中華料理、ラーメン,,chinese,tb,True
miyagi/ishinomaki,153,かき小屋　渡波,かき、バーベキュー、オイスターバー,,other,none,False
miyagi/ishinomaki,154,福龍飯店,中華料理,,chinese,tb,True
miyagi/ishinomaki,155,すず,ラーメン,,noodles,tb,True
miyagi/ishinomaki,156,アンドコーヒー,カフェ、洋食,,cafe,tb,True
miyagi/ishinomaki,157,喫茶 ジジホウダン,喫茶店,,cafe,tb,True
miyagi/ishinomaki,158,umikaze coffee,カフェ、コーヒースタンド,,cafe,tb,True
miyagi/ishinomaki,159,農家れすとらん お結び,寿司、海鮮、居酒屋,,seafood,tb,True
miyagi/ishinomaki,160,あいのや 石巻のぞみ野店,コンビニ・スーパー,,daily,tb,True
miyagi/ishinomaki,161,グリーンサム いちば,弁当、麺類、パン,,casual,tb,True
miyagi/ishinomaki,162,中国料理 吉華,中華料理、ラーメン,,chinese,tb,True
miyagi/ishinomaki,163,食事処 あむ,食堂、ラーメン,,casual,tb,True
miyagi/ishinomaki,164,栄屋食堂,食堂,,casual,tb,True
miyagi/ishinomaki,165,焼肉 ジュジュ,焼肉,,meat,tb,True
miyagi/ishinomaki,166,ISHINOMAKI まるしん,創作料理,,japanese,tb,True
miyagi/ishinomaki,167,日本酒場 のれん,居酒屋、海鮮,,izakaya,tb,True
miyagi/ishinomaki,168,バリュー・ザ・ホテル石巻,ホテル,,other,none,False
miyagi/ishinomaki,169,廻鮮丸,回転寿司、焼きそば、レストラン,,seafood,tb,True
miyagi/ishinomaki,170,元祖ピーコック,ラーメン,,noodles,tb,True
miyagi/ishinomaki,171,焼肉冷麺ヤマト 石巻店,焼肉,,meat,tb,True
miyagi/ishinomaki,172,南京飯店,中華料理、ラーメン,,chinese,tb,True
miyagi/ishinomaki,173,和幸 イオンモール石巻店,とんかつ、弁当、惣菜・デリ,,meat,tb,True
miyagi/ishinomaki,174,石川,すき焼き、しゃぶしゃぶ、ステーキ,,meat,tb,True
miyagi/ishinomaki,175,全席個室居酒屋 忍家 石巻店,居酒屋、もつ鍋、しゃぶしゃぶ,,izakaya,tb,True
miyagi/ishinomaki,176,浜長,日本料理、居酒屋,,japanese,tb,True
miyagi/ishinomaki,177,ayumino ハイカラ食堂 ご馳や,食堂、ラーメン,,casual,tb,True
miyagi/ishinomaki,178,萬楽堂,パン、和菓子,,sweets,tb,True
miyagi/ishinomaki,179,麺・焼肉の店 きく一,ラーメン、焼肉,,noodles,tb,True
miyagi/ishinomaki,180,カフェ ザ ベイ,カフェ、レストラン、シーフード,,cafe,tb,True
miyagi/ishinomaki,181,冷たい肉そば ぼんてん,そば,,noodles,tb,True
miyagi/ishinomaki,182,蒸しパン Once,パン,,sweets,tb,True
miyagi/ishinomaki,183,スパイスガーデン,カレー,,curry,tb,True
miyagi/ishinomaki,184,加非館,喫茶店,,cafe,tb,True
miyagi/ishinomaki,185,ecru,カフェ、カレー、パスタ,,cafe,tb,True
miyagi/ishinomaki,186,THE STAND COFFEE BREWERS,コーヒースタンド,,cafe,tb,True
miyagi/ishinomaki,187,Lovely Sweets Factory,パン、洋菓子,,sweets,tb,True
miyagi/ishinomaki,188,RITA'S CAFE&BAR,カフェ、パスタ、ハンバーガー,,cafe,tb,True
miyagi/ishinomaki,189,豊里名物 かいてん焼き 石巻店,和菓子,,sweets,tb,True
miyagi/ishinomaki,190,パン屋 はこ,パン,,sweets,tb,True
miyagi/ishinomaki,191,道の駅 硯上の里 おがつ,道の駅,,other,none,False
miyagi/ishinomaki,192,ムッシュ マスノ アルパジョン 石巻総本店,ケーキ、洋菓子、ソフトクリーム,,sweets,tb,True
miyagi/ishinomaki,193,水月堂物産,その他,,other,none,False
miyagi/ishinomaki,194,ハミングバード 石巻店,イタリアン、パスタ、ピザ,,european,tb,True
miyagi/ishinomaki,195,割烹 八幡家,日本料理,,japanese,tb,True
miyagi/ishinomaki,196,二代目 浜八道,ラーメン,,noodles,tb,True
miyagi/ishinomaki,197,とんかつ勝健,レストラン、とんかつ,,meat,tb,False
miyagi/ishinomaki,198,焼肉清和,焼肉、ラーメン、居酒屋,,meat,tb,True
miyagi/ishinomaki,199,クローバー,イタリアン,,european,tb,True
miyagi/ishinomaki,200,Bistro種,洋食、ダイニングバー,,european,tb,True
miyagi/ishinomaki,201,食事処みうら,食堂、そば、ラーメン,,casual,tb,True
miyagi/ishinomaki,202,夢屋,レストラン、居酒屋,,izakaya,tb,False
miyagi/ishinomaki,203,とんかつぶー亭,とんかつ、ハンバーグ,,meat,tb,True
miyagi/ishinomaki,204,蛇の目寿司 気仙屋旅館,寿司、海鮮,,seafood,tb,True
miyagi/ishinomaki,205,ホテルルートイン 石巻河南インター,ホテル,,other,none,False
miyagi/ishinomaki,206,しみず,居酒屋、ラーメン、レストラン,,izakaya,tb,True
miyagi/ishinomaki,207,十五浜屋食堂,食堂、ラーメン,,casual,tb,True
miyagi/ishinomaki,208,焼肉 幸楽,焼肉、ダイニングバー、牛料理,,meat,tb,True
miyagi/ishinomaki,209,中国料理 寿,食堂、中華料理,,casual,tb,True
miyagi/ishinomaki,210,山水舘,中華料理、ラーメン,,chinese,tb,True
miyagi/ishinomaki,211,DOUGH,カフェ,,cafe,tb,True
miyagi/ishinomaki,212,わきあいあい,居酒屋、海鮮、焼肉,,izakaya,tb,True
miyagi/ishinomaki,213,えくれーる 渡波店,ケーキ、スイーツ,,sweets,tb,True
miyagi/ishinomaki,214,シェセッタ,ケーキ、洋菓子、ベーグル,,sweets,tb,True
miyagi/ishinomaki,215,八鶏飯蔵 極 駅前店,居酒屋、焼き鳥、鳥料理,,izakaya,tb,True
miyagi/ishinomaki,216,海船,海鮮、居酒屋,,seafood,tb,True
miyagi/ishinomaki,217,三幸,日本料理,,japanese,tb,True
miyagi/ishinomaki,218,ふしみ屋菓子店,和菓子,,sweets,tb,True
miyagi/ishinomaki,219,ポセらんち,食堂,,casual,tb,True
miyagi/ishinomaki,220,BB COFFEE,カフェ,,cafe,tb,True
miyagi/ishinomaki,221,ficelleパン工房,パン,,sweets,tb,True
miyagi/ishinomaki,222,カフェ・トレ,カフェ,,cafe,tb,True
miyagi/ishinomaki,223,味楽,食堂,,casual,tb,True
miyagi/ishinomaki,224,ニューデイズ 石巻,コンビニ・スーパー,,daily,tb,True
miyagi/ishinomaki,225,喫茶と土産 南1の4,食堂、揚げ物、麺類,,casual,tb,True
miyagi/ishinomaki,226,野村庵,カステラ,,other,none,False
miyagi/ishinomaki,227,遊庭,カフェ,,cafe,tb,True
miyagi/ishinomaki,228,三膳世界 琳,バー,,izakaya,tb,True
miyagi/ishinomaki,229,サン ファン ヴィレッジ,ホテル,,other,none,False
miyagi/ishinomaki,230,うまい鮨勘 石巻支店,寿司、海鮮,,seafood,tb,True
miyagi/ishinomaki,231,かんながら イオン石巻店,日本料理、甘味処,,japanese,tb,True
miyagi/ishinomaki,232,うまかべぇ～,ラーメン、居酒屋、食堂,,noodles,tb,True
miyagi/ishinomaki,233,食事処 しかいろ,ラーメン、中華料理,,noodles,tb,True
miyagi/ishinomaki,234,まるいし,ラーメン,,noodles,tb,True
miyagi/ishinomaki,235,三陸の恵みを食す 石巻酒場 団欒 石巻駅前店,居酒屋、海鮮、郷土料理,,izakaya,tb,True
miyagi/ishinomaki,236,料亭 とり文,日本料理,,japanese,tb,True
miyagi/ishinomaki,237,紅蘭,中華料理,,chinese,tb,True
miyagi/ishinomaki,238,食堂パレス,食堂、焼きそば、カレー,,casual,tb,True
miyagi/ishinomaki,239,公助,牛タン、レストラン,,meat,tb,True
miyagi/ishinomaki,240,石 亭,日本料理,,japanese,tb,True
miyagi/ishinomaki,241,ショコレア,フレンチ、ハンバーグ、パスタ,,european,tb,True
miyagi/ishinomaki,242,鳥厚,海鮮、居酒屋、ふぐ,,seafood,tb,True
miyagi/ishinomaki,243,王水 イオンモール石巻店,ラーメン,,noodles,tb,True
miyagi/ishinomaki,244,楼蘭,中華料理,,chinese,tb,True
miyagi/ishinomaki,245,中国料理 鳳楽,中華料理,,chinese,tb,True
miyagi/ishinomaki,246,金兵衛茶屋,焼きそば、ラーメン、甘味処,,noodles,tb,True
miyagi/ishinomaki,247,ホテル ルートイン 石巻中央,ホテル,,other,none,False
miyagi/ishinomaki,248,麺屋敷マル翔 イオンモール石巻店,ラーメン,,noodles,tb,True
miyagi/ishinomaki,249,町田商店 石巻店,ラーメン,,noodles,tb,True
miyagi/ishinomaki,250,お食事処 元気亭,食堂、麺類、その他,,casual,tb,True
miyagi/ishinomaki,251,雄勝湾直送海鮮浜焼き 青木水産,海鮮,,seafood,tb,True
miyagi/ishinomaki,252,吉野中華料理店,中華料理,,chinese,tb,True
miyagi/ishinomaki,253,八鶏飯蔵 上品の郷店,からあげ,,meat,tb,True
miyagi/ishinomaki,254,田中家,うなぎ,,seafood,tb,True
miyagi/ishinomaki,255,炭のえん,居酒屋、焼き鳥,,izakaya,tb,True
miyagi/ishinomaki,256,エース オブ スペード,バー、カフェ、ダイニングバー,,izakaya,tb,True
miyagi/ishinomaki,257,Cafe Larimar,カフェ,,cafe,tb,True
miyagi/ishinomaki,258,てらさわ小進堂,たい焼き・大判焼き,,sweets,tb,True
miyagi/ishinomaki,259,原始焼 海彦山彦 あけぼの店,居酒屋、ろばた焼き,,izakaya,tb,True
miyagi/ishinomaki,260,仙臺ホルモン ガッツ 石巻門脇店,ホルモン,,meat,tb,True
miyagi/ishinomaki,261,WASABI,居酒屋、ラーメン、お好み焼き,,izakaya,tb,True
miyagi/ishinomaki,262,めぐカフェ,カフェ,,cafe,tb,True
miyagi/ishinomaki,263,クロネコ堂,カフェ,,cafe,tb,True
miyagi/ishinomaki,264,CAFE SUGAWARA,カフェ,,cafe,tb,True
miyagi/ishinomaki,265,酒鮮ばんだい,居酒屋,,izakaya,tb,True
miyagi/ishinomaki,266,金華山黄金山神社 食堂,そば、うどん、カレー,,noodles,tb,True
miyagi/ishinomaki,267,Canyon Bee,コーヒースタンド,,cafe,tb,True
miyagi/ishinomaki,268,日星,そば、食堂、揚げ物,,noodles,tb,True
miyagi/ishinomaki,269,コメ・カフェ,カフェ,,cafe,tb,True
miyagi/ishinomaki,270,和洋菓子 ヤマキ,ケーキ,,sweets,tb,True
miyagi/ishinomaki,271,lala sucre,ケーキ,,sweets,tb,True
miyagi/ishinomaki,272,ニュー魯曼停,バー、ビアバー,,izakaya,tb,True
miyagi/ishinomaki,273,coffee懐古,喫茶店,,cafe,tb,True
miyagi/ishinomaki,274,あいのや 渡波店,コンビニ・スーパー,,daily,tb,True
miyagi/ishinomaki,275,ホテル ハヤシヤ,ホテル,,other,none,False
miyagi/ishinomaki,276,渚泊Station,売店、道の駅,,casual,tb,True
miyagi/ishinomaki,277,伊藤商店 石巻店,ラーメン,,noodles,tb,True
miyagi/ishinomaki,278,利久 石巻山下店,牛タン、食堂、居酒屋,,meat,tb,True
miyagi/ishinomaki,279,パンセ 石巻本店,パン、サンドイッチ,,sweets,tb,True
miyagi/ishinomaki,280,蔵八ラーメン 石巻日赤病院前店,ラーメン,,noodles,tb,True
miyagi/ishinomaki,281,木の屋石巻水産 石巻本社工場,その他,,other,none,False
miyagi/ishinomaki,282,麺 蔵八 イオン石巻店,ラーメン,,noodles,tb,True
miyagi/ishinomaki,283,らーめんハウス王水 流留店,ラーメン,,noodles,tb,True
miyagi/ishinomaki,284,東京ラーメン はなはな,ラーメン,,noodles,tb,True
miyagi/ishinomaki,285,鮨一八,寿司,,seafood,tb,True
miyagi/ishinomaki,286,天空庵,そば,,noodles,tb,True
miyagi/ishinomaki,287,白謙蒲鉾店 門脇工場直売所,その他,,other,none,False
miyagi/ishinomaki,288,裕味 中里店,中華料理,,chinese,tb,True
miyagi/ishinomaki,289,千扇,居酒屋,,izakaya,tb,True
miyagi/ishinomaki,290,そば処宝栄,そば、うどん,,noodles,tb,True
miyagi/ishinomaki,291,パスタ＆カフェ　大麦小麦,パスタ,,european,tb,True
miyagi/ishinomaki,292,やまだ,その他,,other,none,False
miyagi/ishinomaki,293,ぼうず,居酒屋、海鮮,,izakaya,tb,True
miyagi/ishinomaki,294,REBORN ART STAND,おでん、タコス,,japanese,tb,True
miyagi/ishinomaki,295,上海楼,ラーメン、食堂,,noodles,tb,True
miyagi/ishinomaki,296,ヤマザキYショップ かほく・上品の郷店,コンビニ・スーパー,,daily,tb,True
miyagi/ishinomaki,297,榮壽司,寿司,,seafood,tb,True
miyagi/ishinomaki,298,えくれーる 蛇田店,ケーキ、洋菓子,,sweets,tb,True
miyagi/ishinomaki,299,佐藤ミート,コロッケ,,casual,tb,True
miyagi/ishinomaki,300,鳥勝＋サルーテ,居酒屋,,izakaya,tb,True
miyagi/ishinomaki,301,Cafe プロムナード,カフェ、洋食,,cafe,tb,True
miyagi/ishinomaki,302,吉長,日本料理、海鮮,,japanese,tb,True
miyagi/ishinomaki,303,中華そば じゃのめ,ラーメン,,noodles,tb,True
miyagi/ishinomaki,304,田津田,日本料理,,japanese,tb,True
miyagi/ishinomaki,305,ベル・コルポ,ダイニングバー、パスタ、ピザ,,izakaya,tb,True
miyagi/ishinomaki,306,和酒美,海鮮,,seafood,tb,True
miyagi/ishinomaki,307,華月,寿司,,seafood,tb,True
miyagi/ishinomaki,308,ひよりホルモン,焼肉、ホルモン、居酒屋,,meat,tb,True
miyagi/ishinomaki,309,貴久寿司,寿司,,seafood,tb,True
miyagi/ishinomaki,310,あぶみや あけぼの店,居酒屋、海鮮、焼き鳥,,izakaya,tb,True
miyagi/ishinomaki,311,仙臺ホルモン ガッツ 石巻蛇田店,ホルモン、焼肉,,meat,tb,True
miyagi/ishinomaki,312,宝寿司,寿司,,seafood,tb,True
miyagi/ishinomaki,313,貴龍苑,中華料理,,chinese,tb,True
miyagi/ishinomaki,314,安部 あまやき屋,和菓子,,sweets,tb,True
miyagi/ishinomaki,315,ツインクル,喫茶店,,cafe,tb,True
miyagi/ishinomaki,316,ISHINOMAKI HOP WORKS TAPROOM,ビアバー,,izakaya,tb,True
miyagi/ishinomaki,317,あおまる,たこ焼き,,casual,tb,True
miyagi/ishinomaki,318,パーラー 山と田んぼ みやぎ生協石巻大橋店,ケーキ、サンドイッチ、洋菓子,,sweets,tb,True
miyagi/ishinomaki,319,10円まんじゅう 上品の郷,和菓子,,sweets,tb,True
miyagi/ishinomaki,320,食・呑み処「花々亭」,日本料理,,japanese,tb,True
miyagi/ishinomaki,321,インドネパールレストラン サティ,インドカレー、ネパール料理,,curry,tb,True
miyagi/ishinomaki,322,kochia,コーヒースタンド,,cafe,tb,True
miyagi/ishinomaki,323,潤喫茶 puka,喫茶店,,cafe,tb,True
miyagi/ishinomaki,324,イオンシネマ 石巻,その他,,other,none,False
miyagi/ishinomaki,325,居酒屋 じぱんぐ,居酒屋,,izakaya,tb,True
miyagi/ishinomaki,326,石巻合同庁舎 食堂,社員食堂,,casual,desc,False
miyagi/ishinomaki,327,阿部菓子店,和菓子,,sweets,tb,True
miyagi/ishinomaki,328,きっ茶 花々,喫茶店,,cafe,tb,True
miyagi/ishinomaki,329,キッチンねこ,洋食,,european,tb,True
miyagi/ishinomaki,330,二色餅,大福,,sweets,desc,False
miyagi/ishinomaki,331,高正ベーカリー,パン,,sweets,tb,True
miyagi/ishinomaki,332,フロレスタ 石巻R45店,ドーナツ、カフェ,,sweets,tb,True
miyagi/ishinomaki,333,びっくりドンキー 石巻店,ファミレス、ハンバーグ,,casual,tb,True
miyagi/ishinomaki,334,スシロー 石巻店,回転寿司,,seafood,tb,True
miyagi/ishinomaki,335,トマト＆オニオン  石巻店,ファミレス,,casual,tb,True
miyagi/ishinomaki,336,コメダ珈琲店 石巻蛇田店,カフェ、パン、ケーキ,,cafe,tb,True
miyagi/ishinomaki,337,焼肉冷麺やまなか家 石巻店,焼肉、ホルモン、冷麺,,meat,tb,True
miyagi/ishinomaki,338,かつや 宮城石巻店,とんかつ、かつ丼、カレー,,meat,tb,True
miyagi/ishinomaki,339,豪ーめん  石巻店,ラーメン,,noodles,tb,True
miyagi/ishinomaki,340,麺屋壱番,ラーメン,,noodles,tb,True
miyagi/ishinomaki,341,水澤屋もっちゃん,居酒屋、海鮮、鍋,,izakaya,tb,True
miyagi/ishinomaki,342,鳥辰,焼き鳥,,meat,tb,True
miyagi/ishinomaki,343,三政商店 元気市場店,海鮮、寿司、くじら料理,,seafood,tb,True
miyagi/ishinomaki,344,食堂ほづみ,ラーメン,,noodles,tb,True
miyagi/ishinomaki,345,竹寿司,寿司、海鮮、海鮮丼,,seafood,tb,True
miyagi/ishinomaki,346,高大割烹,日本料理,,japanese,tb,True
miyagi/ishinomaki,347,KATZE,バー、洋食,,izakaya,tb,True
miyagi/ishinomaki,348,亀甲寿司,寿司,,seafood,tb,True
miyagi/ishinomaki,349,焼鳥 おのでら,焼き鳥,,meat,tb,True
miyagi/ishinomaki,350,ロア,ラーメン、パスタ,,noodles,tb,True
miyagi/ishinomaki,351,はまさいさい,食堂、丼、カフェ,,casual,tb,True
miyagi/ishinomaki,352,上品の郷 ふたごの湯 食堂 木らら,レストラン、海鮮、麺類,,seafood,tb,False
miyagi/ishinomaki,353,二輪草,食堂,,casual,tb,True
miyagi/ishinomaki,354,ラ・ロレット,フレンチ、イタリアン,,european,tb,True
miyagi/ishinomaki,355,鮨山下,寿司,,seafood,tb,True
miyagi/ishinomaki,356,カルン,洋菓子,,sweets,tb,True
miyagi/ishinomaki,357,ふたごの湯,その他,,other,none,False
miyagi/ishinomaki,358,えんや,居酒屋,,izakaya,tb,True
miyagi/ishinomaki,359,お休み処 さとう,焼きそば、和菓子,,noodles,tb,True
miyagi/ishinomaki,360,カフェAB,カフェ、カレー,,cafe,tb,True
miyagi/ishinomaki,361,和食 桂,日本料理,,japanese,tb,True
miyagi/ishinomaki,362,牡鹿半島ビジターセンター,その他,,other,none,False
miyagi/ishinomaki,363,珈琲豆と手しごとのモノ kyuu,その他,,other,none,False
miyagi/ishinomaki,364,City Lights,カフェ,,cafe,tb,True
miyagi/ishinomaki,365,味噌らーめん憲,ラーメン,,noodles,tb,True
miyagi/ishinomaki,366,景松庵,日本料理,,japanese,tb,True
miyagi/ishinomaki,367,津軽,焼き鳥,,meat,tb,True
miyagi/ishinomaki,368,もつ焼きやまちゃん 石巻店,ホルモン、居酒屋,,meat,tb,True
miyagi/ishinomaki,369,高徳,食堂、ラーメン,,casual,tb,True
miyagi/ishinomaki,370,y.style,カフェ,,cafe,tb,True
miyagi/ishinomaki,371,すがん家,居酒屋,,izakaya,tb,True
miyagi/ishinomaki,372,豆腐造り処させい,その他,,other,none,False
miyagi/ishinomaki,373,手打ちそば てらっぱだげ,そば,,noodles,tb,True
miyagi/ishinomaki,374,White JiJi,カフェ,,cafe,tb,True
miyagi/ishinomaki,375,土井菓子舗,和菓子,,sweets,tb,True
miyagi/ishinomaki,376,海里,食堂、そば、うどん,,casual,tb,True
miyagi/ishinomaki,377,IZAKAYA GYOSAI,串揚げ,,japanese,tb,True
miyagi/ishinomaki,378,菓匠 いとう,和菓子、洋菓子,,sweets,tb,True
miyagi/ishinomaki,379,さくら屋,弁当,,casual,tb,True
miyagi/ishinomaki,380,一寸ぼうし,居酒屋、海鮮,,izakaya,tb,True
miyagi/ishinomaki,381,和,たい焼き・大判焼き、かき氷,,sweets,tb,True
miyagi/ishinomaki,382,カフェ イッポ,カフェ,,cafe,tb,True
miyagi/ishinomaki,383,手打蕎麦　よしの,そば,,noodles,tb,True
miyagi/ishinomaki,384,串焼き のんちゃん,串焼き、居酒屋、カレー,,meat,tb,True
miyagi/ishinomaki,385,らーめん堂　仙台っ子 石巻店,ラーメン、つけ麺,,noodles,tb,True
miyagi/ishinomaki,386,スターバックスコーヒー イオンモール石巻店,カフェ,,cafe,tb,True
miyagi/ishinomaki,387,珈琲工房いしかわ 本店,コーヒースタンド,,cafe,tb,True
miyagi/ishinomaki,388,はま寿司 石巻蛇田店,回転寿司,,seafood,tb,True
miyagi/ishinomaki,389,スターバックスコーヒー 石巻バイパス店,カフェ,,cafe,tb,True
miyagi/ishinomaki,390,すき家 石巻元倉店,牛丼、カレー、食堂,,casual,tb,True
miyagi/ishinomaki,391,丸亀製麺 石巻店,うどん,,noodles,tb,True
miyagi/ishinomaki,392,本田水産,その他,,other,none,False
miyagi/ishinomaki,393,ごはん処 かつ庵 石巻蛇田店,とんかつ、カレー、かつ丼,,meat,tb,True
miyagi/ishinomaki,394,丸亀製麺 イオンモール石巻店,うどん,,noodles,tb,True
miyagi/ishinomaki,395,ジョリーパスタ 石巻あゆみ野店,パスタ、イタリアン,,european,tb,True
miyagi/ishinomaki,396,100時間カレー イオンモール石巻店,カレー,,curry,tb,True
miyagi/ishinomaki,397,サイゼリヤ イオンモール石巻店,イタリアン,,european,tb,True
miyagi/ishinomaki,398,果琳 イオンモール石巻店,ジューススタンド,,cafe,tb,True
miyagi/ishinomaki,399,ホルモン食堂食樂 石巻中央店,焼肉,,meat,tb,True
miyagi/ishinomaki,400,長寿飯店,中華料理、ラーメン,,chinese,tb,True
miyagi/ishinomaki,401,鮨 中華料理 みなと,寿司、中華料理,,seafood,tb,True
miyagi/ishinomaki,402,ドトールコーヒーショップ イオンモール石巻店,カフェ,,cafe,tb,True
miyagi/ishinomaki,403,アルパジョン 石巻中里店,ケーキ,,sweets,tb,True
miyagi/ishinomaki,404,ヤマサコウショウ直売所 孝彰,その他,,other,none,False
miyagi/ishinomaki,405,勝手処 絲,居酒屋,,izakaya,tb,True
miyagi/ishinomaki,406,森の芽ぶき たまご舎 イオンモール石巻,洋菓子,,sweets,tb,True
miyagi/ishinomaki,407,汐だまり,居酒屋,,izakaya,tb,True
miyagi/ishinomaki,408,丼助 渡波新成店,海鮮丼,,seafood,tb,True
miyagi/ishinomaki,409,とんちんかん,丼,,casual,tb,True
miyagi/ishinomaki,410,うどん･そば･おにぎり和山,うどん、そば,,noodles,tb,True
miyagi/ishinomaki,411,ピザカフェ おひさまや,カフェ、ピザ、パスタ,,cafe,tb,True
miyagi/ishinomaki,412,シエルエトワレ,洋食、バー,,european,tb,True
miyagi/ishinomaki,413,石巻うまいものマルシェ,その他,,other,none,False
miyagi/ishinomaki,414,平孝酒造店,その他,,other,none,False
miyagi/ishinomaki,415,リボーンアート ダイニング,ダイニングバー、洋食,,izakaya,tb,True
miyagi/ishinomaki,416,笠屋菓子店,洋菓子、和菓子,,sweets,tb,True
miyagi/ishinomaki,417,アトリエ ニコ,ケーキ、カフェ,,sweets,tb,True
miyagi/ishinomaki,418,おおはし,食堂,,casual,tb,True
miyagi/ishinomaki,419,日本料理 大川,日本料理、海鮮、天ぷら,,japanese,tb,True
miyagi/ishinomaki,420,菓子の三平,ケーキ、和菓子,,sweets,tb,True
miyagi/ishinomaki,421,吉田屋食堂,レストラン,,other,none,False
miyagi/ishinomaki,422,美食酒家 梟,居酒屋,,izakaya,tb,True
miyagi/ishinomaki,423,炭や,レストラン、居酒屋,,izakaya,tb,False
miyagi/ishinomaki,424,みんなのカフェ ランラン フィシカント,ベーグル、カフェ、レストラン,,sweets,tb,True
miyagi/ishinomaki,425,かどや肉店,コロッケ,,casual,tb,True
miyagi/ishinomaki,426,カフェ あぷりこっと,カフェ,,cafe,tb,True
miyagi/ishinomaki,427,味六亭,日本料理、洋食、カレー,,japanese,tb,True
miyagi/ishinomaki,428,魚み亭,居酒屋、海鮮、天ぷら,,izakaya,tb,True
miyagi/ishinomaki,429,佐和屋,食堂、居酒屋、麺類,,casual,tb,True
miyagi/ishinomaki,430,味巣亭,ピザ、クレープ・ガレット、レストラン,,european,tb,True
miyagi/ishinomaki,431,おやつショップ さらの家,たこ焼き、焼きそば,,casual,tb,True
miyagi/ishinomaki,432,割烹 小松,日本料理,,japanese,tb,True
miyagi/ishinomaki,433,末広食堂,日本料理,,japanese,tb,True
miyagi/ishinomaki,434,美食酒房 SANGI,居酒屋、イタリアン,,izakaya,tb,True
miyagi/ishinomaki,435,カフェふるふる,喫茶店,,cafe,tb,True
miyagi/ishinomaki,436,FKB,バー,,izakaya,tb,True
miyagi/ishinomaki,437,居酒屋 大すけ,居酒屋,,izakaya,tb,True
miyagi/ishinomaki,438,味所　花丸,居酒屋、海鮮、揚げ物,,izakaya,tb,True
miyagi/ishinomaki,439,ロマン海遊２１,その他,,other,none,False
miyagi/ishinomaki,440,墨廼江酒造,その他,,other,none,False
miyagi/ishinomaki,441,バー爺放談,バー,,izakaya,tb,True
miyagi/ishinomaki,442,白松がモナカ本舗,和菓子,,sweets,tb,True
miyagi/ishinomaki,443,KALIKA,カレー、インド料理,,curry,tb,True
miyagi/ishinomaki,444,猫Cafeごろにゃん,その他,,other,none,False
miyagi/ishinomaki,445,韓国家庭料理 ミョヌリ,韓国料理,,chinese,tb,True
miyagi/ishinomaki,446,ミニストップ 石巻蛇田西店,コンビニ・スーパー,,daily,tb,True
miyagi/ishinomaki,447,居酒屋 ゆう由,居酒屋、海鮮、あなご,,izakaya,tb,True
miyagi/ishinomaki,448,まねきショップ,カフェ,,cafe,tb,True
miyagi/ishinomaki,449,わび祐,寿司,,seafood,tb,True
miyagi/ishinomaki,450,茶みせ ひら久,カフェ、パスタ、カレー,,cafe,tb,True
miyagi/ishinomaki,451,石巻市震災遺構門脇小学校,その他,,other,none,False
miyagi/ishinomaki,452,ビーカフェ なつめ,薬膳、カフェ,,cafe,tb,False
miyagi/ishinomaki,453,ホエールタウン おしか,その他,,other,none,False
miyagi/ishinomaki,454,おにぎりカフェ まっちゃん八百や,カフェ,,cafe,tb,True
miyagi/ishinomaki,455,コリンクハウス,カフェ,,cafe,tb,True
miyagi/ishinomaki,456,かき氷専門店 氷麗,かき氷,,sweets,tb,True
miyagi/ishinomaki,457,cafe amo 石巻店,カフェ,,cafe,tb,True
miyagi/ishinomaki,458,サトー商会 石巻蛇田店,コンビニ・スーパー,,daily,tb,True
miyagi/ishinomaki,459,ただいま with めぐカフェ,カフェ,,cafe,tb,True
miyagi/ishinomaki,460,JIN COFFEE.,コーヒースタンド,,cafe,tb,True
miyagi/ishinomaki,461,あむーる工房,洋菓子,,sweets,tb,True
miyagi/ishinomaki,462,イルヴィラージュ,ケーキ,,sweets,tb,True
miyagi/ishinomaki,463,青島テラス cafe44,カフェ,,cafe,tb,True
miyagi/ishinomaki,464,石巻観光協会 駅前案内所,その他,,other,none,False
miyagi/ishinomaki,465,和牛乃亀山,その他,,other,none,False
miyagi/ishinomaki,466,ファミリーマート 石巻西山町店,コンビニ・スーパー,,daily,tb,True
miyagi/ishinomaki,467,あとりえらいおんどあ,ケーキ,,sweets,tb,True
miyagi/ishinomaki,468,comerun,ケーキ,,sweets,tb,True
miyagi/ishinomaki,469,お酒 よこやま,バー,,izakaya,tb,True
miyagi/ishinomaki,470,sweets stand Rplus,ジェラート・アイスクリーム,,sweets,tb,True
miyagi/ishinomaki,471,くるまやラーメン 石巻店,ラーメン,,noodles,tb,True
miyagi/ishinomaki,472,幸楽苑 大街道店,ラーメン、中華料理,,noodles,tb,True
miyagi/ishinomaki,473,南部家敷 石巻店,そば、天ぷら、うなぎ,,noodles,tb,True
miyagi/ishinomaki,474,やよい軒 石巻中里店,食堂,,casual,tb,True
miyagi/ishinomaki,475,ペッパーランチ イオンモール石巻店,ステーキ、ハンバーグ,,meat,tb,True
miyagi/ishinomaki,476,平禄寿司 宮城石巻東中里店,回転寿司、海鮮、海鮮丼,,seafood,tb,True
miyagi/ishinomaki,477,CoCo壱番屋 石巻蛇田店,カレー,,curry,tb,True
miyagi/ishinomaki,478,ガスト 石巻店,ファミレス,,casual,tb,True
miyagi/ishinomaki,479,丸源ラーメン 石巻店,ラーメン,,noodles,tb,True
miyagi/ishinomaki,480,マクドナルド 石巻蛇田店,ハンバーガー,,casual,tb,True
miyagi/ishinomaki,481,ミスタードーナツ イオンモール石巻ショップ,ドーナツ,,sweets,tb,True
miyagi/ishinomaki,482,松屋(松のや併設) 石巻恵み野店,牛丼,,casual,tb,True
miyagi/ishinomaki,483,大阪王将 イオンモール石巻店,中華料理、餃子,,chinese,tb,True
miyagi/ishinomaki,484,末永海産株式会社,その他、郷土料理、揚げ物,,japanese,tb,False
miyagi/ishinomaki,485,めん屋武蔵,ラーメン、うどん、食堂,,noodles,tb,True
miyagi/ishinomaki,486,しゃぶ葉 石巻西店,しゃぶしゃぶ,,meat,tb,True
miyagi/ishinomaki,487,好松,うどん、そば、ラーメン,,noodles,tb,True
miyagi/ishinomaki,488,たこふじ,たこ焼き,,casual,tb,True
miyagi/ishinomaki,489,焼肉ホルモンのキムチ屋本舗,焼肉,,meat,tb,True
miyagi/ishinomaki,490,味平ラーメン,ラーメン,,noodles,tb,True
miyagi/ishinomaki,491,島っ子ラーメン,ラーメン,,noodles,tb,True
miyagi/ishinomaki,492,紅ばら 生協蛇田店,麺類,,noodles,tb,True
miyagi/ishinomaki,493,穴場処 かくれ家,居酒屋、創作料理,,izakaya,tb,True
miyagi/ishinomaki,494,肉バル オライーノ,バル、肉バル,,european,tb,True
miyagi/ishinomaki,495,甘陣本舗,和菓子,,sweets,tb,True
miyagi/ishinomaki,496,鮨興,寿司,,seafood,tb,True
miyagi/ishinomaki,497,肉と惣菜の店 ながおか,日本料理、からあげ、手羽先,,japanese,tb,True
miyagi/ishinomaki,498,旬ノ酒場 すばる,居酒屋,,izakaya,tb,True
miyagi/ishinomaki,499,手造りパン工房 パオ,パン,,sweets,tb,True
miyagi/ishinomaki,500,銚子屋,ラーメン、食堂,,noodles,tb,True
miyagi/ishinomaki,501,とん平,ラーメン、焼き鳥、居酒屋,,noodles,tb,True
miyagi/ishinomaki,502,蒲鉾本舗 高政 石巻駅前店,その他,,other,none,False
miyagi/ishinomaki,503,青とうがらし,焼肉、ホルモン、居酒屋,,meat,tb,True
miyagi/ishinomaki,504,むぎ,喫茶店,,cafe,tb,True
miyagi/ishinomaki,505,カネハチ橋本かまぼこ店,その他,,other,none,False
miyagi/ishinomaki,506,カフェ・ヌーン,喫茶店,,cafe,tb,True
miyagi/ishinomaki,507,ファミリーマート 石巻中浦店,コンビニ・スーパー,,daily,tb,True
miyagi/ishinomaki,508,鳴海,居酒屋,,izakaya,tb,True
miyagi/ishinomaki,509,Ryu s,レストラン、たこ焼き、パスタ,,casual,tb,False
miyagi/ishinomaki,510,割烹竹ふじ,日本料理,,japanese,tb,True
miyagi/ishinomaki,511,炭火焼肉 牛吉,焼肉、ホルモン、居酒屋,,meat,tb,True
miyagi/ishinomaki,512,ファミリーマート 渡波栄田店,コンビニ・スーパー,,daily,tb,True
miyagi/ishinomaki,513,酒房ふ,焼き鳥,,meat,tb,True
miyagi/ishinomaki,514,焼肉 椿,焼肉,,meat,tb,True
miyagi/ishinomaki,515,川なみ,日本料理,,japanese,tb,True
miyagi/ishinomaki,516,ジャンプ,その他,,other,none,False
miyagi/ishinomaki,517,あづみ乃,居酒屋、日本料理、ステーキ,,izakaya,tb,True
miyagi/ishinomaki,518,割烹まる丁,食堂,,casual,tb,True
miyagi/ishinomaki,519,すず忠,居酒屋、日本料理,,izakaya,tb,True
miyagi/ishinomaki,520,金華山醸造,その他,,other,none,False
miyagi/ishinomaki,521,一杯呑みや こまち,居酒屋,,izakaya,tb,True
miyagi/ishinomaki,522,Small,ダイニングバー,,izakaya,tb,True
miyagi/ishinomaki,523,まじんBOO,食堂、居酒屋,,casual,tb,True
miyagi/ishinomaki,524,ローリック,カフェ,,cafe,tb,True
miyagi/ishinomaki,525,UnderLiner,カレー、弁当、鳥料理,,curry,tb,True
miyagi/ishinomaki,526,洋食の店 オリーブの木,洋食,,european,tb,True
miyagi/ishinomaki,527,韓国料理 純豆腐屋,韓国料理,,chinese,tb,True
miyagi/ishinomaki,528,丹野精肉店,惣菜・デリ,,casual,tb,True
miyagi/ishinomaki,529,萬腹や,居酒屋,,izakaya,tb,True
miyagi/ishinomaki,530,ぐるめ処はんじろう,弁当,,casual,tb,True
miyagi/ishinomaki,531,酒肆山﨑,おでん,,japanese,tb,True
miyagi/ishinomaki,532,ごはんや maman'chi,食堂,,casual,tb,True
miyagi/ishinomaki,533,ホルモン 和,焼肉、ホルモン,,meat,tb,True
miyagi/ishinomaki,534,カレー屋DISCO,南アジア料理、カレー,,curry,tb,False
miyagi/ishinomaki,535,YUTORIYA,居酒屋,,izakaya,tb,True
miyagi/ishinomaki,536,居酒屋 松風,居酒屋,,izakaya,tb,True
miyagi/ishinomaki,537,大衆酒場 もぐもぐ,居酒屋,,izakaya,tb,True
miyagi/ishinomaki,538,Nuovo,イタリアン,,european,tb,True
miyagi/ishinomaki,539,もつ煮屋まめちゃん,居酒屋,,izakaya,tb,True
miyagi/ishinomaki,540,居酒屋いいの,居酒屋,,izakaya,tb,True
miyagi/ishinomaki,541,幸楽苑 蛇田店,ラーメン、中華料理,,noodles,tb,True
miyagi/ishinomaki,542,吉野家 石巻バイパス店,牛丼、カレー、食堂,,casual,tb,True
miyagi/ishinomaki,543,ココス 石巻店,ファミレス,,casual,tb,True
miyagi/ishinomaki,544,サブウェイ イオンモール石巻店,サンドイッチ,,sweets,tb,True
miyagi/ishinomaki,545,モスバーガー 石巻大街道店,ハンバーガー,,casual,tb,True
miyagi/ishinomaki,546,喜久水庵 イオンモール石巻店,カフェ,,cafe,tb,True
miyagi/ishinomaki,547,道とん堀 石巻店,お好み焼き,,casual,tb,True
miyagi/ishinomaki,548,マクドナルド ４５号石巻店,ハンバーガー,,casual,tb,True
miyagi/ishinomaki,549,ディッパーダン イオンモール石巻FC店,クレープ・ガレット、ジューススタンド,,sweets,tb,True
miyagi/ishinomaki,550,ドトールコーヒーショップ 石巻中里店,カフェ,,cafe,tb,True
miyagi/ishinomaki,551,タリーズコーヒー 石巻赤十字病院店,カフェ,,cafe,tb,True
miyagi/ishinomaki,552,ケンタッキーフライドチキン イオンモール石巻店,レストラン、ハンバーガー,,casual,tb,False
miyagi/ishinomaki,553,吉野家 石巻大街道店,牛丼、食堂,,casual,tb,True
miyagi/ishinomaki,554,牛角焼肉食堂 イオンモール石巻店,焼肉,,meat,tb,True
miyagi/ishinomaki,555,いろはにほへと 石巻駅前店,居酒屋、焼き鳥,,izakaya,tb,True
miyagi/ishinomaki,556,焼肉 きんぐ 石巻店,焼肉、ホルモン,,meat,tb,True
miyagi/ishinomaki,557,中華そば専門 田中そば店 石巻店,ラーメン,,noodles,tb,True
miyagi/ishinomaki,558,ピザハット 石巻店,ピザ,,european,tb,True
miyagi/ishinomaki,559,マクドナルド イオンモール石巻店,ハンバーガー,,casual,tb,True
miyagi/ishinomaki,560,お持ち帰り処 丼助丼丸 石巻新境町店,海鮮丼、丼,,seafood,tb,True
miyagi/ishinomaki,561,たい夢 石巻店,たい焼き・大判焼き,,sweets,tb,True
miyagi/ishinomaki,562,すき家 石巻あけぼの店,牛丼,,casual,tb,True
miyagi/ishinomaki,563,パン工場 石巻店,パン,,sweets,tb,True
miyagi/ishinomaki,564,ビアードパパの作りたて工房 イオンモール石巻店,シュークリーム、スイーツ,,sweets,tb,False
miyagi/ishinomaki,565,和風レストランまるまつ 石巻新橋店,ファミレス,,casual,tb,True
miyagi/ishinomaki,566,牛角 石巻店,焼肉、ホルモン、居酒屋,,meat,tb,True
miyagi/ishinomaki,567,三全 イオンモール石巻店,和菓子、洋菓子,,sweets,tb,True
miyagi/ishinomaki,568,銀座コージーコーナー イオン石巻店,ケーキ,,sweets,tb,True
miyagi/ishinomaki,569,一本堂 石巻あけぼの店,パン,,sweets,tb,True
miyagi/ishinomaki,570,ほっともっと 石巻あけぼの店,弁当,,casual,tb,True
miyagi/ishinomaki,571,くつろぎダイニング とりあえず吾平 宮城石巻蛇田店,居酒屋、創作料理,,izakaya,tb,True
miyagi/ishinomaki,572,モンペリエ 石巻中里店,パン、サンドイッチ,,sweets,tb,True
miyagi/ishinomaki,573,ゆず庵 石巻店,しゃぶしゃぶ、寿司,,meat,tb,True
miyagi/ishinomaki,574,ほっともっと 石巻元倉店,弁当,,casual,tb,True
miyagi/ishinomaki,575,ほっともっと 石巻大街道店,弁当,,casual,tb,True
miyagi/ishinomaki,576,不二家 イオンSuC石巻東店,ケーキ,,sweets,tb,True
miyagi/ishinomaki,577,パン工場 イオンスーパーセンター 石巻東店,パン,,sweets,tb,True
miyagi/ishinomaki,578,B・Bクレープ,クレープ・ガレット、タピオカ,,sweets,tb,True
miyagi/ishinomaki,579,美さわ,焼き鳥,,meat,tb,True
miyagi/ishinomaki,580,グッズショップ 墨汁一滴,その他,,other,none,False
miyagi/ishinomaki,581,マルアキ津田海苔店,その他,,other,none,False
miyagi/ishinomaki,582,さかな屋 魚福,その他,,other,none,False
miyagi/ishinomaki,583,ミニストップ 石巻サンプラザホテル店,コンビニ・スーパー,,daily,tb,True
miyagi/ishinomaki,584,魚しん,レストラン,,other,none,False
miyagi/ishinomaki,585,俵鮨,寿司,,seafood,tb,True
miyagi/ishinomaki,586,がーでん晴耕雨読,洋食,,european,tb,True
miyagi/ishinomaki,587,アゲイン,バー,,izakaya,tb,True
miyagi/ishinomaki,588,発酵喫茶店 Masha,オーガニック、カフェ,,cafe,tb,False
miyagi/ishinomaki,589,花月堂,和菓子、洋菓子,,sweets,tb,True
miyagi/ishinomaki,590,幸楽苑のからあげ家 蛇田店,からあげ、コロッケ、弁当,,meat,tb,True
miyagi/ishinomaki,591,モンペリエ  石巻蛇田店,パン,,sweets,tb,True
miyagi/ishinomaki,592,やきとり 蛍,居酒屋,,izakaya,tb,True
miyagi/ishinomaki,593,丸伊農産,その他,,other,none,False
miyagi/ishinomaki,594,和ダイナー イラスケ,居酒屋、天ぷら、もつ焼き,,izakaya,tb,True
miyagi/ishinomaki,595,ミニストップ 石巻大街道北店,コンビニ・スーパー,,daily,tb,True
miyagi/ishinomaki,596,ビート ステーション,バー,,izakaya,tb,True
miyagi/ishinomaki,597,ヴォーグ,かき氷,,sweets,tb,True
miyagi/ishinomaki,598,寿司 三福,寿司,,seafood,tb,True
miyagi/ishinomaki,599,モンペリエ ヨークベニマル中浦店,パン,,sweets,tb,True
miyagi/ishinomaki,600,カフェ バタフライ,カフェ,,cafe,tb,True
miyagi/ishinomaki,601,ワタママ食堂,弁当、食堂、日本料理,,casual,tb,True
miyagi/ishinomaki,602,モンペリエ ヨークベニマル湊鹿妻店,パン,,sweets,tb,True
miyagi/ishinomaki,603,LAWSON 石巻大宮町,コンビニ・スーパー,,daily,tb,True
miyagi/ishinomaki,604,アーティクルズ,その他,,other,none,False
miyagi/ishinomaki,605,暮六つ,日本料理、海鮮、居酒屋,,japanese,tb,True
miyagi/ishinomaki,606,ふれあいいちば 菜花,その他,,other,none,False
miyagi/ishinomaki,607,やさいっ娘,その他,,other,none,False
miyagi/ishinomaki,608,岩渕鶏肉店,その他,,other,none,False
miyagi/ishinomaki,609,やきにくや,焼肉、ホルモン、居酒屋,,meat,tb,True
miyagi/ishinomaki,610,居酒屋 銀次郎,居酒屋,,izakaya,tb,True
miyagi/ishinomaki,611,千の風,喫茶店、オーガニック,,cafe,tb,True
miyagi/ishinomaki,612,築地銀だこ イオン石巻店,たこ焼き,,casual,tb,True
miyagi/ishinomaki,613,サーティワンアイスクリーム イオンモール石巻店,ジェラート・アイスクリーム,,sweets,tb,True
miyagi/ishinomaki,614,シャトレーゼ 石巻中里店,ケーキ、和菓子、洋菓子,,sweets,tb,True
miyagi/ishinomaki,615,二色餅　 石巻駅前店,和菓子,,sweets,tb,True
miyagi/ishinomaki,616,魚民 石巻駅前店,居酒屋、海鮮、創作料理,,izakaya,tb,True
miyagi/ishinomaki,617,ナイス ピクニック デイ 石巻駅前店,弁当、カフェ,,casual,tb,True
miyagi/ishinomaki,618,つつみ屋 石巻店,和菓子,,sweets,tb,True
miyagi/ishinomaki,619,サンエーの焼きたてベーカリー イトーヨーカドー 石巻あけぼの店,パン,,sweets,tb,True
miyagi/ishinomaki,620,フタバ イン,ホテル,,other,none,False
miyagi/ishinomaki,621,レジリエンス・バー,カフェ、パスタ,,cafe,tb,True
miyagi/ishinomaki,622,石巻ダイニングオリーノ,イタリアン、創作料理、鍋,,european,tb,True
miyagi/ishinomaki,623,FUNFOOD Gina,スイーツ,,sweets,tb,True
miyagi/ishinomaki,624,くいもの屋わん 石巻駅前店,居酒屋、日本料理、海鮮,,izakaya,tb,True
miyagi/ishinomaki,625,パン工房 アン・ジュール みやぎ生協蛇田店,パン,,sweets,tb,True
miyagi/ishinomaki,626,珈琲工房いしかわ サンエー石巻あけぼの店,コーヒースタンド,,cafe,tb,True
miyagi/ishinomaki,627,ミニストップ 石巻大橋3丁目店,コンビニ・スーパー,,daily,tb,True
miyagi/ishinomaki,628,焼鳥とんこ,焼き鳥,,meat,tb,True
miyagi/ishinomaki,629,味よし,ラーメン、かつ丼、カレー,,noodles,tb,True
miyagi/ishinomaki,630,Coffeeたいむ,喫茶店、カフェ,,cafe,tb,True
miyagi/ishinomaki,631,守谷フルーツ 本店,その他,,other,none,False
miyagi/ishinomaki,632,日和製菓,その他,,other,none,False
miyagi/ishinomaki,633,もりちゃん,焼肉、レストラン,,meat,tb,True
miyagi/ishinomaki,634,むぎ菓子店,スイーツ,,sweets,tb,True
miyagi/ishinomaki,635,パティスリージュリアン イトーヨーカドー石巻あけぼの店,ケーキ,,sweets,tb,True
miyagi/ishinomaki,636,すぎ,喫茶店,,cafe,tb,True
miyagi/ishinomaki,637,和ダイニング葵,焼肉、とんかつ、バー,,meat,tb,True
miyagi/ishinomaki,638,サン・ファンショップ,その他,,other,none,False
miyagi/ishinomaki,639,安兵衛,ラーメン、居酒屋,,noodles,tb,True
miyagi/ishinomaki,640,SHOT BOO MAHALO,バー,,izakaya,tb,True
miyagi/ishinomaki,641,梶原もち店,和菓子,,sweets,tb,True
miyagi/ishinomaki,642,山内農場 石巻駅前店,居酒屋、鳥料理、創作料理,,izakaya,tb,True
miyagi/ishinomaki,643,Thousand Leaves Bagel,ベーグル,,sweets,tb,True
miyagi/ishinomaki,644,押し寿司 今誠輝,棒寿司、寿司,,seafood,tb,False
miyagi/ishinomaki,645,ナポリの窯 石巻店,ピザ,,european,tb,True
miyagi/ishinomaki,646,おかしのいえ,洋菓子、ケーキ、スイーツ,,sweets,tb,True
miyagi/ishinomaki,647,KARATTO!AGEMARU!,売店,,casual,tb,True
miyagi/ishinomaki,648,上野コーヒー,カフェ,,cafe,tb,True
miyagi/ishinomaki,649,フード&ショットバー 弾,ダイニングバー、バー,,izakaya,tb,True
miyagi/ishinomaki,650,セブンイレブン 石巻渡波店,コンビニ・スーパー,,daily,tb,True
miyagi/ishinomaki,651,ウィズマム ヨークベニマル大街道店,パン,,sweets,tb,True
miyagi/ishinomaki,652,ヨークベニマル 湊鹿妻店,コンビニ・スーパー,,daily,tb,True
miyagi/ishinomaki,653,冬のおやつあじまん本舗 イオンスーパーセンター石巻東店,たい焼き・大判焼き,,sweets,tb,True
miyagi/ishinomaki,654,八百清商店,フルーツパーラー,,other,none,False
miyagi/ishinomaki,655,まちの小さなお菓子屋さん　輪,バームクーヘン,,other,none,False
miyagi/ishinomaki,656,LAWSON 河北インター,コンビニ・スーパー,,daily,tb,True
miyagi/ishinomaki,657,もち吉 石巻店,せんべい、和菓子,,sweets,tb,False
miyagi/ishinomaki,658,しまの茶屋どんぐり,カフェ,,cafe,tb,True
miyagi/ishinomaki,659,SONO,惣菜・デリ、弁当,,casual,tb,True
miyagi/ishinomaki,660,居酒家ごはん ふらりむらさき 宮城石巻湊店,居酒屋、日本料理、レストラン,,izakaya,tb,True
miyagi/ishinomaki,661,キング ビー,バー,,izakaya,tb,True
miyagi/ishinomaki,662,キッチン！にじまる,たこ焼き,,casual,tb,True
miyagi/ishinomaki,663,ぱんぷきん,その他,,other,none,False
miyagi/ishinomaki,664,コンビニエアーズロックホテル石巻,ホテル,,other,none,False
miyagi/ishinomaki,665,内海商店,スイーツ、和菓子、せんべい,,sweets,tb,True
miyagi/ishinomaki,666,フィッシュボーン,居酒屋、洋食、イタリアン,,izakaya,tb,True
miyagi/ishinomaki,667,麺屋 結う,ラーメン,,noodles,tb,True
miyagi/ishinomaki,668,ヨークベニマル 石巻蛇田店,コンビニ・スーパー,,daily,tb,True
miyagi/ishinomaki,669,フレッシュ製パン,その他,,other,none,False
miyagi/ishinomaki,670,外房捕鯨 くじら家,その他,,other,none,False
miyagi/ishinomaki,671,石巻蒲鉾,揚げ物,,casual,tb,True
miyagi/ishinomaki,672,やきとり大吉 石巻店,焼き鳥,,meat,tb,True
miyagi/ishinomaki,673,一平寿し,寿司,,seafood,tb,True
miyagi/ishinomaki,674,たい焼き専門店 大成苑,たい焼き・大判焼き,,sweets,tb,True
miyagi/ishinomaki,675,カギカッコ,カフェ,,cafe,tb,True
miyagi/ishinomaki,676,たけ志,日本料理,,japanese,tb,True
miyagi/ishinomaki,677,あいのや 大街道店,コンビニ・スーパー,,daily,tb,True
miyagi/ishinomaki,678,日和寿司,寿司,,seafood,tb,True
miyagi/ishinomaki,679,八鶏飯蔵 イトーヨカードー・サンエー石巻あけぼの店,焼き鳥,,meat,tb,True
miyagi/ishinomaki,680,食事処かんた,中華料理、食堂、丼,,chinese,tb,True
miyagi/ishinomaki,681,インドレストラン アマ,インド料理、インドカレー,,curry,tb,True
miyagi/ishinomaki,682,Omu蓮,オムライス,,european,tb,True
miyagi/ishinomaki,683,もものうらビレッジ,その他,,other,none,False
miyagi/ishinomaki,684,マルマサ 近藤水産,その他,,other,none,False
miyagi/ishinomaki,685,茂木家ファクトリー,その他,,other,none,False
miyagi/ishinomaki,686,セブンイレブン 石巻あゆみ野店,コンビニ・スーパー,,daily,tb,True
miyagi/ishinomaki,687,街角Cafe 桜,カフェ、レストラン,,cafe,tb,True
miyagi/ishinomaki,688,焼き鳥 翔輝,居酒屋、焼き鳥,,izakaya,tb,True
miyagi/ishinomaki,689,石もり,日本料理,,japanese,tb,True
miyagi/ishinomaki,690,小林食堂,日本料理,,japanese,tb,True
miyagi/ishinomaki,691,イオン 石巻駅前店,コンビニ・スーパー,,daily,tb,True
miyagi/ishinomaki,692,ミズノシーフーズ,その他,,other,none,False
miyagi/ishinomaki,693,たく屋,その他,,other,none,False
miyagi/ishinomaki,694,あいか,居酒屋,,izakaya,tb,True
miyagi/ishinomaki,695,ピザーラ 石巻店,ピザ,,european,tb,True
miyagi/ishinomaki,696,フレッシュ・フーズ,弁当,,casual,tb,True
miyagi/ishinomaki,697,ヨークベニマル 石巻中里店,コンビニ・スーパー,,daily,tb,True
miyagi/ishinomaki,698,バーチャルフード 新世界,韓国料理、からあげ、スイーツ,,chinese,tb,True
miyagi/ishinomaki,699,快活CLUB 石巻中里店,その他,,other,none,False
miyagi/ishinomaki,700,四釜商店,売店,,casual,tb,True
miyagi/ishinomaki,701,今日の昼ごはん,弁当,,casual,tb,True
miyagi/ishinomaki,702,コーヒーショップ ルーツ,カフェ、居酒屋,,cafe,tb,True
miyagi/ishinomaki,703,高松食堂,食堂、ラーメン,,casual,tb,True
miyagi/ishinomaki,704,あいのや 中里店,コンビニ・スーパー,,daily,tb,True
miyagi/ishinomaki,705,味彩 絆 本店,居酒屋,,izakaya,tb,True
miyagi/ishinomaki,706,kimuriya,韓国料理、惣菜・デリ,,chinese,tb,True
miyagi/ishinomaki,707,メープルテラス,ホテル,,other,none,False
miyagi/ishinomaki,708,家庭割烹 水車,居酒屋、日本料理,,izakaya,tb,True
miyagi/ishinomaki,709,古民家カフェ福猫,カフェ,,cafe,tb,True
miyagi/ishinomaki,710,瑠璃庵,弁当,,casual,tb,True
miyagi/ishinomaki,711,北村ブルーベリー農園,その他,,other,none,False
miyagi/ishinomaki,712,カルディ　コーヒーファーム 石巻店,売店,,casual,tb,True
miyagi/ishinomaki,713,大内産業,その他,,other,none,False
miyagi/ishinomaki,714,マルナカ遠藤水産,その他,,other,none,False
miyagi/ishinomaki,715,OTTAN TOTTO,洋食,,european,tb,True
miyagi/ishinomaki,716,真寿司,寿司,,seafood,tb,True
miyagi/ishinomaki,717,梅川,寿司,,seafood,tb,True
miyagi/ishinomaki,718,アントラークラフツ,その他,,other,none,False
miyagi/ishinomaki,719,うつみパンや,パン,,sweets,tb,True
miyagi/ishinomaki,720,めん六や 宮城石巻店,うどん、そば、ラーメン,,noodles,tb,True
miyagi/ishinomaki,721,韓ビニ 石巻店,コンビニ・スーパー,,daily,tb,True
miyagi/ishinomaki,722,大衆食堂 ぴよ吉 立町店,鳥料理、ラーメン,,noodles,tb,False
miyagi/ishinomaki,723,海人,居酒屋,,izakaya,tb,True
miyagi/ishinomaki,724,BAKERY Kanon,パン,,sweets,tb,True
miyagi/ishinomaki,725,タマホテル,ホテル,,other,none,False
miyagi/ishinomaki,726,アンテナショップ パオ,その他,,other,none,False
miyagi/ishinomaki,727,日の出館,日本料理,,japanese,tb,True
miyagi/ishinomaki,728,ダイニングバー GINGA,ダイニングバー、ジンギスカン、創作料理,,izakaya,tb,True
miyagi/ishinomaki,729,新子舎,レストラン,,other,none,False
miyagi/ishinomaki,730,石巻屋台,海鮮、焼き鳥,,seafood,tb,True
miyagi/ishinomaki,731,タツミ食品,その他,,other,none,False
miyagi/ishinomaki,732,はなよし,日本料理,,japanese,tb,True
miyagi/ishinomaki,733,参集殿,その他,,other,none,False
miyagi/ishinomaki,734,セブンイレブン 石巻鋳銭場店,コンビニ・スーパー,,daily,tb,True
miyagi/ishinomaki,735,さんまのヤマホン あゆみ野店,その他,,other,none,False
miyagi/ishinomaki,736,カイタク,その他,,other,none,False
miyagi/ishinomaki,737,みうら海産物店,その他,,other,none,False
miyagi/ishinomaki,738,蒲鉾本舗 高政 イオン石巻店,その他,,other,none,False
miyagi/ishinomaki,739,スーパーセンタートライアル 石巻店,コンビニ・スーパー,,daily,tb,True
miyagi/ishinomaki,740,鮎川くじら本舗,その他,,other,none,False
miyagi/ishinomaki,741,ファミリーマート 石巻南中里店,コンビニ・スーパー,,daily,tb,True
miyagi/ishinomaki,742,高島屋製菓店,和菓子,,sweets,tb,True
miyagi/ishinomaki,743,ザ・ビッグ 釜大街道店,コンビニ・スーパー,,daily,tb,True
miyagi/ishinomaki,744,寿司龍,寿司,,seafood,tb,True
miyagi/ishinomaki,745,杉山商店,その他,,other,none,False
miyagi/ishinomaki,746,花梨,焼肉,,meat,tb,True
miyagi/ishinomaki,747,ユウゲン,カフェ,,cafe,tb,True
miyagi/ishinomaki,748,M&K,ホテル,,other,none,False
miyagi/ishinomaki,749,かめ かふぇ,カフェ、ベーグル,,cafe,tb,True
miyagi/ishinomaki,750,札幌ラーメン味平,中華料理、ラーメン,,chinese,tb,True
miyagi/ishinomaki,751,みやぎ生協 蛇田店,コンビニ・スーパー,,daily,tb,True
miyagi/ishinomaki,752,K,喫茶店,,cafe,tb,True
miyagi/ishinomaki,753,喫茶室 月子,喫茶店,,cafe,tb,True
miyagi/ishinomaki,754,smoking play,タピオカ、カフェ、バー,,cafe,tb,False
miyagi/ishinomaki,755,ダイニングバー  小料理かにへい,日本料理,,japanese,tb,True
miyagi/ishinomaki,756,もな,喫茶店,,cafe,tb,True
miyagi/ishinomaki,757,たぬき屋,レストラン,,other,none,False
miyagi/ishinomaki,758,満咲,居酒屋,,izakaya,tb,True
miyagi/ishinomaki,759,ふぼ,喫茶店,,cafe,tb,True
miyagi/ishinomaki,760,居酒屋宴,焼き鳥,,meat,tb,True
miyagi/ishinomaki,761,大衆酒場 ちょっと あべや,居酒屋,,izakaya,tb,True
miyagi/ishinomaki,762,歩,居酒屋,,izakaya,tb,True
miyagi/ishinomaki,763,焼き鳥 たくみ,焼き鳥,,meat,tb,True
miyagi/ishinomaki,764,パン工房 アンジュール 石巻大橋店,パン,,sweets,tb,True
miyagi/ishinomaki,765,佳与,レストラン,,other,none,False
miyagi/ishinomaki,766,山小屋,バー,,izakaya,tb,True
miyagi/ishinomaki,767,Shisha×Cafe&Bar Chillax,バー,,izakaya,tb,True
miyagi/ishinomaki,768,絲,弁当,,casual,tb,True
miyagi/ishinomaki,769,居酒屋ようこ,居酒屋,,izakaya,tb,True
miyagi/ishinomaki,770,グラスガーデン,レストラン,,other,none,False
miyagi/ishinomaki,771,ナゴミナチュルア オーガニックハーブティーカフェ 石巻店,カフェ,,cafe,tb,True
miyagi/ishinomaki,772,韓国家庭料理 青麦(チョンボリ),韓国料理,,chinese,tb,True
miyagi/ishinomaki,773,酒処銀座,焼き鳥,,meat,tb,True
miyagi/ishinomaki,774,Secret Base,カレー、レストラン,,curry,tb,True
miyagi/ishinomaki,775,メリーチョコレート 藤崎石巻店,チョコレート、洋菓子、スイーツ,,sweets,tb,True
miyagi/ishinomaki,776,炭火焼 グリルとハンバーグ スミ`sキッチン,ハンバーグ,,meat,tb,True
miyagi/ishinomaki,777,居酒屋さよちゃん,居酒屋,,izakaya,tb,True
miyagi/ishinomaki,778,フィールド,レストラン,,other,none,False
miyagi/ishinomaki,779,鮨処東家,寿司,,seafood,tb,True
miyagi/ishinomaki,780,呑処じゅん,レストラン,,other,none,False
miyagi/ishinomaki,781,呑処ぽんぽこ,居酒屋,,izakaya,tb,True
miyagi/ishinomaki,782,こよい,レストラン,,other,none,False
miyagi/ishinomaki,783,うまいもんDeli 萱,食堂,,casual,tb,True
miyagi/ishinomaki,784,飲み処真美,レストラン,,other,none,False
miyagi/ishinomaki,785,新勝,レストラン,,other,none,False
miyagi/ishinomaki,786,Hardroad108,カフェ,,cafe,tb,True
miyagi/ishinomaki,787,食事処 かず 石巻店,食堂、麺類、丼,,casual,tb,True
miyagi/ishinomaki,788,カワチ薬品 石巻西店,その他,,other,none,False
miyagi/ishinomaki,789,居酒屋春が来た,居酒屋,,izakaya,tb,True
miyagi/ishinomaki,790,トラウト,パスタ、ピザ,,european,tb,True
miyagi/ishinomaki,791,響,レストラン,,other,none,False
miyagi/ishinomaki,792,永楽園茶露夢,喫茶店,,cafe,tb,True
miyagi/ishinomaki,793,キャノンボール,カフェ、スポーツバー,,cafe,tb,True
miyagi/ishinomaki,794,居酒や みみずく,居酒屋,,izakaya,tb,True
miyagi/ishinomaki,795,モスバーガー 石巻あけぼの店,ハンバーガー,,casual,tb,True
miyagi/ishinomaki,796,ファミリーマート 牡鹿店,コンビニ・スーパー,,daily,tb,True
miyagi/ishinomaki,797,ケセラセラ,バー,,izakaya,tb,True
miyagi/ishinomaki,798,炭火焼き すみせん,居酒屋、肉料理、焼き鳥,,izakaya,tb,True
miyagi/ishinomaki,799,居酒屋・レストラン茶や,焼き鳥,,meat,tb,True
miyagi/ishinomaki,800,カラオケ まねきねこ 石巻元倉店,カラオケ,,izakaya,tb,True
miyagi/ishinomaki,801,パン工房 ここあ,パン,,sweets,tb,True
miyagi/ishinomaki,802,ちゃきん屋 和,和菓子,,sweets,tb,True
miyagi/ishinomaki,803,food&bar Puan,バー,,izakaya,tb,True
miyagi/ishinomaki,804,まんまるキッチン,食堂,,casual,tb,True
miyagi/ishinomaki,805,天,居酒屋,,izakaya,tb,True
miyagi/ishinomaki,806,まいまい,おにぎり、惣菜・デリ、弁当,,casual,tb,True
miyagi/ishinomaki,807,横綱寿司,寿司,,seafood,tb,True
miyagi/ishinomaki,808,千松,レストラン,,other,none,False
miyagi/ishinomaki,809,レベルドライブ,バー,,izakaya,tb,True
miyagi/ishinomaki,810,まごころ弁当 石巻店,弁当,,casual,tb,True
miyagi/ishinomaki,811,ベレッツアイーグル,喫茶店,,cafe,tb,True
miyagi/ishinomaki,812,夕やけこやけ,居酒屋,,izakaya,tb,True
miyagi/ishinomaki,813,縁や,レストラン,,other,none,False
miyagi/ishinomaki,814,磯寿司,寿司,,seafood,tb,True
miyagi/ishinomaki,815,Zu‐Zu,レストラン,,other,none,False
miyagi/ishinomaki,816,ザ・ビッグ  石巻鹿又店,コンビニ・スーパー,,daily,tb,True
miyagi/ishinomaki,817,居酒屋ゆきちゃん,焼き鳥,,meat,tb,True
miyagi/ishinomaki,818,ファミリーマート 石巻広渕店,コンビニ・スーパー,,daily,tb,True
miyagi/ishinomaki,819,炭火焼鳥 屋台壱番,焼き鳥、居酒屋、ラーメン,,meat,tb,True
miyagi/ishinomaki,820,いつものところ,レストラン,,other,none,False
miyagi/ishinomaki,821,小柳焼とり,焼き鳥,,meat,tb,True
miyagi/ishinomaki,822,昭助,日本料理,,japanese,tb,True
miyagi/ishinomaki,823,居酒屋芳,居酒屋,,izakaya,tb,True
miyagi/ishinomaki,824,玄味亭,日本料理,,japanese,tb,True
miyagi/ishinomaki,825,まつや,レストラン,,other,none,False
miyagi/ishinomaki,826,浜家,居酒屋,,izakaya,tb,True
miyagi/ishinomaki,827,LEVEL‐4,レストラン,,other,none,False
miyagi/ishinomaki,828,小錢酒肴 ぼー,居酒屋,,izakaya,tb,True
miyagi/ishinomaki,829,イオンモール 石巻店,その他,,other,none,False
miyagi/ishinomaki,830,LAWSON 石巻蛇田店,コンビニ・スーパー,,daily,tb,True
miyagi/ishinomaki,831,ぶらんど,居酒屋,,izakaya,tb,True
miyagi/ishinomaki,832,居酒屋ぴの,焼き鳥,,meat,tb,True
miyagi/ishinomaki,833,割烹よしの,日本料理,,japanese,tb,True
miyagi/ishinomaki,834,居酒屋花みずき,居酒屋,,izakaya,tb,True
miyagi/ishinomaki,835,くれむつ,日本料理,,japanese,tb,True
miyagi/ishinomaki,836,旬彩 陽,日本料理、海鮮、居酒屋,,japanese,tb,True
miyagi/ishinomaki,837,やきとり花,焼き鳥,,meat,tb,True
miyagi/ishinomaki,838,居酒屋福,居酒屋,,izakaya,tb,True
miyagi/ishinomaki,839,居酒屋一茶,居酒屋,,izakaya,tb,True
miyagi/ishinomaki,840,ラーメン王,レストラン,,other,none,False
miyagi/ishinomaki,841,あずま,居酒屋,,izakaya,tb,True
miyagi/ishinomaki,842,LAWSON 石巻中央三丁目店,コンビニ・スーパー,,daily,tb,True
miyagi/ishinomaki,843,おがつ店家 こ屋街,海鮮,,seafood,tb,True
miyagi/ishinomaki,844,やきとりよし,レストラン,,other,none,False
miyagi/ishinomaki,845,クラーク,レストラン,,other,none,False
miyagi/ishinomaki,846,キ楽,居酒屋,,izakaya,tb,True
miyagi/ishinomaki,847,カフェド由希,レストラン,,other,none,False
miyagi/ishinomaki,848,もとき,日本料理,,japanese,tb,True
miyagi/ishinomaki,849,立ち呑み屋 縁,立ち飲み,,izakaya,tb,True
miyagi/ishinomaki,850,イースタン,レストラン,,other,none,False
miyagi/ishinomaki,851,ちょうえいどう,ケーキ,,sweets,tb,True
miyagi/ishinomaki,852,広太郎,焼き鳥、レストラン,,meat,tb,True
miyagi/ishinomaki,853,美好寿し,寿司,,seafood,tb,True
miyagi/ishinomaki,854,やよい寿司,寿司,,seafood,tb,True
miyagi/ishinomaki,855,やきとりこんちゃん,レストラン,,other,none,False
miyagi/ishinomaki,856,芳友,日本料理,,japanese,tb,True
miyagi/ishinomaki,857,カクテルバー 遊幸,バー,,izakaya,tb,True
miyagi/ishinomaki,858,花恋,居酒屋,,izakaya,tb,True
miyagi/ishinomaki,859,ひいろん,居酒屋,,izakaya,tb,True
miyagi/ishinomaki,860,BAR RODEO,バー,,izakaya,tb,True
miyagi/ishinomaki,861,割烹いわ井,日本料理,,japanese,tb,True
miyagi/ishinomaki,862,Bamboo shoot,アジア・エスニック、バー,,chinese,tb,True
miyagi/ishinomaki,863,かつら,レストラン,,other,none,False
miyagi/ishinomaki,864,ダイナー,居酒屋,,izakaya,tb,True
miyagi/ishinomaki,865,サトウ笑店,居酒屋,,izakaya,tb,True
miyagi/ishinomaki,866,ニース,レストラン,,other,none,False
miyagi/ishinomaki,867,アーベント,バー,,izakaya,tb,True
miyagi/ishinomaki,868,司寿し,寿司,,seafood,tb,True
miyagi/ishinomaki,869,マルイチ高橋商店,シーフード,,seafood,tb,True
miyagi/ishinomaki,870,なとり,日本料理,,japanese,tb,True
miyagi/ishinomaki,871,セブンイレブン 石巻バイパス店,コンビニ・スーパー,,daily,tb,True
miyagi/ishinomaki,872,サリーズ,レストラン,,other,none,False
miyagi/ishinomaki,873,ふくじゅそう,レストラン,,other,none,False
miyagi/ishinomaki,874,居酒屋せっせっせ,居酒屋,,izakaya,tb,True
miyagi/ishinomaki,875,スターリー,カフェ、バー,,cafe,tb,True
miyagi/ishinomaki,876,南蛮亭歌,日本料理,,japanese,tb,True
miyagi/ishinomaki,877,季多,日本料理,,japanese,tb,True
miyagi/ishinomaki,878,不二家 石巻大街道店,ケーキ,,sweets,tb,True
miyagi/ishinomaki,879,大衆酒場 大福,居酒屋,,izakaya,tb,True
miyagi/ishinomaki,880,まるよし食堂,ラーメン,,noodles,tb,True
miyagi/ishinomaki,881,MAHALO KITCHEN,バー,,izakaya,tb,True
miyagi/ishinomaki,882,美うら,日本料理,,japanese,tb,True
miyagi/ishinomaki,883,キッチンポトス 石巻湊店,食堂,,casual,tb,True
miyagi/ishinomaki,884,Lea,惣菜・デリ、弁当、居酒屋,,casual,tb,True
miyagi/ishinomaki,885,花のれん,焼き鳥,,meat,tb,True
miyagi/ishinomaki,886,与兵栄寿し,寿司,,seafood,tb,True
miyagi/ishinomaki,887,たいやき佐々木屋,たい焼き・大判焼き,,sweets,tb,True
miyagi/ishinomaki,888,グルー,レストラン,,other,none,False
miyagi/ishinomaki,889,居酒や桂,居酒屋,,izakaya,tb,True
miyagi/ishinomaki,890,蓮,居酒屋,,izakaya,tb,True
miyagi/ishinomaki,891,ビッグエコー 石巻駅前店,カラオケ,,izakaya,tb,True
miyagi/ishinomaki,892,キッチン和琴,居酒屋,,izakaya,tb,True
miyagi/ishinomaki,893,キッチンマルエ,弁当,,casual,tb,True
miyagi/ishinomaki,894,ポセイドン,レストラン,,other,none,False
miyagi/ishinomaki,895,とっぺん,レストラン,,other,none,False
miyagi/ishinomaki,896,ツィンフェイス,居酒屋、レストラン,,izakaya,tb,True
miyagi/ishinomaki,897,M&M,バー,,izakaya,tb,True
miyagi/ishinomaki,898,グラスホッパー,レストラン,,other,none,False
miyagi/ishinomaki,899,もめん,居酒屋,,izakaya,tb,True
miyagi/ishinomaki,900,めだかの食卓,レストラン,,other,none,False
miyagi/ishinomaki,901,ストロベリーコーンズ 石巻店,ピザ、パスタ、イタリアン,,european,tb,True
miyagi/ishinomaki,902,津田海苔本舗 本店,弁当,,casual,tb,True
miyagi/ishinomaki,903,Yahataya,,Japanese,japanese,ta,True
miyagi/ishinomaki,904,Korean Home Cuisine Sonamu,,Asian;Korean,chinese,ta,True
miyagi/ishinomaki,905,Restaurant Kikaku,,Japanese,japanese,ta,True
miyagi/ishinomaki,906,Pizza Wine Tartaruga,,Italian,european,ta,True
miyagi/ishinomaki,907,Sukeroku Sushi,,Japanese;Seafood;Sushi;Japanese - Other ,seafood,ta,True
miyagi/ishinomaki,908,Asatte Ishinomaki,,Italian,european,ta,True
miyagi/ishinomaki,909,Xenlon,,Japanese;Japanese - Other ,japanese,ta,True
miyagi/ishinomaki,910,Seafood Restaurant and Izakaya Rokumonsen,,Japanese;Seafood,seafood,ta,True
miyagi/ishinomaki,911,Chinese Restaurant Yosuko,,Chinese,chinese,ta,True
miyagi/ishinomaki,912,Restaurant Kanta,,Japanese;Seafood;Asian,seafood,ta,True
miyagi/ishinomaki,913,Kogane Sushi,,Japanese;Sushi,seafood,ta,True
miyagi/ishinomaki,914,Shochiku,,,other,none,False
miyagi/ishinomaki,915,Komazushi,,Japanese;Seafood;Sushi,seafood,ta,True
miyagi/ishinomaki,916,Angelina,,Cafe,cafe,ta,True
miyagi/ishinomaki,917,Outdoor Buffet Meer Lounge,,,other,none,False
miyagi/ishinomaki,918,Kumachan,,Japanese,japanese,ta,True
miyagi/ishinomaki,919,Zuiko,,Japanese;Seafood;Japanese - Other ,seafood,ta,True
miyagi/ishinomaki,920,Sosouke,,Chinese,chinese,ta,True
miyagi/ishinomaki,921,Restaurant Ichi,,,other,none,False
miyagi/ishinomaki,922,Gyujin,,Japanese,japanese,ta,True
miyagi/ishinomaki,923,Common Ship Hashidori,,Chinese,chinese,ta,True
miyagi/ishinomaki,924,Gyutan No Mise Kosuke,,Japanese;Japanese - Other ,japanese,ta,True
miyagi/ishinomaki,925,Tartaruga,,Italian;Pizza,european,ta,True
miyagi/ishinomaki,926,Yufuku,,Japanese,japanese,ta,True
miyagi/ishinomaki,927,Hitakami Restaurant,,Japanese;International;Japanese - Other ,japanese,ta,True
miyagi/ishinomaki,928,Shiyoseiko,,Japanese,japanese,ta,True
miyagi/ishinomaki,929,Soba Sake Omotaka,,Japanese;Japanese - Other ,japanese,ta,True
miyagi/ishinomaki,930,Amimoto Kaminoie Ishimaki Ekimae,,,other,none,False
miyagi/ishinomaki,931,Kuroshio,,,other,none,False
miyagi/ishinomaki,932,Nankaen,,Chinese,chinese,ta,True
miyagi/ishinomaki,933,Misakiya Shokudo,,Japanese,japanese,ta,True
miyagi/ishinomaki,934,Sobadokoro Moriya,,Japanese;Japanese - Other ,japanese,ta,True
miyagi/ishinomaki,935,Dotonbori Ishinomaki,,Japanese,japanese,ta,True
miyagi/ishinomaki,936,Toyokawa,,Japanese;Izakaya (Japanese Style Tavern),izakaya,ta,True
miyagi/ishinomaki,937,Bozu,,Japanese,japanese,ta,True
miyagi/ishinomaki,938,笹寿司,,Japanese;Seafood;Sushi;Japanese - Other ,seafood,ta,True
miyagi/ishinomaki,939,Bel Colpo,,Italian,european,ta,True
miyagi/ishinomaki,940,Umihiko Yamahiko,,,other,none,False
miyagi/ishinomaki,941,Private Room Izakaya Irohanihoheto Ishinomaki Ekimae,,Japanese;International;Japanese - Other ;Izakaya (Japanese Style Tavern);Japanese Fusion,izakaya,ta,True
miyagi/ishinomaki,942,Manrakudo,,,other,none,False
miyagi/ishinomaki,943,Shanghai Rohanten,,Chinese,chinese,ta,True
miyagi/ishinomaki,944,Ramen Houseosui Nagaru,,,other,none,False
miyagi/ishinomaki,945,Loulan Chinese Cuisine,,Chinese,chinese,ta,True
miyagi/ishinomaki,946,Beijing Ooi,,Chinese,chinese,ta,True
miyagi/ishinomaki,947,Pepper Lunch Aeon Mall Ishinomaki,,Fast Food,casual,ta,True
miyagi/ishinomaki,948,Hibari,,Chinese,chinese,ta,True
miyagi/ishinomaki,949,Janomezushi,,Japanese;Seafood;Sushi;Japanese - Other ,seafood,ta,True
miyagi/ishinomaki,950,Shungyo Shunshu Washubi,,Seafood,seafood,ta,True
miyagi/ishinomaki,951,Ramendo Sendaikko Ishinomaki,,,other,none,False
miyagi/ishinomaki,952,Teishokuya Fuushuukan,,Japanese;International;Japanese - Other ,japanese,ta,True
miyagi/ishinomaki,953,菓匠 三全 イトーヨーカドー石巻あけぼの店,,Fast Food,casual,ta,True
miyagi/ishinomaki,954,Ito Store Ishinomaki,,,other,none,False
miyagi/ishinomaki,955,Ringer Hut Aeon Mall Ishimaki,,,other,none,False
miyagi/ishinomaki,956,Ciel Etoile,,International,other,none,False
miyagi/ishinomaki,957,Kimbee Chaya,,Japanese;Japanese - Other ,japanese,ta,True
miyagi/ishinomaki,958,Shiki No Aji Takeshi,,Japanese;Izakaya (Japanese Style Tavern),izakaya,ta,True
miyagi/ishinomaki,959,Snack Shop Saranoie,,Japanese,japanese,ta,True
miyagi/ishinomaki,960,Tokyoya Shokudo,,Chinese,chinese,ta,True
miyagi/ishinomaki,961,Meat Bal Oraino,,Spanish,european,ta,True
miyagi/ishinomaki,962,Kiyono Sushi,,Japanese;Sushi,seafood,ta,True
miyagi/ishinomaki,963,Cocktail Loungr Iruka,,Bar;Pub,izakaya,ta,True
miyagi/ishinomaki,964,Toshoshuka Ishinomaki,,Chinese,chinese,ta,True
miyagi/ishinomaki,965,Shinobuya Ishinomaki,,Japanese;Japanese - Other ;Izakaya (Japanese Style Tavern),izakaya,ta,True
miyagi/ishinomaki,966,Kuishinbou,,,other,none,False
miyagi/ishinomaki,967,Smile Market Cafe Bal,,Japanese,japanese,ta,True
miyagi/ishinomaki,968,Morisen,,Japanese;Japanese - Other ,japanese,ta,True
miyagi/ishinomaki,969,Shoya Ishinomaki,,,other,none,False
miyagi/ishinomaki,970,Knot,,,other,none,False
miyagi/ishinomaki,971,Jin Ya,,Barbecue,meat,ta,True
miyagi/ishinomaki,972,Taste Stay,,,other,none,False
miyagi/ishinomaki,973,Maruchu Shokudo,,Japanese,japanese,ta,True
miyagi/ishinomaki,974,Dumplings Bar Toshibo,,Japanese;Izakaya (Japanese Style Tavern),izakaya,ta,True
miyagi/ishinomaki,975,Yasutake,,Japanese;Japanese - Other ,japanese,ta,True
miyagi/ishinomaki,976,Les Cepages,,,other,none,False
miyagi/ishinomaki,977,Ebishi Sobaya,,Japanese;Japanese - Other ,japanese,ta,True
miyagi/ishinomaki,978,Sakae Sushi,,Japanese;Sushi,seafood,ta,True
miyagi/ishinomaki,979,Grasshopper,,Japanese;International;Japanese - Other ,japanese,ta,True
miyagi/ishinomaki,980,Tiara,,Izakaya (Japanese Style Tavern),izakaya,ta,True
miyagi/ishinomaki,981,Resilience Bar,,,other,none,False
miyagi/ishinomaki,982,Sobadokoro Yushichi,,,other,none,False
miyagi/ishinomaki,983,Aceof Spades,,Bar;Pub,izakaya,ta,True
miyagi/ishinomaki,984,Hakuro Sushi,,Japanese;Seafood;Sushi;Japanese - Other ,seafood,ta,True
miyagi/ishinomaki,985,Amour,,Japanese - Other ,japanese,ta,True
miyagi/ishinomaki,986,Bar Amigo,,Japanese;Izakaya (Japanese Style Tavern),izakaya,ta,True
miyagi/ishinomaki,987,サーティワンアイスクリーム イトーヨーカドー石巻あけぼの店,,,other,none,False
miyagi/ishinomaki,988,Twin Face,,Japanese,japanese,ta,True
miyagi/ishinomaki,989,Berobero Yocchan,,Japanese;Izakaya (Japanese Style Tavern),izakaya,ta,True
miyagi/ishinomaki,990,Field,,Japanese;International;Japanese - Other ,japanese,ta,True
miyagi/ishinomaki,991,Toriaezu Gohe Miyazaki Ishinomaki Hebita,,Japanese;Japanese - Other ;Izakaya (Japanese Style Tavern);Dining bars,izakaya,ta,True
miyagi/ishinomaki,992,平和樓,,Chinese,chinese,ta,True
miyagi/ishinomaki,993,Rita s Cafe Bar,,Italian;Cafe;Asian;Healthy;Sri Lankan,european,ta,True
miyagi/ishinomaki,994,Bistro Tane,,French,european,ta,True
miyagi/ishinomaki,995,Restaurant Red,,Bar;Pub,izakaya,ta,True
miyagi/ishinomaki,996,Leaf de Terrace,,Italian,european,ta,True
miyagi/ishinomaki,997,Negombo Bar Kitchen,,Bar;Pub,izakaya,ta,True
miyagi/ishinomaki,998,Old Houses Cafe Fukuneko,,,other,none,False
miyagi/ishinomaki,999,Yamatotambo,,Cafe,cafe,ta,True
miyagi/ishinomaki,1000,Kiku Sushi,,Japanese;Seafood;Sushi;Japanese - Other ,seafood,ta,True
miyagi/ishinomaki,1001,Sakedokoro Ukaji,,,other,none,False
miyagi/ishinomaki,1002,Men Kurahachi Aeon Mall Ishinomaki,,Asian,chinese,ta,True
miyagi/ishinomaki,1003,Sugakatsu,,Japanese,japanese,ta,True
miyagi/ishinomaki,1004,Kamome Shokudo,,Japanese,japanese,ta,True
miyagi/ishinomaki,1005,Cruiser,,Bar;Pub,izakaya,ta,True
miyagi/ishinomaki,1006,Gusto Ishinomaki,,,other,none,False
miyagi/ishinomaki,1007,Gusto Ishinomaki West,,,other,none,False
miyagi/ishinomaki,1008,Mampukumaru,,,other,none,False
miyagi/ishinomaki,1009,Chocolea,,French;International,european,ta,True
miyagi/ishinomaki,1010,Endo Pastry,,,other,none,False
miyagi/ishinomaki,1011,Restaurant la Paix,,,other,none,False
miyagi/ishinomaki,1012,山沖支店,,,other,none,False
miyagi/ishinomaki,1013,Noka Restaurant Omsubi,,,other,none,False
miyagi/ishinomaki,1014,Pastry Calne Ujie Super Iinogawa,,,other,none,False
miyagi/ishinomaki,1015,Yumekko,,,other,none,False
miyagi/ishinomaki,1016,Peking Daihanten,,Chinese,chinese,ta,True
miyagi/ishinomaki,1017,Kataraidokoro Ban,,Japanese,japanese,ta,True
miyagi/ishinomaki,1018,Hamazushi Ishinomaki Hebita,,Japanese;Seafood;Sushi,seafood,ta,True
miyagi/ishinomaki,1019,Ryotei Toribun Wing Mary,,Japanese;Kaiseki,japanese,ta,True
miyagi/ishinomaki,1020,Sakedokoro Mien,,Izakaya (Japanese Style Tavern),izakaya,ta,True
miyagi/ishinomaki,1021,Maruchu Dininig,,Japanese,japanese,ta,True
miyagi/ishinomaki,1022,Oire Ya Kappo,,Japanese - Traditional Cuisine;Kappo,other,none,False
miyagi/ishinomaki,1023,Terappadake,,Japanese;Japanese - Other ,japanese,ta,True
miyagi/ishinomaki,1024,Mine,,Japanese,japanese,ta,True
miyagi/ishinomaki,1025,Wa Dining Aoi,,Barbecue,meat,ta,True
miyagi/ishinomaki,1026,やしろ食堂,,Japanese,japanese,ta,True
miyagi/ishinomaki,1027,Sohonke Bincho Ougiya Ishinomaki Shinsakai,,Japanese;Japanese - Other ,japanese,ta,True
miyagi/ishinomaki,1028,Karaoke Rental Room Nekoya,,International,other,none,False
miyagi/ishinomaki,1029,Isamu Sushi,,Japanese;Seafood;Sushi;Japanese - Other ,seafood,ta,True
miyagi/ishinomaki,1030,Jurin Sushi Bar,,Japanese;Sushi,seafood,ta,True
miyagi/ishinomaki,1031,Shima no Eki,,Cafe,cafe,ta,True
miyagi/ishinomaki,1032,Workers Co Op Gaga House,,Japanese;International;Japanese - Other ,japanese,ta,True
miyagi/ishinomaki,1033,Kawanami,,Japanese;Japanese - Traditional Cuisine;Kaiseki,japanese,ta,True
miyagi/ishinomaki,1034,Utsunomiya Canteen,,Japanese - Other ,japanese,ta,True
miyagi/ishinomaki,1035,Xana,,,other,none,False
miyagi/ishinomaki,1036,Toyoura Shokudo,,Japanese,japanese,ta,True
miyagi/ishinomaki,1037,Rokka,,Cafe,cafe,ta,True
miyagi/ishinomaki,1038,Byoshokaikan Dininig,,Japanese,japanese,ta,True
miyagi/ishinomaki,1039,Magocoro,,Japanese,japanese,ta,True
miyagi/ishinomaki,1040,Gojyuban,,Chinese,chinese,ta,True
miyagi/ishinomaki,1041,Mendokoro Saito,,Japanese,japanese,ta,True
miyagi/ishinomaki,1042,Uo Shin,,Japanese;International;Japanese - Other ,japanese,ta,True
miyagi/ishinomaki,1043,Ramen Semmonten Haru,,Japanese;Sushi,seafood,ta,True
miyagi/ishinomaki,1044,Pickle,,Cafe,cafe,ta,True
miyagi/ishinomaki,1045,Maruyoshi,,Japanese,japanese,ta,True
miyagi/ishinomaki,1046,Yuka Chinese Restaurant,,Chinese,chinese,ta,True
miyagi/ishinomaki,1047,Wako Aeon Mall Ishinomaki,,Japanese,japanese,ta,True
miyagi/ishinomaki,1048,Petite Cafe Mito,,Cafe,cafe,ta,True
miyagi/ishinomaki,1049,Cafe Yukari,,Cafe,cafe,ta,True
miyagi/ishinomaki,1050,Kikuichi,,Barbecue,meat,ta,True
miyagi/ishinomaki,1051,Yatai Ramen Haikaraya Iinogawa,,,other,none,False
miyagi/ishinomaki,1052,Karari Aeon Mall Ishinomaki,,Japanese,japanese,ta,True
miyagi/ishinomaki,1053,Nabe Sanjiro Ten,,Japanese,japanese,ta,True
miyagi/ishinomaki,1054,Endo Shokudo,,Japanese,japanese,ta,True
miyagi/ishinomaki,1055,Clap,,Japanese,japanese,ta,True
miyagi/ishinomaki,1056,Dokushu En,,Chinese,chinese,ta,True
miyagi/ishinomaki,1057,Rameno,,Japanese,japanese,ta,True
miyagi/ishinomaki,1058,Exllont,,,izakaya,desc,False
miyagi/ishinomaki,1059,Daisuke,,Japanese;Sushi,seafood,ta,True
miyagi/ishinomaki,1060,Shubo Yu,,Japanese,japanese,ta,True
miyagi/ishinomaki,1061,Shun,,Japanese,japanese,ta,True
miyagi/ishinomaki,1062,Choya,,Japanese,japanese,ta,True
miyagi/ishinomaki,1063,Jolly Pasta Ishinomaki Hebita,,,other,none,False
miyagi/ishinomaki,1064,Gindaco Aeon Mall Ishinomaki,,,other,none,False
miyagi/ishinomaki,1065,Hananoren,,Japanese;Japanese - Other ,japanese,ta,True
miyagi/ishinomaki,1066,Juhachibankan,,Chinese,chinese,ta,True
miyagi/ishinomaki,1067,早蕨,,Japanese;Japanese - Other ,japanese,ta,True
miyagi/ishinomaki,1068,Yokoyama Shokudo,,,other,none,False
miyagi/ishinomaki,1069,Tennotasuke Sendai Gyu Yakiniku Aji No Gyutan,,Japanese - Other ,japanese,ta,True
miyagi/ishinomaki,1070,Steak Humberg Salad Bar Ken Ishinomaki,,Steakhouse,meat,ta,True
miyagi/ishinomaki,1071,Kyoya Shokudo,,Japanese - Other ,japanese,ta,True
miyagi/ishinomaki,1072,Ikoidokoro Nakanosato,,Japanese;International;Japanese - Other ,japanese,ta,True
miyagi/ishinomaki,1073,Cats,,Japanese;International;Japanese - Other ,japanese,ta,True
miyagi/ishinomaki,1074,夕顔,,Japanese;Fusion;Japanese - Other ;Japanese Fusion,japanese,ta,True
miyagi/ishinomaki,1075,Fumiko,,Japanese - Other ,japanese,ta,True
miyagi/ishinomaki,1076,Indian Restaurant Ganesh Ishinomaki,,Indian,curry,ta,True
miyagi/ishinomaki,1077,Ron,,Japanese - Other ,japanese,ta,True
miyagi/ishinomaki,1078,Artistic Cafe Aureolin,,Cafe,cafe,ta,True
miyagi/ishinomaki,1079,80 s Hataya,,Japanese - Other ,japanese,ta,True
miyagi/ishinomaki,1080,Irifuku Shokudo,,Japanese - Other ,japanese,ta,True
miyagi/ishinomaki,1081,Raifuku,,Japanese - Other ,japanese,ta,True
miyagi/ishinomaki,1082,Nomi Dokoro Jun,,Japanese - Other ,japanese,ta,True
miyagi/ishinomaki,1083,Enishiya,,Japanese;International;Japanese - Other ,japanese,ta,True
miyagi/ishinomaki,1084,Osakaya Shokudo,,Japanese,japanese,ta,True
miyagi/ishinomaki,1085,Karaoke Gasshukoku Ishinomaki,,International,other,none,False
miyagi/ishinomaki,1086,Heiroku Sushi Higashi Nakazato,,Japanese;Sushi,seafood,ta,True
miyagi/ishinomaki,1087,Hamakko Dininig,,Japanese,japanese,ta,True
miyagi/ishinomaki,1088,Katsu Gourmet Motokura,,Japanese,japanese,ta,True
miyagi/ishinomaki,1089,Tokoen,,Japanese,japanese,ta,True
miyagi/ishinomaki,1090,Fukue Main Store,,Japanese,japanese,ta,True
miyagi/ishinomaki,1091,酒房りん,,Japanese,japanese,ta,True
miyagi/ishinomaki,1092,Gourmet Produce Northeast,,Japanese;International;Japanese - Other ,japanese,ta,True
miyagi/ishinomaki,1093,Karaoke Manekineko Ishinomaki Shinsakai Machi,,International,other,none,False
miyagi/ishinomaki,1094,中華楼山下店,,Chinese,chinese,ta,True
miyagi/ishinomaki,1095,Hamayoshi,,Japanese,japanese,ta,True
miyagi/ishinomaki,1096,Setchan Dininig,,Japanese,japanese,ta,True
miyagi/ishinomaki,1097,Shin Zushi,,Japanese;Sushi,seafood,ta,True
miyagi/ishinomaki,1098,Ajitetsu,,Fusion,other,none,False
miyagi/ishinomaki,1099,Fumi,,Japanese;Japanese - Traditional Cuisine,japanese,ta,True
miyagi/ishinomaki,1100,Yokobori,,Japanese,japanese,ta,True
miyagi/ishinomaki,1101,Fugetsu Dininig,,Japanese,japanese,ta,True
miyagi/ishinomaki,1102,Aotogarashi Sumibi Yakiniku,,Barbecue,meat,ta,True
miyagi/ishinomaki,1103,Tsukasa Sushi,,Japanese;Sushi,seafood,ta,True
miyagi/ishinomaki,1104,Uotei Fresh Fish Shop Uoteihiro,,Japanese,japanese,ta,True
miyagi/ishinomaki,1105,源来軒,,Chinese,chinese,ta,True
miyagi/ishinomaki,1106,Garden Japanese Restaurant Isobun,,Japanese,japanese,ta,True
miyagi/ishinomaki,1107,Katsura Shokudo,,Japanese;International;Japanese - Other ,japanese,ta,True
miyagi/ishinomaki,1108,Hattori Hanso Kiwami Ekimae,,Japanese,japanese,ta,True
miyagi/ishinomaki,1109,Hinoya Dininig,,Japanese,japanese,ta,True
miyagi/ishinomaki,1110,Curry No Miseobata,,Japanese;Indian,curry,ta,True
miyagi/ishinomaki,1111,Brand,,Japanese,japanese,ta,True
miyagi/ishinomaki,1112,Tobari,,Japanese,japanese,ta,True
miyagi/ishinomaki,1113,Hibiki,,Japanese,japanese,ta,True
miyagi/ishinomaki,1114,Banri,,Chinese,chinese,ta,True
miyagi/ishinomaki,1115,Kinjo Dininig,,Japanese,japanese,ta,True
miyagi/ishinomaki,1116,Glass Garden,,Japanese;International;Japanese - Other ,japanese,ta,True
miyagi/ishinomaki,1117,Tempura No Mise Kiraten,,Japanese,japanese,ta,True
miyagi/ishinomaki,1118,Sobadokoro Shibuya,,Japanese,japanese,ta,True
miyagi/ishinomaki,1119,Sapporo Ramen Ajihei,,Japanese,japanese,ta,True
miyagi/ishinomaki,1120,Minato Sushi,,Chinese,chinese,ta,True
miyagi/ishinomaki,1121,Kogane Sushi Ishinomaki Nakasato,,Japanese;Sushi;Japanese - Other ,seafood,ta,True
miyagi/ishinomaki,1122,Kyo Sushi,,Japanese;Seafood;Sushi;Japanese - Other ,seafood,ta,True
miyagi/ishinomaki,1123,Mampukuya Tatemachi,,Japanese;International,japanese,ta,True
miyagi/ishinomaki,1124,Chatelain,,Cafe,cafe,ta,True
miyagi/ishinomaki,1125,Hosui,,Fusion,other,none,False
miyagi/ishinomaki,1126,Nice,,Japanese,japanese,ta,True
miyagi/ishinomaki,1127,Foods Barism,,Japanese;International;Japanese - Other ,japanese,ta,True
miyagi/ishinomaki,1128,Nomi Dokoro Mami,,Japanese,japanese,ta,True
miyagi/ishinomaki,1129,Eastern,,Japanese,japanese,ta,True
miyagi/ishinomaki,1130,Koyoi,,Japanese;Seafood;Japanese - Other ,seafood,ta,True
miyagi/ishinomaki,1131,Kihachiro,,Japanese,japanese,ta,True
miyagi/ishinomaki,1132,Gru,,Japanese;International;Japanese - Other ,japanese,ta,True
miyagi/ishinomaki,1133,Rip,,Pub,izakaya,ta,True
miyagi/ishinomaki,1134,Cocktail Bar Yuko,,Bar;Pub,izakaya,ta,True
miyagi/ishinomaki,1135,Trout,,Pub,izakaya,ta,True
miyagi/ishinomaki,1136,Mikado,,Pub,izakaya,ta,True
miyagi/ishinomaki,1137,Pastry Mugi,,,other,none,False
miyagi/ishinomaki,1138,Ito Pastry,,,other,none,False
miyagi/ishinomaki,1139,Mar de Naples Kaminoge,,,other,none,False
miyagi/ishinomaki,1140,Ajiyoshi Ramen Ishinomaki Minato,,,other,none,False
miyagi/ishinomaki,1141,Hummingbird Ion Ishinomaki,,,other,none,False
miyagi/ishinomaki,1142,ふる里料理　つる屋,,,other,none,False
miyagi/ishinomaki,1143,Daikaro,,,other,none,False
miyagi/ishinomaki,1144,Oj60,,,other,none,False
miyagi/ishinomaki,1145,Yatai Ramen Ishinomaki Minamisakai,,,other,none,False
miyagi/ishinomaki,1146,Koyodo Pastry,,,other,none,False
miyagi/ishinomaki,1147,Choeido,,,other,none,False
miyagi/ishinomaki,1148,Shinna,,,other,none,False
miyagi/ishinomaki,1149,Meal Processing Amu,,,other,none,False
miyagi/ishinomaki,1150,Forest Aeon Ishinomaki,,,other,none,False
miyagi/ishinomaki,1151,Kikusuian,,,other,none,False
miyagi/ishinomaki,1152,Snack Inca Rose,,,other,none,False
miyagi/ishinomaki,1153,Kiyo Hanten,,,other,none,False
miyagi/ishinomaki,1154,Toyoura Fried Noodles Specialty Store,,,other,none,False
miyagi/ishinomaki,1155,Kairakuen,,,other,none,False
miyagi/ishinomaki,1156,Sake Dokoro Yuzu,,,other,none,False
miyagi/ishinomaki,1157,Arpajon Ishimaki Main Store,,,other,none,False
miyagi/ishinomaki,1158,Tosuke Soba,,,other,none,False
miyagi/ishinomaki,1159,Charmant,,,other,none,False
miyagi/ishinomaki,1160,J S,,,other,none,False
miyagi/ishinomaki,1161,Korea Izakaya Saran,,,other,none,False
miyagi/ishinomaki,1162,Chiaki,,,other,none,False
miyagi/ishinomaki,1163,Nagomi,,,other,none,False
miyagi/ishinomaki,1164,Hanagasa Dininig Room,,,other,none,False
miyagi/ishinomaki,1165,Kasaya Kashi,,,other,none,False
miyagi/ishinomaki,1166,Japanese Restaurant Okawa,,Japanese,japanese,ta,True
miyagi/ishinomaki,1167,Midori Shokudo,,Japanese,japanese,ta,True
miyagi/ishinomaki,1168,Donsuke,,Japanese,japanese,ta,True
miyagi/ishinomaki,1169,Akita Hinaiya Chuemon,,Japanese,japanese,ta,True
miyagi/ishinomaki,1170,D s Happines,,International,other,none,False
miyagi/ishinomaki,1171,Butaya Tonichi Aeon Mall Ishinomaki,,Japanese,japanese,ta,True
miyagi/ishinomaki,1172,Alps Shokudo,,Japanese,japanese,ta,True
miyagi/ishinomaki,1173,Hyotantei,,Japanese,japanese,ta,True
miyagi/ishinomaki,1174,Cafetre,,Cafe,cafe,ta,True
miyagi/ishinomaki,1175,Minato Shokudo,,Japanese,japanese,ta,True
miyagi/ishinomaki,1176,Brahma,,Japanese,japanese,ta,True
miyagi/ishinomaki,1177,Jun Izakaya,,Japanese,japanese,ta,True
miyagi/ishinomaki,1178,Izakaya Shigechan,,Japanese,japanese,ta,True
miyagi/ishinomaki,1179,Yasuragi,,Japanese,japanese,ta,True
miyagi/ishinomaki,1180,Fukujuso,,Japanese;International;Japanese - Other ,japanese,ta,True
miyagi/ishinomaki,1181,Cafe Mitakuuluu,,Cafe,cafe,ta,True
miyagi/ishinomaki,1182,Izakaya Sayochan,,Japanese,japanese,ta,True
miyagi/ishinomaki,1183,Fuji Shokudo,,Japanese;International;Japanese - Other ,japanese,ta,True
miyagi/ishinomaki,1184,Maidotakarajima,,Japanese,japanese,ta,True
miyagi/ishinomaki,1185,Yuki Shokujidokoro,,Japanese;International;Japanese - Other ,japanese,ta,True
miyagi/ishinomaki,1186,Karen,,Japanese;Izakaya (Japanese Style Tavern),izakaya,ta,True
miyagi/ishinomaki,1187,Izakaya Hana,,Izakaya (Japanese Style Tavern),izakaya,ta,True
miyagi/ishinomaki,1188,Sekai No Owari,,,other,none,False
miyagi/ishinomaki,1189,Izakaya Sakura,,Pub,izakaya,ta,True
miyagi/ishinomaki,1190,Gyoza No Ton Hisashi,,,other,none,False
miyagi/ishinomaki,1191,Yocchan,,,other,none,False
miyagi/ishinomaki,1192,Ren,,Japanese;Izakaya (Japanese Style Tavern),izakaya,ta,True
miyagi/ishinomaki,1193,Izakaya Jusanhama,,Japanese;Izakaya (Japanese Style Tavern),izakaya,ta,True
miyagi/ishinomaki,1194,Western Izakaya Kirari,,Japanese;Izakaya (Japanese Style Tavern),izakaya,ta,True
miyagi/ishinomaki,1195,Umiyama,,,other,none,False
miyagi/ishinomaki,1196,Izakaya Hanaya,,Japanese;Izakaya (Japanese Style Tavern),izakaya,ta,True
miyagi/ishinomaki,1197,Izakaya Enkazuma,,Japanese;Izakaya (Japanese Style Tavern),izakaya,ta,True
miyagi/ishinomaki,1198,Izakaya Issa,,Pub,izakaya,ta,True
miyagi/ishinomaki,1199,Izakaya Mino Chan,,Pub,izakaya,ta,True
miyagi/ishinomaki,1200,Izakaya Kyoko,,Pub,izakaya,ta,True
miyagi/ishinomaki,1201,Izakaya Mai,,Pub,izakaya,ta,True
miyagi/ishinomaki,1202,Izakaya Rinrin,,Pub,izakaya,ta,True
miyagi/ishinomaki,1203,Izakaya Chisen,,Pub,izakaya,ta,True
miyagi/ishinomaki,1204,Maharaja,,Bar;Pub,izakaya,ta,True
miyagi/ishinomaki,1205,Aburasoba Semmon Himitsu,,,other,none,False
miyagi/ishinomaki,1206,Hiron,,Japanese;Izakaya (Japanese Style Tavern),izakaya,ta,True
miyagi/ishinomaki,1207,Izakaya Sessesse,,Japanese;Izakaya (Japanese Style Tavern),izakaya,ta,True
miyagi/ishinomaki,1208,Sake Dokoro Ginza,,Japanese;Izakaya (Japanese Style Tavern),izakaya,ta,True
miyagi/ishinomaki,1209,Utaidokoroitoin Omusubiya,,,other,none,False
miyagi/ishinomaki,1210,Onigarashi Ramen,,,other,none,False
miyagi/ishinomaki,1211,Izakaya Harugakita,,Japanese;Sushi;Izakaya (Japanese Style Tavern),seafood,ta,True
miyagi/ishinomaki,1212,Izakaya Katsura,,Japanese;Izakaya (Japanese Style Tavern),izakaya,ta,True
miyagi/ishinomaki,1213,Daruma,,Japanese;Izakaya (Japanese Style Tavern),izakaya,ta,True
miyagi/ishinomaki,1214,Izakaya Pino,,Japanese;Izakaya (Japanese Style Tavern),izakaya,ta,True
miyagi/ishinomaki,1215,Musubiba Ishinomaki Honten,,Japanese,japanese,ta,True
miyagi/ishinomaki,1216,Bakery Climb Ishinomaki,,,other,none,False
miyagi/ishinomaki,1217,Lorient,,,other,none,False
miyagi/ishinomaki,1218,Ramen Shofuku,,,other,none,False
miyagi/ishinomaki,1219,Usukawa Taiyaki Time Ishinomaki,,,other,none,False
miyagi/ishinomaki,1220,Motunya Mamechan,,,other,none,False
miyagi/ishinomaki,1221,Izakaya Kanon,,Japanese,japanese,ta,True
miyagi/ishinomaki,1222,Torisho Ishinomaki Hiyoriyama,,,other,none,False
miyagi/ishinomaki,1223,Shubo Sakura,,Japanese,japanese,ta,True
miyagi/ishinomaki,1224,Living Food Cafe en,,,other,none,False
miyagi/ishinomaki,1225,Angelina Minato Kazuma,,,other,none,False
miyagi/ishinomaki,1226,Il Village,,,other,none,False
miyagi/ishinomaki,1227,Toriaezu Gohei Miyagi Ishinomaki,,Japanese,japanese,ta,True
miyagi/ishinomaki,1228,Salon Mok Horse,,,other,none,False
miyagi/ishinomaki,1229,Osupitarita Da Orino,,,other,none,False
miyagi/ishinomaki,1230,Tubi,,,other,none,False
miyagi/ishinomaki,1231,Sushi Sampuku,,,other,none,False
miyagi/ishinomaki,1232,Again,,,other,none,False
miyagi/ishinomaki,1233,Crea,,,other,none,False
miyagi/ishinomaki,1234,魂,,,other,none,False
miyagi/ishinomaki,1235,Silver Paris,,,other,none,False
miyagi/ishinomaki,1236,Silver Bullet,,,other,none,False
miyagi/ishinomaki,1237,Six Chan Honke,,,other,none,False
miyagi/ishinomaki,1238,Nankurunaisa,,,other,none,False
miyagi/ishinomaki,1239,Snack Shomonkan,,,other,none,False
miyagi/ishinomaki,1240,Omoto,,,other,none,False
miyagi/ishinomaki,1241,Beehive,,,other,none,False
miyagi/ishinomaki,1242,Evan,,,other,none,False
miyagi/ishinomaki,1243,Meals Processing Yuka,,,other,none,False
miyagi/ishinomaki,1244,Yushiken Ishinomaki,,,other,none,False
miyagi/ishinomaki,1245,Luna,,,other,none,False
miyagi/ishinomaki,1246,Nana,,,other,none,False
miyagi/ishinomaki,1247,Pizza Hut Ishinomaki,,,other,none,False
miyagi/ishinomaki,1248,Orai No Kitchen Shinkyo,,,other,none,False
miyagi/ishinomaki,1249,Ramen Sawara,,,other,none,False
miyagi/ishinomaki,1250,Days,,,other,none,False
miyagi/ishinomaki,1251,Swan,,,other,none,False
miyagi/ishinomaki,1252,Jusan Hama,,,other,none,False
miyagi/ishinomaki,1253,Japanese Dining Room Ren,,,other,none,False
miyagi/ishinomaki,1254,Ramen Mimi,,,other,none,False
miyagi/ishinomaki,1255,Ramen Happo,,,other,none,False
miyagi/ishinomaki,1256,Misoyashiki Hot Yokocho Minato,,,other,none,False
miyagi/ishinomaki,1257,La Surre Ange,,,other,none,False
miyagi/ishinomaki,1258,Ramen Hikoyoshi,,,other,none,False
miyagi/ishinomaki,1259,Shun Sai Hinata,,,other,none,False
miyagi/iwanuma,1,noodle shop arakawa,ラーメン,,noodles,tb,True
miyagi/iwanuma,2,自家製麺中華そば 八縁,ラーメン,,noodles,tb,True
miyagi/iwanuma,3,カシュ カシュ,フレンチ,,european,tb,True
miyagi/iwanuma,4,沼田商店 麺組,ラーメン,,noodles,tb,True
miyagi/iwanuma,5,noodle shop nanairo,ラーメン、つけ麺、油そば・まぜそば,,noodles,tb,True
miyagi/iwanuma,6,つけ麺 うまづら,つけ麺、ラーメン、中華料理,,noodles,tb,True
miyagi/iwanuma,7,たんとろ,牛タン、食堂、串揚げ,,meat,tb,True
miyagi/iwanuma,8,金蛇水神社参道・休憩処 サンドウ テラス,カフェ、ソフトクリーム、パン,,cafe,tb,True
miyagi/iwanuma,9,ひばり,天ぷら、日本料理、海鮮,,japanese,tb,True
miyagi/iwanuma,10,魔女のたまご,喫茶店、カレー,,cafe,tb,True
miyagi/iwanuma,11,萬乃助 岩沼店,そば,,noodles,tb,True
miyagi/iwanuma,12,SOBADOKORO YUU,そば,,noodles,tb,True
miyagi/iwanuma,13,ジャンプラーメン,ラーメン、居酒屋、つけ麺,,noodles,tb,True
miyagi/iwanuma,14,ブーランジュリー ベック,パン,,sweets,tb,True
miyagi/iwanuma,15,まこと寿し,寿司、日本料理,,seafood,tb,True
miyagi/iwanuma,16,竹駒の杜 CAFÉ 一粒万倍,カフェ、食堂,,cafe,tb,True
miyagi/iwanuma,17,かつ吉,とんかつ,,meat,tb,True
miyagi/iwanuma,18,pizzeria e trattoria elianto,イタリアン、ピザ、カフェ,,european,tb,True
miyagi/iwanuma,19,食事処 おおとも,釜飯、居酒屋、親子丼,,japanese,tb,True
miyagi/iwanuma,20,居酒屋 亀たろ,居酒屋,,izakaya,tb,True
miyagi/iwanuma,21,麺屋小十郎,ラーメン、つけ麺、油そば・まぜそば,,noodles,tb,True
miyagi/iwanuma,22,奥州製麺所,ラーメン,,noodles,tb,True
miyagi/iwanuma,23,310 IWANUMA-BASE,カフェ,,cafe,tb,True
miyagi/iwanuma,24,そば処おさだ,そば、うどん,,noodles,tb,True
miyagi/iwanuma,25,つるや,たこ焼き,,casual,tb,True
miyagi/iwanuma,26,おくに寿し,寿司,,seafood,tb,True
miyagi/iwanuma,27,中国飯店味一番,中華料理、ラーメン、食堂,,chinese,tb,True
miyagi/iwanuma,28,PATISSERIE HINICHIJOU,ケーキ、パン,,sweets,tb,True
miyagi/iwanuma,29,BAOBAB,カフェ、ベトナム料理、タイ料理,,cafe,tb,True
miyagi/iwanuma,30,フーズガーデン玉浦 食彩館,コンビニ・スーパー,,daily,tb,True
miyagi/iwanuma,31,よつばベーカリー 岩沼本店,パン、洋菓子,,sweets,tb,True
miyagi/iwanuma,32,パン工房 OLIMBA,パン,,sweets,tb,True
miyagi/iwanuma,33,とんかつ二木,とんかつ、カレー、餃子,,meat,tb,True
miyagi/iwanuma,34,麺屋ぎぎ,ラーメン、つけ麺,,noodles,tb,True
miyagi/iwanuma,35,油そば 零,油そば・まぜそば,,noodles,tb,True
miyagi/iwanuma,36,炭火焼きとり とりはな,焼き鳥、居酒屋、ラーメン,,meat,tb,True
miyagi/iwanuma,37,沖あがり食堂 ばんや,海鮮,,seafood,tb,True
miyagi/iwanuma,38,coil,ラーメン,,noodles,tb,True
miyagi/iwanuma,39,日月潭,台湾料理,,chinese,tb,True
miyagi/iwanuma,40,味一番 玉浦店,ラーメン、食堂,,noodles,tb,True
miyagi/iwanuma,41,レストランパルパル,イタリアン,,european,tb,True
miyagi/iwanuma,42,MiZuHa,売店,,casual,tb,True
miyagi/iwanuma,43,食事の店 園,カレー、食堂、うどん,,curry,tb,True
miyagi/iwanuma,44,JOCA東北 やぶ亀,食堂、そば、日本料理,,casual,tb,True
miyagi/iwanuma,45,玉浦・海鮮丼 魚がしら,海鮮丼、食堂,,seafood,tb,True
miyagi/iwanuma,46,小料理 すずRe:,日本料理,,japanese,tb,True
miyagi/iwanuma,47,利久,牛料理、郷土料理,,japanese,tb,False
miyagi/iwanuma,48,おおひと,日本料理,,japanese,tb,True
miyagi/iwanuma,49,卵匠家 吟,洋食、ケーキ、パスタ,,european,tb,True
miyagi/iwanuma,50,そば処千歳,うどん,,noodles,tb,True
miyagi/iwanuma,51,食事処　味里,ラーメン,,noodles,tb,True
miyagi/iwanuma,52,大成,中華料理,,chinese,tb,True
miyagi/iwanuma,53,仙臺油そば はてなプラス 岩沼店,油そば・まぜそば、ラーメン,,noodles,tb,True
miyagi/iwanuma,54,母ちゃんごはん,食堂,,casual,tb,True
miyagi/iwanuma,55,IKoMiKi,カフェ,,cafe,tb,True
miyagi/iwanuma,56,ORION BAGEL,ベーグル,,sweets,tb,True
miyagi/iwanuma,57,かわむら,コロッケ、惣菜・デリ,,casual,tb,True
miyagi/iwanuma,58,麺処 よしだ家,ラーメン,,noodles,tb,True
miyagi/iwanuma,59,焼鳥 笑多屋 岩沼店,焼き鳥、居酒屋,,meat,tb,True
miyagi/iwanuma,60,カフェ・ダイニング＆バー バルバ,ダイニングバー、カフェ,,izakaya,tb,True
miyagi/iwanuma,61,いわぬま蓑寿司,寿司,,seafood,tb,True
miyagi/iwanuma,62,エピックビュー,カフェ,,cafe,tb,True
miyagi/iwanuma,63,焼肉トップ,焼肉,,meat,tb,True
miyagi/iwanuma,64,ビストロボンテン 岩沼駅前店,洋食,,european,tb,True
miyagi/iwanuma,65,cafe おやこの木,カフェ,,cafe,tb,True
miyagi/iwanuma,66,Irodori.Kitchen,スイーツ、惣菜・デリ,,sweets,tb,True
miyagi/iwanuma,67,鬼がらし 岩沼店,ラーメン,,noodles,tb,True
miyagi/iwanuma,68,丸徳そば,そば、食堂、うどん,,noodles,tb,True
miyagi/iwanuma,69,油そばうまづら,油そば・まぜそば,,noodles,tb,True
miyagi/iwanuma,70,ドゥ・ラパン,フレンチ,,european,tb,True
miyagi/iwanuma,71,安田商店,たい焼き・大判焼き、たこ焼き,,sweets,tb,True
miyagi/iwanuma,72,麺酒場 高ちゃん,居酒屋、焼き鳥、ラーメン,,izakaya,tb,True
miyagi/iwanuma,73,ココリコ,弁当,,casual,tb,True
miyagi/iwanuma,74,カフェ Dao Tao,カフェ、喫茶店,,cafe,tb,True
miyagi/iwanuma,75,気になるアイスの店,ジェラート・アイスクリーム,,sweets,tb,True
miyagi/iwanuma,76,ビストロ・サンテ,フレンチ、ビストロ,,european,tb,True
miyagi/iwanuma,77,いなりカフェ,カフェ,,cafe,tb,True
miyagi/iwanuma,78,三宝亭 岩沼店,ラーメン,,noodles,tb,True
miyagi/iwanuma,79,ロイヤルインドレストラン 岩沼店,インドカレー、インド料理、ダイニングバー,,curry,tb,True
miyagi/iwanuma,80,ビッグボーイ 岩沼店,ファミレス、ハンバーグ、ステーキ,,casual,tb,True
miyagi/iwanuma,81,丸田魚店,その他、海鮮、郷土料理,,seafood,tb,False
miyagi/iwanuma,82,食菜館ひまわり,レストラン,,other,none,False
miyagi/iwanuma,83,礼門,カレー、喫茶店,,curry,tb,True
miyagi/iwanuma,84,NISHIKIYA KITCHEN & CAFE,カレー、カフェ,,curry,tb,True
miyagi/iwanuma,85,カフェ ネッラズーロ,カフェ,,cafe,tb,True
miyagi/iwanuma,86,つつみ庵 岩沼店,和菓子,,sweets,tb,True
miyagi/iwanuma,87,cafe Chocott,カフェ,,cafe,tb,True
miyagi/iwanuma,88,くるまやラーメン 岩沼バイパス店,ラーメン,,noodles,tb,True
miyagi/iwanuma,89,かっぱ寿司 岩沼店,寿司,,seafood,tb,True
miyagi/iwanuma,90,かつや 宮城岩沼店,かつ丼,,meat,tb,True
miyagi/iwanuma,91,手造りとうふ 布田フーズ,その他,,other,none,False
miyagi/iwanuma,92,香蘭 バイパス店,中華料理,,chinese,tb,True
miyagi/iwanuma,93,国井米穀店,和菓子,,sweets,tb,True
miyagi/iwanuma,94,斎源商店,弁当,,casual,tb,True
miyagi/iwanuma,95,週末びっくり市 岩沼店,その他,,other,none,False
miyagi/iwanuma,96,韓一館,焼肉,,meat,tb,True
miyagi/iwanuma,97,三品屋,たい焼き・大判焼き,,sweets,tb,True
miyagi/iwanuma,98,かめや菓子舗,和菓子、洋菓子、パン,,sweets,tb,True
miyagi/iwanuma,99,居酒屋 ニライカナイ,居酒屋,,izakaya,tb,True
miyagi/iwanuma,100,あまのじゃく,居酒屋,,izakaya,tb,True
miyagi/iwanuma,101,ひまわりのたね,たい焼き・大判焼き、お好み焼き,,sweets,tb,True
miyagi/iwanuma,102,ヨークベニマル 岩沼西店,コンビニ・スーパー,,daily,tb,True
miyagi/iwanuma,103,フレスコキクチ 岩沼西店,コンビニ・スーパー,,daily,tb,True
miyagi/iwanuma,104,駅中スナック 岩沼店,居酒屋,,izakaya,tb,True
miyagi/iwanuma,105,お好みハウス たかはし,レストラン,,other,none,False
miyagi/iwanuma,106,夢彩café,カフェ,,cafe,tb,True
miyagi/iwanuma,107,幸楽苑 岩沼店,中華料理、ラーメン,,chinese,tb,True
miyagi/iwanuma,108,吉野家 ４号線岩沼店,牛丼、カレー、食堂,,casual,tb,True
miyagi/iwanuma,109,ラーメン 大志軒 岩沼店,ラーメン,,noodles,tb,True
miyagi/iwanuma,110,和風レストランまるまつ 岩沼店,ファミレス,,casual,tb,True
miyagi/iwanuma,111,文明堂 仙台直売店,和菓子、洋菓子、スイーツ,,sweets,tb,True
miyagi/iwanuma,112,平禄寿司 宮城岩沼店,回転寿司、海鮮、海鮮丼,,seafood,tb,True
miyagi/iwanuma,113,ポワソン,惣菜・デリ、弁当,,casual,tb,True
miyagi/iwanuma,114,おきらく割烹 東山,日本料理,,japanese,tb,True
miyagi/iwanuma,115,KITCHEN つぁいと,レストラン,,other,none,False
miyagi/iwanuma,116,カラカラ,カフェ、バー、ビアバー,,cafe,tb,True
miyagi/iwanuma,117,のれん酒房,居酒屋,,izakaya,tb,True
miyagi/iwanuma,118,スターバックス 岩沼店,カフェ、コーヒースタンド,,cafe,tb,True
miyagi/iwanuma,119,ル・コントワール ロメオ,ワインバー,,izakaya,tb,True
miyagi/iwanuma,120,マクドナルド 岩沼西ヨークベニマル店,ハンバーガー,,casual,tb,True
miyagi/iwanuma,121,鰻の成瀬 宮城岩沼店,うなぎ,,seafood,tb,True
miyagi/iwanuma,122,食事処 福住,海鮮、海鮮丼、天ぷら,,seafood,tb,True
miyagi/iwanuma,123,菊寿司,寿司,,seafood,tb,True
miyagi/iwanuma,124,ＤＡＮ蘭,レストラン,,other,none,False
miyagi/iwanuma,125,だいこんの花,居酒屋、日本酒バー、焼酎バー,,izakaya,tb,True
miyagi/iwanuma,126,藤セ,油そば・まぜそば,,noodles,tb,True
miyagi/iwanuma,127,宝島,寿司、食堂、居酒屋,,seafood,tb,True
miyagi/iwanuma,128,和風スナック てる美ちゃん,居酒屋,,izakaya,tb,True
miyagi/iwanuma,129,岩沼みんなの家 by infocom,カフェ,,cafe,tb,True
miyagi/iwanuma,130,おとなの食堂 MAY,居酒屋,,izakaya,tb,True
miyagi/iwanuma,131,山海厨房 雅,焼き鳥、居酒屋,,meat,tb,True
miyagi/iwanuma,132,たち花,そば、うどん、カレー,,noodles,tb,True
miyagi/iwanuma,133,ゆらり酒家 うさぎ,居酒屋,,izakaya,tb,True
miyagi/iwanuma,134,すき家 岩沼中央店,牛丼、カレー、食堂,,casual,tb,True
miyagi/iwanuma,135,ほっともっと 岩沼武隈店,弁当,,casual,tb,True
miyagi/iwanuma,136,蔵人,イタリアン,,european,tb,True
miyagi/iwanuma,137,牛角 岩沼店,焼肉、ホルモン、居酒屋,,meat,tb,True
miyagi/iwanuma,138,シャトレーゼ 岩沼店,ケーキ、洋菓子,,sweets,tb,True
miyagi/iwanuma,139,だんまや水産 岩沼駅前店,居酒屋,,izakaya,tb,True
miyagi/iwanuma,140,ナポリの窯 岩沼店,ピザ,,european,tb,True
miyagi/iwanuma,141,相傳商店,その他,,other,none,False
miyagi/iwanuma,142,モンペリエ ヨークベニマル岩沼店,パン,,sweets,tb,True
miyagi/iwanuma,143,不二家 ヨークベニマル岩沼西店,ケーキ,,sweets,tb,True
miyagi/iwanuma,144,セブンイレブン 岩沼二木2丁目店,コンビニ・スーパー,,daily,tb,True
miyagi/iwanuma,145,琉の花,焼肉、そば,,meat,tb,True
miyagi/iwanuma,146,幸楽苑のからあげ家 岩沼店,からあげ、コロッケ、弁当,,meat,tb,True
miyagi/iwanuma,147,和食屋はんざわ,日本料理,,japanese,tb,True
miyagi/iwanuma,148,モンペリエ ヨークベニマル岩沼西店,パン、サンドイッチ、ドーナツ,,sweets,tb,True
miyagi/iwanuma,149,たつみ,食堂,,casual,tb,True
miyagi/iwanuma,150,仙台ホルモン・焼肉 ときわ亭 岩沼店,ホルモン、焼肉,,meat,tb,True
miyagi/iwanuma,151,三浦栄進堂,和菓子、洋菓子,,sweets,tb,True
miyagi/iwanuma,152,まぜそば 凡芭凡芭,台湾まぜそば,,noodles,desc,False
miyagi/iwanuma,153,LAWSON 岩沼松ケ丘店,コンビニ・スーパー,,daily,tb,True
miyagi/iwanuma,154,ごちそう市場,弁当,,casual,tb,True
miyagi/iwanuma,155,大衆居酒屋オーパ！,居酒屋,,izakaya,tb,True
miyagi/iwanuma,156,セブンイレブン 岩沼小川店,コンビニ・スーパー,,daily,tb,True
miyagi/iwanuma,157,セブンイレブン 岩沼桜4丁目店,コンビニ・スーパー,,daily,tb,True
miyagi/iwanuma,158,ファミリーマート 岩沼たけくま店,コンビニ・スーパー,,daily,tb,True
miyagi/iwanuma,159,パン工房 アンジュール みやぎ生協セラビ岩沼店,パン,,sweets,tb,True
miyagi/iwanuma,160,ホテル原田,ビュッフェ,,casual,tb,True
miyagi/iwanuma,161,岩沼ホルモン おみつ,もつ焼き、からあげ,,meat,tb,False
miyagi/iwanuma,162,自家製麺 ラーメンが止マラナイ,ラーメン,,noodles,tb,True
miyagi/iwanuma,163,八百勝商店,その他,,other,none,False
miyagi/iwanuma,164,にぎわい市場,コンビニ・スーパー,,daily,tb,True
miyagi/iwanuma,165,NewDaysミニ 岩沼店,コンビニ・スーパー,,daily,tb,True
miyagi/iwanuma,166,洋食工房モリスケ,洋食,,european,tb,True
miyagi/iwanuma,167,Sucre,洋菓子,,sweets,tb,True
miyagi/iwanuma,168,セブンイレブン 岩沼たけくま店,コンビニ・スーパー,,daily,tb,True
miyagi/iwanuma,169,LAWSON 岩沼下野郷店,コンビニ・スーパー,,daily,tb,True
miyagi/iwanuma,170,桃,日本料理,,japanese,tb,True
miyagi/iwanuma,171,馬上かまぼこ店,その他,,other,none,False
miyagi/iwanuma,172,食品館イトー 岩沼店,コンビニ・スーパー,,daily,tb,True
miyagi/iwanuma,173,フレスコキクチ 岩沼東店,コンビニ・スーパー,,daily,tb,True
miyagi/iwanuma,174,酒場 わたる,居酒屋,,izakaya,tb,True
miyagi/iwanuma,175,森景商店,その他,,other,none,False
miyagi/iwanuma,176,たけこま市場,その他,,other,none,False
miyagi/iwanuma,177,遊食処九重,レストラン,,other,none,False
miyagi/iwanuma,178,バス停,レストラン,,other,none,False
miyagi/iwanuma,179,すし駒,寿司,,seafood,tb,True
miyagi/iwanuma,180,とりせん,レストラン,,other,none,False
miyagi/iwanuma,181,ひなた,レストラン,,other,none,False
miyagi/iwanuma,182,チップトップ,バー,,izakaya,tb,True
miyagi/iwanuma,183,かつこ,レストラン,,other,none,False
miyagi/iwanuma,184,居心地屋 大和,居酒屋,,izakaya,tb,True
miyagi/iwanuma,185,ホルモン・焼肉 玄,ホルモン、焼肉,,meat,tb,True
miyagi/iwanuma,186,ファミリーマート 岩沼恵み野二丁目店,コンビニ・スーパー,,daily,tb,True
miyagi/iwanuma,187,中華酒場 月灯,中華料理,,chinese,tb,True
miyagi/iwanuma,188,ふじ家,日本料理,,japanese,tb,True
miyagi/iwanuma,189,ホルモンなごみ,焼肉,,meat,tb,True
miyagi/iwanuma,190,ファミリーマート 岩沼桑原店,コンビニ・スーパー,,daily,tb,True
miyagi/iwanuma,191,すこやか食堂,食堂,,casual,tb,True
miyagi/iwanuma,192,居酒屋 つどい,居酒屋,,izakaya,tb,True
miyagi/iwanuma,193,宝来,レストラン,,other,none,False
miyagi/iwanuma,194,CLUBHOUSE Lio Lio,ダイニングバー、バー、カフェ,,izakaya,tb,True
miyagi/iwanuma,195,カワチ薬品 岩沼店,その他,,other,none,False
miyagi/iwanuma,196,あきあかね,日本料理、創作料理、郷土料理,,japanese,tb,True
miyagi/iwanuma,197,ストロベリーコーンズ 岩沼店,ピザ、パスタ、スイーツ,,european,tb,True
miyagi/iwanuma,198,岩秀,レストラン,,other,none,False
miyagi/iwanuma,199,Kikka,ダイニングバー、居酒屋、肉料理,,izakaya,tb,True
miyagi/iwanuma,200,居酒屋 おゆき,居酒屋,,izakaya,tb,True
miyagi/iwanuma,201,COOP MIYAGI 岩沼店,コンビニ・スーパー,,daily,tb,True
miyagi/iwanuma,202,Montana Resort,,French,european,ta,True
miyagi/iwanuma,203,Restaurant Cache Cache,,French,european,ta,True
miyagi/iwanuma,204,Mengumi,,,other,none,False
miyagi/iwanuma,205,Restaurant Pal Pal,,,other,none,False
miyagi/iwanuma,206,Homemade Chinese Noodles Yaen,,Chinese,chinese,ta,True
miyagi/iwanuma,207,Bistro Serukuru,,French,european,ta,True
miyagi/iwanuma,208,Arakawa Noodle Shop,,,other,none,False
miyagi/iwanuma,209,Mirukiueiiwanumaten,,International,other,none,False
miyagi/iwanuma,210,Deux Lapins,,French,european,ta,True
miyagi/iwanuma,211,Soba Shop Osada,,Japanese;Japanese - Other ,japanese,ta,True
miyagi/iwanuma,212,Iwahide,,Japanese;International;Japanese - Other ,japanese,ta,True
miyagi/iwanuma,213,Iorizen Iwanuma,,Seafood,seafood,ta,True
miyagi/iwanuma,214,Kobo Suijin Soba,,Japanese - Other ,japanese,ta,True
miyagi/iwanuma,215,Sakumaya Confectionery,,,other,none,False
miyagi/iwanuma,216,Shoko Shubo,,Chinese,chinese,ta,True
miyagi/iwanuma,217,Soba Chitose,,Japanese;Japanese - Other ,japanese,ta,True
miyagi/iwanuma,218,Royal India Restaurant Iwanuma,,Indian,curry,ta,True
miyagi/iwanuma,219,Dammaya Suisan Iwanuma Ekimae,,Japanese;Izakaya (Japanese Style Tavern),izakaya,ta,True
miyagi/iwanuma,220,Daiyu Ryoriya,,Japanese,japanese,ta,True
miyagi/iwanuma,221,Kojuro,,,other,none,False
miyagi/iwanuma,222,Taraku Chaya,,Japanese;Seafood;Sushi;Japanese - Other ,seafood,ta,True
miyagi/iwanuma,223,Zero,,,other,none,False
miyagi/iwanuma,224,Abeya Dining,,,other,none,False
miyagi/iwanuma,225,Nomase,,Bar;Pub,izakaya,ta,True
miyagi/iwanuma,226,Kushidokoro Toriton,,Japanese;Pub,izakaya,ta,True
miyagi/iwanuma,227,Jump Ramen,,,other,none,False
miyagi/iwanuma,228,Yakitoritakachan,,Japanese;Japanese - Other ,japanese,ta,True
miyagi/iwanuma,229,Tamaryu Hanten,,Chinese,chinese,ta,True
miyagi/iwanuma,230,Curry House Sono,,,other,none,False
miyagi/iwanuma,231,Shisen Ryori Soka,,Chinese;Szechuan,chinese,ta,True
miyagi/iwanuma,232,Oishiiichibatanpopo,,International,other,none,False
miyagi/iwanuma,233,Shabu Shabu Gosen Iwanuma Honten,,Japanese,japanese,ta,True
miyagi/iwanuma,234,Snak and Cafe Yomoyama,,Cafe,cafe,ta,True
miyagi/iwanuma,235,Jerbu Iwanuma,,Cafe,cafe,ta,True
miyagi/iwanuma,236,Ajiyoshi,,Japanese;International;Japanese - Other ,japanese,ta,True
miyagi/iwanuma,237,Cafe Sweets Natural,,Cafe,cafe,ta,True
miyagi/iwanuma,238,Yawatahanten,,Chinese,chinese,ta,True
miyagi/iwanuma,239,Stray Cat Wine,,,other,none,False
miyagi/iwanuma,240,桃花林,,Chinese,chinese,ta,True
miyagi/iwanuma,241,Peacock Iwanuma,,Japanese;Japanese - Other ,japanese,ta,True
miyagi/iwanuma,242,Tsuaito Kitchen,,German,european,ta,True
miyagi/iwanuma,243,Tomi Zushi,,Japanese;Seafood;Sushi;Japanese - Other ,seafood,ta,True
miyagi/iwanuma,244,Kacho,,Japanese;Japanese - Other ,japanese,ta,True
miyagi/iwanuma,245,Yakitori Daikichi Iwanuma,,Japanese;Japanese - Other ,japanese,ta,True
miyagi/iwanuma,246,Chinese Restaurant Hanatenshin,,Chinese;Japanese,chinese,ta,True
miyagi/iwanuma,247,Dining Akira,,Japanese,japanese,ta,True
miyagi/iwanuma,248,Karaoke Studio Skarinto,,International,other,none,False
miyagi/iwanuma,249,Party Karaoke I S,,International,other,none,False
miyagi/iwanuma,250,Eiraiken,,,other,none,False
miyagi/iwanuma,251,Snack Remy,,,other,none,False
miyagi/iwanuma,252,Dining Misato,,,other,none,False
miyagi/iwanuma,253,Sakura No Kobako,,,other,none,False
miyagi/iwanuma,254,Homemade Prepared Foods Akane,,,other,none,False
miyagi/iwanuma,255,Wain to Chizu no Mise Le Comptoir R,,,other,none,False
miyagi/iwanuma,256,Miyagino Shokudo,,Japanese;International;Japanese - Other ,japanese,ta,True
miyagi/iwanuma,257,Manpuku Dining Miyashi,,Japanese;International;Japanese - Other ,japanese,ta,True
miyagi/iwanuma,258,Horai,,Japanese;International;Japanese - Other ,japanese,ta,True
miyagi/iwanuma,259,Sawauchi Kamoryori,,Japanese;Japanese - Other ,japanese,ta,True
miyagi/iwanuma,260,Banrai,,Japanese;International;Japanese - Other ,japanese,ta,True
miyagi/iwanuma,261,Aji Kiko Aizen,,Japanese - Other ,japanese,ta,True
miyagi/iwanuma,262,Takano Restaurant,,Japanese;International;Japanese - Other ,japanese,ta,True
miyagi/iwanuma,263,Hirai Ya,,Japanese - Traditional Cuisine,other,none,False
miyagi/iwanuma,264,Matsuya Shokudo,,Barbecue,meat,ta,True
miyagi/iwanuma,265,Yushokudokoro Kokonoe,,Japanese;International;Japanese - Other ,japanese,ta,True
miyagi/iwanuma,266,Meal Processing Otomo,,Japanese,japanese,ta,True
miyagi/iwanuma,267,Seasonal Shunsai Osho,,Japanese - Traditional Cuisine,other,none,False
miyagi/iwanuma,268,Wakuwaku Bento Iwanuma,,Japanese,japanese,ta,True
miyagi/iwanuma,269,Foods Garden Tamaura Shokusaikan,,,other,none,False
miyagi/iwanuma,270,Barba,,,other,none,False
miyagi/iwanuma,271,Hanamaro,,Japanese,japanese,ta,True
miyagi/iwanuma,272,Hormone Tavern Hishimekiya,,Barbecue,meat,ta,True
miyagi/iwanuma,273,Uruma,,,other,none,False
miyagi/iwanuma,274,Farine Serabi Iwanuma,,,other,none,False
miyagi/iwanuma,275,Sumibiyaki Giichi,,Japanese,japanese,ta,True
miyagi/iwanuma,276,Ajiro,,Seafood,seafood,ta,True
miyagi/iwanuma,277,Kitchen Saito,,Fusion,other,none,False
miyagi/iwanuma,278,Konohata York Benimaru Iwanuma,,,other,none,False
miyagi/iwanuma,279,Brian S2,,,other,none,False
miyagi/iwanuma,280,China Snack Hanamizuki,,,other,none,False
miyagi/iwanuma,281,Snack Duckweed,,,other,none,False
miyagi/iwanuma,282,Snack Nagisa,,,other,none,False
miyagi/iwanuma,283,Cafe Snacks Kei,,,other,none,False
miyagi/iwanuma,284,Hishiya,,Japanese,japanese,ta,True
miyagi/iwanuma,285,Snack Begin,,,other,none,False
miyagi/iwanuma,286,Sentence Chan,,,other,none,False
miyagi/iwanuma,287,Majarain,,,other,none,False
miyagi/iwanuma,288,Japanese Style Snacks Terumichan,,,other,none,False
miyagi/iwanuma,289,Revival,,,other,none,False
miyagi/iwanuma,290,Sengan,,Japanese;Izakaya (Japanese Style Tavern),izakaya,ta,True
miyagi/iwanuma,291,Poireau,,Japanese;Izakaya (Japanese Style Tavern),izakaya,ta,True
miyagi/iwanuma,292,Hassan,,Japanese;Izakaya (Japanese Style Tavern),izakaya,ta,True
miyagi/iwanuma,293,Ajidokoro Umisen Yamasen,,Japanese;Izakaya (Japanese Style Tavern),izakaya,ta,True
miyagi/iwanuma,294,Maria s Paradise,,Japanese;Izakaya (Japanese Style Tavern),izakaya,ta,True
miyagi/iwanuma,295,Aji Dokoro Take,,Japanese;Izakaya (Japanese Style Tavern),izakaya,ta,True
miyagi/iwanuma,296,Fuwari,,Japanese;Izakaya (Japanese Style Tavern),izakaya,ta,True
miyagi/iwanuma,297,Tsudoi,,Japanese;Izakaya (Japanese Style Tavern),izakaya,ta,True
miyagi/iwanuma,298,Bus Tei,,Japanese;Izakaya (Japanese Style Tavern),izakaya,ta,True
miyagi/iwanuma,299,La Porte,,,other,none,False
miyagi/iwanuma,300,Izakaya Ayaya,,Pub,izakaya,ta,True
miyagi/iwanuma,301,Shonaihan,,,other,none,False
miyagi/iwanuma,302,Bistro Bonten Iwanuma,,Pub;Gastropub,izakaya,ta,True
miyagi/iwanuma,303,Tiptop,,Bar;Pub,izakaya,ta,True
miyagi/kakuda,1,光華飯店,ラーメン、中華料理,,noodles,tb,True
miyagi/kakuda,2,hori pan,パン,,sweets,tb,True
miyagi/kakuda,3,かずき,中華料理、居酒屋、食堂,,chinese,tb,True
miyagi/kakuda,4,果樹園,喫茶店、ピザ、パスタ,,cafe,tb,True
miyagi/kakuda,5,道の駅 かくだ,道の駅,,other,none,False
miyagi/kakuda,6,ぱぴハウス 道の駅かくだ店,ピザ,,european,tb,True
miyagi/kakuda,7,郷家精肉店,惣菜・デリ,,casual,tb,True
miyagi/kakuda,8,母里の風,洋食、居酒屋,,european,tb,True
miyagi/kakuda,9,Kスポキッチン,食堂、ラーメン、丼,,casual,tb,True
miyagi/kakuda,10,となりの肉そば,そば,,noodles,tb,True
miyagi/kakuda,11,そば処　壽庵,そば,,noodles,tb,True
miyagi/kakuda,12,味の店 翔屋,ラーメン,,noodles,tb,True
miyagi/kakuda,13,Cream Tea,カフェ,,cafe,tb,True
miyagi/kakuda,14,ブローチ,カフェ、ケーキ、パン,,cafe,tb,True
miyagi/kakuda,15,中国料理 檸檬亭,中華料理,,chinese,tb,True
miyagi/kakuda,16,心のおと,ケーキ,,sweets,tb,True
miyagi/kakuda,17,がぎゅうベーカリー,パン,,sweets,tb,True
miyagi/kakuda,18,宮崎屋,そば、うどん、丼,,noodles,tb,True
miyagi/kakuda,19,前橋菓子店,ケーキ、和菓子,,sweets,tb,True
miyagi/kakuda,20,Kスポカフェ,カフェ,,cafe,tb,True
miyagi/kakuda,21,そば処たちばな,うどん、そば、食堂,,noodles,tb,True
miyagi/kakuda,22,美よし家,そば、郷土料理、食堂,,noodles,tb,True
miyagi/kakuda,23,ささもり 天神町本店,和菓子、ケーキ,,sweets,tb,True
miyagi/kakuda,24,京園,食堂、焼肉,,casual,tb,True
miyagi/kakuda,25,中華料理 かんの,中華料理,,chinese,tb,True
miyagi/kakuda,26,天然温泉もみの木 食事処 はなのれん,食堂,,casual,tb,True
miyagi/kakuda,27,らーめん せん家 角田店,ラーメン,,noodles,tb,True
miyagi/kakuda,28,カフェレストラン ＥＶＡＮＳ’89,喫茶店、ヨーロッパ料理、ハンバーグ,,cafe,tb,True
miyagi/kakuda,29,小田嶋,和菓子,,sweets,tb,True
miyagi/kakuda,30,房ずし,寿司,,seafood,tb,True
miyagi/kakuda,31,日本料理 遊膳,日本料理,,japanese,tb,True
miyagi/kakuda,32,あぐりっと,その他、カフェ,,cafe,tb,False
miyagi/kakuda,33,泉屋・手打うどん,食堂、うどん,,casual,tb,True
miyagi/kakuda,34,満城香,中華料理,,chinese,tb,True
miyagi/kakuda,35,Panch,日本酒バー、焼酎バー、バー,,izakaya,tb,True
miyagi/kakuda,36,稲cafe あぐりっと,カフェ,,cafe,tb,True
miyagi/kakuda,37,A&COOP 角田店,コンビニ・スーパー,,daily,tb,True
miyagi/kakuda,38,森の芽ぶきたまご舎 道の駅かくだ店,ソフトクリーム、洋菓子,,sweets,tb,True
miyagi/kakuda,39,ベコ屋の洋ちゃん,牛料理、コロッケ,,casual,tb,False
miyagi/kakuda,40,味亭すけろく,寿司,,seafood,tb,True
miyagi/kakuda,41,自家焙煎コーヒー工房ＯＧＡＴＡ,カフェ,,cafe,tb,True
miyagi/kakuda,42,やなぎ茶屋,居酒屋、日本料理、ラーメン,,izakaya,tb,True
miyagi/kakuda,43,寺珈琲 榧,カフェ,,cafe,tb,True
miyagi/kakuda,44,清華園,食堂、中華料理,,casual,tb,True
miyagi/kakuda,45,カフェ&キッチン テリア,カフェ,,cafe,tb,True
miyagi/kakuda,46,そば処 山の内分校,そば,,noodles,tb,True
miyagi/kakuda,47,あおいファーム Guest House,洋食,,european,tb,True
miyagi/kakuda,48,カラオケまねきねこ 角田店,カラオケ,,izakaya,tb,True
miyagi/kakuda,49,旬味れすとらん 入の坊,洋食、天ぷら,,european,tb,True
miyagi/kakuda,50,丸惠コーヒー,喫茶店,,cafe,tb,True
miyagi/kakuda,51,中華味一　鳳,中華料理,,chinese,tb,True
miyagi/kakuda,52,天然温泉もみの木 そばうどんコーナー はなみずき,食堂、そば、うどん,,casual,tb,True
miyagi/kakuda,53,牛たん炭焼 利久 角田店,牛タン,,meat,tb,True
miyagi/kakuda,54,有限会社 マルセン,その他,,other,none,False
miyagi/kakuda,55,ホルモン食堂 食樂 角田店,ホルモン、焼肉,,meat,tb,True
miyagi/kakuda,56,ラーメン喫茶 りんどう,ラーメン、喫茶店,,noodles,tb,True
miyagi/kakuda,57,おそうざい屋デリデリキッチン,惣菜・デリ、おにぎり、郷土料理,,casual,tb,True
miyagi/kakuda,58,斎藤養鶏場,その他,,other,none,False
miyagi/kakuda,59,ヨサク,居酒屋,,izakaya,tb,True
miyagi/kakuda,60,串や兆助,居酒屋、日本酒バー、焼酎バー,,izakaya,tb,True
miyagi/kakuda,61,和風レストラン まるまつ 角田店,ファミレス,,casual,tb,True
miyagi/kakuda,62,すき家 113号角田店,牛丼、カレー、食堂,,casual,tb,True
miyagi/kakuda,63,ひまわり ヤマザワ角田店,食堂,,casual,tb,True
miyagi/kakuda,64,にじいろカフェ,カフェ,,cafe,tb,True
miyagi/kakuda,65,肉のささき,惣菜・デリ,,casual,tb,True
miyagi/kakuda,66,すし和,寿司,,seafood,tb,True
miyagi/kakuda,67,宮,ホルモン、焼肉、居酒屋,,meat,tb,True
miyagi/kakuda,68,ミニストップ 角田藤田店,コンビニ・スーパー,,daily,tb,True
miyagi/kakuda,69,バカ美味ぎょうざ,餃子,,chinese,tb,True
miyagi/kakuda,70,Ecco la qua,バル,,european,tb,True
miyagi/kakuda,71,胡椒亭,焼肉,,meat,tb,True
miyagi/kakuda,72,三晴寿司,寿司,,seafood,tb,True
miyagi/kakuda,73,イーグル,喫茶店,,cafe,tb,True
miyagi/kakuda,74,ウィザード,バー,,izakaya,tb,True
miyagi/kakuda,75,天然温泉もみの木 産直コーナー,その他,,other,none,False
miyagi/kakuda,76,新よこはま,その他,,other,none,False
miyagi/kakuda,77,幸楽苑 角田店,ラーメン,,noodles,tb,True
miyagi/kakuda,78,マクドナルド 角田ヤマザワ店,ハンバーガー、カフェ,,casual,tb,True
miyagi/kakuda,79,らーめんはうす,ラーメン,,noodles,tb,True
miyagi/kakuda,80,工房 美山の里,カフェ,,cafe,tb,True
miyagi/kakuda,81,ふる里,居酒屋,,izakaya,tb,True
miyagi/kakuda,82,たこさく,たこ焼き,,casual,tb,True
miyagi/kakuda,83,ヤマザワ 角田店,コンビニ・スーパー,,daily,tb,True
miyagi/kakuda,84,ゲストハウス66,その他,,other,none,False
miyagi/kakuda,85,まごころ手料理花,レストラン,,other,none,False
miyagi/kakuda,86,スナック Ageha,バー,,izakaya,tb,True
miyagi/kakuda,87,かつ川,居酒屋,,izakaya,tb,True
miyagi/kakuda,88,ぜいご屋 ふふ,日本料理、創作料理、寿司,,japanese,tb,True
miyagi/kakuda,89,シャトレーゼ 角田店,洋菓子、ケーキ、スイーツ,,sweets,tb,True
miyagi/kakuda,90,モンペリエ ヨークベニマル角田店,パン、カフェ,,sweets,tb,True
miyagi/kakuda,91,ほっともっと 角田錦町店,弁当,,casual,tb,True
miyagi/kakuda,92,サンロード ヤマザワ角田店,パン、サンドイッチ,,sweets,tb,True
miyagi/kakuda,93,LAWSON 角田横倉店,コンビニ・スーパー,,daily,tb,True
miyagi/kakuda,94,養老乃瀧 角田店,居酒屋,,izakaya,tb,True
miyagi/kakuda,95,やきとり 大吉 角田中央店,焼き鳥,,meat,tb,True
miyagi/kakuda,96,フジヤ 角田店,その他,,other,none,False
miyagi/kakuda,97,やきとりハウス,焼き鳥,,meat,tb,True
miyagi/kakuda,98,ワイワイ,居酒屋、パスタ、ピザ,,izakaya,tb,True
miyagi/kakuda,99,ヨークベニマル 角田店,コンビニ・スーパー,,daily,tb,True
miyagi/kakuda,100,丸山 産直食肉センター,その他,,other,none,False
miyagi/kakuda,101,セブンイレブン 角田江尻店,コンビニ・スーパー,,daily,tb,True
miyagi/kakuda,102,館 角田,その他,,other,none,False
miyagi/kakuda,103,味工房めいじ,弁当,,casual,tb,True
miyagi/kakuda,104,ささもり 西仲町店,和菓子、洋菓子,,sweets,tb,True
miyagi/kakuda,105,めん六や 宮城角田店,うどん、そば、ラーメン,,noodles,tb,True
miyagi/kakuda,106,ポトスの森,カフェ、居酒屋,,cafe,tb,True
miyagi/kakuda,107,不二家 ヨークベニマル角田店,ケーキ,,sweets,tb,True
miyagi/kakuda,108,大衆割烹大伊豆,居酒屋,,izakaya,tb,True
miyagi/kakuda,109,AS,焼肉、ホルモン,,meat,tb,True
miyagi/kakuda,110,フレッシュグリーン,おにぎり,,casual,tb,True
miyagi/kakuda,111,ゆうき水産,その他,,other,none,False
miyagi/kakuda,112,ツルハドラッグ 角田店,その他,,other,none,False
miyagi/kakuda,113,セブンイレブン 角田横倉,コンビニ・スーパー,,daily,tb,True
miyagi/kakuda,114,馬上かまぼこ店 角田柳町店,その他,,other,none,False
miyagi/kakuda,115,LAWSON 角田田町店,コンビニ・スーパー,,daily,tb,True
miyagi/kakuda,116,clover coffee stand,コーヒースタンド,,cafe,tb,True
miyagi/kakuda,117,田んぼアート ふれあい直売所,その他,,other,none,False
miyagi/kakuda,118,フレスコキクチ 角田店,コンビニ・スーパー,,daily,tb,True
miyagi/kakuda,119,加藤果樹園,その他,,other,none,False
miyagi/kakuda,120,美音,カフェ,,cafe,tb,True
miyagi/kakuda,121,角田市民ゴルフ場,その他,,other,none,False
miyagi/kakuda,122,居酒屋じゅん平,居酒屋、串焼き、日本酒バー,,izakaya,tb,True
miyagi/kakuda,123,PumBAA,バー、カフェ,,izakaya,tb,True
miyagi/kakuda,124,牛若丸,居酒屋,,izakaya,tb,True
miyagi/kakuda,125,和風ダイニング善,寿司,,seafood,tb,True
miyagi/kakuda,126,待夢,バー,,izakaya,tb,True
miyagi/kakuda,127,居酒屋えびす,焼き鳥,,meat,tb,True
miyagi/kakuda,128,小野園,その他,,other,none,False
miyagi/kakuda,129,高城ストアー,売店,,casual,tb,True
miyagi/kakuda,130,やきとり 大吉 角田店,焼き鳥,,meat,tb,True
miyagi/kakuda,131,マーメイド,居酒屋,,izakaya,tb,True
miyagi/kakuda,132,たこさく,たこ焼き,,casual,tb,True
miyagi/kakuda,133,かっぱ粋酔,居酒屋,,izakaya,tb,True
miyagi/kakuda,134,寿し政,寿司,,seafood,tb,True
miyagi/kakuda,135,Kokahanten,,Chinese,chinese,ta,True
miyagi/kakuda,136,Shinken Factory,,Brew Pub;Pub,izakaya,ta,True
miyagi/kakuda,137,Japanese Cuisine Yuzen,,Japanese,japanese,ta,True
miyagi/kakuda,138,Family Restaurants Miyoshiya,,Japanese;Japanese - Other ,japanese,ta,True
miyagi/kakuda,139,Shummi Restaurant Irinobo,,International;Fusion,other,none,False
miyagi/kakuda,140,Takasago Ryokan,,Japanese;Japanese - Traditional Cuisine;Kappo,japanese,ta,True
miyagi/kakuda,141,Japanese Restaurant Marumatsu Kakuda,,Japanese;International;Japanese - Other ,japanese,ta,True
miyagi/kakuda,142,Tokiwatei Kakuta,,Barbecue,meat,ta,True
miyagi/kakuda,143,Kiraku,,Japanese;International;Japanese - Other ,japanese,ta,True
miyagi/kakuda,144,Yanahara Industry,,,other,none,False
miyagi/kakuda,145,梅寿司,,Japanese;Sushi,seafood,ta,True
miyagi/kakuda,146,Tonkatsu Mimasu,,Japanese;Japanese - Other ,japanese,ta,True
miyagi/kakuda,147,Peacock,,Japanese;Japanese - Other ,japanese,ta,True
miyagi/kakuda,148,Sobadokoro Juan,,,other,none,False
miyagi/kakuda,149,Teuchi Soba Hisada,,Japanese;Japanese - Other ,japanese,ta,True
miyagi/kakuda,150,Ajirogi,,Japanese,japanese,ta,True
miyagi/kakuda,151,Fuku Sushi,,Japanese;Seafood;Sushi;Japanese - Other ,seafood,ta,True
miyagi/kakuda,152,Iroha,,Japanese,japanese,ta,True
miyagi/kakuda,153,Kappo Takashi,,Japanese;Kappo,japanese,ta,True
miyagi/kakuda,154,Snack Eagle,,Cafe,cafe,ta,True
miyagi/kakuda,155,Kanedaya Pastry,,,other,none,False
miyagi/kakuda,156,比婆権,,Japanese;International;Japanese - Other ,japanese,ta,True
miyagi/kakuda,157,Sushi Masa,,Japanese;Seafood;Sushi;Japanese - Other ,seafood,ta,True
miyagi/kakuda,158,Satsuki Shokudo,,Japanese;International;Japanese - Other ,japanese,ta,True
miyagi/kakuda,159,Nomidokoro Momo,,Japanese,japanese,ta,True
miyagi/kakuda,160,Tamboya,,Izakaya (Japanese Style Tavern),izakaya,ta,True
miyagi/kakuda,161,Toshi Sushi,,Japanese;Sushi,seafood,ta,True
miyagi/kakuda,162,Hyotan,,Japanese,japanese,ta,True
miyagi/kakuda,163,Brooch,,Cafe,cafe,ta,True
miyagi/kakuda,164,La Grande,,Pub,izakaya,ta,True
miyagi/kakuda,165,Mermaid,,Japanese,japanese,ta,True
miyagi/kakuda,166,Nomidokoro Yuzu,,Japanese;Izakaya (Japanese Style Tavern),izakaya,ta,True
miyagi/kakuda,167,Japanese Dining Zen,,Japanese;Izakaya (Japanese Style Tavern),izakaya,ta,True
miyagi/kakuda,168,Sobadokorotachibana,,Japanese;Japanese - Other ,japanese,ta,True
miyagi/kakuda,169,Yakiniku Ton Ton,,Barbecue,meat,ta,True
miyagi/kakuda,170,Kubouchi Inshoku,,Japanese - Other ,japanese,ta,True
miyagi/kakuda,171,Suehiro Shokudo Kakuta Shiten,,Japanese;International;Japanese - Other ,japanese,ta,True
miyagi/kakuda,172,Kadokyu,,,other,none,False
miyagi/kakuda,173,Long Run,,,other,none,False
miyagi/kakuda,174,Karaoke Chorus,,International,other,none,False
miyagi/kakuda,175,Robatayaki Kappa,,Japanese,japanese,ta,True
miyagi/kakuda,176,Mame No Ki,,Japanese,japanese,ta,True
miyagi/kakuda,177,Aomori Horumontsunamiya Kakuta,,Barbecue,meat,ta,True
miyagi/kakuda,178,Sake Dokoro Yume,,Japanese,japanese,ta,True
miyagi/kakuda,179,Hisago,,Japanese;International;Japanese - Other ,japanese,ta,True
miyagi/kakuda,180,角屋ホルモン食堂,,Barbecue,meat,ta,True
miyagi/kakuda,181,Franceya Pastry,,,other,none,False
miyagi/kakuda,182,つつみ屋 角田店,,,other,none,False
miyagi/kakuda,183,Kan No Chinese Restaurant,,Chinese,chinese,ta,True
miyagi/kakuda,184,Cafe kitchen Terrier,,,other,none,False
miyagi/kakuda,185,Ikeda Pastry,,,other,none,False
miyagi/kakuda,186,Snack Akasaka,,,other,none,False
miyagi/kakuda,187,Venus,,,other,none,False
miyagi/kakuda,188,Restaurant Zelkova,,,other,none,False
miyagi/kakuda,189,Okashino Sasamori Tenjimmachi Main Store,,,other,none,False
miyagi/kakuda,190,Okashino Sasamori Nishinakamachi Branch,,,other,none,False
miyagi/kakuda,191,Izakaya Taketombo,,Izakaya (Japanese Style Tavern),izakaya,ta,True
miyagi/kakuda,192,Kanemaru Shokudo,,,other,none,False
miyagi/kakuda,193,Yatchan Ramen House,,,other,none,False
miyagi/kakuda,194,Akagaki,,,other,none,False
miyagi/kakuda,195,Taimu,,Pub,izakaya,ta,True
miyagi/kakuda,196,Ai,,Pub,izakaya,ta,True
miyagi/kakuda,197,Sports Sakaba Sutasuta,,Bar;Pub,izakaya,ta,True
miyagi/kamimachi,1,笠聖,寿司,,seafood,tb,True
miyagi/kamimachi,2,おざわ食堂,ラーメン,,noodles,tb,True
miyagi/kamimachi,3,齋虎,ラーメン,,noodles,tb,True
miyagi/kamimachi,4,GENJIRO,カフェ、カレー,,cafe,tb,True
miyagi/kamimachi,5,中華料理　栄楽,中華料理、ラーメン,,chinese,tb,True
miyagi/kamimachi,6,蕎麦 りぞう庵,そば、天ぷら,,noodles,tb,True
miyagi/kamimachi,7,たけや,中華料理,,chinese,tb,True
miyagi/kamimachi,8,ごはん屋 日に日に,食堂,,casual,tb,True
miyagi/kamimachi,9,やくらいハイツ,ジンギスカン、焼肉,,meat,tb,True
miyagi/kamimachi,10,加美町食堂 ピッチョーネ,ピザ、パスタ、パンケーキ,,european,tb,True
miyagi/kamimachi,11,やくらい土産センター・山の幸センター,食堂、そば,,casual,tb,True
miyagi/kamimachi,12,味楽,中華料理、麺類、ピザ,,chinese,tb,True
miyagi/kamimachi,13,滝庭の関 駒庄,そば,,noodles,tb,True
miyagi/kamimachi,14,中華そば みつば,ラーメン,,noodles,tb,True
miyagi/kamimachi,15,フォーリア,カフェ,,cafe,tb,True
miyagi/kamimachi,16,えちご亭,レストラン,,other,none,False
miyagi/kamimachi,17,かさ松,海鮮、すき焼き、日本料理,,seafood,tb,True
miyagi/kamimachi,18,リベルテ,喫茶店,,cafe,tb,True
miyagi/kamimachi,19,あさりん菓子店,和菓子,,sweets,tb,True
miyagi/kamimachi,20,ばーばの家,食堂,,casual,tb,True
miyagi/kamimachi,21,やくらい薬師の湯,郷土料理,,japanese,tb,True
miyagi/kamimachi,22,ぶな林,洋食,,european,tb,True
miyagi/kamimachi,23,いろは食堂,レストラン,,other,none,False
miyagi/kamimachi,24,こだわりとんかつひかり亭,とんかつ,,meat,tb,True
miyagi/kamimachi,25,天鳳,中華料理,,chinese,tb,True
miyagi/kamimachi,26,金村屋,そば、うどん,,noodles,tb,True
miyagi/kamimachi,27,文華,中華料理,,chinese,tb,True
miyagi/kamimachi,28,丸大屋,ラーメン、中華料理、麺類,,noodles,tb,True
miyagi/kamimachi,29,宗右衛門,そば,,noodles,tb,True
miyagi/kamimachi,30,ささや食堂,食堂,,casual,tb,True
miyagi/kamimachi,31,る ぱん こなこな,パン、ベーグル,,sweets,tb,True
miyagi/kamimachi,32,カフェ ぐらん,カフェ,,cafe,tb,True
miyagi/kamimachi,33,中国料理 東華,中華料理、ラーメン,,chinese,tb,True
miyagi/kamimachi,34,凛凛,ラーメン,,noodles,tb,True
miyagi/kamimachi,35,Boulangerie ARBRE,パン,,sweets,tb,True
miyagi/kamimachi,36,だがし屋 竹とんぼ,売店,,casual,tb,True
miyagi/kamimachi,37,どりーむ,カラオケ,,izakaya,tb,True
miyagi/kamimachi,38,米澤屋,和菓子,,sweets,tb,True
miyagi/kamimachi,39,門眞菓子店,和菓子,,sweets,tb,True
miyagi/kamimachi,40,カミフジ,イタリアン,,european,tb,True
miyagi/kamimachi,41,梅花堂,和菓子,,sweets,tb,True
miyagi/kamimachi,42,食彩市場 みやざきどどんこ館,食堂、カフェ,,casual,tb,True
miyagi/kamimachi,43,菓子職人,ケーキ、和菓子、洋菓子,,sweets,tb,True
miyagi/kamimachi,44,喜進堂,和菓子、ケーキ、マカロン,,sweets,tb,True
miyagi/kamimachi,45,All Time High Coffee Roastery,カフェ,,cafe,tb,True
miyagi/kamimachi,46,広原ドライブイン,ラーメン、食堂,,noodles,tb,True
miyagi/kamimachi,47,ぶなの実,洋食、日本料理,,european,tb,True
miyagi/kamimachi,48,おかしの越後屋,ケーキ、和菓子、洋菓子,,sweets,tb,True
miyagi/kamimachi,49,つどい,喫茶店、ラーメン,,cafe,tb,True
miyagi/kamimachi,50,もち処大滝,和菓子,,sweets,tb,True
miyagi/kamimachi,51,ENSEMBLE COFFEE,カフェ,,cafe,tb,True
miyagi/kamimachi,52,外の音,カフェ,,cafe,tb,True
miyagi/kamimachi,53,おたる,居酒屋,,izakaya,tb,True
miyagi/kamimachi,54,喜久しん,うなぎ、日本料理,,seafood,tb,True
miyagi/kamimachi,55,陽だまりCafé,カフェ、喫茶店,,cafe,tb,True
miyagi/kamimachi,56,はなや,レストラン,,other,none,False
miyagi/kamimachi,57,やくらいサイズゴルフ倶楽部 レストラン,レストラン、食堂,,casual,tb,False
miyagi/kamimachi,58,カフェ 路上,カフェ,,cafe,tb,True
miyagi/kamimachi,59,アポロ菓子店,和菓子、洋菓子,,sweets,tb,True
miyagi/kamimachi,60,関精肉畜産,コロッケ,,casual,tb,True
miyagi/kamimachi,61,田中酒造店,その他,,other,none,False
miyagi/kamimachi,62,加美パルコ,パン,,sweets,tb,True
miyagi/kamimachi,63,コンツェルトハウス,洋食,,european,tb,True
miyagi/kamimachi,64,きっちんとまと,食堂,,casual,tb,True
miyagi/kamimachi,65,いっぷく亭,そば,,noodles,tb,True
miyagi/kamimachi,66,平禄寿司 宮城加美中新田店,回転寿司、海鮮、海鮮丼,,seafood,tb,True
miyagi/kamimachi,67,和風レストランまるまつ 中新田店,ファミレス,,casual,tb,True
miyagi/kamimachi,68,おなつ食堂,ラーメン,,noodles,tb,True
miyagi/kamimachi,69,モンペリエ 中新田店,パン、洋菓子、ピザ,,sweets,tb,True
miyagi/kamimachi,70,あじわいの朝 中新田店,その他,,other,none,False
miyagi/kamimachi,71,IZAKAYAきたむら,居酒屋、日本料理,,izakaya,tb,True
miyagi/kamimachi,72,不二家 イオンSuC加美店,ケーキ、ジェラート・アイスクリーム,,sweets,tb,True
miyagi/kamimachi,73,パン工場 イオンスーパーセンター加美店,パン、サンドイッチ,,sweets,tb,True
miyagi/kamimachi,74,ENSEMBLE COFFEE,カフェ、喫茶店,,cafe,tb,True
miyagi/kamimachi,75,カフェ・ド・ゴーシュ,喫茶店,,cafe,tb,True
miyagi/kamimachi,76,宮川とうふ店,その他,,other,none,False
miyagi/kamimachi,77,居酒屋さすけ,居酒屋,,izakaya,tb,True
miyagi/kamimachi,78,セブンイレブン 宮城中新田矢越店,コンビニ・スーパー,,daily,tb,True
miyagi/kamimachi,79,勝栄堂,和菓子、洋菓子,,sweets,tb,True
miyagi/kamimachi,80,シキシマヤ,洋菓子、ケーキ,,sweets,tb,True
miyagi/kamimachi,81,なんぶ家,日本料理,,japanese,tb,True
miyagi/kamimachi,82,レストラン フォーリア,イタリアン,,european,tb,True
miyagi/kamimachi,83,松泉堂,どら焼き、和菓子,,sweets,tb,True
miyagi/kamimachi,84,あじまん DCM中新田店,売店,,casual,tb,True
miyagi/kamimachi,85,ホルモン屋,レストラン、焼肉,,meat,tb,False
miyagi/kamimachi,86,ほっともっと 加美町店,弁当,,casual,tb,True
miyagi/kamimachi,87,菓子心 つきやま,洋菓子,,sweets,tb,True
miyagi/kamimachi,88,酒のもりか,売店,,casual,tb,True
miyagi/kamimachi,89,茶房うちみ,喫茶店,,cafe,tb,True
miyagi/kamimachi,90,山和酒造店,その他,,other,none,False
miyagi/kamimachi,91,はやせ鮎 宮城鮎工房,その他,,other,none,False
miyagi/kamimachi,92,ウジエスーパー 中新田店,コンビニ・スーパー,,daily,tb,True
miyagi/kamimachi,93,ほし栄,その他,,other,none,False
miyagi/kamimachi,94,やくらいガーデン,その他,,other,none,False
miyagi/kamimachi,95,三嶋八百屋,その他,,other,none,False
miyagi/kamimachi,96,菅原商店,その他,,other,none,False
miyagi/kamimachi,97,中勇酒造店,その他,,other,none,False
miyagi/kamimachi,98,カルム,レストラン,,other,none,False
miyagi/kamimachi,99,きばらし,レストラン,,other,none,False
miyagi/kamimachi,100,cafe ma:ni,カフェ,,cafe,tb,True
miyagi/kamimachi,101,にるばな,居酒屋、馬肉料理、揚げ物,,izakaya,tb,True
miyagi/kamimachi,102,ひさご,日本料理、寿司,,japanese,tb,True
miyagi/kamimachi,103,居酒屋亜紀子,居酒屋,,izakaya,tb,True
miyagi/kamimachi,104,ヘルシーハット,カフェ、スイーツ,,cafe,tb,True
miyagi/kamimachi,105,もち茶屋,甘味処,,sweets,tb,True
miyagi/kamimachi,106,やぶ留,そば、うどん,,noodles,tb,True
miyagi/kamimachi,107,呑もう家,居酒屋,,izakaya,tb,True
miyagi/kamimachi,108,めん六や 宮城加美店,うどん、そば、ラーメン,,noodles,tb,True
miyagi/kamimachi,109,居酒屋成,居酒屋、海鮮,,izakaya,tb,True
miyagi/kamimachi,110,Restaurant Bunarin,,Brew Pub;Pub,izakaya,ta,True
miyagi/kamimachi,111,Teuchi Soba Ryusei,,Japanese;Japanese - Other ,japanese,ta,True
miyagi/kamimachi,112,Chinese Restaurant Eiraku,,Chinese,chinese,ta,True
miyagi/kamimachi,113,Miraku,,Chinese,chinese,ta,True
miyagi/kamimachi,114,南部家敷 加美町店,,Japanese;Japanese - Other ,japanese,ta,True
miyagi/kamimachi,115,Karaoke Dream,,International,other,none,False
miyagi/kamimachi,116,Nambuya,,Japanese;Sushi,seafood,ta,True
miyagi/kamimachi,117,Ayu No Sato Sansuitei Bandai,,,other,none,False
miyagi/kamimachi,118,Yakiniku Goten,,Barbecue,meat,ta,True
miyagi/kamimachi,119,Nomoya,,Japanese,japanese,ta,True
miyagi/kamimachi,120,Komonzushi,,Japanese;Seafood;Sushi;Japanese - Other ,seafood,ta,True
miyagi/kamimachi,121,やっこ食堂,,Japanese,japanese,ta,True
miyagi/kamimachi,122,Yabutome,,Japanese;Japanese - Other ,japanese,ta,True
miyagi/kamimachi,123,Nirvana,,Izakaya (Japanese Style Tavern),izakaya,ta,True
miyagi/kamimachi,124,Tampopo,,Japanese;International;Japanese - Other ,japanese,ta,True
miyagi/kamimachi,125,Yakinikutei,,Asian;Korean,chinese,ta,True
miyagi/kamimachi,126,Sasaki Seimensho,,,other,none,False
miyagi/kamimachi,127,Aeru,,Japanese,japanese,ta,True
miyagi/kamimachi,128,Yoro Notaki Kamimachi,,Japanese;Izakaya (Japanese Style Tavern),izakaya,ta,True
miyagi/kamimachi,129,Rizoan Yonezawa,,Japanese,japanese,ta,True
miyagi/kamimachi,130,Yogorozushi Nakanida,,Japanese;Seafood;Sushi;Japanese - Other ,seafood,ta,True
miyagi/kamimachi,131,Ikkakutei,,Chinese,chinese,ta,True
miyagi/kamimachi,132,Cafe de Gosh,,Cafe,cafe,ta,True
miyagi/kamimachi,133,Calum,,Japanese,japanese,ta,True
miyagi/kamimachi,134,Tonkatsu Kitamura,,Japanese,japanese,ta,True
miyagi/kamimachi,135,Fumieharahan,,Fusion,other,none,False
miyagi/kamimachi,136,Daifuku,,Japanese - Other ,japanese,ta,True
miyagi/kamimachi,137,Akemi,,,other,none,False
miyagi/kamimachi,138,Belmondo,,,other,none,False
miyagi/kamimachi,139,Izakaya Yuki,,Japanese;Izakaya (Japanese Style Tavern),izakaya,ta,True
miyagi/kamimachi,140,Kaika Tei Izakaya Kami,,Japanese;Izakaya (Japanese Style Tavern),izakaya,ta,True
miyagi/kamimachi,141,Echigoya Pastry,,,other,none,False
miyagi/kamimachi,142,Sasaki Kaikan,,Japanese - Other ,japanese,ta,True
miyagi/kamimachi,143,Hakubai Candy,,,other,none,False
miyagi/kamimachi,144,Sasakiya Confectionery,,,other,none,False
miyagi/kamimachi,145,Eishindo,,,other,none,False
miyagi/kamimachi,146,Aruburu,,,other,none,False
miyagi/kamimachi,147,Hana Hana,,,other,none,False
miyagi/kamimachi,148,I Wonder Public Cafe Restaurant,,,other,none,False
miyagi/kamimachi,149,Cafe Atom,,,other,none,False
miyagi/kamimachi,150,Takemura,,,other,none,False
miyagi/kamimachi,151,Shokudo Ito,,,other,none,False
miyagi/kawasakicho,1,川音亭,そば、うどん,,noodles,tb,True
miyagi/kawasakicho,2,森のピザ工房 ルヴォワール 川崎町本店,ピザ,,european,tb,True
miyagi/kawasakicho,3,佐幸精肉食堂,そば、ラーメン、食堂,,noodles,tb,True
miyagi/kawasakicho,4,ドライブイン みしま,ラーメン,,noodles,tb,True
miyagi/kawasakicho,5,ブルー コーヒー,カフェ,,cafe,tb,True
miyagi/kawasakicho,6,支那そば家,ラーメン、餃子,,noodles,tb,True
miyagi/kawasakicho,7,farmer's table mano,イタリアン,,european,tb,True
miyagi/kawasakicho,8,そば処 舌つづみ,そば、うどん、甘味処,,noodles,tb,True
miyagi/kawasakicho,9,Ono de cafe,カフェ,,cafe,tb,True
miyagi/kawasakicho,10,東蔵王ゴルフ倶楽部 レストラン,日本料理、洋食、中華料理,,japanese,tb,True
miyagi/kawasakicho,11,カフェ マル,カフェ,,cafe,tb,True
miyagi/kawasakicho,12,大勝食堂,食堂、そば、ラーメン,,casual,tb,True
miyagi/kawasakicho,13,手造りジェラートan,ジェラート・アイスクリーム,,sweets,tb,True
miyagi/kawasakicho,14,青根洋館,喫茶店,,cafe,tb,True
miyagi/kawasakicho,15,はるそば家,そば、ラーメン、レストラン,,noodles,tb,True
miyagi/kawasakicho,16,Sora,カフェ,,cafe,tb,True
miyagi/kawasakicho,17,生駒農場,その他,,other,none,False
miyagi/kawasakicho,18,ミッキーランド,ジェラート・アイスクリーム、ラーメン,,sweets,tb,True
miyagi/kawasakicho,19,スタジオファーレン 青根の家,洋菓子,,sweets,tb,True
miyagi/kawasakicho,20,古関食堂 古関PA(上り)店,食堂,,casual,tb,True
miyagi/kawasakicho,21,イーレはせくら王国,その他,,other,none,False
miyagi/kawasakicho,22,かもしか茶屋,食堂、そば,,casual,tb,True
miyagi/kawasakicho,23,クリヤ コーヒー ロースターズ,カフェ,,cafe,tb,True
miyagi/kawasakicho,24,宝来屋,食堂,,casual,tb,True
miyagi/kawasakicho,25,駒草,ハンバーグ、食堂、カフェ,,meat,tb,True
miyagi/kawasakicho,26,シベール ハーツランド  ファクトリーテラス,洋菓子,,sweets,tb,True
miyagi/kawasakicho,27,彩のやかた,ソフトクリーム、そば、カレー,,sweets,tb,True
miyagi/kawasakicho,28,茶舗　福ノ葉堂,カフェ,,cafe,tb,True
miyagi/kawasakicho,29,ラップランド,洋食、カレー,,european,tb,True
miyagi/kawasakicho,30,杜の公園ゴルフクラブ レストラン,レストラン,,other,none,False
miyagi/kawasakicho,31,kawauchi Café,カフェ,,cafe,tb,True
miyagi/kawasakicho,32,小山支店,スイーツ、パン,,sweets,tb,True
miyagi/kawasakicho,33,ファットリア アル フィオーレ,その他,,other,none,False
miyagi/kawasakicho,34,まさる,食堂,,casual,tb,True
miyagi/kawasakicho,35,みっけ学舎ホール,その他,,other,none,False
miyagi/kawasakicho,36,山長商店,ジェラート・アイスクリーム,,sweets,tb,True
miyagi/kawasakicho,37,そば茶屋 手打ち十割そば 一,そば,,noodles,tb,True
miyagi/kawasakicho,38,HAKKEI,カフェ,,cafe,tb,True
miyagi/kawasakicho,39,しずく茶,カフェ,,cafe,tb,True
miyagi/kawasakicho,40,デイリーヤマザキ 古関PA(上り)店,コンビニ・スーパー,,daily,tb,True
miyagi/kawasakicho,41,デイリー食堂 古関PA(下り)店,食堂、丼、ラーメン,,casual,tb,True
miyagi/kawasakicho,42,キッズファームかわさき レストラン,食堂、ラーメン、ハンバーグ,,casual,tb,True
miyagi/kawasakicho,43,レストラン&カフェ kokage,カフェ,,cafe,tb,True
miyagi/kawasakicho,44,憩いの森レストハウス,カフェ,,cafe,tb,True
miyagi/kawasakicho,45,ぱぴハウス 川崎店,イタリアン,,european,tb,True
miyagi/kawasakicho,46,デイリーヤマザキ 古関PA(下り)店,コンビニ・スーパー,,daily,tb,True
miyagi/kawasakicho,47,食事処味かつ,食堂,,casual,tb,True
miyagi/kawasakicho,48,須賀物産,その他,,other,none,False
miyagi/kawasakicho,49,お菓子屋 とち,ピザ、洋菓子、パン,,european,tb,True
miyagi/kawasakicho,50,じゃっぽの湯,その他,,other,none,False
miyagi/kawasakicho,51,うえの屋,焼肉,,meat,tb,True
miyagi/kawasakicho,52,LAWSON 川崎碁石店,コンビニ・スーパー,,daily,tb,True
miyagi/kawasakicho,53,Kerapirka,ジンギスカン、ホルモン,,meat,tb,True
miyagi/kawasakicho,54,焼肉 とらいち,焼肉,,meat,tb,True
miyagi/kawasakicho,55,ハセコレ,その他,,other,none,False
miyagi/kawasakicho,56,みやぎ蔵王セントメリースキー場 カフェテリア,レストラン,,other,none,False
miyagi/kawasakicho,57,青根温泉 一棟温泉宿 星月,うどん、ステーキ、天ぷら,,noodles,tb,True
miyagi/kawasakicho,58,木勘坊,レストラン,,other,none,False
miyagi/kawasakicho,59,Peanuts Place,カフェ、ケーキ、洋菓子,,cafe,tb,True
miyagi/kawasakicho,60,佐々木精肉店,その他,,other,none,False
miyagi/kawasakicho,61,たべることくらすことSOW,オーガニック,,other,none,False
miyagi/kawasakicho,62,仙台・川崎ホルモン 味処 久兵衛,その他,,other,none,False
miyagi/kawasakicho,63,韓国チャラードキムチ,その他,,other,none,False
miyagi/kawasakicho,64,中井食品,弁当,,casual,tb,True
miyagi/kawasakicho,65,玄米食店 花の浪亭,日本料理,,japanese,tb,True
miyagi/kawasakicho,66,蔵王 わん!わん!ランド,その他,,other,none,False
miyagi/kawasakicho,67,ひょうたん,食堂、居酒屋,,casual,tb,True
miyagi/kawasakicho,68,Chinese Sobaya,,Chinese,chinese,ta,True
miyagi/kawasakicho,69,Kawado Tei,,Japanese;Japanese - Other ,japanese,ta,True
miyagi/kawasakicho,70,Soba Yamakata,,,other,none,False
miyagi/kawasakicho,71,Ramen Tenguzan Sohonke,,,other,none,False
miyagi/kawasakicho,72,Sako Seiniku Shokudo,,Japanese;Asian,chinese,ta,True
miyagi/kawasakicho,73,Keiryu,,,other,none,False
miyagi/kawasakicho,74,Sankei No Yado Ryusen,,Japanese,japanese,ta,True
miyagi/kawasakicho,75,Drive In Mishima,,Asian,chinese,ta,True
miyagi/kawasakicho,76,Katchan,,Barbecue,meat,ta,True
miyagi/kawasakicho,77,Furuseki Pa Kudari Sen Snack Corner,,,other,none,False
miyagi/kawasakicho,78,Lapland,,Fusion,other,none,False
miyagi/kawasakicho,79,Taikatsu Shokudo,,,other,none,False
miyagi/kawasakicho,80,Soba Restaurant Shitatsuzumi,,,other,none,False
miyagi/kawasakicho,81,Fukuryu Furuseki Pa Kudari,,,other,none,False
miyagi/kawasakicho,82,Studio Fahren Aone No Ie,,Cafe,cafe,ta,True
miyagi/kawasakicho,83,Sasaya Drive In,,Japanese;International,japanese,ta,True
miyagi/kawasakicho,84,Karaoke Studio Denen,,International,other,none,False
miyagi/kawasakicho,85,Furusekian,,Japanese,japanese,ta,True
miyagi/kawasakicho,86,Forest Confectionery Workshop MoonDeer,,Cafe,cafe,ta,True
miyagi/kawasakicho,87,Irodori No Yakata,,International,other,none,False
miyagi/kawasakicho,88,Izuru Zushi,,Japanese;Seafood;Sushi;Japanese - Other ,seafood,ta,True
miyagi/kawasakicho,89,宝船食堂,,Japanese;International;Japanese - Other ,japanese,ta,True
miyagi/kawasakicho,90,Tarafuku,,Japanese,japanese,ta,True
miyagi/kawasakicho,91,おふくろ弁当 川崎店,,Japanese,japanese,ta,True
miyagi/kawasakicho,92,Zao Wan Wan Land Cafe,,,other,none,False
miyagi/kawasakicho,93,Hyotan,,Japanese;International;Izakaya (Japanese Style Tavern),izakaya,ta,True
miyagi/kesennuma,1,福よし,ろばた焼き、海鮮,,seafood,tb,False
miyagi/kesennuma,2,気仙沼 松葉寿司,寿司,,seafood,tb,True
miyagi/kesennuma,3,気仙沼-KUROMORI-,中華料理、イノベーティブ,,chinese,tb,True
miyagi/kesennuma,4,あさひ鮨 本店,寿司,,seafood,tb,True
miyagi/kesennuma,5,中国料理 福建楼,中華料理,,chinese,tb,True
miyagi/kesennuma,6,かもめ食堂,ラーメン、海鮮丼、カレー,,noodles,tb,True
miyagi/kesennuma,7,鶴亀食堂,食堂,,casual,tb,True
miyagi/kesennuma,8,喫茶マンボ,喫茶店、ラーメン,,cafe,tb,True
miyagi/kesennuma,9,宅配弁当・食堂 たばご屋,食堂、海鮮、弁当,,casual,tb,True
miyagi/kesennuma,10,HAMACAFE,カフェ、ハンバーガー、ソフトクリーム,,cafe,tb,True
miyagi/kesennuma,11,ぴんぽん,居酒屋、海鮮,,izakaya,tb,True
miyagi/kesennuma,12,港町レストラン 鮮,海鮮、食堂、ハンバーガー,,seafood,tb,True
miyagi/kesennuma,13,お福,ホルモン,,meat,tb,True
miyagi/kesennuma,14,アンカーコーヒー 内湾店,喫茶店、カフェ、バー,,cafe,tb,True
miyagi/kesennuma,15,北かつまぐろ屋 海の市店,海鮮,,seafood,tb,True
miyagi/kesennuma,16,福幸酒場 おだづまっこ,居酒屋,,izakaya,tb,True
miyagi/kesennuma,17,リアスキッチン,レストラン、カフェ、居酒屋,,cafe,tb,False
miyagi/kesennuma,18,いちば寿司,回転寿司、海鮮、日本料理,,seafood,tb,True
miyagi/kesennuma,19,気仙沼パン工房,パン,,sweets,tb,True
miyagi/kesennuma,20,浜の家,海鮮、しゃぶしゃぶ、すき焼き,,seafood,tb,True
miyagi/kesennuma,21,鮨おがた,寿司,,seafood,tb,True
miyagi/kesennuma,22,大政,寿司,,seafood,tb,True
miyagi/kesennuma,23,ヤマヨ食堂,海鮮,,seafood,tb,True
miyagi/kesennuma,24,UMICOCO,食堂、ラーメン、海鮮,,casual,tb,True
miyagi/kesennuma,25,焼肉くりこ,ホルモン、焼肉,,meat,tb,True
miyagi/kesennuma,26,鮨処 えんどう,寿司,,seafood,tb,True
miyagi/kesennuma,27,内湾の麺食堂 いちりん,ラーメン、中華料理,,noodles,tb,True
miyagi/kesennuma,28,鼎 斉吉,日本料理、海鮮,,japanese,tb,True
miyagi/kesennuma,29,気仙沼プラザホテル,ホテル,,other,none,False
miyagi/kesennuma,30,気仙沼ホテル観洋,ホテル,,other,none,False
miyagi/kesennuma,31,コヤマ菓子店,ケーキ、スイーツ,,sweets,tb,True
miyagi/kesennuma,32,アンカーコーヒー マザーポート店,カフェ,,cafe,tb,True
miyagi/kesennuma,33,レストラン エトワアル,カフェ、フレンチ、ケーキ,,cafe,tb,True
miyagi/kesennuma,34,菓匠 紅梅 魚町本店,和菓子、パン,,sweets,tb,True
miyagi/kesennuma,35,道の駅 大谷海岸,道の駅,,other,none,False
miyagi/kesennuma,36,勝子,とんかつ,,meat,tb,True
miyagi/kesennuma,37,新富寿し,寿司,,seafood,tb,True
miyagi/kesennuma,38,こけし食堂,食堂、ラーメン,,casual,tb,True
miyagi/kesennuma,39,番屋みんこま,食堂、居酒屋,,casual,tb,True
miyagi/kesennuma,40,食楽まるさん,寿司、海鮮,,seafood,tb,True
miyagi/kesennuma,41,ゆう寿司,寿司,,seafood,tb,True
miyagi/kesennuma,42,ホテルパールシティ気仙沼,ホテル,,other,none,False
miyagi/kesennuma,43,nine one,洋食、ヨーロッパ料理,,european,tb,True
miyagi/kesennuma,44,ヤッセコーヒー,カフェ,,cafe,tb,True
miyagi/kesennuma,45,nagame,カフェ,,cafe,tb,True
miyagi/kesennuma,46,居酒屋 たすく,居酒屋,,izakaya,tb,True
miyagi/kesennuma,47,こうだい,日本料理、海鮮、居酒屋,,japanese,tb,True
miyagi/kesennuma,48,麺来,ラーメン,,noodles,tb,True
miyagi/kesennuma,49,唐や,レストラン,,other,none,False
miyagi/kesennuma,50,かき小屋　唐桑番屋,海鮮,,seafood,tb,True
miyagi/kesennuma,51,ヴァンガード,喫茶店,,cafe,tb,True
miyagi/kesennuma,52,ホテル一景閣,ホテル,,other,none,False
miyagi/kesennuma,53,PALPAW ケイキShinjo店,ケーキ、パン、洋菓子,,sweets,tb,True
miyagi/kesennuma,54,PRISM,バー、パスタ,,izakaya,tb,True
miyagi/kesennuma,55,ゆう寿司 バイパス店,寿司,,seafood,tb,True
miyagi/kesennuma,56,揚げたてコロッケ屋!,コロッケ、パン、ソフトクリーム,,casual,tb,True
miyagi/kesennuma,57,ブランチ,洋食,,european,tb,True
miyagi/kesennuma,58,磯料理 はま家,海鮮,,seafood,tb,True
miyagi/kesennuma,59,居酒屋いそや,居酒屋,,izakaya,tb,True
miyagi/kesennuma,60,ホルモン道場,ホルモン,,meat,tb,True
miyagi/kesennuma,61,ブリアン,パン、ケーキ,,sweets,tb,True
miyagi/kesennuma,62,鮨智,寿司、海鮮、海鮮丼,,seafood,tb,True
miyagi/kesennuma,63,CORVO,イタリアン,,european,tb,True
miyagi/kesennuma,64,気仙沼お魚いちば,海鮮丼、ラーメン、郷土料理,,seafood,tb,True
miyagi/kesennuma,65,スパゲッティとカレーの店ハッシュ,パスタ、カレー,,european,tb,True
miyagi/kesennuma,66,南三陸ドライブイン ひかど食堂,食堂、ラーメン、餃子,,casual,tb,True
miyagi/kesennuma,67,マトン牧場,焼肉、ホルモン,,meat,tb,True
miyagi/kesennuma,68,御菓子司　いさみや,和菓子,,sweets,tb,True
miyagi/kesennuma,69,海鮮屋はじかみ,海鮮,,seafood,tb,True
miyagi/kesennuma,70,新京 本郷店,中華料理、レストラン,,chinese,tb,True
miyagi/kesennuma,71,R Baker 気仙沼店,パン、カフェ,,sweets,tb,True
miyagi/kesennuma,72,なにわのたこよし,たこ焼き,,casual,tb,True
miyagi/kesennuma,73,焼肉の店さうす,焼肉,,meat,tb,True
miyagi/kesennuma,74,リアスキッチンDELI,惣菜・デリ、カフェ,,casual,tb,True
miyagi/kesennuma,75,丼の芝楽,かつ丼、居酒屋、海鮮,,meat,tb,True
miyagi/kesennuma,76,中華家かいか,中華料理,,chinese,tb,True
miyagi/kesennuma,77,天婦羅丸子,天ぷら,,japanese,tb,True
miyagi/kesennuma,78,花道,ラーメン,,noodles,tb,True
miyagi/kesennuma,79,釜あげうどん 団平,うどん、丼,,noodles,tb,True
miyagi/kesennuma,80,海舟,海鮮、日本料理、ラーメン,,seafood,tb,True
miyagi/kesennuma,81,キッチン・花Fe HATOBA,カフェ、甘味処,,cafe,tb,True
miyagi/kesennuma,82,日々是食堂,カフェ,,cafe,tb,True
miyagi/kesennuma,83,たかはし製菓,ケーキ、和菓子,,sweets,tb,True
miyagi/kesennuma,84,デイリーポート新鮮館 気仙沼店,コンビニ・スーパー,,daily,tb,True
miyagi/kesennuma,85,CAFE&MUSIC 十字路,カフェ,,cafe,tb,True
miyagi/kesennuma,86,炎,餃子、ラーメン,,chinese,tb,True
miyagi/kesennuma,87,ドナルドステーキハウス,ステーキ,,meat,tb,True
miyagi/kesennuma,88,気仙沼生鮮館 やまひろ,その他,,other,none,False
miyagi/kesennuma,89,新来軒,食堂、ラーメン,,casual,tb,True
miyagi/kesennuma,90,新,居酒屋、焼き鳥、海鮮,,izakaya,tb,True
miyagi/kesennuma,91,焼肉ハウス ジャンジャン,焼肉,,meat,tb,True
miyagi/kesennuma,92,茶色い小瓶,喫茶店,,cafe,tb,True
miyagi/kesennuma,93,TEN(T),沖縄料理、居酒屋,,japanese,tb,True
miyagi/kesennuma,94,浜焼き&BBQ ごーるどすまいる,バーベキュー、海鮮,,seafood,tb,False
miyagi/kesennuma,95,神明崎ふくふく,カフェ,,cafe,tb,True
miyagi/kesennuma,96,BLACK TIDE BREWING,ビアバー,,izakaya,tb,True
miyagi/kesennuma,97,気仙沼セントラルホテル 松軒,ホテル,,other,none,False
miyagi/kesennuma,98,ホルモン,ホルモン,,meat,tb,True
miyagi/kesennuma,99,豚骨拉麺専門店 豚野郎,ラーメン,,noodles,tb,True
miyagi/kesennuma,100,御食事処 やまにし,日本料理、海鮮,,japanese,tb,True
miyagi/kesennuma,101,麺酒庵 こまつ,ラーメン、居酒屋,,noodles,tb,True
miyagi/kesennuma,102,べ～ごこハウス,焼肉、カフェ、ジェラート・アイスクリーム,,meat,tb,True
miyagi/kesennuma,103,来々軒,食堂,,casual,tb,True
miyagi/kesennuma,104,ケイキ 神山店,洋菓子、パン,,sweets,tb,True
miyagi/kesennuma,105,居酒屋 尾形,居酒屋,,izakaya,tb,True
miyagi/kesennuma,106,ミナトノトウヤ,とんかつ,,meat,tb,True
miyagi/kesennuma,107,魚研,海鮮,,seafood,tb,True
miyagi/kesennuma,108,味ロマン,弁当,,casual,tb,True
miyagi/kesennuma,109,yamabuki,カレー,,curry,tb,True
miyagi/kesennuma,110,メリーランド気仙沼,ジェラート・アイスクリーム、カフェ、ハンバーガー,,sweets,tb,True
miyagi/kesennuma,111,キッチンスペース夢の舎,創作料理、カフェ,,japanese,tb,True
miyagi/kesennuma,112,竜舞食堂,食堂,,casual,tb,True
miyagi/kesennuma,113,でん吉,おでん、カレーうどん、居酒屋,,japanese,tb,True
miyagi/kesennuma,114,シェ・ササキ,ケーキ,,sweets,tb,True
miyagi/kesennuma,115,鳴月,海鮮、海鮮丼、そば,,seafood,tb,True
miyagi/kesennuma,116,陽だまりレストラン,食堂、カフェ、海鮮丼,,casual,tb,True
miyagi/kesennuma,117,みやかふぇ,ジューススタンド,,cafe,tb,True
miyagi/kesennuma,118,やまひろ海鮮小屋,海鮮,,seafood,tb,True
miyagi/kesennuma,119,グリーンアイランド おおしま,ソフトクリーム、惣菜・デリ、売店,,sweets,tb,True
miyagi/kesennuma,120,かもしか堂,洋菓子,,sweets,tb,True
miyagi/kesennuma,121,TT base 漁火 唐桑,レストラン,,other,none,False
miyagi/kesennuma,122,半造レストハウス,カフェ,,cafe,tb,True
miyagi/kesennuma,123,気仙沼パークホテル,ホテル,,other,none,False
miyagi/kesennuma,124,大越商店,売店,,casual,tb,True
miyagi/kesennuma,125,味噌家,ラーメン,,noodles,tb,True
miyagi/kesennuma,126,阿部長商店 海の市,その他,,other,none,False
miyagi/kesennuma,127,来々軒,ラーメン,,noodles,tb,True
miyagi/kesennuma,128,カントリーロード,洋食、カフェ,,european,tb,True
miyagi/kesennuma,129,虹の森焼菓子店,ベーグル、パン、カフェ,,sweets,tb,True
miyagi/kesennuma,130,カフェラテ,カフェ、ピザ、クレープ・ガレット,,cafe,tb,True
miyagi/kesennuma,131,魚介類 濱喜,その他,,other,none,False
miyagi/kesennuma,132,菓子舗うつみ,洋菓子、和菓子、パン,,sweets,tb,True
miyagi/kesennuma,133,アイランド,ケーキ,,sweets,tb,True
miyagi/kesennuma,134,来々軒本館,中華料理,,chinese,tb,True
miyagi/kesennuma,135,あたみ屋,ラーメン,,noodles,tb,True
miyagi/kesennuma,136,ワルン マハール,インドネシア料理,,other,none,False
miyagi/kesennuma,137,日用品と喫茶 ハチワレ堂,カフェ、喫茶店、ケーキ,,cafe,tb,True
miyagi/kesennuma,138,ル・デパール,パン、ケーキ,,sweets,tb,True
miyagi/kesennuma,139,カフェ アールエスティー,カフェ,,cafe,tb,True
miyagi/kesennuma,140,おかしの花子 唐桑本店,洋菓子、和菓子,,sweets,tb,True
miyagi/kesennuma,141,cafe エスポアール,カフェ,,cafe,tb,True
miyagi/kesennuma,142,宮登,海鮮,,seafood,tb,True
miyagi/kesennuma,143,菓心富月,和菓子、どら焼き,,sweets,tb,True
miyagi/kesennuma,144,気仙沼大島ウェルカム・ターミナル,その他,,other,none,False
miyagi/kesennuma,145,ミニストップ 南気仙沼店,コンビニ・スーパー,,daily,tb,True
miyagi/kesennuma,146,うつみ,和菓子,,sweets,tb,True
miyagi/kesennuma,147,ガトーしらいし,洋菓子、ケーキ,,sweets,tb,True
miyagi/kesennuma,148,旬鮮処 菊せん,居酒屋,,izakaya,tb,True
miyagi/kesennuma,149,カフェ ミプリ,カフェ,,cafe,tb,True
miyagi/kesennuma,150,働希舎かもみーる,パン,,sweets,tb,True
miyagi/kesennuma,151,茶処 プランタン,喫茶店,,cafe,tb,True
miyagi/kesennuma,152,Cafe shop 暖,カフェ,,cafe,tb,True
miyagi/kesennuma,153,寿司処 一心,寿司,,seafood,tb,True
miyagi/kesennuma,154,ごだい,ラーメン、洋食、日本料理,,noodles,tb,True
miyagi/kesennuma,155,らいむらいと,ラーメン,,noodles,tb,True
miyagi/kesennuma,156,昭栄庵,ラーメン,,noodles,tb,True
miyagi/kesennuma,157,横田屋本店,その他,,other,none,False
miyagi/kesennuma,158,家庭料理 さかい,日本料理、居酒屋、海鮮,,japanese,tb,True
miyagi/kesennuma,159,あじ蔵,居酒屋、日本料理,,izakaya,tb,True
miyagi/kesennuma,160,松舞家,そば、うどん,,noodles,tb,True
miyagi/kesennuma,161,亀山精肉店,コロッケ、弁当、惣菜・デリ,,casual,tb,True
miyagi/kesennuma,162,ラーメン めん丸 気仙沼店,ラーメン,,noodles,tb,True
miyagi/kesennuma,163,食事処 塩田,居酒屋、食堂、丼,,izakaya,tb,True
miyagi/kesennuma,164,割烹 焼肉 海鮮 ゆう,食堂、海鮮、焼肉,,casual,tb,True
miyagi/kesennuma,165,くるくる喫茶うつみ,喫茶店,,cafe,tb,True
miyagi/kesennuma,166,インセンス,カフェ,,cafe,tb,True
miyagi/kesennuma,167,和創 紺碧,海鮮、カフェ,,seafood,tb,True
miyagi/kesennuma,168,菓匠 紅梅 田中店,和菓子、パン,,sweets,tb,True
miyagi/kesennuma,169,カフェ クラシック,カフェ、喫茶店、ケーキ,,cafe,tb,True
miyagi/kesennuma,170,カフェ カドヤ,カフェ,,cafe,tb,True
miyagi/kesennuma,171,Cheers,ダイニングバー,,izakaya,tb,True
miyagi/kesennuma,172,株式会社角星,その他,,other,none,False
miyagi/kesennuma,173,三浦屋,和菓子,,sweets,tb,True
miyagi/kesennuma,174,焼肉冷麺やまなか家 気仙沼店,焼肉、ホルモン、冷麺,,meat,tb,True
miyagi/kesennuma,175,豪ーめん 気仙沼店,ラーメン,,noodles,tb,True
miyagi/kesennuma,176,クードフー,イタリアン、フレンチ、喫茶店,,european,tb,True
miyagi/kesennuma,177,ホルモン食堂食樂 気仙沼店,ホルモン、焼肉,,meat,tb,True
miyagi/kesennuma,178,株式会社 斉吉商店,その他,,other,none,False
miyagi/kesennuma,179,島の味処 こまつ,ラーメン、海鮮,,noodles,tb,True
miyagi/kesennuma,180,大松,うなぎ、日本料理、釜飯,,seafood,tb,True
miyagi/kesennuma,181,からあげ家 気仙沼店,からあげ,,meat,tb,True
miyagi/kesennuma,182,とんがらし,レストラン、そば,,noodles,tb,False
miyagi/kesennuma,183,気仙沼 海の市,その他,,other,none,False
miyagi/kesennuma,184,かに物語 海の市店,海鮮、イタリアン、弁当,,seafood,tb,True
miyagi/kesennuma,185,カミタナカベースダイナー,ハンバーグ、カレー、イタリアン,,meat,tb,True
miyagi/kesennuma,186,天下一ラーメン,ラーメン,,noodles,tb,True
miyagi/kesennuma,187,かねせん,その他,,other,none,False
miyagi/kesennuma,188,ラ・エピ,パン,,sweets,tb,True
miyagi/kesennuma,189,楽膳,レストラン,,noodles,desc,False
miyagi/kesennuma,190,和醸酒 一杯屋梟,居酒屋,,izakaya,tb,True
miyagi/kesennuma,191,男子厨房 海の家,海鮮、居酒屋,,seafood,tb,True
miyagi/kesennuma,192,韓国料理ソウル優ちゃん,韓国料理、食堂,,chinese,tb,True
miyagi/kesennuma,193,麺や はしかい,ラーメン,,noodles,tb,True
miyagi/kesennuma,194,男山本店,その他,,other,none,False
miyagi/kesennuma,195,磯蔵,その他,,other,none,False
miyagi/kesennuma,196,あげとっと,揚げ物、ソフトクリーム,,casual,tb,True
miyagi/kesennuma,197,おかしの花子 松岩店,ケーキ、和菓子、カフェ,,sweets,tb,True
miyagi/kesennuma,198,ダイニングバー ハル,ダイニングバー,,izakaya,tb,True
miyagi/kesennuma,199,第二笑口会議処,居酒屋,,izakaya,tb,True
miyagi/kesennuma,200,マイヤ 気仙沼バイパス店,コンビニ・スーパー,,daily,tb,True
miyagi/kesennuma,201,まるやすやきとり店,焼き鳥,,meat,tb,True
miyagi/kesennuma,202,やまと食堂,ラーメン,,noodles,tb,True
miyagi/kesennuma,203,F.C.U.P,バー、ハンバーガー,,izakaya,tb,True
miyagi/kesennuma,204,武山米店,その他,,other,none,False
miyagi/kesennuma,205,齊藤茶舗,その他,,other,none,False
miyagi/kesennuma,206,ミニストップ 気仙沼本吉店,コンビニ・スーパー,,daily,tb,True
miyagi/kesennuma,207,Cafe et repas よしのや,カフェ,,cafe,tb,True
miyagi/kesennuma,208,Rino,カフェ,,cafe,tb,True
miyagi/kesennuma,209,夢見亭 Japalia,喫茶店,,cafe,tb,True
miyagi/kesennuma,210,CAMELLIA 気仙沼大島,その他,,other,none,False
miyagi/kesennuma,211,KARUTA,バー,,izakaya,tb,True
miyagi/kesennuma,212,産直 菜果好,その他,,noodles,desc,False
miyagi/kesennuma,213,吉野家 気仙沼店,牛丼、カレー、食堂,,casual,tb,True
miyagi/kesennuma,214,麺楽,ラーメン、餃子,,noodles,tb,True
miyagi/kesennuma,215,かっぱ寿司 気仙沼店,回転寿司,,seafood,tb,True
miyagi/kesennuma,216,はま寿司 気仙沼店,回転寿司,,seafood,tb,True
miyagi/kesennuma,217,星岡義山亭,日本料理,,japanese,tb,True
miyagi/kesennuma,218,重い槍,食堂、ラーメン,,casual,tb,True
miyagi/kesennuma,219,ビーチメモリー,ラーメン、海鮮、スイーツ,,noodles,tb,True
miyagi/kesennuma,220,大寿司,寿司,,seafood,tb,True
miyagi/kesennuma,221,サンモリ館,喫茶店、パスタ,,cafe,tb,True
miyagi/kesennuma,222,マルジュ,喫茶店、ダイニングバー,,cafe,tb,True
miyagi/kesennuma,223,ニューデイズ 気仙沼店,コンビニ・スーパー,,daily,tb,True
miyagi/kesennuma,224,酒場　里,居酒屋,,izakaya,tb,True
miyagi/kesennuma,225,おおたけ,居酒屋、ラーメン、串揚げ,,izakaya,tb,True
miyagi/kesennuma,226,気仙沼 牛たん藤,牛タン,,meat,tb,True
miyagi/kesennuma,227,和食処 鮹,海鮮、居酒屋,,seafood,tb,True
miyagi/kesennuma,228,巴鮨,寿司,,seafood,tb,True
miyagi/kesennuma,229,横田屋本店 海の市店,その他,,other,none,False
miyagi/kesennuma,230,安兵衛,居酒屋,,izakaya,tb,True
miyagi/kesennuma,231,大衆居酒屋 一歩,居酒屋、餃子,,izakaya,tb,True
miyagi/kesennuma,232,ミニストップ 気仙沼松川店,コンビニ・スーパー,,daily,tb,True
miyagi/kesennuma,233,豚姫,韓国料理,,chinese,tb,True
miyagi/kesennuma,234,ひのき,居酒屋、馬肉料理,,izakaya,tb,True
miyagi/kesennuma,235,和ダイニング 伊勢家,居酒屋、郷土料理,,izakaya,tb,True
miyagi/kesennuma,236,里枝,ダイニングバー,,izakaya,tb,True
miyagi/kesennuma,237,おいでやす,居酒屋,,izakaya,tb,True
miyagi/kesennuma,238,ほっとべんとう 田谷前店,弁当,,casual,tb,True
miyagi/kesennuma,239,食事処 はまいち,日本料理、海鮮,,japanese,tb,True
miyagi/kesennuma,240,よるごはん まんまる,居酒屋、海鮮,,izakaya,tb,True
miyagi/kesennuma,241,海鮮茶屋 島波テラス,海鮮,,seafood,tb,True
miyagi/kesennuma,242,幸楽苑 気仙沼鹿折店,ラーメン,,noodles,tb,True
miyagi/kesennuma,243,ジョイフル 気仙沼松川前店,ファミレス,,casual,tb,True
miyagi/kesennuma,244,招き庵,そば、天ぷら,,noodles,tb,True
miyagi/kesennuma,245,大阪王将 宮城気仙沼店,餃子、中華料理,,chinese,tb,True
miyagi/kesennuma,246,海鮮,レストラン,,noodles,desc,False
miyagi/kesennuma,247,かつや 宮城気仙沼店,とんかつ、かつ丼,,meat,tb,True
miyagi/kesennuma,248,和風レストランまるまつ 気仙沼店,ファミレス,,casual,tb,True
miyagi/kesennuma,249,モスバーガー 気仙沼店,ハンバーガー,,casual,tb,True
miyagi/kesennuma,250,ココス 気仙沼店,ファミレス,,casual,tb,True
miyagi/kesennuma,251,大漁丸,海鮮、天ぷら、居酒屋,,seafood,tb,True
miyagi/kesennuma,252,串カツ田中 気仙沼店,串揚げ、居酒屋、うどん,,japanese,tb,True
miyagi/kesennuma,253,すき家 気仙沼幸町店,牛丼、カレー、食堂,,casual,tb,True
miyagi/kesennuma,254,シャトレーゼ 気仙沼店,ケーキ、洋菓子、和菓子,,sweets,tb,True
miyagi/kesennuma,255,おやつランド千鶏,ラーメン,,noodles,tb,True
miyagi/kesennuma,256,バウム,喫茶店,,cafe,tb,True
miyagi/kesennuma,257,魚民 気仙沼店,居酒屋、海鮮、創作料理,,izakaya,tb,True
miyagi/kesennuma,258,ミートよねくら,その他,,noodles,desc,False
miyagi/kesennuma,259,竹の里,日本料理,,japanese,tb,True
miyagi/kesennuma,260,株式会社男山本店,その他,,other,none,False
miyagi/kesennuma,261,シャンブル,レストラン,,other,none,False
miyagi/kesennuma,262,牛角 気仙沼店,焼肉、ホルモン、居酒屋,,meat,tb,True
miyagi/kesennuma,263,海彦,居酒屋、焼き鳥,,izakaya,tb,True
miyagi/kesennuma,264,一縁工房 わらび,食堂、喫茶店,,casual,tb,True
miyagi/kesennuma,265,パン工場 イオン気仙沼店,パン,,sweets,tb,True
miyagi/kesennuma,266,気仙沼合同庁舎食堂,食堂,,casual,tb,True
miyagi/kesennuma,267,浮島,ビュッフェ、海鮮、バー,,casual,tb,True
miyagi/kesennuma,268,ピザーラ 気仙沼店,ピザ,,european,tb,True
miyagi/kesennuma,269,すがとよ酒店,その他,,other,none,False
miyagi/kesennuma,270,沢の茶屋,郷土料理,,japanese,tb,True
miyagi/kesennuma,271,菊武商店 東新城店,その他,,other,none,False
miyagi/kesennuma,272,南町紫神社前商店街,その他,,other,none,False
miyagi/kesennuma,273,塚本八百屋,カレー、バル,,curry,tb,True
miyagi/kesennuma,274,本間屋酒店,その他,,other,none,False
miyagi/kesennuma,275,瑠依,居酒屋、ダイニングバー、日本酒バー,,izakaya,tb,True
miyagi/kesennuma,276,銀座コージーコーナー イオン気仙沼店,ケーキ,,sweets,tb,True
miyagi/kesennuma,277,ほっとべんとう 市役所前店,弁当,,casual,tb,True
miyagi/kesennuma,278,ホテルルートイン 気仙沼中央インター,ホテル,,other,none,False
miyagi/kesennuma,279,本吉 レストショップ,売店,,casual,tb,True
miyagi/kesennuma,280,ロカーレ,イタリアン,,european,tb,True
miyagi/kesennuma,281,マクドナルド イオン気仙沼店,ハンバーガー,,casual,tb,True
miyagi/kesennuma,282,小野家,食堂,,casual,tb,True
miyagi/kesennuma,283,くう兵衛,そば,,noodles,tb,True
miyagi/kesennuma,284,からくわ精肉店,その他,,noodles,desc,False
miyagi/kesennuma,285,サーティワンアイスクリーム イオン気仙沼店,ジェラート・アイスクリーム,,sweets,tb,True
miyagi/kesennuma,286,ミスタードーナツ イオン気仙沼ショップ,ドーナツ,,sweets,tb,True
miyagi/kesennuma,287,レストラン オーベル,洋食、ハンバーグ、ステーキ,,european,tb,True
miyagi/kesennuma,288,八瀬そば,そば,,noodles,tb,True
miyagi/kesennuma,289,いずみぱん,パン,,sweets,tb,True
miyagi/kesennuma,290,LAWSON 気仙沼長磯店,コンビニ・スーパー,,daily,tb,True
miyagi/kesennuma,291,食楽 幸,食堂、居酒屋,,casual,tb,True
miyagi/kesennuma,292,フリーダム,喫茶店,,cafe,tb,True
miyagi/kesennuma,293,マルニシわかめプラザ,海鮮,,seafood,tb,True
miyagi/kesennuma,294,さんまつくだ煮の有限会社ケイ,惣菜・デリ,,casual,tb,True
miyagi/kesennuma,295,ファミリーマート 気仙沼松岩店,コンビニ・スーパー,,daily,tb,True
miyagi/kesennuma,296,八葉水産,その他,,other,none,False
miyagi/kesennuma,297,石渡商店,その他,,other,none,False
miyagi/kesennuma,298,てんてんや,そば、うどん,,noodles,tb,True
miyagi/kesennuma,299,株式会社 磯屋水産,その他,,other,none,False
miyagi/kesennuma,300,さん歩,焼き鳥、居酒屋、うどん,,meat,tb,True
miyagi/kesennuma,301,イオン 気仙沼店,コンビニ・スーパー,,daily,tb,True
miyagi/kesennuma,302,鳥徳,焼き鳥,,meat,tb,True
miyagi/kesennuma,303,大ちゃん刺身亭,レストラン,,other,none,False
miyagi/kesennuma,304,ムラカミ,その他,,other,none,False
miyagi/kesennuma,305,義味家,洋食、居酒屋,,european,tb,True
miyagi/kesennuma,306,ボルセッタ イシカワ,カフェ,,cafe,tb,True
miyagi/kesennuma,307,あおば,レストラン、居酒屋,,izakaya,tb,False
miyagi/kesennuma,308,和ごみ,居酒屋,,izakaya,tb,True
miyagi/kesennuma,309,酒のサイシン 魚市場前店,その他,,other,none,False
miyagi/kesennuma,310,酒と肴呑べ,居酒屋,,izakaya,tb,True
miyagi/kesennuma,311,小野万,その他、海鮮,,seafood,tb,False
miyagi/kesennuma,312,マルチ村上商店,その他,,other,none,False
miyagi/kesennuma,313,椿寿し,寿司,,seafood,tb,True
miyagi/kesennuma,314,Kana Kana,ネパール料理,,curry,tb,True
miyagi/kesennuma,315,とちめんぼう,餃子、カレー,,chinese,tb,True
miyagi/kesennuma,316,カプリコン,ダイニングバー,,izakaya,tb,True
miyagi/kesennuma,317,酒場北海道,焼き鳥,,meat,tb,True
miyagi/kesennuma,318,スカイピア,オムライス、カフェ、カレー,,european,tb,True
miyagi/kesennuma,319,呑み処 菜の園,居酒屋,,izakaya,tb,True
miyagi/kesennuma,320,わや,焼き鳥,,meat,tb,True
miyagi/kesennuma,321,夜来香,その他,,other,none,False
miyagi/kesennuma,322,有限会社 山証,その他,,other,none,False
miyagi/kesennuma,323,プレジャー,バー,,izakaya,tb,True
miyagi/kesennuma,324,ほろ酔,焼き鳥,,meat,tb,True
miyagi/kesennuma,325,セブンイレブン 気仙沼松川店,コンビニ・スーパー,,daily,tb,True
miyagi/kesennuma,326,たに口,日本料理,,japanese,tb,True
miyagi/kesennuma,327,和食 きらず,日本料理、ふぐ、すっぽん,,japanese,tb,True
miyagi/kesennuma,328,丸正食堂,食堂,,casual,tb,True
miyagi/kesennuma,329,ファミリーマート 気仙沼岩月星谷店,コンビニ・スーパー,,daily,tb,True
miyagi/kesennuma,330,呑み喰い処 はなれ,居酒屋,,izakaya,tb,True
miyagi/kesennuma,331,Fi-ka,カフェ、バー、洋食,,cafe,tb,True
miyagi/kesennuma,332,旬菜屋 KEN,居酒屋、日本酒バー、中華料理,,izakaya,tb,True
miyagi/kesennuma,333,クリエみうら 松川店,コンビニ・スーパー,,daily,tb,True
miyagi/kesennuma,334,角星 配送センター,その他,,other,none,False
miyagi/kesennuma,335,喫茶GIGI,カフェ、喫茶店,,cafe,tb,True
miyagi/kesennuma,336,桜田,日本料理,,japanese,tb,True
miyagi/kesennuma,337,気仙沼 四季 伊八郎,その他,,other,none,False
miyagi/kesennuma,338,福助寿司,寿司,,seafood,tb,True
miyagi/kesennuma,339,喫茶去,喫茶店,,cafe,tb,True
miyagi/kesennuma,340,アーバンメモリアルホール 気仙沼,その他,,other,none,False
miyagi/kesennuma,341,グローヴガーデン,バーベキュー、海鮮,,seafood,tb,False
miyagi/kesennuma,342,有限会社 遠藤商店,その他,,other,none,False
miyagi/kesennuma,343,やまとなでしこ,その他,,other,none,False
miyagi/kesennuma,344,菓子工房 yoshida,ケーキ、洋菓子,,sweets,tb,True
miyagi/kesennuma,345,冨好,日本料理,,japanese,tb,True
miyagi/kesennuma,346,伊酒屋 Daccha,ダイニングバー,,izakaya,tb,True
miyagi/kesennuma,347,DogLandBetty Cafe,その他,,other,none,False
miyagi/kesennuma,348,cafe みんなの木,カフェ、洋食,,cafe,tb,True
miyagi/kesennuma,349,三陸・気仙沼の海鮮丼とお料理　高見荘,海鮮,,seafood,tb,True
miyagi/kesennuma,350,かねたけ畠山商店,その他,,other,none,False
miyagi/kesennuma,351,食彩処えん,居酒屋,,izakaya,tb,True
miyagi/kesennuma,352,cafe Miyawaki,カフェ、喫茶店,,cafe,tb,True
miyagi/kesennuma,353,菊武商店,その他,,other,none,False
miyagi/kesennuma,354,港町酒場JOYBOY,居酒屋,,izakaya,tb,True
miyagi/kesennuma,355,セブン-イレブン 気仙沼上田中1丁目店,コンビニ・スーパー,,daily,tb,True
miyagi/kesennuma,356,若生餅店,和菓子,,sweets,tb,True
miyagi/kesennuma,357,そば処 楽屋 気仙沼店,そば,,noodles,tb,True
miyagi/kesennuma,358,さかなのみうら 気仙沼店,その他,,other,none,False
miyagi/kesennuma,359,たいよう,食堂、麺類,,casual,tb,True
miyagi/kesennuma,360,旬彩料理 鮮味,居酒屋、海鮮,,izakaya,tb,True
miyagi/kesennuma,361,たいわ食堂,食堂、弁当、海鮮,,casual,tb,True
miyagi/kesennuma,362,すし処 和禅,寿司,,seafood,tb,True
miyagi/kesennuma,363,福祉コミュニティカフェ 八日町ブランチ,カフェ、弁当,,cafe,tb,True
miyagi/kesennuma,364,伊藤園,レストラン,,noodles,desc,False
miyagi/kesennuma,365,（有）とらや菓子店,スイーツ、ケーキ,,sweets,tb,True
miyagi/kesennuma,366,樹,レストラン,,noodles,desc,False
miyagi/kesennuma,367,十八鳴,郷土料理、海鮮、麺類,,japanese,tb,True
miyagi/kesennuma,368,よしもと,居酒屋,,izakaya,tb,True
miyagi/kesennuma,369,はまのや,居酒屋,,izakaya,tb,True
miyagi/kesennuma,370,ラーメン 悟空,ラーメン,,noodles,tb,True
miyagi/kesennuma,371,食事処 こご磯,ラーメン、麺類、食堂,,noodles,tb,True
miyagi/kesennuma,372,ノノカ,カフェ,,cafe,tb,True
miyagi/kesennuma,373,浜吉,レストラン,,other,none,False
miyagi/kesennuma,374,いちまる蒲鉾店,その他,,other,none,False
miyagi/kesennuma,375,割烹 川治,日本料理,,japanese,tb,True
miyagi/kesennuma,376,亀山テラス360°,その他,,other,none,False
miyagi/kesennuma,377,大菊,その他,,other,none,False
miyagi/kesennuma,378,こばらぼ,クレープ・ガレット、ジューススタンド、カフェ,,sweets,tb,True
miyagi/kesennuma,379,大曲コミュニティセンター 食堂,食堂、麺類,,casual,tb,True
miyagi/kesennuma,380,京月,居酒屋、日本酒バー、創作料理,,izakaya,tb,True
miyagi/kesennuma,381,居酒屋繋,居酒屋,,izakaya,tb,True
miyagi/kesennuma,382,めん六や 気仙沼店,うどん、そば、ラーメン,,noodles,tb,True
miyagi/kesennuma,383,和み処せかい,日本料理,,japanese,tb,True
miyagi/kesennuma,384,家カフェ HATA,ヨーロッパ料理、カフェ,,european,tb,True
miyagi/kesennuma,385,田,レストラン,,other,none,False
miyagi/kesennuma,386,駄菓子屋 ぽっかぽか堂,その他,,other,none,False
miyagi/kesennuma,387,海の坊,居酒屋,,izakaya,tb,True
miyagi/kesennuma,388,珈琲屋ばぁうわぁう,喫茶店,,cafe,tb,True
miyagi/kesennuma,389,Shunoaji Kodai,,Japanese;Japanese - Other ,japanese,ta,True
miyagi/kesennuma,390,K port,,Cafe,cafe,ta,True
miyagi/kesennuma,391,Anchor Coffee Naiwan,,Cafe,cafe,ta,True
miyagi/kesennuma,392,Sen,,Japanese;Seafood;Japanese - Other ,seafood,ta,True
miyagi/kesennuma,393,Seafood Hamaya,,Japanese;Seafood,seafood,ta,True
miyagi/kesennuma,394,Seafood Hajikami,,Japanese,japanese,ta,True
miyagi/kesennuma,395,Donald Steakhouse,,Steakhouse,meat,ta,True
miyagi/kesennuma,396,Reath Kitchen,,Italian;Japanese;Izakaya (Japanese Style Tavern),european,ta,True
miyagi/kesennuma,397,Karaya,,Japanese,japanese,ta,True
miyagi/kesennuma,398,Kakigoya Karakuwa Banya,,Japanese;Seafood;Japanese - Other ,seafood,ta,True
miyagi/kesennuma,399,Arata,,Japanese;Izakaya (Japanese Style Tavern),izakaya,ta,True
miyagi/kesennuma,400,Yu Sushi Bypass,,Japanese;Seafood;Sushi;Japanese - Other ,seafood,ta,True
miyagi/kesennuma,401,Anchor Coffee Mother Port,,Cafe,cafe,ta,True
miyagi/kesennuma,402,Freshly fried croquette shop,,Japanese,japanese,ta,True
miyagi/kesennuma,403,Ueji,,Japanese;Seafood;Sushi;Japanese Fusion,seafood,ta,True
miyagi/kesennuma,404,Ye Lai Xiang,,Cafe,cafe,ta,True
miyagi/kesennuma,405,Joyfull Kesennuma Matsukawamae,,International,other,none,False
miyagi/kesennuma,406,Kudofu,,Italian;European;Fusion,european,ta,True
miyagi/kesennuma,407,Menkoi,,,other,none,False
miyagi/kesennuma,408,Dining Bar HALU,,Japanese;Sushi;Gastropub,seafood,ta,True
miyagi/kesennuma,409,Godai,,Japanese,japanese,ta,True
miyagi/kesennuma,410,Hormone Dojo,,Asian;Korean,chinese,ta,True
miyagi/kesennuma,411,Omasa,,Japanese;Sushi,seafood,ta,True
miyagi/kesennuma,412,Kaigan Tei,,Japanese,japanese,ta,True
miyagi/kesennuma,413,Gateau Shiraishi,,,other,none,False
miyagi/kesennuma,414,Brunch,,Japanese,japanese,ta,True
miyagi/kesennuma,415,Baygoko House,,Japanese,japanese,ta,True
miyagi/kesennuma,416,Osawa Drive In,,Japanese,japanese,ta,True
miyagi/kesennuma,417,Patisserie Island,,,sweets,desc,False
miyagi/kesennuma,418,Housuke Kesennuma,,Asian,chinese,ta,True
miyagi/kesennuma,419,Tempura Maruko,,Japanese,japanese,ta,True
miyagi/kesennuma,420,Yeti,,Indian,curry,ta,True
miyagi/kesennuma,421,Ramen Maruki,,,other,none,False
miyagi/kesennuma,422,Kiku Ya,,,other,none,False
miyagi/kesennuma,423,Shoeian,,,other,none,False
miyagi/kesennuma,424,Wajoshu Ippaiya Fukuro,,Japanese,japanese,ta,True
miyagi/kesennuma,425,Chinese Restaurant Fukken Ro,,,other,none,False
miyagi/kesennuma,426,Gomen Kesennuma,,,other,none,False
miyagi/kesennuma,427,Eitorei,,Pub;Gastropub,izakaya,ta,True
miyagi/kesennuma,428,Danpei,,Japanese,japanese,ta,True
miyagi/kesennuma,429,Ichibankan,,Japanese,japanese,ta,True
miyagi/kesennuma,430,Ramen Menmaru Kisennuma,,,other,none,False
miyagi/kesennuma,431,Ramen Hormontsukasa,,,other,none,False
miyagi/kesennuma,432,Gyu Kaku Kesennuma,,Asian;Korean,chinese,ta,True
miyagi/kesennuma,433,Otake Kushiage China Buckwheat,,,other,none,False
miyagi/kesennuma,434,Beach House,,,other,none,False
miyagi/kesennuma,435,Osaka Osho Kesennuma,,Chinese,chinese,ta,True
miyagi/kesennuma,436,Misoya,,,other,none,False
miyagi/kesennuma,437,Cafe Printemps,,Cafe,cafe,ta,True
miyagi/kesennuma,438,Oshokujiteru,,Japanese,japanese,ta,True
miyagi/kesennuma,439,Wakaba Sushi,,Japanese;Seafood;Sushi;Japanese - Other ,seafood,ta,True
miyagi/kesennuma,440,Takaso Yakiniku Ten,,Japanese;Japanese - Other ,japanese,ta,True
miyagi/kesennuma,441,Hikado Drive In,,Japanese,japanese,ta,True
miyagi/kesennuma,442,Coffee Shop River,,Cafe,cafe,ta,True
miyagi/kesennuma,443,Isamiya Pastry,,,other,none,False
miyagi/kesennuma,444,Jan Jan Yakiniku House,,Barbecue,meat,ta,True
miyagi/kesennuma,445,Plage,,Japanese;International;Japanese - Other ,japanese,ta,True
miyagi/kesennuma,446,Azure,,Cafe,cafe,ta,True
miyagi/kesennuma,447,Maryland,,,other,none,False
miyagi/kesennuma,448,Moon Rocks Cafe,,Cafe,cafe,ta,True
miyagi/kesennuma,449,Restaurant Nine One,,Italian;Mediterranean;Asian;Japanese Fusion,european,ta,True
miyagi/kesennuma,450,Ebisu Furumai,,Japanese;Sushi,seafood,ta,True
miyagi/kesennuma,451,Ikoi Shokudo,,,other,none,False
miyagi/kesennuma,452,Marukin,,Japanese,japanese,ta,True
miyagi/kesennuma,453,Kojima Ya,,Japanese,japanese,ta,True
miyagi/kesennuma,454,Hana Hana,,Japanese,japanese,ta,True
miyagi/kesennuma,455,Drinking Place Real Glue,,,other,none,False
miyagi/kesennuma,456,Smile Dininig Room,,Japanese;International,japanese,ta,True
miyagi/kesennuma,457,Chidori,,,other,none,False
miyagi/kesennuma,458,Ramen Ippu,,,other,none,False
miyagi/kesennuma,459,Japanese Sweets Fugetsu,,,other,none,False
miyagi/kesennuma,460,Lime Light,,,other,none,False
miyagi/kesennuma,461,Karaoke Suites Crayon Kesennuma,,International,other,none,False
miyagi/kesennuma,462,Ramen Goku,,,other,none,False
miyagi/kesennuma,463,Marumi,,Japanese,japanese,ta,True
miyagi/kesennuma,464,Belle,,Cafe,cafe,ta,True
miyagi/kesennuma,465,Tatsumai Shokudo,,Japanese;International;Japanese - Other ,japanese,ta,True
miyagi/kesennuma,466,Poem,,,other,none,False
miyagi/kesennuma,467,Hand Craft and Food Shop,,Fast Food,casual,ta,True
miyagi/kesennuma,468,Oshokuji Dokoro Rakuya,,Japanese;Japanese - Other ,japanese,ta,True
miyagi/kesennuma,469,Fukuro Tei,,,other,none,False
miyagi/kesennuma,470,Oshimaya,,Japanese,japanese,ta,True
miyagi/kesennuma,471,Restaurant Uminoichi,,,other,none,False
miyagi/kesennuma,472,Capricorn,,,other,none,False
miyagi/kesennuma,473,Heartland,,Japanese,japanese,ta,True
miyagi/kesennuma,474,Cafe Hanako,,Cafe,cafe,ta,True
miyagi/kesennuma,475,Media Cafe Timone,,Cafe;International,cafe,ta,True
miyagi/kesennuma,476,Sampo,,,other,none,False
miyagi/kesennuma,477,Taihei Sushi,,Japanese;Sushi,seafood,ta,True
miyagi/kesennuma,478,Daizushi,,Japanese;Sushi,seafood,ta,True
miyagi/kesennuma,479,Yu Sushi Uoichibamae Main Store,,Sushi,seafood,ta,True
miyagi/kesennuma,480,Dunhill,,Japanese,japanese,ta,True
miyagi/kesennuma,481,Shu An Sakurano,,Japanese,japanese,ta,True
miyagi/kesennuma,482,Kumachan,,Japanese;International;Japanese - Other ,japanese,ta,True
miyagi/kesennuma,483,Karaoke Salon Kanon,,International,other,none,False
miyagi/kesennuma,484,Hormone Manfuku,,,other,none,False
miyagi/kesennuma,485,Snack Dan Yuyu,,Pub,izakaya,ta,True
miyagi/kesennuma,486,Family Seven Daruma Kesennuma,,,other,none,False
miyagi/kesennuma,487,Shunsaiya Ken Demae Restaurant,,Izakaya (Japanese Style Tavern),izakaya,ta,True
miyagi/kesennuma,488,Kitchen House Kaede,,Japanese - Other ,japanese,ta,True
miyagi/kesennuma,489,Oriental Kitchen Saiya,,Japanese,japanese,ta,True
miyagi/kesennuma,490,Cafe RST,,Cafe,cafe,ta,True
miyagi/kesennuma,491,Kyusaiya,,,other,none,False
miyagi/kesennuma,492,Yodel,,Fast Food,casual,ta,True
miyagi/kesennuma,493,Gourmet Doll Kesennuma,,International,other,none,False
miyagi/kesennuma,494,Kyogetsu,,Japanese;Izakaya (Japanese Style Tavern),izakaya,ta,True
miyagi/kesennuma,495,Charles,,Cafe,cafe,ta,True
miyagi/kesennuma,496,Pub House Yume,,French,european,ta,True
miyagi/kesennuma,497,Ippachi,,Japanese;Sushi,seafood,ta,True
miyagi/kesennuma,498,Taiwa Dininig Room,,Japanese;International,japanese,ta,True
miyagi/kesennuma,499,Ans,,Cafe,cafe,ta,True
miyagi/kesennuma,500,Smile,,,izakaya,desc,False
miyagi/kesennuma,501,Uofuku,,Japanese,japanese,ta,True
miyagi/kesennuma,502,Amigo,,Japanese,japanese,ta,True
miyagi/kesennuma,503,Shiota,,Japanese;Izakaya (Japanese Style Tavern),izakaya,ta,True
miyagi/kesennuma,504,Horoyoi,,Japanese;Izakaya (Japanese Style Tavern),izakaya,ta,True
miyagi/kesennuma,505,Toriyabe Confectionery,,,other,none,False
miyagi/kesennuma,506,Izakaya Rakuhei,,Pub,izakaya,ta,True
miyagi/kesennuma,507,Miyagawa Shoten Yataimura,,,other,none,False
miyagi/kesennuma,508,Karo,,,other,none,False
miyagi/kesennuma,509,Kobai,,,other,none,False
miyagi/kesennuma,510,Oisho Seaweed,,Japanese,japanese,ta,True
miyagi/kesennuma,511,Um Shoji,,,other,none,False
miyagi/kesennuma,512,Izakaya Sugi No Sawa,,Izakaya (Japanese Style Tavern),izakaya,ta,True
miyagi/kesennuma,513,Sakean Kamon,,Japanese;Izakaya (Japanese Style Tavern),izakaya,ta,True
miyagi/kesennuma,514,Snack Umbrella,,,other,none,False
miyagi/kesennuma,515,Ichifuku,,,other,none,False
miyagi/kesennuma,516,Mirai,,,other,none,False
miyagi/kesennuma,517,Fuji Nectar,,,other,none,False
miyagi/kesennuma,518,Beach Side,,Japanese;International;Japanese - Other ,japanese,ta,True
miyagi/kesennuma,519,Kitchen Higashiyama,,Japanese;International;Japanese - Other ,japanese,ta,True
miyagi/kesennuma,520,Yotteke,,Japanese - Other ,japanese,ta,True
miyagi/kesennuma,521,Bappa No Daidokoro,,Japanese;Japanese - Other ,japanese,ta,True
miyagi/kesennuma,522,Hormone ,,Barbecue,meat,ta,True
miyagi/kesennuma,523,Izakaya Choji,,Japanese,japanese,ta,True
miyagi/kesennuma,524,Chinese Restaurant Kaika,,Chinese,chinese,ta,True
miyagi/kesennuma,525,Shunsendokoro Kikusen,,Japanese,japanese,ta,True
miyagi/kesennuma,526,Chambre,,Indian,curry,ta,True
miyagi/kesennuma,527,Ajidokoro Kinoya,,Japanese,japanese,ta,True
miyagi/kesennuma,528,Palpaw Etoile,,Fusion,other,none,False
miyagi/kesennuma,529,Keisenzaka,,Japanese,japanese,ta,True
miyagi/kesennuma,530,Umi Food,,Japanese,japanese,ta,True
miyagi/kesennuma,531,Teradaya,,,other,none,False
miyagi/kesennuma,532,Chez Sasaki,,,other,none,False
miyagi/kesennuma,533,Seiryuken,,,other,none,False
miyagi/kesennuma,534,Le Deparu,,,other,none,False
miyagi/kesennuma,535,La Epi,,,other,none,False
miyagi/kesennuma,536,Yodel,,Fast Food,casual,ta,True
miyagi/kesennuma,537,Utsumi Pastry Yokamachi,,,other,none,False
miyagi/kesennuma,538,Oshokuji Dokoro Yamanishi,,,other,none,False
miyagi/kesennuma,539,Al Marj,,,other,none,False
miyagi/kesennuma,540,Sanmori Museum,,,other,none,False
miyagi/kesennuma,541,Arche,,,other,none,False
miyagi/kesennuma,542,Wagaya,,,izakaya,desc,False
miyagi/kesennuma,543,Tentake,,Japanese,japanese,ta,True
miyagi/kesennuma,544,Ikoi Hifumi,,Japanese - Other ,japanese,ta,True
miyagi/kesennuma,545,Utajio Ami Kesennuma,,International,other,none,False
miyagi/kesennuma,546,Musashino Shokudo,,Japanese,japanese,ta,True
miyagi/kesennuma,547,Tomiyoshi,,Japanese;International;Japanese - Other ,japanese,ta,True
miyagi/kesennuma,548,Itoen,,Japanese;International;Japanese - Other ,japanese,ta,True
miyagi/kesennuma,549,Itsuki,,Japanese,japanese,ta,True
miyagi/kesennuma,550,Sinkyo,,Chinese,chinese,ta,True
miyagi/kesennuma,551,Cafe Classic,,,other,none,False
miyagi/kesennuma,552,Espoir,,,other,none,False
miyagi/kesennuma,553,Purple,,,other,none,False
miyagi/kesennuma,554,Snack Tsukumi,,,other,none,False
miyagi/kesennuma,555,Oshokuji Dokoro Hana,,,other,none,False
miyagi/kesennuma,556,Rose,,,other,none,False
miyagi/kesennuma,557,Snack Savoie,,,other,none,False
miyagi/kesennuma,558,Sushi Kaido Kesennuma,,,other,none,False
miyagi/kesennuma,559,Izakaya Ogata,,,other,none,False
miyagi/kesennuma,560,Pub Koharu,,,other,none,False
miyagi/kesennuma,561,Gittsuan,,,other,none,False
miyagi/kesennuma,562,Naruse,,,other,none,False
miyagi/kurihara,1,ラーメンの店みよし,ラーメン、うどん,,noodles,tb,True
miyagi/kurihara,2,西屋,ラーメン,,noodles,tb,True
miyagi/kurihara,3,ラーメン DX屋,ラーメン,,noodles,tb,True
miyagi/kurihara,4,和洋レストラン チロル,洋食、日本料理,,european,tb,True
miyagi/kurihara,5,丸勝食堂,かつ丼、ラーメン,,meat,tb,True
miyagi/kurihara,6,らーめん 黒の木,ラーメン、餃子,,noodles,tb,True
miyagi/kurihara,7,いろは食堂 高清水支店,ラーメン、食堂、丼,,noodles,tb,True
miyagi/kurihara,8,蕎麦祥,そば、うどん,,noodles,tb,True
miyagi/kurihara,9,自然薯の館,麦とろ、オーガニック、そば,,noodles,tb,False
miyagi/kurihara,10,狩人,肉料理、オーガニック、うどん,,meat,tb,True
miyagi/kurihara,11,蕎麦小屋,そば,,noodles,tb,True
miyagi/kurihara,12,とんかつ屋 金太郎,とんかつ、麺類,,meat,tb,True
miyagi/kurihara,13,とんかつ雅,とんかつ、ステーキ、ラーメン,,meat,tb,True
miyagi/kurihara,14,パレット 築館本店,パン、ケーキ,,sweets,tb,True
miyagi/kurihara,15,麺や なのほ,ラーメン,,noodles,tb,True
miyagi/kurihara,16,食事処 ,そば、うなぎ、天ぷら,,noodles,tb,True
miyagi/kurihara,17,そば処　京ケ崎,そば、天ぷら,,noodles,tb,True
miyagi/kurihara,18,Cafe かいめんこや,カフェ、ピザ、パスタ,,cafe,tb,True
miyagi/kurihara,19,秋桜コスモス,ラーメン、中華料理、焼酎バー,,noodles,tb,True
miyagi/kurihara,20,ラーメン 浜ねっこ,ラーメン,,noodles,tb,True
miyagi/kurihara,21,味の店川田,食堂、麺類,,casual,tb,True
miyagi/kurihara,22,大学食堂,焼きそば、食堂、中華料理,,noodles,tb,True
miyagi/kurihara,23,清華,中華料理、つけ麺,,chinese,tb,True
miyagi/kurihara,24,岩魚の館 数又,丼、日本料理,,casual,tb,True
miyagi/kurihara,25,幸之助,焼肉、寿司,,meat,tb,True
miyagi/kurihara,26,B&Jキッチン,洋食、パスタ、喫茶店,,european,tb,True
miyagi/kurihara,27,たかの食堂,ラーメン、うどん、かつ丼,,noodles,tb,True
miyagi/kurihara,28,フェリーチェ,パスタ,,european,tb,True
miyagi/kurihara,29,万里,中華料理、ラーメン、食堂,,chinese,tb,True
miyagi/kurihara,30,花舞の里,そば,,noodles,tb,True
miyagi/kurihara,31,ホテルグランドプラザ浦島,ホテル,,other,none,False
miyagi/kurihara,32,カフェ コロポックル,カフェ,,cafe,tb,True
miyagi/kurihara,33,土里夢,ジェラート・アイスクリーム、そば,,sweets,tb,True
miyagi/kurihara,34,もちっ小屋 でん,和菓子、大福,,sweets,tb,True
miyagi/kurihara,35,飲み処 食べ処 つがる,居酒屋、ラーメン、食堂,,izakaya,tb,True
miyagi/kurihara,36,和洋ダイニング 幸ん妃,居酒屋、パスタ、海鮮,,izakaya,tb,True
miyagi/kurihara,37,萩亭,海鮮、とんかつ,,seafood,tb,True
miyagi/kurihara,38,らーめん亘理,ラーメン,,noodles,tb,True
miyagi/kurihara,39,くりこま,食堂、ラーメン、うどん,,casual,tb,True
miyagi/kurihara,40,焼肉ハウス 龍天鴻,焼肉,,meat,tb,True
miyagi/kurihara,41,GARDEN RESTAURANT SPRING Rd.,パスタ、ピザ、ハンバーガー,,european,tb,True
miyagi/kurihara,42,食事処 だるま屋,ラーメン、かつ丼,,noodles,tb,True
miyagi/kurihara,43,大手屋,たい焼き・大判焼き、ジェラート・アイスクリーム、和菓子,,sweets,tb,True
miyagi/kurihara,44,お菓子の店すがわら,ケーキ,,sweets,tb,True
miyagi/kurihara,45,みやぎ冨美野,そば、うどん,,noodles,tb,True
miyagi/kurihara,46,まるよ食堂,ラーメン、食堂,,noodles,tb,True
miyagi/kurihara,47,ご馳走ダイニング 満てん,ダイニングバー、串焼き、焼肉,,izakaya,tb,True
miyagi/kurihara,48,白果楼,中華料理、ラーメン、丼,,chinese,tb,True
miyagi/kurihara,49,cuccie cafe la Bonte,パスタ、カフェ,,european,tb,True
miyagi/kurihara,50,岩渕食堂,ラーメン、食堂、かつ丼,,noodles,tb,True
miyagi/kurihara,51,ノース ウェスト,ラーメン、ドーナツ,,noodles,tb,True
miyagi/kurihara,52,楓林,ラーメン,,noodles,tb,True
miyagi/kurihara,53,山菜茶屋ざらぼう,そば,,noodles,tb,True
miyagi/kurihara,54,たいむカフェ,喫茶店、カフェ,,cafe,tb,True
miyagi/kurihara,55,道の駅 路田里はなやま お土産・産直コーナー,道の駅,,other,none,False
miyagi/kurihara,56,湖畔のみせ 旬彩,カフェ,,cafe,tb,True
miyagi/kurihara,57,cafe TAKAMO,カフェ,,cafe,tb,True
miyagi/kurihara,58,サロン ド テ クリハラ,カフェ,,cafe,tb,True
miyagi/kurihara,59,木香珈琲,カフェ,,cafe,tb,True
miyagi/kurihara,60,おかまる食堂,食堂,,casual,tb,True
miyagi/kurihara,61,坊の蔵,そば,,noodles,tb,True
miyagi/kurihara,62,嘉嘉美,中華料理,,chinese,tb,True
miyagi/kurihara,63,あがらいん亭,食堂,,casual,tb,True
miyagi/kurihara,64,味久 築館バイパス店,立ち食いそば、うどん,,noodles,tb,True
miyagi/kurihara,65,アロエリゾートカフェ,カフェ,,cafe,tb,True
miyagi/kurihara,66,ラーメンショップねぎっこ 築館店,ラーメン、餃子,,noodles,tb,True
miyagi/kurihara,67,おかってマルシェ,その他,,other,none,False
miyagi/kurihara,68,中国酒家紅龍りらく,中華料理、居酒屋,,chinese,tb,True
miyagi/kurihara,69,うたげ座,居酒屋、海鮮、焼き鳥,,izakaya,tb,True
miyagi/kurihara,70,自家培養醗酵種パン 侭,パン,,sweets,tb,True
miyagi/kurihara,71,元祖もつよし,食堂,,casual,tb,True
miyagi/kurihara,72,ハッピー,パスタ,,european,tb,True
miyagi/kurihara,73,かめや食堂,食堂、ラーメン,,casual,tb,True
miyagi/kurihara,74,薬師そば,そば、うどん,,noodles,tb,True
miyagi/kurihara,75,食事処 和の倶楽,食堂,,casual,tb,True
miyagi/kurihara,76,長屋門cafe いわさき花門,カフェ,,cafe,tb,True
miyagi/kurihara,77,あすなろ,レストラン,,other,none,False
miyagi/kurihara,78,花カフェ 花音,カフェ,,cafe,tb,True
miyagi/kurihara,79,源氏蛍せんべい 直売所,せんべい、和菓子,,sweets,tb,False
miyagi/kurihara,80,U-cafe 築館店,カフェ、フルーツパーラー、ジューススタンド,,cafe,tb,True
miyagi/kurihara,81,頓珍亭,ラーメン、中華料理、飲茶・点心,,noodles,tb,True
miyagi/kurihara,82,アクセスらーめんショップ,ラーメン、食堂,,noodles,tb,True
miyagi/kurihara,83,炭火いちばじゅう 築館店,焼肉,,meat,tb,True
miyagi/kurihara,84,あじあ,居酒屋、食堂、ラーメン,,izakaya,tb,True
miyagi/kurihara,85,荒浜屋,かつ丼、ラーメン、食堂,,meat,tb,True
miyagi/kurihara,86,インドカレー グラス,インドカレー,,curry,tb,True
miyagi/kurihara,87,食事処 和の倶楽,食堂,,casual,tb,True
miyagi/kurihara,88,米金工房 栗原志波姫店,たこ焼き、レストラン,,casual,tb,True
miyagi/kurihara,89,みうら堂製菓,洋菓子,,sweets,tb,True
miyagi/kurihara,90,めいぷる,ケーキ、喫茶店、スイーツ,,sweets,tb,True
miyagi/kurihara,91,叶屋菓子店,和菓子、ケーキ、洋菓子,,sweets,tb,True
miyagi/kurihara,92,cafe&sweets すぷりんぐ,カフェ、洋菓子、パン,,cafe,tb,True
miyagi/kurihara,93,珈琲の店 道,喫茶店,,cafe,tb,True
miyagi/kurihara,94,HOT SANDWICH & COFFEE ひしの実,喫茶店、カフェ,,cafe,tb,True
miyagi/kurihara,95,居酒屋雲龍堂,日本酒バー、焼酎バー、ラーメン,,izakaya,tb,True
miyagi/kurihara,96,弥治介,食堂、ラーメン,,casual,tb,True
miyagi/kurihara,97,食事処むらかみ,うどん,,noodles,tb,True
miyagi/kurihara,98,ササキ,喫茶店、パスタ、ケーキ,,cafe,tb,True
miyagi/kurihara,99,丸勝,食堂、日本料理,,casual,tb,True
miyagi/kurihara,100,六角茶屋,焼肉、ラーメン,,meat,tb,True
miyagi/kurihara,101,そば処 もんじ 永左エ門,そば,,noodles,tb,True
miyagi/kurihara,102,農家レストラン 美桜,麺類、郷土料理,,noodles,tb,True
miyagi/kurihara,103,あぐりっこ金成,ジェラート・アイスクリーム,,sweets,tb,True
miyagi/kurihara,104,カントリーストア,喫茶店、ピザ、パスタ,,cafe,tb,True
miyagi/kurihara,105,グラン・ジュテ,洋菓子,,sweets,tb,True
miyagi/kurihara,106,スパイシーカレー シラビヤ,インドカレー,,curry,tb,True
miyagi/kurihara,107,EPOCA21,その他,,other,none,False
miyagi/kurihara,108,わかやなぎ農産物直売所 くりでん,その他,,other,none,False
miyagi/kurihara,109,喜久乃家,スイーツ,,sweets,tb,True
miyagi/kurihara,110,そば処 本陣,そば、うどん、天丼,,noodles,tb,True
miyagi/kurihara,111,さぶん,洋菓子,,sweets,tb,True
miyagi/kurihara,112,なごみ日和,パン,,sweets,tb,True
miyagi/kurihara,113,あじわいの朝 築館店,その他,,other,none,False
miyagi/kurihara,114,洋菓子ハッピー 栗駒店,ケーキ,,sweets,tb,True
miyagi/kurihara,115,カフェ シュシュ,カフェ,,cafe,tb,True
miyagi/kurihara,116,栗駒屋,たい焼き・大判焼き、せんべい、かき氷,,sweets,tb,True
miyagi/kurihara,117,岡本老舗,和菓子,,sweets,tb,True
miyagi/kurihara,118,よもぎた菓子店,パン、洋菓子,,sweets,tb,True
miyagi/kurihara,119,A・COOP 瀬峰店,コンビニ・スーパー,,daily,tb,True
miyagi/kurihara,120,くるまやラーメン 築館店,ラーメン,,noodles,tb,True
miyagi/kurihara,121,川口納豆,その他,,other,none,False
miyagi/kurihara,122,金成パーキングエリア（上り）,その他,,other,none,False
miyagi/kurihara,123,山の駅 くりこま,その他,,other,none,False
miyagi/kurihara,124,栗駒レストハウス,食堂、麺類、カレー,,casual,tb,True
miyagi/kurihara,125,味久,レストラン,,other,none,False
miyagi/kurihara,126,志んこや,和菓子,,sweets,tb,True
miyagi/kurihara,127,天然温泉 たかもりの湯,その他,,other,none,False
miyagi/kurihara,128,居酒屋いわい,居酒屋、焼き鳥、日本酒バー,,izakaya,tb,True
miyagi/kurihara,129,新町キュウ,ラーメン、おでん、居酒屋,,noodles,tb,True
miyagi/kurihara,130,炭火焼き鳥 轟や 築館店,焼き鳥、居酒屋,,meat,tb,True
miyagi/kurihara,131,セブンイレブン 金成PA下り店,コンビニ・スーパー,,daily,tb,True
miyagi/kurihara,132,福徳園,焼肉、ホルモン,,meat,tb,True
miyagi/kurihara,133,三陸食堂,食堂,,casual,tb,True
miyagi/kurihara,134,千成寿司,寿司,,seafood,tb,True
miyagi/kurihara,135,和幸,焼肉,,meat,tb,True
miyagi/kurihara,136,萩野酒造,その他,,other,none,False
miyagi/kurihara,137,花の季,居酒屋,,izakaya,tb,True
miyagi/kurihara,138,パン工房いそっぷ,パン,,sweets,tb,True
miyagi/kurihara,139,源氏蛍煎餅本舗 本店,せんべい,,other,none,False
miyagi/kurihara,140,草路木,カフェ,,cafe,tb,True
miyagi/kurihara,141,伊豆沼食堂,食堂,,casual,tb,True
miyagi/kurihara,142,文字屋,居酒屋,,izakaya,tb,True
miyagi/kurihara,143,喰芯坊 謝謝堂,中華料理,,chinese,tb,True
miyagi/kurihara,144,ごはんや Zucca,食堂,,casual,tb,True
miyagi/kurihara,145,CAFE RAFU,カフェ,,cafe,tb,True
miyagi/kurihara,146,cise,カフェ,,cafe,tb,True
miyagi/kurihara,147,焼肉 俺ん家,焼肉、ホルモン,,meat,tb,True
miyagi/kurihara,148,りぼ・なんぶや,喫茶店,,cafe,tb,True
miyagi/kurihara,149,How's kitchen 栗原中央病院店,食堂,,casual,tb,True
miyagi/kurihara,150,武田鮮魚,その他,,other,none,False
miyagi/kurihara,151,DARTS HOUSE AERZ,居酒屋、バー、ダーツ,,izakaya,tb,True
miyagi/kurihara,152,茶寮 椿,ダイニングバー,,izakaya,tb,True
miyagi/kurihara,153,RAPPORT,カフェ、クレープ・ガレット,,cafe,tb,True
miyagi/kurihara,154,ジョイフル 宮城築館店,ファミレス,,casual,tb,True
miyagi/kurihara,155,青葉食堂,ラーメン、食堂,,noodles,tb,True
miyagi/kurihara,156,ベルディ栗駒,日本料理、食堂、ラーメン,,japanese,tb,True
miyagi/kurihara,157,凰華,中華料理、食堂、丼,,chinese,tb,True
miyagi/kurihara,158,金の井酒造(株),その他,,other,none,False
miyagi/kurihara,159,スープ屋 コトコト,カフェ、オーガニック,,cafe,tb,True
miyagi/kurihara,160,拾八番亭,ラーメン,,noodles,tb,True
miyagi/kurihara,161,侘びsuke,カフェ、パスタ、カレー,,cafe,tb,True
miyagi/kurihara,162,あやめの里,その他,,other,none,False
miyagi/kurihara,163,食工房縄文,食堂、麺類,,casual,tb,True
miyagi/kurihara,164,ありま館,喫茶店,,cafe,tb,True
miyagi/kurihara,165,ル リアン,カフェ、喫茶店,,cafe,tb,True
miyagi/kurihara,166,くりこま漢方和牛直売処 関村牧場,その他,,other,none,False
miyagi/kurihara,167,ムヨカ珈琲ロースタリー,その他,,cafe,desc,False
miyagi/kurihara,168,銀座ホルモン,焼肉、ホルモン,,meat,tb,True
miyagi/kurihara,169,jaki,カフェ、喫茶店,,cafe,tb,True
miyagi/kurihara,170,国立花山青少年自然の家 食堂,ビュッフェ,,casual,tb,True
miyagi/kurihara,171,てから,洋菓子、弁当,,sweets,tb,True
miyagi/kurihara,172,愛藍人・文字,食堂,,casual,tb,True
miyagi/kurihara,173,野口商店,その他,,other,none,False
miyagi/kurihara,174,喜久乃家 ウジエスーパー栗駒店,洋菓子,,sweets,tb,True
miyagi/kurihara,175,kukicoco Crepe,カフェ、クレープ・ガレット,,cafe,tb,True
miyagi/kurihara,176,リノマ,カフェ,,cafe,tb,True
miyagi/kurihara,177,グリーンヒル浦島,その他,,other,none,False
miyagi/kurihara,178,菓子工房 Happy 金成店,洋菓子、スイーツ、ケーキ,,sweets,tb,True
miyagi/kurihara,179,Cafe Beetle,カフェ,,cafe,tb,True
miyagi/kurihara,180,農家のお店 おてんとさん 栗駒店,その他,,other,none,False
miyagi/kurihara,181,三浦酒舗,その他,,other,none,False
miyagi/kurihara,182,柴野製麺店,その他,,other,none,False
miyagi/kurihara,183,だるまや,ラーメン,,noodles,tb,True
miyagi/kurihara,184,山脈ハウス,食堂,,casual,tb,True
miyagi/kurihara,185,鮨　幸楽,寿司、日本料理,,seafood,tb,True
miyagi/kurihara,186,寿司幸,寿司,,seafood,tb,True
miyagi/kurihara,187,シュヴァル ブラン,カフェ、喫茶店,,cafe,tb,True
miyagi/kurihara,188,よつ葉,居酒屋、オムライス、カレー,,izakaya,tb,True
miyagi/kurihara,189,いちの家,居酒屋,,izakaya,tb,True
miyagi/kurihara,190,富寿司,寿司,,seafood,tb,True
miyagi/kurihara,191,金太郎 金成イオン店,とんかつ,,meat,tb,True
miyagi/kurihara,192,昭栄堂,洋菓子、和菓子,,sweets,tb,True
miyagi/kurihara,193,照寿し,寿司,,seafood,tb,True
miyagi/kurihara,194,居酒屋いろり,居酒屋,,izakaya,tb,True
miyagi/kurihara,195,時代屋 りらく,居酒屋,,izakaya,tb,True
miyagi/kurihara,196,旬魚と創作酒場 かぶと,居酒屋,,izakaya,tb,True
miyagi/kurihara,197,あじわいの朝 若柳店,その他,,other,none,False
miyagi/kurihara,198,夕やけ酒場 赤とんぼ,居酒屋,,izakaya,tb,True
miyagi/kurihara,199,和洋ダイニング 幸ん妃,居酒屋,,izakaya,tb,True
miyagi/kurihara,200,LAWSON 栗原一迫,コンビニ・スーパー,,daily,tb,True
miyagi/kurihara,201,ダイニングバーreturn,ダイニングバー,,izakaya,tb,True
miyagi/kurihara,202,くりねこ食堂,食堂,,casual,tb,True
miyagi/kurihara,203,元平寿司,寿司,,seafood,tb,True
miyagi/kurihara,204,食事処 縁,日本料理,,japanese,tb,True
miyagi/kurihara,205,はさまや酒造店,その他,,other,none,False
miyagi/kurihara,206,幸楽苑 築館店,ラーメン,,noodles,tb,True
miyagi/kurihara,207,はま寿司 栗原築館店,回転寿司、麺類,,seafood,tb,True
miyagi/kurihara,208,和風レストランまるまつ 築館店,ファミレス,,casual,tb,True
miyagi/kurihara,209,すき家 4号栗原店,牛丼、カレー、食堂,,casual,tb,True
miyagi/kurihara,210,和風レストランまるまつ 若柳店,ファミレス,,casual,tb,True
miyagi/kurihara,211,平禄寿司 築館,回転寿司、海鮮、海鮮丼,,seafood,tb,True
miyagi/kurihara,212,シャトレーゼ 築館店,ケーキ、洋菓子、和菓子,,sweets,tb,True
miyagi/kurihara,213,パン工場 イオンスーパーセンター栗原志波姫店,パン,,sweets,tb,True
miyagi/kurihara,214,養老乃瀧 築館店,居酒屋,,izakaya,tb,True
miyagi/kurihara,215,駒の湯温泉,その他,,other,none,False
miyagi/kurihara,216,鶏笑 築館店,からあげ、弁当,,meat,tb,True
miyagi/kurihara,217,不二家 イオンSuC栗原志波姫店,ケーキ,,sweets,tb,True
miyagi/kurihara,218,ほっともっと 築館伊豆町店,弁当,,casual,tb,True
miyagi/kurihara,219,山内豆腐店,その他,,other,none,False
miyagi/kurihara,220,丸長,その他,,other,none,False
miyagi/kurihara,221,ザ・ビッグ 金成店,コンビニ・スーパー,,daily,tb,True
miyagi/kurihara,222,ファミリーマート 宮城金成店,コンビニ・スーパー,,daily,tb,True
miyagi/kurihara,223,カフェミール・ココ,喫茶店,,cafe,tb,True
miyagi/kurihara,224,ウジエスーパー 若柳店,コンビニ・スーパー,,daily,tb,True
miyagi/kurihara,225,セブンイレブン 築館インター店,コンビニ・スーパー,,daily,tb,True
miyagi/kurihara,226,鴨よし,寿司,,seafood,tb,True
miyagi/kurihara,227,延年閣 食堂,麺類、丼,,noodles,tb,True
miyagi/kurihara,228,惣菜 御食事 なっちゃん,食堂,,casual,tb,True
miyagi/kurihara,229,松井そば屋,食堂,,casual,tb,True
miyagi/kurihara,230,屋婦栄,そば、うどん,,noodles,tb,True
miyagi/kurihara,231,モンペリエ ヨークベニマル築館店,パン,,sweets,tb,True
miyagi/kurihara,232,ラ・クレソン ウジエスーパー築館店,パン,,sweets,tb,True
miyagi/kurihara,233,ビストロ ラク,ビストロ,,european,tb,True
miyagi/kurihara,234,CANNLINE DINER,カフェ、ハンバーガー,,cafe,tb,True
miyagi/kurihara,235,古民家 岩松,カフェ、郷土料理,,cafe,tb,True
miyagi/kurihara,236,相馬食品,弁当,,casual,tb,True
miyagi/kurihara,237,JIN,焼酎バー、居酒屋,,izakaya,tb,True
miyagi/kurihara,238,つくし野,和菓子,,sweets,tb,True
miyagi/kurihara,239,おしゃれ呉服とニューファンション 紅屋,その他,,other,none,False
miyagi/kurihara,240,田口酒店食堂,食堂,,casual,tb,True
miyagi/kurihara,241,HOW 栗原中央病院店,その他,,other,none,False
miyagi/kurihara,242,延年閣 売店,レストラン,,other,none,False
miyagi/kurihara,243,休,カフェ,,cafe,tb,True
miyagi/kurihara,244,KAGIYA,和菓子、おにぎり、カフェ,,sweets,tb,True
miyagi/kurihara,245,(有)川口グリーンセンター,売店,,casual,tb,True
miyagi/kurihara,246,創作料理 田園,日本料理,,japanese,tb,True
miyagi/kurihara,247,心の赴くまま 笑ん,パン、サンドイッチ、惣菜・デリ,,sweets,tb,True
miyagi/kurihara,248,鳥恵,焼き鳥,,meat,tb,True
miyagi/kurihara,249,SUPRING burger.,ハンバーガー,,casual,tb,True
miyagi/kurihara,250,みえこの部屋,喫茶店,,cafe,tb,True
miyagi/kurihara,251,つじやま,その他,,other,none,False
miyagi/kurihara,252,有限会社 いちじょう,その他,,other,none,False
miyagi/kurihara,253,セブンイレブン 金成PA上り店,コンビニ・スーパー,,daily,tb,True
miyagi/kurihara,254,菜っちゃんハウス,その他,,other,none,False
miyagi/kurihara,255,ホテルエポカ,ホテル,,other,none,False
miyagi/kurihara,256,やきとりや,居酒屋、食堂,,izakaya,tb,True
miyagi/kurihara,257,瀧川蒲鉾店,その他,,other,none,False
miyagi/kurihara,258,阿部さくらんぼ園,その他,,other,none,False
miyagi/kurihara,259,シゼナ,ダイニングバー、バー,,izakaya,tb,True
miyagi/kurihara,260,和風スナック 幸,韓国料理、バー,,chinese,tb,True
miyagi/kurihara,261,麺屋結う,ラーメン,,noodles,tb,True
miyagi/kurihara,262,ウジエスーパー 築館店,コンビニ・スーパー,,daily,tb,True
miyagi/kurihara,263,はさま会館,日本料理,,japanese,tb,True
miyagi/kurihara,264,なんだり かんだり,焼き鳥、ハンバーガー、ピザ,,meat,tb,True
miyagi/kurihara,265,大平昆布,その他,,other,none,False
miyagi/kurihara,266,LAWSON 栗原若柳店,コンビニ・スーパー,,daily,tb,True
miyagi/kurihara,267,くら蔵,居酒屋,,izakaya,tb,True
miyagi/kurihara,268,ローソン 山の駅くりこま店,コンビニ・スーパー,,daily,tb,True
miyagi/kurihara,269,栗駒の里パン工房”おふくろさん”,パン、ピザ、麺類,,sweets,tb,True
miyagi/kurihara,270,糟川食品,その他,,other,none,False
miyagi/kurihara,271,つるまる 本店,居酒屋、焼肉、焼き鳥,,izakaya,tb,True
miyagi/kurihara,272,きままや,居酒屋,,izakaya,tb,True
miyagi/kurihara,273,くりはら,ホテル,,other,none,False
miyagi/kurihara,274,おもて,喫茶店,,cafe,tb,True
miyagi/kurihara,275,割烹　千鳥,うなぎ、レストラン、バー,,seafood,tb,True
miyagi/kurihara,276,naapuri,カフェ,,cafe,tb,True
miyagi/kurihara,277,炙り屋 りらく 伊豆店,居酒屋,,izakaya,tb,True
miyagi/kurihara,278,パルロワール,居酒屋,,izakaya,tb,True
miyagi/kurihara,279,ストアーもいずみ,日本料理,,japanese,tb,True
miyagi/kurihara,280,チェルシー,喫茶店、冷麺,,cafe,tb,True
miyagi/kurihara,281,芽瑠片・ダイニングバー,レストラン,,izakaya,desc,False
miyagi/kurihara,282,千鳥,日本料理,,japanese,tb,True
miyagi/kurihara,283,FOODSTORE けづりこや,コンビニ・スーパー,,daily,tb,True
miyagi/kurihara,284,蔵IVE,ダイニングバー,,izakaya,tb,True
miyagi/kurihara,285,喫茶RIN,喫茶店,,cafe,tb,True
miyagi/kurihara,286,LAWSON 栗原築館店,コンビニ・スーパー,,daily,tb,True
miyagi/kurihara,287,藤乃,日本料理,,japanese,tb,True
miyagi/kurihara,288,花工房 夢工房 NAO,喫茶店,,cafe,tb,True
miyagi/kurihara,289,満寿鮨,寿司,,seafood,tb,True
miyagi/kurihara,290,居酒屋 一歩亭,郷土料理,,japanese,tb,True
miyagi/kurihara,291,つるまる,居酒屋,,izakaya,tb,True
miyagi/kurihara,292,魚徳,寿司,,seafood,tb,True
miyagi/kurihara,293,松竹本店,居酒屋,,izakaya,tb,True
miyagi/kurihara,294,食堂湖水,中華料理,,chinese,tb,True
miyagi/kurihara,295,和洋居酒家 禅,居酒屋,,izakaya,tb,True
miyagi/kurihara,296,忍家,居酒屋,,izakaya,tb,True
miyagi/kurihara,297,ゆき寿し,寿司,,seafood,tb,True
miyagi/kurihara,298,みゅーじっくカフェ めぐ,カレー、カフェ,,curry,tb,True
miyagi/kurihara,299,花水屋製菓,和菓子,,sweets,tb,True
miyagi/kurihara,300,ザ ルームス,ダイニングバー,,izakaya,tb,True
miyagi/kurihara,301,柳目豆腐店,その他,,other,none,False
miyagi/kurihara,302,夢眠,カフェ、ピザ、パスタ,,cafe,tb,True
miyagi/kurihara,303,まとい寿司,寿司,,seafood,tb,True
miyagi/kurihara,304,Soba Honjin,,,other,none,False
miyagi/kurihara,305,Karyudo,,Japanese,japanese,ta,True
miyagi/kurihara,306,B and J Kitchen,,Japanese;International,japanese,ta,True
miyagi/kurihara,307,Kannari Pa Kudari Snack Corner,,Japanese - Other ,japanese,ta,True
miyagi/kurihara,308,Miyoshi Shokudo,,Japanese,japanese,ta,True
miyagi/kurihara,309,Japanese Style Restaurant Marumatsu Tsukidate,,Japanese;Japanese - Other ,japanese,ta,True
miyagi/kurihara,310,Restaurant Kurikoma,,Japanese,japanese,ta,True
miyagi/kurihara,311,Felice,,Cafe,cafe,ta,True
miyagi/kurihara,312,Suzuran,,,other,none,False
miyagi/kurihara,313,Furin,,Chinese;Asian,chinese,ta,True
miyagi/kurihara,314,てつ兵衛 金成イオン店,,Japanese;Japanese - Other ,japanese,ta,True
miyagi/kurihara,315,Teuchi Soba Abechu,,Japanese;Japanese - Other ,japanese,ta,True
miyagi/kurihara,316,Jinenjono Yakata,,International,other,none,False
miyagi/kurihara,317,Ramen DXya,,Chinese;Japanese,chinese,ta,True
miyagi/kurihara,318,Bistoro Raku,,,other,none,False
miyagi/kurihara,319,Hama Zushi Kurihara Tsukidate,,,other,none,False
miyagi/kurihara,320,Sukiya No 4 Kurihara,,,other,none,False
miyagi/kurihara,321,Japanese Restaurant Marumatsu Wakayanagi,,Japanese;International;Japanese - Other ,japanese,ta,True
miyagi/kurihara,322,Shikimi,,Japanese,japanese,ta,True
miyagi/kurihara,323,Airando Monji,,Steakhouse,meat,ta,True
miyagi/kurihara,324,Oka,,Japanese;International;Japanese - Other ,japanese,ta,True
miyagi/kurihara,325,Hanokisawa,,,other,none,False
miyagi/kurihara,326,なかはらドライブイン,,Japanese;International;Japanese - Other ,japanese,ta,True
miyagi/kurihara,327,Handmade Soba Udon Sobasho,,,other,none,False
miyagi/kurihara,328,Tacchan Ramen,,,other,none,False
miyagi/kurihara,329,なんたまや イオンスーパーセンター栗原志波姫店,,,other,none,False
miyagi/kurihara,330,Shochiku Main Store,,Japanese;Seafood;Sushi;Japanese - Other ,seafood,ta,True
miyagi/kurihara,331,Mitsuju Sushi,,Japanese;Seafood;Sushi;Japanese - Other ,seafood,ta,True
miyagi/kurihara,332,Free Space Deer Rest,,,other,none,False
miyagi/kurihara,333,Time Cafe,,Japanese,japanese,ta,True
miyagi/kurihara,334,Eating Place Nagomi No Kura,,Japanese;International;Japanese - Other ,japanese,ta,True
miyagi/kurihara,335,Aroma Gate,,Japanese,japanese,ta,True
miyagi/kurihara,336,Nitta Shokudo,,Japanese;International;Japanese - Other ,japanese,ta,True
miyagi/kurihara,337,Mine Park Restaurant,,Fusion,other,none,False
miyagi/kurihara,338,Cafe Kitchenorange,,Cafe,cafe,ta,True
miyagi/kurihara,339,Komayasu,,Japanese;International;Japanese - Other ,japanese,ta,True
miyagi/kurihara,340,Saika,,Chinese,chinese,ta,True
miyagi/kurihara,341,Yonetaya,,Japanese;International;Japanese - Other ,japanese,ta,True
miyagi/kurihara,342,南部家敷 築館店,,Japanese;Japanese - Other ,japanese,ta,True
miyagi/kurihara,343,ラーメン竹田,,,other,none,False
miyagi/kurihara,344,Shanmansan,,Chinese,chinese,ta,True
miyagi/kurihara,345,Matsuya,,Chinese,chinese,ta,True
miyagi/kurihara,346,Nishiya Ramen Ichihasama,,,other,none,False
miyagi/kurihara,347,Mameya,,Cafe,cafe,ta,True
miyagi/kurihara,348,Kimuraya,,,other,none,False
miyagi/kurihara,349,Kusaka Wafu Shokuji Dokoro,,Japanese;International;Japanese - Other ,japanese,ta,True
miyagi/kurihara,350,Yakiniku Sachi,,Barbecue,meat,ta,True
miyagi/kurihara,351,Restaurant Ichi Be,,Fusion,other,none,False
miyagi/kurihara,352,お菓子のきたむら,,,other,none,False
miyagi/kurihara,353,Bakery Pan Kojo Kannari,,,other,none,False
miyagi/kurihara,354,Yoronotaki Kurikoma,,,other,none,False
miyagi/kurihara,355,Gomen Tsukidate,,,other,none,False
miyagi/kurihara,356,Karaoke Shofukutei Crayon Tsukidate,,International,other,none,False
miyagi/kurihara,357,Hashiba,,Japanese,japanese,ta,True
miyagi/kurihara,358,Izakaya Irori,,Japanese,japanese,ta,True
miyagi/kurihara,359,Kaiseki Marukatsu,,Japanese,japanese,ta,True
miyagi/kurihara,360,Shochan Shokudo,,Japanese;International;Japanese - Other ,japanese,ta,True
miyagi/kurihara,361,Flower Cafe Kanon,,Cafe,cafe,ta,True
miyagi/kurihara,362,Karube Shokudo,,Japanese;International;Japanese - Other ,japanese,ta,True
miyagi/kurihara,363,Kaimenkoya,,Cafe,cafe,ta,True
miyagi/kurihara,364,Yoro Notaki Kurikomamachi,,Japanese;Izakaya (Japanese Style Tavern),izakaya,ta,True
miyagi/kurihara,365,Ippintei,,Chinese,chinese,ta,True
miyagi/kurihara,366,Indian Curry Gurans,,,other,none,False
miyagi/kurihara,367,Tatsunoko,,,other,none,False
miyagi/kurihara,368,Tsuzumi Sushi,,Japanese;Seafood;Sushi;Japanese - Other ,seafood,ta,True
miyagi/kurihara,369,旬菜厨房　富貴菜,,Chinese;Shanghai,chinese,ta,True
miyagi/kurihara,370,Tsukidategyo Ebisu,,Japanese;Izakaya (Japanese Style Tavern),izakaya,ta,True
miyagi/kurihara,371,Marimo Sushi,,Japanese;Seafood;Sushi;Japanese - Other ,seafood,ta,True
miyagi/kurihara,372,Meal Processing Murakami,,Japanese,japanese,ta,True
miyagi/kurihara,373,Fuotei,,,other,none,False
miyagi/kurihara,374,Drive In Iso,,Japanese - Other ,japanese,ta,True
miyagi/kurihara,375,Murai Shoten,,Barbecue,meat,ta,True
miyagi/kurihara,376,For You,,Cafe,cafe,ta,True
miyagi/kurihara,377,Yachiyo,,Japanese,japanese,ta,True
miyagi/kurihara,378,Salon de Te Kurihara,,,other,none,False
miyagi/kurihara,379,Uotoku,,Japanese;Seafood;Sushi;Japanese - Other ,seafood,ta,True
miyagi/kurihara,380,Yuki Sushi,,Japanese;Seafood;Sushi;Japanese - Other ,seafood,ta,True
miyagi/kurihara,381,Kurara,,Chinese,chinese,ta,True
miyagi/kurihara,382,Nangoku Saien,,Chinese,chinese,ta,True
miyagi/kurihara,383,Funa Sushi,,Japanese;Seafood;Sushi,seafood,ta,True
miyagi/kurihara,384,Toshi Chan,,Japanese;Japanese - Other ,japanese,ta,True
miyagi/kurihara,385,Restaurant Fukji,,Fusion,other,none,False
miyagi/kurihara,386,Chibaichi Dining,,Japanese,japanese,ta,True
miyagi/kurihara,387,Daimatsu Main Store,,Chinese,chinese,ta,True
miyagi/kurihara,388,Cafe Koropokkuru,,Cafe,cafe,ta,True
miyagi/kurihara,389,Mitsuzukaya,,,other,none,False
miyagi/kurihara,390,Shineido Pastry,,,other,none,False
miyagi/kurihara,391,Shanghai En,,Chinese,chinese,ta,True
miyagi/kurihara,392,Curry Shop Kitchen Mio,,,other,none,False
miyagi/kurihara,393,北海道屋,,Asian,chinese,ta,True
miyagi/kurihara,394,Fujiwara Shokudo,,Japanese;International;Japanese - Other ,japanese,ta,True
miyagi/kurihara,395,Ajinomise Sudo,,Japanese;International;Japanese - Other ,japanese,ta,True
miyagi/kurihara,396,Kiccho,,Japanese;Japanese - Other ,japanese,ta,True
miyagi/kurihara,397,Tomori,,Cafe,cafe,ta,True
miyagi/kurihara,398,Ai to Yuki to Hono No Ramen Ya Tairan Chikukan Sohonke,,,other,none,False
miyagi/kurihara,399,Tampopo Wakayanagi,,Cafe,cafe,ta,True
miyagi/kurihara,400,Ikedaya,,Japanese,japanese,ta,True
miyagi/kurihara,401,Chinchintei,,Japanese,japanese,ta,True
miyagi/kurihara,402,New Roman,,Japanese;International;Japanese - Other ,japanese,ta,True
miyagi/kurihara,403,Mammiizumiten,,Japanese,japanese,ta,True
miyagi/kurihara,404,Kacchan Kamameshi Restaurant,,Japanese;International;Japanese - Other ,japanese,ta,True
miyagi/kurihara,405,Guraku,,Japanese,japanese,ta,True
miyagi/kurihara,406,Takano Shokudo,,Japanese;International,japanese,ta,True
miyagi/kurihara,407,Izakaya Nagomi,,Japanese;Izakaya (Japanese Style Tavern),izakaya,ta,True
miyagi/kurihara,408,Kasuga Branch,,Japanese,japanese,ta,True
miyagi/kurihara,409,Macchan Shokudo,,Japanese;International;Japanese - Other ,japanese,ta,True
miyagi/kurihara,410,Shinobu Ya,,Japanese;Izakaya (Japanese Style Tavern),izakaya,ta,True
miyagi/kurihara,411,Wasai Dokoro Taki,,Japanese;Izakaya (Japanese Style Tavern),izakaya,ta,True
miyagi/kurihara,412,Nakamachi Shokudo,,Japanese - Other ,japanese,ta,True
miyagi/kurihara,413,Yabuken,,Japanese - Other ,japanese,ta,True
miyagi/kurihara,414,Izakaya Ippo Tei,,Japanese;Japanese - Other ,japanese,ta,True
miyagi/kurihara,415,Sanoya Honmaru Bekkan,,Barbecue,meat,ta,True
miyagi/kurihara,416,Hanamizuya Confectionery,,,other,none,False
miyagi/kurihara,417,Mikami,,,other,none,False
miyagi/kurihara,418,Karaoke House Hiyoshi,,International,other,none,False
miyagi/kurihara,419,Snack Michikusa,,,other,none,False
miyagi/kurihara,420,Hyodo Monakakawa,,,other,none,False
miyagi/kurihara,421,Par Loire,,Japanese;Izakaya (Japanese Style Tavern),izakaya,ta,True
miyagi/kurihara,422,Lupine,,,other,none,False
miyagi/kurihara,423,Kome Pan Senmon,,,other,none,False
miyagi/kurihara,424,Mizuki,,,other,none,False
miyagi/kurihara,425,Snack Kanna,,,other,none,False
miyagi/kurihara,426,Rei Chan Dininig Room,,,other,none,False
miyagi/kurihara,427,Reed,,,other,none,False
miyagi/kurihara,428,Miki,,Japanese - Other ,japanese,ta,True
miyagi/kurihara,429,Garakuta,,Japanese;Japanese - Other ,japanese,ta,True
miyagi/kurihara,430,Genkimanten Shokudo,,Japanese,japanese,ta,True
miyagi/kurihara,431,Murasaki,,Japanese;Japanese - Other ,japanese,ta,True
miyagi/kurihara,432,B Cool,,Bar;Pub,izakaya,ta,True
miyagi/kurihara,433,Cha Jutoku Howaen,,Cafe,cafe,ta,True
miyagi/kurihara,434,Fukuya,,Japanese,japanese,ta,True
miyagi/kurihara,435,Porcino,,Pizza,european,ta,True
miyagi/kurihara,436,Karaoke Studio Regina,,International,other,none,False
miyagi/kurihara,437,Masakaya,,Japanese;Izakaya (Japanese Style Tavern),izakaya,ta,True
miyagi/kurihara,438,Torisho Chikunodate,,Deli,other,none,False
miyagi/kurihara,439,Sawazen,,Gastropub;Dining bars,izakaya,desc,False
miyagi/kurihara,440,Darts Lab Knock on Wood,,,other,none,False
miyagi/kurihara,441,Izakaya Chobei,,Japanese;Izakaya (Japanese Style Tavern),izakaya,ta,True
miyagi/kurihara,442,Dining Bar Meruhen,,Gastropub;Dining bars,izakaya,desc,False
miyagi/kurihara,443,Yoidon,,,other,none,False
miyagi/kurihara,444,Suzuki Bakery,,,sweets,desc,False
miyagi/kurihara,445,Chinese Home Cooking Bimi Hanten,,,other,none,False
miyagi/kurihara,446,Fugetsudo,,,other,none,False
miyagi/kurihara,447,Cafe BarNon,,,other,none,False
miyagi/kurihara,448,Chamu Izumiya,,,other,none,False
miyagi/kurihara,449,Omatsu Branch,,,other,none,False
miyagi/kurihara,450,Hashimoto Shoten,,,other,none,False
miyagi/kurihara,451,Terrace,,,other,none,False
miyagi/kurihara,452,Okonomiyaki by Chan,,,other,none,False
miyagi/kurihara,453,Tsukushino Tsukidate,,,other,none,False
miyagi/kurihara,454,Chinese Cooking Kakami,,,other,none,False
miyagi/marumori,1,きく屋,ラーメン,,noodles,tb,True
miyagi/marumori,2,栄泉堂 大内本店,和菓子,,sweets,tb,True
miyagi/marumori,3,緑山,フレンチ、ステーキ、ビストロ,,european,tb,True
miyagi/marumori,4,Restaurant Es,ステーキ、野菜料理、フレンチ,,meat,tb,True
miyagi/marumori,5,榮泉堂 丸森支店,和菓子、喫茶店,,sweets,tb,True
miyagi/marumori,6,まんま亭 武藤,日本料理、ラーメン、プリン,,japanese,tb,True
miyagi/marumori,7,MARUMORI CAFE,サンドイッチ、ラーメン、焼肉,,sweets,tb,True
miyagi/marumori,8,清流庵,そば,,noodles,tb,True
miyagi/marumori,9,カフェ ペルシッカ,カフェ,,cafe,tb,True
miyagi/marumori,10,カフェきっさこ,カフェ、カレー,,cafe,tb,True
miyagi/marumori,11,丸森物産いちば 八雄館,その他,,other,none,False
miyagi/marumori,12,サトウ精肉店,惣菜・デリ、コロッケ,,casual,tb,True
miyagi/marumori,13,白木屋,レストラン,,other,none,False
miyagi/marumori,14,まるもり食堂,食堂、ラーメン,,casual,tb,True
miyagi/marumori,15,大内特産品直売所,パン、おにぎり、その他,,sweets,tb,True
miyagi/marumori,16,なるほどらーめん,ラーメン,,noodles,tb,True
miyagi/marumori,17,日本料理 桜坂,日本料理、創作料理,,japanese,tb,True
miyagi/marumori,18,チェンマイキッチン,タイ料理,,chinese,tb,True
miyagi/marumori,19,カワカフェ ブルー アネックス,パン,,sweets,tb,True
miyagi/marumori,20,麺こ夷,ラーメン,,noodles,tb,True
miyagi/marumori,21,やしまや,カレー、おにぎり、その他,,curry,tb,True
miyagi/marumori,22,ちくごや,食堂、麺類,,casual,tb,True
miyagi/marumori,23,パン工房 彩々,パン、洋菓子,,sweets,tb,True
miyagi/marumori,24,わた福,居酒屋、郷土料理、カフェ,,izakaya,tb,True
miyagi/marumori,25,あがらいん伊達屋,弁当、カフェ、その他,,casual,tb,True
miyagi/marumori,26,どっと堂 丸森本店,スイーツ,,sweets,tb,True
miyagi/marumori,27,蔵の郷土館　齋理屋敷　店蔵,その他,,other,none,False
miyagi/marumori,28,金八寿司,肉料理、寿司,,meat,tb,True
miyagi/marumori,29,新光食堂,ラーメン、食堂,,noodles,tb,True
miyagi/marumori,30,ドライブイン門間,食堂、ラーメン,,casual,tb,True
miyagi/marumori,31,MORI+,ジューススタンド,,cafe,tb,True
miyagi/marumori,32,みずきの里 丸森,和菓子、ケーキ,,sweets,tb,True
miyagi/marumori,33,カフェ・ステラ,カフェ、ラーメン、ハンバーグ,,cafe,tb,True
miyagi/marumori,34,志白屋,その他,,other,none,False
miyagi/marumori,35,猫神シフォンケーキ ねこるん,ケーキ,,sweets,tb,True
miyagi/marumori,36,阿武隈ライン舟下り,屋形船・クルージング,,other,none,False
miyagi/marumori,37,ポン友飯店,食堂,,casual,tb,True
miyagi/marumori,38,地域交流拠点 まどい,カフェ,,cafe,tb,True
miyagi/marumori,39,松寿司,寿司,,seafood,tb,True
miyagi/marumori,40,孝寿司,寿司,,seafood,tb,True
miyagi/marumori,41,ふれあい農園直売所,その他、惣菜・デリ,,casual,tb,False
miyagi/marumori,42,ひっぽのお店ふでいち,その他,,other,none,False
miyagi/marumori,43,カフェ&カラオケtotomo,カフェ、ドーナツ,,cafe,tb,True
miyagi/marumori,44,お惣菜日々菜,その他,,other,none,False
miyagi/marumori,45,青葉豆腐,その他,,other,none,False
miyagi/marumori,46,BAKU,レストラン、喫茶店、居酒屋,,cafe,tb,False
miyagi/marumori,47,豚しゃぶ&居酒屋 まるもつ,居酒屋、しゃぶしゃぶ、もつ鍋,,izakaya,tb,True
miyagi/marumori,48,焼肉 光成苑,焼肉、冷麺,,meat,tb,True
miyagi/marumori,49,不動直売センター,その他,,other,none,False
miyagi/marumori,50,天水舎,海鮮,,seafood,tb,True
miyagi/marumori,51,荒浜屋,その他,,other,none,False
miyagi/marumori,52,森工房,たこ焼き、たい焼き・大判焼き,,casual,tb,True
miyagi/marumori,53,ファミリーマート 丸森大内店,コンビニ・スーパー,,daily,tb,True
miyagi/marumori,54,猫入商店,その他,,other,none,False
miyagi/marumori,55,石塚養蜂園,その他,,other,none,False
miyagi/marumori,56,カフェつぶっこ,カフェ,,cafe,tb,True
miyagi/marumori,57,とき田食品,その他,,other,none,False
miyagi/marumori,58,寿司長,寿司,,seafood,tb,True
miyagi/marumori,59,セブンイレブン 丸森舘矢間店,コンビニ・スーパー,,daily,tb,True
miyagi/marumori,60,あこがれ広場 えがお,弁当,,casual,tb,True
miyagi/marumori,61,竹美屋,日本料理,,japanese,tb,True
miyagi/marumori,62,フレスコキクチ 丸森店,コンビニ・スーパー,,daily,tb,True
miyagi/marumori,63,デイリーヤマザキ 鳥屋店,パン、コンビニ・スーパー,,sweets,tb,True
miyagi/marumori,64,Mammatei Ran,,Japanese;Japanese - Other ,japanese,ta,True
miyagi/marumori,65,Wild Boar Cuisine Kimpachi Sushi,,Japanese;Sushi,seafood,ta,True
miyagi/marumori,66,Sairi Cafe,,Cafe,cafe,ta,True
miyagi/marumori,67,Totoan Teuchi Soba Dokoro,,Japanese;Japanese - Other ,japanese,ta,True
miyagi/marumori,68,Cawa Caffe,,,other,none,False
miyagi/marumori,69,Kaachanno Mise,,Japanese;Japanese - Other ,japanese,ta,True
miyagi/marumori,70,Shokuji Dokoro Ichiriki,,Japanese;International;Japanese - Other ,japanese,ta,True
miyagi/marumori,71,Japanese Cuisine Sakurazaka,,Japanese;Japanese - Traditional Cuisine,japanese,ta,True
miyagi/marumori,72,Ore No Michi,,Barbecue,meat,ta,True
miyagi/marumori,73,Ajiichi Restaurant,,Japanese,japanese,ta,True
miyagi/marumori,74,Yamato An,,Japanese,japanese,ta,True
miyagi/marumori,75,星の家,,,other,none,False
miyagi/marumori,76,Yoshisushi,,Japanese;Seafood;Sushi;Japanese - Other ,seafood,ta,True
miyagi/marumori,77,GELATERIA LA FESTA,,Cafe,cafe,ta,True
miyagi/marumori,78,Oyasumi Dokoro Koma,,Japanese;International;Japanese - Other ,japanese,ta,True
miyagi/marumori,79,Mori Sogo Kaikan,,Japanese;International;Japanese - Other ,japanese,ta,True
miyagi/marumori,80,Edomaezushi Anzai,,Japanese;Sushi,seafood,ta,True
miyagi/marumori,81,Tonkatsu Chosuke,,Japanese,japanese,ta,True
miyagi/marumori,82,Mitsunari Garden,,,other,none,False
miyagi/marumori,83,Farmer s Restaurant Aij No Sato,,,other,none,False
miyagi/marumori,84,Kohashoten,,,other,none,False
miyagi/marumori,85,Y Shop Hogikudo,,,other,none,False
miyagi/marumori,86,Zokko,,,other,none,False
miyagi/matsushima,1,松華堂菓子店,喫茶店、和菓子、カフェ,,cafe,tb,True
miyagi/matsushima,2,松島 寿司幸,寿司、海鮮,,seafood,tb,True
miyagi/matsushima,3,松島イタリアン トト,イタリアン、ピザ、パスタ,,european,tb,True
miyagi/matsushima,4,ハリーズジャンクション,ハンバーガー,,casual,tb,True
miyagi/matsushima,5,ロマン,カフェ,,cafe,tb,True
miyagi/matsushima,6,牛タンの店 赤間精肉店,焼肉、牛タン,,meat,tb,True
miyagi/matsushima,7,丼松島,海鮮、郷土料理、海鮮丼,,seafood,tb,True
miyagi/matsushima,8,牡蠣屋フライ亭,かき、ジューススタンド,,cafe,tb,False
miyagi/matsushima,9,松島さかな市場,寿司、海鮮丼、ハンバーガー,,seafood,tb,True
miyagi/matsushima,10,さんとり茶屋,海鮮、あなご,,seafood,tb,True
miyagi/matsushima,11,漁師の海鮮丼,海鮮丼、海鮮,,seafood,tb,True
miyagi/matsushima,12,ぱんやあいざわ,パン,,sweets,tb,True
miyagi/matsushima,13,焼がきハウス,海鮮、食堂、かき,,seafood,tb,True
miyagi/matsushima,14,松島 雪竹屋,せんべい、ソフトクリーム,,sweets,tb,False
miyagi/matsushima,15,かき小屋,かき、海鮮,,seafood,tb,False
miyagi/matsushima,16,観瀾亭,喫茶店、甘味処,,cafe,tb,True
miyagi/matsushima,17,杉原功商店,シーフード,,seafood,tb,True
miyagi/matsushima,18,二八屋,食堂、ラーメン、海鮮,,casual,tb,True
miyagi/matsushima,19,げんぞう,海鮮、郷土料理,,seafood,tb,True
miyagi/matsushima,20,洗心庵,甘味処、そば、天丼,,sweets,tb,True
miyagi/matsushima,21,松島 かき小屋 MATSU,かき、バーベキュー,,seafood,desc,False
miyagi/matsushima,22,BAY OYSTER,海鮮、ピザ,,seafood,tb,True
miyagi/matsushima,23,旬海,海鮮、日本料理,,seafood,tb,True
miyagi/matsushima,24,クロワッサン屋サクサク 本店,パン,,sweets,tb,True
miyagi/matsushima,25,Pizzeria Pino Isola VESTA,ピザ、イタリアン,,european,tb,True
miyagi/matsushima,26,たいかん亭,海鮮、牛タン、洋食,,seafood,tb,True
miyagi/matsushima,27,たからや食堂,郷土料理、海鮮、海鮮丼,,japanese,tb,True
miyagi/matsushima,28,かき松島 こうは 松島海岸駅前店,かき、海鮮、ハンバーガー,,seafood,tb,False
miyagi/matsushima,29,きむら食堂,食堂,,casual,tb,True
miyagi/matsushima,30,ヨシタケ食堂,海鮮、牛タン,,seafood,tb,True
miyagi/matsushima,31,丸焼きたこせんべい 松島東北本店,せんべい,,seafood,desc,False
miyagi/matsushima,32,中華そば　うちみ,ラーメン,,noodles,tb,True
miyagi/matsushima,33,竹雀庵,牛タン、海鮮,,meat,tb,True
miyagi/matsushima,34,櫻井,海鮮、うなぎ,,seafood,tb,True
miyagi/matsushima,35,パンセ 松島店,パン,,sweets,tb,True
miyagi/matsushima,36,大観荘,ホテル,,seafood,desc,False
miyagi/matsushima,37,石田家,うなぎ、丼、食堂,,seafood,tb,True
miyagi/matsushima,38,そば処翠松庵,そば、丼,,noodles,tb,True
miyagi/matsushima,39,まぐろ茶家 松島店,寿司、海鮮、居酒屋,,seafood,tb,True
miyagi/matsushima,40,日進堂 松島店,カフェ、和菓子、スイーツ,,cafe,tb,True
miyagi/matsushima,41,小松館好風亭,ホテル,,seafood,desc,False
miyagi/matsushima,42,れすとらん海音,海鮮、日本料理、郷土料理,,seafood,tb,True
miyagi/matsushima,43,松島センチュリーホテル,ホテル,,seafood,desc,False
miyagi/matsushima,44,漁師直営牡蠣小屋 with 小さな釣り堀,かき,,seafood,desc,False
miyagi/matsushima,45,松島蒲鉾本舗 総本店,その他,,seafood,desc,False
miyagi/matsushima,46,牡蠣･海鮮食べ放題 松島おさしみ水族館,ビュッフェ、かき、海鮮,,casual,tb,True
miyagi/matsushima,47,伊達かふぇ,カフェ,,cafe,tb,True
miyagi/matsushima,48,紅蓮屋 心月庵,和菓子,,sweets,tb,True
miyagi/matsushima,49,Bridge33,カフェ、旅館・民宿,,cafe,tb,True
miyagi/matsushima,50,ブルーベイコーヒー,コーヒースタンド,,cafe,tb,True
miyagi/matsushima,51,赤間水産,海鮮,,seafood,tb,True
miyagi/matsushima,52,南部屋,日本料理、海鮮丼、うなぎ,,japanese,tb,True
miyagi/matsushima,53,松島蒲鉾本舗 門前店,海鮮、シーフード、揚げ物,,seafood,tb,True
miyagi/matsushima,54,赤ピーマン,コロッケ、ジェラート・アイスクリーム、カフェ,,casual,tb,True
miyagi/matsushima,55,ILE CAFE,カフェ、ジューススタンド,,cafe,tb,True
miyagi/matsushima,56,枉駕,中華料理、食堂,,chinese,tb,True
miyagi/matsushima,57,松島プリン亭,プリン,,seafood,desc,False
miyagi/matsushima,58,阿部蒲鉾店 松島寺町店,その他、郷土料理,,japanese,tb,False
miyagi/matsushima,59,磯寿司,寿司,,seafood,tb,True
miyagi/matsushima,60,牛たん炭焼 利久 松島海岸駅前店,牛タン、食堂、弁当,,meat,tb,True
miyagi/matsushima,61,牛たん炭焼 利久 松島五大堂店,牛タン,,meat,tb,True
miyagi/matsushima,62,三全 松島寺町小路店,和菓子、ケーキ、チョコレート,,sweets,tb,True
miyagi/matsushima,63,宮城県松島離宮 海の駅,道の駅,,seafood,desc,False
miyagi/matsushima,64,牡蠣将,かき、海鮮、串焼き,,seafood,tb,False
miyagi/matsushima,65,旅人の海鮮酒屋,寿司、日本料理、とんかつ,,seafood,tb,True
miyagi/matsushima,66,うみねこや,売店,,casual,tb,True
miyagi/matsushima,67,ふじ茂,日本料理、食堂、天丼,,japanese,tb,True
miyagi/matsushima,68,青海波,鉄板焼き、海鮮、ステーキ,,meat,tb,True
miyagi/matsushima,69,仙台とんこつラーメン 一番堂 松島店,ラーメン,,noodles,tb,True
miyagi/matsushima,70,かき松島こうは 松島海岸駅前2号店,オイスターバー,,seafood,desc,False
miyagi/matsushima,71,はせくら茶屋,海鮮,,seafood,tb,True
miyagi/matsushima,72,戸田金商店,食堂,,casual,tb,True
miyagi/matsushima,73,レストラン五郎八,食堂、海鮮、牛タン,,casual,tb,True
miyagi/matsushima,74,松島チサンカントリーレストラン,洋食,,european,tb,True
miyagi/matsushima,75,松島庵,そば、うどん、天丼,,noodles,tb,True
miyagi/matsushima,76,リトル・リス,カフェ,,cafe,tb,True
miyagi/matsushima,77,ホテル 大松荘,ホテル,,seafood,desc,False
miyagi/matsushima,78,和食 めん処 誉旨,そば、とんかつ、日本料理,,noodles,tb,True
miyagi/matsushima,79,潮騒,フレンチ、洋食,,european,tb,True
miyagi/matsushima,80,ベイランド,喫茶店、食堂,,cafe,tb,True
miyagi/matsushima,81,中華料理 雄峰 ホテル大観荘,中華料理,,chinese,tb,True
miyagi/matsushima,82,むとう屋,その他,,seafood,desc,False
miyagi/matsushima,83,伊達なおみやげ堂,ジェラート・アイスクリーム,,sweets,tb,True
miyagi/matsushima,84,茶屋勘右衛門,和菓子、洋菓子、スイーツ,,sweets,tb,True
miyagi/matsushima,85,喜洲,食堂、うなぎ,,casual,tb,True
miyagi/matsushima,86,KEY'S CAFE 松島離宮 海の駅店,カフェ,,cafe,tb,True
miyagi/matsushima,87,山形蕎麦の焔蔵 凪,そば,,noodles,tb,True
miyagi/matsushima,88,MATSUSHIMA SANDWICH STORE,サンドイッチ,,sweets,tb,True
miyagi/matsushima,89,italian dining Bene,イタリアン,,european,tb,True
miyagi/matsushima,90,ブリーズベイ シーサイドリゾート松島,ホテル,,seafood,desc,False
miyagi/matsushima,91,ZUNDA ZUNDA BAYSIDE 松島店,カフェ,,cafe,tb,True
miyagi/matsushima,92,四季亭,食堂、海鮮、洋食,,casual,tb,True
miyagi/matsushima,93,新富亭,ホテル,,seafood,desc,False
miyagi/matsushima,94,松島　浪漫亭,日本料理,,japanese,tb,True
miyagi/matsushima,95,和らーめん なかお,ラーメン,,noodles,tb,True
miyagi/matsushima,96,海畑,居酒屋、食堂,,izakaya,tb,True
miyagi/matsushima,97,きくやべーす,揚げ物、串焼き、ソフトクリーム,,casual,tb,True
miyagi/matsushima,98,浜焼グリル離宮,海鮮、バーベキュー、オイスターバー,,seafood,tb,True
miyagi/matsushima,99,グリル玉屋,洋食,,european,tb,True
miyagi/matsushima,100,クロワッサン屋サクサク 松島店,パン,,sweets,tb,True
miyagi/matsushima,101,エム パントリー,その他,,seafood,desc,False
miyagi/matsushima,102,中里飲食店,レストラン、日本料理、バー,,japanese,tb,False
miyagi/matsushima,103,LYNCH,カフェ、バー,,cafe,tb,True
miyagi/matsushima,104,芭蕉の湯,その他,,seafood,desc,False
miyagi/matsushima,105,風まかせ,カフェ,,cafe,tb,True
miyagi/matsushima,106,びすとろアバロン,洋食、日本料理、オーベルジュ,,european,tb,True
miyagi/matsushima,107,お食事処 白帆,海鮮、揚げ物、食堂,,seafood,tb,True
miyagi/matsushima,108,和格子,スイーツ,,sweets,tb,True
miyagi/matsushima,109,はこだて屋台ラーメン松島店,ラーメン,,noodles,tb,True
miyagi/matsushima,110,来宝店,ラーメン、食堂,,noodles,tb,True
miyagi/matsushima,111,松島串や,串揚げ、海鮮,,japanese,tb,True
miyagi/matsushima,112,四季海鮮料理亭,レストラン、海鮮,,seafood,tb,False
miyagi/matsushima,113,SHOBIAN CAFE,カフェ,,cafe,tb,True
miyagi/matsushima,114,和食処　天正,日本料理,,japanese,tb,True
miyagi/matsushima,115,仁王丸売店,その他,,seafood,desc,False
miyagi/matsushima,116,cafe curam,カフェ,,cafe,tb,True
miyagi/matsushima,117,和食処 楽楽,郷土料理、鍋、居酒屋,,japanese,tb,True
miyagi/matsushima,118,風のマルシェ,ソフトクリーム,,sweets,tb,True
miyagi/matsushima,119,牡蠣将 支店,シーフード,,seafood,tb,True
miyagi/matsushima,120,Casa MIL HOJAS,カフェ,,cafe,tb,True
miyagi/matsushima,121,第三仁王丸 売店,売店,,casual,tb,True
miyagi/matsushima,122,タリーズコーヒー ハーバーテラス松島離宮店,カフェ,,cafe,tb,True
miyagi/matsushima,123,旬味 かきの里,シーフード、オイスターバー,,seafood,tb,True
miyagi/matsushima,124,浅野商店,その他,,seafood,desc,False
miyagi/matsushima,125,真壁豆富店,その他,,other,none,False
miyagi/matsushima,126,松島蒲鉾本舗 松島海岸駅店,その他,,seafood,desc,False
miyagi/matsushima,127,居酒屋 六文銭,居酒屋、焼き鳥,,izakaya,tb,True
miyagi/matsushima,128,Leixoes,洋菓子,,sweets,tb,True
miyagi/matsushima,129,松月食堂,ラーメン,,noodles,tb,True
miyagi/matsushima,130,蜂谷商店,串焼き、海鮮、食堂,,meat,tb,True
miyagi/matsushima,131,BIRD MAN,ラーメン,,noodles,tb,True
miyagi/matsushima,132,伊達精進懐石 雲外,日本料理,,japanese,tb,True
miyagi/matsushima,133,こなん 松島店,たい焼き・大判焼き、たこ焼き,,sweets,tb,True
miyagi/matsushima,134,みさきチェーン,そば,,noodles,tb,True
miyagi/matsushima,135,zizo+ベーカリー,パン,,sweets,tb,True
miyagi/matsushima,136,おみやげ処 松島海岸,その他,,seafood,desc,False
miyagi/matsushima,137,カフェ&バー ニット,カフェ、バー、オムライス,,cafe,tb,True
miyagi/matsushima,138,おばんざいTSUMUGI 松島,日本料理、喫茶店,,japanese,tb,True
miyagi/matsushima,139,Luna's Green Pancake,パンケーキ,,sweets,desc,False
miyagi/matsushima,140,ずんだ茶寮 松島海岸駅店,甘味処,,sweets,tb,True
miyagi/matsushima,141,ございんや 旬 牡蛎庵,海鮮,,seafood,tb,True
miyagi/matsushima,142,高栄水産,海鮮,,seafood,tb,True
miyagi/matsushima,143,松島観光物産館,その他,,seafood,desc,False
miyagi/matsushima,144,伊藤時尾商店,その他,,seafood,desc,False
miyagi/matsushima,145,キャビン,喫茶店,,cafe,tb,True
miyagi/matsushima,146,SPICE CURRY AO,カレー,,curry,tb,True
miyagi/matsushima,147,御菓子処 勝新堂,和菓子、ケーキ,,sweets,tb,True
miyagi/matsushima,148,松島地区漁業組合 直売所,レストラン,,seafood,desc,False
miyagi/matsushima,149,松島地区漁業組合 生かき直売所,その他,,seafood,desc,False
miyagi/matsushima,150,丸文松島汽船株式会社 かき鍋クルーズ,屋形船・クルージング,,seafood,desc,False
miyagi/matsushima,151,本田整骨院,その他、ジェラート・アイスクリーム,,sweets,tb,False
miyagi/matsushima,152,ロ・ロール,喫茶店,,cafe,tb,True
miyagi/matsushima,153,寿司幸 本店,寿司,,seafood,tb,True
miyagi/matsushima,154,磯崎漁業組合 生かき直売所,その他,,other,none,False
miyagi/matsushima,155,ラウンジバー汐風,バー,,izakaya,tb,True
miyagi/matsushima,156,あいはら商店,その他,,seafood,desc,False
miyagi/matsushima,157,山根商店,うなぎ,,seafood,tb,True
miyagi/matsushima,158,梅茶屋 松島店,居酒屋,,izakaya,tb,True
miyagi/matsushima,159,串焼八州,たい焼き・大判焼き、その他,,sweets,tb,True
miyagi/matsushima,160,ミュージアムカフェ,カフェ,,cafe,tb,True
miyagi/matsushima,161,割烹 中央,日本料理,,japanese,tb,True
miyagi/matsushima,162,松島パーク食堂,海鮮丼,,seafood,tb,True
miyagi/matsushima,163,松の実,和菓子、パン,,sweets,tb,True
miyagi/matsushima,164,小松館 好風亭 売店,その他,,seafood,desc,False
miyagi/matsushima,165,ぷーんひる,パン,,sweets,tb,True
miyagi/matsushima,166,ねまわりの野菜畑,その他,,other,none,False
miyagi/matsushima,167,奥州牛たん本舗 松島店,その他,,seafood,desc,False
miyagi/matsushima,168,cafe 2438,カフェ、洋菓子,,cafe,tb,True
miyagi/matsushima,169,まつしま,ドーナツ,,sweets,tb,True
miyagi/matsushima,170,菓子工房 松田屋,ケーキ,,sweets,tb,True
miyagi/matsushima,171,京屋,その他,,seafood,desc,False
miyagi/matsushima,172,陸奥物産,その他,,seafood,desc,False
miyagi/matsushima,173,A&COOP 松島店,コンビニ・スーパー,,daily,tb,True
miyagi/matsushima,174,白松がモナカ本舗 松島店,和菓子,,sweets,tb,True
miyagi/matsushima,175,コットンストーリー,スイーツ,,sweets,tb,True
miyagi/matsushima,176,Uchi 松島ゲストハウス,その他,,seafood,desc,False
miyagi/matsushima,177,かきせんべぃ 天海,せんべい,,seafood,desc,False
miyagi/matsushima,178,セブンイレブン 宮城松島店,コンビニ・スーパー,,daily,tb,True
miyagi/matsushima,179,カネハチ橋本かまぼこ店 松島店,その他,,seafood,desc,False
miyagi/matsushima,180,牡蠣ノ屋,かき、オイスターバー,,seafood,desc,False
miyagi/matsushima,181,みちのく伊達政宗歴史館 おみやげ処,その他,,seafood,desc,False
miyagi/matsushima,182,燻製工房 おが太郎 陸奥物産店内直営店,その他,,seafood,desc,False
miyagi/matsushima,183,クロワッサン屋サクサク カフェ松島,カフェ、パン,,cafe,tb,True
miyagi/matsushima,184,鈴憲商店,その他,,other,none,False
miyagi/matsushima,185,ラ・セレース,ビュッフェ,,casual,tb,True
miyagi/matsushima,186,レストランチサン 松島店,レストラン,,seafood,desc,False
miyagi/matsushima,187,cafe&goods わんWAN,カフェ,,cafe,tb,True
miyagi/matsushima,188,MATSUSHIMA DONUT STAND,ドーナツ,,sweets,tb,True
miyagi/matsushima,189,クラフトCafe てとて,カフェ,,cafe,tb,True
miyagi/matsushima,190,ファミリーマート 松島高城店,コンビニ・スーパー,,daily,tb,True
miyagi/matsushima,191,松島サマサマ カフェ&シーフード,カフェ、インドネシア料理,,cafe,tb,True
miyagi/matsushima,192,喜洲自宅,うなぎ,,seafood,tb,True
miyagi/matsushima,193,丸文松島汽船あおば,,,seafood,desc,False
miyagi/matsushima,194,スナック葵,バー、パブ、カフェ,,izakaya,tb,True
miyagi/matsushima,195,松乃,レストラン,,other,none,False
miyagi/matsushima,196,居酒屋まき,焼き鳥,,meat,tb,True
miyagi/matsushima,197,Restaurant Umine,,Japanese;Japanese Fusion,japanese,ta,True
miyagi/matsushima,198,Kakigoya,,Japanese;Seafood;Japanese - Other ,seafood,ta,True
miyagi/matsushima,199,Shokado Kashiten,,,sweets,desc,False
miyagi/matsushima,200,Ryoshi no Kaisendon,,,other,none,False
miyagi/matsushima,201,Don Matsushima,,Japanese,japanese,ta,True
miyagi/matsushima,202,Taikanso,,Chinese,chinese,ta,True
miyagi/matsushima,203,Donjiki Chaya,,,seafood,desc,False
miyagi/matsushima,204,Gyutan No Mise Akama Seinikuten,,Japanese,japanese,ta,True
miyagi/matsushima,205,Pensee Matsushima,,,seafood,desc,False
miyagi/matsushima,206,Nambuya Dininig,,Japanese,japanese,ta,True
miyagi/matsushima,207,Harry s Junction,,American,european,ta,True
miyagi/matsushima,208,Tairiyo Shyokudokoro,,Japanese,japanese,ta,True
miyagi/matsushima,209,Sanzen Matsushima Monzen,,Sushi,seafood,ta,True
miyagi/matsushima,210,Gyutan Yumiyaki Rikyu Matsushimagodaido,,Japanese,japanese,ta,True
miyagi/matsushima,211,Bay Land,,Japanese,japanese,ta,True
miyagi/matsushima,212,Date Cafe,,Cafe,cafe,ta,True
miyagi/matsushima,213,Osakana Project,,Japanese;Seafood;Japanese - Other ,seafood,ta,True
miyagi/matsushima,214,Wa Ramen Nakao,,Japanese;Asian;Japanese Fusion,chinese,ta,True
miyagi/matsushima,215,Kinshodo Shiten Shokudobu,,Japanese,japanese,ta,True
miyagi/matsushima,216,Sobadokoro Suishoan,,,other,none,False
miyagi/matsushima,217,Shoginan,,Japanese,japanese,ta,True
miyagi/matsushima,218,Ramen Kobo Ajishimaya Matsushima,,Sushi,seafood,ta,True
miyagi/matsushima,219,Ulu Matsushima,,Japanese,japanese,ta,True
miyagi/matsushima,220,味処 双観山,,Japanese,japanese,ta,True
miyagi/matsushima,221,Daikoku Sushi,,Japanese;Sushi,seafood,ta,True
miyagi/matsushima,222,Utsumi Soba,,,seafood,desc,False
miyagi/matsushima,223,Toda Gold,,,seafood,desc,False
miyagi/matsushima,224,La Ceres,,,seafood,desc,False
miyagi/matsushima,225,Tapioka Factory Kohaku Matsushima,,,seafood,desc,False
miyagi/matsushima,226,Takesuzuan,,,seafood,desc,False
miyagi/matsushima,227,Shiraho,,Japanese - Other ,japanese,ta,True
miyagi/matsushima,228,Kisyu,,Japanese,japanese,ta,True
miyagi/matsushima,229,Cafe bar Champion,,Bar;Cafe;Pub,cafe,ta,True
miyagi/matsushima,230,Shogetsu Shokudo,,Asian,chinese,ta,True
miyagi/matsushima,231,European Style Restaurant la Mer,,International;Fusion,seafood,desc,False
miyagi/matsushima,232,Kinsyodo Main Store,,Japanese,japanese,ta,True
miyagi/matsushima,233,Cafe goods WAN,,,seafood,desc,False
miyagi/matsushima,234,Izakaya Tatchan,,Japanese;Izakaya (Japanese Style Tavern),izakaya,ta,True
miyagi/matsushima,235,Iyashi No Yakata Oshokujidokoro,,Japanese,japanese,ta,True
miyagi/matsushima,236,Seafood Restaurant No 28,,Japanese,japanese,ta,True
miyagi/matsushima,237,Shiki Kaisen Ryoritei,,Seafood,seafood,ta,True
miyagi/matsushima,238,Restaurant Chisan Matsushima,,Japanese,japanese,ta,True
miyagi/matsushima,239,Udon Soba Shirahagian,,Japanese,japanese,ta,True
miyagi/matsushima,240,Neo Taiyoken,,Japanese;International;Japanese - Other ,japanese,ta,True
miyagi/matsushima,241,Sushi Dokoro Ono,,Japanese;Seafood;Sushi;Japanese - Other ,seafood,ta,True
miyagi/matsushima,242,Tokoroya Dininig,,Japanese,japanese,ta,True
miyagi/matsushima,243,Kagetsu,,Japanese,japanese,ta,True
miyagi/matsushima,244,Izakaya Nishizawa,,Japanese,japanese,ta,True
miyagi/matsushima,245,Sushi Ryusei,,Japanese;Sushi,seafood,ta,True
miyagi/matsushima,246,Oshu Gyutan Dining,,Barbecue,meat,ta,True
miyagi/matsushima,247,Hasunohane Cafe,,,seafood,desc,False
miyagi/matsushima,248,松島国際観光株式会社,,,seafood,desc,False
miyagi/matsushima,249,Izakaya Hatsu,,Izakaya (Japanese Style Tavern),izakaya,ta,True
miyagi/matsushima,250,Abe Pastry,,,other,none,False
miyagi/matsushima,251,Tanno Confectionery,,,other,none,False
miyagi/matsushima,252,Marutora Daigo,,,seafood,desc,False
miyagi/matsushima,253,Juan Soba Tempura Restaurant,,,seafood,desc,False
miyagi/matsushima,254,SHoginan,,,other,none,False
miyagi/matsushima,255,Craft Cafe Tetote,,,other,none,False
miyagi/matsushima,256,Unagi Sakurai,,,seafood,desc,False
miyagi/minamisanriku,1,創菜旬魚はしもと,海鮮、日本料理、海鮮丼,,seafood,tb,True
miyagi/minamisanriku,2,かいせんどころ 梁,海鮮丼,,seafood,tb,True
miyagi/minamisanriku,3,山内鮮魚店,海鮮丼、海鮮,,seafood,tb,True
miyagi/minamisanriku,4,弁慶鮨,寿司、海鮮、海鮮丼,,seafood,tb,True
miyagi/minamisanriku,5,オーイング菓子工房Ryo,洋菓子、パン,,sweets,tb,True
miyagi/minamisanriku,6,食楽 しお彩,海鮮、海鮮丼、日本料理,,seafood,tb,True
miyagi/minamisanriku,7,菓房山清,ケーキ、和菓子,,sweets,tb,True
miyagi/minamisanriku,8,志のや,海鮮、海鮮丼,,seafood,tb,True
miyagi/minamisanriku,9,すし･丼ぶりの店 くう海,寿司、海鮮丼,,seafood,tb,True
miyagi/minamisanriku,10,丼専門店 海たろう,海鮮丼、丼、コロッケ,,seafood,tb,True
miyagi/minamisanriku,11,シーサイド,海鮮、パスタ、ラーメン,,seafood,tb,True
miyagi/minamisanriku,12,FLOR GELATO ITALIANO MIYAGI,ジェラート・アイスクリーム,,sweets,tb,True
miyagi/minamisanriku,13,月と昴,カフェ,,cafe,tb,True
miyagi/minamisanriku,14,食事処 松原,食堂,,casual,tb,True
miyagi/minamisanriku,15,雑貨と珈琲の店 サタケ,カフェ,,cafe,tb,True
miyagi/minamisanriku,16,雄新堂,パン、ケーキ,,sweets,tb,True
miyagi/minamisanriku,17,中華タナカ,中華料理,,chinese,tb,True
miyagi/minamisanriku,18,すがわら,そば、天ぷら,,noodles,tb,True
miyagi/minamisanriku,19,和sian-cafe aimaki,カフェ、タイ料理、カレー,,cafe,tb,True
miyagi/minamisanriku,20,阿部茶舗,カフェ、ソフトクリーム,,cafe,tb,True
miyagi/minamisanriku,21,珈琲神社,喫茶店,,cafe,tb,True
miyagi/minamisanriku,22,飛上,ラーメン、中華料理,,noodles,tb,True
miyagi/minamisanriku,23,南三陸さんさん商店街,その他,,other,none,False
miyagi/minamisanriku,24,ロイヤルフィッシュ,その他,,other,none,False
miyagi/minamisanriku,25,味の郷 一心,とんかつ、ラーメン、居酒屋,,meat,tb,True
miyagi/minamisanriku,26,そば処 京極,そば,,noodles,tb,True
miyagi/minamisanriku,27,松野や,うどん、郷土料理,,noodles,tb,True
miyagi/minamisanriku,28,SEASON cafe&shop,カフェ,,cafe,tb,True
miyagi/minamisanriku,29,WHITE SHIP BAUM FACTORY,バームクーヘン,,other,none,False
miyagi/minamisanriku,30,Sun cafe,カフェ、ソフトクリーム,,cafe,tb,True
miyagi/minamisanriku,31,及善蒲鉾店 南三陸店,その他,,other,none,False
miyagi/minamisanriku,32,海鮮マルセン,その他,,other,none,False
miyagi/minamisanriku,33,丸荒 直営店,海鮮丼,,seafood,tb,True
miyagi/minamisanriku,34,南三陸ワイナリー,その他,,other,none,False
miyagi/minamisanriku,35,歌旅人,カフェ、レストラン,,cafe,tb,True
miyagi/minamisanriku,36,竜巳や,寿司,,seafood,tb,True
miyagi/minamisanriku,37,自家製餃子 まるぎょう,餃子,,chinese,tb,True
miyagi/minamisanriku,38,ブルーライン,カフェ,,cafe,tb,True
miyagi/minamisanriku,39,OKUTOCAFE,カフェ,,cafe,tb,True
miyagi/minamisanriku,40,ちばのり店,その他,,other,none,False
miyagi/minamisanriku,41,ランチ&カフェ リッチー,食堂、居酒屋,,casual,tb,True
miyagi/minamisanriku,42,自然卵農園 菓子工房,スイーツ、プリン,,sweets,tb,True
miyagi/minamisanriku,43,さんさん市場,その他,,other,none,False
miyagi/minamisanriku,44,食飲笑 うたつがね,海鮮丼,,seafood,tb,True
miyagi/minamisanriku,45,そばカフェ 風庵,そば、カフェ,,noodles,tb,True
miyagi/minamisanriku,46,平成の森,その他,,other,none,False
miyagi/minamisanriku,47,コミュニティカフェ こもんず,カフェ,,cafe,tb,True
miyagi/minamisanriku,48,まきの衣料,その他,,other,none,False
miyagi/minamisanriku,49,菓子工房 ASAHIDO,洋菓子,,sweets,tb,True
miyagi/minamisanriku,50,自然卵のクレープ モアイ店,クレープ・ガレット、ジューススタンド、カフェ,,sweets,tb,True
miyagi/minamisanriku,51,神割,ラーメン、食堂,,noodles,tb,True
miyagi/minamisanriku,52,さかなのみうら,その他,,other,none,False
miyagi/minamisanriku,53,高貞菓子店,洋菓子、和菓子,,sweets,tb,True
miyagi/minamisanriku,54,和食処　潮騒,日本料理、パスタ,,japanese,tb,True
miyagi/minamisanriku,55,ちょこっと,カフェ,,cafe,tb,True
miyagi/minamisanriku,56,和来,居酒屋,,izakaya,tb,True
miyagi/minamisanriku,57,カフェ かなっぺ,カフェ、パスタ,,cafe,tb,True
miyagi/minamisanriku,58,マルタケ商店,その他,,other,none,False
miyagi/minamisanriku,59,居酒屋　鷲巣,居酒屋,,izakaya,tb,True
miyagi/minamisanriku,60,湾岸おおもり,食堂,,casual,tb,True
miyagi/minamisanriku,61,さとうみファーム,焼肉、ジンギスカン、バーベキュー,,meat,tb,True
miyagi/minamisanriku,62,たいしゅう,ラーメン,,noodles,tb,True
miyagi/minamisanriku,63,パティスリークリコ,ケーキ,,sweets,tb,True
miyagi/minamisanriku,64,民宿　あおしま荘,海鮮,,seafood,tb,True
miyagi/minamisanriku,65,天門屋,その他,,other,none,False
miyagi/minamisanriku,66,心結ぶカフェ むすびや,カフェ,,cafe,tb,True
miyagi/minamisanriku,67,パン・菓子工房 oui,パン、洋菓子,,sweets,tb,True
miyagi/minamisanriku,68,ドライブイン ひと休み,惣菜・デリ、食堂,,casual,tb,True
miyagi/minamisanriku,69,たこやき たかみ,たこ焼き、焼きそば、かき氷,,casual,tb,True
miyagi/minamisanriku,70,歌津小太郎 歌津本店,その他,,other,none,False
miyagi/minamisanriku,71,わたや,その他,,other,none,False
miyagi/minamisanriku,72,鯛あん,たい焼き・大判焼き,,sweets,tb,True
miyagi/minamisanriku,73,ばっかり茶家,郷土料理、そば,,japanese,tb,True
miyagi/minamisanriku,74,コーヒーとステーキの店 中屋,ステーキ、カフェ,,meat,tb,True
miyagi/minamisanriku,75,Kukai,,Japanese;Seafood;Sushi;Japanese - Other ,seafood,ta,True
miyagi/minamisanriku,76,Seaside,,Japanese;Seafood;International,seafood,ta,True
miyagi/minamisanriku,77,Sosaishungyo Hashimoto,,Japanese;Japanese - Other ,japanese,ta,True
miyagi/minamisanriku,78,Seafood Shohari,,,other,none,False
miyagi/minamisanriku,79,Kondo Ha Izakaya Dayo Hinode So,,Japanese;Izakaya (Japanese Style Tavern),izakaya,ta,True
miyagi/minamisanriku,80,Horaku Shokudo,,Japanese,japanese,ta,True
miyagi/minamisanriku,81,Keimeimaru,,Fusion,other,none,False
miyagi/minamisanriku,82,Maruara Oikawa,,Japanese;Seafood;Japanese - Other ,seafood,ta,True
miyagi/minamisanriku,83,Yamasei Minami Sanriku Main Store,,,other,none,False
miyagi/minamisanriku,84,Sobadokoro Kyogoku,,,other,none,False
miyagi/minamisanriku,85,Korakuen Minami Sanrikucho,,,other,none,False
miyagi/minamisanriku,86,Seikokan,,Seafood,seafood,ta,True
miyagi/minamisanriku,87,Snack Ainikoi,,,other,none,False
miyagi/minamisanriku,88,みなさん館,,Japanese;International;Japanese - Other ,japanese,ta,True
miyagi/minamisanriku,89,Sea Food BBQ,,Chinese;Japanese;Seafood,seafood,ta,True
miyagi/minamisanriku,90,Hamanoya,,Japanese;Asian,chinese,ta,True
miyagi/minamisanriku,91,Besano,,,other,none,False
miyagi/minamisanriku,92,Tokuho,,Japanese,japanese,ta,True
miyagi/minamisanriku,93,Hottategoya,,Japanese,japanese,ta,True
miyagi/minamisanriku,94,Mog,,Japanese;International,japanese,ta,True
miyagi/minamisanriku,95,Azuma Shokudo,,Japanese,japanese,ta,True
miyagi/minamisanriku,96,Oshokuji Dokorotakeya,,Japanese,japanese,ta,True
miyagi/minamisanriku,97,Sobadokoro Haga,,,other,none,False
miyagi/minamisanriku,98,Sugawara,,,other,none,False
miyagi/minamisanriku,99,Kanedaya Main Store,,,other,none,False
miyagi/minamisanriku,100,Snack Dream,,,other,none,False
miyagi/minamisanriku,101,Tsukito Subaru,,,other,none,False
miyagi/miyagimisato,1,らーめん ★ひばり★,ラーメン,,noodles,tb,True
miyagi/miyagimisato,2,みそべえ,ラーメン,,noodles,tb,True
miyagi/miyagimisato,3,丸竹食堂,食堂、ラーメン,,casual,tb,True
miyagi/miyagimisato,4,ガトーみかわ,ケーキ,,sweets,tb,True
miyagi/miyagimisato,5,菜園レストラン 野の風,オーガニック、郷土料理,,japanese,tb,False
miyagi/miyagimisato,6,山の神まんじゅう本舗  村上屋,和菓子,,sweets,tb,True
miyagi/miyagimisato,7,メイプル,喫茶店、カレー,,cafe,tb,True
miyagi/miyagimisato,8,葵,そば,,noodles,tb,True
miyagi/miyagimisato,9,藤,うどん、中華料理、ラーメン,,noodles,tb,True
miyagi/miyagimisato,10,ラーメンショップ 北浦,ラーメン,,noodles,tb,True
miyagi/miyagimisato,11,味和居,中華料理,,chinese,tb,True
miyagi/miyagimisato,12,ティーカフェ,カフェ、パン,,cafe,tb,True
miyagi/miyagimisato,13,キッチンハウス 赤い糸,レストラン,,other,none,False
miyagi/miyagimisato,14,とんかつふじ,食堂,,casual,tb,True
miyagi/miyagimisato,15,丸福,中華料理,,chinese,tb,True
miyagi/miyagimisato,16,ラーメン 一慶,ラーメン,,noodles,tb,True
miyagi/miyagimisato,17,海鮮食堂 ととや,食堂、居酒屋,,casual,tb,True
miyagi/miyagimisato,18,味噌工房麺助,ラーメン,,noodles,tb,True
miyagi/miyagimisato,19,花月食堂,食堂、レストラン,,casual,tb,True
miyagi/miyagimisato,20,聚福源,中華料理,,chinese,tb,True
miyagi/miyagimisato,21,サクラ ノ マ,カフェ,,cafe,tb,True
miyagi/miyagimisato,22,伊勢屋,居酒屋、ダイニングバー、牛タン,,izakaya,tb,True
miyagi/miyagimisato,23,はなやか亭,食堂,,casual,tb,True
miyagi/miyagimisato,24,ラ プラタ,パン、サンドイッチ、カフェ,,sweets,tb,True
miyagi/miyagimisato,25,上野屋,食堂,,casual,tb,True
miyagi/miyagimisato,26,ウジエスーパー 美里店,コンビニ・スーパー,,daily,tb,True
miyagi/miyagimisato,27,米Cafe 88,カフェ,,cafe,tb,True
miyagi/miyagimisato,28,おんべこ村のうさぎ家,和菓子,,sweets,tb,True
miyagi/miyagimisato,29,こごたの地酒屋　齋林本店,日本酒バー,,izakaya,tb,True
miyagi/miyagimisato,30,桝家,居酒屋,,izakaya,tb,True
miyagi/miyagimisato,31,らーめん宿 よしべえ,ラーメン,,noodles,tb,True
miyagi/miyagimisato,32,ぱんだやきのおみせ ぶれいむ,その他,,other,none,False
miyagi/miyagimisato,33,喫茶南郷,喫茶店,,cafe,tb,True
miyagi/miyagimisato,34,禾食や,野菜料理、惣菜・デリ、ケーキ,,japanese,tb,True
miyagi/miyagimisato,35,だんご屋,食堂,,casual,tb,True
miyagi/miyagimisato,36,マミー弁当,弁当、おにぎり、惣菜・デリ,,casual,tb,True
miyagi/miyagimisato,37,旭屋食堂,食堂,,casual,tb,True
miyagi/miyagimisato,38,田尻屋寿司,寿司,,seafood,tb,True
miyagi/miyagimisato,39,くぬぎの木,洋菓子、スイーツ,,sweets,tb,True
miyagi/miyagimisato,40,Cafe Misatoko,カフェ、カレー、サンドイッチ,,cafe,tb,True
miyagi/miyagimisato,41,大ちゃん食堂,ラーメン、食堂、そば,,noodles,tb,True
miyagi/miyagimisato,42,花野果市場,その他、スイーツ、郷土料理,,sweets,tb,False
miyagi/miyagimisato,43,カフェ ピカ,カフェ、喫茶店,,cafe,tb,True
miyagi/miyagimisato,44,鎌田醤油,その他,,other,none,False
miyagi/miyagimisato,45,八角堂,カレー,,curry,tb,True
miyagi/miyagimisato,46,ササキ会館,喫茶店,,cafe,tb,True
miyagi/miyagimisato,47,まとば,食堂,,casual,tb,True
miyagi/miyagimisato,48,ふじ食堂,食堂,,casual,tb,True
miyagi/miyagimisato,49,大番割烹,日本料理,,japanese,tb,True
miyagi/miyagimisato,50,はなちゃん,食堂,,casual,tb,True
miyagi/miyagimisato,51,南部家敷 小牛田店,ファミレス,,casual,tb,True
miyagi/miyagimisato,52,華園,ラーメン、かつ丼,,noodles,tb,True
miyagi/miyagimisato,53,鳥由,焼き鳥,,meat,tb,True
miyagi/miyagimisato,54,和 もり田,日本料理、天ぷら、海鮮,,japanese,tb,True
miyagi/miyagimisato,55,兆治,居酒屋,,izakaya,tb,True
miyagi/miyagimisato,56,居酒屋 姫輝,居酒屋,,izakaya,tb,True
miyagi/miyagimisato,57,Feliz&Rico,ダイニングバー、カフェ,,izakaya,tb,True
miyagi/miyagimisato,58,ジョイフル 宮城小牛田店,ファミレス,,casual,tb,True
miyagi/miyagimisato,59,平禄寿司 小牛田店,回転寿司、海鮮、海鮮丼,,seafood,tb,True
miyagi/miyagimisato,60,木の屋石巻水産 美里町工場直売所,その他,,other,none,False
miyagi/miyagimisato,61,モンペリエ ヨークベニマル小牛田店,パン,,sweets,tb,True
miyagi/miyagimisato,62,和風レストランまるまつ 小牛田店,ファミレス,,casual,tb,True
miyagi/miyagimisato,63,魚春 さわ田,日本料理,,japanese,tb,True
miyagi/miyagimisato,64,en ROSE,ケーキ,,sweets,tb,True
miyagi/miyagimisato,65,めん六や 宮城小牛田店,うどん、そば、ラーメン,,noodles,tb,True
miyagi/miyagimisato,66,カフェ トイ・トイ・トイ,カフェ,,cafe,tb,True
miyagi/miyagimisato,67,A・COOP こごた店,コンビニ・スーパー,,daily,tb,True
miyagi/miyagimisato,68,ダイニング旬祭,居酒屋,,izakaya,tb,True
miyagi/miyagimisato,69,焼き鳥・青ちゃん,焼き鳥,,meat,tb,True
miyagi/miyagimisato,70,和菓子 はらはた,和菓子,,sweets,tb,True
miyagi/miyagimisato,71,友栄会館,弁当、日本料理,,casual,tb,True
miyagi/miyagimisato,72,10.4 小牛田店,ピザ,,european,tb,True
miyagi/miyagimisato,73,みーと工房 とんたろう,その他,,other,none,False
miyagi/miyagimisato,74,カネサオーガニック味噌工房,その他,,other,none,False
miyagi/miyagimisato,75,セブン-イレブン 美里町二郷店,コンビニ・スーパー,,daily,tb,True
miyagi/miyagimisato,76,佐々木菓子店,和菓子,,sweets,tb,True
miyagi/miyagimisato,77,ミニストップ 宮城美里店,コンビニ・スーパー,,daily,tb,True
miyagi/miyagimisato,78,豆こん道,その他,,other,none,False
miyagi/miyagimisato,79,おみき茶屋,ラーメン,,noodles,tb,True
miyagi/miyagimisato,80,御免,レストラン,,other,none,False
miyagi/miyagimisato,81,大島屋,日本料理,,japanese,tb,True
miyagi/miyagimisato,82,村上酒店,その他,,other,none,False
miyagi/miyagimisato,83,千寿司,寿司,,seafood,tb,True
miyagi/miyagimisato,84,カナディアンナイト,カフェ、レストラン,,cafe,tb,True
miyagi/miyagimisato,85,手作り菓子の店. いとう屋,和菓子、洋菓子,,sweets,tb,True
miyagi/miyagimisato,86,高新食堂,レストラン,,other,none,False
miyagi/miyagimisato,87,笑楽,日本料理,,japanese,tb,True
miyagi/miyagimisato,88,居酒屋 やっこ,居酒屋,,izakaya,tb,True
miyagi/miyagimisato,89,美代の屋,寿司,,seafood,tb,True
miyagi/miyagimisato,90,すいーつ畑 ふしみ,ケーキ、ドーナツ、洋菓子,,sweets,tb,True
miyagi/miyagimisato,91,居酒屋向日葵,焼き鳥,,meat,tb,True
miyagi/miyagimisato,92,輝寿司,寿司,,seafood,tb,True
miyagi/miyagimisato,93,川敬商店,その他,,other,none,False
miyagi/miyagimisato,94,酒処岬,焼き鳥,,meat,tb,True
miyagi/miyagimisato,95,和食処千代,レストラン,,other,none,False
miyagi/miyagimisato,96,Misoichi,,,other,none,False
miyagi/miyagimisato,97,Mommy Bento,,Japanese,japanese,ta,True
miyagi/miyagimisato,98,Genkotsu Ya Kogoda,,,other,none,False
miyagi/miyagimisato,99,Koraku,,Chinese,chinese,ta,True
miyagi/miyagimisato,100,Shichifukurai,,,other,none,False
miyagi/miyagimisato,101,Ippuku,,Japanese,japanese,ta,True
miyagi/miyagimisato,102,Chinese Cuisine Ajiwai,,Chinese,chinese,ta,True
miyagi/miyagimisato,103,Soba Restaurant Daimyo,,Japanese,japanese,ta,True
miyagi/miyagimisato,104,Sobadokoro Genzo,,Japanese;Japanese - Other ,japanese,ta,True
miyagi/miyagimisato,105,煙家,,Barbecue,meat,ta,True
miyagi/miyagimisato,106,Noodle House Ikko,,Asian,chinese,ta,True
miyagi/miyagimisato,107,Kotobukitei,,Japanese;International;Japanese - Other ,japanese,ta,True
miyagi/miyagimisato,108,Senzushi,,Japanese;Seafood;Sushi;Japanese - Other ,seafood,ta,True
miyagi/miyagimisato,109,Uosai,,Seafood,seafood,ta,True
miyagi/miyagimisato,110,Tomoetei,,Japanese;Kappo,japanese,ta,True
miyagi/miyagimisato,111,Business Hotel Sendaiya Washokudokoro Sendai,,Japanese - Other ,japanese,ta,True
miyagi/miyagimisato,112,Maehara Kappo,,Japanese;Japanese - Traditional Cuisine;Kappo,japanese,ta,True
miyagi/miyagimisato,113,Oban Sushi,,Japanese;Sushi,seafood,ta,True
miyagi/miyagimisato,114,Stamina Hormone Dining Ippukuya,,Barbecue,meat,ta,True
miyagi/miyagimisato,115,Koshin Shokudo,,Japanese,japanese,ta,True
miyagi/miyagimisato,116,Ippaiya Yokkoyori,,Japanese;Japanese - Other ,japanese,ta,True
miyagi/miyagimisato,117,Koka,,Chinese,chinese,ta,True
miyagi/miyagimisato,118,千龍,,,other,none,False
miyagi/miyagimisato,119,Jusaku,,Japanese;Japanese - Other ,japanese,ta,True
miyagi/miyagimisato,120,Izakaya Onbeko,,Pub,izakaya,ta,True
miyagi/miyagimisato,121,Shoraku,,International,other,none,False
miyagi/miyagimisato,122,Izakaya Himawari,,Japanese;Izakaya (Japanese Style Tavern),izakaya,ta,True
miyagi/miyagimisato,123,Yoi Dokoro Sakura,,Japanese;Izakaya (Japanese Style Tavern),izakaya,ta,True
miyagi/miyagimisato,124,Izakaya Shuraku,,Japanese;Izakaya (Japanese Style Tavern),izakaya,ta,True
miyagi/miyagimisato,125,Ito Pastry,,,other,none,False
miyagi/miyagimisato,126,Marche Mikawa,,,other,none,False
miyagi/miyagimisato,127,はつ花,,Japanese;Seafood;Sushi;Japanese - Other ,seafood,ta,True
miyagi/miyagimisato,128,Bakery Laplata,,,other,none,False
miyagi/miyagimisato,129,Japanese Restaurant Chiyo,,Japanese,japanese,ta,True
miyagi/miyagimisato,130,Sendaiya Pastry,,,other,none,False
miyagi/miyagimisato,131,Fukutomi,,,other,none,False
miyagi/miyagimisato,132,Fugetsudo,,,other,none,False
miyagi/miyagimisato,133,Ryo,,Japanese,japanese,ta,True
miyagi/miyagimisato,134,Horoyoi Izakaya,,,other,none,False
miyagi/miyagimisato,135,Izakaya Poppo,,Japanese;Izakaya (Japanese Style Tavern),izakaya,ta,True
miyagi/miyagimisato,136,Izakaya Komodaya,,Japanese;Izakaya (Japanese Style Tavern),izakaya,ta,True
miyagi/murata,1,麺屋LUSH,ラーメン,,noodles,tb,True
miyagi/murata,2,千寿庵,そば,,noodles,tb,True
miyagi/murata,3,菅生パーキングエリア（上り線）フードコート,レストラン,,other,none,False
miyagi/murata,4,丸金食堂,食堂、親子丼、そば,,casual,tb,True
miyagi/murata,5,蕎麦玄,そば,,noodles,tb,True
miyagi/murata,6,レストハウスリッキーズ,洋食,,european,tb,True
miyagi/murata,7,銀座食堂,ラーメン、うどん,,noodles,tb,True
miyagi/murata,8,たまご舎 ファームファクトリー,スイーツ,,sweets,tb,True
miyagi/murata,9,杜のパン工房,パン、ハンバーガー,,sweets,tb,True
miyagi/murata,10,杜の牛たん,牛タン,,meat,tb,True
miyagi/murata,11,農家レストラン 森の栞,洋食,,european,tb,True
miyagi/murata,12,麦小屋,パン,,sweets,tb,True
miyagi/murata,13,すごうでキッチン,ラーメン、とんかつ、カレー,,noodles,tb,True
miyagi/murata,14,らーめんせん家 村田店,ラーメン,,noodles,tb,True
miyagi/murata,15,一祥,そば、うどん,,noodles,tb,True
miyagi/murata,16,カフェ バイ サークル,カフェ、パン、サンドイッチ,,cafe,tb,True
miyagi/murata,17,麺屋だいず 村田店,ラーメン、油そば・まぜそば、居酒屋,,noodles,tb,True
miyagi/murata,18,菅生PA・上り ショッピングコーナー,売店,,casual,tb,True
miyagi/murata,19,蔵の町レストラン 城山,食堂、ジェラート・アイスクリーム,,casual,tb,True
miyagi/murata,20,海仙道楽,寿司、海鮮丼,,seafood,tb,True
miyagi/murata,21,みちのくいしんぼ,たい焼き・大判焼き、ジェラート・アイスクリーム,,sweets,tb,True
miyagi/murata,22,道の駅 村田,道の駅,,other,none,False
miyagi/murata,23,木村屋菓子店,和菓子,,sweets,tb,True
miyagi/murata,24,菅生パーキングエリア（下り線） レストラン,レストラン、牛タン、麺類,,meat,tb,False
miyagi/murata,25,菅生パーキングエリア 下り 売店,売店,,casual,tb,True
miyagi/murata,26,丹野屋菓子店,和菓子,,sweets,tb,True
miyagi/murata,27,SUGO CAFE,カフェ,,cafe,tb,True
miyagi/murata,28,Fes Coffee&林度カリー,カフェ,,cafe,tb,True
miyagi/murata,29,壱弐参 CAFE,カフェ,,cafe,tb,True
miyagi/murata,30,蔵TORIA Kitchen Yu,洋食,,european,tb,True
miyagi/murata,31,そば処　金谷,そば,,noodles,tb,True
miyagi/murata,32,和風レストラン 藤,うどん、食堂,,noodles,tb,True
miyagi/murata,33,竹雀,日本料理、飲茶・点心、からあげ,,japanese,tb,True
miyagi/murata,34,牛たん麦めし屋 梵天丸,牛タン、郷土料理,,meat,tb,True
miyagi/murata,35,菅生パーキングエリア （下り線）フードコート,その他,,other,none,False
miyagi/murata,36,丹誠庵,そば、うどん,,noodles,tb,True
miyagi/murata,37,cafe蔵人,カフェ,,cafe,tb,True
miyagi/murata,38,喜楽,中華料理,,chinese,tb,True
miyagi/murata,39,仙台南ゴルフクラブ,レストラン,,other,none,False
miyagi/murata,40,Takoyaki&Smile 村田店,たこ焼き、からあげ,,casual,tb,True
miyagi/murata,41,とんかつ花綵,とんかつ,,meat,tb,True
miyagi/murata,42,麺や呑み処 もみじ庵,ラーメン、居酒屋,,noodles,tb,True
miyagi/murata,43,和食処 けやき,日本料理、そば、うどん,,japanese,tb,True
miyagi/murata,44,万崎食堂,食堂、ラーメン,,casual,tb,True
miyagi/murata,45,レストラン クヌギ,レストラン,,other,none,False
miyagi/murata,46,隠れ然房,レストラン,,other,none,False
miyagi/murata,47,大廣食堂,親子丼、焼きそば、ラーメン,,casual,tb,True
miyagi/murata,48,中華厨房 炎,中華料理、ラーメン,,chinese,tb,True
miyagi/murata,49,布袋農園,カフェ,,cafe,tb,True
miyagi/murata,50,もつ家 八,もつ焼き,,meat,desc,False
miyagi/murata,51,まこと寿司,寿司,,seafood,tb,True
miyagi/murata,52,岩手屋 まるいち酒店,その他,,other,none,False
miyagi/murata,53,大沼酒造店,その他,,other,none,False
miyagi/murata,54,グリーンパール納豆本舗,その他,,other,none,False
miyagi/murata,55,ふるさとおとぎ苑,そば,,noodles,tb,True
miyagi/murata,56,韮神や,その他,,other,none,False
miyagi/murata,57,焼き肉ハウス　あらいわ,焼肉,,meat,tb,True
miyagi/murata,58,ほっともっと 村田町店,弁当,,casual,tb,True
miyagi/murata,59,阿部屋菓子店,和菓子,,sweets,tb,True
miyagi/murata,60,ミニストップ 村田沼辺店,コンビニ・スーパー,,daily,tb,True
miyagi/murata,61,なぬすてんの家,居酒屋,,izakaya,tb,True
miyagi/murata,62,志げる寿司,寿司,,seafood,tb,True
miyagi/murata,63,デイリーヤマザキ 村田インター店,コンビニ・スーパー,,daily,tb,True
miyagi/murata,64,本家かまどや 村田店,弁当,,casual,tb,True
miyagi/murata,65,wak.farm,焼き芋・大学芋、スイーツ,,sweets,tb,False
miyagi/murata,66,レストラン 和,食堂,,casual,tb,True
miyagi/murata,67,びいんず夢楽多,その他,,other,none,False
miyagi/murata,68,むらた杵つき家,和菓子,,sweets,tb,True
miyagi/murata,69,みちのくに市 DATE-ICHIBA,その他,,other,none,False
miyagi/murata,70,カフェバー キッピス,バー、ハンバーガー、パスタ,,izakaya,tb,True
miyagi/murata,71,王ちゃん餃子,餃子、肉まん,,chinese,tb,True
miyagi/murata,72,大衆割烹 すがわら,海鮮,,seafood,tb,True
miyagi/murata,73,茶どころ・み,レストラン,,other,none,False
miyagi/murata,74,かたりべ,居酒屋,,izakaya,tb,True
miyagi/murata,75,Rest House Ricky s,,International,other,none,False
miyagi/murata,76,Sejuan,,,other,none,False
miyagi/murata,77,Sugo Pa Nobori Gyutan Mugimeshiya Bontenmaru,,,other,none,False
miyagi/murata,78,Issho,,Japanese,japanese,ta,True
miyagi/murata,79,Ramen Senya Murata,,,other,none,False
miyagi/murata,80,Sobadokoro Kanay,,Japanese;Japanese - Other ,japanese,ta,True
miyagi/murata,81,Kenchan Chi,,,other,none,False
miyagi/murata,82,Uruoitei,,Japanese;Japanese - Other ,japanese,ta,True
miyagi/murata,83,Organic Food Kobo Sengoku Daimyo,,Japanese;Asian,chinese,ta,True
miyagi/murata,84,Ippuku Chaya,,Japanese,japanese,ta,True
miyagi/murata,85,Kappa,,Japanese;International;Japanese - Other ,japanese,ta,True
miyagi/murata,86,Restauranttairin Satelite Miyagi,,Japanese,japanese,ta,True
miyagi/murata,87,Bondi Kitchen,,Japanese,japanese,ta,True
miyagi/murata,88,Matsukaze Shokudo,,Japanese,japanese,ta,True
miyagi/murata,89,Noevir Cosmetics Shibata West,,,other,none,False
miyagi/murata,90,Wood Pecker,,,other,none,False
miyagi/murata,91,Arabica,,,other,none,False
miyagi/murata,92,Kameya,,,other,none,False
miyagi/natori,1,杉のや,ラーメン、丼,,noodles,tb,True
miyagi/natori,2,中華そば いぶし,ラーメン、つけ麺、餃子,,noodles,tb,True
miyagi/natori,3,だし廊 -GoLD-,ラーメン,,noodles,tb,True
miyagi/natori,4,麺や 碁飯,ラーメン,,noodles,tb,True
miyagi/natori,5,なると家,ラーメン,,noodles,tb,True
miyagi/natori,6,RAMEN Bee,ラーメン,,noodles,tb,True
miyagi/natori,7,ナチュリノ,ソフトクリーム、ジェラート・アイスクリーム,,sweets,tb,True
miyagi/natori,8,ハンバーグレストランHACHI 名取本店,ハンバーグ、洋食、ステーキ,,meat,tb,True
miyagi/natori,9,漁亭 浜や かわまちてらす閖上店,海鮮,,seafood,tb,True
miyagi/natori,10,Tohoku Trattoria TREGION GALLEY,カフェ、パスタ、海鮮丼,,cafe,tb,True
miyagi/natori,11,牡蠣と海鮮丼 ふぃっしゃーまん亭,海鮮丼,,seafood,tb,True
miyagi/natori,12,麺屋 とがし 祭伝,ラーメン,,noodles,tb,True
miyagi/natori,13,寿松庵 仙台空港店,居酒屋、牛タン,,izakaya,tb,True
miyagi/natori,14,山形蕎麦と串揚げのお店 焔蔵 ATALATA店,そば、居酒屋,,noodles,tb,True
miyagi/natori,15,牛たんの店,牛タン,,meat,tb,True
miyagi/natori,16,焼き菓子とタルトの店 ナイツ・ブリッジ,ケーキ、洋菓子,,sweets,tb,True
miyagi/natori,17,閖上マリンキッチン,海鮮、海鮮丼、ソフトクリーム,,seafood,tb,True
miyagi/natori,18,浜や ゆりあげ港朝市メイプル館,海鮮、海鮮丼,,seafood,tb,True
miyagi/natori,19,カカポ・ベーカリー,パン,,sweets,tb,True
miyagi/natori,20,牛タンレストラン陣中 仙台国際空港店,牛タン,,meat,tb,True
miyagi/natori,21,星さん家のハンバーグ,ハンバーグ,,meat,tb,True
miyagi/natori,22,カフェモーツァルトユリイカ,カフェ、ケーキ,,cafe,tb,True
miyagi/natori,23,農家食堂 神明そば 慶,そば,,noodles,tb,True
miyagi/natori,24,市場直送 めし処 一,海鮮、日本料理、天ぷら,,seafood,tb,True
miyagi/natori,25,イオンヤ,ピザ、イタリアン、インド料理,,european,tb,True
miyagi/natori,26,そばの神田 町前屋 名取店,そば、うどん、かつ丼,,noodles,tb,True
miyagi/natori,27,primo,イタリアン、ワインバー、パスタ,,european,tb,True
miyagi/natori,28,スリランカセンター,スリランカ料理、カレー、カフェ,,curry,tb,False
miyagi/natori,29,たまご舎 愛島本店,創作料理、オムライス、洋菓子,,japanese,tb,True
miyagi/natori,30,たこ焼きイヴちゃん,食堂,,casual,tb,True
miyagi/natori,31,若草寿司,寿司,,seafood,tb,True
miyagi/natori,32,ゆりあげ港食堂 HACHI,食堂,,casual,tb,True
miyagi/natori,33,甘仙堂 名取工場直営店,和菓子,,sweets,tb,True
miyagi/natori,34,ひかり屋 イオンモール名取店,寿司、天ぷら、そば,,seafood,tb,True
miyagi/natori,35,閖上浜のまかない処 浜や食堂,海鮮,,seafood,tb,True
miyagi/natori,36,カフェマルタ,カフェ、シーフード,,cafe,tb,True
miyagi/natori,37,寿司処鮨金,寿司、かに、居酒屋,,seafood,tb,True
miyagi/natori,38,ラーメン　天狗山 名取店,ラーメン、担々麺、つけ麺,,noodles,tb,True
miyagi/natori,39,サンドイッチ工房 victory cafe 名取店,サンドイッチ、カフェ,,sweets,tb,True
miyagi/natori,40,ねぎっこ,ラーメン,,noodles,tb,True
miyagi/natori,41,無問題,中華料理,,chinese,tb,True
miyagi/natori,42,そば処 丸松 空港店,そば、うどん、牛タン,,noodles,tb,True
miyagi/natori,43,ずんだ茶寮 仙台空港店,和菓子、スイーツ,,sweets,tb,True
miyagi/natori,44,カレー&糀ダイニング 空とぶぞう,カレー,,curry,tb,True
miyagi/natori,45,麺屋 幸,ラーメン,,noodles,tb,True
miyagi/natori,46,ミナモ カフェ,カフェ,,cafe,tb,True
miyagi/natori,47,ディッシュ,ハンバーグ、洋食、オムライス,,meat,tb,True
miyagi/natori,48,Bistro TAKU,洋食、ビストロ,,european,tb,True
miyagi/natori,49,おきたまや,和菓子,,sweets,tb,True
miyagi/natori,50,ぱんや こてつ,パン,,sweets,tb,True
miyagi/natori,51,おおがまや たこ萬,たこ焼き,,casual,tb,True
miyagi/natori,52,新鮮餃子王,餃子、肉まん,,chinese,tb,True
miyagi/natori,53,豊華 ゆりあげ港朝市,中華料理、餃子,,chinese,tb,True
miyagi/natori,54,アグリブレッド,パン、カフェ,,sweets,tb,True
miyagi/natori,55,洋食喫茶ハングリー,洋食,,european,tb,True
miyagi/natori,56,仙台牛タン福助 イオンモール名取店,牛タン,,meat,tb,True
miyagi/natori,57,フリゴレス 名取店,喫茶店、カレー,,cafe,tb,True
miyagi/natori,58,ミユキッチン,カフェ,,cafe,tb,True
miyagi/natori,59,七輪炭火焼処すみ音,焼肉,,meat,tb,True
miyagi/natori,60,食事処 千屋,海鮮丼、海鮮,,seafood,tb,True
miyagi/natori,61,亀のや,居酒屋、日本料理,,izakaya,tb,True
miyagi/natori,62,味の一代 イオンモール名取店,天ぷら,,japanese,tb,True
miyagi/natori,63,カフェ・ド・ローズ,カフェ,,cafe,tb,True
miyagi/natori,64,末廣寿司 分店,寿司、日本料理、天ぷら,,seafood,tb,True
miyagi/natori,65,フラットホワイト コーヒー ファクトリー 仙台空港店,カフェ,,cafe,tb,True
miyagi/natori,66,麺屋 小十郎 名取店,ラーメン,,noodles,tb,True
miyagi/natori,67,Laugh,カフェ、洋菓子,,cafe,tb,True
miyagi/natori,68,仙台辛み噌 味よしラーメン イオンモール名取店,ラーメン,,noodles,tb,True
miyagi/natori,69,仙台空港カントリークラブ,日本料理、洋食、中華料理,,japanese,tb,True
miyagi/natori,70,高舘食道 水神蕎麦,そば、ラーメン、油そば・まぜそば,,noodles,tb,True
miyagi/natori,71,閖上海鮮丼せんしん,海鮮丼,,seafood,tb,True
miyagi/natori,72,ユニカ アジアンレストラン,インド料理、インドカレー、東南アジア料理,,curry,tb,True
miyagi/natori,73,山根屋,食堂、麺類、ラーメン,,casual,tb,True
miyagi/natori,74,ローストステージ,カフェ、おにぎり,,cafe,tb,True
miyagi/natori,75,MMCオーガニックカフェ 仙台空港国内線店,カフェ,,cafe,tb,True
miyagi/natori,76,久留米ラーメン 三代目よかろうもん,ラーメン,,noodles,tb,True
miyagi/natori,77,そば処田舎,そば、うどん、かつ丼,,noodles,tb,True
miyagi/natori,78,中華食堂 勝龍,中華料理,,chinese,tb,True
miyagi/natori,79,サニア,インドカレー、インド料理,,curry,tb,True
miyagi/natori,80,ももや,食堂、かつ丼,,casual,tb,True
miyagi/natori,81,陣中 仙台空港店,その他,,other,none,False
miyagi/natori,82,ニラなんばんらーめん こうしゅう  名取西店,ラーメン,,noodles,tb,True
miyagi/natori,83,中華麺房 東龍 名取店,ラーメン、つけ麺,,noodles,tb,True
miyagi/natori,84,町田商店 名取店,ラーメン,,noodles,tb,True
miyagi/natori,85,第3倉庫 el camino,ダイニングバー,,izakaya,tb,True
miyagi/natori,86,クロワッサン屋サクサク,パン,,sweets,tb,True
miyagi/natori,87,ジェラテリア ナチュリノ＋（プロデュース）旅する おやつ製作所 めぐりの,ジェラート・アイスクリーム,,sweets,tb,True
miyagi/natori,88,カフェテラス ソラ,カフェ,,cafe,tb,True
miyagi/natori,89,ゆりあげ港朝市,その他,,other,none,False
miyagi/natori,90,Gyu-29,弁当,,casual,tb,True
miyagi/natori,91,果実工房 果琳 イオンモール名取店,ジューススタンド,,cafe,tb,True
miyagi/natori,92,ホワイトギョーザ サガノ家,餃子、中華料理、居酒屋,,chinese,tb,True
miyagi/natori,93,すーぷかりー伊藤市郎商店 名取店,スープカレー,,curry,tb,True
miyagi/natori,94,木乃幡・別品館,和菓子、大福,,sweets,tb,True
miyagi/natori,95,やなぎ,食堂、うなぎ、天ぷら,,casual,tb,True
miyagi/natori,96,田よし 名取店,お好み焼き,,casual,tb,True
miyagi/natori,97,ばーすでい 名取本店,パン、サンドイッチ、カフェ,,sweets,tb,True
miyagi/natori,98,ビジネスラウンジ East side,その他,,other,none,False
miyagi/natori,99,パン工房ゆがふ,パン,,sweets,tb,True
miyagi/natori,100,口福堂 イオンモール名取店,和菓子,,sweets,tb,True
miyagi/natori,101,MINAMO GELATO,ジェラート・アイスクリーム、ジューススタンド,,sweets,tb,True
miyagi/natori,102,五郎八,和菓子、大福,,sweets,tb,True
miyagi/natori,103,U-cafe 美田園店,カフェ、スイーツ,,cafe,tb,True
miyagi/natori,104,牛たん炭焼 利久 岩沼店,牛タン、居酒屋、海鮮,,meat,tb,True
miyagi/natori,105,牛たん炭焼き 利久 名取店,牛タン,,meat,tb,True
miyagi/natori,106,アルパジョン ４号線岩沼店,ケーキ、洋菓子,,sweets,tb,True
miyagi/natori,107,ANAラウンジ 仙台空港,その他,,other,none,False
miyagi/natori,108,浜むすび かわまちてらす閖上店,おにぎり,,casual,tb,True
miyagi/natori,109,中華そば 杏林,ラーメン,,noodles,tb,True
miyagi/natori,110,コーヒー＆セッション パブロ,カフェ、喫茶店,,cafe,tb,True
miyagi/natori,111,朝市食堂 ひふみ,海鮮、海鮮丼、ハワイ料理,,seafood,tb,True
miyagi/natori,112,GORKHALI,インド料理,,curry,tb,True
miyagi/natori,113,長尾中華そば 仙台名取店,ラーメン,,noodles,tb,True
miyagi/natori,114,らぁめん鰹の本気 名取店,ラーメン、つけ麺,,noodles,tb,True
miyagi/natori,115,海鮮亭,海鮮、餃子,,seafood,tb,True
miyagi/natori,116,こうしゅう 名取店,ラーメン,,noodles,tb,True
miyagi/natori,117,味よし　 名取店,ラーメン,,noodles,tb,True
miyagi/natori,118,わらべ 名取店,そば、うどん,,noodles,tb,True
miyagi/natori,119,エスタシオンバル ナトリ,バル,,european,tb,True
miyagi/natori,120,ティー リーフル,カフェ,,cafe,tb,True
miyagi/natori,121,3007 Piu,カフェ、フルーツパーラー,,cafe,tb,True
miyagi/natori,122,考えた人すごいわ ブレッドパーク名取店,パン、カフェ,,sweets,tb,True
miyagi/natori,123,プロント 仙台国際空港店,カフェ、居酒屋、ダイニングバー,,cafe,tb,True
miyagi/natori,124,梵天食堂 名取店,居酒屋、海鮮,,izakaya,tb,True
miyagi/natori,125,萩,その他,,other,none,False
miyagi/natori,126,ANAフェスタ 仙台ゲート店,その他,,other,none,False
miyagi/natori,127,和食飛賀屋,海鮮,,seafood,tb,True
miyagi/natori,128,たこすけ,たこ焼き,,casual,tb,True
miyagi/natori,129,そば処 太陽,麺類、和菓子,,noodles,tb,True
miyagi/natori,130,サクララウンジ 仙台空港,その他,,other,none,False
miyagi/natori,131,Monsieur Masuno ARPAJON 名取箱塚店,ケーキ、カフェ,,sweets,tb,True
miyagi/natori,132,台湾料理 太陽府,台湾料理、中華料理,,chinese,tb,True
miyagi/natori,133,ゆり唐あげ トビウメ,からあげ,,meat,tb,True
miyagi/natori,134,あかぼし,ラーメン,,noodles,tb,True
miyagi/natori,135,仙台カントリー倶楽部 名取コース,その他,,other,none,False
miyagi/natori,136,Coffee 焙煎所 Leka,カフェ,,cafe,tb,True
miyagi/natori,137,ベーグル マルコ,ベーグル,,sweets,tb,True
miyagi/natori,138,たこやき極秘製造基地,たこ焼き,,casual,tb,True
miyagi/natori,139,アリス ガーデン カフェ,カフェ,,cafe,tb,True
miyagi/natori,140,デイリーポート新鮮館 中田店,コンビニ・スーパー,,daily,tb,True
miyagi/natori,141,MOUNTAIN CAFE,スイーツ、ジューススタンド,,sweets,tb,True
miyagi/natori,142,BakeShop HARU,洋菓子、スイーツ,,sweets,tb,True
miyagi/natori,143,紅虎餃子房 イオンモール名取店,中華料理、飲茶・点心、ラーメン,,chinese,tb,True
miyagi/natori,144,喜久水庵 仙台空港店,和菓子、甘味処,,sweets,tb,True
miyagi/natori,145,びっくりドンキー 名取店,ファミレス、ハンバーグ,,casual,tb,True
miyagi/natori,146,スターバックス・コーヒー イオンモール名取2階店,カフェ,,cafe,tb,True
miyagi/natori,147,R Baker 名取店,パン、カフェ,,sweets,tb,True
miyagi/natori,148,スカイショップ ぶーめらん,その他,,other,none,False
miyagi/natori,149,麺処 海日和,ラーメン,,noodles,tb,True
miyagi/natori,150,ラーメン大連,ラーメン、中華料理、麺類,,noodles,tb,True
miyagi/natori,151,フーズガーデンゆりあげ 食彩館,その他,,other,none,False
miyagi/natori,152,ウロコ水産,その他,,other,none,False
miyagi/natori,153,kitchen 比呂,居酒屋、弁当,,izakaya,tb,True
miyagi/natori,154,温野菜 ごはんがおいしいスープ食堂 イオンモール名取店,スープ,,other,none,False
miyagi/natori,155,MMC ORGANIC CAFE 仙台空港国際線店,カフェ,,cafe,tb,True
miyagi/natori,156,カフェ スマイル,カフェ,,cafe,tb,True
miyagi/natori,157,スズタケ 閖上港朝市,海鮮,,seafood,tb,True
miyagi/natori,158,食堂 七福,居酒屋、つけ麺,,izakaya,tb,True
miyagi/natori,159,BLOOM,カフェ,,cafe,tb,True
miyagi/natori,160,山岡家 名取店,ラーメン,,noodles,tb,True
miyagi/natori,161,ゆで太郎 名取バイパス店,立ち食いそば、そば、丼,,noodles,tb,True
miyagi/natori,162,炭焼ステーキ くに 名取店,ステーキ,,meat,tb,True
miyagi/natori,163,丸亀製麺 イオンモール名取店,うどん,,noodles,tb,True
miyagi/natori,164,スターバックスコーヒー 名取増田店,カフェ,,cafe,tb,True
miyagi/natori,165,ピエトロ イオンモール名取店,パスタ,,european,tb,True
miyagi/natori,166,野菜畑マルシェ かわまちてらす閖上店,その他,,other,none,False
miyagi/natori,167,油そば はてな 名取店,油そば・まぜそば、ラーメン,,noodles,tb,True
miyagi/natori,168,守屋寿司,寿司、うなぎ、天ぷら,,seafood,tb,True
miyagi/natori,169,餃子王 メイプル館内店,餃子,,chinese,tb,True
miyagi/natori,170,ケロケロの杜,その他,,other,none,False
miyagi/natori,171,BAYFLOW cafe イオンモール名取,カフェ,,cafe,tb,True
miyagi/natori,172,香蘭,中華料理,,chinese,tb,True
miyagi/natori,173,salon de cafe anne,カフェ、パスタ,,cafe,tb,True
miyagi/natori,174,まるしげ ゆりあげ港朝市店,弁当,,casual,tb,True
miyagi/natori,175,海の遊や,洋食、海鮮,,european,tb,True
miyagi/natori,176,ともスズタケ,居酒屋,,izakaya,tb,True
miyagi/natori,177,MIGAKI FARM SHOP&CAFE 閖上店,スイーツ、クレープ・ガレット、カフェ,,sweets,tb,True
miyagi/natori,178,mellowDay COFFEE,カフェ,,cafe,tb,True
miyagi/natori,179,福々だるま,南アジア料理、トルコ料理,,chinese,tb,False
miyagi/natori,180,閖上ボンズコーヒーワークス,コーヒースタンド,,cafe,tb,True
miyagi/natori,181,肉のいとう イオン名取店,弁当、からあげ、惣菜・デリ,,casual,tb,True
miyagi/natori,182,食樂体験型呑み喰い処 うま⭐︎ほど 美田園店,居酒屋、食堂,,izakaya,tb,True
miyagi/natori,183,食品館イトー 名取店,コンビニ・スーパー,,daily,tb,True
miyagi/natori,184,ラーメン魁力屋 仙台南店,ラーメン,,noodles,tb,True
miyagi/natori,185,五穀 名取店,食堂、日本料理,,casual,tb,True
miyagi/natori,186,リンガーハット イオンモール名取店,ちゃんぽん,,noodles,tb,True
miyagi/natori,187,パンセ 名取本店,パン,,sweets,tb,True
miyagi/natori,188,グランブッフェ イオンモール名取,ビュッフェ,,casual,tb,True
miyagi/natori,189,バケット イオンモール名取店,洋食、ビュッフェ、ハンバーグ,,european,tb,True
miyagi/natori,190,かつや 名取店,とんかつ、かつ丼,,meat,tb,True
miyagi/natori,191,ジョリーパスタ 名取杜せきのした店,パスタ、ピザ,,european,tb,True
miyagi/natori,192,ジョイフル 名取バイパス店,ファミレス,,casual,tb,True
miyagi/natori,193,丸亀製麵 名取店,うどん,,noodles,tb,True
miyagi/natori,194,牛タンスタンド 閖上本店,弁当、牛タン,,casual,tb,True
miyagi/natori,195,らーめん 蔵,ラーメン,,noodles,tb,True
miyagi/natori,196,MENPIRE 壮,ラーメン,,noodles,tb,True
miyagi/natori,197,カネチャンラーメン,ラーメン,,noodles,tb,True
miyagi/natori,198,漁師直送 ウロコ水産 かわまちてらす閖上店,その他,,other,none,False
miyagi/natori,199,大八,惣菜・デリ、弁当,,casual,tb,True
miyagi/natori,200,仙台食○,食堂、麺類、丼,,casual,tb,True
miyagi/natori,201,みぃとぼぉる,その他,,other,none,False
miyagi/natori,202,スーパーホテル 仙台空港インター,ホテル,,other,none,False
miyagi/natori,203,魚匠 鈴栄,海鮮丼,,seafood,tb,True
miyagi/natori,204,森昭 ゆりあげ港朝市店,その他,,other,none,False
miyagi/natori,205,NISHIKIYA KITCHEN 仙台国際空港店,その他,,other,none,False
miyagi/natori,206,イオンスタイル 名取,コンビニ・スーパー,,daily,tb,True
miyagi/natori,207,旬鮮酒場 なとり,居酒屋,,izakaya,tb,True
miyagi/natori,208,ゆりが丘リージェントハウス,フレンチ,,european,tb,True
miyagi/natori,209,スーパーホテル 美田園・仙台エアポート,ホテル,,other,none,False
miyagi/natori,210,アイザワミート ゆりあげ港朝市店,コロッケ,,casual,tb,True
miyagi/natori,211,ダイトク,海鮮,,seafood,tb,True
miyagi/natori,212,フレスコキクチ 名取増田店,コンビニ・スーパー,,daily,tb,True
miyagi/natori,213,森の芽ぶきたまご舎 イオンモール名取店,洋菓子,,sweets,tb,True
miyagi/natori,214,イオンシネマ 名取,その他,,other,none,False
miyagi/natori,215,ラ・リュン,ケーキ,,sweets,tb,True
miyagi/natori,216,チャウタリー アジアンレストラン,ネパール料理、インド料理、タイ料理,,curry,tb,True
miyagi/natori,217,どっとや jiji,食堂、居酒屋,,casual,tb,True
miyagi/natori,218,米粉ハウス エール,カフェ,,cafe,tb,True
miyagi/natori,219,びすとろCafe つがる,食堂,,casual,tb,True
miyagi/natori,220,ARC STAND,カフェ,,cafe,tb,True
miyagi/natori,221,らーめん堂仙台っ子 名取店,ラーメン,,noodles,tb,True
miyagi/natori,222,上島珈琲店 イオンモール名取店,カフェ、喫茶店,,cafe,tb,True
miyagi/natori,223,しゃぶ菜 イオンモール名取店,しゃぶしゃぶ,,meat,tb,True
miyagi/natori,224,ゆず庵 名取店,しゃぶしゃぶ,,meat,tb,True
miyagi/natori,225,やよい軒 名取増田店,食堂,,casual,tb,True
miyagi/natori,226,新宿さぼてん イオンモール名取店,とんかつ,,meat,tb,True
miyagi/natori,227,珈琲所 コメダ珈琲店 イオンモール名取店,喫茶店,,cafe,tb,True
miyagi/natori,228,焼肉冷麺やまなか家 名取店,焼肉、ホルモン、冷麺,,meat,tb,True
miyagi/natori,229,菓匠三全 イオンモール名取店,カフェ、洋菓子、和菓子,,cafe,tb,True
miyagi/natori,230,喜久水庵 ナゴミ,甘味処、カフェ,,sweets,tb,True
miyagi/natori,231,かっぱ寿司 名取店,回転寿司,,seafood,tb,True
miyagi/natori,232,ガスト 名取田高店,ファミレス,,casual,tb,True
miyagi/natori,233,ハート ブレッド アンティーク,パン,,sweets,tb,True
miyagi/natori,234,焼肉きんぐ 名取店,焼肉、ホルモン、韓国料理,,meat,tb,True
miyagi/natori,235,吉野家 ４号線名取店,牛丼、カレー、食堂,,casual,tb,True
miyagi/natori,236,牛角焼肉食堂 イオンモール名取店,食堂、焼肉,,casual,tb,True
miyagi/natori,237,はま寿司 名取杜せきのした店,回転寿司,,seafood,tb,True
miyagi/natori,238,貢茶 イオンモール名取店,ジューススタンド、タピオカ,,cafe,tb,True
miyagi/natori,239,サーティワンアイスクリーム イオンモール名取店,ジェラート・アイスクリーム,,sweets,tb,True
miyagi/natori,240,コナズ珈琲 名取店,カフェ,,cafe,tb,True
miyagi/natori,241,魚べい 名取店,寿司,,seafood,tb,True
miyagi/natori,242,三代目網元 魚鮮水産 名取杜せきのした店,居酒屋、海鮮、日本酒バー,,izakaya,tb,True
miyagi/natori,243,マクドナルド イオンモール名取店,ハンバーガー,,casual,tb,True
miyagi/natori,244,自家製麺 七だし,ラーメン,,noodles,tb,True
miyagi/natori,245,Rainbow cafe 名取店,カフェ,,cafe,tb,True
miyagi/natori,246,陣中 牛タンスタンド 閖上店,弁当,,casual,tb,True
miyagi/natori,247,築地食堂 源ちゃん イオンモール名取店,海鮮、食堂、海鮮丼,,seafood,tb,True
miyagi/natori,248,みうらや ゆりあげ港朝市店,からあげ,,meat,tb,True
miyagi/natori,249,佐々木酒造店,その他,,other,none,False
miyagi/natori,250,高玉,居酒屋,,izakaya,tb,True
miyagi/natori,251,ミニストップ 仙台南インター店,コンビニ・スーパー,,daily,tb,True
miyagi/natori,252,チャイナ,中華料理、ラーメン,,chinese,tb,True
miyagi/natori,253,鮮魚とみ田,その他,,other,none,False
miyagi/natori,254,あおい屋,おにぎり、カレー、焼き鳥,,casual,tb,True
miyagi/natori,255,ラ・フレーズ,その他,,other,none,False
miyagi/natori,256,せき亭 ゆりあげ店,ラーメン,,noodles,tb,True
miyagi/natori,257,佐々直 かわまちてらす店,おでん、コロッケ,,japanese,tb,True
miyagi/natori,258,蔵タ家,串焼き,,meat,tb,True
miyagi/natori,259,BONDS COFFEE STAND イオンモール名取店,コーヒースタンド,,cafe,tb,True
miyagi/natori,260,大森食堂,食堂,,casual,tb,True
miyagi/natori,261,百味屋,飲茶・点心,,other,none,False
miyagi/natori,262,細野與治兵衛商店,焼き鳥、丼、惣菜・デリ,,meat,tb,True
miyagi/natori,263,ひより,カフェ,,cafe,tb,True
miyagi/natori,264,からあげ 伊達や,からあげ,,meat,tb,True
miyagi/natori,265,菅井農園,その他,,other,none,False
miyagi/natori,266,山野荘,郷土料理、きりたんぽ,,japanese,tb,True
miyagi/natori,267,カルディコーヒーファーム イオンモール名取店,その他,,other,none,False
miyagi/natori,268,喫茶マルネロ,喫茶店,,cafe,tb,True
miyagi/natori,269,新潟らーめん 無尽蔵 味噌と出汁 なとり家,ラーメン、つけ麺,,noodles,tb,True
miyagi/natori,270,無添 くら寿司 名取店,回転寿司,,seafood,tb,True
miyagi/natori,271,モスバーガー 名取パーク店,ハンバーガー,,casual,tb,True
miyagi/natori,272,旬屋 スーパー銭湯極楽湯名取店,そば、食堂、居酒屋,,noodles,tb,True
miyagi/natori,273,カンテボーレ 新名取,パン、サンドイッチ,,sweets,tb,True
miyagi/natori,274,ドトールコーヒーショップ イオンモール名取店,カフェ,,cafe,tb,True
miyagi/natori,275,サイゼリヤ アクロスプラザ杜せきのした店,ファミレス、イタリアン、パスタ,,casual,tb,True
miyagi/natori,276,ミスタードーナツ イオンモール名取ショップ,ドーナツ、カフェ,,sweets,tb,True
miyagi/natori,277,レパコガーデン イオン名取店,ケーキ,,sweets,tb,True
miyagi/natori,278,築地銀だこ イオンモール名取店,たこ焼き,,casual,tb,True
miyagi/natori,279,マクドナルド 4号線岩沼店,ハンバーガー,,casual,tb,True
miyagi/natori,280,スターバックスコーヒー イオンモール名取1階店,カフェ,,cafe,tb,True
miyagi/natori,281,吉野家 柳生店,牛丼、カレー、食堂,,casual,tb,True
miyagi/natori,282,鎌倉パスタ イオンモール名取店,パスタ,,european,tb,True
miyagi/natori,283,マクドナルド ４号線名取店,ハンバーガー,,casual,tb,True
miyagi/natori,284,佐々直　本店,その他,,other,none,False
miyagi/natori,285,モスバーガー イオンモール名取店,ハンバーガー,,casual,tb,True
miyagi/natori,286,ユウユウ店,たこ焼き,,casual,tb,True
miyagi/natori,287,CHATERAISE 名取店,ケーキ,,sweets,tb,True
miyagi/natori,288,北海道手造りアイス あいすの家 イオンモール名取店,ジェラート・アイスクリーム,,sweets,tb,True
miyagi/natori,289,久世福商店 イオンモール名取店,その他,,other,none,False
miyagi/natori,290,カフェ ザ イーチ タイム,カフェ、洋食,,cafe,tb,True
miyagi/natori,291,ゆりあげキッチン&ギャラリー メイプル館,その他,,other,none,False
miyagi/natori,292,BEN BEN CAFE DCM名取店,カフェ,,cafe,tb,True
miyagi/natori,293,カルン ザ・ビッグ名取店,ケーキ、チョコレート、洋菓子,,sweets,tb,True
miyagi/natori,294,世界のごちそう酒場 らふぃんぐ,居酒屋、ダイニングバー、バル,,izakaya,tb,True
miyagi/natori,295,快活CLUB 4号名取店,その他,,other,none,False
miyagi/natori,296,たかはし屋　ケーキもみの木,ケーキ、和菓子,,sweets,tb,True
miyagi/natori,297,あじわいの朝 名取店,その他,,other,none,False
miyagi/natori,298,江戸前・大阪すし このみ寿司,寿司,,seafood,tb,True
miyagi/natori,299,小室わさび屋 ゆりあげ港朝市店,その他,,other,none,False
miyagi/natori,300,ロースター カフェ はなもも,カフェ,,cafe,tb,True
miyagi/natori,301,FACTORY GARDEN,その他,,other,none,False
miyagi/natori,302,北條鮮魚店,その他,,other,none,False
miyagi/natori,303,佐藤たこやき屋,たこ焼き,,casual,tb,True
miyagi/natori,304,週末びっくり市 名取店,コンビニ・スーパー,,daily,tb,True
miyagi/natori,305,洋食 コンセンテイ 目黒屋,洋食、ハンバーグ,,european,tb,True
miyagi/natori,306,ミニストップ 名取インター店,コンビニ・スーパー,,daily,tb,True
miyagi/natori,307,美食農園 ラ・ファータ 2nd 北釜ハウス,その他,,other,none,False
miyagi/natori,308,宮城マイクロブルワリー ゆりあげ麦酒醸造所,その他,,other,none,False
miyagi/natori,309,ダルバール 名取が丘店,インドカレー,,curry,tb,True
miyagi/natori,310,ピュアママキッチン,レストラン,,other,none,False
miyagi/natori,311,清昇堂,和菓子,,sweets,tb,True
miyagi/natori,312,Cafe うま芋屋,カフェ,,cafe,tb,True
miyagi/natori,313,さざほざ,居酒屋,,izakaya,tb,True
miyagi/natori,314,ドルチェクレープ,クレープ・ガレット,,sweets,tb,True
miyagi/natori,315,LAWSON 名取愛島台店,コンビニ・スーパー,,daily,tb,True
miyagi/natori,316,セブンイレブン 名取上余田店,コンビニ・スーパー,,daily,tb,True
miyagi/natori,317,猫カフェアミパ 名取店,その他,,other,none,False
miyagi/natori,318,菅井商店,その他,,other,none,False
miyagi/natori,319,那智が丘カフェ シンシア,カフェ、喫茶店,,cafe,tb,True
miyagi/natori,320,roxane,パン、カフェ,,sweets,tb,True
miyagi/natori,321,閖上引地商店,その他,,other,none,False
miyagi/natori,322,代官山Candyapple イオンモール名取店,スイーツ,,sweets,tb,True
miyagi/natori,323,幸楽苑 名取大手町店,ラーメン、餃子,,noodles,tb,True
miyagi/natori,324,CoCo壱番屋 名取植松店,カレー、ラーメン,,curry,tb,True
miyagi/natori,325,日乃屋カレー 名取店,カレー,,curry,tb,True
miyagi/natori,326,ささ圭 ゆりあげ港朝市店,揚げ物,,casual,tb,True
miyagi/natori,327,スーパーセンタートライアル 名取店,コンビニ・スーパー,,daily,tb,True
miyagi/natori,328,味の金魂,弁当,,casual,tb,True
miyagi/natori,329,居酒屋 竹灯り,居酒屋,,izakaya,tb,True
miyagi/natori,330,リトナベリーガーデン,その他,,other,none,False
miyagi/natori,331,花茶屋,ビュッフェ,,casual,tb,True
miyagi/natori,332,ビッグのパン屋さん 名取店,パン,,sweets,tb,True
miyagi/natori,333,サンリオ ギフト ゲート イオンモール名取店,その他,,other,none,False
miyagi/natori,334,みよし,居酒屋,,izakaya,tb,True
miyagi/natori,335,コート・ダジュール 仙台名取店,カラオケ、その他,,izakaya,tb,True
miyagi/natori,336,春月,その他,,other,none,False
miyagi/natori,337,ヴィレッジヴァンガード イオンモール名取店,その他,,other,none,False
miyagi/natori,338,そば処 揚司,そば,,noodles,tb,True
miyagi/natori,339,まる勘,郷土料理、ドーナツ,,japanese,tb,True
miyagi/natori,340,自然や あかり,オーガニック,,other,none,False
miyagi/natori,341,カミヤファクトリー,ワインバー,,izakaya,tb,True
miyagi/natori,342,伊東寿司,寿司,,seafood,tb,True
miyagi/natori,343,愛島餃子,餃子、肉まん、からあげ,,chinese,tb,True
miyagi/natori,344,AGAPE こどもしょくどう,食堂,,casual,tb,True
miyagi/natori,345,マハロダイニング 名取りんくう店,そば、ラーメン、食堂,,noodles,tb,True
miyagi/natori,346,第一楼 新名取店,中華料理、惣菜・デリ,,chinese,tb,True
miyagi/natori,347,やきとりの扇屋 名取杜せきのした店,焼き鳥、居酒屋、串揚げ,,meat,tb,True
miyagi/natori,348,ビアードパパの作りたて工房 イオンモール名取店,シュークリーム、洋菓子,,sweets,tb,False
miyagi/natori,349,ケンタッキーフライドチキン イオンモール名取店,鳥料理,,other,none,False
miyagi/natori,350,ケンタッキーフライドチキン 名取バイパス店,レストラン,,other,none,False
miyagi/natori,351,GODIVA イオンモール名取,カフェ、チョコレート,,cafe,tb,True
miyagi/natori,352,味のまるまつ 美田園店,ファミレス,,casual,tb,True
miyagi/natori,353,日本一 イオンモール名取店,焼き鳥,,meat,tb,True
miyagi/natori,354,ささ圭 名取増田店,海鮮,,seafood,tb,True
miyagi/natori,355,ねこねこ食パン イオンモール名取店,パン,,sweets,tb,True
miyagi/natori,356,モア カフェ 仙台南店,カフェ,,cafe,tb,True
miyagi/natori,357,からあげの匠 名取バイパス店,からあげ,,meat,tb,True
miyagi/natori,358,菓匠 三全 仙台南インター店,和菓子、洋菓子,,sweets,tb,True
miyagi/natori,359,デイリーヤマザキ 仙台空港店,コンビニ・スーパー,,daily,tb,True
miyagi/natori,360,ディッパーダン イオンモール名取FC店,クレープ・ガレット,,sweets,tb,True
miyagi/natori,361,ウジエスーパー 美田園店,フルーツパーラー,,other,none,False
miyagi/natori,362,ポムの樹Jr.  イオンモール名取店,オムライス,,european,tb,True
miyagi/natori,363,つつみ屋 名取店,甘味処、和菓子,,sweets,tb,True
miyagi/natori,364,牛角 名取店,焼肉、ホルモン、居酒屋,,meat,tb,True
miyagi/natori,365,すたみな太郎 PREMIUM BUFFET 名取店,ビュッフェ、焼肉、寿司,,casual,tb,True
miyagi/natori,366,地酒や 華の蔵 空港店,その他,,other,none,False
miyagi/natori,367,銀座コージーコーナー イオン名取店,ケーキ,,sweets,tb,True
miyagi/natori,368,タリーズコーヒー オルフィーカ美田園店,カフェ、スイーツ、サンドイッチ,,cafe,tb,True
miyagi/natori,369,馳走菜 名取増田店,惣菜・デリ、揚げ物、弁当,,casual,tb,True
miyagi/natori,370,CHEESE GARDEN,ケーキ,,sweets,tb,True
miyagi/natori,371,ホテルルートイン 名取岩沼インター 仙台空港,ホテル,,other,none,False
miyagi/natori,372,ほっともっと 名取大手町店,弁当,,casual,tb,True
miyagi/natori,373,ごはんどき 名取店,食堂、ラーメン、かつ丼,,casual,tb,True
miyagi/natori,374,サーティワンアイスクリーム イオンタウン名取店,ジェラート・アイスクリーム,,sweets,tb,True
miyagi/natori,375,然の膳 宮城県立がんセンター店,薬膳、食堂、社員食堂,,casual,tb,False
miyagi/natori,376,たぬき屋,焼肉,,meat,tb,True
miyagi/natori,377,ナポリの窯 名取バイパス店,ピザ、パスタ、イタリアン,,european,tb,True
miyagi/natori,378,炭焼牛たん東山 かわまちてらす閖上店,牛タン,,meat,tb,True
miyagi/natori,379,ひとくち茶屋 名取田高SC店,たこ焼き、たい焼き・大判焼き、焼きそば,,casual,tb,True
miyagi/natori,380,ヨークベニマル 名取愛島店,コンビニ・スーパー,,daily,tb,True
miyagi/natori,381,村さ来 名取駅前店,居酒屋、海鮮、日本料理,,izakaya,tb,True
miyagi/natori,382,カネハチ,その他,,other,none,False
miyagi/natori,383,本家かまどや 名取店,弁当,,casual,tb,True
miyagi/natori,384,ナポリの窯 名取店,ピザ,,european,tb,True
miyagi/natori,385,ささ圭 工場併設植松店,その他,,other,none,False
miyagi/natori,386,魚民 名取店,居酒屋、海鮮、創作料理,,izakaya,tb,True
miyagi/natori,387,丸健,居酒屋,,izakaya,tb,True
miyagi/natori,388,ほっともっと 名取美田園店,弁当,,casual,tb,True
miyagi/natori,389,モンペリエ ヨークベニマル名取バイパス店,パン,,sweets,tb,True
miyagi/natori,390,オーサム ストア イオンモール名取店,その他,,other,none,False
miyagi/natori,391,ことり舟,ラーメン,,noodles,tb,True
miyagi/natori,392,幸楽苑のからあげ家 名取大手町店,からあげ,,meat,tb,True
miyagi/natori,393,モンペリエ ヨークベニマル名取西店,パン、ケーキ、カフェ,,sweets,tb,True
miyagi/natori,394,午前めし･くじら 一,カレー、くじら料理,,curry,tb,True
miyagi/natori,395,炭火やきとり竜鳳 トライアル名取店,焼き鳥、串焼き,,meat,tb,True
miyagi/natori,396,花の茶屋,ラーメン、レストラン,,noodles,tb,True
miyagi/natori,397,モンペリエ ヨークベニマル名取愛島店,パン,,sweets,tb,True
miyagi/natori,398,あかぼし 名取ヶ丘店,ラーメン、売店,,noodles,tb,True
miyagi/natori,399,無印良品 イオンモール名取店,その他,,other,none,False
miyagi/natori,400,酒処ホルモン サッポロ,焼肉、居酒屋,,meat,tb,True
miyagi/natori,401,セブンイレブン 名取増田8丁目店,コンビニ・スーパー,,daily,tb,True
miyagi/natori,402,さくらい水産,その他,,other,none,False
miyagi/natori,403,肉の匠 いとう 名取イオン店,惣菜・デリ,,casual,tb,True
miyagi/natori,404,今野精肉店,その他,,other,none,False
miyagi/natori,405,東海龍,ラーメン,,noodles,tb,True
miyagi/natori,406,子供の居場所○○,その他,,other,none,False
miyagi/natori,407,MOJA 名取店,焼き鳥、居酒屋,,meat,tb,True
miyagi/natori,408,ビッグママ・おいしいパン屋さん みやぎ生協名取西店,パン、カフェ,,sweets,tb,True
miyagi/natori,409,マシッソお弁当,弁当,,casual,tb,True
miyagi/natori,410,そば処 めん六や 宮城名取美田園店,そば、麺類,,noodles,tb,True
miyagi/natori,411,仙令平庄 イオンモール名取店,寿司,,seafood,tb,True
miyagi/natori,412,マッフェン マックスバリュ名取店,ケーキ,,sweets,tb,True
miyagi/natori,413,みなとまち菓子店,洋菓子、ケーキ,,sweets,tb,True
miyagi/natori,414,LAWSON 名取閖上店,コンビニ・スーパー,,daily,tb,True
miyagi/natori,415,luvU 名取店,洋菓子、ドーナツ,,sweets,tb,True
miyagi/natori,416,La Pause,パン、カフェ,,sweets,tb,True
miyagi/natori,417,まぼ屋 閖上出張所,海鮮,,seafood,tb,True
miyagi/natori,418,鰊御殿 番屋,海鮮、居酒屋,,seafood,tb,True
miyagi/natori,419,セブンイレブン 名取北高前店,コンビニ・スーパー,,daily,tb,True
miyagi/natori,420,閖上たこやき,たこ焼き,,casual,tb,True
miyagi/natori,421,洋葱亭,弁当,,casual,tb,True
miyagi/natori,422,ラボ&キッチン,その他,,other,none,False
miyagi/natori,423,白松がモナカ本舗 仙台南店,和菓子,,sweets,tb,True
miyagi/natori,424,不二家 ヨークベニマル名取西店,ケーキ,,sweets,tb,True
miyagi/natori,425,ファミリーマート 名取マルハン/Ｓ店,コンビニ・スーパー,,daily,tb,True
miyagi/natori,426,SiNYU,たい焼き・大判焼き,,sweets,tb,True
miyagi/natori,427,そば名取,食堂,,casual,tb,True
miyagi/natori,428,ツルハドラック 名取増田店,その他,,other,none,False
miyagi/natori,429,野菜畑 ゆりあげ港朝市,その他,,other,none,False
miyagi/natori,430,蒲鉾本舗高政 仙台空港特設催事場,その他,,other,none,False
miyagi/natori,431,Re'sta,洋菓子,,sweets,tb,True
miyagi/natori,432,ミニストップ 名取せきのした店,コンビニ・スーパー,,daily,tb,True
miyagi/natori,433,ピザ カルボ イオンタウン名取店,ピザ,,european,tb,True
miyagi/natori,434,ささ圭 かわまちてらす閖上店,その他,,other,none,False
miyagi/natori,435,美食農園 ラ・ファータ,その他,,other,none,False
miyagi/natori,436,かまぼこの鐘崎 仙台南店,その他,,other,none,False
miyagi/natori,437,エール・エル 仙台名取店,ケーキ、洋菓子,,sweets,tb,True
miyagi/natori,438,白謙 仙台空港店,その他,,other,none,False
miyagi/natori,439,阿部蒲鉾店 イオン名取店,その他,,other,none,False
miyagi/natori,440,natori sun,おにぎり,,casual,tb,True
miyagi/natori,441,フレスコ キクチ 美田園店,コンビニ・スーパー,,daily,tb,True
miyagi/natori,442,ファミリーマート 名取美田園二丁目店,コンビニ・スーパー,,daily,tb,True
miyagi/natori,443,NewDays KIOSK 名取店,コンビニ・スーパー,,daily,tb,True
miyagi/natori,444,白謙 イオンモール名取店,その他,,other,none,False
miyagi/natori,445,ピュアハート キッズランド イオンモール名取,その他,,other,none,False
miyagi/natori,446,NISHIKIYA KITCHEN イオンモール名取店,カレー、売店,,curry,tb,True
miyagi/natori,447,さくらい水産,その他,,other,none,False
miyagi/natori,448,セブンイレブン 名取美田園店,コンビニ・スーパー,,daily,tb,True
miyagi/natori,449,旬海堂,海鮮,,seafood,tb,True
miyagi/natori,450,ふぇり～ちぇ,ケーキ、洋菓子,,sweets,tb,True
miyagi/natori,451,みやぎ生協 名取西店,コンビニ・スーパー,,daily,tb,True
miyagi/natori,452,産直ハウス 金時村,その他,,other,none,False
miyagi/natori,453,馬上かまぼこ店 名取店,その他,,other,none,False
miyagi/natori,454,佐々直 名取店,その他,,other,none,False
miyagi/natori,455,ファミリーマート 名取植松一丁目店,コンビニ・スーパー,,daily,tb,True
miyagi/natori,456,よりみち,レストラン,,other,none,False
miyagi/natori,457,マイピッグカフェ イオンモール名取店,カフェ,,cafe,tb,True
miyagi/natori,458,スプリント,カフェ,,cafe,tb,True
miyagi/natori,459,たての家,日本料理,,japanese,tb,True
miyagi/natori,460,クツロギサカバ カケル,居酒屋,,izakaya,tb,True
miyagi/natori,461,セブンイレブン 名取下増田店,コンビニ・スーパー,,daily,tb,True
miyagi/natori,462,セブンイレブン 名取館腰駅前店,コンビニ・スーパー,,daily,tb,True
miyagi/natori,463,カワチ薬品 美田園店,その他,,other,none,False
miyagi/natori,464,梟,焼肉,,meat,tb,True
miyagi/natori,465,プレーゴ,バー、カレー、創作料理,,izakaya,tb,True
miyagi/natori,466,相馬屋菓子店,和菓子,,sweets,tb,True
miyagi/natori,467,ぼくの色,カフェ,,cafe,tb,True
miyagi/natori,468,シーフードレストラン びあんこ,ピザ,,european,tb,True
miyagi/natori,469,ドローイング,レストラン,,other,none,False
miyagi/natori,470,日の出寿司,寿司,,seafood,tb,True
miyagi/natori,471,ブルネット,喫茶店、レストラン,,cafe,tb,True
miyagi/natori,472,やきとり ゆう次郎,焼き鳥,,meat,tb,True
miyagi/natori,473,セブンイレブン 名取本郷店,コンビニ・スーパー,,daily,tb,True
miyagi/natori,474,マリアージュ アン ヴィラ,結婚式場,,other,none,False
miyagi/natori,475,bar F,バー,,izakaya,tb,True
miyagi/natori,476,ファンケルハウスＪ イオンモール名取店,カフェ,,cafe,tb,True
miyagi/natori,477,カラオケ BanBan 名取店,カラオケ,,izakaya,tb,True
miyagi/natori,478,居酒屋ゆめ,居酒屋,,izakaya,tb,True
miyagi/natori,479,Gyutan no Mise ,,Japanese,japanese,ta,True
miyagi/natori,480,Sapporo Beer Sendai Beergarden Natorihonkan,,Japanese;Brew Pub;Grill;Pub;Beer restaurants,izakaya,ta,True
miyagi/natori,481,Jushoan Sendai Airport,,Japanese;Izakaya (Japanese Style Tavern),izakaya,ta,True
miyagi/natori,482,Charcoal Grilled Steak Kuni Natori,,Steakhouse,meat,ta,True
miyagi/natori,483,Gyutan Sumiyaki Rikyu Natori,,Japanese,japanese,ta,True
miyagi/natori,484,Kimchi Kantanya,,Japanese,japanese,ta,True
miyagi/natori,485,Kikusui An Sendai Airport,,Cafe,cafe,ta,True
miyagi/natori,486,Baked Sweets and Tart Shop Knights Bridge,,Cafe,cafe,ta,True
miyagi/natori,487,Gyutan Sumiyaki Rikyu Iwanuma,,Japanese,japanese,ta,True
miyagi/natori,488,Ringer Hut Aeon Mall Natori,,,other,none,False
miyagi/natori,489,Cafe Malta,,Italian;Cafe;Seafood;Japanese Fusion,seafood,ta,True
miyagi/natori,490,World Feast Tavern Luffing of,,Italian;Chinese;Japanese;Asian;Thai;Korean,european,ta,True
miyagi/natori,491,Benitora Gyozabo AEON MALL Natori,,Chinese;Asian,chinese,ta,True
miyagi/natori,492,Chuka Soba Ibushi,,,other,none,False
miyagi/natori,493,White Gyoza Saganoya,,Chinese,chinese,ta,True
miyagi/natori,494,Shinmei Buckwheat Noodle Kei,,Japanese;Asian,chinese,ta,True
miyagi/natori,495,Pronto Sendai International Airport,,Fast Food,casual,ta,True
miyagi/natori,496,Soba Marumatsu Sendai Airport,,Japanese,japanese,ta,True
miyagi/natori,497,Inonia,,Italian,european,ta,True
miyagi/natori,498,Mochimochi No Ki Sendai,,,other,none,False
miyagi/natori,499,Enzo Atalata,,Japanese;Izakaya (Japanese Style Tavern),izakaya,ta,True
miyagi/natori,500,Enatsu,,Asian;Indonesian,chinese,ta,True
miyagi/natori,501,McDonald s Aeon Mall Natori,,Fast Food,casual,ta,True
miyagi/natori,502,Joyful Natorbypass,,International,other,none,False
miyagi/natori,503,Kokosunatoriten,,International,other,none,False
miyagi/natori,504,Sri Lanka Center,,Asian;Sri Lankan,chinese,ta,True
miyagi/natori,505,Hamaichiban,,Chinese,chinese,ta,True
miyagi/natori,506,Curry House CoCo Ichibanya Natori Uematsu,,Fast Food,casual,ta,True
miyagi/natori,507,Kukusuian Natori,,,other,none,False
miyagi/natori,508,Echigo Hizomen Mujinzo Natoriya,,,other,none,False
miyagi/natori,509,Gusto Natori Takou,,International,other,none,False
miyagi/natori,510,Ramen Kairikiya Sendai Minami,,Asian,chinese,ta,True
miyagi/natori,511,Shanghai Mura Yuriage Port Morning Market Maple Hall,,Chinese,chinese,ta,True
miyagi/natori,512,Shionone,,,other,none,False
miyagi/natori,513,Muten Kurazushi Natori,,Japanese,japanese,ta,True
miyagi/natori,514,Birthday Natori Main Store,,,other,none,False
miyagi/natori,515,シベールの杜 名取店,,,other,none,False
miyagi/natori,516,Yuyuten,,Japanese,japanese,ta,True
miyagi/natori,517,Ebi Tsukemen En Natori,,Japanese,japanese,ta,True
miyagi/natori,518,Chinese Dining Shoryu,,Chinese,chinese,ta,True
miyagi/natori,519,Saizeriya Natori Iinozaka,,International,other,none,False
miyagi/natori,520,Mikan,,Japanese;Seafood;Japanese - Other ,seafood,ta,True
miyagi/natori,521,Nagasaki Champon Ringerhut Aeon Mall Natori Airy,,,other,none,False
miyagi/natori,522,Stamina Taro Miyagi Natori,,Japanese,japanese,ta,True
miyagi/natori,523,Pasta Cafe Rosso,,Italian,european,ta,True
miyagi/natori,524,らーめん九重,,,other,none,False
miyagi/natori,525,Ramen Yamaokaya Natori,,,other,none,False
miyagi/natori,526,Chinese Restaurant Matchatei,,Chinese,chinese,ta,True
miyagi/natori,527,Mister Donut Aeon Mall Natori,,Fast Food,casual,ta,True
miyagi/natori,528,Tendo Seimen,,Japanese;Japanese - Other ,japanese,ta,True
miyagi/natori,529,Chinese Food Chuka Menbotoryu Natori,,Chinese,chinese,ta,True
miyagi/natori,530,Mont Dor Iwanuma Bypass,,,other,none,False
miyagi/natori,531,Flatwhite Coffee Factory Sendai Airport,,,other,none,False
miyagi/natori,532,Hamazushi Natori Morisekinoshita,,Sushi,seafood,ta,True
miyagi/natori,533,Kobe Motomachi Doria Aeon Mall Natori,,Japanese;International,japanese,ta,True
miyagi/natori,534,Shichirin Sumibiyakidokoro Sumine,,Japanese,japanese,ta,True
miyagi/natori,535,Koshu Natori,,,other,none,False
miyagi/natori,536,Cocofrans Aeon Mall Natori,,,other,none,False
miyagi/natori,537,Marumatsu Mitazono,,Japanese,japanese,ta,True
miyagi/natori,538,Takigawa Pan,,,other,none,False
miyagi/natori,539,Kakure Ann Shinobuya Natori,,Japanese;Sushi,seafood,ta,True
miyagi/natori,540,Gokurakuyu Natori Oshokuji Dokoro Shunya,,,other,none,False
miyagi/natori,541,Milky Way Natorimasudaten,,International,other,none,False
miyagi/natori,542,Amasendo,,,other,none,False
miyagi/natori,543,Seasonal Cuisine Kogyoku,,Japanese,japanese,ta,True
miyagi/natori,544,Tempura Ichidai Natori,,Japanese,japanese,ta,True
miyagi/natori,545,Goo Pasta Natori Aeon Mall,,Italian,european,ta,True
miyagi/natori,546,Taiyo Soba Restaurant,,Japanese;Fusion;Japanese - Other ;Japanese Fusion,japanese,ta,True
miyagi/natori,547,Ramen Showaya Natori,,,other,none,False
miyagi/natori,548,Yuzuan Natori,,,other,none,False
miyagi/natori,549,Komeda Coffee Aeon Mall Natori,,Cafe,cafe,ta,True
miyagi/natori,550,Atalata Marche,,Fusion,other,none,False
miyagi/natori,551,Dammaya Suisan Natori Masuda,,Japanese,japanese,ta,True
miyagi/natori,552,Nagomi Shirokiya Natori,,Japanese,japanese,ta,True
miyagi/natori,553,Indian Style Vegetable Curry Rakuten Hanmock,,Indian,curry,ta,True
miyagi/natori,554,Pom Carry Aeon Mall Natori,,,other,none,False
miyagi/natori,555,Grand Buffet Natori,,,other,none,False
miyagi/natori,556,Gin no An Aeon Mall Natori,,,other,none,False
miyagi/natori,557,Suzuran,,International,other,none,False
miyagi/natori,558,Mori no Mebuki Tamagoya Aeon Mall Natori,,Cafe,cafe,ta,True
miyagi/natori,559,Maritcho House,,Japanese,japanese,ta,True
miyagi/natori,560,Bincho Ougiya Natorimori Seki No Shita,,Japanese;Japanese - Other ,japanese,ta,True
miyagi/natori,561,ろっきー,,Barbecue,meat,ta,True
miyagi/natori,562,Jolly Pasta Natori Morisekinoshita,,Italian,european,ta,True
miyagi/natori,563,Bonne Journee,,Deli,other,none,False
miyagi/natori,564,Mori no Pizza Factory Revoir Aeon Mall Natori,,,other,none,False
miyagi/natori,565,Gyukaku Natori,,Barbecue,meat,ta,True
miyagi/natori,566,Harumi Shokudo,,Japanese;Sushi,seafood,ta,True
miyagi/natori,567,Koryori Shino,,Japanese,japanese,ta,True
miyagi/natori,568,Yoshoku Konsente Meguroya,,Fusion,other,none,False
miyagi/natori,569,Momantai,,Chinese,chinese,ta,True
miyagi/natori,570,Oshokuji Dokoro Temari,,Japanese;International;Japanese - Other ,japanese,ta,True
miyagi/natori,571,Gindaco Aeon Mall Natori,,,other,none,False
miyagi/natori,572,Tea Leafull,,Cafe,cafe,ta,True
miyagi/natori,573,Roku Farm Atalata,,Japanese,japanese,ta,True
miyagi/natori,574,Nantamaya Aeon Town Natori,,Japanese,japanese,ta,True
miyagi/natori,575,Karaoke Party Cote D Azur Sendai Natori,,International,other,none,False
miyagi/natori,576,Tokyoton Cafe,,Japanese;Sushi,seafood,ta,True
miyagi/natori,577,Rairaiken Hanten,,Japanese,japanese,ta,True
miyagi/natori,578,Ark Nailcafe,,Cafe,cafe,ta,True
miyagi/natori,579,Hello Kitty Dim Sum Shaoron,,Chinese,chinese,ta,True
miyagi/natori,580,Cantevole Shin Natori,,Cafe,cafe,ta,True
miyagi/natori,581,Shuryo Jun,,Japanese,japanese,ta,True
miyagi/natori,582,武龍,,Chinese,chinese,ta,True
miyagi/natori,583,Koryori Miyagi,,Japanese;Japanese - Other ,japanese,ta,True
miyagi/natori,584,Dandelion Izakaya,,Japanese,japanese,ta,True
miyagi/natori,585,Nakani Shokudo,,Japanese,japanese,ta,True
miyagi/natori,586,Koryori Hiro,,Japanese;Japanese - Other ,japanese,ta,True
miyagi/natori,587,Irohaya,,Japanese,japanese,ta,True
miyagi/natori,588,Darumaya,,International,other,none,False
miyagi/natori,589,Wakian,,Japanese,japanese,ta,True
miyagi/natori,590,Benihana,,Japanese,japanese,ta,True
miyagi/natori,591,Dommaru Ichiriki Natorigaoka,,Japanese,japanese,ta,True
miyagi/natori,592,Shihogama Ya Shokudo,,Japanese;International;Japanese - Other ,japanese,ta,True
miyagi/natori,593,Tora Neko Donchan No Daidokoro,,,other,none,False
miyagi/natori,594,Kuzuryu,,,other,none,False
miyagi/natori,595,Ebisuya Honpo Natori,,,other,none,False
miyagi/natori,596,Tamaki Ramen,,Asian,chinese,ta,True
miyagi/natori,597,Kushiyaki Rakushu Moja Natori,,Japanese,japanese,ta,True
miyagi/natori,598,Chizugaden Ionmoru Natori,,,other,none,False
miyagi/natori,599,Motortown Ninety Nine,,Fast Food,casual,ta,True
miyagi/natori,600,Chukonen Hanten,,Japanese,japanese,ta,True
miyagi/natori,601,Somaya Pastry,,,other,none,False
miyagi/natori,602,Tobiume Kawamachi Terrace,,,other,none,False
miyagi/natori,603,Yakiichi,,,other,none,False
miyagi/natori,604,Gandhara Cafe Natori,,Indian,curry,ta,True
miyagi/natori,605,Ramen Embu Natori,,,other,none,False
miyagi/natori,606,Les Fille Sendai Airport,,,other,none,False
miyagi/natori,607,Amusement Bar F,,,other,none,False
miyagi/natori,608,Naples Shokudou Makanai tei Natori,,Italian,european,ta,True
miyagi/natori,609,Nomidokoro Yuzu,,Japanese;Izakaya (Japanese Style Tavern),izakaya,ta,True
miyagi/natori,610,Bluno,,,other,none,False
miyagi/natori,611,Kitchen Hiro,,Japanese,japanese,ta,True
miyagi/natori,612,Dosanko Natori,,,other,none,False
miyagi/natori,613,Uosen Suisan Natori Sekinoshita,,Pub,izakaya,ta,True
miyagi/natori,614,Pastry Karunza Big Natori,,,other,none,False
miyagi/natori,615,Panse Natori Main Building Bakery,,,other,none,False
miyagi/natori,616,Takouya Otemachi,,,other,none,False
miyagi/natori,617,Il Pane Natori Nishi,,,other,none,False
miyagi/natori,618,Takouya Aeon Shin Natori,,,other,none,False
miyagi/natori,619,Izakaya Umisen Yamasen,,Japanese;Izakaya (Japanese Style Tavern),izakaya,ta,True
miyagi/natori,620,Izakaya Yume,,Japanese;Izakaya (Japanese Style Tavern),izakaya,ta,True
miyagi/natori,621,Super Ramen Natori,,,other,none,False
miyagi/natori,622,Pub Nite Inn,,,other,none,False
miyagi/natori,623,寿の三色最中本舗 名取店,,,other,none,False
miyagi/natori,624,Snack Chacha,,,other,none,False
miyagi/natori,625,Hime Ramen Natori,,,other,none,False
miyagi/natori,626,Roast Beef Budoya,,,other,none,False
miyagi/natori,627,Bonjour Table,,,other,none,False
miyagi/natori,628,Ramen Jube,,,other,none,False
miyagi/natori,629,Men Dokorookinatake,,,other,none,False
miyagi/natori,630,Sapporo Sakedokoro Hormone,,,other,none,False
miyagi/natori,631,Satsukian,,,other,none,False
miyagi/ogawara,1,西安刀削麺 大河原店,刀削麺、中華料理、ラーメン,,chinese,tb,False
miyagi/ogawara,2,山田庵,ラーメン,,noodles,tb,True
miyagi/ogawara,3,とり八,焼き鳥、居酒屋,,meat,tb,True
miyagi/ogawara,4,四季彩,とんかつ、豚料理,,meat,tb,True
miyagi/ogawara,5,登正門,焼肉,,meat,tb,True
miyagi/ogawara,6,日本蕎麦街道 一匠庵,そば,,noodles,tb,True
miyagi/ogawara,7,さくら家,食堂,,casual,tb,True
miyagi/ogawara,8,とんとんの丘もちぶた館,バーベキュー,,other,none,False
miyagi/ogawara,9,ブルスタ オラムー 大河原店,焼肉,,meat,tb,True
miyagi/ogawara,10,わらく,とんかつ、居酒屋,,meat,tb,True
miyagi/ogawara,11,拉麺 翠鶏,ラーメン,,noodles,tb,True
miyagi/ogawara,12,とんとんの丘 もちぶた館 広表店,コロッケ,,casual,tb,True
miyagi/ogawara,13,石川菓子店,和菓子、甘味処,,sweets,tb,True
miyagi/ogawara,14,ブーランジェリージラフ フルールドゥスリジエ,パン,,sweets,tb,True
miyagi/ogawara,15,喜多屋,ケーキ、和菓子,,sweets,tb,True
miyagi/ogawara,16,ケララキッチン,インドカレー、インド料理、カレー,,curry,tb,True
miyagi/ogawara,17,和の台所 なだまん,日本料理,,japanese,tb,True
miyagi/ogawara,18,芳来軒,中華料理,,chinese,tb,True
miyagi/ogawara,19,大ちゃん,日本料理、居酒屋,,japanese,tb,True
miyagi/ogawara,20,ペニーレイン,イタリアン、パスタ、ピザ,,european,tb,True
miyagi/ogawara,21,大河原バル E-to,食堂、居酒屋,,casual,tb,True
miyagi/ogawara,22,居酒屋あい八,焼き鳥、居酒屋,,meat,tb,True
miyagi/ogawara,23,珈琲カンテラ,喫茶店,,cafe,tb,True
miyagi/ogawara,24,おばんざいダイニング ココ,食堂,,casual,tb,True
miyagi/ogawara,25,玉山食堂,食堂、ラーメン,,casual,tb,True
miyagi/ogawara,26,玄来,食堂,,casual,tb,True
miyagi/ogawara,27,にぎりめし,おにぎり、天ぷら,,casual,tb,True
miyagi/ogawara,28,焼肉・冷麺らんぷ,焼肉、冷麺,,meat,tb,True
miyagi/ogawara,29,モンテ・マーレ,イタリアン,,european,tb,True
miyagi/ogawara,30,元祖 晒よし飴本舗 市場家,和菓子,,sweets,tb,True
miyagi/ogawara,31,拉麺ろはん,ラーメン,,noodles,tb,True
miyagi/ogawara,32,ブロス,喫茶店,,cafe,tb,True
miyagi/ogawara,33,ツィンベル,イタリアン,,european,tb,True
miyagi/ogawara,34,サンパチラーメン,ラーメン,,noodles,tb,True
miyagi/ogawara,35,和風れすとらん　おぎの,そば、ラーメン、食堂,,noodles,tb,True
miyagi/ogawara,36,中国料理 季白亭,中華料理、ラーメン,,chinese,tb,True
miyagi/ogawara,37,焼きたてクレープ Chill Bon,クレープ・ガレット、カフェ、洋菓子,,sweets,tb,True
miyagi/ogawara,38,満天食堂 大河原店,食堂、日本料理、ビュッフェ,,casual,tb,True
miyagi/ogawara,39,ムッシュマスノ・アルパジョン 大河原店,ケーキ,,sweets,tb,True
miyagi/ogawara,40,ダイニング わこう,串揚げ,,japanese,tb,True
miyagi/ogawara,41,エレファンタ,インド料理、インドカレー,,curry,tb,True
miyagi/ogawara,42,フライング バード 大河原店,からあげ,,meat,tb,True
miyagi/ogawara,43,白河屋,居酒屋、うなぎ,,izakaya,tb,True
miyagi/ogawara,44,HELF,カフェ,,cafe,tb,True
miyagi/ogawara,45,菓匠三全 工場直売店ファクトリーショップ,和菓子、洋菓子,,sweets,tb,True
miyagi/ogawara,46,ラーメン 大志軒 大河原店,ラーメン,,noodles,tb,True
miyagi/ogawara,47,あじわい亭  大河原店,食堂,,casual,tb,True
miyagi/ogawara,48,早坂精肉店,とんかつ,,meat,tb,True
miyagi/ogawara,49,ホルモン焼肉 ぷるぷる,韓国料理、焼肉、ホルモン,,chinese,tb,True
miyagi/ogawara,50,ごっつぉうさん,惣菜・デリ、弁当、食堂,,casual,tb,True
miyagi/ogawara,51,おおがわら天然温泉いい湯,その他,,other,none,False
miyagi/ogawara,52,天ノ章,天ぷら、居酒屋、海鮮,,japanese,tb,True
miyagi/ogawara,53,たこ焼き 福家,たこ焼き,,casual,tb,True
miyagi/ogawara,54,丸亀製麺 大河原店,うどん,,noodles,tb,True
miyagi/ogawara,55,大むら,そば、食堂、ラーメン,,noodles,tb,True
miyagi/ogawara,56,居酒屋くじら,居酒屋、くじら料理、ステーキ,,izakaya,tb,True
miyagi/ogawara,57,大ひょう,日本料理、海鮮,,japanese,tb,True
miyagi/ogawara,58,阿部蒲鉾店 大河原店,その他,,other,none,False
miyagi/ogawara,59,フルーツファクトリー 390,サンドイッチ、スイーツ,,sweets,tb,True
miyagi/ogawara,60,蔵八ラーメン亭 大河原バイパス店,ラーメン,,noodles,tb,True
miyagi/ogawara,61,ガスト 仙南大河原店,ファミレス,,casual,tb,True
miyagi/ogawara,62,かっぱ寿司 大河原店,回転寿司,,seafood,tb,True
miyagi/ogawara,63,ミスタードーナツ 大河原バイパスショップ,カフェ、ドーナツ,,cafe,tb,True
miyagi/ogawara,64,焼肉冷麺やまなか家 大河原店,焼肉、ホルモン、冷麺,,meat,tb,True
miyagi/ogawara,65,ペンギンベーカリー 大河原店,パン,,sweets,tb,True
miyagi/ogawara,66,あじわいの朝 大河原店,その他,,other,none,False
miyagi/ogawara,67,すしたけ,寿司、海鮮、日本料理,,seafood,tb,True
miyagi/ogawara,68,惠カフェ,カフェ,,cafe,tb,True
miyagi/ogawara,69,ファーストフード TUKAMOTO,食堂、カレー、ソフトクリーム,,casual,tb,True
miyagi/ogawara,70,500円食堂,食堂,,casual,tb,True
miyagi/ogawara,71,吉野家 4号線大河原店,牛丼、カレー、食堂,,casual,tb,True
miyagi/ogawara,72,CoCo壱番屋 宮城大河原店,カレー,,curry,tb,True
miyagi/ogawara,73,マクドナルド 大河原店,ハンバーガー、カフェ,,casual,tb,True
miyagi/ogawara,74,シャトレーゼ 大河原店,洋菓子、ケーキ、スイーツ,,sweets,tb,True
miyagi/ogawara,75,和風レストランまるまつ 大河原店,ファミレス,,casual,tb,True
miyagi/ogawara,76,菓匠三全 大河原バイパス店,和菓子,,sweets,tb,True
miyagi/ogawara,77,グリーンズカフェ,食堂、カレー、ラーメン,,casual,tb,True
miyagi/ogawara,78,蔵王の昔飴本舗,スイーツ,,sweets,tb,True
miyagi/ogawara,79,ユナイテッド・シネマ フォルテ宮城大河原,その他,,other,none,False
miyagi/ogawara,80,ホルモン屋たまりば,焼肉,,meat,tb,True
miyagi/ogawara,81,居酒屋ささき,居酒屋,,izakaya,tb,True
miyagi/ogawara,82,喫茶室 桜,喫茶店,,cafe,tb,True
miyagi/ogawara,83,平禄寿司 大河原店,回転寿司、海鮮、海鮮丼,,seafood,tb,True
miyagi/ogawara,84,牛角 宮城大河原店,焼肉、ホルモン,,meat,tb,True
miyagi/ogawara,85,お茶の井ヶ田 喜久水庵 フォルテ大河原店,その他,,other,none,False
miyagi/ogawara,86,さくらフローラ,その他,,other,none,False
miyagi/ogawara,87,ヤマキチ鮮魚,その他,,other,none,False
miyagi/ogawara,88,セブンイレブン 大河原高砂町店,コンビニ・スーパー,,daily,tb,True
miyagi/ogawara,89,ゆたか寿し,寿司,,seafood,tb,True
miyagi/ogawara,90,ケンタッキー フライドチキン 大河原店,レストラン,,other,none,False
miyagi/ogawara,91,福島丼丸 大河原店,海鮮丼,,seafood,tb,True
miyagi/ogawara,92,やきとり大吉 大河原店,焼き鳥,,meat,tb,True
miyagi/ogawara,93,つつみ屋 大河原店,和菓子,,sweets,tb,True
miyagi/ogawara,94,ほっともっと 大河原新桜町店,弁当,,casual,tb,True
miyagi/ogawara,95,焼きたて屋 ケーヨーデイツー大河原店,たこ焼き、たい焼き・大判焼き,,casual,tb,True
miyagi/ogawara,96,丼屋 ごんちゃん 大河原店,丼、うなぎ、豚丼,,casual,tb,True
miyagi/ogawara,97,セブンイレブン 大河原駅前店,コンビニ・スーパー,,daily,tb,True
miyagi/ogawara,98,味工房容仙,焼き鳥、串揚げ,,meat,tb,True
miyagi/ogawara,99,モンペリエ 大河原店,パン,,sweets,tb,True
miyagi/ogawara,100,ラルカンシェール みやぎ生協大河原店,パン,,sweets,tb,True
miyagi/ogawara,101,茶居珈,バー,,izakaya,tb,True
miyagi/ogawara,102,花寿司,寿司,,seafood,tb,True
miyagi/ogawara,103,大河原商業高等学校 学生食堂,学生食堂,,other,none,False
miyagi/ogawara,104,和洋亭　ぶざん,日本料理、洋食、肉料理,,japanese,tb,True
miyagi/ogawara,105,来栖珈琲店,カフェ,,cafe,tb,True
miyagi/ogawara,106,LAWSON 大河原末広店,コンビニ・スーパー,,daily,tb,True
miyagi/ogawara,107,CLOCHE BAKERY,パン,,sweets,tb,True
miyagi/ogawara,108,ファミリーマート 柴田農林高前店,コンビニ・スーパー,,daily,tb,True
miyagi/ogawara,109,三越大河原店,その他,,other,none,False
miyagi/ogawara,110,我妻製菓,和菓子,,sweets,tb,True
miyagi/ogawara,111,みやぎ県南中核病院外来食堂,食堂,,casual,tb,True
miyagi/ogawara,112,ファミリーマート 大河原高砂町店,コンビニ・スーパー,,daily,tb,True
miyagi/ogawara,113,お繁寿し,寿司,,seafood,tb,True
miyagi/ogawara,114,喫茶＆酒房やまざき,喫茶店,,cafe,tb,True
miyagi/ogawara,115,居酒屋 みさき,居酒屋,,izakaya,tb,True
miyagi/ogawara,116,ロートレック,バー,,izakaya,tb,True
miyagi/ogawara,117,みやぎ生協 大河原店,コンビニ・スーパー,,daily,tb,True
miyagi/ogawara,118,ドミノピザ 大河原新桜町店,ピザ,,european,tb,True
miyagi/ogawara,119,フレスコ キクチ 大河原店,コンビニ・スーパー,,daily,tb,True
miyagi/ogawara,120,菓匠三全 栄町店,その他,,other,none,False
miyagi/ogawara,121,デイブレイク,バー,,izakaya,tb,True
miyagi/ogawara,122,セブンイレブン  みやぎ県南中核病院,コンビニ・スーパー,,daily,tb,True
miyagi/ogawara,123,酒どころ 40・60,居酒屋,,izakaya,tb,True
miyagi/ogawara,124,ギフトプラザ 大河原店,その他,,other,none,False
miyagi/ogawara,125,ちか酒場 呑み友,居酒屋,,izakaya,tb,True
miyagi/ogawara,126,NewDays 大河原店,コンビニ・スーパー,,daily,tb,True
miyagi/ogawara,127,モビーディック,バー,,izakaya,tb,True
miyagi/ogawara,128,ゑびす屋本舗 大河原店,たこ焼き,,casual,tb,True
miyagi/ogawara,129,ヨークベニマル 大河原店,コンビニ・スーパー,,daily,tb,True
miyagi/ogawara,130,呑む処とんとん拍子,居酒屋,,izakaya,tb,True
miyagi/ogawara,131,LUN LUN,その他,,other,none,False
miyagi/ogawara,132,しゃぶしゃぶ亭 壱,しゃぶしゃぶ,,meat,tb,True
miyagi/ogawara,133,カワチ薬品 大河原店,その他,,other,none,False
miyagi/ogawara,134,スナック くろんぼ,バー,,izakaya,tb,True
miyagi/ogawara,135,自遊時間 大河原店,その他,,other,none,False
miyagi/ogawara,136,古都,居酒屋,,izakaya,tb,True
miyagi/ogawara,137,LAWSON 大河原バイパス店,コンビニ・スーパー,,daily,tb,True
miyagi/ogawara,138,焼鳥豚串豆でっぽう,焼き鳥,,meat,tb,True
miyagi/ogawara,139,春夏秋冬,居酒屋,,izakaya,tb,True
miyagi/ogawara,140,馬上かまぼこ店 大河原店,郷土料理,,japanese,tb,True
miyagi/ogawara,141,快活CLUB 大河原店,その他,,other,none,False
miyagi/ogawara,142,総合会館 LaLaさくら,その他,,other,none,False
miyagi/ogawara,143,旬菜,焼き鳥,,meat,tb,True
miyagi/ogawara,144,セブンイレブン 宮城大河原バイパス店,コンビニ・スーパー,,daily,tb,True
miyagi/ogawara,145,Welcome to the moon Okawara,,International,other,none,False
miyagi/ogawara,146,Xian toshomen Ogawara,,Chinese,chinese,ta,True
miyagi/ogawara,147,Japanese Restaurantogino,,Japanese,japanese,ta,True
miyagi/ogawara,148,Horaiken,,Chinese,chinese,ta,True
miyagi/ogawara,149,Marumatsuokawara,,Japanese;International;Japanese - Other ,japanese,ta,True
miyagi/ogawara,150,Okawara Bal E To,,Spanish,european,ta,True
miyagi/ogawara,151,Koitaro,,Japanese,japanese,ta,True
miyagi/ogawara,152,Penny Lane,,Italian;European;Fusion,european,ta,True
miyagi/ogawara,153,Toshomon,,Barbecue,meat,ta,True
miyagi/ogawara,154,Ramen Dotenzan,,Asian,chinese,ta,True
miyagi/ogawara,155,Onihei Ramen,,,other,none,False
miyagi/ogawara,156,Gusto Sennan Ogawara,,International,other,none,False
miyagi/ogawara,157,Menichi Forte,,,other,none,False
miyagi/ogawara,158,Noodles Goodwill Kusaka Station,,,other,none,False
miyagi/ogawara,159,Sanchoku Ichiba,,Japanese;Cafe;International;Japanese - Other ,cafe,ta,True
miyagi/ogawara,160,Heirokuzushiogawara,,Japanese;Seafood;Sushi;Japanese - Other ,seafood,ta,True
miyagi/ogawara,161,Mister Donut Ogawara Bypass,,Cafe;Fast Food,cafe,ta,True
miyagi/ogawara,162,Japanese Style Daihyo,,Japanese,japanese,ta,True
miyagi/ogawara,163,Italiantomato Cafeokawara,,Italian;Cafe,european,ta,True
miyagi/ogawara,164,Otomo Ya,,Italian,european,ta,True
miyagi/ogawara,165,Genkotsuya Ogawara,,,other,none,False
miyagi/ogawara,166,Ryushoen,,Chinese,chinese,ta,True
miyagi/ogawara,167,Matsuno Sankai Restaurant,,Japanese,japanese,ta,True
miyagi/ogawara,168,Food and Drink Shoan,,Japanese,japanese,ta,True
miyagi/ogawara,169,Chinese Noodle Hattori Okawara,,Asian,chinese,ta,True
miyagi/ogawara,170,Wako Kaikan,,Japanese - Traditional Cuisine,other,none,False
miyagi/ogawara,171,Taiwanese Food Kowloonjo,,Asian;Taiwanese,chinese,ta,True
miyagi/ogawara,172,Misaki Sushi,,Japanese,japanese,ta,True
miyagi/ogawara,173,Fukuchan,,International,other,none,False
miyagi/ogawara,174,Yoro Notakiogawara Ekimae,,Japanese;Izakaya (Japanese Style Tavern),izakaya,ta,True
miyagi/ogawara,175,Ogawara Government Bldg Dininig Room,,Japanese;International,japanese,ta,True
miyagi/ogawara,176,Kyu Chan Dininig,,Japanese,japanese,ta,True
miyagi/ogawara,177,Oshige Sushi,,Japanese;Sushi,seafood,ta,True
miyagi/ogawara,178,Yoshoku Chubo Bambi,,International;Fusion,other,none,False
miyagi/ogawara,179,とんかつくさか,,Japanese;Japanese - Other ,japanese,ta,True
miyagi/ogawara,180,Usagi,,Japanese,japanese,ta,True
miyagi/ogawara,181,Naginoki,,Japanese,japanese,ta,True
miyagi/ogawara,182,Kihakutei,,Chinese,chinese,ta,True
miyagi/ogawara,183,Marumi Shokudo,,Japanese;International;Japanese - Other ,japanese,ta,True
miyagi/ogawara,184,Hana Sushi,,Japanese;Seafood;Sushi;Japanese - Other ,seafood,ta,True
miyagi/ogawara,185,清華,,Japanese;International;Japanese - Other ,japanese,ta,True
miyagi/ogawara,186,Sake Dokoro Haru,,Japanese;Sushi;Izakaya (Japanese Style Tavern),seafood,ta,True
miyagi/ogawara,187,Marukatsu Shokudo,,Japanese,japanese,ta,True
miyagi/ogawara,188,Ecost,,Japanese,japanese,ta,True
miyagi/ogawara,189,Chang Thong,,,other,none,False
miyagi/ogawara,190,Shokujidokoro Shikisai,,Japanese - Other ,japanese,ta,True
miyagi/ogawara,191,Shunsai,,Japanese,japanese,ta,True
miyagi/ogawara,192,Suehirodo Pastry,,,other,none,False
miyagi/ogawara,193,Gyutan Sakura,,Japanese,japanese,ta,True
miyagi/ogawara,194,Minakuru Confectionery,,,other,none,False
miyagi/ogawara,195,T S Okawara,,,other,none,False
miyagi/ogawara,196,Watermelon P2,,,other,none,False
miyagi/ogawara,197,Sitar Cut Layer,,,other,none,False
miyagi/ogawara,198,Hormone Tompei,,,other,none,False
miyagi/ogawara,199,Scorpion,,,other,none,False
miyagi/ogawara,200,Nanaya Okawara,,,other,none,False
miyagi/ogawara,201,Ramen Midori,,,other,none,False
miyagi/ogawara,202,Takajin Confectionery Okawara Co Op,,,other,none,False
miyagi/ogawara,203,Etoile Filante,,,other,none,False
miyagi/ogawara,204,Wasabitei Sanuki,,,other,none,False
miyagi/ogawara,205,Ramen Kozo,,,other,none,False
miyagi/ogawara,206,Barasuto,,Pub;Gastropub,izakaya,ta,True
miyagi/ohira,1,麺ハウス こもれ美,ラーメン,,noodles,tb,True
miyagi/ohira,2,シャハジー,パキスタン料理,,other,none,False
miyagi/ohira,3,ぐるめ茶屋,食堂、かつ丼、カレー,,casual,tb,True
miyagi/ohira,4,手打そば 葉菜,そば,,noodles,tb,True
miyagi/ohira,5,フレンドビックフーズ,ソフトクリーム、コーヒースタンド、スイーツ,,sweets,tb,True
miyagi/ohira,6,U cafe 吉岡店,カフェ,,cafe,tb,True
miyagi/ohira,7,焼肉やながわ,焼肉,,meat,tb,True
miyagi/ohira,8,花の杜ゴルフクラブ,レストラン,,other,none,False
miyagi/ohira,9,cafe bridge,カフェ,,cafe,tb,True
miyagi/ohira,10,とんかつとラーメン ヒカリ,ラーメン、とんかつ,,noodles,tb,True
miyagi/ohira,11,Windmill,ケーキ、洋菓子、チョコレート,,sweets,tb,True
miyagi/ohira,12,万葉・おおひら館,ラーメン、カレー、丼,,noodles,tb,True
miyagi/ohira,13,北京,ラーメン、中華料理、食堂,,noodles,tb,True
miyagi/ohira,14,ソウルハウス,韓国料理,,chinese,tb,True
miyagi/ohira,15,きどっこ食堂,食堂、ソフトクリーム、麺類,,casual,tb,True
miyagi/ohira,16,愛ちゃんキムチ,韓国料理,,chinese,tb,True
miyagi/ohira,17,和食道 どらしん,居酒屋,,izakaya,tb,True
miyagi/ohira,18,万葉ベーカリー,パン,,sweets,tb,True
miyagi/ohira,19,おおひら野菜市,その他,,other,none,False
miyagi/ohira,20,加賀屋,せんべい,,other,none,False
miyagi/ohira,21,スナック キャロル,バー,,izakaya,tb,True
miyagi/ohira,22,万葉茶屋,レストラン,,other,none,False
miyagi/ohira,23,とんかつ・日本料理 鉄兵,,Japanese;Japanese - Other ,japanese,ta,True
miyagi/ohira,24,げんこつ屋 大衡,,Japanese;Asian,chinese,ta,True
miyagi/ohira,25,金婚館,,Japanese;International;Japanese - Other ,japanese,ta,True
miyagi/ohira,26,本家かまどや 大衡,,Japanese,japanese,ta,True
miyagi/ohira,27,頑固一徹,,,other,none,False
miyagi/ohira,28,ロードイン オアシス大衡,,Japanese,japanese,ta,True
miyagi/onagawa,1,お魚いちば おかせい,寿司、海鮮,,seafood,tb,True
miyagi/onagawa,2,女川海の膳ニューこのり,海鮮、天ぷら、食堂,,seafood,tb,True
miyagi/onagawa,3,まぐろ屋 明神丸,海鮮丼,,seafood,tb,True
miyagi/onagawa,4,マザーポートコーヒー 女川店,カフェ,,cafe,tb,True
miyagi/onagawa,5,三秀,食堂、ラーメン、中華料理,,casual,tb,True
miyagi/onagawa,6,金華楼,中華料理,,chinese,tb,True
miyagi/onagawa,7,居酒屋 典典,居酒屋、海鮮、海鮮丼,,izakaya,tb,True
miyagi/onagawa,8,ゴザイン,シーフード、ステーキ,,seafood,tb,True
miyagi/onagawa,9,女川バーガー,ハンバーガー,,casual,tb,True
miyagi/onagawa,10,イル ガッビアーノ,ピザ、イタリアン,,european,tb,True
miyagi/onagawa,11,高政 女川本店 万石の里,揚げ物、日本料理、郷土料理,,casual,tb,True
miyagi/onagawa,12,きらら女川,和菓子,,sweets,tb,True
miyagi/onagawa,13,女川魚市場食堂,海鮮、食堂,,seafood,tb,True
miyagi/onagawa,14,ガル屋,バー,,izakaya,tb,True
miyagi/onagawa,15,マルキチ女川浜めし屋,海鮮、釜飯,,seafood,tb,True
miyagi/onagawa,16,きらら女川 シーパルピア女川店,パン、和菓子、食堂,,sweets,tb,True
miyagi/onagawa,17,克丸鮮魚,郷土料理、海鮮,,japanese,tb,True
miyagi/onagawa,18,相喜フルーツ,その他,,other,none,False
miyagi/onagawa,19,片倉商店 ハマテラス店,その他,,other,none,False
miyagi/onagawa,20,食堂 おかずや,食堂,,casual,tb,True
miyagi/onagawa,21,女川スーパー おんまえや,コンビニ・スーパー,,daily,tb,True
miyagi/onagawa,22,さんまのヤマホン 女川ハマテラス店,売店,,casual,tb,True
miyagi/onagawa,23,いかや,海鮮、海鮮丼,,seafood,tb,True
miyagi/onagawa,24,GEN,カフェ、パスタ,,cafe,tb,True
miyagi/onagawa,25,ステイイン 鈴家,ホテル,,other,none,False
miyagi/onagawa,26,やきとりぶんぶん 中華料理 中華杜華,焼き鳥、中華料理,,meat,tb,True
miyagi/onagawa,27,onagawa factory,その他,,other,none,False
miyagi/onagawa,28,SPICE CURRY Blue Coral Reef,カレー,,curry,tb,True
miyagi/onagawa,29,おちゃっこクラブ,喫茶店、ジェラート・アイスクリーム、パスタ,,cafe,tb,True
miyagi/onagawa,30,蒲鉾本舗 高政 シーパルピア女川店,その他,,other,none,False
miyagi/onagawa,31,女川温泉ゆぽっぽ,その他,,other,none,False
miyagi/onagawa,32,あがいんステーション,その他,,other,none,False
miyagi/onagawa,33,マリンパル女川　おさかな市場,その他,,other,none,False
miyagi/onagawa,34,セボラ,カフェ,,cafe,tb,True
miyagi/onagawa,35,酒飯処 かぐら,居酒屋,,izakaya,tb,True
miyagi/onagawa,36,バー シュガーシャック,バー,,izakaya,tb,True
miyagi/onagawa,37,女川銀鮭広報部,食堂,,casual,tb,True
miyagi/onagawa,38,串焼きたろう,串焼き,,meat,tb,True
miyagi/onagawa,39,幸楽,焼肉,,meat,tb,True
miyagi/onagawa,40,カフェさくら,カフェ,,cafe,tb,True
miyagi/onagawa,41,そば・和食処 花菖蒲,そば,,noodles,tb,True
miyagi/onagawa,42,Garden.shouji,カフェ,,cafe,tb,True
miyagi/onagawa,43,女川ショコラ,カフェ,,cafe,tb,True
miyagi/onagawa,44,Hau'oli Deli シーパルピア女川店,惣菜・デリ,,casual,tb,True
miyagi/onagawa,45,炭火焼き鳥おあんつぁん,居酒屋,,izakaya,tb,True
miyagi/onagawa,46,軽食キッチンきむら,食堂、カフェ,,casual,tb,True
miyagi/onagawa,47,アンベアーレ,ソフトクリーム、カフェ,,sweets,tb,True
miyagi/onagawa,48,喫茶つばめ,喫茶店,,cafe,tb,True
miyagi/onagawa,49,平初鮮魚店,その他,,other,none,False
miyagi/onagawa,50,おじか,海鮮丼、海鮮、食堂,,seafood,tb,True
miyagi/onagawa,51,OWL,カフェ、バー,,cafe,tb,True
miyagi/onagawa,52,IZAKAYA ようこ,居酒屋,,izakaya,tb,True
miyagi/onagawa,53,セブンイレブン 宮城女川,コンビニ・スーパー,,daily,tb,True
miyagi/onagawa,54,居酒屋カフェ M,居酒屋、カフェ,,izakaya,tb,True
miyagi/onagawa,55,居酒屋ようこ,居酒屋,,izakaya,tb,True
miyagi/onagawa,56,ファミリーマート 女川中央店,コンビニ・スーパー,,daily,tb,True
miyagi/onagawa,57,鮮冷,その他,,other,none,False
miyagi/onagawa,58,陸前屋高橋商店,その他,,other,none,False
miyagi/onagawa,59,道の駅 おながわ,道の駅,,other,none,False
miyagi/onagawa,60,コミュニティスペース うみねこ,たい焼き・大判焼き,,sweets,tb,True
miyagi/onagawa,61,兼宮商店,その他、海鮮,,seafood,tb,False
miyagi/onagawa,62,船場,居酒屋,,izakaya,tb,True
miyagi/onagawa,63,ホテル サンライズ,ホテル,,other,none,False
miyagi/onagawa,64,バー オウル,バー,,izakaya,tb,True
miyagi/onagawa,65,New Konori,,Japanese;Seafood;Japanese - Other ,seafood,ta,True
miyagi/onagawa,66,Yume Wo Katare Onagawa,,,other,none,False
miyagi/onagawa,67,Mother Port Coffee Onagawa,,Cafe,cafe,ta,True
miyagi/onagawa,68,Sansantei,,Japanese;International;Japanese - Other ,japanese,ta,True
miyagi/onagawa,69,Cebolla,,Cafe,cafe,ta,True
miyagi/onagawa,70,Flower Iris,,,other,none,False
miyagi/onagawa,71,Dream House,,Japanese;International;Japanese - Other ,japanese,ta,True
miyagi/onagawa,72,Sakura Shokudo,,Japanese,japanese,ta,True
miyagi/onagawa,73,Coffee Dop,,Cafe,cafe,ta,True
miyagi/onagawa,74,Restaurant Kobori,,International,other,none,False
miyagi/onagawa,75,Suzukiya,,Japanese,japanese,ta,True
miyagi/onagawa,76,Western Restaurant Ribbon,,Italian;International,european,ta,True
miyagi/onagawa,77,Yoshino Sushi,,Japanese;Sushi,seafood,ta,True
miyagi/onagawa,78,Home Run,,Japanese;International;Japanese - Other ,japanese,ta,True
miyagi/onagawa,79,Azuma Shokudo,,Japanese,japanese,ta,True
miyagi/onagawa,80,Shokuji Dokoro Sugure,,Japanese,japanese,ta,True
miyagi/onagawa,81,Hanabusa,,Japanese,japanese,ta,True
miyagi/onagawa,82,Omi,,Japanese,japanese,ta,True
miyagi/onagawa,83,Of Cans,,,other,none,False
miyagi/osakishi,1,いろは食堂 古川支店,ラーメン、かつ丼、食堂,,noodles,tb,True
miyagi/osakishi,2,麺屋 奏,ラーメン、つけ麺,,noodles,tb,True
miyagi/osakishi,3,富士屋 古川本店,ラーメン,,noodles,tb,True
miyagi/osakishi,4,寿し扇,寿司,,seafood,tb,True
miyagi/osakishi,5,餅処　深瀬,甘味処、和菓子、ケーキ,,sweets,tb,True
miyagi/osakishi,6,手打そば　もみじ野,そば、肉料理、揚げ物,,noodles,tb,True
miyagi/osakishi,7,自家製麺 仁,ラーメン、つけ麺、餃子,,noodles,tb,True
miyagi/osakishi,8,麺屋 いぶき,ラーメン,,noodles,tb,True
miyagi/osakishi,9,T’s,ステーキ、ハンバーグ,,meat,tb,True
miyagi/osakishi,10,愉多工房,そば,,noodles,tb,True
miyagi/osakishi,11,沖縄そば,沖縄料理、沖縄そば,,japanese,tb,True
miyagi/osakishi,12,担担麺家 たけうち,ラーメン、汁なし担々麺、四川料理,,noodles,tb,True
miyagi/osakishi,13,福建楼,中華料理,,chinese,tb,True
miyagi/osakishi,14,大久商店 山の幸直売店,そば、郷土料理、オーガニック,,noodles,tb,True
miyagi/osakishi,15,チャイニーズハウス北京,中華料理、ラーメン、食堂,,chinese,tb,True
miyagi/osakishi,16,レストランふじ,食堂、ラーメン、丼,,casual,tb,True
miyagi/osakishi,17,貴州大飯店,中華料理,,chinese,tb,True
miyagi/osakishi,18,ザビのカレー,パキスタン料理、インド料理、インドカレー,,curry,tb,False
miyagi/osakishi,19,マル寛そばや,ラーメン、つけ麺,,noodles,tb,True
miyagi/osakishi,20,三勝食堂,食堂,,casual,tb,True
miyagi/osakishi,21,作造ハンバーグのみせ竹乃や,ハンバーグ、洋食,,meat,tb,True
miyagi/osakishi,22,藤治朗,麺類,,noodles,tb,True
miyagi/osakishi,23,麺屋 匠,ラーメン、台湾まぜそば,,noodles,tb,True
miyagi/osakishi,24,グリーンハウス,食堂、ステーキ、フレンチ,,casual,tb,True
miyagi/osakishi,25,中華食堂 レンゲ,中華料理,,chinese,tb,True
miyagi/osakishi,26,蕎壽庵,そば,,noodles,tb,True
miyagi/osakishi,27,中華菜房 路,中華料理、ラーメン,,chinese,tb,True
miyagi/osakishi,28,麺屋 千葉 JAPAN Miyagi,ラーメン、つけ麺、餃子,,noodles,tb,True
miyagi/osakishi,29,ラ パレット,パン、ケーキ,,sweets,tb,True
miyagi/osakishi,30,たいこう,とんかつ,,meat,tb,True
miyagi/osakishi,31,長者原サービスエリア 下り 軽食・フードコート,食堂、売店,,casual,tb,True
miyagi/osakishi,32,みそ伝 古川店,ラーメン、餃子,,noodles,tb,True
miyagi/osakishi,33,レストラン伊達,郷土料理、かつ丼、洋食,,japanese,tb,True
miyagi/osakishi,34,青柳,食堂,,casual,tb,True
miyagi/osakishi,35,キッチン食堂　城山,日本料理,,japanese,tb,True
miyagi/osakishi,36,ゑがほ食堂,そば、うどん、食堂,,noodles,tb,True
miyagi/osakishi,37,海鮮　たくみ,海鮮,,seafood,tb,True
miyagi/osakishi,38,炉ばた焼 せのび,ろばた焼き、居酒屋,,izakaya,tb,False
miyagi/osakishi,39,味いちもんめ,居酒屋,,izakaya,tb,True
miyagi/osakishi,40,長者亭,ラーメン、食堂、ジェラート・アイスクリーム,,noodles,tb,True
miyagi/osakishi,41,食の茶屋 つくし,食堂,,casual,tb,True
miyagi/osakishi,42,もちべえ バイパス店,和菓子、ラーメン,,sweets,tb,True
miyagi/osakishi,43,ドライブイン川原,そば、うどん,,noodles,tb,True
miyagi/osakishi,44,せいじん庵,そば、天ぷら、日本料理,,noodles,tb,True
miyagi/osakishi,45,鳴子峡レストハウス,食堂、ジェラート・アイスクリーム,,casual,tb,True
miyagi/osakishi,46,コーヒーハウス純,喫茶店、オムライス、カフェ,,cafe,tb,True
miyagi/osakishi,47,川香菜房 2号店,中華料理,,chinese,tb,True
miyagi/osakishi,48,八兆,焼肉,,meat,tb,True
miyagi/osakishi,49,あ･ら･伊達な道の駅,道の駅,,other,none,False
miyagi/osakishi,50,森乃館 古川店,パスタ、ハンバーグ、ピザ,,european,tb,True
miyagi/osakishi,51,なるみ観光ストアー,和菓子,,sweets,tb,True
miyagi/osakishi,52,鉄兵衛 前田バイパス店,とんかつ、海鮮丼、うなぎ,,meat,tb,True
miyagi/osakishi,53,そば処 小花,そば、うどん,,noodles,tb,True
miyagi/osakishi,54,とんかつ庄内 古川店,とんかつ、食堂,,meat,tb,True
miyagi/osakishi,55,Warung Berkah Jaya,インドネシア料理,,other,none,False
miyagi/osakishi,56,鳴子ホテル,ホテル,,other,none,False
miyagi/osakishi,57,ラーメンショップ椿 松山千石店,ラーメン、つけ麺,,noodles,tb,True
miyagi/osakishi,58,ラーメン食堂 ホームラン,ラーメン、食堂,,noodles,tb,True
miyagi/osakishi,59,五福の伊達ちゃんKitchen,食堂,,casual,tb,True
miyagi/osakishi,60,博華,中華料理、ラーメン、担々麺,,chinese,tb,True
miyagi/osakishi,61,きらく亭,居酒屋、食堂,,izakaya,tb,True
miyagi/osakishi,62,ついてる,居酒屋,,izakaya,tb,True
miyagi/osakishi,63,道の駅三本木やまなみ,道の駅,,other,none,False
miyagi/osakishi,64,鳴子温泉 湯元 吉祥,ホテル,,other,none,False
miyagi/osakishi,65,カーステーション 岩出山店,ラーメン、つけ麺,,noodles,tb,True
miyagi/osakishi,66,カシュカシュ,パン、洋菓子、カフェ,,sweets,tb,True
miyagi/osakishi,67,大石パン店,パン、サンドイッチ、ジェラート・アイスクリーム,,sweets,tb,True
miyagi/osakishi,68,手打ちそば 千秋庵,そば,,noodles,tb,True
miyagi/osakishi,69,松倉,和菓子,,sweets,tb,True
miyagi/osakishi,70,食堂みかぶ,ラーメン、食堂、カレー,,noodles,tb,True
miyagi/osakishi,71,よし乃や食堂,食堂、ラーメン、うどん,,casual,tb,True
miyagi/osakishi,72,とり源,焼き鳥,,meat,tb,True
miyagi/osakishi,73,青い虹,パン、洋菓子,,sweets,tb,True
miyagi/osakishi,74,銀まさ,天ぷら,,japanese,tb,True
miyagi/osakishi,75,小島屋,食堂、うどん,,casual,tb,True
miyagi/osakishi,76,千丸家,ラーメン,,noodles,tb,True
miyagi/osakishi,77,釜平ラーメン,ラーメン、中華料理、つけ麺,,noodles,tb,True
miyagi/osakishi,78,菅原食堂,ラーメン,,noodles,tb,True
miyagi/osakishi,79,鬼そば食堂 てつお,そば、天ぷら、かつ丼,,noodles,tb,True
miyagi/osakishi,80,タケダベーカリー,パン,,sweets,tb,True
miyagi/osakishi,81,菅原分店765,居酒屋,,izakaya,tb,True
miyagi/osakishi,82,まるか食堂,食堂,,casual,tb,True
miyagi/osakishi,83,ラーメン ヒバリ カシマダイ,ラーメン,,noodles,tb,True
miyagi/osakishi,84,旬彩亭 秀,日本料理、居酒屋,,japanese,tb,True
miyagi/osakishi,85,芭蕉庵,和菓子、ケーキ,,sweets,tb,True
miyagi/osakishi,86,中国料理川香菜房,中華料理、ラーメン、台湾料理,,chinese,tb,True
miyagi/osakishi,87,たかはし亭,食堂,,casual,tb,True
miyagi/osakishi,88,割烹料理 石亭,日本料理,,japanese,tb,True
miyagi/osakishi,89,鳴子観光ホテル,ホテル,,other,none,False
miyagi/osakishi,90,鯛焼 みやび,たい焼き・大判焼き,,sweets,tb,True
miyagi/osakishi,91,大釜もつ煮 五右衛門 古川駅前店,居酒屋、もつ焼き、鍋,,izakaya,tb,True
miyagi/osakishi,92,花兄園ファーム たまごハウス,プリン、洋菓子,,sweets,tb,False
miyagi/osakishi,93,Barbare,イタリアン,,european,tb,True
miyagi/osakishi,94,さとのわ 光種,郷土料理、日本料理、カフェ,,japanese,tb,True
miyagi/osakishi,95,大黒屋,ラーメン,,noodles,tb,True
miyagi/osakishi,96,キーマカレーとチャイ なるせ堂,カレー、カフェ,,curry,tb,True
miyagi/osakishi,97,ラーメン ホルモン オールスター,居酒屋、焼肉、ラーメン,,izakaya,tb,True
miyagi/osakishi,98,ラーク プラス,喫茶店、カフェ,,cafe,tb,True
miyagi/osakishi,99,鳴子の米プロジェクト むすびや,おにぎり,,casual,tb,True
miyagi/osakishi,100,田助,ジェラート・アイスクリーム,,sweets,tb,True
miyagi/osakishi,101,Old River Hamburgers,ハンバーガー、タコス、アメリカ料理,,casual,tb,True
miyagi/osakishi,102,リストランテ UEMON,フレンチ、パスタ,,european,tb,True
miyagi/osakishi,103,茶房クレイン,カフェ、カレー,,cafe,tb,True
miyagi/osakishi,104,厚切りとんかつ よし平 大崎店,とんかつ,,meat,tb,True
miyagi/osakishi,105,ごはん処 らいふ,食堂,,casual,tb,True
miyagi/osakishi,106,食堂加藤屋,ラーメン、麺類、丼,,noodles,tb,True
miyagi/osakishi,107,ドライブイン おーとり,食堂、ラーメン、カレー,,casual,tb,True
miyagi/osakishi,108,銀の匙,洋食,,european,tb,True
miyagi/osakishi,109,オルガン堂 クラシックス,カフェ,,cafe,tb,True
miyagi/osakishi,110,道の駅 おおさき,道の駅,,other,none,False
miyagi/osakishi,111,鉄兵衛,とんかつ、寿司、カレーうどん,,meat,tb,True
miyagi/osakishi,112,ハートフルランドジャージー牧場,ジェラート・アイスクリーム、ソフトクリーム,,sweets,tb,True
miyagi/osakishi,113,ホテル亀屋,ホテル,,other,none,False
miyagi/osakishi,114,cafe gutto,カフェ,,cafe,tb,True
miyagi/osakishi,115,気仙沼あさひ鮨 古川店,寿司、海鮮、揚げ物,,seafood,tb,True
miyagi/osakishi,116,vin-ya jete ashigaru,イタリアン、フレンチ、ピザ,,european,tb,True
miyagi/osakishi,117,おかしときっさ　たまごや,喫茶店、洋菓子、和菓子,,cafe,tb,True
miyagi/osakishi,118,柳月食堂,日本料理,,japanese,tb,True
miyagi/osakishi,119,坪田菓子店,和菓子,,sweets,tb,True
miyagi/osakishi,120,らーめん田舎や,ラーメン,,noodles,tb,True
miyagi/osakishi,121,香満園,中華料理,,chinese,tb,True
miyagi/osakishi,122,鳴子風雅,ホテル,,other,none,False
miyagi/osakishi,123,手打ち蕎麦 ふく,そば、ラーメン,,noodles,tb,True
miyagi/osakishi,124,花山太右衛門商店 本店,和菓子,,sweets,tb,True
miyagi/osakishi,125,cafe 六十三番屋敷,カフェ,,cafe,tb,True
miyagi/osakishi,126,パティスリープロムナード,ケーキ,,sweets,tb,True
miyagi/osakishi,127,笙福飯店,中華料理,,chinese,tb,True
miyagi/osakishi,128,寿司正,寿司、麺類,,seafood,tb,True
miyagi/osakishi,129,じょん'sキッチン,カフェ、スープカレー、カレー,,cafe,tb,True
miyagi/osakishi,130,伊達ちゃんベーカリー,パン,,sweets,tb,True
miyagi/osakishi,131,ラーメン　弘ちゃん,ラーメン,,noodles,tb,True
miyagi/osakishi,132,らぁめん家,ラーメン,,noodles,tb,True
miyagi/osakishi,133,あやか食堂,中華料理,,chinese,tb,True
miyagi/osakishi,134,町田商店 大崎古川店,ラーメン,,noodles,tb,True
miyagi/osakishi,135,石崎屋,ケーキ、和菓子,,sweets,tb,True
miyagi/osakishi,136,スターメイカーカフェ,喫茶店、パスタ,,cafe,tb,True
miyagi/osakishi,137,ホテル オニコウベ,ホテル,,other,none,False
miyagi/osakishi,138,ハナレイ,ダイニングバー、カフェ,,izakaya,tb,True
miyagi/osakishi,139,大判や たい喜 カインズホーム古川店,たい焼き・大判焼き、たこ焼き、ジェラート・アイスクリーム,,sweets,tb,True
miyagi/osakishi,140,長者原サービスエリア(上り線),その他,,other,none,False
miyagi/osakishi,141,ふじや食堂,そば、うどん、食堂,,noodles,tb,True
miyagi/osakishi,142,まる,居酒屋、もつ鍋、鍋,,izakaya,tb,True
miyagi/osakishi,143,ふく福　そばいち,そば、うどん、丼,,noodles,tb,True
miyagi/osakishi,144,食事処 大賞,焼肉,,meat,tb,True
miyagi/osakishi,145,煉瓦場,ピザ、カフェ,,european,tb,True
miyagi/osakishi,146,旬味酒菜 中鉢,日本料理、居酒屋、鍋,,japanese,tb,True
miyagi/osakishi,147,和膳 きたはま,創作料理、日本料理,,japanese,tb,True
miyagi/osakishi,148,大正堂,ケーキ、カフェ,,sweets,tb,True
miyagi/osakishi,149,シャルマン,ケーキ,,sweets,tb,True
miyagi/osakishi,150,よきもの喜沢,創作料理、日本料理、洋食,,japanese,tb,True
miyagi/osakishi,151,ひとつぶ堂,パン、洋菓子,,sweets,tb,True
miyagi/osakishi,152,とんかつ信ちゃん,とんかつ、かつ丼,,meat,tb,True
miyagi/osakishi,153,花山太右衛門商店 バイパス店,和菓子、そば,,sweets,tb,True
miyagi/osakishi,154,HIPCROPS,パン,,sweets,tb,True
miyagi/osakishi,155,食事処 まやま,食堂,,casual,tb,True
miyagi/osakishi,156,かのや食堂,丼、食堂、ラーメン,,casual,tb,True
miyagi/osakishi,157,あじわい亭,食堂,,casual,tb,True
miyagi/osakishi,158,カフェテリア アメニティ,洋食、ステーキ、ハンバーグ,,european,tb,True
miyagi/osakishi,159,菅原おやきや,たい焼き・大判焼き,,sweets,tb,True
miyagi/osakishi,160,古川ミルクホール,喫茶店,,cafe,tb,True
miyagi/osakishi,161,準喫茶カガモク,喫茶店,,cafe,tb,True
miyagi/osakishi,162,パン工房 パンツクルヒト,パン,,sweets,tb,True
miyagi/osakishi,163,紅葉軒,うなぎ,,seafood,tb,True
miyagi/osakishi,164,花もん,居酒屋,,izakaya,tb,True
miyagi/osakishi,165,創作料理　誠 ～Makoto～,居酒屋、海鮮、イタリアン,,izakaya,tb,True
miyagi/osakishi,166,工房そばの実,そば,,noodles,tb,True
miyagi/osakishi,167,カフェ ゆるリーフ,カフェ,,cafe,tb,True
miyagi/osakishi,168,オレガノ,パスタ、ハンバーグ,,european,tb,True
miyagi/osakishi,169,AIN PERLA,結婚式場,,other,none,False
miyagi/osakishi,170,ロイズ,チョコレート、洋菓子、ソフトクリーム,,sweets,tb,True
miyagi/osakishi,171,浜寿司,寿司、海鮮,,seafood,tb,True
miyagi/osakishi,172,鶏から揚げ専門 井上商店 古川駅前店,からあげ、弁当,,meat,tb,True
miyagi/osakishi,173,君鮨,寿司,,seafood,tb,True
miyagi/osakishi,174,aladate Gelato & PIZZA,ジェラート・アイスクリーム、ピザ,,sweets,tb,True
miyagi/osakishi,175,中華居酒屋 らんらん,中華料理、居酒屋,,chinese,tb,True
miyagi/osakishi,176,大江戸温泉物語 ますや,ホテル,,other,none,False
miyagi/osakishi,177,蔵八亭 古川店,ラーメン,,noodles,tb,True
miyagi/osakishi,178,森栖,カフェ,,cafe,tb,True
miyagi/osakishi,179,豪ーめん 古川店,ラーメン,,noodles,tb,True
miyagi/osakishi,180,麺屋 てんほう,ラーメン,,noodles,tb,True
miyagi/osakishi,181,カナマル,喫茶店,,cafe,tb,True
miyagi/osakishi,182,韋駄天や,食堂、麺類、豚丼,,casual,tb,True
miyagi/osakishi,183,キムラベーカリー,パン,,sweets,tb,True
miyagi/osakishi,184,サンエトワール,パン、サンドイッチ、ケーキ,,sweets,tb,True
miyagi/osakishi,185,ピッコロ,バー、喫茶店,,izakaya,tb,True
miyagi/osakishi,186,タウエモン バイパス店,カフェ、郷土料理,,cafe,tb,True
miyagi/osakishi,187,自家製うどん福助,うどん,,noodles,tb,True
miyagi/osakishi,188,大坂屋,和菓子,,sweets,tb,True
miyagi/osakishi,189,大衆酒場 げんてん,居酒屋,,izakaya,tb,True
miyagi/osakishi,190,あまの食堂,居酒屋,,izakaya,tb,True
miyagi/osakishi,191,うまか房,居酒屋,,izakaya,tb,True
miyagi/osakishi,192,加護坊温泉　さくらの湯,郷土料理、ジェラート・アイスクリーム,,japanese,tb,True
miyagi/osakishi,193,幸花,ラーメン、中華料理、食堂,,noodles,tb,True
miyagi/osakishi,194,ヤマロク 古川店,ラーメン,,noodles,tb,True
miyagi/osakishi,195,ビストロ割烹・侯,居酒屋、創作料理、海鮮,,izakaya,tb,True
miyagi/osakishi,196,おもてなし 佳,居酒屋、海鮮、焼き鳥,,izakaya,tb,True
miyagi/osakishi,197,ＲＥＳＴＡＵＲＡＮＴ ＆ ＢＡＲ　雅朧,洋食、バー,,european,tb,True
miyagi/osakishi,198,Smile Terrace,スープカレー,,curry,tb,True
miyagi/osakishi,199,蔵,居酒屋,,izakaya,tb,True
miyagi/osakishi,200,フリークス,ダイニングバー、パスタ、ビアバー,,izakaya,tb,True
miyagi/osakishi,201,食事処　はなまる,レストラン,,other,none,False
miyagi/osakishi,202,食事処 山崎,食堂,,casual,tb,True
miyagi/osakishi,203,みつば屋,焼肉,,meat,tb,True
miyagi/osakishi,204,鶏から揚げ専門 井上商店 古川バイパス店,からあげ、弁当,,meat,tb,True
miyagi/osakishi,205,早坂食堂,日本料理、かつ丼、食堂,,japanese,tb,True
miyagi/osakishi,206,ホテル古川ヒルズ 古川駅前,ホテル,,other,none,False
miyagi/osakishi,207,カフェ・アメリカン焼肉 幸,焼肉,,meat,tb,True
miyagi/osakishi,208,長者原サービスエリア(下り線) ショッピングコーナー,その他,,other,none,False
miyagi/osakishi,209,中央食堂,焼きそば、ラーメン、食堂,,noodles,tb,True
miyagi/osakishi,210,甚六,そば、食堂,,noodles,tb,True
miyagi/osakishi,211,自家製麺 みや美,ラーメン、つけ麺,,noodles,tb,True
miyagi/osakishi,212,長者の茶屋,コロッケ、ジェラート・アイスクリーム、スイーツ,,casual,tb,True
miyagi/osakishi,213,麺丼処 祝屋,ラーメン、丼、麺類,,noodles,tb,True
miyagi/osakishi,214,千両食堂,食堂,,casual,tb,True
miyagi/osakishi,215,肉バル BARBiG,肉バル、ステーキ、バー,,meat,tb,False
miyagi/osakishi,216,京華苑,中華料理、ラーメン,,chinese,tb,True
miyagi/osakishi,217,生蕎麦 登良家,そば、ラーメン,,noodles,tb,True
miyagi/osakishi,218,SHIME,ラーメン,,noodles,tb,True
miyagi/osakishi,219,宝,立ち食いそば、うどん,,noodles,tb,True
miyagi/osakishi,220,潟沼レストハウス,食堂、ラーメン,,casual,tb,True
miyagi/osakishi,221,レイナマリア,カフェ、パスタ,,cafe,tb,True
miyagi/osakishi,222,かんけつ泉 食堂,そば、喫茶店,,noodles,tb,True
miyagi/osakishi,223,栄堂 穂波店,ケーキ,,sweets,tb,True
miyagi/osakishi,224,ワンショットバー NAM,バー,,izakaya,tb,True
miyagi/osakishi,225,カフェ・モンテ,喫茶店、ケーキ,,cafe,tb,True
miyagi/osakishi,226,あいのや 古川東店,コンビニ・スーパー,,daily,tb,True
miyagi/osakishi,227,Sevendays Coffee,カフェ,,cafe,tb,True
miyagi/osakishi,228,IVY COFFEE,カフェ,,cafe,tb,True
miyagi/osakishi,229,chercheur,カレー,,curry,tb,True
miyagi/osakishi,230,ザビマート,コンビニ・スーパー,,daily,tb,True
miyagi/osakishi,231,CREA WEDDING&CAFE,結婚式場,,other,none,False
miyagi/osakishi,232,楓林,中華料理、餃子、焼肉,,chinese,tb,True
miyagi/osakishi,233,福よせ,居酒屋,,izakaya,tb,True
miyagi/osakishi,234,ふるさと,食堂,,casual,tb,True
miyagi/osakishi,235,木村食堂,ラーメン,,noodles,tb,True
miyagi/osakishi,236,新富,日本料理、居酒屋、海鮮,,japanese,tb,True
miyagi/osakishi,237,たんたん,居酒屋、焼肉、バー,,izakaya,tb,True
miyagi/osakishi,238,つかさ,居酒屋,,izakaya,tb,True
miyagi/osakishi,239,カフェ パーシモン,カフェ,,cafe,tb,True
miyagi/osakishi,240,ゑんどうや,食堂、そば,,casual,tb,True
miyagi/osakishi,241,スヌーズ,カフェ,,cafe,tb,True
miyagi/osakishi,242,徳十郎屋,食堂、カフェ,,casual,tb,True
miyagi/osakishi,243,丸長食堂,食堂、ラーメン,,casual,tb,True
miyagi/osakishi,244,加護坊 四季彩館,食堂、カフェ、ジェラート・アイスクリーム,,casual,tb,True
miyagi/osakishi,245,ひまわり ヤマザワ古川バイパス店,食堂,,casual,tb,True
miyagi/osakishi,246,枝カフェ,カフェ、ソフトクリーム,,cafe,tb,True
miyagi/osakishi,247,京屋食堂,食堂,,casual,tb,True
miyagi/osakishi,248,手延べうどん　むぎの里 古川店,うどん、天丼,,noodles,tb,True
miyagi/osakishi,249,うめぇがすと,郷土料理、ジェラート・アイスクリーム、牛料理,,japanese,tb,True
miyagi/osakishi,250,いろは食堂 第三支店,ラーメン、食堂,,noodles,tb,True
miyagi/osakishi,251,味かく屋,ラーメン、居酒屋,,noodles,tb,True
miyagi/osakishi,252,十八番,ラーメン,,noodles,tb,True
miyagi/osakishi,253,ロブスター,食堂、レストラン,,casual,tb,True
miyagi/osakishi,254,ホルモンセンターあかしろ,焼肉、ホルモン,,meat,tb,True
miyagi/osakishi,255,彩‐彩,中華料理、ラーメン、食堂,,chinese,tb,True
miyagi/osakishi,256,豆坂温泉三峰荘,中華料理、その他,,chinese,tb,True
miyagi/osakishi,257,蕎麦酒房 吟昇,日本料理、そば,,japanese,tb,True
miyagi/osakishi,258,鶏から揚げ専門 井上商店 古川稲葉店,日本料理,,japanese,tb,True
miyagi/osakishi,259,食道苑,焼肉,,meat,tb,True
miyagi/osakishi,260,御食事処 かんちゃん,ラーメン,,noodles,tb,True
miyagi/osakishi,261,志ちゃん,パン、ジェラート・アイスクリーム,,sweets,tb,True
miyagi/osakishi,262,(卸)仙台食肉センター,焼肉、寿司、牛タン,,meat,tb,True
miyagi/osakishi,263,レストラン二葉亭,レストラン,,other,none,False
miyagi/osakishi,264,寿しまるでん,寿司,,seafood,tb,True
miyagi/osakishi,265,わかば食堂,レストラン,,other,none,False
miyagi/osakishi,266,焼肉食堂 清和,ジンギスカン,,meat,tb,True
miyagi/osakishi,267,ジャンク,喫茶店,,cafe,tb,True
miyagi/osakishi,268,きゅうせい堂,パン、ケーキ、洋菓子,,sweets,tb,True
miyagi/osakishi,269,APA HOTEL 宮城古川駅前,ホテル,,other,none,False
miyagi/osakishi,270,しあわせcafe,カフェ,,cafe,tb,True
miyagi/osakishi,271,ドライブインかとう,食堂,,casual,tb,True
miyagi/osakishi,272,HATANAKA COFFEE ROASTER,カフェ,,cafe,tb,True
miyagi/osakishi,273,カフェ アット ホーム,カフェ,,cafe,tb,True
miyagi/osakishi,274,ひさご食堂,食堂,,casual,tb,True
miyagi/osakishi,275,みちのく煎餅本舗,和菓子,,sweets,tb,True
miyagi/osakishi,276,まるぜん,食堂、ラーメン、丼,,casual,tb,True
miyagi/osakishi,277,おのや,食堂、ラーメン、うどん,,casual,tb,True
miyagi/osakishi,278,Cafe Repos,カフェ、ケーキ,,cafe,tb,True
miyagi/osakishi,279,フード パワー ビーンズ,食堂、ラーメン、カフェ,,casual,tb,True
miyagi/osakishi,280,さんぽ路,カフェ,,cafe,tb,True
miyagi/osakishi,281,菓子工房　栄堂 台町店,ケーキ,,sweets,tb,True
miyagi/osakishi,282,しんとろの湯,ジェラート・アイスクリーム、その他,,sweets,tb,True
miyagi/osakishi,283,みやもと,弁当、惣菜・デリ,,casual,tb,True
miyagi/osakishi,284,あんどー,和菓子、洋菓子,,sweets,tb,True
miyagi/osakishi,285,楽味亭　○　大山,日本料理、天ぷら、居酒屋,,japanese,tb,True
miyagi/osakishi,286,シネマリオーネ古川,その他,,other,none,False
miyagi/osakishi,287,ごっぱち,食堂,,casual,tb,True
miyagi/osakishi,288,まさ膳 ひかり,寿司、とんかつ、そば,,seafood,tb,True
miyagi/osakishi,289,おむすびCafe＆barsakurako,弁当、おにぎり,,casual,tb,True
miyagi/osakishi,290,オレンジかふぇ,カフェ,,cafe,tb,True
miyagi/osakishi,291,つつみ屋 大崎古川店,和菓子,,sweets,tb,True
miyagi/osakishi,292,しあわせcafe 大崎市図書館店,カフェ,,cafe,tb,True
miyagi/osakishi,293,ちょっとはぃったとこの、居酒屋。,居酒屋,,izakaya,tb,True
miyagi/osakishi,294,YON,カフェ,,cafe,tb,True
miyagi/osakishi,295,おおいしや,和菓子、ケーキ,,sweets,tb,True
miyagi/osakishi,296,スーパーセンター トラスト 岩出山店,コンビニ・スーパー,,daily,tb,True
miyagi/osakishi,297,伊藤商店 古川店,ラーメン,,noodles,tb,True
miyagi/osakishi,298,焼肉冷麺やまなか家 古川店,焼肉、ホルモン、冷麺,,meat,tb,True
miyagi/osakishi,299,寧々家 古川駅前店,居酒屋、焼き鳥、海鮮,,izakaya,tb,True
miyagi/osakishi,300,丸亀製麺 古川中島,うどん,,noodles,tb,True
miyagi/osakishi,301,ホテルルートイン 古川駅前,ホテル,,other,none,False
miyagi/osakishi,302,一ノ蔵,日本酒バー,,izakaya,tb,True
miyagi/osakishi,303,遠藤屋嘉吉,その他,,other,none,False
miyagi/osakishi,304,新澤醸造店,その他,,other,none,False
miyagi/osakishi,305,すがわら,惣菜・デリ,,casual,tb,True
miyagi/osakishi,306,ゆの駅 しんとろ,食堂,,casual,tb,True
miyagi/osakishi,307,海山,とんかつ、食堂、洋食,,meat,tb,True
miyagi/osakishi,308,華の蔵,そば、日本酒バー,,noodles,tb,True
miyagi/osakishi,309,花おりの湯,食堂,,casual,tb,True
miyagi/osakishi,310,しゃぶ亭 こまち,しゃぶしゃぶ、鍋、居酒屋,,meat,tb,True
miyagi/osakishi,311,レストハウスかむろ,レストラン,,other,none,False
miyagi/osakishi,312,Bar ajit,バー,,izakaya,tb,True
miyagi/osakishi,313,やきとり ゆう助,焼き鳥,,meat,tb,True
miyagi/osakishi,314,ひさご菓子店,和菓子,,sweets,tb,True
miyagi/osakishi,315,内川の畔りカフェ,カフェ,,cafe,tb,True
miyagi/osakishi,316,串かつ酒場 なにわ屋本舗,居酒屋、串揚げ,,izakaya,tb,True
miyagi/osakishi,317,旬屋 古川店,そば、ラーメン、ソフトクリーム,,noodles,tb,True
miyagi/osakishi,318,ファーストフード 21 スーパーセンタートラスト岩出山店,カレー、ラーメン、丼,,curry,tb,True
miyagi/osakishi,319,Sawa,パン,,sweets,tb,True
miyagi/osakishi,320,ウジエスーパー 岩出山店,コンビニ・スーパー,,daily,tb,True
miyagi/osakishi,321,ニコカフェ,パスタ、カフェ,,european,tb,True
miyagi/osakishi,322,旬菜呑処こけし,居酒屋、日本料理,,izakaya,tb,True
miyagi/osakishi,323,楽屋,もつ焼き、居酒屋、ジンギスカン,,izakaya,tb,False
miyagi/osakishi,324,いたがき菜店,食堂、うなぎ、天丼,,casual,tb,True
miyagi/osakishi,325,新田菓子店,和菓子,,sweets,tb,True
miyagi/osakishi,326,カルン ザ・ビッグ鹿島台店,ケーキ,,sweets,tb,True
miyagi/osakishi,327,ブルーファームカフェ,カフェ,,cafe,tb,True
miyagi/osakishi,328,松月堂,和菓子,,sweets,tb,True
miyagi/osakishi,329,ひまわり ヤマザワ古川北店,食堂、カフェ,,casual,tb,True
miyagi/osakishi,330,旬菜ゆるり,海鮮,,seafood,tb,True
miyagi/osakishi,331,駅前食堂 とみ田,食堂,,casual,tb,True
miyagi/osakishi,332,大名弁当 駅南店,弁当,,casual,tb,True
miyagi/osakishi,333,ビストロ てっちゃん,フレンチ、ワインバー、バー,,european,tb,True
miyagi/osakishi,334,飲み喰い処 美味鳥,中華料理、居酒屋、ラーメン,,chinese,tb,True
miyagi/osakishi,335,味の蔵どんつく,郷土料理、レストラン,,japanese,tb,True
miyagi/osakishi,336,よもぎのcafe いっきゅう,カフェ,,cafe,tb,True
miyagi/osakishi,337,ととや,居酒屋,,izakaya,tb,True
miyagi/osakishi,338,咲楽亭,そば,,noodles,tb,True
miyagi/osakishi,339,千成,日本料理,,japanese,tb,True
miyagi/osakishi,340,ノースイースト,カフェ,,cafe,tb,True
miyagi/osakishi,341,GRILL RESTAURANT CHOJYAHARA,レストラン,,other,none,False
miyagi/osakishi,342,和処 ゆう,海鮮、居酒屋,,seafood,tb,True
miyagi/osakishi,343,コーヒービーンズショップ ナタール,コーヒースタンド,,cafe,tb,True
miyagi/osakishi,344,BLUE FARM CAFE,カフェ,,cafe,tb,True
miyagi/osakishi,345,そばうどん さくらや,そば、うどん,,noodles,tb,True
miyagi/osakishi,346,祥雲閣,甘味処,,sweets,tb,True
miyagi/osakishi,347,おかしのまやま,和菓子,,sweets,tb,True
miyagi/osakishi,348,VERRY VERRY,喫茶店,,cafe,tb,True
miyagi/osakishi,349,さかもとのカフェ Cafe SUNS,カフェ,,cafe,tb,True
miyagi/osakishi,350,Tea Room 楓庵,カフェ,,cafe,tb,True
miyagi/osakishi,351,みちのく弁当,弁当,,casual,tb,True
miyagi/osakishi,352,Bar Sato,バー,,izakaya,tb,True
miyagi/osakishi,353,A・COOP 沼部店,コンビニ・スーパー,,daily,tb,True
miyagi/osakishi,354,びっくりドンキー 古川店,ファミレス、ハンバーグ,,casual,tb,True
miyagi/osakishi,355,タリーズコーヒー 古川駅店,カフェ、喫茶店,,cafe,tb,True
miyagi/osakishi,356,スターバックスコーヒー 古川店,カフェ,,cafe,tb,True
miyagi/osakishi,357,魚べい 古川店,寿司、回転寿司,,seafood,tb,True
miyagi/osakishi,358,牛たん炭焼 利久 古川七日町店,牛タン,,meat,tb,True
miyagi/osakishi,359,コメダ珈琲店 大崎古川店,カフェ,,cafe,tb,True
miyagi/osakishi,360,ジョイフル 古川店,ファミレス,,casual,tb,True
miyagi/osakishi,361,ガスト 古川店,ファミレス,,casual,tb,True
miyagi/osakishi,362,味噌工房麺助 古川醸室店,ラーメン,,noodles,tb,True
miyagi/osakishi,363,居酒屋 こんぱ,居酒屋,,izakaya,tb,True
miyagi/osakishi,364,安一チェーン,ラーメン、食堂,,noodles,tb,True
miyagi/osakishi,365,みさをの店,ラーメン,,noodles,tb,True
miyagi/osakishi,366,居酒屋もん吉,居酒屋,,izakaya,tb,True
miyagi/osakishi,367,亀乃里,日本料理、天ぷら、海鮮,,japanese,tb,True
miyagi/osakishi,368,食事処 えんどう,そば、天ぷら,,noodles,tb,True
miyagi/osakishi,369,インドネパールカレーグラス,インドカレー,,curry,tb,True
miyagi/osakishi,370,鯛喜 古川穂波店,たい焼き・大判焼き、たこ焼き、ジェラート・アイスクリーム,,sweets,tb,True
miyagi/osakishi,371,橋平酒造店,その他,,other,none,False
miyagi/osakishi,372,かくれ家,レストラン,,other,none,False
miyagi/osakishi,373,bistro 海,海鮮丼、居酒屋,,seafood,tb,True
miyagi/osakishi,374,古梅荘,日本料理、うなぎ,,japanese,tb,True
miyagi/osakishi,375,旬菜酒楽かぐら,居酒屋、揚げ物、そば,,izakaya,tb,True
miyagi/osakishi,376,おみやげ処 おおさき,その他,,other,none,False
miyagi/osakishi,377,大名弁当 北町店,弁当,,casual,tb,True
miyagi/osakishi,378,焼鳥 しぶや家,居酒屋、焼き鳥,,izakaya,tb,True
miyagi/osakishi,379,さくら亭,焼肉、食堂,,meat,tb,True
miyagi/osakishi,380,ホルモンこがね,焼肉,,meat,tb,True
miyagi/osakishi,381,トマラーショップ,ラーメン,,noodles,tb,True
miyagi/osakishi,382,しあんくれ～る,喫茶店、カフェ,,cafe,tb,True
miyagi/osakishi,383,おばちゃんキッチン工房 LINK,弁当,,casual,tb,True
miyagi/osakishi,384,ヤマトヤ,ケーキ,,sweets,tb,True
miyagi/osakishi,385,DiningBal銀,ダイニングバー、居酒屋、洋食,,izakaya,tb,True
miyagi/osakishi,386,マフィンや満天,洋菓子,,sweets,tb,True
miyagi/osakishi,387,元気くん市場 A-COOPかしまだい店,その他,,other,none,False
miyagi/osakishi,388,いずみや,和菓子,,sweets,tb,True
miyagi/osakishi,389,食事処 やすみや,麺類,,noodles,tb,True
miyagi/osakishi,390,食堂 甲子園,居酒屋、弁当,,izakaya,tb,True
miyagi/osakishi,391,和ヴィーガン あっきーず,野菜料理,,japanese,tb,True
miyagi/osakishi,392,Cafe&Bar Nagomi,カフェ,,cafe,tb,True
miyagi/osakishi,393,HALO vegan sweets,カフェ、洋菓子、野菜料理,,cafe,tb,True
miyagi/osakishi,394,RIDER HOUSE & CAFE Layback,カフェ,,cafe,tb,True
miyagi/osakishi,395,居酒屋　おふう,居酒屋,,izakaya,tb,True
miyagi/osakishi,396,くすり&カフェ Patio,カフェ,,cafe,tb,True
miyagi/osakishi,397,喫茶 居酒屋 道,居酒屋、喫茶店,,izakaya,tb,True
miyagi/osakishi,398,みんなの台所 一力,弁当、惣菜・デリ,,casual,tb,True
miyagi/osakishi,399,SUN BREW食堂,食堂、カフェ,,casual,tb,True
miyagi/osakishi,400,中華居酒屋 味和居,居酒屋,,izakaya,tb,True
miyagi/osakishi,401,おかしの店 ウチダ,どら焼き、和菓子、洋菓子,,sweets,tb,True
miyagi/osakishi,402,お食事処 ちえ,そば,,noodles,tb,True
miyagi/osakishi,403,花々亭,居酒屋,,izakaya,tb,True
miyagi/osakishi,404,cafe&bar sakurako,おにぎり、弁当,,casual,tb,True
miyagi/osakishi,405,メローガーデン KASHIMADAI,その他,,other,none,False
miyagi/osakishi,406,源氏蛍せんべい 古川直売店,せんべい、和菓子,,sweets,tb,False
miyagi/osakishi,407,家庭料理　ばんざい,居酒屋,,izakaya,tb,True
miyagi/osakishi,408,仙台っ子 古川店,ラーメン,,noodles,tb,True
miyagi/osakishi,409,札幌ラーメン どさん子 古川4号店,ラーメン,,noodles,tb,True
miyagi/osakishi,410,くるまやラーメン 古川店,ラーメン、餃子,,noodles,tb,True
miyagi/osakishi,411,はま寿司 大崎古川諏訪店,回転寿司,,seafood,tb,True
miyagi/osakishi,412,ジョリーパスタ 大崎古川店,ファミレス、パスタ,,casual,tb,True
miyagi/osakishi,413,焼肉ホルモン食樂 古川駅前大通店,焼肉、ホルモン、ラーメン,,meat,tb,True
miyagi/osakishi,414,かっぱ寿司 古川店,回転寿司,,seafood,tb,True
miyagi/osakishi,415,ココス 古川店,ファミレス,,casual,tb,True
miyagi/osakishi,416,肉のしばさき,その他,,other,none,False
miyagi/osakishi,417,すき家 4号古川西館店,牛丼、カレー、食堂,,casual,tb,True
miyagi/osakishi,418,牛角 古川店,焼肉、ホルモン、居酒屋,,meat,tb,True
miyagi/osakishi,419,いろはにほへと 古川駅前店,居酒屋、日本料理、焼き鳥,,izakaya,tb,True
miyagi/osakishi,420,吉野家  ４号線古川栄町店,牛丼、食堂,,casual,tb,True
miyagi/osakishi,421,和風レストランまるまつ 古川駅前店,ファミレス,,casual,tb,True
miyagi/osakishi,422,ミスタードーナツ イオン古川ショップ,ドーナツ、カフェ,,sweets,tb,True
miyagi/osakishi,423,マクドナルド 4号線古川荒谷店,ハンバーガー、カフェ,,casual,tb,True
miyagi/osakishi,424,福福屋 古川駅前店,居酒屋、海鮮、創作料理,,izakaya,tb,True
miyagi/osakishi,425,サイゼリヤ イオンタウン古川店,ファミレス、イタリアン、パスタ,,casual,tb,True
miyagi/osakishi,426,かつや  宮城古川店,とんかつ、かつ丼、カレー,,meat,tb,True
miyagi/osakishi,427,松屋 古川店,牛丼,,casual,tb,True
miyagi/osakishi,428,ケンタッキーフライドチキン 古川店,からあげ、ハンバーガー、喫茶店,,meat,tb,True
miyagi/osakishi,429,串焼楽酒 MOJA 古川店,焼き鳥、鳥料理,,meat,tb,True
miyagi/osakishi,430,北京,ラーメン,,noodles,tb,True
miyagi/osakishi,431,たい夢 鹿島台店,たい焼き・大判焼き,,sweets,tb,True
miyagi/osakishi,432,西條菓子舗 駅前店,和菓子、ケーキ,,sweets,tb,True
miyagi/osakishi,433,福ちゃん餃子,餃子,,chinese,tb,True
miyagi/osakishi,434,大崎市観光物産センターDozo,その他,,other,none,False
miyagi/osakishi,435,青沼餅店,和菓子、日本料理,,sweets,tb,True
miyagi/osakishi,436,ガトースワン,ケーキ、カフェ,,sweets,tb,True
miyagi/osakishi,437,ゑびす庵,そば、ラーメン、丼,,noodles,tb,True
miyagi/osakishi,438,気仙堂,ケーキ、和菓子,,sweets,tb,True
miyagi/osakishi,439,大正浪漫,カフェ,,cafe,tb,True
miyagi/osakishi,440,道の駅三本木やまなみ 販売コーナー,その他,,other,none,False
miyagi/osakishi,441,桜下開花亭,食堂、寿司、うどん,,casual,tb,True
miyagi/osakishi,442,古川食品 株式会社,その他,,other,none,False
miyagi/osakishi,443,勝よし,居酒屋、ホルモン、つけ麺,,izakaya,tb,True
miyagi/osakishi,444,土井菓子店,和菓子,,sweets,tb,True
miyagi/osakishi,445,さとう酒や,その他,,other,none,False
miyagi/osakishi,446,肉のいちまる リオーネ古川店,その他,,other,none,False
miyagi/osakishi,447,森民酒造店,その他,,other,none,False
miyagi/osakishi,448,ちば,レストラン,,other,none,False
miyagi/osakishi,449,ハーブカントリー,ジェラート・アイスクリーム,,sweets,tb,True
miyagi/osakishi,450,障害福祉サービス事業所 工房パルコ,パン,,sweets,tb,True
miyagi/osakishi,451,れがみ,ラーメン、ダイニングバー,,noodles,tb,True
miyagi/osakishi,452,あじわいの朝 古川店,その他,,other,none,False
miyagi/osakishi,453,居酒屋 藤,居酒屋、食堂、ラーメン,,izakaya,tb,True
miyagi/osakishi,454,キッチン mogu,ダイニングバー,,izakaya,tb,True
miyagi/osakishi,455,菅原魚店,その他,,other,none,False
miyagi/osakishi,456,精華堂古川山荘,和菓子,,sweets,tb,True
miyagi/osakishi,457,宝殿,麺類、丼、食堂,,noodles,tb,True
miyagi/osakishi,458,紅林,中華料理,,chinese,tb,True
miyagi/osakishi,459,モリ カフェ,カフェ,,cafe,tb,True
miyagi/osakishi,460,ウジエスーパー 中里店,コンビニ・スーパー,,daily,tb,True
miyagi/osakishi,461,華月堂,洋菓子、和菓子,,sweets,tb,True
miyagi/osakishi,462,銘酒 和屋,その他,,other,none,False
miyagi/osakishi,463,味処　さんわ,日本料理,,japanese,tb,True
miyagi/osakishi,464,ぱん工房 豆豆,パン,,sweets,tb,True
miyagi/osakishi,465,田楽小舎,日本料理,,japanese,tb,True
miyagi/osakishi,466,西條菓子舗 本店,和菓子,,sweets,tb,True
miyagi/osakishi,467,小野寺氷商店,かき氷,,sweets,tb,True
miyagi/osakishi,468,堀江食堂,ラーメン,,noodles,tb,True
miyagi/osakishi,469,食事処おふみ,かつ丼,,meat,tb,True
miyagi/osakishi,470,肴菜や,ヨーロッパ料理、パスタ,,european,tb,True
miyagi/osakishi,471,CAFE ポルカ,カフェ、バー,,cafe,tb,True
miyagi/osakishi,472,イオン 古川店,コンビニ・スーパー,,daily,tb,True
miyagi/osakishi,473,寿,日本料理,,japanese,tb,True
miyagi/osakishi,474,CHA-BOU榊,カフェ,,cafe,tb,True
miyagi/osakishi,475,ワインバー カラン,ワインバー、バル,,izakaya,tb,True
miyagi/osakishi,476,シークレット・ガーデン,カフェ,,cafe,tb,True
miyagi/osakishi,477,ミニストップ 宮城田尻店,コンビニ・スーパー,,daily,tb,True
miyagi/osakishi,478,すえひろ亭,食堂,,casual,tb,True
miyagi/osakishi,479,Le Ciel,洋菓子,,sweets,tb,True
miyagi/osakishi,480,ヨークベニマル 古川南店,コンビニ・スーパー,,daily,tb,True
miyagi/osakishi,481,創作割烹 水月,日本料理、郷土料理,,japanese,tb,True
miyagi/osakishi,482,もり繁寿司,寿司,,seafood,tb,True
miyagi/osakishi,483,ギャラリー&カフェ びいひろ,カフェ,,cafe,tb,True
miyagi/osakishi,484,ゆり,居酒屋,,izakaya,tb,True
miyagi/osakishi,485,はぐろ,食堂,,casual,tb,True
miyagi/osakishi,486,中川食品店,その他,,other,none,False
miyagi/osakishi,487,パブハウス 満木馬,バー,,izakaya,tb,True
miyagi/osakishi,488,しげ,牛タン、レストラン,,meat,tb,True
miyagi/osakishi,489,手作り惣菜 もいずみ,弁当、惣菜・デリ,,casual,tb,True
miyagi/osakishi,490,cafe MIKUNI,カフェ,,cafe,tb,True
miyagi/osakishi,491,LAWSON  大崎古川城西一丁目店,コンビニ・スーパー,,daily,tb,True
miyagi/osakishi,492,有備館,甘味処,,sweets,tb,True
miyagi/osakishi,493,YOHAKU COFFEE,カフェ,,cafe,tb,True
miyagi/osakishi,494,クラフト木村,喫茶店,,cafe,tb,True
miyagi/osakishi,495,HOSOMINE BASE,その他,,other,none,False
miyagi/osakishi,496,おじまや,その他,,other,none,False
miyagi/osakishi,497,Cafe 紫星の森,カフェ,,cafe,tb,True
miyagi/osakishi,498,ヤマザワ 古川バイパス店,コンビニ・スーパー,,daily,tb,True
miyagi/osakishi,499,守屋魚店,その他,,other,none,False
miyagi/osakishi,500,グランド平成,その他,,other,none,False
miyagi/osakishi,501,ドン・キホーテ 古川店,その他,,other,none,False
miyagi/osakishi,502,ビッグボーイ 古川店,ファミレス、ハンバーグ、ステーキ,,casual,tb,True
miyagi/osakishi,503,幸楽苑 古川バイパス店,ラーメン、つけ麺,,noodles,tb,True
miyagi/osakishi,504,幸楽苑 新古川店,ラーメン,,noodles,tb,True
miyagi/osakishi,505,やよい軒 古川穂波店,食堂,,casual,tb,True
miyagi/osakishi,506,吉野家 ４号線宮城古川店,牛丼、カレー、食堂,,casual,tb,True
miyagi/osakishi,507,マクドナルド ４号線古川店,ハンバーガー,,casual,tb,True
miyagi/osakishi,508,モスバーガー 古川南店,ハンバーガー,,casual,tb,True
miyagi/osakishi,509,マクドナルド イオン古川店,ハンバーガー,,casual,tb,True
miyagi/osakishi,510,うまい鮨勘 ゆとろぎ大崎古川店,回転寿司、海鮮,,seafood,tb,True
miyagi/osakishi,511,狩野食堂,食堂,,casual,tb,True
miyagi/osakishi,512,点心ファクトリー　すずかけ,餃子、食堂,,chinese,tb,True
miyagi/osakishi,513,倉加屋,その他,,other,none,False
miyagi/osakishi,514,鳥文,日本料理,,japanese,tb,True
miyagi/osakishi,515,ひまわりの丘 売店,その他,,other,none,False
miyagi/osakishi,516,きわみ家,焼肉、ホルモン、居酒屋,,meat,tb,True
miyagi/osakishi,517,プレリ,フレンチ,,european,tb,True
miyagi/osakishi,518,一輝寿し,寿司,,seafood,tb,True
miyagi/osakishi,519,レストランスギヤマ,洋食,,european,tb,True
miyagi/osakishi,520,すたじあむ,豚丼,,other,none,False
miyagi/osakishi,521,海鮮食堂 なぎ  古川店,居酒屋,,izakaya,tb,True
miyagi/osakishi,522,いしどう,そば、うどん,,noodles,tb,True
miyagi/osakishi,523,Vintage Cafe & bar K,ホットドッグ,,other,none,False
miyagi/osakishi,524,阿部天ぷら屋,その他,,other,none,False
miyagi/osakishi,525,みなみキムチ,韓国料理,,chinese,tb,True
miyagi/osakishi,526,万す井,海鮮,,seafood,tb,True
miyagi/osakishi,527,からあげ専門 由利屋,からあげ、日本料理,,meat,tb,True
miyagi/osakishi,528,キッチンパパ,レストラン、バー,,izakaya,tb,False
miyagi/osakishi,529,カフェホプシー,カフェ、喫茶店、パン,,cafe,tb,True
miyagi/osakishi,530,山田商店,その他,,other,none,False
miyagi/osakishi,531,魚がし一丁,居酒屋,,izakaya,tb,True
miyagi/osakishi,532,石巻屋,和菓子,,sweets,tb,True
miyagi/osakishi,533,大杉寿司,寿司,,seafood,tb,True
miyagi/osakishi,534,ファミリーマート 大崎古川稲葉店,コンビニ・スーパー,,daily,tb,True
miyagi/osakishi,535,DOZO,日本酒バー、パン,,izakaya,tb,True
miyagi/osakishi,536,居酒屋酒房 頑,居酒屋、馬肉料理,,izakaya,tb,True
miyagi/osakishi,537,体験型農家レストラン 蔵楽,そば、豚料理,,noodles,tb,True
miyagi/osakishi,538,一心堂,和菓子,,sweets,tb,True
miyagi/osakishi,539,花の館,バー,,izakaya,tb,True
miyagi/osakishi,540,ささきラヂオ店,カレー,,curry,tb,True
miyagi/osakishi,541,鮨処平山,寿司、おにぎり,,seafood,tb,True
miyagi/osakishi,542,BENCH TIME,パスタ,,european,tb,True
miyagi/osakishi,543,食堂 笑喜家 wakichi,食堂,,casual,tb,True
miyagi/osakishi,544,居酒屋 伊豆,居酒屋,,izakaya,tb,True
miyagi/osakishi,545,食道苑,居酒屋、焼肉,,izakaya,tb,True
miyagi/osakishi,546,やきとり わ,肉料理,,meat,tb,True
miyagi/osakishi,547,ヤドカリスタンド,おにぎり,,casual,tb,True
miyagi/osakishi,548,喜よし,居酒屋,,izakaya,tb,True
miyagi/osakishi,549,kito,フレンチ,,european,tb,True
miyagi/osakishi,550,いづみ,居酒屋,,izakaya,tb,True
miyagi/osakishi,551,わが家,うどん,,noodles,tb,True
miyagi/osakishi,552,食彩処 縁,居酒屋,,izakaya,tb,True
miyagi/osakishi,553,日富見家,日本料理,,japanese,tb,True
miyagi/osakishi,554,Samone KITCHEN,食堂,,casual,tb,True
miyagi/osakishi,555,梅っ子,居酒屋,,izakaya,tb,True
miyagi/osakishi,556,味工房いっせい,居酒屋,,izakaya,tb,True
miyagi/osakishi,557,平禄寿司 宮城大崎古川南店,回転寿司、海鮮、海鮮丼,,seafood,tb,True
miyagi/osakishi,558,無添くら寿司 古川南店,回転寿司,,seafood,tb,True
miyagi/osakishi,559,れすとらん四六時中 古川店,レストラン,,other,none,False
miyagi/osakishi,560,道とん堀 古川店,お好み焼き、もんじゃ焼き、鉄板焼き,,casual,tb,True
miyagi/osakishi,561,仙台ホルモン・焼肉 ときわ亭 古川駅前店,焼肉、ホルモン,,meat,tb,True
miyagi/osakishi,562,すたみな太郎 古川三本木店,ビュッフェ、焼肉、寿司,,casual,tb,True
miyagi/osakishi,563,ドトール コーヒー ショップ 大崎市民病院店,カフェ、サンドイッチ,,cafe,tb,True
miyagi/osakishi,564,和風レストランまるまつ 鹿島台店,ファミレス,,casual,tb,True
miyagi/osakishi,565,カルビ大将 古川駅前店,焼肉,,meat,tb,True
miyagi/osakishi,566,三代目網元 さかなや道場 古川大通り店,居酒屋、海鮮,,izakaya,tb,True
miyagi/osakishi,567,一口茶屋 古川イオン店,たい焼き・大判焼き,,sweets,tb,True
miyagi/osakishi,568,ピザハット 古川北町店,ピザ,,european,tb,True
miyagi/osakishi,569,魚民 古川駅前店,居酒屋、海鮮、創作料理,,izakaya,tb,True
miyagi/osakishi,570,鳥貴族 古川店,焼き鳥,,meat,tb,True
miyagi/osakishi,571,不二家 古川いちょう通り店,ケーキ,,sweets,tb,True
miyagi/osakishi,572,ほっともっと 古川北町店,弁当,,casual,tb,True
miyagi/osakishi,573,モンペリエ ヨークベニマル古川南店,パン,,sweets,tb,True
miyagi/osakishi,574,和風レストランまるまつ 古川店,ファミレス,,casual,tb,True
miyagi/osakishi,575,格安ビールと鉄鍋餃子 3・6・5酒場 古川駅前店,居酒屋,,izakaya,tb,True
miyagi/osakishi,576,モンペリエ 古川福浦店,パン、ピザ,,sweets,tb,True
miyagi/osakishi,577,菓匠 三全 古川台町店,和菓子、洋菓子,,sweets,tb,True
miyagi/osakishi,578,スターバックスコーヒー 古川北稲葉店,カフェ,,cafe,tb,True
miyagi/osakishi,579,さくらっこ,その他,,other,none,False
miyagi/osakishi,580,あじまん DCM鹿島台店,たい焼き・大判焼き,,sweets,tb,True
miyagi/osakishi,581,サーティワンアイスクリーム イオン古川店,ジェラート・アイスクリーム,,sweets,tb,True
miyagi/osakishi,582,焼肉きんぐ 古川店,焼肉,,meat,tb,True
miyagi/osakishi,583,もち吉 古川店,せんべい,,other,none,False
miyagi/osakishi,584,ほっともっと 古川南新町店,弁当,,casual,tb,True
miyagi/osakishi,585,インドカレー ガネーシャ 古川店,インド料理、インドカレー,,curry,tb,True
miyagi/osakishi,586,凡らく,レストラン,,other,none,False
miyagi/osakishi,587,ナポリの窯 古川店,ピザ,,european,tb,True
miyagi/osakishi,588,吹上食堂,郷土料理,,japanese,tb,True
miyagi/osakishi,589,駄菓子や かむろ,その他,,other,none,False
miyagi/osakishi,590,LAWSON 大崎古川稲葉二丁目店,コンビニ・スーパー,,daily,tb,True
miyagi/osakishi,591,ストロベリーコーンズ 古川店,ピザ、パスタ、ジェラート・アイスクリーム,,european,tb,True
miyagi/osakishi,592,養老乃瀧 リオーネ古川店,居酒屋,,izakaya,tb,True
miyagi/osakishi,593,佐々木ストアー,その他,,other,none,False
miyagi/osakishi,594,BistroTakahashi,ビストロ、ワインバー,,european,tb,True
miyagi/osakishi,595,喜多屋焼麩製造所,その他,,other,none,False
miyagi/osakishi,596,白松がモナカ本舗 古川店,和菓子,,sweets,tb,True
miyagi/osakishi,597,季格,居酒屋、弁当,,izakaya,tb,True
miyagi/osakishi,598,やまんばマルシェ,弁当、惣菜・デリ,,casual,tb,True
miyagi/osakishi,599,風のアトリエ,カフェ,,cafe,tb,True
miyagi/osakishi,600,大久保製菓,その他,,other,none,False
miyagi/osakishi,601,ファミリーマート 岩出山下野目店,コンビニ・スーパー,,daily,tb,True
miyagi/osakishi,602,松泉堂,ケーキ、チョコレート、和菓子,,sweets,tb,True
miyagi/osakishi,603,あじまん DCM古川北店,たい焼き・大判焼き、たこ焼き,,sweets,tb,True
miyagi/osakishi,604,ケネス,バー,,izakaya,tb,True
miyagi/osakishi,605,かなちゃんキムチ,韓国料理,,chinese,tb,True
miyagi/osakishi,606,ファミリーマート 宮城三本木店,コンビニ・スーパー,,daily,tb,True
miyagi/osakishi,607,大衆食堂 民栄,焼肉、ラーメン,,meat,tb,True
miyagi/osakishi,608,串カツ田中 古川店,串揚げ,,japanese,tb,True
miyagi/osakishi,609,セブンイレブン 古川インター店,コンビニ・スーパー,,daily,tb,True
miyagi/osakishi,610,ファミリーマート 大崎三本木店,コンビニ・スーパー,,daily,tb,True
miyagi/osakishi,611,ファミリーマート 古川中里店,コンビニ・スーパー,,daily,tb,True
miyagi/osakishi,612,内田酒店,その他,,other,none,False
miyagi/osakishi,613,喜楽,居酒屋,,izakaya,tb,True
miyagi/osakishi,614,すずひろ,居酒屋,,izakaya,tb,True
miyagi/osakishi,615,ミニストップ 宮城鹿島台店,コンビニ・スーパー,,daily,tb,True
miyagi/osakishi,616,農産物直売所 旬の店 シンフォニー,その他,,other,none,False
miyagi/osakishi,617,セブンイレブン 古川稲葉2丁目店,コンビニ・スーパー,,daily,tb,True
miyagi/osakishi,618,阿部蒲鉾店 古川台町店,その他,,other,none,False
miyagi/osakishi,619,猫喫茶 空陸家 イオンタウン古川店,その他,,other,none,False
miyagi/osakishi,620,コート・ダジュール 古川店,カラオケ,,izakaya,tb,True
miyagi/osakishi,621,和風 すなっく 遊,居酒屋、日本料理,,izakaya,tb,True
miyagi/osakishi,622,ファミリーマート 岩出山中央店,コンビニ・スーパー,,daily,tb,True
miyagi/osakishi,623,ラーゼン,カフェ,,cafe,tb,True
miyagi/osakishi,624,Patisserie Riche,ケーキ、洋菓子,,sweets,tb,True
miyagi/osakishi,625,ハルリッカ,洋菓子,,sweets,tb,True
miyagi/osakishi,626,シャトレーゼ 古川店,ケーキ,,sweets,tb,True
miyagi/osakishi,627,ほっともっと 鹿島台店,弁当,,casual,tb,True
miyagi/osakishi,628,おみやげ処ふるかわ,その他,,other,none,False
miyagi/osakishi,629,パン工場 イオン古川店,パン,,sweets,tb,True
miyagi/osakishi,630,ビアレストラン 鳴子の風,ダイニングバー、ドイツ料理、レストラン,,izakaya,tb,True
miyagi/osakishi,631,ホテルクラウンヒルズ 古川,ホテル,,other,none,False
miyagi/osakishi,632,きときと,居酒屋,,izakaya,tb,True
miyagi/osakishi,633,モンペリエ ヨークベニマル古川中里店,パン、サンドイッチ、ピザ,,sweets,tb,True
miyagi/osakishi,634,銀座コージーコーナー イオン古川店,ケーキ,,sweets,tb,True
miyagi/osakishi,635,あかとら,惣菜・デリ、弁当,,casual,tb,True
miyagi/osakishi,636,ほっともっと 岩出山店,弁当,,casual,tb,True
miyagi/osakishi,637,フード,その他、食堂,,casual,tb,False
miyagi/osakishi,638,サクラサク,パン,,sweets,tb,True
miyagi/osakishi,639,静岡屋,その他,,other,none,False
miyagi/osakishi,640,らりるkitchen,スイーツ,,sweets,tb,True
miyagi/osakishi,641,炭火焼鳥 焼き介D・A．//,焼き鳥,,meat,tb,True
miyagi/osakishi,642,肉の店 下山,その他,,other,none,False
miyagi/osakishi,643,Ree,甘味処,,sweets,tb,True
miyagi/osakishi,644,一富士,日本料理,,japanese,tb,True
miyagi/osakishi,645,ミニストップ 古川駅前大通店,コンビニ・スーパー,,daily,tb,True
miyagi/osakishi,646,ごはん時々酒 おらい,食堂、居酒屋,,casual,tb,True
miyagi/osakishi,647,田尻の手作りハム,その他,,other,none,False
miyagi/osakishi,648,不二化学食品,その他,,other,none,False
miyagi/osakishi,649,コルプラン,ラーメン、カレー、ピザ,,noodles,tb,True
miyagi/osakishi,650,モンペリエ 古川店,パン、ピザ,,sweets,tb,True
miyagi/osakishi,651,花梨,喫茶店,,cafe,tb,True
miyagi/osakishi,652,鳴子温泉 ゆめぐり広場,その他,,other,none,False
miyagi/osakishi,653,菊池屋,コンビニ・スーパー,,daily,tb,True
miyagi/osakishi,654,みやぎ生協 古川南店,コンビニ・スーパー,,daily,tb,True
miyagi/osakishi,655,レトロ居酒屋夢や,居酒屋,,izakaya,tb,True
miyagi/osakishi,656,こけし亭,レストラン,,other,none,False
miyagi/osakishi,657,クスリのアオキ 古川駅東店,パン,,sweets,tb,True
miyagi/osakishi,658,とことん亭,居酒屋,,izakaya,tb,True
miyagi/osakishi,659,お茶彦 イオン古川店,その他,,other,none,False
miyagi/osakishi,660,快活CLUB 古川店,その他,,other,none,False
miyagi/osakishi,661,親父の厨房,居酒屋,,izakaya,tb,True
miyagi/osakishi,662,オーセンティックバー ルドルフ,バー,,izakaya,tb,True
miyagi/osakishi,663,ごはんどき 古川店,食堂、ラーメン、かつ丼,,casual,tb,True
miyagi/osakishi,664,居酒屋 道,居酒屋,,izakaya,tb,True
miyagi/osakishi,665,魚割烹　笹喜,創作料理,,japanese,tb,True
miyagi/osakishi,666,ホテルニューあらお,ホテル,,other,none,False
miyagi/osakishi,667,ベルビュー,フレンチ、ステーキ、ビュッフェ,,european,tb,True
miyagi/osakishi,668,セブンイレブン 鳴子末沢店,コンビニ・スーパー,,daily,tb,True
miyagi/osakishi,669,プラザホテル古川,ホテル,,other,none,False
miyagi/osakishi,670,岩出山家庭ハム,その他,,other,none,False
miyagi/osakishi,671,NewDaysミニ 古川4号,コンビニ・スーパー,,daily,tb,True
miyagi/osakishi,672,ファミリーマート 古川穂波店,コンビニ・スーパー,,daily,tb,True
miyagi/osakishi,673,ダイニング酒場 伊勢,居酒屋、海鮮、焼き鳥,,izakaya,tb,True
miyagi/osakishi,674,石巻 白謙 藤崎 古川店,その他,,other,none,False
miyagi/osakishi,675,ギフトプラザ 古川店,その他,,other,none,False
miyagi/osakishi,676,ファミリーマート 岩出山池月店,コンビニ・スーパー,,daily,tb,True
miyagi/osakishi,677,スタジオ どどいち,その他,,other,none,False
miyagi/osakishi,678,LAWSON 大崎古川駅南店,コンビニ・スーパー,,daily,tb,True
miyagi/osakishi,679,セブンイレブン 古川穂波７丁目店,コンビニ・スーパー,,daily,tb,True
miyagi/osakishi,680,セブンイレブン 大崎古川新田店,コンビニ・スーパー,,daily,tb,True
miyagi/osakishi,681,愛菜　べんとう,弁当,,casual,tb,True
miyagi/osakishi,682,新宿さぼてん 古川イオン店,とんかつ、惣菜・デリ,,meat,tb,True
miyagi/osakishi,683,寒梅酒造,売店,,casual,tb,True
miyagi/osakishi,684,LAWSON 大崎古川十日町店,コンビニ・スーパー,,daily,tb,True
miyagi/osakishi,685,シマダヤ東北 ギフト館,その他,,other,none,False
miyagi/osakishi,686,のみ処　開,居酒屋、ホルモン、郷土料理,,izakaya,tb,True
miyagi/osakishi,687,エムアイプラザ 古川店,その他,,other,none,False
miyagi/osakishi,688,ファミリーマート 大崎市民病院店,コンビニ・スーパー,,daily,tb,True
miyagi/osakishi,689,燦呂道,ビアバー,,izakaya,tb,True
miyagi/osakishi,690,LAWSON 大崎古川諏訪二丁目店,コンビニ・スーパー,,daily,tb,True
miyagi/osakishi,691,キムチの石川,その他,,other,none,False
miyagi/osakishi,692,喰菜酒肴なか乃,居酒屋,,izakaya,tb,True
miyagi/osakishi,693,ヨークベニマル 古川福浦店,コンビニ・スーパー,,daily,tb,True
miyagi/osakishi,694,おでん屋 笑美,おでん、居酒屋,,japanese,tb,True
miyagi/osakishi,695,ヨークベニマル 古川中里店,コンビニ・スーパー,,daily,tb,True
miyagi/osakishi,696,カフェ ミンテ,カフェ,,cafe,tb,True
miyagi/osakishi,697,中森豆腐店,その他,,other,none,False
miyagi/osakishi,698,ファミリーマート 古川工業高校前店,コンビニ・スーパー,,daily,tb,True
miyagi/osakishi,699,栄や,日本料理,,japanese,tb,True
miyagi/osakishi,700,じゅんひキムチ,韓国料理,,chinese,tb,True
miyagi/osakishi,701,セブンイレブン 古川駅南3丁目店,コンビニ・スーパー,,daily,tb,True
miyagi/osakishi,702,ラ・クラージュ,洋食,,european,tb,True
miyagi/osakishi,703,土井,日本料理,,japanese,tb,True
miyagi/osakishi,704,セブンイレブン 大崎古川南町2丁目店,コンビニ・スーパー,,daily,tb,True
miyagi/osakishi,705,美代寿司,寿司,,seafood,tb,True
miyagi/osakishi,706,セブンイレブン,コンビニ・スーパー,,daily,tb,True
miyagi/osakishi,707,アルビスト,バー、ダイニングバー,,izakaya,tb,True
miyagi/osakishi,708,松本豆腐店,その他,,other,none,False
miyagi/osakishi,709,ファミリーマート 古川大江向店,コンビニ・スーパー,,daily,tb,True
miyagi/osakishi,710,マハロダイニング 古川店,食堂,,casual,tb,True
miyagi/osakishi,711,ティーラウンジ四季,バー,,izakaya,tb,True
miyagi/osakishi,712,尾形商店,その他,,other,none,False
miyagi/osakishi,713,薬王堂 古川城西店,その他,,other,none,False
miyagi/osakishi,714,ゴルフ&レストラン T-shot,バー,,izakaya,tb,True
miyagi/osakishi,715,セブンイレブン 大崎市役所前店,コンビニ・スーパー,,daily,tb,True
miyagi/osakishi,716,セブンイレブン 大崎岩出山店,コンビニ・スーパー,,daily,tb,True
miyagi/osakishi,717,薬王堂 竹ノ内店,その他,,other,none,False
miyagi/osakishi,718,LAWSON 大崎三本木店,コンビニ・スーパー,,daily,tb,True
miyagi/osakishi,719,ちいくろ,そば、郷土料理、うどん,,noodles,tb,True
miyagi/osakishi,720,産直トマト無人販売所センター,売店,,casual,tb,True
miyagi/osakishi,721,あさひや,寿司,,seafood,tb,True
miyagi/osakishi,722,菓匠オオクボ,和菓子、洋菓子,,sweets,tb,True
miyagi/osakishi,723,マルセンファーム 直売所,その他,,other,none,False
miyagi/osakishi,724,カワチ薬品 古川店,その他,,other,none,False
miyagi/osakishi,725,ラウンジあおば,カフェ,,cafe,tb,True
miyagi/osakishi,726,こけし堂 峽,カフェ,,cafe,tb,True
miyagi/osakishi,727,カネモ,韓国料理、居酒屋,,chinese,tb,True
miyagi/osakishi,728,カラバシュ,ダイニングバー,,izakaya,tb,True
miyagi/osakishi,729,Bar en,バー、ダイニングバー、カフェ,,izakaya,tb,True
miyagi/osakishi,730,旬宅・みやもと,日本料理,,japanese,tb,True
miyagi/osakishi,731,五湯茶屋,カフェ,,cafe,tb,True
miyagi/osakishi,732,とり山,そば,,noodles,tb,True
miyagi/osakishi,733,赤坂,日本料理,,japanese,tb,True
miyagi/osakishi,734,松竹寿司,寿司,,seafood,tb,True
miyagi/osakishi,735,セブンイレブン 大崎古川福沼2丁目店,コンビニ・スーパー,,daily,tb,True
miyagi/osakishi,736,おかあさんの創作料理 人生,居酒屋,,izakaya,tb,True
miyagi/osakishi,737,吾木香,レストラン,,other,none,False
miyagi/osakishi,738,四季,レストラン,,other,none,False
miyagi/osakishi,739,めん六や 古川店,うどん、そば、ラーメン,,noodles,tb,True
miyagi/osakishi,740,ファミリーマート 古川駅前大通店,コンビニ・スーパー,,daily,tb,True
miyagi/osakishi,741,かざぐるま,鉄板焼き,,meat,tb,True
miyagi/osakishi,742,居酒屋あづみ,焼き鳥,,meat,tb,True
miyagi/osakishi,743,遊ちゃん,居酒屋,,izakaya,tb,True
miyagi/osakishi,744,BAR LADLEY,バー,,izakaya,tb,True
miyagi/osakishi,745,秀松寿司,寿司,,seafood,tb,True
miyagi/osakishi,746,燦心花,日本料理、弁当,,japanese,tb,True
miyagi/osakishi,747,ヨガアンドカフェ サントーシャ,カフェ,,cafe,tb,True
miyagi/osakishi,748,シェリー,レストラン,,other,none,False
miyagi/osakishi,749,ジラフ 大崎古川店,パン,,sweets,tb,True
miyagi/osakishi,750,日本料理　四方良,日本料理,,japanese,tb,True
miyagi/osakishi,751,大衆屋台 三ツ星,居酒屋,,izakaya,tb,True
miyagi/osakishi,752,Strawberry Room 古川駅前大通り店,スイーツ,,sweets,tb,True
miyagi/osakishi,753,安弾亭,バー、中華料理、洋菓子,,izakaya,tb,True
miyagi/osakishi,754,Seafood Restauranttakumi,,Japanese;Seafood;Japanese - Other ,seafood,ta,True
miyagi/osakishi,755,Riches of the Soil Directly Selling Daikyu,,Japanese;Japanese - Other ,japanese,ta,True
miyagi/osakishi,756,Charmant,,Cafe,cafe,ta,True
miyagi/osakishi,757,Kisetsuryori Tokiwa,,Japanese;Izakaya (Japanese Style Tavern),izakaya,ta,True
miyagi/osakishi,758,Tojiro,,Japanese;Japanese - Other ,japanese,ta,True
miyagi/osakishi,759,Coffee House Jun,,Cafe,cafe,ta,True
miyagi/osakishi,760,Eikoku Sabo Morisu,,,other,none,False
miyagi/osakishi,761,Egao Shokudo,,,other,none,False
miyagi/osakishi,762,Yasai Chubo Zen,,Healthy,other,none,False
miyagi/osakishi,763,Koyoken,,,other,none,False
miyagi/osakishi,764,Neneya Furukawa Ekimae,,Japanese;International;Japanese Fusion,japanese,ta,True
miyagi/osakishi,765,Shunmi Shusai Chubachi,,Japanese;Japanese - Traditional Cuisine;Kappo,japanese,ta,True
miyagi/osakishi,766,Kyujuan,,,other,none,False
miyagi/osakishi,767,Hatcho,,Barbecue,meat,ta,True
miyagi/osakishi,768,Iroha Shokudo Furukawa,,Japanese;International;Japanese - Other ,japanese,ta,True
miyagi/osakishi,769,Doppuri,,,other,none,False
miyagi/osakishi,770,Drive in Ootori,,Diner,casual,ta,True
miyagi/osakishi,771,Kei,,,other,none,False
miyagi/osakishi,772,Silver Spoon,,International,other,none,False
miyagi/osakishi,773,Freaks,,Japanese,japanese,ta,True
miyagi/osakishi,774,Hompo Ichinosaka Mochiya,,Japanese,japanese,ta,True
miyagi/osakishi,775,Lark,,Cafe,cafe,ta,True
miyagi/osakishi,776,Nandemoya,,Japanese,japanese,ta,True
miyagi/osakishi,777,Himalaya Furukawa,,Indian,curry,ta,True
miyagi/osakishi,778,Preri,,Barbecue,meat,ta,True
miyagi/osakishi,779,Inoue Shoten,,Japanese;Street Food,japanese,ta,True
miyagi/osakishi,780,Restaurant Date,,,other,none,False
miyagi/osakishi,781,Sabo krein,,,other,none,False
miyagi/osakishi,782,Hamazushi Osaki Furukawa Suwa,,Japanese;Sushi,seafood,ta,True
miyagi/osakishi,783,Mebuki,,Japanese;Japanese - Traditional Cuisine;Kaiseki,japanese,ta,True
miyagi/osakishi,784,Yuki Shokudo,,Japanese;International;Japanese - Other ,japanese,ta,True
miyagi/osakishi,785,Bellevue,,French,european,ta,True
miyagi/osakishi,786,ひかり鮨,,Japanese;Seafood;Sushi;Japanese - Other ,seafood,ta,True
miyagi/osakishi,787,Tea Maruyu,,Cafe,cafe,ta,True
miyagi/osakishi,788,Uebei Furukawa,,Japanese;Seafood;Sushi;Japanese - Other ,seafood,ta,True
miyagi/osakishi,789,Ann Marrone,,,other,none,False
miyagi/osakishi,790,Restaurant Suisha,,,other,none,False
miyagi/osakishi,791,Green Green Chojahara Nobori Restaurant,,,other,none,False
miyagi/osakishi,792,Ju Hachi Ban,,,other,none,False
miyagi/osakishi,793,Oishikoku Datena Ajikurabe Chojahara Sa Down,,,other,none,False
miyagi/osakishi,794,Saint Etoile,,,other,none,False
miyagi/osakishi,795,Ito Shoten Osaki,,,other,none,False
miyagi/osakishi,796,Stamina Taro Furukawa Sanbongi,,Japanese,japanese,ta,True
miyagi/osakishi,797,Kinchan Shokudo,,Japanese;International;Japanese - Other ,japanese,ta,True
miyagi/osakishi,798,Kantanya Chojahara SA,,,other,none,False
miyagi/osakishi,799,Kanade,,,other,none,False
miyagi/osakishi,800,Imamura Ya,,,other,none,False
miyagi/osakishi,801,Yukihana,,,other,none,False
miyagi/osakishi,802,Koryori Ichi,,Japanese;Japanese - Other ,japanese,ta,True
miyagi/osakishi,803,だんまや水産 リオーネ古川店,,Japanese,japanese,ta,True
miyagi/osakishi,804,One Shot Bar Nam,,,other,none,False
miyagi/osakishi,805,Kamon,,Japanese;Izakaya (Japanese Style Tavern),izakaya,ta,True
miyagi/osakishi,806,Ramen Hormone All Stars,,,other,none,False
miyagi/osakishi,807,Car Station Iwadeyama,,,other,none,False
miyagi/osakishi,808,Bon Bori,,Japanese - Other ,japanese,ta,True
miyagi/osakishi,809,Osakaya Pastry,,,other,none,False
miyagi/osakishi,810,Ramen Shop Tsubaki Matsuyama Sengoku,,Asian,chinese,ta,True
miyagi/osakishi,811,Genman,,Japanese;International;Japanese - Other ,japanese,ta,True
miyagi/osakishi,812,Rest House Kamuro,,International,other,none,False
miyagi/osakishi,813,Nabe Izakaya Oichi,,Grill,meat,desc,False
miyagi/osakishi,814,Senko Saibo 2Nd Store,,Chinese,chinese,ta,True
miyagi/osakishi,815,ふきのとう,,,other,none,False
miyagi/osakishi,816,Rest House Salute,,Japanese - Other ,japanese,ta,True
miyagi/osakishi,817,Satozoen,,Japanese,japanese,ta,True
miyagi/osakishi,818,Dosanko Kashimadai,,,other,none,False
miyagi/osakishi,819,Hannoki,,Cafe,cafe,ta,True
miyagi/osakishi,820,Big Star Nagoomian,,Fusion,other,none,False
miyagi/osakishi,821,Shoraku,,,other,none,False
miyagi/osakishi,822,開花亭 古川台町店,,Pub,izakaya,ta,True
miyagi/osakishi,823,Tokijiro Sushi,,Japanese;Seafood;Sushi;Japanese - Other ,seafood,ta,True
miyagi/osakishi,824,Sushi Dokoro Hezan,,Japanese;Seafood;Sushi;Japanese - Other ,seafood,ta,True
miyagi/osakishi,825,Shichirinyakiniku Fukuro,,Barbecue,meat,ta,True
miyagi/osakishi,826,Ajihei,,Asian,chinese,ta,True
miyagi/osakishi,827,Ramendo Sendaikko Furukawa,,Asian,chinese,ta,True
miyagi/osakishi,828,Beijing,,Chinese,chinese,ta,True
miyagi/osakishi,829,Uenono Rest House,,Asian,chinese,ta,True
miyagi/osakishi,830,Aburin,,Japanese,japanese,ta,True
miyagi/osakishi,831,Seiryu,,Chinese,chinese,ta,True
miyagi/osakishi,832,Yogoro Sushi,,Japanese;Seafood;Sushi;Japanese - Other ,seafood,ta,True
miyagi/osakishi,833,Nanbu Kajiki Furukawa,,Japanese;Japanese - Other ,japanese,ta,True
miyagi/osakishi,834,Heirokuzushi Furukawa Minami,,Japanese;Seafood;Sushi;Japanese - Other ,seafood,ta,True
miyagi/osakishi,835,Lodge Rempo,,Japanese,japanese,ta,True
miyagi/osakishi,836,Natal Coffee Beans,,Cafe,cafe,ta,True
miyagi/osakishi,837,Jolly Pasta Osaki Furukawa,,Italian,european,ta,True
miyagi/osakishi,838,Tampopo,,Asian,chinese,ta,True
miyagi/osakishi,839,Juraku Shokudo,,Japanese - Other ,japanese,ta,True
miyagi/osakishi,840,Edogawa,,Japanese;Japanese - Traditional Cuisine,japanese,ta,True
miyagi/osakishi,841,Chinese Komanen,,Chinese,chinese,ta,True
miyagi/osakishi,842,Keiaru,,Japanese;Izakaya (Japanese Style Tavern),izakaya,ta,True
miyagi/osakishi,843,Yakkozushi,,Japanese;Seafood;Sushi;Japanese - Other ,seafood,ta,True
miyagi/osakishi,844,Kotobukiya,,Asian,chinese,ta,True
miyagi/osakishi,845,Chiechan Shokudo,,Japanese;International;Japanese - Other ,japanese,ta,True
miyagi/osakishi,846,Meal Processing Endo,,Japanese,japanese,ta,True
miyagi/osakishi,847,Yokozunazushi,,Japanese;Seafood;Sushi;Japanese - Other ,seafood,ta,True
miyagi/osakishi,848,Onibe,,Izakaya (Japanese Style Tavern),izakaya,ta,True
miyagi/osakishi,849,Buckwheat Cafe Tdenden,,Japanese,japanese,ta,True
miyagi/osakishi,850,Restaurant Bar Garou,,Bar;Pub,izakaya,ta,True
miyagi/osakishi,851,Yakinikutachibana,,Barbecue,meat,ta,True
miyagi/osakishi,852,Yogoro Sushi Nishi Furukawa,,Japanese;Seafood;Sushi;Japanese - Other ,seafood,ta,True
miyagi/osakishi,853,Kisenzushi,,Japanese;Seafood;Sushi;Japanese - Other ,seafood,ta,True
miyagi/osakishi,854,Tapas,,Cafe,cafe,ta,True
miyagi/osakishi,855,Hayabusa Dininig Room,,,other,none,False
miyagi/osakishi,856,Ramen Shop Babaya,,,other,none,False
miyagi/osakishi,857,Ichikuri Shokudo,,Japanese,japanese,ta,True
miyagi/osakishi,858,Ban Ya Kashimadai,,,other,none,False
miyagi/osakishi,859,Gyokusendo,,,other,none,False
miyagi/osakishi,860,Ramen Shop Furukawa,,,other,none,False
miyagi/osakishi,861,Jidorina Furukawa,,Japanese,japanese,ta,True
miyagi/osakishi,862,Chelsea Cafe,,Cafe,cafe,ta,True
miyagi/osakishi,863,Chinese Cafeteria Hoikoro,,Chinese,chinese,ta,True
miyagi/osakishi,864,Belz,,Chinese,chinese,ta,True
miyagi/osakishi,865,Mikakuya,,Chinese;Japanese,chinese,ta,True
miyagi/osakishi,866,Ryuusuirou,,Chinese,chinese,ta,True
miyagi/osakishi,867,Monja Izakaya Tokko,,Japanese;Japanese - Other ,japanese,ta,True
miyagi/osakishi,868,Fukuro,,Japanese;Japanese - Other ,japanese,ta,True
miyagi/osakishi,869,Marumatsu Aeon Town Furukawa,,Japanese;Japanese - Other ,japanese,ta,True
miyagi/osakishi,870,Gochisokan Furukawa Eki Bldg,,Japanese,japanese,ta,True
miyagi/osakishi,871,Karaoke Yamabiko,,Cafe,cafe,ta,True
miyagi/osakishi,872,Shelly,,International,other,none,False
miyagi/osakishi,873,Kohanten,,Chinese,chinese,ta,True
miyagi/osakishi,874,Yakiniku Juen,,Barbecue,meat,ta,True
miyagi/osakishi,875,Billiards Cafe Inside,,Cafe,cafe,ta,True
miyagi/osakishi,876,Edomasasushi,,Japanese;Seafood;Sushi;Japanese - Other ,seafood,ta,True
miyagi/osakishi,877,Steakone Furukawaeki Higashi,,Steakhouse;International,meat,ta,True
miyagi/osakishi,878,Chinese Restaurant Mantensei Furukawa,,Chinese,chinese,ta,True
miyagi/osakishi,879,Cafe Karumu,,Cafe,cafe,ta,True
miyagi/osakishi,880,Beijing,,Chinese,chinese,ta,True
miyagi/osakishi,881,Lobster,,Japanese;Seafood;International;Japanese - Other ,seafood,ta,True
miyagi/osakishi,882,Roran,,Chinese,chinese,ta,True
miyagi/osakishi,883,Kinkaen,,Chinese,chinese,ta,True
miyagi/osakishi,884,Blue Heart,,Bar;Pub,izakaya,ta,True
miyagi/osakishi,885,Meal Processing Mayama,,Japanese;International,japanese,ta,True
miyagi/osakishi,886,Soba Kobo Mozume Soba,,,other,none,False
miyagi/osakishi,887,焼肉やぎや 古川店,,Japanese;Barbecue,meat,ta,True
miyagi/osakishi,888,Misojin,,,other,none,False
miyagi/osakishi,889,Calabash,,Caribbean;Pub;Jamaican,izakaya,ta,True
miyagi/osakishi,890,Chikuro,,Japanese;Japanese - Other ,japanese,ta,True
miyagi/osakishi,891,Restaurant Clown,,French,european,ta,True
miyagi/osakishi,892,Kotobuki,,Japanese;International,japanese,ta,True
miyagi/osakishi,893,Shidabashi Shokudo,,Japanese;International;Japanese - Other ,japanese,ta,True
miyagi/osakishi,894,Keema Curry and Chai Narusedo,,,other,none,False
miyagi/osakishi,895,Ration,,,other,none,False
miyagi/osakishi,896,Eitaro Furukawa,,,other,none,False
miyagi/osakishi,897,Jidai Ya Furukawa Bypass,,,other,none,False
miyagi/osakishi,898,Albist,,Pub;Gastropub;Dining bars,izakaya,ta,True
miyagi/osakishi,899,Furuya,,,other,none,False
miyagi/osakishi,900,Genkotsu Ya Furukawa Rocktown,,,other,none,False
miyagi/osakishi,901,Kitanoichiba Furukawa Ekimae,,,other,none,False
miyagi/osakishi,902,Chuka Shokudo Renge,,,other,none,False
miyagi/osakishi,903,Tea Sweets Store Charen,,Japanese sweets parlour,sweets,desc,False
miyagi/osakishi,904,Torichan Furukawa,,,other,none,False
miyagi/osakishi,905,ラーメンショップ 三本木店,,Asian,chinese,ta,True
miyagi/osakishi,906,Fumi Sushi,,Japanese;Sushi,seafood,ta,True
miyagi/osakishi,907,Takabibon,,Japanese;Sushi,seafood,ta,True
miyagi/osakishi,908,Debu,,Japanese,japanese,ta,True
miyagi/osakishi,909,Kompa K K,,Pub,izakaya,ta,True
miyagi/osakishi,910,Makiba,,Japanese,japanese,ta,True
miyagi/osakishi,911,Torai,,Japanese,japanese,ta,True
miyagi/osakishi,912,Kashima Ya Shokudo,,Japanese,japanese,ta,True
miyagi/osakishi,913,Manekineko Kashimadai,,International,other,none,False
miyagi/osakishi,914,Kappo Takumi,,Japanese;Kappo,japanese,ta,True
miyagi/osakishi,915,Irori,,International,other,none,False
miyagi/osakishi,916,Hino Pastry,,,other,none,False
miyagi/osakishi,917,Kagetsu,,Japanese,japanese,ta,True
miyagi/osakishi,918,Kamameshi Hyakuten Iwadeyama,,International,other,none,False
miyagi/osakishi,919,Tsukisekai,,International,other,none,False
miyagi/osakishi,920,Fukuda Confectionery,,,other,none,False
miyagi/osakishi,921,Dottoko,,Japanese;Izakaya (Japanese Style Tavern),izakaya,ta,True
miyagi/osakishi,922,Drive In Iwadeyama,,Japanese,japanese,ta,True
miyagi/osakishi,923,Akasaka,,Japanese;Japanese - Other ,japanese,ta,True
miyagi/osakishi,924,Kagetsu,,,other,none,False
miyagi/osakishi,925,Rakumitei Wa Oyama,,Japanese,japanese,ta,True
miyagi/osakishi,926,ことぶきや,,Japanese;International;Japanese - Other ,japanese,ta,True
miyagi/osakishi,927,Shofuku,,Izakaya (Japanese Style Tavern),izakaya,ta,True
miyagi/osakishi,928,Izakaya Sanzoku Shuka,,Izakaya (Japanese Style Tavern),izakaya,ta,True
miyagi/osakishi,929,Shirokujichu Furukawa,,,other,none,False
miyagi/osakishi,930,Hyakusukeya Kaikan,,International,other,none,False
miyagi/osakishi,931,Yomekko,,Japanese,japanese,ta,True
miyagi/osakishi,932,Melody Yuko,,Pub,izakaya,ta,True
miyagi/osakishi,933,Mayama Pastry,,,other,none,False
miyagi/osakishi,934,Fukudaya Pastry,,,other,none,False
miyagi/osakishi,935,Katoya,,,other,none,False
miyagi/osakishi,936,Shochan,,Japanese;International;Japanese - Other ,japanese,ta,True
miyagi/osakishi,937,Aji No Kittei,,,other,none,False
miyagi/osato,1,金天庵,そば、うどん,,noodles,tb,True
miyagi/osato,2,ミルク モンスター,ソフトクリーム,,sweets,tb,True
miyagi/osato,3,道の駅おおさと,道の駅,,other,none,False
miyagi/osato,4,旅人の食堂,洋食,,european,tb,True
miyagi/osato,5,とんこつラーメン　麺笑,ラーメン,,noodles,tb,True
miyagi/osato,6,麺屋 鶏楽,ラーメン,,noodles,tb,True
miyagi/osato,7,うまいもんや 夢花草屋,食堂,,casual,tb,True
miyagi/osato,8,ごはん+きっさ ひより,カフェ,,cafe,tb,True
miyagi/osato,9,秀寿司,寿司,,seafood,tb,True
miyagi/osato,10,中国菜館煌華,中華料理,,chinese,tb,True
miyagi/osato,11,食彩館,海鮮、洋食、中華料理,,seafood,tb,True
miyagi/osato,12,おおさと食堂,食堂、うどん、揚げ物,,casual,tb,True
miyagi/osato,13,俄飯店,食堂,,casual,tb,True
miyagi/osato,14,松島国際カントリークラブ,日本料理、ラーメン,,japanese,tb,True
miyagi/osato,15,うな遊 さかい,うなぎ、食堂,,seafood,tb,True
miyagi/osato,16,おおさとゴルフ倶楽部,その他,,other,none,False
miyagi/osato,17,北京,中華料理,,chinese,tb,True
miyagi/osato,18,支倉の浪漫,ジェラート・アイスクリーム、スイーツ,,sweets,tb,True
miyagi/osato,19,ベッセル,食堂,,casual,tb,True
miyagi/osato,20,しぶやんの珈琲店,カフェ,,cafe,tb,True
miyagi/osato,21,かのん精肉舗,コロッケ,,casual,tb,True
miyagi/osato,22,パン工房わ・は・わ,パン,,sweets,tb,True
miyagi/osato,23,セカンドキッチン 丸福食堂,食堂,,casual,tb,True
miyagi/osato,24,のうぎょうけんこうけんきゅうしょ,レストラン,,seafood,desc,False
miyagi/osato,25,セブンイレブン 大郷町店,コンビニ・スーパー,,daily,tb,True
miyagi/osato,26,セブンイレブン 大郷大松沢店,コンビニ・スーパー,,daily,tb,True
miyagi/osato,27,福美,カレー,,curry,tb,True
miyagi/osato,28,ボートピア大郷ファーストフードコーナー,おにぎり、その他,,casual,tb,True
miyagi/osato,29,餅カフェ Pettan,カフェ、郷土料理,,cafe,tb,True
miyagi/osato,30,雨月珈琲 大郷店,カフェ,,cafe,tb,True
miyagi/osato,31,Chugoku Saikan Koka,,Chinese,chinese,ta,True
miyagi/osato,32,Yumeminokuni Oshokujidokoro,,Japanese,japanese,ta,True
miyagi/osato,33,Moro Heiya,,Japanese;Fusion;Japanese Fusion,japanese,ta,True
miyagi/osato,34,Drive In Osato,,Seafood,seafood,ta,True
miyagi/osato,35,Chisan Restaurantosato,,Japanese;International;European;Japanese - Other ,european,ta,True
miyagi/osato,36,Shuccho Ramen,,,other,none,False
miyagi/osato,37,Marumiya Shokudo,,Japanese;International;Japanese - Other ,japanese,ta,True
miyagi/osato,38,Furusato,,Japanese;Japanese - Other ,japanese,ta,True
miyagi/osato,39,Ichizushi,,Japanese;Seafood;Sushi;Japanese - Other ,seafood,ta,True
miyagi/osato,40,Hiyori Horumon Osato,,,other,none,False
miyagi/rifu,1,らーめん 三福,ラーメン、つけ麺,,noodles,tb,True
miyagi/rifu,2,麺屋久兵衛,つけ麺、ラーメン,,noodles,tb,True
miyagi/rifu,3,らーめんかいじ 利府店,ラーメン、つけ麺,,noodles,tb,True
miyagi/rifu,4,コナズ珈琲 利府店,ハワイ料理、カフェ、パンケーキ,,cafe,tb,False
miyagi/rifu,5,田里津庵,日本料理、かき、海鮮,,japanese,tb,True
miyagi/rifu,6,稲庭うどん 瀧さわ家,うどん,,noodles,tb,True
miyagi/rifu,7,山形黒毛和牛 米沢牛焼肉 仔虎 利府店,焼肉,,meat,tb,True
miyagi/rifu,8,こまつや,食堂、ラーメン,,casual,tb,True
miyagi/rifu,9,mou mol molle,ケーキ、洋菓子,,sweets,tb,True
miyagi/rifu,10,味噌ラーメン はちべえ,ラーメン,,noodles,tb,True
miyagi/rifu,11,麺匠　大黒 利府中インター店,ラーメン、つけ麺,,noodles,tb,True
miyagi/rifu,12,北京,中華料理,,chinese,tb,True
miyagi/rifu,13,ラーメンショップ 加瀬店,ラーメン、つけ麺、餃子,,noodles,tb,True
miyagi/rifu,14,ドムドム ハンバーガー イオンモール新利府北館店,ハンバーガー,,casual,tb,True
miyagi/rifu,15,Café Restaurant BONANZA,洋食、パスタ、喫茶店,,european,tb,True
miyagi/rifu,16,利府ゴルフ倶楽部,中華料理、日本料理、レストラン,,chinese,tb,True
miyagi/rifu,17,五穀 利府店,食堂,,casual,tb,True
miyagi/rifu,18,サンタカフェ,カフェ、洋菓子,,cafe,tb,True
miyagi/rifu,19,まぐろ屋 やまもと イオンモール新利府店,海鮮丼,,seafood,tb,True
miyagi/rifu,20,十割そば 利府庵,そば,,noodles,tb,True
miyagi/rifu,21,モラモラカフェ,カフェ,,cafe,tb,True
miyagi/rifu,22,カフェレストラン・アリーノ,カフェ,,cafe,tb,True
miyagi/rifu,23,GODIVA イオンモール新利府南館店,チョコレート、カフェ,,sweets,tb,True
miyagi/rifu,24,ヴェル ドゥーラ,イタリアン,,european,tb,True
miyagi/rifu,25,和風れすとらん加瀬,居酒屋、日本料理,,izakaya,tb,True
miyagi/rifu,26,ばーすでい 利府菅谷台本店,パン,,sweets,tb,True
miyagi/rifu,27,自家製麺 いちむら 弍,ラーメン、つけ麺、油そば・まぜそば,,noodles,tb,True
miyagi/rifu,28,mameiro イオンスタイル新利府店,カフェ,,cafe,tb,True
miyagi/rifu,29,生石庵,カフェ,,cafe,tb,True
miyagi/rifu,30,かき焼処,かき、シーフード、日本料理,,seafood,tb,False
miyagi/rifu,31,仙台辛み噌ラーメン 味よし イオンモール新利府店,ラーメン,,noodles,tb,True
miyagi/rifu,32,宝中飯店,中華料理,,chinese,tb,True
miyagi/rifu,33,cafe ソノヒノキブン,カフェ,,cafe,tb,True
miyagi/rifu,34,ウジエスーパー 利府店,コンビニ・スーパー,,daily,tb,True
miyagi/rifu,35,コション パティスリーカフェ,ケーキ、パン、カフェ,,sweets,tb,True
miyagi/rifu,36,U cafe 利府店,ジューススタンド、パン、カフェ,,cafe,tb,True
miyagi/rifu,37,牛たんkitchenきすけ イオンモール新利府店,牛タン,,meat,tb,True
miyagi/rifu,38,カルビ丼とスン豆腐専門店 韓丼 利府店,焼肉、韓国料理,,meat,tb,True
miyagi/rifu,39,フレッシュ ヤマトク 本店,コンビニ・スーパー,,daily,tb,True
miyagi/rifu,40,浦嶋荘,ホテル,,other,none,False
miyagi/rifu,41,伊藤商店 利府店,ラーメン,,noodles,tb,True
miyagi/rifu,42,Rojiura Curry SAMURAI. 新利府南館店,スープカレー,,curry,tb,True
miyagi/rifu,43,かつグルメ 利府店,とんかつ、かつ丼、カレー,,meat,tb,True
miyagi/rifu,44,食事処 伊達商店,食堂、牛タン、弁当,,casual,tb,True
miyagi/rifu,45,京屋台 中華そば 古都ら イオンモール新利府北館店,ラーメン、つけ麺、カレー,,noodles,tb,True
miyagi/rifu,46,マルハのカルビ丼 イオンモール新利府 南館店,丼,,casual,tb,True
miyagi/rifu,47,ドライブイン化粧坂,食堂,,casual,tb,True
miyagi/rifu,48,そば処・梨郷,そば、うどん、かつ丼,,noodles,tb,True
miyagi/rifu,49,spica,パン、ベーグル,,sweets,tb,True
miyagi/rifu,50,Patisserie Hacchi,ケーキ,,sweets,tb,True
miyagi/rifu,51,獅子茶,ティースタンド、スイーツ,,sweets,tb,False
miyagi/rifu,52,吉田シフォン,ケーキ,,sweets,tb,True
miyagi/rifu,53,デイリーポート新鮮館 利府店,コンビニ・スーパー,,daily,tb,True
miyagi/rifu,54,上海常 イオンモール新利府店,中華料理,,chinese,tb,True
miyagi/rifu,55,すし清次郎 イオンモール新利府店,回転寿司,,seafood,tb,True
miyagi/rifu,56,アグリエの森 Leaf marche,その他,,other,none,False
miyagi/rifu,57,牛角食べ放題専門店 利府ペアガーデン店,焼肉,,meat,tb,True
miyagi/rifu,58,BALLER:S,カフェ,,cafe,tb,True
miyagi/rifu,59,インド料理 SALAAR,インド料理、インドカレー,,curry,tb,True
miyagi/rifu,60,果汁工房果琳 イオンモール新利府店,ジューススタンド,,cafe,tb,True
miyagi/rifu,61,ビアードパパの作りたて工房 イオンモール新利府店,シュークリーム,,other,none,False
miyagi/rifu,62,利府珈琲茶寮,カフェ,,cafe,tb,True
miyagi/rifu,63,らーめん堂仙台っ子 利府店,ラーメン,,noodles,tb,True
miyagi/rifu,64,肉のはせ川 利府店,ハンバーグ、ステーキ、ファミレス,,meat,tb,True
miyagi/rifu,65,Italian Kitchen VANSAN イオンモール新利府南館店,イタリアン、カフェ,,european,tb,True
miyagi/rifu,66,石窯パン工房  パンセ　 利府本店,パン、カフェ,,sweets,tb,True
miyagi/rifu,67,丸亀製麺 イオンモール利府,うどん,,noodles,tb,True
miyagi/rifu,68,赤い屋根,パスタ,,european,tb,True
miyagi/rifu,69,とんかつ新宿さぼてん イオンモール新利府南館店,とんかつ,,meat,tb,True
miyagi/rifu,70,ラーメン魁力屋 イオンモール新利府店,ラーメン,,noodles,tb,True
miyagi/rifu,71,メゾン・ド・フランス,フレンチ,,european,tb,True
miyagi/rifu,72,肉匠 鈴吉 イオンモール新利府店,その他,,other,none,False
miyagi/rifu,73,サーティーワンアイスクリーム イオンモール新利府南館店,ジェラート・アイスクリーム,,sweets,tb,True
miyagi/rifu,74,AEON CINEMA 新利府,その他,,other,none,False
miyagi/rifu,75,口福堂 イオンモール新利府店,どら焼き、大福,,sweets,tb,True
miyagi/rifu,76,やっぱりステーキ イオンモール新利府南館店,ステーキ,,meat,tb,True
miyagi/rifu,77,びっくりドンキー 利府店,ファミレス、ハンバーグ,,casual,tb,True
miyagi/rifu,78,星乃珈琲店 イオンモール新利府店,喫茶店、カフェ,,cafe,tb,True
miyagi/rifu,79,Heart Bread ANTIQUE イオンモール新利府南館店,パン,,sweets,tb,True
miyagi/rifu,80,スターバックスコーヒー イオンモール新利府南館1階店,カフェ,,cafe,tb,True
miyagi/rifu,81,松屋 春日PA下り線店,牛丼,,casual,tb,True
miyagi/rifu,82,カトーマロニエ 本店,ケーキ,,sweets,tb,True
miyagi/rifu,83,ミニストップ 春日PA下り店,コンビニ・スーパー,,daily,tb,True
miyagi/rifu,84,レーブ・ド・ルピナス,ケーキ,,sweets,tb,True
miyagi/rifu,85,しゃぶしゃぶ但馬屋 イオンモール新利府南館店,しゃぶしゃぶ,,meat,tb,True
miyagi/rifu,86,こけし庵,そば、オーガニック、うなぎ,,noodles,tb,True
miyagi/rifu,87,アグリサンタハウス,その他,,other,none,False
miyagi/rifu,88,喜久水庵 イオンモール新利府 北館店,その他,,other,none,False
miyagi/rifu,89,Bread Factory パン工場 イオンスタイル新利府店,パン、サンドイッチ,,sweets,tb,True
miyagi/rifu,90,十ちゃんの台所,カレー,,curry,tb,True
miyagi/rifu,91,イオンスタイル 新利府,コンビニ・スーパー,,daily,tb,True
miyagi/rifu,92,こもれび,その他,,other,none,False
miyagi/rifu,93,tsumiki,その他,,other,none,False
miyagi/rifu,94,フロ プレステージュ イオンモール新利府店,ケーキ,,sweets,tb,True
miyagi/rifu,95,サンズフルーツパーラー果蔵,フルーツパーラー,,other,none,False
miyagi/rifu,96,味噌乃屋 田所商店 イオンモール新利府南館店,ラーメン,,noodles,tb,True
miyagi/rifu,97,コメダ珈琲店 利府店,喫茶店,,cafe,tb,True
miyagi/rifu,98,大志軒 利府店,ラーメン,,noodles,tb,True
miyagi/rifu,99,テキサスキングステーキ イオンモール新利府南館店,ステーキ,,meat,tb,True
miyagi/rifu,100,牛たん炭焼 利久 イオンモール新利府店,牛タン、カレー、ハンバーグ,,meat,tb,True
miyagi/rifu,101,珈琲館 利府店,カフェ,,cafe,tb,True
miyagi/rifu,102,スターバックスコーヒー 利府街道店,カフェ,,cafe,tb,True
miyagi/rifu,103,虎包 イオンモール新利府北館店,中華料理,,chinese,tb,True
miyagi/rifu,104,魚べい 利府店,回転寿司,,seafood,tb,True
miyagi/rifu,105,マクドナルド イオンモール新利府店,ハンバーガー,,casual,tb,True
miyagi/rifu,106,H's CREAM イオンモール利府店,ジェラート・アイスクリーム、クレープ・ガレット、スイーツ,,sweets,tb,True
miyagi/rifu,107,あじわいの朝 利府店,その他,,other,none,False
miyagi/rifu,108,ねこねこチーズケーキ イオンモール新利府南館店,ケーキ,,sweets,tb,True
miyagi/rifu,109,LUPICIA イオンモール新利府南館店,その他,,other,none,False
miyagi/rifu,110,ふれあいマルシェ,その他,,other,none,False
miyagi/rifu,111,吉野家 ＦＣ利府店,牛丼、カレー、食堂,,casual,tb,True
miyagi/rifu,112,ココス 利府店,ファミレス,,casual,tb,True
miyagi/rifu,113,和風レストランまるまつ 利府店,ファミレス,,casual,tb,True
miyagi/rifu,114,マクドナルド 利府街道店,ハンバーガー、カフェ,,casual,tb,True
miyagi/rifu,115,松屋 春日PA上り線店,牛丼,,casual,tb,True
miyagi/rifu,116,サイゼリヤ イオンモール新利府店,ファミレス,,casual,tb,True
miyagi/rifu,117,くら寿司 利府店,回転寿司,,seafood,tb,True
miyagi/rifu,118,SUBWAY イオンモール新利府北館店,サンドイッチ,,sweets,tb,True
miyagi/rifu,119,ドトールコーヒーショップ イオンモール新利府南館店,カフェ,,cafe,tb,True
miyagi/rifu,120,バーガーキング イオンモール新利府店,ハンバーガー,,casual,tb,True
miyagi/rifu,121,ミスタードーナツ イオンモール新利府南館ショップ,ドーナツ,,sweets,tb,True
miyagi/rifu,122,果汁工房 果琳 イオンモール新利府 北館,ジューススタンド,,cafe,tb,True
miyagi/rifu,123,菓匠三全 イオンモール新利府 南館店,和菓子、洋菓子,,sweets,tb,True
miyagi/rifu,124,ミスタードーナツ イオンモール新利府北館ショップ,ドーナツ,,sweets,tb,True
miyagi/rifu,125,Dipper Dan CREPE イオンモール新利府 北館店,クレープ・ガレット,,sweets,tb,True
miyagi/rifu,126,週末びっくり市 利府店,その他,,other,none,False
miyagi/rifu,127,千の桜,カフェ,,cafe,tb,True
miyagi/rifu,128,久世福商店 イオンモール新利府南館店,その他,,other,none,False
miyagi/rifu,129,カフェレストラン バンビーナ,カフェ、ハンバーグ,,cafe,tb,True
miyagi/rifu,130,スーパーセンタートライアル 利府店,コンビニ・スーパー,,daily,tb,True
miyagi/rifu,131,いしのまき,居酒屋,,izakaya,tb,True
miyagi/rifu,132,ラーゴム珈琲豆店,コーヒースタンド,,cafe,tb,True
miyagi/rifu,133,Rire,タピオカ,,other,none,False
miyagi/rifu,134,グラン珈琲,その他,,other,none,False
miyagi/rifu,135,3COINS+plus イオンモール新利府店,その他,,other,none,False
miyagi/rifu,136,ドン・キホーテ 利府店,その他,,other,none,False
miyagi/rifu,137,ローソン 利府森郷店,コンビニ・スーパー,,daily,tb,True
miyagi/rifu,138,サトー商会 利府ペアガーデン店,コンビニ・スーパー,,daily,tb,True
miyagi/rifu,139,阿部蒲鉾店 イオンモール新利府 北館店,その他,,other,none,False
miyagi/rifu,140,無印良品 利府ライフガーデン店,その他,,other,none,False
miyagi/rifu,141,幸楽苑 利府森郷店,ラーメン,,noodles,tb,True
miyagi/rifu,142,モスバーガー 宮城利府店,ハンバーガー,,casual,tb,True
miyagi/rifu,143,築地銀だこ イオンモール新利府南館店,たこ焼き,,casual,tb,True
miyagi/rifu,144,築地銀だこ イオンモール新利府北館店,たこ焼き,,casual,tb,True
miyagi/rifu,145,韓美膳,韓国料理,,chinese,tb,True
miyagi/rifu,146,から揚げの天才 イオンモール新利府 北館店,からあげ,,meat,tb,True
miyagi/rifu,147,築地食堂 源ちゃん イオンモール新利府南館店,食堂、海鮮丼,,casual,tb,True
miyagi/rifu,148,カフェ グランブルー,カフェ,,cafe,tb,True
miyagi/rifu,149,笑家,居酒屋,,izakaya,tb,True
miyagi/rifu,150,すし処ウサ見,寿司,,seafood,tb,True
miyagi/rifu,151,開運丸,居酒屋、海鮮,,izakaya,tb,True
miyagi/rifu,152,食堂さくら,食堂,,casual,tb,True
miyagi/rifu,153,陶樹,喫茶店,,cafe,tb,True
miyagi/rifu,154,ハイボール酒場 シロクマ,居酒屋,,izakaya,tb,True
miyagi/rifu,155,スターバックスコーヒー イオンモール新利府南館2階店,カフェ,,cafe,tb,True
miyagi/rifu,156,ケンタッキーフライドチキン イオンモール新利府北館店,レストラン、鳥料理,,other,none,False
miyagi/rifu,157,銀座惣菜店,焼き鳥、鳥料理,,meat,tb,True
miyagi/rifu,158,LEMONADE by Lemonica イオンモール新利府店,ジューススタンド,,cafe,tb,True
miyagi/rifu,159,シャトレーゼ 利府店,ケーキ,,sweets,tb,True
miyagi/rifu,160,牛角焼肉食堂 イオンモール新利府北館店,食堂,,casual,tb,True
miyagi/rifu,161,Pastel イオンモール新利府南館店,プリン、洋菓子,,sweets,tb,False
miyagi/rifu,162,コージーコーナー イオン利府店,ケーキ,,sweets,tb,True
miyagi/rifu,163,養老乃瀧 利府駅前店,居酒屋、焼き鳥、海鮮,,izakaya,tb,True
miyagi/rifu,164,おむすび源ちゃん 新利府店,おにぎり、ティースタンド,,casual,tb,True
miyagi/rifu,165,ほっともっと 利府中央店,弁当,,casual,tb,True
miyagi/rifu,166,パン工場  利府店,パン、サンドイッチ,,sweets,tb,True
miyagi/rifu,167,ねこねこ食パン イオンモール新利府南館店,パン,,sweets,tb,True
miyagi/rifu,168,こーひーしょっぷ「ペア・パル」,カフェ、パン、スイーツ,,cafe,tb,True
miyagi/rifu,169,菓々yaki,カフェ、ケーキ,,cafe,tb,True
miyagi/rifu,170,カルディコーヒーファーム イオンモール新利府店,コーヒースタンド,,cafe,tb,True
miyagi/rifu,171,食事処 かず 利府店,食堂,,casual,tb,True
miyagi/rifu,172,蒲鉾本舗高政 ヨークベニマル利府店,日本料理,,japanese,tb,True
miyagi/rifu,173,ファミリーマート 利府街道店,コンビニ・スーパー,,daily,tb,True
miyagi/rifu,174,ミニストップ 春日パーキングエリア(PA)上り店,コンビニ・スーパー,,daily,tb,True
miyagi/rifu,175,ワンダーカレー,カレー,,curry,tb,True
miyagi/rifu,176,ウィズマム ヨークベニマル利府野中店,パン,,sweets,tb,True
miyagi/rifu,177,活魚料理 やすらぎ,海鮮、日本料理,,seafood,tb,True
miyagi/rifu,178,菜の花村 利府店,オーガニック,,other,none,False
miyagi/rifu,179,セブンイレブン 利府中央3丁目店,コンビニ・スーパー,,daily,tb,True
miyagi/rifu,180,キッチンポトス 利府店,食堂,,casual,tb,True
miyagi/rifu,181,Le Cresson ウジエスーパー利府店,パン,,sweets,tb,True
miyagi/rifu,182,すたみな太郎PREMIUM BUFFET 利府店,ビュッフェ、焼肉、寿司,,casual,tb,True
miyagi/rifu,183,イオンモール 新利府 北館,その他,,other,none,False
miyagi/rifu,184,蒲鉾本舗 高政 イオンモール新利府店,その他,,other,none,False
miyagi/rifu,185,春日屋酒店,その他,,other,none,False
miyagi/rifu,186,虎鉄,ハンバーグ,,meat,tb,True
miyagi/rifu,187,モーメント 利府店,食堂,,casual,tb,True
miyagi/rifu,188,LAWSON 利府飯土井店,コンビニ・スーパー,,daily,tb,True
miyagi/rifu,189,ててて天 イオンモール新利府南館店,天丼,,casual,tb,True
miyagi/rifu,190,Flying Tiger Copenhagen イオンモール新利府ストア,その他,,other,none,False
miyagi/rifu,191,白謙かまぼこ店 イオンスタイル新利府店,その他,,other,none,False
miyagi/rifu,192,Moff animal cafe イオンモール新利府店,カフェ,,cafe,tb,True
miyagi/rifu,193,パッチゲ,韓国料理,,chinese,tb,True
miyagi/rifu,194,ドミノ・ピザ 利府ペアガーデン店,ピザ,,european,tb,True
miyagi/rifu,195,だがしや,その他,,other,none,False
miyagi/rifu,196,こうそう 製麺科,その他,,other,none,False
miyagi/rifu,197,ファミリーマート 利府青山店,コンビニ・スーパー,,daily,tb,True
miyagi/rifu,198,甲本商店,丼,,casual,tb,True
miyagi/rifu,199,humming bird,パスタ,,european,tb,True
miyagi/rifu,200,SEA GARDEN,カフェ,,cafe,tb,True
miyagi/rifu,201,裁ちそば 市庵,そば,,noodles,tb,True
miyagi/rifu,202,小料理・あさみ,日本料理,,japanese,tb,True
miyagi/rifu,203,パティスリー ル・ボア ウジエスーパー利府店,ケーキ、マカロン、洋菓子,,sweets,tb,True
miyagi/rifu,204,Beijing,,Chinese,chinese,ta,True
miyagi/rifu,205,Taritsuan,,Japanese;Seafood;Japanese Fusion,seafood,ta,True
miyagi/rifu,206,Kenrifu Pair Garden,,Steakhouse,meat,ta,True
miyagi/rifu,207,Kotora Rifu,,,other,none,False
miyagi/rifu,208,Restaurant la France 2,,Seafood,seafood,ta,True
miyagi/rifu,209,Juwari Soba Rifuan,,Japanese;Japanese - Other ,japanese,ta,True
miyagi/rifu,210,Ramen Mifuku,,Japanese;Asian,chinese,ta,True
miyagi/rifu,211,Ito Store Rifu,,Asian,chinese,ta,True
miyagi/rifu,212,Restaurant Marumatsu Rifu,,Japanese;International;Japanese - Other ,japanese,ta,True
miyagi/rifu,213,Nanbuyashiki Corporation Rifu,,International,other,none,False
miyagi/rifu,214,Pepper Lunch Aeon Mall Rifu,,Fast Food,casual,ta,True
miyagi/rifu,215,Ramen Shop Kase,,,other,none,False
miyagi/rifu,216,Fupao Rifu,,Chinese,chinese,ta,True
miyagi/rifu,217,Le Ciel,,Cafe,cafe,ta,True
miyagi/rifu,218,Ramendo Sendaikko Rifu,,Asian,chinese,ta,True
miyagi/rifu,219,Mensho Daikoku Rifunaka Inter,,Asian,chinese,ta,True
miyagi/rifu,220,Ramen Kaiji Rifu,,Chinese;Asian,chinese,ta,True
miyagi/rifu,221,Yamacho Kadofuji Rifu,,Asian,chinese,ta,True
miyagi/rifu,222,Indian Curry Santa Rifu,,Indian,curry,ta,True
miyagi/rifu,223,Sanuki Kamaage Udon Marukame Seimen Aeon Mall Rifu,,Japanese,japanese,ta,True
miyagi/rifu,224,Mos Burger Miyagi Rifu,,Fast Food,casual,ta,True
miyagi/rifu,225,Kentucky Fried Chicken Aeon Mall Rifu,,Fast Food,casual,ta,True
miyagi/rifu,226,Arigatoya,,,other,none,False
miyagi/rifu,227,Coco s Japan,,Japanese;International,japanese,ta,True
miyagi/rifu,228,Food BuzZzur,,Italian;Japanese;Asian;Korean;Street Food,european,ta,True
miyagi/rifu,229,Staminataro Miyagi Rifu,,,other,none,False
miyagi/rifu,230,Wakabayashi Genzo Rifu Pair Garden,,Japanese;International;Barbecue;Sushi;Asian;Korean,seafood,ta,True
miyagi/rifu,231,Shirokujichu Kasuga Inbound,,Japanese,japanese,ta,True
miyagi/rifu,232,Ebisoba Ebisuke Aeon Mall Shinrifu,,Asian,chinese,ta,True
miyagi/rifu,233,Murasakiya Chukamentei,,,other,none,False
miyagi/rifu,234,Panse Rifu Main Store,,,other,none,False
miyagi/rifu,235,Fruit Juice Shop Karin Aeon Rifu,,Cafe,cafe,ta,True
miyagi/rifu,236,Chashuya Menya Okushu Shirakawa,,,other,none,False
miyagi/rifu,237,Oshokujidokoro Dateshoten,,Asian,chinese,ta,True
miyagi/rifu,238,Rikyo Sakaba Jonetsu Hormon,,,other,none,False
miyagi/rifu,239,Ramen Daishiken Rifu,,,other,none,False
miyagi/rifu,240,Kurahachi Aeon Mall Rifu,,Asian,chinese,ta,True
miyagi/rifu,241,Shinkajin,,,other,none,False
miyagi/rifu,242,Shinshun Ya Men Sendai,,,other,none,False
miyagi/rifu,243,Ekimae Horumon Hikari,,Barbecue,meat,ta,True
miyagi/rifu,244,Trattoria Itagaki,,,other,none,False
miyagi/rifu,245,Chinese Restaurant Kinraku,,Chinese,chinese,ta,True
miyagi/rifu,246,Drive In Keshozaka,,Japanese,japanese,ta,True
miyagi/rifu,247,Gohan Cafe Shirokujichu Rifu,,,other,none,False
miyagi/rifu,248,Gyutan Kitchen Kisuke Aeon Mall Shinrihu,,Japanese;Japanese Fusion,japanese,ta,True
miyagi/rifu,249,Rikyu Aeon Mall Shinrifuminamikan,,,other,none,False
miyagi/rifu,250,Live Fish Restaurant Yasuragi,,Japanese;Seafood;Japanese - Other ,seafood,ta,True
miyagi/rifu,251,Kurannkeri,,Cafe,cafe,ta,True
miyagi/rifu,252,Kandon Rifu,,,other,none,False
miyagi/rifu,253,Ajiyoshi Ramen Aeon Mall Shinrifu,,Asian,chinese,ta,True
miyagi/rifu,254,Akaoni,,Japanese;Japanese - Other ,japanese,ta,True
miyagi/rifu,255,Takumi No Men Bakuraku,,Chinese,chinese,ta,True
miyagi/rifu,256,Arinomi Mura,,Japanese - Other ,japanese,ta,True
miyagi/rifu,257,Chinese Restaurant Miman,,Chinese,chinese,ta,True
miyagi/rifu,258,Crayon Cafe,,International,other,none,False
miyagi/rifu,259,Yabusei,,Japanese,japanese,ta,True
miyagi/rifu,260,Sanrian,,Japanese;International;Japanese - Other ,japanese,ta,True
miyagi/rifu,261,Sansho,,Japanese,japanese,ta,True
miyagi/rifu,262,Izakaya Honoka,,Japanese,japanese,ta,True
miyagi/rifu,263,Sakae Sushi,,Japanese;Seafood;Sushi;Japanese - Other ,seafood,ta,True
miyagi/rifu,264,Quick Pasta Copin Rifu,,Italian,european,ta,True
miyagi/rifu,265,Juwarisoba,,,other,none,False
miyagi/rifu,266,Fuji,,Japanese;Izakaya (Japanese Style Tavern),izakaya,ta,True
miyagi/rifu,267,Sushi Seijiro Aeon Mall Shin Rifu South Bldg,,,other,none,False
miyagi/rifu,268,Oishian,,,other,none,False
miyagi/rifu,269,Meat Hasegawa Rifu,,,other,none,False
miyagi/rifu,270,31 Ice Cream Aeon Mall Rifu,,,other,none,False
miyagi/rifu,271,Korakuen Rifu,,,other,none,False
miyagi/sendai,1,松石,中華料理,,chinese,tb,True
miyagi/sendai,2,炭焼 おかげさん,焼き鳥,,meat,tb,True
miyagi/sendai,3,鮨德,寿司,,seafood,tb,True
miyagi/sendai,4,イル・ピッツァイオーロ,ピザ、イタリアン,,european,tb,True
miyagi/sendai,5,hou,焼き鳥,,meat,tb,True
miyagi/sendai,6,バー アンダンテ,バー,,izakaya,tb,True
miyagi/sendai,7,sou,焼き鳥,,meat,tb,True
miyagi/sendai,8,梵くら,かき氷,,sweets,tb,True
miyagi/sendai,9,カズノリ イケダ アンディヴィデュエル エスパル仙台店,ケーキ、マカロン、チョコレート,,sweets,tb,True
miyagi/sendai,10,賣茶翁,和菓子、甘味処、かき氷,,sweets,tb,True
miyagi/sendai,11,arkua,フレンチ、ワインバー,,european,tb,True
miyagi/sendai,12,ナクレ,フレンチ,,european,tb,True
miyagi/sendai,13,仙台中華そば 銘店嘉一 国分町店,ラーメン,,noodles,tb,True
miyagi/sendai,14,フレンチレストラン・プレジール,フレンチ,,european,tb,True
miyagi/sendai,15,鮨 いわ貴,寿司,,seafood,tb,True
miyagi/sendai,16,日本料理 e.,日本料理,,japanese,tb,True
miyagi/sendai,17,ピッツェリア デ ナプレ,ピザ、イタリアン,,european,tb,True
miyagi/sendai,18,牛たん料理 閣 ブランドーム本店,牛タン、郷土料理、焼肉,,meat,tb,True
miyagi/sendai,19,だし廊 仙台南町通り本店,ラーメン,,noodles,tb,True
miyagi/sendai,20,ル・バール カワゴエ,バー,,izakaya,tb,True
miyagi/shibatacho,1,麺 ゆるり,ラーメン,,noodles,tb,True
miyagi/shibatacho,2,花いかだ,そば、天ぷら、スイーツ,,noodles,tb,True
miyagi/shibatacho,3,めん屋 みの家,ラーメン,,noodles,tb,True
miyagi/shibatacho,4,麺組みなみ,ラーメン,,noodles,tb,True
miyagi/shibatacho,5,らぁめん ソメイヨシ乃,ラーメン,,noodles,tb,True
miyagi/shibatacho,6,とんかつ夕やけ,とんかつ,,meat,tb,True
miyagi/shibatacho,7,はたはた,居酒屋,,izakaya,tb,True
miyagi/shibatacho,8,そば日和,そば,,noodles,tb,True
miyagi/shibatacho,9,郷家精肉店,惣菜・デリ、コロッケ,,casual,tb,True
miyagi/shibatacho,10,noodle shop yatsuboshi,ラーメン、油そば・まぜそば,,noodles,tb,True
miyagi/shibatacho,11,手打ち蕎麦 いとう,そば,,noodles,tb,True
miyagi/shibatacho,12,江戸廣寿司,寿司,,seafood,tb,True
miyagi/shibatacho,13,マーブルマーブル,ケーキ、カフェ,,sweets,tb,True
miyagi/shibatacho,14,リトル・ハウス,ハンバーグ、ステーキ、パスタ,,meat,tb,True
miyagi/shibatacho,15,フリゴレス,カフェ、スリランカ料理,,cafe,tb,True
miyagi/shibatacho,16,ibis cafe 船岡,カフェ,,cafe,tb,True
miyagi/shibatacho,17,こうのとり茶寮,そば、ソフトクリーム、かき氷,,noodles,tb,True
miyagi/shibatacho,18,ホルモン 炎,焼肉、ホルモン、ラーメン,,meat,tb,True
miyagi/shibatacho,19,ちどり麺,ラーメン,,noodles,tb,True
miyagi/shibatacho,20,蕎麦処 むらかみ,そば,,noodles,tb,True
miyagi/shibatacho,21,CAFE橙,カフェ、パスタ、カレー,,cafe,tb,True
miyagi/shibatacho,22,むすび亭 おとわ,おにぎり,,casual,tb,True
miyagi/shibatacho,23,お食事処桜,日本料理、居酒屋、海鮮,,japanese,tb,True
miyagi/shibatacho,24,ラ・ルチア,イタリアン,,european,tb,True
miyagi/shibatacho,25,中国家庭料理城香亭,中華料理、飲茶・点心、ラーメン,,chinese,tb,True
miyagi/shibatacho,26,まんぷく食堂,食堂,,casual,tb,True
miyagi/shibatacho,27,蓑寿司,寿司,,seafood,tb,True
miyagi/shibatacho,28,仙台屋菓子本舗,和菓子、洋菓子,,sweets,tb,True
miyagi/shibatacho,29,焼肉重慶,焼肉,,meat,tb,True
miyagi/shibatacho,30,ナルミ・キッチン,食堂、カフェ,,casual,tb,True
miyagi/shibatacho,31,ibis cafe 槻木,カフェ、喫茶店,,cafe,tb,True
miyagi/shibatacho,32,ごはんと菓とさくらkitchen,郷土料理、カフェ,,japanese,tb,True
miyagi/shibatacho,33,昇福亭食堂,ラーメン,,noodles,tb,True
miyagi/shibatacho,34,らーめん ぜん助,ラーメン,,noodles,tb,True
miyagi/shibatacho,35,パオーーン,インドカレー,,curry,tb,True
miyagi/shibatacho,36,好蘭,中華料理,,chinese,tb,True
miyagi/shibatacho,37,John Bradley cafe,ハンバーガー、カフェ,,casual,tb,True
miyagi/shibatacho,38,KitchenHaru,洋食,,european,tb,True
miyagi/shibatacho,39,みそまる麺次郎,ラーメン,,noodles,tb,True
miyagi/shibatacho,40,自然休養村太陽の村,ラーメン、郷土料理,,noodles,tb,True
miyagi/shibatacho,41,せんだい屋,食堂、うどん、そば,,casual,tb,True
miyagi/shibatacho,42,町田商店 柴田バイパス店,ラーメン,,noodles,tb,True
miyagi/shibatacho,43,表蔵王国際ゴルフクラブ レストラン,その他,,other,none,False
miyagi/shibatacho,44,酒菜亭,居酒屋,,izakaya,tb,True
miyagi/shibatacho,45,船岡城址公園 さくらの里,その他,,other,none,False
miyagi/shibatacho,46,くりえいと柴田 石窯ピザと牛タンの店 らぽるの森,ピザ、パスタ、牛タン,,european,tb,True
miyagi/shibatacho,47,仙加苑  柴田店,和菓子、洋菓子,,sweets,tb,True
miyagi/shibatacho,48,comemeぱん,パン,,sweets,tb,True
miyagi/shibatacho,49,ベニーズ 柴田店,中華料理、ラーメン、カフェ,,chinese,tb,True
miyagi/shibatacho,50,桜の小町,喫茶店,,cafe,tb,True
miyagi/shibatacho,51,しそまきやY・Y,売店,,casual,tb,True
miyagi/shibatacho,52,村田や,食堂、居酒屋,,casual,tb,True
miyagi/shibatacho,53,松ちゃん食堂,食堂,,casual,tb,True
miyagi/shibatacho,54,丼屋 ごんちゃん,海鮮丼、丼,,seafood,tb,True
miyagi/shibatacho,55,平井菓子店,和菓子,,sweets,tb,True
miyagi/shibatacho,56,炭火焼肉桂,焼肉,,meat,tb,True
miyagi/shibatacho,57,ホルモン きょうちゃん,ホルモン,,meat,tb,True
miyagi/shibatacho,58,味匠庵,そば,,noodles,tb,True
miyagi/shibatacho,59,インドカレー&ネパール料理 ネワ,カレー,,curry,tb,True
miyagi/shibatacho,60,フライングバード 仙台大学前店,からあげ,,meat,tb,True
miyagi/shibatacho,61,cocon,パン,,sweets,tb,True
miyagi/shibatacho,62,ちよちゃん食堂,食堂,,casual,tb,True
miyagi/shibatacho,63,まるかわや,居酒屋,,izakaya,tb,True
miyagi/shibatacho,64,天空カフェ,甘味処,,sweets,tb,True
miyagi/shibatacho,65,中華そば専門 田中そば店 船岡店,ラーメン,,noodles,tb,True
miyagi/shibatacho,66,はま寿司 4号柴田店,回転寿司,,seafood,tb,True
miyagi/shibatacho,67,サイゼリヤ イオンタウン柴田店,ファミレス、イタリアン、パスタ,,casual,tb,True
miyagi/shibatacho,68,柚子のあぜ道 雨乞のかえる,ラーメン、日本料理、オーベルジュ,,noodles,tb,True
miyagi/shibatacho,69,月の涙 ,居酒屋、創作料理、日本料理,,izakaya,tb,True
miyagi/shibatacho,70,SakurABi,ラーメン、カフェ,,noodles,tb,True
miyagi/shibatacho,71,cafe le Ciel,カフェ,,cafe,tb,True
miyagi/shibatacho,72,Hungry Cafe,カフェ,,cafe,tb,True
miyagi/shibatacho,73,お好み焼き ナニワ,お好み焼き、もんじゃ焼き,,casual,tb,True
miyagi/shibatacho,74,なすがまま,カフェ,,cafe,tb,True
miyagi/shibatacho,75,クレープハウスCONA,クレープ・ガレット,,sweets,tb,True
miyagi/shibatacho,76,串やき 蔵王,焼き鳥,,meat,tb,True
miyagi/shibatacho,77,幸楽苑 柴田店,ラーメン、つけ麺,,noodles,tb,True
miyagi/shibatacho,78,すき家 4号柴田店,牛丼、カレー、食堂,,casual,tb,True
miyagi/shibatacho,79,mino,焼き鳥,,meat,tb,True
miyagi/shibatacho,80,レストランサバ,居酒屋、洋食、オムライス,,izakaya,tb,True
miyagi/shibatacho,81,マルコ,その他,,other,none,False
miyagi/shibatacho,82,ホテル原田 in さくら,レストラン,,other,none,False
miyagi/shibatacho,83,カフェ アンダンテ,カフェ,,cafe,tb,True
miyagi/shibatacho,84,庵蔵,居酒屋,,izakaya,tb,True
miyagi/shibatacho,85,お団子処 しらさぎ,甘味処,,sweets,tb,True
miyagi/shibatacho,86,お食事処とんぼ,食堂、麺類、揚げ物,,casual,tb,True
miyagi/shibatacho,87,ミニストップ 宮城船岡中央店,コンビニ・スーパー,,daily,tb,True
miyagi/shibatacho,88,居酒屋くぼた,居酒屋,,izakaya,tb,True
miyagi/shibatacho,89,菓子処 江戸屋本店,和菓子,,sweets,tb,True
miyagi/shibatacho,90,ザ・ビッグ 柴田店,コンビニ・スーパー,,daily,tb,True
miyagi/shibatacho,91,あじわいの朝 船岡店,その他,,other,none,False
miyagi/shibatacho,92,炭火焼肉 宿,焼肉、もつ鍋、ホルモン,,meat,tb,True
miyagi/shibatacho,93,はらから福祉会,その他,,other,none,False
miyagi/shibatacho,94,トルシェ,ソフトクリーム,,sweets,tb,True
miyagi/shibatacho,95,麺や つばさ,ラーメン,,noodles,tb,True
miyagi/shibatacho,96,ざっと昔,喫茶店,,cafe,tb,True
miyagi/shibatacho,97,ゆたかや,その他,,other,none,False
miyagi/shibatacho,98,LAWSON 柴田槻木,コンビニ・スーパー,,daily,tb,True
miyagi/shibatacho,99,そば柴田,食堂,,casual,tb,True
miyagi/shibatacho,100,魚健,海鮮、惣菜・デリ,,seafood,tb,True
miyagi/shibatacho,101,道とん堀 船岡店,お好み焼き,,casual,tb,True
miyagi/shibatacho,102,マクドナルド ザ・ビッグ柴田店,ハンバーガー,,casual,tb,True
miyagi/shibatacho,103,情熱食堂 柴田店,食堂,,casual,tb,True
miyagi/shibatacho,104,ほっともっと 船岡店,弁当,,casual,tb,True
miyagi/shibatacho,105,パン工場 船岡店,パン,,sweets,tb,True
miyagi/shibatacho,106,幸楽苑のからあげ家 柴田店,弁当、からあげ,,casual,tb,True
miyagi/shibatacho,107,あじまん ホーマック柴田店,たい焼き・大判焼き,,sweets,tb,True
miyagi/shibatacho,108,平禄寿司 宮城柴田船岡店,回転寿司、海鮮、海鮮丼,,seafood,tb,True
miyagi/shibatacho,109,セブンイレブン 柴田四日市場店,コンビニ・スーパー,,daily,tb,True
miyagi/shibatacho,110,ミニストップ 東船迫店,コンビニ・スーパー,,daily,tb,True
miyagi/shibatacho,111,ミニストップ 宮城柴田剣崎店,コンビニ・スーパー,,daily,tb,True
miyagi/shibatacho,112,セブンイレブン 柴田船岡上大原店,コンビニ・スーパー,,daily,tb,True
miyagi/shibatacho,113,ねぎや,居酒屋,,izakaya,tb,True
miyagi/shibatacho,114,ヨークベニマル 柴田店,コンビニ・スーパー,,daily,tb,True
miyagi/shibatacho,115,デイズボックス,カフェ,,cafe,tb,True
miyagi/shibatacho,116,まつや,レストラン,,other,none,False
miyagi/shibatacho,117,くさか菓子店,和菓子、洋菓子,,sweets,tb,True
miyagi/shibatacho,118,食彩酒房旬,居酒屋,,izakaya,tb,True
miyagi/shibatacho,119,モンペリエ ヨークベニマル柴田店,パン、サンドイッチ,,sweets,tb,True
miyagi/shibatacho,120,DEAR やさしいお菓子とパンのお店,パン、洋菓子、ソフトクリーム,,sweets,tb,True
miyagi/shibatacho,121,メリー チョコレート イオン船岡店,チョコレート、洋菓子,,sweets,tb,True
miyagi/shibatacho,122,oyatsuya emyan,洋菓子,,sweets,tb,True
miyagi/shibatacho,123,イオン 船岡店,コンビニ・スーパー,,daily,tb,True
miyagi/shibatacho,124,さくらキッチン 船岡店,弁当、惣菜・デリ,,casual,tb,True
miyagi/shibatacho,125,ごはんやさん,居酒屋、食堂,,izakaya,tb,True
miyagi/shibatacho,126,今野屋,和菓子,,sweets,tb,True
miyagi/shibatacho,127,LAWSON 柴田下名生店,コンビニ・スーパー,,daily,tb,True
miyagi/shibatacho,128,おけい,食堂,,casual,tb,True
miyagi/shibatacho,129,不二家 ヨークベニマル柴田店,ケーキ、洋菓子,,sweets,tb,True
miyagi/shibatacho,130,ホルモンこまち,焼肉,,meat,tb,True
miyagi/shibatacho,131,ニューデイズ槻木,コンビニ・スーパー,,daily,tb,True
miyagi/shibatacho,132,chérie.noëlia,洋菓子,,sweets,tb,True
miyagi/shibatacho,133,Muffin&Deli Nano,スイーツ、惣菜・デリ,,sweets,tb,True
miyagi/shibatacho,134,宴の一,居酒屋、もつ鍋、日本酒バー,,izakaya,tb,True
miyagi/shibatacho,135,セブンイレブン 柴田槻木上町店,コンビニ・スーパー,,daily,tb,True
miyagi/shibatacho,136,ナルミ・キッチン ラボ,スイーツ、和菓子、洋菓子,,sweets,tb,True
miyagi/shibatacho,137,笑楽,居酒屋,,izakaya,tb,True
miyagi/shibatacho,138,為吾郎,タイ料理,,chinese,tb,True
miyagi/shibatacho,139,A・COOP 槻木店,コンビニ・スーパー,,daily,tb,True
miyagi/shibatacho,140,酒場リライフ,居酒屋,,izakaya,tb,True
miyagi/shibatacho,141,月と杏 創作バル,居酒屋、ダイニングバー,,izakaya,tb,True
miyagi/shibatacho,142,ファミリーマート 船岡中央店,コンビニ・スーパー,,daily,tb,True
miyagi/shibatacho,143,馬上かまぼこ店 船岡店,郷土料理,,japanese,tb,True
miyagi/shibatacho,144,セブン-イレブン 柴田船岡入袋店,コンビニ・スーパー,,daily,tb,True
miyagi/shibatacho,145,くりえいと柴田,その他,,other,none,False
miyagi/shibatacho,146,里べえ,おにぎり、弁当,,casual,tb,True
miyagi/shibatacho,147,ファミリーマート 船岡東4丁目店,コンビニ・スーパー,,daily,tb,True
miyagi/shibatacho,148,LAWSON 柴田西船迫店,コンビニ・スーパー,,daily,tb,True
miyagi/shibatacho,149,ニューデイズ船岡,コンビニ・スーパー,,daily,tb,True
miyagi/shibatacho,150,イトーチェーン 柴田船迫店,コンビニ・スーパー,,daily,tb,True
miyagi/shibatacho,151,居酒屋 友,居酒屋,,izakaya,tb,True
miyagi/shibatacho,152,旬彩味こおこう,居酒屋,,izakaya,tb,True
miyagi/shibatacho,153,華○,居酒屋,,izakaya,tb,True
miyagi/shibatacho,154,セブンイレブン 柴田バイパス店,コンビニ・スーパー,,daily,tb,True
miyagi/shibatacho,155,寿し政,寿司,,seafood,tb,True
miyagi/shibatacho,156,ニューヤマザキデイリーストア 船岡駐屯地店,コンビニ・スーパー,,daily,tb,True
miyagi/shibatacho,157,とみ寿司,寿司,,seafood,tb,True
miyagi/shibatacho,158,セブンイレブン 柴田船岡新栄店,コンビニ・スーパー,,daily,tb,True
miyagi/shibatacho,159,王将寿司,寿司,,seafood,tb,True
miyagi/shibatacho,160,セブンイレブン 柴田西船迫1丁目店,コンビニ・スーパー,,daily,tb,True
miyagi/shibatacho,161,花菜,日本料理,,japanese,tb,True
miyagi/shibatacho,162,一寸法師,レストラン,,other,none,False
miyagi/shibatacho,163,本家かまどや 船岡店,弁当,,casual,tb,True
miyagi/shibatacho,164,カフェ＆トレトゥール パレット,喫茶店,,cafe,tb,True
miyagi/shibatacho,165,フレスコキクチ 柴田店,コンビニ・スーパー,,daily,tb,True
miyagi/shibatacho,166,さくら,居酒屋,,izakaya,tb,True
miyagi/shibatacho,167,めん太郎 柴田町店,うどん、そば、ラーメン,,noodles,tb,True
miyagi/shibatacho,168,ホルモン屋とん吉,焼肉,,meat,tb,True
miyagi/shibatacho,169,迫寿司,寿司,,seafood,tb,True
miyagi/shibatacho,170,Mori no Pizza Factory Revoir,,Italian;Pizza,european,ta,True
miyagi/shibatacho,171,Taiyo no Mura Tabedokoro,,Japanese,japanese,ta,True
miyagi/shibatacho,172,Soba Biyori,,Japanese;Japanese - Other ,japanese,ta,True
miyagi/shibatacho,173,Chinese Home Cooking Jokotei,,Chinese,chinese,ta,True
miyagi/shibatacho,174,Okuma Tei,,Japanese,japanese,ta,True
miyagi/shibatacho,175,Jin Ya,,,other,none,False
miyagi/shibatacho,176,Nihei Side Dish Store,,Japanese,japanese,ta,True
miyagi/shibatacho,177,Italian Restaurant Napoli,,Italian,european,ta,True
miyagi/shibatacho,178,La Nature,,French,european,ta,True
miyagi/shibatacho,179,Kui Dokoro Kyube,,,other,none,False
miyagi/shibatacho,180,Heirokuzushi Funaoka,,Japanese;Seafood;Sushi;Japanese - Other ,seafood,ta,True
miyagi/shibatacho,181,Yakitori Daikichi Tsukinoki,,Japanese,japanese,ta,True
miyagi/shibatacho,182,Haubing Bakery,,,other,none,False
miyagi/shibatacho,183,Yakitori Daikichi Funaoka,,Japanese;Japanese - Other ,japanese,ta,True
miyagi/shibatacho,184,Genkotsuya,,,other,none,False
miyagi/shibatacho,185,Aji Dokoro Wagaya,,Japanese;Izakaya (Japanese Style Tavern),izakaya,ta,True
miyagi/shibatacho,186,Taruya Inshokuten,,Japanese;Japanese - Other ,japanese,ta,True
miyagi/shibatacho,187,Dosanko Tsukinoki,,Asian,chinese,ta,True
miyagi/shibatacho,188,Sobakazu,,Japanese;Japanese - Other ,japanese,ta,True
miyagi/shibatacho,189,Komaen,,Chinese,chinese,ta,True
miyagi/shibatacho,190,Chinese Noodle Hiro,,Chinese;Asian,chinese,ta,True
miyagi/shibatacho,191,Erefanta,,Indian,curry,ta,True
miyagi/shibatacho,192,Sunset Blue Bird,,Japanese;International,japanese,ta,True
miyagi/shibatacho,193,Chotto Yottekube,,Izakaya (Japanese Style Tavern),izakaya,ta,True
miyagi/shibatacho,194,Snack Yuu,,,other,none,False
miyagi/shibatacho,195,Suiren,,Japanese;Japanese - Other ,japanese,ta,True
miyagi/shibatacho,196,Yumesaki Shubo Tsuki No Namida ,,Japanese;Izakaya (Japanese Style Tavern);Japanese Fusion,izakaya,ta,True
miyagi/shibatacho,197,養老乃瀧 船岡店,,Japanese;Izakaya (Japanese Style Tavern),izakaya,ta,True
miyagi/shibatacho,198,Stone Oven Pizza and Beef Tongue Store Raporu No Mori,,Italian,european,ta,True
miyagi/shibatacho,199,Ogino Shokudo,,Japanese;International;Japanese - Other ,japanese,ta,True
miyagi/shibatacho,200,Little House,,International;Fusion,other,none,False
miyagi/shibatacho,201,Kiraifu,,Chinese,chinese,ta,True
miyagi/shibatacho,202,Hormone Yatonkichi,,Japanese;Barbecue,meat,ta,True
miyagi/shibatacho,203,Hazama Sushi,,Japanese;Seafood;Sushi;Japanese - Other ,seafood,ta,True
miyagi/shibatacho,204,Chinese Restaurant Miyoshi,,Chinese,chinese,ta,True
miyagi/shibatacho,205,Cake Store Santa Claus,,,other,none,False
miyagi/shibatacho,206,Sherry,,Bar;Pub,izakaya,ta,True
miyagi/shibatacho,207,Daio Ramen,,,other,none,False
miyagi/shibatacho,208,Osho Sushi,,Japanese;Seafood;Sushi;Japanese - Other ,seafood,ta,True
miyagi/shibatacho,209,Hirozushi,,Japanese;Seafood;Sushi;Japanese - Other ,seafood,ta,True
miyagi/shibatacho,210,Endo Ya Shokudo,,Japanese,japanese,ta,True
miyagi/shibatacho,211,Warabe,,Japanese,japanese,ta,True
miyagi/shibatacho,212,Karaoke Shofukutei Crayon Funaoka,,International,other,none,False
miyagi/shibatacho,213,Sushi Masa,,Japanese;Sushi,seafood,ta,True
miyagi/shibatacho,214,Jonetsu Shokudo Shibata,,Japanese;International,japanese,ta,True
miyagi/shibatacho,215,Kai,,Japanese,japanese,ta,True
miyagi/shibatacho,216,Robatayai Zeigo,,Japanese,japanese,ta,True
miyagi/shibatacho,217,Suzume Sushi,,Japanese;Seafood;Sushi;Japanese - Other ,seafood,ta,True
miyagi/shibatacho,218,Issumboshi,,Japanese;International;Japanese - Other ,japanese,ta,True
miyagi/shibatacho,219,Ninjin Shokujidokoro,,Japanese,japanese,ta,True
miyagi/shibatacho,220,Shunsaiajikoko,,Japanese,japanese,ta,True
miyagi/shibatacho,221,Patisserie Tanto,,,other,none,False
miyagi/shibatacho,222,Dining Bar Hana Hana,,Bar;Pub;Dining bars,izakaya,ta,True
miyagi/shibatacho,223,Ajisai,,Japanese;International;Japanese - Other ,japanese,ta,True
miyagi/shibatacho,224,Asunaro,,,other,none,False
miyagi/shibatacho,225,Snack Bob,,,other,none,False
miyagi/shibatacho,226,Oil Buckwheat Hatena Sendai Daigakumae,,,other,none,False
miyagi/shibatacho,227,Rest Pub Lazaro,,Pub,izakaya,ta,True
miyagi/shibatacho,228,Izakaya Tomo,,Izakaya (Japanese Style Tavern),izakaya,ta,True
miyagi/shibatacho,229,Kazuki,,Japanese;Izakaya (Japanese Style Tavern),izakaya,ta,True
miyagi/shibatacho,230,Bohemian Viva,,Pub,izakaya,ta,True
miyagi/shibatacho,231,Wayawaya,,,other,none,False
miyagi/shibatacho,232,Izakaya Sakuraba,,Pub,izakaya,ta,True
miyagi/shibatacho,233,Ebisuya Hompo,,Japanese,japanese,ta,True
miyagi/shibatacho,234,Japanese Kitchen Hana,,Japanese,japanese,ta,True
miyagi/shibatacho,235,Ebisuya Hompo Shibata,,,other,none,False
miyagi/shibatacho,236,Horyu,,,other,none,False
miyagi/shibatacho,237,Ippukutei,,,other,none,False
miyagi/shibatacho,238,Shoraku,,Japanese;Izakaya (Japanese Style Tavern),izakaya,ta,True
miyagi/shibatacho,239,Moby Dick,,Bar;Pub,izakaya,ta,True
miyagi/shibatacho,240,Happy Heart,,Pub,izakaya,ta,True
miyagi/shichigahama,1,シチノカフェ&ピッツァ,カフェ,,cafe,tb,True
miyagi/shichigahama,2,ARTCAFEBAR SEASAW,カフェ、洋食、バー,,cafe,tb,True
miyagi/shichigahama,3,浜の七光り,海鮮,,seafood,tb,True
miyagi/shichigahama,4,和食家TADA,レストラン,,other,none,False
miyagi/shichigahama,5,かみ村,日本料理,,japanese,tb,True
miyagi/shichigahama,6,ソフトクリームNana,ソフトクリーム,,sweets,tb,True
miyagi/shichigahama,7,Luana Garden Place,カフェ,,cafe,tb,True
miyagi/shichigahama,8,カフェ ラ ルナ,カフェ、ヨーロッパ料理、ケーキ,,cafe,tb,True
miyagi/shichigahama,9,一匠庵,そば、天ぷら、天丼,,noodles,tb,True
miyagi/shichigahama,10,菜菜cafe,カフェ、オーガニック,,cafe,tb,True
miyagi/shichigahama,11,日和,そば,,noodles,tb,True
miyagi/shichigahama,12,とんかつ すず広,とんかつ,,meat,tb,True
miyagi/shichigahama,13,喜ぜん寿司,寿司,,seafood,tb,True
miyagi/shichigahama,14,EAST COAST BURGER SHOP,ハンバーガー,,casual,tb,True
miyagi/shichigahama,15,シチノ焙煎所,コーヒースタンド,,cafe,tb,True
miyagi/shichigahama,16,まんぷく食堂,食堂,,casual,tb,True
miyagi/shichigahama,17,CAFE Greedy,カフェ,,cafe,tb,True
miyagi/shichigahama,18,海鮮処 魚将,海鮮丼,,seafood,tb,True
miyagi/shichigahama,19,TAIYO sunny village,売店,,casual,tb,True
miyagi/shichigahama,20,La cote Kohama,カフェ、パスタ、スイーツ,,cafe,tb,True
miyagi/shichigahama,21,寿司喜,寿司,,seafood,tb,True
miyagi/shichigahama,22,浜しんラーメン,ラーメン,,noodles,tb,True
miyagi/shichigahama,23,おさかなマート 七のや,その他,,other,none,False
miyagi/shichigahama,24,サンロード ヤマザワ汐見台店,パン,,sweets,tb,True
miyagi/shichigahama,25,Cafe TIME,カフェ,,cafe,tb,True
miyagi/shichigahama,26,MATTY'S,その他,,other,none,False
miyagi/shichigahama,27,Welina,カフェ,,cafe,tb,True
miyagi/shichigahama,28,orange nico,洋菓子,,sweets,tb,True
miyagi/shichigahama,29,朝日とコーヒー,コーヒースタンド、カフェ,,cafe,tb,True
miyagi/shichigahama,30,かぼちゃ,カフェ,,cafe,tb,True
miyagi/shichigahama,31,ミニストップ 七ヶ浜汐見台店,コンビニ・スーパー,,daily,tb,True
miyagi/shichigahama,32,丸要精肉店,惣菜・デリ、コロッケ,,casual,tb,True
miyagi/shichigahama,33,釣キチ七ヶ浜,カフェ、バーベキュー,,cafe,tb,True
miyagi/shichigahama,34,どら焼き専門店YURINAN 七ヶ浜店,どら焼き,,sweets,tb,True
miyagi/shichigahama,35,みお七ヶ浜 売店,売店,,casual,tb,True
miyagi/shichigahama,36,星のり店,その他,,other,none,False
miyagi/shichigahama,37,門ぜん,おにぎり、弁当、和菓子,,casual,tb,True
miyagi/shichigahama,38,喫茶・軽食 ももか,喫茶店,,cafe,tb,True
miyagi/shichigahama,39,みっちゃん,ホルモン、居酒屋,,meat,tb,True
miyagi/shichigahama,40,四季の彩り処 ほのか,日本料理,,japanese,tb,True
miyagi/shichigahama,41,浦霞の店 キリカブ,日本酒バー,,izakaya,tb,True
miyagi/shichigahama,42,Uminoeki Shichinoya,,,other,none,False
miyagi/shichigahama,43,湊飯店,,Chinese,chinese,ta,True
miyagi/shichigahama,44,Mori to Umi No Gakko Mia Madre,,,other,none,False
miyagi/shichigahama,45,Kosen,,Japanese,japanese,ta,True
miyagi/shichigahama,46,Bakery Rivieres,,,other,none,False
miyagi/shichigahama,47,Yamajyu Sushi,,Japanese;Sushi,seafood,ta,True
miyagi/shichigahama,48,Toyama Sushi,,Japanese;Sushi,seafood,ta,True
miyagi/shichigahama,49,Totoya,,Japanese,japanese,ta,True
miyagi/shichigahama,50,Koran,,,other,none,False
miyagi/shichigahama,51,Abe Shokudo,,Japanese,japanese,ta,True
miyagi/shichigahama,52,Tofuya Ramen,,,other,none,False
miyagi/shichigahama,53,Nana Cafe Kirikabu,,Cafe,cafe,ta,True
miyagi/shichikashuku,1,芭蕉庵,そば,,noodles,tb,True
miyagi/shichikashuku,2,吉野屋,そば,,noodles,tb,True
miyagi/shichikashuku,3,道の駅七ヶ宿,道の駅,,other,none,False
miyagi/shichikashuku,4,ブック&カフェ こ・らっしぇ,カフェ,,cafe,tb,True
miyagi/shichikashuku,5,くらけんカフェ,カフェ,,cafe,tb,True
miyagi/shichikashuku,6,そばの里 がんこ,そば,,noodles,tb,True
miyagi/shichikashuku,7,道の駅七ヶ宿 物産コーナー,その他,,other,none,False
miyagi/shichikashuku,8,まるみつ食堂,ラーメン、食堂,,noodles,tb,True
miyagi/shichikashuku,9,ファミリーマートプラスCOOP 七ヶ宿店,コンビニ・スーパー,,daily,tb,True
miyagi/shichikashuku,10,石窯ピザ屋 水守の郷,ピザ,,european,tb,True
miyagi/shichikashuku,11,レストハウス ナッキー,パスタ、ピザ、ケーキ,,european,tb,True
miyagi/shichikashuku,12,横川せせらぎの里,その他,,other,none,False
miyagi/shichikashuku,13,くらけんCafe,カフェ,,cafe,tb,True
miyagi/shichikashuku,14,ベースロッジ,カレー、ラーメン、うどん,,curry,tb,True
miyagi/shichikashuku,15,街道ホステルおたて,その他,,other,none,False
miyagi/shichikashuku,16,長老湖売店,郷土料理、ソフトクリーム、かき氷,,japanese,tb,True
miyagi/shichikashuku,17,すみやのくらし,洋菓子,,sweets,tb,True
miyagi/shichikashuku,18,ウッドアンドスパ や・すまっしぇ,その他,,other,none,False
miyagi/shichikashuku,19,山の香り漬け直売所,その他,,other,none,False
miyagi/shichikashuku,20,牧之原,カフェ,,cafe,tb,True
miyagi/shichikashuku,21,Zao Summit Rest House,,Japanese;International;Japanese - Other ,japanese,ta,True
miyagi/shichikashuku,22,Shunnoichi,,Japanese,japanese,ta,True
miyagi/shichikashuku,23,Pension Restaurant Shiroi Tokeidai,,,other,none,False
miyagi/shichikashuku,24,Matsunoya,,,other,none,False
miyagi/shichikashuku,25,Nabe Chan,,,other,none,False
miyagi/shichikashuku,26,Base Lodge,,,other,none,False
miyagi/shichikashuku,27,Maruitsu Shokudo,,Asian;Japanese - Other ,chinese,ta,True
miyagi/shichikashuku,28,Rest House Nakki,,Italian,european,ta,True
miyagi/shikama,1,ライスフィールド,オーガニック、カレー、カフェ,,curry,tb,False
miyagi/shikama,2,若葉食堂,食堂、ラーメン、麺類,,casual,tb,True
miyagi/shikama,3,うめもんや,食堂,,casual,tb,True
miyagi/shikama,4,麺屋シキ,ラーメン,,noodles,tb,True
miyagi/shikama,5,手打ち田舎そば一昇,そば,,noodles,tb,True
miyagi/shikama,6,ビューダイニングDen'en,焼肉,,meat,tb,True
miyagi/shikama,7,丸美食堂,食堂,,casual,tb,True
miyagi/shikama,8,かっぱの湯,食堂、喫茶店,,casual,tb,True
miyagi/shikama,9,LAWSON 色麻上新町店,コンビニ・スーパー,,daily,tb,True
miyagi/shikama,10,愛菜ハウス,その他,,other,none,False
miyagi/shikama,11,宮城開拓養鶏農業協同組合 たまご直売所,その他,,other,none,False
miyagi/shikama,12,ボンジェール,ケーキ、洋菓子,,sweets,tb,True
miyagi/shikama,13,Coffee Road,喫茶店,,cafe,tb,True
miyagi/shikama,14,菊栄商店,海鮮,,seafood,tb,True
miyagi/shikama,15,ひらさわ,その他,,other,none,False
miyagi/shikama,16,愛宕山公園 農産物直売所,その他,,other,none,False
miyagi/shikama,17,セブンイレブン 加美色麻町店,コンビニ・スーパー,,daily,tb,True
miyagi/shikama,18,Aコープ 色麻店,コンビニ・スーパー,,daily,tb,True
miyagi/shikama,19,パン工房アンジュ,パン,,sweets,tb,True
miyagi/shikama,20,LAWSON 色麻清水店,コンビニ・スーパー,,daily,tb,True
miyagi/shikama,21,Aji Saikan Furusato,,Steakhouse,meat,ta,True
miyagi/shikama,22,Rice Field,,,other,none,False
miyagi/shikama,23,Ojo En,,,other,none,False
miyagi/shikama,24,Kamameshi Takano,,Japanese;Japanese - Other ,japanese,ta,True
miyagi/shikama,25,Iwaya,,Japanese;International;Japanese - Other ,japanese,ta,True
miyagi/shikama,26,Watanabe Pastry,,,other,none,False
miyagi/shikama,27,Koryori Hijiri,,Japanese;Japanese - Traditional Cuisine;Japanese - Other ,japanese,ta,True
miyagi/shikama,28,Egamatamago Kake Gohan No Mise,,Japanese,japanese,ta,True
miyagi/shikama,29,Yoshidaya Pastry,,,other,none,False
miyagi/shikama,30,Snack Sum,,,other,none,False
miyagi/shiogama,1,千松しま,日本料理,,japanese,tb,True
miyagi/shiogama,2,すし哲 本店,寿司,,seafood,tb,True
miyagi/shiogama,3,シェヌー,フレンチ,,european,tb,True
miyagi/shiogama,4,和み処 男山,日本料理、郷土料理、海鮮,,japanese,tb,True
miyagi/shiogama,5,廻鮮寿司 塩釜港,回転寿司、寿司、海鮮,,seafood,tb,True
miyagi/shiogama,6,鮨　しらはた,寿司,,seafood,tb,True
miyagi/shiogama,7,亀喜寿司,寿司、海鮮,,seafood,tb,True
miyagi/shiogama,8,ジェラテリア フルーツラボラトリー,ジェラート・アイスクリーム,,sweets,tb,True
miyagi/shiogama,9,塩釜仲卸市場 マイ海鮮丼コーナー,海鮮、海鮮丼,,seafood,tb,True
miyagi/shiogama,10,榮太楼 塩釜本店,和菓子、どら焼き,,sweets,tb,True
miyagi/shiogama,11,来々軒,ラーメン,,noodles,tb,True
miyagi/shiogama,12,塩竈市場食堂,海鮮、郷土料理、海鮮丼,,seafood,tb,True
miyagi/shiogama,13,更科,そば、ラーメン、かつ丼,,noodles,tb,True
miyagi/shiogama,14,まぐろ専門店 がお,海鮮、ろばた焼き、居酒屋,,seafood,tb,True
miyagi/shiogama,15,だし廊-SaKaNa-,ラーメン,,noodles,tb,True
miyagi/shiogama,16,塩竃まぐろ直売・食堂,海鮮、海鮮丼,,seafood,tb,True
miyagi/shiogama,17,ブレアマリーナ,イタリアン、パスタ、ピザ,,european,tb,True
miyagi/shiogama,18,間宮商店 食堂部,食堂,,casual,tb,True
miyagi/shiogama,19,チョコレート工房　クレオバンテール,チョコレート、ケーキ,,sweets,tb,True
miyagi/shiogama,20,食事処 伸光,寿司、海鮮丼,,seafood,tb,True
miyagi/shiogama,21,中華そば 蒼穹,ラーメン,,noodles,tb,True
miyagi/shiogama,22,大関,海鮮、とんかつ、うなぎ,,seafood,tb,True
miyagi/shiogama,23,藤まつ寿し,寿司,,seafood,tb,True
miyagi/shiogama,24,さとう精肉店,惣菜・デリ,,casual,tb,True
miyagi/shiogama,25,黄金そば,そば、うどん、ラーメン,,noodles,tb,True
miyagi/shiogama,26,加瀬 塩竈市場店,海鮮、食堂,,seafood,tb,True
miyagi/shiogama,27,大黒寿司,寿司,,seafood,tb,True
miyagi/shiogama,28,すし徳,寿司,,seafood,tb,True
miyagi/shiogama,29,おそば すゞき,そば,,noodles,tb,True
miyagi/shiogama,30,更科分店,そば、食堂、ラーメン,,noodles,tb,True
miyagi/shiogama,31,松栄寿司,寿司,,seafood,tb,True
miyagi/shiogama,32,塩釜あがらいん,海鮮丼、天ぷら、寿司,,seafood,tb,True
miyagi/shiogama,33,塩釜海の駅,海鮮,,seafood,tb,True
miyagi/shiogama,34,コーヒーとおやつの店 アンドモア,カフェ、ケーキ、ジェラート・アイスクリーム,,cafe,tb,True
miyagi/shiogama,35,丸長寿司,寿司,,seafood,tb,True
miyagi/shiogama,36,一森寿司,寿司,,seafood,tb,True
miyagi/shiogama,37,ホルモン料理 ひょうたん,ホルモン,,meat,tb,True
miyagi/shiogama,38,竹屋,中華料理,,chinese,tb,True
miyagi/shiogama,39,人と木,レストラン、洋食、バー,,european,tb,False
miyagi/shiogama,40,otomo,日本料理、居酒屋,,japanese,tb,True
miyagi/shiogama,41,うなぎと竈いくら 山都,うなぎ、海鮮丼,,seafood,tb,True
miyagi/shiogama,42,おさんこ茶屋本店,和菓子、甘味処,,sweets,tb,True
miyagi/shiogama,43,ニラなんばんらーめん 香麺,ラーメン,,noodles,tb,True
miyagi/shiogama,44,カフェはれま,カフェ,,cafe,tb,True
miyagi/shiogama,45,さぬきうどん,うどん、そば、食堂,,noodles,tb,True
miyagi/shiogama,46,海鮮せんべい塩竈,せんべい,,other,none,False
miyagi/shiogama,47,日乃出庵,そば、うどん、ラーメン,,noodles,tb,True
miyagi/shiogama,48,しおがま庵,そば,,noodles,tb,True
miyagi/shiogama,49,間宮塩蔵 直売所,おにぎり,,casual,tb,True
miyagi/shiogama,50,花まる弁当,弁当,,casual,tb,True
miyagi/shiogama,51,蕎麦 みろく,そば,,noodles,tb,True
miyagi/shiogama,52,ラーメンみそ兵衛,ラーメン,,noodles,tb,True
miyagi/shiogama,53,大國屋,そば、うどん、食堂,,noodles,tb,True
miyagi/shiogama,54,梅花堂 本店,和菓子、洋菓子,,sweets,tb,True
miyagi/shiogama,55,大寿司,寿司,,seafood,tb,True
miyagi/shiogama,56,旬彩食房 喜三郎,天ぷら、そば、居酒屋,,japanese,tb,True
miyagi/shiogama,57,京都苑,焼肉,,meat,tb,True
miyagi/shiogama,58,となりの珈琲や,カフェ,,cafe,tb,True
miyagi/shiogama,59,鮨のしおがま,寿司,,seafood,tb,True
miyagi/shiogama,60,茶屋 鹽竈,甘味処、和菓子,,sweets,tb,True
miyagi/shiogama,61,番長,居酒屋、海鮮,,izakaya,tb,True
miyagi/shiogama,62,共栄丸水産,海鮮,,seafood,tb,True
miyagi/shiogama,63,丹六園,和菓子,,sweets,tb,True
miyagi/shiogama,64,塩龍,中華料理、ラーメン,,chinese,tb,True
miyagi/shiogama,65,馬神,馬肉料理,,meat,tb,True
miyagi/shiogama,66,ごはん屋 はれ,食堂,,casual,tb,True
miyagi/shiogama,67,塩釜水産物仲卸市場,その他,,other,none,False
miyagi/shiogama,68,チャリオット,創作料理、フレンチ、カフェ,,japanese,tb,True
miyagi/shiogama,69,東華,ラーメン、うどん,,noodles,tb,True
miyagi/shiogama,70,浜っ子,食堂、ラーメン,,casual,tb,True
miyagi/shiogama,71,仁王寿司,寿司,,seafood,tb,True
miyagi/shiogama,72,シャン ド マルス・ヤマギシ,ケーキ、ジェラート・アイスクリーム,,sweets,tb,True
miyagi/shiogama,73,ミヤモトたいやき店,お好み焼き、たい焼き・大判焼き、パン,,casual,tb,True
miyagi/shiogama,74,カフェ・ル・ポール,カフェ、ソフトクリーム,,cafe,tb,True
miyagi/shiogama,75,麦の穂,パン、サンドイッチ,,sweets,tb,True
miyagi/shiogama,76,UNDERDOG COFFEE,コーヒースタンド、ジェラート・アイスクリーム,,cafe,tb,True
miyagi/shiogama,77,浦霞醸造元,その他、日本酒バー,,izakaya,tb,False
miyagi/shiogama,78,横山商店,海鮮,,seafood,tb,True
miyagi/shiogama,79,居酒屋ふじや,居酒屋、海鮮,,izakaya,tb,True
miyagi/shiogama,80,割烹いな長,日本料理、海鮮、天ぷら,,japanese,tb,True
miyagi/shiogama,81,土井精菓,ケーキ,,sweets,tb,True
miyagi/shiogama,82,はま勢,寿司,,seafood,tb,True
miyagi/shiogama,83,PLATHOME,カフェ,,cafe,tb,True
miyagi/shiogama,84,塩竈かき小屋 本店,シーフード、牛タン,,seafood,tb,True
miyagi/shiogama,85,太田屋もち店,和菓子,,sweets,tb,True
miyagi/shiogama,86,コロラド,喫茶店,,cafe,tb,True
miyagi/shiogama,87,稲庭うどん延寿庵,うどん、そば、郷土料理,,noodles,tb,True
miyagi/shiogama,88,コンディメントカフェ,カフェ、中華料理,,cafe,tb,True
miyagi/shiogama,89,中国料理 彩龍,中華料理、ラーメン,,chinese,tb,True
miyagi/shiogama,90,すず春,レストラン,,other,none,False
miyagi/shiogama,91,ラーメンひまわり,ラーメン,,noodles,tb,True
miyagi/shiogama,92,矢部園茶舗,売店,,casual,tb,True
miyagi/shiogama,93,MYTOWN BURGERS,ハンバーガー,,casual,tb,True
miyagi/shiogama,94,SUNDA⇔LAND,インドネシア料理,,other,none,False
miyagi/shiogama,95,とよ香kitchen,食堂,,casual,tb,True
miyagi/shiogama,96,BALON,カフェ、イタリアン,,cafe,tb,True
miyagi/shiogama,97,パティスリー モンク,ケーキ,,sweets,tb,True
miyagi/shiogama,98,roti enak,パン,,sweets,tb,True
miyagi/shiogama,99,廣聚隆,中華料理、火鍋,,chinese,tb,True
miyagi/shiogama,100,カネ彦 中村水産,海鮮,,seafood,tb,True
miyagi/shiogama,101,中華料理 松陽亭,ラーメン、中華料理、かつ丼,,noodles,tb,True
miyagi/shiogama,102,和DINING ひなた,ダイニングバー、日本料理、寿司,,izakaya,tb,True
miyagi/shiogama,103,たまご工房,日本料理、サンドイッチ,,japanese,tb,True
miyagi/shiogama,104,末広庵 イオンタウン塩釜SC店,そば、うどん、天丼,,noodles,tb,True
miyagi/shiogama,105,エヌワイキッチン,カフェ、イタリアン、パスタ,,cafe,tb,True
miyagi/shiogama,106,荒井商店,そば,,noodles,tb,True
miyagi/shiogama,107,お弁当&クレープのお店〜たっくんち〜,クレープ・ガレット,,sweets,tb,True
miyagi/shiogama,108,SUN BAKERY,パン,,sweets,tb,True
miyagi/shiogama,109,蒲鉾の水野,その他,,other,none,False
miyagi/shiogama,110,RAMEN PIGPIG,ラーメン,,noodles,tb,True
miyagi/shiogama,111,いとう水産,その他,,other,none,False
miyagi/shiogama,112,末廣庵,そば、うどん、ラーメン,,noodles,tb,True
miyagi/shiogama,113,知味飯店,中華料理,,chinese,tb,True
miyagi/shiogama,114,焼肉ホルモン 塩竈,焼肉,,meat,tb,True
miyagi/shiogama,115,炭火焼鳥いたどり 塩釜駅前店,焼き鳥、もつ鍋、居酒屋,,meat,tb,True
miyagi/shiogama,116,アトリエ　ゴール,カフェ,,cafe,tb,True
miyagi/shiogama,117,梅花堂　 本町店,和菓子,,sweets,tb,True
miyagi/shiogama,118,幸進丸水産,海鮮,,seafood,tb,True
miyagi/shiogama,119,サントノーレ,ケーキ,,sweets,tb,True
miyagi/shiogama,120,萃萃,牛タン,,meat,tb,True
miyagi/shiogama,121,café sai,カフェ、かき氷,,cafe,tb,True
miyagi/shiogama,122,まさにく,焼肉,,meat,tb,True
miyagi/shiogama,123,CERES,カフェ,,cafe,tb,True
miyagi/shiogama,124,松喜鮨,寿司,,seafood,tb,True
miyagi/shiogama,125,魚類組合,海鮮、海鮮丼,,seafood,tb,True
miyagi/shiogama,126,みもざてらす,洋菓子、パン,,sweets,tb,True
miyagi/shiogama,127,万里樓,中華料理,,chinese,tb,True
miyagi/shiogama,128,華吹,おにぎり、弁当、寿司,,casual,tb,True
miyagi/shiogama,129,港町の鉄板焼 本塩釜店,鉄板焼き、お好み焼き、もんじゃ焼き,,meat,tb,True
miyagi/shiogama,130,梅果堂,和菓子,,sweets,tb,True
miyagi/shiogama,131,ラスタぱん,パン,,sweets,tb,True
miyagi/shiogama,132,ナチュラルボーンスタイル,カフェ,,cafe,tb,True
miyagi/shiogama,133,ポエム,喫茶店,,cafe,tb,True
miyagi/shiogama,134,食事処 和,海鮮,,seafood,tb,True
miyagi/shiogama,135,肉の不二屋,惣菜・デリ,,casual,tb,True
miyagi/shiogama,136,海鮮BBQ竈,バーベキュー、海鮮,,seafood,tb,False
miyagi/shiogama,137,さくら食堂,食堂、海鮮,,casual,tb,True
miyagi/shiogama,138,Argon Brewing,ビアバー,,izakaya,tb,True
miyagi/shiogama,139,塩釜dining酒場 NICHE,ダーツ、イタリアン、カフェ,,european,tb,False
miyagi/shiogama,140,LAWSON 塩釜桜ケ丘店,コンビニ・スーパー,,daily,tb,True
miyagi/shiogama,141,LAWSON 塩釜玉川一丁目店,コンビニ・スーパー,,daily,tb,True
miyagi/shiogama,142,太田與八郎商店,その他,,other,none,False
miyagi/shiogama,143,橋本蒲鉾店 塩釜工場,オーガニック、その他,,other,none,False
miyagi/shiogama,144,郷土料理　味勘,郷土料理,,japanese,tb,True
miyagi/shiogama,145,元気工房 絆の館,海鮮丼、寿司,,seafood,tb,True
miyagi/shiogama,146,元祖　ニューラーメンショップ 塩釜店,ラーメン,,noodles,tb,True
miyagi/shiogama,147,松野鮮魚店,その他,,other,none,False
miyagi/shiogama,148,とんかつ・中華の店　食事処　秀,食堂、中華料理、とんかつ,,casual,tb,True
miyagi/shiogama,149,大衆食堂 わかよし,食堂,,casual,tb,True
miyagi/shiogama,150,昌腹,焼肉,,meat,tb,True
miyagi/shiogama,151,仙塩ゴルフ倶楽部 浦霞コース,その他,,other,none,False
miyagi/shiogama,152,丸金 松岡商店,その他,,other,none,False
miyagi/shiogama,153,さくら井そば屋,そば、うどん,,noodles,tb,True
miyagi/shiogama,154,らいふ亭,食堂、韓国料理、弁当,,casual,tb,True
miyagi/shiogama,155,飛翔,居酒屋,,izakaya,tb,True
miyagi/shiogama,156,成田屋牛焼肉とんかつ,焼肉、とんかつ,,meat,tb,True
miyagi/shiogama,157,食彩庵 わたつみ,日本料理、海鮮,,japanese,tb,True
miyagi/shiogama,158,塩竈本町談話室,カフェ,,cafe,tb,True
miyagi/shiogama,159,増友商店,その他,,other,none,False
miyagi/shiogama,160,カフェ ぴど,カフェ,,cafe,tb,True
miyagi/shiogama,161,中長,日本料理、海鮮、うなぎ,,japanese,tb,True
miyagi/shiogama,162,キタヤ餅店,和菓子、大福、スイーツ,,sweets,tb,True
miyagi/shiogama,163,とんかつ小熊,とんかつ,,meat,tb,True
miyagi/shiogama,164,韓国家庭料理 金さんの台所,韓国料理,,chinese,tb,True
miyagi/shiogama,165,ウジエスーパー 塩釜店,コンビニ・スーパー,,daily,tb,True
miyagi/shiogama,166,食事と喫茶 もとまち,カフェ,,cafe,tb,True
miyagi/shiogama,167,la lieto,カフェ、ピザ,,cafe,tb,True
miyagi/shiogama,168,居酒屋 松凪,居酒屋,,izakaya,tb,True
miyagi/shiogama,169,肴屋ぱんだ亭,居酒屋,,izakaya,tb,True
miyagi/shiogama,170,中華そば専門 田中そば店 塩釜店,ラーメン,,noodles,tb,True
miyagi/shiogama,171,カネコ橋沼商店工場売店,その他,,other,none,False
miyagi/shiogama,172,はちやの餃子直売所,餃子,,chinese,tb,True
miyagi/shiogama,173,創作たん屋 麺KOO,ラーメン、つけ麺、丼,,noodles,tb,True
miyagi/shiogama,174,和み処 花宴,居酒屋,,izakaya,tb,True
miyagi/shiogama,175,りゃん亭,居酒屋,,izakaya,tb,True
miyagi/shiogama,176,宙船,ホルモン、焼肉,,meat,tb,True
miyagi/shiogama,177,相原酒店,その他,,other,none,False
miyagi/shiogama,178,福寿司,寿司,,seafood,tb,True
miyagi/shiogama,179,ペール・ド・ノエル,ケーキ,,sweets,tb,True
miyagi/shiogama,180,ひまわり 塩釜中の島店,たこ焼き、うどん、ラーメン,,casual,tb,True
miyagi/shiogama,181,東一商店,その他,,other,none,False
miyagi/shiogama,182,さつき,焼肉,,meat,tb,True
miyagi/shiogama,183,三浦商店,その他,,other,none,False
miyagi/shiogama,184,中華力,中華料理,,chinese,tb,True
miyagi/shiogama,185,阿部勘酒造店,その他,,other,none,False
miyagi/shiogama,186,ヨークベニマル 塩釜店,コンビニ・スーパー,,daily,tb,True
miyagi/shiogama,187,ヤマザワ 塩釜中の島店,コンビニ・スーパー,,daily,tb,True
miyagi/shiogama,188,ZⅡ,洋食,,european,tb,True
miyagi/shiogama,189,海いろ,日本料理、カフェ,,japanese,tb,True
miyagi/shiogama,190,花京院市場 JR本塩釜駅店,その他,,other,none,False
miyagi/shiogama,191,ビストロミルポア,洋食、日本料理、中華料理,,european,tb,True
miyagi/shiogama,192,酒の餃子,餃子、中華料理、居酒屋,,chinese,tb,True
miyagi/shiogama,193,いろは亭 塩竃店,食堂、ラーメン,,casual,tb,True
miyagi/shiogama,194,食彩 花水木,食堂、居酒屋,,casual,tb,True
miyagi/shiogama,195,青い森の台所,惣菜・デリ,,casual,tb,True
miyagi/shiogama,196,くいやがれ,ホルモン,,meat,tb,True
miyagi/shiogama,197,神戸屋商店,その他,,other,none,False
miyagi/shiogama,198,花京院市場 イオンタウン塩釜店,その他,,other,none,False
miyagi/shiogama,199,カフェテリア タベルナ ヤヨイ,食堂,,casual,tb,True
miyagi/shiogama,200,orange nico,スイーツ、パン,,sweets,tb,True
miyagi/shiogama,201,カフェ珈琲のすゞき,喫茶店,,cafe,tb,True
miyagi/shiogama,202,阿部善商店,揚げ物、おでん,,casual,tb,True
miyagi/shiogama,203,里正庵,食堂、中華料理、麺類,,casual,tb,True
miyagi/shiogama,204,ガネーシャ 塩竈店,インドカレー、インド料理,,curry,tb,True
miyagi/shiogama,205,ビッグのパン屋さん 塩釜店,パン,,sweets,tb,True
miyagi/shiogama,206,焼肉味一番,焼肉,,meat,tb,True
miyagi/shiogama,207,酒ダイニング　かじきや,海鮮、焼き鳥、ダイニングバー,,seafood,tb,True
miyagi/shiogama,208,荻原醸造,その他,,other,none,False
miyagi/shiogama,209,平塚商店,その他,,other,none,False
miyagi/shiogama,210,汐彩,日本料理、海鮮,,japanese,tb,True
miyagi/shiogama,211,塩釜亭,牛タン、海鮮,,meat,tb,True
miyagi/shiogama,212,喜久美,食堂、そば、ラーメン,,casual,tb,True
miyagi/shiogama,213,水上商店,その他,,other,none,False
miyagi/shiogama,214,やまだ屋,その他,,other,none,False
miyagi/shiogama,215,しおがま・まちの駅,その他,,other,none,False
miyagi/shiogama,216,丸健 渡辺水産 仲卸市場店,その他,,other,none,False
miyagi/shiogama,217,手島商店,その他,,other,none,False
miyagi/shiogama,218,スーパーセンタートライアル 塩釜店,コンビニ・スーパー,,daily,tb,True
miyagi/shiogama,219,山小千葉商店,その他,,other,none,False
miyagi/shiogama,220,味,弁当,,casual,tb,True
miyagi/shiogama,221,ザ・ビッグ 塩釜店,コンビニ・スーパー,,daily,tb,True
miyagi/shiogama,222,ファミリーマート 塩釜尾島町店,コンビニ・スーパー,,daily,tb,True
miyagi/shiogama,223,セブンイレブン 塩釜駅前通店,コンビニ・スーパー,,daily,tb,True
miyagi/shiogama,224,STAY SHIOGAMA CAFE,カフェ,,cafe,tb,True
miyagi/shiogama,225,メープルガーデン,パン、ケーキ、洋菓子,,sweets,tb,True
miyagi/shiogama,226,平塚商店,その他,,other,none,False
miyagi/shiogama,227,中山せんべい店,和菓子,,sweets,tb,True
miyagi/shiogama,228,菓子屋 ハウフル,洋菓子、スイーツ,,sweets,tb,True
miyagi/shiogama,229,ミニストップ 塩釜魚市場前店,コンビニ・スーパー,,daily,tb,True
miyagi/shiogama,230,ビアホール塩釜館,ビアホール,,other,none,False
miyagi/shiogama,231,橋本蒲鉾店 マリンゲート店,その他,,other,none,False
miyagi/shiogama,232,フランボワーズ,カフェ、バー,,cafe,tb,True
miyagi/shiogama,233,赤間水産,その他,,other,none,False
miyagi/shiogama,234,大山酒店,バー,,izakaya,tb,True
miyagi/shiogama,235,セブンイレブン 塩釜新富町店,コンビニ・スーパー,,daily,tb,True
miyagi/shiogama,236,ファミリーマート 塩釜松陽台店,コンビニ・スーパー,,daily,tb,True
miyagi/shiogama,237,菓子 山嵜,洋菓子、プリン,,sweets,tb,True
miyagi/shiogama,238,MARK Cafe&酒場,カフェ,,cafe,tb,True
miyagi/shiogama,239,山七,その他,,other,none,False
miyagi/shiogama,240,ウエルシア 本塩釜駅前店,コンビニ・スーパー,,daily,tb,True
miyagi/shiogama,241,無印良品 ヨークタウン塩釜舟入店,その他,,other,none,False
miyagi/shiogama,242,セブンイレブン 本塩釜駅前,コンビニ・スーパー,,daily,tb,True
miyagi/shiogama,243,マクドナルド ４５号塩釜店,ハンバーガー,,casual,tb,True
miyagi/shiogama,244,菓匠 榮太楼 マリンゲート塩釜店,和菓子、どら焼き,,sweets,tb,True
miyagi/shiogama,245,五光食品(株),その他,,other,none,False
miyagi/shiogama,246,バハティ,喫茶店、カフェ,,cafe,tb,True
miyagi/shiogama,247,喰い道楽 勝虫,あなご,,seafood,tb,True
miyagi/shiogama,248,OKONOMI さち,レストラン,,other,none,False
miyagi/shiogama,249,いりそ,居酒屋,,izakaya,tb,True
miyagi/shiogama,250,KUKUNA DELI,惣菜・デリ、弁当、おにぎり,,casual,tb,True
miyagi/shiogama,251,ヨークベニマル 塩釜北浜店,コンビニ・スーパー,,daily,tb,True
miyagi/shiogama,252,串焼き屋 信,焼き鳥、海鮮、パスタ,,meat,tb,True
miyagi/shiogama,253,顔晴れ塩竈,その他,,other,none,False
miyagi/shiogama,254,呑み喰い処和楽,焼き鳥,,meat,tb,True
miyagi/shiogama,255,soulce.kitchen,弁当,,casual,tb,True
miyagi/shiogama,256,山幸 渡辺商店,その他,,other,none,False
miyagi/shiogama,257,そるてぃ壱番館,弁当、パン,,casual,tb,True
miyagi/shiogama,258,塩釜焼きそば マチャマチャ,焼きそば,,noodles,tb,True
miyagi/shiogama,259,幟,居酒屋,,izakaya,tb,True
miyagi/shiogama,260,おでん 手料理 ねこやなぎ,おでん,,japanese,tb,True
miyagi/shiogama,261,まるきた,居酒屋,,izakaya,tb,True
miyagi/shiogama,262,中華そば 幸楽苑 塩釜店,ラーメン、餃子、つけ麺,,noodles,tb,True
miyagi/shiogama,263,吉野家 ４５号線塩釜店,牛丼、カレー、食堂,,casual,tb,True
miyagi/shiogama,264,サイゼリヤ イオンタウン塩釜店,ファミレス、イタリアン、パスタ,,casual,tb,True
miyagi/shiogama,265,魚民 本塩釜駅前店,居酒屋、海鮮、創作料理,,izakaya,tb,True
miyagi/shiogama,266,焼きたて屋 DCMホーマック塩釜店,たこ焼き、たい焼き・大判焼き,,casual,tb,True
miyagi/shiogama,267,和風レストランまるまつ 塩釜店,ファミレス,,casual,tb,True
miyagi/shiogama,268,すき家 塩竈北浜店,牛丼,,casual,tb,True
miyagi/shiogama,269,おとうふかまぼこの直江商店,その他,,other,none,False
miyagi/shiogama,270,松島蒲鉾本舗 マリンゲート塩釜店,海鮮、シーフード、揚げ物,,seafood,tb,True
miyagi/shiogama,271,ほっともっと 塩釜駅前店,弁当,,casual,tb,True
miyagi/shiogama,272,養老乃瀧 塩釜店,居酒屋,,izakaya,tb,True
miyagi/shiogama,273,魚民 塩釜駅前店,居酒屋、海鮮、創作料理,,izakaya,tb,True
miyagi/shiogama,274,ミスタードーナツ イオンタウン塩釜ショップ,ドーナツ,,sweets,tb,True
miyagi/shiogama,275,サーティワンアイスクリーム イオンタウン塩釜店,ジェラート・アイスクリーム、クレープ・ガレット,,sweets,tb,True
miyagi/shiogama,276,居酒屋 お好み横丁,居酒屋、お好み焼き,,izakaya,tb,True
miyagi/shiogama,277,ほっともっと 塩釜藤倉店,弁当,,casual,tb,True
miyagi/shiogama,278,佐藤かきや,その他,,other,none,False
miyagi/shiogama,279,カネ大 氏家商店,その他,,other,none,False
miyagi/shiogama,280,フール セック ロッシュ,洋菓子、ケーキ、マカロン,,sweets,tb,True
miyagi/shiogama,281,藤崎 塩釜店,その他,,other,none,False
miyagi/shiogama,282,渡邉商店,その他,,other,none,False
miyagi/shiogama,283,魚藤 ふじや商店,その他,,other,none,False
miyagi/shiogama,284,セブンイレブン 庚塚店,コンビニ・スーパー,,daily,tb,True
miyagi/shiogama,285,大統領,居酒屋,,izakaya,tb,True
miyagi/shiogama,286,榮太楼 ヨークベニマル塩釜店,和菓子、どら焼き,,sweets,tb,True
miyagi/shiogama,287,工藤商店 蔵屋,その他,,other,none,False
miyagi/shiogama,288,柴崎屋,その他,,other,none,False
miyagi/shiogama,289,ラーメン Shima,ラーメン,,noodles,tb,True
miyagi/shiogama,290,馳走菜 塩釜店,惣菜・デリ,,casual,tb,True
miyagi/shiogama,291,呑処・海鮮焼 たわら,居酒屋,,izakaya,tb,True
miyagi/shiogama,292,さざなみ,弁当、カレー,,casual,tb,True
miyagi/shiogama,293,今野商店,その他,,other,none,False
miyagi/shiogama,294,すしぎん,寿司,,seafood,tb,True
miyagi/shiogama,295,ニューデイズ 塩釜店,コンビニ・スーパー,,daily,tb,True
miyagi/shiogama,296,内海商店,その他,,other,none,False
miyagi/shiogama,297,石垣商店,その他,,other,none,False
miyagi/shiogama,298,郷古商店,その他,,other,none,False
miyagi/shiogama,299,白松がモナカ本舗 本塩釜店,和菓子、どら焼き,,sweets,tb,True
miyagi/shiogama,300,丸ヨ 高橋商店,その他,,other,none,False
miyagi/shiogama,301,居酒屋ろまん,居酒屋、焼酎バー,,izakaya,tb,True
miyagi/shiogama,302,不二家 ヨークベニマル塩釜北浜店,ケーキ、洋菓子,,sweets,tb,True
miyagi/shiogama,303,ミートショップアカイ,その他,,other,none,False
miyagi/shiogama,304,喫茶 ポプラ,喫茶店、カフェ,,cafe,tb,True
miyagi/shiogama,305,カギヤマタ 但木商店,その他,,other,none,False
miyagi/shiogama,306,ヤマザキYショップ 坂総合病院店,コンビニ・スーパー,,daily,tb,True
miyagi/shiogama,307,TAVERNA GIRO,イタリアン,,european,tb,True
miyagi/shiogama,308,日乃出 支店,そば、うどん、食堂,,noodles,tb,True
miyagi/shiogama,309,おとうふかまぼこの直江商店 ヨークベニマル塩釜店,郷土料理,,japanese,tb,True
miyagi/shiogama,310,番屋,弁当、かき氷、あなご,,casual,tb,True
miyagi/shiogama,311,丸和 阿部商店,その他,,other,none,False
miyagi/shiogama,312,モンペリエ ヨークベニマル塩釜店,パン,,sweets,tb,True
miyagi/shiogama,313,カネイソ商店,その他,,other,none,False
miyagi/shiogama,314,カネト 鈴喜商店,その他,,other,none,False
miyagi/shiogama,315,山ヨ伊藤商店,その他,,other,none,False
miyagi/shiogama,316,おやつハウスさくら 自動販売機,その他,,other,none,False
miyagi/shiogama,317,丸吉早坂商店,その他,,other,none,False
miyagi/shiogama,318,カネ内 内海水産,その他,,other,none,False
miyagi/shiogama,319,山平 平間商店,その他,,other,none,False
miyagi/shiogama,320,山セ 鈴木商店,その他,,other,none,False
miyagi/shiogama,321,ストロベリーコーンズ 塩釜店,ピザ、パスタ、スイーツ,,european,tb,True
miyagi/shiogama,322,佐々留商店,その他,,other,none,False
miyagi/shiogama,323,丸文松島汽船 塩釜本社,その他,,other,none,False
miyagi/shiogama,324,カネ丸 高橋商店,その他,,other,none,False
miyagi/shiogama,325,丸伏 伏見商店,その他,,other,none,False
miyagi/shiogama,326,石井商店,その他,,other,none,False
miyagi/shiogama,327,佐藤商店,その他,,other,none,False
miyagi/shiogama,328,くれゑぷや,クレープ・ガレット,,sweets,tb,True
miyagi/shiogama,329,中華食房 あんじょう,丼,,casual,tb,True
miyagi/shiogama,330,松なが,日本料理,,japanese,tb,True
miyagi/shiogama,331,ナポリの窯 塩釜店,ピザ,,european,tb,True
miyagi/shiogama,332,おひるや まなお,アジア・エスニック,,chinese,tb,True
miyagi/shiogama,333,Marine Gate SELECT MARKET,その他,,other,none,False
miyagi/shiogama,334,宮城県漁業協同組合 塩釜市浦戸東部支所,その他,,other,none,False
miyagi/shiogama,335,鈴忠,弁当,,casual,tb,True
miyagi/shiogama,336,三笠商店,売店,,casual,tb,True
miyagi/shiogama,337,柏商店,その他,,other,none,False
miyagi/shiogama,338,すずまさ商店,その他,,other,none,False
miyagi/shiogama,339,宮城商事 塩釜水産物仲卸市場店,その他,,other,none,False
miyagi/shiogama,340,ヤマス,その他,,other,none,False
miyagi/shiogama,341,NEKO竈,その他,,other,none,False
miyagi/shiogama,342,花,焼き鳥,,meat,tb,True
miyagi/shiogama,343,かめちゃん,焼肉,,meat,tb,True
miyagi/shiogama,344,居酒屋 爺,居酒屋,,izakaya,tb,True
miyagi/shiogama,345,不二家 ヤマザワ塩釜中の島店,ケーキ,,sweets,tb,True
miyagi/shiogama,346,釣りキチの基地,カフェ,,cafe,tb,True
miyagi/shiogama,347,こけし,居酒屋、そば,,izakaya,tb,True
miyagi/shiogama,348,シャガール,レストラン,,other,none,False
miyagi/shiogama,349,吉野鮨,寿司,,seafood,tb,True
miyagi/shiogama,350,五万石,居酒屋,,izakaya,tb,True
miyagi/shiogama,351,呂久兵衛,居酒屋,,izakaya,tb,True
miyagi/shiogama,352,アイランズコート 蒸し料理 セイロヤ,創作料理、飲茶・点心,,japanese,tb,True
miyagi/shiogama,353,KAIJIN,バー,,izakaya,tb,True
miyagi/shiogama,354,栄福,日本料理,,japanese,tb,True
miyagi/shiogama,355,プランタン,喫茶店,,cafe,tb,True
miyagi/shiogama,356,couleur shiogama,ケーキ,,sweets,tb,True
miyagi/shiogama,357,紫園,レストラン,,other,none,False
miyagi/shiogama,358,マルシェ食堂,食堂,,casual,tb,True
miyagi/shiogama,359,スナックモナ,バー,,izakaya,tb,True
miyagi/shiogama,360,不二家 ヨークベニマル塩釜店,洋菓子,,sweets,tb,True
miyagi/shiogama,361,塩釜甚句,レストラン,,other,none,False
miyagi/shiogama,362,松乃家,日本料理,,japanese,tb,True
miyagi/shiogama,363,SARAI,居酒屋,,izakaya,tb,True
miyagi/shiogama,364,セブンイレブン 塩釜泉沢店,コンビニ・スーパー,,daily,tb,True
miyagi/shiogama,365,カワチ薬品 塩がま店,その他,,other,none,False
miyagi/shiogama,366,和音,レストラン,,other,none,False
miyagi/shiogama,367,旨処 笹,海鮮、寿司,,seafood,tb,True
miyagi/shiogama,368,勝美,日本料理,,japanese,tb,True
miyagi/shiogama,369,不二家 みやぎ生協塩釜栄町店,ケーキ,,sweets,tb,True
miyagi/shiogama,370,酔い処白萩,居酒屋,,izakaya,tb,True
miyagi/shiogama,371,リッチ＆ユー,カフェ,,cafe,tb,True
miyagi/shiogama,372,吉田商店,惣菜・デリ,,casual,tb,True
miyagi/shiogama,373,居酒屋なすび,居酒屋,,izakaya,tb,True
miyagi/shiogama,374,オリーブ,レストラン,,other,none,False
miyagi/shiogama,375,館,焼き鳥,,meat,tb,True
miyagi/shiogama,376,頓珍漢,レストラン,,other,none,False
miyagi/shiogama,377,ビッグエコー 塩釜店,カラオケ,,izakaya,tb,True
miyagi/shiogama,378,おさだ,日本料理,,japanese,tb,True
miyagi/shiogama,379,都川,日本料理,,japanese,tb,True
miyagi/shiogama,380,Chez Nous,,French,european,ta,True
miyagi/shiogama,381,Trattoria Blair Marina,,Italian,european,ta,True
miyagi/shiogama,382,Pizzeria La Gita,,Italian;Pizza;Neapolitan;Sicilian;Southern-Italian,european,ta,True
miyagi/shiogama,383,Charcoal Grilled Meat Restaurant Gura,,Barbecue,meat,ta,True
miyagi/shiogama,384,Japanese Restaurant Shinko,,Japanese;Seafood;Sushi;Japanese - Other ,seafood,ta,True
miyagi/shiogama,385,Yabe En Chapo,,Cafe,cafe,ta,True
miyagi/shiogama,386,Doi Seika,,,other,none,False
miyagi/shiogama,387,Takeda No Sasa Kamaboko,,Japanese;Seafood;Japanese - Other ,seafood,ta,True
miyagi/shiogama,388,Chinese Cuisine Nio Zushi,,,other,none,False
miyagi/shiogama,389,Gelateria Fruits Laboratory,,Cafe,cafe,ta,True
miyagi/shiogama,390,Kyoei Marusuisan,,,other,none,False
miyagi/shiogama,391,Jidorito Kisetsu Ryori Furaibo,,,other,none,False
miyagi/shiogama,392,Jikasei Mentorisoba Ichimura,,,other,none,False
miyagi/shiogama,393,Colorado,,Cafe,cafe,ta,True
miyagi/shiogama,394,Rissuisha,,Asian,chinese,ta,True
miyagi/shiogama,395,Chinese Cuisine Sairyu,,Chinese,chinese,ta,True
miyagi/shiogama,396,Takoppe,,Japanese;Japanese - Other ,japanese,ta,True
miyagi/shiogama,397,Wakayoshi Shokudo,,Japanese,japanese,ta,True
miyagi/shiogama,398,Odaka Pastry,,,other,none,False
miyagi/shiogama,399,Florence,,Italian,european,ta,True
miyagi/shiogama,400,Petit Trianon Shiogama,,,other,none,False
miyagi/shiogama,401,Junikagetsu,,Chinese,chinese,ta,True
miyagi/shiogama,402,Shunmai,,Japanese,japanese,ta,True
miyagi/shiogama,403,Kirikabu,,,other,none,False
miyagi/shiogama,404,Blair Mangiare,,,other,none,False
miyagi/shiogama,405,Biaju,,Pub,izakaya,ta,True
miyagi/shiogama,406,Dolce,,Japanese,japanese,ta,True
miyagi/shiogama,407,Sokyu,,,other,none,False
miyagi/shiogama,408,Tasei Fish Store Tekute Honshiogama,,,other,none,False
miyagi/shiogama,409,Honkakuchukaryori Koshuryu,,Chinese,chinese,ta,True
miyagi/shiogama,410,Sushi Seafood Restaurant Yuki,,Japanese - Traditional Cuisine,other,none,False
miyagi/shiogama,411,Uosakaba,,Japanese;Seafood,seafood,ta,True
miyagi/shiogama,412,Heirokuzushi Miyagi Shiogama Suginoiri,,Japanese;Seafood;Sushi;Japanese - Other ,seafood,ta,True
miyagi/shiogama,413,Homemade Dumplings Ajino Takumi,,Chinese,chinese,ta,True
miyagi/shiogama,414,Uratoya,,Japanese;Izakaya (Japanese Style Tavern),izakaya,ta,True
miyagi/shiogama,415,Cafe Darts Niche,,Cafe,cafe,ta,True
miyagi/shiogama,416,Horaku Chuka Saien,,Chinese,chinese,ta,True
miyagi/shiogama,417,Kikusen Sushi,,Japanese;Sushi,seafood,ta,True
miyagi/shiogama,418,Misago Sushi,,Japanese;Sushi,seafood,ta,True
miyagi/shiogama,419,Miharu Tei,,Japanese;Sushi,seafood,ta,True
miyagi/shiogama,420,Nio Sushi Shimizusawa,,Japanese;Sushi,seafood,ta,True
miyagi/shiogama,421,Sanrikumae Sushi Gin,,Japanese;Sushi,seafood,ta,True
miyagi/shiogama,422,Coba,,,other,none,False
miyagi/shiogama,423,Yutoriro,,Fusion,other,none,False
miyagi/shiogama,424,Chiba Seika,,,other,none,False
miyagi/shiogama,425,Buaiso,,Japanese,japanese,ta,True
miyagi/shiogama,426,Pub Dion,,French,european,ta,True
miyagi/shiogama,427,Chopin,,French,european,ta,True
miyagi/shiogama,428,Shirokujichu Aeon Shiogama,,,other,none,False
miyagi/shiogama,429,手料理　きくち,,Japanese,japanese,ta,True
miyagi/shiogama,430,Jirocho,,Japanese;Japanese - Other ,japanese,ta,True
miyagi/shiogama,431,One Heart,,Bar;Pub,izakaya,ta,True
miyagi/shiogama,432,The Terrace Hatera,,Bar;Pub,izakaya,ta,True
miyagi/shiogama,433,Hatchan,,Japanese;Izakaya (Japanese Style Tavern),izakaya,ta,True
miyagi/shiogama,434,やぶ家,,Japanese;Japanese - Other ,japanese,ta,True
miyagi/shiogama,435,Gyoza to Ramen Menichi,,,other,none,False
miyagi/shiogama,436,Ippiki Shokudo,,Japanese;International;Japanese - Other ,japanese,ta,True
miyagi/shiogama,437,Don Don,,Japanese - Other ,japanese,ta,True
miyagi/shiogama,438,Bar Steave,,Bar;Pub,izakaya,ta,True
miyagi/shiogama,439,Yakko,,Japanese;International;Japanese - Other ,japanese,ta,True
miyagi/shiogama,440,Cafe Pid,,Italian,european,ta,True
miyagi/shiogama,441,Fukagawa Shokudo,,Japanese - Other ,japanese,ta,True
miyagi/shiogama,442,Aguri,,Japanese - Other ,japanese,ta,True
miyagi/shiogama,443,Lounge Pub Believe,,Pub,izakaya,ta,True
miyagi/shiogama,444,Salon Deteatime,,Cafe,cafe,ta,True
miyagi/shiogama,445,Hama Ya Shokudo,,Japanese,japanese,ta,True
miyagi/shiogama,446,Tachibana Shokudo,,Japanese,japanese,ta,True
miyagi/shiogama,447,Yanagioden Ya,,Japanese,japanese,ta,True
miyagi/shiogama,448,Fukuharu Dininig,,Japanese,japanese,ta,True
miyagi/shiogama,449,Jonetsu SHokudo Shiogama,,Japanese;International,japanese,ta,True
miyagi/shiogama,450,Jonetsu Shokudo Tsubame the Wing,,Japanese,japanese,ta,True
miyagi/shiogama,451,Menya Don,,Asian,chinese,ta,True
miyagi/shiogama,452,Wagaya,,Japanese,japanese,ta,True
miyagi/shiogama,453,Kogetsu Dining,,Japanese,japanese,ta,True
miyagi/shiogama,454,E Bar,,Bar;Pub,izakaya,ta,True
miyagi/shiogama,455,Yukii,,Japanese,japanese,ta,True
miyagi/shiogama,456,Chagall,,Pub,izakaya,ta,True
miyagi/shiogama,457,Purity,,Bar,izakaya,ta,True
miyagi/shiogama,458,Too,,Bar;Pub,izakaya,ta,True
miyagi/shiogama,459,Yakanhiko,,French,european,ta,True
miyagi/shiogama,460,Michikusa,,Japanese,japanese,ta,True
miyagi/shiogama,461,Numberone,,Japanese,japanese,ta,True
miyagi/shiogama,462,Izakaya Dontei,,Japanese,japanese,ta,True
miyagi/shiogama,463,Ichimura,,Japanese,japanese,ta,True
miyagi/shiogama,464,Oshu Gyutan Dining,,Barbecue,meat,ta,True
miyagi/shiogama,465,Tea Rose,,French,european,ta,True
miyagi/shiogama,466,アブー,,Japanese,japanese,ta,True
miyagi/shiogama,467,Home Cooking Restaurant Misuzu,,Japanese,japanese,ta,True
miyagi/shiogama,468,Rinzen,,Japanese,japanese,ta,True
miyagi/shiogama,469,Hige Oyaji,,Japanese,japanese,ta,True
miyagi/shiogama,470,Sobakan,,Japanese;Japanese - Other ,japanese,ta,True
miyagi/shiogama,471,Rinrin,,Japanese;International;Japanese - Other ,japanese,ta,True
miyagi/shiogama,472,Oshinchan,,Japanese;Japanese - Other ,japanese,ta,True
miyagi/shiogama,473,Kuri No Sato,,Japanese,japanese,ta,True
miyagi/shiogama,474,Robata Kushiro,,Japanese;Seafood;Grill,seafood,ta,True
miyagi/shiogama,475,Shichifuku Marin,,Japanese,japanese,ta,True
miyagi/shiogama,476,Izakaya Shin,,Japanese;Izakaya (Japanese Style Tavern),izakaya,ta,True
miyagi/shiogama,477,Yoro No Taki Shiogame Ekimae,,Izakaya (Japanese Style Tavern),izakaya,ta,True
miyagi/shiogama,478,Tampopo,,,other,none,False
miyagi/shiogama,479,Pecora,,,other,none,False
miyagi/shiogama,480,Angel,,,other,none,False
miyagi/shiogama,481,Izakaya Bancho,,Japanese;Izakaya (Japanese Style Tavern),izakaya,ta,True
miyagi/shiogama,482,Izakaya Gukkochan,,Izakaya (Japanese Style Tavern),izakaya,ta,True
miyagi/shiogama,483,Tana Gokoro,,Japanese;Izakaya (Japanese Style Tavern),izakaya,ta,True
miyagi/shiogama,484,Izakaya Tsukako Chan,,Izakaya (Japanese Style Tavern),izakaya,ta,True
miyagi/shiogama,485,Shippo,,Izakaya (Japanese Style Tavern),izakaya,ta,True
miyagi/shiogama,486,Sakaiya,,Japanese;International;Japanese - Other ,japanese,ta,True
miyagi/shiogama,487,Izakku Ogachi,,Izakaya (Japanese Style Tavern),izakaya,ta,True
miyagi/shiogama,488,Bar Contigo,,,other,none,False
miyagi/shiogama,489,かかし亭,,Japanese;Izakaya (Japanese Style Tavern),izakaya,ta,True
miyagi/shiogama,490,Eitaro York Benimaru Shiogama,,,other,none,False
miyagi/shiogama,491,Lis Blanc Pastry,,,other,none,False
miyagi/shiogama,492,Goshimaya,,,other,none,False
miyagi/shiogama,493,Champ de Mars Yamagishi,,,other,none,False
miyagi/shiogama,494,Makoron Ya Nishimachi,,,other,none,False
miyagi/shiogama,495,Sable,,,other,none,False
miyagi/shiogama,496,Ota Yohachiro Shoten,,,other,none,False
miyagi/shiogama,497,Tiffany Fujikura,,,other,none,False
miyagi/shiogama,498,Hoshi Bread,,,other,none,False
miyagi/shiogama,499,Bakery Farine Shiogama Sakae Cho,,,other,none,False
miyagi/shiogama,500,Izakaya Warabi,,Japanese;Izakaya (Japanese Style Tavern),izakaya,ta,True
miyagi/shiogama,501,Patisserie Monk,,,other,none,False
miyagi/shiogama,502,Restaurant Florence,,,other,none,False
miyagi/shiogama,503,Flower Irregularity,,,other,none,False
miyagi/shiogama,504,Mondo,,,other,none,False
miyagi/shiogama,505,Fujinami,,,other,none,False
miyagi/shiogama,506,Izakaya Suiren,,Japanese;Izakaya (Japanese Style Tavern),izakaya,ta,True
miyagi/shiogama,507,Ajidokorotonton,,Japanese;Izakaya (Japanese Style Tavern),izakaya,ta,True
miyagi/shiogama,508,Izakaya Tsukasa,,Japanese;Izakaya (Japanese Style Tavern),izakaya,ta,True
miyagi/shiogama,509,Beer Hall Shiogamakan,,,other,none,False
miyagi/shiogama,510,Yakata,,Japanese;Izakaya (Japanese Style Tavern),izakaya,ta,True
miyagi/shiogama,511,Izakaya Matsuri,,Japanese;Izakaya (Japanese Style Tavern),izakaya,ta,True
miyagi/shiogama,512,Isoya,,Japanese;Izakaya (Japanese Style Tavern),izakaya,ta,True
miyagi/shiogama,513,Akachochin Tomitaya,,,other,none,False
miyagi/shiogama,514,Kabosharu,,,other,none,False
miyagi/shiogama,515,Liquor and Food Store Atmospheric Mr,,,other,none,False
miyagi/shiogama,516,Shun Irodori Heart,,,other,none,False
miyagi/shiogama,517,Bistro Pa Pa,,,other,none,False
miyagi/shiogama,518,Ramen Hiko,,,other,none,False
miyagi/shiogama,519,Fugetsu,,,other,none,False
miyagi/shiogama,520,Daikokuya Soba,,,other,none,False
miyagi/shiogama,521,Siala,,,other,none,False
miyagi/shiogama,522,Baby Girl,,,other,none,False
miyagi/shiogama,523,Snack Azusa,,,other,none,False
miyagi/shiogama,524,Kitchentomato,,,other,none,False
miyagi/shiogama,525,Hinode Asahimachi,,,other,none,False
miyagi/shiroishishi,1,中華亭,ラーメン,,noodles,tb,True
miyagi/shiroishishi,2,芝その軒,中華料理、ラーメン,,chinese,tb,True
miyagi/shiroishishi,3,白石温麺 つりがね庵,麺類、郷土料理、日本料理,,noodles,tb,True
miyagi/shiroishishi,4,むらかみ,そば,,noodles,tb,True
miyagi/shiroishishi,5,元祖白石うーめん処なかじま,麺類、郷土料理、日本酒バー,,noodles,tb,True
miyagi/shiroishishi,6,麺家 九十九,ラーメン,,noodles,tb,True
miyagi/shiroishishi,7,やまぶき亭,麺類、日本料理、天ぷら,,noodles,tb,True
miyagi/shiroishishi,8,讃岐づくり本格手打ちうどん 麦の季,うどん,,noodles,tb,True
miyagi/shiroishishi,9,甘味堂 くさかもちや,和菓子、甘味処、喫茶店,,sweets,tb,True
miyagi/shiroishishi,10,中国飯屋 金五郎,中華料理、飲茶・点心、ラーメン,,chinese,tb,True
miyagi/shiroishishi,11,牧場カフェ 醍醐,ジェラート・アイスクリーム,,sweets,tb,True
miyagi/shiroishishi,12,日本料理この花(ベネシアンホテル白石蔵王),日本料理、焼肉、しゃぶしゃぶ,,japanese,tb,True
miyagi/shiroishishi,13,みのりキッチン,洋食、ソフトクリーム,,european,tb,True
miyagi/shiroishishi,14,長寿庵,そば、食堂,,noodles,tb,True
miyagi/shiroishishi,15,清治庵,麺類,,noodles,tb,True
miyagi/shiroishishi,16,都屋本店,うなぎ、天ぷら、かつ丼,,seafood,tb,True
miyagi/shiroishishi,17,和食処やまと,居酒屋、天ぷら、海鮮,,izakaya,tb,True
miyagi/shiroishishi,18,柳屋菓子店,洋菓子、和菓子、パン,,sweets,tb,True
miyagi/shiroishishi,19,仙加苑 白石バイパス本店,和菓子,,sweets,tb,True
miyagi/shiroishishi,20,オールウェイズ ジョジョパン,パン,,sweets,tb,True
miyagi/shiroishishi,21,高甚 白石駅前本店,和菓子、ケーキ,,sweets,tb,True
miyagi/shiroishishi,22,蕎麦庵 かつら木,そば,,noodles,tb,True
miyagi/shiroishishi,23,小原なごみ茶屋,そば,,noodles,tb,True
miyagi/shiroishishi,24,関東家,そば、うどん,,noodles,tb,True
miyagi/shiroishishi,25,一力庵,食堂、天ぷら、そば,,casual,tb,True
miyagi/shiroishishi,26,カフェSUNSUN小十郎,カフェ,,cafe,tb,True
miyagi/shiroishishi,27,Lover,ハンバーグ、洋食、パスタ,,meat,tb,True
miyagi/shiroishishi,28,キッチンオルト,洋食、ピザ、パスタ,,european,tb,True
miyagi/shiroishishi,29,太助寿司,寿司,,seafood,tb,True
miyagi/shiroishishi,30,粋,カフェ,,cafe,tb,True
miyagi/shiroishishi,31,ポエム,喫茶店,,cafe,tb,True
miyagi/shiroishishi,32,らぁめん　うんじゃらげ,ラーメン、つけ麺,,noodles,tb,True
miyagi/shiroishishi,33,うどんの青山,うどん,,noodles,tb,True
miyagi/shiroishishi,34,コヤコーヒー,カフェ,,cafe,tb,True
miyagi/shiroishishi,35,キーズカフェ 白石蔵王店,カフェ、パン,,cafe,tb,True
miyagi/shiroishishi,36,福香亭  白石支店,中華料理、飲茶・点心、ラーメン,,chinese,tb,True
miyagi/shiroishishi,37,焼肉千里馬 蔵王駅前店,焼肉,,meat,tb,True
miyagi/shiroishishi,38,ミサワヤ,惣菜・デリ,,casual,tb,True
miyagi/shiroishishi,39,FRUTTA GELATO,ジェラート・アイスクリーム,,sweets,tb,True
miyagi/shiroishishi,40,Cafe 洋燈,カフェ,,cafe,tb,True
miyagi/shiroishishi,41,trattoria & ber elmo,イタリアン、ダイニングバー,,european,tb,True
miyagi/shiroishishi,42,高甚 東庵店,和菓子、ケーキ,,sweets,tb,True
miyagi/shiroishishi,43,来来,中華料理,,chinese,tb,True
miyagi/shiroishishi,44,ルガノ,フレンチ、パスタ、カレー,,european,tb,True
miyagi/shiroishishi,45,Cafe 沢端,カフェ,,cafe,tb,True
miyagi/shiroishishi,46,お休み処 あたご茶屋,カフェ、甘味処、ソフトクリーム,,cafe,tb,True
miyagi/shiroishishi,47,おもしろいし市場,その他,,other,none,False
miyagi/shiroishishi,48,白石城歴史探訪ミュージアム,その他,,other,none,False
miyagi/shiroishishi,49,ラーメンショップ 椿 越河店,ラーメン,,noodles,tb,True
miyagi/shiroishishi,50,お食事処 番や,食堂,,casual,tb,True
miyagi/shiroishishi,51,ひまわり ヤマザワ白石北店,食堂、ラーメン、クレープ・ガレット,,casual,tb,True
miyagi/shiroishishi,52,居酒屋 ザモッズ,居酒屋,,izakaya,tb,True
miyagi/shiroishishi,53,焼き菓子製作室 イロドリ,洋菓子,,sweets,tb,True
miyagi/shiroishishi,54,シェノン,パン,,sweets,tb,True
miyagi/shiroishishi,55,東天閣,中華料理、飲茶・点心、居酒屋,,chinese,tb,True
miyagi/shiroishishi,56,東,食堂、カフェ,,casual,tb,True
miyagi/shiroishishi,57,ドルフィン,喫茶店,,cafe,tb,True
miyagi/shiroishishi,58,お食事 ゆっぽ亭,食堂,,casual,tb,True
miyagi/shiroishishi,59,山川屋菓子店,和菓子,,sweets,tb,True
miyagi/shiroishishi,60,白石城小十郎茶屋,ソフトクリーム,,sweets,tb,True
miyagi/shiroishishi,61,中華そば熊や,食堂、ラーメン,,casual,tb,True
miyagi/shiroishishi,62,サンポーラン,パン,,sweets,tb,True
miyagi/shiroishishi,63,白泉堂,和菓子,,sweets,tb,True
miyagi/shiroishishi,64,ピッツェリア ペンギン村,ピザ,,european,tb,True
miyagi/shiroishishi,65,COPAL みやぎ生協白石店,食堂、麺類、お好み焼き,,casual,tb,True
miyagi/shiroishishi,66,馬車路,カレー、そば、喫茶店,,curry,tb,True
miyagi/shiroishishi,67,Dining Kitchen BUONO,ピザ,,european,tb,True
miyagi/shiroishishi,68,"紅茶と珈琲のお店 ｆ,",カフェ,,cafe,tb,True
miyagi/shiroishishi,69,はたけなか製麺,麺類,,noodles,tb,True
miyagi/shiroishishi,70,すすきの一番,ラーメン,,noodles,tb,True
miyagi/shiroishishi,71,ラーメン・焼肉ナナ,ラーメン、焼肉,,noodles,tb,True
miyagi/shiroishishi,72,竹鶏ファーム,その他,,other,none,False
miyagi/shiroishishi,73,小料理ささき,日本料理、海鮮、居酒屋,,japanese,tb,True
miyagi/shiroishishi,74,炭火焼き　呵呵大笑,居酒屋、焼き鳥、串焼き,,izakaya,tb,True
miyagi/shiroishishi,75,蔵王酒造展示館,その他,,other,none,False
miyagi/shiroishishi,76,お食事処あがつま,食堂,,casual,tb,True
miyagi/shiroishishi,77,ぐりーんぐらす,喫茶店、洋食,,cafe,tb,True
miyagi/shiroishishi,78,居楽酒屋 吉や,居酒屋,,izakaya,tb,True
miyagi/shiroishishi,79,鮨敏,寿司,,seafood,tb,True
miyagi/shiroishishi,80,藤よし,日本料理、天ぷら,,japanese,tb,True
miyagi/shiroishishi,81,レストランソレイユ,食堂,,casual,tb,True
miyagi/shiroishishi,82,しのぶ,居酒屋、ホルモン,,izakaya,tb,True
miyagi/shiroishishi,83,えびす,日本料理,,japanese,tb,True
miyagi/shiroishishi,84,En Cafe,カフェ、ハンバーグ,,cafe,tb,True
miyagi/shiroishishi,85,ラーメン金龍,ラーメン,,noodles,tb,True
miyagi/shiroishishi,86,白石スキー場 レストラン,食堂、ラーメン,,casual,tb,True
miyagi/shiroishishi,87,宮城蔵王 キツネ村,その他,,other,none,False
miyagi/shiroishishi,88,蔵王高原フーズ 直売所,その他,,other,none,False
miyagi/shiroishishi,89,政寿司,寿司,,seafood,tb,True
miyagi/shiroishishi,90,味処和が家,居酒屋,,izakaya,tb,True
miyagi/shiroishishi,91,わんこの家,その他,,other,none,False
miyagi/shiroishishi,92,自家焙煎珈琲工房 飛行島,その他,,other,none,False
miyagi/shiroishishi,93,セブンイレブン 白石馬場前店,コンビニ・スーパー,,daily,tb,True
miyagi/shiroishishi,94,クレープの店ちろりん村,クレープ・ガレット,,sweets,tb,True
miyagi/shiroishishi,95,釣り堀カフェクローバー,カフェ、かき氷,,cafe,tb,True
miyagi/shiroishishi,96,イザック H&J,居酒屋,,izakaya,tb,True
miyagi/shiroishishi,97,昭和食堂,そば、おにぎり,,noodles,tb,True
miyagi/shiroishishi,98,Kitchen 煙,餃子,,chinese,tb,True
miyagi/shiroishishi,99,ANGLE COFFEE HUB,カフェ,,cafe,tb,True
miyagi/shiroishishi,100,ニューデイズ 白石,コンビニ・スーパー,,daily,tb,True
miyagi/shiroishishi,101,どさん子 白石バイパス店,ラーメン,,noodles,tb,True
miyagi/shiroishishi,102,ココス 白石店,ファミレス,,casual,tb,True
miyagi/shiroishishi,103,菓匠三全  白石本町店,和菓子、スイーツ,,sweets,tb,True
miyagi/shiroishishi,104,ガスト 白石店,ファミレス,,casual,tb,True
miyagi/shiroishishi,105,吉野家 ４号線白石店,牛丼、カレー、食堂,,casual,tb,True
miyagi/shiroishishi,106,マクドナルド ４号線白石店,ハンバーガー,,casual,tb,True
miyagi/shiroishishi,107,ニューデイズ 白石蔵王,コンビニ・スーパー,,daily,tb,True
miyagi/shiroishishi,108,馬上かまぼこ店 白石店,その他,,other,none,False
miyagi/shiroishishi,109,COOP 白石店,その他,,other,none,False
miyagi/shiroishishi,110,しんしん亭,中華料理,,chinese,tb,True
miyagi/shiroishishi,111,かんしょう,居酒屋,,izakaya,tb,True
miyagi/shiroishishi,112,旬菜旬肴 天花,居酒屋、海鮮、揚げ物,,izakaya,tb,True
miyagi/shiroishishi,113,ダイニング バー トライアングル,中華料理、ダイニングバー,,chinese,tb,True
miyagi/shiroishishi,114,しろいしほっこりにっこりくらぶ,カフェ,,cafe,tb,True
miyagi/shiroishishi,115,(有)カネマン魚店,その他,,other,none,False
miyagi/shiroishishi,116,白樺,パブ,,izakaya,tb,True
miyagi/shiroishishi,117,くるま,海鮮,,seafood,tb,True
miyagi/shiroishishi,118,カフェ・ミルトン,ブラジル料理,,other,none,False
miyagi/shiroishishi,119,星乃家,寿司,,seafood,tb,True
miyagi/shiroishishi,120,ごんとそらcafe,カフェ,,cafe,tb,True
miyagi/shiroishishi,121,停車場,居酒屋、バー,,izakaya,tb,True
miyagi/shiroishishi,122,幸楽苑 白石店,ラーメン,,noodles,tb,True
miyagi/shiroishishi,123,花のれん,居酒屋,,izakaya,tb,True
miyagi/shiroishishi,124,個亭 この花,バー、日本料理,,izakaya,tb,True
miyagi/shiroishishi,125,和み処 ももの木,居酒屋、海鮮,,izakaya,tb,True
miyagi/shiroishishi,126,スズキミート,コロッケ,,casual,tb,True
miyagi/shiroishishi,127,大江惣菜店,おにぎり、弁当,,casual,tb,True
miyagi/shiroishishi,128,姉妹,居酒屋,,izakaya,tb,True
miyagi/shiroishishi,129,ヨークベニマル 白石店,コンビニ・スーパー,,daily,tb,True
miyagi/shiroishishi,130,風と大地のおかず家,弁当,,casual,tb,True
miyagi/shiroishishi,131,ロビーラウンジ都路里,バー,,izakaya,tb,True
miyagi/shiroishishi,132,肉のとみおか,その他,,other,none,False
miyagi/shiroishishi,133,ファミリーマート 白石駅前店,コンビニ・スーパー,,daily,tb,True
miyagi/shiroishishi,134,個室・一人焼肉 煉,焼肉,,meat,tb,True
miyagi/shiroishishi,135,木地ひきのいっぷく屋,食堂,,casual,tb,True
miyagi/shiroishishi,136,メーメークラブ門前茶屋,ジンギスカン,,meat,tb,True
miyagi/shiroishishi,137,レストラン チャーリー,メキシコ料理,,other,none,False
miyagi/shiroishishi,138,平禄寿司 宮城白石店,回転寿司,,seafood,tb,True
miyagi/shiroishishi,139,酒菜の隠れ家 月あかり 白石店,居酒屋、海鮮、鍋,,izakaya,tb,True
miyagi/shiroishishi,140,味のまるまつ 白石店,ファミレス,,casual,tb,True
miyagi/shiroishishi,141,モンペリエ ヨークベニマル白石店,パン,,sweets,tb,True
miyagi/shiroishishi,142,白石興産,その他,,other,none,False
miyagi/shiroishishi,143,イタリアン・トマト カラオケパーク 白石蔵王店,イタリアン、パスタ、ケーキ,,european,tb,True
miyagi/shiroishishi,144,幸楽苑のからあげ家 白石店,からあげ,,meat,tb,True
miyagi/shiroishishi,145,ほっともっと 白石東町店,弁当,,casual,tb,True
miyagi/shiroishishi,146,沖縄,居酒屋、沖縄料理,,izakaya,tb,True
miyagi/shiroishishi,147,パン工房 アンジュール みやぎ生協白石店,パン,,sweets,tb,True
miyagi/shiroishishi,148,やきとり大吉 ＪＲ白石店,焼き鳥,,meat,tb,True
miyagi/shiroishishi,149,ハンアリ,韓国料理、焼肉、餃子,,chinese,tb,True
miyagi/shiroishishi,150,つつみ屋 白石店,和菓子,,sweets,tb,True
miyagi/shiroishishi,151,めん太郎 白石店,うどん、そば、ラーメン,,noodles,tb,True
miyagi/shiroishishi,152,不二家 ヨークベニマル白石店,ケーキ,,sweets,tb,True
miyagi/shiroishishi,153,むらかみさんち,その他,,other,none,False
miyagi/shiroishishi,154,鳥勝,焼き鳥、日本料理,,meat,tb,True
miyagi/shiroishishi,155,天然記念物 材木岩公園売店,その他,,other,none,False
miyagi/shiroishishi,156,河寿し,寿司,,seafood,tb,True
miyagi/shiroishishi,157,まるほ,その他,,other,none,False
miyagi/shiroishishi,158,小原いきいき直売所,その他,,other,none,False
miyagi/shiroishishi,159,きく文,その他,,other,none,False
miyagi/shiroishishi,160,アヴィ カレーバー,東南アジア料理、カレー,,chinese,tb,True
miyagi/shiroishishi,161,丸秀酒店,その他,,other,none,False
miyagi/shiroishishi,162,ヤマザワ 白石北店,コンビニ・スーパー,,daily,tb,True
miyagi/shiroishishi,163,三宅精肉店,その他,,other,none,False
miyagi/shiroishishi,164,POINT NEMO,バー,,izakaya,tb,True
miyagi/shiroishishi,165,セブンイレブン 白石大平店,コンビニ・スーパー,,daily,tb,True
miyagi/shiroishishi,166,ヤマザキショップ 刈田綜合病院店,コンビニ・スーパー,,daily,tb,True
miyagi/shiroishishi,167,ギャラリー美器,カフェ、その他,,cafe,tb,True
miyagi/shiroishishi,168,サクラ,バー,,izakaya,tb,True
miyagi/shiroishishi,169,カフェ レーヴ,カフェ、カレー,,cafe,tb,True
miyagi/shiroishishi,170,不二家 ヤマザワ白石北店,ケーキ,,sweets,tb,True
miyagi/shiroishishi,171,LAWSON 白石大平店,コンビニ・スーパー,,daily,tb,True
miyagi/shiroishishi,172,角万,その他,,other,none,False
miyagi/shiroishishi,173,森巳酒店,その他,,other,none,False
miyagi/shiroishishi,174,セラビ 白石店,その他,,other,none,False
miyagi/shiroishishi,175,杏山,バー,,izakaya,tb,True
miyagi/shiroishishi,176,セブンイレブン 白石城北町店,コンビニ・スーパー,,daily,tb,True
miyagi/shiroishishi,177,藤崎 白石店,その他,,other,none,False
miyagi/shiroishishi,178,都寿し,寿司,,seafood,tb,True
miyagi/shiroishishi,179,ミニストップ 白石羽山店,コンビニ・スーパー,,daily,tb,True
miyagi/shiroishishi,180,Okey Burger,ハンバーガー,,casual,tb,True
miyagi/shiroishishi,181,歩,焼肉,,meat,tb,True
miyagi/shiroishishi,182,多憩,居酒屋、食堂,,izakaya,tb,True
miyagi/shiroishishi,183,バーバ工愛市,その他,,other,none,False
miyagi/shiroishishi,184,セブンイレブン 白石工業高校前店,コンビニ・スーパー,,daily,tb,True
miyagi/shiroishishi,185,セブンイレブン 白石半沢屋敷前店,コンビニ・スーパー,,daily,tb,True
miyagi/shiroishishi,186,株主会社半田食品 刈田綜合病院店,その他,,other,none,False
miyagi/shiroishishi,187,ファミリーマート 白石沢端店,コンビニ・スーパー,,daily,tb,True
miyagi/shiroishishi,188,ミニストップ 白石半沢屋敷前店,コンビニ・スーパー,,daily,tb,True
miyagi/shiroishishi,189,セブンイレブン 白石蔵王駅前店,コンビニ・スーパー,,daily,tb,True
miyagi/shiroishishi,190,小十郎の郷,その他,,other,none,False
miyagi/shiroishishi,191,株式会社きちみ製麺 売店,その他,,other,none,False
miyagi/shiroishishi,192,中華 味彩,中華料理,,chinese,tb,True
miyagi/shiroishishi,193,小室わさび屋,その他,,other,none,False
miyagi/shiroishishi,194,松田製粉 直売所,その他,,other,none,False
miyagi/shiroishishi,195,工房 こひな,その他,,other,none,False
miyagi/shiroishishi,196,大沼焼ふ店,その他,,other,none,False
miyagi/shiroishishi,197,ファミリーマート,コンビニ・スーパー,,daily,tb,True
miyagi/shiroishishi,198,LAWSON 白石鷹巣東店,コンビニ・スーパー,,daily,tb,True
miyagi/shiroishishi,199,マリア,その他,,other,none,False
miyagi/shiroishishi,200,あさひ,バー,,izakaya,tb,True
miyagi/shiroishishi,201,麺面彩,中華料理,,chinese,tb,True
miyagi/shiroishishi,202,居酒屋とんとん,焼き鳥,,meat,tb,True
miyagi/shiroishishi,203,美由紀,レストラン,,other,none,False
miyagi/shiroishishi,204,フレスコキクチ 白石店,コンビニ・スーパー,,daily,tb,True
miyagi/shiroishishi,205,誠屋,レストラン,,other,none,False
miyagi/shiroishishi,206,居酒屋なつめ,居酒屋,,izakaya,tb,True
miyagi/shiroishishi,207,小十郎プラザ,その他,,other,none,False
miyagi/shiroishishi,208,Hikarian,,Japanese;Japanese - Other ,japanese,ta,True
miyagi/shiroishishi,209,Handmade Soba Murakani,,,other,none,False
miyagi/shiroishishi,210,Japanese Restaurant Yamato,,Japanese;Izakaya (Japanese Style Tavern),izakaya,ta,True
miyagi/shiroishishi,211,Umenbansho,,,other,none,False
miyagi/shiroishishi,212,Lugano,,Italian;French,european,ta,True
miyagi/shiroishishi,213,Kamasaki Onsen Mogamiya Ryokan,,Japanese - Traditional Cuisine,other,none,False
miyagi/shiroishishi,214,Chinese Restaurant Kin Goro,,Chinese,chinese,ta,True
miyagi/shiroishishi,215,Sobaan Katsuragi,,Japanese;Japanese - Other ,japanese,ta,True
miyagi/shiroishishi,216,Nakajima JRTohoku Line Shiroishi Ekimae,,Japanese,japanese,ta,True
miyagi/shiroishishi,217,Men Yatsukumo,,,other,none,False
miyagi/shiroishishi,218,Gusto Shiraishi,,,other,none,False
miyagi/shiroishishi,219,Chinatei,,Chinese,chinese,ta,True
miyagi/shiroishishi,220,Marumatsu Shiraishi,,International,other,none,False
miyagi/shiroishishi,221,Totenkaku,,,other,none,False
miyagi/shiroishishi,222,Ramen Yakiniku Nana,,Japanese;Barbecue,meat,ta,True
miyagi/shiroishishi,223,Chojuan,,Japanese;Japanese - Other ,japanese,ta,True
miyagi/shiroishishi,224,Ramen Kinryu,,,other,none,False
miyagi/shiroishishi,225,Xian toshomen,,Chinese,chinese,ta,True
miyagi/shiroishishi,226,Ramen Unjarage,,,other,none,False
miyagi/shiroishishi,227,Ashigaru Manju Shiraishi Bypass Main Store,,,other,none,False
miyagi/shiroishishi,228,Adachiya Soba,,Japanese;Japanese - Other ,japanese,ta,True
miyagi/shiroishishi,229,Heirokuzushi Shiroishi,,Japanese;Seafood;Sushi;Japanese - Other ,seafood,ta,True
miyagi/shiroishishi,230,Tokinokira,,Japanese;Japanese - Traditional Cuisine,japanese,ta,True
miyagi/shiroishishi,231,Restaurant in Shiroishijo Rekishitambo Museum,,,other,none,False
miyagi/shiroishishi,232,Coco s Japan,,Japanese;International,japanese,ta,True
miyagi/shiroishishi,233,Shunsai No Kakurega Tsukiakari Shiroishi,,Japanese;Izakaya (Japanese Style Tavern),izakaya,ta,True
miyagi/shiroishishi,234,Ryutei,,,other,none,False
miyagi/shiroishishi,235,Miraku,,Chinese,chinese,ta,True
miyagi/shiroishishi,236,Ryu Ryu,,Asian,chinese,ta,True
miyagi/shiroishishi,237,Genjibotaru Rice Cracker,,,other,none,False
miyagi/shiroishishi,238,Restaurant Zaotei,,,other,none,False
miyagi/shiroishishi,239,Ramen Ichimaru,,Japanese;Asian,chinese,ta,True
miyagi/shiroishishi,240,Karaoke Shofukutei Crayon Shiraishi,,International,other,none,False
miyagi/shiroishishi,241,Ramen Shop Saikawa,,,other,none,False
miyagi/shiroishishi,242,Kawazushi,,Japanese;Seafood;Sushi;Japanese - Other ,seafood,ta,True
miyagi/shiroishishi,243,Magotaro Chaya,,Cafe,cafe,ta,True
miyagi/shiroishishi,244,Yokoyama Sembei,,,other,none,False
miyagi/shiroishishi,245,Tabe Dokoro Tsu,,,other,none,False
miyagi/shiroishishi,246,Ogami,,Japanese,japanese,ta,True
miyagi/shiroishishi,247,Kakurega Restaurant Komorebi,,,other,none,False
miyagi/shiroishishi,248,Multi Purpose Hall Hana Nehana,,International,other,none,False
miyagi/shiroishishi,249,Agatsuma Dining,,Japanese;International;Japanese - Other ,japanese,ta,True
miyagi/shiroishishi,250,La Hetraie,,Cafe,cafe,ta,True
miyagi/shiroishishi,251,Rui Dininig Room,,Japanese;International,japanese,ta,True
miyagi/shiroishishi,252,Otafuku,,Japanese;International;Japanese - Other ,japanese,ta,True
miyagi/shiroishishi,253,Daien,,Japanese,japanese,ta,True
miyagi/shiroishishi,254,Sushi Restaurant Miyako Sushi,,Japanese;Sushi,seafood,ta,True
miyagi/shiroishishi,255,Dateno Karaageya,,Japanese,japanese,ta,True
miyagi/shiroishishi,256,Tavern Zamozzu,,Pub,izakaya,ta,True
miyagi/shiroishishi,257,Restaurant Hana,,Japanese,japanese,ta,True
miyagi/shiroishishi,258,Koryori Tomozuna Pure Spot Utage,,Japanese;Fusion;Japanese - Other ,japanese,ta,True
miyagi/shiroishishi,259,Tamako,,Japanese;Japanese - Traditional Cuisine;Kaiseki,japanese,ta,True
miyagi/shiroishishi,260,Tokiwaya Shiroishi,,Japanese,japanese,ta,True
miyagi/shiroishishi,261,Kappo Aoba,,Japanese;Japanese - Traditional Cuisine;Kappo,japanese,ta,True
miyagi/shiroishishi,262,Koito,,Japanese,japanese,ta,True
miyagi/shiroishishi,263,Kojuro,,Japanese,japanese,ta,True
miyagi/shiroishishi,264,Kame House,,,other,none,False
miyagi/shiroishishi,265,Restaurant Suzuki Meat,,,other,none,False
miyagi/shiroishishi,266,おにぎりの郷,,Japanese,japanese,ta,True
miyagi/shiroishishi,267,Pizzeria Penguin Village,,,other,none,False
miyagi/shiroishishi,268,Cafe Taco Salon,,,other,none,False
miyagi/shiroishishi,269,Bunch Come Easy Tea Room Dining Options,,,other,none,False
miyagi/shiroishishi,270,Akitaya,,,other,none,False
miyagi/shiroishishi,271,Murataya Confectionery,,,other,none,False
miyagi/shiroishishi,272,Gyokusendo Ekimae,,,other,none,False
miyagi/shiroishishi,273,Takajin Confectionery Serabi,,,other,none,False
miyagi/shiroishishi,274,Farine Serabi Shiraishi,,,other,none,False
miyagi/shiroishishi,275,Mii,,,other,none,False
miyagi/shiroishishi,276,Shankoen,,,other,none,False
miyagi/shiroishishi,277,Tsukiakari Shiroishi Ekimae,,Pub,izakaya,ta,True
miyagi/shiroishishi,278,L atelier de Fuku,,,other,none,False
miyagi/shiroishishi,279,Cantera,,Japanese;Izakaya (Japanese Style Tavern),izakaya,ta,True
miyagi/shiroishishi,280,Izakaya Natsume,,Japanese;Izakaya (Japanese Style Tavern),izakaya,ta,True
miyagi/shiroishishi,281,Shiba Sono Branch,,,other,none,False
miyagi/shiroishishi,282,Eagles,,,other,none,False
miyagi/tagajo,1,ムラタ,ケーキ,,sweets,tb,True
miyagi/tagajo,2,PIZZERIA DB,ピザ,,european,tb,True
miyagi/tagajo,3,蔵,ラーメン,,noodles,tb,True
miyagi/tagajo,4,一品堂,ラーメン,,noodles,tb,True
miyagi/tagajo,5,ラーメン あんず,ラーメン,,noodles,tb,True
miyagi/tagajo,6,らー麺味噌やす,ラーメン,,noodles,tb,True
miyagi/tagajo,7,とんかつ一代,とんかつ,,meat,tb,True
miyagi/tagajo,8,瀧さわ家 多賀城店,うどん、居酒屋,,noodles,tb,True
miyagi/tagajo,9,グリーンライフコーヒーロースター,カフェ,,cafe,tb,True
miyagi/tagajo,10,長町ラーメン 多賀城店,ラーメン,,noodles,tb,True
miyagi/tagajo,11,ラーメンビリー 多賀城店,ラーメン、つけ麺,,noodles,tb,True
miyagi/tagajo,12,食堂大郷,食堂、かつ丼、ラーメン,,casual,tb,True
miyagi/tagajo,13,明華園,中華料理,,chinese,tb,True
miyagi/tagajo,14,むつごろう,食堂,,casual,tb,True
miyagi/tagajo,15,とんこつ豚らーめん 飛燕,ラーメン,,noodles,tb,True
miyagi/tagajo,16,食事処 海幸,食堂、海鮮,,casual,tb,True
miyagi/tagajo,17,ラーメン 鶏華,ラーメン,,noodles,tb,True
miyagi/tagajo,18,満州園 多賀城店,中華料理,,chinese,tb,True
miyagi/tagajo,19,そばの神田 町前屋本店,そば、うどん、かつ丼,,noodles,tb,True
miyagi/tagajo,20,東日本ラーメン研究所,ラーメン,,noodles,tb,True
miyagi/tagajo,21,そば 寿ゞ喜支店,そば、うどん,,noodles,tb,True
miyagi/tagajo,22,油そば はてな,ラーメン、油そば・まぜそば,,noodles,tb,True
miyagi/tagajo,23,やわらかとんかつ かつ庄 多賀城本店,とんかつ、かつ丼、ハンバーグ,,meat,tb,True
miyagi/tagajo,24,とんちん館,とんかつ、焼肉,,meat,tb,True
miyagi/tagajo,25,たんや善治郎 多賀城店,牛タン、居酒屋、郷土料理,,meat,tb,True
miyagi/tagajo,26,さるしな,牛タン、焼肉、居酒屋,,meat,tb,True
miyagi/tagajo,27,いわい食堂,食堂、ラーメン,,casual,tb,True
miyagi/tagajo,28,三島屋,中華料理,,chinese,tb,True
miyagi/tagajo,29,ん寿司,寿司,,seafood,tb,True
miyagi/tagajo,30,牛タン焼肉善治郎 多賀城駅店,焼肉,,meat,tb,True
miyagi/tagajo,31,Ko-an,パン、ケーキ、カフェ,,sweets,tb,True
miyagi/tagajo,32,喰囍炒,中華料理、ラーメン,,chinese,tb,True
miyagi/tagajo,33,あかんたれ,食堂、お好み焼き,,casual,tb,True
miyagi/tagajo,34,洋菓子の店ティファニー,ケーキ,,sweets,tb,True
miyagi/tagajo,35,東龍,ラーメン,,noodles,tb,True
miyagi/tagajo,36,アンティークカフェ オールドタイム,カフェ、洋食,,cafe,tb,True
miyagi/tagajo,37,たんや 善治郎 多賀城駅店,弁当、牛タン,,casual,tb,True
miyagi/tagajo,38,まぼろし海鮮 陸奥,居酒屋、海鮮、串揚げ,,izakaya,tb,True
miyagi/tagajo,39,鳥善,海鮮、レストラン、日本料理,,seafood,tb,True
miyagi/tagajo,40,&Sun,カフェ,,cafe,tb,True
miyagi/tagajo,41,Ten coffee and bake,カフェ、洋菓子,,cafe,tb,True
miyagi/tagajo,42,ファソン・ドゥ・ドイ,ケーキ、スイーツ,,sweets,tb,True
miyagi/tagajo,43,和食の小島,日本料理、寿司,,japanese,tb,True
miyagi/tagajo,44,町田商店 多賀城店,ラーメン、つけ麺、餃子,,noodles,tb,True
miyagi/tagajo,45,SARU CURRY,カレー,,curry,tb,True
miyagi/tagajo,46,米粉パン トゥット,パン、ケーキ、カフェ,,sweets,tb,True
miyagi/tagajo,47,ミラックマツヤ,コンビニ・スーパー,,daily,tb,True
miyagi/tagajo,48,イタリア食堂Pino,イタリアン,,european,tb,True
miyagi/tagajo,49,だいご寿司,寿司,,seafood,tb,True
miyagi/tagajo,50,ボーヴル,フレンチ,,european,tb,True
miyagi/tagajo,51,Fiddle,パン,,sweets,tb,True
miyagi/tagajo,52,麺匠 大黒 多賀城店,ラーメン、つけ麺,,noodles,tb,True
miyagi/tagajo,53,憩いの喰う感 麺恋,ラーメン、中華料理,,noodles,tb,True
miyagi/tagajo,54,すしの貴伸,寿司、居酒屋、海鮮,,seafood,tb,True
miyagi/tagajo,55,城伸寿司,寿司、そば、天ぷら,,seafood,tb,True
miyagi/tagajo,56,プチトリアノン 多賀城店,ケーキ,,sweets,tb,True
miyagi/tagajo,57,菓子屋 糸,ケーキ、洋菓子,,sweets,tb,True
miyagi/tagajo,58,牛たん炭焼き 利久 多賀城店,牛タン,,meat,tb,True
miyagi/tagajo,59,焼肉・冷麺ヤマト 多賀城店,焼肉、冷麺、ホルモン,,meat,tb,True
miyagi/tagajo,60,インドレストラン ガンジー,インドカレー、インド料理,,curry,tb,True
miyagi/tagajo,61,一歩,居酒屋,,izakaya,tb,True
miyagi/tagajo,62,食道苑,焼肉、食堂、冷麺,,meat,tb,True
miyagi/tagajo,63,ピュイダムール,パン、ケーキ,,sweets,tb,True
miyagi/tagajo,64,多賀城亀喜寿司,寿司,,seafood,tb,True
miyagi/tagajo,65,焼肉 明月苑 多賀城店,焼肉、鉄板焼き、ホルモン,,meat,tb,True
miyagi/tagajo,66,ホテルキャッスルプラザ 多賀城,ホテル,,other,none,False
miyagi/tagajo,67,カサン,喫茶店,,cafe,tb,True
miyagi/tagajo,68,和食遊膳 縁楽,日本料理、天ぷら,,japanese,tb,True
miyagi/tagajo,69,いろは亭 多賀城店,食堂,,casual,tb,True
miyagi/tagajo,70,プラージュ,洋食,,european,tb,True
miyagi/tagajo,71,うなぎ山ざき,レストラン、うなぎ,,seafood,tb,False
miyagi/tagajo,72,フミキリCAFE,カフェ,,cafe,tb,True
miyagi/tagajo,73,3FLAVOR CURRY,カレー,,curry,tb,True
miyagi/tagajo,74,軽食 ひまわり,食堂,,casual,tb,True
miyagi/tagajo,75,自家製中華そば つむぎ,ラーメン,,noodles,tb,True
miyagi/tagajo,76,よしつね 多賀城店,和菓子、おにぎり,,sweets,tb,True
miyagi/tagajo,77,PARAGONIAN,喫茶店、バー,,cafe,tb,True
miyagi/tagajo,78,伊藤商店 仙台港店,ラーメン,,noodles,tb,True
miyagi/tagajo,79,本格遠赤焙煎珈琲 まめ福,その他,,other,none,False
miyagi/tagajo,80,中華料理 峰,中華料理,,chinese,tb,True
miyagi/tagajo,81,湯田,居酒屋,,izakaya,tb,True
miyagi/tagajo,82,韓国食堂,焼肉、韓国料理、冷麺,,meat,tb,True
miyagi/tagajo,83,末広庵,そば、うどん,,noodles,tb,True
miyagi/tagajo,84,イタリア食堂　アッラミア,イタリアン,,european,tb,True
miyagi/tagajo,85,ノン・ノン,喫茶店,,cafe,tb,True
miyagi/tagajo,86,ダルバール 多賀城店,インド料理、ネパール料理、インドカレー,,curry,tb,True
miyagi/tagajo,87,とんちゃん亭,焼肉,,meat,tb,True
miyagi/tagajo,88,ハッピーランチ,弁当,,casual,tb,True
miyagi/tagajo,89,サンホテル多賀城,ホテル,,other,none,False
miyagi/tagajo,90,餃子の王将 多賀城店,中華料理、餃子,,chinese,tb,True
miyagi/tagajo,91,大衆食堂 半田屋 多賀城店,食堂,,casual,tb,True
miyagi/tagajo,92,スターバックスコーヒー 蔦屋書店多賀城市図書館店,カフェ,,cafe,tb,True
miyagi/tagajo,93,喜久水庵 多賀城本店,甘味処、日本料理、和菓子,,sweets,tb,True
miyagi/tagajo,94,ホルモンゆうちゃん,焼肉、ホルモン,,meat,tb,True
miyagi/tagajo,95,からあげ一歩 多賀城駅前店,からあげ、弁当,,meat,tb,True
miyagi/tagajo,96,居酒屋えん,居酒屋、焼き鳥、日本料理,,izakaya,tb,True
miyagi/tagajo,97,炭火焼鳥いたどり 多賀城店,焼き鳥、居酒屋、もつ鍋,,meat,tb,True
miyagi/tagajo,98,はなぶ～,ホルモン、焼肉、居酒屋,,meat,tb,True
miyagi/tagajo,99,ひよの,食堂,,casual,tb,True
miyagi/tagajo,100,とりふじ 大代店,弁当,,casual,tb,True
miyagi/tagajo,101,山形肉そば 琥珀,そば,,noodles,tb,True
miyagi/tagajo,102,LAWSON 多賀城山王店,コンビニ・スーパー,,daily,tb,True
miyagi/tagajo,103,LAWSON 多賀城中央三丁目店,コンビニ・スーパー,,daily,tb,True
miyagi/tagajo,104,大志軒 多賀城店,ラーメン、餃子、つけ麺,,noodles,tb,True
miyagi/tagajo,105,びっくりドンキー 多賀城店,ファミレス、ハンバーグ,,casual,tb,True
miyagi/tagajo,106,うまい鮨勘 ゆとろぎ 多賀城店,回転寿司、寿司、海鮮,,seafood,tb,True
miyagi/tagajo,107,焼肉冷麺やまなか家 多賀城店,焼肉、ホルモン、冷麺,,meat,tb,True
miyagi/tagajo,108,こむかい,日本料理,,japanese,tb,True
miyagi/tagajo,109,ホテルルートイン 仙台港北インター,ホテル,,other,none,False
miyagi/tagajo,110,どんぶりや,天丼、かつ丼,,casual,tb,True
miyagi/tagajo,111,焼肉 吉田屋,ホルモン、焼肉、カレー,,meat,tb,True
miyagi/tagajo,112,つがるの味っこ な・ど・わ,郷土料理、焼肉,,japanese,tb,True
miyagi/tagajo,113,麗苑,喫茶店、食堂、麺類,,cafe,tb,True
miyagi/tagajo,114,生鮮館多賀城 びっくり市,コンビニ・スーパー,,daily,tb,True
miyagi/tagajo,115,ささはら,コンビニ・スーパー,,daily,tb,True
miyagi/tagajo,116,丸源ラーメン 多賀城店,ラーメン,,noodles,tb,True
miyagi/tagajo,117,スシロー イオン多賀城店,回転寿司,,seafood,tb,True
miyagi/tagajo,118,珈琲館 多賀城店,カフェ、スイーツ,,cafe,tb,True
miyagi/tagajo,119,蔵八ラーメン亭 多賀城高橋店,ラーメン,,noodles,tb,True
miyagi/tagajo,120,ドンクエディテ JR多賀城駅店,パン、サンドイッチ、カフェ,,sweets,tb,True
miyagi/tagajo,121,さかなの茄子屋,その他,,other,none,False
miyagi/tagajo,122,多幸,居酒屋、焼き鳥,,izakaya,tb,True
miyagi/tagajo,123,和風ダイニング桜木,海鮮、居酒屋、天ぷら,,seafood,tb,True
miyagi/tagajo,124,タカ櫻,焼き鳥、居酒屋、日本料理,,meat,tb,True
miyagi/tagajo,125,銀鱗,日本料理,,japanese,tb,True
miyagi/tagajo,126,一松寿司,寿司,,seafood,tb,True
miyagi/tagajo,127,ケムリノアブサン,ホルモン、ラーメン、バー,,meat,tb,True
miyagi/tagajo,128,Sweet Season ririo,ケーキ、洋菓子、チョコレート,,sweets,tb,True
miyagi/tagajo,129,ムジゲ,焼肉、韓国料理,,meat,tb,True
miyagi/tagajo,130,TAGAJO CENTRAL PARK COFFEE,カフェ,,cafe,tb,True
miyagi/tagajo,131,古代米屋レストラン グリーンゲイブル,日本料理,,japanese,tb,True
miyagi/tagajo,132,大衆酒場あそびや,居酒屋,,izakaya,tb,True
miyagi/tagajo,133,快活CLUB 多賀城店,その他,,other,none,False
miyagi/tagajo,134,みやもとワッフル,スイーツ,,sweets,tb,True
miyagi/tagajo,135,呑み喰い処 呑喜,居酒屋、食堂,,izakaya,tb,True
miyagi/tagajo,136,ZUNDA ZUNDA FACTORY 多賀城店,カフェ,,cafe,tb,True
miyagi/tagajo,137,かつや 多賀城店,とんかつ、かつ丼,,meat,tb,True
miyagi/tagajo,138,寧々家 多賀城店,居酒屋、焼き鳥、海鮮,,izakaya,tb,True
miyagi/tagajo,139,サイゼリヤ イオン多賀城店,ファミレス、イタリアン、パスタ,,casual,tb,True
miyagi/tagajo,140,ふるさと,焼肉,,meat,tb,True
miyagi/tagajo,141,マクドナルド 多賀城店,ハンバーガー,,casual,tb,True
miyagi/tagajo,142,ミスタードーナツ イオン多賀城ショップ,ドーナツ,,sweets,tb,True
miyagi/tagajo,143,吉野家 45号線多賀城八幡店,牛丼、カレー,,casual,tb,True
miyagi/tagajo,144,とろり天使のわらびもち 多賀城駅前店,和菓子,,sweets,tb,True
miyagi/tagajo,145,和歌珈琲,カフェ、クレープ・ガレット,,cafe,tb,True
miyagi/tagajo,146,炭火旬彩 いちゃりば,居酒屋、焼き鳥,,izakaya,tb,True
miyagi/tagajo,147,五十集屋,居酒屋,,izakaya,tb,True
miyagi/tagajo,148,小波や,ホルモン、焼肉,,meat,tb,True
miyagi/tagajo,149,花京院市場 JR多賀城駅店,その他,,other,none,False
miyagi/tagajo,150,イオン 多賀城店,コンビニ・スーパー,,daily,tb,True
miyagi/tagajo,151,海鮮居酒家 和み家,居酒屋、海鮮、コロッケ,,izakaya,tb,True
miyagi/tagajo,152,梅月堂,和菓子、洋菓子,,sweets,tb,True
miyagi/tagajo,153,ルイパパ,イタリアン,,european,tb,True
miyagi/tagajo,154,LAWSON 多賀城八幡二丁目店,コンビニ・スーパー,,daily,tb,True
miyagi/tagajo,155,クレイジーミートファクトリー,その他,,other,none,False
miyagi/tagajo,156,サンロード 多賀城ヤマザワ店,パン,,sweets,tb,True
miyagi/tagajo,157,無印良品 イオン多賀城店,その他,,other,none,False
miyagi/tagajo,158,鳥清 多賀城店,焼き鳥,,meat,tb,True
miyagi/tagajo,159,蜂谷商店,弁当、その他,,casual,tb,True
miyagi/tagajo,160,ヨイトマケ真,居酒屋、揚げ物、焼き鳥,,izakaya,tb,True
miyagi/tagajo,161,パン工房 アンジュール みやぎ生協高砂店,パン、サンドイッチ,,sweets,tb,True
miyagi/tagajo,162,うおせい,弁当、揚げ物,,casual,tb,True
miyagi/tagajo,163,菓匠 榮太楼 みやぎ生協多賀城店,和菓子、どら焼き,,sweets,tb,True
miyagi/tagajo,164,すずこう,カフェ,,cafe,tb,True
miyagi/tagajo,165,ビッグボーイ 多賀城町前店,ファミレス、ハンバーグ、ステーキ,,casual,tb,True
miyagi/tagajo,166,ケンタッキーフライドチキン イオン多賀城店,レストラン,,other,none,False
miyagi/tagajo,167,極楽湯 多賀城店,食堂,,casual,tb,True
miyagi/tagajo,168,げんこつ屋,ラーメン、食堂,,noodles,tb,True
miyagi/tagajo,169,和～ちゃんち,食堂,,casual,tb,True
miyagi/tagajo,170,Ramen HONE LABO 多賀城下馬店,ラーメン,,noodles,tb,True
miyagi/tagajo,171,町前ホルモンハレルヤ,ホルモン、焼肉、居酒屋,,meat,tb,True
miyagi/tagajo,172,石垣精肉店,その他,,other,none,False
miyagi/tagajo,173,弁当 桜,弁当,,casual,tb,True
miyagi/tagajo,174,榮太楼 多賀城桜木店,和菓子、ケーキ、どら焼き,,sweets,tb,True
miyagi/tagajo,175,藤寿し,寿司,,seafood,tb,True
miyagi/tagajo,176,日本ワインバル サンスーシィ,ダイニングバー、ワインバー、バル,,izakaya,tb,True
miyagi/tagajo,177,Bookcafe SAFARI,カレー,,curry,tb,True
miyagi/tagajo,178,ありがとぉ,居酒屋,,izakaya,tb,True
miyagi/tagajo,179,Gyoza Garden,餃子,,chinese,tb,True
miyagi/tagajo,180,キャサズ,ケーキ,,sweets,tb,True
miyagi/tagajo,181,いっしょう,居酒屋,,izakaya,tb,True
miyagi/tagajo,182,ゆ処悠々,その他,,other,none,False
miyagi/tagajo,183,さくら,弁当,,casual,tb,True
miyagi/tagajo,184,天のKitchen,居酒屋,,izakaya,tb,True
miyagi/tagajo,185,つばさくらぶ,その他,,other,none,False
miyagi/tagajo,186,幸楽苑 多賀城店,ラーメン、餃子,,noodles,tb,True
miyagi/tagajo,187,牛角 多賀城店,焼肉、ホルモン、居酒屋,,meat,tb,True
miyagi/tagajo,188,カルビ大将 多賀城店,焼肉、ホルモン、韓国料理,,meat,tb,True
miyagi/tagajo,189,すき家 23号多賀城町前店,牛丼、カレー、食堂,,casual,tb,True
miyagi/tagajo,190,モスバーガー イオン多賀城店,ハンバーガー,,casual,tb,True
miyagi/tagajo,191,しゃぶしゃぶ温野菜 多賀城店,しゃぶしゃぶ、すき焼き、豚しゃぶ,,meat,tb,True
miyagi/tagajo,192,和風レストランまるまつ 城南店,ファミレス,,casual,tb,True
miyagi/tagajo,193,魚民 多賀城店,居酒屋、海鮮、創作料理,,izakaya,tb,True
miyagi/tagajo,194,赤から 多賀城店,居酒屋、鍋、焼肉,,izakaya,tb,True
miyagi/tagajo,195,菓匠三全 イオン多賀城店,和菓子,,sweets,tb,True
miyagi/tagajo,196,銀座コージーコーナー イオン多賀城店,ケーキ,,sweets,tb,True
miyagi/tagajo,197,仙台ホルモン・焼肉 ときわ亭 多賀城店,ホルモン、焼肉,,meat,tb,True
miyagi/tagajo,198,シャトレーゼ 多賀城店,ケーキ、洋菓子、和菓子,,sweets,tb,True
miyagi/tagajo,199,ほっともっと 多賀城中央店,弁当,,casual,tb,True
miyagi/tagajo,200,やきとり 大吉 多賀城店,焼き鳥,,meat,tb,True
miyagi/tagajo,201,ラグノオ ヤマザワ多賀城店,洋菓子、和菓子,,sweets,tb,True
miyagi/tagajo,202,つつみ屋 多賀城店,和菓子,,sweets,tb,True
miyagi/tagajo,203,パン工場 ザ・ビッグ多賀城鶴ヶ谷店,パン,,sweets,tb,True
miyagi/tagajo,204,やきとり 大吉 多賀城高崎店,焼き鳥,,meat,tb,True
miyagi/tagajo,205,しゃぶ葉 多賀城店,しゃぶしゃぶ,,meat,tb,True
miyagi/tagajo,206,ほっともっと 多賀城高橋店,弁当,,casual,tb,True
miyagi/tagajo,207,ラルカンシェール みやぎ生協大代店,パン、サンドイッチ,,sweets,tb,True
miyagi/tagajo,208,不二家 みやぎ生協大代店,ケーキ,,sweets,tb,True
miyagi/tagajo,209,ピザハット 国府多賀城店,ピザ,,european,tb,True
miyagi/tagajo,210,パン工場 イオン多賀城店,パン、サンドイッチ、洋菓子,,sweets,tb,True
miyagi/tagajo,211,寓,居酒屋,,izakaya,tb,True
miyagi/tagajo,212,かまぼこの鐘崎 イオン多賀城店,惣菜・デリ,,casual,tb,True
miyagi/tagajo,213,COPAL みやぎ生協大代店,お好み焼き、麺類、ラーメン,,casual,tb,True
miyagi/tagajo,214,イザカヤ チャチャ,居酒屋,,izakaya,tb,True
miyagi/tagajo,215,コロッケのころっ家 多賀城店,コロッケ,,casual,tb,True
miyagi/tagajo,216,つつみ屋 レインボー,和菓子,,sweets,tb,True
miyagi/tagajo,217,ダイニングバー トゥー,ダイニングバー,,izakaya,tb,True
miyagi/tagajo,218,居酒屋 とまり木,居酒屋、創作料理,,izakaya,tb,True
miyagi/tagajo,219,ちょっと寄り道 ほほえみ,居酒屋,,izakaya,tb,True
miyagi/tagajo,220,いとうや,居酒屋,,izakaya,tb,True
miyagi/tagajo,221,幸楽苑のからあげ家 多賀城店,からあげ,,meat,tb,True
miyagi/tagajo,222,四季菜 キッチン,おにぎり、弁当、日本料理,,casual,tb,True
miyagi/tagajo,223,串まろ,串揚げ,,japanese,tb,True
miyagi/tagajo,224,平禄寿司 多賀城西店,回転寿司、海鮮、海鮮丼,,seafood,tb,True
miyagi/tagajo,225,BEANS KITCHEN,弁当、惣菜・デリ,,casual,tb,True
miyagi/tagajo,226,みんなの食堂,カフェ、食堂、麺類,,cafe,tb,True
miyagi/tagajo,227,伊達なおふくろ弁当 多賀城店,弁当,,casual,tb,True
miyagi/tagajo,228,養老乃瀧 多賀城町前店,居酒屋,,izakaya,tb,True
miyagi/tagajo,229,こんび,喫茶店、カレー,,cafe,tb,True
miyagi/tagajo,230,サリーズ,その他,,other,none,False
miyagi/tagajo,231,ミッキー,パン,,sweets,tb,True
miyagi/tagajo,232,UE NIWA CAFE,カフェ,,cafe,tb,True
miyagi/tagajo,233,カフェサロン エルフィン,カフェ,,cafe,tb,True
miyagi/tagajo,234,松島蒲鉾本舗 多賀城工場直営店,その他,,other,none,False
miyagi/tagajo,235,ストロベリーコーンズ 多賀城店,ピザ、パスタ、イタリアン,,european,tb,True
miyagi/tagajo,236,みやぎ生協 多賀城店,コンビニ・スーパー,,daily,tb,True
miyagi/tagajo,237,銀のさら 多賀城店,寿司,,seafood,tb,True
miyagi/tagajo,238,ドミノ・ピザ 多賀城駅前店,ピザ,,european,tb,True
miyagi/tagajo,239,サーティワンアイスクリーム イオン多賀城店,ジェラート・アイスクリーム,,sweets,tb,True
miyagi/tagajo,240,小野屋ホテル,ホテル,,other,none,False
miyagi/tagajo,241,セブンイレブン 多賀城桜木店,コンビニ・スーパー,,daily,tb,True
miyagi/tagajo,242,セブンイレブン 多賀城町前店,コンビニ・スーパー,,daily,tb,True
miyagi/tagajo,243,キムチの南海屋,その他,,other,none,False
miyagi/tagajo,244,だるま,焼き鳥、居酒屋,,meat,tb,True
miyagi/tagajo,245,庶民酒場さざなみ,ホルモン,,meat,tb,True
miyagi/tagajo,246,やなぎはら珈琲店,カフェ,,cafe,tb,True
miyagi/tagajo,247,不二家 ヤマザワ多賀城店,ケーキ,,sweets,tb,True
miyagi/tagajo,248,LAWSON 多賀城東田中店,コンビニ・スーパー,,daily,tb,True
miyagi/tagajo,249,セブンイレブン 多賀城中央2丁目店,コンビニ・スーパー,,daily,tb,True
miyagi/tagajo,250,木ぼこ,日本料理、レストラン,,japanese,tb,True
miyagi/tagajo,251,ホクリヨウ いきいきたまご 仙台支店,その他,,other,none,False
miyagi/tagajo,252,モンペリエ ヨークベニマル多賀城店,パン、洋菓子,,sweets,tb,True
miyagi/tagajo,253,居酒屋堅坊,焼き鳥,,meat,tb,True
miyagi/tagajo,254,もっきりや月のうさぎ,レストラン,,other,none,False
miyagi/tagajo,255,Agra Bar,バー,,izakaya,tb,True
miyagi/tagajo,256,ファミリーマート 多賀城山王店,コンビニ・スーパー,,daily,tb,True
miyagi/tagajo,257,セッション酒場 立ち呑みクマさん,居酒屋,,izakaya,tb,True
miyagi/tagajo,258,ナイル,レストラン,,other,none,False
miyagi/tagajo,259,居酒屋地下,居酒屋,,izakaya,tb,True
miyagi/tagajo,260,居酒屋祥,焼き鳥,,meat,tb,True
miyagi/tagajo,261,居酒屋とおりゃんせ,居酒屋,,izakaya,tb,True
miyagi/tagajo,262,おしゃまんべ,焼き鳥,,meat,tb,True
miyagi/tagajo,263,マルサ,焼き鳥,,meat,tb,True
miyagi/tagajo,264,花月,居酒屋,,izakaya,tb,True
miyagi/tagajo,265,居酒屋はなむら,居酒屋,,izakaya,tb,True
miyagi/tagajo,266,カワチ薬品 多賀城店,その他,,other,none,False
miyagi/tagajo,267,ワン ブル,バー、居酒屋、スポーツバー,,izakaya,tb,True
miyagi/tagajo,268,ビッグエコー 多賀城店,カラオケ,,izakaya,tb,True
miyagi/tagajo,269,ナポリの窯 多賀城店,ピザ、パスタ、スイーツ,,european,tb,True
miyagi/tagajo,270,初,レストラン,,other,none,False
miyagi/tagajo,271,富泉,焼き鳥,,meat,tb,True
miyagi/tagajo,272,白松がモナカ本舗 西塩釜店,和菓子,,sweets,tb,True
miyagi/tagajo,273,竹の子,日本料理,,japanese,tb,True
miyagi/tagajo,274,Bleuette BAKERY,パン,,sweets,tb,True
miyagi/tagajo,275,紅順,焼肉,,meat,tb,True
miyagi/tagajo,276,まき,レストラン,,other,none,False
miyagi/tagajo,277,桜木キャッツアイ,居酒屋,,izakaya,tb,True
miyagi/tagajo,278,のみ処 じゅん,居酒屋,,izakaya,tb,True
miyagi/tagajo,279,Beef tongue Charcoal cuisine Rikyuu Tagajou,,Japanese;Grill,japanese,ta,True
miyagi/tagajo,280,Ajidokoro Kuishinbo,,Japanese;Izakaya (Japanese Style Tavern),izakaya,ta,True
miyagi/tagajo,281,Meikaen,,Chinese,chinese,ta,True
miyagi/tagajo,282,Chinese Noodle Ito Shoten Sendai Port,,,other,none,False
miyagi/tagajo,283,Public House,,Cafe,cafe,ta,True
miyagi/tagajo,284,Mensho Daikoku Tagajo,,,other,none,False
miyagi/tagajo,285,Neneya Tagajo,,Japanese;International;Japanese - Other ;Izakaya (Japanese Style Tavern);Japanese Fusion,izakaya,ta,True
miyagi/tagajo,286,Facon de Doi,,,other,none,False
miyagi/tagajo,287,Ramen Specialty Restaurant Higashiryu,,,other,none,False
miyagi/tagajo,288,Starbucks Coffee Tagajo City Library,,Cafe,cafe,ta,True
miyagi/tagajo,289,Mos Burger Aeontagajo,,Fast Food,casual,ta,True
miyagi/tagajo,290,Sobadokorosuzuki,,,other,none,False
miyagi/tagajo,291,Donk Editi Jr Tagajo Station,,,other,none,False
miyagi/tagajo,292,Calvitaishotagajo,,Barbecue,meat,ta,True
miyagi/tagajo,293,Indian Restaurants Ganesha Tagajo,,Indian,curry,ta,True
miyagi/tagajo,294,Mickey,,,other,none,False
miyagi/tagajo,295,Gyutan Yakiniku Zenjiro Tagajo,,Japanese;Japanese - Other ,japanese,ta,True
miyagi/tagajo,296,Kaiko,,Japanese;Seafood;Japanese - Other ,seafood,ta,True
miyagi/tagajo,297,Ramen Billy R45 Tagajo,,Irish;Asian,chinese,ta,True
miyagi/tagajo,298,Indian Restaurant Gandhi,,Indian,curry,ta,True
miyagi/tagajo,299,Sanzen Aeon Tagajo,,,other,none,False
miyagi/tagajo,300,Big Boy Tagajo Machimae,,International,other,none,False
miyagi/tagajo,301,Ramen Keika,,Asian,chinese,ta,True
miyagi/tagajo,302,Plage,,Japanese;International,japanese,ta,True
miyagi/tagajo,303,Isabaya,,Japanese,japanese,ta,True
miyagi/tagajo,304,Gusto Tagajo,,,other,none,False
miyagi/tagajo,305,Chainakan Kutchao,,,other,none,False
miyagi/tagajo,306,Marumatsu Jonan,,Japanese;Japanese - Other ,japanese,ta,True
miyagi/tagajo,307,Ramen Misoyasu,,,other,none,False
miyagi/tagajo,308,Kiechan s Station Restaurant,,Japanese;International;Japanese - Other ,japanese,ta,True
miyagi/tagajo,309,Gyukaku Tagajo,,,other,none,False
miyagi/tagajo,310,Oil Buckwheat Hatena Tagajo Honten,,,other,none,False
miyagi/tagajo,311,Menya Hanyu,,,other,none,False
miyagi/tagajo,312,Shina Soba Isaribi,,,other,none,False
miyagi/tagajo,313,ちんりゅう,,,other,none,False
miyagi/tagajo,314,Shinobuya Tagajo,,Japanese;Japanese - Other ;Izakaya (Japanese Style Tavern),izakaya,ta,True
miyagi/tagajo,315,Karaoke Plaza Jiyukan,,International,other,none,False
miyagi/tagajo,316,Rice Flour Bread Tutto,,,other,none,False
miyagi/tagajo,317,Ramen Izakaya Anzu,,Japanese;Izakaya (Japanese Style Tavern),izakaya,ta,True
miyagi/tagajo,318,Gonokaze,,,other,none,False
miyagi/tagajo,319,Ai pono,,Japanese;Cafe;Healthy,cafe,ta,True
miyagi/tagajo,320,Bread Kojo Maxvalu Tagajo Tsurugaya,,,other,none,False
miyagi/tagajo,321,Tanabe Tagajo,,Diner,casual,ta,True
miyagi/tagajo,322,Fire Burg Tagajo Branch,,,other,none,False
miyagi/tagajo,323,Dotonboritagajo,,Japanese,japanese,ta,True
miyagi/tagajo,324,Okazumura,,,other,none,False
miyagi/tagajo,325,Tatsumi,,,other,none,False
miyagi/tagajo,326,Dining Wazen Yu,,Japanese;Izakaya (Japanese Style Tavern),izakaya,ta,True
miyagi/tagajo,327,Yakitori Torikan Tagajo,,Japanese;Japanese - Other ,japanese,ta,True
miyagi/tagajo,328,Bovuru,,French,european,ta,True
miyagi/tagajo,329,Karaoke Studio,,International,other,none,False
miyagi/tagajo,330,Karaoke Dengaku,,International,other,none,False
miyagi/tagajo,331,Karaoke Shofukutei Mega Crayon Tagajo,,International,other,none,False
miyagi/tagajo,332,Cubecafe,,Cafe,cafe,ta,True
miyagi/tagajo,333,Happy Lunch Tagajo Main Store,,Japanese,japanese,ta,True
miyagi/tagajo,334,Obanzai Suisai,,Japanese;Japanese - Traditional Cuisine,japanese,ta,True
miyagi/tagajo,335,Nagomian,,Japanese,japanese,ta,True
miyagi/tagajo,336,Mine Chinese Restaurant,,Chinese,chinese,ta,True
miyagi/tagajo,337,Cafe Izumu,,Cafe,cafe,ta,True
miyagi/tagajo,338,寿司辰,,Japanese;Seafood;Sushi;Japanese - Other ,seafood,ta,True
miyagi/tagajo,339,Naochan,,Japanese,japanese,ta,True
miyagi/tagajo,340,Kinka,,Chinese,chinese,ta,True
miyagi/tagajo,341,Tomisen,,Japanese;Japanese - Other ,japanese,ta,True
miyagi/tagajo,342,Fujizushi,,Japanese;Seafood;Sushi;Japanese - Other ,seafood,ta,True
miyagi/tagajo,343,Bizu,,Japanese,japanese,ta,True
miyagi/tagajo,344,Tsubo,,Japanese;Fusion;Japanese - Other ;Japanese Fusion,japanese,ta,True
miyagi/tagajo,345,Gaong,,Cafe,cafe,ta,True
miyagi/tagajo,346,Sake Dokoro Ayame,,International,other,none,False
miyagi/tagajo,347,Shunsaiya Matsudaira,,Japanese;Japanese - Traditional Cuisine;Kaiseki,japanese,ta,True
miyagi/tagajo,348,Bikkusuaru,,Japanese,japanese,ta,True
miyagi/tagajo,349,Wakachantei,,Japanese,japanese,ta,True
miyagi/tagajo,350,Jusan Dininig Room,,Japanese;International,japanese,ta,True
miyagi/tagajo,351,Pub Queen,,Pub,izakaya,ta,True
miyagi/tagajo,352,ROUTE65,,Bar;Pub,izakaya,ta,True
miyagi/tagajo,353,Chinese Restaurant Sailing,,,other,none,False
miyagi/tagajo,354,Baker Chef Tagajo,,,other,none,False
miyagi/tagajo,355,Forest Hill,,,other,none,False
miyagi/tagajo,356,Chinese Shokudo Anjo,,,other,none,False
miyagi/tagajo,357,Darts Barinti,,,other,none,False
miyagi/tagajo,358,Amethyst,,,other,none,False
miyagi/tagajo,359,Ichi Cafe,,,other,none,False
miyagi/tagajo,360,Adatchantei,,,other,none,False
miyagi/tagajo,361,Chinese Buckwheat Igarashi,,,other,none,False
miyagi/tagajo,362,Nile,,,other,none,False
miyagi/tagajo,363,Roguresuto Murakko,,,other,none,False
miyagi/tagajo,364,Nenrintei,,,other,none,False
miyagi/tagajo,365,Comfortable Tavern Shuang,,,other,none,False
miyagi/tagajo,366,Sally S Tagajo,,,other,none,False
miyagi/tagajo,367,Jasmine,,,other,none,False
miyagi/tagajo,368,Field,,,other,none,False
miyagi/tagajo,369,Ramenya,,,other,none,False
miyagi/tagajo,370,Oshikamaru Shokudo,,Japanese - Other ,japanese,ta,True
miyagi/tagajo,371,Kanoya Shokudo,,Japanese - Other ,japanese,ta,True
miyagi/tagajo,372,Umai Horumon Kinchan No Mise Umibuta,,Japanese,japanese,ta,True
miyagi/tagajo,373,Azumaya Shokudo,,Japanese,japanese,ta,True
miyagi/tagajo,374,Ichibanya,,Japanese,japanese,ta,True
miyagi/tagajo,375,Goodies Tagajo,,,other,none,False
miyagi/tagajo,376,Bisui,,,other,none,False
miyagi/tagajo,377,Shubo Masa Katchan,,Japanese;Izakaya (Japanese Style Tavern),izakaya,ta,True
miyagi/tagajo,378,Bakery Il Pane Takasago,,,other,none,False
miyagi/tagajo,379,Ito Monaka Tane,,,other,none,False
miyagi/tagajo,380,Hanatsuru,,Japanese;Izakaya (Japanese Style Tavern),izakaya,ta,True
miyagi/tagajo,381,Honey,,Japanese;Izakaya (Japanese Style Tavern),izakaya,ta,True
miyagi/tagajo,382,Maffen,,,other,none,False
miyagi/tagajo,383,Dragonfly Coffee Lunch,,,other,none,False
miyagi/tagajo,384,Charcoal Shunsai Ichariba,,Japanese,japanese,ta,True
miyagi/tagajo,385,Ebichan,,Japanese;Izakaya (Japanese Style Tavern),izakaya,ta,True
miyagi/taiwa,1,晴れたらいいね,そば,,noodles,tb,True
miyagi/taiwa,2,クラシックゲート,海鮮丼、居酒屋,,seafood,tb,True
miyagi/taiwa,3,四川チャイナ,中華料理,,chinese,tb,True
miyagi/taiwa,4,了美 ワイン&ダイン,レストラン、カフェ、オーベルジュ,,cafe,tb,False
miyagi/taiwa,5,さぬきうどん むら泉,うどん,,noodles,tb,True
miyagi/taiwa,6,中華そばマルヒロ,ラーメン,,noodles,tb,True
miyagi/taiwa,7,七ツ母里,そば、日本料理,,noodles,tb,True
miyagi/taiwa,8,鶴巣庵,そば、ラーメン、パン,,noodles,tb,True
miyagi/taiwa,9,美華,中華料理、ラーメン、担々麺,,chinese,tb,True
miyagi/taiwa,10,レストラン四季音,食堂、レストラン,,casual,tb,True
miyagi/taiwa,11,そば処 みきや,そば,,noodles,tb,True
miyagi/taiwa,12,シライシパン アウトレットショップ 仙台工場店,パン,,sweets,tb,True
miyagi/taiwa,13,薬膳キッチン 喜楽,薬膳、カレー、ラーメン,,curry,tb,False
miyagi/taiwa,14,中華料理 供味,中華料理、かつ丼、肉まん,,chinese,tb,True
miyagi/taiwa,15,MAAR,カフェ、ピザ、パスタ,,cafe,tb,True
miyagi/taiwa,16,手打そば　おさだ,そば,,noodles,tb,True
miyagi/taiwa,17,食堂 いちやぎ,食堂,,casual,tb,True
miyagi/taiwa,18,食事処いな穂,ラーメン、食堂,,noodles,tb,True
miyagi/taiwa,19,山の喫茶店 Decoy,カフェ、カレー、ピザ,,cafe,tb,True
miyagi/taiwa,20,奥州生ぎょうざ 桃の木,餃子,,chinese,tb,True
miyagi/taiwa,21,八幡はなぶさ,日本料理,,japanese,tb,True
miyagi/taiwa,22,モカモアコーヒー,カフェ,,cafe,tb,True
miyagi/taiwa,23,蝋梅の咲く頃,カフェ,,cafe,tb,True
miyagi/taiwa,24,鶴巣PA 外売店 下り,売店,,casual,tb,True
miyagi/taiwa,25,鶴巣パーキングエリア（上り線） スナックコーナー,その他,,other,none,False
miyagi/taiwa,26,権現茶屋,そば,,noodles,tb,True
miyagi/taiwa,27,小野のカフェ BECCA,カフェ,,cafe,tb,True
miyagi/taiwa,28,吉岡飯店,ラーメン,,noodles,tb,True
miyagi/taiwa,29,街の喫茶店,喫茶店、カフェ,,cafe,tb,True
miyagi/taiwa,30,鶴巣亭,食堂、麺類、丼,,casual,tb,True
miyagi/taiwa,31,鶴巣パーキングエリア（下り線）スナックコーナー,その他,,other,none,False
miyagi/taiwa,32,味よし  大和町鶴巣店,ラーメン,,noodles,tb,True
miyagi/taiwa,33,晋蕎麦,そば,,noodles,tb,True
miyagi/taiwa,34,山の家 アララギ,日本料理、カレー、喫茶店,,japanese,tb,True
miyagi/taiwa,35,竹亭 大和別邸,うなぎ、どじょう、天ぷら,,seafood,tb,True
miyagi/taiwa,36,スワガット,インド料理、ネパール料理,,curry,tb,True
miyagi/taiwa,37,きまま亭,そば,,noodles,tb,True
miyagi/taiwa,38,いち味,ラーメン,,noodles,tb,True
miyagi/taiwa,39,御はっと家,郷土料理,,japanese,tb,True
miyagi/taiwa,40,蘭亭,中華料理,,chinese,tb,True
miyagi/taiwa,41,鶴巣パーキングエリア（上り） ショッピングコーナー,売店,,casual,tb,True
miyagi/taiwa,42,富永精肉店,その他,,other,none,False
miyagi/taiwa,43,萬福,ラーメン、つけ麺、食堂,,noodles,tb,True
miyagi/taiwa,44,ウジエスーパー 吉岡店,コンビニ・スーパー,,daily,tb,True
miyagi/taiwa,45,シェフドリーム,ケーキ,,sweets,tb,True
miyagi/taiwa,46,パティスリー シュシュ,ケーキ,,sweets,tb,True
miyagi/taiwa,47,喫茶 いづみ,喫茶店,,cafe,tb,True
miyagi/taiwa,48,森の家 ウォールデン,カフェ,,cafe,tb,True
miyagi/taiwa,49,ひまわり ヤマザワ杜のまち店,カレー、ラーメン、カフェ,,curry,tb,True
miyagi/taiwa,50,ナナイロ カフェ,カフェ、パン、ピザ,,cafe,tb,True
miyagi/taiwa,51,SIMON GALLERY CAFE,カフェ,,cafe,tb,True
miyagi/taiwa,52,Cafe&Dining Bar Oharu,カフェ、スイーツ、居酒屋,,cafe,tb,True
miyagi/taiwa,53,LAWSON 黒川大和吉岡店,コンビニ・スーパー,,daily,tb,True
miyagi/taiwa,54,らーめん 小野屋,ラーメン,,noodles,tb,True
miyagi/taiwa,55,焼肉おはる 天皇寺店,焼肉,,meat,tb,True
miyagi/taiwa,56,ひまわり ヤマザワ吉岡店,ラーメン、たこ焼き、カレー,,noodles,tb,True
miyagi/taiwa,57,アン・ジェラ,スイーツ、カフェ,,sweets,tb,True
miyagi/taiwa,58,とんかつやぐら,とんかつ,,meat,tb,True
miyagi/taiwa,59,杜の都ゴルフ倶楽部 クラブハウスレストラン,麺類、食堂,,noodles,tb,True
miyagi/taiwa,60,たいわゴルフクラブ,その他,,other,none,False
miyagi/taiwa,61,JAグリーンあさひな,その他,,other,none,False
miyagi/taiwa,62,ちどり荘,日本料理,,japanese,tb,True
miyagi/taiwa,63,高橋精肉店,その他,,other,none,False
miyagi/taiwa,64,元祖からあげ本舗 まるもと 大和吉岡店,からあげ,,meat,tb,True
miyagi/taiwa,65,ブレッドコーナー,パン、サンドイッチ,,sweets,tb,True
miyagi/taiwa,66,café juju,カフェ、スイーツ,,cafe,tb,True
miyagi/taiwa,67,焼鳥×海鮮焼 寧彩-ねいろ-,居酒屋,,izakaya,tb,True
miyagi/taiwa,68,山海里食堂,ラーメン、カレー,,noodles,tb,True
miyagi/taiwa,69,花野果ひろば七ツ森,その他,,other,none,False
miyagi/taiwa,70,山でら,食堂、かつ丼、ラーメン,,casual,tb,True
miyagi/taiwa,71,炭火焼き居酒屋 串道楽,居酒屋,,izakaya,tb,True
miyagi/taiwa,72,焼肉専門店 エミ,焼肉,,meat,tb,True
miyagi/taiwa,73,山形そば 花一匁,そば,,noodles,tb,True
miyagi/taiwa,74,酒とアテ おかめや,居酒屋,,izakaya,tb,True
miyagi/taiwa,75,珈琲・クラフト こはく,カフェ,,cafe,tb,True
miyagi/taiwa,76,Zephyr,その他,,other,none,False
miyagi/taiwa,77,大吉,焼肉,,meat,tb,True
miyagi/taiwa,78,コブレンツ,その他,,other,none,False
miyagi/taiwa,79,スーパーセンタートライアル 大和まほろば店,コンビニ・スーパー,,daily,tb,True
miyagi/taiwa,80,食事処 ひだまり,食堂、弁当,,casual,tb,True
miyagi/taiwa,81,食彩 隠れん坊,日本料理,,japanese,tb,True
miyagi/taiwa,82,ミニストップ 大和町小野店,コンビニ・スーパー,,daily,tb,True
miyagi/taiwa,83,幸楽苑 大和町店,ラーメン、つけ麺,,noodles,tb,True
miyagi/taiwa,84,野菜の駅 あじわいの朝 大和店,その他,,other,none,False
miyagi/taiwa,85,大衆居酒屋 まる昌,居酒屋、ラーメン,,izakaya,tb,True
miyagi/taiwa,86,花の膳 大和町吉岡店,寿司、日本料理,,seafood,tb,True
miyagi/taiwa,87,新星とうふ店,その他,,other,none,False
miyagi/taiwa,88,焼肉大将 龍,焼肉,,meat,tb,True
miyagi/taiwa,89,笠原餅店,和菓子、大福,,sweets,tb,True
miyagi/taiwa,90,ワークショップ宮床 直売所 里の駅,その他,,other,none,False
miyagi/taiwa,91,スナックゆき,バー,,izakaya,tb,True
miyagi/taiwa,92,いちらく亭,居酒屋、ラーメン、そば,,izakaya,tb,True
miyagi/taiwa,93,めしと酒 なか,居酒屋,,izakaya,tb,True
miyagi/taiwa,94,マクドナルド 大和吉岡ヨークベニマル店,ハンバーガー,,casual,tb,True
miyagi/taiwa,95,和風レストランまるまつ 吉岡店,ファミレス,,casual,tb,True
miyagi/taiwa,96,平禄寿司 宮城大和吉岡店,回転寿司、海鮮、海鮮丼,,seafood,tb,True
miyagi/taiwa,97,すき家 大和吉岡店,牛丼、カレー、食堂,,casual,tb,True
miyagi/taiwa,98,あじまん ヤマザワ杜のまち店,たい焼き・大判焼き,,sweets,tb,True
miyagi/taiwa,99,つつみ屋 吉岡店,和菓子、大福、スイーツ,,sweets,tb,True
miyagi/taiwa,100,ラグノオ ヤマザワ吉岡店,洋菓子、ケーキ,,sweets,tb,True
miyagi/taiwa,101,セブンイレブン 大和町宮床店,コンビニ・スーパー,,daily,tb,True
miyagi/taiwa,102,供味JAグリーンあさひな店,そば、うどん,,noodles,tb,True
miyagi/taiwa,103,べニーズ 大和吉岡ヨークベニマル店,ラーメン、たこ焼き、ジェラート・アイスクリーム,,noodles,tb,True
miyagi/taiwa,104,食道苑 吉岡店,焼肉,,meat,tb,True
miyagi/taiwa,105,大和イルカ亭,食堂,,casual,tb,True
miyagi/taiwa,106,君ヶ袋商店,その他,,other,none,False
miyagi/taiwa,107,和しょく家 一球,居酒屋、日本料理,,izakaya,tb,True
miyagi/taiwa,108,不二家 ヤマザワ杜のまち店,ケーキ,,sweets,tb,True
miyagi/taiwa,109,モンペリエ ヨークベニマル大和吉岡店,パン、ピザ,,sweets,tb,True
miyagi/taiwa,110,不二家  ヨークベニマル大和吉岡店,ケーキ,,sweets,tb,True
miyagi/taiwa,111,ほっともっと 大和インター店,弁当,,casual,tb,True
miyagi/taiwa,112,サンロード ヤマザワ吉岡店,パン,,sweets,tb,True
miyagi/taiwa,113,伊達いわな直売所,その他,,other,none,False
miyagi/taiwa,114,セブンイレブン 大和陸上自衛隊前店,コンビニ・スーパー,,daily,tb,True
miyagi/taiwa,115,スタジオ根っこ 立ち喰いそば,立ち食いそば,,noodles,tb,True
miyagi/taiwa,116,大和蔵酒造株式会社,その他,,other,none,False
miyagi/taiwa,117,やきとり大吉 もみじケ丘店,焼き鳥,,meat,tb,True
miyagi/taiwa,118,ヤマザワ 杜のまち店,コンビニ・スーパー,,daily,tb,True
miyagi/taiwa,119,穀田屋,その他,,other,none,False
miyagi/taiwa,120,LAWSON 大和もみじケ丘三丁目店,コンビニ・スーパー,,daily,tb,True
miyagi/taiwa,121,みやぎ生協 大富店,コンビニ・スーパー,,daily,tb,True
miyagi/taiwa,122,吉岡宿 浅多商店,その他,,other,none,False
miyagi/taiwa,123,七ツ森菌床椎茸生産組合 直売所,その他,,other,none,False
miyagi/taiwa,124,居酒屋 花だより,居酒屋,,izakaya,tb,True
miyagi/taiwa,125,ビジネスホテル 山 並,ホテル,,other,none,False
miyagi/taiwa,126,旬味 恵比蔵,居酒屋,,izakaya,tb,True
miyagi/taiwa,127,中華食堂龍華,ラーメン,,noodles,tb,True
miyagi/taiwa,128,松緑亭 高富,日本料理,,japanese,tb,True
miyagi/taiwa,129,養老乃瀧 大和町吉岡店,居酒屋,,izakaya,tb,True
miyagi/taiwa,130,三四郎,居酒屋,,izakaya,tb,True
miyagi/taiwa,131,舞ちゃん城,その他,,other,none,False
miyagi/taiwa,132,グランダイニングオオサカ,日本料理,,japanese,tb,True
miyagi/taiwa,133,居酒屋 つぼみ,居酒屋,,izakaya,tb,True
miyagi/taiwa,134,なか峰,日本料理,,japanese,tb,True
miyagi/taiwa,135,七つ森ふもと舞茸 直売所,その他,,other,none,False
miyagi/taiwa,136,杉山台工房 沢渡焙煎所,その他,,other,none,False
miyagi/taiwa,137,Chinese Restaurant Shisen China,,Chinese,chinese,ta,True
miyagi/taiwa,138,Classic Gate,,Seafood,seafood,ta,True
miyagi/taiwa,139,Kushidoraku,,Japanese;Izakaya (Japanese Style Tavern),izakaya,ta,True
miyagi/taiwa,140,Manfuku,,Asian,chinese,ta,True
miyagi/taiwa,141,Baikatei,,,other,none,False
miyagi/taiwa,142,Kesennumaya,,Japanese;Izakaya (Japanese Style Tavern),izakaya,ta,True
miyagi/taiwa,143,Bennys Yamato Yoshioka York Benimaru,,Asian,chinese,ta,True
miyagi/taiwa,144,Heirokuzushi Yoshioka,,Japanese;Seafood;Sushi;Japanese - Other ,seafood,ta,True
miyagi/taiwa,145,Yajirobe,,Japanese,japanese,ta,True
miyagi/taiwa,146,Umekichi Taiwacho,,Japanese,japanese,ta,True
miyagi/taiwa,147,Sushikapposhinbashi,,Japanese;Sushi;Kappo,seafood,ta,True
miyagi/taiwa,148,Yuriage Miharu Zushi Taitomi,,Japanese;Sushi,seafood,ta,True
miyagi/taiwa,149,Shoryokutei Takatomi,,Japanese;Japanese - Traditional Cuisine,japanese,ta,True
miyagi/taiwa,150,Yoro Notakitaiwacho Yoshioka,,Japanese;Izakaya (Japanese Style Tavern),izakaya,ta,True
miyagi/taiwa,151,Ryomi Wine Dine,,Wine Bar;Dining bars,izakaya,desc,False
miyagi/taiwa,152,Akane,,,other,none,False
miyagi/taiwa,153,Yura Cafe,,Cafe,cafe,ta,True
miyagi/taiwa,154,La Syanecha,,Cafe,cafe,ta,True
miyagi/taiwa,155,Yahata Hanabusa,,Japanese,japanese,ta,True
miyagi/taiwa,156,Sabari,,Barbecue,meat,ta,True
miyagi/taiwa,157,Mukyuan,,,other,none,False
miyagi/taiwa,158,Sweet Home,,Cafe,cafe,ta,True
miyagi/taiwa,159,Budonoki,,International;Fusion,other,none,False
miyagi/taiwa,160,Kitasakaba,,Japanese;Japanese - Other ,japanese,ta,True
miyagi/taiwa,161,Sushi Dokoro Sennari,,Japanese;Sushi,seafood,ta,True
miyagi/taiwa,162,Gohattoya,,Japanese,japanese,ta,True
miyagi/taiwa,163,Seino Soba Shop,,Japanese;Japanese - Other ,japanese,ta,True
miyagi/taiwa,164,Teuchi Soba Udon Umezawa,,Japanese;Japanese - Other ,japanese,ta,True
miyagi/taiwa,165,Gamushara Shokudo,,Japanese;International;Japanese - Other ,japanese,ta,True
miyagi/taiwa,166,Sasaya,,Barbecue,meat,ta,True
miyagi/taiwa,167,Hayasakaya,,Japanese;Japanese - Traditional Cuisine;Japanese - Other ,japanese,ta,True
miyagi/taiwa,168,Shunmi Ebizo,,Japanese;Japanese - Other ,japanese,ta,True
miyagi/taiwa,169,Yakiniku Semmon Emi,,Japanese,japanese,ta,True
miyagi/taiwa,170,Home Cafe Restaurant Keyaki,,Fusion,other,none,False
miyagi/taiwa,171,Japanese Cuisine ,,Japanese;Japanese - Other ,japanese,ta,True
miyagi/taiwa,172,Grand Dining Osaka,,Japanese;Fusion;Japanese Fusion,japanese,ta,True
miyagi/taiwa,173,Sanae,,Japanese,japanese,ta,True
miyagi/taiwa,174,B s Kitchen York Benimaru Yamato Yoshioka,,,other,none,False
miyagi/taiwa,175,菓匠ちさか,,,other,none,False
miyagi/taiwa,176,Mar,,,other,none,False
miyagi/taiwa,177,Japanese Style Lounge Hana,,,other,none,False
miyagi/taiwa,178,Delicious Shop Jikijiki,,,other,none,False
miyagi/taiwa,179,Snack Ju Thame,,,other,none,False
miyagi/taiwa,180,Town Bar K S Club,,,other,none,False
miyagi/taiwa,181,Umamidokoro Kiwami,,,other,none,False
miyagi/taiwa,182,Kitchen Sakaba Hitode,,,other,none,False
miyagi/taiwa,183,Hisago,,Izakaya (Japanese Style Tavern),izakaya,ta,True
miyagi/taiwa,184,Henchikurin,,Izakaya (Japanese Style Tavern),izakaya,ta,True
miyagi/taiwa,185,Izakaya Sapporo,,Japanese;Izakaya (Japanese Style Tavern),izakaya,ta,True
miyagi/taiwa,186,Kushiage Izakaya Natsuya,,,other,none,False
miyagi/taiwa,187,Darts Bar Neivy,,,other,none,False
miyagi/taiwa,188,Snack Cherry,,,other,none,False
miyagi/taiwa,189,Matsuri Daiko,,Izakaya (Japanese Style Tavern),izakaya,ta,True
miyagi/taiwa,190,Shunsaian Ichi,,Japanese,japanese,ta,True
miyagi/taiwa,191,Shummishubo Shota,,Japanese;Izakaya (Japanese Style Tavern),izakaya,ta,True
miyagi/tome,1,氏金寿司,寿司、かつ丼,,seafood,tb,True
miyagi/tome,2,うなぎの 東海亭,うなぎ、日本料理,,seafood,tb,True
miyagi/tome,3,菅原屋,ラーメン,,noodles,tb,True
miyagi/tome,4,たけや,ラーメン、つけ麺、居酒屋,,noodles,tb,True
miyagi/tome,5,くんぺる,豚料理、カフェ,,cafe,tb,False
miyagi/tome,6,割烹　若鮨,寿司,,seafood,tb,True
miyagi/tome,7,夢想庵,カフェ、そば,,cafe,tb,True
miyagi/tome,8,ズッケロ,ピザ、ラーメン,,european,tb,True
miyagi/tome,9,割烹　清川,うなぎ、天丼、かつ丼,,seafood,tb,True
miyagi/tome,10,直利庵 三浦屋,そば,,noodles,tb,True
miyagi/tome,11,大衆食堂 つか勇,食堂、ラーメン、郷土料理,,casual,tb,True
miyagi/tome,12,食堂赤城亭,かつ丼、ラーメン、食堂,,meat,tb,True
miyagi/tome,13,船橋や,そば,,noodles,tb,True
miyagi/tome,14,チャーシューラーメン・福水,ラーメン、中華料理、つけ麺,,noodles,tb,True
miyagi/tome,15,道の駅 三滝堂,道の駅,,other,none,False
miyagi/tome,16,すぎやま,そば、天ぷら,,noodles,tb,True
miyagi/tome,17,いづみ,焼肉、食堂,,meat,tb,True
miyagi/tome,18,HAIJI,ピザ,,european,tb,True
miyagi/tome,19,そばCafé なごみ,そば、カフェ,,noodles,tb,True
miyagi/tome,20,炭火焼肉ぶりっじ,韓国料理、焼肉、ホルモン,,chinese,tb,True
miyagi/tome,21,道の駅米山 ふる里センターY・Y,道の駅,,other,none,False
miyagi/tome,22,味処もん,丼、郷土料理,,casual,tb,True
miyagi/tome,23,麺屋 どん,ラーメン,,noodles,tb,True
miyagi/tome,24,鈴長食堂,食堂,,casual,tb,True
miyagi/tome,25,中国料理紫苑,中華料理、ラーメン、餃子,,chinese,tb,True
miyagi/tome,26,春蘭亭,喫茶店、和菓子、甘味処,,cafe,tb,True
miyagi/tome,27,旬魚和彩 万咲,天ぷら、居酒屋、食堂,,japanese,tb,True
miyagi/tome,28,満月,居酒屋,,izakaya,tb,True
miyagi/tome,29,喰膳　蔵・ら～,丼、ラーメン,,casual,tb,True
miyagi/tome,30,花遊膳,海鮮、日本料理、天ぷら,,seafood,tb,True
miyagi/tome,31,麵屋 一魂,ラーメン、つけ麺,,noodles,tb,True
miyagi/tome,32,そば処 竹庵,そば,,noodles,tb,True
miyagi/tome,33,CAFE GATI,カフェ、ハンバーグ、パスタ,,cafe,tb,True
miyagi/tome,34,ダイニング サクラ,ハンバーグ、カレー,,meat,tb,True
miyagi/tome,35,道の駅 三滝堂 売店・物産コーナー,売店,,casual,tb,True
miyagi/tome,36,味噌らーめん工房 麺助 佐沼店,ラーメン,,noodles,tb,True
miyagi/tome,37,そば乃里 更科,そば、食堂,,noodles,tb,True
miyagi/tome,38,いつも月夜に麺の飯,ラーメン、油そば・まぜそば、カレー,,noodles,tb,True
miyagi/tome,39,とよまだんご,和菓子、甘味処、喫茶店,,sweets,tb,True
miyagi/tome,40,グリムの森,カフェ、洋食,,cafe,tb,True
miyagi/tome,41,自家焙煎珈琲店 COFFEE iPPO,カフェ,,cafe,tb,True
miyagi/tome,42,北海道一番,ラーメン,,noodles,tb,True
miyagi/tome,43,萩ノ宮製麺所 佐沼店,ラーメン、油そば・まぜそば,,noodles,tb,True
miyagi/tome,44,道の駅 津山 もくもくランド,道の駅,,other,none,False
miyagi/tome,45,WILD ROOKIE,食堂、居酒屋,,casual,tb,True
miyagi/tome,46,佐々木屋,うどん、そば、天ぷら,,noodles,tb,True
miyagi/tome,47,道の駅みなみかた もっこりの里,道の駅,,other,none,False
miyagi/tome,48,ホルモン初音,焼肉,,meat,tb,True
miyagi/tome,49,カフェ メラキ,カフェ,,cafe,tb,True
miyagi/tome,50,ワンワールド,カフェ,,cafe,tb,True
miyagi/tome,51,ゆたかや,日本料理,,japanese,tb,True
miyagi/tome,52,艸と手と水,カフェ,,cafe,tb,True
miyagi/tome,53,林林館・森の茶屋,ラーメン、食堂、そば,,noodles,tb,True
miyagi/tome,54,北沢屋,うなぎ,,seafood,tb,True
miyagi/tome,55,うまい登米っこ 欒や！,居酒屋、焼き鳥、串焼き,,izakaya,tb,True
miyagi/tome,56,鉄兵衛 佐沼バイパス店,麺類、とんかつ、天丼,,noodles,tb,True
miyagi/tome,57,ホテルサンシャイン 佐沼,ホテル,,other,none,False
miyagi/tome,58,麺屋ふうる,ラーメン,,noodles,tb,True
miyagi/tome,59,精進スイーツ結び,カフェ、ケーキ、オーガニック,,cafe,tb,True
miyagi/tome,60,飯場 こじか,食堂、居酒屋,,casual,tb,True
miyagi/tome,61,桜久楽食堂,食堂,,casual,tb,True
miyagi/tome,62,居酒屋 都賀,居酒屋,,izakaya,tb,True
miyagi/tome,63,ごえん食堂,食堂,,casual,tb,True
miyagi/tome,64,甘酒びより日々喜,食堂,,casual,tb,True
miyagi/tome,65,やきとり おやじ,焼き鳥,,meat,tb,True
miyagi/tome,66,ラーメンショップ太田家本店,ラーメン、餃子,,noodles,tb,True
miyagi/tome,67,賢龍,中華料理,,chinese,tb,True
miyagi/tome,68,お食事処 木里口,そば、ラーメン、食堂,,noodles,tb,True
miyagi/tome,69,田口珈琲店,カフェ、パスタ、ケーキ,,cafe,tb,True
miyagi/tome,70,シャングリラ 佐沼店,インドカレー、洋食、アジア・エスニック,,curry,tb,True
miyagi/tome,71,cafe arva,カフェ、パンケーキ,,cafe,tb,True
miyagi/tome,72,亀屋食堂,食堂、ラーメン,,casual,tb,True
miyagi/tome,73,豊里名物かいてん焼てらさわ小進堂,たい焼き・大判焼き、和菓子,,sweets,tb,True
miyagi/tome,74,水辺のカフェ おもてなし,カフェ,,cafe,tb,True
miyagi/tome,75,フルセイルコーヒー イオンタウン佐沼店,コーヒースタンド,,cafe,tb,True
miyagi/tome,76,炉ばたささき,居酒屋,,izakaya,tb,True
miyagi/tome,77,小料理 味魚羅,日本料理、海鮮,,japanese,tb,True
miyagi/tome,78,たやま,ラーメン,,noodles,tb,True
miyagi/tome,79,川香菜房,中華料理,,chinese,tb,True
miyagi/tome,80,三浦商店,ラーメン,,noodles,tb,True
miyagi/tome,81,麺や 文左,そば、うどん、日本酒バー,,noodles,tb,True
miyagi/tome,82,比恵呂,ハンバーグ、ピザ、喫茶店,,meat,tb,True
miyagi/tome,83,萬福屋,ラーメン,,noodles,tb,True
miyagi/tome,84,津山食堂,食堂、ラーメン、かつ丼,,casual,tb,True
miyagi/tome,85,サブン,ケーキ、チョコレート,,sweets,tb,True
miyagi/tome,86,こーひー日和,カフェ,,cafe,tb,True
miyagi/tome,87,三浦屋食堂,食堂,,casual,tb,True
miyagi/tome,88,Circulo,カフェ,,cafe,tb,True
miyagi/tome,89,しまや,ラーメン,,noodles,tb,True
miyagi/tome,90,かがの亭,ラーメン、丼,,noodles,tb,True
miyagi/tome,91,長沼フートピアふるさと物産館,麺類、レストラン、食堂,,noodles,tb,True
miyagi/tome,92,紅龍菜館,中華料理、ラーメン、居酒屋,,chinese,tb,True
miyagi/tome,93,遠山之里,その他,,other,none,False
miyagi/tome,94,新田屋,食堂,,casual,tb,True
miyagi/tome,95,ビストロ ヴァンダンジュ,ビストロ,,european,tb,True
miyagi/tome,96,蔵,焼肉、ラーメン,,meat,tb,True
miyagi/tome,97,末広,そば、うどん,,noodles,tb,True
miyagi/tome,98,おたふく 佐沼店,お好み焼き,,casual,tb,True
miyagi/tome,99,味処 小竹,日本料理、天ぷら、うどん,,japanese,tb,True
miyagi/tome,100,ランチボックス,オーガニック、カレー、パスタ,,curry,tb,False
miyagi/tome,101,にしきや菓子舗,和菓子,,sweets,tb,True
miyagi/tome,102,Italian Cafe Beato,イタリアン、カフェ,,european,tb,True
miyagi/tome,103,白馬車,喫茶店,,cafe,tb,True
miyagi/tome,104,花々,日本酒バー、焼酎バー,,izakaya,tb,True
miyagi/tome,105,手づくりパンとお菓子の店 グリーン工房 みやぎ生協加賀野店,パン、サンドイッチ、スイーツ,,sweets,tb,True
miyagi/tome,106,蔵八ラーメン亭 佐沼店,ラーメン、中華料理、つけ麺,,noodles,tb,True
miyagi/tome,107,ラーメン武蔵,ラーメン、餃子,,noodles,tb,True
miyagi/tome,108,ラーメンショップ太田家 梅ノ木店,ラーメン,,noodles,tb,True
miyagi/tome,109,みんなのカフェtetote,カフェ、ハンバーグ、パン,,cafe,tb,True
miyagi/tome,110,くんぺる直売マーケット,その他,,other,none,False
miyagi/tome,111,レストハウス みちくさ,ラーメン、ハンバーグ、食堂,,noodles,tb,True
miyagi/tome,112,彩香,ラーメン、中華料理,,noodles,tb,True
miyagi/tome,113,ポスト,ラーメン、パスタ,,noodles,tb,True
miyagi/tome,114,花蓮,洋食、中華料理、カレー,,european,tb,True
miyagi/tome,115,珍々堂菓子舗,和菓子,,sweets,tb,True
miyagi/tome,116,ながれ食堂,食堂,,casual,tb,True
miyagi/tome,117,食事処 よっち坊,食堂、ラーメン,,casual,tb,True
miyagi/tome,118,居酒屋さ蔵,居酒屋,,izakaya,tb,True
miyagi/tome,119,愛菜館,パン、おにぎり、弁当,,sweets,tb,True
miyagi/tome,120,キッチンK,惣菜・デリ、カレー、パスタ,,casual,tb,True
miyagi/tome,121,味処 吉祥,居酒屋、海鮮,,izakaya,tb,True
miyagi/tome,122,パティスリー モンレーヴ,ケーキ、スイーツ,,sweets,tb,True
miyagi/tome,123,じゅうじゅう,お好み焼き、もんじゃ焼き、焼きそば,,casual,tb,True
miyagi/tome,124,パティシェピーターパン,ケーキ,,sweets,tb,True
miyagi/tome,125,菓房 山清 佐沼店,ケーキ、和菓子、洋菓子,,sweets,tb,True
miyagi/tome,126,自家焙煎 ロイヤル・ド・カフェ,カフェ、喫茶店,,cafe,tb,True
miyagi/tome,127,おかしの家 Kanon 道の駅みなみかたもっこりの里店,パン、スイーツ、ケーキ,,sweets,tb,True
miyagi/tome,128,甘太郎や菓子店,和菓子,,sweets,tb,True
miyagi/tome,129,イザカヤ 獏々,居酒屋,,izakaya,tb,True
miyagi/tome,130,cafe MiNoRi,カフェ、パスタ,,cafe,tb,True
miyagi/tome,131,西城酒店,日本酒バー,,izakaya,tb,True
miyagi/tome,132,ヤマカノ醸造株式会社,売店,,casual,tb,True
miyagi/tome,133,サンフレックス,ホテル,,other,none,False
miyagi/tome,134,フレッシュストアーささき,コンビニ・スーパー,,daily,tb,True
miyagi/tome,135,地酒と駄菓子よしだ,売店,,casual,tb,True
miyagi/tome,136,大番,ラーメン,,noodles,tb,True
miyagi/tome,137,珍味,ラーメン、中華料理、つけ麺,,noodles,tb,True
miyagi/tome,138,らーめんはうす 味よし,ラーメン、中華料理、焼酎バー,,noodles,tb,True
miyagi/tome,139,今野屋,そば、かつ丼、天丼,,noodles,tb,True
miyagi/tome,140,明登館,ラーメン、中華料理、つけ麺,,noodles,tb,True
miyagi/tome,141,浜寿司,寿司、海鮮丼,,seafood,tb,True
miyagi/tome,142,手づくりのお店 ソワカ,カフェ、喫茶店,,cafe,tb,True
miyagi/tome,143,すぎ岡,食堂,,casual,tb,True
miyagi/tome,144,焼肉おがた,焼肉、ラーメン、うどん,,meat,tb,True
miyagi/tome,145,ビストロ匠,日本料理、寿司、そば,,japanese,tb,True
miyagi/tome,146,レストランこんとう,食堂、ラーメン、丼,,casual,tb,True
miyagi/tome,147,長沼ロッヂ,郷土料理、ラーメン,,japanese,tb,True
miyagi/tome,148,食彩香房わび助,海鮮、串揚げ、焼酎バー,,seafood,tb,True
miyagi/tome,149,ガトウ・タチバナ,ケーキ、洋菓子,,sweets,tb,True
miyagi/tome,150,モア＆モア,ケーキ,,sweets,tb,True
miyagi/tome,151,まるなお,居酒屋,,izakaya,tb,True
miyagi/tome,152,居酒屋 さだ,居酒屋、日本料理,,izakaya,tb,True
miyagi/tome,153,若松,麺類、ラーメン、丼,,noodles,tb,True
miyagi/tome,154,肉屋食堂,食堂,,casual,tb,True
miyagi/tome,155,片岡家,うなぎ、丼、ラーメン,,seafood,tb,True
miyagi/tome,156,かふぇ やまぼうし,カフェ,,cafe,tb,True
miyagi/tome,157,田辺菓子店,和菓子,,sweets,tb,True
miyagi/tome,158,さ々や,居酒屋,,izakaya,tb,True
miyagi/tome,159,東北ミドリフーズ,焼き鳥,,meat,tb,True
miyagi/tome,160,パスタダイニング ハガ,パスタ,,european,tb,True
miyagi/tome,161,kultur coffee roasters,カフェ,,cafe,tb,True
miyagi/tome,162,自家焙煎珈琲幸房 風,カフェ,,cafe,tb,True
miyagi/tome,163,雑貨とカフェ バースデーズ,カフェ,,cafe,tb,True
miyagi/tome,164,和,郷土料理、日本料理,,japanese,tb,True
miyagi/tome,165,街はずれのパン屋Beo,パン、サンドイッチ,,sweets,tb,True
miyagi/tome,166,Riyan,クレープ・ガレット、カフェ、オムライス,,sweets,tb,True
miyagi/tome,167,ほかほか弁当,弁当,,casual,tb,True
miyagi/tome,168,茶房 あかり,喫茶店,,cafe,tb,True
miyagi/tome,169,ぱんや つきあかり,パン,,sweets,tb,True
miyagi/tome,170,パーラー ゆんたく,沖縄料理,,japanese,tb,True
miyagi/tome,171,菅原菓子舗,洋菓子,,sweets,tb,True
miyagi/tome,172,パン工房アンジュ,パン,,sweets,tb,True
miyagi/tome,173,やきにく日和,焼肉,,meat,tb,True
miyagi/tome,174,ふう かふぇ,カフェ、パスタ、カレー,,cafe,tb,True
miyagi/tome,175,原始焼き酒場 たか,居酒屋,,izakaya,tb,True
miyagi/tome,176,菓房 山清 みやぎ生協加賀野店,ケーキ、和菓子、洋菓子,,sweets,tb,True
miyagi/tome,177,デイリーポート新鮮館 佐沼店,コンビニ・スーパー,,daily,tb,True
miyagi/tome,178,居酒屋 五エ門 佐沼店,居酒屋、とんかつ、焼き鳥,,izakaya,tb,True
miyagi/tome,179,海老喜商店,日本酒バー、郷土料理,,izakaya,tb,True
miyagi/tome,180,心味,ハンバーグ、ステーキ、創作料理,,meat,tb,True
miyagi/tome,181,米福,ラーメン、寿司、食堂,,noodles,tb,True
miyagi/tome,182,オレンジ,ラーメン,,noodles,tb,True
miyagi/tome,183,旨いもの酒場 結い蔵,居酒屋,,izakaya,tb,True
miyagi/tome,184,ぶんき茶屋,郷土料理,,japanese,tb,True
miyagi/tome,185,レストラン わいわい,パスタ、焼肉、郷土料理,,european,tb,True
miyagi/tome,186,鳥将,鳥料理、海鮮、焼き鳥,,seafood,tb,False
miyagi/tome,187,五菓,ケーキ、洋菓子,,sweets,tb,True
miyagi/tome,188,ブルームーン,ダイニングバー、ピザ,,izakaya,tb,True
miyagi/tome,189,金木犀,スイーツ、カフェ,,sweets,tb,True
miyagi/tome,190,味処 草庵 十文字店,うどん、そば,,noodles,tb,True
miyagi/tome,191,モトハマヤ,カフェ,,cafe,tb,True
miyagi/tome,192,仙台牛すてーきハウス牛楽,ステーキ,,meat,tb,True
miyagi/tome,193,たけ,日本料理,,japanese,tb,True
miyagi/tome,194,仁作,居酒屋,,izakaya,tb,True
miyagi/tome,195,えほんカフェ おひさまの国,カフェ,,cafe,tb,True
miyagi/tome,196,管源米店,和菓子,,sweets,tb,True
miyagi/tome,197,お休み処 Y・Y,ソフトクリーム、コーヒースタンド、カフェ,,sweets,tb,True
miyagi/tome,198,カフェかなみ,カフェ、パン,,cafe,tb,True
miyagi/tome,199,むつごろう,食堂、そば,,casual,tb,True
miyagi/tome,200,がじゅまる,沖縄料理、バー、レストラン,,japanese,tb,True
miyagi/tome,201,うめ田,居酒屋,,izakaya,tb,True
miyagi/tome,202,清太郎,居酒屋,,izakaya,tb,True
miyagi/tome,203,ブックカフェ フェスティバル,カフェ、パスタ,,cafe,tb,True
miyagi/tome,204,BILL'S DINER,バー,,izakaya,tb,True
miyagi/tome,205,いざかや 喜楽,居酒屋,,izakaya,tb,True
miyagi/tome,206,浜乃家,食堂,,casual,tb,True
miyagi/tome,207,くま スモールキッチン フリーダム,食堂,,casual,tb,True
miyagi/tome,208,CAFE SAKURACO,カフェ、海鮮,,cafe,tb,True
miyagi/tome,209,TUYAMA BASE,カフェ、ドーナツ,,cafe,tb,True
miyagi/tome,210,ねこのいるカフェ ねこあん,カフェ,,cafe,tb,True
miyagi/tome,211,MIAN,アジア・エスニック,,chinese,tb,True
miyagi/tome,212,サケイ精肉店,その他,,other,none,False
miyagi/tome,213,鉢焼き芋 袋塾,焼き芋・大学芋,,other,none,False
miyagi/tome,214,喫茶サリダ,カフェ,,cafe,tb,True
miyagi/tome,215,かじか売店,ソフトクリーム、たこ焼き、かき氷,,sweets,tb,True
miyagi/tome,216,シマリスのほっぺ,カフェ,,cafe,tb,True
miyagi/tome,217,くるまやラーメン 迫町店,ラーメン,,noodles,tb,True
miyagi/tome,218,うまい鮨勘 佐沼店,回転寿司、寿司、海鮮,,seafood,tb,True
miyagi/tome,219,焼肉冷麺やまなか家 佐沼店,焼肉、冷麺、ホルモン,,meat,tb,True
miyagi/tome,220,ココス 登米佐沼店,ファミレス,,casual,tb,True
miyagi/tome,221,吉野家 宮城佐沼店,牛丼、カレー、食堂,,casual,tb,True
miyagi/tome,222,ジョイフル 宮城佐沼店,ファミレス,,casual,tb,True
miyagi/tome,223,株式会社山形屋商店,和菓子,,sweets,tb,True
miyagi/tome,224,かっぱ寿司 佐沼店,回転寿司,,seafood,tb,True
miyagi/tome,225,遠山茶寮,カフェ、バル、オーガニック,,cafe,tb,True
miyagi/tome,226,シャトレーゼ 佐沼店,ケーキ、洋菓子、スイーツ,,sweets,tb,True
miyagi/tome,227,割烹よっちゃん屋,日本料理,,japanese,tb,True
miyagi/tome,228,おかしの家 Kanon,和菓子、洋菓子,,sweets,tb,True
miyagi/tome,229,パルティール,ケーキ、洋菓子,,sweets,tb,True
miyagi/tome,230,舟丁,居酒屋、ラーメン、カレー,,izakaya,tb,True
miyagi/tome,231,食彩美げんきむら,ラーメン、カレー、餃子,,noodles,tb,True
miyagi/tome,232,カフェマナレア,カフェ,,cafe,tb,True
miyagi/tome,233,本田,日本料理,,japanese,tb,True
miyagi/tome,234,西條もち屋,和菓子,,sweets,tb,True
miyagi/tome,235,エルヴィン,喫茶店,,cafe,tb,True
miyagi/tome,236,居酒屋　五エ門 中田店,居酒屋、海鮮、焼肉,,izakaya,tb,True
miyagi/tome,237,海と山の伍六,居酒屋,,izakaya,tb,True
miyagi/tome,238,ショップリバーサイド,喫茶店、その他,,cafe,tb,True
miyagi/tome,239,割烹きらく粋月山,日本料理、天ぷら,,japanese,tb,True
miyagi/tome,240,遊のそば,食堂,,casual,tb,True
miyagi/tome,241,JAグリーン みやぎ登米,その他,,other,none,False
miyagi/tome,242,soeru,日本料理、カレー、カフェ,,japanese,tb,True
miyagi/tome,243,薬膳カフェ SUN,カフェ,,cafe,tb,True
miyagi/tome,244,ばー Ann,バー,,izakaya,tb,True
miyagi/tome,245,音JAZZ鳴夜,カフェ,,cafe,tb,True
miyagi/tome,246,美津乃寿司,寿司,,seafood,tb,True
miyagi/tome,247,焼肉 力,焼肉,,meat,tb,True
miyagi/tome,248,ステーキハウス 珈琲工務店,ステーキ,,meat,tb,True
miyagi/tome,249,MIAN,スープカレー、アジア・エスニック,,curry,tb,True
miyagi/tome,250,串太郎,居酒屋,,izakaya,tb,True
miyagi/tome,251,キッチンカフェベアー,カフェ,,cafe,tb,True
miyagi/tome,252,YYフレンド,ソフトクリーム,,sweets,tb,True
miyagi/tome,253,産直市場 あじわいの朝 南方店,その他,,other,none,False
miyagi/tome,254,cafe てらいけ座,カフェ,,cafe,tb,True
miyagi/tome,255,ヨークベニマル 登米中田店,コンビニ・スーパー,,daily,tb,True
miyagi/tome,256,小さなケーキ屋さん,ケーキ,,sweets,tb,True
miyagi/tome,257,シフォンの家 楽楽,ケーキ,,sweets,tb,True
miyagi/tome,258,Maple roastery,コーヒースタンド、カフェ,,cafe,tb,True
miyagi/tome,259,カフェ•カモミール,カフェ,,cafe,tb,True
miyagi/tome,260,BLUE EYES,たい焼き・大判焼き、たこ焼き,,sweets,tb,True
miyagi/tome,261,千葉製菓,和菓子、洋菓子,,sweets,tb,True
miyagi/tome,262,ビッグエコー 佐沼店,カラオケ,,izakaya,tb,True
miyagi/tome,263,うたカフェ HoneyBee,カフェ、ラーメン,,cafe,tb,True
miyagi/tome,264,幸楽苑 登米佐沼店,ラーメン,,noodles,tb,True
miyagi/tome,265,ラーメンハウス・ハッピー,ラーメン,,noodles,tb,True
miyagi/tome,266,蔵八ラーメン亭 東佐沼店,ラーメン,,noodles,tb,True
miyagi/tome,267,マクドナルド 佐沼店,ハンバーガー,,casual,tb,True
miyagi/tome,268,たけちゃんラーメン,ラーメン,,noodles,tb,True
miyagi/tome,269,レストラン チャチャ,ラーメン、麺類、寿司,,noodles,tb,True
miyagi/tome,270,古民家cafe 甘欧,カフェ,,cafe,tb,True
miyagi/tome,271,家庭料理 リーちゃん食堂,食堂、中華料理,,casual,tb,True
miyagi/tome,272,蕾,焼き鳥,,meat,tb,True
miyagi/tome,273,元祖 熊本油麩店,その他,,other,none,False
miyagi/tome,274,のみくい処 和家,居酒屋,,izakaya,tb,True
miyagi/tome,275,お照,居酒屋、焼酎バー、もつ焼き,,izakaya,tb,True
miyagi/tome,276,焼き鳥 じがみ,居酒屋,,izakaya,tb,True
miyagi/tome,277,寿司義,寿司,,seafood,tb,True
miyagi/tome,278,寿々乃,日本料理、郷土料理,,japanese,tb,True
miyagi/tome,279,よしの屋食堂,うどん,,noodles,tb,True
miyagi/tome,280,かむながら,居酒屋,,izakaya,tb,True
miyagi/tome,281,ほんわか福福食堂,食堂,,casual,tb,True
miyagi/tome,282,旬彩酒肴 道,居酒屋、海鮮、寿司,,izakaya,tb,True
miyagi/tome,283,松竹,居酒屋,,izakaya,tb,True
miyagi/tome,284,伏見寿司,寿司,,seafood,tb,True
miyagi/tome,285,釜飯と牡蠣 まるお,釜飯,,japanese,tb,True
miyagi/tome,286,ちば食品,惣菜・デリ、コロッケ,,casual,tb,True
miyagi/tome,287,牛タン焼たあ坊,牛タン,,meat,tb,True
miyagi/tome,288,茶居夢,居酒屋、食堂,,izakaya,tb,True
miyagi/tome,289,ミスタードーナツ イオンタウン佐沼ショップ,ドーナツ、カフェ,,sweets,tb,True
miyagi/tome,290,牛角 佐沼店,焼肉、ホルモン、居酒屋,,meat,tb,True
miyagi/tome,291,三陸旨いもん屋 つぼ八 佐沼大やす店,居酒屋、海鮮、焼き鳥,,izakaya,tb,True
miyagi/tome,292,和風レストラン まるまつ 佐沼店,ファミレス,,casual,tb,True
miyagi/tome,293,幸楽苑 イオンタウン佐沼店,ラーメン,,noodles,tb,True
miyagi/tome,294,すき家 イオンタウン佐沼店,牛丼、カレー、食堂,,casual,tb,True
miyagi/tome,295,魚民 佐沼店,居酒屋、海鮮、創作料理,,izakaya,tb,True
miyagi/tome,296,パン工場 佐沼店,パン,,sweets,tb,True
miyagi/tome,297,サーティワンアイスクリーム イオンタウン佐沼店,ジェラート・アイスクリーム、クレープ・ガレット,,sweets,tb,True
miyagi/tome,298,ほっともっと 佐沼梅ノ木店,弁当,,casual,tb,True
miyagi/tome,299,宝来軒,ラーメン,,noodles,tb,True
miyagi/tome,300,魚文,日本料理、海鮮,,japanese,tb,True
miyagi/tome,301,ベル・エキップ,カレー、ピザ、喫茶店,,curry,tb,True
miyagi/tome,302,銀座コージーコーナー イオンスーパーセンター佐沼店,ケーキ,,sweets,tb,True
miyagi/tome,303,モンペリエ ヨークベニマル登米中田店,パン,,sweets,tb,True
miyagi/tome,304,しんくら,焼肉,,meat,tb,True
miyagi/tome,305,ほっともっと 迫町佐沼店,弁当,,casual,tb,True
miyagi/tome,306,セブンイレブン 登米中田町宝江店,コンビニ・スーパー,,daily,tb,True
miyagi/tome,307,うれしや TOME本店,オーガニック、カフェ,,cafe,tb,False
miyagi/tome,308,バリラツ,インドネシア料理,,other,none,False
miyagi/tome,309,あじまん DCM佐沼店,たい焼き・大判焼き、たこ焼き,,sweets,tb,True
miyagi/tome,310,忠五郎,居酒屋,,izakaya,tb,True
miyagi/tome,311,佐沼ホルモンセンター,ホルモン,,meat,tb,True
miyagi/tome,312,菜の花村 本店,オーガニック,,other,none,False
miyagi/tome,313,あじまん ウジエスーパー佐沼本店,たい焼き・大判焼き,,sweets,tb,True
miyagi/tome,314,食事処 なごみ,食堂,,casual,tb,True
miyagi/tome,315,近藤農産,その他,,other,none,False
miyagi/tome,316,てらさわ小進堂,和菓子、洋菓子,,sweets,tb,True
miyagi/tome,317,Bakery ONZE,パン、サンドイッチ、ベーグル,,sweets,tb,True
miyagi/tome,318,しなの庵,そば、親子丼,,noodles,tb,True
miyagi/tome,319,不二家 佐沼店,ケーキ,,sweets,tb,True
miyagi/tome,320,ぶただるま,ラーメン,,noodles,tb,True
miyagi/tome,321,信夫や,ラーメン、食堂,,noodles,tb,True
miyagi/tome,322,鮨信,寿司、日本料理,,seafood,tb,True
miyagi/tome,323,京都 古都果 佐沼店,サンドイッチ,,sweets,tb,True
miyagi/tome,324,双葉寿司,寿司、日本料理、ラーメン,,seafood,tb,True
miyagi/tome,325,ニューサンタ 佐沼店,カレー、アジア・エスニック,,curry,tb,True
miyagi/tome,326,桑月堂,和菓子,,sweets,tb,True
miyagi/tome,327,ケーキハウス すがわら,ケーキ、和菓子、洋菓子,,sweets,tb,True
miyagi/tome,328,新月堂 支店,和菓子、洋菓子,,sweets,tb,True
miyagi/tome,329,めん太郎 中田店,うどん、そば、ラーメン,,noodles,tb,True
miyagi/tome,330,with mom ヨークベニマル佐沼店,パン、サンドイッチ,,sweets,tb,True
miyagi/tome,331,米夢,パン,,sweets,tb,True
miyagi/tome,332,三浦屋,日本料理、天ぷら、そば,,japanese,tb,True
miyagi/tome,333,炭火焼き鳥 轟や 佐沼店,居酒屋,,izakaya,tb,True
miyagi/tome,334,葵,居酒屋,,izakaya,tb,True
miyagi/tome,335,ことり,カフェ,,cafe,tb,True
miyagi/tome,336,ときめき野菜,その他,,other,none,False
miyagi/tome,337,イエローハウス,ジェラート・アイスクリーム,,sweets,tb,True
miyagi/tome,338,Joldi Bakery,パン,,sweets,tb,True
miyagi/tome,339,登米のやきとり屋さん,焼き鳥,,meat,tb,True
miyagi/tome,340,トルティージャ,喫茶店,,cafe,tb,True
miyagi/tome,341,佐竣,ラーメン,,noodles,tb,True
miyagi/tome,342,石ノ森章太郎ふるさと記念館,その他,,other,none,False
miyagi/tome,343,炭火焼　沢菜,居酒屋、焼き鳥,,izakaya,tb,True
miyagi/tome,344,不二家 デイリーポート新鮮館佐沼店,ケーキ,,sweets,tb,True
miyagi/tome,345,セブンイレブン 南方支所前,コンビニ・スーパー,,daily,tb,True
miyagi/tome,346,マザーポートコーヒー 佐沼店,カフェ,,cafe,tb,True
miyagi/tome,347,LAWSON 豊里町上町店,コンビニ・スーパー,,daily,tb,True
miyagi/tome,348,屋台ラーメンやいち,ラーメン,,noodles,tb,True
miyagi/tome,349,オレンジカフェ グランヴィア,カフェ,,cafe,tb,True
miyagi/tome,350,高橋酒店,その他,,other,none,False
miyagi/tome,351,まざあ,弁当、おにぎり、パン,,casual,tb,True
miyagi/tome,352,プータロー,パスタ、ラーメン、洋食,,european,tb,True
miyagi/tome,353,若鮨 はさま館,食堂、海鮮,,casual,tb,True
miyagi/tome,354,石焼きいも,焼き芋・大学芋,,other,none,False
miyagi/tome,355,新月堂菓子店,和菓子、洋菓子,,sweets,tb,True
miyagi/tome,356,石越醸造,その他,,other,none,False
miyagi/tome,357,ダン,ダイニングバー,,izakaya,tb,True
miyagi/tome,358,リアン・マルシェ,その他,,other,none,False
miyagi/tome,359,佐利 中江店,その他,,other,none,False
miyagi/tome,360,すし海道 佐沼店,寿司、豚丼,,seafood,tb,True
miyagi/tome,361,ウジエスーパー 佐沼本店,コンビニ・スーパー,,daily,tb,True
miyagi/tome,362,ケンタッキーフライドチキン ヨークベニマル新佐沼店,レストラン、からあげ、ハンバーガー,,meat,tb,False
miyagi/tome,363,ピザハット 登米佐沼店,ピザ,,european,tb,True
miyagi/tome,364,あったかカフェ つなぐ,カフェ、カレー,,cafe,tb,True
miyagi/tome,365,しいたけランド,その他,,other,none,False
miyagi/tome,366,バーだいこん,バー、居酒屋,,izakaya,tb,True
miyagi/tome,367,ツルハドラッグ 宮城登米店,その他,,other,none,False
miyagi/tome,368,ファミリーマート 三滝堂PA店,コンビニ・スーパー,,daily,tb,True
miyagi/tome,369,やきとり大吉 佐沼店,焼き鳥,,meat,tb,True
miyagi/tome,370,竹花さとう,弁当,,casual,tb,True
miyagi/tome,371,百足青果,その他,,other,none,False
miyagi/tome,372,津山納豆製造所,その他,,other,none,False
miyagi/tome,373,鈴木麩屋,その他,,other,none,False
miyagi/tome,374,野菜畑　トマト,カフェ、パスタ、ピザ,,cafe,tb,True
miyagi/tome,375,カタクリの里,その他,,other,none,False
miyagi/tome,376,なりだファーム,その他,,other,none,False
miyagi/tome,377,昼どきうなぎ 五ヱ門,うなぎ,,seafood,tb,True
miyagi/tome,378,野村製麩所,その他,,other,none,False
miyagi/tome,379,うたまろ,ラーメン、食堂,,noodles,tb,True
miyagi/tome,380,はんとく パンのみせ,パン,,sweets,tb,True
miyagi/tome,381,豊味寿司,寿司,,seafood,tb,True
miyagi/tome,382,笠松食事宴会処,レストラン,,other,none,False
miyagi/tome,383,いなせ,寿司,,seafood,tb,True
miyagi/tome,384,千登里,レストラン,,other,none,False
miyagi/tome,385,旬味 花々,居酒屋,,izakaya,tb,True
miyagi/tome,386,串焼亭かぶらぎ,レストラン,,other,none,False
miyagi/tome,387,さっぽろや食堂,郷土料理,,japanese,tb,True
miyagi/tome,388,藍,居酒屋,,izakaya,tb,True
miyagi/tome,389,旬料 まるや,日本料理、海鮮、居酒屋,,japanese,tb,True
miyagi/tome,390,居酒屋　鯉,日本酒バー,,izakaya,tb,True
miyagi/tome,391,居酒屋 時代,居酒屋,,izakaya,tb,True
miyagi/tome,392,サッチ,喫茶店,,cafe,tb,True
miyagi/tome,393,愛ちゃん,郷土料理,,japanese,tb,True
miyagi/tome,394,BEER BAR FILLMORE,ビアバー,,izakaya,tb,True
miyagi/tome,395,好味,焼き鳥,,meat,tb,True
miyagi/tome,396,ドッグブティックアンドカフェメイクアウィッシュ,その他,,other,none,False
miyagi/tome,397,田舎料理ころも川,日本料理,,japanese,tb,True
miyagi/tome,398,チェルキオ,バー,,izakaya,tb,True
miyagi/tome,399,笑福,居酒屋,,izakaya,tb,True
miyagi/tome,400,セブンイレブン 石越駅前店,コンビニ・スーパー,,daily,tb,True
miyagi/tome,401,韓国家庭料理 サラン,韓国料理,,chinese,tb,True
miyagi/tome,402,梵,居酒屋,,izakaya,tb,True
miyagi/tome,403,ビジネスホテル タケカワ,ホテル,,other,none,False
miyagi/tome,404,eight,ダーツ、ダイニングバー,,izakaya,tb,False
miyagi/tome,405,ピザハット 登米佐沼,ピザ,,european,tb,True
miyagi/tome,406,居酒屋 ふる里,居酒屋,,izakaya,tb,True
miyagi/tome,407,割烹くまがい,日本料理、ちゃんこ鍋,,japanese,tb,True
miyagi/tome,408,あじまん デイリーポート佐沼店,たい焼き・大判焼き,,sweets,tb,True
miyagi/tome,409,さたけ会館,日本料理,,japanese,tb,True
miyagi/tome,410,Lemon,バー,,izakaya,tb,True
miyagi/tome,411,ドッグサロン＆カフェ シルトクレーテ,その他,,other,none,False
miyagi/tome,412,フリーダム,レストラン,,other,none,False
miyagi/tome,413,菜園,日本料理、海鮮,,japanese,tb,True
miyagi/tome,414,セブンイレブン 登米西郷店,コンビニ・スーパー,,daily,tb,True
miyagi/tome,415,Ujikin Sushi,,Japanese;Seafood;Sushi;Japanese - Other ,seafood,ta,True
miyagi/tome,416,Tantan,,Japanese;Japanese - Other ,japanese,ta,True
miyagi/tome,417,Cucina Kappa,,Italian,european,ta,True
miyagi/tome,418,Tabakoya Cafe,,Japanese,japanese,ta,True
miyagi/tome,419,Japanese Restaurant Koinoyakata,,Japanese,japanese,ta,True
miyagi/tome,420,China Restaurant Yokohama,,Chinese,chinese,ta,True
miyagi/tome,421,Japanese culinary art Kiyokawa,,Japanese;Japanese - Other ;Kappo,japanese,ta,True
miyagi/tome,422,Nakarin Shokudo,,Japanese;International;Japanese - Other ,japanese,ta,True
miyagi/tome,423,Kyodo Ryori Taka,,Japanese;Japanese - Other ,japanese,ta,True
miyagi/tome,424,Musubi Macrobiotic Dessert,,Japanese;Healthy,japanese,ta,True
miyagi/tome,425,Gyukaku Sanuma,,Japanese,japanese,ta,True
miyagi/tome,426,Hana Hana,,Japanese,japanese,ta,True
miyagi/tome,427,Rakushoku Diningtsubohachi Sanuma Daiyasu,,Japanese;Izakaya (Japanese Style Tavern),izakaya,ta,True
miyagi/tome,428,Post,,Japanese,japanese,ta,True
miyagi/tome,429,Joyfull,,International,other,none,False
miyagi/tome,430,Hatchan Shokudo,,,other,none,False
miyagi/tome,431,Kabbo Shikano,,Japanese;Japanese - Traditional Cuisine;Kappo,japanese,ta,True
miyagi/tome,432,Coco s Japan,,Japanese;International,japanese,ta,True
miyagi/tome,433,Miyama,,Japanese,japanese,ta,True
miyagi/tome,434,Manpukuya,,Asian,chinese,ta,True
miyagi/tome,435,Chashu Ramen Fukusui,,,other,none,False
miyagi/tome,436,Ramen House Ajiyoshi,,,other,none,False
miyagi/tome,437,Grill Roland,,,other,none,False
miyagi/tome,438,Ganesha Sanuma,,Indian,curry,ta,True
miyagi/tome,439,Restaurant Cha Cha,,,other,none,False
miyagi/tome,440,Komekkotei,,Japanese;Japanese - Other ,japanese,ta,True
miyagi/tome,441,Peacock Kagano,,Fast Food,casual,ta,True
miyagi/tome,442,Toyomadango,,,other,none,False
miyagi/tome,443,Sultan Sanuma,,Indian,curry,ta,True
miyagi/tome,444,Tokiwatei Sanuma,,Japanese,japanese,ta,True
miyagi/tome,445,Nambuyashiki Kagano,,Japanese;Japanese - Other ,japanese,ta,True
miyagi/tome,446,Narukohanten Branch Store,,,other,none,False
miyagi/tome,447,Izunumanousan Corp,,Japanese;Cafe;Barbecue;Grill;Japanese Fusion,meat,ta,True
miyagi/tome,448,こまや食堂,,Japanese;International;Japanese - Other ,japanese,ta,True
miyagi/tome,449,Shikisai Dining Kokomi,,,other,none,False
miyagi/tome,450,Warudo,,International,other,none,False
miyagi/tome,451,Rocky Cafe,,Japanese;International;Japanese - Other ,japanese,ta,True
miyagi/tome,452,Nakae Shokudo,,Japanese;International;Japanese - Other ,japanese,ta,True
miyagi/tome,453,そばしん,,,other,none,False
miyagi/tome,454,Puppe,,,other,none,False
miyagi/tome,455,Hasegawa,,International;Fusion,other,none,False
miyagi/tome,456,Baku People,,Japanese;Izakaya (Japanese Style Tavern),izakaya,ta,True
miyagi/tome,457,Buta Ippiki,,,other,none,False
miyagi/tome,458,Orange,,,other,none,False
miyagi/tome,459,Ramen Shopotaya Honten,,,other,none,False
miyagi/tome,460,Toyomi Sushi,,Japanese;Seafood;Sushi;Japanese - Other ,seafood,ta,True
miyagi/tome,461,Chidori,,Japanese;Fusion;Japanese - Other ;Japanese Fusion,japanese,ta,True
miyagi/tome,462,Hasama Horumon,,Barbecue,meat,ta,True
miyagi/tome,463,たけとみや,,Barbecue,meat,ta,True
miyagi/tome,464,スイートショップ おの,,,other,none,False
miyagi/tome,465,あさの食堂,,Japanese;International;Japanese - Other ,japanese,ta,True
miyagi/tome,466,Temple Cafe Musoan,,Cafe,cafe,ta,True
miyagi/tome,467,Donichiya,,Japanese;Japanese - Other ,japanese,ta,True
miyagi/tome,468,Mato Sushi,,Japanese;Seafood;Sushi;Japanese - Other ,seafood,ta,True
miyagi/tome,469,Ajiwaikukan Sasayo,,Japanese;Japanese - Traditional Cuisine,japanese,ta,True
miyagi/tome,470,Teruyoshi,,,other,none,False
miyagi/tome,471,Bistro Vendange,,French,european,ta,True
miyagi/tome,472,Kishinami Pastry,,,other,none,False
miyagi/tome,473,Green,,Pub,izakaya,ta,True
miyagi/tome,474,Mitsuba Dininig,,Japanese,japanese,ta,True
miyagi/tome,475,Yakiniku Ajishin,,Barbecue,meat,ta,True
miyagi/tome,476,Yakura Sushi,,Japanese;Sushi,seafood,ta,True
miyagi/tome,477,Cafe Furufuru,,Cafe,cafe,ta,True
miyagi/tome,478,Yakinikutsuruya,,Barbecue,meat,ta,True
miyagi/tome,479,Genghis Khan Agura,,Japanese,japanese,ta,True
miyagi/tome,480,Shinobu,,Japanese;Sushi,seafood,ta,True
miyagi/tome,481,Terasaka,,Japanese,japanese,ta,True
miyagi/tome,482,Kotake,,Japanese;Japanese - Other ,japanese,ta,True
miyagi/tome,483,若寿司 とよま館,,Japanese;Seafood;Sushi;Japanese - Other ,seafood,ta,True
miyagi/tome,484,Farmers Restaurant Hattochin,,Japanese;Japanese - Other ,japanese,ta,True
miyagi/tome,485,Cafe Yamaboshi,,Cafe,cafe,ta,True
miyagi/tome,486,Shiryutei,,Chinese,chinese,ta,True
miyagi/tome,487,Sushishige,,Japanese;Sushi,seafood,ta,True
miyagi/tome,488,Vegetable Garden Tomatoes,,Cafe,cafe,ta,True
miyagi/tome,489,Copan Aeon Town Sanuma,,Italian,european,ta,True
miyagi/tome,490,Otowa Zushi,,Japanese;Seafood;Sushi;Japanese - Other ,seafood,ta,True
miyagi/tome,491,北京料理　天華,,Chinese;Beijing cuisine,chinese,ta,True
miyagi/tome,492,Trattoria Oami,,Italian,european,ta,True
miyagi/tome,493,Senko Saibo,,Chinese,chinese,ta,True
miyagi/tome,494,Togentei,,Chinese,chinese,ta,True
miyagi/tome,495,Tsumugi,,Cafe,cafe,ta,True
miyagi/tome,496,Coffee Doctors,,Cafe,cafe,ta,True
miyagi/tome,497,Birthday s,,Cafe,cafe,ta,True
miyagi/tome,498,Narukohanten,,Chinese,chinese,ta,True
miyagi/tome,499,Kagura Sushi,,Japanese;Sushi,seafood,ta,True
miyagi/tome,500,Sakae Sushi,,Japanese;Sushi,seafood,ta,True
miyagi/tome,501,Cafe Minnesota,,Cafe,cafe,ta,True
miyagi/tome,502,Marikure,,French,european,ta,True
miyagi/tome,503,Sushi Kaido Sanuma,,Japanese;Seafood;Sushi,seafood,ta,True
miyagi/tome,504,Bakkason,,,other,none,False
miyagi/tome,505,Konnoren Naganuma Sanuma,,,other,none,False
miyagi/tome,506,Minami Kata San Sendaigyu Gyu Topia,,Steakhouse,meat,ta,True
miyagi/tome,507,Raman Musashi,,,other,none,False
miyagi/tome,508,Restaurant Putaro,,,other,none,False
miyagi/tome,509,Gankoya,,,other,none,False
miyagi/tome,510,Izumo Restaurant and Cafe,,,other,none,False
miyagi/tome,511,Shunsai Shuko Michi,,Japanese;Izakaya (Japanese Style Tavern),izakaya,ta,True
miyagi/tome,512,Yoro Notaki Sauma,,Japanese;Izakaya (Japanese Style Tavern),izakaya,ta,True
miyagi/tome,513,Ichizen,,Japanese;Izakaya (Japanese Style Tavern),izakaya,ta,True
miyagi/tome,514,Hamburger Dining Maruan,,Japanese,japanese,ta,True
miyagi/tome,515,多来福こん,,Japanese;Japanese - Traditional Cuisine;Kappo,japanese,ta,True
miyagi/tome,516,Miyoshiya,,Japanese;International;Japanese - Other ,japanese,ta,True
miyagi/tome,517,タン焼 たあ坊,,Japanese;Japanese - Other ,japanese,ta,True
miyagi/tome,518,Sakaeya Chinese Restaurant,,,other,none,False
miyagi/tome,519,Belle Equipe,,Japanese,japanese,ta,True
miyagi/tome,520,Hattotei Wa,,Japanese,japanese,ta,True
miyagi/tome,521,Oikawa Soba,,Japanese,japanese,ta,True
miyagi/tome,522,Shikitei,,Japanese;International;Japanese - Other ,japanese,ta,True
miyagi/tome,523,Kabo Sansei,,,other,none,False
miyagi/tome,524,Konomi,,Japanese,japanese,ta,True
miyagi/tome,525,Restaurant Sakura,,Japanese,japanese,ta,True
miyagi/tome,526,Lunch and Delicatessen Shop Niki,,Japanese,japanese,ta,True
miyagi/tome,527,Nakamura,,Japanese;Izakaya (Japanese Style Tavern),izakaya,ta,True
miyagi/tome,528,Sanuki Udontokiwa,,,other,none,False
miyagi/tome,529,Tomoeya,,Japanese,japanese,ta,True
miyagi/tome,530,Seigetsudo,,,other,none,False
miyagi/tome,531,Galaxy,,,other,none,False
miyagi/tome,532,Kitamura,,Japanese;Japanese - Traditional Cuisine;Kaiseki,japanese,ta,True
miyagi/tome,533,Shiki No Chaya Nagomi,,,other,none,False
miyagi/tome,534,Kappa No Hirune,,,other,none,False
miyagi/tome,535,Shutoya,,,other,none,False
miyagi/tome,536,Sato No Chaya Sakura,,,other,none,False
miyagi/tome,537,Kaisen Izakaya Yasube,,Japanese - Traditional Cuisine,other,none,False
miyagi/tome,538,Yottetei,,,other,none,False
miyagi/tome,539,Karaoke Shofukutei Crayon Sanuma Nakata,,International,other,none,False
miyagi/tome,540,Uobun,,Japanese,japanese,ta,True
miyagi/tome,541,Izakaya Koi,,Japanese,japanese,ta,True
miyagi/tome,542,Setsuko Ken,,Japanese,japanese,ta,True
miyagi/tome,543,Lyon Western Style Izakaya,,Japanese,japanese,ta,True
miyagi/tome,544,Yashiki,,Japanese;International;Japanese - Other ,japanese,ta,True
miyagi/tome,545,Tanukiya,,Japanese,japanese,ta,True
miyagi/tome,546,Neo Dining Karura,,Japanese,japanese,ta,True
miyagi/tome,547,Onodera Bakery,,,other,none,False
miyagi/tome,548,居酒屋さくら,,Japanese;Izakaya (Japanese Style Tavern),izakaya,ta,True
miyagi/tome,549,Kabuto,,Japanese,japanese,ta,True
miyagi/tome,550,Wa Dining Rakuzen,,Japanese,japanese,ta,True
miyagi/tome,551,Karaoke Restaurant Sound Arena,,International,other,none,False
miyagi/tome,552,Ren,,,other,none,False
miyagi/tome,553,Izakaya Tampopo,,Izakaya (Japanese Style Tavern),izakaya,ta,True
miyagi/tome,554,Ohako,,,other,none,False
miyagi/tome,555,Mengen,,,other,none,False
miyagi/tome,556,Izakaya Aeru,,Japanese;Izakaya (Japanese Style Tavern),izakaya,ta,True
miyagi/tome,557,Takao,,,other,none,False
miyagi/tome,558,Hot House,,,other,none,False
miyagi/tome,559,Adannoki,,,other,none,False
miyagi/tome,560,Juliet,,,other,none,False
miyagi/tome,561,Takaya Main Store,,,other,none,False
miyagi/tome,562,Teruchan,,,other,none,False
miyagi/tome,563,Bar Ittari Kitari,,Japanese;Izakaya (Japanese Style Tavern),izakaya,ta,True
miyagi/tome,564,Poppins Bakery,,,other,none,False
miyagi/tome,565,Confectionery Kizen,,,other,none,False
miyagi/tome,566,Lily of the Valley,,,other,none,False
miyagi/tome,567,Sweets Factory Yamasei,,,other,none,False
miyagi/tome,568,Hanamaru,,Japanese;Izakaya (Japanese Style Tavern),izakaya,ta,True
miyagi/tome,569,Honeybee Mitsubachi,,,other,none,False
miyagi/tome,570,RedBoa,,,other,none,False
miyagi/tome,571,Ehon Cafe Ohisama No Kuni,,,other,none,False
miyagi/tome,572,Wild Goose,,,other,none,False
miyagi/tome,573,Buraza Tei,,,other,none,False
miyagi/tome,574,Snack Yambe,,,other,none,False
miyagi/tome,575,Yuyu,,,other,none,False
miyagi/tome,576,Kiichigo,,,other,none,False
miyagi/tome,577,Liliy,,,other,none,False
miyagi/tome,578,Ramen Sansan,,,other,none,False
miyagi/tome,579,Small Kitchen Freedom,,Bar;Pub,izakaya,ta,True
miyagi/tome,580,Seven Diamond,,,other,none,False
miyagi/tomiya,1,ウッデンシップ,ピザ,,european,tb,True
miyagi/tomiya,2,麺や遊大,ラーメン、からあげ,,noodles,tb,True
miyagi/tomiya,3,牛屋 たん兵衛,牛料理,,other,none,False
miyagi/tomiya,4,桃源花 富谷店,担々麺、ラーメン、汁なし担々麺,,noodles,tb,True
miyagi/tomiya,5,OMOUMA麺堂,ラーメン,,noodles,tb,True
miyagi/tomiya,6,和食感 Yellow Factory,食堂、ダイニングバー、日本料理,,casual,tb,True
miyagi/tomiya,7,ナカオカフェ,カフェ,,cafe,tb,True
miyagi/tomiya,8,ハンバーグの店　オニオン,ハンバーグ,,meat,tb,True
miyagi/tomiya,9,モナモナ,パン,,sweets,tb,True
miyagi/tomiya,10,らーめん工房 網地島屋 富谷本店,ラーメン、中華料理、餃子,,noodles,tb,True
miyagi/tomiya,11,レバニラ髙橋,食堂,,casual,tb,True
miyagi/tomiya,12,マルタン食堂 prod by 丹心,中華料理、ラーメン,,chinese,tb,True
miyagi/tomiya,13,煮干ラーメン松した,ラーメン、油そば・まぜそば,,noodles,tb,True
miyagi/tomiya,14,蔵出し醸造味噌ラーメン えんまる,ラーメン,,noodles,tb,True
miyagi/tomiya,15,煮干しそば 鶏そば 藍 仙台富谷店,ラーメン,,noodles,tb,True
miyagi/tomiya,16,Cafe hito no wa,カフェ、洋菓子,,cafe,tb,True
miyagi/tomiya,17,ラーメンねぎっこ 富谷店,ラーメン,,noodles,tb,True
miyagi/tomiya,18,noyer,ケーキ、洋菓子、スイーツ,,sweets,tb,True
miyagi/tomiya,19,源ちゃんラーメン,ラーメン,,noodles,tb,True
miyagi/tomiya,20,ノースポール,フレンチ、イタリアン,,european,tb,True
miyagi/tomiya,21,シャルメ ドゥ ブーランジェリー,パン,,sweets,tb,True
miyagi/tomiya,22,カフェ MaHaNa,カフェ、洋食、ケーキ,,cafe,tb,True
miyagi/tomiya,23,七福,そば,,noodles,tb,True
miyagi/tomiya,24,しんまちキッチン,おにぎり、食堂,,casual,tb,True
miyagi/tomiya,25,満天食堂 明石台店,食堂,,casual,tb,True
miyagi/tomiya,26,R Baker 富谷店,カフェ、パン,,cafe,tb,True
miyagi/tomiya,27,あったか・お箸ダイニング 熊谷,居酒屋、カフェ,,izakaya,tb,True
miyagi/tomiya,28,ひより屋,食堂、麺類、ラーメン,,casual,tb,True
miyagi/tomiya,29,寿松庵 本店,そば、うどん,,noodles,tb,True
miyagi/tomiya,30,NAKAO CHOCOLATE HOUSE,チョコレート,,sweets,tb,True
miyagi/tomiya,31,菓匠 将満 仙台富谷店,和菓子、大福,,sweets,tb,True
miyagi/tomiya,32,あさひ,そば、天丼、うどん,,noodles,tb,True
miyagi/tomiya,33,とんかつ 大福,とんかつ,,meat,tb,True
miyagi/tomiya,34,ninna nanna,ケーキ,,sweets,tb,True
miyagi/tomiya,35,カフェ ドゥ ラペ,カフェ,,cafe,tb,True
miyagi/tomiya,36,mamemaru+,カフェ、ソフトクリーム,,cafe,tb,True
miyagi/tomiya,37,麺処 松。,ラーメン,,noodles,tb,True
miyagi/tomiya,38,七ッ森,食堂,,casual,tb,True
miyagi/tomiya,39,チーズケーキ CAFE MAGY,カフェ、ピザ、スイーツ,,cafe,tb,True
miyagi/tomiya,40,亀杉そば,そば、うどん,,noodles,tb,True
miyagi/tomiya,41,メランジェ,パン,,sweets,tb,True
miyagi/tomiya,42,ごはん カフェ 鈴屋,カフェ、スイーツ、弁当,,cafe,tb,True
miyagi/tomiya,43,牛々 富谷店,焼肉、ホルモン、韓国料理,,meat,tb,True
miyagi/tomiya,44,餅よし,大福、せんべい、おにぎり,,casual,tb,False
miyagi/tomiya,45,コストコ 富谷倉庫店,コンビニ・スーパー,,daily,tb,True
miyagi/tomiya,46,カフェブリッコ 仙台富谷店,ソフトクリーム、スイーツ、パン,,sweets,tb,True
miyagi/tomiya,47,蒙古タンメン中本 仙台富谷店,ラーメン,,noodles,tb,True
miyagi/tomiya,48,フュメドゥコスモ,フレンチ,,european,tb,True
miyagi/tomiya,49,みちのくの海と陸 和食 緒,日本料理,,japanese,tb,True
miyagi/tomiya,50,石焼ステーキ 贅  宮城明石台店,ステーキ、ハンバーグ、焼肉,,meat,tb,True
miyagi/tomiya,51,ニコリ,ケーキ,,sweets,tb,True
miyagi/tomiya,52,イルミオカンポ,イタリアン、ヨーロッパ料理,,european,tb,True
miyagi/tomiya,53,居酒屋竹鳥物語,居酒屋,,izakaya,tb,True
miyagi/tomiya,54,Cafe de Reve,カフェ,,cafe,tb,True
miyagi/tomiya,55,ナチュリー カフェ ペコ,カフェ,,cafe,tb,True
miyagi/tomiya,56,白いオルゴール,ケーキ,,sweets,tb,True
miyagi/tomiya,57,アーニャ,パン,,sweets,tb,True
miyagi/tomiya,58,Punjabi Zaiqa,パキスタン料理,,other,none,False
miyagi/tomiya,59,お肉のレストラン かのや,食堂、肉料理,,casual,tb,True
miyagi/tomiya,60,アマヤドリ珈琲,カフェ,,cafe,tb,True
miyagi/tomiya,61,からあげ専門店 石井商店 富谷店,からあげ,,meat,tb,True
miyagi/tomiya,62,焼き芋 あいも,スイーツ,,sweets,tb,True
miyagi/tomiya,63,天下一品 明石台店,ラーメン,,noodles,tb,True
miyagi/tomiya,64,なかお 富谷店,その他,,other,none,False
miyagi/tomiya,65,SUBWAY イオンモール富谷店,サンドイッチ,,sweets,tb,True
miyagi/tomiya,66,キャナリィロウ 富谷店,イタリアン,,european,tb,True
miyagi/tomiya,67,利久 富谷あけの平店,牛タン,,meat,tb,True
miyagi/tomiya,68,十割そば会 武蔵亭富谷店,そば,,noodles,tb,True
miyagi/tomiya,69,仙台クラシックゴルフ倶楽部,その他,,other,none,False
miyagi/tomiya,70,ゆっぽ亭,食堂,,casual,tb,True
miyagi/tomiya,71,アトリエ･ムー,洋菓子,,sweets,tb,True
miyagi/tomiya,72,デイリーポート新鮮館 富谷店,コンビニ・スーパー,,daily,tb,True
miyagi/tomiya,73,富谷カントリークラブ,レストラン,,other,none,False
miyagi/tomiya,74,ばにら・びーんず,ケーキ,,sweets,tb,True
miyagi/tomiya,75,いちこし,焼肉、ラーメン、食堂,,meat,tb,True
miyagi/tomiya,76,"dear honey lover,",ソフトクリーム,,sweets,tb,True
miyagi/tomiya,77,サンロード ヤマザワ富谷成田店,パン,,sweets,tb,True
miyagi/tomiya,78,ラーメン魁力屋 あけの平店,ラーメン、食堂、餃子,,noodles,tb,True
miyagi/tomiya,79,パンセ 富谷本店,パン、サンドイッチ,,sweets,tb,True
miyagi/tomiya,80,翔家,焼き鳥、ラーメン、居酒屋,,meat,tb,True
miyagi/tomiya,81,極楽湯 富谷店,その他,,other,none,False
miyagi/tomiya,82,ビックハウス 富谷店,コンビニ・スーパー,,daily,tb,True
miyagi/tomiya,83,スターバックス・コーヒー イオン富谷店,カフェ,,cafe,tb,True
miyagi/tomiya,84,菓子処 いさわ屋,和菓子、洋菓子,,sweets,tb,True
miyagi/tomiya,85,喜久水庵 イオン富谷店,その他,,other,none,False
miyagi/tomiya,86,EIGHT CROWNS,その他,,other,none,False
miyagi/tomiya,87,元気くん市場 仙台店,その他,,other,none,False
miyagi/tomiya,88,クロワッサン屋 サクサク 泉店,パン,,sweets,tb,True
miyagi/tomiya,89,Catherine hill's bakery,パン,,sweets,tb,True
miyagi/tomiya,90,食事処 一慶,食堂、ラーメン,,casual,tb,True
miyagi/tomiya,91,ココス 富谷店,ファミレス,,casual,tb,True
miyagi/tomiya,92,サイゼリヤ イオンモール富谷店,ファミレス、イタリアン、パスタ,,casual,tb,True
miyagi/tomiya,93,はなまるうどん イオン富谷店,うどん、おにぎり,,noodles,tb,True
miyagi/tomiya,94,はま寿司 仙台富谷店,回転寿司,,seafood,tb,True
miyagi/tomiya,95,マクドナルド 明石台店,ハンバーガー、カフェ,,casual,tb,True
miyagi/tomiya,96,味の牛たん喜助 仙台富谷店,牛タン,,meat,tb,True
miyagi/tomiya,97,MEGAドン・キホーテ 仙台富谷店,その他,,other,none,False
miyagi/tomiya,98,富久寿司,寿司,,seafood,tb,True
miyagi/tomiya,99,CAINZ 仙台富谷店,その他,,other,none,False
miyagi/tomiya,100,あじわいの朝  富谷店,その他,,other,none,False
miyagi/tomiya,101,阿部蒲鉾店 イオンモール富谷店,その他,,other,none,False
miyagi/tomiya,102,フラットホワイト コーヒーファクトリー The Library U-TOMIYA,カフェ、スイーツ,,cafe,tb,True
miyagi/tomiya,103,ねこのひたい,居酒屋,,izakaya,tb,True
miyagi/tomiya,104,温野菜スープ食堂 イオンモール富谷店,食堂,,casual,tb,True
miyagi/tomiya,105,もしもしカフェ,カフェ,,cafe,tb,True
miyagi/tomiya,106,夢の風 とみや,弁当,,casual,tb,True
miyagi/tomiya,107,コメダ珈琲店 富谷店,喫茶店、カフェ,,cafe,tb,True
miyagi/tomiya,108,シャトレーゼ 富谷店,ケーキ、和菓子、パン,,sweets,tb,True
miyagi/tomiya,109,和風レストラン まるまつ 成田店,ファミレス,,casual,tb,True
miyagi/tomiya,110,山の猿 富谷店,居酒屋、海鮮、焼き鳥,,izakaya,tb,True
miyagi/tomiya,111,ミスタードーナツ イオン富谷ショップ,ドーナツ、カフェ,,sweets,tb,True
miyagi/tomiya,112,吉野家 4号線富谷店,牛丼、カレー、食堂,,casual,tb,True
miyagi/tomiya,113,マクドナルド 富谷イオンショッピングセンター店,ハンバーガー,,casual,tb,True
miyagi/tomiya,114,キャンディベース ドライブ イン カフェ,カフェ,,cafe,tb,True
miyagi/tomiya,115,とみやど,その他,,other,none,False
miyagi/tomiya,116,菓子工房 アプポア,洋菓子,,sweets,tb,True
miyagi/tomiya,117,焼肉 牛和華 富谷店,焼肉、ホルモン、居酒屋,,meat,tb,True
miyagi/tomiya,118,ヤマザワ  富谷成田店,コンビニ・スーパー,,daily,tb,True
miyagi/tomiya,119,Hokkaido Factory イオンモール富谷店,パン、ソフトクリーム,,sweets,tb,True
miyagi/tomiya,120,ベーカリーあいの郷,パン、スイーツ,,sweets,tb,True
miyagi/tomiya,121,内ヶ崎酒造店,バー,,izakaya,tb,True
miyagi/tomiya,122,街かどカフェ いこい,カフェ,,cafe,tb,True
miyagi/tomiya,123,富谷市ブルーベリー生産組合 直売所,その他,,other,none,False
miyagi/tomiya,124,一口茶屋　 明石台みやぎ生協店,たこ焼き、たい焼き・大判焼き、ラーメン,,casual,tb,True
miyagi/tomiya,125,築地銀だこ イオン富谷大清水ＳＣ店,たこ焼き,,casual,tb,True
miyagi/tomiya,126,ケンタッキーフライドチキン イオンモール富谷店,レストラン、ハンバーガー,,casual,tb,False
miyagi/tomiya,127,牛角 富谷店,焼肉、ホルモン、居酒屋,,meat,tb,True
miyagi/tomiya,128,ガスト 富谷大清水店,ファミレス,,casual,tb,True
miyagi/tomiya,129,和風レストランまるまつ 富谷店,ファミレス,,casual,tb,True
miyagi/tomiya,130,焼肉 とこと～ん 富ヶ丘,焼肉,,meat,tb,True
miyagi/tomiya,131,ハチヤ,その他,,other,none,False
miyagi/tomiya,132,地上,喫茶店,,cafe,tb,True
miyagi/tomiya,133,ハチヤミート,その他,,other,none,False
miyagi/tomiya,134,信鮨,寿司,,seafood,tb,True
miyagi/tomiya,135,平禄寿司 宮城富谷明石台店,回転寿司、海鮮、海鮮丼,,seafood,tb,True
miyagi/tomiya,136,幸楽苑 イオンモール富谷店,ラーメン,,noodles,tb,True
miyagi/tomiya,137,四六時中 富谷店,日本料理,,japanese,tb,True
miyagi/tomiya,138,パン工場 イオン富谷店,パン、サンドイッチ,,sweets,tb,True
miyagi/tomiya,139,銀座コージーコーナー イオン富谷店,ケーキ,,sweets,tb,True
miyagi/tomiya,140,ウィング丼丸 富谷店,海鮮丼,,seafood,tb,True
miyagi/tomiya,141,ラルカンシェール みやぎ生協明石台店,パン、サンドイッチ、ケーキ,,sweets,tb,True
miyagi/tomiya,142,ほっともっと 富谷町成田店,弁当,,casual,tb,True
miyagi/tomiya,143,かつや 宮城富谷店,とんかつ,,meat,tb,True
miyagi/tomiya,144,109シネマズ富谷コンセッション,カフェ、パン,,cafe,tb,True
miyagi/tomiya,145,焼肉月宵,焼肉,,meat,tb,True
miyagi/tomiya,146,セブンイレブン 富谷鷹乃杜4丁目店,コンビニ・スーパー,,daily,tb,True
miyagi/tomiya,147,森の芽ぶき たまご舎 イオンモール富谷店,バームクーヘン、洋菓子,,sweets,tb,False
miyagi/tomiya,148,焼肉ココ,焼肉,,meat,tb,True
miyagi/tomiya,149,セブンイレブン 富谷明石台6丁目店,コンビニ・スーパー,,daily,tb,True
miyagi/tomiya,150,タカラ米穀,その他,,other,none,False
miyagi/tomiya,151,牛角焼肉食堂 イオンモール富谷店,焼肉、ホルモン,,meat,tb,True
miyagi/tomiya,152,ヴィーダカフェ 富谷大清水店,カフェ,,cafe,tb,True
miyagi/tomiya,153,魚順,その他,,other,none,False
miyagi/tomiya,154,サーティワンアイスクリーム イオンモール富谷店,ジェラート・アイスクリーム,,sweets,tb,True
miyagi/tomiya,155,三全 イオンモール富谷店,和菓子,,sweets,tb,True
miyagi/tomiya,156,モンペリエ ヨークベニマル明石台店,パン,,sweets,tb,True
miyagi/tomiya,157,パティスリー フランセーズ レクリア,洋菓子、ケーキ,,sweets,tb,True
miyagi/tomiya,158,GELATO BASE,ジェラート・アイスクリーム,,sweets,tb,True
miyagi/tomiya,159,サンパーティー,ジューススタンド,,cafe,tb,True
miyagi/tomiya,160,富谷パブリックコース,その他,,other,none,False
miyagi/tomiya,161,めん六や 宮城富谷店,うどん、そば、ラーメン,,noodles,tb,True
miyagi/tomiya,162,甚平,居酒屋,,izakaya,tb,True
miyagi/tomiya,163,ニャンズカンパニー 富谷店,その他,,other,none,False
miyagi/tomiya,164,焼肉寿寿,焼肉,,meat,tb,True
miyagi/tomiya,165,LAWSON 富谷西沢店,コンビニ・スーパー,,daily,tb,True
miyagi/tomiya,166,ヤマザキショップ 富谷さとうや店,コンビニ・スーパー,,daily,tb,True
miyagi/tomiya,167,ストロベリーコーンズ 富谷店,ピザ、パスタ、イタリアン,,european,tb,True
miyagi/tomiya,168,やきとり源次郎,焼き鳥,,meat,tb,True
miyagi/tomiya,169,セブンイレブン 富谷清水仲店,コンビニ・スーパー,,daily,tb,True
miyagi/tomiya,170,セブンイレブン 富谷太子堂店,コンビニ・スーパー,,daily,tb,True
miyagi/tomiya,171,憙楽宴 佐籐,居酒屋、からあげ、弁当,,izakaya,tb,True
miyagi/tomiya,172,酒処 だるま,居酒屋,,izakaya,tb,True
miyagi/tomiya,173,サクラ カフェ,カフェ,,cafe,tb,True
miyagi/tomiya,174,都寿司,寿司、鍋,,seafood,tb,True
miyagi/tomiya,175,寿司吉,寿司,,seafood,tb,True
miyagi/tomiya,176,カワチ薬品 富谷店,その他,,other,none,False
miyagi/tomiya,177,杜の海鮮丼 富谷店,海鮮丼,,seafood,tb,True
miyagi/tomiya,178,冨谷宿,売店,,casual,tb,True
miyagi/tomiya,179,冠,居酒屋、丼、レストラン,,izakaya,tb,True
miyagi/tomiya,180,Cannery Rowtomiya,,Italian;Pizza,european,ta,True
miyagi/tomiya,181,Del Ceppo,,Italian,european,ta,True
miyagi/tomiya,182,Gyuyatambe,,Japanese,japanese,ta,True
miyagi/tomiya,183,Il Mio Campo,,Italian,european,ta,True
miyagi/tomiya,184,Fupaotomiya,,Chinese,chinese,ta,True
miyagi/tomiya,185,Jusho An Main Store,,Japanese;Japanese - Other ,japanese,ta,True
miyagi/tomiya,186,North Pole,,Fusion,other,none,False
miyagi/tomiya,187,Costco Wholesale Tomiya,,,other,none,False
miyagi/tomiya,188,Maido Okini Shokudo Sendai Tomiya Shokudo,,Japanese;International;Japanese - Other ,japanese,ta,True
miyagi/tomiya,189,Togenkatomiya,,,other,none,False
miyagi/tomiya,190,Rikyu Tomiya Akenodaira,,Japanese,japanese,ta,True
miyagi/tomiya,191,Juwari Soba Kai Musashiteitomiya,,Japanese;Japanese - Other ,japanese,ta,True
miyagi/tomiya,192,Ramen Kobo Ajishimaya Main Store,,,other,none,False
miyagi/tomiya,193,Wooden Ship,,International,other,none,False
miyagi/tomiya,194,Hamazushi Sendai Tomiya,,Japanese;Seafood;Sushi,seafood,ta,True
miyagi/tomiya,195,Kurahachi Ramentomiyaoshimizu,,,other,none,False
miyagi/tomiya,196,Heiroku Zushi Miyagi Tomiya Akaishidai,,Japanese;Seafood;Sushi;Japanese - Other ,seafood,ta,True
miyagi/tomiya,197,Menya Chodaikichi,,Chinese;Asian;Street Food,chinese,ta,True
miyagi/tomiya,198,Chateraise Tomiya,,,other,none,False
miyagi/tomiya,199,Ramen Kairikiya Akeno Daira,,Asian,chinese,ta,True
miyagi/tomiya,200,Ramen Negikkotomiya,,,other,none,False
miyagi/tomiya,201,Starbucks Coffee Aeontomiya,,Cafe,cafe,ta,True
miyagi/tomiya,202,McDonald s Akaishidai,,Fast Food,casual,ta,True
miyagi/tomiya,203,McDonald s Aeon Mall Tomiya,,Fast Food,casual,ta,True
miyagi/tomiya,204,Bbq Tokotone,,Barbecue;European,meat,ta,True
miyagi/tomiya,205,Coco Ichibanya Tomiya Akenodaira,,Fast Food,casual,ta,True
miyagi/tomiya,206,Hell s Kitchen,,,other,none,False
miyagi/tomiya,207,Japanese Dining Shirokujichu Tomiya,,Japanese;International,japanese,ta,True
miyagi/tomiya,208,Gusto Tomiya Oshimizu,,International,other,none,False
miyagi/tomiya,209,Miraku,,Indian,curry,ta,True
miyagi/tomiya,210,Cafe 336,,Cafe,cafe,ta,True
miyagi/tomiya,211,Higepanda,,Cafe,cafe,ta,True
miyagi/tomiya,212,Coco s Sendai Tomiya,,Japanese;International,japanese,ta,True
miyagi/tomiya,213,Thirtyone Ice Cream Aeonmall Tomiya,,,other,none,False
miyagi/tomiya,214,Shunsai Uchigohan Nanaya Akaishidai,,Japanese - Other ,japanese,ta,True
miyagi/tomiya,215,Restaurant Fume de Cosmos,,French,european,ta,True
miyagi/tomiya,216,Nanafuku,,,other,none,False
miyagi/tomiya,217,Vanilla Beans,,,other,none,False
miyagi/tomiya,218,マッフェン 明石台本店,,,other,none,False
miyagi/tomiya,219,Takadaya Aeon Mall Tomiya,,Japanese;Japanese - Other ,japanese,ta,True
miyagi/tomiya,220,Food Cultural Laboratory Kaze,,Cafe,cafe,ta,True
miyagi/tomiya,221,Pepper Lunch Aeon Mall Tomiya,,Steakhouse,meat,ta,True
miyagi/tomiya,222,Sobadokoro Suzuya,,Japanese;Japanese - Other ,japanese,ta,True
miyagi/tomiya,223,Miyabi,,Japanese;Izakaya (Japanese Style Tavern),izakaya,ta,True
miyagi/tomiya,224,Sumiya,,Japanese;Asian,chinese,ta,True
miyagi/tomiya,225,Surakkan,,Asian;Korean,chinese,ta,True
miyagi/tomiya,226,Beko Masamune Honpo,,Barbecue,meat,ta,True
miyagi/tomiya,227,羅山,,Chinese,chinese,ta,True
miyagi/tomiya,228,Chodaikichi,,,other,none,False
miyagi/tomiya,229,大鵬,,Chinese,chinese,ta,True
miyagi/tomiya,230,Juju Aeon Mall Tomiya,,,other,none,False
miyagi/tomiya,231,Pomme,,Fusion,other,none,False
miyagi/tomiya,232,Narita Nomi Kui Dokoro,,Barbecue,meat,ta,True
miyagi/tomiya,233,Florist Hana Mizuki,,Cafe,cafe,ta,True
miyagi/tomiya,234,Sobadokoro Sansho,,Japanese;Japanese - Other ,japanese,ta,True
miyagi/tomiya,235,Korai,,Chinese,chinese,ta,True
miyagi/tomiya,236,Kikuno,,Japanese;Japanese - Traditional Cuisine;Japanese - Other ,japanese,ta,True
miyagi/tomiya,237,Cafe Ron,,Cafe,cafe,ta,True
miyagi/tomiya,238,Tachibana,,Barbecue,meat,ta,True
miyagi/tomiya,239,Irohatei Tomiya,,Japanese;International;Japanese - Other ,japanese,ta,True
miyagi/tomiya,240,Okuno Sushi,,Japanese;Seafood;Sushi;Japanese - Other ,seafood,ta,True
miyagi/tomiya,241,D s Happines Aeontomiya,,International,other,none,False
miyagi/tomiya,242,Rice Bread Cafe,,Cafe,cafe,ta,True
miyagi/tomiya,243,Hyunjae,,Japanese,japanese,ta,True
miyagi/tomiya,244,Sushi Hokkaido Tomiya,,Japanese;International,japanese,ta,True
miyagi/tomiya,245,Mizuguruma,,Izakaya (Japanese Style Tavern),izakaya,ta,True
miyagi/tomiya,246,Izakaya Okan,,Japanese;Izakaya (Japanese Style Tavern),izakaya,ta,True
miyagi/tomiya,247,Izakaya Jinbei,,Japanese;Izakaya (Japanese Style Tavern),izakaya,ta,True
miyagi/tomiya,248,ガトーノザキ,,,other,none,False
miyagi/tomiya,249,Ragunoo Sasaki Yamazawa Tomiya Narita,,,other,none,False
miyagi/tomiya,250,Maruso,,,other,none,False
miyagi/tomiya,251,Gyoza No Hoei Tomiyaten,,,other,none,False
miyagi/tomiya,252,Hamataro Tomiya,,,other,none,False
miyagi/tomiya,253,Ishii Shoten Tomiya,,,other,none,False
miyagi/wakuya,1,つきみち,ハンバーグ、ラーメン,,meat,tb,True
miyagi/wakuya,2,パーラー旅,喫茶店,,cafe,tb,True
miyagi/wakuya,3,ひらた食堂,食堂、とんかつ、ラーメン,,casual,tb,True
miyagi/wakuya,4,涌泉亭,食堂,,casual,tb,True
miyagi/wakuya,5,お食事処 すずきや,食堂、天ぷら、からあげ,,casual,tb,True
miyagi/wakuya,6,北海道北広島らーめん かず屋,ラーメン,,noodles,tb,True
miyagi/wakuya,7,一兎,そば,,noodles,tb,True
miyagi/wakuya,8,味里,居酒屋、食堂、海鮮丼,,izakaya,tb,True
miyagi/wakuya,9,レーチェ,カフェ、洋菓子,,cafe,tb,True
miyagi/wakuya,10,焙煎小屋 風舎,カフェ,,cafe,tb,True
miyagi/wakuya,11,大富,日本料理,,japanese,tb,True
miyagi/wakuya,12,麺‘sクラブ 涌谷店,ラーメン,,noodles,tb,True
miyagi/wakuya,13,食事処　ドライブイン一力,食堂,,casual,tb,True
miyagi/wakuya,14,つかさ,食堂,,casual,tb,True
miyagi/wakuya,15,SANTA 涌谷店,インドカレー,,curry,tb,True
miyagi/wakuya,16,風  涌谷店,カフェ,,cafe,tb,True
miyagi/wakuya,17,ドライブイン 希光,食堂,,casual,tb,True
miyagi/wakuya,18,ぐれしゃあん,麺類、パスタ、ラーメン,,noodles,tb,True
miyagi/wakuya,19,上涌谷ドライブイン,食堂,,casual,tb,True
miyagi/wakuya,20,いこい食堂 宮城,ラーメン,,noodles,tb,True
miyagi/wakuya,21,だての里,日本料理,,japanese,tb,True
miyagi/wakuya,22,野田食堂,レストラン,,other,none,False
miyagi/wakuya,23,マハロダイニング 涌谷店,食堂,,casual,tb,True
miyagi/wakuya,24,はうすぢゃや,喫茶店,,cafe,tb,True
miyagi/wakuya,25,きただ,弁当、惣菜・デリ,,casual,tb,True
miyagi/wakuya,26,わくやキッチン,レストラン,,other,none,False
miyagi/wakuya,27,メモリー洋菓子店,ケーキ,,sweets,tb,True
miyagi/wakuya,28,おやつショップ,ラーメン,,noodles,tb,True
miyagi/wakuya,29,割烹仕出し料理 みうら,日本料理,,japanese,tb,True
miyagi/wakuya,30,天遊,食堂,,casual,tb,True
miyagi/wakuya,31,福ろう,食堂、カフェ、郷土料理,,casual,tb,True
miyagi/wakuya,32,新町裏珈琲,カフェ,,cafe,tb,True
miyagi/wakuya,33,あんだあも カフェ,カフェ,,cafe,tb,True
miyagi/wakuya,34,居酒屋 のだや,居酒屋,,izakaya,tb,True
miyagi/wakuya,35,MAHARAJA,インドカレー,,curry,tb,True
miyagi/wakuya,36,涌谷とうふ店,その他,,other,none,False
miyagi/wakuya,37,わくや天平の湯 売店,その他,,other,none,False
miyagi/wakuya,38,月のぱん家,パン,,sweets,tb,True
miyagi/wakuya,39,喜代松茶屋,うどん、そば、丼,,noodles,tb,True
miyagi/wakuya,40,あおい,日本料理、天ぷら、海鮮,,japanese,tb,True
miyagi/wakuya,41,つぎてのま,レストラン,,other,none,False
miyagi/wakuya,42,菊ふじ,焼き鳥、日本料理、居酒屋,,meat,tb,True
miyagi/wakuya,43,平禄寿司 宮城涌谷店,回転寿司、海鮮、海鮮丼,,seafood,tb,True
miyagi/wakuya,44,四六時中 FC涌谷店,ファミレス、中華料理、日本料理,,casual,tb,True
miyagi/wakuya,45,ほっともっと 涌谷新町店,弁当,,casual,tb,True
miyagi/wakuya,46,パン工場 涌谷店,パン、サンドイッチ,,sweets,tb,True
miyagi/wakuya,47,野菜の駅 あじわいの朝 涌谷店,その他,,other,none,False
miyagi/wakuya,48,くがね庵,カフェ,,cafe,tb,True
miyagi/wakuya,49,宮城カントリークラブ レストラン,その他,,other,none,False
miyagi/wakuya,50,木村屋,洋菓子、和菓子、パン,,sweets,tb,True
miyagi/wakuya,51,不二家 ヨークベニマル涌谷店,ケーキ、洋菓子,,sweets,tb,True
miyagi/wakuya,52,和勘,焼き鳥,,meat,tb,True
miyagi/wakuya,53,菜月,串焼き、そば,,meat,tb,True
miyagi/wakuya,54,わくや産直センター 黄金の郷,その他,,other,none,False
miyagi/wakuya,55,不二家 イオンSuC涌谷店,ケーキ,,sweets,tb,True
miyagi/wakuya,56,アジアン居酒屋 AziYA,居酒屋,,izakaya,tb,True
miyagi/wakuya,57,モンペリエ ヨークベニマル涌谷店,パン,,sweets,tb,True
miyagi/wakuya,58,小料理宮都,居酒屋,,izakaya,tb,True
miyagi/wakuya,59,めきしこ屋,喫茶店,,cafe,tb,True
miyagi/wakuya,60,家庭れすとらん もくば,喫茶店、韓国料理,,cafe,tb,True
miyagi/wakuya,61,清五郎,レストラン,,other,none,False
miyagi/wakuya,62,Boscolo,,,other,none,False
miyagi/wakuya,63,Okonomiyaki Dotonbori Wakuya,,Japanese,japanese,ta,True
miyagi/wakuya,64,Saito Pastry,,,other,none,False
miyagi/wakuya,65,Daiyasu Mura,,Japanese,japanese,ta,True
miyagi/wakuya,66,Fukuya,,Japanese;International;Japanese - Other ,japanese,ta,True
miyagi/wakuya,67,Kamiwakuya Drive in,,,other,none,False
miyagi/wakuya,68,Maneki Sushi,,Japanese;Sushi,seafood,ta,True
miyagi/wakuya,69,Hirayama Kaikan,,Japanese;Japanese - Traditional Cuisine;Kappo,japanese,ta,True
miyagi/wakuya,70,Bonoka Fc Wakuya,,Japanese;Fusion;Japanese - Other ,japanese,ta,True
miyagi/wakuya,71,Okka No Mise,,Japanese;International;Japanese - Other ,japanese,ta,True
miyagi/wakuya,72,Men s Club Wakuya,,,other,none,False
miyagi/wakuya,73,Sushi Man,,Japanese;Seafood;Sushi;Japanese - Other ,seafood,ta,True
miyagi/wakuya,74,Keiriyu,,Chinese,chinese,ta,True
miyagi/wakuya,75,Parlortabi,,Cafe,cafe,ta,True
miyagi/wakuya,76,Matsuri Sushi,,Japanese;Seafood;Sushi;Japanese - Other ,seafood,ta,True
miyagi/wakuya,77,Kozushi,,Japanese;Seafood;Sushi;Japanese - Other ,seafood,ta,True
miyagi/wakuya,78,Dining Shunki,,Japanese,japanese,ta,True
miyagi/wakuya,79,Tokiwa Shokudo,,Japanese,japanese,ta,True
miyagi/wakuya,80,Yoshidaya,,Japanese,japanese,ta,True
miyagi/wakuya,81,Yoi Dokoro Suzu,,Japanese;Izakaya (Japanese Style Tavern),izakaya,ta,True
miyagi/wakuya,82,Baskin Robbins Aeon Super Center Wakuya,,,other,none,False
miyagi/wakuya,83,大やす村,,,other,none,False
miyagi/wakuya,84,Murakami Confectionery,,,other,none,False
miyagi/wakuya,85,パテスリーむらかみ,,,other,none,False
miyagi/wakuya,86,Kaigan Dori Wakuya,,,other,none,False
miyagi/wakuya,87,Restaurant Silky,,,other,none,False
miyagi/watari,1,あら浜 亘理店,日本料理、海鮮,,japanese,tb,True
miyagi/watari,2,どんぶり亭 まつもと,海鮮、海鮮丼、郷土料理,,seafood,tb,True
miyagi/watari,3,中華蕎麦 會,ラーメン、つけ麺,,noodles,tb,True
miyagi/watari,4,田園 亘理店,丼、日本料理、寿司,,casual,tb,True
miyagi/watari,5,浜寿し,寿司、郷土料理,,seafood,tb,True
miyagi/watari,6,魚屋 hide,海鮮、食堂、海鮮丼,,seafood,tb,True
miyagi/watari,7,RA-MEN 与平治 渡,ラーメン,,noodles,tb,True
miyagi/watari,8,麺屋酒房 喜凛,ラーメン、つけ麺、中華料理,,noodles,tb,True
miyagi/watari,9,海仙,日本料理、レストラン,,japanese,tb,True
miyagi/watari,10,タイ ランナ,タイ料理,,chinese,tb,True
miyagi/watari,11,菊一商店,食堂、海鮮、郷土料理,,casual,tb,True
miyagi/watari,12,Chinese kitchen 善や,中華料理,,chinese,tb,True
miyagi/watari,13,淡路島バーガー 鳥の海店,ハンバーガー,,casual,tb,True
miyagi/watari,14,Mustache Burger,ハンバーガー,,casual,tb,True
miyagi/watari,15,らーめん せん家,ラーメン,,noodles,tb,True
miyagi/watari,16,わたり温泉 鳥の海,ホテル,,other,none,False
miyagi/watari,17,海鮮大海,海鮮、海鮮丼,,seafood,tb,True
miyagi/watari,18,米沢ラーメン すえひろ,ラーメン,,noodles,tb,True
miyagi/watari,19,農家レストラン 旬菜館,日本料理,,japanese,tb,True
miyagi/watari,20,たなぼた家の手作りおはぎ本舗,和菓子,,sweets,tb,True
miyagi/watari,21,フラミンゴ,弁当,,casual,tb,True
miyagi/watari,22,爆爆,ラーメン、餃子、つけ麺,,noodles,tb,True
miyagi/watari,23,中華ハウス オオた,中華料理、ラーメン,,chinese,tb,True
miyagi/watari,24,そば処よし田屋,そば、うどん,,noodles,tb,True
miyagi/watari,25,グリムコーヒーロースター,コーヒースタンド,,cafe,tb,True
miyagi/watari,26,はなひな,パン,,sweets,tb,True
miyagi/watari,27,みちくさ食堂,からあげ,,meat,tb,True
miyagi/watari,28,香園,中華料理,,chinese,tb,True
miyagi/watari,29,カフェ笑夢,カフェ,,cafe,tb,True
miyagi/watari,30,瀬止凡 船橋屋 五日町店,和菓子、ケーキ,,sweets,tb,True
miyagi/watari,31,鳥の海 ふれあい市場,その他,,other,none,False
miyagi/watari,32,とんかつ 華菜,とんかつ,,meat,tb,True
miyagi/watari,33,みやぎのあられ,和菓子,,sweets,tb,True
miyagi/watari,34,手打うどん屋伝七,うどん、そば,,noodles,tb,True
miyagi/watari,35,めし家,食堂,,casual,tb,True
miyagi/watari,36,おおくまふれあいセンター,その他,,other,none,False
miyagi/watari,37,龍味,ラーメン,,noodles,tb,True
miyagi/watari,38,ごはんと麺の店 見晴,食堂、ラーメン、中華料理,,casual,tb,True
miyagi/watari,39,アップルパイカフェ　高野,カフェ,,cafe,tb,True
miyagi/watari,40,SEVEN TWO CAFE,バー、カフェ,,izakaya,tb,True
miyagi/watari,41,とうふ処　豆達人,その他,,other,none,False
miyagi/watari,42,中国厨房 彩苑,中華料理,,chinese,tb,True
miyagi/watari,43,白井商店幸邦丸,その他,,other,none,False
miyagi/watari,44,万里,中華料理,,chinese,tb,True
miyagi/watari,45,ソウル亭Ⅱ炭焼,焼肉,,meat,tb,True
miyagi/watari,46,Ema,洋菓子,,sweets,tb,True
miyagi/watari,47,つくし,そば、うどん,,noodles,tb,True
miyagi/watari,48,デルソーレ,イタリアン,,european,tb,True
miyagi/watari,49,おしか商店,海鮮、郷土料理,,seafood,tb,True
miyagi/watari,50,笹かまの郷 馬上かまぼこ店 本社,その他,,other,none,False
miyagi/watari,51,とんかつ小野,とんかつ,,meat,tb,True
miyagi/watari,52,高村屋,ホルモン、焼肉、冷麺,,meat,tb,True
miyagi/watari,53,ラルカンシェール みやぎ生協亘理店,パン,,sweets,tb,True
miyagi/watari,54,酒房 いづもんどこ,居酒屋,,izakaya,tb,True
miyagi/watari,55,Cafe 悠里,カフェ、パン、カレー,,cafe,tb,True
miyagi/watari,56,安達魚店,その他,,other,none,False
miyagi/watari,57,セブンイレブン 宮城亘理南店,コンビニ・スーパー,,daily,tb,True
miyagi/watari,58,なごみ庵,そば、うどん、ラーメン,,noodles,tb,True
miyagi/watari,59,軽食 喫茶 トミタ,喫茶店,,cafe,tb,True
miyagi/watari,60,和風レストランまるまつ 亘理店,ファミレス,,casual,tb,True
miyagi/watari,61,門馬うなぎ店,その他,,other,none,False
miyagi/watari,62,マクドナルド 亘理コープ店,ハンバーガー,,casual,tb,True
miyagi/watari,63,渡部菓子店,洋菓子,,sweets,tb,True
miyagi/watari,64,馬上かまぼこ店 さざんか通り店,その他,,other,none,False
miyagi/watari,65,からふと屋,その他,,other,none,False
miyagi/watari,66,Liglad,ダイニングバー,,izakaya,tb,True
miyagi/watari,67,中町カフェー,カフェ,,cafe,tb,True
miyagi/watari,68,せとや,和菓子、洋菓子,,sweets,tb,True
miyagi/watari,69,居酒屋YOSAKU わたり店,居酒屋,,izakaya,tb,True
miyagi/watari,70,ファミリーマート 宮城亘理店,コンビニ・スーパー,,daily,tb,True
miyagi/watari,71,小さな隠れ家のかき氷 涼華,かき氷,,sweets,tb,True
miyagi/watari,72,まめちちどーなつ,ドーナツ,,sweets,tb,True
miyagi/watari,73,L’Atelier du Muget,カフェ,,cafe,tb,True
miyagi/watari,74,BACK PORT CAFE,カフェ,,cafe,tb,True
miyagi/watari,75,幸楽苑 亘理店,ラーメン、つけ麺,,noodles,tb,True
miyagi/watari,76,こうちゃん園,その他,,other,none,False
miyagi/watari,77,セブンイレブン 亘理荒浜店,コンビニ・スーパー,,daily,tb,True
miyagi/watari,78,話食舎おけい,郷土料理,,japanese,tb,True
miyagi/watari,79,有限会社わたり納豆,その他,,other,none,False
miyagi/watari,80,このみ,お好み焼き,,casual,tb,True
miyagi/watari,81,大衆ハラミ・焼肉専門店 ワタジン,焼肉、ホルモン、居酒屋,,meat,tb,True
miyagi/watari,82,肉 あかり,焼肉,,meat,tb,True
miyagi/watari,83,つつみ屋 亘理店,和菓子,,sweets,tb,True
miyagi/watari,84,大丁内農場・農家のお店 大丁内,その他,,other,none,False
miyagi/watari,85,モンペリエ ヨークベニマル亘理店,パン,,sweets,tb,True
miyagi/watari,86,不二家 みやぎ生協亘理店,ケーキ,,sweets,tb,True
miyagi/watari,87,ほっともっと 亘理町店,弁当,,casual,tb,True
miyagi/watari,88,ヨークベニマル 亘理店,コンビニ・スーパー,,daily,tb,True
miyagi/watari,89,セブンイレブン 亘理インター店,コンビニ・スーパー,,daily,tb,True
miyagi/watari,90,山田屋,その他,,other,none,False
miyagi/watari,91,幸楽苑のからあげ家 亘理店,からあげ,,meat,tb,True
miyagi/watari,92,カインズ 亘理店,その他,,other,none,False
miyagi/watari,93,わたり温泉 鳥の海 軽食コーナー,そば、うどん,,noodles,tb,True
miyagi/watari,94,源兵衛亘理工房,棒寿司,,seafood,desc,False
miyagi/watari,95,ぽてと,惣菜・デリ、弁当、おにぎり,,casual,tb,True
miyagi/watari,96,幸友水産,弁当,,casual,tb,True
miyagi/watari,97,不二家 ヨークベニマル亘理店,ケーキ、洋菓子、マカロン,,sweets,tb,True
miyagi/watari,98,KIBOUのアップルパイ,洋菓子,,sweets,tb,True
miyagi/watari,99,ファミリーロッジ 旅籠屋 仙台亘理店,ホテル,,other,none,False
miyagi/watari,100,呑楽,焼き鳥,,meat,tb,True
miyagi/watari,101,あらはま海苔 直売所,その他,,other,none,False
miyagi/watari,102,スーパーセンタートライアル 亘理店,コンビニ・スーパー,,daily,tb,True
miyagi/watari,103,昭和大衆ホルモン酒場トラヤ,焼肉、ホルモン、居酒屋,,meat,tb,True
miyagi/watari,104,ともに はま道,ラーメン、カレー,,noodles,tb,True
miyagi/watari,105,LAWSON 亘理中町東店,コンビニ・スーパー,,daily,tb,True
miyagi/watari,106,ミニストップ 宮城亘理店,コンビニ・スーパー,,daily,tb,True
miyagi/watari,107,フレスコキクチ 亘理店,コンビニ・スーパー,,daily,tb,True
miyagi/watari,108,ファミリーマート 荒浜店,コンビニ・スーパー,,daily,tb,True
miyagi/watari,109,しまだや,弁当、カレー,,casual,tb,True
miyagi/watari,110,創作厨房ＴＡＴＳＵＭＩ亭,日本料理,,japanese,tb,True
miyagi/watari,111,めん六や 宮城亘理店,うどん、そば、ラーメン,,noodles,tb,True
miyagi/watari,112,焼肉処つたや,焼肉,,meat,tb,True
miyagi/watari,113,Hama Sushi,,Japanese;Sushi,seafood,ta,True
miyagi/watari,114,Domburitei Matsumoto,,Japanese;Seafood;Japanese - Other ,seafood,ta,True
miyagi/watari,115,Seafood Taikai,,Japanese;Seafood;Japanese - Other ,seafood,ta,True
miyagi/watari,116,Del Sole,,Italian,european,ta,True
miyagi/watari,117,Komanjo,,Chinese,chinese,ta,True
miyagi/watari,118,Route Sixty Six,,Cafe,cafe,ta,True
miyagi/watari,119,Miharu,,Chinese,chinese,ta,True
miyagi/watari,120,Hormone Daiwa,,Barbecue,meat,ta,True
miyagi/watari,121,Seafood Kaisenzushi Ichimaru,,Japanese;Seafood;Sushi,seafood,ta,True
miyagi/watari,122,Togoro,,Japanese;Barbecue,meat,ta,True
miyagi/watari,123,Ajizammai,,Japanese;Sushi;Japanese - Traditional Cuisine,seafood,ta,True
miyagi/watari,124,Yakiniku Dokorotsutaya,,Japanese;Barbecue,meat,ta,True
miyagi/watari,125,Tanryuhanten,,Japanese;Japanese - Other ,japanese,ta,True
miyagi/watari,126,Chinese House Ota,,Chinese,chinese,ta,True
miyagi/watari,127,Hongoya,,Japanese;Japanese - Other ,japanese,ta,True
miyagi/watari,128,Ton Chan Daruma,,Japanese,japanese,ta,True
miyagi/watari,129,Yokaro Sushi,,Japanese;Seafood;Sushi;Japanese - Other ,seafood,ta,True
miyagi/watari,130,Ton Chan Aozora,,Barbecue,meat,ta,True
miyagi/watari,131,Kitcho,,International,other,none,False
miyagi/watari,132,食堂福,,Japanese,japanese,ta,True
miyagi/watari,133,Ramen Furusato,,,other,none,False
miyagi/watari,134,Mizu Keshiki,,,other,none,False
miyagi/watari,135,Limoges Pastry,,,other,none,False
miyagi/watari,136,Yukimura,,Fusion,other,none,False
miyagi/watari,137,Uta Kurabu,,International,other,none,False
miyagi/watari,138,Big Boy Watari,,,other,none,False
miyagi/watari,139,Menyashu Bokirin,,,other,none,False
miyagi/watari,140,Hungry Cats,,,other,none,False
miyagi/watari,141,Tomato,,Fusion,other,none,False
miyagi/watari,142,Izakaya Murasaki Watari,,Japanese,japanese,ta,True
miyagi/watari,143,Pasta Copan Watari,,Italian,european,ta,True
miyagi/watari,144,作間屋 支店,,,other,none,False
miyagi/watari,145,Joanna Pastry,,,other,none,False
miyagi/watari,146,Otsuki Pastry,,,other,none,False
miyagi/watari,147,Tsubametei,,,other,none,False
miyagi/watari,148,Burotodorufu,,,other,none,False
miyagi/watari,149,Meal Processing Daimon,,,other,none,False
miyagi/watari,150,Story Diet Building Okei,,,other,none,False
miyagi/watari,151,Takenohana,,,other,none,False
miyagi/watari,152,Izakaya Soul Onma,,,other,none,False
miyagi/watari,153,Ramen Sendai,,,other,none,False
miyagi/watari,154,Song Studio Kizuna,,International;Pub,izakaya,ta,True
miyagi/yamamoto,1,田園 山元店,海鮮、丼、寿司,,seafood,tb,True
miyagi/yamamoto,2,濃厚タンメン トミー,ラーメン,,noodles,tb,True
miyagi/yamamoto,3,魚や たけだ,弁当、海鮮,,casual,tb,True
miyagi/yamamoto,4,ベリーベリーラボ,カフェ,,cafe,tb,True
miyagi/yamamoto,5,金ちゃんラーメン,ラーメン,,noodles,tb,True
miyagi/yamamoto,6,和食・そば処 蕃山 山元店,そば,,noodles,tb,True
miyagi/yamamoto,7,プチット ジョア,ケーキ、かき氷、カフェ,,sweets,tb,True
miyagi/yamamoto,8,プチットジョアストーリーズ,ジェラート・アイスクリーム,,sweets,tb,True
miyagi/yamamoto,9,MIGAKI FARM CAFE 山元店,カフェ、フルーツパーラー、ケーキ,,cafe,tb,True
miyagi/yamamoto,10,結工房,カフェ,,cafe,tb,True
miyagi/yamamoto,11,ラーメン せん家 山元店,ラーメン、餃子,,noodles,tb,True
miyagi/yamamoto,12,旬魚酒房 金八,寿司、海鮮、海鮮丼,,seafood,tb,True
miyagi/yamamoto,13,ブロート ドルフ,パン,,sweets,tb,True
miyagi/yamamoto,14,お食事処・酒房 つばめ,食堂,,casual,tb,True
miyagi/yamamoto,15,そばきり八寸 長常,そば,,noodles,tb,True
miyagi/yamamoto,16,レストラン　わか菜,オムライス、ピザ、郷土料理,,european,tb,True
miyagi/yamamoto,17,焼肉大東仙,焼肉,,meat,tb,True
miyagi/yamamoto,18,杜のかまど,パン,,sweets,tb,True
miyagi/yamamoto,19,とんちゃんニッパチ,ホルモン、焼肉,,meat,tb,True
miyagi/yamamoto,20,やまもと夢いちごの郷,その他,,other,none,False
miyagi/yamamoto,21,ラーメン 三味,ラーメン,,noodles,tb,True
miyagi/yamamoto,22,イチゴ ワールド,その他,,other,none,False
miyagi/yamamoto,23,中華料理 濃河,中華料理、ラーメン,,chinese,tb,True
miyagi/yamamoto,24,山元いちご農園,その他,,other,none,False
miyagi/yamamoto,25,そば一ばん,そば,,noodles,tb,True
miyagi/yamamoto,26,ネギ・イタリ家,パスタ、ピザ,,european,tb,True
miyagi/yamamoto,27,深山,弁当,,casual,tb,True
miyagi/yamamoto,28,アンテナショップ 葡萄の杜 まるた,ジューススタンド,,cafe,tb,True
miyagi/yamamoto,29,casano-va,パン,,sweets,tb,True
miyagi/yamamoto,30,九州ラーメン たかさき屋,ラーメン,,noodles,tb,True
miyagi/yamamoto,31,大衆酒場 居酒屋けん,ホルモン、居酒屋、食堂,,meat,tb,True
miyagi/yamamoto,32,e/l café au lait,カフェ、喫茶店,,cafe,tb,True
miyagi/yamamoto,33,田所食品株式会社,その他,,other,none,False
miyagi/yamamoto,34,カフェ地球村,喫茶店,,cafe,tb,True
miyagi/yamamoto,35,フレスコキクチ 山下駅前店,コンビニ・スーパー,,daily,tb,True
miyagi/yamamoto,36,LAWSON 山元町山寺店,コンビニ・スーパー,,daily,tb,True
miyagi/yamamoto,37,夢工房やまもとバーム,バームクーヘン,,other,none,False
miyagi/yamamoto,38,ホルモン 貴,焼肉、ホルモン,,meat,tb,True
miyagi/yamamoto,39,燦燦園,その他,,other,none,False
miyagi/yamamoto,40,イマール・モンデ,洋菓子,,sweets,tb,True
miyagi/yamamoto,41,FiNE,コーヒースタンド,,cafe,tb,True
miyagi/yamamoto,42,喫茶 遊,喫茶店、カフェ,,cafe,tb,True
miyagi/yamamoto,43,やまもと夢ファーム,その他,,other,none,False
miyagi/yamamoto,44,宮城野ゴルフクラブ,その他、レストラン,,other,none,False
miyagi/yamamoto,45,パン処 ひととせ,パン,,sweets,tb,True
miyagi/yamamoto,46,きく邑,弁当,,casual,tb,True
miyagi/yamamoto,47,岩佐海苔店,その他,,other,none,False
miyagi/yamamoto,48,佐藤蒟蒻店,その他,,other,none,False
miyagi/yamamoto,49,RORO’s NAPOLITAN,イタリアン,,european,tb,True
miyagi/yamamoto,50,やまうち農園,その他,,other,none,False
miyagi/yamamoto,51,畑楽,その他,,other,none,False
miyagi/yamamoto,52,古民家カフェ ゆるり,カフェ,,cafe,tb,True
miyagi/yamamoto,53,やまもとファームみらい野 直売所,その他,,other,none,False
miyagi/yamamoto,54,森の香,レストラン,,other,none,False
miyagi/yamamoto,55,Berry Very Labo,,,other,none,False
miyagi/yamamoto,56,Ramen Shop Yamamoto,,,other,none,False
miyagi/yamamoto,57,Petite Joie,,,other,none,False
miyagi/yamamoto,58,Michikusa,,Japanese,japanese,ta,True
miyagi/yamamoto,59,Yakitori Jin,,Japanese;Japanese - Other ,japanese,ta,True
miyagi/yamamoto,60,Sakuraoshokujitei Izakaya,,Japanese;Izakaya (Japanese Style Tavern),izakaya,ta,True
miyagi/yamamoto,61,Nandaya Hormones,,Barbecue,meat,ta,True
miyagi/yamamoto,62,Michinokuan,,,other,none,False
miyagi/yamamoto,63,Tsutsumiya Yamashita Ekimae,,,other,none,False
miyagi/yamamoto,64,Ramen Zanmai,,,other,none,False
miyagi/yamamoto,65,Tea Yu,,Cafe,cafe,ta,True
miyagi/yamamoto,66,Buckwheat Noodle Ichiban,,Japanese;Japanese - Other ,japanese,ta,True
miyagi/yamamoto,67,Incense of Forest,,Japanese;International;Japanese - Other ,japanese,ta,True
miyagi/yamamoto,68,Candy Store Pooh San,,,other,none,False
miyagi/yamamoto,69,Cafe Orata,,,other,none,False
miyagi/yamamoto,70,Ushinoya,,Japanese,japanese,ta,True
miyagi/yamamoto,71,Chirorin Mura,,Cafe,cafe,ta,True
miyagi/yamamoto,72,Event Project,,,other,none,False
miyagi/zao,1,中華亭 分店,ラーメン,,noodles,tb,True
miyagi/zao,2,蔵王 手打ちそば 新楽,そば、ラーメン,,noodles,tb,True
miyagi/zao,3,チーズキャビン,洋菓子、ジューススタンド、パン,,sweets,tb,True
miyagi/zao,4,チーズ・シェッド,パスタ、ピザ、カレー,,european,tb,True
miyagi/zao,5,Zao Boo,ハンバーガー、カフェ,,casual,tb,True
miyagi/zao,6,麺王 みらい 円田店,ラーメン,,noodles,tb,True
miyagi/zao,7,ヨーグルト工房  Atreyu,カフェ、ソフトクリーム,,cafe,tb,True
miyagi/zao,8,匠庵,そば,,noodles,tb,True
miyagi/zao,9,corrot.,カフェ、ケーキ、イタリアン,,cafe,tb,True
miyagi/zao,10,らーめん家,ラーメン,,noodles,tb,True
miyagi/zao,11,自然薯とろろ専門店 蔵王 小妻坂山,麦とろ,,other,none,False
miyagi/zao,12,醤油ラーメン専門店 京都ラーメン 草創,ラーメン,,noodles,tb,True
miyagi/zao,13,森の芽ぶき たまご舎 蔵王本店,オムライス、親子丼、カフェ,,european,tb,True
miyagi/zao,14,蔵王山頂レストハウス,郷土料理、かつ丼、食堂,,japanese,tb,True
miyagi/zao,15,樹の里,そば、ピザ,,noodles,tb,True
miyagi/zao,16,ゼルコバ,ステーキ、牛料理、ハンバーグ,,meat,tb,True
miyagi/zao,17,BRING,パン,,sweets,tb,True
miyagi/zao,18,クロスロード,カフェ,,cafe,tb,True
miyagi/zao,19,チーズハウス,チーズ料理、ソフトクリーム、カフェ,,sweets,tb,False
miyagi/zao,20,賛久庵,そば、とんかつ、食堂,,noodles,tb,True
miyagi/zao,21,蔵王湯けむりプリン,プリン、洋菓子,,sweets,tb,False
miyagi/zao,22,えんそう,ハンバーグ、うどん、中華料理,,meat,tb,True
miyagi/zao,23,とんかつ あき,とんかつ、かつ丼、うなぎ,,meat,tb,True
miyagi/zao,24,別邸 山風木,日本料理、オーベルジュ,,japanese,tb,True
miyagi/zao,25,アトリエデリス,洋菓子、フレンチ、パン,,sweets,tb,True
miyagi/zao,26,石臼挽き手打ちそば おおみ,そば、天ぷら、うどん,,noodles,tb,True
miyagi/zao,27,808ドットミニ イコマファーム,カフェ,,cafe,tb,True
miyagi/zao,28,ぶなの森,イタリアン、パスタ、ピザ,,european,tb,True
miyagi/zao,29,Zao樹のなか 採りたてやさいとチーズケーキ,ケーキ、カフェ,,sweets,tb,True
miyagi/zao,30,蔵王ブルーベリー農園 レストハウス,カフェ、ジェラート・アイスクリーム,,cafe,tb,True
miyagi/zao,31,麺王みらい 宮店,ラーメン,,noodles,tb,True
miyagi/zao,32,炭火焼肉 まほろば,焼肉,,meat,tb,True
miyagi/zao,33,玉浦屋,和菓子、ケーキ,,sweets,tb,True
miyagi/zao,34,宮寿司,寿司,,seafood,tb,True
miyagi/zao,35,喰い処 あいざわ,海鮮、丼,,seafood,tb,True
miyagi/zao,36,蔵王樹氷庵,海鮮、日本料理,,seafood,tb,True
miyagi/zao,37,鳥 みこし,居酒屋、食堂,,izakaya,tb,True
miyagi/zao,38,番や,郷土料理、居酒屋,,japanese,tb,True
miyagi/zao,39,はせがわ屋,その他、ジェラート・アイスクリーム、豆腐料理,,sweets,tb,False
miyagi/zao,40,そば処 飛鳥,そば,,noodles,tb,True
miyagi/zao,41,蔵王とうふ,パン、ドーナツ,,sweets,tb,True
miyagi/zao,42,レストランえぼし,ハンバーグ、カレー,,meat,tb,True
miyagi/zao,43,蜂蜜屋 六方,カフェ,,cafe,tb,True
miyagi/zao,44,ZAZAO,カフェ、バー,,cafe,tb,True
miyagi/zao,45,鰹の本気 白石店,ラーメン,,noodles,tb,True
miyagi/zao,46,くぬぎ庵,麺類,,noodles,tb,True
miyagi/zao,47,蔵王山頂レストハウス 売店,郷土料理、食堂、スイーツ,,japanese,tb,True
miyagi/zao,48,ハラールカレーレストラン,インド料理,,curry,tb,True
miyagi/zao,49,えんがわ茶屋 やまびこ,カフェ,,cafe,tb,True
miyagi/zao,50,cafe ienoakari,カフェ,,cafe,tb,True
miyagi/zao,51,さかい珈琲 蔵王山水苑前店,喫茶店,,cafe,tb,True
miyagi/zao,52,アクティブリゾーツ 宮城蔵王,日本料理、レストラン,,japanese,tb,True
miyagi/zao,53,慢瑤茶,喫茶店、カフェ、台湾料理,,cafe,tb,True
miyagi/zao,54,蔵王すずしろ,その他,,other,none,False
miyagi/zao,55,味彩,ラーメン、食堂,,noodles,tb,True
miyagi/zao,56,和風れすとらん正六,寿司、麺類、ラーメン,,seafood,tb,True
miyagi/zao,57,蔵王わくわくファーム 農家レストラン,スープカレー、パスタ、ピザ,,curry,tb,True
miyagi/zao,58,ル・ココン,カフェ,,cafe,tb,True
miyagi/zao,59,ケーキ蔵王牧場,パン,,sweets,tb,True
miyagi/zao,60,まほろばの湯,その他,,other,none,False
miyagi/zao,61,花みず木,居酒屋,,izakaya,tb,True
miyagi/zao,62,宮城蔵王カントリークラブ,その他,,other,none,False
miyagi/zao,63,MOKU,食堂,,casual,tb,True
miyagi/zao,64,ざおう食堂,食堂、居酒屋,,casual,tb,True
miyagi/zao,65,山ぼうし,そば、カレー、釜飯,,noodles,tb,True
miyagi/zao,66,産直市場みんな野,その他,,other,none,False
miyagi/zao,67,翠嶺亭,そば,,noodles,tb,True
miyagi/zao,68,木村商店,その他,,other,none,False
miyagi/zao,69,こまくさ平,郷土料理、ラーメン,,japanese,tb,True
miyagi/zao,70,いいかわ屋,ラーメン、かつ丼、うどん,,noodles,tb,True
miyagi/zao,71,遊季亭まるふく,そば,,noodles,tb,True
miyagi/zao,72,十割蕎麦 薫風,そば,,noodles,tb,True
miyagi/zao,73,杜空館,麺類,,noodles,tb,True
miyagi/zao,74,蔵王 山荷葉,レストラン,,other,none,False
miyagi/zao,75,蔵王Kitchenさんく,カフェ,,cafe,tb,True
miyagi/zao,76,ホテル蔵王メッツ,フレンチ、オーベルジュ,,european,tb,True
miyagi/zao,77,蔵王料理のうらく伸,居酒屋、海鮮、郷土料理,,izakaya,tb,True
miyagi/zao,78,菜食 左ェ門,創作料理,,japanese,tb,True
miyagi/zao,79,ウインドスクエア,洋食、ハンバーグ、喫茶店,,european,tb,True
miyagi/zao,80,あ～ら 蔵王の芽ぶき市場だっちゃ,その他,,other,none,False
miyagi/zao,81,蔵王ハートランド手作り体験館,その他,,other,none,False
miyagi/zao,82,会田菓子店,和菓子,,sweets,tb,True
miyagi/zao,83,ダイニング「コの字」,日本料理,,japanese,tb,True
miyagi/zao,84,高原レストラン,食堂、焼きそば、カレー,,casual,tb,True
miyagi/zao,85,SUZUKI BAKERY,パン,,sweets,tb,True
miyagi/zao,86,食事とこけしの店 よしまつ,食堂,,casual,tb,True
miyagi/zao,87,大空Cafe,カフェ,,cafe,tb,True
miyagi/zao,88,森とそよ風,ビュッフェ,,casual,tb,True
miyagi/zao,89,セブンイレブン 遠刈田温泉店,コンビニ・スーパー,,daily,tb,True
miyagi/zao,90,小料理はなのや,日本料理,,japanese,tb,True
miyagi/zao,91,居酒屋 やかた,居酒屋,,izakaya,tb,True
miyagi/zao,92,リバーサイド,喫茶店,,cafe,tb,True
miyagi/zao,93,喫茶キャロル,喫茶店、ジェラート・アイスクリーム,,cafe,tb,True
miyagi/zao,94,カトー青果,その他,,other,none,False
miyagi/zao,95,レストランかもしか,ラーメン、カレー,,noodles,tb,True
miyagi/zao,96,黄金川温泉,その他,,other,none,False
miyagi/zao,97,岩盤浴　すみかわ,レストラン,,other,none,False
miyagi/zao,98,セブンイレブン 蔵王遠刈田店,コンビニ・スーパー,,daily,tb,True
miyagi/zao,99,ピッツァハウス 富夢想野,ピザ,,european,tb,True
miyagi/zao,100,カフェ マーノ,カフェ,,cafe,tb,True
miyagi/zao,101,居酒屋 たぬき,居酒屋,,izakaya,tb,True
miyagi/zao,102,フレッシュマート たかの,惣菜・デリ、弁当、おにぎり,,casual,tb,True
miyagi/zao,103,レストハウスくもわくテラス,食堂、ジンギスカン、カフェ,,casual,tb,True
miyagi/zao,104,みやぎ蔵王ゆうきや,その他,,other,none,False
miyagi/zao,105,チェリー,カフェ、パスタ,,cafe,tb,True
miyagi/zao,106,蔵王売店,その他,,other,none,False
miyagi/zao,107,室野井果実園,その他,,other,none,False
miyagi/zao,108,CHEESE ATELIER MOZZAO,その他,,other,none,False
miyagi/zao,109,フレスコキクチ 蔵王店,コンビニ・スーパー,,daily,tb,True
miyagi/zao,110,菓子処 いとう,和菓子,,sweets,tb,True
miyagi/zao,111,味処 夢や,食堂、そば、揚げ物,,casual,tb,True
miyagi/zao,112,セブンイレブン 宮城蔵王バイパス店,コンビニ・スーパー,,daily,tb,True
miyagi/zao,113,やきとり蔵,焼き鳥,,meat,tb,True
miyagi/zao,114,くるみ食堂,洋食、カレー,,european,tb,True
miyagi/zao,115,もみじ亭,カフェ、弁当、ジェラート・アイスクリーム,,cafe,tb,True
miyagi/zao,116,K9 PARK,その他,,other,none,False
miyagi/zao,117,ツルハドラック 宮城蔵王店,その他,,other,none,False
miyagi/zao,118,食事処 茶屋,食堂,,casual,tb,True
miyagi/zao,119,ファミリーマート 宮城蔵王町店,コンビニ・スーパー,,daily,tb,True
miyagi/zao,120,いろり焼　松柏亭　 宮城蔵王ロイヤルホテル,郷土料理,,japanese,tb,True
miyagi/zao,121,梅の家,甘味処,,sweets,tb,True
miyagi/zao,122,割烹会席料理まほろば,日本料理,,japanese,tb,True
miyagi/zao,123,ペンション 山の家 ラピス,その他,,other,none,False
miyagi/zao,124,ひとめぼれ酒本舗,その他,,other,none,False
miyagi/zao,125,グラットンカフェ＆イザック,居酒屋、カフェ,,izakaya,tb,True
miyagi/zao,126,ファッションイン 津田屋,その他,,other,none,False
miyagi/zao,127,小次郎,日本料理,,japanese,tb,True
miyagi/zao,128,佐藤果樹園,その他,,other,none,False
miyagi/zao,129,蔵王爽清市場,その他,,other,none,False
miyagi/zao,130,白鳥ファーム,その他,,other,none,False
miyagi/zao,131,バイオファーム 蔵王,その他,,other,none,False
miyagi/zao,132,福田果樹園,その他,,other,none,False
miyagi/zao,133,LAWSON 蔵王曲竹店,コンビニ・スーパー,,daily,tb,True
miyagi/zao,134,居酒屋きてみよ,居酒屋,,izakaya,tb,True
miyagi/zao,135,ペンション コットンくらぶ,ホテル,,other,none,False
miyagi/zao,136,酒肴処うみぼうず,居酒屋,,izakaya,tb,True
miyagi/zao,137,ジャックスヴィレッジ,その他,,other,none,False
miyagi/zao,138,Tamagoya Zao honten,,Cafe;Contemporary,cafe,ta,True
miyagi/zao,139,Restaurant Baeltz,,International,other,none,False
miyagi/zao,140,Zao Dairy Center Cheese House,,Cafe;International,cafe,ta,True
miyagi/zao,141,Kuidokoro Aizawa,,Japanese;Seafood;Japanese - Other ,seafood,ta,True
miyagi/zao,142,Shoan,,Japanese;Japanese - Other ,japanese,ta,True
miyagi/zao,143,Chukatei Bunten,,,other,none,False
miyagi/zao,144,Keyaki Shokudo,,,other,none,False
miyagi/zao,145,Coffee Restaurant Enso,,International;European,european,ta,True
miyagi/zao,146,Sankuan,,,other,none,False
miyagi/zao,147,Zao Soba Shinraku,,,other,none,False
miyagi/zao,148,Miya Zushi,,Japanese;Seafood;Sushi;Japanese - Other ,seafood,ta,True
miyagi/zao,149,Zao Yamano Sobaya,,,other,none,False
miyagi/zao,150,Meno Mirai Miya,,Asian,chinese,ta,True
miyagi/zao,151,Yonezawa Beef Charcoal Grilled Bekoya,,,other,none,False
miyagi/zao,152,Japanese Restaurant Shoroku,,Japanese,japanese,ta,True
miyagi/zao,153,Mochimochi No Ki Shiraishi Zao,,Asian,chinese,ta,True
miyagi/zao,154,Shiroishi Umenchaya,,Japanese,japanese,ta,True
miyagi/zao,155,ラフォーレ蔵王,,Japanese,japanese,ta,True
miyagi/zao,156,Juwari Soba Kumpu,,,other,none,False
miyagi/zao,157,Tamauraya Pastry,,,other,none,False
miyagi/zao,158,Sakesakana Dokoro Umibozu,,Japanese;Izakaya (Japanese Style Tavern),izakaya,ta,True
miyagi/zao,159,Suireitei,,Japanese;Japanese - Other ,japanese,ta,True
miyagi/zao,160,Marutama Shokudo,,Japanese;International;Japanese - Other ,japanese,ta,True
miyagi/zao,161,Ramen Shop Zao,,Asian,chinese,ta,True
miyagi/zao,162,Pizza Restaurant Tom Sawyer,,Italian,european,ta,True
miyagi/zao,163,Teuchi Soba Yamanami,,Japanese;Japanese - Other ,japanese,ta,True
miyagi/zao,164,Zelkova,,,other,none,False
miyagi/zao,165,Himawaritei,,,other,none,False
miyagi/zao,166,Mamma Millenia,,Italian,european,ta,True
miyagi/zao,167,Cafe Taiken Kobo Tokuukan,,Cafe,cafe,ta,True
miyagi/zao,168,Yakiniku Ran,,Barbecue,meat,ta,True
miyagi/zao,169,Hanamizuki,,Japanese - Other ,japanese,ta,True
miyagi/zao,170,Restaurant Konterra,,French,european,ta,True
miyagi/zao,171,Shin the Back of Zao Cuisine,,Japanese;Izakaya (Japanese Style Tavern),izakaya,ta,True
miyagi/zao,172,Petit Pension Cosmos,,Fusion,other,none,False
miyagi/zao,173,Restaurant Toge,,Japanese,japanese,ta,True
miyagi/zao,174,Seishincha Kaiseki Setsugetsuka Rikyuan,,Japanese;Japanese - Traditional Cuisine;Kaiseki,japanese,ta,True
miyagi/zao,175,Midoriya,,Japanese - Other ,japanese,ta,True
miyagi/zao,176,Koryori Mikoshi,,Japanese - Traditional Cuisine,other,none,False
miyagi/zao,177,Zao Direct Marketing Market Restaurants Kamazawa,,Japanese;International;Japanese - Other ,japanese,ta,True
miyagi/zao,178,Cooking Kaiseki Cuisine Mahoroba,,Japanese;International;Kappo,japanese,ta,True
miyagi/zao,179,丸一食堂,,Japanese,japanese,ta,True
miyagi/zao,180,Wind Square,,Fusion,other,none,False
miyagi/zao,181,Resort Inn Zaomets,,French,european,ta,True
miyagi/zao,182,Misuzuzushi,,Japanese;Sushi,seafood,ta,True
miyagi/zao,183,Genghis Khan Yakiniku Nabeya,,Japanese,japanese,ta,True
miyagi/zao,184,Tenguyama,,,other,none,False
miyagi/zao,185,Ishii Hisayoshi Pastry,,,other,none,False
miyagi/zao,186,Chikyuya,,,other,none,False
miyagi/zao,187,Nebuta,,,other,none,False
miyagi/zao,188,Sosaku Yofu Restaurant Kurafuto,,,other,none,False
miyagi/zao,189,Takesui,,,other,none,False
miyagi/zao,190,Cafe Restaurant Yasaka,,,other,none,False
miyagi/zao,191,Howaito Radisshu,,,other,none,False
miyagi/zao,192,Mokkiri Nomi Kuidokoro,,Japanese;Izakaya (Japanese Style Tavern),izakaya,ta,True
miyagi/zao,193,Kanehana,,,other,none,False
miyagi/zao,194,Shiroishi Ommen Suzuran,,,other,none,False
miyagi/zao,195,Mendokoro Aosate,,,other,none,False
