miyagi/higashimatsushima|Dining|1,ピーコック,r2-hash-vs-listing:https://tblg.k-img.com/restaurant/images/Rvw/376002/640x640_rect_222f09daa29d3af95e52c3c316d5d743.jpg,card photo belonged to another card (photo-shift fix); own listing photo not on R2,hubfix-all,ピーコック,https://tabelog.com/miyagi/A0404/A040404/4005823/
miyagi/higashimatsushima|Dining|22,旨い食処　あごら,r2-hash-vs-listing:https://tblg.k-img.com/restaurant/images/Rvw/293638/640x640_rect_e7512e0f9df7fe6fcd81cb54bf34cf49.jpg,card photo belonged to another card (photo-shift fix); own listing photo not on R2,hubfix-all,旨い食処　あごら,https://tabelog.com/miyagi/A0404/A040404/4017190/
miyagi/higashimatsushima|Dining|32,こばると,r2-hash-vs-listing:https://tblg.k-img.com/restaurant/images/Rvw/384713/640x640_rect_e676c9b12adb2801abe2da4f97e2d688.jpg,card photo belonged to another card (photo-shift fix); own listing photo not on R2,hubfix-all,こばると,https://tabelog.com/miyagi/A0404/A040404/4006403/
miyagi/higashimatsushima|Dining|39,パン工房 コナリナ,r2-hash-vs-listing:https://tblg.k-img.com/restaurant/images/Rvw/282016/640x640_rect_a42c191740c8578b25341530a0752e47.jpg,card photo belonged to another card (photo-shift fix); own listing photo not on R2,hubfix-all,パン工房 コナリナ,https://tabelog.com/miyagi/A0404/A040404/4023208/
miyagi/higashimatsushima|Dining|46,青い町のぷらっとホーム,r2-hash-vs-listing:https://tblg.k-img.com/restaurant/images/Rvw/263810/640x640_rect_b8e94ec8f843ea9f65e41eff792aa2a3.jpg,card photo belonged to another card (photo-shift fix); own listing photo not on R2,hubfix-all,青い町のぷらっとホーム,https://tabelog.com/miyagi/A0404/A040404/4028308/
miyagi/higashimatsushima|Dining|58,紅龍,r2-hash-vs-listing:https://tblg.k-img.com/restaurant/images/Rvw/19620/640x640_rect_19620090.jpg,card photo belonged to another card (photo-shift fix); own listing photo not on R2,hubfix-all,紅龍,https://tabelog.com/miyagi/A0404/A040404/4003782/
miyagi/higashimatsushima|Dining|69,喫茶去 HaMa,r2-hash-vs-listing:https://tblg.k-img.com/restaurant/images/Rvw/223219/640x640_rect_8ec261220ce53dbaff1c93c721cbdecf.jpg,card photo belonged to another card (photo-shift fix); own listing photo not on R2,hubfix-all,喫茶去 HaMa,https://tabelog.com/miyagi/A0404/A040404/4025797/
miyagi/higashimatsushima|Dining|71,ジョイフル 石巻インター店,r2-hash-vs-listing:https://tblg.k-img.com/resize/640x640c/restaurant/images/Rvw/356069/6c4dafffa7f26faff2f930b4db41de10.jpg?token=df17f71&api=v2,card photo belonged to another card (photo-shift fix); own listing photo not on R2,hubfix-all,ジョイフル 石巻インター店,https://tabelog.com/miyagi/A0404/A040403/4013354/
miyagi/higashimatsushima|Dining|75,イートハウス,r2-hash-vs-listing:https://tblg.k-img.com/restaurant/images/Rvw/49815/640x640_rect_49815923.jpg,card photo belonged to another card (photo-shift fix); own listing photo not on R2,hubfix-all,イートハウス,https://tabelog.com/miyagi/A0404/A040403/4012573/
miyagi/higashimatsushima|Dining|94,ビアベースカンパネラ,r2-hash-vs-listing:https://tblg.k-img.com/restaurant/images/Rvw/317669/640x640_rect_728bbc6eee14ea660a2a03515a8f136d.jpg,card photo belonged to another card (photo-shift fix); own listing photo not on R2,hubfix-all,ビアベースカンパネラ,https://tabelog.com/miyagi/A0404/A040404/4026957/
miyagi/higashimatsushima|Dining|115,サイゼリヤ イオンタウン矢本店,r2-hash-vs-listing:https://tblg.k-img.com/resize/640x640c/restaurant/images/Rvw/43296/43296144.jpg?token=79fa6ae&api=v2,card photo belonged to another card (photo-shift fix); own listing photo not on R2,hubfix-all,サイゼリヤ イオンタウン矢本店,https://tabelog.com/miyagi/A0404/A040404/4011683/
miyagi/higashimatsushima|Dining|136,後藤水産,r2-hash-vs-listing:https://tblg.k-img.com/resize/640x640c/restaurant/images/Rvw/162014/162014898.jpg?token=8efdf65&api=v2,card photo belonged to another card (photo-shift fix); own listing photo not on R2,hubfix-all,後藤水産,https://tabelog.com/miyagi/A0404/A040404/4025070/
miyagi/ishinomaki|Dining|1,味彩しん家,r2-hash-vs-listing:https://tblg.k-img.com/restaurant/images/Rvw/162436/640x640_rect_162436447.jpg,card photo belonged to another card (photo-shift fix); own listing photo not on R2,hubfix-all,味彩しん家,https://tabelog.com/miyagi/A0404/A040403/4018201/
miyagi/ishinomaki|Dining|21,黄金寿司,r2-hash-vs-listing:https://tblg.k-img.com/resize/640x640c/restaurant/images/Rvw/300404/da56e75cbed0821b83078383ec9bbc2e.jpg?token=38331e8&api=v2,card photo belonged to another card (photo-shift fix); own listing photo not on R2,hubfix-all,黄金寿司,https://tabelog.com/miyagi/A0404/A040403/4022436/
miyagi/ishinomaki|Dining|41,粟野蒲鉾店,r2-hash-vs-listing:https://tblg.k-img.com/resize/640x640c/restaurant/images/Rvw/358106/632c764ce053230a2e0ca3af893a284a.jpg?token=1eb6119&api=v2,card photo belonged to another card (photo-shift fix); own listing photo not on R2,hubfix-all,粟野蒲鉾店,https://tabelog.com/miyagi/A0404/A040403/4012496/
miyagi/ishinomaki|Dining|44,カフェ ブルーゾーン,r2-hash-vs-listing:https://tblg.k-img.com/resize/640x640c/restaurant/images/Rvw/6014/6014676.jpg?token=f352d8e&api=v2,card photo belonged to another card (photo-shift fix); own listing photo not on R2,hubfix-all,カフェ ブルーゾーン,https://tabelog.com/miyagi/A0404/A040403/4001937/
miyagi/ishinomaki|Dining|61,中国料理一龍,r2-hash-vs-listing:https://tblg.k-img.com/restaurant/images/Rvw/216424/640x640_rect_a7aace2c677084b28feead0224c639b7.jpg,card photo belonged to another card (photo-shift fix); own listing photo not on R2,hubfix-all,中国料理一龍,https://tabelog.com/miyagi/A0404/A040403/4008234/
miyagi/ishinomaki|Dining|63,ふなや,r2-hash-vs-listing:https://tblg.k-img.com/restaurant/images/Rvw/91329/640x640_rect_91329484.jpg,card photo belonged to another card (photo-shift fix); own listing photo not on R2,hubfix-all,ふなや,https://tabelog.com/miyagi/A0404/A040403/4012537/
miyagi/ishinomaki|Dining|65,仙臺油そばはてなプラス 石巻店,r2-hash-vs-listing:https://tblg.k-img.com/resize/640x640c/restaurant/images/Rvw/316573/931b1ca542bda380b1fff60c90a6a9d5.jpg?token=b30b753&api=v2,card photo belonged to another card (photo-shift fix); own listing photo not on R2,hubfix-all,仙臺油そばはてなプラス 石巻店,https://tabelog.com/miyagi/A0404/A040403/4026478/
miyagi/ishinomaki|Dining|79,牛たん　ほづみ,r2-hash-vs-listing:https://tblg.k-img.com/restaurant/images/Rvw/201834/640x640_rect_72eb6b608c94a8c80ff95a7bc2dbc919.jpg,card photo belonged to another card (photo-shift fix); own listing photo not on R2,hubfix-all,牛たん　ほづみ,https://tabelog.com/miyagi/A0404/A040403/4009165/
miyagi/ishinomaki|Dining|99,パンはパンでも…,r2-hash-vs-listing:https://tblg.k-img.com/resize/640x640c/restaurant/images/Rvw/359549/83d3f625c98eeb886e0ba079231b435a.jpg?token=3d27f1c&api=v2,card photo belonged to another card (photo-shift fix); own listing photo not on R2,hubfix-all,パンはパンでも…,https://tabelog.com/miyagi/A0404/A040403/4027971/
miyagi/ishinomaki|Dining|118,白謙 石巻本店,r2-hash-vs-listing:https://tblg.k-img.com/restaurant/images/Rvw/357708/640x640_rect_b64cf8b33c89ee36043536b2f35a7769.jpg,card photo belonged to another card (photo-shift fix); own listing photo not on R2,hubfix-all,白謙 石巻本店,https://tabelog.com/miyagi/A0404/A040403/4009470/
miyagi/ishinomaki|Dining|138,レストラン いち,r2-hash-vs-listing:https://tblg.k-img.com/restaurant/images/Rvw/360371/640x640_rect_6af5d1e5b558a6e530528ea4fcb49f77.jpg,card photo belonged to another card (photo-shift fix); own listing photo not on R2,hubfix-all,レストラン いち,https://tabelog.com/miyagi/A0404/A040403/4026224/
miyagi/ishinomaki|Dining|158,農家れすとらん お結び,r2-hash-vs-listing:https://tblg.k-img.com/restaurant/images/Rvw/349931/640x640_rect_6c8eb27d97920bbc789c752b765a9bf4.jpg,card photo belonged to another card (photo-shift fix); own listing photo not on R2,hubfix-all,農家れすとらん お結び,https://tabelog.com/miyagi/A0404/A040403/4021273/
miyagi/ishinomaki|Dining|178,麺・焼肉の店 きく一,r2-hash-vs-listing:https://tblg.k-img.com/restaurant/images/Rvw/188723/640x640_rect_90e9964d90914ba441b44dc065d91748.jpg,card photo belonged to another card (photo-shift fix); own listing photo not on R2,hubfix-all,麺・焼肉の店 きく一,https://tabelog.com/miyagi/A0404/A040403/4018540/
miyagi/ishinomaki|Dining|191,ムッシュ マスノ アルパジョン 石巻総本店,r2-hash-vs-listing:https://tblg.k-img.com/resize/640x640c/restaurant/images/Rvw/212824/3d71da2473ab66170482f43d8fa31a10.jpg?token=040d8cd&api=v2,card photo belonged to another card (photo-shift fix); own listing photo not on R2,hubfix-all,ムッシュ マスノ アルパジョン 石巻総本店,https://tabelog.com/miyagi/A0404/A040403/4018968/
miyagi/ishinomaki|Dining|196,とんかつ勝健,r2-hash-vs-listing:https://tblg.k-img.com/restaurant/images/Rvw/166262/640x640_rect_fe9719840a08bc5781706612019a1d2f.jpg,card photo belonged to another card (photo-shift fix); own listing photo not on R2,hubfix-all,とんかつ勝健,https://tabelog.com/miyagi/A0404/A040403/4008411/
miyagi/ishinomaki|Dining|216,三幸,r2-hash-vs-listing:https://tblg.k-img.com/restaurant/images/Rvw/205435/640x640_rect_aeccfecd8b4a09b3ae19d867387775c9.jpg,card photo belonged to another card (photo-shift fix); own listing photo not on R2,hubfix-all,三幸,https://tabelog.com/miyagi/A0404/A040403/4003286/
miyagi/ishinomaki|Dining|229,うまい鮨勘 石巻支店,r2-hash-vs-listing:https://tblg.k-img.com/restaurant/images/Rvw/382683/640x640_rect_24e723247a56b4ae41183aeccee2011f.jpg,card photo belonged to another card (photo-shift fix); own listing photo not on R2,hubfix-all,うまい鮨勘 石巻支店,https://tabelog.com/miyagi/A0404/A040403/4010807/
miyagi/ishinomaki|Dining|236,紅蘭,r2-hash-vs-listing:https://tblg.k-img.com/restaurant/images/Rvw/306813/640x640_rect_d3df78c7c56ec6f018066ce63232ce26.jpg,card photo belonged to another card (photo-shift fix); own listing photo not on R2,hubfix-all,紅蘭,https://tabelog.com/miyagi/A0404/A040403/4003745/
miyagi/ishinomaki|Dining|256,Cafe Larimar,r2-hash-vs-listing:https://tblg.k-img.com/restaurant/images/Rvw/275624/640x640_rect_09cd69cf3c7f80bb5292293735c2d121.jpg,card photo belonged to another card (photo-shift fix); own listing photo not on R2,hubfix-all,Cafe Larimar,https://tabelog.com/miyagi/A0404/A040403/4027588/
miyagi/ishinomaki|Dining|276,伊藤商店 石巻店,r2-hash-vs-listing:https://tblg.k-img.com/restaurant/images/Rvw/239832/640x640_rect_dd152914d3347304a56a091eb7edc184.jpg,card photo belonged to another card (photo-shift fix); own listing photo not on R2,hubfix-all,伊藤商店 石巻店,https://tabelog.com/miyagi/A0404/A040403/4018246/
miyagi/ishinomaki|Dining|294,上海楼,r2-hash-vs-listing:https://tblg.k-img.com/resize/640x640c/restaurant/images/Rvw/190529/c9361ff68c9b39a411577142e56db7d5.jpg?token=3ba757d&api=v2,card photo belonged to another card (photo-shift fix); own listing photo not on R2,hubfix-all,上海楼,https://tabelog.com/miyagi/A0404/A040403/4023751/
miyagi/ishinomaki|Dining|314,ツインクル,r2-hash-vs-listing:https://tblg.k-img.com/restaurant/images/Rvw/354701/640x640_rect_f0c9ceaa661a3cc22f91882ef2a69f2b.jpg,card photo belonged to another card (photo-shift fix); own listing photo not on R2,hubfix-all,ツインクル,https://tabelog.com/miyagi/A0404/A040403/4005257/
miyagi/ishinomaki|Dining|316,あおまる,r2-hash-vs-listing:https://tblg.k-img.com/restaurant/images/Rvw/260603/640x640_rect_00ab5cc4fd0b45b6d20d48535147bf15.jpg,card photo belonged to another card (photo-shift fix); own listing photo not on R2,hubfix-all,あおまる,https://tabelog.com/miyagi/A0404/A040403/4027505/
miyagi/ishinomaki|Dining|320,インドネパールレストラン サティ,r2-hash-vs-listing:https://tblg.k-img.com/restaurant/images/Rvw/356291/640x640_rect_2485444931fb3821b272dd2f22b3c4e2.jpg,card photo belonged to another card (photo-shift fix); own listing photo not on R2,hubfix-all,インドネパールレストラン サティ,https://tabelog.com/miyagi/A0404/A040403/4029164/
miyagi/ishinomaki|Dining|333,スシロー 石巻店,r2-hash-vs-listing:https://tblg.k-img.com/restaurant/images/Rvw/354946/640x640_rect_f80187f30d90554504dd9f4c089724c7.jpg,card photo belonged to another card (photo-shift fix); own listing photo not on R2,hubfix-all,スシロー 石巻店,https://tabelog.com/miyagi/A0404/A040403/4008371/
miyagi/ishinomaki|Dining|353,ラ・ロレット,r2-hash-vs-listing:https://tblg.k-img.com/resize/640x640c/restaurant/images/Rvw/170108/811761421d892d7c7b46c09b47c35047.jpg?token=196db94&api=v2,card photo belonged to another card (photo-shift fix); own listing photo not on R2,hubfix-all,ラ・ロレット,https://tabelog.com/miyagi/A0404/A040403/4010337/
miyagi/ishinomaki|Dining|373,White JiJi,r2-hash-vs-listing:https://tblg.k-img.com/restaurant/images/Rvw/188724/640x640_rect_44b430c6241bd4c156505be7a44801e1.jpg,card photo belonged to another card (photo-shift fix); own listing photo not on R2,hubfix-all,White JiJi,https://tabelog.com/miyagi/A0404/A040403/4025253/
miyagi/ishinomaki|Dining|384,らーめん堂　仙台っ子 石巻店,r2-hash-vs-listing:https://tblg.k-img.com/restaurant/images/Rvw/307559/640x640_rect_1cde689e8092b3dd8286ec996cc11f5b.jpg,card photo belonged to another card (photo-shift fix); own listing photo not on R2,hubfix-all,らーめん堂　仙台っ子 石巻店,https://tabelog.com/miyagi/A0404/A040403/4010352/
miyagi/ishinomaki|Dining|391,本田水産,r2-hash-vs-listing:https://tblg.k-img.com/restaurant/images/Rvw/184020/640x640_rect_9f6c77c8ebb5972c1b183561efd826de.jpg,card photo belonged to another card (photo-shift fix); own listing photo not on R2,hubfix-all,本田水産,https://tabelog.com/miyagi/A0404/A040403/4016781/
miyagi/ishinomaki|Dining|411,シエルエトワレ,r2-hash-vs-listing:https://tblg.k-img.com/restaurant/images/Rvw/330689/640x640_rect_57d0c6d724d85b84832c27541a3a2509.jpg,card photo belonged to another card (photo-shift fix); own listing photo not on R2,hubfix-all,シエルエトワレ,https://tabelog.com/miyagi/A0404/A040403/4016963/
miyagi/ishinomaki|Dining|423,みんなのカフェ ランラン フィシカント,r2-hash-vs-listing:https://tblg.k-img.com/restaurant/images/Rvw/386120/640x640_rect_670d10d95bed90e54091e8491769e019.jpg,card photo belonged to another card (photo-shift fix); own listing photo not on R2,hubfix-all,みんなのカフェ ランラン フィシカント,https://tabelog.com/miyagi/A0404/A040403/4019006/
miyagi/ishinomaki|Dining|431,割烹 小松,r2-hash-vs-listing:https://tblg.k-img.com/resize/640x640c/restaurant/images/Rvw/374294/e304c3cc2ca67e1d5d8a5716394c210d.jpg?token=dcb5653&api=v2,card photo belonged to another card (photo-shift fix); own listing photo not on R2,hubfix-all,割烹 小松,https://tabelog.com/miyagi/A0404/A040403/4021898/
miyagi/ishinomaki|Dining|451,ビーカフェ なつめ,r2-hash-vs-listing:https://tblg.k-img.com/restaurant/images/Rvw/288802/640x640_rect_b81f93bbd1fb841e23bc05074153a131.jpg,card photo belonged to another card (photo-shift fix); own listing photo not on R2,hubfix-all,ビーカフェ なつめ,https://tabelog.com/miyagi/A0404/A040403/4023316/
miyagi/ishinomaki|Dining|464,和牛乃亀山,r2-hash-vs-listing:https://tblg.k-img.com/resize/640x640c/restaurant/images/Rvw/184159/6c6e7f4606f99ccea064a961acd864ce.jpg?token=d3398bb&api=v2,card photo belonged to another card (photo-shift fix); own listing photo not on R2,hubfix-all,和牛乃亀山,https://tabelog.com/miyagi/A0404/A040403/4026103/
miyagi/ishinomaki|Dining|471,幸楽苑 大街道店,r2-hash-vs-listing:https://tblg.k-img.com/restaurant/images/Rvw/231237/640x640_rect_54e43367f35e94c67b87fca7b3c84d53.jpg,card photo belonged to another card (photo-shift fix); own listing photo not on R2,hubfix-all,幸楽苑 大街道店,https://tabelog.com/miyagi/A0404/A040403/4016797/
miyagi/ishinomaki|Dining|475,平禄寿司 宮城石巻東中里店,r2-hash-vs-listing:https://tblg.k-img.com/resize/640x640c/restaurant/images/Rvw/75981/75981916.jpg?token=d7b1dd8&api=v2,card photo belonged to another card (photo-shift fix); own listing photo not on R2,hubfix-all,平禄寿司 宮城石巻東中里店,https://tabelog.com/miyagi/A0404/A040403/4010550/
miyagi/ishinomaki|Dining|482,大阪王将 イオンモール石巻店,r2-hash-vs-listing:https://tblg.k-img.com/restaurant/images/Rvw/377608/640x640_rect_eda2c7a365bf9ea3994bad450d6537e6.jpg,card photo belonged to another card (photo-shift fix); own listing photo not on R2,hubfix-all,大阪王将 イオンモール石巻店,https://tabelog.com/miyagi/A0404/A040403/4028524/
miyagi/ishinomaki|Dining|491,紅ばら 生協蛇田店,r2-hash-vs-listing:https://tblg.k-img.com/resize/640x640c/restaurant/images/Rvw/218935/cb5ecb784fc705d8c89e9968e9ceab26.jpg?token=47608b7&api=v2,card photo belonged to another card (photo-shift fix); own listing photo not on R2,hubfix-all,紅ばら 生協蛇田店,https://tabelog.com/miyagi/A0404/A040403/4019898/
miyagi/ishinomaki|Dining|511,ファミリーマート 渡波栄田店,r2-hash-vs-listing:https://tblg.k-img.com/resize/640x640c/restaurant/images/Rvw/38691/38691904.jpg?token=da729bc&api=v2,card photo belonged to another card (photo-shift fix); own listing photo not on R2,hubfix-all,ファミリーマート 渡波栄田店,https://tabelog.com/miyagi/A0404/A040403/4016568/
miyagi/ishinomaki|Dining|531,ごはんや maman'chi,r2-hash-vs-listing:https://tblg.k-img.com/resize/640x640c/restaurant/images/Rvw/354055/c9c322f6ebd6bb3a38da910acb7e67a6.jpg?token=b1ed093&api=v2,card photo belonged to another card (photo-shift fix); own listing photo not on R2,hubfix-all,ごはんや maman'chi,https://tabelog.com/miyagi/A0404/A040403/4029895/
miyagi/ishinomaki|Dining|551,ケンタッキーフライドチキン イオンモール石巻店,r2-hash-vs-listing:https://tblg.k-img.com/restaurant/images/Rvw/195696/640x640_rect_da3c2989eb4cd6c2bed34ef78ab3ae7b.jpg,card photo belonged to another card (photo-shift fix); own listing photo not on R2,hubfix-all,ケンタッキーフライドチキン イオンモール石巻店,https://tabelog.com/miyagi/A0404/A040403/4012612/
miyagi/ishinomaki|Dining|571,モンペリエ 石巻中里店,r2-hash-vs-listing:https://tblg.k-img.com/restaurant/images/Rvw/30802/640x640_rect_30802768.jpg,card photo belonged to another card (photo-shift fix); own listing photo not on R2,hubfix-all,モンペリエ 石巻中里店,https://tabelog.com/miyagi/A0404/A040403/4014548/
miyagi/ishinomaki|Dining|591,やきとり 蛍,r2-hash-vs-listing:https://tblg.k-img.com/restaurant/images/Rvw/128678/640x640_rect_128678622.jpg,card photo belonged to another card (photo-shift fix); own listing photo not on R2,hubfix-all,やきとり 蛍,https://tabelog.com/miyagi/A0404/A040403/4022519/
miyagi/ishinomaki|Dining|598,モンペリエ ヨークベニマル中浦店,r2-hash-vs-listing:https://tblg.k-img.com/resize/640x640c/restaurant/images/Rvw/187113/2d53692d9ae2a42c7d9324bb06b3b3a5.jpg?token=ceb3c43&api=v2,card photo belonged to another card (photo-shift fix); own listing photo not on R2,hubfix-all,モンペリエ ヨークベニマル中浦店,https://tabelog.com/miyagi/A0404/A040403/4024410/
miyagi/ishinomaki|Dining|611,築地銀だこ イオン石巻店,r2-hash-vs-listing:https://tblg.k-img.com/restaurant/images/Rvw/295368/640x640_rect_9dfd1e22ea24508aef87bed95ce80854.jpg,card photo belonged to another card (photo-shift fix); own listing photo not on R2,hubfix-all,築地銀だこ イオン石巻店,https://tabelog.com/miyagi/A0404/A040403/4006069/
miyagi/ishinomaki|Dining|630,守谷フルーツ 本店,r2-hash-vs-listing:https://tblg.k-img.com/resize/640x640c/restaurant/images/Rvw/157401/157401329.jpg?token=5e2302c&api=v2,card photo belonged to another card (photo-shift fix); own listing photo not on R2,hubfix-all,守谷フルーツ 本店,https://tabelog.com/miyagi/A0404/A040403/4017891/
miyagi/ishinomaki|Dining|633,むぎ菓子店,r2-hash-vs-listing:https://tblg.k-img.com/restaurant/images/Rvw/314062/640x640_rect_8aa11e422520649633ba8cf729f33f03.jpg,card photo belonged to another card (photo-shift fix); own listing photo not on R2,hubfix-all,むぎ菓子店,https://tabelog.com/miyagi/A0403/A040303/4029231/
miyagi/ishinomaki|Dining|649,セブンイレブン 石巻渡波店,r2-hash-vs-listing:https://tblg.k-img.com/resize/640x640c/restaurant/images/Rvw/67673/67673181.jpg?token=2f6f0ea&api=v2,card photo belonged to another card (photo-shift fix); own listing photo not on R2,hubfix-all,セブンイレブン 石巻渡波店,https://tabelog.com/miyagi/A0404/A040403/4019000/
miyagi/ishinomaki|Dining|652,冬のおやつあじまん本舗 イオンスーパーセンター石巻東店,r2-hash-vs-listing:https://tblg.k-img.com/restaurant/images/Rvw/279481/640x640_rect_0804f31221c94e6fb707923893e2a45c.jpg,card photo belonged to another card (photo-shift fix); own listing photo not on R2,hubfix-all,冬のおやつあじまん本舗 イオンスーパーセンター石巻東店,https://tabelog.com/miyagi/A0404/A040403/4028641/
miyagi/ishinomaki|Dining|668,フレッシュ製パン,r2-hash-vs-listing:https://tblg.k-img.com/restaurant/images/Rvw/197040/640x640_rect_7438e9b912385cc5f3b9f91d02812b87.jpg,card photo belonged to another card (photo-shift fix); own listing photo not on R2,hubfix-all,フレッシュ製パン,https://tabelog.com/miyagi/A0404/A040403/4022739/
miyagi/ishinomaki|Dining|687,焼き鳥 翔輝,r2-hash-vs-listing:https://tblg.k-img.com/restaurant/images/Rvw/174110/640x640_rect_dcd5384624dd84e315e7da21d30aab62.jpg,card photo belonged to another card (photo-shift fix); own listing photo not on R2,hubfix-all,焼き鳥 翔輝,https://tabelog.com/miyagi/A0404/A040403/4024348/
miyagi/ishinomaki|Dining|699,四釜商店,r2-hash-vs-listing:https://tblg.k-img.com/restaurant/images/Rvw/379709/640x640_rect_2d8bf242ada5f1d6ea8c0aa005e3ab72.jpg,card photo belonged to another card (photo-shift fix); own listing photo not on R2,hubfix-all,四釜商店,https://tabelog.com/miyagi/A0404/A040403/4030382/
miyagi/ishinomaki|Dining|706,メープルテラス,r2-hash-vs-listing:https://tblg.k-img.com/restaurant/images/Rvw/367806/640x640_rect_ee5c07d9565b04a319619993fc5f1385.jpg,card photo belonged to another card (photo-shift fix); own listing photo not on R2,hubfix-all,メープルテラス,https://tabelog.com/miyagi/A0404/A040403/4030163/
miyagi/ishinomaki|Dining|709,瑠璃庵,r2-hash-vs-listing:https://tblg.k-img.com/restaurant/images/Rvw/353172/640x640_rect_c1bb273fdc596e57152f3de8b5133723.jpg,card photo belonged to another card (photo-shift fix); own listing photo not on R2,hubfix-all,瑠璃庵,https://tabelog.com/miyagi/A0404/A040403/4029919/
miyagi/ishinomaki|Dining|725,アンテナショップ パオ,r2-hash-vs-listing:https://tblg.k-img.com/restaurant/images/Rvw/261898/640x640_rect_b8f0db279350344ef1b7a6ce638671fe.jpg,card photo belonged to another card (photo-shift fix); own listing photo not on R2,hubfix-all,アンテナショップ パオ,https://tabelog.com/miyagi/A0404/A040403/4028252/
miyagi/ishinomaki|Dining|738,スーパーセンタートライアル 石巻店,r2-hash-vs-listing:https://tblg.k-img.com/resize/640x640c/restaurant/images/Rvw/379213/730bf2d33a8ff747a2276af4edf537da.jpg?token=48d0eff&api=v2,card photo belonged to another card (photo-shift fix); own listing photo not on R2,hubfix-all,スーパーセンタートライアル 石巻店,https://tabelog.com/miyagi/A0404/A040404/4030224/
miyagi/ishinomaki|Dining|744,杉山商店,r2-hash-vs-listing:https://tblg.k-img.com/restaurant/images/Rvw/156364/640x640_rect_156364750.jpg,card photo belonged to another card (photo-shift fix); own listing photo not on R2,hubfix-all,杉山商店,https://tabelog.com/miyagi/A0404/A040403/4024660/
miyagi/iwanuma|Dining|1,自家製麺中華そば 八縁,r2-hash-vs-listing:https://tblg.k-img.com/resize/640x640c/restaurant/images/Rvw/354028/bcfa5ad5e18b33db7e0b102ff193f1f7.jpg?token=6bb0b5b&api=v2,card photo belonged to another card (photo-shift fix); own listing photo not on R2,hubfix-all,自家製麺中華そば 八縁,https://tabelog.com/miyagi/A0402/A040204/4014192/
miyagi/iwanuma|Dining|21,奥州製麺所,r2-hash-vs-listing:https://tblg.k-img.com/restaurant/images/Rvw/377932/640x640_rect_475b5c79fdc61202f05c967cc163a7d3.jpg,card photo belonged to another card (photo-shift fix); own listing photo not on R2,hubfix-all,奥州製麺所,https://tabelog.com/miyagi/A0402/A040204/4028230/
miyagi/iwanuma|Dining|41,MiZuHa,r2-hash-vs-listing:https://tblg.k-img.com/restaurant/images/Rvw/195590/640x640_rect_22201dc0041af8b79941e08e55bc045a.jpg,card photo belonged to another card (photo-shift fix); own listing photo not on R2,hubfix-all,MiZuHa,https://tabelog.com/miyagi/A0402/A040204/4025166/
miyagi/iwanuma|Dining|61,エピックビュー,r2-hash-vs-listing:https://tblg.k-img.com/resize/640x640c/restaurant/images/Rvw/13758/13758174.jpg?token=a3d7fa5&api=v2,card photo belonged to another card (photo-shift fix); own listing photo not on R2,hubfix-all,エピックビュー,https://tabelog.com/miyagi/A0402/A040204/4011870/
miyagi/iwanuma|Dining|81,食菜館ひまわり,r2-hash-vs-listing:https://tblg.k-img.com/restaurant/images/Rvw/311254/640x640_rect_870954a1680fc0012f6ebc0747e1a4f6.jpg,card photo belonged to another card (photo-shift fix); own listing photo not on R2,hubfix-all,食菜館ひまわり,https://tabelog.com/miyagi/A0402/A040204/4010098/
miyagi/iwanuma|Dining|101,ヨークベニマル 岩沼西店,r2-hash-vs-listing:https://tblg.k-img.com/resize/640x640c/restaurant/images/Rvw/204073/623814a07b9940ff07ac2fdcce7c4933.jpg?token=8868817&api=v2,card photo belonged to another card (photo-shift fix); own listing photo not on R2,hubfix-all,ヨークベニマル 岩沼西店,https://tabelog.com/miyagi/A0402/A040204/4022116/
miyagi/iwanuma|Dining|104,お好みハウス たかはし,r2-hash-vs-listing:https://tblg.k-img.com/resize/640x640c/restaurant/images/Rvw/314739/ffa507510b27f156d7d14f5ceafc7311.jpg?token=3cd71a3&api=v2,card photo belonged to another card (photo-shift fix); own listing photo not on R2,hubfix-all,お好みハウス たかはし,https://tabelog.com/miyagi/A0402/A040204/4005675/
miyagi/iwanuma|Dining|111,平禄寿司 宮城岩沼店,r2-hash-vs-listing:https://tblg.k-img.com/resize/640x640c/restaurant/images/Rvw/75981/75981916.jpg?token=d7b1dd8&api=v2,card photo belonged to another card (photo-shift fix); own listing photo not on R2,hubfix-all,平禄寿司 宮城岩沼店,https://tabelog.com/miyagi/A0402/A040204/4010547/
miyagi/iwanuma|Dining|121,食事処 福住,r2-hash-vs-listing:https://tblg.k-img.com/restaurant/images/Rvw/227826/640x640_rect_4fd55f8408e63e355067656c9e5e795a.jpg,card photo belonged to another card (photo-shift fix); own listing photo not on R2,hubfix-all,食事処 福住,https://tabelog.com/miyagi/A0402/A040204/4008729/
miyagi/iwanuma|Dining|141,モンペリエ ヨークベニマル岩沼店,r2-hash-vs-listing:https://tblg.k-img.com/restaurant/images/Rvw/129300/640x640_rect_129300807.jpg,card photo belonged to another card (photo-shift fix); own listing photo not on R2,hubfix-all,モンペリエ ヨークベニマル岩沼店,https://tabelog.com/miyagi/A0402/A040204/4020212/
miyagi/iwanuma|Dining|161,自家製麺 ラーメンが止マラナイ,r2-hash-vs-listing:https://tblg.k-img.com/restaurant/images/Rvw/384949/640x640_rect_80c15a5cca62dde8bfb0c5899c5f2e89.jpg,card photo belonged to another card (photo-shift fix); own listing photo not on R2,hubfix-all,自家製麺 ラーメンが止マラナイ,https://tabelog.com/miyagi/A0402/A040204/4030336/
miyagi/iwanuma|Dining|184,ホルモン・焼肉 玄,r2-hash-vs-listing:https://tblg.k-img.com/restaurant/images/Rvw/268759/640x640_rect_d318ca65060b581d2ab1c9378560c2bf.jpg,card photo belonged to another card (photo-shift fix); own listing photo not on R2,hubfix-all,ホルモン・焼肉 玄,https://tabelog.com/miyagi/A0402/A040204/4023474/
miyagi/kakuda|Dining|1,hori pan,r2-hash-vs-listing:https://tblg.k-img.com/restaurant/images/Rvw/139345/640x640_rect_139345434.jpg,card photo belonged to another card (photo-shift fix); own listing photo not on R2,hubfix-all,hori pan,https://tabelog.com/miyagi/A0402/A040202/4016336/
miyagi/kakuda|Dining|21,美よし家,r2-hash-vs-listing:https://tblg.k-img.com/restaurant/images/Rvw/208132/640x640_rect_c686171d610d2168b72de6eb2d553668.jpg,card photo belonged to another card (photo-shift fix); own listing photo not on R2,hubfix-all,美よし家,https://tabelog.com/miyagi/A0402/A040202/4003017/
miyagi/kakuda|Dining|26,らーめん せん家 角田店,r2-hash-vs-listing:https://tblg.k-img.com/restaurant/images/Rvw/167858/640x640_rect_95367ae4d6a7535c40e120a624077b03.jpg,card photo belonged to another card (photo-shift fix); own listing photo not on R2,hubfix-all,らーめん せん家 角田店,https://tabelog.com/miyagi/A0402/A040202/4003417/
miyagi/kakuda|Dining|40,自家焙煎コーヒー工房ＯＧＡＴＡ,r2-hash-vs-listing:https://tblg.k-img.com/restaurant/images/Rvw/67651/640x640_rect_67651577.jpg,card photo belonged to another card (photo-shift fix); own listing photo not on R2,hubfix-all,自家焙煎コーヒー工房ＯＧＡＴＡ,https://tabelog.com/miyagi/A0402/A040202/4008188/
miyagi/kakuda|Dining|60,和風レストラン まるまつ 角田店,r2-hash-vs-listing:https://tblg.k-img.com/restaurant/images/Rvw/293942/640x640_rect_1b6338fe19bf77fa9d3d864442655c15.jpg,card photo belonged to another card (photo-shift fix); own listing photo not on R2,hubfix-all,和風レストラン まるまつ 角田店,https://tabelog.com/miyagi/A0402/A040202/4016356/
miyagi/kakuda|Dining|66,宮,r2-hash-vs-listing:https://tblg.k-img.com/resize/640x640c/restaurant/images/Rvw/864/864954.jpg?token=cb32c0c&api=v2,card photo belonged to another card (photo-shift fix); own listing photo not on R2,hubfix-all,宮,https://tabelog.com/miyagi/A0402/A040202/4003171/
miyagi/kakuda|Dining|79,工房 美山の里,r2-hash-vs-listing:https://tblg.k-img.com/restaurant/images/Rvw/114755/640x640_rect_114755397.jpg,card photo belonged to another card (photo-shift fix); own listing photo not on R2,hubfix-all,工房 美山の里,https://tabelog.com/miyagi/A0402/A040202/4011256/
miyagi/kakuda|Dining|85,スナック Ageha,r2-hash-vs-listing:https://tblg.k-img.com/resize/640x640c/restaurant/images/Rvw/273587/628af34ad8988e2e03838608599e0528.jpg?token=3d23a0f&api=v2,card photo belonged to another card (photo-shift fix); own listing photo not on R2,hubfix-all,スナック Ageha,https://tabelog.com/miyagi/A0402/A040202/4016957/
miyagi/kakuda|Dining|99,丸山 産直食肉センター,r2-hash-vs-listing:https://tblg.k-img.com/restaurant/images/Rvw/141318/640x640_rect_141318485.jpg,card photo belonged to another card (photo-shift fix); own listing photo not on R2,hubfix-all,丸山 産直食肉センター,https://tabelog.com/miyagi/A0402/A040201/4023295/
miyagi/kamimachi|Dining|1,おざわ食堂,r2-hash-vs-listing:https://tblg.k-img.com/restaurant/images/Rvw/356791/640x640_rect_31ac2326163c43a69f1e17af7ae33432.jpg,card photo belonged to another card (photo-shift fix); own listing photo not on R2,hubfix-all,おざわ食堂,https://tabelog.com/miyagi/A0403/A040301/4002536/
miyagi/kamimachi|Dining|21,ぶな林,r2-hash-vs-listing:https://tblg.k-img.com/restaurant/images/Rvw/5158/640x640_rect_5158962.jpg,card photo belonged to another card (photo-shift fix); own listing photo not on R2,hubfix-all,ぶな林,https://tabelog.com/miyagi/A0403/A040301/4001316/
miyagi/kamimachi|Dining|41,食彩市場 みやざきどどんこ館,r2-hash-vs-listing:https://tblg.k-img.com/restaurant/images/Rvw/83827/640x640_rect_83827055.jpg,card photo belonged to another card (photo-shift fix); own listing photo not on R2,hubfix-all,食彩市場 みやざきどどんこ館,https://tabelog.com/miyagi/A0403/A040301/4019187/
miyagi/kamimachi|Dining|61,加美パルコ,r2-hash-vs-listing:https://tblg.k-img.com/restaurant/images/Rvw/171894/640x640_rect_5368fd137985280a9de37afbc56b6280.jpg,card photo belonged to another card (photo-shift fix); own listing photo not on R2,hubfix-all,加美パルコ,https://tabelog.com/miyagi/A0403/A040301/4021739/
miyagi/kamimachi|Dining|65,平禄寿司 宮城加美中新田店,r2-hash-vs-listing:https://tblg.k-img.com/resize/640x640c/restaurant/images/Rvw/75981/75981916.jpg?token=d7b1dd8&api=v2,card photo belonged to another card (photo-shift fix); own listing photo not on R2,hubfix-all,平禄寿司 宮城加美中新田店,https://tabelog.com/miyagi/A0403/A040301/4013143/
miyagi/kamimachi|Dining|81,レストラン フォーリア,r2-hash-vs-listing:https://tblg.k-img.com/restaurant/images/Rvw/245429/640x640_rect_6cad2c36e004c8ef0b266a797650de3d.jpg,card photo belonged to another card (photo-shift fix); own listing photo not on R2,hubfix-all,レストラン フォーリア,https://tabelog.com/miyagi/A0403/A040301/4009447/
miyagi/kawasakicho|Dining|1,森のピザ工房 ルヴォワール 川崎町本店,r2-hash-vs-listing:https://tblg.k-img.com/restaurant/images/Rvw/370583/640x640_rect_60cd9ffdf888912cf6258668a8a38512.jpg,card photo belonged to another card (photo-shift fix); own listing photo not on R2,hubfix-all,森のピザ工房 ルヴォワール 川崎町本店,https://tabelog.com/miyagi/A0402/A040201/4012556/
miyagi/kawasakicho|Dining|11,大勝食堂,r2-hash-vs-listing:https://tblg.k-img.com/restaurant/images/Rvw/20160/640x640_rect_20160870.jpg,card photo belonged to another card (photo-shift fix); own listing photo not on R2,hubfix-all,大勝食堂,https://tabelog.com/miyagi/A0402/A040201/4013763/
miyagi/kawasakicho|Dining|16,生駒農場,r2-hash-vs-listing:https://tblg.k-img.com/restaurant/images/Rvw/367249/640x640_rect_14bffb4a4d6ba72bcce0119526da1218.jpg,card photo belonged to another card (photo-shift fix); own listing photo not on R2,hubfix-all,生駒農場,https://tabelog.com/miyagi/A0402/A040201/4022754/
miyagi/kawasakicho|Dining|19,古関食堂 古関PA(上り)店,r2-hash-vs-listing:https://tblg.k-img.com/resize/640x640c/restaurant/images/Rvw/307424/7ac1782978aa5206657a742b090678c7.jpg?token=cf93578&api=v2,card photo belonged to another card (photo-shift fix); own listing photo not on R2,hubfix-all,古関食堂 古関PA(上り)店,https://tabelog.com/miyagi/A0402/A040201/4024450/
miyagi/kawasakicho|Dining|35,山長商店,r2-hash-vs-listing:https://tblg.k-img.com/restaurant/images/Rvw/141443/640x640_rect_141443556.jpg,card photo belonged to another card (photo-shift fix); own listing photo not on R2,hubfix-all,山長商店,https://tabelog.com/miyagi/A0402/A040201/4013731/
miyagi/kawasakicho|Dining|55,みやぎ蔵王セントメリースキー場 カフェテリア,r2-hash-vs-listing:https://tblg.k-img.com/restaurant/images/Rvw/78666/640x640_rect_78666514.jpg,card photo belonged to another card (photo-shift fix); own listing photo not on R2,hubfix-all,みやぎ蔵王セントメリースキー場 カフェテリア,https://tabelog.com/miyagi/A0402/A040201/4018326/
miyagi/kesennuma|Dining|1,気仙沼 松葉寿司,r2-hash-vs-listing:https://tblg.k-img.com/resize/640x640c/restaurant/images/Rvw/355863/0febe0784dbbeae42396eb8eb62583e9.jpg?token=647e2ac&api=v2,card photo belonged to another card (photo-shift fix); own listing photo not on R2,hubfix-all,気仙沼 松葉寿司,https://tabelog.com/miyagi/A0404/A040401/4012038/
miyagi/kesennuma|Dining|20,鮨おがた,r2-hash-vs-listing:https://tblg.k-img.com/restaurant/images/Rvw/255436/640x640_rect_46d4085114a196ad442b83464404e197.jpg,card photo belonged to another card (photo-shift fix); own listing photo not on R2,hubfix-all,鮨おがた,https://tabelog.com/miyagi/A0404/A040401/4022168/
miyagi/kesennuma|Dining|40,ゆう寿司,r2-hash-vs-listing:https://tblg.k-img.com/restaurant/images/Rvw/300484/640x640_rect_6201b2c17b48a3c4fec3ae72ac90ff82.jpg,card photo belonged to another card (photo-shift fix); own listing photo not on R2,hubfix-all,ゆう寿司,https://tabelog.com/miyagi/A0404/A040401/4022321/
miyagi/kesennuma|Dining|50,ヴァンガード,r2-hash-vs-listing:https://tblg.k-img.com/restaurant/images/Rvw/179144/640x640_rect_0491f28bba2a994c0eb2fbcc72de0238.jpg,card photo belonged to another card (photo-shift fix); own listing photo not on R2,hubfix-all,ヴァンガード,https://tabelog.com/miyagi/A0404/A040401/4007558/
miyagi/kesennuma|Dining|60,ブリアン,r2-hash-vs-listing:https://tblg.k-img.com/restaurant/images/Rvw/181467/640x640_rect_ba2d120ccf180c9cd2cb03e27f61c3c9.jpg,card photo belonged to another card (photo-shift fix); own listing photo not on R2,hubfix-all,ブリアン,https://tabelog.com/miyagi/A0404/A040401/4013681/
miyagi/kesennuma|Dining|73,リアスキッチンDELI,r2-hash-vs-listing:https://tblg.k-img.com/restaurant/images/Rvw/224859/640x640_rect_29158fecd095516c9a592d79c58cc3db.jpg,card photo belonged to another card (photo-shift fix); own listing photo not on R2,hubfix-all,リアスキッチンDELI,https://tabelog.com/miyagi/A0404/A040401/4017608/
miyagi/kesennuma|Dining|77,花道,r2-hash-vs-listing:https://tblg.k-img.com/restaurant/images/Rvw/379589/640x640_rect_b1b959041ede9547728858cfd2855e8f.jpg,card photo belonged to another card (photo-shift fix); own listing photo not on R2,hubfix-all,花道,https://tabelog.com/miyagi/A0404/A040401/4027035/
miyagi/kesennuma|Dining|85,炎,r2-hash-vs-listing:https://tblg.k-img.com/restaurant/images/Rvw/231879/640x640_rect_bf239fb32303823a200dd6f0dd67c72c.jpg,card photo belonged to another card (photo-shift fix); own listing photo not on R2,hubfix-all,炎,https://tabelog.com/miyagi/A0404/A040401/4014231/
miyagi/kesennuma|Dining|95,BLACK TIDE BREWING,r2-hash-vs-listing:https://tblg.k-img.com/restaurant/images/Rvw/382752/640x640_rect_c8ec734a1375127b3161d50152965ccf.jpg,card photo belonged to another card (photo-shift fix); own listing photo not on R2,hubfix-all,BLACK TIDE BREWING,https://tabelog.com/miyagi/A0404/A040401/4029887/
miyagi/kesennuma|Dining|104,居酒屋 尾形,r2-hash-vs-listing:https://tblg.k-img.com/resize/640x640c/restaurant/images/Rvw/193975/45ebdc94a73169d8b9a4c0050e50638c.jpg?token=67aa49f&api=v2,card photo belonged to another card (photo-shift fix); own listing photo not on R2,hubfix-all,居酒屋 尾形,https://tabelog.com/miyagi/A0404/A040401/4022528/
miyagi/kesennuma|Dining|110,キッチンスペース夢の舎,r2-hash-vs-listing:https://tblg.k-img.com/restaurant/images/Rvw/373183/640x640_rect_dc105850f7b97c7f3de4d02a3db672d3.jpg,card photo belonged to another card (photo-shift fix); own listing photo not on R2,hubfix-all,キッチンスペース夢の舎,https://tabelog.com/miyagi/A0404/A040401/4003116/
miyagi/kesennuma|Dining|115,陽だまりレストラン,r2-hash-vs-listing:https://tblg.k-img.com/resize/640x640c/restaurant/images/Rvw/79936/79936979.jpg?token=e528069&api=v2,card photo belonged to another card (photo-shift fix); own listing photo not on R2,hubfix-all,陽だまりレストラン,https://tabelog.com/miyagi/A0404/A040402/4019843/
miyagi/kesennuma|Dining|123,大越商店,r2-hash-vs-listing:https://tblg.k-img.com/restaurant/images/Rvw/282720/640x640_rect_938ec4242c422a287e12c385d379392c.jpg,card photo belonged to another card (photo-shift fix); own listing photo not on R2,hubfix-all,大越商店,https://tabelog.com/miyagi/A0404/A040403/4028685/
miyagi/kesennuma|Dining|128,虹の森焼菓子店,r2-hash-vs-listing:https://tblg.k-img.com/resize/640x640c/restaurant/images/Rvw/127390/127390859.jpg?token=896d0e8&api=v2,card photo belonged to another card (photo-shift fix); own listing photo not on R2,hubfix-all,虹の森焼菓子店,https://tabelog.com/miyagi/A0404/A040401/4014712/
miyagi/kesennuma|Dining|139,おかしの花子 唐桑本店,r2-hash-vs-listing:https://tblg.k-img.com/resize/640x640c/restaurant/images/Rvw/287119/973e2338d925d197aacee55bc5a01b2d.jpg?token=a6639ff&api=v2,card photo belonged to another card (photo-shift fix); own listing photo not on R2,hubfix-all,おかしの花子 唐桑本店,https://tabelog.com/miyagi/A0404/A040401/4014608/
miyagi/kesennuma|Dining|148,カフェ ミプリ,r2-hash-vs-listing:https://tblg.k-img.com/restaurant/images/Rvw/194815/640x640_rect_478495865484dd81540e08fda24714b4.jpg,card photo belonged to another card (photo-shift fix); own listing photo not on R2,hubfix-all,カフェ ミプリ,https://tabelog.com/miyagi/A0404/A040401/4024715/
miyagi/kesennuma|Dining|158,あじ蔵,r2-hash-vs-listing:https://tblg.k-img.com/resize/640x640c/restaurant/images/Rvw/664/664825.jpg?token=937744a&api=v2,card photo belonged to another card (photo-shift fix); own listing photo not on R2,hubfix-all,あじ蔵,https://tabelog.com/miyagi/A0404/A040401/4002938/
miyagi/kesennuma|Dining|167,菓匠 紅梅 田中店,r2-hash-vs-listing:https://tblg.k-img.com/resize/640x640c/restaurant/images/Rvw/181467/3840c2198411c12bd0df074182238ec9.jpg?token=be76e86&api=v2,card photo belonged to another card (photo-shift fix); own listing photo not on R2,hubfix-all,菓匠 紅梅 田中店,https://tabelog.com/miyagi/A0404/A040401/4013516/
miyagi/kesennuma|Dining|173,焼肉冷麺やまなか家 気仙沼店,r2-hash-vs-listing:https://tblg.k-img.com/restaurant/images/Rvw/369192/640x640_rect_ebed2d04730e569d08a03e0d098ca5c0.jpg,card photo belonged to another card (photo-shift fix); own listing photo not on R2,hubfix-all,焼肉冷麺やまなか家 気仙沼店,https://tabelog.com/miyagi/A0404/A040401/4003521/
miyagi/kesennuma|Dining|185,天下一ラーメン,r2-hash-vs-listing:https://tblg.k-img.com/restaurant/images/Rvw/340448/640x640_rect_51b7f186d9ead0fbffbb0b7825acc7d3.jpg,card photo belonged to another card (photo-shift fix); own listing photo not on R2,hubfix-all,天下一ラーメン,https://tabelog.com/miyagi/A0404/A040401/4005479/
miyagi/kesennuma|Dining|196,おかしの花子 松岩店,r2-hash-vs-listing:https://tblg.k-img.com/restaurant/images/Rvw/191953/640x640_rect_c96e6d89aca6f54be9376fb37fc3eb6c.jpg,card photo belonged to another card (photo-shift fix); own listing photo not on R2,hubfix-all,おかしの花子 松岩店,https://tabelog.com/miyagi/A0404/A040401/4024736/
miyagi/kesennuma|Dining|206,Cafe et repas よしのや,r2-hash-vs-listing:https://tblg.k-img.com/resize/640x640c/restaurant/images/Rvw/343765/589032f1334a363556f422fee427b106.jpg?token=841b3c7&api=v2,card photo belonged to another card (photo-shift fix); own listing photo not on R2,hubfix-all,Cafe et repas よしのや,https://tabelog.com/miyagi/A0404/A040401/4029784/
miyagi/kesennuma|Dining|225,気仙沼 牛たん藤,r2-hash-vs-listing:https://tblg.k-img.com/resize/640x640c/restaurant/images/Rvw/312862/4b325773a5393bdfeeb7b461a0a0ab6f.jpg?token=77e8006&api=v2,card photo belonged to another card (photo-shift fix); own listing photo not on R2,hubfix-all,気仙沼 牛たん藤,https://tabelog.com/miyagi/A0404/A040401/4028599/
miyagi/kesennuma|Dining|232,豚姫,r2-hash-vs-listing:https://tblg.k-img.com/resize/640x640c/restaurant/images/Rvw/22946/22946302.jpg?token=f9de69c&api=v2,card photo belonged to another card (photo-shift fix); own listing photo not on R2,hubfix-all,豚姫,https://tabelog.com/miyagi/A0404/A040401/4012046/
miyagi/kesennuma|Dining|238,食事処 はまいち,r2-hash-vs-listing:https://tblg.k-img.com/resize/640x640c/restaurant/images/Rvw/310390/022224fe2c57bb36a4d630bc99e7210c.jpg?token=b4e1228&api=v2,card photo belonged to another card (photo-shift fix); own listing photo not on R2,hubfix-all,食事処 はまいち,https://tabelog.com/miyagi/A0404/A040401/4029214/
miyagi/kesennuma|Dining|243,招き庵,r2-hash-vs-listing:https://tblg.k-img.com/resize/640x640c/restaurant/images/Rvw/238286/a781544c65c44c84c16a92089d308e70.jpg?token=1457179&api=v2,card photo belonged to another card (photo-shift fix); own listing photo not on R2,hubfix-all,招き庵,https://tabelog.com/miyagi/A0404/A040401/4005392/
miyagi/kesennuma|Dining|263,一縁工房 わらび,r2-hash-vs-listing:https://tblg.k-img.com/restaurant/images/Rvw/98408/640x640_rect_98408354.jpg,card photo belonged to another card (photo-shift fix); own listing photo not on R2,hubfix-all,一縁工房 わらび,https://tabelog.com/miyagi/A0404/A040401/4018846/
miyagi/kesennuma|Dining|283,からくわ精肉店,r2-hash-vs-listing:https://tblg.k-img.com/restaurant/images/Rvw/277770/640x640_rect_f3e150657b967881ab72bf8ee0349942.jpg,card photo belonged to another card (photo-shift fix); own listing photo not on R2,hubfix-all,からくわ精肉店,https://tabelog.com/miyagi/A0404/A040401/4025139/
miyagi/kesennuma|Dining|302,大ちゃん刺身亭,r2-hash-vs-listing:https://tblg.k-img.com/resize/640x640c/restaurant/images/Rvw/76790/76790541.jpg?token=0bd927d&api=v2,card photo belonged to another card (photo-shift fix); own listing photo not on R2,hubfix-all,大ちゃん刺身亭,https://tabelog.com/miyagi/A0404/A040401/4006982/
miyagi/kesennuma|Dining|310,小野万,r2-hash-vs-listing:https://tblg.k-img.com/restaurant/images/Rvw/291592/640x640_rect_ae4f64713efcf25d9c6f35a1385c96a2.jpg,card photo belonged to another card (photo-shift fix); own listing photo not on R2,hubfix-all,小野万,https://tabelog.com/miyagi/A0404/A040401/4028851/
miyagi/kesennuma|Dining|314,とちめんぼう,r2-hash-vs-listing:https://tblg.k-img.com/resize/640x640c/restaurant/images/Rvw/77116/77116081.jpg?token=84cf042&api=v2,card photo belonged to another card (photo-shift fix); own listing photo not on R2,hubfix-all,とちめんぼう,https://tabelog.com/miyagi/A0404/A040401/4006492/
miyagi/kesennuma|Dining|320,夜来香,r2-hash-vs-listing:https://tblg.k-img.com/resize/640x640c/restaurant/images/Rvw/254333/074c06a4c119b61ee1a69d5814f772e0.jpg?token=4c9ae55&api=v2,card photo belonged to another card (photo-shift fix); own listing photo not on R2,hubfix-all,夜来香,https://tabelog.com/miyagi/A0404/A040401/4005640/
miyagi/kesennuma|Dining|340,グローヴガーデン,r2-hash-vs-listing:https://tblg.k-img.com/resize/640x640c/restaurant/images/Rvw/76520/76520281.jpg?token=e3723fa&api=v2,card photo belonged to another card (photo-shift fix); own listing photo not on R2,hubfix-all,グローヴガーデン,https://tabelog.com/miyagi/A0404/A040401/4011905/
miyagi/kesennuma|Dining|377,こばらぼ,r2-hash-vs-listing:https://tblg.k-img.com/resize/640x640c/restaurant/images/Rvw/44072/44072894.jpg?token=c85b10c&api=v2,card photo belonged to another card (photo-shift fix); own listing photo not on R2,hubfix-all,こばらぼ,https://tabelog.com/miyagi/A0404/A040401/4016861/
miyagi/kurihara|Dining|1,西屋,r2-hash-vs-listing:https://tblg.k-img.com/resize/640x640c/restaurant/images/Rvw/375923/a9164f61e473999308ff8d2769942f2a.jpg?token=736fd33&api=v2,card photo belonged to another card (photo-shift fix); own listing photo not on R2,hubfix-all,西屋,https://tabelog.com/miyagi/A0403/A040302/4000422/
miyagi/kurihara|Dining|8,自然薯の館,r2-hash-vs-listing:https://tblg.k-img.com/restaurant/images/Rvw/385827/640x640_rect_96872a54aa25a0230da119336b8934ae.jpg,card photo belonged to another card (photo-shift fix); own listing photo not on R2,hubfix-all,自然薯の館,https://tabelog.com/miyagi/A0403/A040302/4001969/
miyagi/kurihara|Dining|21,大学食堂,r2-hash-vs-listing:https://tblg.k-img.com/restaurant/images/Rvw/319291/640x640_rect_804e7cb7adf2a670bf6d9fa99451899d.jpg,card photo belonged to another card (photo-shift fix); own listing photo not on R2,hubfix-all,大学食堂,https://tabelog.com/miyagi/A0403/A040302/4016881/
miyagi/kurihara|Dining|40,GARDEN RESTAURANT SPRING Rd.,r2-hash-vs-listing:https://tblg.k-img.com/resize/640x640c/restaurant/images/Rvw/310078/78029bf990375bc8b04d61e845cb2b8c.jpg?token=a148646&api=v2,card photo belonged to another card (photo-shift fix); own listing photo not on R2,hubfix-all,GARDEN RESTAURANT SPRING Rd.,https://tabelog.com/miyagi/A0403/A040303/4025213/
miyagi/kurihara|Dining|50,ノース ウェスト,r2-hash-vs-listing:https://tblg.k-img.com/restaurant/images/Rvw/375634/640x640_rect_f16a5c8da9dd5149c0398cc150330f81.jpg,card photo belonged to another card (photo-shift fix); own listing photo not on R2,hubfix-all,ノース ウェスト,https://tabelog.com/miyagi/A0403/A040302/4027007/
miyagi/kurihara|Dining|58,木香珈琲,r2-hash-vs-listing:https://tblg.k-img.com/resize/640x640c/restaurant/images/Rvw/282491/15c6f0c109e5cbab61c062fd889ea246.jpg?token=9a04760&api=v2,card photo belonged to another card (photo-shift fix); own listing photo not on R2,hubfix-all,木香珈琲,https://tabelog.com/miyagi/A0403/A040302/4022357/
miyagi/kurihara|Dining|65,ラーメンショップねぎっこ 築館店,r2-hash-vs-listing:https://tblg.k-img.com/restaurant/images/Rvw/275581/640x640_rect_e66542d5e5e27546c722f4fc0fb3b963.jpg,card photo belonged to another card (photo-shift fix); own listing photo not on R2,hubfix-all,ラーメンショップねぎっこ 築館店,https://tabelog.com/miyagi/A0403/A040302/4006760/
miyagi/kurihara|Dining|77,花カフェ 花音,r2-hash-vs-listing:https://tblg.k-img.com/restaurant/images/Rvw/132153/640x640_rect_132153567.jpg,card photo belonged to another card (photo-shift fix); own listing photo not on R2,hubfix-all,花カフェ 花音,https://tabelog.com/miyagi/A0403/A040302/4017399/
miyagi/kurihara|Dining|79,U-cafe 築館店,r2-hash-vs-listing:https://tblg.k-img.com/restaurant/images/Rvw/179678/640x640_rect_04b944d28d2fcee7aec2e0a5047aa4bc.jpg,card photo belonged to another card (photo-shift fix); own listing photo not on R2,hubfix-all,U-cafe 築館店,https://tabelog.com/miyagi/A0403/A040302/4025900/
miyagi/kurihara|Dining|95,弥治介,r2-hash-vs-listing:https://tblg.k-img.com/restaurant/images/Rvw/97209/640x640_rect_97209787.jpg,card photo belonged to another card (photo-shift fix); own listing photo not on R2,hubfix-all,弥治介,https://tabelog.com/miyagi/A0403/A040302/4017634/
miyagi/kurihara|Dining|107,わかやなぎ農産物直売所 くりでん,r2-hash-vs-listing:https://tblg.k-img.com/resize/640x640c/restaurant/images/Rvw/377672/e9baf6c94f15d4ced5f63a378c1bae4f.jpg?token=1be46b7&api=v2,card photo belonged to another card (photo-shift fix); own listing photo not on R2,hubfix-all,わかやなぎ農産物直売所 くりでん,https://tabelog.com/miyagi/A0403/A040303/4022594/
miyagi/kurihara|Dining|115,栗駒屋,r2-hash-vs-listing:https://tblg.k-img.com/restaurant/images/Rvw/272863/640x640_rect_f128d20b408791edd5bf04877c4f47bc.jpg,card photo belonged to another card (photo-shift fix); own listing photo not on R2,hubfix-all,栗駒屋,https://tabelog.com/miyagi/A0403/A040302/4025061/
miyagi/kurihara|Dining|135,萩野酒造,r2-hash-vs-listing:https://tblg.k-img.com/restaurant/images/Rvw/383294/640x640_rect_2e33375a6e9b6f7d8446cda089dce9a5.jpg,card photo belonged to another card (photo-shift fix); own listing photo not on R2,hubfix-all,萩野酒造,https://tabelog.com/miyagi/A0403/A040302/4027653/
miyagi/kurihara|Dining|154,青葉食堂,r2-hash-vs-listing:https://tblg.k-img.com/restaurant/images/Rvw/259381/640x640_rect_c1a8ddd9fdcded849eef156dd6f2edd3.jpg,card photo belonged to another card (photo-shift fix); own listing photo not on R2,hubfix-all,青葉食堂,https://tabelog.com/miyagi/A0403/A040302/4015379/
miyagi/kurihara|Dining|176,グリーンヒル浦島,r2-hash-vs-listing:https://tblg.k-img.com/resize/640x640c/restaurant/images/Rvw/166161/b767ca71a99ac8892efc652d0fa9d4c3.jpg?token=96a1a8f&api=v2,card photo belonged to another card (photo-shift fix); own listing photo not on R2,hubfix-all,グリーンヒル浦島,https://tabelog.com/miyagi/A0403/A040302/4024502/
miyagi/kurihara|Dining|193,居酒屋いろり,r2-hash-vs-listing:https://tblg.k-img.com/restaurant/images/Rvw/9692/640x640_rect_9692455.jpg,card photo belonged to another card (photo-shift fix); own listing photo not on R2,hubfix-all,居酒屋いろり,https://tabelog.com/miyagi/A0403/A040302/4009196/
miyagi/kurihara|Dining|201,くりねこ食堂,r2-hash-vs-listing:https://tblg.k-img.com/resize/640x640c/restaurant/images/Rvw/377667/671f585b860608ae4105db194f131d1b.jpg?token=ace441c&api=v2,card photo belonged to another card (photo-shift fix); own listing photo not on R2,hubfix-all,くりねこ食堂,https://tabelog.com/miyagi/A0403/A040303/4030349/
miyagi/kurihara|Dining|213,養老乃瀧 築館店,r2-hash-vs-listing:https://tblg.k-img.com/restaurant/images/Rvw/349794/640x640_rect_65bef565dca75b4f1a91220d3ae659ed.jpg,card photo belonged to another card (photo-shift fix); own listing photo not on R2,hubfix-all,養老乃瀧 築館店,https://tabelog.com/miyagi/A0403/A040302/4012188/
miyagi/kurihara|Dining|232,ビストロ ラク,r2-hash-vs-listing:https://tblg.k-img.com/restaurant/images/Rvw/133914/640x640_rect_133914194.jpg,card photo belonged to another card (photo-shift fix); own listing photo not on R2,hubfix-all,ビストロ ラク,https://tabelog.com/miyagi/A0403/A040302/4023188/
miyagi/kurihara|Dining|252,セブンイレブン 金成PA上り店,r2-hash-vs-listing:https://tblg.k-img.com/restaurant/images/Rvw/263709/640x640_rect_21034c82bca71de1c115c6e15933d0ec.jpg,card photo belonged to another card (photo-shift fix); own listing photo not on R2,hubfix-all,セブンイレブン 金成PA上り店,https://tabelog.com/miyagi/A0403/A040302/4028054/
miyagi/marumori|Dining|1,栄泉堂 大内本店,r2-hash-vs-listing:https://tblg.k-img.com/restaurant/images/Rvw/129791/640x640_rect_129791109.jpg,card photo belonged to another card (photo-shift fix); own listing photo not on R2,hubfix-all,栄泉堂 大内本店,https://tabelog.com/miyagi/A0402/A040202/4012940/
miyagi/marumori|Dining|9,カフェきっさこ,r2-hash-vs-listing:https://tblg.k-img.com/restaurant/images/Rvw/220346/640x640_rect_ab559fabae8e0a207a78ec2fd2f14fbc.jpg,card photo belonged to another card (photo-shift fix); own listing photo not on R2,hubfix-all,カフェきっさこ,https://tabelog.com/miyagi/A0402/A040202/4016656/
miyagi/marumori|Dining|20,やしまや,r2-hash-vs-listing:https://tblg.k-img.com/restaurant/images/Rvw/340669/640x640_rect_3c744034bce74a95a716f452a3e44097.jpg,card photo belonged to another card (photo-shift fix); own listing photo not on R2,hubfix-all,やしまや,https://tabelog.com/miyagi/A0402/A040202/4015023/
miyagi/marumori|Dining|32,カフェ・ステラ,r2-hash-vs-listing:https://tblg.k-img.com/restaurant/images/Rvw/236021/640x640_rect_d801eb235f83455ae04e3d9915a900e2.jpg,card photo belonged to another card (photo-shift fix); own listing photo not on R2,hubfix-all,カフェ・ステラ,https://tabelog.com/miyagi/A0402/A040202/4027695/
miyagi/marumori|Dining|40,ふれあい農園直売所,r2-hash-vs-listing:https://tblg.k-img.com/restaurant/images/Rvw/68065/640x640_rect_68065215.jpg,card photo belonged to another card (photo-shift fix); own listing photo not on R2,hubfix-all,ふれあい農園直売所,https://tabelog.com/miyagi/A0402/A040202/4019048/
miyagi/marumori|Dining|47,焼肉 光成苑,r2-hash-vs-listing:https://tblg.k-img.com/resize/640x640c/restaurant/images/Rvw/177280/453f13e6dffd581d085d4212c57cc5d1.jpg?token=a711344&api=v2,card photo belonged to another card (photo-shift fix); own listing photo not on R2,hubfix-all,焼肉 光成苑,https://tabelog.com/miyagi/A0402/A040202/4015661/
miyagi/matsushima|Dining|1,松島 寿司幸,r2-hash-vs-listing:https://tblg.k-img.com/restaurant/images/Rvw/325423/640x640_rect_ea51dc15d116402270b63004fb8812aa.jpg,card photo belonged to another card (photo-shift fix); own listing photo not on R2,hubfix-all,松島 寿司幸,https://tabelog.com/miyagi/A0404/A040404/4001492/
miyagi/matsushima|Dining|20,松島 かき小屋 MATSU,r2-hash-vs-listing:https://tblg.k-img.com/restaurant/images/Rvw/310290/640x640_rect_e2a844b4ddc321b6b8aa7502d949fd6b.jpg,card photo belonged to another card (photo-shift fix); own listing photo not on R2,hubfix-all,松島 かき小屋 MATSU,https://tabelog.com/miyagi/A0404/A040404/4016938/
miyagi/matsushima|Dining|22,旬海,r2-hash-vs-listing:https://tblg.k-img.com/resize/640x640c/restaurant/images/Rvw/204544/3f43b468ae7ba724b0b0aa0bab6c6c1a.jpg?token=28d7875&api=v2,card photo belonged to another card (photo-shift fix); own listing photo not on R2,hubfix-all,旬海,https://tabelog.com/miyagi/A0404/A040404/4002423/
miyagi/matsushima|Dining|39,日進堂 松島店,r2-hash-vs-listing:https://tblg.k-img.com/restaurant/images/Rvw/337149/640x640_rect_1dc9e24407f2f71a7fce11b1349520f7.jpg,card photo belonged to another card (photo-shift fix); own listing photo not on R2,hubfix-all,日進堂 松島店,https://tabelog.com/miyagi/A0404/A040404/4026026/
miyagi/matsushima|Dining|58,磯寿司,r2-hash-vs-listing:https://tblg.k-img.com/restaurant/images/Rvw/242854/640x640_rect_5cf026034e0e56731cbebd5d410c92f4.jpg,card photo belonged to another card (photo-shift fix); own listing photo not on R2,hubfix-all,磯寿司,https://tabelog.com/miyagi/A0404/A040404/4004608/
miyagi/matsushima|Dining|78,潮騒,r2-hash-vs-listing:https://tblg.k-img.com/restaurant/images/Rvw/136840/640x640_rect_136840443.jpg,card photo belonged to another card (photo-shift fix); own listing photo not on R2,hubfix-all,潮騒,https://tabelog.com/miyagi/A0404/A040404/4003316/
miyagi/matsushima|Dining|81,むとう屋,r2-hash-vs-listing:https://tblg.k-img.com/restaurant/images/Rvw/373102/640x640_rect_a134edf8db9a9188a7107b2b2c564933.jpg,card photo belonged to another card (photo-shift fix); own listing photo not on R2,hubfix-all,むとう屋,https://tabelog.com/miyagi/A0404/A040404/4019566/
miyagi/matsushima|Dining|95,海畑,r2-hash-vs-listing:https://tblg.k-img.com/restaurant/images/Rvw/382725/640x640_rect_4f683e823ba0186e7dba97ca799f43a0.jpg,card photo belonged to another card (photo-shift fix); own listing photo not on R2,hubfix-all,海畑,https://tabelog.com/miyagi/A0404/A040404/4015692/
miyagi/matsushima|Dining|115,cafe curam,r2-hash-vs-listing:https://tblg.k-img.com/restaurant/images/Rvw/230280/640x640_rect_ee1b0629b4e09fc36837187082127906.jpg,card photo belonged to another card (photo-shift fix); own listing photo not on R2,hubfix-all,cafe curam,https://tabelog.com/miyagi/A0404/A040404/4024269/
miyagi/matsushima|Dining|135,おみやげ処 松島海岸,r2-hash-vs-listing:https://tblg.k-img.com/restaurant/images/Rvw/287406/640x640_rect_e725479aa04987b1fee990b853e9219f.jpg,card photo belonged to another card (photo-shift fix); own listing photo not on R2,hubfix-all,おみやげ処 松島海岸,https://tabelog.com/miyagi/A0404/A040404/4025771/
miyagi/matsushima|Dining|155,あいはら商店,r2-hash-vs-listing:https://tblg.k-img.com/restaurant/images/Rvw/280642/640x640_rect_2de50213557bf28579631c66a41a2eb4.jpg,card photo belonged to another card (photo-shift fix); own listing photo not on R2,hubfix-all,あいはら商店,https://tabelog.com/miyagi/A0404/A040404/4028659/
miyagi/matsushima|Dining|175,Uchi 松島ゲストハウス,r2-hash-vs-listing:https://tblg.k-img.com/restaurant/images/Rvw/98019/640x640_rect_98019586.jpg,card photo belonged to another card (photo-shift fix); own listing photo not on R2,hubfix-all,Uchi 松島ゲストハウス,https://tabelog.com/miyagi/A0404/A040404/4021126/
miyagi/minamisanriku|Dining|1,かいせんどころ 梁,r2-hash-vs-listing:https://tblg.k-img.com/restaurant/images/Rvw/354632/640x640_rect_f590ad76c2776ee6099386a767ba3237.jpg,card photo belonged to another card (photo-shift fix); own listing photo not on R2,hubfix-all,かいせんどころ 梁,https://tabelog.com/miyagi/A0404/A040402/4018811/
miyagi/minamisanriku|Dining|13,食事処 松原,r2-hash-vs-listing:https://tblg.k-img.com/resize/640x640c/restaurant/images/Rvw/322132/b4763f2fa7a2aa08c0542079095d598b.jpg?token=1a18d5a&api=v2,card photo belonged to another card (photo-shift fix); own listing photo not on R2,hubfix-all,食事処 松原,https://tabelog.com/miyagi/A0404/A040402/4020144/
miyagi/minamisanriku|Dining|19,阿部茶舗,r2-hash-vs-listing:https://tblg.k-img.com/restaurant/images/Rvw/368686/640x640_rect_49761110db3c1c9b2042ceb9f7a9511b.jpg,card photo belonged to another card (photo-shift fix); own listing photo not on R2,hubfix-all,阿部茶舗,https://tabelog.com/miyagi/A0404/A040402/4018818/
miyagi/minamisanriku|Dining|25,そば処 京極,r2-hash-vs-listing:https://tblg.k-img.com/restaurant/images/Rvw/146529/640x640_rect_146529721.jpg,card photo belonged to another card (photo-shift fix); own listing photo not on R2,hubfix-all,そば処 京極,https://tabelog.com/miyagi/A0404/A040402/4021734/
miyagi/minamisanriku|Dining|30,及善蒲鉾店 南三陸店,r2-hash-vs-listing:https://tblg.k-img.com/restaurant/images/Rvw/375378/640x640_rect_2855f882fafca371342cf5b08ae660b2.jpg,card photo belonged to another card (photo-shift fix); own listing photo not on R2,hubfix-all,及善蒲鉾店 南三陸店,https://tabelog.com/miyagi/A0404/A040402/4018779/
miyagi/minamisanriku|Dining|35,竜巳や,r2-hash-vs-listing:https://tblg.k-img.com/restaurant/images/Rvw/118010/640x640_rect_118010126.jpg,card photo belonged to another card (photo-shift fix); own listing photo not on R2,hubfix-all,竜巳や,https://tabelog.com/miyagi/A0404/A040402/4015672/
miyagi/minamisanriku|Dining|39,ちばのり店,r2-hash-vs-listing:https://tblg.k-img.com/restaurant/images/Rvw/336752/640x640_rect_7c29bf892ab01d7e5d212a8fe2990067.jpg,card photo belonged to another card (photo-shift fix); own listing photo not on R2,hubfix-all,ちばのり店,https://tabelog.com/miyagi/A0404/A040402/4023670/
miyagi/minamisanriku|Dining|47,まきの衣料,r2-hash-vs-listing:https://tblg.k-img.com/resize/640x640c/restaurant/images/Rvw/360370/183954220bdacaa331a74f3c12e94893.jpg?token=85ea0f7&api=v2,card photo belonged to another card (photo-shift fix); own listing photo not on R2,hubfix-all,まきの衣料,https://tabelog.com/miyagi/A0404/A040402/4027962/
miyagi/minamisanriku|Dining|53,和食処　潮騒,r2-hash-vs-listing:https://tblg.k-img.com/resize/640x640c/restaurant/images/Rvw/230337/d49cb5a50a30a623307baee7b4ecf6d6.jpg?token=347fd3c&api=v2,card photo belonged to another card (photo-shift fix); own listing photo not on R2,hubfix-all,和食処　潮騒,https://tabelog.com/miyagi/A0403/A040303/4008656/
miyagi/miyagimisato|Dining|1,みそべえ,r2-hash-vs-listing:https://tblg.k-img.com/resize/640x640c/restaurant/images/Rvw/365286/0ec02b4c596c063ca1ecbc48f23ae4ec.jpg?token=5f6493b&api=v2,card photo belonged to another card (photo-shift fix); own listing photo not on R2,hubfix-all,みそべえ,https://tabelog.com/miyagi/A0403/A040301/4002182/
miyagi/miyagimisato|Dining|21,伊勢屋,r2-hash-vs-listing:https://tblg.k-img.com/restaurant/images/Rvw/128898/640x640_rect_128898279.jpg,card photo belonged to another card (photo-shift fix); own listing photo not on R2,hubfix-all,伊勢屋,https://tabelog.com/miyagi/A0403/A040301/4015058/
miyagi/miyagimisato|Dining|41,花野果市場,r2-hash-vs-listing:https://tblg.k-img.com/restaurant/images/Rvw/306401/640x640_rect_1a8cac6066d7ab8ed110048f1fc8c568.jpg,card photo belonged to another card (photo-shift fix); own listing photo not on R2,hubfix-all,花野果市場,https://tabelog.com/miyagi/A0403/A040301/4012630/
miyagi/miyagimisato|Dining|61,和風レストランまるまつ 小牛田店,r2-hash-vs-listing:https://tblg.k-img.com/resize/640x640c/restaurant/images/Rvw/287266/1919f45d22e85ca2f1c0b468cbca824d.jpg?token=9a114c5&api=v2,card photo belonged to another card (photo-shift fix); own listing photo not on R2,hubfix-all,和風レストランまるまつ 小牛田店,https://tabelog.com/miyagi/A0403/A040301/4027795/
miyagi/murata|Dining|1,千寿庵,r2-hash-vs-listing:https://tblg.k-img.com/resize/640x640c/restaurant/images/Rvw/298565/3d5c15eab261d188a0b4990d256f8528.jpg?token=a995d34&api=v2,card photo belonged to another card (photo-shift fix); own listing photo not on R2,hubfix-all,千寿庵,https://tabelog.com/miyagi/A0402/A040201/4002180/
miyagi/murata|Dining|21,道の駅 村田,r2-hash-vs-listing:https://tblg.k-img.com/restaurant/images/Rvw/332247/640x640_rect_7d4a863f5c6ff95f77b7a65370c50316.jpg,card photo belonged to another card (photo-shift fix); own listing photo not on R2,hubfix-all,道の駅 村田,https://tabelog.com/miyagi/A0402/A040201/4016777/
miyagi/murata|Dining|41,麺や呑み処 もみじ庵,r2-hash-vs-listing:https://tblg.k-img.com/restaurant/images/Rvw/220806/640x640_rect_b8f06cf792563f70cb2f01e003bf9aba.jpg,card photo belonged to another card (photo-shift fix); own listing photo not on R2,hubfix-all,麺や呑み処 もみじ庵,https://tabelog.com/miyagi/A0402/A040201/4026617/
miyagi/murata|Dining|61,志げる寿司,r2-hash-vs-listing:https://tblg.k-img.com/resize/640x640c/restaurant/images/Rvw/285001/47494f4f1b7541cf44ba9b3341b48afe.jpg?token=ab6b07b&api=v2,card photo belonged to another card (photo-shift fix); own listing photo not on R2,hubfix-all,志げる寿司,https://tabelog.com/miyagi/A0402/A040201/4011176/
miyagi/natori|Dining|1,中華そば いぶし,r2-hash-vs-listing:https://tblg.k-img.com/restaurant/images/Rvw/310796/640x640_rect_25437b0a83785a8874f1f4318a495179.jpg,card photo belonged to another card (photo-shift fix); own listing photo not on R2,hubfix-all,中華そば いぶし,https://tabelog.com/miyagi/A0402/A040204/4000291/
miyagi/natori|Dining|21,カフェモーツァルトユリイカ,r2-hash-vs-listing:https://tblg.k-img.com/restaurant/images/Rvw/266934/640x640_rect_f6bc653e4012aef7f2fe6737318ea067.jpg,card photo belonged to another card (photo-shift fix); own listing photo not on R2,hubfix-all,カフェモーツァルトユリイカ,https://tabelog.com/miyagi/A0402/A040204/4021180/
miyagi/natori|Dining|37,ラーメン　天狗山 名取店,r2-hash-vs-listing:https://tblg.k-img.com/resize/640x640c/restaurant/images/Rvw/23950/23950924.jpg?token=e722abf&api=v2,card photo belonged to another card (photo-shift fix); own listing photo not on R2,hubfix-all,ラーメン　天狗山 名取店,https://tabelog.com/miyagi/A0402/A040204/4003091/
miyagi/natori|Dining|41,そば処 丸松 空港店,r2-hash-vs-listing:https://tblg.k-img.com/restaurant/images/Rvw/142378/640x640_rect_142378974.jpg,card photo belonged to another card (photo-shift fix); own listing photo not on R2,hubfix-all,そば処 丸松 空港店,https://tabelog.com/miyagi/A0402/A040204/4001874/
miyagi/natori|Dining|61,味の一代 イオンモール名取店,r2-hash-vs-listing:https://tblg.k-img.com/restaurant/images/Rvw/370962/640x640_rect_6054f528a90f1dc1ccb7432160c37924.jpg,card photo belonged to another card (photo-shift fix); own listing photo not on R2,hubfix-all,味の一代 イオンモール名取店,https://tabelog.com/miyagi/A0402/A040204/4017928/
miyagi/natori|Dining|81,ニラなんばんらーめん こうしゅう  名取西店,r2-hash-vs-listing:https://tblg.k-img.com/restaurant/images/Rvw/343342/640x640_rect_b240052f978a93bb86cd0be1aa7273bd.jpg,card photo belonged to another card (photo-shift fix); own listing photo not on R2,hubfix-all,ニラなんばんらーめん こうしゅう  名取西店,https://tabelog.com/miyagi/A0402/A040204/4011971/
miyagi/natori|Dining|88,ゆりあげ港朝市,r2-hash-vs-listing:https://tblg.k-img.com/restaurant/images/Rvw/351048/640x640_rect_d8df6b32215c66b5a5ae08b3922136e8.jpg,card photo belonged to another card (photo-shift fix); own listing photo not on R2,hubfix-all,ゆりあげ港朝市,https://tabelog.com/miyagi/A0402/A040204/4020183/
miyagi/natori|Dining|100,MINAMO GELATO,r2-hash-vs-listing:https://tblg.k-img.com/restaurant/images/Rvw/298045/640x640_rect_291c0923023c2a744e76539335722807.jpg,card photo belonged to another card (photo-shift fix); own listing photo not on R2,hubfix-all,MINAMO GELATO,https://tabelog.com/miyagi/A0402/A040204/4025587/
miyagi/natori|Dining|120,3007 Piu,r2-hash-vs-listing:https://tblg.k-img.com/restaurant/images/Rvw/307994/640x640_rect_d7777c54edf802599475dabfdea15219.jpg,card photo belonged to another card (photo-shift fix); own listing photo not on R2,hubfix-all,3007 Piu,https://tabelog.com/miyagi/A0402/A040204/4029169/
miyagi/natori|Dining|140,MOUNTAIN CAFE,r2-hash-vs-listing:https://tblg.k-img.com/restaurant/images/Rvw/346322/640x640_rect_6c4ac28bf4fb410ee1c705bc98638cca.jpg,card photo belonged to another card (photo-shift fix); own listing photo not on R2,hubfix-all,MOUNTAIN CAFE,https://tabelog.com/miyagi/A0402/A040204/4028330/
miyagi/natori|Dining|160,ゆで太郎 名取バイパス店,r2-hash-vs-listing:https://tblg.k-img.com/restaurant/images/Rvw/299493/640x640_rect_f1616dd230b237daf30fd0dd0a757e0c.jpg,card photo belonged to another card (photo-shift fix); own listing photo not on R2,hubfix-all,ゆで太郎 名取バイパス店,https://tabelog.com/miyagi/A0401/A040105/4014392/
miyagi/natori|Dining|180,肉のいとう イオン名取店,r2-hash-vs-listing:https://tblg.k-img.com/restaurant/images/Rvw/294850/640x640_rect_075dffeba1a0ebd5ac25db68b9b76fde.jpg,card photo belonged to another card (photo-shift fix); own listing photo not on R2,hubfix-all,肉のいとう イオン名取店,https://tabelog.com/miyagi/A0402/A040204/4028161/
miyagi/natori|Dining|191,ジョイフル 名取バイパス店,r2-hash-vs-listing:https://tblg.k-img.com/restaurant/images/Rvw/240778/640x640_rect_6015954293c8c335e6a50a6dc8160089.jpg,card photo belonged to another card (photo-shift fix); own listing photo not on R2,hubfix-all,ジョイフル 名取バイパス店,https://tabelog.com/miyagi/A0402/A040204/4013353/
miyagi/natori|Dining|194,らーめん 蔵,r2-hash-vs-listing:https://tblg.k-img.com/restaurant/images/Rvw/335891/640x640_rect_7b1b5cbb6abb94a600df7c343cd22a98.jpg,card photo belonged to another card (photo-shift fix); own listing photo not on R2,hubfix-all,らーめん 蔵,https://tabelog.com/miyagi/A0402/A040204/4029255/
miyagi/natori|Dining|199,仙台食○,r2-hash-vs-listing:https://tblg.k-img.com/restaurant/images/Rvw/148937/640x640_rect_148937617.jpg,card photo belonged to another card (photo-shift fix); own listing photo not on R2,hubfix-all,仙台食○,https://tabelog.com/miyagi/A0402/A040204/4023782/
miyagi/natori|Dining|219,ARC STAND,r2-hash-vs-listing:https://tblg.k-img.com/restaurant/images/Rvw/367887/640x640_rect_7dbc1173f3113b3d9336922037cf2f14.jpg,card photo belonged to another card (photo-shift fix); own listing photo not on R2,hubfix-all,ARC STAND,https://tabelog.com/miyagi/A0402/A040204/4029111/
miyagi/natori|Dining|239,コナズ珈琲 名取店,r2-hash-vs-listing:https://tblg.k-img.com/restaurant/images/Rvw/374002/640x640_rect_5441e4ec951583c4b2de9bc36a98117a.jpg,card photo belonged to another card (photo-shift fix); own listing photo not on R2,hubfix-all,コナズ珈琲 名取店,https://tabelog.com/miyagi/A0402/A040204/4029926/
miyagi/natori|Dining|259,大森食堂,r2-hash-vs-listing:https://tblg.k-img.com/resize/640x640c/restaurant/images/Rvw/275261/59cca4f55d0b8fd211a0916551b3d56a.jpg?token=6105972&api=v2,card photo belonged to another card (photo-shift fix); own listing photo not on R2,hubfix-all,大森食堂,https://tabelog.com/miyagi/A0401/A040105/4015381/
miyagi/natori|Dining|266,カルディコーヒーファーム イオンモール名取店,r2-hash-vs-listing:https://tblg.k-img.com/restaurant/images/Rvw/375637/640x640_rect_282c8263baf56d3b8db82c9e5043b95a.jpg,card photo belonged to another card (photo-shift fix); own listing photo not on R2,hubfix-all,カルディコーヒーファーム イオンモール名取店,https://tabelog.com/miyagi/A0402/A040204/4029023/
miyagi/natori|Dining|278,マクドナルド 4号線岩沼店,r2-hash-vs-listing:https://tblg.k-img.com/resize/640x640c/restaurant/images/Rvw/203804/dc34cfa2dc90a4e35ad891075f46fa55.jpg?token=f3a6114&api=v2,card photo belonged to another card (photo-shift fix); own listing photo not on R2,hubfix-all,マクドナルド 4号線岩沼店,https://tabelog.com/miyagi/A0402/A040204/4017486/
miyagi/natori|Dining|298,小室わさび屋 ゆりあげ港朝市店,r2-hash-vs-listing:https://tblg.k-img.com/restaurant/images/Rvw/276521/640x640_rect_f715ec9852ea8a01532f4f65922dac44.jpg,card photo belonged to another card (photo-shift fix); own listing photo not on R2,hubfix-all,小室わさび屋 ゆりあげ港朝市店,https://tabelog.com/miyagi/A0402/A040204/4024257/
miyagi/natori|Dining|318,那智が丘カフェ シンシア,r2-hash-vs-listing:https://tblg.k-img.com/restaurant/images/Rvw/172476/640x640_rect_3b2ab7a4409c242da5bb9a738cd7e7fd.jpg,card photo belonged to another card (photo-shift fix); own listing photo not on R2,hubfix-all,那智が丘カフェ シンシア,https://tabelog.com/miyagi/A0402/A040204/4025607/
miyagi/natori|Dining|338,まる勘,r2-hash-vs-listing:https://tblg.k-img.com/restaurant/images/Rvw/362922/640x640_rect_d727386e1ae6b4c43a222d34c2449102.jpg,card photo belonged to another card (photo-shift fix); own listing photo not on R2,hubfix-all,まる勘,https://tabelog.com/miyagi/A0402/A040204/4028397/
miyagi/natori|Dining|358,デイリーヤマザキ 仙台空港店,r2-hash-vs-listing:https://tblg.k-img.com/restaurant/images/Rvw/288054/640x640_rect_cebb2745a114f8ceb12b3dc362d7e2d1.jpg,card photo belonged to another card (photo-shift fix); own listing photo not on R2,hubfix-all,デイリーヤマザキ 仙台空港店,https://tabelog.com/miyagi/A0402/A040204/4020427/
miyagi/natori|Dining|378,ひとくち茶屋 名取田高SC店,r2-hash-vs-listing:https://tblg.k-img.com/restaurant/images/Rvw/191156/640x640_rect_31f13cb12a59791cb6e8dcbddc82306b.jpg,card photo belonged to another card (photo-shift fix); own listing photo not on R2,hubfix-all,ひとくち茶屋 名取田高SC店,https://tabelog.com/miyagi/A0402/A040204/4014717/
miyagi/natori|Dining|398,無印良品 イオンモール名取店,r2-hash-vs-listing:https://tblg.k-img.com/resize/640x640c/restaurant/images/Rvw/158541/158541475.jpg?token=59a3aa6&api=v2,card photo belonged to another card (photo-shift fix); own listing photo not on R2,hubfix-all,無印良品 イオンモール名取店,https://tabelog.com/miyagi/A0402/A040204/4019029/
miyagi/natori|Dining|417,鰊御殿 番屋,r2-hash-vs-listing:https://tblg.k-img.com/restaurant/images/Rvw/18926/640x640_rect_18926007.jpg,card photo belonged to another card (photo-shift fix); own listing photo not on R2,hubfix-all,鰊御殿 番屋,https://tabelog.com/miyagi/A0402/A040204/4013978/
miyagi/natori|Dining|438,阿部蒲鉾店 イオン名取店,r2-hash-vs-listing:https://tblg.k-img.com/restaurant/images/Rvw/147938/640x640_rect_147938703.jpg,card photo belonged to another card (photo-shift fix); own listing photo not on R2,hubfix-all,阿部蒲鉾店 イオン名取店,https://tabelog.com/miyagi/A0402/A040204/4024047/
miyagi/natori|Dining|457,スプリント,r2-hash-vs-listing:https://tblg.k-img.com/resize/640x640c/restaurant/images/Rvw/40610/40610571.jpg?token=dd983c4&api=v2,card photo belonged to another card (photo-shift fix); own listing photo not on R2,hubfix-all,スプリント,https://tabelog.com/miyagi/A0401/A040101/4016731/
miyagi/ogawara|Dining|1,山田庵,r2-hash-vs-listing:https://tblg.k-img.com/restaurant/images/Rvw/384924/640x640_rect_2075fb03e3f8c9a174d07d70c20181d4.jpg,card photo belonged to another card (photo-shift fix); own listing photo not on R2,hubfix-all,山田庵,https://tabelog.com/miyagi/A0402/A040201/4004422/
miyagi/ogawara|Dining|21,居酒屋あい八,r2-hash-vs-listing:https://tblg.k-img.com/restaurant/images/Rvw/316970/640x640_rect_ac84b46ee016794c3c56d681c4877709.jpg,card photo belonged to another card (photo-shift fix); own listing photo not on R2,hubfix-all,居酒屋あい八,https://tabelog.com/miyagi/A0402/A040201/4004070/
miyagi/ogawara|Dining|28,モンテ・マーレ,r2-hash-vs-listing:https://tblg.k-img.com/restaurant/images/Rvw/203023/640x640_rect_84a3a9842cd769291532014b9fe7e085.jpg,card photo belonged to another card (photo-shift fix); own listing photo not on R2,hubfix-all,モンテ・マーレ,https://tabelog.com/miyagi/A0402/A040201/4002438/
miyagi/ogawara|Dining|40,エレファンタ,r2-hash-vs-listing:https://tblg.k-img.com/restaurant/images/Rvw/15935/640x640_rect_15935689.jpg,card photo belonged to another card (photo-shift fix); own listing photo not on R2,hubfix-all,エレファンタ,https://tabelog.com/miyagi/A0402/A040201/4000438/
miyagi/ogawara|Dining|60,ガスト 仙南大河原店,r2-hash-vs-listing:https://tblg.k-img.com/restaurant/images/Rvw/354408/640x640_rect_43795090668c04923fbe7903e1e8231f.jpg,card photo belonged to another card (photo-shift fix); own listing photo not on R2,hubfix-all,ガスト 仙南大河原店,https://tabelog.com/miyagi/A0402/A040201/4006083/
miyagi/ogawara|Dining|80,居酒屋ささき,r2-hash-vs-listing:https://tblg.k-img.com/restaurant/images/Rvw/96069/640x640_rect_96069061.jpg,card photo belonged to another card (photo-shift fix); own listing photo not on R2,hubfix-all,居酒屋ささき,https://tabelog.com/miyagi/A0402/A040201/4006005/
miyagi/ogawara|Dining|85,さくらフローラ,r2-hash-vs-listing:https://tblg.k-img.com/restaurant/images/Rvw/83515/640x640_rect_83515001.jpg,card photo belonged to another card (photo-shift fix); own listing photo not on R2,hubfix-all,さくらフローラ,https://tabelog.com/miyagi/A0402/A040201/4018413/
miyagi/ogawara|Dining|99,ラルカンシェール みやぎ生協大河原店,r2-hash-vs-listing:https://tblg.k-img.com/resize/640x640c/restaurant/images/Rvw/186002/8f4661c6d741437ad322abfc3bee25bb.jpg?token=789945d&api=v2,card photo belonged to another card (photo-shift fix); own listing photo not on R2,hubfix-all,ラルカンシェール みやぎ生協大河原店,https://tabelog.com/miyagi/A0402/A040201/4024457/
miyagi/ogawara|Dining|119,菓匠三全 栄町店,r2-hash-vs-listing:https://tblg.k-img.com/restaurant/images/Rvw/345235/640x640_rect_0cfc5f138fcd0a39fd1e908a0ac80233.jpg,card photo belonged to another card (photo-shift fix); own listing photo not on R2,hubfix-all,菓匠三全 栄町店,https://tabelog.com/miyagi/A0402/A040201/4020656/
miyagi/onagawa|Dining|1,女川海の膳ニューこのり,r2-hash-vs-listing:https://tblg.k-img.com/resize/640x640c/restaurant/images/Rvw/114028/114028701.jpg?token=bcad645&api=v2,card photo belonged to another card (photo-shift fix); own listing photo not on R2,hubfix-all,女川海の膳ニューこのり,https://tabelog.com/miyagi/A0404/A040403/4003356/
miyagi/onagawa|Dining|9,イル ガッビアーノ,r2-hash-vs-listing:https://tblg.k-img.com/restaurant/images/Rvw/359009/640x640_rect_d6d2e630217aa9f270b70c84e930c5d2.jpg,card photo belonged to another card (photo-shift fix); own listing photo not on R2,hubfix-all,イル ガッビアーノ,https://tabelog.com/miyagi/A0404/A040403/4023221/
miyagi/onagawa|Dining|19,食堂 おかずや,r2-hash-vs-listing:https://tblg.k-img.com/restaurant/images/Rvw/374819/640x640_rect_d56e248d692d9a3e9407222588f189f4.jpg,card photo belonged to another card (photo-shift fix); own listing photo not on R2,hubfix-all,食堂 おかずや,https://tabelog.com/miyagi/A0404/A040403/4006332/
miyagi/onagawa|Dining|39,カフェさくら,r2-hash-vs-listing:https://tblg.k-img.com/restaurant/images/Rvw/255663/640x640_rect_8bbb8e8ceb4d731ba10975b5fbc18577.jpg,card photo belonged to another card (photo-shift fix); own listing photo not on R2,hubfix-all,カフェさくら,https://tabelog.com/miyagi/A0404/A040403/4016864/
miyagi/onagawa|Dining|59,コミュニティスペース うみねこ,r2-hash-vs-listing:https://tblg.k-img.com/resize/640x640c/restaurant/images/Rvw/64194/64194059.jpg?token=8ac649f&api=v2,card photo belonged to another card (photo-shift fix); own listing photo not on R2,hubfix-all,コミュニティスペース うみねこ,https://tabelog.com/miyagi/A0404/A040403/4018766/
miyagi/osakishi|Dining|1,麺屋 奏,r2-hash-vs-listing:https://tblg.k-img.com/restaurant/images/Rvw/379172/640x640_rect_483fc3d5ccf6a1a345a3e18c98005a44.jpg,card photo belonged to another card (photo-shift fix); own listing photo not on R2,hubfix-all,麺屋 奏,https://tabelog.com/miyagi/A0403/A040301/4016672/
miyagi/osakishi|Dining|21,藤治朗,r2-hash-vs-listing:https://tblg.k-img.com/resize/640x640c/restaurant/images/Rvw/316836/e0858933559fed6eac9ace80c0b69f0d.jpg?token=8c311d6&api=v2,card photo belonged to another card (photo-shift fix); own listing photo not on R2,hubfix-all,藤治朗,https://tabelog.com/miyagi/A0403/A040301/4022416/
miyagi/osakishi|Dining|41,もちべえ バイパス店,r2-hash-vs-listing:https://tblg.k-img.com/restaurant/images/Rvw/306389/640x640_rect_7d46cca9f7b4e1b3d5ddca3d6ae655e6.jpg,card photo belonged to another card (photo-shift fix); own listing photo not on R2,hubfix-all,もちべえ バイパス店,https://tabelog.com/miyagi/A0403/A040301/4000257/
miyagi/osakishi|Dining|61,ついてる,r2-hash-vs-listing:https://tblg.k-img.com/restaurant/images/Rvw/375684/640x640_rect_46712892e84941e6505d65e8dc79b54e.jpg,card photo belonged to another card (photo-shift fix); own listing photo not on R2,hubfix-all,ついてる,https://tabelog.com/miyagi/A0403/A040301/4018781/
miyagi/osakishi|Dining|81,まるか食堂,r2-hash-vs-listing:https://tblg.k-img.com/resize/640x640c/restaurant/images/Rvw/383556/0986cc26b6660e0f9f734e49e4c6fe4f.jpg?token=82c6e50&api=v2,card photo belonged to another card (photo-shift fix); own listing photo not on R2,hubfix-all,まるか食堂,https://tabelog.com/miyagi/A0403/A040301/4030012/
miyagi/osakishi|Dining|87,割烹料理 石亭,r2-hash-vs-listing:https://tblg.k-img.com/resize/640x640c/restaurant/images/Rvw/164441/60d8b0cf93d63f78c794956b6fd3339b.jpg?token=fcc0939&api=v2,card photo belonged to another card (photo-shift fix); own listing photo not on R2,hubfix-all,割烹料理 石亭,https://tabelog.com/miyagi/A0403/A040301/4003302/
miyagi/osakishi|Dining|101,リストランテ UEMON,r2-hash-vs-listing:https://tblg.k-img.com/restaurant/images/Rvw/241591/640x640_rect_b8448324bda9648097ebafe290904e75.jpg,card photo belonged to another card (photo-shift fix); own listing photo not on R2,hubfix-all,リストランテ UEMON,https://tabelog.com/miyagi/A0403/A040301/4022227/
miyagi/osakishi|Dining|118,坪田菓子店,r2-hash-vs-listing:https://tblg.k-img.com/restaurant/images/Rvw/190003/640x640_rect_f401acd445b9d33ac2f4acac872682d0.jpg,card photo belonged to another card (photo-shift fix); own listing photo not on R2,hubfix-all,坪田菓子店,https://tabelog.com/miyagi/A0403/A040301/4013554/
miyagi/osakishi|Dining|139,長者原サービスエリア(上り線),r2-hash-vs-listing:https://tblg.k-img.com/resize/640x640c/restaurant/images/Rvw/234461/7e103d1a91d9cfe53c7b5927e18d3b42.jpg?token=1107be7&api=v2,card photo belonged to another card (photo-shift fix); own listing photo not on R2,hubfix-all,長者原サービスエリア(上り線),https://tabelog.com/miyagi/A0403/A040301/4018131/
miyagi/osakishi|Dining|155,かのや食堂,r2-hash-vs-listing:https://tblg.k-img.com/restaurant/images/Rvw/302424/640x640_rect_36363ac8ae64f57a7c0eace807bfeebc.jpg,card photo belonged to another card (photo-shift fix); own listing photo not on R2,hubfix-all,かのや食堂,https://tabelog.com/miyagi/A0403/A040301/4005695/
miyagi/osakishi|Dining|170,浜寿司,r2-hash-vs-listing:https://tblg.k-img.com/restaurant/images/Rvw/385568/640x640_rect_1a102206b5ab455b4aaeb309c448e9a1.jpg,card photo belonged to another card (photo-shift fix); own listing photo not on R2,hubfix-all,浜寿司,https://tabelog.com/miyagi/A0403/A040301/4004801/
miyagi/osakishi|Dining|175,大江戸温泉物語 ますや,r2-hash-vs-listing:https://tblg.k-img.com/restaurant/images/Rvw/381856/640x640_rect_73d649bc93219e889f8facedc7f9d7a0.jpg,card photo belonged to another card (photo-shift fix); own listing photo not on R2,hubfix-all,大江戸温泉物語 ますや,https://tabelog.com/miyagi/A0403/A040301/4010304/
miyagi/osakishi|Dining|191,加護坊温泉　さくらの湯,r2-hash-vs-listing:https://tblg.k-img.com/restaurant/images/Rvw/352884/640x640_rect_9a55cba20a5fbeb1ceb34b96f34b0d35.jpg,card photo belonged to another card (photo-shift fix); own listing photo not on R2,hubfix-all,加護坊温泉　さくらの湯,https://tabelog.com/miyagi/A0403/A040301/4012826/
miyagi/osakishi|Dining|196,ＲＥＳＴＡＵＲＡＮＴ ＆ ＢＡＲ　雅朧,r2-hash-vs-listing:https://tblg.k-img.com/restaurant/images/Rvw/4066/640x640_rect_4066444.jpg,card photo belonged to another card (photo-shift fix); own listing photo not on R2,hubfix-all,ＲＥＳＴＡＵＲＡＮＴ ＆ ＢＡＲ　雅朧,https://tabelog.com/miyagi/A0403/A040301/4003567/
miyagi/osakishi|Dining|207,長者原サービスエリア(下り線) ショッピングコーナー,r2-hash-vs-listing:https://tblg.k-img.com/restaurant/images/Rvw/244282/640x640_rect_0c466b31297d1aa602ecd77815a0dc44.jpg,card photo belonged to another card (photo-shift fix); own listing photo not on R2,hubfix-all,長者原サービスエリア(下り線) ショッピングコーナー,https://tabelog.com/miyagi/A0403/A040301/4010695/
miyagi/osakishi|Dining|226,Sevendays Coffee,r2-hash-vs-listing:https://tblg.k-img.com/restaurant/images/Rvw/291617/640x640_rect_4b69e341836c3f829cb5f0bab3388a42.jpg,card photo belonged to another card (photo-shift fix); own listing photo not on R2,hubfix-all,Sevendays Coffee,https://tabelog.com/miyagi/A0403/A040301/4026041/
miyagi/osakishi|Dining|230,CREA WEDDING&CAFE,r2-hash-vs-listing:https://tblg.k-img.com/restaurant/images/Rvw/304223/640x640_rect_64e077c7e4c323cbc7ec60d8a7059134.jpg,card photo belonged to another card (photo-shift fix); own listing photo not on R2,hubfix-all,CREA WEDDING&CAFE,https://tabelog.com/miyagi/A0403/A040301/4027763/
miyagi/osakishi|Dining|239,ゑんどうや,r2-hash-vs-listing:https://tblg.k-img.com/restaurant/images/Rvw/7337/640x640_rect_7337862.jpg,card photo belonged to another card (photo-shift fix); own listing photo not on R2,hubfix-all,ゑんどうや,https://tabelog.com/miyagi/A0403/A040301/4006685/
miyagi/osakishi|Dining|247,手延べうどん　むぎの里 古川店,r2-hash-vs-listing:https://tblg.k-img.com/restaurant/images/Rvw/307448/640x640_rect_4937a48ef942f4c2ca0e621257b241b4.jpg,card photo belonged to another card (photo-shift fix); own listing photo not on R2,hubfix-all,手延べうどん　むぎの里 古川店,https://tabelog.com/miyagi/A0403/A040301/4008502/
miyagi/osakishi|Dining|257,鶏から揚げ専門 井上商店 古川稲葉店,r2-hash-vs-listing:https://tblg.k-img.com/resize/640x640c/restaurant/images/Rvw/331402/f083d5b94f1134d1f0e2c61c40e7ccf0.jpg?token=477c50a&api=v2,card photo belonged to another card (photo-shift fix); own listing photo not on R2,hubfix-all,鶏から揚げ専門 井上商店 古川稲葉店,https://tabelog.com/miyagi/A0403/A040301/4022368/
miyagi/osakishi|Dining|277,Cafe Repos,r2-hash-vs-listing:https://tblg.k-img.com/restaurant/images/Rvw/300233/640x640_rect_344c873f27624f552280d2ac13de217b.jpg,card photo belonged to another card (photo-shift fix); own listing photo not on R2,hubfix-all,Cafe Repos,https://tabelog.com/miyagi/A0403/A040301/4011204/
miyagi/osakishi|Dining|296,伊藤商店 古川店,r2-hash-vs-listing:https://tblg.k-img.com/resize/640x640c/restaurant/images/Rvw/338137/ae8e6197bd1e26bc523ec2c23123f435.jpg?token=a1fa028&api=v2,card photo belonged to another card (photo-shift fix); own listing photo not on R2,hubfix-all,伊藤商店 古川店,https://tabelog.com/miyagi/A0403/A040301/4020542/
miyagi/osakishi|Dining|316,旬屋 古川店,r2-hash-vs-listing:https://tblg.k-img.com/restaurant/images/Rvw/278997/640x640_rect_c89be09850a34529df09ebf5fd8566b0.jpg,card photo belonged to another card (photo-shift fix); own listing photo not on R2,hubfix-all,旬屋 古川店,https://tabelog.com/miyagi/A0403/A040301/4014626/
miyagi/osakishi|Dining|321,旬菜呑処こけし,r2-hash-vs-listing:https://tblg.k-img.com/restaurant/images/Rvw/275368/640x640_rect_eb5c34505f69a8ab3488efa24a0dfadc.jpg,card photo belonged to another card (photo-shift fix); own listing photo not on R2,hubfix-all,旬菜呑処こけし,https://tabelog.com/miyagi/A0403/A040301/4003832/
miyagi/osakishi|Dining|336,ととや,r2-hash-vs-listing:https://tblg.k-img.com/restaurant/images/Rvw/348174/640x640_rect_9d389e4fa747395a136486b5238d70a5.jpg,card photo belonged to another card (photo-shift fix); own listing photo not on R2,hubfix-all,ととや,https://tabelog.com/miyagi/A0403/A040301/4005150/
miyagi/osakishi|Dining|347,VERRY VERRY,r2-hash-vs-listing:https://tblg.k-img.com/restaurant/images/Rvw/306753/640x640_rect_bcb4989a91dee65467252d0528982f4c.jpg,card photo belonged to another card (photo-shift fix); own listing photo not on R2,hubfix-all,VERRY VERRY,https://tabelog.com/miyagi/A0403/A040301/4029149/
miyagi/osakishi|Dining|356,魚べい 古川店,r2-hash-vs-listing:https://tblg.k-img.com/restaurant/images/Rvw/364416/640x640_rect_e92b677c8d45e9c396bc3e004d664b3f.jpg,card photo belonged to another card (photo-shift fix); own listing photo not on R2,hubfix-all,魚べい 古川店,https://tabelog.com/miyagi/A0403/A040301/4019134/
miyagi/osakishi|Dining|359,ジョイフル 古川店,r2-hash-vs-listing:https://tblg.k-img.com/restaurant/images/Rvw/354564/640x640_rect_e05863bc61024ff1b505c5be2a450b74.jpg,card photo belonged to another card (photo-shift fix); own listing photo not on R2,hubfix-all,ジョイフル 古川店,https://tabelog.com/miyagi/A0403/A040301/4013357/
miyagi/osakishi|Dining|376,大名弁当 北町店,r2-hash-vs-listing:https://tblg.k-img.com/restaurant/images/Rvw/146515/640x640_rect_146515945.jpg,card photo belonged to another card (photo-shift fix); own listing photo not on R2,hubfix-all,大名弁当 北町店,https://tabelog.com/miyagi/A0403/A040301/4017479/
miyagi/osakishi|Dining|388,食事処 やすみや,r2-hash-vs-listing:https://tblg.k-img.com/restaurant/images/Rvw/285337/640x640_rect_83aea3b1506b70672f7c0476b55836de.jpg,card photo belonged to another card (photo-shift fix); own listing photo not on R2,hubfix-all,食事処 やすみや,https://tabelog.com/miyagi/A0403/A040301/4028350/
miyagi/osakishi|Dining|393,RIDER HOUSE & CAFE Layback,r2-hash-vs-listing:https://tblg.k-img.com/restaurant/images/Rvw/373948/640x640_rect_f72ffa8314354ee7d3c14870b63e5eae.jpg,card photo belonged to another card (photo-shift fix); own listing photo not on R2,hubfix-all,RIDER HOUSE & CAFE Layback,https://tabelog.com/miyagi/A0403/A040301/4029974/
miyagi/osakishi|Dining|396,喫茶 居酒屋 道,r2-hash-vs-listing:https://tblg.k-img.com/resize/640x640c/restaurant/images/Rvw/376594/23db4730f703eae601cf12404e242f6c.jpg?token=396ca09&api=v2,card photo belonged to another card (photo-shift fix); own listing photo not on R2,hubfix-all,喫茶 居酒屋 道,https://tabelog.com/miyagi/A0403/A040301/4030027/
miyagi/osakishi|Dining|404,メローガーデン KASHIMADAI,r2-hash-vs-listing:https://tblg.k-img.com/resize/640x640c/restaurant/images/Rvw/201497/109fc93fe5544ce6e40398bf741b04b0.jpg?token=65a8ad6&api=v2,card photo belonged to another card (photo-shift fix); own listing photo not on R2,hubfix-all,メローガーデン KASHIMADAI,https://tabelog.com/miyagi/A0403/A040301/4025959/
miyagi/osakishi|Dining|407,仙台っ子 古川店,r2-hash-vs-listing:https://tblg.k-img.com/restaurant/images/Rvw/229634/640x640_rect_169048682742132de0a80eba0390040b.jpg,card photo belonged to another card (photo-shift fix); own listing photo not on R2,hubfix-all,仙台っ子 古川店,https://tabelog.com/miyagi/A0403/A040301/4013603/
miyagi/osakishi|Dining|412,焼肉ホルモン食樂 古川駅前大通店,r2-hash-vs-listing:https://tblg.k-img.com/restaurant/images/Rvw/369203/640x640_rect_c72e9083b99420bf410324c6cac4de58.jpg,card photo belonged to another card (photo-shift fix); own listing photo not on R2,hubfix-all,焼肉ホルモン食樂 古川駅前大通店,https://tabelog.com/miyagi/A0403/A040301/4009484/
miyagi/osakishi|Dining|432,福ちゃん餃子,r2-hash-vs-listing:https://tblg.k-img.com/restaurant/images/Rvw/300842/640x640_rect_b84ddff6261ea68eb4be57ecbb44fc40.jpg,card photo belonged to another card (photo-shift fix); own listing photo not on R2,hubfix-all,福ちゃん餃子,https://tabelog.com/miyagi/A0403/A040301/4023455/
miyagi/osakishi|Dining|448,ハーブカントリー,r2-hash-vs-listing:https://tblg.k-img.com/resize/640x640c/restaurant/images/Rvw/4936/4936829.jpg?token=b3d85fc&api=v2,card photo belonged to another card (photo-shift fix); own listing photo not on R2,hubfix-all,ハーブカントリー,https://tabelog.com/miyagi/A0403/A040301/4002732/
miyagi/osakishi|Dining|452,居酒屋 藤,r2-hash-vs-listing:https://tblg.k-img.com/resize/640x640c/restaurant/images/Rvw/24344/24344049.jpg?token=391bd3c&api=v2,card photo belonged to another card (photo-shift fix); own listing photo not on R2,hubfix-all,居酒屋 藤,https://tabelog.com/miyagi/A0403/A040301/4014904/
miyagi/osakishi|Dining|472,寿,r2-hash-vs-listing:https://tblg.k-img.com/restaurant/images/Rvw/378981/640x640_rect_e9948628b5db816fba6ebaf4f8ef4b3c.jpg,card photo belonged to another card (photo-shift fix); own listing photo not on R2,hubfix-all,寿,https://tabelog.com/miyagi/A0403/A040301/4009962/
miyagi/osakishi|Dining|476,ミニストップ 宮城田尻店,r2-hash-vs-listing:https://tblg.k-img.com/restaurant/images/Rvw/363646/640x640_rect_054f2e901469d89e8a862c985af63d1b.jpg,card photo belonged to another card (photo-shift fix); own listing photo not on R2,hubfix-all,ミニストップ 宮城田尻店,https://tabelog.com/miyagi/A0403/A040301/4024975/
miyagi/osakishi|Dining|491,有備館,r2-hash-vs-listing:https://tblg.k-img.com/restaurant/images/Rvw/316930/640x640_rect_ec69171471d0c96a3a360967724930dc.jpg,card photo belonged to another card (photo-shift fix); own listing photo not on R2,hubfix-all,有備館,https://tabelog.com/miyagi/A0403/A040301/4029331/
miyagi/osakishi|Dining|511,点心ファクトリー　すずかけ,r2-hash-vs-listing:https://tblg.k-img.com/resize/640x640c/restaurant/images/Rvw/58817/58817040.jpg?token=0a01034&api=v2,card photo belonged to another card (photo-shift fix); own listing photo not on R2,hubfix-all,点心ファクトリー　すずかけ,https://tabelog.com/miyagi/A0403/A040301/4010736/
miyagi/osakishi|Dining|531,石巻屋,r2-hash-vs-listing:https://tblg.k-img.com/restaurant/images/Rvw/214211/640x640_rect_419b761617c7b993a2c62bd00fb35200.jpg,card photo belonged to another card (photo-shift fix); own listing photo not on R2,hubfix-all,石巻屋,https://tabelog.com/miyagi/A0403/A040301/4012489/
miyagi/osakishi|Dining|550,わが家,r2-hash-vs-listing:https://tblg.k-img.com/resize/640x640c/restaurant/images/Rvw/240635/4c9c5f67cf0d2cd193ccd4b23a95c0b3.jpg?token=e46b0da&api=v2,card photo belonged to another card (photo-shift fix); own listing photo not on R2,hubfix-all,わが家,https://tabelog.com/miyagi/A0403/A040301/4027679/
miyagi/osakishi|Dining|571,ほっともっと 古川北町店,r2-hash-vs-listing:https://tblg.k-img.com/restaurant/images/Rvw/150952/640x640_rect_150952528.jpg,card photo belonged to another card (photo-shift fix); own listing photo not on R2,hubfix-all,ほっともっと 古川北町店,https://tabelog.com/miyagi/A0403/A040301/4014160/
miyagi/osakishi|Dining|591,養老乃瀧 リオーネ古川店,r2-hash-vs-listing:https://tblg.k-img.com/restaurant/images/Rvw/377755/640x640_rect_f6f5b7cda8b69cdbf59da8c6e996e789.jpg,card photo belonged to another card (photo-shift fix); own listing photo not on R2,hubfix-all,養老乃瀧 リオーネ古川店,https://tabelog.com/miyagi/A0403/A040301/4029805/
miyagi/osakishi|Dining|612,喜楽,r2-hash-vs-listing:https://tblg.k-img.com/resize/640x640c/restaurant/images/Rvw/24471/24471227.jpg?token=22c7ca2&api=v2,card photo belonged to another card (photo-shift fix); own listing photo not on R2,hubfix-all,喜楽,https://tabelog.com/miyagi/A0403/A040301/4006751/
miyagi/osakishi|Dining|627,おみやげ処ふるかわ,r2-hash-vs-listing:https://tblg.k-img.com/resize/640x640c/restaurant/images/Rvw/375110/d880b6eeb7a6258a168f2103bb543c53.jpg?token=96c6d88&api=v2,card photo belonged to another card (photo-shift fix); own listing photo not on R2,hubfix-all,おみやげ処ふるかわ,https://tabelog.com/miyagi/A0403/A040301/4019763/
miyagi/osakishi|Dining|631,きときと,r2-hash-vs-listing:https://tblg.k-img.com/restaurant/images/Rvw/209864/640x640_rect_94c141328926470c4db80eed472089da.jpg,card photo belonged to another card (photo-shift fix); own listing photo not on R2,hubfix-all,きときと,https://tabelog.com/miyagi/A0403/A040301/4014217/
miyagi/osakishi|Dining|634,あかとら,r2-hash-vs-listing:https://tblg.k-img.com/restaurant/images/Rvw/271213/640x640_rect_ab78cb923af3de4435c13910c6f1de28.jpg,card photo belonged to another card (photo-shift fix); own listing photo not on R2,hubfix-all,あかとら,https://tabelog.com/miyagi/A0403/A040301/4026770/
miyagi/osakishi|Dining|637,サクラサク,r2-hash-vs-listing:https://tblg.k-img.com/restaurant/images/Rvw/344339/640x640_rect_ea21fae9dabd144583ac87e0350124f0.jpg,card photo belonged to another card (photo-shift fix); own listing photo not on R2,hubfix-all,サクラサク,https://tabelog.com/miyagi/A0403/A040301/4029121/
miyagi/osakishi|Dining|648,コルプラン,r2-hash-vs-listing:https://tblg.k-img.com/resize/640x640c/restaurant/images/Rvw/199823/9a5991171a83f73265fb80f049a34ed2.jpg?token=a1feeb7&api=v2,card photo belonged to another card (photo-shift fix); own listing photo not on R2,hubfix-all,コルプラン,https://tabelog.com/miyagi/A0403/A040301/4016180/
miyagi/osakishi|Dining|668,プラザホテル古川,r2-hash-vs-listing:https://tblg.k-img.com/resize/640x640c/restaurant/images/Rvw/33239/33239245.jpg?token=272fa98&api=v2,card photo belonged to another card (photo-shift fix); own listing photo not on R2,hubfix-all,プラザホテル古川,https://tabelog.com/miyagi/A0403/A040301/4013420/
miyagi/osakishi|Dining|686,エムアイプラザ 古川店,r2-hash-vs-listing:https://tblg.k-img.com/resize/640x640c/restaurant/images/Rvw/276913/bfd0f67ce86b127336603efc918a4dec.jpg?token=0063081&api=v2,card photo belonged to another card (photo-shift fix); own listing photo not on R2,hubfix-all,エムアイプラザ 古川店,https://tabelog.com/miyagi/A0403/A040301/4027527/
miyagi/osakishi|Dining|688,燦呂道,r2-hash-vs-listing:https://tblg.k-img.com/resize/640x640c/restaurant/images/Rvw/255295/594dbd03db39dfd8b2b3daf27c67cf0b.jpg?token=011133e&api=v2,card photo belonged to another card (photo-shift fix); own listing photo not on R2,hubfix-all,燦呂道,https://tabelog.com/miyagi/A0403/A040301/4010733/
miyagi/osakishi|Dining|704,美代寿司,r2-hash-vs-listing:https://tblg.k-img.com/resize/640x640c/restaurant/images/Rvw/65151/65151009.jpg?token=97a2de2&api=v2,card photo belonged to another card (photo-shift fix); own listing photo not on R2,hubfix-all,美代寿司,https://tabelog.com/miyagi/A0403/A040301/4004796/
miyagi/osakishi|Dining|723,カワチ薬品 古川店,r2-hash-vs-listing:https://tblg.k-img.com/restaurant/images/Rvw/238472/640x640_rect_61994d7d1e3deeeb8169943d134d55ea.jpg,card photo belonged to another card (photo-shift fix); own listing photo not on R2,hubfix-all,カワチ薬品 古川店,https://tabelog.com/miyagi/A0403/A040301/4017989/
miyagi/osato|Dining|21,パン工房わ・は・わ,r2-hash-vs-listing:https://tblg.k-img.com/restaurant/images/Rvw/110636/640x640_rect_b3c829e32fb659500be1ef5dfa474011.jpg,card photo belonged to another card (photo-shift fix); own listing photo not on R2,hubfix-all,パン工房わ・は・わ,https://tabelog.com/miyagi/A0404/A040404/4021868/
miyagi/rifu|Dining|1,麺屋久兵衛,r2-hash-vs-listing:https://tblg.k-img.com/restaurant/images/Rvw/375299/640x640_rect_351807bf04a04c898ba5e99ffc9e84d8.jpg,card photo belonged to another card (photo-shift fix); own listing photo not on R2,hubfix-all,麺屋久兵衛,https://tabelog.com/miyagi/A0404/A040404/4002455/
miyagi/rifu|Dining|21,カフェレストラン・アリーノ,r2-hash-vs-listing:https://tblg.k-img.com/resize/640x640c/restaurant/images/Rvw/185281/7edf78156246200d6d59cd596c97afe4.jpg?token=0c2a4d4&api=v2,card photo belonged to another card (photo-shift fix); own listing photo not on R2,hubfix-all,カフェレストラン・アリーノ,https://tabelog.com/miyagi/A0404/A040404/4024931/
miyagi/rifu|Dining|41,Rojiura Curry SAMURAI. 新利府南館店,r2-hash-vs-listing:https://tblg.k-img.com/restaurant/images/Rvw/147552/640x640_rect_147552221.jpg,card photo belonged to another card (photo-shift fix); own listing photo not on R2,hubfix-all,Rojiura Curry SAMURAI. 新利府南館店,https://tabelog.com/miyagi/A0404/A040404/4023855/
miyagi/rifu|Dining|60,ビアードパパの作りたて工房 イオンモール新利府店,r2-hash-vs-listing:https://tblg.k-img.com/restaurant/images/Rvw/280004/640x640_rect_b160d6d42d63ad1e0ec808a5c799ac94.jpg,card photo belonged to another card (photo-shift fix); own listing photo not on R2,hubfix-all,ビアードパパの作りたて工房 イオンモール新利府店,https://tabelog.com/miyagi/A0404/A040404/4027917/
miyagi/rifu|Dining|62,らーめん堂仙台っ子 利府店,r2-hash-vs-listing:https://tblg.k-img.com/restaurant/images/Rvw/361722/640x640_rect_5623d9bbaa862e260d7dd13203fb0e33.jpg,card photo belonged to another card (photo-shift fix); own listing photo not on R2,hubfix-all,らーめん堂仙台っ子 利府店,https://tabelog.com/miyagi/A0404/A040404/4011426/
miyagi/rifu|Dining|79,スターバックスコーヒー イオンモール新利府南館1階店,r2-hash-vs-listing:https://tblg.k-img.com/restaurant/images/Rvw/330385/640x640_rect_36a44055c679909cc90aceb6d869e538.jpg,card photo belonged to another card (photo-shift fix); own listing photo not on R2,hubfix-all,スターバックスコーヒー イオンモール新利府南館1階店,https://tabelog.com/miyagi/A0404/A040404/4023871/
miyagi/rifu|Dining|99,牛たん炭焼 利久 イオンモール新利府店,r2-hash-vs-listing:https://tblg.k-img.com/resize/640x640c/restaurant/images/Rvw/376867/95b406b241188fd9fc50dc334bd2c989.jpg?token=b53d923&api=v2,card photo belonged to another card (photo-shift fix); own listing photo not on R2,hubfix-all,牛たん炭焼 利久 イオンモール新利府店,https://tabelog.com/miyagi/A0404/A040404/4023831/
miyagi/rifu|Dining|106,あじわいの朝 利府店,r2-hash-vs-listing:https://tblg.k-img.com/restaurant/images/Rvw/203428/640x640_rect_8abf8793c7c2525432d75961d47049d3.jpg,card photo belonged to another card (photo-shift fix); own listing photo not on R2,hubfix-all,あじわいの朝 利府店,https://tabelog.com/miyagi/A0404/A040404/4021838/
miyagi/rifu|Dining|118,ドトールコーヒーショップ イオンモール新利府南館店,r2-hash-vs-listing:https://tblg.k-img.com/restaurant/images/Rvw/148692/640x640_rect_148692865.jpg,card photo belonged to another card (photo-shift fix); own listing photo not on R2,hubfix-all,ドトールコーヒーショップ イオンモール新利府南館店,https://tabelog.com/miyagi/A0404/A040404/4023864/
miyagi/rifu|Dining|138,阿部蒲鉾店 イオンモール新利府 北館店,r2-hash-vs-listing:https://tblg.k-img.com/restaurant/images/Rvw/232087/640x640_rect_653a0a0271db0597133539795193b855.jpg,card photo belonged to another card (photo-shift fix); own listing photo not on R2,hubfix-all,阿部蒲鉾店 イオンモール新利府 北館店,https://tabelog.com/miyagi/A0404/A040404/4024543/
miyagi/rifu|Dining|147,カフェ グランブルー,r2-hash-vs-listing:https://tblg.k-img.com/restaurant/images/Rvw/137597/640x640_rect_137597306.jpg,card photo belonged to another card (photo-shift fix); own listing photo not on R2,hubfix-all,カフェ グランブルー,https://tabelog.com/miyagi/A0404/A040404/4023414/
miyagi/rifu|Dining|158,シャトレーゼ 利府店,r2-hash-vs-listing:https://tblg.k-img.com/restaurant/images/Rvw/243165/640x640_rect_fbd935ed47453b0ac387d8f85525181f.jpg,card photo belonged to another card (photo-shift fix); own listing photo not on R2,hubfix-all,シャトレーゼ 利府店,https://tabelog.com/miyagi/A0404/A040404/4024936/
miyagi/rifu|Dining|179,キッチンポトス 利府店,r2-hash-vs-listing:https://tblg.k-img.com/restaurant/images/Rvw/196518/640x640_rect_89496a0e0cd4248ac1d16235bd68d036.jpg,card photo belonged to another card (photo-shift fix); own listing photo not on R2,hubfix-all,キッチンポトス 利府店,https://tabelog.com/miyagi/A0404/A040404/4019573/
miyagi/rifu|Dining|197,甲本商店,r2-hash-vs-listing:https://tblg.k-img.com/images/no_photo_350x350.gif,card photo belonged to another card (photo-shift fix); own listing photo not on R2,hubfix-all,甲本商店,https://tabelog.com/miyagi/A0404/A040404/4027313/
miyagi/sendai|Dining|2,鮨德,r2-hash-vs-listing:https://tblg.k-img.com/resize/640x640c/restaurant/images/Rvw/374086/1d2a4806a63ddc703af93ec12bca50bb.jpg?token=54d8405&api=v2,card photo belonged to another card (photo-shift fix); own listing photo not on R2,hubfix-all,鮨德,https://tabelog.com/miyagi/A0401/A040101/4025745/
miyagi/shibatacho|Dining|1,花いかだ,r2-hash-vs-listing:https://tblg.k-img.com/restaurant/images/Rvw/162683/640x640_rect_162683916.jpg,card photo belonged to another card (photo-shift fix); own listing photo not on R2,hubfix-all,花いかだ,https://tabelog.com/miyagi/A0402/A040201/4000416/
miyagi/shibatacho|Dining|21,むすび亭 おとわ,r2-hash-vs-listing:https://tblg.k-img.com/restaurant/images/Rvw/324301/640x640_rect_42653cd48a25065e0f138cbd08e9022a.jpg,card photo belonged to another card (photo-shift fix); own listing photo not on R2,hubfix-all,むすび亭 おとわ,https://tabelog.com/miyagi/A0402/A040201/4028177/
miyagi/shibatacho|Dining|41,町田商店 柴田バイパス店,r2-hash-vs-listing:https://tblg.k-img.com/restaurant/images/Rvw/323847/640x640_rect_6658df890d855a6203386b425b4f4e03.jpg,card photo belonged to another card (photo-shift fix); own listing photo not on R2,hubfix-all,町田商店 柴田バイパス店,https://tabelog.com/miyagi/A0402/A040201/4023025/
miyagi/shibatacho|Dining|61,ちよちゃん食堂,r2-hash-vs-listing:https://tblg.k-img.com/restaurant/images/Rvw/350617/640x640_rect_42e34a90d022d05968d91dd6ddaa82c2.jpg,card photo belonged to another card (photo-shift fix); own listing photo not on R2,hubfix-all,ちよちゃん食堂,https://tabelog.com/miyagi/A0402/A040201/4009966/
miyagi/shibatacho|Dining|81,ホテル原田 in さくら,r2-hash-vs-listing:https://tblg.k-img.com/restaurant/images/Rvw/90277/640x640_rect_90277219.jpg,card photo belonged to another card (photo-shift fix); own listing photo not on R2,hubfix-all,ホテル原田 in さくら,https://tabelog.com/miyagi/A0402/A040201/4010212/
miyagi/shibatacho|Dining|101,マクドナルド ザ・ビッグ柴田店,r2-hash-vs-listing:https://tblg.k-img.com/restaurant/images/Rvw/369011/640x640_rect_30eb05ac196e8aaf70b5cf86bb5989e8.jpg,card photo belonged to another card (photo-shift fix); own listing photo not on R2,hubfix-all,マクドナルド ザ・ビッグ柴田店,https://tabelog.com/miyagi/A0402/A040201/4009251/
miyagi/shibatacho|Dining|107,平禄寿司 宮城柴田船岡店,r2-hash-vs-listing:https://tblg.k-img.com/resize/640x640c/restaurant/images/Rvw/75981/75981916.jpg?token=d7b1dd8&api=v2,card photo belonged to another card (photo-shift fix); own listing photo not on R2,hubfix-all,平禄寿司 宮城柴田船岡店,https://tabelog.com/miyagi/A0402/A040201/4013146/
miyagi/shibatacho|Dining|120,メリー チョコレート イオン船岡店,r2-hash-vs-listing:https://tblg.k-img.com/resize/640x640c/restaurant/images/Rvw/106940/106940263.jpg?token=5b9125e&api=v2,card photo belonged to another card (photo-shift fix); own listing photo not on R2,hubfix-all,メリー チョコレート イオン船岡店,https://tabelog.com/miyagi/A0402/A040201/4020208/
miyagi/shibatacho|Dining|135,ナルミ・キッチン ラボ,r2-hash-vs-listing:https://tblg.k-img.com/resize/640x640c/restaurant/images/Rvw/341104/a390012e21c51622a869d49e3cf78211.jpg?token=db99abd&api=v2,card photo belonged to another card (photo-shift fix); own listing photo not on R2,hubfix-all,ナルミ・キッチン ラボ,https://tabelog.com/miyagi/A0402/A040201/4029750/
miyagi/shibatacho|Dining|140,月と杏 創作バル,r2-hash-vs-listing:https://tblg.k-img.com/images/no_photo_350x350.gif,card photo belonged to another card (photo-shift fix); own listing photo not on R2,hubfix-all,月と杏 創作バル,https://tabelog.com/miyagi/A0402/A040201/4022785/
miyagi/shichigahama|Dining|1,ARTCAFEBAR SEASAW,r2-hash-vs-listing:https://tblg.k-img.com/resize/640x640c/restaurant/images/Rvw/117853/117853478.jpg?token=7c2ffc4&api=v2,card photo belonged to another card (photo-shift fix); own listing photo not on R2,hubfix-all,ARTCAFEBAR SEASAW,https://tabelog.com/miyagi/A0404/A040404/4017703/
miyagi/shichigahama|Dining|21,浜しんラーメン,r2-hash-vs-listing:https://tblg.k-img.com/restaurant/images/Rvw/205972/640x640_rect_34dc1000fe5a6aa0c4069b85a29f4039.jpg,card photo belonged to another card (photo-shift fix); own listing photo not on R2,hubfix-all,浜しんラーメン,https://tabelog.com/miyagi/A0404/A040404/4013499/
miyagi/shichigahama|Dining|34,みお七ヶ浜 売店,r2-hash-vs-listing:https://tblg.k-img.com/restaurant/images/Rvw/133981/640x640_rect_aa22c64dd2a3b749e14df37575480e4b.jpg,card photo belonged to another card (photo-shift fix); own listing photo not on R2,hubfix-all,みお七ヶ浜 売店,https://tabelog.com/miyagi/A0404/A040404/4023230/
miyagi/shichikashuku|Dining|1,吉野屋,r2-hash-vs-listing:https://tblg.k-img.com/restaurant/images/Rvw/324491/640x640_rect_7e01727ba2db11368b29a670c00a9aa4.jpg,card photo belonged to another card (photo-shift fix); own listing photo not on R2,hubfix-all,吉野屋,https://tabelog.com/miyagi/A0402/A040203/4001821/
miyagi/shikama|Dining|1,若葉食堂,r2-hash-vs-listing:https://tblg.k-img.com/resize/640x640c/restaurant/images/Rvw/286352/7b31dd305d669798fb10fd9964ae9860.jpg?token=14e6534&api=v2,card photo belonged to another card (photo-shift fix); own listing photo not on R2,hubfix-all,若葉食堂,https://tabelog.com/miyagi/A0403/A040301/4011078/
miyagi/shiogama|Dining|1,すし哲 本店,r2-hash-vs-listing:https://tblg.k-img.com/restaurant/images/Rvw/371393/640x640_rect_6c3bbf37490f0ac8d8133612eec07f9b.jpg,card photo belonged to another card (photo-shift fix); own listing photo not on R2,hubfix-all,すし哲 本店,https://tabelog.com/miyagi/A0404/A040404/4000002/
miyagi/shiogama|Dining|21,大関,r2-hash-vs-listing:https://tblg.k-img.com/restaurant/images/Rvw/374294/640x640_rect_6292caa357d349df2fe60b500dd5ce77.jpg,card photo belonged to another card (photo-shift fix); own listing photo not on R2,hubfix-all,大関,https://tabelog.com/miyagi/A0404/A040404/4005798/
miyagi/shiogama|Dining|41,おさんこ茶屋本店,r2-hash-vs-listing:https://tblg.k-img.com/restaurant/images/Rvw/186492/640x640_rect_90efb8be1bdac6f1cb7336bc0a5bc761.jpg,card photo belonged to another card (photo-shift fix); own listing photo not on R2,hubfix-all,おさんこ茶屋本店,https://tabelog.com/miyagi/A0404/A040404/4001634/
miyagi/shiogama|Dining|61,共栄丸水産,r2-hash-vs-listing:https://tblg.k-img.com/restaurant/images/Rvw/307742/640x640_rect_04e108bfb36d677e03edc01e694be9fc.jpg,card photo belonged to another card (photo-shift fix); own listing photo not on R2,hubfix-all,共栄丸水産,https://tabelog.com/miyagi/A0404/A040404/4016186/
miyagi/shiogama|Dining|81,はま勢,r2-hash-vs-listing:https://tblg.k-img.com/restaurant/images/Rvw/81549/640x640_rect_81549350.jpg,card photo belonged to another card (photo-shift fix); own listing photo not on R2,hubfix-all,はま勢,https://tabelog.com/miyagi/A0404/A040404/4008205/
miyagi/shiogama|Dining|101,和DINING ひなた,r2-hash-vs-listing:https://tblg.k-img.com/restaurant/images/Rvw/267500/640x640_rect_31153045e5c28206c85d54dfb93604df.jpg,card photo belonged to another card (photo-shift fix); own listing photo not on R2,hubfix-all,和DINING ひなた,https://tabelog.com/miyagi/A0404/A040404/4001617/
miyagi/shiogama|Dining|121,まさにく,r2-hash-vs-listing:https://tblg.k-img.com/restaurant/images/Rvw/379045/640x640_rect_a115c9ed0821a92a2d9192e983acd733.jpg,card photo belonged to another card (photo-shift fix); own listing photo not on R2,hubfix-all,まさにく,https://tabelog.com/miyagi/A0404/A040404/4027635/
miyagi/shiogama|Dining|141,太田與八郎商店,r2-hash-vs-listing:https://tblg.k-img.com/restaurant/images/Rvw/297558/640x640_rect_9480e4a15c7b3367359bb46f9df6c381.jpg,card photo belonged to another card (photo-shift fix); own listing photo not on R2,hubfix-all,太田與八郎商店,https://tabelog.com/miyagi/A0404/A040404/4016822/
miyagi/shiogama|Dining|149,昌腹,r2-hash-vs-listing:https://tblg.k-img.com/restaurant/images/Rvw/371643/640x640_rect_3ca65f3734aa5f40e5db59b202dc07b0.jpg,card photo belonged to another card (photo-shift fix); own listing photo not on R2,hubfix-all,昌腹,https://tabelog.com/miyagi/A0404/A040404/4006910/
miyagi/shiogama|Dining|160,中長,r2-hash-vs-listing:https://tblg.k-img.com/restaurant/images/Rvw/44120/640x640_rect_44120190.jpg,card photo belonged to another card (photo-shift fix); own listing photo not on R2,hubfix-all,中長,https://tabelog.com/miyagi/A0404/A040404/4005468/
miyagi/shiogama|Dining|170,カネコ橋沼商店工場売店,r2-hash-vs-listing:https://tblg.k-img.com/resize/640x640c/restaurant/images/Rvw/299470/5d2e6fa371a6bbfd3b2378fb680be9f6.jpg?token=573784e&api=v2,card photo belonged to another card (photo-shift fix); own listing photo not on R2,hubfix-all,カネコ橋沼商店工場売店,https://tabelog.com/miyagi/A0404/A040404/4015715/
miyagi/shiogama|Dining|179,ひまわり 塩釜中の島店,r2-hash-vs-listing:https://tblg.k-img.com/resize/640x640c/restaurant/images/Rvw/237911/a112ffe6db4c7c0c8c7b788d01bb59c3.jpg?token=7a01b8e&api=v2,card photo belonged to another card (photo-shift fix); own listing photo not on R2,hubfix-all,ひまわり 塩釜中の島店,https://tabelog.com/miyagi/A0404/A040404/4016640/
miyagi/shiogama|Dining|190,ビストロミルポア,r2-hash-vs-listing:https://tblg.k-img.com/resize/640x640c/restaurant/images/Rvw/351616/7f97908ae325f229048f3efcfdfdd46b.jpg?token=52f6931&api=v2,card photo belonged to another card (photo-shift fix); own listing photo not on R2,hubfix-all,ビストロミルポア,https://tabelog.com/miyagi/A0404/A040404/4007740/
miyagi/shiogama|Dining|199,orange nico,r2-hash-vs-listing:https://tblg.k-img.com/restaurant/images/Rvw/348522/640x640_rect_25258d1ca6d894c651c7a2d9bf4e115d.jpg,card photo belonged to another card (photo-shift fix); own listing photo not on R2,hubfix-all,orange nico,https://tabelog.com/miyagi/A0404/A040404/4029855/
miyagi/shiogama|Dining|214,しおがま・まちの駅,r2-hash-vs-listing:https://tblg.k-img.com/restaurant/images/Rvw/203212/640x640_rect_7dbcab38efa1ca36a7b5624f1d1c335d.jpg,card photo belonged to another card (photo-shift fix); own listing photo not on R2,hubfix-all,しおがま・まちの駅,https://tabelog.com/miyagi/A0404/A040404/4019487/
miyagi/shiogama|Dining|219,味,r2-hash-vs-listing:https://tblg.k-img.com/restaurant/images/Rvw/125853/640x640_rect_125853613.jpg,card photo belonged to another card (photo-shift fix); own listing photo not on R2,hubfix-all,味,https://tabelog.com/miyagi/A0404/A040404/4022730/
miyagi/shiogama|Dining|231,フランボワーズ,r2-hash-vs-listing:https://tblg.k-img.com/resize/640x640c/restaurant/images/Rvw/357243/30ae33541e1de84dcfae5b3d59bd3194.jpg?token=bf0c872&api=v2,card photo belonged to another card (photo-shift fix); own listing photo not on R2,hubfix-all,フランボワーズ,https://tabelog.com/miyagi/A0404/A040404/4029987/
miyagi/shiogama|Dining|239,ウエルシア 本塩釜駅前店,r2-hash-vs-listing:https://tblg.k-img.com/restaurant/images/Rvw/229180/640x640_rect_2ca3d97426c0bdbb7cc4c429a6ffe481.jpg,card photo belonged to another card (photo-shift fix); own listing photo not on R2,hubfix-all,ウエルシア 本塩釜駅前店,https://tabelog.com/miyagi/A0404/A040404/4027573/
miyagi/shiogama|Dining|260,まるきた,r2-hash-vs-listing:https://tblg.k-img.com/restaurant/images/Rvw/316814/640x640_rect_b1f8e899a22a4abfa309ce8ef9ab9eb5.jpg,card photo belonged to another card (photo-shift fix); own listing photo not on R2,hubfix-all,まるきた,https://tabelog.com/miyagi/A0404/A040404/4029329/
miyagi/shiogama|Dining|279,フール セック ロッシュ,r2-hash-vs-listing:https://tblg.k-img.com/restaurant/images/Rvw/156689/640x640_rect_156689120.jpg,card photo belonged to another card (photo-shift fix); own listing photo not on R2,hubfix-all,フール セック ロッシュ,https://tabelog.com/miyagi/A0404/A040404/4024571/
miyagi/shiogama|Dining|299,丸ヨ 高橋商店,r2-hash-vs-listing:https://tblg.k-img.com/restaurant/images/Rvw/135265/640x640_rect_135265621.jpg,card photo belonged to another card (photo-shift fix); own listing photo not on R2,hubfix-all,丸ヨ 高橋商店,https://tabelog.com/miyagi/A0404/A040404/4023248/
miyagi/shiogama|Dining|319,山セ 鈴木商店,r2-hash-vs-listing:https://tblg.k-img.com/restaurant/images/Rvw/120826/640x640_rect_120826377.jpg,card photo belonged to another card (photo-shift fix); own listing photo not on R2,hubfix-all,山セ 鈴木商店,https://tabelog.com/miyagi/A0404/A040404/4022497/
miyagi/shiogama|Dining|325,石井商店,r2-hash-vs-listing:https://tblg.k-img.com/restaurant/images/Rvw/307569/640x640_rect_aa90d2a9072780c9646f4feca7c31b6a.jpg,card photo belonged to another card (photo-shift fix); own listing photo not on R2,hubfix-all,石井商店,https://tabelog.com/miyagi/A0404/A040404/4021241/
miyagi/shiogama|Dining|338,宮城商事 塩釜水産物仲卸市場店,r2-hash-vs-listing:https://tblg.k-img.com/resize/640x640c/restaurant/images/Rvw/141090/141090228.jpg?token=06f3b24&api=v2,card photo belonged to another card (photo-shift fix); own listing photo not on R2,hubfix-all,宮城商事 塩釜水産物仲卸市場店,https://tabelog.com/miyagi/A0404/A040404/4023602/
miyagi/shiroishishi|Dining|1,芝その軒,r2-hash-vs-listing:https://tblg.k-img.com/restaurant/images/Rvw/376822/640x640_rect_3713e8321cbd7b6a99f15a743fb88a08.jpg,card photo belonged to another card (photo-shift fix); own listing photo not on R2,hubfix-all,芝その軒,https://tabelog.com/miyagi/A0402/A040203/4008655/
miyagi/shiroishishi|Dining|19,オールウェイズ ジョジョパン,r2-hash-vs-listing:https://tblg.k-img.com/resize/640x640c/restaurant/images/Rvw/346521/fef837496e8969b3a34bbe4eb8e3dacd.jpg?token=c404ed7&api=v2,card photo belonged to another card (photo-shift fix); own listing photo not on R2,hubfix-all,オールウェイズ ジョジョパン,https://tabelog.com/miyagi/A0402/A040203/4023692/
miyagi/shiroishishi|Dining|39,Cafe 洋燈,r2-hash-vs-listing:https://tblg.k-img.com/restaurant/images/Rvw/205197/640x640_rect_ded3fd1900052b905c550e320ca994ed.jpg,card photo belonged to another card (photo-shift fix); own listing photo not on R2,hubfix-all,Cafe 洋燈,https://tabelog.com/miyagi/A0402/A040203/4025433/
miyagi/shiroishishi|Dining|42,来来,r2-hash-vs-listing:https://tblg.k-img.com/restaurant/images/Rvw/287252/640x640_rect_6eb1a077683040f344e733199739f100.jpg,card photo belonged to another card (photo-shift fix); own listing photo not on R2,hubfix-all,来来,https://tabelog.com/miyagi/A0402/A040203/4003764/
miyagi/shiroishishi|Dining|55,東,r2-hash-vs-listing:https://tblg.k-img.com/restaurant/images/Rvw/285292/640x640_rect_868f4eae17ebf1d427c339f0cfee67f0.jpg,card photo belonged to another card (photo-shift fix); own listing photo not on R2,hubfix-all,東,https://tabelog.com/miyagi/A0402/A040203/4015763/
miyagi/shiroishishi|Dining|69,すすきの一番,r2-hash-vs-listing:https://tblg.k-img.com/restaurant/images/Rvw/257524/640x640_rect_e217476670e09f86232863b232f77416.jpg,card photo belonged to another card (photo-shift fix); own listing photo not on R2,hubfix-all,すすきの一番,https://tabelog.com/miyagi/A0402/A040203/4011276/
miyagi/shiroishishi|Dining|73,炭火焼き　呵呵大笑,r2-hash-vs-listing:https://tblg.k-img.com/restaurant/images/Rvw/195401/640x640_rect_f804ad64b993799c99c86d422c904aa7.jpg,card photo belonged to another card (photo-shift fix); own listing photo not on R2,hubfix-all,炭火焼き　呵呵大笑,https://tabelog.com/miyagi/A0402/A040203/4010375/
miyagi/shiroishishi|Dining|93,クレープの店ちろりん村,r2-hash-vs-listing:https://tblg.k-img.com/restaurant/images/Rvw/222734/640x640_rect_3056f666759a3b023d9b3a2482c72c77.jpg,card photo belonged to another card (photo-shift fix); own listing photo not on R2,hubfix-all,クレープの店ちろりん村,https://tabelog.com/miyagi/A0402/A040203/4019222/
miyagi/shiroishishi|Dining|113,しろいしほっこりにっこりくらぶ,r2-hash-vs-listing:https://tblg.k-img.com/restaurant/images/Rvw/154116/640x640_rect_154116338.jpg,card photo belonged to another card (photo-shift fix); own listing photo not on R2,hubfix-all,しろいしほっこりにっこりくらぶ,https://tabelog.com/miyagi/A0402/A040203/4021603/
miyagi/shiroishishi|Dining|133,個室・一人焼肉 煉,r2-hash-vs-listing:https://tblg.k-img.com/restaurant/images/Rvw/312705/640x640_rect_d588f52d2884e1e8e922cea9058dd610.jpg,card photo belonged to another card (photo-shift fix); own listing photo not on R2,hubfix-all,個室・一人焼肉 煉,https://tabelog.com/miyagi/A0402/A040203/4029254/
miyagi/shiroishishi|Dining|137,平禄寿司 宮城白石店,r2-hash-vs-listing:https://tblg.k-img.com/resize/640x640c/restaurant/images/Rvw/75981/75981916.jpg?token=d7b1dd8&api=v2,card photo belonged to another card (photo-shift fix); own listing photo not on R2,hubfix-all,平禄寿司 宮城白石店,https://tabelog.com/miyagi/A0402/A040203/4010549/
miyagi/shiroishishi|Dining|153,鳥勝,r2-hash-vs-listing:https://tblg.k-img.com/restaurant/images/Rvw/13708/640x640_rect_13708774.jpg,card photo belonged to another card (photo-shift fix); own listing photo not on R2,hubfix-all,鳥勝,https://tabelog.com/miyagi/A0402/A040203/4012954/
miyagi/shiroishishi|Dining|173,セラビ 白石店,r2-hash-vs-listing:https://tblg.k-img.com/restaurant/images/Rvw/78513/640x640_rect_78513108.jpg,card photo belonged to another card (photo-shift fix); own listing photo not on R2,hubfix-all,セラビ 白石店,https://tabelog.com/miyagi/A0402/A040203/4018649/
miyagi/shiroishishi|Dining|193,松田製粉 直売所,r2-hash-vs-listing:https://tblg.k-img.com/resize/640x640c/restaurant/images/Rvw/132908/132908542.jpg?token=da8a54d&api=v2,card photo belonged to another card (photo-shift fix); own listing photo not on R2,hubfix-all,松田製粉 直売所,https://tabelog.com/miyagi/A0402/A040203/4023139/
miyagi/tagajo|Dining|1,PIZZERIA DB,r2-hash-vs-listing:https://tblg.k-img.com/restaurant/images/Rvw/233438/640x640_rect_eefeb064042ed32a10af11edb5a1dd97.jpg,card photo belonged to another card (photo-shift fix); own listing photo not on R2,hubfix-all,PIZZERIA DB,https://tabelog.com/miyagi/A0404/A040404/4025431/
miyagi/tagajo|Dining|5,らー麺味噌やす,r2-hash-vs-listing:https://tblg.k-img.com/restaurant/images/Rvw/386007/640x640_rect_5ee3c440c42e0d8991d1bc04c2e6579e.jpg,card photo belonged to another card (photo-shift fix); own listing photo not on R2,hubfix-all,らー麺味噌やす,https://tabelog.com/miyagi/A0404/A040404/4004205/
miyagi/tagajo|Dining|21,油そば はてな,r2-hash-vs-listing:https://tblg.k-img.com/resize/640x640c/restaurant/images/Rvw/359959/8e1d07b1866745a4c694e8f0052a17a0.jpg?token=4d4eeb9&api=v2,card photo belonged to another card (photo-shift fix); own listing photo not on R2,hubfix-all,油そば はてな,https://tabelog.com/miyagi/A0404/A040404/4013590/
miyagi/tagajo|Dining|41,ファソン・ドゥ・ドイ,r2-hash-vs-listing:https://tblg.k-img.com/restaurant/images/Rvw/131641/640x640_rect_131641328.jpg,card photo belonged to another card (photo-shift fix); own listing photo not on R2,hubfix-all,ファソン・ドゥ・ドイ,https://tabelog.com/miyagi/A0404/A040404/4003635/
miyagi/tagajo|Dining|61,食道苑,r2-hash-vs-listing:https://tblg.k-img.com/resize/640x640c/restaurant/images/Rvw/285492/a9c1e1caf19a9a25205ca752ff234598.jpg?token=dfad379&api=v2,card photo belonged to another card (photo-shift fix); own listing photo not on R2,hubfix-all,食道苑,https://tabelog.com/miyagi/A0404/A040404/4008461/
miyagi/tagajo|Dining|81,韓国食堂,r2-hash-vs-listing:https://tblg.k-img.com/restaurant/images/Rvw/4528/640x640_rect_4528822.jpg,card photo belonged to another card (photo-shift fix); own listing photo not on R2,hubfix-all,韓国食堂,https://tabelog.com/miyagi/A0401/A040102/4006743/
miyagi/tagajo|Dining|101,LAWSON 多賀城山王店,r2-hash-vs-listing:https://tblg.k-img.com/restaurant/images/Rvw/302508/640x640_rect_7277ec7a3183c4ab8f6c426be8772348.jpg,card photo belonged to another card (photo-shift fix); own listing photo not on R2,hubfix-all,LAWSON 多賀城山王店,https://tabelog.com/miyagi/A0404/A040404/4029050/
miyagi/tagajo|Dining|113,生鮮館多賀城 びっくり市,r2-hash-vs-listing:https://tblg.k-img.com/resize/640x640c/restaurant/images/Rvw/156087/156087937.jpg?token=662bffa&api=v2,card photo belonged to another card (photo-shift fix); own listing photo not on R2,hubfix-all,生鮮館多賀城 びっくり市,https://tabelog.com/miyagi/A0404/A040404/4024163/
miyagi/tagajo|Dining|121,多幸,r2-hash-vs-listing:https://tblg.k-img.com/restaurant/images/Rvw/104329/640x640_rect_104329647.jpg,card photo belonged to another card (photo-shift fix); own listing photo not on R2,hubfix-all,多幸,https://tabelog.com/miyagi/A0404/A040404/4005442/
miyagi/tagajo|Dining|125,一松寿司,r2-hash-vs-listing:https://tblg.k-img.com/restaurant/images/Rvw/74558/640x640_rect_74558610.jpg,card photo belonged to another card (photo-shift fix); own listing photo not on R2,hubfix-all,一松寿司,https://tabelog.com/miyagi/A0404/A040404/4004611/
miyagi/tagajo|Dining|127,Sweet Season ririo,r2-hash-vs-listing:https://tblg.k-img.com/restaurant/images/Rvw/172042/640x640_rect_9ac7ef690395c5dc8ad4841eabddbd2d.jpg,card photo belonged to another card (photo-shift fix); own listing photo not on R2,hubfix-all,Sweet Season ririo,https://tabelog.com/miyagi/A0404/A040404/4025354/
miyagi/tagajo|Dining|139,ふるさと,r2-hash-vs-listing:https://tblg.k-img.com/restaurant/images/Rvw/39673/640x640_rect_39673960.jpg,card photo belonged to another card (photo-shift fix); own listing photo not on R2,hubfix-all,ふるさと,https://tabelog.com/miyagi/A0404/A040404/4004304/
miyagi/tagajo|Dining|159,ヨイトマケ真,r2-hash-vs-listing:https://tblg.k-img.com/restaurant/images/Rvw/126998/640x640_rect_126998492.jpg,card photo belonged to another card (photo-shift fix); own listing photo not on R2,hubfix-all,ヨイトマケ真,https://tabelog.com/miyagi/A0404/A040404/4016174/
miyagi/tagajo|Dining|161,うおせい,r2-hash-vs-listing:https://tblg.k-img.com/resize/640x640c/restaurant/images/Rvw/346429/2e6d71c02abff632c607cecb1e569a8d.jpg?token=32264ac&api=v2,card photo belonged to another card (photo-shift fix); own listing photo not on R2,hubfix-all,うおせい,https://tabelog.com/miyagi/A0404/A040404/4022309/
miyagi/tagajo|Dining|168,和～ちゃんち,r2-hash-vs-listing:https://tblg.k-img.com/resize/640x640c/restaurant/images/Rvw/335112/d14c58d3eb79891ace285b2773d96df6.jpg?token=e3e6c95&api=v2,card photo belonged to another card (photo-shift fix); own listing photo not on R2,hubfix-all,和～ちゃんち,https://tabelog.com/miyagi/A0401/A040102/4025405/
miyagi/tagajo|Dining|179,キャサズ,r2-hash-vs-listing:https://tblg.k-img.com/resize/640x640c/restaurant/images/Rvw/7964/7964210.jpg?token=7081b25&api=v2,card photo belonged to another card (photo-shift fix); own listing photo not on R2,hubfix-all,キャサズ,https://tabelog.com/miyagi/A0401/A040102/4010364/
miyagi/tagajo|Dining|198,ほっともっと 多賀城中央店,r2-hash-vs-listing:https://tblg.k-img.com/restaurant/images/Rvw/165821/640x640_rect_9935640112c04217aff111d2c8a47fd4.jpg,card photo belonged to another card (photo-shift fix); own listing photo not on R2,hubfix-all,ほっともっと 多賀城中央店,https://tabelog.com/miyagi/A0404/A040404/4014148/
miyagi/tagajo|Dining|218,ちょっと寄り道 ほほえみ,r2-hash-vs-listing:https://tblg.k-img.com/resize/640x640c/restaurant/images/Rvw/132708/132708002.jpg?token=8529c35&api=v2,card photo belonged to another card (photo-shift fix); own listing photo not on R2,hubfix-all,ちょっと寄り道 ほほえみ,https://tabelog.com/miyagi/A0404/A040404/4023137/
miyagi/tagajo|Dining|223,平禄寿司 多賀城西店,r2-hash-vs-listing:https://tblg.k-img.com/resize/640x640c/restaurant/images/Rvw/75981/75981916.jpg?token=d7b1dd8&api=v2,card photo belonged to another card (photo-shift fix); own listing photo not on R2,hubfix-all,平禄寿司 多賀城西店,https://tabelog.com/miyagi/A0401/A040102/4012845/
miyagi/tagajo|Dining|232,カフェサロン エルフィン,r2-hash-vs-listing:https://tblg.k-img.com/resize/640x640c/restaurant/images/Rvw/359384/fe4965d0a634840460abf4ef57dedb2c.jpg?token=35da5ea&api=v2,card photo belonged to another card (photo-shift fix); own listing photo not on R2,hubfix-all,カフェサロン エルフィン,https://tabelog.com/miyagi/A0404/A040404/4030023/
miyagi/tagajo|Dining|238,サーティワンアイスクリーム イオン多賀城店,r2-hash-vs-listing:https://tblg.k-img.com/resize/640x640c/restaurant/images/Rvw/209547/a281a9157a70acb06fab04ce1219d4d6.jpg?token=e9e70de&api=v2,card photo belonged to another card (photo-shift fix); own listing photo not on R2,hubfix-all,サーティワンアイスクリーム イオン多賀城店,https://tabelog.com/miyagi/A0404/A040404/4012004/
miyagi/tagajo|Dining|244,庶民酒場さざなみ,r2-hash-vs-listing:https://tblg.k-img.com/resize/640x640c/restaurant/images/Rvw/5736/5736154.jpg?token=4bf771e&api=v2,card photo belonged to another card (photo-shift fix); own listing photo not on R2,hubfix-all,庶民酒場さざなみ,https://tabelog.com/miyagi/A0404/A040404/4010925/
miyagi/tagajo|Dining|264,居酒屋はなむら,r2-hash-vs-listing:https://tblg.k-img.com/restaurant/images/Rvw/183280/640x640_rect_3f0123687705e5cb5bc26249310b83c9.jpg,card photo belonged to another card (photo-shift fix); own listing photo not on R2,hubfix-all,居酒屋はなむら,https://tabelog.com/miyagi/A0404/A040404/4007275/
miyagi/taiwa|Dining|1,クラシックゲート,r2-hash-vs-listing:https://tblg.k-img.com/restaurant/images/Rvw/384676/640x640_rect_38b08c01bf5cf801c9d9f7ba444d2719.jpg,card photo belonged to another card (photo-shift fix); own listing photo not on R2,hubfix-all,クラシックゲート,https://tabelog.com/miyagi/A0403/A040304/4022129/
miyagi/taiwa|Dining|21,モカモアコーヒー,r2-hash-vs-listing:https://tblg.k-img.com/restaurant/images/Rvw/173787/640x640_rect_79a77180e91b2cc6af763e1d3f4e783c.jpg,card photo belonged to another card (photo-shift fix); own listing photo not on R2,hubfix-all,モカモアコーヒー,https://tabelog.com/miyagi/A0403/A040304/4008250/
miyagi/taiwa|Dining|41,富永精肉店,r2-hash-vs-listing:https://tblg.k-img.com/restaurant/images/Rvw/362223/640x640_rect_eaf00c3ce61c5511df52439319e6da97.jpg,card photo belonged to another card (photo-shift fix); own listing photo not on R2,hubfix-all,富永精肉店,https://tabelog.com/miyagi/A0403/A040304/4018207/
miyagi/taiwa|Dining|52,LAWSON 黒川大和吉岡店,r2-hash-vs-listing:https://tblg.k-img.com/resize/640x640c/restaurant/images/Rvw/368289/3d1f4bc768ba7e05f1ce827516fc1b96.jpg?token=65c1c9d&api=v2,card photo belonged to another card (photo-shift fix); own listing photo not on R2,hubfix-all,LAWSON 黒川大和吉岡店,https://tabelog.com/miyagi/A0403/A040304/4030175/
miyagi/taiwa|Dining|59,たいわゴルフクラブ,r2-hash-vs-listing:https://tblg.k-img.com/resize/640x640c/restaurant/images/Rvw/367629/c63bf865ef438b30dfc56d0ef979efa8.jpg?token=0a456ee&api=v2,card photo belonged to another card (photo-shift fix); own listing photo not on R2,hubfix-all,たいわゴルフクラブ,https://tabelog.com/miyagi/A0403/A040304/4027460/
miyagi/taiwa|Dining|64,ブレッドコーナー,r2-hash-vs-listing:https://tblg.k-img.com/resize/640x640c/restaurant/images/Rvw/254322/5cfa4370bca3aadcf902711cb07aedd0.jpg?token=859089d&api=v2,card photo belonged to another card (photo-shift fix); own listing photo not on R2,hubfix-all,ブレッドコーナー,https://tabelog.com/miyagi/A0401/A040104/4022388/
miyagi/taiwa|Dining|79,食事処 ひだまり,r2-hash-vs-listing:https://tblg.k-img.com/restaurant/images/Rvw/343497/640x640_rect_9cf5bc51c0dc4dd4586145097fae34fe.jpg,card photo belonged to another card (photo-shift fix); own listing photo not on R2,hubfix-all,食事処 ひだまり,https://tabelog.com/miyagi/A0403/A040304/4023594/
miyagi/taiwa|Dining|88,笠原餅店,r2-hash-vs-listing:https://tblg.k-img.com/restaurant/images/Rvw/188498/640x640_rect_1cfc4bc724934b2774105ce9a745babc.jpg,card photo belonged to another card (photo-shift fix); own listing photo not on R2,hubfix-all,笠原餅店,https://tabelog.com/miyagi/A0403/A040304/4019251/
miyagi/taiwa|Dining|98,つつみ屋 吉岡店,r2-hash-vs-listing:https://tblg.k-img.com/restaurant/images/Rvw/383237/640x640_rect_3fd4a4216e6aad72f665cce5e958ef50.jpg,card photo belonged to another card (photo-shift fix); own listing photo not on R2,hubfix-all,つつみ屋 吉岡店,https://tabelog.com/miyagi/A0403/A040304/4023597/
miyagi/taiwa|Dining|117,ヤマザワ 杜のまち店,r2-hash-vs-listing:https://tblg.k-img.com/resize/640x640c/restaurant/images/Rvw/378238/13509dc0a46f31f2e5dbf77ab0cf1e71.jpg?token=5414369&api=v2,card photo belonged to another card (photo-shift fix); own listing photo not on R2,hubfix-all,ヤマザワ 杜のまち店,https://tabelog.com/miyagi/A0403/A040304/4028235/
miyagi/tome|Dining|1,うなぎの 東海亭,r2-hash-vs-listing:https://tblg.k-img.com/restaurant/images/Rvw/115082/640x640_rect_115082492.jpg,card photo belonged to another card (photo-shift fix); own listing photo not on R2,hubfix-all,うなぎの 東海亭,https://tabelog.com/miyagi/A0403/A040303/4000451/
miyagi/tome|Dining|9,直利庵 三浦屋,r2-hash-vs-listing:https://tblg.k-img.com/resize/640x640c/restaurant/images/Rvw/48653/48653144.jpg?token=78ed8e4&api=v2,card photo belonged to another card (photo-shift fix); own listing photo not on R2,hubfix-all,直利庵 三浦屋,https://tabelog.com/miyagi/A0403/A040303/4003035/
miyagi/tome|Dining|21,味処もん,r2-hash-vs-listing:https://tblg.k-img.com/resize/640x640c/restaurant/images/Rvw/235583/90f8fd0ade35f83f280dd8ca651d2860.jpg?token=1d804aa&api=v2,card photo belonged to another card (photo-shift fix); own listing photo not on R2,hubfix-all,味処もん,https://tabelog.com/miyagi/A0403/A040303/4003570/
miyagi/tome|Dining|41,北海道一番,r2-hash-vs-listing:https://tblg.k-img.com/restaurant/images/Rvw/233815/640x640_rect_de3d5b1356278e876f749b8c5cdc0cda.jpg,card photo belonged to another card (photo-shift fix); own listing photo not on R2,hubfix-all,北海道一番,https://tabelog.com/miyagi/A0403/A040303/4003121/
miyagi/tome|Dining|61,居酒屋 都賀,r2-hash-vs-listing:https://tblg.k-img.com/resize/640x640c/restaurant/images/Rvw/361067/9acd0a64d89d5f2908a1e982cc870c73.jpg?token=c234f56&api=v2,card photo belonged to another card (photo-shift fix); own listing photo not on R2,hubfix-all,居酒屋 都賀,https://tabelog.com/miyagi/A0403/A040303/4024934/
miyagi/tome|Dining|68,田口珈琲店,r2-hash-vs-listing:https://tblg.k-img.com/resize/640x640c/restaurant/images/Rvw/10246/10246545.jpg?token=dcc303d&api=v2,card photo belonged to another card (photo-shift fix); own listing photo not on R2,hubfix-all,田口珈琲店,https://tabelog.com/miyagi/A0403/A040303/4011592/
miyagi/tome|Dining|79,三浦商店,r2-hash-vs-listing:https://tblg.k-img.com/restaurant/images/Rvw/140990/640x640_rect_140990941.jpg,card photo belonged to another card (photo-shift fix); own listing photo not on R2,hubfix-all,三浦商店,https://tabelog.com/miyagi/A0403/A040303/4018595/
miyagi/tome|Dining|99,ランチボックス,r2-hash-vs-listing:https://tblg.k-img.com/restaurant/images/Rvw/149208/640x640_rect_149208599.jpg,card photo belonged to another card (photo-shift fix); own listing photo not on R2,hubfix-all,ランチボックス,https://tabelog.com/miyagi/A0403/A040303/4001893/
miyagi/tome|Dining|119,キッチンK,r2-hash-vs-listing:https://tblg.k-img.com/restaurant/images/Rvw/178948/640x640_rect_7f8dec5cb3d62f2b4a59f71dac3189b5.jpg,card photo belonged to another card (photo-shift fix); own listing photo not on R2,hubfix-all,キッチンK,https://tabelog.com/miyagi/A0403/A040303/4024937/
miyagi/tome|Dining|139,明登館,r2-hash-vs-listing:https://tblg.k-img.com/restaurant/images/Rvw/382532/640x640_rect_7282d67668dc984e76f046b7df0c91a2.jpg,card photo belonged to another card (photo-shift fix); own listing photo not on R2,hubfix-all,明登館,https://tabelog.com/miyagi/A0403/A040303/4002227/
miyagi/tome|Dining|145,レストランこんとう,r2-hash-vs-listing:https://tblg.k-img.com/resize/640x640c/restaurant/images/Rvw/237485/abb1c7bb6192ede80e0d859705f9fb0d.jpg?token=ede1055&api=v2,card photo belonged to another card (photo-shift fix); own listing photo not on R2,hubfix-all,レストランこんとう,https://tabelog.com/miyagi/A0403/A040303/4007619/
miyagi/tome|Dining|158,東北ミドリフーズ,r2-hash-vs-listing:https://tblg.k-img.com/restaurant/images/Rvw/364587/640x640_rect_f1e123dc6f5bcabaeb6ba1bba89e1965.jpg,card photo belonged to another card (photo-shift fix); own listing photo not on R2,hubfix-all,東北ミドリフーズ,https://tabelog.com/miyagi/A0403/A040303/4029808/
miyagi/tome|Dining|178,海老喜商店,r2-hash-vs-listing:https://tblg.k-img.com/restaurant/images/Rvw/142698/640x640_rect_142698488.jpg,card photo belonged to another card (photo-shift fix); own listing photo not on R2,hubfix-all,海老喜商店,https://tabelog.com/miyagi/A0403/A040303/4002694/
miyagi/tome|Dining|198,むつごろう,r2-hash-vs-listing:https://tblg.k-img.com/restaurant/images/Rvw/213043/640x640_rect_51b6be88570805ace6f16545aaa13278.jpg,card photo belonged to another card (photo-shift fix); own listing photo not on R2,hubfix-all,むつごろう,https://tabelog.com/miyagi/A0403/A040303/4013035/
miyagi/tome|Dining|217,うまい鮨勘 佐沼店,r2-hash-vs-listing:https://tblg.k-img.com/resize/640x640c/restaurant/images/Rvw/354415/34701d3fed07f0110b6fa05d062a475e.jpg?token=db2ae6f&api=v2,card photo belonged to another card (photo-shift fix); own listing photo not on R2,hubfix-all,うまい鮨勘 佐沼店,https://tabelog.com/miyagi/A0403/A040303/4008598/
miyagi/tome|Dining|221,ジョイフル 宮城佐沼店,r2-hash-vs-listing:https://tblg.k-img.com/restaurant/images/Rvw/385697/640x640_rect_90e90d5169615e8d5be7e0fd995f6168.jpg,card photo belonged to another card (photo-shift fix); own listing photo not on R2,hubfix-all,ジョイフル 宮城佐沼店,https://tabelog.com/miyagi/A0403/A040303/4002783/
miyagi/tome|Dining|237,ショップリバーサイド,r2-hash-vs-listing:https://tblg.k-img.com/restaurant/images/Rvw/222273/640x640_rect_14b7d3f5f995690add7cacdf6aa816b4.jpg,card photo belonged to another card (photo-shift fix); own listing photo not on R2,hubfix-all,ショップリバーサイド,https://tabelog.com/miyagi/A0403/A040303/4013573/
miyagi/tome|Dining|257,Maple roastery,r2-hash-vs-listing:https://tblg.k-img.com/restaurant/images/Rvw/376269/640x640_rect_d09b9bbfd9e24481c1b82af422a387bb.jpg,card photo belonged to another card (photo-shift fix); own listing photo not on R2,hubfix-all,Maple roastery,https://tabelog.com/miyagi/A0403/A040303/4030235/
miyagi/tome|Dining|277,寿々乃,r2-hash-vs-listing:https://tblg.k-img.com/restaurant/images/Rvw/39353/640x640_rect_39353121.jpg,card photo belonged to another card (photo-shift fix); own listing photo not on R2,hubfix-all,寿々乃,https://tabelog.com/miyagi/A0403/A040303/4016412/
miyagi/tome|Dining|283,伏見寿司,r2-hash-vs-listing:https://tblg.k-img.com/resize/640x640c/restaurant/images/Rvw/222345/b06449c97fba747cadfd6f335f2efce1.jpg?token=f0f8769&api=v2,card photo belonged to another card (photo-shift fix); own listing photo not on R2,hubfix-all,伏見寿司,https://tabelog.com/miyagi/A0403/A040303/4008601/
miyagi/tome|Dining|297,ほっともっと 佐沼梅ノ木店,r2-hash-vs-listing:https://tblg.k-img.com/restaurant/images/Rvw/257798/640x640_rect_285adf81ddba9f453fe66094ebdced87.jpg,card photo belonged to another card (photo-shift fix); own listing photo not on R2,hubfix-all,ほっともっと 佐沼梅ノ木店,https://tabelog.com/miyagi/A0403/A040303/4014153/
miyagi/tome|Dining|317,しなの庵,r2-hash-vs-listing:https://tblg.k-img.com/resize/640x640c/restaurant/images/Rvw/216473/7af9216d4c4f75e168eb9f85d356227b.jpg?token=b545916&api=v2,card photo belonged to another card (photo-shift fix); own listing photo not on R2,hubfix-all,しなの庵,https://tabelog.com/miyagi/A0403/A040303/4008612/
miyagi/tome|Dining|337,Joldi Bakery,r2-hash-vs-listing:https://tblg.k-img.com/resize/640x640c/restaurant/images/Rvw/166821/ada1a407fdb9ff7a11ebd6ad6d000ea0.jpg?token=e485437&api=v2,card photo belonged to another card (photo-shift fix); own listing photo not on R2,hubfix-all,Joldi Bakery,https://tabelog.com/miyagi/A0403/A040303/4025275/
miyagi/tome|Dining|357,リアン・マルシェ,r2-hash-vs-listing:https://tblg.k-img.com/restaurant/images/Rvw/166834/640x640_rect_277fcc624987cc486b8444401385888e.jpg,card photo belonged to another card (photo-shift fix); own listing photo not on R2,hubfix-all,リアン・マルシェ,https://tabelog.com/miyagi/A0403/A040303/4022615/
miyagi/tome|Dining|369,竹花さとう,r2-hash-vs-listing:https://tblg.k-img.com/resize/640x640c/restaurant/images/Rvw/34961/34961642.jpg?token=52c64c3&api=v2,card photo belonged to another card (photo-shift fix); own listing photo not on R2,hubfix-all,竹花さとう,https://tabelog.com/miyagi/A0403/A040303/4016185/
miyagi/tomiya|Dining|1,麺や遊大,r2-hash-vs-listing:https://tblg.k-img.com/restaurant/images/Rvw/383855/640x640_rect_d01032d99e0afd75d585851c11408c76.jpg,card photo belonged to another card (photo-shift fix); own listing photo not on R2,hubfix-all,麺や遊大,https://tabelog.com/miyagi/A0403/A040304/4013096/
miyagi/tomiya|Dining|21,カフェ MaHaNa,r2-hash-vs-listing:https://tblg.k-img.com/restaurant/images/Rvw/325030/640x640_rect_cd5464e65ed9284b1c2d1a930f8634c0.jpg,card photo belonged to another card (photo-shift fix); own listing photo not on R2,hubfix-all,カフェ MaHaNa,https://tabelog.com/miyagi/A0403/A040304/4011262/
miyagi/tomiya|Dining|42,牛々 富谷店,r2-hash-vs-listing:https://tblg.k-img.com/resize/640x640c/restaurant/images/Rvw/166555/bbf0e1db1216af5128e3effe81f121c3.jpg?token=4588b6f&api=v2,card photo belonged to another card (photo-shift fix); own listing photo not on R2,hubfix-all,牛々 富谷店,https://tabelog.com/miyagi/A0401/A040104/4024965/
miyagi/tomiya|Dining|61,焼き芋 あいも,r2-hash-vs-listing:https://tblg.k-img.com/restaurant/images/Rvw/270544/640x640_rect_00bb045d380a2d75cfd631bad658ee5f.jpg,card photo belonged to another card (photo-shift fix); own listing photo not on R2,hubfix-all,焼き芋 あいも,https://tabelog.com/miyagi/A0403/A040304/4025384/
miyagi/tomiya|Dining|81,ビックハウス 富谷店,r2-hash-vs-listing:https://tblg.k-img.com/resize/640x640c/restaurant/images/Rvw/111545/111545708.jpg?token=f2ea320&api=v2,card photo belonged to another card (photo-shift fix); own listing photo not on R2,hubfix-all,ビックハウス 富谷店,https://tabelog.com/miyagi/A0401/A040104/4021947/
miyagi/tomiya|Dining|101,フラットホワイト コーヒーファクトリー The Library U-TOMIYA,r2-hash-vs-listing:https://tblg.k-img.com/restaurant/images/Rvw/362604/640x640_rect_3e250998d171b25a81466aa79931ecb2.jpg,card photo belonged to another card (photo-shift fix); own listing photo not on R2,hubfix-all,フラットホワイト コーヒーファクトリー The Library U-TOMIYA,https://tabelog.com/miyagi/A0403/A040304/4030069/
miyagi/tomiya|Dining|104,もしもしカフェ,r2-hash-vs-listing:https://tblg.k-img.com/resize/640x640c/restaurant/images/Rvw/353906/63d10b7ac8d3f1184a8efd89d9304a8f.jpg?token=144a646&api=v2,card photo belonged to another card (photo-shift fix); own listing photo not on R2,hubfix-all,もしもしカフェ,https://tabelog.com/miyagi/A0401/A040104/4029530/
miyagi/tomiya|Dining|121,街かどカフェ いこい,r2-hash-vs-listing:https://tblg.k-img.com/resize/640x640c/restaurant/images/Rvw/186511/4a6565b87cd81d5941e7fcf495b16c4e.jpg?token=28ea19c&api=v2,card photo belonged to another card (photo-shift fix); own listing photo not on R2,hubfix-all,街かどカフェ いこい,https://tabelog.com/miyagi/A0401/A040104/4026219/
miyagi/tomiya|Dining|141,ほっともっと 富谷町成田店,r2-hash-vs-listing:https://tblg.k-img.com/restaurant/images/Rvw/177437/640x640_rect_51347427e37abcc948967599addd1e99.jpg,card photo belonged to another card (photo-shift fix); own listing photo not on R2,hubfix-all,ほっともっと 富谷町成田店,https://tabelog.com/miyagi/A0403/A040304/4014170/
miyagi/tomiya|Dining|161,甚平,r2-hash-vs-listing:https://tblg.k-img.com/restaurant/images/Rvw/207172/640x640_rect_b976ce687e4173eeae302e1fff05d1dd.jpg,card photo belonged to another card (photo-shift fix); own listing photo not on R2,hubfix-all,甚平,https://tabelog.com/miyagi/A0403/A040304/4026966/
miyagi/wakuya|Dining|1,パーラー旅,r2-hash-vs-listing:https://tblg.k-img.com/restaurant/images/Rvw/369950/640x640_rect_3f52a516387b1f09420d280d68822986.jpg,card photo belonged to another card (photo-shift fix); own listing photo not on R2,hubfix-all,パーラー旅,https://tabelog.com/miyagi/A0403/A040301/4007725/
miyagi/wakuya|Dining|21,野田食堂,r2-hash-vs-listing:https://tblg.k-img.com/resize/640x640c/restaurant/images/Rvw/278405/a75782f44ce5edfc2248001ddbdcc143.jpg?token=16a3829&api=v2,card photo belonged to another card (photo-shift fix); own listing photo not on R2,hubfix-all,野田食堂,https://tabelog.com/miyagi/A0403/A040301/4007135/
miyagi/wakuya|Dining|42,平禄寿司 宮城涌谷店,r2-hash-vs-listing:https://tblg.k-img.com/resize/640x640c/restaurant/images/Rvw/75981/75981916.jpg?token=d7b1dd8&api=v2,card photo belonged to another card (photo-shift fix); own listing photo not on R2,hubfix-all,平禄寿司 宮城涌谷店,https://tabelog.com/miyagi/A0403/A040301/4011354/
miyagi/watari|Dining|1,どんぶり亭 まつもと,r2-hash-vs-listing:https://tblg.k-img.com/restaurant/images/Rvw/377755/640x640_rect_025625b420c031d0b57166ee37dbb309.jpg,card photo belonged to another card (photo-shift fix); own listing photo not on R2,hubfix-all,どんぶり亭 まつもと,https://tabelog.com/miyagi/A0402/A040204/4011996/
miyagi/watari|Dining|21,爆爆,r2-hash-vs-listing:https://tblg.k-img.com/restaurant/images/Rvw/259110/640x640_rect_8ae9c625387d3352d87866e9a1ed3f7e.jpg,card photo belonged to another card (photo-shift fix); own listing photo not on R2,hubfix-all,爆爆,https://tabelog.com/miyagi/A0402/A040204/4011082/
miyagi/watari|Dining|23,そば処よし田屋,r2-hash-vs-listing:https://tblg.k-img.com/resize/640x640c/restaurant/images/Rvw/339869/7c8fc0fd27e98b84094e9f72a606917d.jpg?token=9518c8c&api=v2,card photo belonged to another card (photo-shift fix); own listing photo not on R2,hubfix-all,そば処よし田屋,https://tabelog.com/miyagi/A0402/A040204/4004358/
miyagi/watari|Dining|31,とんかつ 華菜,r2-hash-vs-listing:https://tblg.k-img.com/restaurant/images/Rvw/252980/640x640_rect_bd7c735d60176e8e7a23a63f9dbbf001.jpg,card photo belonged to another card (photo-shift fix); own listing photo not on R2,hubfix-all,とんかつ 華菜,https://tabelog.com/miyagi/A0402/A040204/4027803/
miyagi/watari|Dining|39,SEVEN TWO CAFE,r2-hash-vs-listing:https://tblg.k-img.com/resize/640x640c/restaurant/images/Rvw/276848/3aa10439f89045466547b7911cc165ab.jpg?token=a1ae865&api=v2,card photo belonged to another card (photo-shift fix); own listing photo not on R2,hubfix-all,SEVEN TWO CAFE,https://tabelog.com/miyagi/A0402/A040204/4027714/
miyagi/watari|Dining|59,和風レストランまるまつ 亘理店,r2-hash-vs-listing:https://tblg.k-img.com/restaurant/images/Rvw/338506/640x640_rect_a5c96dc9406cd61ee63ecb0b9db682f1.jpg,card photo belonged to another card (photo-shift fix); own listing photo not on R2,hubfix-all,和風レストランまるまつ 亘理店,https://tabelog.com/miyagi/A0402/A040204/4019374/
miyagi/watari|Dining|79,このみ,r2-hash-vs-listing:https://tblg.k-img.com/resize/640x640c/restaurant/images/Rvw/190439/f27db32769279fa1eebbce56f43be6c0.jpg?token=9c0e825&api=v2,card photo belonged to another card (photo-shift fix); own listing photo not on R2,hubfix-all,このみ,https://tabelog.com/miyagi/A0402/A040204/4009969/
miyagi/watari|Dining|99,呑楽,r2-hash-vs-listing:https://tblg.k-img.com/restaurant/images/Rvw/248560/640x640_rect_c4bbc315d918c1fdd8c43c252e360865.jpg,card photo belonged to another card (photo-shift fix); own listing photo not on R2,hubfix-all,呑楽,https://tabelog.com/miyagi/A0402/A040204/4004077/
miyagi/watari|Dining|104,LAWSON 亘理中町東店,r2-hash-vs-listing:https://tblg.k-img.com/restaurant/images/Rvw/228944/640x640_rect_8cb4bb57ab2a5cef67646e31bcbcdaa9.jpg,card photo belonged to another card (photo-shift fix); own listing photo not on R2,hubfix-all,LAWSON 亘理中町東店,https://tabelog.com/miyagi/A0402/A040204/4025856/
miyagi/yamamoto|Dining|1,濃厚タンメン トミー,r2-hash-vs-listing:https://tblg.k-img.com/restaurant/images/Rvw/385928/640x640_rect_983aba2560d5f2fc9ca7eb851b3b3a3a.jpg,card photo belonged to another card (photo-shift fix); own listing photo not on R2,hubfix-all,濃厚タンメン トミー,https://tabelog.com/miyagi/A0402/A040204/4026518/
miyagi/yamamoto|Dining|21,イチゴ ワールド,r2-hash-vs-listing:https://tblg.k-img.com/restaurant/images/Rvw/336982/640x640_rect_7e12f956eaa9941267b8c25311f75a12.jpg,card photo belonged to another card (photo-shift fix); own listing photo not on R2,hubfix-all,イチゴ ワールド,https://tabelog.com/miyagi/A0402/A040204/4017314/
miyagi/yamamoto|Dining|41,喫茶 遊,r2-hash-vs-listing:https://tblg.k-img.com/restaurant/images/Rvw/38496/640x640_rect_38496008.jpg,card photo belonged to another card (photo-shift fix); own listing photo not on R2,hubfix-all,喫茶 遊,https://tabelog.com/miyagi/A0402/A040201/4016559/
miyagi/zao|Dining|0,中華亭 分店,r2-hash-vs-listing:https://tblg.k-img.com/restaurant/images/Rvw/321172/640x640_rect_3fecb29148e4a8223ff67b444fb92058.jpg,card photo belonged to another card (photo-shift fix); own listing photo not on R2,hubfix-all,中華亭 分店,https://tabelog.com/miyagi/A0402/A040201/4000447/
miyagi/zao|Dining|20,蔵王湯けむりプリン,r2-hash-vs-listing:https://tblg.k-img.com/resize/640x640c/restaurant/images/Rvw/165143/e8794fc56607cb9f254b820f3a324c46.jpg?token=33e4885&api=v2,card photo belonged to another card (photo-shift fix); own listing photo not on R2,hubfix-all,蔵王湯けむりプリン,https://tabelog.com/miyagi/A0402/A040201/4024808/
miyagi/zao|Dining|28,Zao樹のなか 採りたてやさいとチーズケーキ,r2-hash-vs-listing:https://tblg.k-img.com/restaurant/images/Rvw/212651/640x640_rect_d8db320713dd65feafa227644fdbb102.jpg,card photo belonged to another card (photo-shift fix); own listing photo not on R2,hubfix-all,Zao樹のなか 採りたてやさいとチーズケーキ,https://tabelog.com/miyagi/A0402/A040201/4024514/
miyagi/zao|Dining|31,炭火焼肉 まほろば,r2-hash-vs-listing:https://tblg.k-img.com/resize/640x640c/restaurant/images/Rvw/33421/33421848.jpg?token=f5227e5&api=v2,card photo belonged to another card (photo-shift fix); own listing photo not on R2,hubfix-all,炭火焼肉 まほろば,https://tabelog.com/miyagi/A0402/A040201/4015687/
miyagi/zao|Dining|36,鳥 みこし,r2-hash-vs-listing:https://tblg.k-img.com/restaurant/images/Rvw/327527/640x640_rect_18f99ff6097a27dc63ddc78932b29729.jpg,card photo belonged to another card (photo-shift fix); own listing photo not on R2,hubfix-all,鳥 みこし,https://tabelog.com/miyagi/A0402/A040201/4017788/
miyagi/zao|Dining|41,レストランえぼし,r2-hash-vs-listing:https://tblg.k-img.com/restaurant/images/Rvw/196784/640x640_rect_d5c8705b0eed9c2c06767414ec95c6ac.jpg,card photo belonged to another card (photo-shift fix); own listing photo not on R2,hubfix-all,レストランえぼし,https://tabelog.com/miyagi/A0402/A040201/4016099/
miyagi/zao|Dining|44,鰹の本気 白石店,r2-hash-vs-listing:https://tblg.k-img.com/restaurant/images/Rvw/352208/640x640_rect_7186800e2d830e21e586a32530bb2dd6.jpg,card photo belonged to another card (photo-shift fix); own listing photo not on R2,hubfix-all,鰹の本気 白石店,https://tabelog.com/miyagi/A0402/A040203/4028215/
miyagi/zao|Dining|51,アクティブリゾーツ 宮城蔵王,r2-hash-vs-listing:https://tblg.k-img.com/restaurant/images/Rvw/179747/640x640_rect_9da6843ea4acd104f0a6dca482ccfedd.jpg,card photo belonged to another card (photo-shift fix); own listing photo not on R2,hubfix-all,アクティブリゾーツ 宮城蔵王,https://tabelog.com/miyagi/A0402/A040201/4011928/
miyagi/zao|Dining|55,和風れすとらん正六,r2-hash-vs-listing:https://tblg.k-img.com/restaurant/images/Rvw/228011/640x640_rect_97318c7dbdae8c83a08de8ea9398590d.jpg,card photo belonged to another card (photo-shift fix); own listing photo not on R2,hubfix-all,和風れすとらん正六,https://tabelog.com/miyagi/A0402/A040201/4010400/
miyagi/zao|Dining|58,ケーキ蔵王牧場,r2-hash-vs-listing:https://tblg.k-img.com/resize/640x640c/restaurant/images/Rvw/154702/154702000.jpg?token=2be1e2b&api=v2,card photo belonged to another card (photo-shift fix); own listing photo not on R2,hubfix-all,ケーキ蔵王牧場,https://tabelog.com/miyagi/A0402/A040201/4015916/
miyagi/zao|Dining|64,山ぼうし,r2-hash-vs-listing:https://tblg.k-img.com/resize/640x640c/restaurant/images/Rvw/208575/66ee089240c7770e4a501efea75c44c5.jpg?token=19329a8&api=v2,card photo belonged to another card (photo-shift fix); own listing photo not on R2,hubfix-all,山ぼうし,https://tabelog.com/miyagi/A0402/A040201/4002650/
miyagi/zao|Dining|68,こまくさ平,r2-hash-vs-listing:https://tblg.k-img.com/restaurant/images/Rvw/66551/640x640_rect_66551911.jpg,card photo belonged to another card (photo-shift fix); own listing photo not on R2,hubfix-all,こまくさ平,https://tabelog.com/miyagi/A0402/A040203/4014540/
miyagi/zao|Dining|75,ホテル蔵王メッツ,r2-hash-vs-listing:https://tblg.k-img.com/restaurant/images/Rvw/27118/640x640_rect_27118470.jpg,card photo belonged to another card (photo-shift fix); own listing photo not on R2,hubfix-all,ホテル蔵王メッツ,https://tabelog.com/miyagi/A0402/A040201/4008503/
miyagi/zao|Dining|88,セブンイレブン 遠刈田温泉店,r2-hash-vs-listing:https://tblg.k-img.com/restaurant/images/Rvw/141083/640x640_rect_141083296.jpg,card photo belonged to another card (photo-shift fix); own listing photo not on R2,hubfix-all,セブンイレブン 遠刈田温泉店,https://tabelog.com/miyagi/A0402/A040201/4017694/
miyagi/zao|Dining|93,カトー青果,r2-hash-vs-listing:https://tblg.k-img.com/restaurant/images/Rvw/358964/640x640_rect_4e5e23cc2540328563486c6d7a2e604d.jpg,card photo belonged to another card (photo-shift fix); own listing photo not on R2,hubfix-all,カトー青果,https://tabelog.com/miyagi/A0402/A040201/4030016/
miyagi/zao|Dining|104,チェリー,r2-hash-vs-listing:https://tblg.k-img.com/restaurant/images/Rvw/246175/640x640_rect_2adbf102b0d71257475966c18f7aade8.jpg,card photo belonged to another card (photo-shift fix); own listing photo not on R2,hubfix-all,チェリー,https://tabelog.com/miyagi/A0402/A040201/4015006/
miyagi/zao|Dining|124,グラットンカフェ＆イザック,r2-hash-vs-listing:https://tblg.k-img.com/resize/640x640c/restaurant/images/Rvw/151859/151859375.jpg?token=ade08c4&api=v2,card photo belonged to another card (photo-shift fix); own listing photo not on R2,hubfix-all,グラットンカフェ＆イザック,https://tabelog.com/miyagi/A0402/A040201/4023412/
