fukuoka/akamura|Dining|1,赤村特産物センター,r2-hash-vs-listing:https://tblg.k-img.com/restaurant/images/Rvw/358012/640x640_rect_e24c9551e897c852598f2b0f1205db3f.jpg,card photo belonged to another card (photo-shift fix); own listing photo not on R2,hubfix-all,赤村特産物センター,https://tabelog.com/fukuoka/A4007/A400703/40041157/
fukuoka/asakura|Dining|1,月の峠,r2-hash-vs-listing:https://tblg.k-img.com/restaurant/images/Rvw/372382/640x640_rect_ac3cc5127f75a38f439fe1c7973ca5ef.jpg,card photo belonged to another card (photo-shift fix); own listing photo not on R2,hubfix-all,月の峠,https://tabelog.com/fukuoka/A4008/A400802/40004759/
fukuoka/asakura|Dining|21,りんご庵,r2-hash-vs-listing:https://tblg.k-img.com/restaurant/images/Rvw/42196/640x640_rect_42196244.jpg,card photo belonged to another card (photo-shift fix); own listing photo not on R2,hubfix-all,りんご庵,https://tabelog.com/fukuoka/A4008/A400803/40023526/
fukuoka/asakura|Dining|28,地鶏焼 かがり火,r2-hash-vs-listing:https://tblg.k-img.com/restaurant/images/Rvw/56986/640x640_rect_56986795.jpg,card photo belonged to another card (photo-shift fix); own listing photo not on R2,hubfix-all,地鶏焼 かがり火,https://tabelog.com/fukuoka/A4008/A400802/40042023/
fukuoka/asakura|Dining|31,福岡センチュリーゴルフ倶楽部 レストラン,r2-hash-vs-listing:https://tblg.k-img.com/resize/640x640c/restaurant/images/Rvw/348619/ef2bd1aa2ff3169f3d249ceac91cd8a8.jpg?token=d07d482&api=v2,card photo belonged to another card (photo-shift fix); own listing photo not on R2,hubfix-all,福岡センチュリーゴルフ倶楽部 レストラン,https://tabelog.com/fukuoka/A4008/A400802/40042152/
fukuoka/asakura|Dining|39,だご汁茶屋,r2-hash-vs-listing:https://tblg.k-img.com/restaurant/images/Rvw/334672/640x640_rect_85feef05f65ea632d60e2d75be97adc2.jpg,card photo belonged to another card (photo-shift fix); own listing photo not on R2,hubfix-all,だご汁茶屋,https://tabelog.com/fukuoka/A4008/A400803/40042886/
fukuoka/asakura|Dining|58,聚豊園,r2-hash-vs-listing:https://tblg.k-img.com/restaurant/images/Rvw/342854/640x640_rect_cdb40fec5f1fe6426edc560a76753c23.jpg,card photo belonged to another card (photo-shift fix); own listing photo not on R2,hubfix-all,聚豊園,https://tabelog.com/fukuoka/A4008/A400802/40065352/
fukuoka/asakura|Dining|78,寿司じじや 甘木店,r2-hash-vs-listing:https://tblg.k-img.com/restaurant/images/Rvw/356173/640x640_rect_a09767c43c22bc136b783c5b8f97418b.jpg,card photo belonged to another card (photo-shift fix); own listing photo not on R2,hubfix-all,寿司じじや 甘木店,https://tabelog.com/fukuoka/A4008/A400802/40061637/
fukuoka/asakura|Dining|83,八兵衛,r2-hash-vs-listing:https://tblg.k-img.com/restaurant/images/Rvw/236314/640x640_rect_d74930cec19fb5959c351d50c8304c87.jpg,card photo belonged to another card (photo-shift fix); own listing photo not on R2,hubfix-all,八兵衛,https://tabelog.com/fukuoka/A4008/A400803/40012644/
fukuoka/asakura|Dining|98,浪花寿し,r2-hash-vs-listing:https://tblg.k-img.com/restaurant/images/Rvw/152792/640x640_rect_152792384.jpg,card photo belonged to another card (photo-shift fix); own listing photo not on R2,hubfix-all,浪花寿し,https://tabelog.com/fukuoka/A4008/A400803/40011035/
fukuoka/asakura|Dining|107,三奈木の卵,r2-hash-vs-listing:https://tblg.k-img.com/restaurant/images/Rvw/282102/640x640_rect_5853da54013a5059fa738bc06a77ef72.jpg,card photo belonged to another card (photo-shift fix); own listing photo not on R2,hubfix-all,三奈木の卵,https://tabelog.com/fukuoka/A4008/A400803/40040359/
fukuoka/asakura|Dining|115,にんにく屋,r2-hash-vs-listing:https://tblg.k-img.com/resize/640x640c/restaurant/images/Rvw/30722/30722141.jpg?token=ded2d51&api=v2,card photo belonged to another card (photo-shift fix); own listing photo not on R2,hubfix-all,にんにく屋,https://tabelog.com/fukuoka/A4008/A400802/40011808/
fukuoka/asakura|Dining|135,菓秀　桜　 秋月店,r2-hash-vs-listing:https://tblg.k-img.com/restaurant/images/Rvw/276019/640x640_rect_08ce56e9444dcaa97f026765f272efa2.jpg,card photo belonged to another card (photo-shift fix); own listing photo not on R2,hubfix-all,菓秀　桜　 秋月店,https://tabelog.com/fukuoka/A4008/A400802/40006529/
fukuoka/asakura|Dining|145,居酒屋わし家,r2-hash-vs-listing:https://tblg.k-img.com/restaurant/images/Rvw/338616/640x640_rect_ff7f04865dce0beb5a59ef1c6a757268.jpg,card photo belonged to another card (photo-shift fix); own listing photo not on R2,hubfix-all,居酒屋わし家,https://tabelog.com/fukuoka/A4008/A400802/40033899/
fukuoka/asakura|Dining|154,ピザ屋 かのん,r2-hash-vs-listing:https://tblg.k-img.com/restaurant/images/Rvw/353172/640x640_rect_cefe510efd29bef05db502f75a050916.jpg,card photo belonged to another card (photo-shift fix); own listing photo not on R2,hubfix-all,ピザ屋 かのん,https://tabelog.com/fukuoka/A4008/A400802/40053565/
fukuoka/asakura|Dining|174,想夫恋 甘木店,r2-hash-vs-listing:https://tblg.k-img.com/restaurant/images/Rvw/379992/640x640_rect_d89e65097d327b1fdba3701b4a533f8a.jpg,card photo belonged to another card (photo-shift fix); own listing photo not on R2,hubfix-all,想夫恋 甘木店,https://tabelog.com/fukuoka/A4008/A400802/40022548/
fukuoka/asakura|Dining|176,そば処 利久庵,r2-hash-vs-listing:https://tblg.k-img.com/resize/640x640c/restaurant/images/Rvw/148923/148923809.jpg?token=a9ba5b1&api=v2,card photo belonged to another card (photo-shift fix); own listing photo not on R2,hubfix-all,そば処 利久庵,https://tabelog.com/fukuoka/A4008/A400802/40003835/
fukuoka/asakura|Dining|194,和菓子処 興膳屋,r2-hash-vs-listing:https://tblg.k-img.com/resize/640x640c/restaurant/images/Rvw/20835/20835137.jpg?token=788d48c&api=v2,card photo belonged to another card (photo-shift fix); own listing photo not on R2,hubfix-all,和菓子処 興膳屋,https://tabelog.com/fukuoka/A4008/A400802/40028220/
fukuoka/asakura|Dining|214,ひとつの木,r2-hash-vs-listing:https://tblg.k-img.com/restaurant/images/Rvw/371918/640x640_rect_62af411327f72680fbfe922c650ad336.jpg,card photo belonged to another card (photo-shift fix); own listing photo not on R2,hubfix-all,ひとつの木,https://tabelog.com/fukuoka/A4008/A400802/40071722/
fukuoka/asakura|Dining|234,城カリー,r2-hash-vs-listing:https://tblg.k-img.com/resize/640x640c/restaurant/images/Rvw/347906/c90092d523e221695fc258fdc7a4d257.jpg?token=496390c&api=v2,card photo belonged to another card (photo-shift fix); own listing photo not on R2,hubfix-all,城カリー,https://tabelog.com/fukuoka/A4008/A400802/40071798/
fukuoka/asakura|Dining|238,コメダ珈琲店 福岡甘木店,r2-hash-vs-listing:https://tblg.k-img.com/restaurant/images/Rvw/207341/640x640_rect_a31c7c790820cd2a04ee75f8eacfc934.jpg,card photo belonged to another card (photo-shift fix); own listing photo not on R2,hubfix-all,コメダ珈琲店 福岡甘木店,https://tabelog.com/fukuoka/A4008/A400802/40045946/
fukuoka/asakura|Dining|240,ジョイフル 甘木店,r2-hash-vs-listing:https://tblg.k-img.com/restaurant/images/Rvw/385697/640x640_rect_7062eb7d200fe590291901477ad6e2f6.jpg,card photo belonged to another card (photo-shift fix); own listing photo not on R2,hubfix-all,ジョイフル 甘木店,https://tabelog.com/fukuoka/A4008/A400802/40016301/
fukuoka/asakura|Dining|247,どんどん亭 甘木店,r2-hash-vs-listing:https://tblg.k-img.com/restaurant/images/Rvw/378223/640x640_rect_9920022e8c92899a80a207ea09a6a61d.jpg,card photo belonged to another card (photo-shift fix); own listing photo not on R2,hubfix-all,どんどん亭 甘木店,https://tabelog.com/fukuoka/A4008/A400802/40016530/
fukuoka/asakura|Dining|252,八ちゃん堂 甘木店,r2-hash-vs-listing:https://tblg.k-img.com/restaurant/images/Rvw/169786/640x640_rect_0b5a86c9faf66828dd651ace4232eee2.jpg,card photo belonged to another card (photo-shift fix); own listing photo not on R2,hubfix-all,八ちゃん堂 甘木店,https://tabelog.com/fukuoka/A4008/A400802/40053927/
fukuoka/asakura|Dining|272,ひろ吉,r2-hash-vs-listing:https://tblg.k-img.com/restaurant/images/Rvw/298331/640x640_rect_7fa6c16b0195396d56a265b61de25c8b.jpg,card photo belonged to another card (photo-shift fix); own listing photo not on R2,hubfix-all,ひろ吉,https://tabelog.com/fukuoka/A4008/A400802/40014602/
fukuoka/asakura|Dining|292,福栄のから揚げ 甘木店,r2-hash-vs-listing:https://tblg.k-img.com/restaurant/images/Rvw/358482/640x640_rect_12d4c5d8eedc5e8cde63e4f041a33c5f.jpg,card photo belonged to another card (photo-shift fix); own listing photo not on R2,hubfix-all,福栄のから揚げ 甘木店,https://tabelog.com/fukuoka/A4008/A400802/40058103/
fukuoka/asakura|Dining|311,牛木農産物直売所 倉康,r2-hash-vs-listing:https://tblg.k-img.com/restaurant/images/Rvw/196406/640x640_rect_fb9e065e16cea53be335e41085f5a5a5.jpg,card photo belonged to another card (photo-shift fix); own listing photo not on R2,hubfix-all,牛木農産物直売所 倉康,https://tabelog.com/fukuoka/A4008/A400802/40055957/
fukuoka/asakura|Dining|331,お菓子工房 aonoki,r2-hash-vs-listing:https://tblg.k-img.com/resize/640x640c/restaurant/images/Rvw/344615/2367dd2af5a88c271f186667f8724a57.jpg?token=1faa411&api=v2,card photo belonged to another card (photo-shift fix); own listing photo not on R2,hubfix-all,お菓子工房 aonoki,https://tabelog.com/fukuoka/A4008/A400802/40063611/
fukuoka/asakura|Dining|369,あさくら,r2-hash-vs-listing:https://tblg.k-img.com/images/no_photo_350x350.gif,card photo belonged to another card (photo-shift fix); own listing photo not on R2,hubfix-all,あさくら,https://tabelog.com/fukuoka/A4008/A400802/40022199/
fukuoka/asakura|Dining|387,遥,r2-hash-vs-listing:https://tblg.k-img.com/images/no_photo_350x350.gif,card photo belonged to another card (photo-shift fix); own listing photo not on R2,hubfix-all,遥,https://tabelog.com/fukuoka/A4008/A400803/40027274/
fukuoka/ashiyacho|Dining|1,Sunset,r2-hash-vs-listing:https://tblg.k-img.com/resize/640x640c/restaurant/images/Rvw/365108/7a5624f608548f2ac7d77ea6743d2223.jpg?token=ca18dac&api=v2,card photo belonged to another card (photo-shift fix); own listing photo not on R2,hubfix-all,Sunset,https://tabelog.com/fukuoka/A4006/A400603/40066385/
fukuoka/ashiyacho|Dining|21,火の茶房 ほうじ屋 遠賀店,r2-hash-vs-listing:https://tblg.k-img.com/restaurant/images/Rvw/174094/640x640_rect_74abe33b9b48039a6b5a025fdec5c00f.jpg,card photo belonged to another card (photo-shift fix); own listing photo not on R2,hubfix-all,火の茶房 ほうじ屋 遠賀店,https://tabelog.com/fukuoka/A4006/A400603/40054909/
fukuoka/ashiyacho|Dining|41,ARALE,r2-hash-vs-listing:https://tblg.k-img.com/restaurant/images/Rvw/187169/640x640_rect_01adb5cea809d19fad897598f5eb9a30.jpg,card photo belonged to another card (photo-shift fix); own listing photo not on R2,hubfix-all,ARALE,https://tabelog.com/fukuoka/A4006/A400603/40039711/
fukuoka/ashiyacho|Dining|61,ひき肉研究所,r2-hash-vs-listing:https://tblg.k-img.com/restaurant/images/Rvw/297523/640x640_rect_c177e60930b743cc14f794fd12c9b9cd.jpg,card photo belonged to another card (photo-shift fix); own listing photo not on R2,hubfix-all,ひき肉研究所,https://tabelog.com/fukuoka/A4006/A400603/40067126/
fukuoka/ashiyacho|Dining|81,食処酒処 かわしょう,r2-hash-vs-listing:https://tblg.k-img.com/restaurant/images/Rvw/381678/640x640_rect_3939066b6d8be968d2c59446f3a73cc7.jpg,card photo belonged to another card (photo-shift fix); own listing photo not on R2,hubfix-all,食処酒処 かわしょう,https://tabelog.com/fukuoka/A4006/A400603/40072001/
fukuoka/ashiyacho|Dining|96,お好み焼き かつ,r2-hash-vs-listing:https://tblg.k-img.com/restaurant/images/Rvw/90416/640x640_rect_90416333.jpg,card photo belonged to another card (photo-shift fix); own listing photo not on R2,hubfix-all,お好み焼き かつ,https://tabelog.com/fukuoka/A4006/A400603/40043774/
fukuoka/ashiyacho|Dining|100,龍,r2-hash-vs-listing:https://tblg.k-img.com/restaurant/images/Rvw/72159/640x640_rect_72159320.jpg,card photo belonged to another card (photo-shift fix); own listing photo not on R2,hubfix-all,龍,https://tabelog.com/fukuoka/A4006/A400603/40039744/
fukuoka/ashiyacho|Dining|119,堀江蒲鉾店,r2-hash-vs-listing:https://tblg.k-img.com/restaurant/images/Rvw/83430/640x640_rect_83430163.jpg,card photo belonged to another card (photo-shift fix); own listing photo not on R2,hubfix-all,堀江蒲鉾店,https://tabelog.com/fukuoka/A4006/A400603/40048284/
fukuoka/ashiyacho|Dining|139,セブンイレブン 芦屋山鹿店,r2-hash-vs-listing:https://tblg.k-img.com/resize/640x640c/restaurant/images/Rvw/72119/72119138.jpg?token=0e872b0&api=v2,card photo belonged to another card (photo-shift fix); own listing photo not on R2,hubfix-all,セブンイレブン 芦屋山鹿店,https://tabelog.com/fukuoka/A4006/A400603/40046535/
fukuoka/buzen|Dining|1,漁師食堂うのしま豊築丸,r2-hash-vs-listing:https://tblg.k-img.com/restaurant/images/Rvw/333139/640x640_rect_25462acc643d5ba48f8d869ab5724df9.jpg,card photo belonged to another card (photo-shift fix); own listing photo not on R2,hubfix-all,漁師食堂うのしま豊築丸,https://tabelog.com/fukuoka/A4006/A400602/40023581/
fukuoka/buzen|Dining|21,食事処 鷹勝,r2-hash-vs-listing:https://tblg.k-img.com/restaurant/images/Rvw/112353/640x640_rect_112353597.jpg,card photo belonged to another card (photo-shift fix); own listing photo not on R2,hubfix-all,食事処 鷹勝,https://tabelog.com/fukuoka/A4006/A400602/40047014/
fukuoka/buzen|Dining|41,すし鷹りん 鷹勝 豊前店,r2-hash-vs-listing:https://tblg.k-img.com/restaurant/images/Rvw/344763/640x640_rect_78c0aad99983b2c425876602dc6f07c5.jpg,card photo belonged to another card (photo-shift fix); own listing photo not on R2,hubfix-all,すし鷹りん 鷹勝 豊前店,https://tabelog.com/fukuoka/A4006/A400602/40072927/
fukuoka/buzen|Dining|61,コージコーナー スエヒロ,r2-hash-vs-listing:https://tblg.k-img.com/restaurant/images/Rvw/239004/640x640_rect_860b46658fe653fa77ce29947ffccd56.jpg,card photo belonged to another card (photo-shift fix); own listing photo not on R2,hubfix-all,コージコーナー スエヒロ,https://tabelog.com/fukuoka/A4006/A400602/40054745/
fukuoka/buzen|Dining|81,ジョイフル 宇島店,r2-hash-vs-listing:https://tblg.k-img.com/restaurant/images/Rvw/385697/640x640_rect_5fd1467276c115d33724b87af5ef447f.jpg,card photo belonged to another card (photo-shift fix); own listing photo not on R2,hubfix-all,ジョイフル 宇島店,https://tabelog.com/fukuoka/A4006/A400602/40016299/
fukuoka/buzen|Dining|100,自由市場,r2-hash-vs-listing:https://tblg.k-img.com/restaurant/images/Rvw/272215/640x640_rect_25339de4df0eef8c1801376952e2ce3c.jpg,card photo belonged to another card (photo-shift fix); own listing photo not on R2,hubfix-all,自由市場,https://tabelog.com/fukuoka/A4006/A400602/40068981/
fukuoka/buzen|Dining|119,お好み焼やきはな,r2-hash-vs-listing:https://tblg.k-img.com/images/no_photo_350x350.gif,card photo belonged to another card (photo-shift fix); own listing photo not on R2,hubfix-all,お好み焼やきはな,https://tabelog.com/fukuoka/A4006/A400602/40014176/
fukuoka/chikugo|Dining|2,麺楽,r2-hash-vs-listing:https://tblg.k-img.com/resize/640x640c/restaurant/images/Rvw/41434/41434125.jpg?token=2c9d7e8&api=v2,card photo belonged to another card (photo-shift fix); own listing photo not on R2,hubfix-all,麺楽,https://tabelog.com/fukuoka/A4008/A400804/40010163/
fukuoka/chikugo|Dining|21,想夫恋  筑後赤坂店,r2-hash-vs-listing:https://tblg.k-img.com/resize/640x640c/restaurant/images/Rvw/342260/e5337cae3658316f9220f27040236655.jpg?token=b7f8043&api=v2,card photo belonged to another card (photo-shift fix); own listing photo not on R2,hubfix-all,想夫恋  筑後赤坂店,https://tabelog.com/fukuoka/A4001/A400101/40068282/
fukuoka/chikugo|Dining|30,プレシア 福岡アウトレット,r2-hash-vs-listing:https://tblg.k-img.com/restaurant/images/Rvw/239115/640x640_rect_d800d98d7ad704e2b6c775972a460424.jpg,card photo belonged to another card (photo-shift fix); own listing photo not on R2,hubfix-all,プレシア 福岡アウトレット,https://tabelog.com/fukuoka/A4008/A400804/40024885/
fukuoka/chikugo|Dining|41,ながはま焼肉,r2-hash-vs-listing:https://tblg.k-img.com/restaurant/images/Rvw/362968/640x640_rect_589865e8b5139f72bfbdeb6250cb5544.jpg,card photo belonged to another card (photo-shift fix); own listing photo not on R2,hubfix-all,ながはま焼肉,https://tabelog.com/fukuoka/A4008/A400804/40009638/
fukuoka/chikugo|Dining|60,ロココクレープ,r2-hash-vs-listing:https://tblg.k-img.com/resize/640x640c/restaurant/images/Rvw/213179/00e86e0b584fc1188fcf05d74ea0217c.jpg?token=342febc&api=v2,card photo belonged to another card (photo-shift fix); own listing photo not on R2,hubfix-all,ロココクレープ,https://tabelog.com/fukuoka/A4008/A400804/40062048/
fukuoka/chikugo|Dining|69,ウエスト 筑後店,r2-hash-vs-listing:https://tblg.k-img.com/restaurant/images/Rvw/342785/640x640_rect_5374410b7e426d1bc14efbf10d586e46.jpg,card photo belonged to another card (photo-shift fix); own listing photo not on R2,hubfix-all,ウエスト 筑後店,https://tabelog.com/fukuoka/A4008/A400804/40034400/
fukuoka/chikugo|Dining|79,椎茸専門店 陽より子,r2-hash-vs-listing:https://tblg.k-img.com/resize/640x640c/restaurant/images/Rvw/230716/ce01100b4654617e27c068dedc7cb923.jpg?token=42d01d1&api=v2,card photo belonged to another card (photo-shift fix); own listing photo not on R2,hubfix-all,椎茸専門店 陽より子,https://tabelog.com/fukuoka/A4008/A400804/40055022/
fukuoka/chikugo|Dining|91,四季彩ダイニング茶茶,r2-hash-vs-listing:https://tblg.k-img.com/resize/640x640c/restaurant/images/Rvw/23486/23486957.jpg?token=350a550&api=v2,card photo belonged to another card (photo-shift fix); own listing photo not on R2,hubfix-all,四季彩ダイニング茶茶,https://tabelog.com/fukuoka/A4008/A400804/40035712/
fukuoka/chikugo|Dining|99,あじさい,r2-hash-vs-listing:https://tblg.k-img.com/restaurant/images/Rvw/379955/640x640_rect_b142c07c9455a5352a461e73744cd296.jpg,card photo belonged to another card (photo-shift fix); own listing photo not on R2,hubfix-all,あじさい,https://tabelog.com/fukuoka/A4008/A400804/40007362/
fukuoka/chikugo|Dining|139,麺処あさひや,r2-hash-vs-listing:https://tblg.k-img.com/restaurant/images/Rvw/24260/640x640_rect_24260864.jpg,card photo belonged to another card (photo-shift fix); own listing photo not on R2,hubfix-all,麺処あさひや,https://tabelog.com/fukuoka/A4008/A400804/40035920/
fukuoka/chikugo|Dining|159,モスバーガー 筑後店,r2-hash-vs-listing:https://tblg.k-img.com/resize/640x640c/restaurant/images/Rvw/60498/60498892.jpg?token=14d7d24&api=v2,card photo belonged to another card (photo-shift fix); own listing photo not on R2,hubfix-all,モスバーガー 筑後店,https://tabelog.com/fukuoka/A4008/A400804/40044645/
fukuoka/chikugo|Dining|179,イカス食堂,r2-hash-vs-listing:https://tblg.k-img.com/restaurant/images/Rvw/2944/640x640_rect_2944445.jpg,card photo belonged to another card (photo-shift fix); own listing photo not on R2,hubfix-all,イカス食堂,https://tabelog.com/fukuoka/A4008/A400804/40014074/
fukuoka/chikugo|Dining|199,新鮮市場 サカイ筑後店,r2-hash-vs-listing:https://tblg.k-img.com/restaurant/images/Rvw/368774/640x640_rect_52e25d91d45b7525706c727152a1b1f2.jpg,card photo belonged to another card (photo-shift fix); own listing photo not on R2,hubfix-all,新鮮市場 サカイ筑後店,https://tabelog.com/fukuoka/A4008/A400804/40052781/
fukuoka/chikugo|Dining|218,赤坂飴本舗,r2-hash-vs-listing:https://tblg.k-img.com/images/no_photo_350x350.gif,card photo belonged to another card (photo-shift fix); own listing photo not on R2,hubfix-all,赤坂飴本舗,https://tabelog.com/fukuoka/A4008/A400804/40023562/
fukuoka/chikujo|Dining|1,城井ふる里村,r2-hash-vs-listing:https://tblg.k-img.com/restaurant/images/Rvw/245350/640x640_rect_4bef455fef673666a67a9d04797325c3.jpg,card photo belonged to another card (photo-shift fix); own listing photo not on R2,hubfix-all,城井ふる里村,https://tabelog.com/fukuoka/A4006/A400601/40019925/
fukuoka/chikujo|Dining|21,万嵯九,r2-hash-vs-listing:https://tblg.k-img.com/restaurant/images/Rvw/372374/640x640_rect_a4063ac6daad1d0e8e2b6ee78d21a890.jpg,card photo belonged to another card (photo-shift fix); own listing photo not on R2,hubfix-all,万嵯九,https://tabelog.com/fukuoka/A4006/A400601/40006397/
fukuoka/chikujo|Dining|24,紀文,r2-hash-vs-listing:https://tblg.k-img.com/resize/640x640c/restaurant/images/Rvw/137513/137513763.jpg?token=0f3809c&api=v2,card photo belonged to another card (photo-shift fix); own listing photo not on R2,hubfix-all,紀文,https://tabelog.com/fukuoka/A4006/A400602/40034259/
fukuoka/chikujo|Dining|28,ジョイフル 椎田店,r2-hash-vs-listing:https://tblg.k-img.com/restaurant/images/Rvw/385697/640x640_rect_5fd1467276c115d33724b87af5ef447f.jpg,card photo belonged to another card (photo-shift fix); own listing photo not on R2,hubfix-all,ジョイフル 椎田店,https://tabelog.com/fukuoka/A4006/A400602/40019025/
fukuoka/chikujo|Dining|41,エースいちご,r2-hash-vs-listing:https://tblg.k-img.com/restaurant/images/Rvw/291433/640x640_rect_125a08f08144fe60fb301312e3a9973a.jpg,card photo belonged to another card (photo-shift fix); own listing photo not on R2,hubfix-all,エースいちご,https://tabelog.com/fukuoka/A4006/A400602/40046348/
fukuoka/chikuzen|Dining|1,味由,r2-hash-vs-listing:https://tblg.k-img.com/resize/640x640c/restaurant/images/Rvw/384639/9f7ea6fd4c57d1619a2ca5edf566cd69.jpg?token=257e590&api=v2,card photo belonged to another card (photo-shift fix); own listing photo not on R2,hubfix-all,味由,https://tabelog.com/fukuoka/A4008/A400802/40010159/
fukuoka/chikuzen|Dining|21,ちゃんぽん,r2-hash-vs-listing:https://tblg.k-img.com/restaurant/images/Rvw/343394/640x640_rect_a0f4acbb8e4ac7bbb24ed90c5419477a.jpg,card photo belonged to another card (photo-shift fix); own listing photo not on R2,hubfix-all,ちゃんぽん,https://tabelog.com/fukuoka/A4003/A400301/40033828/
fukuoka/chikuzen|Dining|30,街道カフェ やまぼうし,r2-hash-vs-listing:https://tblg.k-img.com/resize/640x640c/restaurant/images/Rvw/341330/9c9a8fdf38a2697f4e4c7cab3e7f8ba2.jpg?token=4ea8880&api=v2,card photo belonged to another card (photo-shift fix); own listing photo not on R2,hubfix-all,街道カフェ やまぼうし,https://tabelog.com/fukuoka/A4003/A400301/40043279/
fukuoka/chikuzen|Dining|40,ビストロ リュバン,r2-hash-vs-listing:https://tblg.k-img.com/restaurant/images/Rvw/332093/640x640_rect_f861b10609e3d75bc9849c2361b6c3e1.jpg,card photo belonged to another card (photo-shift fix); own listing photo not on R2,hubfix-all,ビストロ リュバン,https://tabelog.com/fukuoka/A4008/A400802/40032022/
fukuoka/chikuzen|Dining|60,古民家でくつろぐ   さかね,r2-hash-vs-listing:https://tblg.k-img.com/resize/640x640c/restaurant/images/Rvw/9184/5d30fcd8fc5dd854b965ff0441cbb60b.jpg?token=287c50f&api=v2,card photo belonged to another card (photo-shift fix); own listing photo not on R2,hubfix-all,古民家でくつろぐ   さかね,https://tabelog.com/fukuoka/A4008/A400802/40028229/
fukuoka/chikuzen|Dining|80,花立山ファーム,r2-hash-vs-listing:https://tblg.k-img.com/resize/640x640c/restaurant/images/Rvw/346378/0122dca17ec92419dec2b68b8487f8c9.jpg?token=e6d5995&api=v2,card photo belonged to another card (photo-shift fix); own listing photo not on R2,hubfix-all,花立山ファーム,https://tabelog.com/fukuoka/A4008/A400802/40059783/
fukuoka/chikuzen|Dining|100,鳥征商店,r2-hash-vs-listing:https://tblg.k-img.com/restaurant/images/Rvw/156765/640x640_rect_156765884.jpg,card photo belonged to another card (photo-shift fix); own listing photo not on R2,hubfix-all,鳥征商店,https://tabelog.com/fukuoka/A4008/A400802/40057150/
fukuoka/chikuzen|Dining|120,わんわんスポーツカフェ Barnard,r2-hash-vs-listing:https://tblg.k-img.com/restaurant/images/Rvw/158501/640x640_rect_158501093.jpg,card photo belonged to another card (photo-shift fix); own listing photo not on R2,hubfix-all,わんわんスポーツカフェ Barnard,https://tabelog.com/fukuoka/A4008/A400802/40058560/
fukuoka/chikuzen|Dining|124,みなみの里 手みやげやさん,r2-hash-vs-listing:https://tblg.k-img.com/resize/640x640c/restaurant/images/Rvw/182437/d66ac21c995143e56b7c631d27f75ef3.jpg?token=ac850f7&api=v2,card photo belonged to another card (photo-shift fix); own listing photo not on R2,hubfix-all,みなみの里 手みやげやさん,https://tabelog.com/fukuoka/A4008/A400802/40061725/
fukuoka/chikuzen|Dining|140,groovin coffee,r2-hash-vs-listing:https://tblg.k-img.com/restaurant/images/Rvw/334429/640x640_rect_a18d470c862cf106eb0ed1b5f8ef479d.jpg,card photo belonged to another card (photo-shift fix); own listing photo not on R2,hubfix-all,groovin coffee,https://tabelog.com/fukuoka/A4008/A400802/40072443/
fukuoka/chikuzen|Dining|159,AZcafe Shidaka 福岡夜須店,r2-hash-vs-listing:https://tblg.k-img.com/images/no_photo_350x350.gif,card photo belonged to another card (photo-shift fix); own listing photo not on R2,hubfix-all,AZcafe Shidaka 福岡夜須店,https://tabelog.com/fukuoka/A4003/A400301/40072540/
fukuoka/fukuchi|Dining|1,たのし家,r2-hash-vs-listing:https://tblg.k-img.com/restaurant/images/Rvw/374182/640x640_rect_6c0e3680c1f9a1edff608cd520e91360.jpg,card photo belonged to another card (photo-shift fix); own listing photo not on R2,hubfix-all,たのし家,https://tabelog.com/fukuoka/A4007/A400703/40014435/
fukuoka/fukuchi|Dining|21,CHOCORO FAM,r2-hash-vs-listing:https://tblg.k-img.com/restaurant/images/Rvw/360360/640x640_rect_3f2a9a6e9dd514ee6631a211fcef62fd.jpg,card photo belonged to another card (photo-shift fix); own listing photo not on R2,hubfix-all,CHOCORO FAM,https://tabelog.com/fukuoka/A4007/A400703/40063794/
fukuoka/fukuchi|Dining|41,いろは,r2-hash-vs-listing:https://tblg.k-img.com/restaurant/images/Rvw/18522/640x640_rect_18522302.jpg,card photo belonged to another card (photo-shift fix); own listing photo not on R2,hubfix-all,いろは,https://tabelog.com/fukuoka/A4007/A400703/40033962/
fukuoka/fukuchi|Dining|49,福智ブランドファクトリー,r2-hash-vs-listing:https://tblg.k-img.com/resize/640x640c/restaurant/images/Rvw/218822/0a12afc537dfa03770db54c0aa0ad45a.jpg?token=68ba568&api=v2,card photo belonged to another card (photo-shift fix); own listing photo not on R2,hubfix-all,福智ブランドファクトリー,https://tabelog.com/fukuoka/A4007/A400703/40065514/
fukuoka/fukutsu|Dining|1,福間ラーメンろくでなし 福津本店,r2-hash-vs-listing:https://tblg.k-img.com/resize/640x640c/restaurant/images/Rvw/24302/24302192.jpg?token=b83017b&api=v2,card photo belonged to another card (photo-shift fix); own listing photo not on R2,hubfix-all,福間ラーメンろくでなし 福津本店,https://tabelog.com/fukuoka/A4003/A400302/40036053/
fukuoka/fukutsu|Dining|21,楽亭,r2-hash-vs-listing:https://tblg.k-img.com/resize/640x640c/restaurant/images/Rvw/48285/48285252.jpg?token=9247609&api=v2,card photo belonged to another card (photo-shift fix); own listing photo not on R2,hubfix-all,楽亭,https://tabelog.com/fukuoka/A4003/A400302/40003014/
fukuoka/fukutsu|Dining|41,アラペイザンヌ 福津店,r2-hash-vs-listing:https://tblg.k-img.com/restaurant/images/Rvw/62990/640x640_rect_62990790.jpg,card photo belonged to another card (photo-shift fix); own listing photo not on R2,hubfix-all,アラペイザンヌ 福津店,https://tabelog.com/fukuoka/A4003/A400302/40045061/
fukuoka/fukutsu|Dining|54,ウィズコーヒー,r2-hash-vs-listing:https://tblg.k-img.com/resize/640x640c/restaurant/images/Rvw/375763/901564dd7e3f3c8d4d808e747ed2be91.jpg?token=a1d623b&api=v2,card photo belonged to another card (photo-shift fix); own listing photo not on R2,hubfix-all,ウィズコーヒー,https://tabelog.com/fukuoka/A4003/A400302/40051801/
fukuoka/fukutsu|Dining|60,森のカフェ燦燦,r2-hash-vs-listing:https://tblg.k-img.com/resize/640x640c/restaurant/images/Rvw/224990/84f408aa3aacb8afff4860400ade20f7.jpg?token=7cd106d&api=v2,card photo belonged to another card (photo-shift fix); own listing photo not on R2,hubfix-all,森のカフェ燦燦,https://tabelog.com/fukuoka/A4003/A400302/40048241/
fukuoka/fukutsu|Dining|74,本格インド料理 ニューサイノ,r2-hash-vs-listing:https://tblg.k-img.com/resize/640x640c/restaurant/images/Rvw/97607/97607096.jpg?token=54e78ab&api=v2,card photo belonged to another card (photo-shift fix); own listing photo not on R2,hubfix-all,本格インド料理 ニューサイノ,https://tabelog.com/fukuoka/A4003/A400302/40042012/
fukuoka/fukutsu|Dining|80,platenne,r2-hash-vs-listing:https://tblg.k-img.com/restaurant/images/Rvw/354160/640x640_rect_151bf2ac6607dcac758b88178c8a9612.jpg,card photo belonged to another card (photo-shift fix); own listing photo not on R2,hubfix-all,platenne,https://tabelog.com/fukuoka/A4003/A400302/40061657/
fukuoka/fukutsu|Dining|100,kitchen ナカシマ,r2-hash-vs-listing:https://tblg.k-img.com/restaurant/images/Rvw/375830/640x640_rect_620132d1a39d1c79772f03e408998fc4.jpg,card photo belonged to another card (photo-shift fix); own listing photo not on R2,hubfix-all,kitchen ナカシマ,https://tabelog.com/fukuoka/A4003/A400302/40046740/
fukuoka/fukutsu|Dining|120,キッチン彩,r2-hash-vs-listing:https://tblg.k-img.com/resize/640x640c/restaurant/images/Rvw/15969/6bfb042775cc891a2f7ecfe20d7e87d5.jpg?token=e429482&api=v2,card photo belonged to another card (photo-shift fix); own listing photo not on R2,hubfix-all,キッチン彩,https://tabelog.com/fukuoka/A4003/A400302/40018787/
fukuoka/fukutsu|Dining|140,暖暮 若木台店,r2-hash-vs-listing:https://tblg.k-img.com/resize/640x640c/restaurant/images/Rvw/286912/375c31da0ccf76038deec84d645c7c7a.jpg?token=b139403&api=v2,card photo belonged to another card (photo-shift fix); own listing photo not on R2,hubfix-all,暖暮 若木台店,https://tabelog.com/fukuoka/A4003/A400302/40024976/
fukuoka/fukutsu|Dining|160,アイリーカフェ,r2-hash-vs-listing:https://tblg.k-img.com/restaurant/images/Rvw/289771/640x640_rect_b7bc3e87fd1d85dfc7f19a34a2238ec9.jpg,card photo belonged to another card (photo-shift fix); own listing photo not on R2,hubfix-all,アイリーカフェ,https://tabelog.com/fukuoka/A4003/A400302/40055438/
fukuoka/fukutsu|Dining|180,Seaside Kitchen MIU,r2-hash-vs-listing:https://tblg.k-img.com/resize/640x640c/restaurant/images/Rvw/158615/158615425.jpg?token=c9faf08&api=v2,card photo belonged to another card (photo-shift fix); own listing photo not on R2,hubfix-all,Seaside Kitchen MIU,https://tabelog.com/fukuoka/A4003/A400302/40040623/
fukuoka/fukutsu|Dining|200,ウエスト 福津店,r2-hash-vs-listing:https://tblg.k-img.com/resize/640x640c/restaurant/images/Rvw/196696/0117272a01b178beccc654db67a10863.jpg?token=61cd38d&api=v2,card photo belonged to another card (photo-shift fix); own listing photo not on R2,hubfix-all,ウエスト 福津店,https://tabelog.com/fukuoka/A4003/A400302/40059261/
fukuoka/fukutsu|Dining|220,宮,r2-hash-vs-listing:https://tblg.k-img.com/restaurant/images/Rvw/363084/640x640_rect_35452a9f0e8a0cd02851d52e547ad7c9.jpg,card photo belonged to another card (photo-shift fix); own listing photo not on R2,hubfix-all,宮,https://tabelog.com/fukuoka/A4003/A400302/40071117/
fukuoka/fukutsu|Dining|240,大磯,r2-hash-vs-listing:https://tblg.k-img.com/restaurant/images/Rvw/9322/640x640_rect_9322777.jpg,card photo belonged to another card (photo-shift fix); own listing photo not on R2,hubfix-all,大磯,https://tabelog.com/fukuoka/A4003/A400302/40028486/
fukuoka/fukutsu|Dining|260,おひさま唐揚げ,r2-hash-vs-listing:https://tblg.k-img.com/restaurant/images/Rvw/158202/640x640_rect_d77dec7288a6d579a057df3ac049b6d2.jpg,card photo belonged to another card (photo-shift fix); own listing photo not on R2,hubfix-all,おひさま唐揚げ,https://tabelog.com/fukuoka/A4003/A400302/40044548/
fukuoka/fukutsu|Dining|265,からあげ鶏之介  宮司店,r2-hash-vs-listing:https://tblg.k-img.com/resize/640x640c/restaurant/images/Rvw/302369/56a05054322d2e3b16155902a87230fb.jpg?token=7cd3042&api=v2,card photo belonged to another card (photo-shift fix); own listing photo not on R2,hubfix-all,からあげ鶏之介  宮司店,https://tabelog.com/fukuoka/A4003/A400302/40070378/
fukuoka/fukutsu|Dining|274,アプテカ,r2-hash-vs-listing:https://tblg.k-img.com/resize/640x640c/restaurant/images/Rvw/42088/2f98add5bdd6b2804d1b66990063d09c.jpg?token=97cc629&api=v2,card photo belonged to another card (photo-shift fix); own listing photo not on R2,hubfix-all,アプテカ,https://tabelog.com/fukuoka/A4003/A400302/40040947/
fukuoka/fukutsu|Dining|276,ラ・パン 福津店,r2-hash-vs-listing:https://tblg.k-img.com/resize/640x640c/restaurant/images/Rvw/212064/2b7d4b9de2a503939a27a68a15dcaf8d.jpg?token=78fa7b7&api=v2,card photo belonged to another card (photo-shift fix); own listing photo not on R2,hubfix-all,ラ・パン 福津店,https://tabelog.com/fukuoka/A4003/A400302/40064912/
fukuoka/fukutsu|Dining|279,Bar Corazon,r2-hash-vs-listing:https://tblg.k-img.com/images/no_photo_350x350.gif,card photo belonged to another card (photo-shift fix); own listing photo not on R2,hubfix-all,Bar Corazon,https://tabelog.com/fukuoka/A4003/A400302/40068687/
fukuoka/fukutsu|Dining|300,福津キンパ,r2-hash-vs-listing:https://tblg.k-img.com/resize/640x640c/restaurant/images/Rvw/246181/400f4203a3689742dcd7d556aac5bbc2.jpg?token=9d2a91d&api=v2,card photo belonged to another card (photo-shift fix); own listing photo not on R2,hubfix-all,福津キンパ,https://tabelog.com/fukuoka/A4003/A400302/40067320/
fukuoka/fukutsu|Dining|318,chez papa,r2-hash-vs-listing:https://tblg.k-img.com/images/no_photo_350x350.gif,card photo belonged to another card (photo-shift fix); own listing photo not on R2,hubfix-all,chez papa,https://tabelog.com/fukuoka/A4003/A400302/40014354/
fukuoka/hirokawa|Dining|1,クリームランドカフェ 広川ＳＡ店,r2-hash-vs-listing:https://tblg.k-img.com/resize/640x640c/restaurant/images/Rvw/378772/9c26dfd1742bb9b6d9f7da4587fc6386.jpg?token=97b9bf0&api=v2,card photo belonged to another card (photo-shift fix); own listing photo not on R2,hubfix-all,クリームランドカフェ 広川ＳＡ店,https://tabelog.com/fukuoka/A4008/A400804/40024232/
fukuoka/hirokawa|Dining|21,和華,r2-hash-vs-listing:https://tblg.k-img.com/resize/640x640c/restaurant/images/Rvw/375396/32235e79c727bdb1b137b828e8fb8a1d.jpg?token=cc2af98&api=v2,card photo belonged to another card (photo-shift fix); own listing photo not on R2,hubfix-all,和華,https://tabelog.com/fukuoka/A4008/A400804/40019699/
fukuoka/hirokawa|Dining|41,すりみ屋,r2-hash-vs-listing:https://tblg.k-img.com/restaurant/images/Rvw/303775/640x640_rect_fd7f434ed79d509abf35758a58b4202b.jpg,card photo belonged to another card (photo-shift fix); own listing photo not on R2,hubfix-all,すりみ屋,https://tabelog.com/fukuoka/A4008/A400804/40041006/
fukuoka/hirokawa|Dining|53,ジョイフル 広川店,r2-hash-vs-listing:https://tblg.k-img.com/restaurant/images/Rvw/385697/640x640_rect_5fd1467276c115d33724b87af5ef447f.jpg,card photo belonged to another card (photo-shift fix); own listing photo not on R2,hubfix-all,ジョイフル 広川店,https://tabelog.com/fukuoka/A4008/A400804/40019081/
fukuoka/hirokawa|Dining|61,いちょう庵,r2-hash-vs-listing:https://tblg.k-img.com/resize/640x640c/restaurant/images/Rvw/353698/26fe223a89703ab25575868d30da1293.jpg?token=8f66efd&api=v2,card photo belonged to another card (photo-shift fix); own listing photo not on R2,hubfix-all,いちょう庵,https://tabelog.com/fukuoka/A4008/A400804/40050370/
fukuoka/hisayama|Dining|1,朝食イタリアン キッキリッキー,r2-hash-vs-listing:https://tblg.k-img.com/restaurant/images/Rvw/336911/640x640_rect_7d954e5e07704f47b8e5fc1f8d7244c1.jpg,card photo belonged to another card (photo-shift fix); own listing photo not on R2,hubfix-all,朝食イタリアン キッキリッキー,https://tabelog.com/fukuoka/A4003/A400303/40059832/
fukuoka/hisayama|Dining|5,鯨家 いすず庵,r2-hash-vs-listing:https://tblg.k-img.com/restaurant/images/Rvw/262745/640x640_rect_dd9d65a7affb44627f8a6ac30f3b54b2.jpg,card photo belonged to another card (photo-shift fix); own listing photo not on R2,hubfix-all,鯨家 いすず庵,https://tabelog.com/fukuoka/A4003/A400303/40059800/
fukuoka/hisayama|Dining|12,スタミナ鉄板 博多アイアンマン 久山店,r2-hash-vs-listing:https://tblg.k-img.com/resize/640x640c/restaurant/images/Rvw/181093/50adafe798d300b5b9f885e1adf73abe.jpg?token=3925f71&api=v2,card photo belonged to another card (photo-shift fix); own listing photo not on R2,hubfix-all,スタミナ鉄板 博多アイアンマン 久山店,https://tabelog.com/fukuoka/A4003/A400303/40054911/
fukuoka/hisayama|Dining|17,お食事の店　小道,r2-hash-vs-listing:https://tblg.k-img.com/restaurant/images/Rvw/89304/640x640_rect_89304808.jpg,card photo belonged to another card (photo-shift fix); own listing photo not on R2,hubfix-all,お食事の店　小道,https://tabelog.com/fukuoka/A4003/A400303/40024683/
fukuoka/hisayama|Dining|21,TAKENO FARM トリアス久山店,r2-hash-vs-listing:https://tblg.k-img.com/restaurant/images/Rvw/357937/640x640_rect_5176f6d104420ef3e6946f80425aea8c.jpg,card photo belonged to another card (photo-shift fix); own listing photo not on R2,hubfix-all,TAKENO FARM トリアス久山店,https://tabelog.com/fukuoka/A4003/A400303/40060338/
fukuoka/hisayama|Dining|41,マクドナルド 久山トリアスモール店,r2-hash-vs-listing:https://tblg.k-img.com/resize/640x640c/restaurant/images/Rvw/319056/934f42af244f7608514ea2179e5fcf9b.jpg?token=0642827&api=v2,card photo belonged to another card (photo-shift fix); own listing photo not on R2,hubfix-all,マクドナルド 久山トリアスモール店,https://tabelog.com/fukuoka/A4003/A400303/40023386/
fukuoka/hisayama|Dining|52,ポムの樹Jr. トリアス久山店,r2-hash-vs-listing:https://tblg.k-img.com/restaurant/images/Rvw/279168/640x640_rect_a8772a929acc4e155d99d33dd8c14529.jpg,card photo belonged to another card (photo-shift fix); own listing photo not on R2,hubfix-all,ポムの樹Jr. トリアス久山店,https://tabelog.com/fukuoka/A4003/A400303/40057333/
fukuoka/hisayama|Dining|55,花の家,r2-hash-vs-listing:https://tblg.k-img.com/resize/640x640c/restaurant/images/Rvw/188619/a15aac2f38e5bd60ef28931d17b3b8ff.jpg?token=7cf1842&api=v2,card photo belonged to another card (photo-shift fix); own listing photo not on R2,hubfix-all,花の家,https://tabelog.com/fukuoka/A4003/A400303/40045739/
fukuoka/hisayama|Dining|61,久山ちゃんぽん ひでや,r2-hash-vs-listing:https://tblg.k-img.com/resize/640x640c/restaurant/images/Rvw/303372/74cce3b3dcbeac935ed1cd36a2db207a.jpg?token=b85cbcf&api=v2,card photo belonged to another card (photo-shift fix); own listing photo not on R2,hubfix-all,久山ちゃんぽん ひでや,https://tabelog.com/fukuoka/A4003/A400303/40070787/
fukuoka/itoda|Dining|1,バニーズ,r2-hash-vs-listing:https://tblg.k-img.com/resize/640x640c/restaurant/images/Rvw/298707/f7d356264fcd0c37b2281359caf7e3a2.jpg?token=dbf4494&api=v2,card photo belonged to another card (photo-shift fix); own listing photo not on R2,hubfix-all,バニーズ,https://tabelog.com/fukuoka/A4007/A400703/40029156/
fukuoka/kama|Dining|1,小次郎の里,r2-hash-vs-listing:https://tblg.k-img.com/restaurant/images/Rvw/382823/640x640_rect_5a4e793bed68671c72b147796355ffdf.jpg,card photo belonged to another card (photo-shift fix); own listing photo not on R2,hubfix-all,小次郎の里,https://tabelog.com/fukuoka/A4007/A400702/40025001/
fukuoka/kama|Dining|20,道の駅 うすい 物産販売所,r2-hash-vs-listing:https://tblg.k-img.com/restaurant/images/Rvw/281834/640x640_rect_97c0f41ed268213067abd6c853a2c1bc.jpg,card photo belonged to another card (photo-shift fix); own listing photo not on R2,hubfix-all,道の駅 うすい 物産販売所,https://tabelog.com/fukuoka/A4007/A400702/40040781/
fukuoka/kama|Dining|40,la-luna,r2-hash-vs-listing:https://tblg.k-img.com/restaurant/images/Rvw/334752/640x640_rect_8508bc20065c10e3742b394ae0907ff1.jpg,card photo belonged to another card (photo-shift fix); own listing photo not on R2,hubfix-all,la-luna,https://tabelog.com/fukuoka/A4007/A400702/40061259/
fukuoka/kama|Dining|60,ナリ食堂,r2-hash-vs-listing:https://tblg.k-img.com/restaurant/images/Rvw/308008/640x640_rect_7ae39a05df00f8a9ca9b063e83a801f7.jpg,card photo belonged to another card (photo-shift fix); own listing photo not on R2,hubfix-all,ナリ食堂,https://tabelog.com/fukuoka/A4007/A400702/40062290/
fukuoka/kama|Dining|70,ジョイフル 福岡稲築店,r2-hash-vs-listing:https://tblg.k-img.com/restaurant/images/Rvw/385697/640x640_rect_5fd1467276c115d33724b87af5ef447f.jpg,card photo belonged to another card (photo-shift fix); own listing photo not on R2,hubfix-all,ジョイフル 福岡稲築店,https://tabelog.com/fukuoka/A4007/A400702/40004545/
fukuoka/kama|Dining|79,辛子明太子専門店　おおくぼ,r2-hash-vs-listing:https://tblg.k-img.com/resize/640x640c/restaurant/images/Rvw/151452/151452502.jpg?token=99ffe70&api=v2,card photo belonged to another card (photo-shift fix); own listing photo not on R2,hubfix-all,辛子明太子専門店　おおくぼ,https://tabelog.com/fukuoka/A4007/A400702/40025721/
fukuoka/kama|Dining|99,ほっともっと 嘉麻上山田店,r2-hash-vs-listing:https://tblg.k-img.com/restaurant/images/Rvw/288533/640x640_rect_ae7ad7fa816390b59fd498e90b3e66bc.jpg,card photo belonged to another card (photo-shift fix); own listing photo not on R2,hubfix-all,ほっともっと 嘉麻上山田店,https://tabelog.com/fukuoka/A4007/A400702/40066457/
fukuoka/kanda|Dining|1,一燈,r2-hash-vs-listing:https://tblg.k-img.com/resize/640x640c/restaurant/images/Rvw/365812/9439a2f35e4a70346456a24ca9022cd6.jpg?token=c84a54a&api=v2,card photo belonged to another card (photo-shift fix); own listing photo not on R2,hubfix-all,一燈,https://tabelog.com/fukuoka/A4006/A400601/40017966/
fukuoka/kanda|Dining|21,資さんうどん 苅田店,r2-hash-vs-listing:https://tblg.k-img.com/restaurant/images/Rvw/356454/640x640_rect_85c894d1c88d864213982b2d69464237.jpg,card photo belonged to another card (photo-shift fix); own listing photo not on R2,hubfix-all,資さんうどん 苅田店,https://tabelog.com/fukuoka/A4006/A400601/40032984/
fukuoka/kanda|Dining|40,無名亭,r2-hash-vs-listing:https://tblg.k-img.com/restaurant/images/Rvw/367043/640x640_rect_55f7db16f7589cd93ba5997836e60d8b.jpg,card photo belonged to another card (photo-shift fix); own listing photo not on R2,hubfix-all,無名亭,https://tabelog.com/fukuoka/A4006/A400601/40022248/
fukuoka/kanda|Dining|60,地鶏食堂 苅田店,r2-hash-vs-listing:https://tblg.k-img.com/restaurant/images/Rvw/326027/640x640_rect_72422aa223b000ffd75bf9b041dd7e31.jpg,card photo belonged to another card (photo-shift fix); own listing photo not on R2,hubfix-all,地鶏食堂 苅田店,https://tabelog.com/fukuoka/A4006/A400601/40062811/
fukuoka/kanda|Dining|63,AQUA,r2-hash-vs-listing:https://tblg.k-img.com/resize/640x640c/restaurant/images/Rvw/254999/08602335d973cd1c70a3b3c7bd57a525.jpg?token=58b1f83&api=v2,card photo belonged to another card (photo-shift fix); own listing photo not on R2,hubfix-all,AQUA,https://tabelog.com/fukuoka/A4006/A400601/40041241/
fukuoka/kanda|Dining|80,ジョイフル 苅田店,r2-hash-vs-listing:https://tblg.k-img.com/restaurant/images/Rvw/385697/640x640_rect_3337b2331c54db8b6f4feaa980970b79.jpg,card photo belonged to another card (photo-shift fix); own listing photo not on R2,hubfix-all,ジョイフル 苅田店,https://tabelog.com/fukuoka/A4006/A400601/40019035/
fukuoka/kanda|Dining|90,からあげみやこ屋 苅田店,r2-hash-vs-listing:https://tblg.k-img.com/resize/640x640c/restaurant/images/Rvw/314816/2276cd3ef1952f9e2d0e8f5394fe83ea.jpg?token=3c7e59c&api=v2,card photo belonged to another card (photo-shift fix); own listing photo not on R2,hubfix-all,からあげみやこ屋 苅田店,https://tabelog.com/fukuoka/A4006/A400601/40070980/
fukuoka/kanda|Dining|99,むらた亭 苅田店,r2-hash-vs-listing:https://tblg.k-img.com/restaurant/images/Rvw/247376/640x640_rect_d11da60d83bb4627c63b91308771484e.jpg,card photo belonged to another card (photo-shift fix); own listing photo not on R2,hubfix-all,むらた亭 苅田店,https://tabelog.com/fukuoka/A4006/A400601/40018952/
fukuoka/kanda|Dining|103,ごはんどき 苅田店,r2-hash-vs-listing:https://tblg.k-img.com/resize/640x640c/restaurant/images/Rvw/364604/f12c3925da6cbb0f4bf9be0da316cc57.jpg?token=2465da1&api=v2,card photo belonged to another card (photo-shift fix); own listing photo not on R2,hubfix-all,ごはんどき 苅田店,https://tabelog.com/fukuoka/A4006/A400601/40033328/
fukuoka/kanda|Dining|118,みやび,r2-hash-vs-listing:https://tblg.k-img.com/restaurant/images/Rvw/341074/640x640_rect_646609d4c3636bfa9bb113107f57efa1.jpg,card photo belonged to another card (photo-shift fix); own listing photo not on R2,hubfix-all,みやび,https://tabelog.com/fukuoka/A4006/A400601/40012215/
fukuoka/kanda|Dining|137,海賊船,r2-hash-vs-listing:https://tblg.k-img.com/images/no_photo_350x350.gif,card photo belonged to another card (photo-shift fix); own listing photo not on R2,hubfix-all,海賊船,https://tabelog.com/fukuoka/A4006/A400601/40071601/
fukuoka/kasuya|Dining|1,山椒の木,r2-hash-vs-listing:https://tblg.k-img.com/restaurant/images/Rvw/132682/640x640_rect_132682324.jpg,card photo belonged to another card (photo-shift fix); own listing photo not on R2,hubfix-all,山椒の木,https://tabelog.com/fukuoka/A4003/A400303/40020728/
fukuoka/kasuya|Dining|21,長浜ラーメン 味のまんぷく,r2-hash-vs-listing:https://tblg.k-img.com/resize/640x640c/restaurant/images/Rvw/303366/1afc43bdf55f5f189747fc835748a245.jpg?token=373fcfb&api=v2,card photo belonged to another card (photo-shift fix); own listing photo not on R2,hubfix-all,長浜ラーメン 味のまんぷく,https://tabelog.com/fukuoka/A4003/A400303/40028301/
fukuoka/kasuya|Dining|41,たかばしBake,r2-hash-vs-listing:https://tblg.k-img.com/restaurant/images/Rvw/211195/640x640_rect_e0ce7684e1a06beae334499d8a83bdde.jpg,card photo belonged to another card (photo-shift fix); own listing photo not on R2,hubfix-all,たかばしBake,https://tabelog.com/fukuoka/A4003/A400303/40064271/
fukuoka/kasuya|Dining|61,双葉ラーメン,r2-hash-vs-listing:https://tblg.k-img.com/restaurant/images/Rvw/233119/640x640_rect_62658bac79abaa56ee61152ec15fbebb.jpg,card photo belonged to another card (photo-shift fix); own listing photo not on R2,hubfix-all,双葉ラーメン,https://tabelog.com/fukuoka/A4003/A400303/40009369/
fukuoka/kasuya|Dining|66,Flat,r2-hash-vs-listing:https://tblg.k-img.com/resize/640x640c/restaurant/images/Rvw/260536/860e482bce84e60bae9dc713b854dff0.jpg?token=0f420c0&api=v2,card photo belonged to another card (photo-shift fix); own listing photo not on R2,hubfix-all,Flat,https://tabelog.com/fukuoka/A4003/A400303/40068318/
fukuoka/kasuya|Dining|81,かつや 福岡インター店,r2-hash-vs-listing:https://tblg.k-img.com/resize/640x640c/restaurant/images/Rvw/313286/c56f01f69e11ae8c1055471442a61342.jpg?token=f05d328&api=v2,card photo belonged to another card (photo-shift fix); own listing photo not on R2,hubfix-all,かつや 福岡インター店,https://tabelog.com/fukuoka/A4001/A400201/40041589/
fukuoka/kasuya|Dining|90,シュシュクレープ イオンモール福岡店,r2-hash-vs-listing:https://tblg.k-img.com/restaurant/images/Rvw/148078/640x640_rect_148078961.jpg,card photo belonged to another card (photo-shift fix); own listing photo not on R2,hubfix-all,シュシュクレープ イオンモール福岡店,https://tabelog.com/fukuoka/A4003/A400303/40052013/
fukuoka/kasuya|Dining|101,しゃぶ葉 イオンモール福岡店,r2-hash-vs-listing:https://tblg.k-img.com/restaurant/images/Rvw/318218/640x640_rect_37cc207f95c62909fe62fdb4555fb26f.jpg,card photo belonged to another card (photo-shift fix); own listing photo not on R2,hubfix-all,しゃぶ葉 イオンモール福岡店,https://tabelog.com/fukuoka/A4003/A400303/40055779/
fukuoka/kasuya|Dining|106,ビビン亭 イオンモール福岡店,r2-hash-vs-listing:https://tblg.k-img.com/resize/640x640c/restaurant/images/Rvw/253014/feb11cc4a06ee81b8f9b04ba6efd7bb8.jpg?token=a12d5c5&api=v2,card photo belonged to another card (photo-shift fix); own listing photo not on R2,hubfix-all,ビビン亭 イオンモール福岡店,https://tabelog.com/fukuoka/A4003/A400303/40061156/
fukuoka/kasuya|Dining|116,珈琲苑やまもと,r2-hash-vs-listing:https://tblg.k-img.com/restaurant/images/Rvw/107686/640x640_rect_107686789.jpg,card photo belonged to another card (photo-shift fix); own listing photo not on R2,hubfix-all,珈琲苑やまもと,https://tabelog.com/fukuoka/A4003/A400303/40040305/
fukuoka/kasuya|Dining|121,九州名物とめ手羽 仲原店,r2-hash-vs-listing:https://tblg.k-img.com/resize/640x640c/restaurant/images/Rvw/320367/caa2d9dfe437f464f76c27287bb5a7da.jpg?token=88b48ae&api=v2,card photo belonged to another card (photo-shift fix); own listing photo not on R2,hubfix-all,九州名物とめ手羽 仲原店,https://tabelog.com/fukuoka/A4003/A400303/40052810/
fukuoka/kasuya|Dining|141,サーティワンアイスクリーム イオンモール福岡 フードパーク店,r2-hash-vs-listing:https://tblg.k-img.com/restaurant/images/Rvw/288648/640x640_rect_81b622b00d04de114cf9487fd1a7f95a.jpg,card photo belonged to another card (photo-shift fix); own listing photo not on R2,hubfix-all,サーティワンアイスクリーム イオンモール福岡 フードパーク店,https://tabelog.com/fukuoka/A4003/A400303/40024815/
fukuoka/kasuya|Dining|144,モーメント 福岡本店,r2-hash-vs-listing:https://tblg.k-img.com/resize/640x640c/restaurant/images/Rvw/206288/49614da2b77046b268bc82149613f27e.jpg?token=47e4064&api=v2,card photo belonged to another card (photo-shift fix); own listing photo not on R2,hubfix-all,モーメント 福岡本店,https://tabelog.com/fukuoka/A4003/A400303/40048891/
fukuoka/kasuya|Dining|161,Mishima,r2-hash-vs-listing:https://tblg.k-img.com/restaurant/images/Rvw/307233/640x640_rect_b944f73a2021cdae7c2989df075d36bb.jpg,card photo belonged to another card (photo-shift fix); own listing photo not on R2,hubfix-all,Mishima,https://tabelog.com/fukuoka/A4003/A400303/40064395/
fukuoka/kasuya|Dining|171,石村萬盛堂  イオン福岡店,r2-hash-vs-listing:https://tblg.k-img.com/resize/640x640c/restaurant/images/Rvw/267711/a8a83d91f145ed8fb2a05edddeb2be9d.jpg?token=2c2f53a&api=v2,card photo belonged to another card (photo-shift fix); own listing photo not on R2,hubfix-all,石村萬盛堂  イオン福岡店,https://tabelog.com/fukuoka/A4003/A400303/40068709/
fukuoka/kasuya|Dining|174,おいもびより,r2-hash-vs-listing:https://tblg.k-img.com/resize/640x640c/restaurant/images/Rvw/223695/4d6f75c0d6c7518fb3f463206a19a716.jpg?token=7d39a18&api=v2,card photo belonged to another card (photo-shift fix); own listing photo not on R2,hubfix-all,おいもびより,https://tabelog.com/fukuoka/A4003/A400303/40065913/
fukuoka/kasuya|Dining|181,だるま,r2-hash-vs-listing:https://tblg.k-img.com/restaurant/images/Rvw/229581/640x640_rect_70decf81e5198db0a86f9a5ca544e7eb.jpg,card photo belonged to another card (photo-shift fix); own listing photo not on R2,hubfix-all,だるま,https://tabelog.com/fukuoka/A4003/A400303/40016190/
fukuoka/kawara|Dining|1,ドライブインかわら たこやき,r2-hash-vs-listing:https://tblg.k-img.com/restaurant/images/Rvw/328276/640x640_rect_42a10a1cf811cb6d61a48d2456d488d5.jpg,card photo belonged to another card (photo-shift fix); own listing photo not on R2,hubfix-all,ドライブインかわら たこやき,https://tabelog.com/fukuoka/A4007/A400703/40023885/
fukuoka/kawara|Dining|21,もっちゃん,r2-hash-vs-listing:https://tblg.k-img.com/restaurant/images/Rvw/310667/640x640_rect_16df0694311573e2090e1886f5633ee6.jpg,card photo belonged to another card (photo-shift fix); own listing photo not on R2,hubfix-all,もっちゃん,https://tabelog.com/fukuoka/A4007/A400703/40014747/
fukuoka/kawara|Dining|37,ジョイフル 田川香春店,r2-hash-vs-listing:https://tblg.k-img.com/restaurant/images/Rvw/385697/640x640_rect_90e90d5169615e8d5be7e0fd995f6168.jpg,card photo belonged to another card (photo-shift fix); own listing photo not on R2,hubfix-all,ジョイフル 田川香春店,https://tabelog.com/fukuoka/A4007/A400703/40019091/
fukuoka/kawara|Dining|41,セブンイレブン 田川中津原店,r2-hash-vs-listing:https://tblg.k-img.com/restaurant/images/Rvw/182000/640x640_rect_80b358cfc13a05f43826dcc078162ba2.jpg,card photo belonged to another card (photo-shift fix); own listing photo not on R2,hubfix-all,セブンイレブン 田川中津原店,https://tabelog.com/fukuoka/A4007/A400703/40061712/
fukuoka/kawasaki|Dining|1,キートン 田川店,r2-hash-vs-listing:https://tblg.k-img.com/restaurant/images/Rvw/294617/640x640_rect_56a60d1501f8f4aa987021ff2ce163d7.jpg,card photo belonged to another card (photo-shift fix); own listing photo not on R2,hubfix-all,キートン 田川店,https://tabelog.com/fukuoka/A4007/A400703/40019974/
fukuoka/kawasaki|Dining|21,香紗,r2-hash-vs-listing:https://tblg.k-img.com/restaurant/images/Rvw/303535/640x640_rect_d6c037f3707e999be5969320688ad427.jpg,card photo belonged to another card (photo-shift fix); own listing photo not on R2,hubfix-all,香紗,https://tabelog.com/fukuoka/A4007/A400703/40066292/
fukuoka/kawasaki|Dining|25,ジョイフル 田川川崎店,r2-hash-vs-listing:https://tblg.k-img.com/restaurant/images/Rvw/385697/640x640_rect_90e90d5169615e8d5be7e0fd995f6168.jpg,card photo belonged to another card (photo-shift fix); own listing photo not on R2,hubfix-all,ジョイフル 田川川崎店,https://tabelog.com/fukuoka/A4007/A400703/40019090/
fukuoka/keisen|Dining|1,大助うどん,r2-hash-vs-listing:https://tblg.k-img.com/resize/640x640c/restaurant/images/Rvw/350492/84bc448c1be8991bd6b4b439009bae70.jpg?token=6c890ac&api=v2,card photo belonged to another card (photo-shift fix); own listing photo not on R2,hubfix-all,大助うどん,https://tabelog.com/fukuoka/A4007/A400702/40010083/
fukuoka/keisen|Dining|21,秘伝の味　からあげ屋,r2-hash-vs-listing:https://tblg.k-img.com/restaurant/images/Rvw/342994/640x640_rect_5d4e81489e40e0852b18f49572635a2b.jpg,card photo belonged to another card (photo-shift fix); own listing photo not on R2,hubfix-all,秘伝の味　からあげ屋,https://tabelog.com/fukuoka/A4007/A400702/40025717/
fukuoka/keisen|Dining|41,炭火焼鳥 元家,r2-hash-vs-listing:https://tblg.k-img.com/resize/640x640c/restaurant/images/Rvw/307499/4662dda4e82b272a1df5beaaac897eb8.jpg?token=1f497e8&api=v2,card photo belonged to another card (photo-shift fix); own listing photo not on R2,hubfix-all,炭火焼鳥 元家,https://tabelog.com/fukuoka/A4007/A400702/40070764/
fukuoka/koga|Dining|1,古賀 一麺庵,r2-hash-vs-listing:https://tblg.k-img.com/resize/640x640c/restaurant/images/Rvw/381773/b72d437646d687d5e2a2c249af125b94.jpg?token=e3cb0c5&api=v2,card photo belonged to another card (photo-shift fix); own listing photo not on R2,hubfix-all,古賀 一麺庵,https://tabelog.com/fukuoka/A4003/A400302/40052461/
fukuoka/koga|Dining|21,オーヴェルニュ,r2-hash-vs-listing:https://tblg.k-img.com/restaurant/images/Rvw/6458/640x640_rect_6458376.jpg,card photo belonged to another card (photo-shift fix); own listing photo not on R2,hubfix-all,オーヴェルニュ,https://tabelog.com/fukuoka/A4003/A400302/40014006/
fukuoka/koga|Dining|41,マルゲリータ 古賀店,r2-hash-vs-listing:https://tblg.k-img.com/restaurant/images/Rvw/95667/640x640_rect_95667996.jpg,card photo belonged to another card (photo-shift fix); own listing photo not on R2,hubfix-all,マルゲリータ 古賀店,https://tabelog.com/fukuoka/A4003/A400302/40020355/
fukuoka/koga|Dining|61,うなぎ処 釜辰,r2-hash-vs-listing:https://tblg.k-img.com/restaurant/images/Rvw/62331/640x640_rect_62331897.jpg,card photo belonged to another card (photo-shift fix); own listing photo not on R2,hubfix-all,うなぎ処 釜辰,https://tabelog.com/fukuoka/A4003/A400302/40011076/
fukuoka/koga|Dining|71,スタミナ鉄板 博多アイアンマン 古賀店,r2-hash-vs-listing:https://tblg.k-img.com/resize/640x640c/restaurant/images/Rvw/183730/316cebb7dfb538abbdf0ba270bcba2ea.jpg?token=1424c81&api=v2,card photo belonged to another card (photo-shift fix); own listing photo not on R2,hubfix-all,スタミナ鉄板 博多アイアンマン 古賀店,https://tabelog.com/fukuoka/A4003/A400302/40061601/
fukuoka/koga|Dining|73,ソイルキッチン,r2-hash-vs-listing:https://tblg.k-img.com/restaurant/images/Rvw/167691/640x640_rect_0582ac5bbbd436100fedf0967d0cb66a.jpg,card photo belonged to another card (photo-shift fix); own listing photo not on R2,hubfix-all,ソイルキッチン,https://tabelog.com/fukuoka/A4003/A400302/40046799/
fukuoka/koga|Dining|82,回転焼 33,r2-hash-vs-listing:https://tblg.k-img.com/restaurant/images/Rvw/222038/640x640_rect_28d6ff4cb64b7bcf7933da9cca3e68c4.jpg,card photo belonged to another card (photo-shift fix); own listing photo not on R2,hubfix-all,回転焼 33,https://tabelog.com/fukuoka/A4003/A400302/40062556/
fukuoka/koga|Dining|101,鶏と魚の店 丸坊主,r2-hash-vs-listing:https://tblg.k-img.com/restaurant/images/Rvw/296642/640x640_rect_875f1481cb5c5a168e06978d31946813.jpg,card photo belonged to another card (photo-shift fix); own listing photo not on R2,hubfix-all,鶏と魚の店 丸坊主,https://tabelog.com/fukuoka/A4003/A400302/40052106/
fukuoka/koga|Dining|116,焼き立てパンの店花小麦,r2-hash-vs-listing:https://tblg.k-img.com/resize/640x640c/restaurant/images/Rvw/65943/bf3c72c381ca5016d97dd3ee287f0041.jpg?token=deeab99&api=v2,card photo belonged to another card (photo-shift fix); own listing photo not on R2,hubfix-all,焼き立てパンの店花小麦,https://tabelog.com/fukuoka/A4003/A400302/40006121/
fukuoka/koga|Dining|120,如水庵 古賀店,r2-hash-vs-listing:https://tblg.k-img.com/restaurant/images/Rvw/150062/640x640_rect_150062266.jpg,card photo belonged to another card (photo-shift fix); own listing photo not on R2,hubfix-all,如水庵 古賀店,https://tabelog.com/fukuoka/A4003/A400302/40045918/
fukuoka/koga|Dining|129,ジョイフル 古賀店,r2-hash-vs-listing:https://tblg.k-img.com/restaurant/images/Rvw/385697/640x640_rect_90e90d5169615e8d5be7e0fd995f6168.jpg,card photo belonged to another card (photo-shift fix); own listing photo not on R2,hubfix-all,ジョイフル 古賀店,https://tabelog.com/fukuoka/A4003/A400302/40016304/
fukuoka/koga|Dining|140,私ん家のごはん,r2-hash-vs-listing:https://tblg.k-img.com/restaurant/images/Rvw/219065/640x640_rect_d7ef677f6d8b2969f56f5d1b1e133b8f.jpg,card photo belonged to another card (photo-shift fix); own listing photo not on R2,hubfix-all,私ん家のごはん,https://tabelog.com/fukuoka/A4003/A400302/40065528/
fukuoka/koga|Dining|143,まりもの溶岩とり焼き,r2-hash-vs-listing:https://tblg.k-img.com/restaurant/images/Rvw/377390/640x640_rect_2e07748ef65a400f78be4ba3cfdfdf25.jpg,card photo belonged to another card (photo-shift fix); own listing photo not on R2,hubfix-all,まりもの溶岩とり焼き,https://tabelog.com/fukuoka/A4003/A400302/40065199/
fukuoka/koga|Dining|155,コガ・ボーノ,r2-hash-vs-listing:https://tblg.k-img.com/restaurant/images/Rvw/318833/640x640_rect_20ddb52d7afbe3d44990bad7838e5ef2.jpg,card photo belonged to another card (photo-shift fix); own listing photo not on R2,hubfix-all,コガ・ボーノ,https://tabelog.com/fukuoka/A4003/A400302/40069872/
fukuoka/koga|Dining|160,とんかつ空海,r2-hash-vs-listing:https://tblg.k-img.com/restaurant/images/Rvw/305157/640x640_rect_5d810e0b3e3fb5ecb1aee00accf291b5.jpg,card photo belonged to another card (photo-shift fix); own listing photo not on R2,hubfix-all,とんかつ空海,https://tabelog.com/fukuoka/A4003/A400302/40069762/
fukuoka/koga|Dining|165,どんどん亭 古賀花見店,r2-hash-vs-listing:https://tblg.k-img.com/restaurant/images/Rvw/341332/640x640_rect_5c36ee4c8a8fe2678ef6e39a7d15bbaa.jpg,card photo belonged to another card (photo-shift fix); own listing photo not on R2,hubfix-all,どんどん亭 古賀花見店,https://tabelog.com/fukuoka/A4003/A400302/40031796/
fukuoka/koga|Dining|169,ジョイフル 東古賀店,r2-hash-vs-listing:https://tblg.k-img.com/restaurant/images/Rvw/385697/640x640_rect_90e90d5169615e8d5be7e0fd995f6168.jpg,card photo belonged to another card (photo-shift fix); own listing photo not on R2,hubfix-all,ジョイフル 東古賀店,https://tabelog.com/fukuoka/A4003/A400302/40019020/
fukuoka/koga|Dining|180,プチ・ブーケ,r2-hash-vs-listing:https://tblg.k-img.com/resize/640x640c/restaurant/images/Rvw/36351/36351113.jpg?token=8e91f29&api=v2,card photo belonged to another card (photo-shift fix); own listing photo not on R2,hubfix-all,プチ・ブーケ,https://tabelog.com/fukuoka/A4003/A400302/40039218/
fukuoka/koga|Dining|200,セブンイレブン 古賀天神店,r2-hash-vs-listing:https://tblg.k-img.com/restaurant/images/Rvw/155042/640x640_rect_155042804.jpg,card photo belonged to another card (photo-shift fix); own listing photo not on R2,hubfix-all,セブンイレブン 古賀天神店,https://tabelog.com/fukuoka/A4003/A400302/40057992/
fukuoka/koga|Dining|210,Fresh Candy 福岡店,r2-hash-vs-listing:https://tblg.k-img.com/resize/640x640c/restaurant/images/Rvw/218919/15c0a9465cc9e80b35b3df4ef938ee05.jpg?token=0647c01&api=v2,card photo belonged to another card (photo-shift fix); own listing photo not on R2,hubfix-all,Fresh Candy 福岡店,https://tabelog.com/fukuoka/A4003/A400302/40065152/
fukuoka/koga|Dining|220,AND NEW,r2-hash-vs-listing:https://tblg.k-img.com/restaurant/images/Rvw/276290/640x640_rect_fe6e62c3cb2739262f757a8e29c52cc3.jpg,card photo belonged to another card (photo-shift fix); own listing photo not on R2,hubfix-all,AND NEW,https://tabelog.com/fukuoka/A4003/A400302/40069189/
fukuoka/koga|Dining|239,ひよ子本舗 吉野堂 サンリブ古賀店,r2-hash-vs-listing:https://tblg.k-img.com/images/no_photo_350x350.gif,card photo belonged to another card (photo-shift fix); own listing photo not on R2,hubfix-all,ひよ子本舗 吉野堂 サンリブ古賀店,https://tabelog.com/fukuoka/A4003/A400302/40027934/
fukuoka/koga|Dining|258,青柳醤油,r2-hash-vs-listing:https://tblg.k-img.com/images/no_photo_350x350.gif,card photo belonged to another card (photo-shift fix); own listing photo not on R2,hubfix-all,青柳醤油,https://tabelog.com/fukuoka/A4003/A400302/40042010/
fukuoka/koge|Dining|1,そば処 白水,r2-hash-vs-listing:https://tblg.k-img.com/restaurant/images/Rvw/378937/640x640_rect_47d0005d958f5fb599260c29e63b0b10.jpg,card photo belonged to another card (photo-shift fix); own listing photo not on R2,hubfix-all,そば処 白水,https://tabelog.com/fukuoka/A4006/A400602/40051674/
fukuoka/koge|Dining|21,太平ハム工房,r2-hash-vs-listing:https://tblg.k-img.com/restaurant/images/Rvw/9095/640x640_rect_9095923.jpg,card photo belonged to another card (photo-shift fix); own listing photo not on R2,hubfix-all,太平ハム工房,https://tabelog.com/fukuoka/A4006/A400602/40027522/
fukuoka/kotake|Dining|1,ミッションバレーゴルフクラブ,r2-hash-vs-listing:https://tblg.k-img.com/resize/640x640c/restaurant/images/Rvw/181709/38b421ab17cfcc1a91bd3fe508a87e16.jpg?token=ed014b3&api=v2,card photo belonged to another card (photo-shift fix); own listing photo not on R2,hubfix-all,ミッションバレーゴルフクラブ,https://tabelog.com/fukuoka/A4007/A400702/40005771/
fukuoka/kurate|Dining|1,和牛レストランふるの,r2-hash-vs-listing:https://tblg.k-img.com/resize/640x640c/restaurant/images/Rvw/377141/4a69c349aa13e2e7aaeb524abcfab28e.jpg?token=aeddd74&api=v2,card photo belonged to another card (photo-shift fix); own listing photo not on R2,hubfix-all,和牛レストランふるの,https://tabelog.com/fukuoka/A4007/A400701/40009732/
fukuoka/kurate|Dining|23,Marie's Cafe,r2-hash-vs-listing:https://tblg.k-img.com/restaurant/images/Rvw/240745/640x640_rect_9f1925421fd6fda5ed459368b5adb075.jpg,card photo belonged to another card (photo-shift fix); own listing photo not on R2,hubfix-all,Marie's Cafe,https://tabelog.com/fukuoka/A4007/A400701/40062242/
fukuoka/kurate|Dining|40,KAWASHOKU 食彩館 鞍手店,r2-hash-vs-listing:https://tblg.k-img.com/images/no_photo_350x350.gif,card photo belonged to another card (photo-shift fix); own listing photo not on R2,hubfix-all,KAWASHOKU 食彩館 鞍手店,https://tabelog.com/fukuoka/A4007/A400701/40071863/
fukuoka/miyako|Dining|1,フルーツ工房 えふ,r2-hash-vs-listing:https://tblg.k-img.com/resize/640x640c/restaurant/images/Rvw/323102/488e0c94e69edf8fca1e85b1e3eb3c85.jpg?token=597ecb7&api=v2,card photo belonged to another card (photo-shift fix); own listing photo not on R2,hubfix-all,フルーツ工房 えふ,https://tabelog.com/fukuoka/A4006/A400601/40020376/
fukuoka/miyako|Dining|15,アブタール みやこ店,r2-hash-vs-listing:https://tblg.k-img.com/resize/640x640c/restaurant/images/Rvw/377123/0862723c18bf5863e1f97753ad98f9fd.jpg?token=a714d63&api=v2,card photo belonged to another card (photo-shift fix); own listing photo not on R2,hubfix-all,アブタール みやこ店,https://tabelog.com/fukuoka/A4006/A400601/40067514/
fukuoka/miyako|Dining|21,みやこのくに,r2-hash-vs-listing:https://tblg.k-img.com/restaurant/images/Rvw/365081/640x640_rect_8aa7892b16b90d1fd755cd3fa8bacf01.jpg,card photo belonged to another card (photo-shift fix); own listing photo not on R2,hubfix-all,みやこのくに,https://tabelog.com/fukuoka/A4006/A400601/40068682/
fukuoka/miyako|Dining|41,ずぼら寿し,r2-hash-vs-listing:https://tblg.k-img.com/resize/640x640c/restaurant/images/Rvw/381045/b1fe6affc88e207cd90e641767b3e6e6.jpg?token=93989b5&api=v2,card photo belonged to another card (photo-shift fix); own listing photo not on R2,hubfix-all,ずぼら寿し,https://tabelog.com/fukuoka/A4006/A400601/40010552/
fukuoka/miyako|Dining|44,今日cafe,r2-hash-vs-listing:https://tblg.k-img.com/resize/640x640c/restaurant/images/Rvw/203838/43e41ffe3b3a867a4b0aae743f6fc4ec.jpg?token=434999c&api=v2,card photo belonged to another card (photo-shift fix); own listing photo not on R2,hubfix-all,今日cafe,https://tabelog.com/fukuoka/A4006/A400601/40045104/
fukuoka/miyako|Dining|61,ラヴィアンローズ,r2-hash-vs-listing:https://tblg.k-img.com/restaurant/images/Rvw/88493/640x640_rect_88493682.jpg,card photo belonged to another card (photo-shift fix); own listing photo not on R2,hubfix-all,ラヴィアンローズ,https://tabelog.com/fukuoka/A4006/A400601/40025175/
fukuoka/mizumaki|Dining|1,おんどる 本店,r2-hash-vs-listing:https://tblg.k-img.com/restaurant/images/Rvw/48473/640x640_rect_48473755.jpg,card photo belonged to another card (photo-shift fix); own listing photo not on R2,hubfix-all,おんどる 本店,https://tabelog.com/fukuoka/A4006/A400603/40030455/
fukuoka/mizumaki|Dining|21,永昌苑,r2-hash-vs-listing:https://tblg.k-img.com/restaurant/images/Rvw/137144/640x640_rect_137144523.jpg,card photo belonged to another card (photo-shift fix); own listing photo not on R2,hubfix-all,永昌苑,https://tabelog.com/fukuoka/A4006/A400603/40009726/
fukuoka/mizumaki|Dining|29,神戸クック・ワールドビュッフェ ライフガーデン水巻店,r2-hash-vs-listing:https://tblg.k-img.com/restaurant/images/Rvw/363290/640x640_rect_2858e04cb12930348b520404b01938c2.jpg,card photo belonged to another card (photo-shift fix); own listing photo not on R2,hubfix-all,神戸クック・ワールドビュッフェ ライフガーデン水巻店,https://tabelog.com/fukuoka/A4004/A400404/40052709/
fukuoka/mizumaki|Dining|41,いえカフェ,r2-hash-vs-listing:https://tblg.k-img.com/resize/640x640c/restaurant/images/Rvw/327722/7980eb52bba4b14e1b2558277578b534.jpg?token=0c02885&api=v2,card photo belonged to another card (photo-shift fix); own listing photo not on R2,hubfix-all,いえカフェ,https://tabelog.com/fukuoka/A4006/A400603/40046311/
fukuoka/mizumaki|Dining|57,ジョイフル 北九州水巻店,r2-hash-vs-listing:https://tblg.k-img.com/restaurant/images/Rvw/385697/640x640_rect_5fd1467276c115d33724b87af5ef447f.jpg,card photo belonged to another card (photo-shift fix); own listing photo not on R2,hubfix-all,ジョイフル 北九州水巻店,https://tabelog.com/fukuoka/A4006/A400603/40019026/
fukuoka/mizumaki|Dining|61,すき家 ライフガーデン水巻店,r2-hash-vs-listing:https://tblg.k-img.com/restaurant/images/Rvw/295147/640x640_rect_f7e7fa4ff3aee50efff0e874d1bc8ee4.jpg,card photo belonged to another card (photo-shift fix); own listing photo not on R2,hubfix-all,すき家 ライフガーデン水巻店,https://tabelog.com/fukuoka/A4004/A400404/40053094/
fukuoka/nakama|Dining|1,讃岐うどん 伴,r2-hash-vs-listing:https://tblg.k-img.com/restaurant/images/Rvw/304366/640x640_rect_623d291d19c935843667e3a06dc3374c.jpg,card photo belonged to another card (photo-shift fix); own listing photo not on R2,hubfix-all,讃岐うどん 伴,https://tabelog.com/fukuoka/A4006/A400603/40005130/
fukuoka/nakama|Dining|22,やきとり鳥花,r2-hash-vs-listing:https://tblg.k-img.com/resize/640x640c/restaurant/images/Rvw/122581/122581275.jpg?token=3d7c86d&api=v2,card photo belonged to another card (photo-shift fix); own listing photo not on R2,hubfix-all,やきとり鳥花,https://tabelog.com/fukuoka/A4006/A400603/40007795/
fukuoka/nakama|Dining|41,加茂川,r2-hash-vs-listing:https://tblg.k-img.com/restaurant/images/Rvw/26770/640x640_rect_26770857.jpg,card photo belonged to another card (photo-shift fix); own listing photo not on R2,hubfix-all,加茂川,https://tabelog.com/fukuoka/A4006/A400603/40014887/
fukuoka/nakama|Dining|61,ひろ家,r2-hash-vs-listing:https://tblg.k-img.com/restaurant/images/Rvw/11144/640x640_rect_11144858.jpg,card photo belonged to another card (photo-shift fix); own listing photo not on R2,hubfix-all,ひろ家,https://tabelog.com/fukuoka/A4006/A400603/40010301/
fukuoka/nakama|Dining|77,焼鳥　ひろ,r2-hash-vs-listing:https://tblg.k-img.com/resize/640x640c/restaurant/images/Rvw/24609/24609518.jpg?token=af58830&api=v2,card photo belonged to another card (photo-shift fix); own listing photo not on R2,hubfix-all,焼鳥　ひろ,https://tabelog.com/fukuoka/A4006/A400603/40036088/
fukuoka/nakama|Dining|81,くるくる花娘,r2-hash-vs-listing:https://tblg.k-img.com/restaurant/images/Rvw/187551/640x640_rect_2d0d3f1a694a39aff758f79c958d9b34.jpg,card photo belonged to another card (photo-shift fix); own listing photo not on R2,hubfix-all,くるくる花娘,https://tabelog.com/fukuoka/A4006/A400603/40039181/
fukuoka/nakama|Dining|101,はま寿司 中間店,r2-hash-vs-listing:https://tblg.k-img.com/restaurant/images/Rvw/154497/640x640_rect_154497413.jpg,card photo belonged to another card (photo-shift fix); own listing photo not on R2,hubfix-all,はま寿司 中間店,https://tabelog.com/fukuoka/A4006/A400603/40057168/
fukuoka/nakama|Dining|121,不二家 中間店,r2-hash-vs-listing:https://tblg.k-img.com/restaurant/images/Rvw/216011/640x640_rect_d00d46c9a45847578bcd443c67f318ad.jpg,card photo belonged to another card (photo-shift fix); own listing photo not on R2,hubfix-all,不二家 中間店,https://tabelog.com/fukuoka/A4006/A400603/40026637/
fukuoka/nakama|Dining|140,ファミリーマート 中間垣生店,r2-hash-vs-listing:https://tblg.k-img.com/resize/640x640c/restaurant/images/Rvw/378209/d9ae8b3a3d2e7a5b522bad652d579e84.jpg?token=c11fad4&api=v2,card photo belonged to another card (photo-shift fix); own listing photo not on R2,hubfix-all,ファミリーマート 中間垣生店,https://tabelog.com/fukuoka/A4006/A400603/40067582/
fukuoka/nakama|Dining|160,たこ焼き まきちゃん,r2-hash-vs-listing:https://tblg.k-img.com/images/no_photo_350x350.gif,card photo belonged to another card (photo-shift fix); own listing photo not on R2,hubfix-all,たこ焼き まきちゃん,https://tabelog.com/fukuoka/A4006/A400603/40064376/
fukuoka/ogori|Dining|1,麺屋 我ガ 小郡本店,r2-hash-vs-listing:https://tblg.k-img.com/resize/640x640c/restaurant/images/Rvw/384969/9271b20226cddf8c86b066005d29684a.jpg?token=a1956ea&api=v2,card photo belonged to another card (photo-shift fix); own listing photo not on R2,hubfix-all,麺屋 我ガ 小郡本店,https://tabelog.com/fukuoka/A4008/A400802/40034718/
fukuoka/ogori|Dining|21,クリーブラッツ 小郡店,r2-hash-vs-listing:https://tblg.k-img.com/restaurant/images/Rvw/171681/640x640_rect_2258db7db04f491f6fd5a3b7518f816d.jpg,card photo belonged to another card (photo-shift fix); own listing photo not on R2,hubfix-all,クリーブラッツ 小郡店,https://tabelog.com/fukuoka/A4008/A400802/40026416/
fukuoka/ogori|Dining|41,たこ焼き帝王 小郡店,r2-hash-vs-listing:https://tblg.k-img.com/restaurant/images/Rvw/216407/640x640_rect_0613d1b13296719ac13a52be7dfc63b8.jpg,card photo belonged to another card (photo-shift fix); own listing photo not on R2,hubfix-all,たこ焼き帝王 小郡店,https://tabelog.com/fukuoka/A4008/A400802/40027862/
fukuoka/ogori|Dining|51,味秋吉,r2-hash-vs-listing:https://tblg.k-img.com/restaurant/images/Rvw/359184/640x640_rect_5a2ea7b56f280e1cdbb27101482fce9b.jpg,card photo belonged to another card (photo-shift fix); own listing photo not on R2,hubfix-all,味秋吉,https://tabelog.com/fukuoka/A4008/A400802/40018221/
fukuoka/ogori|Dining|61,ひら田,r2-hash-vs-listing:https://tblg.k-img.com/resize/640x640c/restaurant/images/Rvw/381366/aac3da7ed892af524250a2c924450db5.jpg?token=0f1b748&api=v2,card photo belonged to another card (photo-shift fix); own listing photo not on R2,hubfix-all,ひら田,https://tabelog.com/fukuoka/A4008/A400802/40010788/
fukuoka/ogori|Dining|81,Skip,r2-hash-vs-listing:https://tblg.k-img.com/restaurant/images/Rvw/354797/640x640_rect_891607942e68b4c9e413ff66b868c960.jpg,card photo belonged to another card (photo-shift fix); own listing photo not on R2,hubfix-all,Skip,https://tabelog.com/fukuoka/A4008/A400802/40056686/
fukuoka/ogori|Dining|101,シアトルズベストコーヒー イオン小郡店,r2-hash-vs-listing:https://tblg.k-img.com/resize/640x640c/restaurant/images/Rvw/250706/28a5584a7971b644339e8abdaa14538a.jpg?token=e2b521c&api=v2,card photo belonged to another card (photo-shift fix); own listing photo not on R2,hubfix-all,シアトルズベストコーヒー イオン小郡店,https://tabelog.com/fukuoka/A4008/A400802/40045307/
fukuoka/ogori|Dining|121,わらび餅専門店 門藤 福岡小郡店,r2-hash-vs-listing:https://tblg.k-img.com/resize/640x640c/restaurant/images/Rvw/245187/a3588d0307a390088fa7a999efaa3286.jpg?token=8048533&api=v2,card photo belonged to another card (photo-shift fix); own listing photo not on R2,hubfix-all,わらび餅専門店 門藤 福岡小郡店,https://tabelog.com/fukuoka/A4008/A400802/40061096/
fukuoka/ogori|Dining|141,COTTON'S,r2-hash-vs-listing:https://tblg.k-img.com/resize/640x640c/restaurant/images/Rvw/364607/c8e9c28b7e32e831ae932e5b9553bc05.jpg?token=3efffa7&api=v2,card photo belonged to another card (photo-shift fix); own listing photo not on R2,hubfix-all,COTTON'S,https://tabelog.com/fukuoka/A4008/A400802/40073018/
fukuoka/ogori|Dining|160,あじ蔵,r2-hash-vs-listing:https://tblg.k-img.com/images/no_photo_350x350.gif,card photo belonged to another card (photo-shift fix); own listing photo not on R2,hubfix-all,あじ蔵,https://tabelog.com/fukuoka/A4003/A400301/40003006/
fukuoka/ogori|Dining|177,シフォンケーキのお店 さつき,r2-hash-vs-listing:https://tblg.k-img.com/resize/640x640c/restaurant/images/Rvw/208468/3208fe571354a01f3ff157e9f36ae87a.jpg?token=a26c40e&api=v2,card photo belonged to another card (photo-shift fix); own listing photo not on R2,hubfix-all,シフォンケーキのお店 さつき,https://tabelog.com/fukuoka/A4008/A400802/40059784/
fukuoka/ogori|Dining|201,野瀬鮮魚店,r2-hash-vs-listing:https://tblg.k-img.com/resize/640x640c/restaurant/images/Rvw/376704/57d5a783732891e5dc918c93f0540cb0.jpg?token=29f6639&api=v2,card photo belonged to another card (photo-shift fix); own listing photo not on R2,hubfix-all,野瀬鮮魚店,https://tabelog.com/fukuoka/A4008/A400802/40067723/
fukuoka/ogori|Dining|220,壺焼き芋 しましゃん,r2-hash-vs-listing:https://tblg.k-img.com/images/no_photo_350x350.gif,card photo belonged to another card (photo-shift fix); own listing photo not on R2,hubfix-all,壺焼き芋 しましゃん,https://tabelog.com/fukuoka/A4008/A400802/40073628/
fukuoka/okagaki|Dining|1,海の見えるカウンター寿司 鮨屋台 岡垣総本店,r2-hash-vs-listing:https://tblg.k-img.com/restaurant/images/Rvw/365952/640x640_rect_92b94277be47d3a3876bf4616c0d414d.jpg,card photo belonged to another card (photo-shift fix); own listing photo not on R2,hubfix-all,海の見えるカウンター寿司 鮨屋台 岡垣総本店,https://tabelog.com/fukuoka/A4006/A400603/40000720/
fukuoka/okagaki|Dining|5,野々庵,r2-hash-vs-listing:https://tblg.k-img.com/restaurant/images/Rvw/290856/640x640_rect_6f5e965600a83bc54c4ef9ad5f44bc12.jpg,card photo belonged to another card (photo-shift fix); own listing photo not on R2,hubfix-all,野々庵,https://tabelog.com/fukuoka/A4006/A400603/40020675/
fukuoka/okagaki|Dining|20,甘味茶屋 安久里,r2-hash-vs-listing:https://tblg.k-img.com/resize/640x640c/restaurant/images/Rvw/338295/51308c1421a6779b98e8c34db744958a.jpg?token=85c9d2b&api=v2,card photo belonged to another card (photo-shift fix); own listing photo not on R2,hubfix-all,甘味茶屋 安久里,https://tabelog.com/fukuoka/A4006/A400603/40065472/
fukuoka/okagaki|Dining|25,森のレストラン,r2-hash-vs-listing:https://tblg.k-img.com/restaurant/images/Rvw/182610/640x640_rect_01d24b3d0532ed080af4ce9598fe31a9.jpg,card photo belonged to another card (photo-shift fix); own listing photo not on R2,hubfix-all,森のレストラン,https://tabelog.com/fukuoka/A4006/A400603/40039141/
fukuoka/okagaki|Dining|39,焼鳥大将,r2-hash-vs-listing:https://tblg.k-img.com/resize/640x640c/restaurant/images/Rvw/133355/133355097.jpg?token=4aa8db9&api=v2,card photo belonged to another card (photo-shift fix); own listing photo not on R2,hubfix-all,焼鳥大将,https://tabelog.com/fukuoka/A4006/A400603/40008884/
fukuoka/okagaki|Dining|59,ラーメン ばさらか 岡垣店,r2-hash-vs-listing:https://tblg.k-img.com/restaurant/images/Rvw/293712/640x640_rect_437a607fa6e6a3373f7e205829e240d2.jpg,card photo belonged to another card (photo-shift fix); own listing photo not on R2,hubfix-all,ラーメン ばさらか 岡垣店,https://tabelog.com/fukuoka/A4006/A400603/40005649/
fukuoka/okagaki|Dining|79,モスバーガー 福岡岡垣店,r2-hash-vs-listing:https://tblg.k-img.com/resize/640x640c/restaurant/images/Rvw/60498/60498892.jpg?token=14d7d24&api=v2,card photo belonged to another card (photo-shift fix); own listing photo not on R2,hubfix-all,モスバーガー 福岡岡垣店,https://tabelog.com/fukuoka/A4006/A400603/40044642/
fukuoka/okagaki|Dining|98,よっちゃん,r2-hash-vs-listing:https://tblg.k-img.com/images/no_photo_350x350.gif,card photo belonged to another card (photo-shift fix); own listing photo not on R2,hubfix-all,よっちゃん,https://tabelog.com/fukuoka/A4006/A400603/40008883/
fukuoka/okawashi|Dining|1,富龍らーめん,r2-hash-vs-listing:https://tblg.k-img.com/resize/640x640c/restaurant/images/Rvw/328885/e45ecdde2a520f8f181203aef3192961.jpg?token=97b6a9c&api=v2,card photo belonged to another card (photo-shift fix); own listing photo not on R2,hubfix-all,富龍らーめん,https://tabelog.com/fukuoka/A4008/A400806/40009247/
fukuoka/okawashi|Dining|21,リストランテショウブン,r2-hash-vs-listing:https://tblg.k-img.com/restaurant/images/Rvw/312978/640x640_rect_cfb4695ba0ff89908b9e405e710a894c.jpg,card photo belonged to another card (photo-shift fix); own listing photo not on R2,hubfix-all,リストランテショウブン,https://tabelog.com/fukuoka/A4008/A400806/40033834/
fukuoka/okawashi|Dining|33,セントラルホテル大川,r2-hash-vs-listing:https://tblg.k-img.com/restaurant/images/Rvw/114909/640x640_rect_114909287.jpg,card photo belonged to another card (photo-shift fix); own listing photo not on R2,hubfix-all,セントラルホテル大川,https://tabelog.com/fukuoka/A4008/A400806/40033532/
fukuoka/okawashi|Dining|40,禮,r2-hash-vs-listing:https://tblg.k-img.com/restaurant/images/Rvw/385156/640x640_rect_b4d5e9f7f855c18a39aa894ce34851a5.jpg,card photo belonged to another card (photo-shift fix); own listing photo not on R2,hubfix-all,禮,https://tabelog.com/fukuoka/A4008/A400806/40071886/
fukuoka/okawashi|Dining|60,caferob 大川店,r2-hash-vs-listing:https://tblg.k-img.com/restaurant/images/Rvw/333037/640x640_rect_c37a3f5ec00ef57ee304815897ed85c2.jpg,card photo belonged to another card (photo-shift fix); own listing photo not on R2,hubfix-all,caferob 大川店,https://tabelog.com/fukuoka/A4008/A400806/40070739/
fukuoka/okawashi|Dining|70,とり富士,r2-hash-vs-listing:https://tblg.k-img.com/resize/640x640c/restaurant/images/Rvw/5328/40cd7beb6781e1e25d3a6651426ddab5.jpg?token=dc607d4&api=v2,card photo belonged to another card (photo-shift fix); own listing photo not on R2,hubfix-all,とり富士,https://tabelog.com/fukuoka/A4008/A400806/40007597/
fukuoka/okawashi|Dining|80,Restaurant Bar cru,r2-hash-vs-listing:https://tblg.k-img.com/restaurant/images/Rvw/44747/640x640_rect_44747758.jpg,card photo belonged to another card (photo-shift fix); own listing photo not on R2,hubfix-all,Restaurant Bar cru,https://tabelog.com/fukuoka/A4008/A400806/40016114/
fukuoka/okawashi|Dining|89,ジョイフル 福岡大川店,r2-hash-vs-listing:https://tblg.k-img.com/restaurant/images/Rvw/385697/640x640_rect_5fd1467276c115d33724b87af5ef447f.jpg,card photo belonged to another card (photo-shift fix); own listing photo not on R2,hubfix-all,ジョイフル 福岡大川店,https://tabelog.com/fukuoka/A4008/A400806/40019087/
fukuoka/okawashi|Dining|100,やきとり味のいわちゃん,r2-hash-vs-listing:https://tblg.k-img.com/restaurant/images/Rvw/49676/640x640_rect_49676397.jpg,card photo belonged to another card (photo-shift fix); own listing photo not on R2,hubfix-all,やきとり味のいわちゃん,https://tabelog.com/fukuoka/A4008/A400806/40008616/
fukuoka/okawashi|Dining|120,ゆめタウン 大川,r2-hash-vs-listing:https://tblg.k-img.com/restaurant/images/Rvw/199371/640x640_rect_499b61a2e54e4bedb66f887e7aa454be.jpg,card photo belonged to another card (photo-shift fix); own listing photo not on R2,hubfix-all,ゆめタウン 大川,https://tabelog.com/fukuoka/A4008/A400806/40063636/
fukuoka/okawashi|Dining|140,蔵内堂,r2-hash-vs-listing:https://tblg.k-img.com/restaurant/images/Rvw/262923/640x640_rect_b62a4d0e7e82c01aa46db9df0f6c8724.jpg,card photo belonged to another card (photo-shift fix); own listing photo not on R2,hubfix-all,蔵内堂,https://tabelog.com/fukuoka/A4008/A400806/40068489/
fukuoka/okawashi|Dining|159,炭火焼 天狗,r2-hash-vs-listing:https://tblg.k-img.com/images/no_photo_350x350.gif,card photo belonged to another card (photo-shift fix); own listing photo not on R2,hubfix-all,炭火焼 天狗,https://tabelog.com/fukuoka/A4008/A400806/40074957/
fukuoka/oki|Dining|1,デリ＆ビュッフェ　くるるん,r2-hash-vs-listing:https://tblg.k-img.com/restaurant/images/Rvw/189010/640x640_rect_77a6d5ff53248e75f58a249c5da10e04.jpg,card photo belonged to another card (photo-shift fix); own listing photo not on R2,hubfix-all,デリ＆ビュッフェ　くるるん,https://tabelog.com/fukuoka/A4008/A400806/40023525/
fukuoka/oki|Dining|16,水車,r2-hash-vs-listing:https://tblg.k-img.com/restaurant/images/Rvw/26398/640x640_rect_26398208.jpg,card photo belonged to another card (photo-shift fix); own listing photo not on R2,hubfix-all,水車,https://tabelog.com/fukuoka/A4008/A400806/40009391/
fukuoka/oki|Dining|21,高井良料亭,r2-hash-vs-listing:https://tblg.k-img.com/restaurant/images/Rvw/352679/640x640_rect_7024a5fe419215a1b80777262b9d0c2e.jpg,card photo belonged to another card (photo-shift fix); own listing photo not on R2,hubfix-all,高井良料亭,https://tabelog.com/fukuoka/A4008/A400806/40015120/
fukuoka/onga|Dining|1,洋食 中村家,r2-hash-vs-listing:https://tblg.k-img.com/resize/640x640c/restaurant/images/Rvw/245942/b37b2e0764aeda6dc0d9ee36e39e673a.jpg?token=2b23e8b&api=v2,card photo belonged to another card (photo-shift fix); own listing photo not on R2,hubfix-all,洋食 中村家,https://tabelog.com/fukuoka/A4006/A400603/40004580/
fukuoka/onga|Dining|21,酒処 はな田,r2-hash-vs-listing:https://tblg.k-img.com/resize/640x640c/restaurant/images/Rvw/258723/af9901bfd08ada4dcfc4663bee2d140c.jpg?token=0d37eeb&api=v2,card photo belonged to another card (photo-shift fix); own listing photo not on R2,hubfix-all,酒処 はな田,https://tabelog.com/fukuoka/A4006/A400603/40049778/
fukuoka/onga|Dining|35,焼鳥ジブリン,r2-hash-vs-listing:https://tblg.k-img.com/resize/640x640c/restaurant/images/Rvw/82429/82429251.jpg?token=91a5cb6&api=v2,card photo belonged to another card (photo-shift fix); own listing photo not on R2,hubfix-all,焼鳥ジブリン,https://tabelog.com/fukuoka/A4006/A400603/40038745/
fukuoka/onga|Dining|41,ドッグ カフェ ベベ,r2-hash-vs-listing:https://tblg.k-img.com/restaurant/images/Rvw/358209/640x640_rect_d9a8130d13261f5c529e7c61b193d844.jpg,card photo belonged to another card (photo-shift fix); own listing photo not on R2,hubfix-all,ドッグ カフェ ベベ,https://tabelog.com/fukuoka/A4006/A400603/40044578/
fukuoka/onga|Dining|57,ジョイフル 北遠賀店,r2-hash-vs-listing:https://tblg.k-img.com/resize/640x640c/restaurant/images/Rvw/356069/6c4dafffa7f26faff2f930b4db41de10.jpg?token=df17f71&api=v2,card photo belonged to another card (photo-shift fix); own listing photo not on R2,hubfix-all,ジョイフル 北遠賀店,https://tabelog.com/fukuoka/A4004/A400404/40019029/
fukuoka/onga|Dining|61,東筑軒 遠賀工場売店,r2-hash-vs-listing:https://tblg.k-img.com/resize/640x640c/restaurant/images/Rvw/156566/156566171.jpg?token=e52ee92&api=v2,card photo belonged to another card (photo-shift fix); own listing photo not on R2,hubfix-all,東筑軒 遠賀工場売店,https://tabelog.com/fukuoka/A4006/A400603/40054528/
fukuoka/onga|Dining|81,源蛸 遠賀店,r2-hash-vs-listing:https://tblg.k-img.com/restaurant/images/Rvw/363679/640x640_rect_5448306908efd02d157df13362f7739f.jpg,card photo belonged to another card (photo-shift fix); own listing photo not on R2,hubfix-all,源蛸 遠賀店,https://tabelog.com/fukuoka/A4006/A400603/40074079/
fukuoka/onga|Dining|100,天一食堂,r2-hash-vs-listing:https://tblg.k-img.com/images/no_photo_350x350.gif,card photo belonged to another card (photo-shift fix); own listing photo not on R2,hubfix-all,天一食堂,https://tabelog.com/fukuoka/A4006/A400603/40015481/
fukuoka/onojo|Dining|1,うどん大文字,r2-hash-vs-listing:https://tblg.k-img.com/restaurant/images/Rvw/360477/640x640_rect_8fd2428ce9c725c6aa0b12c0b12d1460.jpg,card photo belonged to another card (photo-shift fix); own listing photo not on R2,hubfix-all,うどん大文字,https://tabelog.com/fukuoka/A4003/A400301/40033963/
fukuoka/onojo|Dining|16,焼き鳥 ごきげん鳥 大野城店,r2-hash-vs-listing:https://tblg.k-img.com/resize/640x640c/restaurant/images/Rvw/273335/0e434a734d5212a3ca035c753a9f84cb.jpg?token=cd2cb92&api=v2,card photo belonged to another card (photo-shift fix); own listing photo not on R2,hubfix-all,焼き鳥 ごきげん鳥 大野城店,https://tabelog.com/fukuoka/A4003/A400301/40009864/
fukuoka/onojo|Dining|21,肉ちゃんうどん 大野城店,r2-hash-vs-listing:https://tblg.k-img.com/restaurant/images/Rvw/283432/640x640_rect_234fd4cdd8cab8e0813463e7d2060ad4.jpg,card photo belonged to another card (photo-shift fix); own listing photo not on R2,hubfix-all,肉ちゃんうどん 大野城店,https://tabelog.com/fukuoka/A4003/A400301/40037889/
fukuoka/onojo|Dining|41,平野松栄堂,r2-hash-vs-listing:https://tblg.k-img.com/restaurant/images/Rvw/264048/640x640_rect_1e076cce858385cd217a486473633035.jpg,card photo belonged to another card (photo-shift fix); own listing photo not on R2,hubfix-all,平野松栄堂,https://tabelog.com/fukuoka/A4003/A400301/40027426/
fukuoka/onojo|Dining|63,本格インド料理レストラン SURAJ,r2-hash-vs-listing:https://tblg.k-img.com/restaurant/images/Rvw/265006/640x640_rect_131ae425f7e08e8511d53c223c70a4c0.jpg,card photo belonged to another card (photo-shift fix); own listing photo not on R2,hubfix-all,本格インド料理レストラン SURAJ,https://tabelog.com/fukuoka/A4003/A400301/40048554/
fukuoka/onojo|Dining|81,はかたや  大野城店,r2-hash-vs-listing:https://tblg.k-img.com/resize/640x640c/restaurant/images/Rvw/380781/4a27cf8ae567e84da6a391fd505a3652.jpg?token=4ea6bde&api=v2,card photo belonged to another card (photo-shift fix); own listing photo not on R2,hubfix-all,はかたや  大野城店,https://tabelog.com/fukuoka/A4003/A400301/40027240/
fukuoka/onojo|Dining|101,梅庄,r2-hash-vs-listing:https://tblg.k-img.com/restaurant/images/Rvw/275738/640x640_rect_9e018568481f81302cc1adf9dad5dbeb.jpg,card photo belonged to another card (photo-shift fix); own listing photo not on R2,hubfix-all,梅庄,https://tabelog.com/fukuoka/A4003/A400301/40050991/
fukuoka/onojo|Dining|121,ヨルドット 春日原店,r2-hash-vs-listing:https://tblg.k-img.com/restaurant/images/Rvw/363458/640x640_rect_7b8e9cf8da1981440cfcae4e560db785.jpg,card photo belonged to another card (photo-shift fix); own listing photo not on R2,hubfix-all,ヨルドット 春日原店,https://tabelog.com/fukuoka/A4003/A400301/40072976/
fukuoka/onojo|Dining|132,カフェ レソ,r2-hash-vs-listing:https://tblg.k-img.com/restaurant/images/Rvw/189124/640x640_rect_dd5432e55ec39d1781d40678ed195b78.jpg,card photo belonged to another card (photo-shift fix); own listing photo not on R2,hubfix-all,カフェ レソ,https://tabelog.com/fukuoka/A4003/A400301/40025353/
fukuoka/onojo|Dining|142,グランジュテ タカヤマ,r2-hash-vs-listing:https://tblg.k-img.com/resize/640x640c/restaurant/images/Rvw/270167/d853597d8fca0146f9b0c500e4823278.jpg?token=df8c016&api=v2,card photo belonged to another card (photo-shift fix); own listing photo not on R2,hubfix-all,グランジュテ タカヤマ,https://tabelog.com/fukuoka/A4003/A400301/40035828/
fukuoka/onojo|Dining|146,どんどん亭 大野城店,r2-hash-vs-listing:https://tblg.k-img.com/resize/640x640c/restaurant/images/Rvw/256840/5dcbc9afe5f833ba8169791f07a35c7f.jpg?token=ba8c52b&api=v2,card photo belonged to another card (photo-shift fix); own listing photo not on R2,hubfix-all,どんどん亭 大野城店,https://tabelog.com/fukuoka/A4003/A400301/40031798/
fukuoka/onojo|Dining|162,ギャラリー大石,r2-hash-vs-listing:https://tblg.k-img.com/resize/640x640c/restaurant/images/Rvw/9473/6b600aeab0c42c2a8af4e5ce5e06a26f.jpg?token=5faaf5a&api=v2,card photo belonged to another card (photo-shift fix); own listing photo not on R2,hubfix-all,ギャラリー大石,https://tabelog.com/fukuoka/A4003/A400301/40028572/
fukuoka/onojo|Dining|167,よしだ屋,r2-hash-vs-listing:https://tblg.k-img.com/restaurant/images/Rvw/123287/640x640_rect_123287347.jpg,card photo belonged to another card (photo-shift fix); own listing photo not on R2,hubfix-all,よしだ屋,https://tabelog.com/fukuoka/A4003/A400301/40053422/
fukuoka/onojo|Dining|169,いこいカフェ 大野城店,r2-hash-vs-listing:https://tblg.k-img.com/resize/640x640c/restaurant/images/Rvw/300011/78e5ae1975b1fbd0dbedd62cd7d04070.jpg?token=bf8e17f&api=v2,card photo belonged to another card (photo-shift fix); own listing photo not on R2,hubfix-all,いこいカフェ 大野城店,https://tabelog.com/fukuoka/A4003/A400301/40070606/
fukuoka/onojo|Dining|172,想夫恋 上大利店,r2-hash-vs-listing:https://tblg.k-img.com/resize/640x640c/restaurant/images/Rvw/280881/841e3240ca26dd8fcca962d7681dc303.jpg?token=99fa58b&api=v2,card photo belonged to another card (photo-shift fix); own listing photo not on R2,hubfix-all,想夫恋 上大利店,https://tabelog.com/fukuoka/A4003/A400301/40044278/
fukuoka/onojo|Dining|181,博多中華そば 昇龍,r2-hash-vs-listing:https://tblg.k-img.com/restaurant/images/Rvw/253682/640x640_rect_08e661dd05781a472ac89e05ecd087f4.jpg,card photo belonged to another card (photo-shift fix); own listing photo not on R2,hubfix-all,博多中華そば 昇龍,https://tabelog.com/fukuoka/A4003/A400301/40056536/
fukuoka/onojo|Dining|201,バンケットロイヤルホール,r2-hash-vs-listing:https://tblg.k-img.com/restaurant/images/Rvw/262316/640x640_rect_d70a2662c3069e18d54074a6e9124c6e.jpg,card photo belonged to another card (photo-shift fix); own listing photo not on R2,hubfix-all,バンケットロイヤルホール,https://tabelog.com/fukuoka/A4001/A400108/40035367/
fukuoka/onojo|Dining|220,お酒とお肉の食堂 エンジン,r2-hash-vs-listing:https://tblg.k-img.com/images/no_photo_350x350.gif,card photo belonged to another card (photo-shift fix); own listing photo not on R2,hubfix-all,お酒とお肉の食堂 エンジン,https://tabelog.com/fukuoka/A4003/A400301/40073675/
fukuoka/onojo|Dining|225,十六雑穀オムライス＆ドリア専門店 おむらいす亭 福岡イオン大野城店,r2-hash-vs-listing:https://tblg.k-img.com/resize/640x640c/restaurant/images/Rvw/287665/4059b9fa9b4088daf3b77771761a83e2.jpg?token=1cadb10&api=v2,card photo belonged to another card (photo-shift fix); own listing photo not on R2,hubfix-all,十六雑穀オムライス＆ドリア専門店 おむらいす亭 福岡イオン大野城店,https://tabelog.com/fukuoka/A4003/A400301/40016473/
fukuoka/onojo|Dining|237,魚丼 春日原駅前店,r2-hash-vs-listing:https://tblg.k-img.com/restaurant/images/Rvw/236818/640x640_rect_f483b0f46acb293efeb3afa8a8c48d35.jpg,card photo belonged to another card (photo-shift fix); own listing photo not on R2,hubfix-all,魚丼 春日原駅前店,https://tabelog.com/fukuoka/A4003/A400301/40064718/
fukuoka/onojo|Dining|241,パン工場 御笠川店,r2-hash-vs-listing:https://tblg.k-img.com/restaurant/images/Rvw/381447/640x640_rect_7a2abb9fde52a2a06a993744d7a3c451.jpg,card photo belonged to another card (photo-shift fix); own listing photo not on R2,hubfix-all,パン工場 御笠川店,https://tabelog.com/fukuoka/A4003/A400301/40025408/
fukuoka/onojo|Dining|261,しゅんら,r2-hash-vs-listing:https://tblg.k-img.com/restaurant/images/Rvw/367602/640x640_rect_2506466c0d31b6d43433383ac2cc3199.jpg,card photo belonged to another card (photo-shift fix); own listing photo not on R2,hubfix-all,しゅんら,https://tabelog.com/fukuoka/A4003/A400301/40073386/
fukuoka/onojo|Dining|281,CAFE Lalala,r2-hash-vs-listing:https://tblg.k-img.com/restaurant/images/Rvw/211984/640x640_rect_dc1ab20c89114563681648cc7c9da4b7.jpg,card photo belonged to another card (photo-shift fix); own listing photo not on R2,hubfix-all,CAFE Lalala,https://tabelog.com/fukuoka/A4003/A400301/40061825/
fukuoka/onojo|Dining|296,からあげ ドラゴン,r2-hash-vs-listing:https://tblg.k-img.com/resize/640x640c/restaurant/images/Rvw/218863/eb63b624c4e36fc0887b38591662acf5.jpg?token=1fb06c0&api=v2,card photo belonged to another card (photo-shift fix); own listing photo not on R2,hubfix-all,からあげ ドラゴン,https://tabelog.com/fukuoka/A4003/A400301/40065503/
fukuoka/onojo|Dining|300,お茶の山口園 イオン大野城SC,r2-hash-vs-listing:https://tblg.k-img.com/resize/640x640c/restaurant/images/Rvw/97614/f9fb8cedddab2169f69f2643333c5fc1.jpg?token=f2136cc&api=v2,card photo belonged to another card (photo-shift fix); own listing photo not on R2,hubfix-all,お茶の山口園 イオン大野城SC,https://tabelog.com/fukuoka/A4003/A400301/40050345/
fukuoka/onojo|Dining|307,GOGO CHICKEN,r2-hash-vs-listing:https://tblg.k-img.com/resize/640x640c/restaurant/images/Rvw/195365/f2f3261d071490d746a8054b99aeb335.jpg?token=05a015e&api=v2,card photo belonged to another card (photo-shift fix); own listing photo not on R2,hubfix-all,GOGO CHICKEN,https://tabelog.com/fukuoka/A4003/A400301/40063094/
fukuoka/onojo|Dining|322,しかしま,r2-hash-vs-listing:https://tblg.k-img.com/resize/640x640c/restaurant/images/Rvw/226071/93cf4a35b574a5958ff20e96c22aa3f1.jpg?token=d8fd398&api=v2,card photo belonged to another card (photo-shift fix); own listing photo not on R2,hubfix-all,しかしま,https://tabelog.com/fukuoka/A4001/A400101/40066041/
fukuoka/oto|Dining|1,道の駅 おおとう桜街道 もみじ館,r2-hash-vs-listing:https://tblg.k-img.com/resize/640x640c/restaurant/images/Rvw/331059/ff0f412d3bcd7a87275cedaa75365939.jpg?token=7467f35&api=v2,card photo belonged to another card (photo-shift fix); own listing photo not on R2,hubfix-all,道の駅 おおとう桜街道 もみじ館,https://tabelog.com/fukuoka/A4007/A400703/40031871/
fukuoka/oto|Dining|25,定食ミホ,r2-hash-vs-listing:https://tblg.k-img.com/images/no_photo_350x350.gif,card photo belonged to another card (photo-shift fix); own listing photo not on R2,hubfix-all,定食ミホ,https://tabelog.com/fukuoka/A4007/A400703/40015463/
fukuoka/sasaguri|Dining|1,茶房　わらび野,r2-hash-vs-listing:https://tblg.k-img.com/restaurant/images/Rvw/15590/640x640_rect_15590938.jpg,card photo belonged to another card (photo-shift fix); own listing photo not on R2,hubfix-all,茶房　わらび野,https://tabelog.com/fukuoka/A4003/A400303/40006425/
fukuoka/sasaguri|Dining|21,JAVA COFFEE YARD,r2-hash-vs-listing:https://tblg.k-img.com/resize/640x640c/restaurant/images/Rvw/296507/c18dc3717b31a6f754b1785c04b7cfec.jpg?token=edf9efe&api=v2,card photo belonged to another card (photo-shift fix); own listing photo not on R2,hubfix-all,JAVA COFFEE YARD,https://tabelog.com/fukuoka/A4003/A400303/40065878/
fukuoka/sasaguri|Dining|28,よしみ,r2-hash-vs-listing:https://tblg.k-img.com/resize/640x640c/restaurant/images/Rvw/205449/3223ca6e09de13d645550ac1a1c94f5e.jpg?token=f7aec34&api=v2,card photo belonged to another card (photo-shift fix); own listing photo not on R2,hubfix-all,よしみ,https://tabelog.com/fukuoka/A4003/A400303/40014791/
fukuoka/sasaguri|Dining|41,海のまんま・海鮮味楽,r2-hash-vs-listing:https://tblg.k-img.com/restaurant/images/Rvw/161482/640x640_rect_161482733.jpg,card photo belonged to another card (photo-shift fix); own listing photo not on R2,hubfix-all,海のまんま・海鮮味楽,https://tabelog.com/fukuoka/A4003/A400303/40010650/
fukuoka/sasaguri|Dining|43,ウエスト 篠栗店,r2-hash-vs-listing:https://tblg.k-img.com/restaurant/images/Rvw/315626/640x640_rect_e4fc8bdf42b86825271b409ae69364d2.jpg,card photo belonged to another card (photo-shift fix); own listing photo not on R2,hubfix-all,ウエスト 篠栗店,https://tabelog.com/fukuoka/A4003/A400303/40064035/
fukuoka/sasaguri|Dining|54,たい焼きKATO,r2-hash-vs-listing:https://tblg.k-img.com/resize/640x640c/restaurant/images/Rvw/280952/4c1721eb1c0733f99b4f380f4bacb059.jpg?token=6f68f95&api=v2,card photo belonged to another card (photo-shift fix); own listing photo not on R2,hubfix-all,たい焼きKATO,https://tabelog.com/fukuoka/A4003/A400303/40069194/
fukuoka/sasaguri|Dining|58,地鶏食堂 篠栗店,r2-hash-vs-listing:https://tblg.k-img.com/restaurant/images/Rvw/304988/640x640_rect_28ef884f88608b4f92989eb4f83a62d3.jpg,card photo belonged to another card (photo-shift fix); own listing photo not on R2,hubfix-all,地鶏食堂 篠栗店,https://tabelog.com/fukuoka/A4003/A400303/40058987/
fukuoka/sasaguri|Dining|61,南蔵院 駅売店,r2-hash-vs-listing:https://tblg.k-img.com/resize/640x640c/restaurant/images/Rvw/193651/9ca1e709874ff7d56a81ad211d2db86c.jpg?token=f24a410&api=v2,card photo belonged to another card (photo-shift fix); own listing photo not on R2,hubfix-all,南蔵院 駅売店,https://tabelog.com/fukuoka/A4003/A400303/40036405/
fukuoka/sasaguri|Dining|65,純一 篠栗店,r2-hash-vs-listing:https://tblg.k-img.com/restaurant/images/Rvw/284030/640x640_rect_98f9d26673dce1dbad07f6b121f9ae06.jpg,card photo belonged to another card (photo-shift fix); own listing photo not on R2,hubfix-all,純一 篠栗店,https://tabelog.com/fukuoka/A4003/A400303/40068856/
fukuoka/sasaguri|Dining|77,セブンイレブン 篠栗和田店,r2-hash-vs-listing:https://tblg.k-img.com/resize/640x640c/restaurant/images/Rvw/380115/8f916a7dd3b49f7df108a9da7bb645ec.jpg?token=c542b55&api=v2,card photo belonged to another card (photo-shift fix); own listing photo not on R2,hubfix-all,セブンイレブン 篠栗和田店,https://tabelog.com/fukuoka/A4003/A400303/40052897/
fukuoka/sasaguri|Dining|80,あずまや,r2-hash-vs-listing:https://tblg.k-img.com/resize/640x640c/restaurant/images/Rvw/4410/ef3393f707c102450fe3f1a2ed7f321b.jpg?token=9652b29&api=v2,card photo belonged to another card (photo-shift fix); own listing photo not on R2,hubfix-all,あずまや,https://tabelog.com/fukuoka/A4003/A400303/40020307/
fukuoka/sasaguri|Dining|86,大師饅頭,r2-hash-vs-listing:https://tblg.k-img.com/resize/640x640c/restaurant/images/Rvw/187450/dd6eb1179feaad2d089f6c6c07ea6be6.jpg?token=4419d1f&api=v2,card photo belonged to another card (photo-shift fix); own listing photo not on R2,hubfix-all,大師饅頭,https://tabelog.com/fukuoka/A4003/A400303/40062321/
fukuoka/sasaguri|Dining|93,甘えんぼ。,r2-hash-vs-listing:https://tblg.k-img.com/resize/640x640c/restaurant/images/Rvw/250442/59592b6821a6bd0e4434e67883c0ad10.jpg?token=3baddb6&api=v2,card photo belonged to another card (photo-shift fix); own listing photo not on R2,hubfix-all,甘えんぼ。,https://tabelog.com/fukuoka/A4003/A400303/40067693/
fukuoka/sasaguri|Dining|97,マルキョウ 篠栗店,r2-hash-vs-listing:https://tblg.k-img.com/restaurant/images/Rvw/205372/640x640_rect_9fc278fda0af7415095785cefb5584d3.jpg,card photo belonged to another card (photo-shift fix); own listing photo not on R2,hubfix-all,マルキョウ 篠栗店,https://tabelog.com/fukuoka/A4003/A400303/40064266/
fukuoka/shime|Dining|1,天龍ラーメン,r2-hash-vs-listing:https://tblg.k-img.com/restaurant/images/Rvw/361509/640x640_rect_c0ce98920dbe16f3d297d1a9e5833a48.jpg,card photo belonged to another card (photo-shift fix); own listing photo not on R2,hubfix-all,天龍ラーメン,https://tabelog.com/fukuoka/A4003/A400303/40020404/
fukuoka/shime|Dining|21,らーめん 一刻や 志免店,r2-hash-vs-listing:https://tblg.k-img.com/restaurant/images/Rvw/327177/640x640_rect_a106a28526e04e9bb0af33f3bc9742d7.jpg,card photo belonged to another card (photo-shift fix); own listing photo not on R2,hubfix-all,らーめん 一刻や 志免店,https://tabelog.com/fukuoka/A4003/A400303/40060924/
fukuoka/shime|Dining|41,みらく,r2-hash-vs-listing:https://tblg.k-img.com/resize/640x640c/restaurant/images/Rvw/316384/f53b223a613b9c3e8113cefa9e3de16e.jpg?token=fe3f71b&api=v2,card photo belonged to another card (photo-shift fix); own listing photo not on R2,hubfix-all,みらく,https://tabelog.com/fukuoka/A4003/A400303/40005246/
fukuoka/shime|Dining|51,Royal Curry House,r2-hash-vs-listing:https://tblg.k-img.com/restaurant/images/Rvw/373803/640x640_rect_803b69bf069bbbf9d55083cc39f6afb9.jpg,card photo belonged to another card (photo-shift fix); own listing photo not on R2,hubfix-all,Royal Curry House,https://tabelog.com/fukuoka/A4003/A400303/40064033/
fukuoka/shime|Dining|61,オリーブの木 福岡志免店,r2-hash-vs-listing:https://tblg.k-img.com/restaurant/images/Rvw/377443/640x640_rect_26c24883ecc505cbf3fa52a5b26089da.jpg,card photo belonged to another card (photo-shift fix); own listing photo not on R2,hubfix-all,オリーブの木 福岡志免店,https://tabelog.com/fukuoka/A4003/A400303/40074655/
fukuoka/shime|Dining|65,もつなべ茶びん,r2-hash-vs-listing:https://tblg.k-img.com/resize/640x640c/restaurant/images/Rvw/4044/4044492.jpg?token=5d1c0f9&api=v2,card photo belonged to another card (photo-shift fix); own listing photo not on R2,hubfix-all,もつなべ茶びん,https://tabelog.com/fukuoka/A4003/A400303/40014748/
fukuoka/shime|Dining|81,想作ダイニング 縁,r2-hash-vs-listing:https://tblg.k-img.com/restaurant/images/Rvw/185935/640x640_rect_6b58d96e6afc58ba64c506564bf73083.jpg,card photo belonged to another card (photo-shift fix); own listing photo not on R2,hubfix-all,想作ダイニング 縁,https://tabelog.com/fukuoka/A4003/A400303/40044868/
fukuoka/shime|Dining|88,ジョイフル 空港店,r2-hash-vs-listing:https://tblg.k-img.com/restaurant/images/Rvw/385697/640x640_rect_90e90d5169615e8d5be7e0fd995f6168.jpg,card photo belonged to another card (photo-shift fix); own listing photo not on R2,hubfix-all,ジョイフル 空港店,https://tabelog.com/fukuoka/A4003/A400303/40016303/
fukuoka/shime|Dining|96,お好み焼き 鉄板焼き かなちゃん,r2-hash-vs-listing:https://tblg.k-img.com/resize/640x640c/restaurant/images/Rvw/295193/31a7a73211f5ed1fe9210cdeba03882c.jpg?token=f5680c0&api=v2,card photo belonged to another card (photo-shift fix); own listing photo not on R2,hubfix-all,お好み焼き 鉄板焼き かなちゃん,https://tabelog.com/fukuoka/A4003/A400303/40070157/
fukuoka/shime|Dining|101,HONEY COFFEE 志免店,r2-hash-vs-listing:https://tblg.k-img.com/restaurant/images/Rvw/319850/640x640_rect_4e25596d3a1a47e78bb22599225c451b.jpg,card photo belonged to another card (photo-shift fix); own listing photo not on R2,hubfix-all,HONEY COFFEE 志免店,https://tabelog.com/fukuoka/A4003/A400303/40043597/
fukuoka/shime|Dining|104,ジョイフル 志免店,r2-hash-vs-listing:https://tblg.k-img.com/restaurant/images/Rvw/385697/640x640_rect_90e90d5169615e8d5be7e0fd995f6168.jpg,card photo belonged to another card (photo-shift fix); own listing photo not on R2,hubfix-all,ジョイフル 志免店,https://tabelog.com/fukuoka/A4003/A400303/40016305/
fukuoka/shime|Dining|116,ケンジントンマーケットカフェ,r2-hash-vs-listing:https://tblg.k-img.com/restaurant/images/Rvw/275294/640x640_rect_e35c900bc67fbdac13b2763ef3a264de.jpg,card photo belonged to another card (photo-shift fix); own listing photo not on R2,hubfix-all,ケンジントンマーケットカフェ,https://tabelog.com/fukuoka/A4003/A400303/40061674/
fukuoka/shime|Dining|121,すき家  福岡志免店,r2-hash-vs-listing:https://tblg.k-img.com/restaurant/images/Rvw/319480/640x640_rect_7cfab902ea9f7c98d3169a0ee0f914fa.jpg,card photo belonged to another card (photo-shift fix); own listing photo not on R2,hubfix-all,すき家  福岡志免店,https://tabelog.com/fukuoka/A4003/A400303/40028553/
fukuoka/shime|Dining|133,ドトールコーヒーショップ スーパービバホーム福岡東店,r2-hash-vs-listing:https://tblg.k-img.com/restaurant/images/Rvw/150866/640x640_rect_150866601.jpg,card photo belonged to another card (photo-shift fix); own listing photo not on R2,hubfix-all,ドトールコーヒーショップ スーパービバホーム福岡東店,https://tabelog.com/fukuoka/A4003/A400303/40057047/
fukuoka/shime|Dining|142,茂,r2-hash-vs-listing:https://tblg.k-img.com/resize/640x640c/restaurant/images/Rvw/3869/a1c5757342cd345f850c1086f1288d1b.jpg?token=7b80fa0&api=v2,card photo belonged to another card (photo-shift fix); own listing photo not on R2,hubfix-all,茂,https://tabelog.com/fukuoka/A4003/A400303/40012706/
fukuoka/shime|Dining|156,Qs Meat,r2-hash-vs-listing:https://tblg.k-img.com/resize/640x640c/restaurant/images/Rvw/206693/9c07ffba1e259fddd8b9992fe6db13d0.jpg?token=0ee9118&api=v2,card photo belonged to another card (photo-shift fix); own listing photo not on R2,hubfix-all,Qs Meat,https://tabelog.com/fukuoka/A4003/A400303/40061315/
fukuoka/shime|Dining|161,進藤,r2-hash-vs-listing:https://tblg.k-img.com/restaurant/images/Rvw/382793/640x640_rect_f7f1836d5f2a6f7170630016e283a1f0.jpg,card photo belonged to another card (photo-shift fix); own listing photo not on R2,hubfix-all,進藤,https://tabelog.com/fukuoka/A4003/A400303/40073143/
fukuoka/shime|Dining|181,びっくり焼亭 福岡東店,r2-hash-vs-listing:https://tblg.k-img.com/resize/640x640c/restaurant/images/Rvw/150625/150625397.jpg?token=a3bd648&api=v2,card photo belonged to another card (photo-shift fix); own listing photo not on R2,hubfix-all,びっくり焼亭 福岡東店,https://tabelog.com/fukuoka/A4003/A400303/40056870/
fukuoka/shime|Dining|188,よつば弁当,r2-hash-vs-listing:https://tblg.k-img.com/resize/640x640c/restaurant/images/Rvw/277695/c69c47bbe6592f17a4684673306b1cf2.jpg?token=3a3c4b3&api=v2,card photo belonged to another card (photo-shift fix); own listing photo not on R2,hubfix-all,よつば弁当,https://tabelog.com/fukuoka/A4003/A400303/40069228/
fukuoka/shime|Dining|194,花小町 イオン福岡東店,r2-hash-vs-listing:https://tblg.k-img.com/resize/640x640c/restaurant/images/Rvw/230974/4c55562303fa36cfa1c1de126ab1e803.jpg?token=85f11b8&api=v2,card photo belonged to another card (photo-shift fix); own listing photo not on R2,hubfix-all,花小町 イオン福岡東店,https://tabelog.com/fukuoka/A4003/A400303/40066390/
fukuoka/shime|Dining|201,ピザクック 志免店,r2-hash-vs-listing:https://tblg.k-img.com/resize/640x640c/restaurant/images/Rvw/376282/4c125d95fa0946dc1838ac6a97a073c5.jpg?token=3bf0552&api=v2,card photo belonged to another card (photo-shift fix); own listing photo not on R2,hubfix-all,ピザクック 志免店,https://tabelog.com/fukuoka/A4003/A400303/40059177/
fukuoka/shingucho|Dining|1,らーめん 雷蔵 新宮店,r2-hash-vs-listing:https://tblg.k-img.com/restaurant/images/Rvw/54256/640x640_rect_54256027.jpg,card photo belonged to another card (photo-shift fix); own listing photo not on R2,hubfix-all,らーめん 雷蔵 新宮店,https://tabelog.com/fukuoka/A4003/A400303/40006195/
fukuoka/shingucho|Dining|12,神戸クック・ワールドビュッフェ アーバンモール新宮中央店,r2-hash-vs-listing:https://tblg.k-img.com/restaurant/images/Rvw/273779/640x640_rect_33acb03b473a5040cadca305050e4b25.jpg,card photo belonged to another card (photo-shift fix); own listing photo not on R2,hubfix-all,神戸クック・ワールドビュッフェ アーバンモール新宮中央店,https://tabelog.com/fukuoka/A4001/A400201/40053064/
fukuoka/shingucho|Dining|21,bound garden,r2-hash-vs-listing:https://tblg.k-img.com/resize/640x640c/restaurant/images/Rvw/353632/4f705217a7fef1131bec3d3f6e9da9d9.jpg?token=d94c7d6&api=v2,card photo belonged to another card (photo-shift fix); own listing photo not on R2,hubfix-all,bound garden,https://tabelog.com/fukuoka/A4001/A400201/40073441/
fukuoka/shingucho|Dining|36,さかなキッチン Tumugi,r2-hash-vs-listing:https://tblg.k-img.com/restaurant/images/Rvw/345496/640x640_rect_d3d654365f54b41adb6ba4f4d3874cd0.jpg,card photo belonged to another card (photo-shift fix); own listing photo not on R2,hubfix-all,さかなキッチン Tumugi,https://tabelog.com/fukuoka/A4003/A400303/40040167/
fukuoka/shingucho|Dining|42,台湾甘蜜処 甜甜,r2-hash-vs-listing:https://tblg.k-img.com/resize/640x640c/restaurant/images/Rvw/287847/4b634d502264b9d5eda8addcc8a9756c.jpg?token=cd0bf49&api=v2,card photo belonged to another card (photo-shift fix); own listing photo not on R2,hubfix-all,台湾甘蜜処 甜甜,https://tabelog.com/fukuoka/A4003/A400303/40069613/
fukuoka/shingucho|Dining|45,パティスリー てるてるぼうず,r2-hash-vs-listing:https://tblg.k-img.com/resize/640x640c/restaurant/images/Rvw/231992/8d807327fc2bb712ee69ec1ec04233e3.jpg?token=830db42&api=v2,card photo belonged to another card (photo-shift fix); own listing photo not on R2,hubfix-all,パティスリー てるてるぼうず,https://tabelog.com/fukuoka/A4003/A400303/40039967/
fukuoka/shingucho|Dining|47,アマルフィ,r2-hash-vs-listing:https://tblg.k-img.com/resize/640x640c/restaurant/images/Rvw/218606/5718e9dc83b3c416e2ec0eb8d0dc49d8.jpg?token=6aa86c6&api=v2,card photo belonged to another card (photo-shift fix); own listing photo not on R2,hubfix-all,アマルフィ,https://tabelog.com/fukuoka/A4003/A400303/40065496/
fukuoka/shingucho|Dining|61,星乃珈琲店 福岡新宮店,r2-hash-vs-listing:https://tblg.k-img.com/restaurant/images/Rvw/373895/640x640_rect_3e58fe2db2ce9432f7986e425a344a42.jpg,card photo belonged to another card (photo-shift fix); own listing photo not on R2,hubfix-all,星乃珈琲店 福岡新宮店,https://tabelog.com/fukuoka/A4001/A400201/40039433/
fukuoka/shingucho|Dining|70,たちばなベース 367,r2-hash-vs-listing:https://tblg.k-img.com/restaurant/images/Rvw/259429/640x640_rect_ac32c6427dae791267c602f08572fb6e.jpg,card photo belonged to another card (photo-shift fix); own listing photo not on R2,hubfix-all,たちばなベース 367,https://tabelog.com/fukuoka/A4003/A400303/40062419/
fukuoka/shingucho|Dining|81,たかまつ本陣,r2-hash-vs-listing:https://tblg.k-img.com/restaurant/images/Rvw/377683/640x640_rect_5ec3c98b183c5ab99b7cbe0d6f6c0b09.jpg,card photo belonged to another card (photo-shift fix); own listing photo not on R2,hubfix-all,たかまつ本陣,https://tabelog.com/fukuoka/A4001/A400201/40009717/
fukuoka/shingucho|Dining|85,甘味処 戦国や 立花館,r2-hash-vs-listing:https://tblg.k-img.com/resize/640x640c/restaurant/images/Rvw/206195/8bbedfb2d573b72d8e3a7d1f421e2894.jpg?token=086b590&api=v2,card photo belonged to another card (photo-shift fix); own listing photo not on R2,hubfix-all,甘味処 戦国や 立花館,https://tabelog.com/fukuoka/A4003/A400303/40060705/
fukuoka/shingucho|Dining|101,ミスタードーナツ ライフガーデン新宮中央ショップ,r2-hash-vs-listing:https://tblg.k-img.com/restaurant/images/Rvw/145049/640x640_rect_145049660.jpg,card photo belonged to another card (photo-shift fix); own listing photo not on R2,hubfix-all,ミスタードーナツ ライフガーデン新宮中央ショップ,https://tabelog.com/fukuoka/A4001/A400201/40029223/
fukuoka/shingucho|Dining|105,潘家PANKE,r2-hash-vs-listing:https://tblg.k-img.com/resize/640x640c/restaurant/images/Rvw/287995/4452039b315ca2d62b1b102f55f999c5.jpg?token=1ba2938&api=v2,card photo belonged to another card (photo-shift fix); own listing photo not on R2,hubfix-all,潘家PANKE,https://tabelog.com/fukuoka/A4003/A400303/40069871/
fukuoka/shingucho|Dining|110,HUONG VIET,r2-hash-vs-listing:https://tblg.k-img.com/resize/640x640c/restaurant/images/Rvw/228246/b595b3094aa1bb0bbed2ad95d6527f38.jpg?token=4f4c925&api=v2,card photo belonged to another card (photo-shift fix); own listing photo not on R2,hubfix-all,HUONG VIET,https://tabelog.com/fukuoka/A4003/A400303/40066158/
fukuoka/shingucho|Dining|121,マーニーズキッチン,r2-hash-vs-listing:https://tblg.k-img.com/resize/640x640c/restaurant/images/Rvw/151870/151870768.jpg?token=8d099e1&api=v2,card photo belonged to another card (photo-shift fix); own listing photo not on R2,hubfix-all,マーニーズキッチン,https://tabelog.com/fukuoka/A4001/A400201/40057458/
fukuoka/shingucho|Dining|125,THE MEAT HOOK,r2-hash-vs-listing:https://tblg.k-img.com/resize/640x640c/restaurant/images/Rvw/187504/465ac6b94050fed68831055e3cb899c3.jpg?token=548b733&api=v2,card photo belonged to another card (photo-shift fix); own listing photo not on R2,hubfix-all,THE MEAT HOOK,https://tabelog.com/fukuoka/A4003/A400303/40062267/
fukuoka/shingucho|Dining|131,明月堂 ハローデイ新宮店,r2-hash-vs-listing:https://tblg.k-img.com/resize/640x640c/restaurant/images/Rvw/187646/04c73865b434a1b99fdaeb2691eaee03.jpg?token=b346db2&api=v2,card photo belonged to another card (photo-shift fix); own listing photo not on R2,hubfix-all,明月堂 ハローデイ新宮店,https://tabelog.com/fukuoka/A4001/A400201/40027992/
fukuoka/shingucho|Dining|140,お好み焼ダンボ,r2-hash-vs-listing:https://tblg.k-img.com/restaurant/images/Rvw/142655/640x640_rect_142655999.jpg,card photo belonged to another card (photo-shift fix); own listing photo not on R2,hubfix-all,お好み焼ダンボ,https://tabelog.com/fukuoka/A4001/A400201/40014168/
fukuoka/soeda|Dining|1,長谷の里,r2-hash-vs-listing:https://tblg.k-img.com/restaurant/images/Rvw/368775/640x640_rect_2b8676643c03c189522cb86891dae6b3.jpg,card photo belonged to another card (photo-shift fix); own listing photo not on R2,hubfix-all,長谷の里,https://tabelog.com/fukuoka/A4007/A400703/40020369/
fukuoka/soeda|Dining|21,多幸焼工房 今川の里,r2-hash-vs-listing:https://tblg.k-img.com/restaurant/images/Rvw/47700/640x640_rect_47700196.jpg,card photo belonged to another card (photo-shift fix); own listing photo not on R2,hubfix-all,多幸焼工房 今川の里,https://tabelog.com/fukuoka/A4007/A400703/40021637/
fukuoka/soeda|Dining|24,かじか庵,r2-hash-vs-listing:https://tblg.k-img.com/resize/640x640c/restaurant/images/Rvw/4379/d0d664402b69e803a22177360711de6a.jpg?token=0cbdf88&api=v2,card photo belonged to another card (photo-shift fix); own listing photo not on R2,hubfix-all,かじか庵,https://tabelog.com/fukuoka/A4007/A400703/40020823/
fukuoka/sue|Dining|1,須恵三洋軒,r2-hash-vs-listing:https://tblg.k-img.com/restaurant/images/Rvw/299705/640x640_rect_31c1c8e0a4bbb5bf956ec08a74dfd625.jpg,card photo belonged to another card (photo-shift fix); own listing photo not on R2,hubfix-all,須恵三洋軒,https://tabelog.com/fukuoka/A4003/A400303/40009361/
fukuoka/sue|Dining|17,サロン 桜や,r2-hash-vs-listing:https://tblg.k-img.com/resize/640x640c/restaurant/images/Rvw/270581/07f1ca81255e21e712f6d07bff758fb2.jpg?token=5c063b2&api=v2,card photo belonged to another card (photo-shift fix); own listing photo not on R2,hubfix-all,サロン 桜や,https://tabelog.com/fukuoka/A4003/A400303/40068850/
fukuoka/sue|Dining|21,マクドナルド 宇美町店,r2-hash-vs-listing:https://tblg.k-img.com/restaurant/images/Rvw/286391/640x640_rect_68b3c09be579fd230b7e56ef1f0c17ff.jpg,card photo belonged to another card (photo-shift fix); own listing photo not on R2,hubfix-all,マクドナルド 宇美町店,https://tabelog.com/fukuoka/A4003/A400303/40069744/
fukuoka/tachiarai|Dining|1,呼び戻しチャンポン 月と燈會,r2-hash-vs-listing:https://tblg.k-img.com/restaurant/images/Rvw/381194/640x640_rect_37f1f85bffb9efc187009fa432fac267.jpg,card photo belonged to another card (photo-shift fix); own listing photo not on R2,hubfix-all,呼び戻しチャンポン 月と燈會,https://tabelog.com/fukuoka/A4008/A400802/40071669/
fukuoka/tachiarai|Dining|5,お菓子のふなき 十文字本店,r2-hash-vs-listing:https://tblg.k-img.com/resize/640x640c/restaurant/images/Rvw/249880/064a58a12e31e5beba1a9f760bb34131.jpg?token=e338169&api=v2,card photo belonged to another card (photo-shift fix); own listing photo not on R2,hubfix-all,お菓子のふなき 十文字本店,https://tabelog.com/fukuoka/A4008/A400802/40026092/
fukuoka/tachiarai|Dining|17,ジョイフル 福岡大刀洗店,r2-hash-vs-listing:https://tblg.k-img.com/resize/640x640c/restaurant/images/Rvw/356069/6c4dafffa7f26faff2f930b4db41de10.jpg?token=df17f71&api=v2,card photo belonged to another card (photo-shift fix); own listing photo not on R2,hubfix-all,ジョイフル 福岡大刀洗店,https://tabelog.com/fukuoka/A4008/A400802/40019078/
fukuoka/tachiarai|Dining|21,オンマの台所,r2-hash-vs-listing:https://tblg.k-img.com/resize/640x640c/restaurant/images/Rvw/377599/c62dfe35b7f7a72e1ba5da7ba979abb0.jpg?token=7078b56&api=v2,card photo belonged to another card (photo-shift fix); own listing photo not on R2,hubfix-all,オンマの台所,https://tabelog.com/fukuoka/A4008/A400802/40063983/
fukuoka/toho|Dining|1,京や,r2-hash-vs-listing:https://tblg.k-img.com/resize/640x640c/restaurant/images/Rvw/20646/20646416.jpg?token=b2e8e09&api=v2,card photo belonged to another card (photo-shift fix); own listing photo not on R2,hubfix-all,京や,https://tabelog.com/fukuoka/A4008/A400802/40002992/
fukuoka/toho|Dining|10,里山カフェ 棚田屋,r2-hash-vs-listing:https://tblg.k-img.com/restaurant/images/Rvw/341584/640x640_rect_2008c5927d7c316baed48b44e6da0728.jpg,card photo belonged to another card (photo-shift fix); own listing photo not on R2,hubfix-all,里山カフェ 棚田屋,https://tabelog.com/fukuoka/A4008/A400802/40055008/
fukuoka/toho|Dining|20,ドライブイン 山福,r2-hash-vs-listing:https://tblg.k-img.com/resize/640x640c/restaurant/images/Rvw/194987/d4e227ebd6adfa5c7d4a79e80bc04aa6.jpg?token=1e1dc84&api=v2,card photo belonged to another card (photo-shift fix); own listing photo not on R2,hubfix-all,ドライブイン 山福,https://tabelog.com/fukuoka/A4008/A400802/40030066/
fukuoka/ukiha|Dining|1,吉井十八,r2-hash-vs-listing:https://tblg.k-img.com/restaurant/images/Rvw/140820/640x640_rect_140820480.jpg,card photo belonged to another card (photo-shift fix); own listing photo not on R2,hubfix-all,吉井十八,https://tabelog.com/fukuoka/A4008/A400803/40000420/
fukuoka/ukiha|Dining|16,イビサスモークレストラン,r2-hash-vs-listing:https://tblg.k-img.com/resize/640x640c/restaurant/images/Rvw/1916/1916545.jpg?token=8444718&api=v2,card photo belonged to another card (photo-shift fix); own listing photo not on R2,hubfix-all,イビサスモークレストラン,https://tabelog.com/fukuoka/A4008/A400803/40006048/
fukuoka/ukiha|Dining|21,肉屋一ノ剱 うきは店,r2-hash-vs-listing:https://tblg.k-img.com/restaurant/images/Rvw/333763/640x640_rect_88e4f4d66f05e19dafd81457c5120db1.jpg,card photo belonged to another card (photo-shift fix); own listing photo not on R2,hubfix-all,肉屋一ノ剱 うきは店,https://tabelog.com/fukuoka/A4008/A400803/40064425/
fukuoka/ukiha|Dining|41,清乃屋,r2-hash-vs-listing:https://tblg.k-img.com/restaurant/images/Rvw/140783/640x640_rect_140783904.jpg,card photo belonged to another card (photo-shift fix); own listing photo not on R2,hubfix-all,清乃屋,https://tabelog.com/fukuoka/A4008/A400803/40032775/
fukuoka/ukiha|Dining|55,オテル ドゥ やまさき,r2-hash-vs-listing:https://tblg.k-img.com/restaurant/images/Rvw/162558/640x640_rect_162558583.jpg,card photo belonged to another card (photo-shift fix); own listing photo not on R2,hubfix-all,オテル ドゥ やまさき,https://tabelog.com/fukuoka/A4008/A400803/40058143/
fukuoka/ukiha|Dining|60,喫茶 深山の牡丹,r2-hash-vs-listing:https://tblg.k-img.com/restaurant/images/Rvw/278791/640x640_rect_7a007b5534028b743d376319d4e6c16c.jpg,card photo belonged to another card (photo-shift fix); own listing photo not on R2,hubfix-all,喫茶 深山の牡丹,https://tabelog.com/fukuoka/A4008/A400803/40051435/
fukuoka/ukiha|Dining|64,Fast food ぽち,r2-hash-vs-listing:https://tblg.k-img.com/restaurant/images/Rvw/359180/640x640_rect_2a1f0d6ae842ad57ca515acc755fbb44.jpg,card photo belonged to another card (photo-shift fix); own listing photo not on R2,hubfix-all,Fast food ぽち,https://tabelog.com/fukuoka/A4008/A400803/40029569/
fukuoka/ukiha|Dining|79,トラットリア グリーン,r2-hash-vs-listing:https://tblg.k-img.com/restaurant/images/Rvw/263432/640x640_rect_5dd9f3e71bf5dc3213c15e9ff1256f1b.jpg,card photo belonged to another card (photo-shift fix); own listing photo not on R2,hubfix-all,トラットリア グリーン,https://tabelog.com/fukuoka/A4008/A400803/40043993/
fukuoka/ukiha|Dining|99,よかもんいちご,r2-hash-vs-listing:https://tblg.k-img.com/resize/640x640c/restaurant/images/Rvw/106937/106937296.jpg?token=2b4193b&api=v2,card photo belonged to another card (photo-shift fix); own listing photo not on R2,hubfix-all,よかもんいちご,https://tabelog.com/fukuoka/A4008/A400803/40051471/
fukuoka/ukiha|Dining|119,焼とり 大助 浮羽店,r2-hash-vs-listing:https://tblg.k-img.com/restaurant/images/Rvw/156496/640x640_rect_156496618.jpg,card photo belonged to another card (photo-shift fix); own listing photo not on R2,hubfix-all,焼とり 大助 浮羽店,https://tabelog.com/fukuoka/A4008/A400803/40011268/
fukuoka/ukiha|Dining|131,だんだん,r2-hash-vs-listing:https://tblg.k-img.com/restaurant/images/Rvw/342872/640x640_rect_a60e0b56ca4acb35cad4330fe1d04f64.jpg,card photo belonged to another card (photo-shift fix); own listing photo not on R2,hubfix-all,だんだん,https://tabelog.com/fukuoka/A4008/A400803/40013056/
fukuoka/ukiha|Dining|138,うきはの山茶 新川製茶,r2-hash-vs-listing:https://tblg.k-img.com/restaurant/images/Rvw/375445/640x640_rect_e53d3f27c73cfbfe5573f7a873387c4c.jpg,card photo belonged to another card (photo-shift fix); own listing photo not on R2,hubfix-all,うきはの山茶 新川製茶,https://tabelog.com/fukuoka/A4008/A400803/40047289/
fukuoka/ukiha|Dining|140,デクノボウ,r2-hash-vs-listing:https://tblg.k-img.com/resize/640x640c/restaurant/images/Rvw/184174/8aa70d84a17b6542c1536c4b1eaf8739.jpg?token=b828710&api=v2,card photo belonged to another card (photo-shift fix); own listing photo not on R2,hubfix-all,デクノボウ,https://tabelog.com/fukuoka/A4008/A400803/40048862/
fukuoka/ukiha|Dining|158,鰻のぼり よしゐ,r2-hash-vs-listing:https://tblg.k-img.com/restaurant/images/Rvw/371566/640x640_rect_884b90d39640bfb9a5fd0eb6c378c845.jpg,card photo belonged to another card (photo-shift fix); own listing photo not on R2,hubfix-all,鰻のぼり よしゐ,https://tabelog.com/fukuoka/A4008/A400803/40074432/
fukuoka/ukiha|Dining|177,たこやき太郎 吉井店,r2-hash-vs-listing:https://tblg.k-img.com/resize/640x640c/restaurant/images/Rvw/95952/95952310.jpg?token=70e75dd&api=v2,card photo belonged to another card (photo-shift fix); own listing photo not on R2,hubfix-all,たこやき太郎 吉井店,https://tabelog.com/fukuoka/A4008/A400803/40016497/
fukuoka/ukiha|Dining|196,ほし居酒屋,r2-hash-vs-listing:https://tblg.k-img.com/resize/640x640c/restaurant/images/Rvw/115072/115072115.jpg?token=e4d6a85&api=v2,card photo belonged to another card (photo-shift fix); own listing photo not on R2,hubfix-all,ほし居酒屋,https://tabelog.com/fukuoka/A4008/A400803/40013782/
fukuoka/ukiha|Dining|217,次女の茶屋,r2-hash-vs-listing:https://tblg.k-img.com/restaurant/images/Rvw/350081/640x640_rect_17a8c25002cabeebf1cbf511769d959a.jpg,card photo belonged to another card (photo-shift fix); own listing photo not on R2,hubfix-all,次女の茶屋,https://tabelog.com/fukuoka/A4008/A400803/40073292/
fukuoka/ukiha|Dining|235,QUITICOCO  AFTER,r2-hash-vs-listing:https://tblg.k-img.com/images/no_photo_350x350.gif,card photo belonged to another card (photo-shift fix); own listing photo not on R2,hubfix-all,QUITICOCO  AFTER,https://tabelog.com/fukuoka/A4008/A400803/40074570/
fukuoka/umi|Dining|2,竜宮の鯖,r2-hash-vs-listing:https://tblg.k-img.com/restaurant/images/Rvw/383222/640x640_rect_d199e5f5600c035feebe0d6f71eb6ee6.jpg,card photo belonged to another card (photo-shift fix); own listing photo not on R2,hubfix-all,竜宮の鯖,https://tabelog.com/fukuoka/A4003/A400303/40059592/
fukuoka/umi|Dining|21,NADO,r2-hash-vs-listing:https://tblg.k-img.com/restaurant/images/Rvw/314499/640x640_rect_505fcabdfb8a0a2bb6ef32ed474d0aa1.jpg,card photo belonged to another card (photo-shift fix); own listing photo not on R2,hubfix-all,NADO,https://tabelog.com/fukuoka/A4003/A400303/40066257/
fukuoka/umi|Dining|34,ニコッツカフェ,r2-hash-vs-listing:https://tblg.k-img.com/resize/640x640c/restaurant/images/Rvw/181397/1b49f9b458fabff477e4c2a247228dbf.jpg?token=42d4cb0&api=v2,card photo belonged to another card (photo-shift fix); own listing photo not on R2,hubfix-all,ニコッツカフェ,https://tabelog.com/fukuoka/A4003/A400303/40020910/
fukuoka/umi|Dining|36,ちょこっとYORIMICHI,r2-hash-vs-listing:https://tblg.k-img.com/resize/640x640c/restaurant/images/Rvw/288503/316208900754eb9051f46d456659b6be.jpg?token=4247a29&api=v2,card photo belonged to another card (photo-shift fix); own listing photo not on R2,hubfix-all,ちょこっとYORIMICHI,https://tabelog.com/fukuoka/A4003/A400303/40067261/
fukuoka/umi|Dining|41,おのちゃん,r2-hash-vs-listing:https://tblg.k-img.com/restaurant/images/Rvw/47503/640x640_rect_47503673.jpg,card photo belonged to another card (photo-shift fix); own listing photo not on R2,hubfix-all,おのちゃん,https://tabelog.com/fukuoka/A4003/A400303/40042125/
fukuoka/umi|Dining|44,ジョイフル 宇美店,r2-hash-vs-listing:https://tblg.k-img.com/restaurant/images/Rvw/385697/640x640_rect_90e90d5169615e8d5be7e0fd995f6168.jpg,card photo belonged to another card (photo-shift fix); own listing photo not on R2,hubfix-all,ジョイフル 宇美店,https://tabelog.com/fukuoka/A4003/A400303/40003474/
fukuoka/umi|Dining|51,どんどん亭 宇美店,r2-hash-vs-listing:https://tblg.k-img.com/restaurant/images/Rvw/240574/640x640_rect_1bf8e7de4b05c67dabf309bbb3b914ae.jpg,card photo belonged to another card (photo-shift fix); own listing photo not on R2,hubfix-all,どんどん亭 宇美店,https://tabelog.com/fukuoka/A4003/A400303/40031797/
fukuoka/umi|Dining|61,筑前茶屋,r2-hash-vs-listing:https://tblg.k-img.com/resize/640x640c/restaurant/images/Rvw/3313/3313188.jpg?token=d455fbb&api=v2,card photo belonged to another card (photo-shift fix); own listing photo not on R2,hubfix-all,筑前茶屋,https://tabelog.com/fukuoka/A4003/A400303/40010102/
fukuoka/umi|Dining|65,菓房 野乃香,r2-hash-vs-listing:https://tblg.k-img.com/resize/640x640c/restaurant/images/Rvw/187337/7486f9796dfc3014dc5e4b1175d21f52.jpg?token=caadc58&api=v2,card photo belonged to another card (photo-shift fix); own listing photo not on R2,hubfix-all,菓房 野乃香,https://tabelog.com/fukuoka/A4003/A400303/40060641/
fukuoka/yoshitomi|Dining|1,AJITO,r2-hash-vs-listing:https://tblg.k-img.com/resize/640x640c/restaurant/images/Rvw/341355/50d943730c7953536b2de7bce5e8afb7.jpg?token=1c71ad3&api=v2,card photo belonged to another card (photo-shift fix); own listing photo not on R2,hubfix-all,AJITO,https://tabelog.com/fukuoka/A4006/A400602/40045761/
