page,rank,name,old_img,new_img,note
fukuoka/akamura,2,赤村特産物センター,https://img.bokenjapan.com/media/akamura-dining-40041157.jpg,,photo belonged to another card; no own photo found
fukuoka/akamura,3,古民家カフェ・そば処 みどり,https://img.bokenjapan.com/media/akamura-dining-40058060.jpg,https://img.bokenjapan.com/media/akamura-dining-40041157.jpg,matched own listing photo
fukuoka/akamura,4,うどん亀,https://img.bokenjapan.com/media/akamura-dining-40009965.jpg,https://img.bokenjapan.com/media/akamura-dining-40058060.jpg,matched own listing photo
fukuoka/akamura,5,味処 峠茶屋,https://img.bokenjapan.com/media/akamura-dining-40074442.jpg,https://img.bokenjapan.com/media/akamura-dining-40009965.jpg,matched own listing photo
fukuoka/akamura,6,あかの駅,https://img.bokenjapan.com/media/akamura-dining-40013668.jpg,https://img.bokenjapan.com/media/akamura-dining-40074442.jpg,matched own listing photo
fukuoka/akamura,7,ログハウス喫茶 百笑,https://img.bokenjapan.com/media/akamura-dining-40052083.jpg,https://img.bokenjapan.com/media/akamura-dining-40013668.jpg,matched own listing photo
fukuoka/akamura,8,菓子工房 わらべ,https://img.bokenjapan.com/media/akamura-dining-40039801.jpg,https://img.bokenjapan.com/media/akamura-dining-40052083.jpg,matched own listing photo
fukuoka/akamura,9,ほたる,https://img.bokenjapan.com/media/akamura-dining-40017329.jpg,https://img.bokenjapan.com/media/akamura-dining-40039801.jpg,matched own listing photo
fukuoka/akamura,10,源じいの森温泉 大広間,https://img.bokenjapan.com/media/akamura-dining-40041600.jpg,https://img.bokenjapan.com/media/akamura-dining-40017329.jpg,matched own listing photo
fukuoka/asakura,2,月の峠,https://img.bokenjapan.com/media/asakura-dining-40004759.jpg,,photo belonged to another card; no own photo found
fukuoka/asakura,3,ハトマメ屋,https://img.bokenjapan.com/media/asakura-dining-40018785.jpg,https://img.bokenjapan.com/media/asakura-dining-40004759.jpg,matched own listing photo
fukuoka/asakura,4,林檎と葡萄の樹,https://img.bokenjapan.com/media/asakura-dining-40004170.jpg,https://img.bokenjapan.com/media/asakura-dining-40018785.jpg,matched own listing photo
fukuoka/asakura,5,林家 甘木店,https://img.bokenjapan.com/media/asakura-dining-40026113.jpg,https://img.bokenjapan.com/media/asakura-dining-40004170.jpg,matched own listing photo
fukuoka/asakura,6,廣久葛本舗,https://img.bokenjapan.com/media/asakura-dining-40000546.jpg,https://img.bokenjapan.com/media/asakura-dining-40026113.jpg,matched own listing photo
fukuoka/asakura,7,ニュー長田屋,https://img.bokenjapan.com/media/asakura-dining-40002597.jpg,https://img.bokenjapan.com/media/asakura-dining-40000546.jpg,matched own listing photo
fukuoka/asakura,8,だんごあん,https://img.bokenjapan.com/media/asakura-dining-40004705.jpg,https://img.bokenjapan.com/media/asakura-dining-40002597.jpg,matched own listing photo
fukuoka/asakura,9,満月食堂,https://img.bokenjapan.com/media/asakura-dining-40045235.jpg,https://img.bokenjapan.com/media/asakura-dining-40004705.jpg,matched own listing photo
fukuoka/asakura,10,御蕎麦 ちきた,https://img.bokenjapan.com/media/asakura-dining-40000052.jpg,https://img.bokenjapan.com/media/asakura-dining-40045235.jpg,matched own listing photo
fukuoka/asakura,11,天ぷら七八 朝倉本店,https://img.bokenjapan.com/media/asakura-dining-40030791.jpg,https://img.bokenjapan.com/media/asakura-dining-40000052.jpg,matched own listing photo
fukuoka/asakura,12,金屋食堂,https://img.bokenjapan.com/media/asakura-dining-40015042.jpg,https://img.bokenjapan.com/media/asakura-dining-40030791.jpg,matched own listing photo
fukuoka/asakura,13,藤井養蜂場 ビーズファーム,https://img.bokenjapan.com/media/asakura-dining-40020386.jpg,https://img.bokenjapan.com/media/asakura-dining-40015042.jpg,matched own listing photo
fukuoka/asakura,14,純手打 うどん屋,https://img.bokenjapan.com/media/asakura-dining-40023834.jpg,https://img.bokenjapan.com/media/asakura-dining-40020386.jpg,matched own listing photo
fukuoka/asakura,15,キリンビアファーム 福岡,https://img.bokenjapan.com/media/asakura-dining-40004037.jpg,https://img.bokenjapan.com/media/asakura-dining-40023834.jpg,matched own listing photo
fukuoka/asakura,16,あずみうどん 朝倉店,https://img.bokenjapan.com/media/asakura-dining-40057779.jpg,https://img.bokenjapan.com/media/asakura-dining-40004037.jpg,matched own listing photo
fukuoka/asakura,17,白楽天,https://img.bokenjapan.com/media/asakura-dining-40007328.jpg,https://img.bokenjapan.com/media/asakura-dining-40057779.jpg,matched own listing photo
fukuoka/asakura,18,赤鶏古処鶏 郷,https://img.bokenjapan.com/media/asakura-dining-40055050.jpg,https://img.bokenjapan.com/media/asakura-dining-40007328.jpg,matched own listing photo
fukuoka/asakura,19,梟の響キ 秋月 いろり蔵,https://img.bokenjapan.com/media/asakura-dining-40057923.jpg,https://img.bokenjapan.com/media/asakura-dining-40055050.jpg,matched own listing photo
fukuoka/asakura,22,りんご庵,https://img.bokenjapan.com/media/asakura-dining-40023526.jpg,,photo belonged to another card; no own photo found
fukuoka/asakura,23,山田サービスエリア(下り線)レストラン　グリーンキッチン,https://img.bokenjapan.com/media/asakura-dining-40029731.jpg,https://img.bokenjapan.com/media/asakura-dining-40023526.jpg,matched own listing photo
fukuoka/asakura,24,マントクラーメン,https://img.bokenjapan.com/media/asakura-dining-40017949.jpg,https://img.bokenjapan.com/media/asakura-dining-40029731.jpg,matched own listing photo
fukuoka/asakura,25,西公園の今屋のバーガー 甘木店,https://img.bokenjapan.com/media/asakura-dining-40063265.jpg,https://img.bokenjapan.com/media/asakura-dining-40017949.jpg,matched own listing photo
fukuoka/asakura,26,一六うどん,https://img.bokenjapan.com/media/asakura-dining-40009934.jpg,https://img.bokenjapan.com/media/asakura-dining-40063265.jpg,matched own listing photo
fukuoka/asakura,27,大國屋,https://img.bokenjapan.com/media/asakura-dining-40049870.jpg,https://img.bokenjapan.com/media/asakura-dining-40009934.jpg,matched own listing photo
fukuoka/asakura,28,秋月 とうふ家,https://img.bokenjapan.com/media/asakura-dining-40021567.jpg,https://img.bokenjapan.com/media/asakura-dining-40049870.jpg,matched own listing photo
fukuoka/asakura,29,地鶏焼 かがり火,https://img.bokenjapan.com/media/asakura-dining-40042023.jpg,,photo belonged to another card; no own photo found
fukuoka/asakura,30,ゆうぜん,https://img.bokenjapan.com/media/asakura-dining-40037508.jpg,https://img.bokenjapan.com/media/asakura-dining-40042023.jpg,matched own listing photo
fukuoka/asakura,31,朝倉マルシェ 果樹蔵,https://img.bokenjapan.com/media/asakura-dining-40056748.jpg,https://img.bokenjapan.com/media/asakura-dining-40037508.jpg,matched own listing photo
fukuoka/asakura,32,福岡センチュリーゴルフ倶楽部 レストラン,https://img.bokenjapan.com/media/asakura-dining-40042152.jpg,,photo belonged to another card; no own photo found
fukuoka/asakura,33,手切り鉄板焼肉 火縁,https://img.bokenjapan.com/media/asakura-dining-40061863.jpg,https://img.bokenjapan.com/media/asakura-dining-40042152.jpg,matched own listing photo
fukuoka/asakura,34,ホテルパーレンス小野屋,https://img.bokenjapan.com/media/asakura-dining-40035865.jpg,https://img.bokenjapan.com/media/asakura-dining-40061863.jpg,matched own listing photo
fukuoka/asakura,35,パンチェッタ,https://img.bokenjapan.com/media/asakura-dining-40023121.jpg,https://img.bokenjapan.com/media/asakura-dining-40035865.jpg,matched own listing photo
fukuoka/asakura,36,あさくら 麦家,https://img.bokenjapan.com/media/asakura-dining-40038185.jpg,https://img.bokenjapan.com/media/asakura-dining-40023121.jpg,matched own listing photo
fukuoka/asakura,37,ORIGINE MONTMARTRE,https://img.bokenjapan.com/media/asakura-dining-40063021.jpg,https://img.bokenjapan.com/media/asakura-dining-40038185.jpg,matched own listing photo
fukuoka/asakura,40,だご汁茶屋,https://img.bokenjapan.com/media/asakura-dining-40042886.jpg,,photo belonged to another card; no own photo found
fukuoka/asakura,41,チーズ職人とピッツァ　なかむら,https://img.bokenjapan.com/media/asakura-dining-40043341.jpg,https://img.bokenjapan.com/media/asakura-dining-40042886.jpg,matched own listing photo
fukuoka/asakura,42,道の駅 原鶴,https://img.bokenjapan.com/media/asakura-dining-40006050.jpg,https://img.bokenjapan.com/media/asakura-dining-40043341.jpg,matched own listing photo
fukuoka/asakura,43,瓦そば うぐいす,https://img.bokenjapan.com/media/asakura-dining-40060849.jpg,https://img.bokenjapan.com/media/asakura-dining-40006050.jpg,matched own listing photo
fukuoka/asakura,44,フル・ベジ・ベーカーズ,https://img.bokenjapan.com/media/asakura-dining-40033027.jpg,https://img.bokenjapan.com/media/asakura-dining-40060849.jpg,matched own listing photo
fukuoka/asakura,45,阿さひ飴本舗 菓蔵家,https://img.bokenjapan.com/media/asakura-dining-40020838.jpg,https://img.bokenjapan.com/media/asakura-dining-40033027.jpg,matched own listing photo
fukuoka/asakura,46,果実と水車の里,https://img.bokenjapan.com/media/asakura-dining-40039792.jpg,https://img.bokenjapan.com/media/asakura-dining-40020838.jpg,matched own listing photo
fukuoka/asakura,47,ラーメンセンター 朝倉店,https://img.bokenjapan.com/media/asakura-dining-40060723.jpg,https://img.bokenjapan.com/media/asakura-dining-40039792.jpg,matched own listing photo
fukuoka/asakura,48,蕎麦 愛深,https://img.bokenjapan.com/media/asakura-dining-40006465.jpg,https://img.bokenjapan.com/media/asakura-dining-40060723.jpg,matched own listing photo
fukuoka/asakura,49,大番,https://img.bokenjapan.com/media/asakura-dining-40022514.jpg,https://img.bokenjapan.com/media/asakura-dining-40006465.jpg,matched own listing photo
fukuoka/asakura,50,黒門茶屋,https://img.bokenjapan.com/media/asakura-dining-40006422.jpg,https://img.bokenjapan.com/media/asakura-dining-40022514.jpg,matched own listing photo
fukuoka/asakura,51,元祖白橋 本店,https://img.bokenjapan.com/media/asakura-dining-40018373.jpg,https://img.bokenjapan.com/media/asakura-dining-40006422.jpg,matched own listing photo
fukuoka/asakura,52,三福食堂,https://img.bokenjapan.com/media/asakura-dining-40015150.jpg,https://img.bokenjapan.com/media/asakura-dining-40018373.jpg,matched own listing photo
fukuoka/asakura,53,豆腐工房 ぬくもり畑,https://img.bokenjapan.com/media/asakura-dining-40038414.jpg,https://img.bokenjapan.com/media/asakura-dining-40015150.jpg,matched own listing photo
fukuoka/asakura,54,池田屋,https://img.bokenjapan.com/media/asakura-dining-40053348.jpg,https://img.bokenjapan.com/media/asakura-dining-40038414.jpg,matched own listing photo
fukuoka/asakura,55,炭火処まるやま,https://img.bokenjapan.com/media/asakura-dining-40003580.jpg,https://img.bokenjapan.com/media/asakura-dining-40053348.jpg,matched own listing photo
fukuoka/asakura,56,うどん屋 とき,https://img.bokenjapan.com/media/asakura-dining-40057675.jpg,https://img.bokenjapan.com/media/asakura-dining-40003580.jpg,matched own listing photo
fukuoka/asakura,57,うどん屋翔,https://img.bokenjapan.com/media/asakura-dining-40040204.jpg,https://img.bokenjapan.com/media/asakura-dining-40057675.jpg,matched own listing photo
fukuoka/asakura,59,聚豊園,https://img.bokenjapan.com/media/asakura-dining-40065352.jpg,,photo belonged to another card; no own photo found
fukuoka/asakura,60,原鶴グランドスカイホテル,https://img.bokenjapan.com/media/asakura-dining-40031859.jpg,https://img.bokenjapan.com/media/asakura-dining-40065352.jpg,matched own listing photo
fukuoka/asakura,61,ビューホテル平成,https://img.bokenjapan.com/media/asakura-dining-40029648.jpg,https://img.bokenjapan.com/media/asakura-dining-40031859.jpg,matched own listing photo
fukuoka/asakura,62,長崎屋,https://img.bokenjapan.com/media/asakura-dining-40023583.jpg,https://img.bokenjapan.com/media/asakura-dining-40029648.jpg,matched own listing photo
fukuoka/asakura,63,cuwano.,https://img.bokenjapan.com/media/asakura-dining-40062957.jpg,https://img.bokenjapan.com/media/asakura-dining-40023583.jpg,matched own listing photo
fukuoka/asakura,64,秋月カントリークラブ,https://img.bokenjapan.com/media/asakura-dining-40032584.jpg,https://img.bokenjapan.com/media/asakura-dining-40062957.jpg,matched own listing photo
fukuoka/asakura,65,波おと,https://img.bokenjapan.com/media/asakura-dining-40024601.jpg,https://img.bokenjapan.com/media/asakura-dining-40032584.jpg,matched own listing photo
fukuoka/asakura,66,珈琲 山口,https://img.bokenjapan.com/media/asakura-dining-40052420.jpg,https://img.bokenjapan.com/media/asakura-dining-40024601.jpg,matched own listing photo
fukuoka/asakura,67,カフェ＆レストラン　びっきぃ,https://img.bokenjapan.com/media/asakura-dining-40020482.jpg,https://img.bokenjapan.com/media/asakura-dining-40052420.jpg,matched own listing photo
fukuoka/asakura,68,ウォールデン,https://img.bokenjapan.com/media/asakura-dining-40012064.jpg,https://img.bokenjapan.com/media/asakura-dining-40020482.jpg,matched own listing photo
fukuoka/asakura,69,山田サービスエリア(上り線),https://img.bokenjapan.com/media/asakura-dining-40005736.jpg,https://img.bokenjapan.com/media/asakura-dining-40012064.jpg,matched own listing photo
fukuoka/asakura,70,銀のくし,https://img.bokenjapan.com/media/asakura-dining-40022755.jpg,https://img.bokenjapan.com/media/asakura-dining-40005736.jpg,matched own listing photo
fukuoka/asakura,71,お好み酒蔵 本店,https://img.bokenjapan.com/media/asakura-dining-40014194.jpg,https://img.bokenjapan.com/media/asakura-dining-40022755.jpg,matched own listing photo
fukuoka/asakura,72,お田屋,https://img.bokenjapan.com/media/asakura-dining-40035623.jpg,https://img.bokenjapan.com/media/asakura-dining-40014194.jpg,matched own listing photo
fukuoka/asakura,73,カフェ&レストラン アンディアモ,https://img.bokenjapan.com/media/asakura-dining-40054939.jpg,https://img.bokenjapan.com/media/asakura-dining-40035623.jpg,matched own listing photo
fukuoka/asakura,74,HIRO,https://img.bokenjapan.com/media/asakura-dining-40037677.jpg,https://img.bokenjapan.com/media/asakura-dining-40054939.jpg,matched own listing photo
fukuoka/asakura,75,お菓子の四季,https://img.bokenjapan.com/media/asakura-dining-40044937.jpg,https://img.bokenjapan.com/media/asakura-dining-40037677.jpg,matched own listing photo
fukuoka/asakura,76,水の音土の音,https://img.bokenjapan.com/media/asakura-dining-40027272.jpg,https://img.bokenjapan.com/media/asakura-dining-40044937.jpg,matched own listing photo
fukuoka/asakura,79,寿司じじや 甘木店,https://img.bokenjapan.com/media/asakura-dining-40061637.jpg,,photo belonged to another card; no own photo found
fukuoka/asakura,80,うつわ料理 さ乃,https://img.bokenjapan.com/media/asakura-dining-40002442.jpg,https://img.bokenjapan.com/media/asakura-dining-40061637.jpg,matched own listing photo
fukuoka/asakura,81,蒼,https://img.bokenjapan.com/media/asakura-dining-40058888.jpg,https://img.bokenjapan.com/media/asakura-dining-40002442.jpg,matched own listing photo
fukuoka/asakura,82,原鶴温泉 原鶴の舞,https://img.bokenjapan.com/media/asakura-dining-40052905.jpg,https://img.bokenjapan.com/media/asakura-dining-40058888.jpg,matched own listing photo
fukuoka/asakura,83,旨辛屋,https://img.bokenjapan.com/media/asakura-dining-40055906.jpg,https://img.bokenjapan.com/media/asakura-dining-40052905.jpg,matched own listing photo
fukuoka/asakura,84,八兵衛,https://img.bokenjapan.com/media/asakura-dining-40012644.jpg,,photo belonged to another card; no own photo found
fukuoka/asakura,85,山田サービスエリア(下り線)スナックコーナー,https://img.bokenjapan.com/media/asakura-dining-40006864.jpg,https://img.bokenjapan.com/media/asakura-dining-40012644.jpg,matched own listing photo
fukuoka/asakura,86,ドライブイン香魚,https://img.bokenjapan.com/media/asakura-dining-40023378.jpg,https://img.bokenjapan.com/media/asakura-dining-40006864.jpg,matched own listing photo
fukuoka/asakura,87,小麦冶 甘木店,https://img.bokenjapan.com/media/asakura-dining-40011553.jpg,https://img.bokenjapan.com/media/asakura-dining-40023378.jpg,matched own listing photo
fukuoka/asakura,88,うどん み原,https://img.bokenjapan.com/media/asakura-dining-40026167.jpg,https://img.bokenjapan.com/media/asakura-dining-40011553.jpg,matched own listing photo
fukuoka/asakura,89,シトラス,https://img.bokenjapan.com/media/asakura-dining-40054349.jpg,https://img.bokenjapan.com/media/asakura-dining-40026167.jpg,matched own listing photo
fukuoka/asakura,90,ぴのきお,https://img.bokenjapan.com/media/asakura-dining-40023339.jpg,https://img.bokenjapan.com/media/asakura-dining-40054349.jpg,matched own listing photo
fukuoka/asakura,91,焼鳥鷹陣,https://img.bokenjapan.com/media/asakura-dining-40008813.jpg,https://img.bokenjapan.com/media/asakura-dining-40023339.jpg,matched own listing photo
fukuoka/asakura,92,パン工房クルール,https://img.bokenjapan.com/media/asakura-dining-40063200.jpg,https://img.bokenjapan.com/media/asakura-dining-40008813.jpg,matched own listing photo
fukuoka/asakura,93,cafe&gallery SIKI,https://img.bokenjapan.com/media/asakura-dining-40065123.jpg,https://img.bokenjapan.com/media/asakura-dining-40063200.jpg,matched own listing photo
fukuoka/asakura,94,三連水車の里あさくら,https://img.bokenjapan.com/media/asakura-dining-40048689.jpg,https://img.bokenjapan.com/media/asakura-dining-40065123.jpg,matched own listing photo
fukuoka/asakura,95,一品香 甘木店,https://img.bokenjapan.com/media/asakura-dining-40049067.jpg,https://img.bokenjapan.com/media/asakura-dining-40048689.jpg,matched own listing photo
fukuoka/asakura,99,浪花寿し,https://img.bokenjapan.com/media/asakura-dining-40011035.jpg,,photo belonged to another card; no own photo found
fukuoka/asakura,100,卑弥呼ロマンの湯 売店,https://img.bokenjapan.com/media/asakura-dining-40047575.jpg,https://img.bokenjapan.com/media/asakura-dining-40011035.jpg,matched own listing photo
fukuoka/asakura,101,ル パティシエ ムタ,https://img.bokenjapan.com/media/asakura-dining-40037600.jpg,https://img.bokenjapan.com/media/asakura-dining-40047575.jpg,matched own listing photo
fukuoka/asakura,102,GG,https://img.bokenjapan.com/media/asakura-dining-40052959.jpg,https://img.bokenjapan.com/media/asakura-dining-40037600.jpg,matched own listing photo
fukuoka/asakura,103,米粉製菓店 コメコウ,https://img.bokenjapan.com/media/asakura-dining-40054094.jpg,https://img.bokenjapan.com/media/asakura-dining-40052959.jpg,matched own listing photo
fukuoka/asakura,104,タリル珈琲,https://img.bokenjapan.com/media/asakura-dining-40062376.jpg,https://img.bokenjapan.com/media/asakura-dining-40054094.jpg,matched own listing photo
fukuoka/asakura,105,月月月 秋月店,https://img.bokenjapan.com/media/asakura-dining-40064159.jpg,https://img.bokenjapan.com/media/asakura-dining-40062376.jpg,matched own listing photo
fukuoka/asakura,106,おそば屋ひびき,https://img.bokenjapan.com/media/asakura-dining-40074050.jpg,https://img.bokenjapan.com/media/asakura-dining-40064159.jpg,matched own listing photo
fukuoka/asakura,107,菓子工房 こぐまや,https://img.bokenjapan.com/media/asakura-dining-40044942.jpg,https://img.bokenjapan.com/media/asakura-dining-40074050.jpg,matched own listing photo
fukuoka/asakura,108,三奈木の卵,https://img.bokenjapan.com/media/asakura-dining-40040359.jpg,,photo belonged to another card; no own photo found
fukuoka/asakura,109,林檎と葡萄の樹,https://img.bokenjapan.com/media/asakura-dining-40032839.jpg,https://img.bokenjapan.com/media/asakura-dining-40040359.jpg,matched own listing photo
fukuoka/asakura,110,山田サービスエリア下り線ショッピングコーナー,https://img.bokenjapan.com/media/asakura-dining-40039726.jpg,https://img.bokenjapan.com/media/asakura-dining-40032839.jpg,matched own listing photo
fukuoka/asakura,111,さくらよ風に,https://img.bokenjapan.com/media/asakura-dining-40003152.jpg,https://img.bokenjapan.com/media/asakura-dining-40039726.jpg,matched own listing photo
fukuoka/asakura,112,菓秀 桜 本店,https://img.bokenjapan.com/media/asakura-dining-40033039.jpg,https://img.bokenjapan.com/media/asakura-dining-40003152.jpg,matched own listing photo
fukuoka/asakura,113,鉄板焼 一,https://img.bokenjapan.com/media/asakura-dining-40063099.jpg,https://img.bokenjapan.com/media/asakura-dining-40033039.jpg,matched own listing photo
fukuoka/asakura,116,にんにく屋,https://img.bokenjapan.com/media/asakura-dining-40011808.jpg,,photo belonged to another card; no own photo found
fukuoka/asakura,117,膳処 とと屋,https://img.bokenjapan.com/media/asakura-dining-40051345.jpg,https://img.bokenjapan.com/media/asakura-dining-40011808.jpg,matched own listing photo
fukuoka/asakura,118,味処 日之出屋,https://img.bokenjapan.com/media/asakura-dining-40040901.jpg,https://img.bokenjapan.com/media/asakura-dining-40051345.jpg,matched own listing photo
fukuoka/asakura,119,焼肉だるま,https://img.bokenjapan.com/media/asakura-dining-40062450.jpg,https://img.bokenjapan.com/media/asakura-dining-40040901.jpg,matched own listing photo
fukuoka/asakura,120,里川海,https://img.bokenjapan.com/media/asakura-dining-40015723.jpg,https://img.bokenjapan.com/media/asakura-dining-40062450.jpg,matched own listing photo
fukuoka/asakura,121,あさくら亭,https://img.bokenjapan.com/media/asakura-dining-40066754.jpg,https://img.bokenjapan.com/media/asakura-dining-40015723.jpg,matched own listing photo
fukuoka/asakura,122,ざっくばらん,https://img.bokenjapan.com/media/asakura-dining-40034840.jpg,https://img.bokenjapan.com/media/asakura-dining-40066754.jpg,matched own listing photo
fukuoka/asakura,123,かじか,https://img.bokenjapan.com/media/asakura-dining-40035572.jpg,https://img.bokenjapan.com/media/asakura-dining-40034840.jpg,matched own listing photo
fukuoka/asakura,124,midnight ***,https://img.bokenjapan.com/media/asakura-dining-40067907.jpg,https://img.bokenjapan.com/media/asakura-dining-40035572.jpg,matched own listing photo
fukuoka/asakura,125,cafe のとり,https://img.bokenjapan.com/media/asakura-dining-40067835.jpg,https://img.bokenjapan.com/media/asakura-dining-40067907.jpg,matched own listing photo
fukuoka/asakura,126,Aコープ あまぎ店,https://img.bokenjapan.com/media/asakura-dining-40058104.jpg,https://img.bokenjapan.com/media/asakura-dining-40067835.jpg,matched own listing photo
fukuoka/asakura,127,地鶏食堂 三連水車店,https://img.bokenjapan.com/media/asakura-dining-40057457.jpg,https://img.bokenjapan.com/media/asakura-dining-40058104.jpg,matched own listing photo
fukuoka/asakura,128,クマガエ食品,https://img.bokenjapan.com/media/asakura-dining-40025352.jpg,https://img.bokenjapan.com/media/asakura-dining-40057457.jpg,matched own listing photo
fukuoka/asakura,129,味処馬見,https://img.bokenjapan.com/media/asakura-dining-40025955.jpg,https://img.bokenjapan.com/media/asakura-dining-40025352.jpg,matched own listing photo
fukuoka/asakura,130,福鶏商店,https://img.bokenjapan.com/media/asakura-dining-40065197.jpg,https://img.bokenjapan.com/media/asakura-dining-40025955.jpg,matched own listing photo
fukuoka/asakura,131,さくら,https://img.bokenjapan.com/media/asakura-dining-40005704.jpg,https://img.bokenjapan.com/media/asakura-dining-40065197.jpg,matched own listing photo
fukuoka/asakura,132,つげ,https://img.bokenjapan.com/media/asakura-dining-40043607.jpg,https://img.bokenjapan.com/media/asakura-dining-40005704.jpg,matched own listing photo
fukuoka/asakura,133,釜揚うどん,https://img.bokenjapan.com/media/asakura-dining-40009951.jpg,https://img.bokenjapan.com/media/asakura-dining-40043607.jpg,matched own listing photo
fukuoka/asakura,136,菓秀　桜　 秋月店,https://img.bokenjapan.com/media/asakura-dining-40006529.jpg,,photo belonged to another card; no own photo found
fukuoka/asakura,137,SAJJAN,https://img.bokenjapan.com/media/asakura-dining-40057007.jpg,https://img.bokenjapan.com/media/asakura-dining-40006529.jpg,matched own listing photo
fukuoka/asakura,138,肉のたかお 甘木店,https://img.bokenjapan.com/media/asakura-dining-40067475.jpg,https://img.bokenjapan.com/media/asakura-dining-40057007.jpg,matched own listing photo
fukuoka/asakura,139,ワイン食堂 ル カノン,https://img.bokenjapan.com/media/asakura-dining-40050589.jpg,https://img.bokenjapan.com/media/asakura-dining-40067475.jpg,matched own listing photo
fukuoka/asakura,140,SHINDO LAB,https://img.bokenjapan.com/media/asakura-dining-40068295.jpg,https://img.bokenjapan.com/media/asakura-dining-40050589.jpg,matched own listing photo
fukuoka/asakura,141,居酒屋あかちょうちん,https://img.bokenjapan.com/media/asakura-dining-40012011.jpg,https://img.bokenjapan.com/media/asakura-dining-40068295.jpg,matched own listing photo
fukuoka/asakura,142,ハンバーグなかよし。,https://img.bokenjapan.com/media/asakura-dining-40074030.jpg,https://img.bokenjapan.com/media/asakura-dining-40012011.jpg,matched own listing photo
fukuoka/asakura,143,KITCHEN BAL MOSH PIT,https://img.bokenjapan.com/media/asakura-dining-40063036.jpg,https://img.bokenjapan.com/media/asakura-dining-40074030.jpg,matched own listing photo
fukuoka/asakura,144,妙康,https://img.bokenjapan.com/media/asakura-dining-40030992.jpg,https://img.bokenjapan.com/media/asakura-dining-40063036.jpg,matched own listing photo
fukuoka/asakura,146,居酒屋わし家,https://img.bokenjapan.com/media/asakura-dining-40033899.jpg,,photo belonged to another card; no own photo found
fukuoka/asakura,147,ファーマーズ・スタンド,https://img.bokenjapan.com/media/asakura-dining-40057868.jpg,https://img.bokenjapan.com/media/asakura-dining-40033899.jpg,matched own listing photo
fukuoka/asakura,148,篠崎酒造,https://img.bokenjapan.com/media/asakura-dining-40030127.jpg,https://img.bokenjapan.com/media/asakura-dining-40057868.jpg,matched own listing photo
fukuoka/asakura,149,華季の樹,https://img.bokenjapan.com/media/asakura-dining-40047941.jpg,https://img.bokenjapan.com/media/asakura-dining-40030127.jpg,matched own listing photo
fukuoka/asakura,150,武膳,https://img.bokenjapan.com/media/asakura-dining-40074508.jpg,https://img.bokenjapan.com/media/asakura-dining-40047941.jpg,matched own listing photo
fukuoka/asakura,151,俺の人生ふるすいんぐ 朝倉本店,https://img.bokenjapan.com/media/asakura-dining-40071206.jpg,https://img.bokenjapan.com/media/asakura-dining-40074508.jpg,matched own listing photo
fukuoka/asakura,152,焚間珈琲,https://img.bokenjapan.com/media/asakura-dining-40069709.jpg,https://img.bokenjapan.com/media/asakura-dining-40071206.jpg,matched own listing photo
fukuoka/asakura,155,ピザ屋 かのん,https://img.bokenjapan.com/media/asakura-dining-40053565.jpg,,photo belonged to another card; no own photo found
fukuoka/asakura,156,安兵衛 一木店,https://img.bokenjapan.com/media/asakura-dining-40011309.jpg,https://img.bokenjapan.com/media/asakura-dining-40053565.jpg,matched own listing photo
fukuoka/asakura,157,居心地屋こころ,https://img.bokenjapan.com/media/asakura-dining-40043662.jpg,https://img.bokenjapan.com/media/asakura-dining-40011309.jpg,matched own listing photo
fukuoka/asakura,158,Into cafe Le'a Le'a,https://img.bokenjapan.com/media/asakura-dining-40069526.jpg,https://img.bokenjapan.com/media/asakura-dining-40043662.jpg,matched own listing photo
fukuoka/asakura,159,焼肉&ダイニング あさくら,https://img.bokenjapan.com/media/asakura-dining-40051171.jpg,https://img.bokenjapan.com/media/asakura-dining-40069526.jpg,matched own listing photo
fukuoka/asakura,160,ROMY,https://img.bokenjapan.com/media/asakura-dining-40055276.jpg,https://img.bokenjapan.com/media/asakura-dining-40051171.jpg,matched own listing photo
fukuoka/asakura,161,蛍雪の里 黒川山荘 十割蕎麦処,https://img.bokenjapan.com/media/asakura-dining-40047973.jpg,https://img.bokenjapan.com/media/asakura-dining-40055276.jpg,matched own listing photo
fukuoka/asakura,162,カフェ ブルービー,https://img.bokenjapan.com/media/asakura-dining-40056211.jpg,https://img.bokenjapan.com/media/asakura-dining-40047973.jpg,matched own listing photo
fukuoka/asakura,163,喫茶 カンフォーラ,https://img.bokenjapan.com/media/asakura-dining-40059992.jpg,https://img.bokenjapan.com/media/asakura-dining-40056211.jpg,matched own listing photo
fukuoka/asakura,164,cafe クローブ,https://img.bokenjapan.com/media/asakura-dining-40059551.jpg,https://img.bokenjapan.com/media/asakura-dining-40059992.jpg,matched own listing photo
fukuoka/asakura,165,PENGUIN VILLAGE,https://img.bokenjapan.com/media/asakura-dining-40072487.jpg,https://img.bokenjapan.com/media/asakura-dining-40059551.jpg,matched own listing photo
fukuoka/asakura,166,hai-KARA,https://img.bokenjapan.com/media/asakura-dining-40040695.jpg,https://img.bokenjapan.com/media/asakura-dining-40072487.jpg,matched own listing photo
fukuoka/asakura,167,カフェテラス綾,https://img.bokenjapan.com/media/asakura-dining-40017007.jpg,https://img.bokenjapan.com/media/asakura-dining-40040695.jpg,matched own listing photo
fukuoka/asakura,168,キリンビール 福岡工場,https://img.bokenjapan.com/media/asakura-dining-40073029.jpg,https://img.bokenjapan.com/media/asakura-dining-40017007.jpg,matched own listing photo
fukuoka/asakura,169,Harapeco kitchen,https://img.bokenjapan.com/media/asakura-dining-40074529.jpg,https://img.bokenjapan.com/media/asakura-dining-40073029.jpg,matched own listing photo
fukuoka/asakura,170,MOON MOON MOON CAFE,https://img.bokenjapan.com/media/asakura-dining-40071733.jpg,https://img.bokenjapan.com/media/asakura-dining-40074529.jpg,matched own listing photo
fukuoka/asakura,171,日帰りとお泊りの宿ホテル甘木館,https://img.bokenjapan.com/media/asakura-dining-40049676.jpg,https://img.bokenjapan.com/media/asakura-dining-40071733.jpg,matched own listing photo
fukuoka/asakura,172,来来亭 甘木インター店,https://img.bokenjapan.com/media/asakura-dining-40035747.jpg,https://img.bokenjapan.com/media/asakura-dining-40049676.jpg,matched own listing photo
fukuoka/asakura,175,想夫恋 甘木店,https://img.bokenjapan.com/media/asakura-dining-40022548.jpg,,photo belonged to another card; no own photo found
fukuoka/asakura,176,かまどか 甘木店,https://img.bokenjapan.com/media/asakura-dining-40047181.jpg,https://img.bokenjapan.com/media/asakura-dining-40022548.jpg,matched own listing photo
fukuoka/asakura,177,そば処 利久庵,https://img.bokenjapan.com/media/asakura-dining-40003835.jpg,,photo belonged to another card; no own photo found
fukuoka/asakura,178,ギャラリー コバコ,https://img.bokenjapan.com/media/asakura-dining-40049038.jpg,https://img.bokenjapan.com/media/asakura-dining-40003835.jpg,matched own listing photo
fukuoka/asakura,179,あきづき市場,https://img.bokenjapan.com/media/asakura-dining-40050735.jpg,https://img.bokenjapan.com/media/asakura-dining-40049038.jpg,matched own listing photo
fukuoka/asakura,180,ごはん 日和,https://img.bokenjapan.com/media/asakura-dining-40017662.jpg,https://img.bokenjapan.com/media/asakura-dining-40050735.jpg,matched own listing photo
fukuoka/asakura,181,八蔵 甘木店,https://img.bokenjapan.com/media/asakura-dining-40007080.jpg,https://img.bokenjapan.com/media/asakura-dining-40017662.jpg,matched own listing photo
fukuoka/asakura,182,農家cafe ののか,https://img.bokenjapan.com/media/asakura-dining-40039635.jpg,https://img.bokenjapan.com/media/asakura-dining-40007080.jpg,matched own listing photo
fukuoka/asakura,183,にこにこKitchen,https://img.bokenjapan.com/media/asakura-dining-40072871.jpg,https://img.bokenjapan.com/media/asakura-dining-40039635.jpg,matched own listing photo
fukuoka/asakura,184,ファームステーションバサロ パン工房,https://img.bokenjapan.com/media/asakura-dining-40027676.jpg,https://img.bokenjapan.com/media/asakura-dining-40072871.jpg,matched own listing photo
fukuoka/asakura,185,イビサトレス,https://img.bokenjapan.com/media/asakura-dining-40063015.jpg,https://img.bokenjapan.com/media/asakura-dining-40027676.jpg,matched own listing photo
fukuoka/asakura,186,日本料理 青芳,https://img.bokenjapan.com/media/asakura-dining-40013915.jpg,https://img.bokenjapan.com/media/asakura-dining-40063015.jpg,matched own listing photo
fukuoka/asakura,187,無量庵,https://img.bokenjapan.com/media/asakura-dining-40008818.jpg,https://img.bokenjapan.com/media/asakura-dining-40013915.jpg,matched own listing photo
fukuoka/asakura,188,福鶏,https://img.bokenjapan.com/media/asakura-dining-40063306.jpg,https://img.bokenjapan.com/media/asakura-dining-40008818.jpg,matched own listing photo
fukuoka/asakura,189,原鶴グランドスカイホテル　満珠,https://img.bokenjapan.com/media/asakura-dining-40021463.jpg,https://img.bokenjapan.com/media/asakura-dining-40063306.jpg,matched own listing photo
fukuoka/asakura,190,ミニストップ 甘木小田店,https://img.bokenjapan.com/media/asakura-dining-40048418.jpg,https://img.bokenjapan.com/media/asakura-dining-40021463.jpg,matched own listing photo
fukuoka/asakura,191,居酒屋本陣おやじ,https://img.bokenjapan.com/media/asakura-dining-40008820.jpg,https://img.bokenjapan.com/media/asakura-dining-40048418.jpg,matched own listing photo
fukuoka/asakura,192,御菓子司亀屋,https://img.bokenjapan.com/media/asakura-dining-40029098.jpg,https://img.bokenjapan.com/media/asakura-dining-40008820.jpg,matched own listing photo
fukuoka/asakura,195,和菓子処 興膳屋,https://img.bokenjapan.com/media/asakura-dining-40028220.jpg,,photo belonged to another card; no own photo found
fukuoka/asakura,196,焼鳥勝政,https://img.bokenjapan.com/media/asakura-dining-40018233.jpg,https://img.bokenjapan.com/media/asakura-dining-40028220.jpg,matched own listing photo
fukuoka/asakura,197,澗水,https://img.bokenjapan.com/media/asakura-dining-40002325.jpg,https://img.bokenjapan.com/media/asakura-dining-40018233.jpg,matched own listing photo
fukuoka/asakura,198,八嶋屋,https://img.bokenjapan.com/media/asakura-dining-40039800.jpg,https://img.bokenjapan.com/media/asakura-dining-40002325.jpg,matched own listing photo
fukuoka/asakura,199,移動販売車 たこやき 三ちゃん,https://img.bokenjapan.com/media/asakura-dining-40063050.jpg,https://img.bokenjapan.com/media/asakura-dining-40039800.jpg,matched own listing photo
fukuoka/asakura,200,うかい亭,https://img.bokenjapan.com/media/asakura-dining-40049119.jpg,https://img.bokenjapan.com/media/asakura-dining-40063050.jpg,matched own listing photo
fukuoka/asakura,201,TORTE,https://img.bokenjapan.com/media/asakura-dining-40050725.jpg,https://img.bokenjapan.com/media/asakura-dining-40049119.jpg,matched own listing photo
fukuoka/asakura,202,秋月庵,https://img.bokenjapan.com/media/asakura-dining-40069058.jpg,https://img.bokenjapan.com/media/asakura-dining-40050725.jpg,matched own listing photo
fukuoka/asakura,203,家食屋満吉,https://img.bokenjapan.com/media/asakura-dining-40039948.jpg,https://img.bokenjapan.com/media/asakura-dining-40069058.jpg,matched own listing photo
fukuoka/asakura,204,とんかつ 濵かつ 甘木旭町店,https://img.bokenjapan.com/media/asakura-dining-40016512.jpg,https://img.bokenjapan.com/media/asakura-dining-40039948.jpg,matched own listing photo
fukuoka/asakura,205,リンガーハット 福岡甘木店,https://img.bokenjapan.com/media/asakura-dining-40026754.jpg,https://img.bokenjapan.com/media/asakura-dining-40016512.jpg,matched own listing photo
fukuoka/asakura,206,マクドナルド 甘木店,https://img.bokenjapan.com/media/asakura-dining-40027741.jpg,https://img.bokenjapan.com/media/asakura-dining-40026754.jpg,matched own listing photo
fukuoka/asakura,207,CoCo壱番屋 甘木インター店,https://img.bokenjapan.com/media/asakura-dining-40026169.jpg,https://img.bokenjapan.com/media/asakura-dining-40027741.jpg,matched own listing photo
fukuoka/asakura,208,ぼうぶらうどん,https://img.bokenjapan.com/media/asakura-dining-40009891.jpg,https://img.bokenjapan.com/media/asakura-dining-40026169.jpg,matched own listing photo
fukuoka/asakura,209,松屋/松のや 朝倉甘木店,https://img.bokenjapan.com/media/asakura-dining-40071986.jpg,https://img.bokenjapan.com/media/asakura-dining-40009891.jpg,matched own listing photo
fukuoka/asakura,210,おかずの店 こが,https://img.bokenjapan.com/media/asakura-dining-40028026.jpg,https://img.bokenjapan.com/media/asakura-dining-40071986.jpg,matched own listing photo
fukuoka/asakura,211,レストラン あじこう,https://img.bokenjapan.com/media/asakura-dining-40013975.jpg,https://img.bokenjapan.com/media/asakura-dining-40028026.jpg,matched own listing photo
fukuoka/asakura,212,らあめん処 六道,https://img.bokenjapan.com/media/asakura-dining-40055734.jpg,https://img.bokenjapan.com/media/asakura-dining-40013975.jpg,matched own listing photo
fukuoka/asakura,215,ひとつの木,https://img.bokenjapan.com/media/asakura-dining-40071722.jpg,,photo belonged to another card; no own photo found
fukuoka/asakura,216,太閤,https://img.bokenjapan.com/media/asakura-dining-40071602.jpg,https://img.bokenjapan.com/media/asakura-dining-40071722.jpg,matched own listing photo
fukuoka/asakura,217,居酒屋 かずちゃん,https://img.bokenjapan.com/media/asakura-dining-40067719.jpg,https://img.bokenjapan.com/media/asakura-dining-40071602.jpg,matched own listing photo
fukuoka/asakura,218,和食そば処 うすの院,https://img.bokenjapan.com/media/asakura-dining-40073222.jpg,https://img.bokenjapan.com/media/asakura-dining-40067719.jpg,matched own listing photo
fukuoka/asakura,219,ろまんの道,https://img.bokenjapan.com/media/asakura-dining-40029257.jpg,https://img.bokenjapan.com/media/asakura-dining-40073222.jpg,matched own listing photo
fukuoka/asakura,220,あん,https://img.bokenjapan.com/media/asakura-dining-40072749.jpg,https://img.bokenjapan.com/media/asakura-dining-40029257.jpg,matched own listing photo
fukuoka/asakura,221,新月,https://img.bokenjapan.com/media/asakura-dining-40068801.jpg,https://img.bokenjapan.com/media/asakura-dining-40072749.jpg,matched own listing photo
fukuoka/asakura,222,扇屋酒店,https://img.bokenjapan.com/media/asakura-dining-40064798.jpg,https://img.bokenjapan.com/media/asakura-dining-40068801.jpg,matched own listing photo
fukuoka/asakura,223,三隅製麺工場,https://img.bokenjapan.com/media/asakura-dining-40034690.jpg,https://img.bokenjapan.com/media/asakura-dining-40064798.jpg,matched own listing photo
fukuoka/asakura,224,おり～ぶの風,https://img.bokenjapan.com/media/asakura-dining-40060339.jpg,https://img.bokenjapan.com/media/asakura-dining-40034690.jpg,matched own listing photo
fukuoka/asakura,225,鰻舞,https://img.bokenjapan.com/media/asakura-dining-40074469.jpg,https://img.bokenjapan.com/media/asakura-dining-40060339.jpg,matched own listing photo
fukuoka/asakura,226,REady Made,https://img.bokenjapan.com/media/asakura-dining-40063042.jpg,https://img.bokenjapan.com/media/asakura-dining-40074469.jpg,matched own listing photo
fukuoka/asakura,227,荷原珈琲,https://img.bokenjapan.com/media/asakura-dining-40066755.jpg,https://img.bokenjapan.com/media/asakura-dining-40063042.jpg,matched own listing photo
fukuoka/asakura,228,西田製菓,https://img.bokenjapan.com/media/asakura-dining-40029096.jpg,https://img.bokenjapan.com/media/asakura-dining-40066755.jpg,matched own listing photo
fukuoka/asakura,229,みなぎのマルシェ,https://img.bokenjapan.com/media/asakura-dining-40050654.jpg,https://img.bokenjapan.com/media/asakura-dining-40029096.jpg,matched own listing photo
fukuoka/asakura,230,笑味所 たいよう,https://img.bokenjapan.com/media/asakura-dining-40067434.jpg,https://img.bokenjapan.com/media/asakura-dining-40050654.jpg,matched own listing photo
fukuoka/asakura,231,焼鶏 鷹翔,https://img.bokenjapan.com/media/asakura-dining-40062421.jpg,https://img.bokenjapan.com/media/asakura-dining-40067434.jpg,matched own listing photo
fukuoka/asakura,232,市民食堂,https://img.bokenjapan.com/media/asakura-dining-40072224.jpg,https://img.bokenjapan.com/media/asakura-dining-40062421.jpg,matched own listing photo
fukuoka/asakura,235,城カリー,https://img.bokenjapan.com/media/asakura-dining-40071798.jpg,,photo belonged to another card; no own photo found
fukuoka/asakura,236,布善堂,https://img.bokenjapan.com/media/asakura-dining-40060985.jpg,https://img.bokenjapan.com/media/asakura-dining-40071798.jpg,matched own listing photo
fukuoka/asakura,237,居酒屋 大臣,https://img.bokenjapan.com/media/asakura-dining-40074102.jpg,https://img.bokenjapan.com/media/asakura-dining-40060985.jpg,matched own listing photo
fukuoka/asakura,238,美奈宜の舞 お食事処,https://img.bokenjapan.com/media/asakura-dining-40073099.jpg,https://img.bokenjapan.com/media/asakura-dining-40074102.jpg,matched own listing photo
fukuoka/asakura,239,コメダ珈琲店 福岡甘木店,https://img.bokenjapan.com/media/asakura-dining-40045946.jpg,,photo belonged to another card; no own photo found
fukuoka/asakura,240,すき家 朝倉甘木店,https://img.bokenjapan.com/media/asakura-dining-40043542.jpg,https://img.bokenjapan.com/media/asakura-dining-40045946.jpg,matched own listing photo
fukuoka/asakura,241,ジョイフル 甘木店,https://img.bokenjapan.com/media/asakura-dining-40016301.jpg,,photo belonged to another card; no own photo found
fukuoka/asakura,242,肉の明治屋,https://img.bokenjapan.com/media/asakura-dining-40056071.jpg,https://img.bokenjapan.com/media/asakura-dining-40016301.jpg,matched own listing photo
fukuoka/asakura,243,とうふの飛太郎 工場直売店,https://img.bokenjapan.com/media/asakura-dining-40054138.jpg,https://img.bokenjapan.com/media/asakura-dining-40056071.jpg,matched own listing photo
fukuoka/asakura,244,ミスタードーナツ イオン甘木ショップ,https://img.bokenjapan.com/media/asakura-dining-40027974.jpg,https://img.bokenjapan.com/media/asakura-dining-40054138.jpg,matched own listing photo
fukuoka/asakura,245,サーティワンアイスクリーム イオン甘木店,https://img.bokenjapan.com/media/asakura-dining-40026512.jpg,https://img.bokenjapan.com/media/asakura-dining-40027974.jpg,matched own listing photo
fukuoka/asakura,246,吉野家 甘木店,https://img.bokenjapan.com/media/asakura-dining-40068622.jpg,https://img.bokenjapan.com/media/asakura-dining-40026512.jpg,matched own listing photo
fukuoka/asakura,247,ケンタッキーフライドチキン イオン甘木店,https://img.bokenjapan.com/media/asakura-dining-40026730.jpg,https://img.bokenjapan.com/media/asakura-dining-40068622.jpg,matched own listing photo
fukuoka/asakura,248,どんどん亭 甘木店,https://img.bokenjapan.com/media/asakura-dining-40016530.jpg,,photo belonged to another card; no own photo found
fukuoka/asakura,249,ガスト 甘木店,https://img.bokenjapan.com/media/asakura-dining-40013489.jpg,https://img.bokenjapan.com/media/asakura-dining-40016530.jpg,matched own listing photo
fukuoka/asakura,250,サンエトワール イオン甘木店,https://img.bokenjapan.com/media/asakura-dining-40027973.jpg,https://img.bokenjapan.com/media/asakura-dining-40013489.jpg,matched own listing photo
fukuoka/asakura,253,八ちゃん堂 甘木店,https://img.bokenjapan.com/media/asakura-dining-40053927.jpg,,photo belonged to another card; no own photo found
fukuoka/asakura,254,からあげ大吉 杷木店,https://img.bokenjapan.com/media/asakura-dining-40030942.jpg,https://img.bokenjapan.com/media/asakura-dining-40053927.jpg,matched own listing photo
fukuoka/asakura,255,シャトレーゼ 朝倉店,https://img.bokenjapan.com/media/asakura-dining-40054319.jpg,https://img.bokenjapan.com/media/asakura-dining-40030942.jpg,matched own listing photo
fukuoka/asakura,256,味処あさくら,https://img.bokenjapan.com/media/asakura-dining-40041629.jpg,https://img.bokenjapan.com/media/asakura-dining-40054319.jpg,matched own listing photo
fukuoka/asakura,257,丸正食堂,https://img.bokenjapan.com/media/asakura-dining-40014960.jpg,https://img.bokenjapan.com/media/asakura-dining-40041629.jpg,matched own listing photo
fukuoka/asakura,258,八寸,https://img.bokenjapan.com/media/asakura-dining-40029092.jpg,https://img.bokenjapan.com/media/asakura-dining-40014960.jpg,matched own listing photo
fukuoka/asakura,259,やきとり権兵衛,https://img.bokenjapan.com/media/asakura-dining-40008814.jpg,https://img.bokenjapan.com/media/asakura-dining-40029092.jpg,matched own listing photo
fukuoka/asakura,260,sept,https://img.bokenjapan.com/media/asakura-dining-40042015.jpg,https://img.bokenjapan.com/media/asakura-dining-40008814.jpg,matched own listing photo
fukuoka/asakura,261,Curry hs,https://img.bokenjapan.com/media/asakura-dining-40072436.jpg,https://img.bokenjapan.com/media/asakura-dining-40042015.jpg,matched own listing photo
fukuoka/asakura,262,ほっともっと 甘木一ツ木店,https://img.bokenjapan.com/media/asakura-dining-40040463.jpg,https://img.bokenjapan.com/media/asakura-dining-40072436.jpg,matched own listing photo
fukuoka/asakura,263,駅弁食堂 水車の詩,https://img.bokenjapan.com/media/asakura-dining-40041604.jpg,https://img.bokenjapan.com/media/asakura-dining-40040463.jpg,matched own listing photo
fukuoka/asakura,264,香里園,https://img.bokenjapan.com/media/asakura-dining-40070597.jpg,https://img.bokenjapan.com/media/asakura-dining-40041604.jpg,matched own listing photo
fukuoka/asakura,265,ほっともっと 甘木店,https://img.bokenjapan.com/media/asakura-dining-40040464.jpg,https://img.bokenjapan.com/media/asakura-dining-40070597.jpg,matched own listing photo
fukuoka/asakura,266,とりしん,https://img.bokenjapan.com/media/asakura-dining-40007563.jpg,https://img.bokenjapan.com/media/asakura-dining-40040464.jpg,matched own listing photo
fukuoka/asakura,267,千鳥屋 甘木店,https://img.bokenjapan.com/media/asakura-dining-40056592.jpg,https://img.bokenjapan.com/media/asakura-dining-40007563.jpg,matched own listing photo
fukuoka/asakura,268,永利牛乳,https://img.bokenjapan.com/media/asakura-dining-40029155.jpg,https://img.bokenjapan.com/media/asakura-dining-40056592.jpg,matched own listing photo
fukuoka/asakura,269,青柳菓子舗,https://img.bokenjapan.com/media/asakura-dining-40043923.jpg,https://img.bokenjapan.com/media/asakura-dining-40029155.jpg,matched own listing photo
fukuoka/asakura,270,松末亭,https://img.bokenjapan.com/media/asakura-dining-40012484.jpg,https://img.bokenjapan.com/media/asakura-dining-40043923.jpg,matched own listing photo
fukuoka/asakura,273,ひろ吉,https://img.bokenjapan.com/media/asakura-dining-40014602.jpg,,photo belonged to another card; no own photo found
fukuoka/asakura,274,ながい,https://img.bokenjapan.com/media/asakura-dining-40010568.jpg,https://img.bokenjapan.com/media/asakura-dining-40014602.jpg,matched own listing photo
fukuoka/asakura,275,ゑびす酒造株式会社,https://img.bokenjapan.com/media/asakura-dining-40056623.jpg,https://img.bokenjapan.com/media/asakura-dining-40010568.jpg,matched own listing photo
fukuoka/asakura,276,大吉うどん 朝倉店,https://img.bokenjapan.com/media/asakura-dining-40063239.jpg,https://img.bokenjapan.com/media/asakura-dining-40056623.jpg,matched own listing photo
fukuoka/asakura,277,秋月豆腐あぜみち,https://img.bokenjapan.com/media/asakura-dining-40030464.jpg,https://img.bokenjapan.com/media/asakura-dining-40063239.jpg,matched own listing photo
fukuoka/asakura,278,ひので屋 甘木インター店,https://img.bokenjapan.com/media/asakura-dining-40049820.jpg,https://img.bokenjapan.com/media/asakura-dining-40030464.jpg,matched own listing photo
fukuoka/asakura,279,ミニストップ 朝倉インター店,https://img.bokenjapan.com/media/asakura-dining-40052462.jpg,https://img.bokenjapan.com/media/asakura-dining-40049820.jpg,matched own listing photo
fukuoka/asakura,281,お食事処かりゆし,https://img.bokenjapan.com/media/asakura-dining-40014202.jpg,https://img.bokenjapan.com/media/asakura-dining-40052462.jpg,matched own listing photo
fukuoka/asakura,282,パーレンス小野屋 売店,https://img.bokenjapan.com/media/asakura-dining-40049241.jpg,https://img.bokenjapan.com/media/asakura-dining-40014202.jpg,matched own listing photo
fukuoka/asakura,283,焼肉ウエスト 甘木店,https://img.bokenjapan.com/media/asakura-dining-40019455.jpg,https://img.bokenjapan.com/media/asakura-dining-40049241.jpg,matched own listing photo
fukuoka/asakura,284,中尾蒲鉾店,https://img.bokenjapan.com/media/asakura-dining-40049691.jpg,https://img.bokenjapan.com/media/asakura-dining-40019455.jpg,matched own listing photo
fukuoka/asakura,285,天然発酵ぱん みんなの木,https://img.bokenjapan.com/media/asakura-dining-40058856.jpg,https://img.bokenjapan.com/media/asakura-dining-40049691.jpg,matched own listing photo
fukuoka/asakura,286,米ノ座 秋月本店,https://img.bokenjapan.com/media/asakura-dining-40072877.jpg,https://img.bokenjapan.com/media/asakura-dining-40058856.jpg,matched own listing photo
fukuoka/asakura,287,ベーカリー カフェ タセット,https://img.bokenjapan.com/media/asakura-dining-40048574.jpg,https://img.bokenjapan.com/media/asakura-dining-40072877.jpg,matched own listing photo
fukuoka/asakura,289,野都里,https://img.bokenjapan.com/media/asakura-dining-40029091.jpg,https://img.bokenjapan.com/media/asakura-dining-40048574.jpg,matched own listing photo
fukuoka/asakura,290,ピザハット 甘木旭町店,https://img.bokenjapan.com/media/asakura-dining-40068409.jpg,https://img.bokenjapan.com/media/asakura-dining-40029091.jpg,matched own listing photo
fukuoka/asakura,293,福栄のから揚げ 甘木店,https://img.bokenjapan.com/media/asakura-dining-40058103.jpg,,photo belonged to another card; no own photo found
fukuoka/asakura,294,わらびもち 松本茶屋 甘木店,https://img.bokenjapan.com/media/asakura-dining-40071333.jpg,https://img.bokenjapan.com/media/asakura-dining-40058103.jpg,matched own listing photo
fukuoka/asakura,295,もちラボ,https://img.bokenjapan.com/media/asakura-dining-40073178.jpg,https://img.bokenjapan.com/media/asakura-dining-40071333.jpg,matched own listing photo
fukuoka/asakura,297,'Olu'Olu,https://img.bokenjapan.com/media/asakura-dining-40074916.jpg,https://img.bokenjapan.com/media/asakura-dining-40073178.jpg,matched own listing photo
fukuoka/asakura,298,佐世保バーガーC&B 982,https://img.bokenjapan.com/media/asakura-dining-40073160.jpg,https://img.bokenjapan.com/media/asakura-dining-40074916.jpg,matched own listing photo
fukuoka/asakura,299,comise,https://img.bokenjapan.com/media/asakura-dining-40072038.jpg,https://img.bokenjapan.com/media/asakura-dining-40073160.jpg,matched own listing photo
fukuoka/asakura,303,櫻木,https://img.bokenjapan.com/media/asakura-dining-40054958.jpg,https://img.bokenjapan.com/media/asakura-dining-40072038.jpg,matched own listing photo
fukuoka/asakura,304,本氣のからあげ 甘木店,https://img.bokenjapan.com/media/asakura-dining-40057807.jpg,https://img.bokenjapan.com/media/asakura-dining-40054958.jpg,matched own listing photo
fukuoka/asakura,306,肉のみずた屋,https://img.bokenjapan.com/media/asakura-dining-40056513.jpg,https://img.bokenjapan.com/media/asakura-dining-40057807.jpg,matched own listing photo
fukuoka/asakura,307,お好み酒蔵 種,https://img.bokenjapan.com/media/asakura-dining-40058701.jpg,https://img.bokenjapan.com/media/asakura-dining-40056513.jpg,matched own listing photo
fukuoka/asakura,308,老松醤油 松岡本家,https://img.bokenjapan.com/media/asakura-dining-40042011.jpg,https://img.bokenjapan.com/media/asakura-dining-40058701.jpg,matched own listing photo
fukuoka/asakura,309,晩酌亭 朝倉店,https://img.bokenjapan.com/media/asakura-dining-40068511.jpg,https://img.bokenjapan.com/media/asakura-dining-40042011.jpg,matched own listing photo
fukuoka/asakura,310,あさくら珈琲,https://img.bokenjapan.com/media/asakura-dining-40072974.jpg,https://img.bokenjapan.com/media/asakura-dining-40068511.jpg,matched own listing photo
fukuoka/asakura,312,牛木農産物直売所 倉康,https://img.bokenjapan.com/media/asakura-dining-40055957.jpg,,photo belonged to another card; no own photo found
fukuoka/asakura,313,LAWSON 甘木屋永店,https://img.bokenjapan.com/media/asakura-dining-40071259.jpg,https://img.bokenjapan.com/media/asakura-dining-40055957.jpg,matched own listing photo
fukuoka/asakura,315,寿泉,https://img.bokenjapan.com/media/asakura-dining-40045422.jpg,https://img.bokenjapan.com/media/asakura-dining-40071259.jpg,matched own listing photo
fukuoka/asakura,316,鶴田農園,https://img.bokenjapan.com/media/asakura-dining-40060546.jpg,https://img.bokenjapan.com/media/asakura-dining-40045422.jpg,matched own listing photo
fukuoka/asakura,317,黒川INNレストラン,https://img.bokenjapan.com/media/asakura-dining-40045738.jpg,https://img.bokenjapan.com/media/asakura-dining-40060546.jpg,matched own listing photo
fukuoka/asakura,318,あさくら珈琲,https://img.bokenjapan.com/media/asakura-dining-40067690.jpg,https://img.bokenjapan.com/media/asakura-dining-40045738.jpg,matched own listing photo
fukuoka/asakura,319,茶の舞カフェ,https://img.bokenjapan.com/media/asakura-dining-40061161.jpg,https://img.bokenjapan.com/media/asakura-dining-40067690.jpg,matched own listing photo
fukuoka/asakura,320,ダイレックス ライフガーデン甘木店,https://img.bokenjapan.com/media/asakura-dining-40066847.jpg,https://img.bokenjapan.com/media/asakura-dining-40061161.jpg,matched own listing photo
fukuoka/asakura,322,ファミリーマート 朝倉一木店,https://img.bokenjapan.com/media/asakura-dining-40069172.jpg,https://img.bokenjapan.com/media/asakura-dining-40066847.jpg,matched own listing photo
fukuoka/asakura,323,嘉,https://img.bokenjapan.com/media/asakura-dining-40066582.jpg,https://img.bokenjapan.com/media/asakura-dining-40069172.jpg,matched own listing photo
fukuoka/asakura,324,AGSAマルシェ,https://img.bokenjapan.com/media/asakura-dining-40063150.jpg,https://img.bokenjapan.com/media/asakura-dining-40066582.jpg,matched own listing photo
fukuoka/asakura,325,はるき,https://img.bokenjapan.com/media/asakura-dining-40009341.jpg,https://img.bokenjapan.com/media/asakura-dining-40063150.jpg,matched own listing photo
fukuoka/asakura,326,マダベース,https://img.bokenjapan.com/media/asakura-dining-40072911.jpg,https://img.bokenjapan.com/media/asakura-dining-40009341.jpg,matched own listing photo
fukuoka/asakura,327,水田精肉店,https://img.bokenjapan.com/media/asakura-dining-40073211.jpg,https://img.bokenjapan.com/media/asakura-dining-40072911.jpg,matched own listing photo
fukuoka/asakura,328,ほしまる,https://img.bokenjapan.com/media/asakura-dining-40072155.jpg,https://img.bokenjapan.com/media/asakura-dining-40073211.jpg,matched own listing photo
fukuoka/asakura,329,ケーキ工房 かしの実,https://img.bokenjapan.com/media/asakura-dining-40075116.jpg,https://img.bokenjapan.com/media/asakura-dining-40072155.jpg,matched own listing photo
fukuoka/asakura,332,お菓子工房 aonoki,https://img.bokenjapan.com/media/asakura-dining-40063611.jpg,,photo belonged to another card; no own photo found
fukuoka/asakura,333,青い屋根,https://img.bokenjapan.com/media/asakura-dining-40065423.jpg,https://img.bokenjapan.com/media/asakura-dining-40063611.jpg,matched own listing photo
fukuoka/asakura,334,松末亭,https://img.bokenjapan.com/media/asakura-dining-40068236.jpg,https://img.bokenjapan.com/media/asakura-dining-40065423.jpg,matched own listing photo
fukuoka/asakura,335,五寶ノ茶ノ間,https://img.bokenjapan.com/media/asakura-dining-40074171.jpg,https://img.bokenjapan.com/media/asakura-dining-40068236.jpg,matched own listing photo
fukuoka/asakura,336,LAWSON 朝倉甘木店,https://img.bokenjapan.com/media/asakura-dining-40066423.jpg,https://img.bokenjapan.com/media/asakura-dining-40074171.jpg,matched own listing photo
fukuoka/asakura,337,木木の葉　雑器店,https://img.bokenjapan.com/media/asakura-dining-40031547.jpg,https://img.bokenjapan.com/media/asakura-dining-40066423.jpg,matched own listing photo
fukuoka/asakura,339,新海寿司,https://img.bokenjapan.com/media/asakura-dining-40047795.jpg,https://img.bokenjapan.com/media/asakura-dining-40031547.jpg,matched own listing photo
fukuoka/asakura,340,居酒屋 まるひさ,https://img.bokenjapan.com/media/asakura-dining-40051518.jpg,https://img.bokenjapan.com/media/asakura-dining-40047795.jpg,matched own listing photo
fukuoka/asakura,341,ウッド ランド,https://img.bokenjapan.com/media/asakura-dining-40048269.jpg,https://img.bokenjapan.com/media/asakura-dining-40051518.jpg,matched own listing photo
fukuoka/asakura,342,花房屋,https://img.bokenjapan.com/media/asakura-dining-40029097.jpg,https://img.bokenjapan.com/media/asakura-dining-40048269.jpg,matched own listing photo
fukuoka/asakura,343,山科茶舗,https://img.bokenjapan.com/media/asakura-dining-40054291.jpg,https://img.bokenjapan.com/media/asakura-dining-40029097.jpg,matched own listing photo
fukuoka/asakura,370,あさくら,https://img.bokenjapan.com/media/asakura-dining-40022199.jpg,,photo belonged to another card; no own photo found
fukuoka/asakura,379,宴処 麦わら食堂,https://img.bokenjapan.com/media/asakura-dining-40038698.jpg,https://img.bokenjapan.com/media/asakura-dining-40022199.jpg,matched own listing photo
fukuoka/asakura,388,遥,https://img.bokenjapan.com/media/asakura-dining-40027274.jpg,,photo belonged to another card; no own photo found
fukuoka/asakura,389,バイキングレストラン 志高 福岡甘木店,https://img.bokenjapan.com/media/asakura-dining-40025636.jpg,https://img.bokenjapan.com/media/asakura-dining-40027274.jpg,matched own listing photo
fukuoka/asakura,448,博多一番どり 居食家あらい FC朝倉甘木店,https://img.bokenjapan.com/media/asakura-dining-ta9950208-p.webp,https://img.bokenjapan.com/media/asakura-dining-ta88.jpg,matched own listing photo
fukuoka/ashiyacho,2,Sunset,https://img.bokenjapan.com/media/ashiyacho-dining-40066385.jpg,,photo belonged to another card; no own photo found
fukuoka/ashiyacho,3,ottimo,https://img.bokenjapan.com/media/ashiyacho-dining-40057081.jpg,https://img.bokenjapan.com/media/ashiyacho-dining-40066385.jpg,matched own listing photo
fukuoka/ashiyacho,4,海鮮食堂 味工房,https://img.bokenjapan.com/media/ashiyacho-dining-40056602.jpg,https://img.bokenjapan.com/media/ashiyacho-dining-40057081.jpg,matched own listing photo
fukuoka/ashiyacho,5,KURA,https://img.bokenjapan.com/media/ashiyacho-dining-40046683.jpg,https://img.bokenjapan.com/media/ashiyacho-dining-40056602.jpg,matched own listing photo
fukuoka/ashiyacho,6,マリンテラスあしや,https://img.bokenjapan.com/media/ashiyacho-dining-40033656.jpg,https://img.bokenjapan.com/media/ashiyacho-dining-40046683.jpg,matched own listing photo
fukuoka/ashiyacho,7,祇園食堂,https://img.bokenjapan.com/media/ashiyacho-dining-40039710.jpg,https://img.bokenjapan.com/media/ashiyacho-dining-40033656.jpg,matched own listing photo
fukuoka/ashiyacho,8,海香亭,https://img.bokenjapan.com/media/ashiyacho-dining-40011523.jpg,https://img.bokenjapan.com/media/ashiyacho-dining-40039710.jpg,matched own listing photo
fukuoka/ashiyacho,9,鉄板酒場58,https://img.bokenjapan.com/media/ashiyacho-dining-40066488.jpg,https://img.bokenjapan.com/media/ashiyacho-dining-40011523.jpg,matched own listing photo
fukuoka/ashiyacho,10,芦屋釜の里,https://img.bokenjapan.com/media/ashiyacho-dining-40005253.jpg,https://img.bokenjapan.com/media/ashiyacho-dining-40066488.jpg,matched own listing photo
fukuoka/ashiyacho,11,九州男,https://img.bokenjapan.com/media/ashiyacho-dining-40035213.jpg,https://img.bokenjapan.com/media/ashiyacho-dining-40005253.jpg,matched own listing photo
fukuoka/ashiyacho,12,パルナチュレ,https://img.bokenjapan.com/media/ashiyacho-dining-40045454.jpg,https://img.bokenjapan.com/media/ashiyacho-dining-40035213.jpg,matched own listing photo
fukuoka/ashiyacho,13,和楽園,https://img.bokenjapan.com/media/ashiyacho-dining-40031800.jpg,https://img.bokenjapan.com/media/ashiyacho-dining-40045454.jpg,matched own listing photo
fukuoka/ashiyacho,14,はとやベーカリー,https://img.bokenjapan.com/media/ashiyacho-dining-40026808.jpg,https://img.bokenjapan.com/media/ashiyacho-dining-40031800.jpg,matched own listing photo
fukuoka/ashiyacho,15,串揚げ処 榮壽,https://img.bokenjapan.com/media/ashiyacho-dining-40056584.jpg,https://img.bokenjapan.com/media/ashiyacho-dining-40026808.jpg,matched own listing photo
fukuoka/ashiyacho,16,お魚直売所 とと市場,https://img.bokenjapan.com/media/ashiyacho-dining-40006394.jpg,https://img.bokenjapan.com/media/ashiyacho-dining-40056584.jpg,matched own listing photo
fukuoka/ashiyacho,17,新まんまる,https://img.bokenjapan.com/media/ashiyacho-dining-40053317.jpg,https://img.bokenjapan.com/media/ashiyacho-dining-40006394.jpg,matched own listing photo
fukuoka/ashiyacho,18,とと市場 海鮮フードコート,https://img.bokenjapan.com/media/ashiyacho-dining-40049613.jpg,https://img.bokenjapan.com/media/ashiyacho-dining-40053317.jpg,matched own listing photo
fukuoka/ashiyacho,19,あしやんぷりん,https://img.bokenjapan.com/media/ashiyacho-dining-40061925.jpg,https://img.bokenjapan.com/media/ashiyacho-dining-40049613.jpg,matched own listing photo
fukuoka/ashiyacho,22,火の茶房 ほうじ屋 遠賀店,https://img.bokenjapan.com/media/ashiyacho-dining-40054909.jpg,,photo belonged to another card; no own photo found
fukuoka/ashiyacho,23,ベルパン,https://img.bokenjapan.com/media/ashiyacho-dining-40054495.jpg,https://img.bokenjapan.com/media/ashiyacho-dining-40054909.jpg,matched own listing photo
fukuoka/ashiyacho,24,yamagaya,https://img.bokenjapan.com/media/ashiyacho-dining-40062459.jpg,https://img.bokenjapan.com/media/ashiyacho-dining-40054495.jpg,matched own listing photo
fukuoka/ashiyacho,25,いそかぜ,https://img.bokenjapan.com/media/ashiyacho-dining-40024183.jpg,https://img.bokenjapan.com/media/ashiyacho-dining-40062459.jpg,matched own listing photo
fukuoka/ashiyacho,26,TRIAL GO 芦屋山鹿店,https://img.bokenjapan.com/media/ashiyacho-dining-40066497.jpg,https://img.bokenjapan.com/media/ashiyacho-dining-40024183.jpg,matched own listing photo
fukuoka/ashiyacho,27,フードコート ALBA,https://img.bokenjapan.com/media/ashiyacho-dining-40058184.jpg,https://img.bokenjapan.com/media/ashiyacho-dining-40066497.jpg,matched own listing photo
fukuoka/ashiyacho,28,楊楊,https://img.bokenjapan.com/media/ashiyacho-dining-40032263.jpg,https://img.bokenjapan.com/media/ashiyacho-dining-40058184.jpg,matched own listing photo
fukuoka/ashiyacho,29,ファストフードプラザ,https://img.bokenjapan.com/media/ashiyacho-dining-40046993.jpg,https://img.bokenjapan.com/media/ashiyacho-dining-40032263.jpg,matched own listing photo
fukuoka/ashiyacho,30,GREEN.JAM.cafe,https://img.bokenjapan.com/media/ashiyacho-dining-40058041.jpg,https://img.bokenjapan.com/media/ashiyacho-dining-40046993.jpg,matched own listing photo
fukuoka/ashiyacho,31,夏井ヶ浜kitchen OTO,https://img.bokenjapan.com/media/ashiyacho-dining-40062043.jpg,https://img.bokenjapan.com/media/ashiyacho-dining-40058041.jpg,matched own listing photo
fukuoka/ashiyacho,32,炭火焼肉 ほむら庵,https://img.bokenjapan.com/media/ashiyacho-dining-40057321.jpg,https://img.bokenjapan.com/media/ashiyacho-dining-40062043.jpg,matched own listing photo
fukuoka/ashiyacho,33,鬼ヶ島,https://img.bokenjapan.com/media/ashiyacho-dining-40067155.jpg,https://img.bokenjapan.com/media/ashiyacho-dining-40057321.jpg,matched own listing photo
fukuoka/ashiyacho,34,気まぐれ ごんちゃん,https://img.bokenjapan.com/media/ashiyacho-dining-40058850.jpg,https://img.bokenjapan.com/media/ashiyacho-dining-40067155.jpg,matched own listing photo
fukuoka/ashiyacho,35,&cafe,https://img.bokenjapan.com/media/ashiyacho-dining-40068169.jpg,https://img.bokenjapan.com/media/ashiyacho-dining-40058850.jpg,matched own listing photo
fukuoka/ashiyacho,36,とと市場 バーベキューコーナー,https://img.bokenjapan.com/media/ashiyacho-dining-40045571.jpg,https://img.bokenjapan.com/media/ashiyacho-dining-40068169.jpg,matched own listing photo
fukuoka/ashiyacho,37,寿司本家 げんもん,https://img.bokenjapan.com/media/ashiyacho-dining-40032462.jpg,https://img.bokenjapan.com/media/ashiyacho-dining-40045571.jpg,matched own listing photo
fukuoka/ashiyacho,38,福田豆腐店,https://img.bokenjapan.com/media/ashiyacho-dining-40036716.jpg,https://img.bokenjapan.com/media/ashiyacho-dining-40032462.jpg,matched own listing photo
fukuoka/ashiyacho,39,肉の山田屋 とと市場店,https://img.bokenjapan.com/media/ashiyacho-dining-40049346.jpg,https://img.bokenjapan.com/media/ashiyacho-dining-40036716.jpg,matched own listing photo
fukuoka/ashiyacho,42,ARALE,https://img.bokenjapan.com/media/ashiyacho-dining-40039711.jpg,,photo belonged to another card; no own photo found
fukuoka/ashiyacho,43,桃李,https://img.bokenjapan.com/media/ashiyacho-dining-40059167.jpg,https://img.bokenjapan.com/media/ashiyacho-dining-40039711.jpg,matched own listing photo
fukuoka/ashiyacho,44,Cafe & Bar Grace,https://img.bokenjapan.com/media/ashiyacho-dining-40066388.jpg,https://img.bokenjapan.com/media/ashiyacho-dining-40059167.jpg,matched own listing photo
fukuoka/ashiyacho,45,イキイキイチバ グッドスマイル はまゆう,https://img.bokenjapan.com/media/ashiyacho-dining-40043767.jpg,https://img.bokenjapan.com/media/ashiyacho-dining-40066388.jpg,matched own listing photo
fukuoka/ashiyacho,46,寿し豊,https://img.bokenjapan.com/media/ashiyacho-dining-40039701.jpg,https://img.bokenjapan.com/media/ashiyacho-dining-40043767.jpg,matched own listing photo
fukuoka/ashiyacho,47,アリラン峠 大和屋,https://img.bokenjapan.com/media/ashiyacho-dining-40039882.jpg,https://img.bokenjapan.com/media/ashiyacho-dining-40039701.jpg,matched own listing photo
fukuoka/ashiyacho,48,よっちゃん家,https://img.bokenjapan.com/media/ashiyacho-dining-40039757.jpg,https://img.bokenjapan.com/media/ashiyacho-dining-40039882.jpg,matched own listing photo
fukuoka/ashiyacho,49,ワンズ クラブ エスケー,https://img.bokenjapan.com/media/ashiyacho-dining-40055798.jpg,https://img.bokenjapan.com/media/ashiyacho-dining-40039757.jpg,matched own listing photo
fukuoka/ashiyacho,50,季ばら旨,https://img.bokenjapan.com/media/ashiyacho-dining-40038899.jpg,https://img.bokenjapan.com/media/ashiyacho-dining-40055798.jpg,matched own listing photo
fukuoka/ashiyacho,51,アプリコットカフェ,https://img.bokenjapan.com/media/ashiyacho-dining-40052683.jpg,https://img.bokenjapan.com/media/ashiyacho-dining-40038899.jpg,matched own listing photo
fukuoka/ashiyacho,52,タカブーキッチン,https://img.bokenjapan.com/media/ashiyacho-dining-40073040.jpg,https://img.bokenjapan.com/media/ashiyacho-dining-40052683.jpg,matched own listing photo
fukuoka/ashiyacho,53,芦屋海浜公園レジャープール アクアシアン カフェテリア,https://img.bokenjapan.com/media/ashiyacho-dining-40046643.jpg,https://img.bokenjapan.com/media/ashiyacho-dining-40073040.jpg,matched own listing photo
fukuoka/ashiyacho,54,金元精肉店,https://img.bokenjapan.com/media/ashiyacho-dining-40039708.jpg,https://img.bokenjapan.com/media/ashiyacho-dining-40046643.jpg,matched own listing photo
fukuoka/ashiyacho,55,永弁,https://img.bokenjapan.com/media/ashiyacho-dining-40060417.jpg,https://img.bokenjapan.com/media/ashiyacho-dining-40039708.jpg,matched own listing photo
fukuoka/ashiyacho,56,喫茶･酒場 浪漫,https://img.bokenjapan.com/media/ashiyacho-dining-40066459.jpg,https://img.bokenjapan.com/media/ashiyacho-dining-40060417.jpg,matched own listing photo
fukuoka/ashiyacho,57,和食処みや川,https://img.bokenjapan.com/media/ashiyacho-dining-40014004.jpg,https://img.bokenjapan.com/media/ashiyacho-dining-40066459.jpg,matched own listing photo
fukuoka/ashiyacho,58,蔵之助,https://img.bokenjapan.com/media/ashiyacho-dining-40039699.jpg,https://img.bokenjapan.com/media/ashiyacho-dining-40014004.jpg,matched own listing photo
fukuoka/ashiyacho,59,焼肉ジュージュー,https://img.bokenjapan.com/media/ashiyacho-dining-40028265.jpg,https://img.bokenjapan.com/media/ashiyacho-dining-40039699.jpg,matched own listing photo
fukuoka/ashiyacho,62,ひき肉研究所,https://img.bokenjapan.com/media/ashiyacho-dining-40067126.jpg,,photo belonged to another card; no own photo found
fukuoka/ashiyacho,63,創作ダイニング Grace,https://img.bokenjapan.com/media/ashiyacho-dining-40075084.jpg,https://img.bokenjapan.com/media/ashiyacho-dining-40067126.jpg,matched own listing photo
fukuoka/ashiyacho,64,代志川,https://img.bokenjapan.com/media/ashiyacho-dining-40068146.jpg,https://img.bokenjapan.com/media/ashiyacho-dining-40075084.jpg,matched own listing photo
fukuoka/ashiyacho,65,ボートレース芦屋外向発売所 アシ夢テラス イートインコーナー,https://img.bokenjapan.com/media/ashiyacho-dining-40045321.jpg,https://img.bokenjapan.com/media/ashiyacho-dining-40068146.jpg,matched own listing photo
fukuoka/ashiyacho,66,韓国酒場 ALLDAY POCHA,https://img.bokenjapan.com/media/ashiyacho-dining-40074843.jpg,https://img.bokenjapan.com/media/ashiyacho-dining-40045321.jpg,matched own listing photo
fukuoka/ashiyacho,67,メンバーズ K,https://img.bokenjapan.com/media/ashiyacho-dining-40068343.jpg,https://img.bokenjapan.com/media/ashiyacho-dining-40074843.jpg,matched own listing photo
fukuoka/ashiyacho,68,居酒屋 夢KANUU,https://img.bokenjapan.com/media/ashiyacho-dining-40066498.jpg,https://img.bokenjapan.com/media/ashiyacho-dining-40068343.jpg,matched own listing photo
fukuoka/ashiyacho,69,野間商店,https://img.bokenjapan.com/media/ashiyacho-dining-40058846.jpg,https://img.bokenjapan.com/media/ashiyacho-dining-40066498.jpg,matched own listing photo
fukuoka/ashiyacho,70,おうちパン Ke-Pi,https://img.bokenjapan.com/media/ashiyacho-dining-40062187.jpg,https://img.bokenjapan.com/media/ashiyacho-dining-40058846.jpg,matched own listing photo
fukuoka/ashiyacho,71,むくの樹,https://img.bokenjapan.com/media/ashiyacho-dining-40066386.jpg,https://img.bokenjapan.com/media/ashiyacho-dining-40062187.jpg,matched own listing photo
fukuoka/ashiyacho,72,Members 優日,https://img.bokenjapan.com/media/ashiyacho-dining-40074960.jpg,https://img.bokenjapan.com/media/ashiyacho-dining-40066386.jpg,matched own listing photo
fukuoka/ashiyacho,73,ボンちゃん,https://img.bokenjapan.com/media/ashiyacho-dining-40075056.jpg,https://img.bokenjapan.com/media/ashiyacho-dining-40074960.jpg,matched own listing photo
fukuoka/ashiyacho,74,ホルモン焼き つぐちゃん,https://img.bokenjapan.com/media/ashiyacho-dining-40072601.jpg,https://img.bokenjapan.com/media/ashiyacho-dining-40075056.jpg,matched own listing photo
fukuoka/ashiyacho,75,重岡商店,https://img.bokenjapan.com/media/ashiyacho-dining-40058675.jpg,https://img.bokenjapan.com/media/ashiyacho-dining-40072601.jpg,matched own listing photo
fukuoka/ashiyacho,76,beach side cafe 502,https://img.bokenjapan.com/media/ashiyacho-dining-40066398.jpg,https://img.bokenjapan.com/media/ashiyacho-dining-40058675.jpg,matched own listing photo
fukuoka/ashiyacho,77,佐々木商店,https://img.bokenjapan.com/media/ashiyacho-dining-40075058.jpg,https://img.bokenjapan.com/media/ashiyacho-dining-40066398.jpg,matched own listing photo
fukuoka/ashiyacho,78,Love,https://img.bokenjapan.com/media/ashiyacho-dining-40066424.jpg,https://img.bokenjapan.com/media/ashiyacho-dining-40075058.jpg,matched own listing photo
fukuoka/ashiyacho,79,Dining terrace Fujii,https://img.bokenjapan.com/media/ashiyacho-dining-40067840.jpg,https://img.bokenjapan.com/media/ashiyacho-dining-40066424.jpg,matched own listing photo
fukuoka/ashiyacho,82,食処酒処 かわしょう,https://img.bokenjapan.com/media/ashiyacho-dining-40072001.jpg,,photo belonged to another card; no own photo found
fukuoka/ashiyacho,83,SNACK ANN,https://img.bokenjapan.com/media/ashiyacho-dining-40069453.jpg,https://img.bokenjapan.com/media/ashiyacho-dining-40072001.jpg,matched own listing photo
fukuoka/ashiyacho,84,来れBAR,https://img.bokenjapan.com/media/ashiyacho-dining-40040999.jpg,https://img.bokenjapan.com/media/ashiyacho-dining-40069453.jpg,matched own listing photo
fukuoka/ashiyacho,85,ラブグリーン,https://img.bokenjapan.com/media/ashiyacho-dining-40066400.jpg,https://img.bokenjapan.com/media/ashiyacho-dining-40040999.jpg,matched own listing photo
fukuoka/ashiyacho,86,鳥兵衛,https://img.bokenjapan.com/media/ashiyacho-dining-40039724.jpg,https://img.bokenjapan.com/media/ashiyacho-dining-40066400.jpg,matched own listing photo
fukuoka/ashiyacho,87,居酒屋 むつ五郎,https://img.bokenjapan.com/media/ashiyacho-dining-40039714.jpg,https://img.bokenjapan.com/media/ashiyacho-dining-40039724.jpg,matched own listing photo
fukuoka/ashiyacho,88,ホルモンりゅう 芦屋店,https://img.bokenjapan.com/media/ashiyacho-dining-40042163.jpg,https://img.bokenjapan.com/media/ashiyacho-dining-40039714.jpg,matched own listing photo
fukuoka/ashiyacho,89,夜屋 ゆうとく,https://img.bokenjapan.com/media/ashiyacho-dining-40043289.jpg,https://img.bokenjapan.com/media/ashiyacho-dining-40042163.jpg,matched own listing photo
fukuoka/ashiyacho,90,Bar Woodpecker,https://img.bokenjapan.com/media/ashiyacho-dining-40039743.jpg,https://img.bokenjapan.com/media/ashiyacho-dining-40043289.jpg,matched own listing photo
fukuoka/ashiyacho,91,たまりば,https://img.bokenjapan.com/media/ashiyacho-dining-40039746.jpg,https://img.bokenjapan.com/media/ashiyacho-dining-40039743.jpg,matched own listing photo
fukuoka/ashiyacho,92,アヴェンティーノ,https://img.bokenjapan.com/media/ashiyacho-dining-40047668.jpg,https://img.bokenjapan.com/media/ashiyacho-dining-40039746.jpg,matched own listing photo
fukuoka/ashiyacho,93,ブルースカイ,https://img.bokenjapan.com/media/ashiyacho-dining-40067853.jpg,https://img.bokenjapan.com/media/ashiyacho-dining-40047668.jpg,matched own listing photo
fukuoka/ashiyacho,94,やさいひろば,https://img.bokenjapan.com/media/ashiyacho-dining-40050550.jpg,https://img.bokenjapan.com/media/ashiyacho-dining-40067853.jpg,matched own listing photo
fukuoka/ashiyacho,95,Curry LABO,https://img.bokenjapan.com/media/ashiyacho-dining-40066557.jpg,https://img.bokenjapan.com/media/ashiyacho-dining-40050550.jpg,matched own listing photo
fukuoka/ashiyacho,96,冗談倶楽部,https://img.bokenjapan.com/media/ashiyacho-dining-40044835.jpg,https://img.bokenjapan.com/media/ashiyacho-dining-40066557.jpg,matched own listing photo
fukuoka/ashiyacho,97,お好み焼き かつ,https://img.bokenjapan.com/media/ashiyacho-dining-40043774.jpg,,photo belonged to another card; no own photo found
fukuoka/ashiyacho,98,おやじ,https://img.bokenjapan.com/media/ashiyacho-dining-40048320.jpg,https://img.bokenjapan.com/media/ashiyacho-dining-40043774.jpg,matched own listing photo
fukuoka/ashiyacho,101,龍,https://img.bokenjapan.com/media/ashiyacho-dining-40039744.jpg,,photo belonged to another card; no own photo found
fukuoka/ashiyacho,102,弓音,https://img.bokenjapan.com/media/ashiyacho-dining-40049333.jpg,https://img.bokenjapan.com/media/ashiyacho-dining-40039744.jpg,matched own listing photo
fukuoka/ashiyacho,103,あしやんキッチン,https://img.bokenjapan.com/media/ashiyacho-dining-40049309.jpg,https://img.bokenjapan.com/media/ashiyacho-dining-40049333.jpg,matched own listing photo
fukuoka/ashiyacho,104,おかん,https://img.bokenjapan.com/media/ashiyacho-dining-40046645.jpg,https://img.bokenjapan.com/media/ashiyacho-dining-40049309.jpg,matched own listing photo
fukuoka/ashiyacho,105,トレジャー,https://img.bokenjapan.com/media/ashiyacho-dining-40054507.jpg,https://img.bokenjapan.com/media/ashiyacho-dining-40046645.jpg,matched own listing photo
fukuoka/ashiyacho,106,木原商店,https://img.bokenjapan.com/media/ashiyacho-dining-40043957.jpg,https://img.bokenjapan.com/media/ashiyacho-dining-40054507.jpg,matched own listing photo
fukuoka/ashiyacho,107,楓,https://img.bokenjapan.com/media/ashiyacho-dining-40053609.jpg,https://img.bokenjapan.com/media/ashiyacho-dining-40043957.jpg,matched own listing photo
fukuoka/ashiyacho,108,ボートレース芦屋 弁当コーナー,https://img.bokenjapan.com/media/ashiyacho-dining-40054908.jpg,https://img.bokenjapan.com/media/ashiyacho-dining-40053609.jpg,matched own listing photo
fukuoka/ashiyacho,109,Bijoux cafe,https://img.bokenjapan.com/media/ashiyacho-dining-40061376.jpg,https://img.bokenjapan.com/media/ashiyacho-dining-40054908.jpg,matched own listing photo
fukuoka/ashiyacho,110,LAWSON Sミズ芦屋中央病院前店,https://img.bokenjapan.com/media/ashiyacho-dining-40048323.jpg,https://img.bokenjapan.com/media/ashiyacho-dining-40061376.jpg,matched own listing photo
fukuoka/ashiyacho,111,直美家,https://img.bokenjapan.com/media/ashiyacho-dining-40064967.jpg,https://img.bokenjapan.com/media/ashiyacho-dining-40048323.jpg,matched own listing photo
fukuoka/ashiyacho,112,芦屋青果協業組合,https://img.bokenjapan.com/media/ashiyacho-dining-40070220.jpg,https://img.bokenjapan.com/media/ashiyacho-dining-40064967.jpg,matched own listing photo
fukuoka/ashiyacho,113,ゴリカラ,https://img.bokenjapan.com/media/ashiyacho-dining-40075053.jpg,https://img.bokenjapan.com/media/ashiyacho-dining-40070220.jpg,matched own listing photo
fukuoka/ashiyacho,114,mer,https://img.bokenjapan.com/media/ashiyacho-dining-40073650.jpg,https://img.bokenjapan.com/media/ashiyacho-dining-40075053.jpg,matched own listing photo
fukuoka/ashiyacho,115,あんちゃん,https://img.bokenjapan.com/media/ashiyacho-dining-40067774.jpg,https://img.bokenjapan.com/media/ashiyacho-dining-40073650.jpg,matched own listing photo
fukuoka/ashiyacho,116,法楽,https://img.bokenjapan.com/media/ashiyacho-dining-40039713.jpg,https://img.bokenjapan.com/media/ashiyacho-dining-40067774.jpg,matched own listing photo
fukuoka/ashiyacho,117,中嶌家,https://img.bokenjapan.com/media/ashiyacho-dining-40053694.jpg,https://img.bokenjapan.com/media/ashiyacho-dining-40039713.jpg,matched own listing photo
fukuoka/ashiyacho,118,福耳餃子 芦屋店,https://img.bokenjapan.com/media/ashiyacho-dining-40062932.jpg,https://img.bokenjapan.com/media/ashiyacho-dining-40053694.jpg,matched own listing photo
fukuoka/ashiyacho,120,堀江蒲鉾店,https://img.bokenjapan.com/media/ashiyacho-dining-40048284.jpg,,photo belonged to another card; no own photo found
fukuoka/ashiyacho,121,スナックめぞん,https://img.bokenjapan.com/media/ashiyacho-dining-40069384.jpg,https://img.bokenjapan.com/media/ashiyacho-dining-40048284.jpg,matched own listing photo
fukuoka/ashiyacho,122,三原惣菜,https://img.bokenjapan.com/media/ashiyacho-dining-40044836.jpg,https://img.bokenjapan.com/media/ashiyacho-dining-40069384.jpg,matched own listing photo
fukuoka/ashiyacho,123,Snack Niko,https://img.bokenjapan.com/media/ashiyacho-dining-40067864.jpg,https://img.bokenjapan.com/media/ashiyacho-dining-40044836.jpg,matched own listing photo
fukuoka/ashiyacho,124,すなっく 異人館,https://img.bokenjapan.com/media/ashiyacho-dining-40067865.jpg,https://img.bokenjapan.com/media/ashiyacho-dining-40067864.jpg,matched own listing photo
fukuoka/ashiyacho,125,スナック マブハイ,https://img.bokenjapan.com/media/ashiyacho-dining-40069386.jpg,https://img.bokenjapan.com/media/ashiyacho-dining-40067865.jpg,matched own listing photo
fukuoka/ashiyacho,126,NAPOLI,https://img.bokenjapan.com/media/ashiyacho-dining-40067851.jpg,https://img.bokenjapan.com/media/ashiyacho-dining-40069386.jpg,matched own listing photo
fukuoka/ashiyacho,127,よってけばぁ,https://img.bokenjapan.com/media/ashiyacho-dining-40066770.jpg,https://img.bokenjapan.com/media/ashiyacho-dining-40067851.jpg,matched own listing photo
fukuoka/ashiyacho,128,スナック 亜梨子,https://img.bokenjapan.com/media/ashiyacho-dining-40069385.jpg,https://img.bokenjapan.com/media/ashiyacho-dining-40066770.jpg,matched own listing photo
fukuoka/ashiyacho,131,you 祐 倶楽部,https://img.bokenjapan.com/media/ashiyacho-dining-40067893.jpg,https://img.bokenjapan.com/media/ashiyacho-dining-40069385.jpg,matched own listing photo
fukuoka/ashiyacho,132,かどや製菓店,https://img.bokenjapan.com/media/ashiyacho-dining-40043308.jpg,https://img.bokenjapan.com/media/ashiyacho-dining-40067893.jpg,matched own listing photo
fukuoka/ashiyacho,134,てのや商店,https://img.bokenjapan.com/media/ashiyacho-dining-40058686.jpg,https://img.bokenjapan.com/media/ashiyacho-dining-40043308.jpg,matched own listing photo
fukuoka/ashiyacho,135,艶,https://img.bokenjapan.com/media/ashiyacho-dining-40068431.jpg,https://img.bokenjapan.com/media/ashiyacho-dining-40058686.jpg,matched own listing photo
fukuoka/ashiyacho,136,スナック ドリーム,https://img.bokenjapan.com/media/ashiyacho-dining-40069378.jpg,https://img.bokenjapan.com/media/ashiyacho-dining-40068431.jpg,matched own listing photo
fukuoka/ashiyacho,138,韓国風居酒屋 辛味,https://img.bokenjapan.com/media/ashiyacho-dining-40050445.jpg,https://img.bokenjapan.com/media/ashiyacho-dining-40069378.jpg,matched own listing photo
fukuoka/ashiyacho,140,セブンイレブン 芦屋山鹿店,https://img.bokenjapan.com/media/ashiyacho-dining-40046535.jpg,,photo belonged to another card; no own photo found
fukuoka/ashiyacho,141,ニューホワイト,https://img.bokenjapan.com/media/ashiyacho-dining-40068430.jpg,https://img.bokenjapan.com/media/ashiyacho-dining-40046535.jpg,matched own listing photo
fukuoka/ashiyacho,144,ディスカウントドラッグ コスモス 福岡芦屋店,https://img.bokenjapan.com/media/ashiyacho-dining-40058847.jpg,https://img.bokenjapan.com/media/ashiyacho-dining-40068430.jpg,matched own listing photo
fukuoka/ashiyacho,145,福岡・芦屋 縄文の丘 グランピングリゾート,https://img.bokenjapan.com/media/ashiyacho-dining-40068154.jpg,https://img.bokenjapan.com/media/ashiyacho-dining-40058847.jpg,matched own listing photo
fukuoka/ashiyacho,146,And-Days,https://img.bokenjapan.com/media/ashiyacho-dining-40058400.jpg,https://img.bokenjapan.com/media/ashiyacho-dining-40068154.jpg,matched own listing photo
fukuoka/ashiyacho,151,肉と肴料理 かわかみ,https://img.bokenjapan.com/media/ashiyacho-dining-40070680.jpg,https://img.bokenjapan.com/media/ashiyacho-dining-40058400.jpg,matched own listing photo
fukuoka/buzen,2,漁師食堂うのしま豊築丸,https://img.bokenjapan.com/media/buzen-dining-40023581.jpg,,photo belonged to another card; no own photo found
fukuoka/buzen,3,茶房　山帰来,https://img.bokenjapan.com/media/buzen-dining-40019412.jpg,https://img.bokenjapan.com/media/buzen-dining-40023581.jpg,matched own listing photo
fukuoka/buzen,4,酒楽亭,https://img.bokenjapan.com/media/buzen-dining-40039667.jpg,https://img.bokenjapan.com/media/buzen-dining-40019412.jpg,matched own listing photo
fukuoka/buzen,5,天ぷら 一修,https://img.bokenjapan.com/media/buzen-dining-40044546.jpg,https://img.bokenjapan.com/media/buzen-dining-40039667.jpg,matched own listing photo
fukuoka/buzen,6,道の駅 豊前おこしかけ,https://img.bokenjapan.com/media/buzen-dining-40025497.jpg,https://img.bokenjapan.com/media/buzen-dining-40044546.jpg,matched own listing photo
fukuoka/buzen,7,まるよし,https://img.bokenjapan.com/media/buzen-dining-40032906.jpg,https://img.bokenjapan.com/media/buzen-dining-40025497.jpg,matched own listing photo
fukuoka/buzen,8,食事処 いま村,https://img.bokenjapan.com/media/buzen-dining-40057796.jpg,https://img.bokenjapan.com/media/buzen-dining-40032906.jpg,matched own listing photo
fukuoka/buzen,9,うみてらす豊前四季旬海,https://img.bokenjapan.com/media/buzen-dining-40069594.jpg,https://img.bokenjapan.com/media/buzen-dining-40057796.jpg,matched own listing photo
fukuoka/buzen,10,やぶ,https://img.bokenjapan.com/media/buzen-dining-40013805.jpg,https://img.bokenjapan.com/media/buzen-dining-40069594.jpg,matched own listing photo
fukuoka/buzen,11,手打の味 小泉 豊前店,https://img.bokenjapan.com/media/buzen-dining-40010038.jpg,https://img.bokenjapan.com/media/buzen-dining-40013805.jpg,matched own listing photo
fukuoka/buzen,12,六花茶屋,https://img.bokenjapan.com/media/buzen-dining-40015737.jpg,https://img.bokenjapan.com/media/buzen-dining-40010038.jpg,matched own listing photo
fukuoka/buzen,13,豊前淡水 うなぎや,https://img.bokenjapan.com/media/buzen-dining-40021115.jpg,https://img.bokenjapan.com/media/buzen-dining-40015737.jpg,matched own listing photo
fukuoka/buzen,14,鮨処永しん,https://img.bokenjapan.com/media/buzen-dining-40018140.jpg,https://img.bokenjapan.com/media/buzen-dining-40021115.jpg,matched own listing photo
fukuoka/buzen,15,ラーメン 一晋 豊前店,https://img.bokenjapan.com/media/buzen-dining-40058324.jpg,https://img.bokenjapan.com/media/buzen-dining-40018140.jpg,matched own listing photo
fukuoka/buzen,16,屋台村　あっちゃん亭,https://img.bokenjapan.com/media/buzen-dining-40029811.jpg,https://img.bokenjapan.com/media/buzen-dining-40058324.jpg,matched own listing photo
fukuoka/buzen,17,吟寿司,https://img.bokenjapan.com/media/buzen-dining-40034566.jpg,https://img.bokenjapan.com/media/buzen-dining-40029811.jpg,matched own listing photo
fukuoka/buzen,18,ケーキハウス四季,https://img.bokenjapan.com/media/buzen-dining-40005014.jpg,https://img.bokenjapan.com/media/buzen-dining-40034566.jpg,matched own listing photo
fukuoka/buzen,19,シキノネ,https://img.bokenjapan.com/media/buzen-dining-40065295.jpg,https://img.bokenjapan.com/media/buzen-dining-40005014.jpg,matched own listing photo
fukuoka/buzen,22,食事処 鷹勝,https://img.bokenjapan.com/media/buzen-dining-40047014.jpg,,photo belonged to another card; no own photo found
fukuoka/buzen,23,浦野醤油醸造元,https://img.bokenjapan.com/media/buzen-dining-40051228.jpg,https://img.bokenjapan.com/media/buzen-dining-40047014.jpg,matched own listing photo
fukuoka/buzen,24,パンヤヨナガ,https://img.bokenjapan.com/media/buzen-dining-40031410.jpg,https://img.bokenjapan.com/media/buzen-dining-40051228.jpg,matched own listing photo
fukuoka/buzen,25,ダイニング イチマルハチ,https://img.bokenjapan.com/media/buzen-dining-40051556.jpg,https://img.bokenjapan.com/media/buzen-dining-40031410.jpg,matched own listing photo
fukuoka/buzen,26,カレー＆中華料理インド,https://img.bokenjapan.com/media/buzen-dining-40012930.jpg,https://img.bokenjapan.com/media/buzen-dining-40051556.jpg,matched own listing photo
fukuoka/buzen,27,平壌屋,https://img.bokenjapan.com/media/buzen-dining-40009648.jpg,https://img.bokenjapan.com/media/buzen-dining-40012930.jpg,matched own listing photo
fukuoka/buzen,28,鉄板ダイニング チオハウス,https://img.bokenjapan.com/media/buzen-dining-40063704.jpg,https://img.bokenjapan.com/media/buzen-dining-40009648.jpg,matched own listing photo
fukuoka/buzen,29,天狗,https://img.bokenjapan.com/media/buzen-dining-40035697.jpg,https://img.bokenjapan.com/media/buzen-dining-40063704.jpg,matched own listing photo
fukuoka/buzen,30,パッション,https://img.bokenjapan.com/media/buzen-dining-40006072.jpg,https://img.bokenjapan.com/media/buzen-dining-40035697.jpg,matched own listing photo
fukuoka/buzen,31,なじみ屋 支店,https://img.bokenjapan.com/media/buzen-dining-40018304.jpg,https://img.bokenjapan.com/media/buzen-dining-40006072.jpg,matched own listing photo
fukuoka/buzen,32,竹美ずし,https://img.bokenjapan.com/media/buzen-dining-40010927.jpg,https://img.bokenjapan.com/media/buzen-dining-40018304.jpg,matched own listing photo
fukuoka/buzen,33,ぱんのこ,https://img.bokenjapan.com/media/buzen-dining-40064023.jpg,https://img.bokenjapan.com/media/buzen-dining-40010927.jpg,matched own listing photo
fukuoka/buzen,34,もみじかふぇ,https://img.bokenjapan.com/media/buzen-dining-40057704.jpg,https://img.bokenjapan.com/media/buzen-dining-40064023.jpg,matched own listing photo
fukuoka/buzen,35,らんち屋,https://img.bokenjapan.com/media/buzen-dining-40064212.jpg,https://img.bokenjapan.com/media/buzen-dining-40057704.jpg,matched own listing photo
fukuoka/buzen,36,中畑からあげ店,https://img.bokenjapan.com/media/buzen-dining-40066923.jpg,https://img.bokenjapan.com/media/buzen-dining-40064212.jpg,matched own listing photo
fukuoka/buzen,37,グリーンフック ハンバーグ&プランツ,https://img.bokenjapan.com/media/buzen-dining-40073275.jpg,https://img.bokenjapan.com/media/buzen-dining-40066923.jpg,matched own listing photo
fukuoka/buzen,38,豊前ハム工房,https://img.bokenjapan.com/media/buzen-dining-40025351.jpg,https://img.bokenjapan.com/media/buzen-dining-40073275.jpg,matched own listing photo
fukuoka/buzen,39,ニブルス,https://img.bokenjapan.com/media/buzen-dining-40004191.jpg,https://img.bokenjapan.com/media/buzen-dining-40025351.jpg,matched own listing photo
fukuoka/buzen,42,すし鷹りん 鷹勝 豊前店,https://img.bokenjapan.com/media/buzen-dining-40072927.jpg,,photo belonged to another card; no own photo found
fukuoka/buzen,43,うみ小屋,https://img.bokenjapan.com/media/buzen-dining-40060145.jpg,https://img.bokenjapan.com/media/buzen-dining-40072927.jpg,matched own listing photo
fukuoka/buzen,44,日豊ラーメン,https://img.bokenjapan.com/media/buzen-dining-40060651.jpg,https://img.bokenjapan.com/media/buzen-dining-40060145.jpg,matched own listing photo
fukuoka/buzen,45,冷泉茶屋,https://img.bokenjapan.com/media/buzen-dining-40046389.jpg,https://img.bokenjapan.com/media/buzen-dining-40060651.jpg,matched own listing photo
fukuoka/buzen,46,希望食堂,https://img.bokenjapan.com/media/buzen-dining-40013376.jpg,https://img.bokenjapan.com/media/buzen-dining-40046389.jpg,matched own listing photo
fukuoka/buzen,47,笑福,https://img.bokenjapan.com/media/buzen-dining-40015289.jpg,https://img.bokenjapan.com/media/buzen-dining-40013376.jpg,matched own listing photo
fukuoka/buzen,48,農園カフェ Fan Fare,https://img.bokenjapan.com/media/buzen-dining-40064459.jpg,https://img.bokenjapan.com/media/buzen-dining-40015289.jpg,matched own listing photo
fukuoka/buzen,49,ビッグ パン,https://img.bokenjapan.com/media/buzen-dining-40055776.jpg,https://img.bokenjapan.com/media/buzen-dining-40064459.jpg,matched own listing photo
fukuoka/buzen,50,唐揚ふんぷん亭,https://img.bokenjapan.com/media/buzen-dining-40049666.jpg,https://img.bokenjapan.com/media/buzen-dining-40055776.jpg,matched own listing photo
fukuoka/buzen,51,Sweets Cat,https://img.bokenjapan.com/media/buzen-dining-40066228.jpg,https://img.bokenjapan.com/media/buzen-dining-40049666.jpg,matched own listing photo
fukuoka/buzen,52,洋菓子工房 パレドール,https://img.bokenjapan.com/media/buzen-dining-40064034.jpg,https://img.bokenjapan.com/media/buzen-dining-40066228.jpg,matched own listing photo
fukuoka/buzen,53,まるとら,https://img.bokenjapan.com/media/buzen-dining-40054844.jpg,https://img.bokenjapan.com/media/buzen-dining-40064034.jpg,matched own listing photo
fukuoka/buzen,54,なじみや 本店,https://img.bokenjapan.com/media/buzen-dining-40004198.jpg,https://img.bokenjapan.com/media/buzen-dining-40054844.jpg,matched own listing photo
fukuoka/buzen,55,黒のれん 豊前本店,https://img.bokenjapan.com/media/buzen-dining-40035126.jpg,https://img.bokenjapan.com/media/buzen-dining-40004198.jpg,matched own listing photo
fukuoka/buzen,56,武蔵屋,https://img.bokenjapan.com/media/buzen-dining-40027180.jpg,https://img.bokenjapan.com/media/buzen-dining-40035126.jpg,matched own listing photo
fukuoka/buzen,57,天華一品,https://img.bokenjapan.com/media/buzen-dining-40016120.jpg,https://img.bokenjapan.com/media/buzen-dining-40027180.jpg,matched own listing photo
fukuoka/buzen,58,かぼちゃキッチン,https://img.bokenjapan.com/media/buzen-dining-40038148.jpg,https://img.bokenjapan.com/media/buzen-dining-40016120.jpg,matched own listing photo
fukuoka/buzen,59,とり蔵 豊前店,https://img.bokenjapan.com/media/buzen-dining-40063485.jpg,https://img.bokenjapan.com/media/buzen-dining-40038148.jpg,matched own listing photo
fukuoka/buzen,62,コージコーナー スエヒロ,https://img.bokenjapan.com/media/buzen-dining-40054745.jpg,,photo belonged to another card; no own photo found
fukuoka/buzen,63,福南食堂,https://img.bokenjapan.com/media/buzen-dining-40013967.jpg,https://img.bokenjapan.com/media/buzen-dining-40054745.jpg,matched own listing photo
fukuoka/buzen,64,エムズ・カクテルバー,https://img.bokenjapan.com/media/buzen-dining-40016119.jpg,https://img.bokenjapan.com/media/buzen-dining-40013967.jpg,matched own listing photo
fukuoka/buzen,65,こうじ,https://img.bokenjapan.com/media/buzen-dining-40063827.jpg,https://img.bokenjapan.com/media/buzen-dining-40016119.jpg,matched own listing photo
fukuoka/buzen,66,福岡県豊前市の居酒屋 中屋　なかや,https://img.bokenjapan.com/media/buzen-dining-40049900.jpg,https://img.bokenjapan.com/media/buzen-dining-40063827.jpg,matched own listing photo
fukuoka/buzen,67,ぶんぶく茶屋,https://img.bokenjapan.com/media/buzen-dining-40007672.jpg,https://img.bokenjapan.com/media/buzen-dining-40049900.jpg,matched own listing photo
fukuoka/buzen,68,ほっかほっか弁当 豊前,https://img.bokenjapan.com/media/buzen-dining-40065563.jpg,https://img.bokenjapan.com/media/buzen-dining-40007672.jpg,matched own listing photo
fukuoka/buzen,69,STAMP FURNITURE,https://img.bokenjapan.com/media/buzen-dining-40066929.jpg,https://img.bokenjapan.com/media/buzen-dining-40065563.jpg,matched own listing photo
fukuoka/buzen,70,ル クール,https://img.bokenjapan.com/media/buzen-dining-40062995.jpg,https://img.bokenjapan.com/media/buzen-dining-40066929.jpg,matched own listing photo
fukuoka/buzen,71,あんくるカレー 冷泉茶屋店,https://img.bokenjapan.com/media/buzen-dining-40066924.jpg,https://img.bokenjapan.com/media/buzen-dining-40062995.jpg,matched own listing photo
fukuoka/buzen,72,ひと花食堂,https://img.bokenjapan.com/media/buzen-dining-40066926.jpg,https://img.bokenjapan.com/media/buzen-dining-40066924.jpg,matched own listing photo
fukuoka/buzen,73,holoholo お散歩cafe,https://img.bokenjapan.com/media/buzen-dining-40066937.jpg,https://img.bokenjapan.com/media/buzen-dining-40066926.jpg,matched own listing photo
fukuoka/buzen,75,そらいろキッチン,https://img.bokenjapan.com/media/buzen-dining-40056511.jpg,https://img.bokenjapan.com/media/buzen-dining-40066937.jpg,matched own listing photo
fukuoka/buzen,76,カフェ山処,https://img.bokenjapan.com/media/buzen-dining-40063738.jpg,https://img.bokenjapan.com/media/buzen-dining-40056511.jpg,matched own listing photo
fukuoka/buzen,77,パーラーうさき,https://img.bokenjapan.com/media/buzen-dining-40064190.jpg,https://img.bokenjapan.com/media/buzen-dining-40063738.jpg,matched own listing photo
fukuoka/buzen,78,PADA,https://img.bokenjapan.com/media/buzen-dining-40065274.jpg,https://img.bokenjapan.com/media/buzen-dining-40064190.jpg,matched own listing photo
fukuoka/buzen,79,みやこハム 直売所,https://img.bokenjapan.com/media/buzen-dining-40073245.jpg,https://img.bokenjapan.com/media/buzen-dining-40065274.jpg,matched own listing photo
fukuoka/buzen,82,ジョイフル 宇島店,https://img.bokenjapan.com/media/buzen-dining-40016299.jpg,,photo belonged to another card; no own photo found
fukuoka/buzen,83,神楽や,https://img.bokenjapan.com/media/buzen-dining-40042192.jpg,https://img.bokenjapan.com/media/buzen-dining-40016299.jpg,matched own listing photo
fukuoka/buzen,84,茶愛夢,https://img.bokenjapan.com/media/buzen-dining-40017634.jpg,https://img.bokenjapan.com/media/buzen-dining-40042192.jpg,matched own listing photo
fukuoka/buzen,85,こびとのパンや,https://img.bokenjapan.com/media/buzen-dining-40029288.jpg,https://img.bokenjapan.com/media/buzen-dining-40017634.jpg,matched own listing photo
fukuoka/buzen,86,ほっともっと 豊前バイパス店,https://img.bokenjapan.com/media/buzen-dining-40040371.jpg,https://img.bokenjapan.com/media/buzen-dining-40029288.jpg,matched own listing photo
fukuoka/buzen,87,ひまわりキッチン,https://img.bokenjapan.com/media/buzen-dining-40055613.jpg,https://img.bokenjapan.com/media/buzen-dining-40040371.jpg,matched own listing photo
fukuoka/buzen,88,マルティーニ,https://img.bokenjapan.com/media/buzen-dining-40018052.jpg,https://img.bokenjapan.com/media/buzen-dining-40055613.jpg,matched own listing photo
fukuoka/buzen,89,カフェド弘,https://img.bokenjapan.com/media/buzen-dining-40017009.jpg,https://img.bokenjapan.com/media/buzen-dining-40018052.jpg,matched own listing photo
fukuoka/buzen,90,ほっともっと 豊前店,https://img.bokenjapan.com/media/buzen-dining-40040373.jpg,https://img.bokenjapan.com/media/buzen-dining-40017009.jpg,matched own listing photo
fukuoka/buzen,91,洋菓子工房 チオハット,https://img.bokenjapan.com/media/buzen-dining-40069498.jpg,https://img.bokenjapan.com/media/buzen-dining-40040373.jpg,matched own listing photo
fukuoka/buzen,92,黒のれん ヨコヤマ三毛門店,https://img.bokenjapan.com/media/buzen-dining-40066559.jpg,https://img.bokenjapan.com/media/buzen-dining-40069498.jpg,matched own listing photo
fukuoka/buzen,93,はなはんじょう,https://img.bokenjapan.com/media/buzen-dining-40011727.jpg,https://img.bokenjapan.com/media/buzen-dining-40066559.jpg,matched own listing photo
fukuoka/buzen,94,甘未茶屋 友,https://img.bokenjapan.com/media/buzen-dining-40072764.jpg,https://img.bokenjapan.com/media/buzen-dining-40011727.jpg,matched own listing photo
fukuoka/buzen,95,からあげピーコック,https://img.bokenjapan.com/media/buzen-dining-40064161.jpg,https://img.bokenjapan.com/media/buzen-dining-40072764.jpg,matched own listing photo
fukuoka/buzen,96,しあわせパン工房 正心庵,https://img.bokenjapan.com/media/buzen-dining-40066931.jpg,https://img.bokenjapan.com/media/buzen-dining-40064161.jpg,matched own listing photo
fukuoka/buzen,97,焼菓子工房ニコ,https://img.bokenjapan.com/media/buzen-dining-40067869.jpg,https://img.bokenjapan.com/media/buzen-dining-40066931.jpg,matched own listing photo
fukuoka/buzen,99,富士菊,https://img.bokenjapan.com/media/buzen-dining-40059182.jpg,https://img.bokenjapan.com/media/buzen-dining-40067869.jpg,matched own listing photo
fukuoka/buzen,101,自由市場,https://img.bokenjapan.com/media/buzen-dining-40068981.jpg,,photo belonged to another card; no own photo found
fukuoka/buzen,103,一憩庵,https://img.bokenjapan.com/media/buzen-dining-40051347.jpg,https://img.bokenjapan.com/media/buzen-dining-40068981.jpg,matched own listing photo
fukuoka/buzen,104,てんぐ,https://img.bokenjapan.com/media/buzen-dining-40048646.jpg,https://img.bokenjapan.com/media/buzen-dining-40051347.jpg,matched own listing photo
fukuoka/buzen,106,魚いち,https://img.bokenjapan.com/media/buzen-dining-40074670.jpg,https://img.bokenjapan.com/media/buzen-dining-40048646.jpg,matched own listing photo
fukuoka/buzen,108,手仕事村やまぼうし,https://img.bokenjapan.com/media/buzen-dining-40042316.jpg,https://img.bokenjapan.com/media/buzen-dining-40074670.jpg,matched own listing photo
fukuoka/buzen,110,渓月堂 豊前店,https://img.bokenjapan.com/media/buzen-dining-40038296.jpg,https://img.bokenjapan.com/media/buzen-dining-40042316.jpg,matched own listing photo
fukuoka/buzen,120,お好み焼やきはな,https://img.bokenjapan.com/media/buzen-dining-40014176.jpg,,photo belonged to another card; no own photo found
fukuoka/buzen,121,お好み焼き あき,https://img.bokenjapan.com/media/buzen-dining-40037842.jpg,https://img.bokenjapan.com/media/buzen-dining-40014176.jpg,matched own listing photo
fukuoka/chikugo,3,麺楽,https://img.bokenjapan.com/media/chikugo-dining-40010163.jpg,,photo belonged to another card; no own photo found
fukuoka/chikugo,4,パビタラ,https://img.bokenjapan.com/media/chikugo-dining-40025137.jpg,https://img.bokenjapan.com/media/chikugo-dining-40010163.jpg,matched own listing photo
fukuoka/chikugo,5,天ぷらまき 筑後店,https://img.bokenjapan.com/media/chikugo-dining-40050528.jpg,https://img.bokenjapan.com/media/chikugo-dining-40025137.jpg,matched own listing photo
fukuoka/chikugo,6,一休,https://img.bokenjapan.com/media/chikugo-dining-40004963.jpg,https://img.bokenjapan.com/media/chikugo-dining-40050528.jpg,matched own listing photo
fukuoka/chikugo,7,一二三 筑後店,https://img.bokenjapan.com/media/chikugo-dining-40068582.jpg,https://img.bokenjapan.com/media/chikugo-dining-40004963.jpg,matched own listing photo
fukuoka/chikugo,8,うなぎの次郎長,https://img.bokenjapan.com/media/chikugo-dining-40012834.jpg,https://img.bokenjapan.com/media/chikugo-dining-40068582.jpg,matched own listing photo
fukuoka/chikugo,9,喜楽家食堂,https://img.bokenjapan.com/media/chikugo-dining-40060844.jpg,https://img.bokenjapan.com/media/chikugo-dining-40012834.jpg,matched own listing photo
fukuoka/chikugo,10,牛島製茶　和cafe Leaf Heart 筑後けやき通り店,https://img.bokenjapan.com/media/chikugo-dining-40004190.jpg,https://img.bokenjapan.com/media/chikugo-dining-40060844.jpg,matched own listing photo
fukuoka/chikugo,11,ニュー赤坂焼肉店,https://img.bokenjapan.com/media/chikugo-dining-40022535.jpg,https://img.bokenjapan.com/media/chikugo-dining-40004190.jpg,matched own listing photo
fukuoka/chikugo,12,ジャングルスープカレー,https://img.bokenjapan.com/media/chikugo-dining-40034195.jpg,https://img.bokenjapan.com/media/chikugo-dining-40022535.jpg,matched own listing photo
fukuoka/chikugo,13,イタリアンダイニング アンプ,https://img.bokenjapan.com/media/chikugo-dining-40006689.jpg,https://img.bokenjapan.com/media/chikugo-dining-40034195.jpg,matched own listing photo
fukuoka/chikugo,14,日若屋,https://img.bokenjapan.com/media/chikugo-dining-40015528.jpg,https://img.bokenjapan.com/media/chikugo-dining-40006689.jpg,matched own listing photo
fukuoka/chikugo,15,UMORI,https://img.bokenjapan.com/media/chikugo-dining-40039160.jpg,https://img.bokenjapan.com/media/chikugo-dining-40015528.jpg,matched own listing photo
fukuoka/chikugo,16,宮古そば SAIGA 筑後店,https://img.bokenjapan.com/media/chikugo-dining-40067506.jpg,https://img.bokenjapan.com/media/chikugo-dining-40039160.jpg,matched own listing photo
fukuoka/chikugo,17,WOODY,https://img.bokenjapan.com/media/chikugo-dining-40033415.jpg,https://img.bokenjapan.com/media/chikugo-dining-40067506.jpg,matched own listing photo
fukuoka/chikugo,18,大龍一番 山ノ井店,https://img.bokenjapan.com/media/chikugo-dining-40038804.jpg,https://img.bokenjapan.com/media/chikugo-dining-40033415.jpg,matched own listing photo
fukuoka/chikugo,19,天風堂筑後本店,https://img.bokenjapan.com/media/chikugo-dining-40020365.jpg,https://img.bokenjapan.com/media/chikugo-dining-40038804.jpg,matched own listing photo
fukuoka/chikugo,22,想夫恋  筑後赤坂店,https://img.bokenjapan.com/media/chikugo-dining-40068282.jpg,,photo belonged to another card; no own photo found
fukuoka/chikugo,23,徳兵衛うどん 筑後店,https://img.bokenjapan.com/media/chikugo-dining-40072746.jpg,https://img.bokenjapan.com/media/chikugo-dining-40068282.jpg,matched own listing photo
fukuoka/chikugo,24,串の帝王 雁の巣,https://img.bokenjapan.com/media/chikugo-dining-40011988.jpg,https://img.bokenjapan.com/media/chikugo-dining-40072746.jpg,matched own listing photo
fukuoka/chikugo,25,中華麺達　旬風,https://img.bokenjapan.com/media/chikugo-dining-40024615.jpg,https://img.bokenjapan.com/media/chikugo-dining-40011988.jpg,matched own listing photo
fukuoka/chikugo,26,バーグマン,https://img.bokenjapan.com/media/chikugo-dining-40014558.jpg,https://img.bokenjapan.com/media/chikugo-dining-40024615.jpg,matched own listing photo
fukuoka/chikugo,27,セリオ,https://img.bokenjapan.com/media/chikugo-dining-40037760.jpg,https://img.bokenjapan.com/media/chikugo-dining-40014558.jpg,matched own listing photo
fukuoka/chikugo,28,ハンバーグの店まつお,https://img.bokenjapan.com/media/chikugo-dining-40017254.jpg,https://img.bokenjapan.com/media/chikugo-dining-40037760.jpg,matched own listing photo
fukuoka/chikugo,29,あずみ野 筑後店,https://img.bokenjapan.com/media/chikugo-dining-40016800.jpg,https://img.bokenjapan.com/media/chikugo-dining-40017254.jpg,matched own listing photo
fukuoka/chikugo,30,牛花亭,https://img.bokenjapan.com/media/chikugo-dining-40017545.jpg,https://img.bokenjapan.com/media/chikugo-dining-40016800.jpg,matched own listing photo
fukuoka/chikugo,31,プレシア 福岡アウトレット,https://img.bokenjapan.com/media/chikugo-dining-40024885.jpg,,photo belonged to another card; no own photo found
fukuoka/chikugo,32,笑麺一慶,https://img.bokenjapan.com/media/chikugo-dining-40069701.jpg,https://img.bokenjapan.com/media/chikugo-dining-40024885.jpg,matched own listing photo
fukuoka/chikugo,33,よらん野,https://img.bokenjapan.com/media/chikugo-dining-40035100.jpg,https://img.bokenjapan.com/media/chikugo-dining-40069701.jpg,matched own listing photo
fukuoka/chikugo,34,ホテル樋口軒,https://img.bokenjapan.com/media/chikugo-dining-40028745.jpg,https://img.bokenjapan.com/media/chikugo-dining-40035100.jpg,matched own listing photo
fukuoka/chikugo,35,AROI,https://img.bokenjapan.com/media/chikugo-dining-40060668.jpg,https://img.bokenjapan.com/media/chikugo-dining-40028745.jpg,matched own listing photo
fukuoka/chikugo,36,王将寿司,https://img.bokenjapan.com/media/chikugo-dining-40010638.jpg,https://img.bokenjapan.com/media/chikugo-dining-40060668.jpg,matched own listing photo
fukuoka/chikugo,37,桃園,https://img.bokenjapan.com/media/chikugo-dining-40038805.jpg,https://img.bokenjapan.com/media/chikugo-dining-40010638.jpg,matched own listing photo
fukuoka/chikugo,38,クラシック ベーカリー,https://img.bokenjapan.com/media/chikugo-dining-40051829.jpg,https://img.bokenjapan.com/media/chikugo-dining-40038805.jpg,matched own listing photo
fukuoka/chikugo,39,陣弥地鶏お狩場焼,https://img.bokenjapan.com/media/chikugo-dining-40013911.jpg,https://img.bokenjapan.com/media/chikugo-dining-40051829.jpg,matched own listing photo
fukuoka/chikugo,42,ながはま焼肉,https://img.bokenjapan.com/media/chikugo-dining-40009638.jpg,,photo belonged to another card; no own photo found
fukuoka/chikugo,43,麦工房 ナナクラ,https://img.bokenjapan.com/media/chikugo-dining-40024247.jpg,https://img.bokenjapan.com/media/chikugo-dining-40009638.jpg,matched own listing photo
fukuoka/chikugo,44,六白 筑後店,https://img.bokenjapan.com/media/chikugo-dining-40036747.jpg,https://img.bokenjapan.com/media/chikugo-dining-40024247.jpg,matched own listing photo
fukuoka/chikugo,45,広島お好み焼き おこまる,https://img.bokenjapan.com/media/chikugo-dining-40066222.jpg,https://img.bokenjapan.com/media/chikugo-dining-40036747.jpg,matched own listing photo
fukuoka/chikugo,46,ちき亭,https://img.bokenjapan.com/media/chikugo-dining-40013749.jpg,https://img.bokenjapan.com/media/chikugo-dining-40066222.jpg,matched own listing photo
fukuoka/chikugo,47,八重山料理とおでん りみか,https://img.bokenjapan.com/media/chikugo-dining-40068895.jpg,https://img.bokenjapan.com/media/chikugo-dining-40013749.jpg,matched own listing photo
fukuoka/chikugo,48,CiAO DOLCEZZA,https://img.bokenjapan.com/media/chikugo-dining-40020238.jpg,https://img.bokenjapan.com/media/chikugo-dining-40068895.jpg,matched own listing photo
fukuoka/chikugo,49,野歩ほん,https://img.bokenjapan.com/media/chikugo-dining-40035823.jpg,https://img.bokenjapan.com/media/chikugo-dining-40020238.jpg,matched own listing photo
fukuoka/chikugo,50,めん処 龍の群れ,https://img.bokenjapan.com/media/chikugo-dining-40068063.jpg,https://img.bokenjapan.com/media/chikugo-dining-40035823.jpg,matched own listing photo
fukuoka/chikugo,51,パンカフェ　ル・パン,https://img.bokenjapan.com/media/chikugo-dining-40038841.jpg,https://img.bokenjapan.com/media/chikugo-dining-40068063.jpg,matched own listing photo
fukuoka/chikugo,52,くりの木,https://img.bokenjapan.com/media/chikugo-dining-40049402.jpg,https://img.bokenjapan.com/media/chikugo-dining-40038841.jpg,matched own listing photo
fukuoka/chikugo,53,キャバリアsハウス,https://img.bokenjapan.com/media/chikugo-dining-40048529.jpg,https://img.bokenjapan.com/media/chikugo-dining-40049402.jpg,matched own listing photo
fukuoka/chikugo,54,ほてい堂深町パン店,https://img.bokenjapan.com/media/chikugo-dining-40019105.jpg,https://img.bokenjapan.com/media/chikugo-dining-40048529.jpg,matched own listing photo
fukuoka/chikugo,55,ホテルアベニュー 筑後,https://img.bokenjapan.com/media/chikugo-dining-40066449.jpg,https://img.bokenjapan.com/media/chikugo-dining-40019105.jpg,matched own listing photo
fukuoka/chikugo,56,白龍軒,https://img.bokenjapan.com/media/chikugo-dining-40009238.jpg,https://img.bokenjapan.com/media/chikugo-dining-40066449.jpg,matched own listing photo
fukuoka/chikugo,57,拉麺 久留米 本田商店 筑後店,https://img.bokenjapan.com/media/chikugo-dining-40058417.jpg,https://img.bokenjapan.com/media/chikugo-dining-40009238.jpg,matched own listing photo
fukuoka/chikugo,58,菓子処 中村屋,https://img.bokenjapan.com/media/chikugo-dining-40026214.jpg,https://img.bokenjapan.com/media/chikugo-dining-40058417.jpg,matched own listing photo
fukuoka/chikugo,61,ロココクレープ,https://img.bokenjapan.com/media/chikugo-dining-40062048.jpg,,photo belonged to another card; no own photo found
fukuoka/chikugo,62,唐揚げ専門 たか田商店 八女インター店,https://img.bokenjapan.com/media/chikugo-dining-40056812.jpg,https://img.bokenjapan.com/media/chikugo-dining-40062048.jpg,matched own listing photo
fukuoka/chikugo,63,たこ焼き リーゼンツ,https://img.bokenjapan.com/media/chikugo-dining-40028535.jpg,https://img.bokenjapan.com/media/chikugo-dining-40056812.jpg,matched own listing photo
fukuoka/chikugo,64,ベントハウス　筑後店,https://img.bokenjapan.com/media/chikugo-dining-40027286.jpg,https://img.bokenjapan.com/media/chikugo-dining-40028535.jpg,matched own listing photo
fukuoka/chikugo,65,5番館,https://img.bokenjapan.com/media/chikugo-dining-40012034.jpg,https://img.bokenjapan.com/media/chikugo-dining-40027286.jpg,matched own listing photo
fukuoka/chikugo,66,庄屋 ゆめモール筑後店,https://img.bokenjapan.com/media/chikugo-dining-40043246.jpg,https://img.bokenjapan.com/media/chikugo-dining-40012034.jpg,matched own listing photo
fukuoka/chikugo,67,ぎょ。,https://img.bokenjapan.com/media/chikugo-dining-40036503.jpg,https://img.bokenjapan.com/media/chikugo-dining-40043246.jpg,matched own listing photo
fukuoka/chikugo,68,和処 ふじ村,https://img.bokenjapan.com/media/chikugo-dining-40063414.jpg,https://img.bokenjapan.com/media/chikugo-dining-40036503.jpg,matched own listing photo
fukuoka/chikugo,69,パティスリー サロン・ド・テ・ミナミ,https://img.bokenjapan.com/media/chikugo-dining-40061324.jpg,https://img.bokenjapan.com/media/chikugo-dining-40063414.jpg,matched own listing photo
fukuoka/chikugo,70,ウエスト 筑後店,https://img.bokenjapan.com/media/chikugo-dining-40034400.jpg,,photo belonged to another card; no own photo found
fukuoka/chikugo,71,丸亀製麺 筑後店,https://img.bokenjapan.com/media/chikugo-dining-40025265.jpg,https://img.bokenjapan.com/media/chikugo-dining-40034400.jpg,matched own listing photo
fukuoka/chikugo,72,久留米ラーメン なかむら亭,https://img.bokenjapan.com/media/chikugo-dining-40073202.jpg,https://img.bokenjapan.com/media/chikugo-dining-40025265.jpg,matched own listing photo
fukuoka/chikugo,73,川の駅船小屋 恋ぼたる 物産館,https://img.bokenjapan.com/media/chikugo-dining-40035750.jpg,https://img.bokenjapan.com/media/chikugo-dining-40073202.jpg,matched own listing photo
fukuoka/chikugo,74,すゑ,https://img.bokenjapan.com/media/chikugo-dining-40035672.jpg,https://img.bokenjapan.com/media/chikugo-dining-40035750.jpg,matched own listing photo
fukuoka/chikugo,75,ひらた,https://img.bokenjapan.com/media/chikugo-dining-40054038.jpg,https://img.bokenjapan.com/media/chikugo-dining-40035672.jpg,matched own listing photo
fukuoka/chikugo,76,一凜,https://img.bokenjapan.com/media/chikugo-dining-40038049.jpg,https://img.bokenjapan.com/media/chikugo-dining-40054038.jpg,matched own listing photo
fukuoka/chikugo,77,アトリエ ショコラ,https://img.bokenjapan.com/media/chikugo-dining-40042847.jpg,https://img.bokenjapan.com/media/chikugo-dining-40038049.jpg,matched own listing photo
fukuoka/chikugo,80,椎茸専門店 陽より子,https://img.bokenjapan.com/media/chikugo-dining-40055022.jpg,,photo belonged to another card; no own photo found
fukuoka/chikugo,81,鵲珈琲,https://img.bokenjapan.com/media/chikugo-dining-40069162.jpg,https://img.bokenjapan.com/media/chikugo-dining-40055022.jpg,matched own listing photo
fukuoka/chikugo,82,なにわハウスキッチンぴーす,https://img.bokenjapan.com/media/chikugo-dining-40050322.jpg,https://img.bokenjapan.com/media/chikugo-dining-40069162.jpg,matched own listing photo
fukuoka/chikugo,83,ステーキハウス WINNERs 筑後店,https://img.bokenjapan.com/media/chikugo-dining-40073499.jpg,https://img.bokenjapan.com/media/chikugo-dining-40050322.jpg,matched own listing photo
fukuoka/chikugo,84,ルイと海と、,https://img.bokenjapan.com/media/chikugo-dining-40071390.jpg,https://img.bokenjapan.com/media/chikugo-dining-40073499.jpg,matched own listing photo
fukuoka/chikugo,85,カフェバー アオ,https://img.bokenjapan.com/media/chikugo-dining-40061958.jpg,https://img.bokenjapan.com/media/chikugo-dining-40071390.jpg,matched own listing photo
fukuoka/chikugo,86,コメダ珈琲店 ゆめモール筑後店,https://img.bokenjapan.com/media/chikugo-dining-40041540.jpg,https://img.bokenjapan.com/media/chikugo-dining-40061958.jpg,matched own listing photo
fukuoka/chikugo,87,川の駅船小屋 恋ぼたる 温泉館,https://img.bokenjapan.com/media/chikugo-dining-40037533.jpg,https://img.bokenjapan.com/media/chikugo-dining-40041540.jpg,matched own listing photo
fukuoka/chikugo,88,山葵,https://img.bokenjapan.com/media/chikugo-dining-40013892.jpg,https://img.bokenjapan.com/media/chikugo-dining-40037533.jpg,matched own listing photo
fukuoka/chikugo,89,八蔵 筑後店,https://img.bokenjapan.com/media/chikugo-dining-40016434.jpg,https://img.bokenjapan.com/media/chikugo-dining-40013892.jpg,matched own listing photo
fukuoka/chikugo,90,squáre knòt,https://img.bokenjapan.com/media/chikugo-dining-40067323.jpg,https://img.bokenjapan.com/media/chikugo-dining-40016434.jpg,matched own listing photo
fukuoka/chikugo,91,レストラン ほたる,https://img.bokenjapan.com/media/chikugo-dining-40035081.jpg,https://img.bokenjapan.com/media/chikugo-dining-40067323.jpg,matched own listing photo
fukuoka/chikugo,92,四季彩ダイニング茶茶,https://img.bokenjapan.com/media/chikugo-dining-40035712.jpg,,photo belonged to another card; no own photo found
fukuoka/chikugo,93,ボンジュール カフェ シャンソン,https://img.bokenjapan.com/media/chikugo-dining-40035275.jpg,https://img.bokenjapan.com/media/chikugo-dining-40035712.jpg,matched own listing photo
fukuoka/chikugo,94,おかめ,https://img.bokenjapan.com/media/chikugo-dining-40016112.jpg,https://img.bokenjapan.com/media/chikugo-dining-40035275.jpg,matched own listing photo
fukuoka/chikugo,95,なべや えさき,https://img.bokenjapan.com/media/chikugo-dining-40049490.jpg,https://img.bokenjapan.com/media/chikugo-dining-40016112.jpg,matched own listing photo
fukuoka/chikugo,96,バジ カフェ,https://img.bokenjapan.com/media/chikugo-dining-40053823.jpg,https://img.bokenjapan.com/media/chikugo-dining-40049490.jpg,matched own listing photo
fukuoka/chikugo,97,ファン'sテラス,https://img.bokenjapan.com/media/chikugo-dining-40058020.jpg,https://img.bokenjapan.com/media/chikugo-dining-40053823.jpg,matched own listing photo
fukuoka/chikugo,100,あじさい,https://img.bokenjapan.com/media/chikugo-dining-40007362.jpg,,photo belonged to another card; no own photo found
fukuoka/chikugo,101,喜望亭,https://img.bokenjapan.com/media/chikugo-dining-40014973.jpg,https://img.bokenjapan.com/media/chikugo-dining-40007362.jpg,matched own listing photo
fukuoka/chikugo,102,鳥好食肉店,https://img.bokenjapan.com/media/chikugo-dining-40059080.jpg,https://img.bokenjapan.com/media/chikugo-dining-40014973.jpg,matched own listing photo
fukuoka/chikugo,103,share cafe Only,https://img.bokenjapan.com/media/chikugo-dining-40073525.jpg,https://img.bokenjapan.com/media/chikugo-dining-40059080.jpg,matched own listing photo
fukuoka/chikugo,104,イロハサンド,https://img.bokenjapan.com/media/chikugo-dining-40071925.jpg,https://img.bokenjapan.com/media/chikugo-dining-40073525.jpg,matched own listing photo
fukuoka/chikugo,105,gelateria ALBA,https://img.bokenjapan.com/media/chikugo-dining-40065683.jpg,https://img.bokenjapan.com/media/chikugo-dining-40071925.jpg,matched own listing photo
fukuoka/chikugo,106,スシロー ゆめモール筑後店,https://img.bokenjapan.com/media/chikugo-dining-40041755.jpg,https://img.bokenjapan.com/media/chikugo-dining-40065683.jpg,matched own listing photo
fukuoka/chikugo,107,やよい軒 筑後店,https://img.bokenjapan.com/media/chikugo-dining-40045050.jpg,https://img.bokenjapan.com/media/chikugo-dining-40041755.jpg,matched own listing photo
fukuoka/chikugo,108,STARBUCKS COFFEE 筑後店,https://img.bokenjapan.com/media/chikugo-dining-40063316.jpg,https://img.bokenjapan.com/media/chikugo-dining-40045050.jpg,matched own listing photo
fukuoka/chikugo,109,東京庵,https://img.bokenjapan.com/media/chikugo-dining-40009240.jpg,https://img.bokenjapan.com/media/chikugo-dining-40063316.jpg,matched own listing photo
fukuoka/chikugo,110,すし大臣 八女インター店,https://img.bokenjapan.com/media/chikugo-dining-40035568.jpg,https://img.bokenjapan.com/media/chikugo-dining-40009240.jpg,matched own listing photo
fukuoka/chikugo,111,大将軍,https://img.bokenjapan.com/media/chikugo-dining-40009635.jpg,https://img.bokenjapan.com/media/chikugo-dining-40035568.jpg,matched own listing photo
fukuoka/chikugo,112,ぶどう畑のケーキ屋さん,https://img.bokenjapan.com/media/chikugo-dining-40035409.jpg,https://img.bokenjapan.com/media/chikugo-dining-40009635.jpg,matched own listing photo
fukuoka/chikugo,113,corro,https://img.bokenjapan.com/media/chikugo-dining-40038803.jpg,https://img.bokenjapan.com/media/chikugo-dining-40035409.jpg,matched own listing photo
fukuoka/chikugo,114,and喫茶,https://img.bokenjapan.com/media/chikugo-dining-40054720.jpg,https://img.bokenjapan.com/media/chikugo-dining-40038803.jpg,matched own listing photo
fukuoka/chikugo,115,船小屋,https://img.bokenjapan.com/media/chikugo-dining-40033642.jpg,https://img.bokenjapan.com/media/chikugo-dining-40054720.jpg,matched own listing photo
fukuoka/chikugo,116,キッチン マルシェ,https://img.bokenjapan.com/media/chikugo-dining-40038764.jpg,https://img.bokenjapan.com/media/chikugo-dining-40033642.jpg,matched own listing photo
fukuoka/chikugo,117,陣太鼓,https://img.bokenjapan.com/media/chikugo-dining-40012509.jpg,https://img.bokenjapan.com/media/chikugo-dining-40038764.jpg,matched own listing photo
fukuoka/chikugo,120,房飲房食 にぎやか 筑後店,https://img.bokenjapan.com/media/chikugo-dining-40019798.jpg,https://img.bokenjapan.com/media/chikugo-dining-40054038.jpg,matched own listing photo
fukuoka/chikugo,121,焼鳥成,https://img.bokenjapan.com/media/chikugo-dining-40008610.jpg,https://img.bokenjapan.com/media/chikugo-dining-40019798.jpg,matched own listing photo
fukuoka/chikugo,122,韓国料理 ONMA,https://img.bokenjapan.com/media/chikugo-dining-40067027.jpg,https://img.bokenjapan.com/media/chikugo-dining-40008610.jpg,matched own listing photo
fukuoka/chikugo,123,グムデジ,https://img.bokenjapan.com/media/chikugo-dining-40038537.jpg,https://img.bokenjapan.com/media/chikugo-dining-40067027.jpg,matched own listing photo
fukuoka/chikugo,124,つじやま筑後 筑後店,https://img.bokenjapan.com/media/chikugo-dining-40053736.jpg,https://img.bokenjapan.com/media/chikugo-dining-40038537.jpg,matched own listing photo
fukuoka/chikugo,125,ブックアンドカフェ ハイヌヅカ テーブル,https://img.bokenjapan.com/media/chikugo-dining-40047720.jpg,https://img.bokenjapan.com/media/chikugo-dining-40053736.jpg,matched own listing photo
fukuoka/chikugo,126,創菜厨房 千枡,https://img.bokenjapan.com/media/chikugo-dining-40004743.jpg,https://img.bokenjapan.com/media/chikugo-dining-40047720.jpg,matched own listing photo
fukuoka/chikugo,127,あおい寿司 長浜店,https://img.bokenjapan.com/media/chikugo-dining-40026843.jpg,https://img.bokenjapan.com/media/chikugo-dining-40004743.jpg,matched own listing photo
fukuoka/chikugo,128,もつ家 力,https://img.bokenjapan.com/media/chikugo-dining-40045479.jpg,https://img.bokenjapan.com/media/chikugo-dining-40026843.jpg,matched own listing photo
fukuoka/chikugo,129,居酒屋　ひまわり,https://img.bokenjapan.com/media/chikugo-dining-40024716.jpg,https://img.bokenjapan.com/media/chikugo-dining-40045479.jpg,matched own listing photo
fukuoka/chikugo,130,鳥よし サニーちくご店,https://img.bokenjapan.com/media/chikugo-dining-40041866.jpg,https://img.bokenjapan.com/media/chikugo-dining-40024716.jpg,matched own listing photo
fukuoka/chikugo,131,ひょっとこ 筑後店,https://img.bokenjapan.com/media/chikugo-dining-40016449.jpg,https://img.bokenjapan.com/media/chikugo-dining-40041866.jpg,matched own listing photo
fukuoka/chikugo,132,焼鳥 成兵衛,https://img.bokenjapan.com/media/chikugo-dining-40065351.jpg,https://img.bokenjapan.com/media/chikugo-dining-40016449.jpg,matched own listing photo
fukuoka/chikugo,133,江口菓舗,https://img.bokenjapan.com/media/chikugo-dining-40033560.jpg,https://img.bokenjapan.com/media/chikugo-dining-40065351.jpg,matched own listing photo
fukuoka/chikugo,134,ダイニングたなか,https://img.bokenjapan.com/media/chikugo-dining-40034342.jpg,https://img.bokenjapan.com/media/chikugo-dining-40033560.jpg,matched own listing photo
fukuoka/chikugo,135,和食 居酒屋 こわっぱ,https://img.bokenjapan.com/media/chikugo-dining-40071145.jpg,https://img.bokenjapan.com/media/chikugo-dining-40034342.jpg,matched own listing photo
fukuoka/chikugo,136,ひょうたん酒蔵,https://img.bokenjapan.com/media/chikugo-dining-40013164.jpg,https://img.bokenjapan.com/media/chikugo-dining-40071145.jpg,matched own listing photo
fukuoka/chikugo,137,CoCo壱番屋 筑後山ノ井店,https://img.bokenjapan.com/media/chikugo-dining-40026173.jpg,https://img.bokenjapan.com/media/chikugo-dining-40013164.jpg,matched own listing photo
fukuoka/chikugo,140,麺処あさひや,https://img.bokenjapan.com/media/chikugo-dining-40035920.jpg,,photo belonged to another card; no own photo found
fukuoka/chikugo,141,漁菜,https://img.bokenjapan.com/media/chikugo-dining-40015017.jpg,https://img.bokenjapan.com/media/chikugo-dining-40035920.jpg,matched own listing photo
fukuoka/chikugo,142,中華メルキ〜,https://img.bokenjapan.com/media/chikugo-dining-40071273.jpg,https://img.bokenjapan.com/media/chikugo-dining-40015017.jpg,matched own listing photo
fukuoka/chikugo,143,焼肉 飛翔,https://img.bokenjapan.com/media/chikugo-dining-40063073.jpg,https://img.bokenjapan.com/media/chikugo-dining-40071273.jpg,matched own listing photo
fukuoka/chikugo,144,べんじろう 筑後店,https://img.bokenjapan.com/media/chikugo-dining-40074357.jpg,https://img.bokenjapan.com/media/chikugo-dining-40063073.jpg,matched own listing photo
fukuoka/chikugo,145,Olu Bagel,https://img.bokenjapan.com/media/chikugo-dining-40068625.jpg,https://img.bokenjapan.com/media/chikugo-dining-40074357.jpg,matched own listing photo
fukuoka/chikugo,146,居酒屋助六,https://img.bokenjapan.com/media/chikugo-dining-40016108.jpg,https://img.bokenjapan.com/media/chikugo-dining-40068625.jpg,matched own listing photo
fukuoka/chikugo,147,恋Cafe 恋するパンケーキ,https://img.bokenjapan.com/media/chikugo-dining-40050031.jpg,https://img.bokenjapan.com/media/chikugo-dining-40016108.jpg,matched own listing photo
fukuoka/chikugo,148,味彩,https://img.bokenjapan.com/media/chikugo-dining-40008607.jpg,https://img.bokenjapan.com/media/chikugo-dining-40050031.jpg,matched own listing photo
fukuoka/chikugo,149,のんびりパン屋,https://img.bokenjapan.com/media/chikugo-dining-40065276.jpg,https://img.bokenjapan.com/media/chikugo-dining-40008607.jpg,matched own listing photo
fukuoka/chikugo,150,九州大谷短期大学食堂,https://img.bokenjapan.com/media/chikugo-dining-40068910.jpg,https://img.bokenjapan.com/media/chikugo-dining-40065276.jpg,matched own listing photo
fukuoka/chikugo,151,BELIEVIT,https://img.bokenjapan.com/media/chikugo-dining-40062882.jpg,https://img.bokenjapan.com/media/chikugo-dining-40068910.jpg,matched own listing photo
fukuoka/chikugo,153,焼肉 あんどん,https://img.bokenjapan.com/media/chikugo-dining-40066859.jpg,https://img.bokenjapan.com/media/chikugo-dining-40062882.jpg,matched own listing photo
fukuoka/chikugo,154,ハイボールセンター筑後,https://img.bokenjapan.com/media/chikugo-dining-40074509.jpg,https://img.bokenjapan.com/media/chikugo-dining-40066859.jpg,matched own listing photo
fukuoka/chikugo,155,居酒屋 雅,https://img.bokenjapan.com/media/chikugo-dining-40065464.jpg,https://img.bokenjapan.com/media/chikugo-dining-40074509.jpg,matched own listing photo
fukuoka/chikugo,156,すき家 209号筑後店,https://img.bokenjapan.com/media/chikugo-dining-40033128.jpg,https://img.bokenjapan.com/media/chikugo-dining-40065464.jpg,matched own listing photo
fukuoka/chikugo,160,モスバーガー 筑後店,https://img.bokenjapan.com/media/chikugo-dining-40044645.jpg,,photo belonged to another card; no own photo found
fukuoka/chikugo,161,無添くら寿司 八女インター店,https://img.bokenjapan.com/media/chikugo-dining-40051700.jpg,https://img.bokenjapan.com/media/chikugo-dining-40044645.jpg,matched own listing photo
fukuoka/chikugo,162,焼肉きんぐ 八女インター店,https://img.bokenjapan.com/media/chikugo-dining-40045522.jpg,https://img.bokenjapan.com/media/chikugo-dining-40051700.jpg,matched own listing photo
fukuoka/chikugo,163,松屋 筑後店,https://img.bokenjapan.com/media/chikugo-dining-40069564.jpg,https://img.bokenjapan.com/media/chikugo-dining-40045522.jpg,matched own listing photo
fukuoka/chikugo,164,焼肉弥吉,https://img.bokenjapan.com/media/chikugo-dining-40009636.jpg,https://img.bokenjapan.com/media/chikugo-dining-40069564.jpg,matched own listing photo
fukuoka/chikugo,165,ベーカリー ゆめのパンやさん,https://img.bokenjapan.com/media/chikugo-dining-40043595.jpg,https://img.bokenjapan.com/media/chikugo-dining-40009636.jpg,matched own listing photo
fukuoka/chikugo,166,串焼楽酒 ばさら,https://img.bokenjapan.com/media/chikugo-dining-40004200.jpg,https://img.bokenjapan.com/media/chikugo-dining-40043595.jpg,matched own listing photo
fukuoka/chikugo,167,ピザハット 筑後前津店,https://img.bokenjapan.com/media/chikugo-dining-40067304.jpg,https://img.bokenjapan.com/media/chikugo-dining-40004200.jpg,matched own listing photo
fukuoka/chikugo,168,菓子工房リヨン,https://img.bokenjapan.com/media/chikugo-dining-40031392.jpg,https://img.bokenjapan.com/media/chikugo-dining-40067304.jpg,matched own listing photo
fukuoka/chikugo,169,ワインバー プルミエ,https://img.bokenjapan.com/media/chikugo-dining-40042245.jpg,https://img.bokenjapan.com/media/chikugo-dining-40031392.jpg,matched own listing photo
fukuoka/chikugo,170,創作料理 富む,https://img.bokenjapan.com/media/chikugo-dining-40040955.jpg,https://img.bokenjapan.com/media/chikugo-dining-40042245.jpg,matched own listing photo
fukuoka/chikugo,171,アトリエスカイ,https://img.bokenjapan.com/media/chikugo-dining-40037007.jpg,https://img.bokenjapan.com/media/chikugo-dining-40040955.jpg,matched own listing photo
fukuoka/chikugo,172,きゅうぴっと,https://img.bokenjapan.com/media/chikugo-dining-40012112.jpg,https://img.bokenjapan.com/media/chikugo-dining-40037007.jpg,matched own listing photo
fukuoka/chikugo,173,串かつ 十三,https://img.bokenjapan.com/media/chikugo-dining-40054998.jpg,https://img.bokenjapan.com/media/chikugo-dining-40012112.jpg,matched own listing photo
fukuoka/chikugo,174,パティスリークラシック,https://img.bokenjapan.com/media/chikugo-dining-40046173.jpg,https://img.bokenjapan.com/media/chikugo-dining-40054998.jpg,matched own listing photo
fukuoka/chikugo,175,大八堂 筑後店,https://img.bokenjapan.com/media/chikugo-dining-40022549.jpg,https://img.bokenjapan.com/media/chikugo-dining-40046173.jpg,matched own listing photo
fukuoka/chikugo,176,手づくりパン工房パオパオ,https://img.bokenjapan.com/media/chikugo-dining-40041403.jpg,https://img.bokenjapan.com/media/chikugo-dining-40022549.jpg,matched own listing photo
fukuoka/chikugo,177,博多からあげ 暖 船小屋店,https://img.bokenjapan.com/media/chikugo-dining-40069046.jpg,https://img.bokenjapan.com/media/chikugo-dining-40041403.jpg,matched own listing photo
fukuoka/chikugo,180,イカス食堂,https://img.bokenjapan.com/media/chikugo-dining-40014074.jpg,,photo belonged to another card; no own photo found
fukuoka/chikugo,181,本氣のからあげ 筑後店,https://img.bokenjapan.com/media/chikugo-dining-40057570.jpg,https://img.bokenjapan.com/media/chikugo-dining-40014074.jpg,matched own listing photo
fukuoka/chikugo,182,シフォンケーキ専門店 boda,https://img.bokenjapan.com/media/chikugo-dining-40062382.jpg,https://img.bokenjapan.com/media/chikugo-dining-40057570.jpg,matched own listing photo
fukuoka/chikugo,183,ダイニング full,https://img.bokenjapan.com/media/chikugo-dining-40058582.jpg,https://img.bokenjapan.com/media/chikugo-dining-40062382.jpg,matched own listing photo
fukuoka/chikugo,184,シャトレーゼ 筑後けやき通り店,https://img.bokenjapan.com/media/chikugo-dining-40028917.jpg,https://img.bokenjapan.com/media/chikugo-dining-40058582.jpg,matched own listing photo
fukuoka/chikugo,185,アモレッテ,https://img.bokenjapan.com/media/chikugo-dining-40016921.jpg,https://img.bokenjapan.com/media/chikugo-dining-40028917.jpg,matched own listing photo
fukuoka/chikugo,186,ほっともっと 羽犬塚店,https://img.bokenjapan.com/media/chikugo-dining-40040346.jpg,https://img.bokenjapan.com/media/chikugo-dining-40016921.jpg,matched own listing photo
fukuoka/chikugo,187,炭火焼鳥ダイニング きらく,https://img.bokenjapan.com/media/chikugo-dining-40053125.jpg,https://img.bokenjapan.com/media/chikugo-dining-40040346.jpg,matched own listing photo
fukuoka/chikugo,188,旨い肴と酒　辰丸,https://img.bokenjapan.com/media/chikugo-dining-40071924.jpg,https://img.bokenjapan.com/media/chikugo-dining-40053125.jpg,matched own listing photo
fukuoka/chikugo,189,Little Morrow 筑後店,https://img.bokenjapan.com/media/chikugo-dining-40057640.jpg,https://img.bokenjapan.com/media/chikugo-dining-40071924.jpg,matched own listing photo
fukuoka/chikugo,191,もち吉 筑後店,https://img.bokenjapan.com/media/chikugo-dining-40041717.jpg,https://img.bokenjapan.com/media/chikugo-dining-40057640.jpg,matched own listing photo
fukuoka/chikugo,192,酒房ふかまち,https://img.bokenjapan.com/media/chikugo-dining-40049236.jpg,https://img.bokenjapan.com/media/chikugo-dining-40041717.jpg,matched own listing photo
fukuoka/chikugo,193,ダイニングバー フィズ,https://img.bokenjapan.com/media/chikugo-dining-40047317.jpg,https://img.bokenjapan.com/media/chikugo-dining-40049236.jpg,matched own listing photo
fukuoka/chikugo,194,アビーロード,https://img.bokenjapan.com/media/chikugo-dining-40053126.jpg,https://img.bokenjapan.com/media/chikugo-dining-40047317.jpg,matched own listing photo
fukuoka/chikugo,195,末広,https://img.bokenjapan.com/media/chikugo-dining-40012681.jpg,https://img.bokenjapan.com/media/chikugo-dining-40053126.jpg,matched own listing photo
fukuoka/chikugo,196,ミート,https://img.bokenjapan.com/media/chikugo-dining-40012212.jpg,https://img.bokenjapan.com/media/chikugo-dining-40012681.jpg,matched own listing photo
fukuoka/chikugo,197,KEE THREE,https://img.bokenjapan.com/media/chikugo-dining-40074700.jpg,https://img.bokenjapan.com/media/chikugo-dining-40012212.jpg,matched own listing photo
fukuoka/chikugo,200,新鮮市場 サカイ筑後店,https://img.bokenjapan.com/media/chikugo-dining-40052781.jpg,,photo belonged to another card; no own photo found
fukuoka/chikugo,201,とり屋 筑後店,https://img.bokenjapan.com/media/chikugo-dining-40071213.jpg,https://img.bokenjapan.com/media/chikugo-dining-40052781.jpg,matched own listing photo
fukuoka/chikugo,202,レストラン 蔵,https://img.bokenjapan.com/media/chikugo-dining-40055589.jpg,https://img.bokenjapan.com/media/chikugo-dining-40071213.jpg,matched own listing photo
fukuoka/chikugo,203,健勝堂,https://img.bokenjapan.com/media/chikugo-dining-40041402.jpg,https://img.bokenjapan.com/media/chikugo-dining-40055589.jpg,matched own listing photo
fukuoka/chikugo,204,ビジネスホテル明治館,https://img.bokenjapan.com/media/chikugo-dining-40033243.jpg,https://img.bokenjapan.com/media/chikugo-dining-40041402.jpg,matched own listing photo
fukuoka/chikugo,206,大衆居酒屋 海柳,https://img.bokenjapan.com/media/chikugo-dining-40070544.jpg,https://img.bokenjapan.com/media/chikugo-dining-40033243.jpg,matched own listing photo
fukuoka/chikugo,211,ぎょうざ工房鶴家,https://img.bokenjapan.com/media/chikugo-dining-40050455.jpg,https://img.bokenjapan.com/media/chikugo-dining-40070544.jpg,matched own listing photo
fukuoka/chikugo,212,鉄なべ,https://img.bokenjapan.com/media/chikugo-dining-40072422.jpg,https://img.bokenjapan.com/media/chikugo-dining-40050455.jpg,matched own listing photo
fukuoka/chikugo,219,赤坂飴本舗,https://img.bokenjapan.com/media/chikugo-dining-40023562.jpg,,photo belonged to another card; no own photo found
fukuoka/chikugo,226,旬彩処　らく,https://img.bokenjapan.com/media/chikugo-dining-40030554.jpg,https://img.bokenjapan.com/media/chikugo-dining-40023562.jpg,matched own listing photo
fukuoka/chikugo,227,カフェ プレ,https://img.bokenjapan.com/media/chikugo-dining-40052203.jpg,https://img.bokenjapan.com/media/chikugo-dining-40030554.jpg,matched own listing photo
fukuoka/chikujo,2,城井ふる里村,https://img.bokenjapan.com/media/chikujo-dining-40019925.jpg,,photo belonged to another card; no own photo found
fukuoka/chikujo,3,お食事処 龍馬,https://img.bokenjapan.com/media/chikujo-dining-40025910.jpg,https://img.bokenjapan.com/media/chikujo-dining-40019925.jpg,matched own listing photo
fukuoka/chikujo,4,周防灘カントリークラブレストラン,https://img.bokenjapan.com/media/chikujo-dining-40040023.jpg,https://img.bokenjapan.com/media/chikujo-dining-40025910.jpg,matched own listing photo
fukuoka/chikujo,5,メタセの杜,https://img.bokenjapan.com/media/chikujo-dining-40024304.jpg,https://img.bokenjapan.com/media/chikujo-dining-40040023.jpg,matched own listing photo
fukuoka/chikujo,6,インド料理 ククリ,https://img.bokenjapan.com/media/chikujo-dining-40062888.jpg,https://img.bokenjapan.com/media/chikujo-dining-40024304.jpg,matched own listing photo
fukuoka/chikujo,7,茂庵,https://img.bokenjapan.com/media/chikujo-dining-40044464.jpg,https://img.bokenjapan.com/media/chikujo-dining-40062888.jpg,matched own listing photo
fukuoka/chikujo,8,まる恵,https://img.bokenjapan.com/media/chikujo-dining-40054478.jpg,https://img.bokenjapan.com/media/chikujo-dining-40044464.jpg,matched own listing photo
fukuoka/chikujo,9,Anne,https://img.bokenjapan.com/media/chikujo-dining-40071750.jpg,https://img.bokenjapan.com/media/chikujo-dining-40054478.jpg,matched own listing photo
fukuoka/chikujo,10,城井ふる里村バーベキュー,https://img.bokenjapan.com/media/chikujo-dining-40057005.jpg,https://img.bokenjapan.com/media/chikujo-dining-40071750.jpg,matched own listing photo
fukuoka/chikujo,11,Baker Frog,https://img.bokenjapan.com/media/chikujo-dining-40068423.jpg,https://img.bokenjapan.com/media/chikujo-dining-40057005.jpg,matched own listing photo
fukuoka/chikujo,12,キクヤスカフェ,https://img.bokenjapan.com/media/chikujo-dining-40030966.jpg,https://img.bokenjapan.com/media/chikujo-dining-40068423.jpg,matched own listing photo
fukuoka/chikujo,13,お好み焼き まるくる,https://img.bokenjapan.com/media/chikujo-dining-40046262.jpg,https://img.bokenjapan.com/media/chikujo-dining-40030966.jpg,matched own listing photo
fukuoka/chikujo,14,Book cafe 3rd Labo,https://img.bokenjapan.com/media/chikujo-dining-40072480.jpg,https://img.bokenjapan.com/media/chikujo-dining-40046262.jpg,matched own listing photo
fukuoka/chikujo,15,結いの石窯パン工房,https://img.bokenjapan.com/media/chikujo-dining-40060765.jpg,https://img.bokenjapan.com/media/chikujo-dining-40072480.jpg,matched own listing photo
fukuoka/chikujo,16,ウエスト 椎田店,https://img.bokenjapan.com/media/chikujo-dining-40035737.jpg,https://img.bokenjapan.com/media/chikujo-dining-40060765.jpg,matched own listing photo
fukuoka/chikujo,17,奈良漬さろん 安部,https://img.bokenjapan.com/media/chikujo-dining-40051096.jpg,https://img.bokenjapan.com/media/chikujo-dining-40035737.jpg,matched own listing photo
fukuoka/chikujo,18,カフェハウスアズ,https://img.bokenjapan.com/media/chikujo-dining-40021646.jpg,https://img.bokenjapan.com/media/chikujo-dining-40051096.jpg,matched own listing photo
fukuoka/chikujo,19,春乃勝,https://img.bokenjapan.com/media/chikujo-dining-40015223.jpg,https://img.bokenjapan.com/media/chikujo-dining-40021646.jpg,matched own listing photo
fukuoka/chikujo,22,万嵯九,https://img.bokenjapan.com/media/chikujo-dining-40006397.jpg,,photo belonged to another card; no own photo found
fukuoka/chikujo,23,松屋,https://img.bokenjapan.com/media/chikujo-dining-40038194.jpg,https://img.bokenjapan.com/media/chikujo-dining-40006397.jpg,matched own listing photo
fukuoka/chikujo,24,グリーンベレー,https://img.bokenjapan.com/media/chikujo-dining-40046349.jpg,https://img.bokenjapan.com/media/chikujo-dining-40038194.jpg,matched own listing photo
fukuoka/chikujo,25,紀文,https://img.bokenjapan.com/media/chikujo-dining-40034259.jpg,,photo belonged to another card; no own photo found
fukuoka/chikujo,26,亜土リブ,https://img.bokenjapan.com/media/chikujo-dining-40022888.jpg,https://img.bokenjapan.com/media/chikujo-dining-40034259.jpg,matched own listing photo
fukuoka/chikujo,27,旬菜房あぐり,https://img.bokenjapan.com/media/chikujo-dining-40062786.jpg,https://img.bokenjapan.com/media/chikujo-dining-40022888.jpg,matched own listing photo
fukuoka/chikujo,28,リストランテ ダニエレ,https://img.bokenjapan.com/media/chikujo-dining-40062926.jpg,https://img.bokenjapan.com/media/chikujo-dining-40062786.jpg,matched own listing photo
fukuoka/chikujo,29,ジョイフル 椎田店,https://img.bokenjapan.com/media/chikujo-dining-40019025.jpg,,photo belonged to another card; no own photo found
fukuoka/chikujo,30,ニュー開城園,https://img.bokenjapan.com/media/chikujo-dining-40009754.jpg,https://img.bokenjapan.com/media/chikujo-dining-40019025.jpg,matched own listing photo
fukuoka/chikujo,31,むすんでひらいて ルミエール椎田店,https://img.bokenjapan.com/media/chikujo-dining-40028886.jpg,https://img.bokenjapan.com/media/chikujo-dining-40009754.jpg,matched own listing photo
fukuoka/chikujo,32,清華園,https://img.bokenjapan.com/media/chikujo-dining-40007342.jpg,https://img.bokenjapan.com/media/chikujo-dining-40028886.jpg,matched own listing photo
fukuoka/chikujo,33,お好み焼みっちやん,https://img.bokenjapan.com/media/chikujo-dining-40022787.jpg,https://img.bokenjapan.com/media/chikujo-dining-40007342.jpg,matched own listing photo
fukuoka/chikujo,34,御菓子司 鹿の子,https://img.bokenjapan.com/media/chikujo-dining-40031050.jpg,https://img.bokenjapan.com/media/chikujo-dining-40022787.jpg,matched own listing photo
fukuoka/chikujo,35,nogroove,https://img.bokenjapan.com/media/chikujo-dining-40058038.jpg,https://img.bokenjapan.com/media/chikujo-dining-40031050.jpg,matched own listing photo
fukuoka/chikujo,36,中津からあげ からいち 築城駅前店,https://img.bokenjapan.com/media/chikujo-dining-40047242.jpg,https://img.bokenjapan.com/media/chikujo-dining-40058038.jpg,matched own listing photo
fukuoka/chikujo,38,工房よしかわ,https://img.bokenjapan.com/media/chikujo-dining-40049661.jpg,https://img.bokenjapan.com/media/chikujo-dining-40047242.jpg,matched own listing photo
fukuoka/chikujo,39,うどん雅,https://img.bokenjapan.com/media/chikujo-dining-40045944.jpg,https://img.bokenjapan.com/media/chikujo-dining-40049661.jpg,matched own listing photo
fukuoka/chikujo,42,エースいちご,https://img.bokenjapan.com/media/chikujo-dining-40046348.jpg,,photo belonged to another card; no own photo found
fukuoka/chikujo,43,深川寿し,https://img.bokenjapan.com/media/chikujo-dining-40018676.jpg,https://img.bokenjapan.com/media/chikujo-dining-40046348.jpg,matched own listing photo
fukuoka/chikujo,44,食堂 和,https://img.bokenjapan.com/media/chikujo-dining-40047388.jpg,https://img.bokenjapan.com/media/chikujo-dining-40018676.jpg,matched own listing photo
fukuoka/chikujo,46,以蔵の小僧,https://img.bokenjapan.com/media/chikujo-dining-40074840.jpg,https://img.bokenjapan.com/media/chikujo-dining-40047388.jpg,matched own listing photo
fukuoka/chikujo,47,焼き鳥ごっつぁん,https://img.bokenjapan.com/media/chikujo-dining-40073557.jpg,https://img.bokenjapan.com/media/chikujo-dining-40074840.jpg,matched own listing photo
fukuoka/chikujo,50,ホルモン 焼肉 肉尊,https://img.bokenjapan.com/media/chikujo-dining-40069015.jpg,https://img.bokenjapan.com/media/chikujo-dining-40073557.jpg,matched own listing photo
fukuoka/chikujo,58,GOLFBAR WANARE,https://img.bokenjapan.com/media/chikujo-dining-40071901.jpg,https://img.bokenjapan.com/media/chikujo-dining-40069015.jpg,matched own listing photo
fukuoka/chikuzen,2,味由,https://img.bokenjapan.com/media/chikuzen-dining-40010159.jpg,,photo belonged to another card; no own photo found
fukuoka/chikuzen,3,久留米ラーメン丸八 朝倉店,https://img.bokenjapan.com/media/chikuzen-dining-40023414.jpg,https://img.bokenjapan.com/media/chikuzen-dining-40010159.jpg,matched own listing photo
fukuoka/chikuzen,4,大陽軒 本店,https://img.bokenjapan.com/media/chikuzen-dining-40023415.jpg,https://img.bokenjapan.com/media/chikuzen-dining-40023414.jpg,matched own listing photo
fukuoka/chikuzen,5,松屋うどん,https://img.bokenjapan.com/media/chikuzen-dining-40004228.jpg,https://img.bokenjapan.com/media/chikuzen-dining-40023415.jpg,matched own listing photo
fukuoka/chikuzen,6,NOYU,https://img.bokenjapan.com/media/chikuzen-dining-40052352.jpg,https://img.bokenjapan.com/media/chikuzen-dining-40004228.jpg,matched own listing photo
fukuoka/chikuzen,7,筑前町ファーマーズマーケットみなみの里,https://img.bokenjapan.com/media/chikuzen-dining-40018944.jpg,https://img.bokenjapan.com/media/chikuzen-dining-40052352.jpg,matched own listing photo
fukuoka/chikuzen,8,レストラン南,https://img.bokenjapan.com/media/chikuzen-dining-40031883.jpg,https://img.bokenjapan.com/media/chikuzen-dining-40018944.jpg,matched own listing photo
fukuoka/chikuzen,9,農村レストラン 筑膳,https://img.bokenjapan.com/media/chikuzen-dining-40025346.jpg,https://img.bokenjapan.com/media/chikuzen-dining-40031883.jpg,matched own listing photo
fukuoka/chikuzen,10,永徳酒家,https://img.bokenjapan.com/media/chikuzen-dining-40044240.jpg,https://img.bokenjapan.com/media/chikuzen-dining-40025346.jpg,matched own listing photo
fukuoka/chikuzen,11,和食家 なかにし,https://img.bokenjapan.com/media/chikuzen-dining-40019625.jpg,https://img.bokenjapan.com/media/chikuzen-dining-40044240.jpg,matched own listing photo
fukuoka/chikuzen,12,うどん屋 秋月,https://img.bokenjapan.com/media/chikuzen-dining-40049050.jpg,https://img.bokenjapan.com/media/chikuzen-dining-40019625.jpg,matched own listing photo
fukuoka/chikuzen,13,ベイカーズサイン,https://img.bokenjapan.com/media/chikuzen-dining-40021681.jpg,https://img.bokenjapan.com/media/chikuzen-dining-40049050.jpg,matched own listing photo
fukuoka/chikuzen,14,たまごらんど,https://img.bokenjapan.com/media/chikuzen-dining-40004604.jpg,https://img.bokenjapan.com/media/chikuzen-dining-40021681.jpg,matched own listing photo
fukuoka/chikuzen,15,スリランカレストラン キヨミ 筑前店,https://img.bokenjapan.com/media/chikuzen-dining-40068294.jpg,https://img.bokenjapan.com/media/chikuzen-dining-40004604.jpg,matched own listing photo
fukuoka/chikuzen,16,上杉,https://img.bokenjapan.com/media/chikuzen-dining-40030298.jpg,https://img.bokenjapan.com/media/chikuzen-dining-40068294.jpg,matched own listing photo
fukuoka/chikuzen,17,ケイズキッチン,https://img.bokenjapan.com/media/chikuzen-dining-40017072.jpg,https://img.bokenjapan.com/media/chikuzen-dining-40030298.jpg,matched own listing photo
fukuoka/chikuzen,18,ラーメンやまもと 筑前支店,https://img.bokenjapan.com/media/chikuzen-dining-40028364.jpg,https://img.bokenjapan.com/media/chikuzen-dining-40017072.jpg,matched own listing photo
fukuoka/chikuzen,19,グルメ食堂 洋ろっぱ,https://img.bokenjapan.com/media/chikuzen-dining-40053593.jpg,https://img.bokenjapan.com/media/chikuzen-dining-40028364.jpg,matched own listing photo
fukuoka/chikuzen,22,ちゃんぽん,https://img.bokenjapan.com/media/chikuzen-dining-40033828.jpg,,photo belonged to another card; no own photo found
fukuoka/chikuzen,23,金比羅うどん 夜須店,https://img.bokenjapan.com/media/chikuzen-dining-40031618.jpg,https://img.bokenjapan.com/media/chikuzen-dining-40033828.jpg,matched own listing photo
fukuoka/chikuzen,24,gaRu,https://img.bokenjapan.com/media/chikuzen-dining-40067570.jpg,https://img.bokenjapan.com/media/chikuzen-dining-40031618.jpg,matched own listing photo
fukuoka/chikuzen,25,長浜わっしょい,https://img.bokenjapan.com/media/chikuzen-dining-40042913.jpg,https://img.bokenjapan.com/media/chikuzen-dining-40067570.jpg,matched own listing photo
fukuoka/chikuzen,26,ラーメン 新蔵 筑前店,https://img.bokenjapan.com/media/chikuzen-dining-40057114.jpg,https://img.bokenjapan.com/media/chikuzen-dining-40042913.jpg,matched own listing photo
fukuoka/chikuzen,27,鳥長 筑前店,https://img.bokenjapan.com/media/chikuzen-dining-40046065.jpg,https://img.bokenjapan.com/media/chikuzen-dining-40057114.jpg,matched own listing photo
fukuoka/chikuzen,28,パン工房,https://img.bokenjapan.com/media/chikuzen-dining-40035852.jpg,https://img.bokenjapan.com/media/chikuzen-dining-40046065.jpg,matched own listing photo
fukuoka/chikuzen,29,カレー&ハンバーグ やまと,https://img.bokenjapan.com/media/chikuzen-dining-40048857.jpg,https://img.bokenjapan.com/media/chikuzen-dining-40035852.jpg,matched own listing photo
fukuoka/chikuzen,30,にじぱん,https://img.bokenjapan.com/media/chikuzen-dining-40060671.jpg,https://img.bokenjapan.com/media/chikuzen-dining-40048857.jpg,matched own listing photo
fukuoka/chikuzen,31,街道カフェ やまぼうし,https://img.bokenjapan.com/media/chikuzen-dining-40043279.jpg,,photo belonged to another card; no own photo found
fukuoka/chikuzen,32,太勝 大刀洗店,https://img.bokenjapan.com/media/chikuzen-dining-40062138.jpg,https://img.bokenjapan.com/media/chikuzen-dining-40043279.jpg,matched own listing photo
fukuoka/chikuzen,33,野の葉,https://img.bokenjapan.com/media/chikuzen-dining-40053270.jpg,https://img.bokenjapan.com/media/chikuzen-dining-40062138.jpg,matched own listing photo
fukuoka/chikuzen,34,アージュ・アージュ,https://img.bokenjapan.com/media/chikuzen-dining-40042469.jpg,https://img.bokenjapan.com/media/chikuzen-dining-40053270.jpg,matched own listing photo
fukuoka/chikuzen,35,藤吉亭,https://img.bokenjapan.com/media/chikuzen-dining-40009737.jpg,https://img.bokenjapan.com/media/chikuzen-dining-40042469.jpg,matched own listing photo
fukuoka/chikuzen,36,鶏のたたき 熊本屋,https://img.bokenjapan.com/media/chikuzen-dining-40060996.jpg,https://img.bokenjapan.com/media/chikuzen-dining-40009737.jpg,matched own listing photo
fukuoka/chikuzen,37,虎来庵,https://img.bokenjapan.com/media/chikuzen-dining-40066404.jpg,https://img.bokenjapan.com/media/chikuzen-dining-40060996.jpg,matched own listing photo
fukuoka/chikuzen,38,ダイニングキッチンバー Life Time,https://img.bokenjapan.com/media/chikuzen-dining-40065093.jpg,https://img.bokenjapan.com/media/chikuzen-dining-40066404.jpg,matched own listing photo
fukuoka/chikuzen,41,ビストロ リュバン,https://img.bokenjapan.com/media/chikuzen-dining-40032022.jpg,,photo belonged to another card; no own photo found
fukuoka/chikuzen,42,たい焼き 新八 筑前町店,https://img.bokenjapan.com/media/chikuzen-dining-40048324.jpg,https://img.bokenjapan.com/media/chikuzen-dining-40032022.jpg,matched own listing photo
fukuoka/chikuzen,43,Ａコープ みわ店,https://img.bokenjapan.com/media/chikuzen-dining-40058597.jpg,https://img.bokenjapan.com/media/chikuzen-dining-40048324.jpg,matched own listing photo
fukuoka/chikuzen,44,かしわ専門店 サトウ,https://img.bokenjapan.com/media/chikuzen-dining-40028025.jpg,https://img.bokenjapan.com/media/chikuzen-dining-40058597.jpg,matched own listing photo
fukuoka/chikuzen,45,めん倶楽部 さくら みなみの里店,https://img.bokenjapan.com/media/chikuzen-dining-40024696.jpg,https://img.bokenjapan.com/media/chikuzen-dining-40028025.jpg,matched own listing photo
fukuoka/chikuzen,46,アサヒ食堂,https://img.bokenjapan.com/media/chikuzen-dining-40006753.jpg,https://img.bokenjapan.com/media/chikuzen-dining-40024696.jpg,matched own listing photo
fukuoka/chikuzen,47,ポピー,https://img.bokenjapan.com/media/chikuzen-dining-40020484.jpg,https://img.bokenjapan.com/media/chikuzen-dining-40006753.jpg,matched own listing photo
fukuoka/chikuzen,48,Yeti 朝倉店,https://img.bokenjapan.com/media/chikuzen-dining-40051560.jpg,https://img.bokenjapan.com/media/chikuzen-dining-40020484.jpg,matched own listing photo
fukuoka/chikuzen,49,麺屋旺士,https://img.bokenjapan.com/media/chikuzen-dining-40071682.jpg,https://img.bokenjapan.com/media/chikuzen-dining-40051560.jpg,matched own listing photo
fukuoka/chikuzen,50,パンの花,https://img.bokenjapan.com/media/chikuzen-dining-40045483.jpg,https://img.bokenjapan.com/media/chikuzen-dining-40071682.jpg,matched own listing photo
fukuoka/chikuzen,51,桜会の季,https://img.bokenjapan.com/media/chikuzen-dining-40035795.jpg,https://img.bokenjapan.com/media/chikuzen-dining-40045483.jpg,matched own listing photo
fukuoka/chikuzen,52,焼豚足 カースケ,https://img.bokenjapan.com/media/chikuzen-dining-40035821.jpg,https://img.bokenjapan.com/media/chikuzen-dining-40035795.jpg,matched own listing photo
fukuoka/chikuzen,53,海賊うどん,https://img.bokenjapan.com/media/chikuzen-dining-40037749.jpg,https://img.bokenjapan.com/media/chikuzen-dining-40035821.jpg,matched own listing photo
fukuoka/chikuzen,54,肉のたかお,https://img.bokenjapan.com/media/chikuzen-dining-40048013.jpg,https://img.bokenjapan.com/media/chikuzen-dining-40037749.jpg,matched own listing photo
fukuoka/chikuzen,55,茶房 ゆうあかね,https://img.bokenjapan.com/media/chikuzen-dining-40067056.jpg,https://img.bokenjapan.com/media/chikuzen-dining-40048013.jpg,matched own listing photo
fukuoka/chikuzen,56,喫茶 EMUSEE,https://img.bokenjapan.com/media/chikuzen-dining-40070607.jpg,https://img.bokenjapan.com/media/chikuzen-dining-40067056.jpg,matched own listing photo
fukuoka/chikuzen,57,JAファーマーズ Aコープ 夜須店,https://img.bokenjapan.com/media/chikuzen-dining-40065386.jpg,https://img.bokenjapan.com/media/chikuzen-dining-40070607.jpg,matched own listing photo
fukuoka/chikuzen,58,めん倶楽部　さくら,https://img.bokenjapan.com/media/chikuzen-dining-40023807.jpg,https://img.bokenjapan.com/media/chikuzen-dining-40065386.jpg,matched own listing photo
fukuoka/chikuzen,61,古民家でくつろぐ   さかね,https://img.bokenjapan.com/media/chikuzen-dining-40028229.jpg,,photo belonged to another card; no own photo found
fukuoka/chikuzen,62,らいおん果実園,https://img.bokenjapan.com/media/chikuzen-dining-40042321.jpg,https://img.bokenjapan.com/media/chikuzen-dining-40028229.jpg,matched own listing photo
fukuoka/chikuzen,63,NABINA,https://img.bokenjapan.com/media/chikuzen-dining-40068416.jpg,https://img.bokenjapan.com/media/chikuzen-dining-40042321.jpg,matched own listing photo
fukuoka/chikuzen,64,Pizza world & m 朝倉店,https://img.bokenjapan.com/media/chikuzen-dining-40069241.jpg,https://img.bokenjapan.com/media/chikuzen-dining-40068416.jpg,matched own listing photo
fukuoka/chikuzen,65,パティスリー Lisa,https://img.bokenjapan.com/media/chikuzen-dining-40073334.jpg,https://img.bokenjapan.com/media/chikuzen-dining-40069241.jpg,matched own listing photo
fukuoka/chikuzen,66,オステリア サイクル,https://img.bokenjapan.com/media/chikuzen-dining-40071818.jpg,https://img.bokenjapan.com/media/chikuzen-dining-40073334.jpg,matched own listing photo
fukuoka/chikuzen,67,おべんとうのヒライ 夜須店,https://img.bokenjapan.com/media/chikuzen-dining-40035347.jpg,https://img.bokenjapan.com/media/chikuzen-dining-40071818.jpg,matched own listing photo
fukuoka/chikuzen,68,唐揚げ専門 はっぴ商店 朝倉店,https://img.bokenjapan.com/media/chikuzen-dining-40058381.jpg,https://img.bokenjapan.com/media/chikuzen-dining-40035347.jpg,matched own listing photo
fukuoka/chikuzen,69,OMUSUBI米ピ,https://img.bokenjapan.com/media/chikuzen-dining-40069318.jpg,https://img.bokenjapan.com/media/chikuzen-dining-40058381.jpg,matched own listing photo
fukuoka/chikuzen,70,天然酵母pukupuku〜ぷくぷく〜,https://img.bokenjapan.com/media/chikuzen-dining-40042460.jpg,https://img.bokenjapan.com/media/chikuzen-dining-40069318.jpg,matched own listing photo
fukuoka/chikuzen,71,いけだ,https://img.bokenjapan.com/media/chikuzen-dining-40035361.jpg,https://img.bokenjapan.com/media/chikuzen-dining-40042460.jpg,matched own listing photo
fukuoka/chikuzen,72,イタリア料理マーレ,https://img.bokenjapan.com/media/chikuzen-dining-40045414.jpg,https://img.bokenjapan.com/media/chikuzen-dining-40035361.jpg,matched own listing photo
fukuoka/chikuzen,73,永利牧場 まきばの家,https://img.bokenjapan.com/media/chikuzen-dining-40057502.jpg,https://img.bokenjapan.com/media/chikuzen-dining-40045414.jpg,matched own listing photo
fukuoka/chikuzen,74,ICHI CAFE KITCHEN,https://img.bokenjapan.com/media/chikuzen-dining-40068341.jpg,https://img.bokenjapan.com/media/chikuzen-dining-40057502.jpg,matched own listing photo
fukuoka/chikuzen,75,めし場 名無し,https://img.bokenjapan.com/media/chikuzen-dining-40072870.jpg,https://img.bokenjapan.com/media/chikuzen-dining-40068341.jpg,matched own listing photo
fukuoka/chikuzen,76,弁当ホーム,https://img.bokenjapan.com/media/chikuzen-dining-40049521.jpg,https://img.bokenjapan.com/media/chikuzen-dining-40072870.jpg,matched own listing photo
fukuoka/chikuzen,77,ホテル エーゼット 福岡夜須店,https://img.bokenjapan.com/media/chikuzen-dining-40035200.jpg,https://img.bokenjapan.com/media/chikuzen-dining-40049521.jpg,matched own listing photo
fukuoka/chikuzen,78,グリーン カフェ モロー,https://img.bokenjapan.com/media/chikuzen-dining-40054275.jpg,https://img.bokenjapan.com/media/chikuzen-dining-40035200.jpg,matched own listing photo
fukuoka/chikuzen,81,花立山ファーム,https://img.bokenjapan.com/media/chikuzen-dining-40059783.jpg,,photo belonged to another card; no own photo found
fukuoka/chikuzen,82,もろおか市場,https://img.bokenjapan.com/media/chikuzen-dining-40042214.jpg,https://img.bokenjapan.com/media/chikuzen-dining-40059783.jpg,matched own listing photo
fukuoka/chikuzen,83,高尾鮮魚店,https://img.bokenjapan.com/media/chikuzen-dining-40052195.jpg,https://img.bokenjapan.com/media/chikuzen-dining-40042214.jpg,matched own listing photo
fukuoka/chikuzen,84,本格炭火焼鳥 鉄馬,https://img.bokenjapan.com/media/chikuzen-dining-40050107.jpg,https://img.bokenjapan.com/media/chikuzen-dining-40052195.jpg,matched own listing photo
fukuoka/chikuzen,85,厳チャン,https://img.bokenjapan.com/media/chikuzen-dining-40046295.jpg,https://img.bokenjapan.com/media/chikuzen-dining-40050107.jpg,matched own listing photo
fukuoka/chikuzen,86,レトロカフェ,https://img.bokenjapan.com/media/chikuzen-dining-40040784.jpg,https://img.bokenjapan.com/media/chikuzen-dining-40046295.jpg,matched own listing photo
fukuoka/chikuzen,87,寿司居酒屋 稲穂,https://img.bokenjapan.com/media/chikuzen-dining-40050535.jpg,https://img.bokenjapan.com/media/chikuzen-dining-40040784.jpg,matched own listing photo
fukuoka/chikuzen,88,肉のたかお もろおか市場店,https://img.bokenjapan.com/media/chikuzen-dining-40062557.jpg,https://img.bokenjapan.com/media/chikuzen-dining-40050535.jpg,matched own listing photo
fukuoka/chikuzen,89,みわせんべい,https://img.bokenjapan.com/media/chikuzen-dining-40030043.jpg,https://img.bokenjapan.com/media/chikuzen-dining-40062557.jpg,matched own listing photo
fukuoka/chikuzen,90,長参 福岡夜須店,https://img.bokenjapan.com/media/chikuzen-dining-40035201.jpg,https://img.bokenjapan.com/media/chikuzen-dining-40030043.jpg,matched own listing photo
fukuoka/chikuzen,91,とりや ,https://img.bokenjapan.com/media/chikuzen-dining-40040673.jpg,https://img.bokenjapan.com/media/chikuzen-dining-40035201.jpg,matched own listing photo
fukuoka/chikuzen,92,串工房無我,https://img.bokenjapan.com/media/chikuzen-dining-40022243.jpg,https://img.bokenjapan.com/media/chikuzen-dining-40040673.jpg,matched own listing photo
fukuoka/chikuzen,93,ダイレックス 夜須店,https://img.bokenjapan.com/media/chikuzen-dining-40050447.jpg,https://img.bokenjapan.com/media/chikuzen-dining-40022243.jpg,matched own listing photo
fukuoka/chikuzen,94,マルキョウ 朝倉店,https://img.bokenjapan.com/media/chikuzen-dining-40054419.jpg,https://img.bokenjapan.com/media/chikuzen-dining-40050447.jpg,matched own listing photo
fukuoka/chikuzen,95,山小屋ラーメン 夜須店,https://img.bokenjapan.com/media/chikuzen-dining-40018068.jpg,https://img.bokenjapan.com/media/chikuzen-dining-40054419.jpg,matched own listing photo
fukuoka/chikuzen,96,モスバーガー 福岡三輪店,https://img.bokenjapan.com/media/chikuzen-dining-40044646.jpg,https://img.bokenjapan.com/media/chikuzen-dining-40018068.jpg,matched own listing photo
fukuoka/chikuzen,97,地鶏・赤鶏のタタキ なかむら,https://img.bokenjapan.com/media/chikuzen-dining-40065361.jpg,https://img.bokenjapan.com/media/chikuzen-dining-40044646.jpg,matched own listing photo
fukuoka/chikuzen,98,喜楽,https://img.bokenjapan.com/media/chikuzen-dining-40020485.jpg,https://img.bokenjapan.com/media/chikuzen-dining-40065361.jpg,matched own listing photo
fukuoka/chikuzen,101,鳥征商店,https://img.bokenjapan.com/media/chikuzen-dining-40057150.jpg,,photo belonged to another card; no own photo found
fukuoka/chikuzen,102,食堂 まるや,https://img.bokenjapan.com/media/chikuzen-dining-40074533.jpg,https://img.bokenjapan.com/media/chikuzen-dining-40057150.jpg,matched own listing photo
fukuoka/chikuzen,103,焼道楽,https://img.bokenjapan.com/media/chikuzen-dining-40008902.jpg,https://img.bokenjapan.com/media/chikuzen-dining-40074533.jpg,matched own listing photo
fukuoka/chikuzen,104,朝ごはん おにぎり屋,https://img.bokenjapan.com/media/chikuzen-dining-40072600.jpg,https://img.bokenjapan.com/media/chikuzen-dining-40008902.jpg,matched own listing photo
fukuoka/chikuzen,105,ティー ポット,https://img.bokenjapan.com/media/chikuzen-dining-40039648.jpg,https://img.bokenjapan.com/media/chikuzen-dining-40072600.jpg,matched own listing photo
fukuoka/chikuzen,106,まんまる屋,https://img.bokenjapan.com/media/chikuzen-dining-40071441.jpg,https://img.bokenjapan.com/media/chikuzen-dining-40039648.jpg,matched own listing photo
fukuoka/chikuzen,107,馬力,https://img.bokenjapan.com/media/chikuzen-dining-40059185.jpg,https://img.bokenjapan.com/media/chikuzen-dining-40071441.jpg,matched own listing photo
fukuoka/chikuzen,108,ごえん屋,https://img.bokenjapan.com/media/chikuzen-dining-40045862.jpg,https://img.bokenjapan.com/media/chikuzen-dining-40059185.jpg,matched own listing photo
fukuoka/chikuzen,109,木いちごの家,https://img.bokenjapan.com/media/chikuzen-dining-40065303.jpg,https://img.bokenjapan.com/media/chikuzen-dining-40045862.jpg,matched own listing photo
fukuoka/chikuzen,110,三松堂,https://img.bokenjapan.com/media/chikuzen-dining-40029099.jpg,https://img.bokenjapan.com/media/chikuzen-dining-40065303.jpg,matched own listing photo
fukuoka/chikuzen,111,みなみ舎,https://img.bokenjapan.com/media/chikuzen-dining-40060623.jpg,https://img.bokenjapan.com/media/chikuzen-dining-40029099.jpg,matched own listing photo
fukuoka/chikuzen,112,海華,https://img.bokenjapan.com/media/chikuzen-dining-40065283.jpg,https://img.bokenjapan.com/media/chikuzen-dining-40060623.jpg,matched own listing photo
fukuoka/chikuzen,113,山葡萄,https://img.bokenjapan.com/media/chikuzen-dining-40064721.jpg,https://img.bokenjapan.com/media/chikuzen-dining-40065283.jpg,matched own listing photo
fukuoka/chikuzen,114,夜須高原 釣り堀パーク,https://img.bokenjapan.com/media/chikuzen-dining-40071522.jpg,https://img.bokenjapan.com/media/chikuzen-dining-40064721.jpg,matched own listing photo
fukuoka/chikuzen,115,地鶏食堂 筑前店,https://img.bokenjapan.com/media/chikuzen-dining-40072950.jpg,https://img.bokenjapan.com/media/chikuzen-dining-40071522.jpg,matched own listing photo
fukuoka/chikuzen,116,焼肉 龍王館 朝倉店,https://img.bokenjapan.com/media/chikuzen-dining-40052767.jpg,https://img.bokenjapan.com/media/chikuzen-dining-40072950.jpg,matched own listing photo
fukuoka/chikuzen,117,大六寿司,https://img.bokenjapan.com/media/chikuzen-dining-40018705.jpg,https://img.bokenjapan.com/media/chikuzen-dining-40052767.jpg,matched own listing photo
fukuoka/chikuzen,118,Coffee house 果林,https://img.bokenjapan.com/media/chikuzen-dining-40050644.jpg,https://img.bokenjapan.com/media/chikuzen-dining-40018705.jpg,matched own listing photo
fukuoka/chikuzen,121,わんわんスポーツカフェ Barnard,https://img.bokenjapan.com/media/chikuzen-dining-40058560.jpg,,photo belonged to another card; no own photo found
fukuoka/chikuzen,122,国立夜須高原青少年自然の家,https://img.bokenjapan.com/media/chikuzen-dining-40052746.jpg,https://img.bokenjapan.com/media/chikuzen-dining-40058560.jpg,matched own listing photo
fukuoka/chikuzen,123,お食事処 えん,https://img.bokenjapan.com/media/chikuzen-dining-40042914.jpg,https://img.bokenjapan.com/media/chikuzen-dining-40052746.jpg,matched own listing photo
fukuoka/chikuzen,124,カナドルチェ,https://img.bokenjapan.com/media/chikuzen-dining-40063869.jpg,https://img.bokenjapan.com/media/chikuzen-dining-40042914.jpg,matched own listing photo
fukuoka/chikuzen,125,みなみの里 手みやげやさん,https://img.bokenjapan.com/media/chikuzen-dining-40061725.jpg,,photo belonged to another card; no own photo found
fukuoka/chikuzen,126,しか鮨,https://img.bokenjapan.com/media/chikuzen-dining-40041939.jpg,https://img.bokenjapan.com/media/chikuzen-dining-40061725.jpg,matched own listing photo
fukuoka/chikuzen,127,仕出し 白近,https://img.bokenjapan.com/media/chikuzen-dining-40064344.jpg,https://img.bokenjapan.com/media/chikuzen-dining-40041939.jpg,matched own listing photo
fukuoka/chikuzen,128,やまびこ,https://img.bokenjapan.com/media/chikuzen-dining-40054629.jpg,https://img.bokenjapan.com/media/chikuzen-dining-40064344.jpg,matched own listing photo
fukuoka/chikuzen,129,千両,https://img.bokenjapan.com/media/chikuzen-dining-40061070.jpg,https://img.bokenjapan.com/media/chikuzen-dining-40054629.jpg,matched own listing photo
fukuoka/chikuzen,130,もなか屋 たねよし,https://img.bokenjapan.com/media/chikuzen-dining-40059533.jpg,https://img.bokenjapan.com/media/chikuzen-dining-40061070.jpg,matched own listing photo
fukuoka/chikuzen,131,本格炭火焼道場 鶏太郎,https://img.bokenjapan.com/media/chikuzen-dining-40046765.jpg,https://img.bokenjapan.com/media/chikuzen-dining-40059533.jpg,matched own listing photo
fukuoka/chikuzen,132,てんぐや,https://img.bokenjapan.com/media/chikuzen-dining-40014483.jpg,https://img.bokenjapan.com/media/chikuzen-dining-40046765.jpg,matched own listing photo
fukuoka/chikuzen,133,ミツイモタイム 朝倉３８６店,https://img.bokenjapan.com/media/chikuzen-dining-40066441.jpg,https://img.bokenjapan.com/media/chikuzen-dining-40014483.jpg,matched own listing photo
fukuoka/chikuzen,134,たかちゃん食堂,https://img.bokenjapan.com/media/chikuzen-dining-40044894.jpg,https://img.bokenjapan.com/media/chikuzen-dining-40066441.jpg,matched own listing photo
fukuoka/chikuzen,135,さかえや 本店,https://img.bokenjapan.com/media/chikuzen-dining-40056799.jpg,https://img.bokenjapan.com/media/chikuzen-dining-40044894.jpg,matched own listing photo
fukuoka/chikuzen,136,やきとり 歩夢,https://img.bokenjapan.com/media/chikuzen-dining-40066971.jpg,https://img.bokenjapan.com/media/chikuzen-dining-40056799.jpg,matched own listing photo
fukuoka/chikuzen,137,雀のお宿 三輪店,https://img.bokenjapan.com/media/chikuzen-dining-40011169.jpg,https://img.bokenjapan.com/media/chikuzen-dining-40066971.jpg,matched own listing photo
fukuoka/chikuzen,138,笑,https://img.bokenjapan.com/media/chikuzen-dining-40022242.jpg,https://img.bokenjapan.com/media/chikuzen-dining-40011169.jpg,matched own listing photo
fukuoka/chikuzen,141,groovin coffee,https://img.bokenjapan.com/media/chikuzen-dining-40072443.jpg,,photo belonged to another card; no own photo found
fukuoka/chikuzen,144,cafe PRISM,https://img.bokenjapan.com/media/chikuzen-dining-40064560.jpg,https://img.bokenjapan.com/media/chikuzen-dining-40072443.jpg,matched own listing photo
fukuoka/chikuzen,145,杏紅瑠,https://img.bokenjapan.com/media/chikuzen-dining-40070908.jpg,https://img.bokenjapan.com/media/chikuzen-dining-40064560.jpg,matched own listing photo
fukuoka/chikuzen,146,さくらともみじ 福岡店,https://img.bokenjapan.com/media/chikuzen-dining-40075172.jpg,https://img.bokenjapan.com/media/chikuzen-dining-40070908.jpg,matched own listing photo
fukuoka/chikuzen,147,ファミリーマート 筑前山家道店,https://img.bokenjapan.com/media/chikuzen-dining-40058216.jpg,https://img.bokenjapan.com/media/chikuzen-dining-40075172.jpg,matched own listing photo
fukuoka/chikuzen,148,ディスカウントドラッグコスモス 夜須店,https://img.bokenjapan.com/media/chikuzen-dining-40062945.jpg,https://img.bokenjapan.com/media/chikuzen-dining-40058216.jpg,matched own listing photo
fukuoka/chikuzen,150,ヒラノのタマゴ,https://img.bokenjapan.com/media/chikuzen-dining-40075171.jpg,https://img.bokenjapan.com/media/chikuzen-dining-40062945.jpg,matched own listing photo
fukuoka/chikuzen,151,AMASOU,https://img.bokenjapan.com/media/chikuzen-dining-40072774.jpg,https://img.bokenjapan.com/media/chikuzen-dining-40075171.jpg,matched own listing photo
fukuoka/chikuzen,152,セブンイレブン 筑前町役場前店,https://img.bokenjapan.com/media/chikuzen-dining-40061307.jpg,https://img.bokenjapan.com/media/chikuzen-dining-40072774.jpg,matched own listing photo
fukuoka/chikuzen,153,味処戸高,https://img.bokenjapan.com/media/chikuzen-dining-40016201.jpg,https://img.bokenjapan.com/media/chikuzen-dining-40061307.jpg,matched own listing photo
fukuoka/chikuzen,156,hug,https://img.bokenjapan.com/media/chikuzen-dining-40075003.jpg,https://img.bokenjapan.com/media/chikuzen-dining-40016201.jpg,matched own listing photo
fukuoka/chikuzen,160,AZcafe Shidaka 福岡夜須店,https://img.bokenjapan.com/media/chikuzen-dining-40072540.jpg,,photo belonged to another card; no own photo found
fukuoka/chikuzen,167,カースケの居酒屋,https://img.bokenjapan.com/media/chikuzen-dining-40039329.jpg,https://img.bokenjapan.com/media/chikuzen-dining-40072540.jpg,matched own listing photo
fukuoka/fukuchi,2,たのし家,https://img.bokenjapan.com/media/fukuchi-dining-40014435.jpg,,photo belonged to another card; no own photo found
fukuoka/fukuchi,3,そば屋 こだるま,https://img.bokenjapan.com/media/fukuchi-dining-40069345.jpg,https://img.bokenjapan.com/media/fukuchi-dining-40014435.jpg,matched own listing photo
fukuoka/fukuchi,4,活魚寿司たちばな,https://img.bokenjapan.com/media/fukuchi-dining-40010657.jpg,https://img.bokenjapan.com/media/fukuchi-dining-40069345.jpg,matched own listing photo
fukuoka/fukuchi,5,ラーメン大将,https://img.bokenjapan.com/media/fukuchi-dining-40028083.jpg,https://img.bokenjapan.com/media/fukuchi-dining-40010657.jpg,matched own listing photo
fukuoka/fukuchi,6,弁天,https://img.bokenjapan.com/media/fukuchi-dining-40010145.jpg,https://img.bokenjapan.com/media/fukuchi-dining-40028083.jpg,matched own listing photo
fukuoka/fukuchi,7,とんかつ・フライ専門店　蔵司,https://img.bokenjapan.com/media/fukuchi-dining-40013922.jpg,https://img.bokenjapan.com/media/fukuchi-dining-40010145.jpg,matched own listing photo
fukuoka/fukuchi,8,炭火・鉄板焼 ステーキ&ハンバーグ くずはら,https://img.bokenjapan.com/media/fukuchi-dining-40049081.jpg,https://img.bokenjapan.com/media/fukuchi-dining-40013922.jpg,matched own listing photo
fukuoka/fukuchi,9,想い堂,https://img.bokenjapan.com/media/fukuchi-dining-40070249.jpg,https://img.bokenjapan.com/media/fukuchi-dining-40049081.jpg,matched own listing photo
fukuoka/fukuchi,10,味八 田川店,https://img.bokenjapan.com/media/fukuchi-dining-40024148.jpg,https://img.bokenjapan.com/media/fukuchi-dining-40070249.jpg,matched own listing photo
fukuoka/fukuchi,11,レストラン さくら,https://img.bokenjapan.com/media/fukuchi-dining-40041446.jpg,https://img.bokenjapan.com/media/fukuchi-dining-40024148.jpg,matched own listing photo
fukuoka/fukuchi,12,筑豊ラーメン 山小屋 ふじ湯の里店,https://img.bokenjapan.com/media/fukuchi-dining-40057095.jpg,https://img.bokenjapan.com/media/fukuchi-dining-40041446.jpg,matched own listing photo
fukuoka/fukuchi,13,としょパン,https://img.bokenjapan.com/media/fukuchi-dining-40046732.jpg,https://img.bokenjapan.com/media/fukuchi-dining-40057095.jpg,matched own listing photo
fukuoka/fukuchi,14,ちびちび,https://img.bokenjapan.com/media/fukuchi-dining-40037451.jpg,https://img.bokenjapan.com/media/fukuchi-dining-40046732.jpg,matched own listing photo
fukuoka/fukuchi,15,ひよちゃんち Crepe,https://img.bokenjapan.com/media/fukuchi-dining-40058996.jpg,https://img.bokenjapan.com/media/fukuchi-dining-40037451.jpg,matched own listing photo
fukuoka/fukuchi,16,食事処信子,https://img.bokenjapan.com/media/fukuchi-dining-40013908.jpg,https://img.bokenjapan.com/media/fukuchi-dining-40058996.jpg,matched own listing photo
fukuoka/fukuchi,17,げんき畑,https://img.bokenjapan.com/media/fukuchi-dining-40028204.jpg,https://img.bokenjapan.com/media/fukuchi-dining-40013908.jpg,matched own listing photo
fukuoka/fukuchi,18,ビストロみな川,https://img.bokenjapan.com/media/fukuchi-dining-40014585.jpg,https://img.bokenjapan.com/media/fukuchi-dining-40028204.jpg,matched own listing photo
fukuoka/fukuchi,19,たんぽぽ亭,https://img.bokenjapan.com/media/fukuchi-dining-40052961.jpg,https://img.bokenjapan.com/media/fukuchi-dining-40014585.jpg,matched own listing photo
fukuoka/fukuchi,22,CHOCORO FAM,https://img.bokenjapan.com/media/fukuchi-dining-40063794.jpg,,photo belonged to another card; no own photo found
fukuoka/fukuchi,23,ボタ山,https://img.bokenjapan.com/media/fukuchi-dining-40009745.jpg,https://img.bokenjapan.com/media/fukuchi-dining-40063794.jpg,matched own listing photo
fukuoka/fukuchi,24,まちの小さなケーキ屋さん 四季菜,https://img.bokenjapan.com/media/fukuchi-dining-40058617.jpg,https://img.bokenjapan.com/media/fukuchi-dining-40009745.jpg,matched own listing photo
fukuoka/fukuchi,25,地どり焼 のむら丸,https://img.bokenjapan.com/media/fukuchi-dining-40049550.jpg,https://img.bokenjapan.com/media/fukuchi-dining-40058617.jpg,matched own listing photo
fukuoka/fukuchi,26,鶏無双 田川店,https://img.bokenjapan.com/media/fukuchi-dining-40045311.jpg,https://img.bokenjapan.com/media/fukuchi-dining-40049550.jpg,matched own listing photo
fukuoka/fukuchi,27,いろり,https://img.bokenjapan.com/media/fukuchi-dining-40059398.jpg,https://img.bokenjapan.com/media/fukuchi-dining-40045311.jpg,matched own listing photo
fukuoka/fukuchi,28,太郎丸チキン,https://img.bokenjapan.com/media/fukuchi-dining-40025718.jpg,https://img.bokenjapan.com/media/fukuchi-dining-40059398.jpg,matched own listing photo
fukuoka/fukuchi,29,肉肉うどん うどん処 森下商店,https://img.bokenjapan.com/media/fukuchi-dining-40065259.jpg,https://img.bokenjapan.com/media/fukuchi-dining-40025718.jpg,matched own listing photo
fukuoka/fukuchi,30,ふくぜん,https://img.bokenjapan.com/media/fukuchi-dining-40033150.jpg,https://img.bokenjapan.com/media/fukuchi-dining-40065259.jpg,matched own listing photo
fukuoka/fukuchi,31,ふれあい食堂,https://img.bokenjapan.com/media/fukuchi-dining-40060552.jpg,https://img.bokenjapan.com/media/fukuchi-dining-40033150.jpg,matched own listing photo
fukuoka/fukuchi,32,猟師小家八十八,https://img.bokenjapan.com/media/fukuchi-dining-40020657.jpg,https://img.bokenjapan.com/media/fukuchi-dining-40060552.jpg,matched own listing photo
fukuoka/fukuchi,33,寿しあら川,https://img.bokenjapan.com/media/fukuchi-dining-40018152.jpg,https://img.bokenjapan.com/media/fukuchi-dining-40020657.jpg,matched own listing photo
fukuoka/fukuchi,34,中華料理 福来順 弁城店,https://img.bokenjapan.com/media/fukuchi-dining-40069364.jpg,https://img.bokenjapan.com/media/fukuchi-dining-40018152.jpg,matched own listing photo
fukuoka/fukuchi,35,こだわり食房 あが乃,https://img.bokenjapan.com/media/fukuchi-dining-40064888.jpg,https://img.bokenjapan.com/media/fukuchi-dining-40069364.jpg,matched own listing photo
fukuoka/fukuchi,36,ふくちのやどかふぇ yori-toko,https://img.bokenjapan.com/media/fukuchi-dining-40063881.jpg,https://img.bokenjapan.com/media/fukuchi-dining-40064888.jpg,matched own listing photo
fukuoka/fukuchi,37,よろずや,https://img.bokenjapan.com/media/fukuchi-dining-40066868.jpg,https://img.bokenjapan.com/media/fukuchi-dining-40063881.jpg,matched own listing photo
fukuoka/fukuchi,38,海鮮居酒屋 砂波,https://img.bokenjapan.com/media/fukuchi-dining-40068065.jpg,https://img.bokenjapan.com/media/fukuchi-dining-40066868.jpg,matched own listing photo
fukuoka/fukuchi,42,いろは,https://img.bokenjapan.com/media/fukuchi-dining-40033962.jpg,,photo belonged to another card; no own photo found
fukuoka/fukuchi,43,もごもご,https://img.bokenjapan.com/media/fukuchi-dining-40066263.jpg,https://img.bokenjapan.com/media/fukuchi-dining-40033962.jpg,matched own listing photo
fukuoka/fukuchi,44,竜月,https://img.bokenjapan.com/media/fukuchi-dining-40068729.jpg,https://img.bokenjapan.com/media/fukuchi-dining-40066263.jpg,matched own listing photo
fukuoka/fukuchi,45,PAN HOLIC,https://img.bokenjapan.com/media/fukuchi-dining-40059826.jpg,https://img.bokenjapan.com/media/fukuchi-dining-40068729.jpg,matched own listing photo
fukuoka/fukuchi,46,梅香園,https://img.bokenjapan.com/media/fukuchi-dining-40007339.jpg,https://img.bokenjapan.com/media/fukuchi-dining-40059826.jpg,matched own listing photo
fukuoka/fukuchi,47,上野の里ふれあい市,https://img.bokenjapan.com/media/fukuchi-dining-40062672.jpg,https://img.bokenjapan.com/media/fukuchi-dining-40007339.jpg,matched own listing photo
fukuoka/fukuchi,48,鉄板焼き カウボーイ,https://img.bokenjapan.com/media/fukuchi-dining-40060194.jpg,https://img.bokenjapan.com/media/fukuchi-dining-40062672.jpg,matched own listing photo
fukuoka/fukuchi,49,お食事処 花みずき,https://img.bokenjapan.com/media/fukuchi-dining-40051880.jpg,https://img.bokenjapan.com/media/fukuchi-dining-40060194.jpg,matched own listing photo
fukuoka/fukuchi,50,福智ブランドファクトリー,https://img.bokenjapan.com/media/fukuchi-dining-40065514.jpg,,photo belonged to another card; no own photo found
fukuoka/fukuchi,51,はなみずき,https://img.bokenjapan.com/media/fukuchi-dining-40046506.jpg,https://img.bokenjapan.com/media/fukuchi-dining-40065514.jpg,matched own listing photo
fukuoka/fukuchi,52,ゆうざき,https://img.bokenjapan.com/media/fukuchi-dining-40046140.jpg,https://img.bokenjapan.com/media/fukuchi-dining-40046506.jpg,matched own listing photo
fukuoka/fukuchi,53,ほうじょう温泉 ふじ湯の里,https://img.bokenjapan.com/media/fukuchi-dining-40054743.jpg,https://img.bokenjapan.com/media/fukuchi-dining-40046140.jpg,matched own listing photo
fukuoka/fukuchi,54,食味倶楽部藤,https://img.bokenjapan.com/media/fukuchi-dining-40017610.jpg,https://img.bokenjapan.com/media/fukuchi-dining-40054743.jpg,matched own listing photo
fukuoka/fukuchi,55,とり松,https://img.bokenjapan.com/media/fukuchi-dining-40073311.jpg,https://img.bokenjapan.com/media/fukuchi-dining-40017610.jpg,matched own listing photo
fukuoka/fukuchi,56,豚肉工房うめちく,https://img.bokenjapan.com/media/fukuchi-dining-40062612.jpg,https://img.bokenjapan.com/media/fukuchi-dining-40073311.jpg,matched own listing photo
fukuoka/fukuchi,57,ぢゞばゞ,https://img.bokenjapan.com/media/fukuchi-dining-40014452.jpg,https://img.bokenjapan.com/media/fukuchi-dining-40062612.jpg,matched own listing photo
fukuoka/fukuchi,58,レストラン コスモス,https://img.bokenjapan.com/media/fukuchi-dining-40048635.jpg,https://img.bokenjapan.com/media/fukuchi-dining-40014452.jpg,matched own listing photo
fukuoka/fukuchi,59,食べ飲み場 鉄板ベース,https://img.bokenjapan.com/media/fukuchi-dining-40071292.jpg,https://img.bokenjapan.com/media/fukuchi-dining-40048635.jpg,matched own listing photo
fukuoka/fukutsu,2,福間ラーメンろくでなし 福津本店,https://img.bokenjapan.com/media/fukutsu-dining-40036053.jpg,,photo belonged to another card; no own photo found
fukuoka/fukutsu,3,アプテカ フレーゴ,https://img.bokenjapan.com/media/fukutsu-dining-40047452.jpg,https://img.bokenjapan.com/media/fukutsu-dining-40036053.jpg,matched own listing photo
fukuoka/fukutsu,4,究極の生パスタ ロゼッタ福津,https://img.bokenjapan.com/media/fukutsu-dining-40040099.jpg,https://img.bokenjapan.com/media/fukutsu-dining-40047452.jpg,matched own listing photo
fukuoka/fukutsu,5,レストラン・ハイポー 福津店,https://img.bokenjapan.com/media/fukutsu-dining-40000870.jpg,https://img.bokenjapan.com/media/fukutsu-dining-40040099.jpg,matched own listing photo
fukuoka/fukutsu,6,シュンシャン・春香,https://img.bokenjapan.com/media/fukutsu-dining-40007320.jpg,https://img.bokenjapan.com/media/fukutsu-dining-40000870.jpg,matched own listing photo
fukuoka/fukutsu,7,海の彩,https://img.bokenjapan.com/media/fukutsu-dining-40035282.jpg,https://img.bokenjapan.com/media/fukutsu-dining-40007320.jpg,matched own listing photo
fukuoka/fukutsu,8,活魚 大力,https://img.bokenjapan.com/media/fukutsu-dining-40006686.jpg,https://img.bokenjapan.com/media/fukutsu-dining-40035282.jpg,matched own listing photo
fukuoka/fukutsu,9,らー麺　味噌哲,https://img.bokenjapan.com/media/fukutsu-dining-40028710.jpg,https://img.bokenjapan.com/media/fukutsu-dining-40006686.jpg,matched own listing photo
fukuoka/fukutsu,10,いけす料理 磯太郎,https://img.bokenjapan.com/media/fukutsu-dining-40013675.jpg,https://img.bokenjapan.com/media/fukutsu-dining-40028710.jpg,matched own listing photo
fukuoka/fukutsu,11,うどんや 栖（すみか）,https://img.bokenjapan.com/media/fukutsu-dining-40049318.jpg,https://img.bokenjapan.com/media/fukutsu-dining-40013675.jpg,matched own listing photo
fukuoka/fukutsu,12,となりのグリル,https://img.bokenjapan.com/media/fukutsu-dining-40025756.jpg,https://img.bokenjapan.com/media/fukutsu-dining-40049318.jpg,matched own listing photo
fukuoka/fukutsu,13,味のまるい,https://img.bokenjapan.com/media/fukutsu-dining-40009319.jpg,https://img.bokenjapan.com/media/fukutsu-dining-40025756.jpg,matched own listing photo
fukuoka/fukutsu,14,空と海,https://img.bokenjapan.com/media/fukutsu-dining-40033896.jpg,https://img.bokenjapan.com/media/fukutsu-dining-40009319.jpg,matched own listing photo
fukuoka/fukutsu,15,福飯店 福津店,https://img.bokenjapan.com/media/fukutsu-dining-40034535.jpg,https://img.bokenjapan.com/media/fukutsu-dining-40033896.jpg,matched own listing photo
fukuoka/fukutsu,16,honu.cafe,https://img.bokenjapan.com/media/fukutsu-dining-40057793.jpg,https://img.bokenjapan.com/media/fukutsu-dining-40034535.jpg,matched own listing photo
fukuoka/fukutsu,17,本格石窯パン工房 麦の香り 福間店,https://img.bokenjapan.com/media/fukutsu-dining-40020107.jpg,https://img.bokenjapan.com/media/fukutsu-dining-40057793.jpg,matched own listing photo
fukuoka/fukutsu,18,マハロ,https://img.bokenjapan.com/media/fukutsu-dining-40024000.jpg,https://img.bokenjapan.com/media/fukutsu-dining-40020107.jpg,matched own listing photo
fukuoka/fukutsu,19,かろまつ,https://img.bokenjapan.com/media/fukutsu-dining-40004345.jpg,https://img.bokenjapan.com/media/fukutsu-dining-40024000.jpg,matched own listing photo
fukuoka/fukutsu,22,楽亭,https://img.bokenjapan.com/media/fukutsu-dining-40003014.jpg,,photo belonged to another card; no own photo found
fukuoka/fukutsu,23,ENZO,https://img.bokenjapan.com/media/fukutsu-dining-40004004.jpg,https://img.bokenjapan.com/media/fukutsu-dining-40003014.jpg,matched own listing photo
fukuoka/fukutsu,24,麺屋Oggi 宮司店,https://img.bokenjapan.com/media/fukutsu-dining-40054680.jpg,https://img.bokenjapan.com/media/fukutsu-dining-40004004.jpg,matched own listing photo
fukuoka/fukutsu,25,DILLY DALLY,https://img.bokenjapan.com/media/fukutsu-dining-40064863.jpg,https://img.bokenjapan.com/media/fukutsu-dining-40054680.jpg,matched own listing photo
fukuoka/fukutsu,26,カフェ ラナイ,https://img.bokenjapan.com/media/fukutsu-dining-40006214.jpg,https://img.bokenjapan.com/media/fukutsu-dining-40064863.jpg,matched own listing photo
fukuoka/fukutsu,27,四季の味処 花靖,https://img.bokenjapan.com/media/fukutsu-dining-40006405.jpg,https://img.bokenjapan.com/media/fukutsu-dining-40006214.jpg,matched own listing photo
fukuoka/fukutsu,28,ハイド パーク,https://img.bokenjapan.com/media/fukutsu-dining-40038393.jpg,https://img.bokenjapan.com/media/fukutsu-dining-40006405.jpg,matched own listing photo
fukuoka/fukutsu,29,漁師めし 来進,https://img.bokenjapan.com/media/fukutsu-dining-40066076.jpg,https://img.bokenjapan.com/media/fukutsu-dining-40038393.jpg,matched own listing photo
fukuoka/fukutsu,30,CALIFORNIA BURGER,https://img.bokenjapan.com/media/fukutsu-dining-40064011.jpg,https://img.bokenjapan.com/media/fukutsu-dining-40066076.jpg,matched own listing photo
fukuoka/fukutsu,31,コネット,https://img.bokenjapan.com/media/fukutsu-dining-40033055.jpg,https://img.bokenjapan.com/media/fukutsu-dining-40064011.jpg,matched own listing photo
fukuoka/fukutsu,32,ハンバーグ&とんこつカレーの店 洋食バル マカロニ食堂,https://img.bokenjapan.com/media/fukutsu-dining-40045294.jpg,https://img.bokenjapan.com/media/fukutsu-dining-40033055.jpg,matched own listing photo
fukuoka/fukutsu,33,とんかつ双葉 イオンモール福津店,https://img.bokenjapan.com/media/fukutsu-dining-40044309.jpg,https://img.bokenjapan.com/media/fukutsu-dining-40045294.jpg,matched own listing photo
fukuoka/fukutsu,34,ポムドテール 福津,https://img.bokenjapan.com/media/fukutsu-dining-40056294.jpg,https://img.bokenjapan.com/media/fukutsu-dining-40044309.jpg,matched own listing photo
fukuoka/fukutsu,35,カナダキッチン,https://img.bokenjapan.com/media/fukutsu-dining-40054354.jpg,https://img.bokenjapan.com/media/fukutsu-dining-40056294.jpg,matched own listing photo
fukuoka/fukutsu,36,飯屋 ニクトサカナ,https://img.bokenjapan.com/media/fukutsu-dining-40064875.jpg,https://img.bokenjapan.com/media/fukutsu-dining-40054354.jpg,matched own listing photo
fukuoka/fukutsu,37,cafe de BoCCo,https://img.bokenjapan.com/media/fukutsu-dining-40013642.jpg,https://img.bokenjapan.com/media/fukutsu-dining-40064875.jpg,matched own listing photo
fukuoka/fukutsu,38,島屋,https://img.bokenjapan.com/media/fukutsu-dining-40012620.jpg,https://img.bokenjapan.com/media/fukutsu-dining-40013642.jpg,matched own listing photo
fukuoka/fukutsu,39,博多ラーメン ふくつまる,https://img.bokenjapan.com/media/fukutsu-dining-40063864.jpg,https://img.bokenjapan.com/media/fukutsu-dining-40012620.jpg,matched own listing photo
fukuoka/fukutsu,42,アラペイザンヌ 福津店,https://img.bokenjapan.com/media/fukutsu-dining-40045061.jpg,,photo belonged to another card; no own photo found
fukuoka/fukutsu,43,CAFE ALOHA,https://img.bokenjapan.com/media/fukutsu-dining-40048836.jpg,https://img.bokenjapan.com/media/fukutsu-dining-40045061.jpg,matched own listing photo
fukuoka/fukutsu,44,CHEZ のぶくに,https://img.bokenjapan.com/media/fukutsu-dining-40004305.jpg,https://img.bokenjapan.com/media/fukutsu-dining-40048836.jpg,matched own listing photo
fukuoka/fukutsu,45,開運堂,https://img.bokenjapan.com/media/fukutsu-dining-40047005.jpg,https://img.bokenjapan.com/media/fukutsu-dining-40004305.jpg,matched own listing photo
fukuoka/fukutsu,46,居酒屋又兵衛,https://img.bokenjapan.com/media/fukutsu-dining-40016168.jpg,https://img.bokenjapan.com/media/fukutsu-dining-40047005.jpg,matched own listing photo
fukuoka/fukutsu,47,ベッカライ アロ,https://img.bokenjapan.com/media/fukutsu-dining-40051390.jpg,https://img.bokenjapan.com/media/fukutsu-dining-40016168.jpg,matched own listing photo
fukuoka/fukutsu,48,中華料理光竜,https://img.bokenjapan.com/media/fukutsu-dining-40007318.jpg,https://img.bokenjapan.com/media/fukutsu-dining-40051390.jpg,matched own listing photo
fukuoka/fukutsu,49,やきとり 陽,https://img.bokenjapan.com/media/fukutsu-dining-40051430.jpg,https://img.bokenjapan.com/media/fukutsu-dining-40007318.jpg,matched own listing photo
fukuoka/fukutsu,50,コフレ,https://img.bokenjapan.com/media/fukutsu-dining-40005847.jpg,https://img.bokenjapan.com/media/fukutsu-dining-40051430.jpg,matched own listing photo
fukuoka/fukutsu,51,大阪屋,https://img.bokenjapan.com/media/fukutsu-dining-40026156.jpg,https://img.bokenjapan.com/media/fukutsu-dining-40005847.jpg,matched own listing photo
fukuoka/fukutsu,52,六蔵,https://img.bokenjapan.com/media/fukutsu-dining-40022191.jpg,https://img.bokenjapan.com/media/fukutsu-dining-40026156.jpg,matched own listing photo
fukuoka/fukutsu,53,吉祥,https://img.bokenjapan.com/media/fukutsu-dining-40054294.jpg,https://img.bokenjapan.com/media/fukutsu-dining-40022191.jpg,matched own listing photo
fukuoka/fukutsu,54,森永屋,https://img.bokenjapan.com/media/fukutsu-dining-40061026.jpg,https://img.bokenjapan.com/media/fukutsu-dining-40054294.jpg,matched own listing photo
fukuoka/fukutsu,55,ウィズコーヒー,https://img.bokenjapan.com/media/fukutsu-dining-40051801.jpg,,photo belonged to another card; no own photo found
fukuoka/fukutsu,56,うみがめ,https://img.bokenjapan.com/media/fukutsu-dining-40033897.jpg,https://img.bokenjapan.com/media/fukutsu-dining-40051801.jpg,matched own listing photo
fukuoka/fukutsu,57,四季酔亭・宮地館,https://img.bokenjapan.com/media/fukutsu-dining-40003728.jpg,https://img.bokenjapan.com/media/fukutsu-dining-40033897.jpg,matched own listing photo
fukuoka/fukutsu,58,まるにラーメン,https://img.bokenjapan.com/media/fukutsu-dining-40054140.jpg,https://img.bokenjapan.com/media/fukutsu-dining-40003728.jpg,matched own listing photo
fukuoka/fukutsu,61,森のカフェ燦燦,https://img.bokenjapan.com/media/fukutsu-dining-40048241.jpg,,photo belonged to another card; no own photo found
fukuoka/fukutsu,62,THE PARK,https://img.bokenjapan.com/media/fukutsu-dining-40068892.jpg,https://img.bokenjapan.com/media/fukutsu-dining-40048241.jpg,matched own listing photo
fukuoka/fukutsu,63,一風堂 イオンモール福津店,https://img.bokenjapan.com/media/fukutsu-dining-40061364.jpg,https://img.bokenjapan.com/media/fukutsu-dining-40068892.jpg,matched own listing photo
fukuoka/fukutsu,64,なちゅらる まんぷくや,https://img.bokenjapan.com/media/fukutsu-dining-40058770.jpg,https://img.bokenjapan.com/media/fukutsu-dining-40061364.jpg,matched own listing photo
fukuoka/fukutsu,65,バーガーキング イオンモール福津店,https://img.bokenjapan.com/media/fukutsu-dining-40072461.jpg,https://img.bokenjapan.com/media/fukutsu-dining-40058770.jpg,matched own listing photo
fukuoka/fukutsu,66,ケーキハウス・アン 福津店,https://img.bokenjapan.com/media/fukutsu-dining-40020539.jpg,https://img.bokenjapan.com/media/fukutsu-dining-40072461.jpg,matched own listing photo
fukuoka/fukutsu,67,クロエとパン,https://img.bokenjapan.com/media/fukutsu-dining-40063720.jpg,https://img.bokenjapan.com/media/fukutsu-dining-40020539.jpg,matched own listing photo
fukuoka/fukutsu,68,定食や まるよし,https://img.bokenjapan.com/media/fukutsu-dining-40057545.jpg,https://img.bokenjapan.com/media/fukutsu-dining-40063720.jpg,matched own listing photo
fukuoka/fukutsu,69,酒場 いっこん,https://img.bokenjapan.com/media/fukutsu-dining-40062116.jpg,https://img.bokenjapan.com/media/fukutsu-dining-40057545.jpg,matched own listing photo
fukuoka/fukutsu,70,寿し芳,https://img.bokenjapan.com/media/fukutsu-dining-40035214.jpg,https://img.bokenjapan.com/media/fukutsu-dining-40062116.jpg,matched own listing photo
fukuoka/fukutsu,71,焼肉なかむら,https://img.bokenjapan.com/media/fukutsu-dining-40009678.jpg,https://img.bokenjapan.com/media/fukutsu-dining-40035214.jpg,matched own listing photo
fukuoka/fukutsu,72,マル・マーレ,https://img.bokenjapan.com/media/fukutsu-dining-40035303.jpg,https://img.bokenjapan.com/media/fukutsu-dining-40009678.jpg,matched own listing photo
fukuoka/fukutsu,73,このみ,https://img.bokenjapan.com/media/fukutsu-dining-40037801.jpg,https://img.bokenjapan.com/media/fukutsu-dining-40035303.jpg,matched own listing photo
fukuoka/fukutsu,74,カフェ・ビーチ・コンバー,https://img.bokenjapan.com/media/fukutsu-dining-40043376.jpg,https://img.bokenjapan.com/media/fukutsu-dining-40037801.jpg,matched own listing photo
fukuoka/fukutsu,75,本格インド料理 ニューサイノ,https://img.bokenjapan.com/media/fukutsu-dining-40042012.jpg,,photo belonged to another card; no own photo found
fukuoka/fukutsu,76,本場インド料理 パビタラ 福津店,https://img.bokenjapan.com/media/fukutsu-dining-40052366.jpg,https://img.bokenjapan.com/media/fukutsu-dining-40042012.jpg,matched own listing photo
fukuoka/fukutsu,77,オ魚ソウル,https://img.bokenjapan.com/media/fukutsu-dining-40071962.jpg,https://img.bokenjapan.com/media/fukutsu-dining-40052366.jpg,matched own listing photo
fukuoka/fukutsu,78,オレンジ,https://img.bokenjapan.com/media/fukutsu-dining-40033701.jpg,https://img.bokenjapan.com/media/fukutsu-dining-40071962.jpg,matched own listing photo
fukuoka/fukutsu,81,platenne,https://img.bokenjapan.com/media/fukutsu-dining-40061657.jpg,,photo belonged to another card; no own photo found
fukuoka/fukutsu,82,食堂海味,https://img.bokenjapan.com/media/fukutsu-dining-40071348.jpg,https://img.bokenjapan.com/media/fukutsu-dining-40061657.jpg,matched own listing photo
fukuoka/fukutsu,83,ARAN BAKERY,https://img.bokenjapan.com/media/fukutsu-dining-40060773.jpg,https://img.bokenjapan.com/media/fukutsu-dining-40071348.jpg,matched own listing photo
fukuoka/fukutsu,84,手作りジェラート ANZU,https://img.bokenjapan.com/media/fukutsu-dining-40067961.jpg,https://img.bokenjapan.com/media/fukutsu-dining-40060773.jpg,matched own listing photo
fukuoka/fukutsu,85,PAiN KOTi,https://img.bokenjapan.com/media/fukutsu-dining-40063906.jpg,https://img.bokenjapan.com/media/fukutsu-dining-40067961.jpg,matched own listing photo
fukuoka/fukutsu,86,博多天ぷら たかお イオンモール福津店,https://img.bokenjapan.com/media/fukutsu-dining-40030623.jpg,https://img.bokenjapan.com/media/fukutsu-dining-40063906.jpg,matched own listing photo
fukuoka/fukutsu,87,おんどる 福津海岸通り店,https://img.bokenjapan.com/media/fukutsu-dining-40050714.jpg,https://img.bokenjapan.com/media/fukutsu-dining-40030623.jpg,matched own listing photo
fukuoka/fukutsu,88,おさかな家族 イオンモール福津店,https://img.bokenjapan.com/media/fukutsu-dining-40030752.jpg,https://img.bokenjapan.com/media/fukutsu-dining-40050714.jpg,matched own listing photo
fukuoka/fukutsu,89,小松屋,https://img.bokenjapan.com/media/fukutsu-dining-40015240.jpg,https://img.bokenjapan.com/media/fukutsu-dining-40030752.jpg,matched own listing photo
fukuoka/fukutsu,90,ぎょうざの山八,https://img.bokenjapan.com/media/fukutsu-dining-40009322.jpg,https://img.bokenjapan.com/media/fukutsu-dining-40015240.jpg,matched own listing photo
fukuoka/fukutsu,91,博多わび助 福間店,https://img.bokenjapan.com/media/fukutsu-dining-40011216.jpg,https://img.bokenjapan.com/media/fukutsu-dining-40009322.jpg,matched own listing photo
fukuoka/fukutsu,92,ままや,https://img.bokenjapan.com/media/fukutsu-dining-40013202.jpg,https://img.bokenjapan.com/media/fukutsu-dining-40011216.jpg,matched own listing photo
fukuoka/fukutsu,93,焼肉はなやま,https://img.bokenjapan.com/media/fukutsu-dining-40009679.jpg,https://img.bokenjapan.com/media/fukutsu-dining-40013202.jpg,matched own listing photo
fukuoka/fukutsu,94,くつろぎ,https://img.bokenjapan.com/media/fukutsu-dining-40037182.jpg,https://img.bokenjapan.com/media/fukutsu-dining-40009679.jpg,matched own listing photo
fukuoka/fukutsu,95,和牛七輪焼肉 みむら,https://img.bokenjapan.com/media/fukutsu-dining-40025574.jpg,https://img.bokenjapan.com/media/fukutsu-dining-40037182.jpg,matched own listing photo
fukuoka/fukutsu,96,くつろぎ珈琲 宮司店,https://img.bokenjapan.com/media/fukutsu-dining-40053875.jpg,https://img.bokenjapan.com/media/fukutsu-dining-40025574.jpg,matched own listing photo
fukuoka/fukutsu,97,漁師･割烹安徳丸,https://img.bokenjapan.com/media/fukutsu-dining-40039194.jpg,https://img.bokenjapan.com/media/fukutsu-dining-40053875.jpg,matched own listing photo
fukuoka/fukutsu,98,ケーキハウス・アン イオン福津店,https://img.bokenjapan.com/media/fukutsu-dining-40030708.jpg,https://img.bokenjapan.com/media/fukutsu-dining-40039194.jpg,matched own listing photo
fukuoka/fukutsu,101,kitchen ナカシマ,https://img.bokenjapan.com/media/fukutsu-dining-40046740.jpg,,photo belonged to another card; no own photo found
fukuoka/fukutsu,102,創作旬彩鍋 玄杏,https://img.bokenjapan.com/media/fukutsu-dining-40055971.jpg,https://img.bokenjapan.com/media/fukutsu-dining-40046740.jpg,matched own listing photo
fukuoka/fukutsu,103,ケーキハウス　リッツ,https://img.bokenjapan.com/media/fukutsu-dining-40001233.jpg,https://img.bokenjapan.com/media/fukutsu-dining-40055971.jpg,matched own listing photo
fukuoka/fukutsu,104,結び屋 睛,https://img.bokenjapan.com/media/fukutsu-dining-40067466.jpg,https://img.bokenjapan.com/media/fukutsu-dining-40001233.jpg,matched own listing photo
fukuoka/fukutsu,105,そらいろ 小さな食堂とうつわのお店,https://img.bokenjapan.com/media/fukutsu-dining-40052225.jpg,https://img.bokenjapan.com/media/fukutsu-dining-40067466.jpg,matched own listing photo
fukuoka/fukutsu,106,ニコビーチ,https://img.bokenjapan.com/media/fukutsu-dining-40048127.jpg,https://img.bokenjapan.com/media/fukutsu-dining-40052225.jpg,matched own listing photo
fukuoka/fukutsu,107,ベーカリー フクツリー,https://img.bokenjapan.com/media/fukutsu-dining-40054378.jpg,https://img.bokenjapan.com/media/fukutsu-dining-40048127.jpg,matched own listing photo
fukuoka/fukutsu,108,K'smom cafe,https://img.bokenjapan.com/media/fukutsu-dining-40062235.jpg,https://img.bokenjapan.com/media/fukutsu-dining-40054378.jpg,matched own listing photo
fukuoka/fukutsu,109,東筑軒 福間駅うどん店,https://img.bokenjapan.com/media/fukutsu-dining-40033895.jpg,https://img.bokenjapan.com/media/fukutsu-dining-40062235.jpg,matched own listing photo
fukuoka/fukutsu,110,丸亀製麺 イオンモール福津店,https://img.bokenjapan.com/media/fukutsu-dining-40030638.jpg,https://img.bokenjapan.com/media/fukutsu-dining-40033895.jpg,matched own listing photo
fukuoka/fukutsu,111,いきいきあんずの里市,https://img.bokenjapan.com/media/fukutsu-dining-40043614.jpg,https://img.bokenjapan.com/media/fukutsu-dining-40030638.jpg,matched own listing photo
fukuoka/fukutsu,112,木かげ茶屋,https://img.bokenjapan.com/media/fukutsu-dining-40055684.jpg,https://img.bokenjapan.com/media/fukutsu-dining-40043614.jpg,matched own listing photo
fukuoka/fukutsu,113,まるご屋,https://img.bokenjapan.com/media/fukutsu-dining-40022193.jpg,https://img.bokenjapan.com/media/fukutsu-dining-40055684.jpg,matched own listing photo
fukuoka/fukutsu,114,ひこぽぽ,https://img.bokenjapan.com/media/fukutsu-dining-40062566.jpg,https://img.bokenjapan.com/media/fukutsu-dining-40022193.jpg,matched own listing photo
fukuoka/fukutsu,115,ポルケッタ,https://img.bokenjapan.com/media/fukutsu-dining-40005116.jpg,https://img.bokenjapan.com/media/fukutsu-dining-40062566.jpg,matched own listing photo
fukuoka/fukutsu,116,博多鯛焼き　鯛宝楽 福津本店,https://img.bokenjapan.com/media/fukutsu-dining-40024188.jpg,https://img.bokenjapan.com/media/fukutsu-dining-40005116.jpg,matched own listing photo
fukuoka/fukutsu,117,本場インド料理専門店 クシー,https://img.bokenjapan.com/media/fukutsu-dining-40071214.jpg,https://img.bokenjapan.com/media/fukutsu-dining-40024188.jpg,matched own listing photo
fukuoka/fukutsu,118,カルビ家,https://img.bokenjapan.com/media/fukutsu-dining-40009677.jpg,https://img.bokenjapan.com/media/fukutsu-dining-40071214.jpg,matched own listing photo
fukuoka/fukutsu,121,キッチン彩,https://img.bokenjapan.com/media/fukutsu-dining-40018787.jpg,,photo belonged to another card; no own photo found
fukuoka/fukutsu,122,DAY TRIP,https://img.bokenjapan.com/media/fukutsu-dining-40062098.jpg,https://img.bokenjapan.com/media/fukutsu-dining-40018787.jpg,matched own listing photo
fukuoka/fukutsu,123,パティスリー エトワール,https://img.bokenjapan.com/media/fukutsu-dining-40042618.jpg,https://img.bokenjapan.com/media/fukutsu-dining-40062098.jpg,matched own listing photo
fukuoka/fukutsu,124,北海道スープカレー和み,https://img.bokenjapan.com/media/fukutsu-dining-40070881.jpg,https://img.bokenjapan.com/media/fukutsu-dining-40042618.jpg,matched own listing photo
fukuoka/fukutsu,125,美食 さわ田,https://img.bokenjapan.com/media/fukutsu-dining-40060917.jpg,https://img.bokenjapan.com/media/fukutsu-dining-40070881.jpg,matched own listing photo
fukuoka/fukutsu,126,Crepe Guider,https://img.bokenjapan.com/media/fukutsu-dining-40069715.jpg,https://img.bokenjapan.com/media/fukutsu-dining-40060917.jpg,matched own listing photo
fukuoka/fukutsu,127,カラオケ喫茶ルピナス,https://img.bokenjapan.com/media/fukutsu-dining-40069044.jpg,https://img.bokenjapan.com/media/fukutsu-dining-40069715.jpg,matched own listing photo
fukuoka/fukutsu,128,若竹丸 福津店,https://img.bokenjapan.com/media/fukutsu-dining-40063354.jpg,https://img.bokenjapan.com/media/fukutsu-dining-40069044.jpg,matched own listing photo
fukuoka/fukutsu,129,ピア・サピド 福津店,https://img.bokenjapan.com/media/fukutsu-dining-40030626.jpg,https://img.bokenjapan.com/media/fukutsu-dining-40063354.jpg,matched own listing photo
fukuoka/fukutsu,130,自家焙煎珈琲豆屋 珈琲まつり,https://img.bokenjapan.com/media/fukutsu-dining-40052624.jpg,https://img.bokenjapan.com/media/fukutsu-dining-40030626.jpg,matched own listing photo
fukuoka/fukutsu,131,権田,https://img.bokenjapan.com/media/fukutsu-dining-40037655.jpg,https://img.bokenjapan.com/media/fukutsu-dining-40052624.jpg,matched own listing photo
fukuoka/fukutsu,132,ぢどり屋江藤,https://img.bokenjapan.com/media/fukutsu-dining-40011789.jpg,https://img.bokenjapan.com/media/fukutsu-dining-40037655.jpg,matched own listing photo
fukuoka/fukutsu,133,Bintan,https://img.bokenjapan.com/media/fukutsu-dining-40037488.jpg,https://img.bokenjapan.com/media/fukutsu-dining-40011789.jpg,matched own listing photo
fukuoka/fukutsu,134,Piilo,https://img.bokenjapan.com/media/fukutsu-dining-40071463.jpg,https://img.bokenjapan.com/media/fukutsu-dining-40037488.jpg,matched own listing photo
fukuoka/fukutsu,135,ドライブイン しおはま,https://img.bokenjapan.com/media/fukutsu-dining-40068139.jpg,https://img.bokenjapan.com/media/fukutsu-dining-40071463.jpg,matched own listing photo
fukuoka/fukutsu,136,ミタニコーヒー,https://img.bokenjapan.com/media/fukutsu-dining-40063075.jpg,https://img.bokenjapan.com/media/fukutsu-dining-40068139.jpg,matched own listing photo
fukuoka/fukutsu,137,カメリアカフェ,https://img.bokenjapan.com/media/fukutsu-dining-40046626.jpg,https://img.bokenjapan.com/media/fukutsu-dining-40063075.jpg,matched own listing photo
fukuoka/fukutsu,138,独楽,https://img.bokenjapan.com/media/fukutsu-dining-40068066.jpg,https://img.bokenjapan.com/media/fukutsu-dining-40046626.jpg,matched own listing photo
fukuoka/fukutsu,141,暖暮 若木台店,https://img.bokenjapan.com/media/fukutsu-dining-40024976.jpg,,photo belonged to another card; no own photo found
fukuoka/fukutsu,142,さち福や イオンモール福津店,https://img.bokenjapan.com/media/fukutsu-dining-40030619.jpg,https://img.bokenjapan.com/media/fukutsu-dining-40024976.jpg,matched own listing photo
fukuoka/fukutsu,143,串家物語 イオンモール福津店,https://img.bokenjapan.com/media/fukutsu-dining-40030618.jpg,https://img.bokenjapan.com/media/fukutsu-dining-40030619.jpg,matched own listing photo
fukuoka/fukutsu,144,紅虎餃子房 イオンモール福津,https://img.bokenjapan.com/media/fukutsu-dining-40049517.jpg,https://img.bokenjapan.com/media/fukutsu-dining-40030618.jpg,matched own listing photo
fukuoka/fukutsu,145,うどん海翔,https://img.bokenjapan.com/media/fukutsu-dining-40040972.jpg,https://img.bokenjapan.com/media/fukutsu-dining-40049517.jpg,matched own listing photo
fukuoka/fukutsu,146,あんず お肉の工場直売所 福津店,https://img.bokenjapan.com/media/fukutsu-dining-40045035.jpg,https://img.bokenjapan.com/media/fukutsu-dining-40040972.jpg,matched own listing photo
fukuoka/fukutsu,147,グランピング福岡 ぶどうの樹,https://img.bokenjapan.com/media/fukutsu-dining-40051485.jpg,https://img.bokenjapan.com/media/fukutsu-dining-40045035.jpg,matched own listing photo
fukuoka/fukutsu,148,Coffee bean's 遊悠,https://img.bokenjapan.com/media/fukutsu-dining-40040946.jpg,https://img.bokenjapan.com/media/fukutsu-dining-40051485.jpg,matched own listing photo
fukuoka/fukutsu,149,グラマーカフェ ミヤジハマ,https://img.bokenjapan.com/media/fukutsu-dining-40052978.jpg,https://img.bokenjapan.com/media/fukutsu-dining-40040946.jpg,matched own listing photo
fukuoka/fukutsu,150,蛸吉,https://img.bokenjapan.com/media/fukutsu-dining-40040355.jpg,https://img.bokenjapan.com/media/fukutsu-dining-40052978.jpg,matched own listing photo
fukuoka/fukutsu,151,八重食堂,https://img.bokenjapan.com/media/fukutsu-dining-40050704.jpg,https://img.bokenjapan.com/media/fukutsu-dining-40040355.jpg,matched own listing photo
fukuoka/fukutsu,152,まいこのカレー,https://img.bokenjapan.com/media/fukutsu-dining-40070497.jpg,https://img.bokenjapan.com/media/fukutsu-dining-40050704.jpg,matched own listing photo
fukuoka/fukutsu,153,パン工房 コメコ ベーカリー,https://img.bokenjapan.com/media/fukutsu-dining-40054637.jpg,https://img.bokenjapan.com/media/fukutsu-dining-40070497.jpg,matched own listing photo
fukuoka/fukutsu,154,ささ舟 津屋崎店,https://img.bokenjapan.com/media/fukutsu-dining-40033890.jpg,https://img.bokenjapan.com/media/fukutsu-dining-40054637.jpg,matched own listing photo
fukuoka/fukutsu,155,きりんや麺,https://img.bokenjapan.com/media/fukutsu-dining-40073710.jpg,https://img.bokenjapan.com/media/fukutsu-dining-40033890.jpg,matched own listing photo
fukuoka/fukutsu,156,TOHOシネマズ 福津,https://img.bokenjapan.com/media/fukutsu-dining-40033723.jpg,https://img.bokenjapan.com/media/fukutsu-dining-40073710.jpg,matched own listing photo
fukuoka/fukutsu,157,桜のキャトル,https://img.bokenjapan.com/media/fukutsu-dining-40042454.jpg,https://img.bokenjapan.com/media/fukutsu-dining-40033723.jpg,matched own listing photo
fukuoka/fukutsu,158,ファスアラメール・ギ・タカハシ,https://img.bokenjapan.com/media/fukutsu-dining-40045798.jpg,https://img.bokenjapan.com/media/fukutsu-dining-40042454.jpg,matched own listing photo
fukuoka/fukutsu,161,アイリーカフェ,https://img.bokenjapan.com/media/fukutsu-dining-40055438.jpg,,photo belonged to another card; no own photo found
fukuoka/fukutsu,162,鉄板焼 平吉 津屋崎店,https://img.bokenjapan.com/media/fukutsu-dining-40014189.jpg,https://img.bokenjapan.com/media/fukutsu-dining-40055438.jpg,matched own listing photo
fukuoka/fukutsu,163,海のパン屋 バム,https://img.bokenjapan.com/media/fukutsu-dining-40061015.jpg,https://img.bokenjapan.com/media/fukutsu-dining-40014189.jpg,matched own listing photo
fukuoka/fukutsu,164,氷ノ音,https://img.bokenjapan.com/media/fukutsu-dining-40074515.jpg,https://img.bokenjapan.com/media/fukutsu-dining-40061015.jpg,matched own listing photo
fukuoka/fukutsu,165,回転饅頭 ヨルちゃん,https://img.bokenjapan.com/media/fukutsu-dining-40072078.jpg,https://img.bokenjapan.com/media/fukutsu-dining-40074515.jpg,matched own listing photo
fukuoka/fukutsu,166,GOLDEN BREWERY,https://img.bokenjapan.com/media/fukutsu-dining-40073600.jpg,https://img.bokenjapan.com/media/fukutsu-dining-40072078.jpg,matched own listing photo
fukuoka/fukutsu,167,THE TERRACE,https://img.bokenjapan.com/media/fukutsu-dining-40073009.jpg,https://img.bokenjapan.com/media/fukutsu-dining-40073600.jpg,matched own listing photo
fukuoka/fukutsu,168,Patisserie&Cafe LapinD’or,https://img.bokenjapan.com/media/fukutsu-dining-40070170.jpg,https://img.bokenjapan.com/media/fukutsu-dining-40073009.jpg,matched own listing photo
fukuoka/fukutsu,169,リスドオル,https://img.bokenjapan.com/media/fukutsu-dining-40059998.jpg,https://img.bokenjapan.com/media/fukutsu-dining-40070170.jpg,matched own listing photo
fukuoka/fukutsu,170,サイゼリヤ イオンモール福津店,https://img.bokenjapan.com/media/fukutsu-dining-40030630.jpg,https://img.bokenjapan.com/media/fukutsu-dining-40059998.jpg,matched own listing photo
fukuoka/fukutsu,171,はま寿司 イオンモール福津店,https://img.bokenjapan.com/media/fukutsu-dining-40030624.jpg,https://img.bokenjapan.com/media/fukutsu-dining-40030630.jpg,matched own listing photo
fukuoka/fukutsu,172,コメダ珈琲店 福間駅南店,https://img.bokenjapan.com/media/fukutsu-dining-40041718.jpg,https://img.bokenjapan.com/media/fukutsu-dining-40030624.jpg,matched own listing photo
fukuoka/fukutsu,173,築地銀だこ イオンモール福津店,https://img.bokenjapan.com/media/fukutsu-dining-40030634.jpg,https://img.bokenjapan.com/media/fukutsu-dining-40041718.jpg,matched own listing photo
fukuoka/fukutsu,174,スターバックスコーヒー イオンモール福津店,https://img.bokenjapan.com/media/fukutsu-dining-40030616.jpg,https://img.bokenjapan.com/media/fukutsu-dining-40030634.jpg,matched own listing photo
fukuoka/fukutsu,175,グリル&パフェ ピノキオ イオンモール福津店,https://img.bokenjapan.com/media/fukutsu-dining-40060306.jpg,https://img.bokenjapan.com/media/fukutsu-dining-40030616.jpg,matched own listing photo
fukuoka/fukutsu,176,リンガーハット 福岡福間店,https://img.bokenjapan.com/media/fukutsu-dining-40016626.jpg,https://img.bokenjapan.com/media/fukutsu-dining-40060306.jpg,matched own listing photo
fukuoka/fukutsu,177,リンガーハット イオンモール福津店,https://img.bokenjapan.com/media/fukutsu-dining-40030636.jpg,https://img.bokenjapan.com/media/fukutsu-dining-40016626.jpg,matched own listing photo
fukuoka/fukutsu,181,Seaside Kitchen MIU,https://img.bokenjapan.com/media/fukutsu-dining-40040623.jpg,,photo belonged to another card; no own photo found
fukuoka/fukutsu,182,一栄,https://img.bokenjapan.com/media/fukutsu-dining-40010318.jpg,https://img.bokenjapan.com/media/fukutsu-dining-40040623.jpg,matched own listing photo
fukuoka/fukutsu,183,酒菜 よしみどり,https://img.bokenjapan.com/media/fukutsu-dining-40059163.jpg,https://img.bokenjapan.com/media/fukutsu-dining-40010318.jpg,matched own listing photo
fukuoka/fukutsu,184,今橋折箱店,https://img.bokenjapan.com/media/fukutsu-dining-40024472.jpg,https://img.bokenjapan.com/media/fukutsu-dining-40059163.jpg,matched own listing photo
fukuoka/fukutsu,185,よし田,https://img.bokenjapan.com/media/fukutsu-dining-40014796.jpg,https://img.bokenjapan.com/media/fukutsu-dining-40024472.jpg,matched own listing photo
fukuoka/fukutsu,186,パティスリー ケイツー,https://img.bokenjapan.com/media/fukutsu-dining-40024146.jpg,https://img.bokenjapan.com/media/fukutsu-dining-40014796.jpg,matched own listing photo
fukuoka/fukutsu,187,ふか川,https://img.bokenjapan.com/media/fukutsu-dining-40014607.jpg,https://img.bokenjapan.com/media/fukutsu-dining-40024146.jpg,matched own listing photo
fukuoka/fukutsu,188,大阪屋,https://img.bokenjapan.com/media/fukutsu-dining-40050255.jpg,https://img.bokenjapan.com/media/fukutsu-dining-40014607.jpg,matched own listing photo
fukuoka/fukutsu,189,焼鳥ふくま,https://img.bokenjapan.com/media/fukutsu-dining-40056720.jpg,https://img.bokenjapan.com/media/fukutsu-dining-40050255.jpg,matched own listing photo
fukuoka/fukutsu,190,アップルカフェ,https://img.bokenjapan.com/media/fukutsu-dining-40031152.jpg,https://img.bokenjapan.com/media/fukutsu-dining-40056720.jpg,matched own listing photo
fukuoka/fukutsu,191,ベーカリージジ ジジのぱん屋,https://img.bokenjapan.com/media/fukutsu-dining-40047008.jpg,https://img.bokenjapan.com/media/fukutsu-dining-40031152.jpg,matched own listing photo
fukuoka/fukutsu,192,福仙,https://img.bokenjapan.com/media/fukutsu-dining-40007322.jpg,https://img.bokenjapan.com/media/fukutsu-dining-40047008.jpg,matched own listing photo
fukuoka/fukutsu,193,とり正,https://img.bokenjapan.com/media/fukutsu-dining-40039381.jpg,https://img.bokenjapan.com/media/fukutsu-dining-40007322.jpg,matched own listing photo
fukuoka/fukutsu,194,バー ノートン,https://img.bokenjapan.com/media/fukutsu-dining-40034111.jpg,https://img.bokenjapan.com/media/fukutsu-dining-40039381.jpg,matched own listing photo
fukuoka/fukutsu,195,polygon,https://img.bokenjapan.com/media/fukutsu-dining-40069381.jpg,https://img.bokenjapan.com/media/fukutsu-dining-40034111.jpg,matched own listing photo
fukuoka/fukutsu,196,上田清商店,https://img.bokenjapan.com/media/fukutsu-dining-40041021.jpg,https://img.bokenjapan.com/media/fukutsu-dining-40069381.jpg,matched own listing photo
fukuoka/fukutsu,197,MAKOYA,https://img.bokenjapan.com/media/fukutsu-dining-40039653.jpg,https://img.bokenjapan.com/media/fukutsu-dining-40041021.jpg,matched own listing photo
fukuoka/fukutsu,198,本格炭火焼鳥 達磨,https://img.bokenjapan.com/media/fukutsu-dining-40051383.jpg,https://img.bokenjapan.com/media/fukutsu-dining-40039653.jpg,matched own listing photo
fukuoka/fukutsu,201,ウエスト 福津店,https://img.bokenjapan.com/media/fukutsu-dining-40059261.jpg,,photo belonged to another card; no own photo found
fukuoka/fukutsu,202,ペッパーランチ イオンモール福津店,https://img.bokenjapan.com/media/fukutsu-dining-40048950.jpg,https://img.bokenjapan.com/media/fukutsu-dining-40059261.jpg,matched own listing photo
fukuoka/fukutsu,203,ビビン亭 イオンモール福津店,https://img.bokenjapan.com/media/fukutsu-dining-40061330.jpg,https://img.bokenjapan.com/media/fukutsu-dining-40048950.jpg,matched own listing photo
fukuoka/fukutsu,204,サーティワンアイスクリーム イオンモール福津店,https://img.bokenjapan.com/media/fukutsu-dining-40030546.jpg,https://img.bokenjapan.com/media/fukutsu-dining-40061330.jpg,matched own listing photo
fukuoka/fukutsu,205,韓国フライドチキン・キンパ専門店 The.本物嗜好 Chicken Otte?,https://img.bokenjapan.com/media/fukutsu-dining-40059884.jpg,https://img.bokenjapan.com/media/fukutsu-dining-40030546.jpg,matched own listing photo
fukuoka/fukutsu,206,びっくりドンキー イオンモール福津店,https://img.bokenjapan.com/media/fukutsu-dining-40072425.jpg,https://img.bokenjapan.com/media/fukutsu-dining-40059884.jpg,matched own listing photo
fukuoka/fukutsu,207,シアトルズベストコーヒー イオンモール福津店,https://img.bokenjapan.com/media/fukutsu-dining-40056612.jpg,https://img.bokenjapan.com/media/fukutsu-dining-40072425.jpg,matched own listing photo
fukuoka/fukutsu,208,まるごのココロ,https://img.bokenjapan.com/media/fukutsu-dining-40022192.jpg,https://img.bokenjapan.com/media/fukutsu-dining-40056612.jpg,matched own listing photo
fukuoka/fukutsu,209,朝ごはん屋,https://img.bokenjapan.com/media/fukutsu-dining-40051365.jpg,https://img.bokenjapan.com/media/fukutsu-dining-40022192.jpg,matched own listing photo
fukuoka/fukutsu,210,さかきや,https://img.bokenjapan.com/media/fukutsu-dining-40012999.jpg,https://img.bokenjapan.com/media/fukutsu-dining-40051365.jpg,matched own listing photo
fukuoka/fukutsu,211,ひので家 イオンモール福津店,https://img.bokenjapan.com/media/fukutsu-dining-40042751.jpg,https://img.bokenjapan.com/media/fukutsu-dining-40012999.jpg,matched own listing photo
fukuoka/fukutsu,212,神興,https://img.bokenjapan.com/media/fukutsu-dining-40065838.jpg,https://img.bokenjapan.com/media/fukutsu-dining-40042751.jpg,matched own listing photo
fukuoka/fukutsu,213,Creachair,https://img.bokenjapan.com/media/fukutsu-dining-40068136.jpg,https://img.bokenjapan.com/media/fukutsu-dining-40065838.jpg,matched own listing photo
fukuoka/fukutsu,214,とり坊主 福津店,https://img.bokenjapan.com/media/fukutsu-dining-40048612.jpg,https://img.bokenjapan.com/media/fukutsu-dining-40068136.jpg,matched own listing photo
fukuoka/fukutsu,215,ルートコーヒー,https://img.bokenjapan.com/media/fukutsu-dining-40066082.jpg,https://img.bokenjapan.com/media/fukutsu-dining-40048612.jpg,matched own listing photo
fukuoka/fukutsu,216,ハンバーグ ミネバーグ,https://img.bokenjapan.com/media/fukutsu-dining-40062403.jpg,https://img.bokenjapan.com/media/fukutsu-dining-40066082.jpg,matched own listing photo
fukuoka/fukutsu,217,早川豆腐店,https://img.bokenjapan.com/media/fukutsu-dining-40039616.jpg,https://img.bokenjapan.com/media/fukutsu-dining-40062403.jpg,matched own listing photo
fukuoka/fukutsu,221,宮,https://img.bokenjapan.com/media/fukutsu-dining-40071117.jpg,,photo belonged to another card; no own photo found
fukuoka/fukutsu,222,津屋崎千軒なごみカフェ,https://img.bokenjapan.com/media/fukutsu-dining-40068381.jpg,https://img.bokenjapan.com/media/fukutsu-dining-40071117.jpg,matched own listing photo
fukuoka/fukutsu,223,cafe & marine sports SUGAR,https://img.bokenjapan.com/media/fukutsu-dining-40071031.jpg,https://img.bokenjapan.com/media/fukutsu-dining-40068381.jpg,matched own listing photo
fukuoka/fukutsu,224,and+NEORA,https://img.bokenjapan.com/media/fukutsu-dining-40074253.jpg,https://img.bokenjapan.com/media/fukutsu-dining-40071031.jpg,matched own listing photo
fukuoka/fukutsu,225,竹乃屋 福間駅前店,https://img.bokenjapan.com/media/fukutsu-dining-40038374.jpg,https://img.bokenjapan.com/media/fukutsu-dining-40074253.jpg,matched own listing photo
fukuoka/fukutsu,226,やよい軒 福津店,https://img.bokenjapan.com/media/fukutsu-dining-40043188.jpg,https://img.bokenjapan.com/media/fukutsu-dining-40038374.jpg,matched own listing photo
fukuoka/fukutsu,227,マクドナルド 福津店,https://img.bokenjapan.com/media/fukutsu-dining-40035371.jpg,https://img.bokenjapan.com/media/fukutsu-dining-40043188.jpg,matched own listing photo
fukuoka/fukutsu,228,しゃぶ菜 イオンモール福津,https://img.bokenjapan.com/media/fukutsu-dining-40053726.jpg,https://img.bokenjapan.com/media/fukutsu-dining-40035371.jpg,matched own listing photo
fukuoka/fukutsu,229,果汁工房 果琳 イオンモール福津店,https://img.bokenjapan.com/media/fukutsu-dining-40030781.jpg,https://img.bokenjapan.com/media/fukutsu-dining-40053726.jpg,matched own listing photo
fukuoka/fukutsu,230,タリーズコーヒー イオンモール福津店,https://img.bokenjapan.com/media/fukutsu-dining-40030622.jpg,https://img.bokenjapan.com/media/fukutsu-dining-40030781.jpg,matched own listing photo
fukuoka/fukutsu,231,唐十 イオンモール福津店,https://img.bokenjapan.com/media/fukutsu-dining-40039639.jpg,https://img.bokenjapan.com/media/fukutsu-dining-40030622.jpg,matched own listing photo
fukuoka/fukutsu,232,むっちゃん万十 福津店,https://img.bokenjapan.com/media/fukutsu-dining-40057433.jpg,https://img.bokenjapan.com/media/fukutsu-dining-40039639.jpg,matched own listing photo
fukuoka/fukutsu,233,デザート王国 イオンモール福津店,https://img.bokenjapan.com/media/fukutsu-dining-40030635.jpg,https://img.bokenjapan.com/media/fukutsu-dining-40057433.jpg,matched own listing photo
fukuoka/fukutsu,234,湖月堂 イオンモール福津店,https://img.bokenjapan.com/media/fukutsu-dining-40056611.jpg,https://img.bokenjapan.com/media/fukutsu-dining-40030635.jpg,matched own listing photo
fukuoka/fukutsu,235,すき家 イオンモール福津店,https://img.bokenjapan.com/media/fukutsu-dining-40030631.jpg,https://img.bokenjapan.com/media/fukutsu-dining-40056611.jpg,matched own listing photo
fukuoka/fukutsu,236,如水庵 イオンモール福津店,https://img.bokenjapan.com/media/fukutsu-dining-40032151.jpg,https://img.bokenjapan.com/media/fukutsu-dining-40030631.jpg,matched own listing photo
fukuoka/fukutsu,237,プルネール 福津店,https://img.bokenjapan.com/media/fukutsu-dining-40073383.jpg,https://img.bokenjapan.com/media/fukutsu-dining-40032151.jpg,matched own listing photo
fukuoka/fukutsu,238,林檎堂 イオンモール福津店,https://img.bokenjapan.com/media/fukutsu-dining-40066350.jpg,https://img.bokenjapan.com/media/fukutsu-dining-40073383.jpg,matched own listing photo
fukuoka/fukutsu,241,大磯,https://img.bokenjapan.com/media/fukutsu-dining-40028486.jpg,,photo belonged to another card; no own photo found
fukuoka/fukutsu,242,シャトレーゼ 福間店,https://img.bokenjapan.com/media/fukutsu-dining-40039631.jpg,https://img.bokenjapan.com/media/fukutsu-dining-40028486.jpg,matched own listing photo
fukuoka/fukutsu,243,想食家 むっしゅあずま,https://img.bokenjapan.com/media/fukutsu-dining-40013799.jpg,https://img.bokenjapan.com/media/fukutsu-dining-40039631.jpg,matched own listing photo
fukuoka/fukutsu,244,フレンドリー,https://img.bokenjapan.com/media/fukutsu-dining-40013180.jpg,https://img.bokenjapan.com/media/fukutsu-dining-40013799.jpg,matched own listing photo
fukuoka/fukutsu,245,めん六や 福岡福津店,https://img.bokenjapan.com/media/fukutsu-dining-40047485.jpg,https://img.bokenjapan.com/media/fukutsu-dining-40013180.jpg,matched own listing photo
fukuoka/fukutsu,246,セブンイレブン 福津中央5丁目店,https://img.bokenjapan.com/media/fukutsu-dining-40041976.jpg,https://img.bokenjapan.com/media/fukutsu-dining-40047485.jpg,matched own listing photo
fukuoka/fukutsu,247,むすんでひらいて ルミエール福津店,https://img.bokenjapan.com/media/fukutsu-dining-40028875.jpg,https://img.bokenjapan.com/media/fukutsu-dining-40041976.jpg,matched own listing photo
fukuoka/fukutsu,248,五番街,https://img.bokenjapan.com/media/fukutsu-dining-40017561.jpg,https://img.bokenjapan.com/media/fukutsu-dining-40028875.jpg,matched own listing photo
fukuoka/fukutsu,249,古小路,https://img.bokenjapan.com/media/fukutsu-dining-40031151.jpg,https://img.bokenjapan.com/media/fukutsu-dining-40017561.jpg,matched own listing photo
fukuoka/fukutsu,250,セブンイレブン 福津勝浦店,https://img.bokenjapan.com/media/fukutsu-dining-40056794.jpg,https://img.bokenjapan.com/media/fukutsu-dining-40031151.jpg,matched own listing photo
fukuoka/fukutsu,251,きょう花,https://img.bokenjapan.com/media/fukutsu-dining-40029575.jpg,https://img.bokenjapan.com/media/fukutsu-dining-40056794.jpg,matched own listing photo
fukuoka/fukutsu,252,谷口観光いちご園,https://img.bokenjapan.com/media/fukutsu-dining-40036228.jpg,https://img.bokenjapan.com/media/fukutsu-dining-40029575.jpg,matched own listing photo
fukuoka/fukutsu,253,陽夜江,https://img.bokenjapan.com/media/fukutsu-dining-40016166.jpg,https://img.bokenjapan.com/media/fukutsu-dining-40036228.jpg,matched own listing photo
fukuoka/fukutsu,254,あるじゃんの森,https://img.bokenjapan.com/media/fukutsu-dining-40005818.jpg,https://img.bokenjapan.com/media/fukutsu-dining-40016166.jpg,matched own listing photo
fukuoka/fukutsu,255,クリフ クバーノ,https://img.bokenjapan.com/media/fukutsu-dining-40057288.jpg,https://img.bokenjapan.com/media/fukutsu-dining-40005818.jpg,matched own listing photo
fukuoka/fukutsu,256,焼肉酒家えん,https://img.bokenjapan.com/media/fukutsu-dining-40023205.jpg,https://img.bokenjapan.com/media/fukutsu-dining-40057288.jpg,matched own listing photo
fukuoka/fukutsu,257,田ぐり庵,https://img.bokenjapan.com/media/fukutsu-dining-40028116.jpg,https://img.bokenjapan.com/media/fukutsu-dining-40023205.jpg,matched own listing photo
fukuoka/fukutsu,258,ケンタッキーフライドチキン イオンモール福津店,https://img.bokenjapan.com/media/fukutsu-dining-40030628.jpg,https://img.bokenjapan.com/media/fukutsu-dining-40028116.jpg,matched own listing photo
fukuoka/fukutsu,261,おひさま唐揚げ,https://img.bokenjapan.com/media/fukutsu-dining-40044548.jpg,,photo belonged to another card; no own photo found
fukuoka/fukutsu,262,わくわく広場 イオンモール福津店,https://img.bokenjapan.com/media/fukutsu-dining-40048285.jpg,https://img.bokenjapan.com/media/fukutsu-dining-40044548.jpg,matched own listing photo
fukuoka/fukutsu,263,陣太鼓,https://img.bokenjapan.com/media/fukutsu-dining-40008784.jpg,https://img.bokenjapan.com/media/fukutsu-dining-40048285.jpg,matched own listing photo
fukuoka/fukutsu,264,からあげのふじや,https://img.bokenjapan.com/media/fukutsu-dining-40030839.jpg,https://img.bokenjapan.com/media/fukutsu-dining-40008784.jpg,matched own listing photo
fukuoka/fukutsu,265,からあげ 鷄好 福津店,https://img.bokenjapan.com/media/fukutsu-dining-40060182.jpg,https://img.bokenjapan.com/media/fukutsu-dining-40030839.jpg,matched own listing photo
fukuoka/fukutsu,266,からあげ鶏之介  宮司店,https://img.bokenjapan.com/media/fukutsu-dining-40070378.jpg,,photo belonged to another card; no own photo found
fukuoka/fukutsu,267,焼とり又兵衛,https://img.bokenjapan.com/media/fukutsu-dining-40008780.jpg,https://img.bokenjapan.com/media/fukutsu-dining-40070378.jpg,matched own listing photo
fukuoka/fukutsu,268,Korin Bagel,https://img.bokenjapan.com/media/fukutsu-dining-40073661.jpg,https://img.bokenjapan.com/media/fukutsu-dining-40008780.jpg,matched own listing photo
fukuoka/fukutsu,269,ふうが食堂,https://img.bokenjapan.com/media/fukutsu-dining-40071290.jpg,https://img.bokenjapan.com/media/fukutsu-dining-40073661.jpg,matched own listing photo
fukuoka/fukutsu,270,茶房 ファー,https://img.bokenjapan.com/media/fukutsu-dining-40057285.jpg,https://img.bokenjapan.com/media/fukutsu-dining-40071290.jpg,matched own listing photo
fukuoka/fukutsu,272,博多とよ唐亭 ミスターマックス福津店,https://img.bokenjapan.com/media/fukutsu-dining-40074662.jpg,https://img.bokenjapan.com/media/fukutsu-dining-40057285.jpg,matched own listing photo
fukuoka/fukutsu,273,シェリー,https://img.bokenjapan.com/media/fukutsu-dining-40023114.jpg,https://img.bokenjapan.com/media/fukutsu-dining-40074662.jpg,matched own listing photo
fukuoka/fukutsu,274,炉ばた火の国,https://img.bokenjapan.com/media/fukutsu-dining-40008776.jpg,https://img.bokenjapan.com/media/fukutsu-dining-40023114.jpg,matched own listing photo
fukuoka/fukutsu,275,アプテカ,https://img.bokenjapan.com/media/fukutsu-dining-40040947.jpg,,photo belonged to another card; no own photo found
fukuoka/fukutsu,276,ほっともっと 福津日蒔野店,https://img.bokenjapan.com/media/fukutsu-dining-40040454.jpg,https://img.bokenjapan.com/media/fukutsu-dining-40040947.jpg,matched own listing photo
fukuoka/fukutsu,277,ラ・パン 福津店,https://img.bokenjapan.com/media/fukutsu-dining-40064912.jpg,,photo belonged to another card; no own photo found
fukuoka/fukutsu,278,クィックティー イオンモール福津店,https://img.bokenjapan.com/media/fukutsu-dining-40054224.jpg,https://img.bokenjapan.com/media/fukutsu-dining-40064912.jpg,matched own listing photo
fukuoka/fukutsu,280,Bar Corazon,https://img.bokenjapan.com/media/fukutsu-dining-40068687.jpg,,photo belonged to another card; no own photo found
fukuoka/fukutsu,281,HICHEESE,https://img.bokenjapan.com/media/fukutsu-dining-40073701.jpg,https://img.bokenjapan.com/media/fukutsu-dining-40068687.jpg,matched own listing photo
fukuoka/fukutsu,283,Cafe ours cache-cache,https://img.bokenjapan.com/media/fukutsu-dining-40058707.jpg,https://img.bokenjapan.com/media/fukutsu-dining-40073701.jpg,matched own listing photo
fukuoka/fukutsu,284,花源,https://img.bokenjapan.com/media/fukutsu-dining-40008785.jpg,https://img.bokenjapan.com/media/fukutsu-dining-40058707.jpg,matched own listing photo
fukuoka/fukutsu,285,アトリエ夢工房,https://img.bokenjapan.com/media/fukutsu-dining-40059956.jpg,https://img.bokenjapan.com/media/fukutsu-dining-40008785.jpg,matched own listing photo
fukuoka/fukutsu,286,宗像水軍海鮮食堂,https://img.bokenjapan.com/media/fukutsu-dining-40044974.jpg,https://img.bokenjapan.com/media/fukutsu-dining-40059956.jpg,matched own listing photo
fukuoka/fukutsu,287,や台ずし 福間駅西口町,https://img.bokenjapan.com/media/fukutsu-dining-40053644.jpg,https://img.bokenjapan.com/media/fukutsu-dining-40044974.jpg,matched own listing photo
fukuoka/fukutsu,288,無印良品 イオンモール福津店,https://img.bokenjapan.com/media/fukutsu-dining-40070938.jpg,https://img.bokenjapan.com/media/fukutsu-dining-40053644.jpg,matched own listing photo
fukuoka/fukutsu,289,福津夜珈琲,https://img.bokenjapan.com/media/fukutsu-dining-40069728.jpg,https://img.bokenjapan.com/media/fukutsu-dining-40070938.jpg,matched own listing photo
fukuoka/fukutsu,291,ネオラログイン,https://img.bokenjapan.com/media/fukutsu-dining-40066553.jpg,https://img.bokenjapan.com/media/fukutsu-dining-40069728.jpg,matched own listing photo
fukuoka/fukutsu,294,腸活商店,https://img.bokenjapan.com/media/fukutsu-dining-40074104.jpg,https://img.bokenjapan.com/media/fukutsu-dining-40066553.jpg,matched own listing photo
fukuoka/fukutsu,295,金の小槌,https://img.bokenjapan.com/media/fukutsu-dining-40044995.jpg,https://img.bokenjapan.com/media/fukutsu-dining-40074104.jpg,matched own listing photo
fukuoka/fukutsu,296,ほっともっと 津屋崎店,https://img.bokenjapan.com/media/fukutsu-dining-40038086.jpg,https://img.bokenjapan.com/media/fukutsu-dining-40044995.jpg,matched own listing photo
fukuoka/fukutsu,298,豊村酒造,https://img.bokenjapan.com/media/fukutsu-dining-40073982-p.webp,https://img.bokenjapan.com/media/fukutsu-dining-40038086.jpg,matched own listing photo
fukuoka/fukutsu,301,福津キンパ,https://img.bokenjapan.com/media/fukutsu-dining-40067320.jpg,,photo belonged to another card; no own photo found
fukuoka/fukutsu,304,ドッグライフ こたびより,https://img.bokenjapan.com/media/fukutsu-dining-40051667.jpg,https://img.bokenjapan.com/media/fukutsu-dining-40067320.jpg,matched own listing photo
fukuoka/fukutsu,305,南部食堂,https://img.bokenjapan.com/media/fukutsu-dining-40072993.jpg,https://img.bokenjapan.com/media/fukutsu-dining-40051667.jpg,matched own listing photo
fukuoka/fukutsu,308,UMEYA BRAINERY イオンモール福津店,https://img.bokenjapan.com/media/fukutsu-dining-40074946.jpg,https://img.bokenjapan.com/media/fukutsu-dining-40072993.jpg,matched own listing photo
fukuoka/fukutsu,319,chez papa,https://img.bokenjapan.com/media/fukutsu-dining-40014354.jpg,,photo belonged to another card; no own photo found
fukuoka/fukutsu,321,鉄板居酒屋 平吉 福間店,https://img.bokenjapan.com/media/fukutsu-dining-40068005.jpg,https://img.bokenjapan.com/media/fukutsu-dining-40014354.jpg,matched own listing photo
fukuoka/fukutsu,323,星のテラス,https://img.bokenjapan.com/media/fukutsu-dining-40070135.jpg,https://img.bokenjapan.com/media/fukutsu-dining-40068005.jpg,matched own listing photo
fukuoka/hirokawa,2,クリームランドカフェ 広川ＳＡ店,https://img.bokenjapan.com/media/hirokawa-dining-40024232.jpg,,photo belonged to another card; no own photo found
fukuoka/hirokawa,3,めん処 広川,https://img.bokenjapan.com/media/hirokawa-dining-40012779.jpg,https://img.bokenjapan.com/media/hirokawa-dining-40024232.jpg,matched own listing photo
fukuoka/hirokawa,4,グルメ風月 広川SA店,https://img.bokenjapan.com/media/hirokawa-dining-40006629.jpg,https://img.bokenjapan.com/media/hirokawa-dining-40012779.jpg,matched own listing photo
fukuoka/hirokawa,5,籠,https://img.bokenjapan.com/media/hirokawa-dining-40042100.jpg,https://img.bokenjapan.com/media/hirokawa-dining-40006629.jpg,matched own listing photo
fukuoka/hirokawa,6,そまりあんカレー,https://img.bokenjapan.com/media/hirokawa-dining-40039035.jpg,https://img.bokenjapan.com/media/hirokawa-dining-40042100.jpg,matched own listing photo
fukuoka/hirokawa,7,茶の葉堂,https://img.bokenjapan.com/media/hirokawa-dining-40045191.jpg,https://img.bokenjapan.com/media/hirokawa-dining-40039035.jpg,matched own listing photo
fukuoka/hirokawa,8,ティア 風と虹の店,https://img.bokenjapan.com/media/hirokawa-dining-40000993.jpg,https://img.bokenjapan.com/media/hirokawa-dining-40045191.jpg,matched own listing photo
fukuoka/hirokawa,9,人力 めん太郎,https://img.bokenjapan.com/media/hirokawa-dining-40058886.jpg,https://img.bokenjapan.com/media/hirokawa-dining-40000993.jpg,matched own listing photo
fukuoka/hirokawa,10,ベティママ 広川ＳＡ店,https://img.bokenjapan.com/media/hirokawa-dining-40024233.jpg,https://img.bokenjapan.com/media/hirokawa-dining-40058886.jpg,matched own listing photo
fukuoka/hirokawa,11,出島號,https://img.bokenjapan.com/media/hirokawa-dining-40039444.jpg,https://img.bokenjapan.com/media/hirokawa-dining-40024233.jpg,matched own listing photo
fukuoka/hirokawa,12,バンテルン 広川SA店,https://img.bokenjapan.com/media/hirokawa-dining-40019374.jpg,https://img.bokenjapan.com/media/hirokawa-dining-40039444.jpg,matched own listing photo
fukuoka/hirokawa,13,らーめんさかい,https://img.bokenjapan.com/media/hirokawa-dining-40041832.jpg,https://img.bokenjapan.com/media/hirokawa-dining-40019374.jpg,matched own listing photo
fukuoka/hirokawa,14,広川サービスエリア上り線スナックコーナー,https://img.bokenjapan.com/media/hirokawa-dining-40006078.jpg,https://img.bokenjapan.com/media/hirokawa-dining-40041832.jpg,matched own listing photo
fukuoka/hirokawa,15,鶴乃堂八女,https://img.bokenjapan.com/media/hirokawa-dining-40043537.jpg,https://img.bokenjapan.com/media/hirokawa-dining-40006078.jpg,matched own listing photo
fukuoka/hirokawa,16,広川サービスエリア 下り線,https://img.bokenjapan.com/media/hirokawa-dining-40021756.jpg,https://img.bokenjapan.com/media/hirokawa-dining-40043537.jpg,matched own listing photo
fukuoka/hirokawa,17,ちゃお,https://img.bokenjapan.com/media/hirokawa-dining-40010231.jpg,https://img.bokenjapan.com/media/hirokawa-dining-40021756.jpg,matched own listing photo
fukuoka/hirokawa,18,久留米カントリークラブ レストラン,https://img.bokenjapan.com/media/hirokawa-dining-40038026.jpg,https://img.bokenjapan.com/media/hirokawa-dining-40010231.jpg,matched own listing photo
fukuoka/hirokawa,19,昭和食堂館,https://img.bokenjapan.com/media/hirokawa-dining-40053695.jpg,https://img.bokenjapan.com/media/hirokawa-dining-40038026.jpg,matched own listing photo
fukuoka/hirokawa,22,和華,https://img.bokenjapan.com/media/hirokawa-dining-40019699.jpg,,photo belonged to another card; no own photo found
fukuoka/hirokawa,23,水車そば　さかせ,https://img.bokenjapan.com/media/hirokawa-dining-40027276.jpg,https://img.bokenjapan.com/media/hirokawa-dining-40019699.jpg,matched own listing photo
fukuoka/hirokawa,24,森の中のレストラン 巴里斯,https://img.bokenjapan.com/media/hirokawa-dining-40032343.jpg,https://img.bokenjapan.com/media/hirokawa-dining-40027276.jpg,matched own listing photo
fukuoka/hirokawa,25,和食処 風月,https://img.bokenjapan.com/media/hirokawa-dining-40051314.jpg,https://img.bokenjapan.com/media/hirokawa-dining-40032343.jpg,matched own listing photo
fukuoka/hirokawa,26,ド・ミール鶴 本店,https://img.bokenjapan.com/media/hirokawa-dining-40019498.jpg,https://img.bokenjapan.com/media/hirokawa-dining-40051314.jpg,matched own listing photo
fukuoka/hirokawa,27,広川いちご園カフェ,https://img.bokenjapan.com/media/hirokawa-dining-40059663.jpg,https://img.bokenjapan.com/media/hirokawa-dining-40019498.jpg,matched own listing photo
fukuoka/hirokawa,28,耳納,https://img.bokenjapan.com/media/hirokawa-dining-40012774.jpg,https://img.bokenjapan.com/media/hirokawa-dining-40059663.jpg,matched own listing photo
fukuoka/hirokawa,29,台湾料理 福来たる,https://img.bokenjapan.com/media/hirokawa-dining-40052330.jpg,https://img.bokenjapan.com/media/hirokawa-dining-40012774.jpg,matched own listing photo
fukuoka/hirokawa,30,SIDE TRIP CAFE&STORE,https://img.bokenjapan.com/media/hirokawa-dining-40056883.jpg,https://img.bokenjapan.com/media/hirokawa-dining-40052330.jpg,matched own listing photo
fukuoka/hirokawa,31,うどん・そば 八女,https://img.bokenjapan.com/media/hirokawa-dining-40073050.jpg,https://img.bokenjapan.com/media/hirokawa-dining-40056883.jpg,matched own listing photo
fukuoka/hirokawa,32,和食乃沙都使,https://img.bokenjapan.com/media/hirokawa-dining-40027787.jpg,https://img.bokenjapan.com/media/hirokawa-dining-40073050.jpg,matched own listing photo
fukuoka/hirokawa,33,筑豊ラーメン山小屋 広川店,https://img.bokenjapan.com/media/hirokawa-dining-40045851.jpg,https://img.bokenjapan.com/media/hirokawa-dining-40027787.jpg,matched own listing photo
fukuoka/hirokawa,34,広川サービスエリア 上り,https://img.bokenjapan.com/media/hirokawa-dining-40072636.jpg,https://img.bokenjapan.com/media/hirokawa-dining-40045851.jpg,matched own listing photo
fukuoka/hirokawa,35,一條の森ココチ,https://img.bokenjapan.com/media/hirokawa-dining-40069956.jpg,https://img.bokenjapan.com/media/hirokawa-dining-40072636.jpg,matched own listing photo
fukuoka/hirokawa,36,甘味のしずく,https://img.bokenjapan.com/media/hirokawa-dining-40073241.jpg,https://img.bokenjapan.com/media/hirokawa-dining-40069956.jpg,matched own listing photo
fukuoka/hirokawa,37,sakata cafe,https://img.bokenjapan.com/media/hirokawa-dining-40062706.jpg,https://img.bokenjapan.com/media/hirokawa-dining-40073241.jpg,matched own listing photo
fukuoka/hirokawa,38,夢みてなんぼ 八女店,https://img.bokenjapan.com/media/hirokawa-dining-40073069.jpg,https://img.bokenjapan.com/media/hirokawa-dining-40062706.jpg,matched own listing photo
fukuoka/hirokawa,39,彦佐 広川店,https://img.bokenjapan.com/media/hirokawa-dining-40023643.jpg,https://img.bokenjapan.com/media/hirokawa-dining-40073069.jpg,matched own listing photo
fukuoka/hirokawa,42,すりみ屋,https://img.bokenjapan.com/media/hirokawa-dining-40041006.jpg,,photo belonged to another card; no own photo found
fukuoka/hirokawa,43,金の鶏冠,https://img.bokenjapan.com/media/hirokawa-dining-40040212.jpg,https://img.bokenjapan.com/media/hirokawa-dining-40041006.jpg,matched own listing photo
fukuoka/hirokawa,44,野田眞木雄餅店,https://img.bokenjapan.com/media/hirokawa-dining-40019106.jpg,https://img.bokenjapan.com/media/hirokawa-dining-40040212.jpg,matched own listing photo
fukuoka/hirokawa,45,タンドル,https://img.bokenjapan.com/media/hirokawa-dining-40035602.jpg,https://img.bokenjapan.com/media/hirokawa-dining-40019106.jpg,matched own listing photo
fukuoka/hirokawa,46,炭坊主,https://img.bokenjapan.com/media/hirokawa-dining-40067057.jpg,https://img.bokenjapan.com/media/hirokawa-dining-40035602.jpg,matched own listing photo
fukuoka/hirokawa,47,Ann,https://img.bokenjapan.com/media/hirokawa-dining-40030088.jpg,https://img.bokenjapan.com/media/hirokawa-dining-40067057.jpg,matched own listing photo
fukuoka/hirokawa,48,スタミナ苑,https://img.bokenjapan.com/media/hirokawa-dining-40009739.jpg,https://img.bokenjapan.com/media/hirokawa-dining-40030088.jpg,matched own listing photo
fukuoka/hirokawa,49,らーめんさかい 2号店,https://img.bokenjapan.com/media/hirokawa-dining-40038201.jpg,https://img.bokenjapan.com/media/hirokawa-dining-40009739.jpg,matched own listing photo
fukuoka/hirokawa,50,ヒロカワ 里カフェ まち子のおやつ,https://img.bokenjapan.com/media/hirokawa-dining-40048835.jpg,https://img.bokenjapan.com/media/hirokawa-dining-40038201.jpg,matched own listing photo
fukuoka/hirokawa,51,料亭 扇屋,https://img.bokenjapan.com/media/hirokawa-dining-40069507.jpg,https://img.bokenjapan.com/media/hirokawa-dining-40048835.jpg,matched own listing photo
fukuoka/hirokawa,52,テイクアウト　おふくろ,https://img.bokenjapan.com/media/hirokawa-dining-40071525.jpg,https://img.bokenjapan.com/media/hirokawa-dining-40069507.jpg,matched own listing photo
fukuoka/hirokawa,53,やまんた農園 YAMANTO,https://img.bokenjapan.com/media/hirokawa-dining-40073062.jpg,https://img.bokenjapan.com/media/hirokawa-dining-40071525.jpg,matched own listing photo
fukuoka/hirokawa,54,ジョイフル 広川店,https://img.bokenjapan.com/media/hirokawa-dining-40019081.jpg,,photo belonged to another card; no own photo found
fukuoka/hirokawa,55,想夫恋 広川SA店,https://img.bokenjapan.com/media/hirokawa-dining-40073543.jpg,https://img.bokenjapan.com/media/hirokawa-dining-40019081.jpg,matched own listing photo
fukuoka/hirokawa,56,上島珈琲店 広川SA上り店,https://img.bokenjapan.com/media/hirokawa-dining-40072528.jpg,https://img.bokenjapan.com/media/hirokawa-dining-40073543.jpg,matched own listing photo
fukuoka/hirokawa,57,プランツ ファンショップ ナチュラ,https://img.bokenjapan.com/media/hirokawa-dining-40051860.jpg,https://img.bokenjapan.com/media/hirokawa-dining-40072528.jpg,matched own listing photo
fukuoka/hirokawa,58,居酒屋 大泉,https://img.bokenjapan.com/media/hirokawa-dining-40052577.jpg,https://img.bokenjapan.com/media/hirokawa-dining-40051860.jpg,matched own listing photo
fukuoka/hirokawa,59,しまのはこぱん,https://img.bokenjapan.com/media/hirokawa-dining-40042097.jpg,https://img.bokenjapan.com/media/hirokawa-dining-40052577.jpg,matched own listing photo
fukuoka/hirokawa,62,いちょう庵,https://img.bokenjapan.com/media/hirokawa-dining-40050370.jpg,,photo belonged to another card; no own photo found
fukuoka/hirokawa,63,naturi,https://img.bokenjapan.com/media/hirokawa-dining-40068144.jpg,https://img.bokenjapan.com/media/hirokawa-dining-40050370.jpg,matched own listing photo
fukuoka/hirokawa,64,ほっともっと 広川町店,https://img.bokenjapan.com/media/hirokawa-dining-40040500.jpg,https://img.bokenjapan.com/media/hirokawa-dining-40068144.jpg,matched own listing photo
fukuoka/hirokawa,65,御食事処 才,https://img.bokenjapan.com/media/hirokawa-dining-40069406.jpg,https://img.bokenjapan.com/media/hirokawa-dining-40040500.jpg,matched own listing photo
fukuoka/hirokawa,66,ディライトキッチン 27,https://img.bokenjapan.com/media/hirokawa-dining-40050414.jpg,https://img.bokenjapan.com/media/hirokawa-dining-40069406.jpg,matched own listing photo
fukuoka/hirokawa,68,こうちゃん,https://img.bokenjapan.com/media/hirokawa-dining-40030611.jpg,https://img.bokenjapan.com/media/hirokawa-dining-40050414.jpg,matched own listing photo
fukuoka/hirokawa,69,ガーベラキッチン,https://img.bokenjapan.com/media/hirokawa-dining-40047389.jpg,https://img.bokenjapan.com/media/hirokawa-dining-40030611.jpg,matched own listing photo
fukuoka/hirokawa,70,よらんの,https://img.bokenjapan.com/media/hirokawa-dining-40030606.jpg,https://img.bokenjapan.com/media/hirokawa-dining-40047389.jpg,matched own listing photo
fukuoka/hirokawa,71,桝元,https://img.bokenjapan.com/media/hirokawa-dining-40052446.jpg,https://img.bokenjapan.com/media/hirokawa-dining-40030606.jpg,matched own listing photo
fukuoka/hirokawa,72,お菓子工房ソレイユ 直売所,https://img.bokenjapan.com/media/hirokawa-dining-40070444.jpg,https://img.bokenjapan.com/media/hirokawa-dining-40052446.jpg,matched own listing photo
fukuoka/hirokawa,73,I♡KARAAGE,https://img.bokenjapan.com/media/hirokawa-dining-40071792.jpg,https://img.bokenjapan.com/media/hirokawa-dining-40070444.jpg,matched own listing photo
fukuoka/hirokawa,74,想咲ダイニング 憩,https://img.bokenjapan.com/media/hirokawa-dining-40073502.jpg,https://img.bokenjapan.com/media/hirokawa-dining-40071792.jpg,matched own listing photo
fukuoka/hirokawa,75,まめはや あん楠,https://img.bokenjapan.com/media/hirokawa-dining-40048134.jpg,https://img.bokenjapan.com/media/hirokawa-dining-40073502.jpg,matched own listing photo
fukuoka/hirokawa,76,役場前酒場,https://img.bokenjapan.com/media/hirokawa-dining-40023352.jpg,https://img.bokenjapan.com/media/hirokawa-dining-40048134.jpg,matched own listing photo
fukuoka/hisayama,2,朝食イタリアン キッキリッキー,https://img.bokenjapan.com/media/hisayama-dining-40059832.jpg,,photo belonged to another card; no own photo found
fukuoka/hisayama,3,とんかつ亭ひさやま,https://img.bokenjapan.com/media/hisayama-dining-40014514.jpg,https://img.bokenjapan.com/media/hisayama-dining-40059832.jpg,matched own listing photo
fukuoka/hisayama,4,元祖　志免三洋軒 久山店,https://img.bokenjapan.com/media/hisayama-dining-40004469.jpg,https://img.bokenjapan.com/media/hisayama-dining-40014514.jpg,matched own listing photo
fukuoka/hisayama,5,羽釜豚骨二代目けんのすけ 久山店,https://img.bokenjapan.com/media/hisayama-dining-40047356.jpg,https://img.bokenjapan.com/media/hisayama-dining-40004469.jpg,matched own listing photo
fukuoka/hisayama,6,鯨家 いすず庵,https://img.bokenjapan.com/media/hisayama-dining-40059800.jpg,,photo belonged to another card; no own photo found
fukuoka/hisayama,7,居酒屋 べこや,https://img.bokenjapan.com/media/hisayama-dining-40053207.jpg,https://img.bokenjapan.com/media/hisayama-dining-40059800.jpg,matched own listing photo
fukuoka/hisayama,8,玄米おにぎり ひとやすみ,https://img.bokenjapan.com/media/hisayama-dining-40062943.jpg,https://img.bokenjapan.com/media/hisayama-dining-40053207.jpg,matched own listing photo
fukuoka/hisayama,9,中華料理 福源,https://img.bokenjapan.com/media/hisayama-dining-40054773.jpg,https://img.bokenjapan.com/media/hisayama-dining-40062943.jpg,matched own listing photo
fukuoka/hisayama,10,ひさやま寿司,https://img.bokenjapan.com/media/hisayama-dining-40022448.jpg,https://img.bokenjapan.com/media/hisayama-dining-40054773.jpg,matched own listing photo
fukuoka/hisayama,11,リトルダイナージャック,https://img.bokenjapan.com/media/hisayama-dining-40060821.jpg,https://img.bokenjapan.com/media/hisayama-dining-40022448.jpg,matched own listing photo
fukuoka/hisayama,12,牧のうどん 久山店,https://img.bokenjapan.com/media/hisayama-dining-40011607.jpg,https://img.bokenjapan.com/media/hisayama-dining-40060821.jpg,matched own listing photo
fukuoka/hisayama,13,スタミナ鉄板 博多アイアンマン 久山店,https://img.bokenjapan.com/media/hisayama-dining-40054911.jpg,,photo belonged to another card; no own photo found
fukuoka/hisayama,14,廻鮮すし　玄海丸 トリアス久山店,https://img.bokenjapan.com/media/hisayama-dining-40019402.jpg,https://img.bokenjapan.com/media/hisayama-dining-40054911.jpg,matched own listing photo
fukuoka/hisayama,15,カジュアルレストラン Sui,https://img.bokenjapan.com/media/hisayama-dining-40062842.jpg,https://img.bokenjapan.com/media/hisayama-dining-40019402.jpg,matched own listing photo
fukuoka/hisayama,16,讃岐うどん 空海,https://img.bokenjapan.com/media/hisayama-dining-40067667.jpg,https://img.bokenjapan.com/media/hisayama-dining-40062842.jpg,matched own listing photo
fukuoka/hisayama,17,茶舎,https://img.bokenjapan.com/media/hisayama-dining-40029853.jpg,https://img.bokenjapan.com/media/hisayama-dining-40067667.jpg,matched own listing photo
fukuoka/hisayama,18,お食事の店　小道,https://img.bokenjapan.com/media/hisayama-dining-40024683.jpg,,photo belonged to another card; no own photo found
fukuoka/hisayama,19,たいら食堂,https://img.bokenjapan.com/media/hisayama-dining-40058571.jpg,https://img.bokenjapan.com/media/hisayama-dining-40024683.jpg,matched own listing photo
fukuoka/hisayama,22,TAKENO FARM トリアス久山店,https://img.bokenjapan.com/media/hisayama-dining-40060338.jpg,,photo belonged to another card; no own photo found
fukuoka/hisayama,23,cafe letter,https://img.bokenjapan.com/media/hisayama-dining-40063821.jpg,https://img.bokenjapan.com/media/hisayama-dining-40060338.jpg,matched own listing photo
fukuoka/hisayama,24,久原本家 総本店,https://img.bokenjapan.com/media/hisayama-dining-40024676.jpg,https://img.bokenjapan.com/media/hisayama-dining-40063821.jpg,matched own listing photo
fukuoka/hisayama,25,Fumi,https://img.bokenjapan.com/media/hisayama-dining-40033710.jpg,https://img.bokenjapan.com/media/hisayama-dining-40024676.jpg,matched own listing photo
fukuoka/hisayama,26,いちしろ,https://img.bokenjapan.com/media/hisayama-dining-40037967.jpg,https://img.bokenjapan.com/media/hisayama-dining-40033710.jpg,matched own listing photo
fukuoka/hisayama,27,里山サポリ farm to kitchen,https://img.bokenjapan.com/media/hisayama-dining-40060191.jpg,https://img.bokenjapan.com/media/hisayama-dining-40037967.jpg,matched own listing photo
fukuoka/hisayama,28,トラットリアピッコロ,https://img.bokenjapan.com/media/hisayama-dining-40001870.jpg,https://img.bokenjapan.com/media/hisayama-dining-40060191.jpg,matched own listing photo
fukuoka/hisayama,29,チャイニーズ キッチン 大家好 トリアス店,https://img.bokenjapan.com/media/hisayama-dining-40032931.jpg,https://img.bokenjapan.com/media/hisayama-dining-40001870.jpg,matched own listing photo
fukuoka/hisayama,30,このこのぱん,https://img.bokenjapan.com/media/hisayama-dining-40037966.jpg,https://img.bokenjapan.com/media/hisayama-dining-40032931.jpg,matched own listing photo
fukuoka/hisayama,31,たこばやしトリアス久山,https://img.bokenjapan.com/media/hisayama-dining-40014420.jpg,https://img.bokenjapan.com/media/hisayama-dining-40037966.jpg,matched own listing photo
fukuoka/hisayama,32,豚屋食堂 トリアス久山店,https://img.bokenjapan.com/media/hisayama-dining-40071215.jpg,https://img.bokenjapan.com/media/hisayama-dining-40014420.jpg,matched own listing photo
fukuoka/hisayama,33,牡蠣小屋 恵比寿丸,https://img.bokenjapan.com/media/hisayama-dining-40041858.jpg,https://img.bokenjapan.com/media/hisayama-dining-40071215.jpg,matched own listing photo
fukuoka/hisayama,34,麺屋小戎,https://img.bokenjapan.com/media/hisayama-dining-40070427.jpg,https://img.bokenjapan.com/media/hisayama-dining-40041858.jpg,matched own listing photo
fukuoka/hisayama,35,暖暮 トリアス久山店,https://img.bokenjapan.com/media/hisayama-dining-40026499.jpg,https://img.bokenjapan.com/media/hisayama-dining-40070427.jpg,matched own listing photo
fukuoka/hisayama,36,きんぴら食堂,https://img.bokenjapan.com/media/hisayama-dining-40070347.jpg,https://img.bokenjapan.com/media/hisayama-dining-40026499.jpg,matched own listing photo
fukuoka/hisayama,37,SACHiA Hisayama TERRACE,https://img.bokenjapan.com/media/hisayama-dining-40074556.jpg,https://img.bokenjapan.com/media/hisayama-dining-40070347.jpg,matched own listing photo
fukuoka/hisayama,38,やすこうち農園,https://img.bokenjapan.com/media/hisayama-dining-40072920.jpg,https://img.bokenjapan.com/media/hisayama-dining-40074556.jpg,matched own listing photo
fukuoka/hisayama,39,石焼ビビンバ専門店アンニョン 福岡トリアス久山店,https://img.bokenjapan.com/media/hisayama-dining-40029963.jpg,https://img.bokenjapan.com/media/hisayama-dining-40072920.jpg,matched own listing photo
fukuoka/hisayama,42,マクドナルド 久山トリアスモール店,https://img.bokenjapan.com/media/hisayama-dining-40023386.jpg,,photo belonged to another card; no own photo found
fukuoka/hisayama,43,生鮮びっくり市場 フードウェイトリアス久山店,https://img.bokenjapan.com/media/hisayama-dining-40055144.jpg,https://img.bokenjapan.com/media/hisayama-dining-40023386.jpg,matched own listing photo
fukuoka/hisayama,44,珈琲豆屋焙煎工場,https://img.bokenjapan.com/media/hisayama-dining-40042324.jpg,https://img.bokenjapan.com/media/hisayama-dining-40055144.jpg,matched own listing photo
fukuoka/hisayama,45,よりみち,https://img.bokenjapan.com/media/hisayama-dining-40060933.jpg,https://img.bokenjapan.com/media/hisayama-dining-40042324.jpg,matched own listing photo
fukuoka/hisayama,46,ビスヌ トリアス久山店,https://img.bokenjapan.com/media/hisayama-dining-40041038.jpg,https://img.bokenjapan.com/media/hisayama-dining-40060933.jpg,matched own listing photo
fukuoka/hisayama,47,福岡久山食堂,https://img.bokenjapan.com/media/hisayama-dining-40017347.jpg,https://img.bokenjapan.com/media/hisayama-dining-40041038.jpg,matched own listing photo
fukuoka/hisayama,48,ケンタッキーフライドチキン トリアス久山店,https://img.bokenjapan.com/media/hisayama-dining-40025165.jpg,https://img.bokenjapan.com/media/hisayama-dining-40017347.jpg,matched own listing photo
fukuoka/hisayama,49,サーティワンアイスクリーム トリアス久山店,https://img.bokenjapan.com/media/hisayama-dining-40026518.jpg,https://img.bokenjapan.com/media/hisayama-dining-40025165.jpg,matched own listing photo
fukuoka/hisayama,50,ラーメン すずめ,https://img.bokenjapan.com/media/hisayama-dining-40069258.jpg,https://img.bokenjapan.com/media/hisayama-dining-40026518.jpg,matched own listing photo
fukuoka/hisayama,51,タリーズコーヒー トリアス久山店,https://img.bokenjapan.com/media/hisayama-dining-40016819.jpg,https://img.bokenjapan.com/media/hisayama-dining-40069258.jpg,matched own listing photo
fukuoka/hisayama,52,ジョリーパスタ  トリアス久山店,https://img.bokenjapan.com/media/hisayama-dining-40074072.jpg,https://img.bokenjapan.com/media/hisayama-dining-40016819.jpg,matched own listing photo
fukuoka/hisayama,53,ポムの樹Jr. トリアス久山店,https://img.bokenjapan.com/media/hisayama-dining-40057333.jpg,,photo belonged to another card; no own photo found
fukuoka/hisayama,54,焼肉ウエスト 久山店,https://img.bokenjapan.com/media/hisayama-dining-40001354.jpg,https://img.bokenjapan.com/media/hisayama-dining-40057333.jpg,matched own listing photo
fukuoka/hisayama,55,割烹 桂川,https://img.bokenjapan.com/media/hisayama-dining-40026242.jpg,https://img.bokenjapan.com/media/hisayama-dining-40001354.jpg,matched own listing photo
fukuoka/hisayama,56,花の家,https://img.bokenjapan.com/media/hisayama-dining-40045739.jpg,,photo belonged to another card; no own photo found
fukuoka/hisayama,57,シャトレーゼ トリアス久山店,https://img.bokenjapan.com/media/hisayama-dining-40062310.jpg,https://img.bokenjapan.com/media/hisayama-dining-40045739.jpg,matched own listing photo
fukuoka/hisayama,58,あっぴーパン,https://img.bokenjapan.com/media/hisayama-dining-40072923.jpg,https://img.bokenjapan.com/media/hisayama-dining-40062310.jpg,matched own listing photo
fukuoka/hisayama,59,ミスタードーナツ トリアスモールショップ,https://img.bokenjapan.com/media/hisayama-dining-40061550.jpg,https://img.bokenjapan.com/media/hisayama-dining-40072923.jpg,matched own listing photo
fukuoka/hisayama,62,久山ちゃんぽん ひでや,https://img.bokenjapan.com/media/hisayama-dining-40070787.jpg,,photo belonged to another card; no own photo found
fukuoka/hisayama,63,喫茶田園,https://img.bokenjapan.com/media/hisayama-dining-40017541.jpg,https://img.bokenjapan.com/media/hisayama-dining-40070787.jpg,matched own listing photo
fukuoka/hisayama,64,久山手羽から,https://img.bokenjapan.com/media/hisayama-dining-40062252.jpg,https://img.bokenjapan.com/media/hisayama-dining-40017541.jpg,matched own listing photo
fukuoka/hisayama,65,TAKE THE CREPE,https://img.bokenjapan.com/media/hisayama-dining-40073244.jpg,https://img.bokenjapan.com/media/hisayama-dining-40062252.jpg,matched own listing photo
fukuoka/hisayama,66,山の里,https://img.bokenjapan.com/media/hisayama-dining-40028082.jpg,https://img.bokenjapan.com/media/hisayama-dining-40073244.jpg,matched own listing photo
fukuoka/itoda,2,バニーズ,https://img.bokenjapan.com/media/itoda-dining-40029156.jpg,,photo belonged to another card; no own photo found
fukuoka/itoda,3,うどん 日月,https://img.bokenjapan.com/media/itoda-dining-40058540.jpg,https://img.bokenjapan.com/media/itoda-dining-40029156.jpg,matched own listing photo
fukuoka/itoda,4,ボヌール,https://img.bokenjapan.com/media/itoda-dining-40023930.jpg,https://img.bokenjapan.com/media/itoda-dining-40058540.jpg,matched own listing photo
fukuoka/itoda,5,おじゅごんち市場 からすお,https://img.bokenjapan.com/media/itoda-dining-40035579.jpg,https://img.bokenjapan.com/media/itoda-dining-40023930.jpg,matched own listing photo
fukuoka/itoda,6,しんかい,https://img.bokenjapan.com/media/itoda-dining-40003776.jpg,https://img.bokenjapan.com/media/itoda-dining-40035579.jpg,matched own listing photo
fukuoka/itoda,7,KinoA,https://img.bokenjapan.com/media/itoda-dining-40066302.jpg,https://img.bokenjapan.com/media/itoda-dining-40003776.jpg,matched own listing photo
fukuoka/itoda,8,にんきや,https://img.bokenjapan.com/media/itoda-dining-40013127.jpg,https://img.bokenjapan.com/media/itoda-dining-40066302.jpg,matched own listing photo
fukuoka/itoda,9,大熊ホットドッグ&たこ焼,https://img.bokenjapan.com/media/itoda-dining-40035445.jpg,https://img.bokenjapan.com/media/itoda-dining-40013127.jpg,matched own listing photo
fukuoka/itoda,10,とり丸 糸田本店,https://img.bokenjapan.com/media/itoda-dining-40037727.jpg,https://img.bokenjapan.com/media/itoda-dining-40035445.jpg,matched own listing photo
fukuoka/itoda,11,うどん処 味彩,https://img.bokenjapan.com/media/itoda-dining-40062304.jpg,https://img.bokenjapan.com/media/itoda-dining-40037727.jpg,matched own listing photo
fukuoka/itoda,12,YUMEYA,https://img.bokenjapan.com/media/itoda-dining-40063866.jpg,https://img.bokenjapan.com/media/itoda-dining-40062304.jpg,matched own listing photo
fukuoka/kama,2,小次郎の里,https://img.bokenjapan.com/media/kama-dining-40025001.jpg,,photo belonged to another card; no own photo found
fukuoka/kama,3,めん処小沼,https://img.bokenjapan.com/media/kama-dining-40009900.jpg,https://img.bokenjapan.com/media/kama-dining-40025001.jpg,matched own listing photo
fukuoka/kama,4,めんくいてい,https://img.bokenjapan.com/media/kama-dining-40005029.jpg,https://img.bokenjapan.com/media/kama-dining-40009900.jpg,matched own listing photo
fukuoka/kama,5,よもぎうどん,https://img.bokenjapan.com/media/kama-dining-40026162.jpg,https://img.bokenjapan.com/media/kama-dining-40005029.jpg,matched own listing photo
fukuoka/kama,6,よし,https://img.bokenjapan.com/media/kama-dining-40033951.jpg,https://img.bokenjapan.com/media/kama-dining-40026162.jpg,matched own listing photo
fukuoka/kama,7,石釜パン工房 ル・ピエール,https://img.bokenjapan.com/media/kama-dining-40023902.jpg,https://img.bokenjapan.com/media/kama-dining-40033951.jpg,matched own listing photo
fukuoka/kama,8,FRUIT SAND THREE,https://img.bokenjapan.com/media/kama-dining-40057801.jpg,https://img.bokenjapan.com/media/kama-dining-40023902.jpg,matched own listing photo
fukuoka/kama,9,かほラーメン  本店,https://img.bokenjapan.com/media/kama-dining-40004948.jpg,https://img.bokenjapan.com/media/kama-dining-40057801.jpg,matched own listing photo
fukuoka/kama,10,おおぐま食堂,https://img.bokenjapan.com/media/kama-dining-40059234.jpg,https://img.bokenjapan.com/media/kama-dining-40004948.jpg,matched own listing photo
fukuoka/kama,11,からあげ大将,https://img.bokenjapan.com/media/kama-dining-40031857.jpg,https://img.bokenjapan.com/media/kama-dining-40059234.jpg,matched own listing photo
fukuoka/kama,12,山田饅頭本舗,https://img.bokenjapan.com/media/kama-dining-40026568.jpg,https://img.bokenjapan.com/media/kama-dining-40031857.jpg,matched own listing photo
fukuoka/kama,13,嘉麻うどん めん蔵,https://img.bokenjapan.com/media/kama-dining-40034815.jpg,https://img.bokenjapan.com/media/kama-dining-40026568.jpg,matched own listing photo
fukuoka/kama,14,Tarte&Sweets F,https://img.bokenjapan.com/media/kama-dining-40006435.jpg,https://img.bokenjapan.com/media/kama-dining-40034815.jpg,matched own listing photo
fukuoka/kama,15,ポンポン亭 本店,https://img.bokenjapan.com/media/kama-dining-40003389.jpg,https://img.bokenjapan.com/media/kama-dining-40006435.jpg,matched own listing photo
fukuoka/kama,16,Switch,https://img.bokenjapan.com/media/kama-dining-40060854.jpg,https://img.bokenjapan.com/media/kama-dining-40003389.jpg,matched own listing photo
fukuoka/kama,17,サニーズ 嘉麻店,https://img.bokenjapan.com/media/kama-dining-40051224.jpg,https://img.bokenjapan.com/media/kama-dining-40060854.jpg,matched own listing photo
fukuoka/kama,18,丸紅,https://img.bokenjapan.com/media/kama-dining-40009955.jpg,https://img.bokenjapan.com/media/kama-dining-40051224.jpg,matched own listing photo
fukuoka/kama,19,森の駅 秀芳園,https://img.bokenjapan.com/media/kama-dining-40031853.jpg,https://img.bokenjapan.com/media/kama-dining-40009955.jpg,matched own listing photo
fukuoka/kama,21,道の駅 うすい 物産販売所,https://img.bokenjapan.com/media/kama-dining-40040781.jpg,,photo belonged to another card; no own photo found
fukuoka/kama,22,ロコホーム,https://img.bokenjapan.com/media/kama-dining-40036001.jpg,https://img.bokenjapan.com/media/kama-dining-40040781.jpg,matched own listing photo
fukuoka/kama,23,なかみち,https://img.bokenjapan.com/media/kama-dining-40027751.jpg,https://img.bokenjapan.com/media/kama-dining-40036001.jpg,matched own listing photo
fukuoka/kama,24,麺や 紅鱗,https://img.bokenjapan.com/media/kama-dining-40072421.jpg,https://img.bokenjapan.com/media/kama-dining-40027751.jpg,matched own listing photo
fukuoka/kama,25,Age.3 KAMA,https://img.bokenjapan.com/media/kama-dining-40067456.jpg,https://img.bokenjapan.com/media/kama-dining-40072421.jpg,matched own listing photo
fukuoka/kama,26,寒北斗酒造,https://img.bokenjapan.com/media/kama-dining-40047244.jpg,https://img.bokenjapan.com/media/kama-dining-40067456.jpg,matched own listing photo
fukuoka/kama,27,すし勝,https://img.bokenjapan.com/media/kama-dining-40010531.jpg,https://img.bokenjapan.com/media/kama-dining-40047244.jpg,matched own listing photo
fukuoka/kama,28,韓国苑,https://img.bokenjapan.com/media/kama-dining-40009686.jpg,https://img.bokenjapan.com/media/kama-dining-40010531.jpg,matched own listing photo
fukuoka/kama,29,frame,https://img.bokenjapan.com/media/kama-dining-40051941.jpg,https://img.bokenjapan.com/media/kama-dining-40009686.jpg,matched own listing photo
fukuoka/kama,30,鯉の里 なかはら,https://img.bokenjapan.com/media/kama-dining-40024882.jpg,https://img.bokenjapan.com/media/kama-dining-40051941.jpg,matched own listing photo
fukuoka/kama,31,長州亭,https://img.bokenjapan.com/media/kama-dining-40054051.jpg,https://img.bokenjapan.com/media/kama-dining-40024882.jpg,matched own listing photo
fukuoka/kama,32,炭火焼鳥まさ,https://img.bokenjapan.com/media/kama-dining-40041482.jpg,https://img.bokenjapan.com/media/kama-dining-40054051.jpg,matched own listing photo
fukuoka/kama,33,楽東園,https://img.bokenjapan.com/media/kama-dining-40009688.jpg,https://img.bokenjapan.com/media/kama-dining-40041482.jpg,matched own listing photo
fukuoka/kama,34,山田のたこ焼き屋さん 山たこ,https://img.bokenjapan.com/media/kama-dining-40070432.jpg,https://img.bokenjapan.com/media/kama-dining-40009688.jpg,matched own listing photo
fukuoka/kama,35,ミュゼ・ド・モーツァルト　 山田工場直営店,https://img.bokenjapan.com/media/kama-dining-40024092.jpg,https://img.bokenjapan.com/media/kama-dining-40070432.jpg,matched own listing photo
fukuoka/kama,36,まめや総本店 福岡,https://img.bokenjapan.com/media/kama-dining-40048019.jpg,https://img.bokenjapan.com/media/kama-dining-40024092.jpg,matched own listing photo
fukuoka/kama,37,コリアンハウス洪苑 稲築店,https://img.bokenjapan.com/media/kama-dining-40026910.jpg,https://img.bokenjapan.com/media/kama-dining-40048019.jpg,matched own listing photo
fukuoka/kama,38,博多屋,https://img.bokenjapan.com/media/kama-dining-40045863.jpg,https://img.bokenjapan.com/media/kama-dining-40026910.jpg,matched own listing photo
fukuoka/kama,41,la-luna,https://img.bokenjapan.com/media/kama-dining-40061259.jpg,,photo belonged to another card; no own photo found
fukuoka/kama,42,料亭　末廣,https://img.bokenjapan.com/media/kama-dining-40020131.jpg,https://img.bokenjapan.com/media/kama-dining-40061259.jpg,matched own listing photo
fukuoka/kama,43,魚 玄蔵,https://img.bokenjapan.com/media/kama-dining-40055863.jpg,https://img.bokenjapan.com/media/kama-dining-40020131.jpg,matched own listing photo
fukuoka/kama,44,珈琲工房ぶれん堂,https://img.bokenjapan.com/media/kama-dining-40017733.jpg,https://img.bokenjapan.com/media/kama-dining-40055863.jpg,matched own listing photo
fukuoka/kama,45,ジャンボンヨーク,https://img.bokenjapan.com/media/kama-dining-40029654.jpg,https://img.bokenjapan.com/media/kama-dining-40017733.jpg,matched own listing photo
fukuoka/kama,46,くんちゃんラーメン店,https://img.bokenjapan.com/media/kama-dining-40018067.jpg,https://img.bokenjapan.com/media/kama-dining-40029654.jpg,matched own listing photo
fukuoka/kama,47,自家焙煎 おだ珈琲,https://img.bokenjapan.com/media/kama-dining-40012862.jpg,https://img.bokenjapan.com/media/kama-dining-40018067.jpg,matched own listing photo
fukuoka/kama,48,魚・肉・酒 藤庵,https://img.bokenjapan.com/media/kama-dining-40051102.jpg,https://img.bokenjapan.com/media/kama-dining-40012862.jpg,matched own listing photo
fukuoka/kama,49,気まぐれや,https://img.bokenjapan.com/media/kama-dining-40031325.jpg,https://img.bokenjapan.com/media/kama-dining-40051102.jpg,matched own listing photo
fukuoka/kama,50,大屋菓子店,https://img.bokenjapan.com/media/kama-dining-40026566.jpg,https://img.bokenjapan.com/media/kama-dining-40031325.jpg,matched own listing photo
fukuoka/kama,52,まごころ食堂 タルヲシル,https://img.bokenjapan.com/media/kama-dining-40074319.jpg,https://img.bokenjapan.com/media/kama-dining-40026566.jpg,matched own listing photo
fukuoka/kama,53,さくらんぼ,https://img.bokenjapan.com/media/kama-dining-40044721.jpg,https://img.bokenjapan.com/media/kama-dining-40074319.jpg,matched own listing photo
fukuoka/kama,54,スリーピーカフェ ニコ,https://img.bokenjapan.com/media/kama-dining-40045831.jpg,https://img.bokenjapan.com/media/kama-dining-40044721.jpg,matched own listing photo
fukuoka/kama,55,茶寮 千年屋,https://img.bokenjapan.com/media/kama-dining-40046475.jpg,https://img.bokenjapan.com/media/kama-dining-40045831.jpg,matched own listing photo
fukuoka/kama,56,嘉穂牛屋,https://img.bokenjapan.com/media/kama-dining-40050474.jpg,https://img.bokenjapan.com/media/kama-dining-40046475.jpg,matched own listing photo
fukuoka/kama,57,横丁食堂別府,https://img.bokenjapan.com/media/kama-dining-40049883.jpg,https://img.bokenjapan.com/media/kama-dining-40050474.jpg,matched own listing photo
fukuoka/kama,58,らんぶる,https://img.bokenjapan.com/media/kama-dining-40012230.jpg,https://img.bokenjapan.com/media/kama-dining-40049883.jpg,matched own listing photo
fukuoka/kama,61,ナリ食堂,https://img.bokenjapan.com/media/kama-dining-40062290.jpg,,photo belonged to another card; no own photo found
fukuoka/kama,62,華香園,https://img.bokenjapan.com/media/kama-dining-40052908.jpg,https://img.bokenjapan.com/media/kama-dining-40062290.jpg,matched own listing photo
fukuoka/kama,63,カドマルサンド,https://img.bokenjapan.com/media/kama-dining-40070588.jpg,https://img.bokenjapan.com/media/kama-dining-40052908.jpg,matched own listing photo
fukuoka/kama,64,居酒屋 6期星,https://img.bokenjapan.com/media/kama-dining-40066247.jpg,https://img.bokenjapan.com/media/kama-dining-40070588.jpg,matched own listing photo
fukuoka/kama,65,My Girl,https://img.bokenjapan.com/media/kama-dining-40073295.jpg,https://img.bokenjapan.com/media/kama-dining-40066247.jpg,matched own listing photo
fukuoka/kama,66,うまみの郷,https://img.bokenjapan.com/media/kama-dining-40068392.jpg,https://img.bokenjapan.com/media/kama-dining-40073295.jpg,matched own listing photo
fukuoka/kama,67,TIARA,https://img.bokenjapan.com/media/kama-dining-40069886.jpg,https://img.bokenjapan.com/media/kama-dining-40068392.jpg,matched own listing photo
fukuoka/kama,68,気ままな台所 遊季,https://img.bokenjapan.com/media/kama-dining-40058799.jpg,https://img.bokenjapan.com/media/kama-dining-40069886.jpg,matched own listing photo
fukuoka/kama,69,嘉麻市梅林公園 売店,https://img.bokenjapan.com/media/kama-dining-40056491.jpg,https://img.bokenjapan.com/media/kama-dining-40058799.jpg,matched own listing photo
fukuoka/kama,70,本家たこ焼亭,https://img.bokenjapan.com/media/kama-dining-40075124.jpg,https://img.bokenjapan.com/media/kama-dining-40056491.jpg,matched own listing photo
fukuoka/kama,71,ジョイフル 福岡稲築店,https://img.bokenjapan.com/media/kama-dining-40004545.jpg,,photo belonged to another card; no own photo found
fukuoka/kama,72,くがや,https://img.bokenjapan.com/media/kama-dining-40052289.jpg,https://img.bokenjapan.com/media/kama-dining-40004545.jpg,matched own listing photo
fukuoka/kama,73,白木牧場,https://img.bokenjapan.com/media/kama-dining-40038543.jpg,https://img.bokenjapan.com/media/kama-dining-40052289.jpg,matched own listing photo
fukuoka/kama,74,いっけん茅,https://img.bokenjapan.com/media/kama-dining-40015299.jpg,https://img.bokenjapan.com/media/kama-dining-40038543.jpg,matched own listing photo
fukuoka/kama,75,とっとちゃん,https://img.bokenjapan.com/media/kama-dining-40032255.jpg,https://img.bokenjapan.com/media/kama-dining-40015299.jpg,matched own listing photo
fukuoka/kama,76,トンチャン横丁 赤崎牛,https://img.bokenjapan.com/media/kama-dining-40043002.jpg,https://img.bokenjapan.com/media/kama-dining-40032255.jpg,matched own listing photo
fukuoka/kama,77,三浦,https://img.bokenjapan.com/media/kama-dining-40012411.jpg,https://img.bokenjapan.com/media/kama-dining-40043002.jpg,matched own listing photo
fukuoka/kama,78,オランジュ,https://img.bokenjapan.com/media/kama-dining-40047664.jpg,https://img.bokenjapan.com/media/kama-dining-40012411.jpg,matched own listing photo
fukuoka/kama,80,辛子明太子専門店　おおくぼ,https://img.bokenjapan.com/media/kama-dining-40025721.jpg,,photo belonged to another card; no own photo found
fukuoka/kama,82,はんなり,https://img.bokenjapan.com/media/kama-dining-40020247.jpg,https://img.bokenjapan.com/media/kama-dining-40025721.jpg,matched own listing photo
fukuoka/kama,83,玉吉,https://img.bokenjapan.com/media/kama-dining-40009977.jpg,https://img.bokenjapan.com/media/kama-dining-40020247.jpg,matched own listing photo
fukuoka/kama,84,Cafe YUI,https://img.bokenjapan.com/media/kama-dining-40058955.jpg,https://img.bokenjapan.com/media/kama-dining-40009977.jpg,matched own listing photo
fukuoka/kama,85,Alkemist,https://img.bokenjapan.com/media/kama-dining-40058982.jpg,https://img.bokenjapan.com/media/kama-dining-40058955.jpg,matched own listing photo
fukuoka/kama,86,cafe rural,https://img.bokenjapan.com/media/kama-dining-40073972.jpg,https://img.bokenjapan.com/media/kama-dining-40058982.jpg,matched own listing photo
fukuoka/kama,87,からあげ亭,https://img.bokenjapan.com/media/kama-dining-40055420.jpg,https://img.bokenjapan.com/media/kama-dining-40073972.jpg,matched own listing photo
fukuoka/kama,88,haco kitchen,https://img.bokenjapan.com/media/kama-dining-40058767.jpg,https://img.bokenjapan.com/media/kama-dining-40055420.jpg,matched own listing photo
fukuoka/kama,89,権兵衛,https://img.bokenjapan.com/media/kama-dining-40031851.jpg,https://img.bokenjapan.com/media/kama-dining-40058767.jpg,matched own listing photo
fukuoka/kama,90,嘉麻たこ,https://img.bokenjapan.com/media/kama-dining-40059713.jpg,https://img.bokenjapan.com/media/kama-dining-40031851.jpg,matched own listing photo
fukuoka/kama,91,サニースポットコーヒー,https://img.bokenjapan.com/media/kama-dining-40075146.jpg,https://img.bokenjapan.com/media/kama-dining-40059713.jpg,matched own listing photo
fukuoka/kama,94,ハートゥラボ,https://img.bokenjapan.com/media/kama-dining-40043000.jpg,https://img.bokenjapan.com/media/kama-dining-40075146.jpg,matched own listing photo
fukuoka/kama,95,大隈チキン,https://img.bokenjapan.com/media/kama-dining-40045963.jpg,https://img.bokenjapan.com/media/kama-dining-40043000.jpg,matched own listing photo
fukuoka/kama,96,めん六や 福岡嘉麻店,https://img.bokenjapan.com/media/kama-dining-40047492.jpg,https://img.bokenjapan.com/media/kama-dining-40045963.jpg,matched own listing photo
fukuoka/kama,100,ほっともっと 嘉麻上山田店,https://img.bokenjapan.com/media/kama-dining-40066457.jpg,,photo belonged to another card; no own photo found
fukuoka/kama,101,大塚精肉店,https://img.bokenjapan.com/media/kama-dining-40020244.jpg,https://img.bokenjapan.com/media/kama-dining-40066457.jpg,matched own listing photo
fukuoka/kama,102,レストハウス紫苑,https://img.bokenjapan.com/media/kama-dining-40030863.jpg,https://img.bokenjapan.com/media/kama-dining-40020244.jpg,matched own listing photo
fukuoka/kama,226,いろり庵,https://img.bokenjapan.com/media/kama-dining-ta9956001-p.webp,https://img.bokenjapan.com/media/kama-dining-ta6.jpg,matched own listing photo
fukuoka/kanda,2,一燈,https://img.bokenjapan.com/media/kanda-dining-40017966.jpg,,photo belonged to another card; no own photo found
fukuoka/kanda,3,ちゃんぽん亭 一天愛,https://img.bokenjapan.com/media/kanda-dining-40068999.jpg,https://img.bokenjapan.com/media/kanda-dining-40017966.jpg,matched own listing photo
fukuoka/kanda,4,豊前路,https://img.bokenjapan.com/media/kanda-dining-40010149.jpg,https://img.bokenjapan.com/media/kanda-dining-40068999.jpg,matched own listing photo
fukuoka/kanda,5,手打ちうどん 喜,https://img.bokenjapan.com/media/kanda-dining-40060354.jpg,https://img.bokenjapan.com/media/kanda-dining-40010149.jpg,matched own listing photo
fukuoka/kanda,6,大久そば バイパス店,https://img.bokenjapan.com/media/kanda-dining-40023488.jpg,https://img.bokenjapan.com/media/kanda-dining-40060354.jpg,matched own listing photo
fukuoka/kanda,7,ラーメン喜福,https://img.bokenjapan.com/media/kanda-dining-40009403.jpg,https://img.bokenjapan.com/media/kanda-dining-40023488.jpg,matched own listing photo
fukuoka/kanda,8,久留米ラーメン 玄竜 苅田店,https://img.bokenjapan.com/media/kanda-dining-40050301.jpg,https://img.bokenjapan.com/media/kanda-dining-40009403.jpg,matched own listing photo
fukuoka/kanda,9,手打の味小泉 苅田店,https://img.bokenjapan.com/media/kanda-dining-40029021.jpg,https://img.bokenjapan.com/media/kanda-dining-40050301.jpg,matched own listing photo
fukuoka/kanda,10,あかいほっぺ,https://img.bokenjapan.com/media/kanda-dining-40027693.jpg,https://img.bokenjapan.com/media/kanda-dining-40029021.jpg,matched own listing photo
fukuoka/kanda,11,お蕎麦の丈二,https://img.bokenjapan.com/media/kanda-dining-40069517.jpg,https://img.bokenjapan.com/media/kanda-dining-40027693.jpg,matched own listing photo
fukuoka/kanda,12,小田家の天ぷら,https://img.bokenjapan.com/media/kanda-dining-40054973.jpg,https://img.bokenjapan.com/media/kanda-dining-40069517.jpg,matched own listing photo
fukuoka/kanda,13,天龍,https://img.bokenjapan.com/media/kanda-dining-40010416.jpg,https://img.bokenjapan.com/media/kanda-dining-40054973.jpg,matched own listing photo
fukuoka/kanda,14,Burger Shop Dabby,https://img.bokenjapan.com/media/kanda-dining-40070922.jpg,https://img.bokenjapan.com/media/kanda-dining-40010416.jpg,matched own listing photo
fukuoka/kanda,15,そば処奴一,https://img.bokenjapan.com/media/kanda-dining-40009851.jpg,https://img.bokenjapan.com/media/kanda-dining-40070922.jpg,matched own listing photo
fukuoka/kanda,16,小麦,https://img.bokenjapan.com/media/kanda-dining-40040452.jpg,https://img.bokenjapan.com/media/kanda-dining-40009851.jpg,matched own listing photo
fukuoka/kanda,17,資さんうどん 行橋店,https://img.bokenjapan.com/media/kanda-dining-40026126.jpg,https://img.bokenjapan.com/media/kanda-dining-40040452.jpg,matched own listing photo
fukuoka/kanda,18,一蔵,https://img.bokenjapan.com/media/kanda-dining-40009405.jpg,https://img.bokenjapan.com/media/kanda-dining-40026126.jpg,matched own listing photo
fukuoka/kanda,19,CAFEジュネス,https://img.bokenjapan.com/media/kanda-dining-40043609.jpg,https://img.bokenjapan.com/media/kanda-dining-40009405.jpg,matched own listing photo
fukuoka/kanda,22,資さんうどん 苅田店,https://img.bokenjapan.com/media/kanda-dining-40032984.jpg,,photo belonged to another card; no own photo found
fukuoka/kanda,23,来々軒,https://img.bokenjapan.com/media/kanda-dining-40009404.jpg,https://img.bokenjapan.com/media/kanda-dining-40032984.jpg,matched own listing photo
fukuoka/kanda,24,莉莉餃子 苅田店,https://img.bokenjapan.com/media/kanda-dining-40057389.jpg,https://img.bokenjapan.com/media/kanda-dining-40009404.jpg,matched own listing photo
fukuoka/kanda,25,シバ,https://img.bokenjapan.com/media/kanda-dining-40037639.jpg,https://img.bokenjapan.com/media/kanda-dining-40057389.jpg,matched own listing photo
fukuoka/kanda,26,お食事処 炉,https://img.bokenjapan.com/media/kanda-dining-40046118.jpg,https://img.bokenjapan.com/media/kanda-dining-40037639.jpg,matched own listing photo
fukuoka/kanda,27,PAKUPAKU ラ・ムー苅田店,https://img.bokenjapan.com/media/kanda-dining-40065799.jpg,https://img.bokenjapan.com/media/kanda-dining-40046118.jpg,matched own listing photo
fukuoka/kanda,28,との川,https://img.bokenjapan.com/media/kanda-dining-40013088.jpg,https://img.bokenjapan.com/media/kanda-dining-40065799.jpg,matched own listing photo
fukuoka/kanda,29,直火自家焙煎珈琲・煎,https://img.bokenjapan.com/media/kanda-dining-40012596.jpg,https://img.bokenjapan.com/media/kanda-dining-40013088.jpg,matched own listing photo
fukuoka/kanda,30,九州ラーメン和 苅田店,https://img.bokenjapan.com/media/kanda-dining-40032137.jpg,https://img.bokenjapan.com/media/kanda-dining-40012596.jpg,matched own listing photo
fukuoka/kanda,31,松本商店,https://img.bokenjapan.com/media/kanda-dining-40046153.jpg,https://img.bokenjapan.com/media/kanda-dining-40032137.jpg,matched own listing photo
fukuoka/kanda,32,中華料理 欣シン露,https://img.bokenjapan.com/media/kanda-dining-40062925.jpg,https://img.bokenjapan.com/media/kanda-dining-40046153.jpg,matched own listing photo
fukuoka/kanda,33,29meet,https://img.bokenjapan.com/media/kanda-dining-40065810.jpg,https://img.bokenjapan.com/media/kanda-dining-40062925.jpg,matched own listing photo
fukuoka/kanda,34,まつり茶屋 苅田店,https://img.bokenjapan.com/media/kanda-dining-40011239.jpg,https://img.bokenjapan.com/media/kanda-dining-40065810.jpg,matched own listing photo
fukuoka/kanda,35,お食事処 ちゃするば,https://img.bokenjapan.com/media/kanda-dining-40061199.jpg,https://img.bokenjapan.com/media/kanda-dining-40011239.jpg,matched own listing photo
fukuoka/kanda,36,白頭山,https://img.bokenjapan.com/media/kanda-dining-40053091.jpg,https://img.bokenjapan.com/media/kanda-dining-40061199.jpg,matched own listing photo
fukuoka/kanda,37,花半,https://img.bokenjapan.com/media/kanda-dining-40067181.jpg,https://img.bokenjapan.com/media/kanda-dining-40053091.jpg,matched own listing photo
fukuoka/kanda,38,Bistro Leon,https://img.bokenjapan.com/media/kanda-dining-40066602.jpg,https://img.bokenjapan.com/media/kanda-dining-40067181.jpg,matched own listing photo
fukuoka/kanda,41,無名亭,https://img.bokenjapan.com/media/kanda-dining-40022248.jpg,,photo belonged to another card; no own photo found
fukuoka/kanda,42,居食屋 京,https://img.bokenjapan.com/media/kanda-dining-40052500.jpg,https://img.bokenjapan.com/media/kanda-dining-40022248.jpg,matched own listing photo
fukuoka/kanda,43,ごはん処若草,https://img.bokenjapan.com/media/kanda-dining-40070493.jpg,https://img.bokenjapan.com/media/kanda-dining-40052500.jpg,matched own listing photo
fukuoka/kanda,44,旬彩家TSURU,https://img.bokenjapan.com/media/kanda-dining-40065224.jpg,https://img.bokenjapan.com/media/kanda-dining-40070493.jpg,matched own listing photo
fukuoka/kanda,45,mon's cafe,https://img.bokenjapan.com/media/kanda-dining-40061503.jpg,https://img.bokenjapan.com/media/kanda-dining-40065224.jpg,matched own listing photo
fukuoka/kanda,46,焼鳥 弁慶,https://img.bokenjapan.com/media/kanda-dining-40008929.jpg,https://img.bokenjapan.com/media/kanda-dining-40061503.jpg,matched own listing photo
fukuoka/kanda,47,すえひろ酒場,https://img.bokenjapan.com/media/kanda-dining-40008931.jpg,https://img.bokenjapan.com/media/kanda-dining-40008929.jpg,matched own listing photo
fukuoka/kanda,48,天使がまいおりる,https://img.bokenjapan.com/media/kanda-dining-40036499.jpg,https://img.bokenjapan.com/media/kanda-dining-40008931.jpg,matched own listing photo
fukuoka/kanda,49,匠,https://img.bokenjapan.com/media/kanda-dining-40015237.jpg,https://img.bokenjapan.com/media/kanda-dining-40036499.jpg,matched own listing photo
fukuoka/kanda,50,唐揚げ 鶏 苅田駅前店,https://img.bokenjapan.com/media/kanda-dining-40054093.jpg,https://img.bokenjapan.com/media/kanda-dining-40015237.jpg,matched own listing photo
fukuoka/kanda,51,M's cafe,https://img.bokenjapan.com/media/kanda-dining-40073304.jpg,https://img.bokenjapan.com/media/kanda-dining-40054093.jpg,matched own listing photo
fukuoka/kanda,52,からあげ 鳥いち,https://img.bokenjapan.com/media/kanda-dining-40057696.jpg,https://img.bokenjapan.com/media/kanda-dining-40073304.jpg,matched own listing photo
fukuoka/kanda,53,朝釣,https://img.bokenjapan.com/media/kanda-dining-40010930.jpg,https://img.bokenjapan.com/media/kanda-dining-40057696.jpg,matched own listing photo
fukuoka/kanda,54,TONMO,https://img.bokenjapan.com/media/kanda-dining-40074601.jpg,https://img.bokenjapan.com/media/kanda-dining-40010930.jpg,matched own listing photo
fukuoka/kanda,55,CAFE KOTETUKUN,https://img.bokenjapan.com/media/kanda-dining-40069328.jpg,https://img.bokenjapan.com/media/kanda-dining-40074601.jpg,matched own listing photo
fukuoka/kanda,56,苅田萬十,https://img.bokenjapan.com/media/kanda-dining-40071370.jpg,https://img.bokenjapan.com/media/kanda-dining-40069328.jpg,matched own listing photo
fukuoka/kanda,57,COFFEE&BAKERY BÄCKER,https://img.bokenjapan.com/media/kanda-dining-40074898.jpg,https://img.bokenjapan.com/media/kanda-dining-40071370.jpg,matched own listing photo
fukuoka/kanda,61,地鶏食堂 苅田店,https://img.bokenjapan.com/media/kanda-dining-40062811.jpg,,photo belonged to another card; no own photo found
fukuoka/kanda,62,松屋 苅田店,https://img.bokenjapan.com/media/kanda-dining-40068370.jpg,https://img.bokenjapan.com/media/kanda-dining-40062811.jpg,matched own listing photo
fukuoka/kanda,63,ベッセルホテル 苅田北九州空港,https://img.bokenjapan.com/media/kanda-dining-40033629.jpg,https://img.bokenjapan.com/media/kanda-dining-40068370.jpg,matched own listing photo
fukuoka/kanda,64,AQUA,https://img.bokenjapan.com/media/kanda-dining-40041241.jpg,,photo belonged to another card; no own photo found
fukuoka/kanda,65,おかげさま,https://img.bokenjapan.com/media/kanda-dining-40050448.jpg,https://img.bokenjapan.com/media/kanda-dining-40041241.jpg,matched own listing photo
fukuoka/kanda,66,ダイニング ゆらり,https://img.bokenjapan.com/media/kanda-dining-40007017.jpg,https://img.bokenjapan.com/media/kanda-dining-40050448.jpg,matched own listing photo
fukuoka/kanda,67,クレープショップ メノマーレ,https://img.bokenjapan.com/media/kanda-dining-40055260.jpg,https://img.bokenjapan.com/media/kanda-dining-40007017.jpg,matched own listing photo
fukuoka/kanda,68,牛ぎゅう,https://img.bokenjapan.com/media/kanda-dining-40020269.jpg,https://img.bokenjapan.com/media/kanda-dining-ta28.jpg,matched own listing photo
fukuoka/kanda,69,ゑびすうどん 苅田店,https://img.bokenjapan.com/media/kanda-dining-40054440.jpg,https://img.bokenjapan.com/media/kanda-dining-40020269.jpg,matched own listing photo
fukuoka/kanda,70,焼肉ごうしや,https://img.bokenjapan.com/media/kanda-dining-40009749.jpg,https://img.bokenjapan.com/media/kanda-dining-40054440.jpg,matched own listing photo
fukuoka/kanda,71,ななふく,https://img.bokenjapan.com/media/kanda-dining-40059779.jpg,https://img.bokenjapan.com/media/kanda-dining-40009749.jpg,matched own listing photo
fukuoka/kanda,72,からあげKING,https://img.bokenjapan.com/media/kanda-dining-40061952.jpg,https://img.bokenjapan.com/media/kanda-dining-40059779.jpg,matched own listing photo
fukuoka/kanda,73,コリアンダイニング 木原,https://img.bokenjapan.com/media/kanda-dining-40057135.jpg,https://img.bokenjapan.com/media/kanda-dining-40061952.jpg,matched own listing photo
fukuoka/kanda,74,古民家 su-cafe,https://img.bokenjapan.com/media/kanda-dining-40074221.jpg,https://img.bokenjapan.com/media/kanda-dining-40057135.jpg,matched own listing photo
fukuoka/kanda,75,手づくり弁当 和や,https://img.bokenjapan.com/media/kanda-dining-40052809.jpg,https://img.bokenjapan.com/media/kanda-dining-40074221.jpg,matched own listing photo
fukuoka/kanda,76,ふさみ焼肉店,https://img.bokenjapan.com/media/kanda-dining-40018310.jpg,https://img.bokenjapan.com/media/kanda-dining-40052809.jpg,matched own listing photo
fukuoka/kanda,77,こらぼっくる,https://img.bokenjapan.com/media/kanda-dining-40049406.jpg,https://img.bokenjapan.com/media/kanda-dining-40018310.jpg,matched own listing photo
fukuoka/kanda,81,ジョイフル 苅田店,https://img.bokenjapan.com/media/kanda-dining-40019035.jpg,,photo belonged to another card; no own photo found
fukuoka/kanda,82,スシロー 苅田店,https://img.bokenjapan.com/media/kanda-dining-40026381.jpg,https://img.bokenjapan.com/media/kanda-dining-40019035.jpg,matched own listing photo
fukuoka/kanda,83,花楓月 苅田店,https://img.bokenjapan.com/media/kanda-dining-40026418.jpg,https://img.bokenjapan.com/media/kanda-dining-40026381.jpg,matched own listing photo
fukuoka/kanda,84,からあげ輝鶏 苅田店,https://img.bokenjapan.com/media/kanda-dining-40054432.jpg,https://img.bokenjapan.com/media/kanda-dining-40026418.jpg,matched own listing photo
fukuoka/kanda,85,源さん,https://img.bokenjapan.com/media/kanda-dining-40015075.jpg,https://img.bokenjapan.com/media/kanda-dining-40054432.jpg,matched own listing photo
fukuoka/kanda,86,太閤,https://img.bokenjapan.com/media/kanda-dining-40015387.jpg,https://img.bokenjapan.com/media/kanda-dining-40015075.jpg,matched own listing photo
fukuoka/kanda,87,駒寿し,https://img.bokenjapan.com/media/kanda-dining-40010713.jpg,https://img.bokenjapan.com/media/kanda-dining-40015387.jpg,matched own listing photo
fukuoka/kanda,88,炭火焼　炉,https://img.bokenjapan.com/media/kanda-dining-40035534.jpg,https://img.bokenjapan.com/media/kanda-dining-40010713.jpg,matched own listing photo
fukuoka/kanda,89,ごはんや,https://img.bokenjapan.com/media/kanda-dining-40068125.jpg,https://img.bokenjapan.com/media/kanda-dining-40035534.jpg,matched own listing photo
fukuoka/kanda,90,縁日,https://img.bokenjapan.com/media/kanda-dining-40069532.jpg,https://img.bokenjapan.com/media/kanda-dining-40068125.jpg,matched own listing photo
fukuoka/kanda,91,からあげみやこ屋 苅田店,https://img.bokenjapan.com/media/kanda-dining-40070980.jpg,,photo belonged to another card; no own photo found
fukuoka/kanda,92,ぬかだき専門店 咲くら,https://img.bokenjapan.com/media/kanda-dining-40061114.jpg,https://img.bokenjapan.com/media/kanda-dining-40070980.jpg,matched own listing photo
fukuoka/kanda,94,蕎麦処 渉,https://img.bokenjapan.com/media/kanda-dining-40061531.jpg,https://img.bokenjapan.com/media/kanda-dining-40061114.jpg,matched own listing photo
fukuoka/kanda,95,唐揚げサンバ,https://img.bokenjapan.com/media/kanda-dining-40059296.jpg,https://img.bokenjapan.com/media/kanda-dining-40061531.jpg,matched own listing photo
fukuoka/kanda,96,陽だまりのしっぽ,https://img.bokenjapan.com/media/kanda-dining-40065360.jpg,https://img.bokenjapan.com/media/kanda-dining-40059296.jpg,matched own listing photo
fukuoka/kanda,100,むらた亭 苅田店,https://img.bokenjapan.com/media/kanda-dining-40018952.jpg,,photo belonged to another card; no own photo found
fukuoka/kanda,101,マクドナルド 10号行橋店,https://img.bokenjapan.com/media/kanda-dining-40030475.jpg,https://img.bokenjapan.com/media/kanda-dining-40018952.jpg,matched own listing photo
fukuoka/kanda,102,いきなりステーキ ホームプラザナフコ苅田店,https://img.bokenjapan.com/media/kanda-dining-40050883.jpg,https://img.bokenjapan.com/media/kanda-dining-40030475.jpg,matched own listing photo
fukuoka/kanda,103,ガスト 行橋店,https://img.bokenjapan.com/media/kanda-dining-40020358.jpg,https://img.bokenjapan.com/media/kanda-dining-40050883.jpg,matched own listing photo
fukuoka/kanda,104,ごはんどき 苅田店,https://img.bokenjapan.com/media/kanda-dining-40033328.jpg,,photo belonged to another card; no own photo found
fukuoka/kanda,105,リンガーハット 苅田西工大前店,https://img.bokenjapan.com/media/kanda-dining-40016588.jpg,https://img.bokenjapan.com/media/kanda-dining-40033328.jpg,matched own listing photo
fukuoka/kanda,106,すき家 苅田店,https://img.bokenjapan.com/media/kanda-dining-40043525.jpg,https://img.bokenjapan.com/media/kanda-dining-40016588.jpg,matched own listing photo
fukuoka/kanda,107,ファーストキッチン サンリブ苅田,https://img.bokenjapan.com/media/kanda-dining-40047698.jpg,https://img.bokenjapan.com/media/kanda-dining-40043525.jpg,matched own listing photo
fukuoka/kanda,108,マクドナルド 10号苅田店,https://img.bokenjapan.com/media/kanda-dining-40029352.jpg,https://img.bokenjapan.com/media/kanda-dining-40047698.jpg,matched own listing photo
fukuoka/kanda,109,ドトールコーヒーショップ  エッソ二崎店,https://img.bokenjapan.com/media/kanda-dining-40028967.jpg,https://img.bokenjapan.com/media/kanda-dining-40029352.jpg,matched own listing photo
fukuoka/kanda,110,シャトレーゼ 苅田店,https://img.bokenjapan.com/media/kanda-dining-40071038.jpg,https://img.bokenjapan.com/media/kanda-dining-40028967.jpg,matched own listing photo
fukuoka/kanda,111,湖月堂 サンリブ苅田店,https://img.bokenjapan.com/media/kanda-dining-40057365.jpg,https://img.bokenjapan.com/media/kanda-dining-40071038.jpg,matched own listing photo
fukuoka/kanda,112,春香苑,https://img.bokenjapan.com/media/kanda-dining-40009746.jpg,https://img.bokenjapan.com/media/kanda-dining-40057365.jpg,matched own listing photo
fukuoka/kanda,113,ほっともっと 苅田駅前店,https://img.bokenjapan.com/media/kanda-dining-40040503.jpg,https://img.bokenjapan.com/media/kanda-dining-40009746.jpg,matched own listing photo
fukuoka/kanda,114,炉洲,https://img.bokenjapan.com/media/kanda-dining-40008930.jpg,https://img.bokenjapan.com/media/kanda-dining-40040503.jpg,matched own listing photo
fukuoka/kanda,115,ほっともっと 苅田富久店,https://img.bokenjapan.com/media/kanda-dining-40040513.jpg,https://img.bokenjapan.com/media/kanda-dining-40008930.jpg,matched own listing photo
fukuoka/kanda,119,みやび,https://img.bokenjapan.com/media/kanda-dining-40012215.jpg,,photo belonged to another card; no own photo found
fukuoka/kanda,121,セブンイレブン 苅田磯浜町店,https://img.bokenjapan.com/media/kanda-dining-40056203.jpg,https://img.bokenjapan.com/media/kanda-dining-40012215.jpg,matched own listing photo
fukuoka/kanda,122,運,https://img.bokenjapan.com/media/kanda-dining-40066448.jpg,https://img.bokenjapan.com/media/kanda-dining-40056203.jpg,matched own listing photo
fukuoka/kanda,123,むすんでひらいて ルミエール苅田店,https://img.bokenjapan.com/media/kanda-dining-40028887.jpg,https://img.bokenjapan.com/media/kanda-dining-40066448.jpg,matched own listing photo
fukuoka/kanda,124,TAKO96,https://img.bokenjapan.com/media/kanda-dining-40058230.jpg,https://img.bokenjapan.com/media/kanda-dining-40028887.jpg,matched own listing photo
fukuoka/kanda,126,むすんでひらいて サンリブエル苅田店,https://img.bokenjapan.com/media/kanda-dining-40028888.jpg,https://img.bokenjapan.com/media/kanda-dining-40058230.jpg,matched own listing photo
fukuoka/kanda,127,ななふく弁当,https://img.bokenjapan.com/media/kanda-dining-40056933.jpg,https://img.bokenjapan.com/media/kanda-dining-40028888.jpg,matched own listing photo
fukuoka/kanda,128,Rodzina,https://img.bokenjapan.com/media/kanda-dining-40070975.jpg,https://img.bokenjapan.com/media/kanda-dining-40056933.jpg,matched own listing photo
fukuoka/kanda,129,LAWSON 苅田京町一丁目店,https://img.bokenjapan.com/media/kanda-dining-40044961.jpg,https://img.bokenjapan.com/media/kanda-dining-40070975.jpg,matched own listing photo
fukuoka/kanda,130,炭職人 焼き鳥 京,https://img.bokenjapan.com/media/kanda-dining-40073063.jpg,https://img.bokenjapan.com/media/kanda-dining-40044961.jpg,matched own listing photo
fukuoka/kanda,131,ドエル･タコ,https://img.bokenjapan.com/media/kanda-dining-40038275.jpg,https://img.bokenjapan.com/media/kanda-dining-40073063.jpg,matched own listing photo
fukuoka/kanda,132,片岡食品,https://img.bokenjapan.com/media/kanda-dining-40070557.jpg,https://img.bokenjapan.com/media/kanda-dining-40038275.jpg,matched own listing photo
fukuoka/kanda,138,海賊船,https://img.bokenjapan.com/media/kanda-dining-40071601.jpg,,photo belonged to another card; no own photo found
fukuoka/kanda,144,麺と鉄板 肉らしかぁ,https://img.bokenjapan.com/media/kanda-dining-40052026.jpg,https://img.bokenjapan.com/media/kanda-dining-40071601.jpg,matched own listing photo
fukuoka/kasuya,2,山椒の木,https://img.bokenjapan.com/media/kasuya-dining-40020728.jpg,,photo belonged to another card; no own photo found
fukuoka/kasuya,3,1954 Fukuoka,https://img.bokenjapan.com/media/kasuya-dining-40059890.jpg,https://img.bokenjapan.com/media/kasuya-dining-40020728.jpg,matched own listing photo
fukuoka/kasuya,4,YORIMICHI,https://img.bokenjapan.com/media/kasuya-dining-40049924.jpg,https://img.bokenjapan.com/media/kasuya-dining-40059890.jpg,matched own listing photo
fukuoka/kasuya,5,中華料理 香香,https://img.bokenjapan.com/media/kasuya-dining-40036080.jpg,https://img.bokenjapan.com/media/kasuya-dining-40049924.jpg,matched own listing photo
fukuoka/kasuya,6,まるやすのちゃんぽん,https://img.bokenjapan.com/media/kasuya-dining-40052253.jpg,https://img.bokenjapan.com/media/kasuya-dining-40036080.jpg,matched own listing photo
fukuoka/kasuya,7,吉ひろ,https://img.bokenjapan.com/media/kasuya-dining-40014987.jpg,https://img.bokenjapan.com/media/kasuya-dining-40052253.jpg,matched own listing photo
fukuoka/kasuya,8,麺屋ラ賊,https://img.bokenjapan.com/media/kasuya-dining-40006301.jpg,https://img.bokenjapan.com/media/kasuya-dining-40014987.jpg,matched own listing photo
fukuoka/kasuya,9,ラーメン将峰,https://img.bokenjapan.com/media/kasuya-dining-40002383.jpg,https://img.bokenjapan.com/media/kasuya-dining-40006301.jpg,matched own listing photo
fukuoka/kasuya,10,Hamburg Mafia,https://img.bokenjapan.com/media/kasuya-dining-40067087.jpg,https://img.bokenjapan.com/media/kasuya-dining-40002383.jpg,matched own listing photo
fukuoka/kasuya,11,"天天,有",https://img.bokenjapan.com/media/kasuya-dining-40007019.jpg,https://img.bokenjapan.com/media/kasuya-dining-40067087.jpg,matched own listing photo
fukuoka/kasuya,12,喰焼処,https://img.bokenjapan.com/media/kasuya-dining-40015051.jpg,https://img.bokenjapan.com/media/kasuya-dining-40007019.jpg,matched own listing photo
fukuoka/kasuya,13,官兵衛うどん,https://img.bokenjapan.com/media/kasuya-dining-40001234.jpg,https://img.bokenjapan.com/media/kasuya-dining-40015051.jpg,matched own listing photo
fukuoka/kasuya,14,びっくり亭 粕屋店,https://img.bokenjapan.com/media/kasuya-dining-40035646.jpg,https://img.bokenjapan.com/media/kasuya-dining-40001234.jpg,matched own listing photo
fukuoka/kasuya,15,スタミナ焼肉鉄板王 空港東店,https://img.bokenjapan.com/media/kasuya-dining-40018362.jpg,https://img.bokenjapan.com/media/kasuya-dining-40035646.jpg,matched own listing photo
fukuoka/kasuya,16,ハンバーガー工房 grin grin,https://img.bokenjapan.com/media/kasuya-dining-40060867.jpg,https://img.bokenjapan.com/media/kasuya-dining-40018362.jpg,matched own listing photo
fukuoka/kasuya,17,きねや 流通店,https://img.bokenjapan.com/media/kasuya-dining-40011637.jpg,https://img.bokenjapan.com/media/kasuya-dining-40060867.jpg,matched own listing photo
fukuoka/kasuya,18,粕屋町中華料理 ニューハナチャイナ,https://img.bokenjapan.com/media/kasuya-dining-40045838.jpg,https://img.bokenjapan.com/media/kasuya-dining-40011637.jpg,matched own listing photo
fukuoka/kasuya,19,豚ステーキ十一 仲原店,https://img.bokenjapan.com/media/kasuya-dining-40072033.jpg,https://img.bokenjapan.com/media/kasuya-dining-40045838.jpg,matched own listing photo
fukuoka/kasuya,22,長浜ラーメン 味のまんぷく,https://img.bokenjapan.com/media/kasuya-dining-40028301.jpg,,photo belonged to another card; no own photo found
fukuoka/kasuya,23,恵比寿や,https://img.bokenjapan.com/media/kasuya-dining-40040537.jpg,https://img.bokenjapan.com/media/kasuya-dining-40028301.jpg,matched own listing photo
fukuoka/kasuya,24,五穀 イオンモール福岡店,https://img.bokenjapan.com/media/kasuya-dining-40003740.jpg,https://img.bokenjapan.com/media/kasuya-dining-40040537.jpg,matched own listing photo
fukuoka/kasuya,25,博多久松,https://img.bokenjapan.com/media/kasuya-dining-40020557.jpg,https://img.bokenjapan.com/media/kasuya-dining-40003740.jpg,matched own listing photo
fukuoka/kasuya,26,なにわお好み焼き ぼちぼち,https://img.bokenjapan.com/media/kasuya-dining-40020881.jpg,https://img.bokenjapan.com/media/kasuya-dining-40020557.jpg,matched own listing photo
fukuoka/kasuya,27,鳥〇食堂×タニタカフェ イオンモール福岡店,https://img.bokenjapan.com/media/kasuya-dining-40072460.jpg,https://img.bokenjapan.com/media/kasuya-dining-40020881.jpg,matched own listing photo
fukuoka/kasuya,28,新和食 馳,https://img.bokenjapan.com/media/kasuya-dining-40020887.jpg,https://img.bokenjapan.com/media/kasuya-dining-40072460.jpg,matched own listing photo
fukuoka/kasuya,29,てんぷら一代,https://img.bokenjapan.com/media/kasuya-dining-40065627.jpg,https://img.bokenjapan.com/media/kasuya-dining-40020887.jpg,matched own listing photo
fukuoka/kasuya,30,パンのマグ,https://img.bokenjapan.com/media/kasuya-dining-40049816.jpg,https://img.bokenjapan.com/media/kasuya-dining-40065627.jpg,matched own listing photo
fukuoka/kasuya,31,石釜パン工房 KIRARI,https://img.bokenjapan.com/media/kasuya-dining-40020433.jpg,https://img.bokenjapan.com/media/kasuya-dining-40049816.jpg,matched own listing photo
fukuoka/kasuya,32,韓美里,https://img.bokenjapan.com/media/kasuya-dining-40033427.jpg,https://img.bokenjapan.com/media/kasuya-dining-40020433.jpg,matched own listing photo
fukuoka/kasuya,33,サクレクール,https://img.bokenjapan.com/media/kasuya-dining-40019109.jpg,https://img.bokenjapan.com/media/kasuya-dining-40033427.jpg,matched own listing photo
fukuoka/kasuya,34,パントリエ イオンモール福岡店,https://img.bokenjapan.com/media/kasuya-dining-40006191.jpg,https://img.bokenjapan.com/media/kasuya-dining-40019109.jpg,matched own listing photo
fukuoka/kasuya,35,JACK IN THE DONUTS イオンモール福岡店,https://img.bokenjapan.com/media/kasuya-dining-40072463.jpg,https://img.bokenjapan.com/media/kasuya-dining-40006191.jpg,matched own listing photo
fukuoka/kasuya,36,HEART BREAD ANTIQUE イオンモール福岡店,https://img.bokenjapan.com/media/kasuya-dining-40070785.jpg,https://img.bokenjapan.com/media/kasuya-dining-40072463.jpg,matched own listing photo
fukuoka/kasuya,37,coharune,https://img.bokenjapan.com/media/kasuya-dining-40061597.jpg,https://img.bokenjapan.com/media/kasuya-dining-40070785.jpg,matched own listing photo
fukuoka/kasuya,38,スパイス食堂and N,https://img.bokenjapan.com/media/kasuya-dining-40071623.jpg,https://img.bokenjapan.com/media/kasuya-dining-40061597.jpg,matched own listing photo
fukuoka/kasuya,39,辛麺&チキン南蛮 桝元 イオンモール福岡店,https://img.bokenjapan.com/media/kasuya-dining-40066985.jpg,https://img.bokenjapan.com/media/kasuya-dining-40071623.jpg,matched own listing photo
fukuoka/kasuya,42,たかばしBake,https://img.bokenjapan.com/media/kasuya-dining-40064271.jpg,,photo belonged to another card; no own photo found
fukuoka/kasuya,43,麦とろ＆韓,https://img.bokenjapan.com/media/kasuya-dining-40070790.jpg,https://img.bokenjapan.com/media/kasuya-dining-40064271.jpg,matched own listing photo
fukuoka/kasuya,44,肉肉うどん 粕屋店,https://img.bokenjapan.com/media/kasuya-dining-40035319.jpg,https://img.bokenjapan.com/media/kasuya-dining-40070790.jpg,matched own listing photo
fukuoka/kasuya,45,桃香・中華の店,https://img.bokenjapan.com/media/kasuya-dining-40016739.jpg,https://img.bokenjapan.com/media/kasuya-dining-40035319.jpg,matched own listing photo
fukuoka/kasuya,46,みらく 糟屋店,https://img.bokenjapan.com/media/kasuya-dining-40007007.jpg,https://img.bokenjapan.com/media/kasuya-dining-40016739.jpg,matched own listing photo
fukuoka/kasuya,47,博多唐揚げ もんどりあん,https://img.bokenjapan.com/media/kasuya-dining-40057529.jpg,https://img.bokenjapan.com/media/kasuya-dining-40007007.jpg,matched own listing photo
fukuoka/kasuya,48,パティスリーマルジョレーヌ,https://img.bokenjapan.com/media/kasuya-dining-40047750.jpg,https://img.bokenjapan.com/media/kasuya-dining-40057529.jpg,matched own listing photo
fukuoka/kasuya,49,ベーベの気持ち イオンモール福岡店,https://img.bokenjapan.com/media/kasuya-dining-40032638.jpg,https://img.bokenjapan.com/media/kasuya-dining-40047750.jpg,matched own listing photo
fukuoka/kasuya,50,和み縁ゆいゆい,https://img.bokenjapan.com/media/kasuya-dining-40073337.jpg,https://img.bokenjapan.com/media/kasuya-dining-40032638.jpg,matched own listing photo
fukuoka/kasuya,51,丸亀製麺 イオンモール福岡店,https://img.bokenjapan.com/media/kasuya-dining-40002337.jpg,https://img.bokenjapan.com/media/kasuya-dining-40073337.jpg,matched own listing photo
fukuoka/kasuya,52,ぎゅう丸 イオンモール福岡店,https://img.bokenjapan.com/media/kasuya-dining-40028569.jpg,https://img.bokenjapan.com/media/kasuya-dining-40002337.jpg,matched own listing photo
fukuoka/kasuya,53,かんざし イオンモール福岡店,https://img.bokenjapan.com/media/kasuya-dining-40037951.jpg,https://img.bokenjapan.com/media/kasuya-dining-40028569.jpg,matched own listing photo
fukuoka/kasuya,54,居酒屋 ○○家,https://img.bokenjapan.com/media/kasuya-dining-40016192.jpg,https://img.bokenjapan.com/media/kasuya-dining-40037951.jpg,matched own listing photo
fukuoka/kasuya,55,居酒屋本陣,https://img.bokenjapan.com/media/kasuya-dining-40016191.jpg,https://img.bokenjapan.com/media/kasuya-dining-40016192.jpg,matched own listing photo
fukuoka/kasuya,56,京都北白川ラーメン魁力屋 イオンモール福岡店,https://img.bokenjapan.com/media/kasuya-dining-40072406.jpg,https://img.bokenjapan.com/media/kasuya-dining-40016191.jpg,matched own listing photo
fukuoka/kasuya,57,憩い家 つねさん,https://img.bokenjapan.com/media/kasuya-dining-40041496.jpg,https://img.bokenjapan.com/media/kasuya-dining-40072406.jpg,matched own listing photo
fukuoka/kasuya,58,イチリュウ イオン福岡店,https://img.bokenjapan.com/media/kasuya-dining-40030668.jpg,https://img.bokenjapan.com/media/kasuya-dining-40041496.jpg,matched own listing photo
fukuoka/kasuya,59,ナガモトコーヒー店,https://img.bokenjapan.com/media/kasuya-dining-40049448.jpg,https://img.bokenjapan.com/media/kasuya-dining-40030668.jpg,matched own listing photo
fukuoka/kasuya,62,双葉ラーメン,https://img.bokenjapan.com/media/kasuya-dining-40009369.jpg,,photo belonged to another card; no own photo found
fukuoka/kasuya,63,町田商店 イオンモール福岡店,https://img.bokenjapan.com/media/kasuya-dining-40073226.jpg,https://img.bokenjapan.com/media/kasuya-dining-40009369.jpg,matched own listing photo
fukuoka/kasuya,64,イザカヤ クウカイ 粕屋店,https://img.bokenjapan.com/media/kasuya-dining-40045162.jpg,https://img.bokenjapan.com/media/kasuya-dining-40073226.jpg,matched own listing photo
fukuoka/kasuya,65,旨屋,https://img.bokenjapan.com/media/kasuya-dining-40022230.jpg,https://img.bokenjapan.com/media/kasuya-dining-40045162.jpg,matched own listing photo
fukuoka/kasuya,66,焼肉ＫＡＮ,https://img.bokenjapan.com/media/kasuya-dining-40009721.jpg,https://img.bokenjapan.com/media/kasuya-dining-40022230.jpg,matched own listing photo
fukuoka/kasuya,67,Flat,https://img.bokenjapan.com/media/kasuya-dining-40068318.jpg,,photo belonged to another card; no own photo found
fukuoka/kasuya,68,ピエトロ イオンモール福岡店,https://img.bokenjapan.com/media/kasuya-dining-40004279.jpg,https://img.bokenjapan.com/media/kasuya-dining-40068318.jpg,matched own listing photo
fukuoka/kasuya,69,築地食堂 源ちゃん イオンモール福岡店,https://img.bokenjapan.com/media/kasuya-dining-40052926.jpg,https://img.bokenjapan.com/media/kasuya-dining-40004279.jpg,matched own listing photo
fukuoka/kasuya,70,赤から 福岡東店,https://img.bokenjapan.com/media/kasuya-dining-40017996.jpg,https://img.bokenjapan.com/media/kasuya-dining-40052926.jpg,matched own listing photo
fukuoka/kasuya,71,博多ダーメン屋,https://img.bokenjapan.com/media/kasuya-dining-40009367.jpg,https://img.bokenjapan.com/media/kasuya-dining-40017996.jpg,matched own listing photo
fukuoka/kasuya,72,そばと和食 麦福 イオンモール福岡店,https://img.bokenjapan.com/media/kasuya-dining-40072458.jpg,https://img.bokenjapan.com/media/kasuya-dining-40009367.jpg,matched own listing photo
fukuoka/kasuya,73,駅前カフェ サカヤ,https://img.bokenjapan.com/media/kasuya-dining-40047689.jpg,https://img.bokenjapan.com/media/kasuya-dining-40072458.jpg,matched own listing photo
fukuoka/kasuya,74,中華料理 福香餃子,https://img.bokenjapan.com/media/kasuya-dining-40060282.jpg,https://img.bokenjapan.com/media/kasuya-dining-40047689.jpg,matched own listing photo
fukuoka/kasuya,75,ぐらんぱ,https://img.bokenjapan.com/media/kasuya-dining-40041441.jpg,https://img.bokenjapan.com/media/kasuya-dining-40060282.jpg,matched own listing photo
fukuoka/kasuya,76,炭焼dining 漁火,https://img.bokenjapan.com/media/kasuya-dining-40058220.jpg,https://img.bokenjapan.com/media/kasuya-dining-40041441.jpg,matched own listing photo
fukuoka/kasuya,77,メルシー,https://img.bokenjapan.com/media/kasuya-dining-40065772.jpg,https://img.bokenjapan.com/media/kasuya-dining-40058220.jpg,matched own listing photo
fukuoka/kasuya,78,くだものカフェ イオン福岡店,https://img.bokenjapan.com/media/kasuya-dining-40037350.jpg,https://img.bokenjapan.com/media/kasuya-dining-40065772.jpg,matched own listing photo
fukuoka/kasuya,79,Chi-ya Cafe & Flower,https://img.bokenjapan.com/media/kasuya-dining-40063702.jpg,https://img.bokenjapan.com/media/kasuya-dining-40037350.jpg,matched own listing photo
fukuoka/kasuya,82,かつや 福岡インター店,https://img.bokenjapan.com/media/kasuya-dining-40041589.jpg,,photo belonged to another card; no own photo found
fukuoka/kasuya,83,スターバックス・コーヒー イオンモール福岡店,https://img.bokenjapan.com/media/kasuya-dining-40001897.jpg,https://img.bokenjapan.com/media/kasuya-dining-40041589.jpg,matched own listing photo
fukuoka/kasuya,84,リンガーハット 福岡長者原店,https://img.bokenjapan.com/media/kasuya-dining-40016617.jpg,https://img.bokenjapan.com/media/kasuya-dining-40001897.jpg,matched own listing photo
fukuoka/kasuya,85,とんかつ 濵かつ 福岡粕屋店,https://img.bokenjapan.com/media/kasuya-dining-40016529.jpg,https://img.bokenjapan.com/media/kasuya-dining-40016617.jpg,matched own listing photo
fukuoka/kasuya,86,揚げたて天婦羅 那かむら イオンモール福岡店,https://img.bokenjapan.com/media/kasuya-dining-40048208.jpg,https://img.bokenjapan.com/media/kasuya-dining-40016529.jpg,matched own listing photo
fukuoka/kasuya,87,サロン卵と私 イオンモール福岡店,https://img.bokenjapan.com/media/kasuya-dining-40063305.jpg,https://img.bokenjapan.com/media/kasuya-dining-40048208.jpg,matched own listing photo
fukuoka/kasuya,88,コメダ珈琲店 福岡粕屋店,https://img.bokenjapan.com/media/kasuya-dining-40060014.jpg,https://img.bokenjapan.com/media/kasuya-dining-40063305.jpg,matched own listing photo
fukuoka/kasuya,89,久世福商店 イオンモール福岡店,https://img.bokenjapan.com/media/kasuya-dining-40038346.jpg,https://img.bokenjapan.com/media/kasuya-dining-40060014.jpg,matched own listing photo
fukuoka/kasuya,90,Lilyロール,https://img.bokenjapan.com/media/kasuya-dining-40053449.jpg,https://img.bokenjapan.com/media/kasuya-dining-40038346.jpg,matched own listing photo
fukuoka/kasuya,91,シュシュクレープ イオンモール福岡店,https://img.bokenjapan.com/media/kasuya-dining-40052013.jpg,,photo belonged to another card; no own photo found
fukuoka/kasuya,92,喫茶 陽だまり,https://img.bokenjapan.com/media/kasuya-dining-40063856.jpg,https://img.bokenjapan.com/media/kasuya-dining-40052013.jpg,matched own listing photo
fukuoka/kasuya,93,長者原饅頭,https://img.bokenjapan.com/media/kasuya-dining-40037722.jpg,https://img.bokenjapan.com/media/kasuya-dining-40063856.jpg,matched own listing photo
fukuoka/kasuya,94,串家物語 イオンモール福岡店,https://img.bokenjapan.com/media/kasuya-dining-40024814.jpg,https://img.bokenjapan.com/media/kasuya-dining-40037722.jpg,matched own listing photo
fukuoka/kasuya,95,ミスタードーナツ イオンモール福岡ショップ,https://img.bokenjapan.com/media/kasuya-dining-40025739.jpg,https://img.bokenjapan.com/media/kasuya-dining-40024814.jpg,matched own listing photo
fukuoka/kasuya,96,柿安 口福堂 イオンモール福岡店,https://img.bokenjapan.com/media/kasuya-dining-40037953.jpg,https://img.bokenjapan.com/media/kasuya-dining-40025739.jpg,matched own listing photo
fukuoka/kasuya,97,サンマルクカフェ イオンモール福岡店,https://img.bokenjapan.com/media/kasuya-dining-40047955.jpg,https://img.bokenjapan.com/media/kasuya-dining-40037953.jpg,matched own listing photo
fukuoka/kasuya,98,築地 銀だこ イオンモール福岡店,https://img.bokenjapan.com/media/kasuya-dining-40054165.jpg,https://img.bokenjapan.com/media/kasuya-dining-40047955.jpg,matched own listing photo
fukuoka/kasuya,99,ペッパーランチ イオンモール福岡店,https://img.bokenjapan.com/media/kasuya-dining-40006871.jpg,https://img.bokenjapan.com/media/kasuya-dining-40054165.jpg,matched own listing photo
fukuoka/kasuya,102,しゃぶ葉 イオンモール福岡店,https://img.bokenjapan.com/media/kasuya-dining-40055779.jpg,,photo belonged to another card; no own photo found
fukuoka/kasuya,103,バーガーキング イオンモール福岡店,https://img.bokenjapan.com/media/kasuya-dining-40073618.jpg,https://img.bokenjapan.com/media/kasuya-dining-40055779.jpg,matched own listing photo
fukuoka/kasuya,104,タリーズコーヒー フタバ図書TERAイオンモール福岡店,https://img.bokenjapan.com/media/kasuya-dining-40047270.jpg,https://img.bokenjapan.com/media/kasuya-dining-40073618.jpg,matched own listing photo
fukuoka/kasuya,105,カフェファディ 粕屋仲原店,https://img.bokenjapan.com/media/kasuya-dining-40046218.jpg,https://img.bokenjapan.com/media/kasuya-dining-40047270.jpg,matched own listing photo
fukuoka/kasuya,106,GODIVA イオンモール福岡店,https://img.bokenjapan.com/media/kasuya-dining-40066463.jpg,https://img.bokenjapan.com/media/kasuya-dining-40046218.jpg,matched own listing photo
fukuoka/kasuya,107,ビビン亭 イオンモール福岡店,https://img.bokenjapan.com/media/kasuya-dining-40061156.jpg,,photo belonged to another card; no own photo found
fukuoka/kasuya,108,コメダ珈琲店 イオンモール福岡店,https://img.bokenjapan.com/media/kasuya-dining-40073003.jpg,https://img.bokenjapan.com/media/kasuya-dining-40061156.jpg,matched own listing photo
fukuoka/kasuya,109,ディッパーダン イオンモール福岡店,https://img.bokenjapan.com/media/kasuya-dining-40072462.jpg,https://img.bokenjapan.com/media/kasuya-dining-40073003.jpg,matched own listing photo
fukuoka/kasuya,110,パン工場 福岡東店,https://img.bokenjapan.com/media/kasuya-dining-40024967.jpg,https://img.bokenjapan.com/media/kasuya-dining-40072462.jpg,matched own listing photo
fukuoka/kasuya,111,ビアードパパ イオンモール福岡店,https://img.bokenjapan.com/media/kasuya-dining-40043148.jpg,https://img.bokenjapan.com/media/kasuya-dining-40024967.jpg,matched own listing photo
fukuoka/kasuya,112,となりの山椒の木,https://img.bokenjapan.com/media/kasuya-dining-40051894.jpg,https://img.bokenjapan.com/media/kasuya-dining-40043148.jpg,matched own listing photo
fukuoka/kasuya,113,しめ手羽 粕屋別館,https://img.bokenjapan.com/media/kasuya-dining-40054307.jpg,https://img.bokenjapan.com/media/kasuya-dining-40051894.jpg,matched own listing photo
fukuoka/kasuya,114,ひので屋 流通店,https://img.bokenjapan.com/media/kasuya-dining-40039696.jpg,https://img.bokenjapan.com/media/kasuya-dining-40054307.jpg,matched own listing photo
fukuoka/kasuya,115,ぐー・ちょき・ぱん,https://img.bokenjapan.com/media/kasuya-dining-40048379.jpg,https://img.bokenjapan.com/media/kasuya-dining-40039696.jpg,matched own listing photo
fukuoka/kasuya,116,ミスターマックス粕屋店ベーカリーコーナー,https://img.bokenjapan.com/media/kasuya-dining-40042003.jpg,https://img.bokenjapan.com/media/kasuya-dining-40048379.jpg,matched own listing photo
fukuoka/kasuya,117,珈琲苑やまもと,https://img.bokenjapan.com/media/kasuya-dining-40040305.jpg,,photo belonged to another card; no own photo found
fukuoka/kasuya,118,和食海鮮料理旬彩みやび,https://img.bokenjapan.com/media/kasuya-dining-40070272.jpg,https://img.bokenjapan.com/media/kasuya-dining-40040305.jpg,matched own listing photo
fukuoka/kasuya,119,ワンダー カフェ 福岡東店,https://img.bokenjapan.com/media/kasuya-dining-40053799.jpg,https://img.bokenjapan.com/media/kasuya-dining-40070272.jpg,matched own listing photo
fukuoka/kasuya,122,九州名物とめ手羽 仲原店,https://img.bokenjapan.com/media/kasuya-dining-40052810.jpg,,photo belonged to another card; no own photo found
fukuoka/kasuya,123,唐十 イオンモール福岡店,https://img.bokenjapan.com/media/kasuya-dining-40053771.jpg,https://img.bokenjapan.com/media/kasuya-dining-40052810.jpg,matched own listing photo
fukuoka/kasuya,124,CoCo壱番屋 福岡インター店,https://img.bokenjapan.com/media/kasuya-dining-40026170.jpg,https://img.bokenjapan.com/media/kasuya-dining-40053771.jpg,matched own listing photo
fukuoka/kasuya,125,カルディコーヒーファーム イオンモール福岡店,https://img.bokenjapan.com/media/kasuya-dining-40025738.jpg,https://img.bokenjapan.com/media/kasuya-dining-40026170.jpg,matched own listing photo
fukuoka/kasuya,126,酔処 旬,https://img.bokenjapan.com/media/kasuya-dining-40068982.jpg,https://img.bokenjapan.com/media/kasuya-dining-40025738.jpg,matched own listing photo
fukuoka/kasuya,127,竹やぶ,https://img.bokenjapan.com/media/kasuya-dining-40065803.jpg,https://img.bokenjapan.com/media/kasuya-dining-40068982.jpg,matched own listing photo
fukuoka/kasuya,128,犬カフェ Rio 福岡店,https://img.bokenjapan.com/media/kasuya-dining-40064917.jpg,https://img.bokenjapan.com/media/kasuya-dining-40065803.jpg,matched own listing photo
fukuoka/kasuya,129,駅前食処いさりび,https://img.bokenjapan.com/media/kasuya-dining-40075017.jpg,https://img.bokenjapan.com/media/kasuya-dining-40064917.jpg,matched own listing photo
fukuoka/kasuya,130,LET'SINASAL,https://img.bokenjapan.com/media/kasuya-dining-40070244.jpg,https://img.bokenjapan.com/media/kasuya-dining-40075017.jpg,matched own listing photo
fukuoka/kasuya,131,銀座惣菜店 イオンモール福岡店,https://img.bokenjapan.com/media/kasuya-dining-40065071.jpg,https://img.bokenjapan.com/media/kasuya-dining-40070244.jpg,matched own listing photo
fukuoka/kasuya,132,牛角 仲原店,https://img.bokenjapan.com/media/kasuya-dining-40002318.jpg,https://img.bokenjapan.com/media/kasuya-dining-40065071.jpg,matched own listing photo
fukuoka/kasuya,133,マクドナルド 門松店,https://img.bokenjapan.com/media/kasuya-dining-40024933.jpg,https://img.bokenjapan.com/media/kasuya-dining-40002318.jpg,matched own listing photo
fukuoka/kasuya,134,ケンタッキーフライドチキン イオンモール福岡店,https://img.bokenjapan.com/media/kasuya-dining-40024873.jpg,https://img.bokenjapan.com/media/kasuya-dining-40024933.jpg,matched own listing photo
fukuoka/kasuya,135,元祖辛麺屋 桝元 イオンモール福岡店,https://img.bokenjapan.com/media/kasuya-dining-40065318.jpg,https://img.bokenjapan.com/media/kasuya-dining-40024873.jpg,matched own listing photo
fukuoka/kasuya,136,ゴンチャ イオンモール福岡店,https://img.bokenjapan.com/media/kasuya-dining-40072424.jpg,https://img.bokenjapan.com/media/kasuya-dining-40065318.jpg,matched own listing photo
fukuoka/kasuya,137,スターバックスコーヒー イオンモール福岡2階店,https://img.bokenjapan.com/media/kasuya-dining-40072426.jpg,https://img.bokenjapan.com/media/kasuya-dining-40072424.jpg,matched own listing photo
fukuoka/kasuya,138,ほっともっと 粕屋仲原店,https://img.bokenjapan.com/media/kasuya-dining-40040490.jpg,https://img.bokenjapan.com/media/kasuya-dining-40072426.jpg,matched own listing photo
fukuoka/kasuya,139,クニズ イオンモール福岡店,https://img.bokenjapan.com/media/kasuya-dining-40037947.jpg,https://img.bokenjapan.com/media/kasuya-dining-40040490.jpg,matched own listing photo
fukuoka/kasuya,142,サーティワンアイスクリーム イオンモール福岡 フードパーク店,https://img.bokenjapan.com/media/kasuya-dining-40024815.jpg,,photo belonged to another card; no own photo found
fukuoka/kasuya,143,パオクレープミルク イオンモール福岡店,https://img.bokenjapan.com/media/kasuya-dining-40039404.jpg,https://img.bokenjapan.com/media/kasuya-dining-40024815.jpg,matched own listing photo
fukuoka/kasuya,144,銀座コージーコーナー イオン福岡店,https://img.bokenjapan.com/media/kasuya-dining-40036602.jpg,https://img.bokenjapan.com/media/kasuya-dining-40039404.jpg,matched own listing photo
fukuoka/kasuya,145,モーメント 福岡本店,https://img.bokenjapan.com/media/kasuya-dining-40048891.jpg,,photo belonged to another card; no own photo found
fukuoka/kasuya,146,鮨ダイニング結喜家,https://img.bokenjapan.com/media/kasuya-dining-40011044.jpg,https://img.bokenjapan.com/media/kasuya-dining-40048891.jpg,matched own listing photo
fukuoka/kasuya,147,うえすたん本部手作りハム工房,https://img.bokenjapan.com/media/kasuya-dining-40039601.jpg,https://img.bokenjapan.com/media/kasuya-dining-40011044.jpg,matched own listing photo
fukuoka/kasuya,148,居酒屋　もり,https://img.bokenjapan.com/media/kasuya-dining-40030448.jpg,https://img.bokenjapan.com/media/kasuya-dining-40039601.jpg,matched own listing photo
fukuoka/kasuya,149,ちくごや,https://img.bokenjapan.com/media/kasuya-dining-40022771.jpg,https://img.bokenjapan.com/media/kasuya-dining-40030448.jpg,matched own listing photo
fukuoka/kasuya,150,イオンシネマ 福岡,https://img.bokenjapan.com/media/kasuya-dining-40046618.jpg,https://img.bokenjapan.com/media/kasuya-dining-40022771.jpg,matched own listing photo
fukuoka/kasuya,151,居酒屋てら田,https://img.bokenjapan.com/media/kasuya-dining-40016193.jpg,https://img.bokenjapan.com/media/kasuya-dining-40046618.jpg,matched own listing photo
fukuoka/kasuya,152,古じょう庵 イオン福岡東店,https://img.bokenjapan.com/media/kasuya-dining-40042711.jpg,https://img.bokenjapan.com/media/kasuya-dining-40016193.jpg,matched own listing photo
fukuoka/kasuya,153,レモネード バイ レモニカ イオンモール福岡店,https://img.bokenjapan.com/media/kasuya-dining-40055860.jpg,https://img.bokenjapan.com/media/kasuya-dining-40042711.jpg,matched own listing photo
fukuoka/kasuya,154,ダイキョーバリュー 長者原店,https://img.bokenjapan.com/media/kasuya-dining-40061310.jpg,https://img.bokenjapan.com/media/kasuya-dining-40055860.jpg,matched own listing photo
fukuoka/kasuya,155,麩稲豊,https://img.bokenjapan.com/media/kasuya-dining-40037263.jpg,https://img.bokenjapan.com/media/kasuya-dining-40061310.jpg,matched own listing photo
fukuoka/kasuya,156,cakehouse AN イオンモール福岡店,https://img.bokenjapan.com/media/kasuya-dining-40070791.jpg,https://img.bokenjapan.com/media/kasuya-dining-40037263.jpg,matched own listing photo
fukuoka/kasuya,157,やきとり 史,https://img.bokenjapan.com/media/kasuya-dining-40058135.jpg,https://img.bokenjapan.com/media/kasuya-dining-40070791.jpg,matched own listing photo
fukuoka/kasuya,158,MOTHER'S CREPE&CAFE,https://img.bokenjapan.com/media/kasuya-dining-40004646.jpg,https://img.bokenjapan.com/media/kasuya-dining-40058135.jpg,matched own listing photo
fukuoka/kasuya,162,Mishima,https://img.bokenjapan.com/media/kasuya-dining-40064395.jpg,,photo belonged to another card; no own photo found
fukuoka/kasuya,163,焼鳥 山,https://img.bokenjapan.com/media/kasuya-dining-40061250.jpg,https://img.bokenjapan.com/media/kasuya-dining-40064395.jpg,matched own listing photo
fukuoka/kasuya,164,湖月堂 イオンモール福岡店,https://img.bokenjapan.com/media/kasuya-dining-40068704.jpg,https://img.bokenjapan.com/media/kasuya-dining-40061250.jpg,matched own listing photo
fukuoka/kasuya,165,如水庵 イオンモール福岡店,https://img.bokenjapan.com/media/kasuya-dining-40056293.jpg,https://img.bokenjapan.com/media/kasuya-dining-40068704.jpg,matched own listing photo
fukuoka/kasuya,166,ほっともっと 長者原店,https://img.bokenjapan.com/media/kasuya-dining-40040487.jpg,https://img.bokenjapan.com/media/kasuya-dining-40056293.jpg,matched own listing photo
fukuoka/kasuya,167,SUMOMO BAKERY 粕屋店,https://img.bokenjapan.com/media/kasuya-dining-40066753.jpg,https://img.bokenjapan.com/media/kasuya-dining-40040487.jpg,matched own listing photo
fukuoka/kasuya,168,桝元 イオンモール福岡,https://img.bokenjapan.com/media/kasuya-dining-40066017.jpg,https://img.bokenjapan.com/media/kasuya-dining-40066753.jpg,matched own listing photo
fukuoka/kasuya,169,純一 粕屋店,https://img.bokenjapan.com/media/kasuya-dining-40070974.jpg,https://img.bokenjapan.com/media/kasuya-dining-40066017.jpg,matched own listing photo
fukuoka/kasuya,170,とよ唐亭 門松店,https://img.bokenjapan.com/media/kasuya-dining-40062205.jpg,https://img.bokenjapan.com/media/kasuya-dining-40070974.jpg,matched own listing photo
fukuoka/kasuya,171,サーティワンアイスクリーム イオンモール福岡フードフォレスト店,https://img.bokenjapan.com/media/kasuya-dining-40071790.jpg,https://img.bokenjapan.com/media/kasuya-dining-40062205.jpg,matched own listing photo
fukuoka/kasuya,172,石村萬盛堂  イオン福岡店,https://img.bokenjapan.com/media/kasuya-dining-40068709.jpg,,photo belonged to another card; no own photo found
fukuoka/kasuya,173,LAWSON 長者原店,https://img.bokenjapan.com/media/kasuya-dining-40064636.jpg,https://img.bokenjapan.com/media/kasuya-dining-40068709.jpg,matched own listing photo
fukuoka/kasuya,174,麦とろ＆韓 イオンモール福岡店,https://img.bokenjapan.com/media/kasuya-dining-40074673.jpg,https://img.bokenjapan.com/media/kasuya-dining-40064636.jpg,matched own listing photo
fukuoka/kasuya,175,おいもびより,https://img.bokenjapan.com/media/kasuya-dining-40065913.jpg,,photo belonged to another card; no own photo found
fukuoka/kasuya,176,千鳥屋原町店,https://img.bokenjapan.com/media/kasuya-dining-40040369.jpg,https://img.bokenjapan.com/media/kasuya-dining-40065913.jpg,matched own listing photo
fukuoka/kasuya,177,いもっこシルバー,https://img.bokenjapan.com/media/kasuya-dining-40069853.jpg,https://img.bokenjapan.com/media/kasuya-dining-40040369.jpg,matched own listing photo
fukuoka/kasuya,178,ひょっとこ,https://img.bokenjapan.com/media/kasuya-dining-40010583.jpg,https://img.bokenjapan.com/media/kasuya-dining-40069853.jpg,matched own listing photo
fukuoka/kasuya,179,明月堂 イオン福岡店,https://img.bokenjapan.com/media/kasuya-dining-40069397.jpg,https://img.bokenjapan.com/media/kasuya-dining-40010583.jpg,matched own listing photo
fukuoka/kasuya,182,だるま,https://img.bokenjapan.com/media/kasuya-dining-40016190.jpg,,photo belonged to another card; no own photo found
fukuoka/kasuya,183,ファミリーマート 粕屋門松店,https://img.bokenjapan.com/media/kasuya-dining-40063817.jpg,https://img.bokenjapan.com/media/kasuya-dining-40016190.jpg,matched own listing photo
fukuoka/kasuya,184,居酒屋　眞,https://img.bokenjapan.com/media/kasuya-dining-40031566.jpg,https://img.bokenjapan.com/media/kasuya-dining-40063817.jpg,matched own listing photo
fukuoka/kasuya,185,つむぎごはん,https://img.bokenjapan.com/media/kasuya-dining-40072240.jpg,https://img.bokenjapan.com/media/kasuya-dining-40031566.jpg,matched own listing photo
fukuoka/kasuya,186,光酒造株式会社,https://img.bokenjapan.com/media/kasuya-dining-40071947.jpg,https://img.bokenjapan.com/media/kasuya-dining-40072240.jpg,matched own listing photo
fukuoka/kasuya,187,駄菓子の下町屋,https://img.bokenjapan.com/media/kasuya-dining-40064307.jpg,https://img.bokenjapan.com/media/kasuya-dining-40071947.jpg,matched own listing photo
fukuoka/kasuya,188,TRIALsmart 粕屋店,https://img.bokenjapan.com/media/kasuya-dining-40069005.jpg,https://img.bokenjapan.com/media/kasuya-dining-40064307.jpg,matched own listing photo
fukuoka/kasuya,191,デイリーヤマザキ 粕屋駕与丁店,https://img.bokenjapan.com/media/kasuya-dining-40054096.jpg,https://img.bokenjapan.com/media/kasuya-dining-40069005.jpg,matched own listing photo
fukuoka/kasuya,193,谷口商店,https://img.bokenjapan.com/media/kasuya-dining-40058028.jpg,https://img.bokenjapan.com/media/kasuya-dining-40054096.jpg,matched own listing photo
fukuoka/kasuya,195,セブンイレブン 粕屋若宮1丁目店,https://img.bokenjapan.com/media/kasuya-dining-40064854.jpg,https://img.bokenjapan.com/media/kasuya-dining-40058028.jpg,matched own listing photo
fukuoka/kasuya,196,ピザポケット 仲原店,https://img.bokenjapan.com/media/kasuya-dining-40057174.jpg,https://img.bokenjapan.com/media/kasuya-dining-40064854.jpg,matched own listing photo
fukuoka/kawara,2,ドライブインかわら たこやき,https://img.bokenjapan.com/media/kawara-dining-40023885.jpg,,photo belonged to another card; no own photo found
fukuoka/kawara,3,バレーナ コーヒー,https://img.bokenjapan.com/media/kawara-dining-40052204.jpg,https://img.bokenjapan.com/media/kawara-dining-40023885.jpg,matched own listing photo
fukuoka/kawara,4,立喰い生麺 香春バイパス店,https://img.bokenjapan.com/media/kawara-dining-40011590.jpg,https://img.bokenjapan.com/media/kawara-dining-40052204.jpg,matched own listing photo
fukuoka/kawara,5,銀寿し 田川店,https://img.bokenjapan.com/media/kawara-dining-40005175.jpg,https://img.bokenjapan.com/media/kawara-dining-40011590.jpg,matched own listing photo
fukuoka/kawara,6,ドライブインかわら 立喰いうどん,https://img.bokenjapan.com/media/kawara-dining-40068605.jpg,https://img.bokenjapan.com/media/kawara-dining-40005175.jpg,matched own listing photo
fukuoka/kawara,7,バニーズ,https://img.bokenjapan.com/media/kawara-dining-40035714.jpg,https://img.bokenjapan.com/media/kawara-dining-40068605.jpg,matched own listing photo
fukuoka/kawara,8,味の茶屋こぐれ,https://img.bokenjapan.com/media/kawara-dining-40012978.jpg,https://img.bokenjapan.com/media/kawara-dining-40035714.jpg,matched own listing photo
fukuoka/kawara,9,洋菓子のブッシュ,https://img.bokenjapan.com/media/kawara-dining-40006584.jpg,https://img.bokenjapan.com/media/kawara-dining-40012978.jpg,matched own listing photo
fukuoka/kawara,10,ラーメン猫猫,https://img.bokenjapan.com/media/kawara-dining-40068047.jpg,https://img.bokenjapan.com/media/kawara-dining-40006584.jpg,matched own listing photo
fukuoka/kawara,11,器と蕎麦 井坐,https://img.bokenjapan.com/media/kawara-dining-40065127.jpg,https://img.bokenjapan.com/media/kawara-dining-40068047.jpg,matched own listing photo
fukuoka/kawara,12,こだまうどん,https://img.bokenjapan.com/media/kawara-dining-40051638.jpg,https://img.bokenjapan.com/media/kawara-dining-40065127.jpg,matched own listing photo
fukuoka/kawara,13,cafe shio,https://img.bokenjapan.com/media/kawara-dining-40069551.jpg,https://img.bokenjapan.com/media/kawara-dining-40051638.jpg,matched own listing photo
fukuoka/kawara,14,信玄,https://img.bokenjapan.com/media/kawara-dining-40010050.jpg,https://img.bokenjapan.com/media/kawara-dining-40069551.jpg,matched own listing photo
fukuoka/kawara,15,リストランテ エスポワール,https://img.bokenjapan.com/media/kawara-dining-40060250.jpg,https://img.bokenjapan.com/media/kawara-dining-40010050.jpg,matched own listing photo
fukuoka/kawara,16,韓life,https://img.bokenjapan.com/media/kawara-dining-40066554.jpg,https://img.bokenjapan.com/media/kawara-dining-40060250.jpg,matched own listing photo
fukuoka/kawara,17,CAFE&SHOP Time Chil,https://img.bokenjapan.com/media/kawara-dining-40061569.jpg,https://img.bokenjapan.com/media/kawara-dining-40066554.jpg,matched own listing photo
fukuoka/kawara,18,道の駅 香春,https://img.bokenjapan.com/media/kawara-dining-40028586.jpg,https://img.bokenjapan.com/media/kawara-dining-40061569.jpg,matched own listing photo
fukuoka/kawara,19,C.C.LABO,https://img.bokenjapan.com/media/kawara-dining-40058720.jpg,https://img.bokenjapan.com/media/kawara-dining-40028586.jpg,matched own listing photo
fukuoka/kawara,22,もっちゃん,https://img.bokenjapan.com/media/kawara-dining-40014747.jpg,,photo belonged to another card; no own photo found
fukuoka/kawara,23,自家焙煎珈琲&米粉スイーツ HAN,https://img.bokenjapan.com/media/kawara-dining-40057342.jpg,https://img.bokenjapan.com/media/kawara-dining-40014747.jpg,matched own listing photo
fukuoka/kawara,24,くまちゃんらぁめん,https://img.bokenjapan.com/media/kawara-dining-40066706.jpg,https://img.bokenjapan.com/media/kawara-dining-40057342.jpg,matched own listing photo
fukuoka/kawara,25,鶏匠,https://img.bokenjapan.com/media/kawara-dining-40047457.jpg,https://img.bokenjapan.com/media/kawara-dining-40066706.jpg,matched own listing photo
fukuoka/kawara,26,侍うどん,https://img.bokenjapan.com/media/kawara-dining-40073642.jpg,https://img.bokenjapan.com/media/kawara-dining-40047457.jpg,matched own listing photo
fukuoka/kawara,27,京屋清水和洋生菓子製造直売店,https://img.bokenjapan.com/media/kawara-dining-40028157.jpg,https://img.bokenjapan.com/media/kawara-dining-40073642.jpg,matched own listing photo
fukuoka/kawara,28,からあげタック,https://img.bokenjapan.com/media/kawara-dining-40063811.jpg,https://img.bokenjapan.com/media/kawara-dining-40028157.jpg,matched own listing photo
fukuoka/kawara,29,珈琲香舎,https://img.bokenjapan.com/media/kawara-dining-40072490.jpg,https://img.bokenjapan.com/media/kawara-dining-40063811.jpg,matched own listing photo
fukuoka/kawara,30,石田一龍 田川店,https://img.bokenjapan.com/media/kawara-dining-40061247.jpg,https://img.bokenjapan.com/media/kawara-dining-40072490.jpg,matched own listing photo
fukuoka/kawara,31,豚足ろくちゃん 田川店,https://img.bokenjapan.com/media/kawara-dining-40060045.jpg,https://img.bokenjapan.com/media/kawara-dining-40061247.jpg,matched own listing photo
fukuoka/kawara,32,九州筑豊ラーメン山小屋 創業店,https://img.bokenjapan.com/media/kawara-dining-40049056.jpg,https://img.bokenjapan.com/media/kawara-dining-40060045.jpg,matched own listing photo
fukuoka/kawara,33,町家カフェ 鎌倉田川店,https://img.bokenjapan.com/media/kawara-dining-40048845.jpg,https://img.bokenjapan.com/media/kawara-dining-40049056.jpg,matched own listing photo
fukuoka/kawara,34,魚道楽,https://img.bokenjapan.com/media/kawara-dining-40038583.jpg,https://img.bokenjapan.com/media/kawara-dining-40048845.jpg,matched own listing photo
fukuoka/kawara,35,忍鮮魚,https://img.bokenjapan.com/media/kawara-dining-40062431.jpg,https://img.bokenjapan.com/media/kawara-dining-40038583.jpg,matched own listing photo
fukuoka/kawara,36,西田食品,https://img.bokenjapan.com/media/kawara-dining-40027758.jpg,https://img.bokenjapan.com/media/kawara-dining-40062431.jpg,matched own listing photo
fukuoka/kawara,37,いけす 魚道楽,https://img.bokenjapan.com/media/kawara-dining-40018079.jpg,https://img.bokenjapan.com/media/kawara-dining-40027758.jpg,matched own listing photo
fukuoka/kawara,38,ジョイフル 田川香春店,https://img.bokenjapan.com/media/kawara-dining-40019091.jpg,,photo belonged to another card; no own photo found
fukuoka/kawara,39,リンガーハット 田川香春店,https://img.bokenjapan.com/media/kawara-dining-40016604.jpg,https://img.bokenjapan.com/media/kawara-dining-40019091.jpg,matched own listing photo
fukuoka/kawara,42,セブンイレブン 田川中津原店,https://img.bokenjapan.com/media/kawara-dining-40061712.jpg,,photo belonged to another card; no own photo found
fukuoka/kawara,43,ランプベーカリー,https://img.bokenjapan.com/media/kawara-dining-40046874.jpg,https://img.bokenjapan.com/media/kawara-dining-40061712.jpg,matched own listing photo
fukuoka/kawara,44,ミニストップ 田川香春町店,https://img.bokenjapan.com/media/kawara-dining-40055329.jpg,https://img.bokenjapan.com/media/kawara-dining-40046874.jpg,matched own listing photo
fukuoka/kawara,45,すし処ひろ,https://img.bokenjapan.com/media/kawara-dining-40018151.jpg,https://img.bokenjapan.com/media/kawara-dining-40055329.jpg,matched own listing photo
fukuoka/kawara,46,菓子工房 メッセージ,https://img.bokenjapan.com/media/kawara-dining-40062082.jpg,https://img.bokenjapan.com/media/kawara-dining-40018151.jpg,matched own listing photo
fukuoka/kawara,47,ほっともっと 香春町店,https://img.bokenjapan.com/media/kawara-dining-40049109.jpg,https://img.bokenjapan.com/media/kawara-dining-40062082.jpg,matched own listing photo
fukuoka/kawara,48,田川ホルモンセンター,https://img.bokenjapan.com/media/kawara-dining-40009741.jpg,https://img.bokenjapan.com/media/kawara-dining-40049109.jpg,matched own listing photo
fukuoka/kawara,49,AZcafe Shidaka 福岡香春店,https://img.bokenjapan.com/media/kawara-dining-40072524.jpg,https://img.bokenjapan.com/media/kawara-dining-40009741.jpg,matched own listing photo
fukuoka/kawara,66,中国料理大翁,https://img.bokenjapan.com/media/kawara-dining-ta10015162-p.webp,https://img.bokenjapan.com/media/kawara-dining-ta3.jpg,matched own listing photo
fukuoka/kawasaki,2,キートン 田川店,https://img.bokenjapan.com/media/kawasaki-dining-40019974.jpg,,photo belonged to another card; no own photo found
fukuoka/kawasaki,3,そばの場,https://img.bokenjapan.com/media/kawasaki-dining-40054951.jpg,https://img.bokenjapan.com/media/kawasaki-dining-40019974.jpg,matched own listing photo
fukuoka/kawasaki,4,ラピュタファーム,https://img.bokenjapan.com/media/kawasaki-dining-40003949.jpg,https://img.bokenjapan.com/media/kawasaki-dining-40054951.jpg,matched own listing photo
fukuoka/kawasaki,5,向山食堂,https://img.bokenjapan.com/media/kawasaki-dining-40026767.jpg,https://img.bokenjapan.com/media/kawasaki-dining-40003949.jpg,matched own listing photo
fukuoka/kawasaki,6,沖縄やぁーにんじゅ 福岡川崎町店,https://img.bokenjapan.com/media/kawasaki-dining-40064802.jpg,https://img.bokenjapan.com/media/kawasaki-dining-40026767.jpg,matched own listing photo
fukuoka/kawasaki,7,タカセ,https://img.bokenjapan.com/media/kawasaki-dining-40017034.jpg,https://img.bokenjapan.com/media/kawasaki-dining-40064802.jpg,matched own listing photo
fukuoka/kawasaki,8,IKURI,https://img.bokenjapan.com/media/kawasaki-dining-40062728.jpg,https://img.bokenjapan.com/media/kawasaki-dining-40017034.jpg,matched own listing photo
fukuoka/kawasaki,9,福恩源 川崎店,https://img.bokenjapan.com/media/kawasaki-dining-40040696.jpg,https://img.bokenjapan.com/media/kawasaki-dining-40062728.jpg,matched own listing photo
fukuoka/kawasaki,10,福岡フェザントカントリークラブ,https://img.bokenjapan.com/media/kawasaki-dining-40043601.jpg,https://img.bokenjapan.com/media/kawasaki-dining-40040696.jpg,matched own listing photo
fukuoka/kawasaki,11,藤江氏魚楽園,https://img.bokenjapan.com/media/kawasaki-dining-40022781.jpg,https://img.bokenjapan.com/media/kawasaki-dining-40043601.jpg,matched own listing photo
fukuoka/kawasaki,12,立喰い生麺 川崎店,https://img.bokenjapan.com/media/kawasaki-dining-40037732.jpg,https://img.bokenjapan.com/media/kawasaki-dining-40022781.jpg,matched own listing photo
fukuoka/kawasaki,13,香壺,https://img.bokenjapan.com/media/kawasaki-dining-40021238.jpg,https://img.bokenjapan.com/media/kawasaki-dining-40037732.jpg,matched own listing photo
fukuoka/kawasaki,14,山小屋 川崎店,https://img.bokenjapan.com/media/kawasaki-dining-40018649.jpg,https://img.bokenjapan.com/media/kawasaki-dining-40021238.jpg,matched own listing photo
fukuoka/kawasaki,15,筑豊,https://img.bokenjapan.com/media/kawasaki-dining-40008922.jpg,https://img.bokenjapan.com/media/kawasaki-dining-40018649.jpg,matched own listing photo
fukuoka/kawasaki,16,Tempo Felice,https://img.bokenjapan.com/media/kawasaki-dining-40063248.jpg,https://img.bokenjapan.com/media/kawasaki-dining-40008922.jpg,matched own listing photo
fukuoka/kawasaki,17,Lily,https://img.bokenjapan.com/media/kawasaki-dining-40051551.jpg,https://img.bokenjapan.com/media/kawasaki-dining-40063248.jpg,matched own listing photo
fukuoka/kawasaki,18,カフェ 亀草庵,https://img.bokenjapan.com/media/kawasaki-dining-40059084.jpg,https://img.bokenjapan.com/media/kawasaki-dining-40051551.jpg,matched own listing photo
fukuoka/kawasaki,19,おかめ寿司,https://img.bokenjapan.com/media/kawasaki-dining-40010477.jpg,https://img.bokenjapan.com/media/kawasaki-dining-40059084.jpg,matched own listing photo
fukuoka/kawasaki,22,香紗,https://img.bokenjapan.com/media/kawasaki-dining-40066292.jpg,,photo belonged to another card; no own photo found
fukuoka/kawasaki,23,cafe ぶどうばたけ,https://img.bokenjapan.com/media/kawasaki-dining-40063880.jpg,https://img.bokenjapan.com/media/kawasaki-dining-40066292.jpg,matched own listing photo
fukuoka/kawasaki,25,うちだ屋 田川南店,https://img.bokenjapan.com/media/kawasaki-dining-40011627.jpg,https://img.bokenjapan.com/media/kawasaki-dining-40063880.jpg,matched own listing photo
fukuoka/kawasaki,26,ジョイフル 田川川崎店,https://img.bokenjapan.com/media/kawasaki-dining-40019090.jpg,,photo belonged to another card; no own photo found
fukuoka/kawasaki,27,珍竹林,https://img.bokenjapan.com/media/kawasaki-dining-40052460.jpg,https://img.bokenjapan.com/media/kawasaki-dining-40019090.jpg,matched own listing photo
fukuoka/kawasaki,28,IKURI,https://img.bokenjapan.com/media/kawasaki-dining-40048972.jpg,https://img.bokenjapan.com/media/kawasaki-dining-40052460.jpg,matched own listing photo
fukuoka/kawasaki,30,ほっともっと 田川川崎店,https://img.bokenjapan.com/media/kawasaki-dining-40040502.jpg,https://img.bokenjapan.com/media/kawasaki-dining-40048972.jpg,matched own listing photo
fukuoka/kawasaki,31,スマイルショップ 絆,https://img.bokenjapan.com/media/kawasaki-dining-40051522.jpg,https://img.bokenjapan.com/media/kawasaki-dining-40040502.jpg,matched own listing photo
fukuoka/kawasaki,32,マクドナルド 田川川崎店,https://img.bokenjapan.com/media/kawasaki-dining-40066287.jpg,https://img.bokenjapan.com/media/kawasaki-dining-40051522.jpg,matched own listing photo
fukuoka/kawasaki,33,からあげ とり幸,https://img.bokenjapan.com/media/kawasaki-dining-40064302.jpg,https://img.bokenjapan.com/media/kawasaki-dining-40066287.jpg,matched own listing photo
fukuoka/kawasaki,34,シャトレーゼ 川崎池尻店,https://img.bokenjapan.com/media/kawasaki-dining-40065173.jpg,https://img.bokenjapan.com/media/kawasaki-dining-40064302.jpg,matched own listing photo
fukuoka/kawasaki,35,とり元,https://img.bokenjapan.com/media/kawasaki-dining-40037730.jpg,https://img.bokenjapan.com/media/kawasaki-dining-40065173.jpg,matched own listing photo
fukuoka/kawasaki,36,鮮魚仕出し 貴丸,https://img.bokenjapan.com/media/kawasaki-dining-40065465.jpg,https://img.bokenjapan.com/media/kawasaki-dining-40037730.jpg,matched own listing photo
fukuoka/kawasaki,37,稟,https://img.bokenjapan.com/media/kawasaki-dining-40056366.jpg,https://img.bokenjapan.com/media/kawasaki-dining-40065465.jpg,matched own listing photo
fukuoka/kawasaki,38,パン工房 De愛,https://img.bokenjapan.com/media/kawasaki-dining-40026564.jpg,https://img.bokenjapan.com/media/kawasaki-dining-40056366.jpg,matched own listing photo
fukuoka/keisen,2,大助うどん,https://img.bokenjapan.com/media/keisen-dining-40010083.jpg,,photo belonged to another card; no own photo found
fukuoka/keisen,3,焼肉・ホルモン ながはた,https://img.bokenjapan.com/media/keisen-dining-40018302.jpg,https://img.bokenjapan.com/media/keisen-dining-40010083.jpg,matched own listing photo
fukuoka/keisen,4,うどん・そば 恵比寿,https://img.bokenjapan.com/media/keisen-dining-40049558.jpg,https://img.bokenjapan.com/media/keisen-dining-40018302.jpg,matched own listing photo
fukuoka/keisen,5,ふる川,https://img.bokenjapan.com/media/keisen-dining-40046402.jpg,https://img.bokenjapan.com/media/keisen-dining-40049558.jpg,matched own listing photo
fukuoka/keisen,6,七福うどん,https://img.bokenjapan.com/media/keisen-dining-40045243.jpg,https://img.bokenjapan.com/media/keisen-dining-40046402.jpg,matched own listing photo
fukuoka/keisen,7,麻生飯塚ゴルフ倶楽部 レストラン,https://img.bokenjapan.com/media/keisen-dining-40036514.jpg,https://img.bokenjapan.com/media/keisen-dining-40045243.jpg,matched own listing photo
fukuoka/keisen,8,ビストロ松の樹,https://img.bokenjapan.com/media/keisen-dining-40052658.jpg,https://img.bokenjapan.com/media/keisen-dining-40036514.jpg,matched own listing photo
fukuoka/keisen,9,らぁめん籠目,https://img.bokenjapan.com/media/keisen-dining-40041284.jpg,https://img.bokenjapan.com/media/keisen-dining-40052658.jpg,matched own listing photo
fukuoka/keisen,10,鮨処 のり助,https://img.bokenjapan.com/media/keisen-dining-40062346.jpg,https://img.bokenjapan.com/media/keisen-dining-40041284.jpg,matched own listing photo
fukuoka/keisen,11,麺屋.千寿 桂川店,https://img.bokenjapan.com/media/keisen-dining-40050004.jpg,https://img.bokenjapan.com/media/keisen-dining-40062346.jpg,matched own listing photo
fukuoka/keisen,12,MINA 嘉穂店,https://img.bokenjapan.com/media/keisen-dining-40020127.jpg,https://img.bokenjapan.com/media/keisen-dining-40050004.jpg,matched own listing photo
fukuoka/keisen,13,べんとうのピクニック,https://img.bokenjapan.com/media/keisen-dining-40031959.jpg,https://img.bokenjapan.com/media/keisen-dining-40020127.jpg,matched own listing photo
fukuoka/keisen,14,merci,https://img.bokenjapan.com/media/keisen-dining-40035185.jpg,https://img.bokenjapan.com/media/keisen-dining-40031959.jpg,matched own listing photo
fukuoka/keisen,15,RHINO CAFE,https://img.bokenjapan.com/media/keisen-dining-40056363.jpg,https://img.bokenjapan.com/media/keisen-dining-40035185.jpg,matched own listing photo
fukuoka/keisen,16,リオ,https://img.bokenjapan.com/media/keisen-dining-40012232.jpg,https://img.bokenjapan.com/media/keisen-dining-40056363.jpg,matched own listing photo
fukuoka/keisen,17,倖寿し,https://img.bokenjapan.com/media/keisen-dining-40010730.jpg,https://img.bokenjapan.com/media/keisen-dining-40012232.jpg,matched own listing photo
fukuoka/keisen,18,丸貴ラーメン,https://img.bokenjapan.com/media/keisen-dining-40040646.jpg,https://img.bokenjapan.com/media/keisen-dining-40010730.jpg,matched own listing photo
fukuoka/keisen,19,山賊からあげ,https://img.bokenjapan.com/media/keisen-dining-40056401.jpg,https://img.bokenjapan.com/media/keisen-dining-40040646.jpg,matched own listing photo
fukuoka/keisen,22,秘伝の味　からあげ屋,https://img.bokenjapan.com/media/keisen-dining-40025717.jpg,,photo belonged to another card; no own photo found
fukuoka/keisen,23,味のさんぐん,https://img.bokenjapan.com/media/keisen-dining-40013972.jpg,https://img.bokenjapan.com/media/keisen-dining-40025717.jpg,matched own listing photo
fukuoka/keisen,24,マメタ,https://img.bokenjapan.com/media/keisen-dining-40053797.jpg,https://img.bokenjapan.com/media/keisen-dining-40013972.jpg,matched own listing photo
fukuoka/keisen,25,LANI,https://img.bokenjapan.com/media/keisen-dining-40036647.jpg,https://img.bokenjapan.com/media/keisen-dining-40053797.jpg,matched own listing photo
fukuoka/keisen,26,たこ焼亭 桂川店,https://img.bokenjapan.com/media/keisen-dining-40053059.jpg,https://img.bokenjapan.com/media/keisen-dining-40036647.jpg,matched own listing photo
fukuoka/keisen,27,野の花,https://img.bokenjapan.com/media/keisen-dining-40017704.jpg,https://img.bokenjapan.com/media/keisen-dining-40053059.jpg,matched own listing photo
fukuoka/keisen,28,餃子のマルサ,https://img.bokenjapan.com/media/keisen-dining-40073121.jpg,https://img.bokenjapan.com/media/keisen-dining-40017704.jpg,matched own listing photo
fukuoka/keisen,29,さかなや月,https://img.bokenjapan.com/media/keisen-dining-40014323.jpg,https://img.bokenjapan.com/media/keisen-dining-40073121.jpg,matched own listing photo
fukuoka/keisen,30,ブーランジェリー ノーム,https://img.bokenjapan.com/media/keisen-dining-40051223.jpg,https://img.bokenjapan.com/media/keisen-dining-40014323.jpg,matched own listing photo
fukuoka/keisen,31,魚城,https://img.bokenjapan.com/media/keisen-dining-40010690.jpg,https://img.bokenjapan.com/media/keisen-dining-40051223.jpg,matched own listing photo
fukuoka/keisen,32,英国亭,https://img.bokenjapan.com/media/keisen-dining-40050947.jpg,https://img.bokenjapan.com/media/keisen-dining-40010690.jpg,matched own listing photo
fukuoka/keisen,33,銀の響,https://img.bokenjapan.com/media/keisen-dining-40010707.jpg,https://img.bokenjapan.com/media/keisen-dining-40050947.jpg,matched own listing photo
fukuoka/keisen,34,がんば,https://img.bokenjapan.com/media/keisen-dining-40014260.jpg,https://img.bokenjapan.com/media/keisen-dining-40010707.jpg,matched own listing photo
fukuoka/keisen,35,やぶれ屋,https://img.bokenjapan.com/media/keisen-dining-40026565.jpg,https://img.bokenjapan.com/media/keisen-dining-40014260.jpg,matched own listing photo
fukuoka/keisen,36,福徳長愛ちゃんラーメン,https://img.bokenjapan.com/media/keisen-dining-40054620.jpg,https://img.bokenjapan.com/media/keisen-dining-40026565.jpg,matched own listing photo
fukuoka/keisen,37,河上,https://img.bokenjapan.com/media/keisen-dining-40026556.jpg,https://img.bokenjapan.com/media/keisen-dining-40054620.jpg,matched own listing photo
fukuoka/keisen,38,茜屋　 本店,https://img.bokenjapan.com/media/keisen-dining-40024017.jpg,https://img.bokenjapan.com/media/keisen-dining-40026556.jpg,matched own listing photo
fukuoka/keisen,39,SUPER BAGEL,https://img.bokenjapan.com/media/keisen-dining-40071680.jpg,https://img.bokenjapan.com/media/keisen-dining-40024017.jpg,matched own listing photo
fukuoka/keisen,42,炭火焼鳥 元家,https://img.bokenjapan.com/media/keisen-dining-40070764.jpg,,photo belonged to another card; no own photo found
fukuoka/keisen,43,焼肉馬刺 上杉,https://img.bokenjapan.com/media/keisen-dining-40027756.jpg,https://img.bokenjapan.com/media/keisen-dining-40070764.jpg,matched own listing photo
fukuoka/keisen,44,パン工房　ひなの家,https://img.bokenjapan.com/media/keisen-dining-40023916.jpg,https://img.bokenjapan.com/media/keisen-dining-40027756.jpg,matched own listing photo
fukuoka/keisen,45,ハルハル,https://img.bokenjapan.com/media/keisen-dining-40040117.jpg,https://img.bokenjapan.com/media/keisen-dining-40023916.jpg,matched own listing photo
fukuoka/keisen,46,串や 呑風,https://img.bokenjapan.com/media/keisen-dining-40045254.jpg,https://img.bokenjapan.com/media/keisen-dining-40040117.jpg,matched own listing photo
fukuoka/keisen,47,Toi Toi,https://img.bokenjapan.com/media/keisen-dining-40057341.jpg,https://img.bokenjapan.com/media/keisen-dining-40045254.jpg,matched own listing photo
fukuoka/keisen,48,Mio:Donut,https://img.bokenjapan.com/media/keisen-dining-40070501.jpg,https://img.bokenjapan.com/media/keisen-dining-40057341.jpg,matched own listing photo
fukuoka/keisen,49,SOFTCREAM STAND toitoi,https://img.bokenjapan.com/media/keisen-dining-40068413.jpg,https://img.bokenjapan.com/media/keisen-dining-40070501.jpg,matched own listing photo
fukuoka/keisen,50,めん六や 福岡桂川店,https://img.bokenjapan.com/media/keisen-dining-40047484.jpg,https://img.bokenjapan.com/media/keisen-dining-40068413.jpg,matched own listing photo
fukuoka/keisen,51,はいびすかす,https://img.bokenjapan.com/media/keisen-dining-40052680.jpg,https://img.bokenjapan.com/media/keisen-dining-40047484.jpg,matched own listing photo
fukuoka/keisen,52,鳥のタタキ専門店 鳥平,https://img.bokenjapan.com/media/keisen-dining-40069605.jpg,https://img.bokenjapan.com/media/keisen-dining-40052680.jpg,matched own listing photo
fukuoka/koga,2,古賀 一麺庵,https://img.bokenjapan.com/media/koga-dining-40052461.jpg,,photo belonged to another card; no own photo found
fukuoka/koga,3,とんかつ 食べ処 なか川,https://img.bokenjapan.com/media/koga-dining-40014511.jpg,https://img.bokenjapan.com/media/koga-dining-40052461.jpg,matched own listing photo
fukuoka/koga,4,古々地庵,https://img.bokenjapan.com/media/koga-dining-40028271.jpg,https://img.bokenjapan.com/media/koga-dining-40014511.jpg,matched own listing photo
fukuoka/koga,5,長浜ラーメン タローちゃん,https://img.bokenjapan.com/media/koga-dining-40005153.jpg,https://img.bokenjapan.com/media/koga-dining-40028271.jpg,matched own listing photo
fukuoka/koga,6,トネリ,https://img.bokenjapan.com/media/koga-dining-40040209.jpg,https://img.bokenjapan.com/media/koga-dining-40005153.jpg,matched own listing photo
fukuoka/koga,7,中華料理 帰郷 古賀店,https://img.bokenjapan.com/media/koga-dining-40030312.jpg,https://img.bokenjapan.com/media/koga-dining-40040209.jpg,matched own listing photo
fukuoka/koga,8,須恵三洋軒 古賀店,https://img.bokenjapan.com/media/koga-dining-40034621.jpg,https://img.bokenjapan.com/media/koga-dining-40030312.jpg,matched own listing photo
fukuoka/koga,9,古賀サービスエリア（上り線）那の福屋台,https://img.bokenjapan.com/media/koga-dining-40020149.jpg,https://img.bokenjapan.com/media/koga-dining-40034621.jpg,matched own listing photo
fukuoka/koga,10,貴よし,https://img.bokenjapan.com/media/koga-dining-40001178.jpg,https://img.bokenjapan.com/media/koga-dining-40020149.jpg,matched own listing photo
fukuoka/koga,11,黄金色の豚,https://img.bokenjapan.com/media/koga-dining-40065862.jpg,https://img.bokenjapan.com/media/koga-dining-40001178.jpg,matched own listing photo
fukuoka/koga,12,古賀サービスエリア（上り線）博多うろん,https://img.bokenjapan.com/media/koga-dining-40020146.jpg,https://img.bokenjapan.com/media/koga-dining-40065862.jpg,matched own listing photo
fukuoka/koga,13,とんかつ専門店 勝れつ亭,https://img.bokenjapan.com/media/koga-dining-40053253.jpg,https://img.bokenjapan.com/media/koga-dining-40020146.jpg,matched own listing photo
fukuoka/koga,14,PASTA LEGARE,https://img.bokenjapan.com/media/koga-dining-40058737.jpg,https://img.bokenjapan.com/media/koga-dining-40053253.jpg,matched own listing photo
fukuoka/koga,15,ロイヤルベーカリー,https://img.bokenjapan.com/media/koga-dining-40046569.jpg,https://img.bokenjapan.com/media/koga-dining-40058737.jpg,matched own listing photo
fukuoka/koga,16,エイキチベイカリー,https://img.bokenjapan.com/media/koga-dining-40025239.jpg,https://img.bokenjapan.com/media/koga-dining-40046569.jpg,matched own listing photo
fukuoka/koga,17,峠食堂 古賀SA下り店,https://img.bokenjapan.com/media/koga-dining-40056626.jpg,https://img.bokenjapan.com/media/koga-dining-40025239.jpg,matched own listing photo
fukuoka/koga,18,古賀サービスエリア（下り線） スナックコーナー,https://img.bokenjapan.com/media/koga-dining-40021570.jpg,https://img.bokenjapan.com/media/koga-dining-40056626.jpg,matched own listing photo
fukuoka/koga,19,古賀ゴルフクラブ,https://img.bokenjapan.com/media/koga-dining-40026938.jpg,https://img.bokenjapan.com/media/koga-dining-40021570.jpg,matched own listing photo
fukuoka/koga,22,オーヴェルニュ,https://img.bokenjapan.com/media/koga-dining-40014006.jpg,,photo belonged to another card; no own photo found
fukuoka/koga,23,だるまの天ぷら定食 古賀インター店,https://img.bokenjapan.com/media/koga-dining-40023544.jpg,https://img.bokenjapan.com/media/koga-dining-40014006.jpg,matched own listing photo
fukuoka/koga,24,中国菜ろうりん,https://img.bokenjapan.com/media/koga-dining-40005027.jpg,https://img.bokenjapan.com/media/koga-dining-40023544.jpg,matched own listing photo
fukuoka/koga,25,辛味噌鉄板 すたみな亭,https://img.bokenjapan.com/media/koga-dining-40059614.jpg,https://img.bokenjapan.com/media/koga-dining-40005027.jpg,matched own listing photo
fukuoka/koga,26,梅ヶ枝餅,https://img.bokenjapan.com/media/koga-dining-40028382.jpg,https://img.bokenjapan.com/media/koga-dining-40059614.jpg,matched own listing photo
fukuoka/koga,27,手打ち蕎麦 朴味,https://img.bokenjapan.com/media/koga-dining-40052087.jpg,https://img.bokenjapan.com/media/koga-dining-40028382.jpg,matched own listing photo
fukuoka/koga,28,safed,https://img.bokenjapan.com/media/koga-dining-40068248.jpg,https://img.bokenjapan.com/media/koga-dining-40052087.jpg,matched own listing photo
fukuoka/koga,29,はやま,https://img.bokenjapan.com/media/koga-dining-40036656.jpg,https://img.bokenjapan.com/media/koga-dining-40068248.jpg,matched own listing photo
fukuoka/koga,30,遊牧民,https://img.bokenjapan.com/media/koga-dining-40003562.jpg,https://img.bokenjapan.com/media/koga-dining-40036656.jpg,matched own listing photo
fukuoka/koga,31,うどん 繊月,https://img.bokenjapan.com/media/koga-dining-40054609.jpg,https://img.bokenjapan.com/media/koga-dining-40003562.jpg,matched own listing photo
fukuoka/koga,32,八幡うどん,https://img.bokenjapan.com/media/koga-dining-40065539.jpg,https://img.bokenjapan.com/media/koga-dining-40054609.jpg,matched own listing photo
fukuoka/koga,33,すし寅,https://img.bokenjapan.com/media/koga-dining-40026119.jpg,https://img.bokenjapan.com/media/koga-dining-40065539.jpg,matched own listing photo
fukuoka/koga,34,ワン ボウル,https://img.bokenjapan.com/media/koga-dining-40041030.jpg,https://img.bokenjapan.com/media/koga-dining-40026119.jpg,matched own listing photo
fukuoka/koga,35,如水庵 古賀工房直売処,https://img.bokenjapan.com/media/koga-dining-40046014.jpg,https://img.bokenjapan.com/media/koga-dining-40041030.jpg,matched own listing photo
fukuoka/koga,36,七輪焼肉炭家,https://img.bokenjapan.com/media/koga-dining-40023204.jpg,https://img.bokenjapan.com/media/koga-dining-40046014.jpg,matched own listing photo
fukuoka/koga,37,志きしま食堂,https://img.bokenjapan.com/media/koga-dining-40033717.jpg,https://img.bokenjapan.com/media/koga-dining-40023204.jpg,matched own listing photo
fukuoka/koga,38,Moon ice,https://img.bokenjapan.com/media/koga-dining-40067923.jpg,https://img.bokenjapan.com/media/koga-dining-40033717.jpg,matched own listing photo
fukuoka/koga,39,白龍軒,https://img.bokenjapan.com/media/koga-dining-40007317.jpg,https://img.bokenjapan.com/media/koga-dining-40067923.jpg,matched own listing photo
fukuoka/koga,42,マルゲリータ 古賀店,https://img.bokenjapan.com/media/koga-dining-40020355.jpg,,photo belonged to another card; no own photo found
fukuoka/koga,43,佐世保バーガー,https://img.bokenjapan.com/media/koga-dining-40041037.jpg,https://img.bokenjapan.com/media/koga-dining-40020355.jpg,matched own listing photo
fukuoka/koga,44,洋菓子工房ケイキチ,https://img.bokenjapan.com/media/koga-dining-40020541.jpg,https://img.bokenjapan.com/media/koga-dining-40041037.jpg,matched own listing photo
fukuoka/koga,45,Nico frutta,https://img.bokenjapan.com/media/koga-dining-40068488.jpg,https://img.bokenjapan.com/media/koga-dining-40020541.jpg,matched own listing photo
fukuoka/koga,46,こどもの店,https://img.bokenjapan.com/media/koga-dining-40016491.jpg,https://img.bokenjapan.com/media/koga-dining-40068488.jpg,matched own listing photo
fukuoka/koga,47,偕楽荘,https://img.bokenjapan.com/media/koga-dining-40023615.jpg,https://img.bokenjapan.com/media/koga-dining-40016491.jpg,matched own listing photo
fukuoka/koga,48,オー・ド・ブーシュ,https://img.bokenjapan.com/media/koga-dining-40041013.jpg,https://img.bokenjapan.com/media/koga-dining-40023615.jpg,matched own listing photo
fukuoka/koga,49,ぱんきち,https://img.bokenjapan.com/media/koga-dining-40036398.jpg,https://img.bokenjapan.com/media/koga-dining-40041013.jpg,matched own listing photo
fukuoka/koga,50,資さんうどん 古賀店,https://img.bokenjapan.com/media/koga-dining-40036689.jpg,https://img.bokenjapan.com/media/koga-dining-40036398.jpg,matched own listing photo
fukuoka/koga,51,元祖トマトラーメンと辛麺とトマトもつ鍋 三味 古賀駅店,https://img.bokenjapan.com/media/koga-dining-40045528.jpg,https://img.bokenjapan.com/media/koga-dining-40036689.jpg,matched own listing photo
fukuoka/koga,52,古賀サービスエリア（上り線）屋台特設コーナー,https://img.bokenjapan.com/media/koga-dining-40020150.jpg,https://img.bokenjapan.com/media/koga-dining-40045528.jpg,matched own listing photo
fukuoka/koga,53,三日月とほたる,https://img.bokenjapan.com/media/koga-dining-40046621.jpg,https://img.bokenjapan.com/media/koga-dining-40020150.jpg,matched own listing photo
fukuoka/koga,54,とりよし,https://img.bokenjapan.com/media/koga-dining-40007569.jpg,https://img.bokenjapan.com/media/koga-dining-40046621.jpg,matched own listing photo
fukuoka/koga,55,ドッグキャンパーレスト青柳,https://img.bokenjapan.com/media/koga-dining-40059644.jpg,https://img.bokenjapan.com/media/koga-dining-40007569.jpg,matched own listing photo
fukuoka/koga,56,浜屋,https://img.bokenjapan.com/media/koga-dining-40063855.jpg,https://img.bokenjapan.com/media/koga-dining-40059644.jpg,matched own listing photo
fukuoka/koga,57,一蘭 古賀SA店(下り),https://img.bokenjapan.com/media/koga-dining-40048455.jpg,https://img.bokenjapan.com/media/koga-dining-40063855.jpg,matched own listing photo
fukuoka/koga,58,古賀サービスエリア上り線・那の里,https://img.bokenjapan.com/media/koga-dining-40024177.jpg,https://img.bokenjapan.com/media/koga-dining-40048455.jpg,matched own listing photo
fukuoka/koga,59,焼肉ラーメンたちかわ,https://img.bokenjapan.com/media/koga-dining-40009315.jpg,https://img.bokenjapan.com/media/koga-dining-40024177.jpg,matched own listing photo
fukuoka/koga,62,うなぎ処 釜辰,https://img.bokenjapan.com/media/koga-dining-40011076.jpg,,photo belonged to another card; no own photo found
fukuoka/koga,63,焼肉酒場 肉笑,https://img.bokenjapan.com/media/koga-dining-40059749.jpg,https://img.bokenjapan.com/media/koga-dining-40011076.jpg,matched own listing photo
fukuoka/koga,64,古賀サービスエリア（下り線）テイクアウトコーナー,https://img.bokenjapan.com/media/koga-dining-40037840.jpg,https://img.bokenjapan.com/media/koga-dining-40059749.jpg,matched own listing photo
fukuoka/koga,65,フードダイニング トモ ラボ,https://img.bokenjapan.com/media/koga-dining-40060740.jpg,https://img.bokenjapan.com/media/koga-dining-40037840.jpg,matched own listing photo
fukuoka/koga,66,ヒポポタマス,https://img.bokenjapan.com/media/koga-dining-40010240.jpg,https://img.bokenjapan.com/media/koga-dining-40060740.jpg,matched own listing photo
fukuoka/koga,67,がんこもんラーメン 福岡店,https://img.bokenjapan.com/media/koga-dining-40041885.jpg,https://img.bokenjapan.com/media/koga-dining-40010240.jpg,matched own listing photo
fukuoka/koga,68,古賀サービスエリア 上り線 ショッピングコーナー,https://img.bokenjapan.com/media/koga-dining-40035729.jpg,https://img.bokenjapan.com/media/koga-dining-40041885.jpg,matched own listing photo
fukuoka/koga,69,古賀サービスエリア（下り線） ショッピングコーナー,https://img.bokenjapan.com/media/koga-dining-40034596.jpg,https://img.bokenjapan.com/media/koga-dining-40035729.jpg,matched own listing photo
fukuoka/koga,70,船出屋,https://img.bokenjapan.com/media/koga-dining-40030369.jpg,https://img.bokenjapan.com/media/koga-dining-40034596.jpg,matched own listing photo
fukuoka/koga,71,さが味,https://img.bokenjapan.com/media/koga-dining-40009676.jpg,https://img.bokenjapan.com/media/koga-dining-40030369.jpg,matched own listing photo
fukuoka/koga,72,スタミナ鉄板 博多アイアンマン 古賀店,https://img.bokenjapan.com/media/koga-dining-40061601.jpg,,photo belonged to another card; no own photo found
fukuoka/koga,73,古賀サービスエリア（下り線）レストラン,https://img.bokenjapan.com/media/koga-dining-40024176.jpg,https://img.bokenjapan.com/media/koga-dining-40061601.jpg,matched own listing photo
fukuoka/koga,74,ソイルキッチン,https://img.bokenjapan.com/media/koga-dining-40046799.jpg,,photo belonged to another card; no own photo found
fukuoka/koga,75,やきとり天下鳥,https://img.bokenjapan.com/media/koga-dining-40050888.jpg,https://img.bokenjapan.com/media/koga-dining-40046799.jpg,matched own listing photo
fukuoka/koga,76,古賀おにぎり屋,https://img.bokenjapan.com/media/koga-dining-40035732.jpg,https://img.bokenjapan.com/media/koga-dining-40050888.jpg,matched own listing photo
fukuoka/koga,77,みつせ鶏本舗,https://img.bokenjapan.com/media/koga-dining-40024654.jpg,https://img.bokenjapan.com/media/koga-dining-40035732.jpg,matched own listing photo
fukuoka/koga,78,食堂 富士,https://img.bokenjapan.com/media/koga-dining-40043006.jpg,https://img.bokenjapan.com/media/koga-dining-40024654.jpg,matched own listing photo
fukuoka/koga,79,和菜ダイニング とも,https://img.bokenjapan.com/media/koga-dining-40063030.jpg,https://img.bokenjapan.com/media/koga-dining-40043006.jpg,matched own listing photo
fukuoka/koga,83,回転焼 33,https://img.bokenjapan.com/media/koga-dining-40062556.jpg,,photo belonged to another card; no own photo found
fukuoka/koga,84,三八,https://img.bokenjapan.com/media/koga-dining-40073934.jpg,https://img.bokenjapan.com/media/koga-dining-40062556.jpg,matched own listing photo
fukuoka/koga,85,気ままな台所 居酒屋 ひこきち,https://img.bokenjapan.com/media/koga-dining-40053837.jpg,https://img.bokenjapan.com/media/koga-dining-40073934.jpg,matched own listing photo
fukuoka/koga,86,古賀食堂,https://img.bokenjapan.com/media/koga-dining-40065533.jpg,https://img.bokenjapan.com/media/koga-dining-40053837.jpg,matched own listing photo
fukuoka/koga,87,十割手打ちお蕎麦カフェ 古民家こんさい館,https://img.bokenjapan.com/media/koga-dining-40046135.jpg,https://img.bokenjapan.com/media/koga-dining-40065533.jpg,matched own listing photo
fukuoka/koga,88,博多菓匠左衛門工場直売所,https://img.bokenjapan.com/media/koga-dining-40042430.jpg,https://img.bokenjapan.com/media/koga-dining-40046135.jpg,matched own listing photo
fukuoka/koga,89,阿部饅頭店,https://img.bokenjapan.com/media/koga-dining-40048850.jpg,https://img.bokenjapan.com/media/koga-dining-40042430.jpg,matched own listing photo
fukuoka/koga,90,33°cafe,https://img.bokenjapan.com/media/koga-dining-40057741.jpg,https://img.bokenjapan.com/media/koga-dining-40048850.jpg,matched own listing photo
fukuoka/koga,91,峠の茶屋 甘味処,https://img.bokenjapan.com/media/koga-dining-40052540.jpg,https://img.bokenjapan.com/media/koga-dining-40057741.jpg,matched own listing photo
fukuoka/koga,92,bar ponte,https://img.bokenjapan.com/media/koga-dining-40065049.jpg,https://img.bokenjapan.com/media/koga-dining-40052540.jpg,matched own listing photo
fukuoka/koga,93,うさ丸,https://img.bokenjapan.com/media/koga-dining-40060805.jpg,https://img.bokenjapan.com/media/koga-dining-40065049.jpg,matched own listing photo
fukuoka/koga,94,永吉からあげ,https://img.bokenjapan.com/media/koga-dining-40062856.jpg,https://img.bokenjapan.com/media/koga-dining-40060805.jpg,matched own listing photo
fukuoka/koga,95,むらた亭 古賀店,https://img.bokenjapan.com/media/koga-dining-40037828.jpg,https://img.bokenjapan.com/media/koga-dining-40062856.jpg,matched own listing photo
fukuoka/koga,96,タリーズコーヒー 古賀SA下り店,https://img.bokenjapan.com/media/koga-dining-40048475.jpg,https://img.bokenjapan.com/media/koga-dining-40037828.jpg,matched own listing photo
fukuoka/koga,97,賀玄,https://img.bokenjapan.com/media/koga-dining-40013850.jpg,https://img.bokenjapan.com/media/koga-dining-40048475.jpg,matched own listing photo
fukuoka/koga,98,かしわ屋,https://img.bokenjapan.com/media/koga-dining-40041447.jpg,https://img.bokenjapan.com/media/koga-dining-40013850.jpg,matched own listing photo
fukuoka/koga,99,建寿し,https://img.bokenjapan.com/media/koga-dining-40018633.jpg,https://img.bokenjapan.com/media/koga-dining-40041447.jpg,matched own listing photo
fukuoka/koga,102,鶏と魚の店 丸坊主,https://img.bokenjapan.com/media/koga-dining-40052106.jpg,,photo belonged to another card; no own photo found
fukuoka/koga,103,ノミヤマ酒販,https://img.bokenjapan.com/media/koga-dining-40049247.jpg,https://img.bokenjapan.com/media/koga-dining-40052106.jpg,matched own listing photo
fukuoka/koga,104,キッチンたんぽぽ,https://img.bokenjapan.com/media/koga-dining-40038252.jpg,https://img.bokenjapan.com/media/koga-dining-40049247.jpg,matched own listing photo
fukuoka/koga,105,プロズファディ 古賀店,https://img.bokenjapan.com/media/koga-dining-40029711.jpg,https://img.bokenjapan.com/media/koga-dining-40038252.jpg,matched own listing photo
fukuoka/koga,106,カフェ 古々地庵,https://img.bokenjapan.com/media/koga-dining-40056589.jpg,https://img.bokenjapan.com/media/koga-dining-40029711.jpg,matched own listing photo
fukuoka/koga,107,うしの舎 花見店,https://img.bokenjapan.com/media/koga-dining-40074226.jpg,https://img.bokenjapan.com/media/koga-dining-40056589.jpg,matched own listing photo
fukuoka/koga,108,ひがわり屋,https://img.bokenjapan.com/media/koga-dining-40068298.jpg,https://img.bokenjapan.com/media/koga-dining-40074226.jpg,matched own listing photo
fukuoka/koga,109,鮨かんざき,https://img.bokenjapan.com/media/koga-dining-40060953.jpg,https://img.bokenjapan.com/media/koga-dining-40068298.jpg,matched own listing photo
fukuoka/koga,110,麺勝 町川原古賀店,https://img.bokenjapan.com/media/koga-dining-40013629.jpg,https://img.bokenjapan.com/media/koga-dining-40060953.jpg,matched own listing photo
fukuoka/koga,111,ステーキハウス ブロンコビリー 古賀店,https://img.bokenjapan.com/media/koga-dining-40072558.jpg,https://img.bokenjapan.com/media/koga-dining-40013629.jpg,matched own listing photo
fukuoka/koga,112,イザカ屋のビッケ,https://img.bokenjapan.com/media/koga-dining-40043063.jpg,https://img.bokenjapan.com/media/koga-dining-40072558.jpg,matched own listing photo
fukuoka/koga,113,ドン 珈琲館,https://img.bokenjapan.com/media/koga-dining-40013100.jpg,https://img.bokenjapan.com/media/koga-dining-40043063.jpg,matched own listing photo
fukuoka/koga,114,そば庄,https://img.bokenjapan.com/media/koga-dining-40009852.jpg,https://img.bokenjapan.com/media/koga-dining-40013100.jpg,matched own listing photo
fukuoka/koga,115,二代目はやっとぉ,https://img.bokenjapan.com/media/koga-dining-40042446.jpg,https://img.bokenjapan.com/media/koga-dining-40009852.jpg,matched own listing photo
fukuoka/koga,116,コスモス広場,https://img.bokenjapan.com/media/koga-dining-40051264.jpg,https://img.bokenjapan.com/media/koga-dining-40042446.jpg,matched own listing photo
fukuoka/koga,117,焼き立てパンの店花小麦,https://img.bokenjapan.com/media/koga-dining-40006121.jpg,,photo belonged to another card; no own photo found
fukuoka/koga,118,ちよげん,https://img.bokenjapan.com/media/koga-dining-40038940.jpg,https://img.bokenjapan.com/media/koga-dining-40006121.jpg,matched own listing photo
fukuoka/koga,121,如水庵 古賀店,https://img.bokenjapan.com/media/koga-dining-40045918.jpg,,photo belonged to another card; no own photo found
fukuoka/koga,122,居酒屋ちくぜん,https://img.bokenjapan.com/media/koga-dining-40016162.jpg,https://img.bokenjapan.com/media/koga-dining-40045918.jpg,matched own listing photo
fukuoka/koga,123,糀カフェ たまり,https://img.bokenjapan.com/media/koga-dining-40059789.jpg,https://img.bokenjapan.com/media/koga-dining-40016162.jpg,matched own listing photo
fukuoka/koga,124,花鶴饅頭本舗,https://img.bokenjapan.com/media/koga-dining-40030900.jpg,https://img.bokenjapan.com/media/koga-dining-40059789.jpg,matched own listing photo
fukuoka/koga,125,24Sweets shop 古賀店,https://img.bokenjapan.com/media/koga-dining-40070552.jpg,https://img.bokenjapan.com/media/koga-dining-40030900.jpg,matched own listing photo
fukuoka/koga,126,おべんとうのヒライ 古賀バイパス店,https://img.bokenjapan.com/media/koga-dining-40036744.jpg,https://img.bokenjapan.com/media/koga-dining-40070552.jpg,matched own listing photo
fukuoka/koga,127,ウエスト 古賀花見店,https://img.bokenjapan.com/media/koga-dining-40044849.jpg,https://img.bokenjapan.com/media/koga-dining-40036744.jpg,matched own listing photo
fukuoka/koga,128,とんかつ浜勝 福岡古賀店,https://img.bokenjapan.com/media/koga-dining-40016518.jpg,https://img.bokenjapan.com/media/koga-dining-40044849.jpg,matched own listing photo
fukuoka/koga,129,リンガーハット 福岡古賀店,https://img.bokenjapan.com/media/koga-dining-40016593.jpg,https://img.bokenjapan.com/media/koga-dining-40016518.jpg,matched own listing photo
fukuoka/koga,130,ジョイフル 古賀店,https://img.bokenjapan.com/media/koga-dining-40016304.jpg,,photo belonged to another card; no own photo found
fukuoka/koga,131,庄屋 古賀店,https://img.bokenjapan.com/media/koga-dining-40011164.jpg,https://img.bokenjapan.com/media/koga-dining-40016304.jpg,matched own listing photo
fukuoka/koga,132,スターバックスコーヒー 福岡古賀店,https://img.bokenjapan.com/media/koga-dining-40060382.jpg,https://img.bokenjapan.com/media/koga-dining-40011164.jpg,matched own listing photo
fukuoka/koga,133,志んや,https://img.bokenjapan.com/media/koga-dining-40009316.jpg,https://img.bokenjapan.com/media/koga-dining-40060382.jpg,matched own listing photo
fukuoka/koga,134,博多餃子 まるさん,https://img.bokenjapan.com/media/koga-dining-40056479.jpg,https://img.bokenjapan.com/media/koga-dining-40009316.jpg,matched own listing photo
fukuoka/koga,135,大衆焼肉 牛気商店,https://img.bokenjapan.com/media/koga-dining-40057901.jpg,https://img.bokenjapan.com/media/koga-dining-40056479.jpg,matched own listing photo
fukuoka/koga,136,居酒屋 ゆうじ,https://img.bokenjapan.com/media/koga-dining-40052804.jpg,https://img.bokenjapan.com/media/koga-dining-40057901.jpg,matched own listing photo
fukuoka/koga,137,本格炭火焼鳥そら,https://img.bokenjapan.com/media/koga-dining-40050062.jpg,https://img.bokenjapan.com/media/koga-dining-40052804.jpg,matched own listing photo
fukuoka/koga,138,あづまや,https://img.bokenjapan.com/media/koga-dining-40014061.jpg,https://img.bokenjapan.com/media/koga-dining-40050062.jpg,matched own listing photo
fukuoka/koga,141,私ん家のごはん,https://img.bokenjapan.com/media/koga-dining-40065528.jpg,,photo belonged to another card; no own photo found
fukuoka/koga,142,味処ふじの花,https://img.bokenjapan.com/media/koga-dining-40010156.jpg,https://img.bokenjapan.com/media/koga-dining-40065528.jpg,matched own listing photo
fukuoka/koga,143,喜多屋,https://img.bokenjapan.com/media/koga-dining-40026226.jpg,https://img.bokenjapan.com/media/koga-dining-40010156.jpg,matched own listing photo
fukuoka/koga,144,まりもの溶岩とり焼き,https://img.bokenjapan.com/media/koga-dining-40065199.jpg,,photo belonged to another card; no own photo found
fukuoka/koga,145,味処たつ,https://img.bokenjapan.com/media/koga-dining-40067416.jpg,https://img.bokenjapan.com/media/koga-dining-40065199.jpg,matched own listing photo
fukuoka/koga,146,やきとり　桐島,https://img.bokenjapan.com/media/koga-dining-40030799.jpg,https://img.bokenjapan.com/media/koga-dining-40067416.jpg,matched own listing photo
fukuoka/koga,147,博多麺王 古賀店,https://img.bokenjapan.com/media/koga-dining-40048863.jpg,https://img.bokenjapan.com/media/koga-dining-40030799.jpg,matched own listing photo
fukuoka/koga,148,ファーストキッチン 古賀サンリブ店,https://img.bokenjapan.com/media/koga-dining-40042427.jpg,https://img.bokenjapan.com/media/koga-dining-40048863.jpg,matched own listing photo
fukuoka/koga,149,オーガニック広場　ひふみ,https://img.bokenjapan.com/media/koga-dining-40036844.jpg,https://img.bokenjapan.com/media/koga-dining-40042427.jpg,matched own listing photo
fukuoka/koga,150,やじ馬,https://img.bokenjapan.com/media/koga-dining-40014767.jpg,https://img.bokenjapan.com/media/koga-dining-40036844.jpg,matched own listing photo
fukuoka/koga,151,ニビシ醤油,https://img.bokenjapan.com/media/koga-dining-40063140.jpg,https://img.bokenjapan.com/media/koga-dining-40014767.jpg,matched own listing photo
fukuoka/koga,152,バー マゼラン,https://img.bokenjapan.com/media/koga-dining-40062683.jpg,https://img.bokenjapan.com/media/koga-dining-40063140.jpg,matched own listing photo
fukuoka/koga,153,キッチン あしたば 古賀店,https://img.bokenjapan.com/media/koga-dining-40042940.jpg,https://img.bokenjapan.com/media/koga-dining-40062683.jpg,matched own listing photo
fukuoka/koga,154,小野珈琲焙煎所,https://img.bokenjapan.com/media/koga-dining-40070132.jpg,https://img.bokenjapan.com/media/koga-dining-40042940.jpg,matched own listing photo
fukuoka/koga,155,居酒屋 ぞの,https://img.bokenjapan.com/media/koga-dining-40061210.jpg,https://img.bokenjapan.com/media/koga-dining-40070132.jpg,matched own listing photo
fukuoka/koga,156,コガ・ボーノ,https://img.bokenjapan.com/media/koga-dining-40069872.jpg,,photo belonged to another card; no own photo found
fukuoka/koga,157,SATHI BHAI,https://img.bokenjapan.com/media/koga-dining-40068970.jpg,https://img.bokenjapan.com/media/koga-dining-40069872.jpg,matched own listing photo
fukuoka/koga,158,お料理 花うた,https://img.bokenjapan.com/media/koga-dining-40059321.jpg,https://img.bokenjapan.com/media/koga-dining-40068970.jpg,matched own listing photo
fukuoka/koga,161,とんかつ空海,https://img.bokenjapan.com/media/koga-dining-40069762.jpg,,photo belonged to another card; no own photo found
fukuoka/koga,162,音羽,https://img.bokenjapan.com/media/koga-dining-40067190.jpg,https://img.bokenjapan.com/media/koga-dining-40069762.jpg,matched own listing photo
fukuoka/koga,164,想夫恋 古賀インター店,https://img.bokenjapan.com/media/koga-dining-40038424.jpg,https://img.bokenjapan.com/media/koga-dining-40067190.jpg,matched own listing photo
fukuoka/koga,165,ロイヤルホスト 古賀流店,https://img.bokenjapan.com/media/koga-dining-40029270.jpg,https://img.bokenjapan.com/media/koga-dining-40038424.jpg,matched own listing photo
fukuoka/koga,166,どんどん亭 古賀花見店,https://img.bokenjapan.com/media/koga-dining-40031796.jpg,,photo belonged to another card; no own photo found
fukuoka/koga,167,キーズ カフェ 古賀サービスエリア店,https://img.bokenjapan.com/media/koga-dining-40040913.jpg,https://img.bokenjapan.com/media/koga-dining-40031796.jpg,matched own listing photo
fukuoka/koga,168,九州名物とめ手羽 古賀店,https://img.bokenjapan.com/media/koga-dining-40053807.jpg,https://img.bokenjapan.com/media/koga-dining-40040913.jpg,matched own listing photo
fukuoka/koga,169,すき家 495号古賀花見店,https://img.bokenjapan.com/media/koga-dining-40042356.jpg,https://img.bokenjapan.com/media/koga-dining-40053807.jpg,matched own listing photo
fukuoka/koga,170,ジョイフル 東古賀店,https://img.bokenjapan.com/media/koga-dining-40019020.jpg,,photo belonged to another card; no own photo found
fukuoka/koga,171,ハースブラウン サンリブ古賀店,https://img.bokenjapan.com/media/koga-dining-40032441.jpg,https://img.bokenjapan.com/media/koga-dining-40019020.jpg,matched own listing photo
fukuoka/koga,172,インド食堂 ママカレー,https://img.bokenjapan.com/media/koga-dining-40071301.jpg,https://img.bokenjapan.com/media/koga-dining-40032441.jpg,matched own listing photo
fukuoka/koga,173,かまロール,https://img.bokenjapan.com/media/koga-dining-40041036.jpg,https://img.bokenjapan.com/media/koga-dining-40071301.jpg,matched own listing photo
fukuoka/koga,174,鰻の神楽 福岡古賀店,https://img.bokenjapan.com/media/koga-dining-40073582.jpg,https://img.bokenjapan.com/media/koga-dining-40041036.jpg,matched own listing photo
fukuoka/koga,175,や台ずし 古賀駅西口町,https://img.bokenjapan.com/media/koga-dining-40049735.jpg,https://img.bokenjapan.com/media/koga-dining-40073582.jpg,matched own listing photo
fukuoka/koga,176,コロッケのころっ家 古賀サービスエリア店,https://img.bokenjapan.com/media/koga-dining-40072402.jpg,https://img.bokenjapan.com/media/koga-dining-40049735.jpg,matched own listing photo
fukuoka/koga,177,日向の国の地どり焼,https://img.bokenjapan.com/media/koga-dining-40008765.jpg,https://img.bokenjapan.com/media/koga-dining-40072402.jpg,matched own listing photo
fukuoka/koga,178,からあげの店　唐十 古賀店,https://img.bokenjapan.com/media/koga-dining-40029186.jpg,https://img.bokenjapan.com/media/koga-dining-40008765.jpg,matched own listing photo
fukuoka/koga,181,プチ・ブーケ,https://img.bokenjapan.com/media/koga-dining-40039218.jpg,,photo belonged to another card; no own photo found
fukuoka/koga,182,火の国,https://img.bokenjapan.com/media/koga-dining-40022190.jpg,https://img.bokenjapan.com/media/koga-dining-40039218.jpg,matched own listing photo
fukuoka/koga,183,松の屋,https://img.bokenjapan.com/media/koga-dining-40015275.jpg,https://img.bokenjapan.com/media/koga-dining-40022190.jpg,matched own listing photo
fukuoka/koga,185,肉満屋,https://img.bokenjapan.com/media/koga-dining-40037938.jpg,https://img.bokenjapan.com/media/koga-dining-40015275.jpg,matched own listing photo
fukuoka/koga,186,いおり 悠鳳,https://img.bokenjapan.com/media/koga-dining-40020062.jpg,https://img.bokenjapan.com/media/koga-dining-40037938.jpg,matched own listing photo
fukuoka/koga,187,クウネルCafe,https://img.bokenjapan.com/media/koga-dining-40048076.jpg,https://img.bokenjapan.com/media/koga-dining-40020062.jpg,matched own listing photo
fukuoka/koga,188,かば田 サンリブ古賀店,https://img.bokenjapan.com/media/koga-dining-40043007.jpg,https://img.bokenjapan.com/media/koga-dining-40048076.jpg,matched own listing photo
fukuoka/koga,189,もち吉 古賀店,https://img.bokenjapan.com/media/koga-dining-40032371.jpg,https://img.bokenjapan.com/media/koga-dining-40043007.jpg,matched own listing photo
fukuoka/koga,190,自遊空間 古賀店,https://img.bokenjapan.com/media/koga-dining-40035744.jpg,https://img.bokenjapan.com/media/koga-dining-40032371.jpg,matched own listing photo
fukuoka/koga,191,まつぼっくり食堂,https://img.bokenjapan.com/media/koga-dining-40042188.jpg,https://img.bokenjapan.com/media/koga-dining-40035744.jpg,matched own listing photo
fukuoka/koga,192,とりしげ,https://img.bokenjapan.com/media/koga-dining-40007562.jpg,https://img.bokenjapan.com/media/koga-dining-40042188.jpg,matched own listing photo
fukuoka/koga,193,ベーカーバイツェン 古賀店,https://img.bokenjapan.com/media/koga-dining-40047347.jpg,https://img.bokenjapan.com/media/koga-dining-40007562.jpg,matched own listing photo
fukuoka/koga,195,ケンタッキーフライドチキン サンリブ古賀店,https://img.bokenjapan.com/media/koga-dining-40026729.jpg,https://img.bokenjapan.com/media/koga-dining-40047347.jpg,matched own listing photo
fukuoka/koga,196,2929C,https://img.bokenjapan.com/media/koga-dining-40059091.jpg,https://img.bokenjapan.com/media/koga-dining-40026729.jpg,matched own listing photo
fukuoka/koga,197,アペティートカフェ 古賀店,https://img.bokenjapan.com/media/koga-dining-40021135.jpg,https://img.bokenjapan.com/media/koga-dining-40059091.jpg,matched own listing photo
fukuoka/koga,201,セブンイレブン 古賀天神店,https://img.bokenjapan.com/media/koga-dining-40057992.jpg,,photo belonged to another card; no own photo found
fukuoka/koga,202,jugo.JUGO,https://img.bokenjapan.com/media/koga-dining-40067348.jpg,https://img.bokenjapan.com/media/koga-dining-40057992.jpg,matched own listing photo
fukuoka/koga,203,喫茶 香,https://img.bokenjapan.com/media/koga-dining-40067561.jpg,https://img.bokenjapan.com/media/koga-dining-40067348.jpg,matched own listing photo
fukuoka/koga,204,耶馬溪,https://img.bokenjapan.com/media/koga-dining-40012341.jpg,https://img.bokenjapan.com/media/koga-dining-40067561.jpg,matched own listing photo
fukuoka/koga,205,ひので家 サンリブ古賀店,https://img.bokenjapan.com/media/koga-dining-40043952.jpg,https://img.bokenjapan.com/media/koga-dining-40012341.jpg,matched own listing photo
fukuoka/koga,206,わいわいファーム 舞の里店,https://img.bokenjapan.com/media/koga-dining-40057382.jpg,https://img.bokenjapan.com/media/koga-dining-40043952.jpg,matched own listing photo
fukuoka/koga,207,アジアンインドカレー スミ 古賀店,https://img.bokenjapan.com/media/koga-dining-40063019.jpg,https://img.bokenjapan.com/media/koga-dining-40057382.jpg,matched own listing photo
fukuoka/koga,208,クリエイト スペース ミラコ,https://img.bokenjapan.com/media/koga-dining-40058722.jpg,https://img.bokenjapan.com/media/koga-dining-40063019.jpg,matched own listing photo
fukuoka/koga,209,AZcafe Shidaka 福岡古賀店,https://img.bokenjapan.com/media/koga-dining-40072526.jpg,https://img.bokenjapan.com/media/koga-dining-40058722.jpg,matched own listing photo
fukuoka/koga,211,Fresh Candy 福岡店,https://img.bokenjapan.com/media/koga-dining-40065152.jpg,,photo belonged to another card; no own photo found
fukuoka/koga,212,長崎カステラ花月堂,https://img.bokenjapan.com/media/koga-dining-40049838.jpg,https://img.bokenjapan.com/media/koga-dining-40065152.jpg,matched own listing photo
fukuoka/koga,213,いやし家,https://img.bokenjapan.com/media/koga-dining-40009312.jpg,https://img.bokenjapan.com/media/koga-dining-40049838.jpg,matched own listing photo
fukuoka/koga,214,ほっともっと 古賀店,https://img.bokenjapan.com/media/koga-dining-40040431.jpg,https://img.bokenjapan.com/media/koga-dining-40009312.jpg,matched own listing photo
fukuoka/koga,215,手作り料理＆ショーの店 イエスの方舟 シオンの娘,https://img.bokenjapan.com/media/koga-dining-40063844.jpg,https://img.bokenjapan.com/media/koga-dining-40040431.jpg,matched own listing photo
fukuoka/koga,216,大当たりコロッケ,https://img.bokenjapan.com/media/koga-dining-40038650.jpg,https://img.bokenjapan.com/media/koga-dining-40063844.jpg,matched own listing photo
fukuoka/koga,218,あいミート,https://img.bokenjapan.com/media/koga-dining-40062568.jpg,https://img.bokenjapan.com/media/koga-dining-40038650.jpg,matched own listing photo
fukuoka/koga,221,AND NEW,https://img.bokenjapan.com/media/koga-dining-40069189.jpg,,photo belonged to another card; no own photo found
fukuoka/koga,222,宅配専門 玄海ざんまい 古賀店,https://img.bokenjapan.com/media/koga-dining-40032138.jpg,https://img.bokenjapan.com/media/koga-dining-40069189.jpg,matched own listing photo
fukuoka/koga,223,キー コーヒー サンリブ古賀店,https://img.bokenjapan.com/media/koga-dining-40032442.jpg,https://img.bokenjapan.com/media/koga-dining-40032138.jpg,matched own listing photo
fukuoka/koga,224,あおやぎの卵,https://img.bokenjapan.com/media/koga-dining-40058706.jpg,https://img.bokenjapan.com/media/koga-dining-40032442.jpg,matched own listing photo
fukuoka/koga,225,睦,https://img.bokenjapan.com/media/koga-dining-40032333.jpg,https://img.bokenjapan.com/media/koga-dining-40058706.jpg,matched own listing photo
fukuoka/koga,226,DINER TASO,https://img.bokenjapan.com/media/koga-dining-40072921.jpg,https://img.bokenjapan.com/media/koga-dining-40032333.jpg,matched own listing photo
fukuoka/koga,227,銀のさら 古賀店,https://img.bokenjapan.com/media/koga-dining-40069393.jpg,https://img.bokenjapan.com/media/koga-dining-40072921.jpg,matched own listing photo
fukuoka/koga,228,ロハス福岡工場 工場直売所,https://img.bokenjapan.com/media/koga-dining-40054711.jpg,https://img.bokenjapan.com/media/koga-dining-40069393.jpg,matched own listing photo
fukuoka/koga,229,サイノ,https://img.bokenjapan.com/media/koga-dining-40047332.jpg,https://img.bokenjapan.com/media/koga-dining-40054711.jpg,matched own listing photo
fukuoka/koga,230,日本食品 古賀工場,https://img.bokenjapan.com/media/koga-dining-40043180.jpg,https://img.bokenjapan.com/media/koga-dining-40047332.jpg,matched own listing photo
fukuoka/koga,231,香林の園,https://img.bokenjapan.com/media/koga-dining-40058908.jpg,https://img.bokenjapan.com/media/koga-dining-40043180.jpg,matched own listing photo
fukuoka/koga,232,new public saloon,https://img.bokenjapan.com/media/koga-dining-40068181.jpg,https://img.bokenjapan.com/media/koga-dining-40058908.jpg,matched own listing photo
fukuoka/koga,234,青木ホルモン直売所,https://img.bokenjapan.com/media/koga-dining-40072578.jpg,https://img.bokenjapan.com/media/koga-dining-40068181.jpg,matched own listing photo
fukuoka/koga,236,釜寅 古賀店,https://img.bokenjapan.com/media/koga-dining-40059400.jpg,https://img.bokenjapan.com/media/koga-dining-40072578.jpg,matched own listing photo
fukuoka/koga,237,肉どころ大地,https://img.bokenjapan.com/media/koga-dining-40074777.jpg,https://img.bokenjapan.com/media/koga-dining-40059400.jpg,matched own listing photo
fukuoka/koga,240,ひよ子本舗 吉野堂 サンリブ古賀店,https://img.bokenjapan.com/media/koga-dining-40027934.jpg,,photo belonged to another card; no own photo found
fukuoka/koga,242,バータヴェンネ,https://img.bokenjapan.com/media/koga-dining-40050257.jpg,https://img.bokenjapan.com/media/koga-dining-40027934.jpg,matched own listing photo
fukuoka/koga,259,青柳醤油,https://img.bokenjapan.com/media/koga-dining-40042010.jpg,,photo belonged to another card; no own photo found
fukuoka/koga,265,ワイズ バーアンドミュージック,https://img.bokenjapan.com/media/koga-dining-40039912.jpg,https://img.bokenjapan.com/media/koga-dining-40042010.jpg,matched own listing photo
fukuoka/koga,270,和加,https://img.bokenjapan.com/media/koga-dining-40049608.jpg,https://img.bokenjapan.com/media/koga-dining-40039912.jpg,matched own listing photo
fukuoka/koge,2,そば処 白水,https://img.bokenjapan.com/media/koge-dining-40051674.jpg,,photo belonged to another card; no own photo found
fukuoka/koge,3,ピッツェリア・フィエロ,https://img.bokenjapan.com/media/koge-dining-40044351.jpg,https://img.bokenjapan.com/media/koge-dining-40051674.jpg,matched own listing photo
fukuoka/koge,4,道の駅 しんよしとみ遺跡前,https://img.bokenjapan.com/media/koge-dining-40032943.jpg,https://img.bokenjapan.com/media/koge-dining-40044351.jpg,matched own listing photo
fukuoka/koge,5,宝来軒 吉富支店,https://img.bokenjapan.com/media/koge-dining-40029895.jpg,https://img.bokenjapan.com/media/koge-dining-40032943.jpg,matched own listing photo
fukuoka/koge,6,どんぐり,https://img.bokenjapan.com/media/koge-dining-40013108.jpg,https://img.bokenjapan.com/media/koge-dining-40029895.jpg,matched own listing photo
fukuoka/koge,7,まるしん 大平楽店,https://img.bokenjapan.com/media/koge-dining-40047797.jpg,https://img.bokenjapan.com/media/koge-dining-40013108.jpg,matched own listing photo
fukuoka/koge,8,太平 仙寿庵,https://img.bokenjapan.com/media/koge-dining-40032472.jpg,https://img.bokenjapan.com/media/koge-dining-40047797.jpg,matched own listing photo
fukuoka/koge,9,村のぱん屋SUN,https://img.bokenjapan.com/media/koge-dining-40026883.jpg,https://img.bokenjapan.com/media/koge-dining-40032472.jpg,matched own listing photo
fukuoka/koge,10,チキン南蛮専門店 なんばん屋,https://img.bokenjapan.com/media/koge-dining-40070494.jpg,https://img.bokenjapan.com/media/koge-dining-40026883.jpg,matched own listing photo
fukuoka/koge,11,にょんじ,https://img.bokenjapan.com/media/koge-dining-40037244.jpg,https://img.bokenjapan.com/media/koge-dining-40070494.jpg,matched own listing photo
fukuoka/koge,12,二反田醤油本店,https://img.bokenjapan.com/media/koge-dining-40044434.jpg,https://img.bokenjapan.com/media/koge-dining-40037244.jpg,matched own listing photo
fukuoka/koge,13,産直処 さわやか市,https://img.bokenjapan.com/media/koge-dining-40055104.jpg,https://img.bokenjapan.com/media/koge-dining-40044434.jpg,matched own listing photo
fukuoka/koge,14,湯の迫温泉 大平楽,https://img.bokenjapan.com/media/koge-dining-40047277.jpg,https://img.bokenjapan.com/media/koge-dining-40055104.jpg,matched own listing photo
fukuoka/koge,15,からあげ聖林 本店,https://img.bokenjapan.com/media/koge-dining-40024714.jpg,https://img.bokenjapan.com/media/koge-dining-40047277.jpg,matched own listing photo
fukuoka/koge,16,麺処 咲耶 みちのえき,https://img.bokenjapan.com/media/koge-dining-40034821.jpg,https://img.bokenjapan.com/media/koge-dining-40024714.jpg,matched own listing photo
fukuoka/koge,17,太平楽からあげ諭吉,https://img.bokenjapan.com/media/koge-dining-40029732.jpg,https://img.bokenjapan.com/media/koge-dining-40034821.jpg,matched own listing photo
fukuoka/koge,18,おそうざい屋 しんよしみかん,https://img.bokenjapan.com/media/koge-dining-40057431.jpg,https://img.bokenjapan.com/media/koge-dining-40029732.jpg,matched own listing photo
fukuoka/koge,19,焼肉 和 上毛町店,https://img.bokenjapan.com/media/koge-dining-40074587.jpg,https://img.bokenjapan.com/media/koge-dining-40057431.jpg,matched own listing photo
fukuoka/koge,22,太平ハム工房,https://img.bokenjapan.com/media/koge-dining-40027522.jpg,,photo belonged to another card; no own photo found
fukuoka/koge,23,築上鶏卵,https://img.bokenjapan.com/media/koge-dining-40059919.jpg,https://img.bokenjapan.com/media/koge-dining-40027522.jpg,matched own listing photo
fukuoka/koge,24,ひとの港　太平楽,https://img.bokenjapan.com/media/koge-dining-40025987.jpg,https://img.bokenjapan.com/media/koge-dining-40059919.jpg,matched own listing photo
fukuoka/koge,25,こうげ武楽里さわやか市,https://img.bokenjapan.com/media/koge-dining-40037755.jpg,https://img.bokenjapan.com/media/koge-dining-40025987.jpg,matched own listing photo
fukuoka/koge,26,西友枝体験交流センター ゆいきらら,https://img.bokenjapan.com/media/koge-dining-40044249.jpg,https://img.bokenjapan.com/media/koge-dining-40037755.jpg,matched own listing photo
fukuoka/koge,27,職人のからあげ 華鳥,https://img.bokenjapan.com/media/koge-dining-40059257.jpg,https://img.bokenjapan.com/media/koge-dining-40044249.jpg,matched own listing photo
fukuoka/kotake,2,ミッションバレーゴルフクラブ,https://img.bokenjapan.com/media/kotake-dining-40005771.jpg,,photo belonged to another card; no own photo found
fukuoka/kotake,3,とりや商店,https://img.bokenjapan.com/media/kotake-dining-40062433.jpg,https://img.bokenjapan.com/media/kotake-dining-40005771.jpg,matched own listing photo
fukuoka/kotake,4,お料理 ナカノ,https://img.bokenjapan.com/media/kotake-dining-40053642.jpg,https://img.bokenjapan.com/media/kotake-dining-40062433.jpg,matched own listing photo
fukuoka/kotake,5,CHIKI 33,https://img.bokenjapan.com/media/kotake-dining-40062473.jpg,https://img.bokenjapan.com/media/kotake-dining-40053642.jpg,matched own listing photo
fukuoka/kotake,6,ガーデンmamaの花カフェバー,https://img.bokenjapan.com/media/kotake-dining-40073917.jpg,https://img.bokenjapan.com/media/kotake-dining-40062473.jpg,matched own listing photo
fukuoka/kotake,7,うどんセンター銀,https://img.bokenjapan.com/media/kotake-dining-40062472.jpg,https://img.bokenjapan.com/media/kotake-dining-40073917.jpg,matched own listing photo
fukuoka/kotake,8,こたけまち絵本館 木のうた,https://img.bokenjapan.com/media/kotake-dining-40059521.jpg,https://img.bokenjapan.com/media/kotake-dining-40062472.jpg,matched own listing photo
fukuoka/kotake,9,勝永亭,https://img.bokenjapan.com/media/kotake-dining-40065151.jpg,https://img.bokenjapan.com/media/kotake-dining-40059521.jpg,matched own listing photo
fukuoka/kurate,2,和牛レストランふるの,https://img.bokenjapan.com/media/kurate-dining-40009732.jpg,,photo belonged to another card; no own photo found
fukuoka/kurate,3,福本工房 福ちゃん饅頭,https://img.bokenjapan.com/media/kurate-dining-40056757.jpg,https://img.bokenjapan.com/media/kurate-dining-40009732.jpg,matched own listing photo
fukuoka/kurate,4,独楽,https://img.bokenjapan.com/media/kurate-dining-40016199.jpg,https://img.bokenjapan.com/media/kurate-dining-40056757.jpg,matched own listing photo
fukuoka/kurate,5,ラーメンハウス　味良,https://img.bokenjapan.com/media/kurate-dining-40019962.jpg,https://img.bokenjapan.com/media/kurate-dining-40016199.jpg,matched own listing photo
fukuoka/kurate,6,ムーンレイクゴルフクラブ 鞍手コース,https://img.bokenjapan.com/media/kurate-dining-40048980.jpg,https://img.bokenjapan.com/media/kurate-dining-40019962.jpg,matched own listing photo
fukuoka/kurate,7,味宝卵食堂,https://img.bokenjapan.com/media/kurate-dining-40068898.jpg,https://img.bokenjapan.com/media/kurate-dining-40048980.jpg,matched own listing photo
fukuoka/kurate,8,野上養鶏場,https://img.bokenjapan.com/media/kurate-dining-40038138.jpg,https://img.bokenjapan.com/media/kurate-dining-40068898.jpg,matched own listing photo
fukuoka/kurate,9,文化屋,https://img.bokenjapan.com/media/kurate-dining-40006226.jpg,https://img.bokenjapan.com/media/kurate-dining-40038138.jpg,matched own listing photo
fukuoka/kurate,10,麺屋 心,https://img.bokenjapan.com/media/kurate-dining-40057192.jpg,https://img.bokenjapan.com/media/kurate-dining-40006226.jpg,matched own listing photo
fukuoka/kurate,11,笹山,https://img.bokenjapan.com/media/kurate-dining-40035686.jpg,https://img.bokenjapan.com/media/kurate-dining-40057192.jpg,matched own listing photo
fukuoka/kurate,12,田々夢詩,https://img.bokenjapan.com/media/kurate-dining-40023136.jpg,https://img.bokenjapan.com/media/kurate-dining-40035686.jpg,matched own listing photo
fukuoka/kurate,13,ファーマーズキッチン ベジバル,https://img.bokenjapan.com/media/kurate-dining-40062798.jpg,https://img.bokenjapan.com/media/kurate-dining-40023136.jpg,matched own listing photo
fukuoka/kurate,14,田なかうどん,https://img.bokenjapan.com/media/kurate-dining-40069049.jpg,https://img.bokenjapan.com/media/kurate-dining-40062798.jpg,matched own listing photo
fukuoka/kurate,15,茶寮 GARYOU,https://img.bokenjapan.com/media/kurate-dining-40067079.jpg,https://img.bokenjapan.com/media/kurate-dining-40069049.jpg,matched own listing photo
fukuoka/kurate,16,MORINOKURA,https://img.bokenjapan.com/media/kurate-dining-40070740.jpg,https://img.bokenjapan.com/media/kurate-dining-40067079.jpg,matched own listing photo
fukuoka/kurate,17,四五久うどん,https://img.bokenjapan.com/media/kurate-dining-40023733.jpg,https://img.bokenjapan.com/media/kurate-dining-40070740.jpg,matched own listing photo
fukuoka/kurate,18,ヒッコリーのきのみ,https://img.bokenjapan.com/media/kurate-dining-40037617.jpg,https://img.bokenjapan.com/media/kurate-dining-40023733.jpg,matched own listing photo
fukuoka/kurate,19,やきたてパン工房 Cuddly,https://img.bokenjapan.com/media/kurate-dining-40061706.jpg,https://img.bokenjapan.com/media/kurate-dining-40037617.jpg,matched own listing photo
fukuoka/kurate,24,Marie's Cafe,https://img.bokenjapan.com/media/kurate-dining-40062242.jpg,,photo belonged to another card; no own photo found
fukuoka/kurate,25,麺勝 鞍手店,https://img.bokenjapan.com/media/kurate-dining-40016408.jpg,https://img.bokenjapan.com/media/kurate-dining-40062242.jpg,matched own listing photo
fukuoka/kurate,26,Food Cafe ほぬ,https://img.bokenjapan.com/media/kurate-dining-40061296.jpg,https://img.bokenjapan.com/media/kurate-dining-40016408.jpg,matched own listing photo
fukuoka/kurate,27,焼肉ふじ,https://img.bokenjapan.com/media/kurate-dining-40009733.jpg,https://img.bokenjapan.com/media/kurate-dining-40061296.jpg,matched own listing photo
fukuoka/kurate,28,ONDO,https://img.bokenjapan.com/media/kurate-dining-40068799.jpg,https://img.bokenjapan.com/media/kurate-dining-40009733.jpg,matched own listing photo
fukuoka/kurate,29,貴黄卵,https://img.bokenjapan.com/media/kurate-dining-40051442.jpg,https://img.bokenjapan.com/media/kurate-dining-40068799.jpg,matched own listing photo
fukuoka/kurate,30,セブンイレブン 九州道鞍手PA下り店,https://img.bokenjapan.com/media/kurate-dining-40062590.jpg,https://img.bokenjapan.com/media/kurate-dining-40051442.jpg,matched own listing photo
fukuoka/kurate,31,Sakanaya Side,https://img.bokenjapan.com/media/kurate-dining-40066493.jpg,https://img.bokenjapan.com/media/kurate-dining-40062590.jpg,matched own listing photo
fukuoka/kurate,32,いしい,https://img.bokenjapan.com/media/kurate-dining-40007384.jpg,https://img.bokenjapan.com/media/kurate-dining-40066493.jpg,matched own listing photo
fukuoka/kurate,33,おこのみ焼き 鉄板焼 楽,https://img.bokenjapan.com/media/kurate-dining-40048851.jpg,https://img.bokenjapan.com/media/kurate-dining-40007384.jpg,matched own listing photo
fukuoka/kurate,34,髭,https://img.bokenjapan.com/media/kurate-dining-40028782.jpg,https://img.bokenjapan.com/media/kurate-dining-40048851.jpg,matched own listing photo
fukuoka/kurate,41,KAWASHOKU 食彩館 鞍手店,https://img.bokenjapan.com/media/kurate-dining-40071863.jpg,,photo belonged to another card; no own photo found
fukuoka/kurate,47,匠,https://img.bokenjapan.com/media/kurate-dining-40018667.jpg,https://img.bokenjapan.com/media/kurate-dining-40071863.jpg,matched own listing photo
fukuoka/miyako,2,フルーツ工房 えふ,https://img.bokenjapan.com/media/miyako-dining-40020376.jpg,,photo belonged to another card; no own photo found
fukuoka/miyako,3,ラーメンの横綱勝山,https://img.bokenjapan.com/media/miyako-dining-40005070.jpg,https://img.bokenjapan.com/media/miyako-dining-40020376.jpg,matched own listing photo
fukuoka/miyako,4,丸亀 本店,https://img.bokenjapan.com/media/miyako-dining-40004070.jpg,https://img.bokenjapan.com/media/miyako-dining-40005070.jpg,matched own listing photo
fukuoka/miyako,5,藪,https://img.bokenjapan.com/media/miyako-dining-40023221.jpg,https://img.bokenjapan.com/media/miyako-dining-40004070.jpg,matched own listing photo
fukuoka/miyako,6,塩 SOBA さくら亭,https://img.bokenjapan.com/media/miyako-dining-40058502.jpg,https://img.bokenjapan.com/media/miyako-dining-40023221.jpg,matched own listing photo
fukuoka/miyako,7,森のキッチン,https://img.bokenjapan.com/media/miyako-dining-40037371.jpg,https://img.bokenjapan.com/media/miyako-dining-40058502.jpg,matched own listing photo
fukuoka/miyako,8,Antique&Cafe Annola,https://img.bokenjapan.com/media/miyako-dining-40065097.jpg,https://img.bokenjapan.com/media/miyako-dining-40037371.jpg,matched own listing photo
fukuoka/miyako,9,花げしき,https://img.bokenjapan.com/media/miyako-dining-40005258.jpg,https://img.bokenjapan.com/media/miyako-dining-40065097.jpg,matched own listing photo
fukuoka/miyako,10,旬犀庵,https://img.bokenjapan.com/media/miyako-dining-40045842.jpg,https://img.bokenjapan.com/media/miyako-dining-40005258.jpg,matched own listing photo
fukuoka/miyako,11,花いちもんめ,https://img.bokenjapan.com/media/miyako-dining-40030248.jpg,https://img.bokenjapan.com/media/miyako-dining-40045842.jpg,matched own listing photo
fukuoka/miyako,12,肉うどん いのうえ 勝山店,https://img.bokenjapan.com/media/miyako-dining-40058819.jpg,https://img.bokenjapan.com/media/miyako-dining-40030248.jpg,matched own listing photo
fukuoka/miyako,13,まっちゃんうどん,https://img.bokenjapan.com/media/miyako-dining-40048113.jpg,https://img.bokenjapan.com/media/miyako-dining-40058819.jpg,matched own listing photo
fukuoka/miyako,14,銀寿し 豊津店,https://img.bokenjapan.com/media/miyako-dining-40010710.jpg,https://img.bokenjapan.com/media/miyako-dining-40048113.jpg,matched own listing photo
fukuoka/miyako,15,LITTLE APARTMENT,https://img.bokenjapan.com/media/miyako-dining-40065175.jpg,https://img.bokenjapan.com/media/miyako-dining-40010710.jpg,matched own listing photo
fukuoka/miyako,16,アブタール みやこ店,https://img.bokenjapan.com/media/miyako-dining-40067514.jpg,,photo belonged to another card; no own photo found
fukuoka/miyako,17,隠国の食 伊良原,https://img.bokenjapan.com/media/miyako-dining-40049262.jpg,https://img.bokenjapan.com/media/miyako-dining-40067514.jpg,matched own listing photo
fukuoka/miyako,18,みち草,https://img.bokenjapan.com/media/miyako-dining-40038079.jpg,https://img.bokenjapan.com/media/miyako-dining-40049262.jpg,matched own listing photo
fukuoka/miyako,19,いのうえいちご strawberrykitchen,https://img.bokenjapan.com/media/miyako-dining-40066226.jpg,https://img.bokenjapan.com/media/miyako-dining-40038079.jpg,matched own listing photo
fukuoka/miyako,22,みやこのくに,https://img.bokenjapan.com/media/miyako-dining-40068682.jpg,,photo belonged to another card; no own photo found
fukuoka/miyako,23,Kitchen Garden COR,https://img.bokenjapan.com/media/miyako-dining-40065288.jpg,https://img.bokenjapan.com/media/miyako-dining-40068682.jpg,matched own listing photo
fukuoka/miyako,24,鶏福,https://img.bokenjapan.com/media/miyako-dining-40068401.jpg,https://img.bokenjapan.com/media/miyako-dining-40065288.jpg,matched own listing photo
fukuoka/miyako,25,大黒家,https://img.bokenjapan.com/media/miyako-dining-40052184.jpg,https://img.bokenjapan.com/media/miyako-dining-40068401.jpg,matched own listing photo
fukuoka/miyako,26,京都カントリー倶楽部×BUDOUNOKI,https://img.bokenjapan.com/media/miyako-dining-40069289.jpg,https://img.bokenjapan.com/media/miyako-dining-40052184.jpg,matched own listing photo
fukuoka/miyako,27,なないろテラス,https://img.bokenjapan.com/media/miyako-dining-40068452.jpg,https://img.bokenjapan.com/media/miyako-dining-40069289.jpg,matched own listing photo
fukuoka/miyako,28,八雲亭,https://img.bokenjapan.com/media/miyako-dining-40073255.jpg,https://img.bokenjapan.com/media/miyako-dining-40068452.jpg,matched own listing photo
fukuoka/miyako,29,お弁当屋さん 平吉,https://img.bokenjapan.com/media/miyako-dining-40073801.jpg,https://img.bokenjapan.com/media/miyako-dining-40073255.jpg,matched own listing photo
fukuoka/miyako,30,町中華 笑びす屋,https://img.bokenjapan.com/media/miyako-dining-40069979.jpg,https://img.bokenjapan.com/media/miyako-dining-40073801.jpg,matched own listing photo
fukuoka/miyako,31,石窯pizza カパリリ,https://img.bokenjapan.com/media/miyako-dining-40055871.jpg,https://img.bokenjapan.com/media/miyako-dining-40069979.jpg,matched own listing photo
fukuoka/miyako,32,お食事と茶房とギャラリ－のかりんかん,https://img.bokenjapan.com/media/miyako-dining-40016967.jpg,https://img.bokenjapan.com/media/miyako-dining-40055871.jpg,matched own listing photo
fukuoka/miyako,33,勝山御所カントリークラブ レストラン,https://img.bokenjapan.com/media/miyako-dining-40037185.jpg,https://img.bokenjapan.com/media/miyako-dining-40016967.jpg,matched own listing photo
fukuoka/miyako,34,菓子工房KEiKi.,https://img.bokenjapan.com/media/miyako-dining-40068410.jpg,https://img.bokenjapan.com/media/miyako-dining-40037185.jpg,matched own listing photo
fukuoka/miyako,35,アンジュール,https://img.bokenjapan.com/media/miyako-dining-40068453.jpg,https://img.bokenjapan.com/media/miyako-dining-40068410.jpg,matched own listing photo
fukuoka/miyako,36,Fruttare,https://img.bokenjapan.com/media/miyako-dining-40065362.jpg,https://img.bokenjapan.com/media/miyako-dining-40068453.jpg,matched own listing photo
fukuoka/miyako,37,カフェ セゾン,https://img.bokenjapan.com/media/miyako-dining-40065174.jpg,https://img.bokenjapan.com/media/miyako-dining-40065362.jpg,matched own listing photo
fukuoka/miyako,38,古民家スタジオカフェ おた福,https://img.bokenjapan.com/media/miyako-dining-40062667.jpg,https://img.bokenjapan.com/media/miyako-dining-40065174.jpg,matched own listing photo
fukuoka/miyako,39,いのうえ いちご,https://img.bokenjapan.com/media/miyako-dining-40066650.jpg,https://img.bokenjapan.com/media/miyako-dining-40062667.jpg,matched own listing photo
fukuoka/miyako,42,ずぼら寿し,https://img.bokenjapan.com/media/miyako-dining-40010552.jpg,,photo belonged to another card; no own photo found
fukuoka/miyako,43,チェリーゴルフクラブ小倉南コース レストラン,https://img.bokenjapan.com/media/miyako-dining-40039175.jpg,https://img.bokenjapan.com/media/miyako-dining-40010552.jpg,matched own listing photo
fukuoka/miyako,44,木犀花,https://img.bokenjapan.com/media/miyako-dining-40068450.jpg,https://img.bokenjapan.com/media/miyako-dining-40039175.jpg,matched own listing photo
fukuoka/miyako,45,今日cafe,https://img.bokenjapan.com/media/miyako-dining-40045104.jpg,,photo belonged to another card; no own photo found
fukuoka/miyako,46,みやこ町 国府の郷,https://img.bokenjapan.com/media/miyako-dining-40060121.jpg,https://img.bokenjapan.com/media/miyako-dining-40045104.jpg,matched own listing photo
fukuoka/miyako,47,山八,https://img.bokenjapan.com/media/miyako-dining-40015162.jpg,https://img.bokenjapan.com/media/miyako-dining-40060121.jpg,matched own listing photo
fukuoka/miyako,48,手打ち蕎麦 たか槻,https://img.bokenjapan.com/media/miyako-dining-40072186.jpg,https://img.bokenjapan.com/media/miyako-dining-40015162.jpg,matched own listing photo
fukuoka/miyako,49,Cafe&Bar TEKTON,https://img.bokenjapan.com/media/miyako-dining-40068400.jpg,https://img.bokenjapan.com/media/miyako-dining-40072186.jpg,matched own listing photo
fukuoka/miyako,50,セブンイレブン みやこ町役場前店,https://img.bokenjapan.com/media/miyako-dining-40059314.jpg,https://img.bokenjapan.com/media/miyako-dining-40068400.jpg,matched own listing photo
fukuoka/miyako,51,M’S,https://img.bokenjapan.com/media/miyako-dining-40068454.jpg,https://img.bokenjapan.com/media/miyako-dining-40059314.jpg,matched own listing photo
fukuoka/miyako,52,惣菜屋やまちゃん,https://img.bokenjapan.com/media/miyako-dining-40065834.jpg,https://img.bokenjapan.com/media/miyako-dining-40068454.jpg,matched own listing photo
fukuoka/miyako,53,セブンイレブン 勝山黒田店,https://img.bokenjapan.com/media/miyako-dining-40059119.jpg,https://img.bokenjapan.com/media/miyako-dining-40065834.jpg,matched own listing photo
fukuoka/miyako,55,プチパン,https://img.bokenjapan.com/media/miyako-dining-40065819.jpg,https://img.bokenjapan.com/media/miyako-dining-40059119.jpg,matched own listing photo
fukuoka/miyako,56,からあげ唐空,https://img.bokenjapan.com/media/miyako-dining-40064133.jpg,https://img.bokenjapan.com/media/miyako-dining-40065819.jpg,matched own listing photo
fukuoka/miyako,57,特牛,https://img.bokenjapan.com/media/miyako-dining-40009751.jpg,https://img.bokenjapan.com/media/miyako-dining-40064133.jpg,matched own listing photo
fukuoka/miyako,58,茶房 雪月花,https://img.bokenjapan.com/media/miyako-dining-40053111.jpg,https://img.bokenjapan.com/media/miyako-dining-40009751.jpg,matched own listing photo
fukuoka/miyako,59,お好み焼き おがた,https://img.bokenjapan.com/media/miyako-dining-40052675.jpg,https://img.bokenjapan.com/media/miyako-dining-40053111.jpg,matched own listing photo
fukuoka/miyako,62,ラヴィアンローズ,https://img.bokenjapan.com/media/miyako-dining-40025175.jpg,,photo belonged to another card; no own photo found
fukuoka/miyako,63,よってこ四季犀館,https://img.bokenjapan.com/media/miyako-dining-40042061.jpg,https://img.bokenjapan.com/media/miyako-dining-40025175.jpg,matched own listing photo
fukuoka/miyako,64,ジェニモ 本店,https://img.bokenjapan.com/media/miyako-dining-40040152.jpg,https://img.bokenjapan.com/media/miyako-dining-40042061.jpg,matched own listing photo
fukuoka/miyako,65,仕出し　かわかみ,https://img.bokenjapan.com/media/miyako-dining-40030247.jpg,https://img.bokenjapan.com/media/miyako-dining-40040152.jpg,matched own listing photo
fukuoka/miyako,67,ほっともっと みやこ勝山店,https://img.bokenjapan.com/media/miyako-dining-40043844.jpg,https://img.bokenjapan.com/media/miyako-dining-40030247.jpg,matched own listing photo
fukuoka/miyako,68,束屋,https://img.bokenjapan.com/media/miyako-dining-40044135.jpg,https://img.bokenjapan.com/media/miyako-dining-40043844.jpg,matched own listing photo
fukuoka/miyako,69,ロワ,https://img.bokenjapan.com/media/miyako-dining-40065820.jpg,https://img.bokenjapan.com/media/miyako-dining-40044135.jpg,matched own listing photo
fukuoka/miyako,70,デイリーヤマザキ 福岡犀川店,https://img.bokenjapan.com/media/miyako-dining-40057555.jpg,https://img.bokenjapan.com/media/miyako-dining-40065820.jpg,matched own listing photo
fukuoka/miyako,71,カフェ ランタン,https://img.bokenjapan.com/media/miyako-dining-40038872.jpg,https://img.bokenjapan.com/media/miyako-dining-40057555.jpg,matched own listing photo
fukuoka/miyako,72,けもの料理 地獄のひさべえ,https://img.bokenjapan.com/media/miyako-dining-40045354.jpg,https://img.bokenjapan.com/media/miyako-dining-40038872.jpg,matched own listing photo
fukuoka/miyako,73,達磨さん,https://img.bokenjapan.com/media/miyako-dining-40050321.jpg,https://img.bokenjapan.com/media/miyako-dining-40045354.jpg,matched own listing photo
fukuoka/mizumaki,2,おんどる 本店,https://img.bokenjapan.com/media/mizumaki-dining-40030455.jpg,,photo belonged to another card; no own photo found
fukuoka/mizumaki,3,馳走かかしや,https://img.bokenjapan.com/media/mizumaki-dining-40004206.jpg,https://img.bokenjapan.com/media/mizumaki-dining-40030455.jpg,matched own listing photo
fukuoka/mizumaki,4,パスタキッチン　ドラーゴ,https://img.bokenjapan.com/media/mizumaki-dining-40032686.jpg,https://img.bokenjapan.com/media/mizumaki-dining-40004206.jpg,matched own listing photo
fukuoka/mizumaki,5,麺屋 一期,https://img.bokenjapan.com/media/mizumaki-dining-40054612.jpg,https://img.bokenjapan.com/media/mizumaki-dining-40032686.jpg,matched own listing photo
fukuoka/mizumaki,6,YOTSUBA GELATO,https://img.bokenjapan.com/media/mizumaki-dining-40060674.jpg,https://img.bokenjapan.com/media/mizumaki-dining-40054612.jpg,matched own listing photo
fukuoka/mizumaki,7,友禅,https://img.bokenjapan.com/media/mizumaki-dining-40060681.jpg,https://img.bokenjapan.com/media/mizumaki-dining-40060674.jpg,matched own listing photo
fukuoka/mizumaki,8,こかげ珈琲,https://img.bokenjapan.com/media/mizumaki-dining-40058422.jpg,https://img.bokenjapan.com/media/mizumaki-dining-40060681.jpg,matched own listing photo
fukuoka/mizumaki,9,神社そば　村の下,https://img.bokenjapan.com/media/mizumaki-dining-40005281.jpg,https://img.bokenjapan.com/media/mizumaki-dining-40058422.jpg,matched own listing photo
fukuoka/mizumaki,10,元祖トマトラーメンと辛めんと元祖トマトもつ鍋 三味 遠賀郡水巻みどりんぱーく店,https://img.bokenjapan.com/media/mizumaki-dining-40049929.jpg,https://img.bokenjapan.com/media/mizumaki-dining-40005281.jpg,matched own listing photo
fukuoka/mizumaki,11,麺和田や×将軍,https://img.bokenjapan.com/media/mizumaki-dining-40064080.jpg,https://img.bokenjapan.com/media/mizumaki-dining-40049929.jpg,matched own listing photo
fukuoka/mizumaki,12,珍洞,https://img.bokenjapan.com/media/mizumaki-dining-40021220.jpg,https://img.bokenjapan.com/media/mizumaki-dining-40064080.jpg,matched own listing photo
fukuoka/mizumaki,13,焼肉 しらかわ,https://img.bokenjapan.com/media/mizumaki-dining-40050858.jpg,https://img.bokenjapan.com/media/mizumaki-dining-40021220.jpg,matched own listing photo
fukuoka/mizumaki,14,櫻庵,https://img.bokenjapan.com/media/mizumaki-dining-40004209.jpg,https://img.bokenjapan.com/media/mizumaki-dining-40050858.jpg,matched own listing photo
fukuoka/mizumaki,15,たべった 本店,https://img.bokenjapan.com/media/mizumaki-dining-40003794.jpg,https://img.bokenjapan.com/media/mizumaki-dining-40004209.jpg,matched own listing photo
fukuoka/mizumaki,16,炭火焼山之口,https://img.bokenjapan.com/media/mizumaki-dining-40022231.jpg,https://img.bokenjapan.com/media/mizumaki-dining-40003794.jpg,matched own listing photo
fukuoka/mizumaki,17,鉄板ダイニング ついてる,https://img.bokenjapan.com/media/mizumaki-dining-40049344.jpg,https://img.bokenjapan.com/media/mizumaki-dining-40022231.jpg,matched own listing photo
fukuoka/mizumaki,18,麦の香り 水巻店,https://img.bokenjapan.com/media/mizumaki-dining-40036496.jpg,https://img.bokenjapan.com/media/mizumaki-dining-40049344.jpg,matched own listing photo
fukuoka/mizumaki,19,台湾料理 錦城 水巻店,https://img.bokenjapan.com/media/mizumaki-dining-40047712.jpg,https://img.bokenjapan.com/media/mizumaki-dining-40036496.jpg,matched own listing photo
fukuoka/mizumaki,22,永昌苑,https://img.bokenjapan.com/media/mizumaki-dining-40009726.jpg,,photo belonged to another card; no own photo found
fukuoka/mizumaki,23,一力寿司,https://img.bokenjapan.com/media/mizumaki-dining-40010629.jpg,https://img.bokenjapan.com/media/mizumaki-dining-40009726.jpg,matched own listing photo
fukuoka/mizumaki,24,和洋めし よはく,https://img.bokenjapan.com/media/mizumaki-dining-40059286.jpg,https://img.bokenjapan.com/media/mizumaki-dining-40010629.jpg,matched own listing photo
fukuoka/mizumaki,25,鮨　昭和,https://img.bokenjapan.com/media/mizumaki-dining-40072721.jpg,https://img.bokenjapan.com/media/mizumaki-dining-40059286.jpg,matched own listing photo
fukuoka/mizumaki,26,飛梅,https://img.bokenjapan.com/media/mizumaki-dining-40063232.jpg,https://img.bokenjapan.com/media/mizumaki-dining-40072721.jpg,matched own listing photo
fukuoka/mizumaki,27,グリーンコープ 水巻店,https://img.bokenjapan.com/media/mizumaki-dining-40064819.jpg,https://img.bokenjapan.com/media/mizumaki-dining-40063232.jpg,matched own listing photo
fukuoka/mizumaki,28,黄河 水巻店,https://img.bokenjapan.com/media/mizumaki-dining-40004203.jpg,https://img.bokenjapan.com/media/mizumaki-dining-40064819.jpg,matched own listing photo
fukuoka/mizumaki,29,弥助寿司,https://img.bokenjapan.com/media/mizumaki-dining-40011017.jpg,https://img.bokenjapan.com/media/mizumaki-dining-40004203.jpg,matched own listing photo
fukuoka/mizumaki,30,神戸クック・ワールドビュッフェ ライフガーデン水巻店,https://img.bokenjapan.com/media/mizumaki-dining-40052709.jpg,,photo belonged to another card; no own photo found
fukuoka/mizumaki,31,豚屋食堂 水巻町店,https://img.bokenjapan.com/media/mizumaki-dining-40073639.jpg,https://img.bokenjapan.com/media/mizumaki-dining-40052709.jpg,matched own listing photo
fukuoka/mizumaki,32,くれーぷはうす とっと,https://img.bokenjapan.com/media/mizumaki-dining-40062793.jpg,https://img.bokenjapan.com/media/mizumaki-dining-40073639.jpg,matched own listing photo
fukuoka/mizumaki,33,魚ごころ,https://img.bokenjapan.com/media/mizumaki-dining-40004210.jpg,https://img.bokenjapan.com/media/mizumaki-dining-40062793.jpg,matched own listing photo
fukuoka/mizumaki,34,HAN,https://img.bokenjapan.com/media/mizumaki-dining-40025197.jpg,https://img.bokenjapan.com/media/mizumaki-dining-40004210.jpg,matched own listing photo
fukuoka/mizumaki,35,珈琲工房 ウインドファーム＋,https://img.bokenjapan.com/media/mizumaki-dining-40067497.jpg,https://img.bokenjapan.com/media/mizumaki-dining-40025197.jpg,matched own listing photo
fukuoka/mizumaki,36,ひまわり,https://img.bokenjapan.com/media/mizumaki-dining-40002581.jpg,https://img.bokenjapan.com/media/mizumaki-dining-40067497.jpg,matched own listing photo
fukuoka/mizumaki,37,火曜日はお休み,https://img.bokenjapan.com/media/mizumaki-dining-40022772.jpg,https://img.bokenjapan.com/media/mizumaki-dining-40002581.jpg,matched own listing photo
fukuoka/mizumaki,38,宝来軒,https://img.bokenjapan.com/media/mizumaki-dining-40009371.jpg,https://img.bokenjapan.com/media/mizumaki-dining-40022772.jpg,matched own listing photo
fukuoka/mizumaki,39,えきのねき,https://img.bokenjapan.com/media/mizumaki-dining-40028359.jpg,https://img.bokenjapan.com/media/mizumaki-dining-40009371.jpg,matched own listing photo
fukuoka/mizumaki,42,いえカフェ,https://img.bokenjapan.com/media/mizumaki-dining-40046311.jpg,,photo belonged to another card; no own photo found
fukuoka/mizumaki,43,菓子工房 そぉら,https://img.bokenjapan.com/media/mizumaki-dining-40028577.jpg,https://img.bokenjapan.com/media/mizumaki-dining-40046311.jpg,matched own listing photo
fukuoka/mizumaki,44,パン工房 穂栄,https://img.bokenjapan.com/media/mizumaki-dining-40064341.jpg,https://img.bokenjapan.com/media/mizumaki-dining-40028577.jpg,matched own listing photo
fukuoka/mizumaki,45,珈琲所 コメダ珈琲店 ライフガーデン水巻店,https://img.bokenjapan.com/media/mizumaki-dining-40052823.jpg,https://img.bokenjapan.com/media/mizumaki-dining-40064341.jpg,matched own listing photo
fukuoka/mizumaki,46,居酒屋　ゆたか,https://img.bokenjapan.com/media/mizumaki-dining-40006097.jpg,https://img.bokenjapan.com/media/mizumaki-dining-40052823.jpg,matched own listing photo
fukuoka/mizumaki,47,祭太鼓,https://img.bokenjapan.com/media/mizumaki-dining-40023769.jpg,https://img.bokenjapan.com/media/mizumaki-dining-40006097.jpg,matched own listing photo
fukuoka/mizumaki,48,つばき食堂,https://img.bokenjapan.com/media/mizumaki-dining-40070909.jpg,https://img.bokenjapan.com/media/mizumaki-dining-40023769.jpg,matched own listing photo
fukuoka/mizumaki,49,さんわ唐揚げ水巻店×ゴリcafe,https://img.bokenjapan.com/media/mizumaki-dining-40074127.jpg,https://img.bokenjapan.com/media/mizumaki-dining-40070909.jpg,matched own listing photo
fukuoka/mizumaki,50,たかまるうどん,https://img.bokenjapan.com/media/mizumaki-dining-40050628.jpg,https://img.bokenjapan.com/media/mizumaki-dining-40074127.jpg,matched own listing photo
fukuoka/mizumaki,51,izumo屋 開運芋,https://img.bokenjapan.com/media/mizumaki-dining-40067702.jpg,https://img.bokenjapan.com/media/mizumaki-dining-40050628.jpg,matched own listing photo
fukuoka/mizumaki,52,キッチン文,https://img.bokenjapan.com/media/mizumaki-dining-40064770.jpg,https://img.bokenjapan.com/media/mizumaki-dining-40067702.jpg,matched own listing photo
fukuoka/mizumaki,53,からあげとりいち 水巻店,https://img.bokenjapan.com/media/mizumaki-dining-40065291.jpg,https://img.bokenjapan.com/media/mizumaki-dining-40064770.jpg,matched own listing photo
fukuoka/mizumaki,54,cafe coba+土曜日,https://img.bokenjapan.com/media/mizumaki-dining-40072149.jpg,https://img.bokenjapan.com/media/mizumaki-dining-40065291.jpg,matched own listing photo
fukuoka/mizumaki,55,韓FUll,https://img.bokenjapan.com/media/mizumaki-dining-40064200.jpg,https://img.bokenjapan.com/media/mizumaki-dining-40072149.jpg,matched own listing photo
fukuoka/mizumaki,56,ATC yabukouji,https://img.bokenjapan.com/media/mizumaki-dining-40067182.jpg,https://img.bokenjapan.com/media/mizumaki-dining-40064200.jpg,matched own listing photo
fukuoka/mizumaki,57,ラーメンとん太 水巻店,https://img.bokenjapan.com/media/mizumaki-dining-40004723.jpg,https://img.bokenjapan.com/media/mizumaki-dining-40067182.jpg,matched own listing photo
fukuoka/mizumaki,58,ジョイフル 北九州水巻店,https://img.bokenjapan.com/media/mizumaki-dining-40019026.jpg,,photo belonged to another card; no own photo found
fukuoka/mizumaki,59,東龍軒 水巻店,https://img.bokenjapan.com/media/mizumaki-dining-40052911.jpg,https://img.bokenjapan.com/media/mizumaki-dining-40019026.jpg,matched own listing photo
fukuoka/mizumaki,62,すき家 ライフガーデン水巻店,https://img.bokenjapan.com/media/mizumaki-dining-40053094.jpg,,photo belonged to another card; no own photo found
fukuoka/mizumaki,63,烏龍,https://img.bokenjapan.com/media/mizumaki-dining-40073326.jpg,https://img.bokenjapan.com/media/mizumaki-dining-40053094.jpg,matched own listing photo
fukuoka/mizumaki,64,かど,https://img.bokenjapan.com/media/mizumaki-dining-40013712.jpg,https://img.bokenjapan.com/media/mizumaki-dining-40073326.jpg,matched own listing photo
fukuoka/mizumaki,65,ラ・ムー 水巻店,https://img.bokenjapan.com/media/mizumaki-dining-40041412.jpg,https://img.bokenjapan.com/media/mizumaki-dining-40013712.jpg,matched own listing photo
fukuoka/mizumaki,66,焼きとりやまぐちくん,https://img.bokenjapan.com/media/mizumaki-dining-40004208.jpg,https://img.bokenjapan.com/media/mizumaki-dining-40041412.jpg,matched own listing photo
fukuoka/mizumaki,67,政寿し,https://img.bokenjapan.com/media/mizumaki-dining-40010874.jpg,https://img.bokenjapan.com/media/mizumaki-dining-40004208.jpg,matched own listing photo
fukuoka/mizumaki,68,農産物直売所 夢工房,https://img.bokenjapan.com/media/mizumaki-dining-40059962.jpg,https://img.bokenjapan.com/media/mizumaki-dining-40010874.jpg,matched own listing photo
fukuoka/mizumaki,69,オーガニック カフェ ウィンドファーム,https://img.bokenjapan.com/media/mizumaki-dining-40050750.jpg,https://img.bokenjapan.com/media/mizumaki-dining-40059962.jpg,matched own listing photo
fukuoka/mizumaki,70,うまかや,https://img.bokenjapan.com/media/mizumaki-dining-40065950.jpg,https://img.bokenjapan.com/media/mizumaki-dining-40050750.jpg,matched own listing photo
fukuoka/mizumaki,71,黄色い麦わら帽子,https://img.bokenjapan.com/media/mizumaki-dining-40048748.jpg,https://img.bokenjapan.com/media/mizumaki-dining-40065950.jpg,matched own listing photo
fukuoka/mizumaki,72,ほっともっと 水巻吉田店,https://img.bokenjapan.com/media/mizumaki-dining-40040494.jpg,https://img.bokenjapan.com/media/mizumaki-dining-40048748.jpg,matched own listing photo
fukuoka/mizumaki,74,マックスバリュ 水巻店,https://img.bokenjapan.com/media/mizumaki-dining-40070236.jpg,https://img.bokenjapan.com/media/mizumaki-dining-40040494.jpg,matched own listing photo
fukuoka/mizumaki,76,ルミエール 水巻店,https://img.bokenjapan.com/media/mizumaki-dining-40052313.jpg,https://img.bokenjapan.com/media/mizumaki-dining-40070236.jpg,matched own listing photo
fukuoka/mizumaki,78,ミヨシのパン,https://img.bokenjapan.com/media/mizumaki-dining-40050732.jpg,https://img.bokenjapan.com/media/mizumaki-dining-40052313.jpg,matched own listing photo
fukuoka/nakama,2,讃岐うどん 伴,https://img.bokenjapan.com/media/nakama-dining-40005130.jpg,,photo belonged to another card; no own photo found
fukuoka/nakama,3,四川野郎,https://img.bokenjapan.com/media/nakama-dining-40036724.jpg,https://img.bokenjapan.com/media/nakama-dining-40005130.jpg,matched own listing photo
fukuoka/nakama,4,うどん・そば北の庄,https://img.bokenjapan.com/media/nakama-dining-40009777.jpg,https://img.bokenjapan.com/media/nakama-dining-40036724.jpg,matched own listing photo
fukuoka/nakama,5,十一 中間店,https://img.bokenjapan.com/media/nakama-dining-40067511.jpg,https://img.bokenjapan.com/media/nakama-dining-40009777.jpg,matched own listing photo
fukuoka/nakama,6,パン エーグル,https://img.bokenjapan.com/media/nakama-dining-40033759.jpg,https://img.bokenjapan.com/media/nakama-dining-40067511.jpg,matched own listing photo
fukuoka/nakama,7,お好み焼 はな,https://img.bokenjapan.com/media/nakama-dining-40025072.jpg,https://img.bokenjapan.com/media/nakama-dining-40033759.jpg,matched own listing photo
fukuoka/nakama,8,天竺,https://img.bokenjapan.com/media/nakama-dining-40063423.jpg,https://img.bokenjapan.com/media/nakama-dining-40025072.jpg,matched own listing photo
fukuoka/nakama,9,そばとポークたまごおにぎり,https://img.bokenjapan.com/media/nakama-dining-40066835.jpg,https://img.bokenjapan.com/media/nakama-dining-40063423.jpg,matched own listing photo
fukuoka/nakama,10,秀虎,https://img.bokenjapan.com/media/nakama-dining-40033923.jpg,https://img.bokenjapan.com/media/nakama-dining-40066835.jpg,matched own listing photo
fukuoka/nakama,11,ミュゲ,https://img.bokenjapan.com/media/nakama-dining-40000545.jpg,https://img.bokenjapan.com/media/nakama-dining-40033923.jpg,matched own listing photo
fukuoka/nakama,12,うどん処 ひら田,https://img.bokenjapan.com/media/nakama-dining-40065269.jpg,https://img.bokenjapan.com/media/nakama-dining-40000545.jpg,matched own listing photo
fukuoka/nakama,13,かき氷＆カフェ 修ちゃんたちの,https://img.bokenjapan.com/media/nakama-dining-40043565.jpg,https://img.bokenjapan.com/media/nakama-dining-40065269.jpg,matched own listing photo
fukuoka/nakama,14,海鮮丼市場,https://img.bokenjapan.com/media/nakama-dining-40048640.jpg,https://img.bokenjapan.com/media/nakama-dining-40043565.jpg,matched own listing photo
fukuoka/nakama,15,ハユカダイニング,https://img.bokenjapan.com/media/nakama-dining-40036631.jpg,https://img.bokenjapan.com/media/nakama-dining-40048640.jpg,matched own listing photo
fukuoka/nakama,16,から揚げ専門店 からふく,https://img.bokenjapan.com/media/nakama-dining-40056965.jpg,https://img.bokenjapan.com/media/nakama-dining-40036631.jpg,matched own listing photo
fukuoka/nakama,17,東天紅,https://img.bokenjapan.com/media/nakama-dining-40009260.jpg,https://img.bokenjapan.com/media/nakama-dining-40056965.jpg,matched own listing photo
fukuoka/nakama,18,花よりとんかつ,https://img.bokenjapan.com/media/nakama-dining-40062628.jpg,https://img.bokenjapan.com/media/nakama-dining-40009260.jpg,matched own listing photo
fukuoka/nakama,19,MOCCU,https://img.bokenjapan.com/media/nakama-dining-40065873.jpg,https://img.bokenjapan.com/media/nakama-dining-40062628.jpg,matched own listing photo
fukuoka/nakama,23,やきとり鳥花,https://img.bokenjapan.com/media/nakama-dining-40007795.jpg,,photo belonged to another card; no own photo found
fukuoka/nakama,24,almocafe 中間店,https://img.bokenjapan.com/media/nakama-dining-40043871.jpg,https://img.bokenjapan.com/media/nakama-dining-40007795.jpg,matched own listing photo
fukuoka/nakama,25,ラーメン専門店 康州,https://img.bokenjapan.com/media/nakama-dining-40004285.jpg,https://img.bokenjapan.com/media/nakama-dining-40043871.jpg,matched own listing photo
fukuoka/nakama,26,廻転寿司 平四郎 中間店,https://img.bokenjapan.com/media/nakama-dining-40020591.jpg,https://img.bokenjapan.com/media/nakama-dining-40004285.jpg,matched own listing photo
fukuoka/nakama,27,なかまの洋食や バスキチ,https://img.bokenjapan.com/media/nakama-dining-40045331.jpg,https://img.bokenjapan.com/media/nakama-dining-40020591.jpg,matched own listing photo
fukuoka/nakama,28,握手家,https://img.bokenjapan.com/media/nakama-dining-40029778.jpg,https://img.bokenjapan.com/media/nakama-dining-40045331.jpg,matched own listing photo
fukuoka/nakama,29,麺処 幸,https://img.bokenjapan.com/media/nakama-dining-40058791.jpg,https://img.bokenjapan.com/media/nakama-dining-40029778.jpg,matched own listing photo
fukuoka/nakama,30,にわ菓,https://img.bokenjapan.com/media/nakama-dining-40058642.jpg,https://img.bokenjapan.com/media/nakama-dining-40058791.jpg,matched own listing photo
fukuoka/nakama,31,旬風亭,https://img.bokenjapan.com/media/nakama-dining-40053540.jpg,https://img.bokenjapan.com/media/nakama-dining-40058642.jpg,matched own listing photo
fukuoka/nakama,32,ふそう 中間店,https://img.bokenjapan.com/media/nakama-dining-40016564.jpg,https://img.bokenjapan.com/media/nakama-dining-40053540.jpg,matched own listing photo
fukuoka/nakama,33,和料理 蓮花寺 さいとう,https://img.bokenjapan.com/media/nakama-dining-40034904.jpg,https://img.bokenjapan.com/media/nakama-dining-40016564.jpg,matched own listing photo
fukuoka/nakama,34,山のそば家,https://img.bokenjapan.com/media/nakama-dining-40055866.jpg,https://img.bokenjapan.com/media/nakama-dining-40034904.jpg,matched own listing photo
fukuoka/nakama,35,黒崎一番,https://img.bokenjapan.com/media/nakama-dining-40046317.jpg,https://img.bokenjapan.com/media/nakama-dining-40055866.jpg,matched own listing photo
fukuoka/nakama,36,炭火焼鳥恭．,https://img.bokenjapan.com/media/nakama-dining-40008637.jpg,https://img.bokenjapan.com/media/nakama-dining-40046317.jpg,matched own listing photo
fukuoka/nakama,37,古民家カフェ 心暖和,https://img.bokenjapan.com/media/nakama-dining-40071364.jpg,https://img.bokenjapan.com/media/nakama-dining-40008637.jpg,matched own listing photo
fukuoka/nakama,38,資さんうどん 中間店,https://img.bokenjapan.com/media/nakama-dining-40021530.jpg,https://img.bokenjapan.com/media/nakama-dining-40071364.jpg,matched own listing photo
fukuoka/nakama,39,たこ焼き・お好み焼きごうちゃん,https://img.bokenjapan.com/media/nakama-dining-40012974.jpg,https://img.bokenjapan.com/media/nakama-dining-40021530.jpg,matched own listing photo
fukuoka/nakama,42,加茂川,https://img.bokenjapan.com/media/nakama-dining-40014887.jpg,,photo belonged to another card; no own photo found
fukuoka/nakama,43,遊び割烹 ひらき,https://img.bokenjapan.com/media/nakama-dining-40043164.jpg,https://img.bokenjapan.com/media/nakama-dining-40014887.jpg,matched own listing photo
fukuoka/nakama,44,さかな屋 おぎや,https://img.bokenjapan.com/media/nakama-dining-40058244.jpg,https://img.bokenjapan.com/media/nakama-dining-40043164.jpg,matched own listing photo
fukuoka/nakama,45,リベルタコーヒー,https://img.bokenjapan.com/media/nakama-dining-40058596.jpg,https://img.bokenjapan.com/media/nakama-dining-40058244.jpg,matched own listing photo
fukuoka/nakama,46,Petit Point,https://img.bokenjapan.com/media/nakama-dining-40065235.jpg,https://img.bokenjapan.com/media/nakama-dining-40058596.jpg,matched own listing photo
fukuoka/nakama,47,さんぞくや 中間店,https://img.bokenjapan.com/media/nakama-dining-40016698.jpg,https://img.bokenjapan.com/media/nakama-dining-40065235.jpg,matched own listing photo
fukuoka/nakama,48,琥珀 炉端焼き串と鍋中間店,https://img.bokenjapan.com/media/nakama-dining-40057934.jpg,https://img.bokenjapan.com/media/nakama-dining-40016698.jpg,matched own listing photo
fukuoka/nakama,49,trattoria casa mia,https://img.bokenjapan.com/media/nakama-dining-40061994.jpg,https://img.bokenjapan.com/media/nakama-dining-40057934.jpg,matched own listing photo
fukuoka/nakama,50,都寿し,https://img.bokenjapan.com/media/nakama-dining-40010943.jpg,https://img.bokenjapan.com/media/nakama-dining-40061994.jpg,matched own listing photo
fukuoka/nakama,51,花凛,https://img.bokenjapan.com/media/nakama-dining-40030949.jpg,https://img.bokenjapan.com/media/nakama-dining-40010943.jpg,matched own listing photo
fukuoka/nakama,52,いきいき,https://img.bokenjapan.com/media/nakama-dining-41000434.jpg,https://img.bokenjapan.com/media/nakama-dining-40030949.jpg,matched own listing photo
fukuoka/nakama,53,馳走屋 いではら,https://img.bokenjapan.com/media/nakama-dining-40012818.jpg,https://img.bokenjapan.com/media/nakama-dining-41000434.jpg,matched own listing photo
fukuoka/nakama,54,中鶴うどん,https://img.bokenjapan.com/media/nakama-dining-40012588.jpg,https://img.bokenjapan.com/media/nakama-dining-40012818.jpg,matched own listing photo
fukuoka/nakama,55,味つぼ,https://img.bokenjapan.com/media/nakama-dining-40008639.jpg,https://img.bokenjapan.com/media/nakama-dining-40012588.jpg,matched own listing photo
fukuoka/nakama,56,Dining Bar Switch,https://img.bokenjapan.com/media/nakama-dining-40027036.jpg,https://img.bokenjapan.com/media/nakama-dining-40008639.jpg,matched own listing photo
fukuoka/nakama,57,イナカフェ そらのした,https://img.bokenjapan.com/media/nakama-dining-40068925.jpg,https://img.bokenjapan.com/media/nakama-dining-40027036.jpg,matched own listing photo
fukuoka/nakama,58,JUJUのから盛り,https://img.bokenjapan.com/media/nakama-dining-40068269.jpg,https://img.bokenjapan.com/media/nakama-dining-40068925.jpg,matched own listing photo
fukuoka/nakama,59,石田一龍 中間店,https://img.bokenjapan.com/media/nakama-dining-40068183.jpg,https://img.bokenjapan.com/media/nakama-dining-40068269.jpg,matched own listing photo
fukuoka/nakama,62,ひろ家,https://img.bokenjapan.com/media/nakama-dining-40010301.jpg,,photo belonged to another card; no own photo found
fukuoka/nakama,63,KOTO,https://img.bokenjapan.com/media/nakama-dining-40024476.jpg,https://img.bokenjapan.com/media/nakama-dining-40010301.jpg,matched own listing photo
fukuoka/nakama,64,とまと屋・日高,https://img.bokenjapan.com/media/nakama-dining-40048652.jpg,https://img.bokenjapan.com/media/nakama-dining-40024476.jpg,matched own listing photo
fukuoka/nakama,65,SUBARU COFFEE,https://img.bokenjapan.com/media/nakama-dining-40062784.jpg,https://img.bokenjapan.com/media/nakama-dining-40048652.jpg,matched own listing photo
fukuoka/nakama,66,sumibi kitchen,https://img.bokenjapan.com/media/nakama-dining-40071397.jpg,https://img.bokenjapan.com/media/nakama-dining-40062784.jpg,matched own listing photo
fukuoka/nakama,67,BAKE,https://img.bokenjapan.com/media/nakama-dining-40073417.jpg,https://img.bokenjapan.com/media/nakama-dining-40071397.jpg,matched own listing photo
fukuoka/nakama,68,30 coffee stand,https://img.bokenjapan.com/media/nakama-dining-40071278.jpg,https://img.bokenjapan.com/media/nakama-dining-40073417.jpg,matched own listing photo
fukuoka/nakama,69,マヨたこ 中間店,https://img.bokenjapan.com/media/nakama-dining-40055578.jpg,https://img.bokenjapan.com/media/nakama-dining-40071278.jpg,matched own listing photo
fukuoka/nakama,70,Hutte,https://img.bokenjapan.com/media/nakama-dining-40066833.jpg,https://img.bokenjapan.com/media/nakama-dining-40055578.jpg,matched own listing photo
fukuoka/nakama,71,ロイヤルホスト 中間店,https://img.bokenjapan.com/media/nakama-dining-40023413.jpg,https://img.bokenjapan.com/media/nakama-dining-40066833.jpg,matched own listing photo
fukuoka/nakama,72,寿司 若竹丸 中間店,https://img.bokenjapan.com/media/nakama-dining-40066802.jpg,https://img.bokenjapan.com/media/nakama-dining-40023413.jpg,matched own listing photo
fukuoka/nakama,73,餃子の王将 イオンなかま店,https://img.bokenjapan.com/media/nakama-dining-40064736.jpg,https://img.bokenjapan.com/media/nakama-dining-40066802.jpg,matched own listing photo
fukuoka/nakama,74,スターバックスコーヒー イオンなかま店,https://img.bokenjapan.com/media/nakama-dining-40064500.jpg,https://img.bokenjapan.com/media/nakama-dining-40064736.jpg,matched own listing photo
fukuoka/nakama,75,とんかつ濱かつ 福岡中間店,https://img.bokenjapan.com/media/nakama-dining-40016524.jpg,https://img.bokenjapan.com/media/nakama-dining-40064500.jpg,matched own listing photo
fukuoka/nakama,76,肉酒場いろは,https://img.bokenjapan.com/media/nakama-dining-40068885.jpg,https://img.bokenjapan.com/media/nakama-dining-40016524.jpg,matched own listing photo
fukuoka/nakama,77,大開運 ひとりさんらぁめん,https://img.bokenjapan.com/media/nakama-dining-40068170.jpg,https://img.bokenjapan.com/media/nakama-dining-40068885.jpg,matched own listing photo
fukuoka/nakama,78,焼鳥　ひろ,https://img.bokenjapan.com/media/nakama-dining-40036088.jpg,,photo belonged to another card; no own photo found
fukuoka/nakama,79,パンの木　ポポロ 中間通谷店,https://img.bokenjapan.com/media/nakama-dining-40011087.jpg,https://img.bokenjapan.com/media/nakama-dining-40036088.jpg,matched own listing photo
fukuoka/nakama,82,くるくる花娘,https://img.bokenjapan.com/media/nakama-dining-40039181.jpg,,photo belonged to another card; no own photo found
fukuoka/nakama,83,二代目お好み焼 よち坊,https://img.bokenjapan.com/media/nakama-dining-40064818.jpg,https://img.bokenjapan.com/media/nakama-dining-40039181.jpg,matched own listing photo
fukuoka/nakama,84,クレープハウス cheek,https://img.bokenjapan.com/media/nakama-dining-40058532.jpg,https://img.bokenjapan.com/media/nakama-dining-40064818.jpg,matched own listing photo
fukuoka/nakama,85,浪花たこ焼き まきちゃん,https://img.bokenjapan.com/media/nakama-dining-40069929.jpg,https://img.bokenjapan.com/media/nakama-dining-40058532.jpg,matched own listing photo
fukuoka/nakama,86,とうふ家,https://img.bokenjapan.com/media/nakama-dining-40030266.jpg,https://img.bokenjapan.com/media/nakama-dining-40069929.jpg,matched own listing photo
fukuoka/nakama,87,レガネット 中間,https://img.bokenjapan.com/media/nakama-dining-40066071.jpg,https://img.bokenjapan.com/media/nakama-dining-40030266.jpg,matched own listing photo
fukuoka/nakama,88,うちだ屋 中間店,https://img.bokenjapan.com/media/nakama-dining-40016465.jpg,https://img.bokenjapan.com/media/nakama-dining-40066071.jpg,matched own listing photo
fukuoka/nakama,89,MKレストラン 中間店,https://img.bokenjapan.com/media/nakama-dining-40006314.jpg,https://img.bokenjapan.com/media/nakama-dining-40016465.jpg,matched own listing photo
fukuoka/nakama,90,モスバーガー 中間店,https://img.bokenjapan.com/media/nakama-dining-40036430.jpg,https://img.bokenjapan.com/media/nakama-dining-40006314.jpg,matched own listing photo
fukuoka/nakama,91,地鶏のタタキ とりはつ,https://img.bokenjapan.com/media/nakama-dining-40064528.jpg,https://img.bokenjapan.com/media/nakama-dining-40036430.jpg,matched own listing photo
fukuoka/nakama,93,カフェ・ド・バルビゾン,https://img.bokenjapan.com/media/nakama-dining-40016990.jpg,https://img.bokenjapan.com/media/nakama-dining-40064528.jpg,matched own listing photo
fukuoka/nakama,94,割烹 淵上,https://img.bokenjapan.com/media/nakama-dining-40071996.jpg,https://img.bokenjapan.com/media/nakama-dining-40016990.jpg,matched own listing photo
fukuoka/nakama,95,豊田ラーメン,https://img.bokenjapan.com/media/nakama-dining-40026766.jpg,https://img.bokenjapan.com/media/nakama-dining-40071996.jpg,matched own listing photo
fukuoka/nakama,96,お茶の山本園 イオンなかま店,https://img.bokenjapan.com/media/nakama-dining-40063718.jpg,https://img.bokenjapan.com/media/nakama-dining-40026766.jpg,matched own listing photo
fukuoka/nakama,97,atelier.OMA,https://img.bokenjapan.com/media/nakama-dining-40070284.jpg,https://img.bokenjapan.com/media/nakama-dining-40063718.jpg,matched own listing photo
fukuoka/nakama,98,発酵カフェ　ブランシェ,https://img.bokenjapan.com/media/nakama-dining-40070315.jpg,https://img.bokenjapan.com/media/nakama-dining-40070284.jpg,matched own listing photo
fukuoka/nakama,99,喫茶 メロディー,https://img.bokenjapan.com/media/nakama-dining-40068797.jpg,https://img.bokenjapan.com/media/nakama-dining-40070315.jpg,matched own listing photo
fukuoka/nakama,102,はま寿司 中間店,https://img.bokenjapan.com/media/nakama-dining-40057168.jpg,,photo belonged to another card; no own photo found
fukuoka/nakama,103,ケンタッキーフライドチキン 中間店,https://img.bokenjapan.com/media/nakama-dining-40021223.jpg,https://img.bokenjapan.com/media/nakama-dining-40057168.jpg,matched own listing photo
fukuoka/nakama,104,サーティワンアイスクリーム イオンなかま店,https://img.bokenjapan.com/media/nakama-dining-40063562.jpg,https://img.bokenjapan.com/media/nakama-dining-40021223.jpg,matched own listing photo
fukuoka/nakama,105,東筑軒 中間営業所売店,https://img.bokenjapan.com/media/nakama-dining-40042262.jpg,https://img.bokenjapan.com/media/nakama-dining-40063562.jpg,matched own listing photo
fukuoka/nakama,106,シャトレーゼ イオンなかま店,https://img.bokenjapan.com/media/nakama-dining-40063502.jpg,https://img.bokenjapan.com/media/nakama-dining-40042262.jpg,matched own listing photo
fukuoka/nakama,107,紅茶専門店フランチェスカ,https://img.bokenjapan.com/media/nakama-dining-40035880.jpg,https://img.bokenjapan.com/media/nakama-dining-40063502.jpg,matched own listing photo
fukuoka/nakama,108,BLANKET DONUTS 中間店,https://img.bokenjapan.com/media/nakama-dining-40072633.jpg,https://img.bokenjapan.com/media/nakama-dining-40035880.jpg,matched own listing photo
fukuoka/nakama,109,ピザクック イオンなかま店,https://img.bokenjapan.com/media/nakama-dining-40063603.jpg,https://img.bokenjapan.com/media/nakama-dining-40072633.jpg,matched own listing photo
fukuoka/nakama,110,千,https://img.bokenjapan.com/media/nakama-dining-40031474.jpg,https://img.bokenjapan.com/media/nakama-dining-40063603.jpg,matched own listing photo
fukuoka/nakama,111,うどんカフェ 樹,https://img.bokenjapan.com/media/nakama-dining-40059628.jpg,https://img.bokenjapan.com/media/nakama-dining-40031474.jpg,matched own listing photo
fukuoka/nakama,112,中華料理 福源,https://img.bokenjapan.com/media/nakama-dining-40055443.jpg,https://img.bokenjapan.com/media/nakama-dining-40059628.jpg,matched own listing photo
fukuoka/nakama,113,くつろぎダイニング とりあえず吾平 福岡中間店,https://img.bokenjapan.com/media/nakama-dining-40001228.jpg,https://img.bokenjapan.com/media/nakama-dining-40055443.jpg,matched own listing photo
fukuoka/nakama,114,からあげみやこ屋 中間通谷店,https://img.bokenjapan.com/media/nakama-dining-40055579.jpg,https://img.bokenjapan.com/media/nakama-dining-40001228.jpg,matched own listing photo
fukuoka/nakama,115,ナローズ コーヒー,https://img.bokenjapan.com/media/nakama-dining-40049150.jpg,https://img.bokenjapan.com/media/nakama-dining-40055579.jpg,matched own listing photo
fukuoka/nakama,116,甲賀米粉たい焼き 中間店,https://img.bokenjapan.com/media/nakama-dining-40068874.jpg,https://img.bokenjapan.com/media/nakama-dining-40049150.jpg,matched own listing photo
fukuoka/nakama,117,小皿キッチン サニーアップ,https://img.bokenjapan.com/media/nakama-dining-40055222.jpg,https://img.bokenjapan.com/media/nakama-dining-40068874.jpg,matched own listing photo
fukuoka/nakama,118,セブンイレブン 中間小田ケ浦店,https://img.bokenjapan.com/media/nakama-dining-40058252.jpg,https://img.bokenjapan.com/media/nakama-dining-40055222.jpg,matched own listing photo
fukuoka/nakama,119,相撲ダイニング 武尊,https://img.bokenjapan.com/media/nakama-dining-40000923.jpg,https://img.bokenjapan.com/media/nakama-dining-40058252.jpg,matched own listing photo
fukuoka/nakama,122,不二家 中間店,https://img.bokenjapan.com/media/nakama-dining-40026637.jpg,,photo belonged to another card; no own photo found
fukuoka/nakama,123,たこ本舗,https://img.bokenjapan.com/media/nakama-dining-40034102.jpg,https://img.bokenjapan.com/media/nakama-dining-40026637.jpg,matched own listing photo
fukuoka/nakama,124,京都 伊三郎製ぱん フードウェイ中間店,https://img.bokenjapan.com/media/nakama-dining-40055190.jpg,https://img.bokenjapan.com/media/nakama-dining-40034102.jpg,matched own listing photo
fukuoka/nakama,125,ユナイテッドシネマ なかま16,https://img.bokenjapan.com/media/nakama-dining-40040592.jpg,https://img.bokenjapan.com/media/nakama-dining-40055190.jpg,matched own listing photo
fukuoka/nakama,126,ほっともっと 東中間店,https://img.bokenjapan.com/media/nakama-dining-40040375.jpg,https://img.bokenjapan.com/media/nakama-dining-40040592.jpg,matched own listing photo
fukuoka/nakama,127,千鳥屋本家 中間店,https://img.bokenjapan.com/media/nakama-dining-40053288.jpg,https://img.bokenjapan.com/media/nakama-dining-40040375.jpg,matched own listing photo
fukuoka/nakama,128,パン工房　向日葵,https://img.bokenjapan.com/media/nakama-dining-40023906.jpg,https://img.bokenjapan.com/media/nakama-dining-40053288.jpg,matched own listing photo
fukuoka/nakama,129,みーとぱいはうす,https://img.bokenjapan.com/media/nakama-dining-40054372.jpg,https://img.bokenjapan.com/media/nakama-dining-40023906.jpg,matched own listing photo
fukuoka/nakama,130,カフェスペース ビュヘル,https://img.bokenjapan.com/media/nakama-dining-40055349.jpg,https://img.bokenjapan.com/media/nakama-dining-40054372.jpg,matched own listing photo
fukuoka/nakama,131,コロッケ倶楽部 中間店,https://img.bokenjapan.com/media/nakama-dining-40020748.jpg,https://img.bokenjapan.com/media/nakama-dining-40055349.jpg,matched own listing photo
fukuoka/nakama,132,AMU BAGEL,https://img.bokenjapan.com/media/nakama-dining-40068648.jpg,https://img.bokenjapan.com/media/nakama-dining-40020748.jpg,matched own listing photo
fukuoka/nakama,133,愛HANA,https://img.bokenjapan.com/media/nakama-dining-40056966.jpg,https://img.bokenjapan.com/media/nakama-dining-40068648.jpg,matched own listing photo
fukuoka/nakama,134,パン工場 イオンなかま店,https://img.bokenjapan.com/media/nakama-dining-40063682.jpg,https://img.bokenjapan.com/media/nakama-dining-40056966.jpg,matched own listing photo
fukuoka/nakama,135,炭火焼 千鳥,https://img.bokenjapan.com/media/nakama-dining-40035311.jpg,https://img.bokenjapan.com/media/nakama-dining-40063682.jpg,matched own listing photo
fukuoka/nakama,136,宅配専門 玄海ざんまい 中間店,https://img.bokenjapan.com/media/nakama-dining-40045357.jpg,https://img.bokenjapan.com/media/nakama-dining-40035311.jpg,matched own listing photo
fukuoka/nakama,137,ヒマラヤ 中間店,https://img.bokenjapan.com/media/nakama-dining-40068137.jpg,https://img.bokenjapan.com/media/nakama-dining-40045357.jpg,matched own listing photo
fukuoka/nakama,138,わんわんる～む シュシュ,https://img.bokenjapan.com/media/nakama-dining-40053361.jpg,https://img.bokenjapan.com/media/nakama-dining-40068137.jpg,matched own listing photo
fukuoka/nakama,141,ファミリーマート 中間垣生店,https://img.bokenjapan.com/media/nakama-dining-40067582.jpg,,photo belonged to another card; no own photo found
fukuoka/nakama,143,いっぽ,https://img.bokenjapan.com/media/nakama-dining-40071608.jpg,https://img.bokenjapan.com/media/nakama-dining-40067582.jpg,matched own listing photo
fukuoka/nakama,146,終活処 紬庵,https://img.bokenjapan.com/media/nakama-dining-40047296.jpg,https://img.bokenjapan.com/media/nakama-dining-40071608.jpg,matched own listing photo
fukuoka/nakama,148,地鶏屋,https://img.bokenjapan.com/media/nakama-dining-40065004.jpg,https://img.bokenjapan.com/media/nakama-dining-40047296.jpg,matched own listing photo
fukuoka/nakama,152,ココフル カフェ 中間店,https://img.bokenjapan.com/media/nakama-dining-40036947.jpg,https://img.bokenjapan.com/media/nakama-dining-40065004.jpg,matched own listing photo
fukuoka/nakama,161,たこ焼き まきちゃん,https://img.bokenjapan.com/media/nakama-dining-40064376.jpg,,photo belonged to another card; no own photo found
fukuoka/nakama,169,たこチュウ,https://img.bokenjapan.com/media/nakama-dining-40031350.jpg,https://img.bokenjapan.com/media/nakama-dining-40064376.jpg,matched own listing photo
fukuoka/ogori,2,麺屋 我ガ 小郡本店,https://img.bokenjapan.com/media/ogori-dining-40034718.jpg,,photo belonged to another card; no own photo found
fukuoka/ogori,3,ラーメンラボ。ヒカリノサキ,https://img.bokenjapan.com/media/ogori-dining-40046186.jpg,https://img.bokenjapan.com/media/ogori-dining-40034718.jpg,matched own listing photo
fukuoka/ogori,4,とん亭,https://img.bokenjapan.com/media/ogori-dining-40006250.jpg,https://img.bokenjapan.com/media/ogori-dining-40046186.jpg,matched own listing photo
fukuoka/ogori,5,久留米ラーメン清陽軒 小郡店,https://img.bokenjapan.com/media/ogori-dining-40038419.jpg,https://img.bokenjapan.com/media/ogori-dining-40006250.jpg,matched own listing photo
fukuoka/ogori,6,三井うどん店,https://img.bokenjapan.com/media/ogori-dining-40046057.jpg,https://img.bokenjapan.com/media/ogori-dining-40038419.jpg,matched own listing photo
fukuoka/ogori,7,らあめん わや,https://img.bokenjapan.com/media/ogori-dining-40064687.jpg,https://img.bokenjapan.com/media/ogori-dining-40046057.jpg,matched own listing photo
fukuoka/ogori,8,パン ネスト,https://img.bokenjapan.com/media/ogori-dining-40039337.jpg,https://img.bokenjapan.com/media/ogori-dining-40064687.jpg,matched own listing photo
fukuoka/ogori,9,そば処武蔵 小郡店,https://img.bokenjapan.com/media/ogori-dining-40000619.jpg,https://img.bokenjapan.com/media/ogori-dining-40039337.jpg,matched own listing photo
fukuoka/ogori,10,玄海鮨,https://img.bokenjapan.com/media/ogori-dining-40010722.jpg,https://img.bokenjapan.com/media/ogori-dining-40000619.jpg,matched own listing photo
fukuoka/ogori,11,睦ちゃんうどん,https://img.bokenjapan.com/media/ogori-dining-40010150.jpg,https://img.bokenjapan.com/media/ogori-dining-40010722.jpg,matched own listing photo
fukuoka/ogori,12,ニコ ショコラトリー,https://img.bokenjapan.com/media/ogori-dining-40041968.jpg,https://img.bokenjapan.com/media/ogori-dining-40010150.jpg,matched own listing photo
fukuoka/ogori,13,レーブ・ド・ベベ,https://img.bokenjapan.com/media/ogori-dining-40001098.jpg,https://img.bokenjapan.com/media/ogori-dining-40041968.jpg,matched own listing photo
fukuoka/ogori,14,天盛りうどん ゆうじ,https://img.bokenjapan.com/media/ogori-dining-40050837.jpg,https://img.bokenjapan.com/media/ogori-dining-40001098.jpg,matched own listing photo
fukuoka/ogori,15,薬師うどん,https://img.bokenjapan.com/media/ogori-dining-40062792.jpg,https://img.bokenjapan.com/media/ogori-dining-40050837.jpg,matched own listing photo
fukuoka/ogori,16,志波まんじゅう 小郡店,https://img.bokenjapan.com/media/ogori-dining-40003839.jpg,https://img.bokenjapan.com/media/ogori-dining-40062792.jpg,matched own listing photo
fukuoka/ogori,17,げんき亭,https://img.bokenjapan.com/media/ogori-dining-40003317.jpg,https://img.bokenjapan.com/media/ogori-dining-40003839.jpg,matched own listing photo
fukuoka/ogori,18,うどん　肉のうめぜん,https://img.bokenjapan.com/media/ogori-dining-40063283.jpg,https://img.bokenjapan.com/media/ogori-dining-40003317.jpg,matched own listing photo
fukuoka/ogori,19,グリルキング,https://img.bokenjapan.com/media/ogori-dining-40055571.jpg,https://img.bokenjapan.com/media/ogori-dining-40063283.jpg,matched own listing photo
fukuoka/ogori,22,クリーブラッツ 小郡店,https://img.bokenjapan.com/media/ogori-dining-40026416.jpg,,photo belonged to another card; no own photo found
fukuoka/ogori,23,繁ちゃん屋,https://img.bokenjapan.com/media/ogori-dining-40014360.jpg,https://img.bokenjapan.com/media/ogori-dining-40026416.jpg,matched own listing photo
fukuoka/ogori,24,小郡カンツリー倶楽部,https://img.bokenjapan.com/media/ogori-dining-40026779.jpg,https://img.bokenjapan.com/media/ogori-dining-40014360.jpg,matched own listing photo
fukuoka/ogori,25,本家 山賊鍋 久留米店,https://img.bokenjapan.com/media/ogori-dining-40002184.jpg,https://img.bokenjapan.com/media/ogori-dining-40026779.jpg,matched own listing photo
fukuoka/ogori,26,山うち 小郡店,https://img.bokenjapan.com/media/ogori-dining-40003313.jpg,https://img.bokenjapan.com/media/ogori-dining-40002184.jpg,matched own listing photo
fukuoka/ogori,27,さとう別荘,https://img.bokenjapan.com/media/ogori-dining-40003553.jpg,https://img.bokenjapan.com/media/ogori-dining-40003313.jpg,matched own listing photo
fukuoka/ogori,28,咲きうれ,https://img.bokenjapan.com/media/ogori-dining-40059513.jpg,https://img.bokenjapan.com/media/ogori-dining-40003553.jpg,matched own listing photo
fukuoka/ogori,29,アレス カフェ,https://img.bokenjapan.com/media/ogori-dining-40052367.jpg,https://img.bokenjapan.com/media/ogori-dining-40059513.jpg,matched own listing photo
fukuoka/ogori,30,粉kona屋,https://img.bokenjapan.com/media/ogori-dining-40017987.jpg,https://img.bokenjapan.com/media/ogori-dining-40052367.jpg,matched own listing photo
fukuoka/ogori,31,焼とり 気晴れ,https://img.bokenjapan.com/media/ogori-dining-40048831.jpg,https://img.bokenjapan.com/media/ogori-dining-40017987.jpg,matched own listing photo
fukuoka/ogori,32,遊食工房 茶花 小郡店,https://img.bokenjapan.com/media/ogori-dining-40036033.jpg,https://img.bokenjapan.com/media/ogori-dining-40048831.jpg,matched own listing photo
fukuoka/ogori,33,博多やき鳥 天匠,https://img.bokenjapan.com/media/ogori-dining-40052105.jpg,https://img.bokenjapan.com/media/ogori-dining-40036033.jpg,matched own listing photo
fukuoka/ogori,34,仄々ごはん,https://img.bokenjapan.com/media/ogori-dining-40061441.jpg,https://img.bokenjapan.com/media/ogori-dining-40052105.jpg,matched own listing photo
fukuoka/ogori,35,鄭家 コムタン,https://img.bokenjapan.com/media/ogori-dining-40032868.jpg,https://img.bokenjapan.com/media/ogori-dining-40061441.jpg,matched own listing photo
fukuoka/ogori,36,ばん鶏,https://img.bokenjapan.com/media/ogori-dining-40026009.jpg,https://img.bokenjapan.com/media/ogori-dining-40032868.jpg,matched own listing photo
fukuoka/ogori,37,御菓子処やかべ,https://img.bokenjapan.com/media/ogori-dining-40027141.jpg,https://img.bokenjapan.com/media/ogori-dining-40026009.jpg,matched own listing photo
fukuoka/ogori,38,ボンセン,https://img.bokenjapan.com/media/ogori-dining-40019195.jpg,https://img.bokenjapan.com/media/ogori-dining-40027141.jpg,matched own listing photo
fukuoka/ogori,39,龍宮,https://img.bokenjapan.com/media/ogori-dining-40003838.jpg,https://img.bokenjapan.com/media/ogori-dining-40019195.jpg,matched own listing photo
fukuoka/ogori,42,たこ焼き帝王 小郡店,https://img.bokenjapan.com/media/ogori-dining-40027862.jpg,,photo belonged to another card; no own photo found
fukuoka/ogori,43,カフェ Lacock,https://img.bokenjapan.com/media/ogori-dining-40063594.jpg,https://img.bokenjapan.com/media/ogori-dining-40027862.jpg,matched own listing photo
fukuoka/ogori,44,スコーン専門店 conne,https://img.bokenjapan.com/media/ogori-dining-40053033.jpg,https://img.bokenjapan.com/media/ogori-dining-40063594.jpg,matched own listing photo
fukuoka/ogori,45,Mt.エベレスト,https://img.bokenjapan.com/media/ogori-dining-40038130.jpg,https://img.bokenjapan.com/media/ogori-dining-40053033.jpg,matched own listing photo
fukuoka/ogori,46,山と串とワイン,https://img.bokenjapan.com/media/ogori-dining-40057149.jpg,https://img.bokenjapan.com/media/ogori-dining-40038130.jpg,matched own listing photo
fukuoka/ogori,47,COCON,https://img.bokenjapan.com/media/ogori-dining-40041177.jpg,https://img.bokenjapan.com/media/ogori-dining-40057149.jpg,matched own listing photo
fukuoka/ogori,48,すゝる,https://img.bokenjapan.com/media/ogori-dining-40073393.jpg,https://img.bokenjapan.com/media/ogori-dining-40041177.jpg,matched own listing photo
fukuoka/ogori,49,たこ焼き工房じゅん,https://img.bokenjapan.com/media/ogori-dining-40043559.jpg,https://img.bokenjapan.com/media/ogori-dining-40073393.jpg,matched own listing photo
fukuoka/ogori,50,千代,https://img.bokenjapan.com/media/ogori-dining-40061450.jpg,https://img.bokenjapan.com/media/ogori-dining-40043559.jpg,matched own listing photo
fukuoka/ogori,51,日本料理 縁,https://img.bokenjapan.com/media/ogori-dining-40065483.jpg,https://img.bokenjapan.com/media/ogori-dining-40061450.jpg,matched own listing photo
fukuoka/ogori,52,味秋吉,https://img.bokenjapan.com/media/ogori-dining-40018221.jpg,,photo belonged to another card; no own photo found
fukuoka/ogori,53,焼き鳥たいこう,https://img.bokenjapan.com/media/ogori-dining-40005394.jpg,https://img.bokenjapan.com/media/ogori-dining-40018221.jpg,matched own listing photo
fukuoka/ogori,54,コストコ 小郡倉庫店,https://img.bokenjapan.com/media/ogori-dining-40069029.jpg,https://img.bokenjapan.com/media/ogori-dining-40005394.jpg,matched own listing photo
fukuoka/ogori,55,モローコーヒー,https://img.bokenjapan.com/media/ogori-dining-40047521.jpg,https://img.bokenjapan.com/media/ogori-dining-40069029.jpg,matched own listing photo
fukuoka/ogori,56,バイブリーティールームズ,https://img.bokenjapan.com/media/ogori-dining-40055510.jpg,https://img.bokenjapan.com/media/ogori-dining-40047521.jpg,matched own listing photo
fukuoka/ogori,57,かけはし,https://img.bokenjapan.com/media/ogori-dining-40015658.jpg,https://img.bokenjapan.com/media/ogori-dining-40055510.jpg,matched own listing photo
fukuoka/ogori,58,良庵,https://img.bokenjapan.com/media/ogori-dining-40015730.jpg,https://img.bokenjapan.com/media/ogori-dining-40015658.jpg,matched own listing photo
fukuoka/ogori,62,ひら田,https://img.bokenjapan.com/media/ogori-dining-40010788.jpg,,photo belonged to another card; no own photo found
fukuoka/ogori,63,小郡の舞,https://img.bokenjapan.com/media/ogori-dining-40003785.jpg,https://img.bokenjapan.com/media/ogori-dining-40010788.jpg,matched own listing photo
fukuoka/ogori,64,AQUA DINING CAFE 瓢黎,https://img.bokenjapan.com/media/ogori-dining-40062364.jpg,https://img.bokenjapan.com/media/ogori-dining-40003785.jpg,matched own listing photo
fukuoka/ogori,65,ハッピー カレー ハウス,https://img.bokenjapan.com/media/ogori-dining-40039496.jpg,https://img.bokenjapan.com/media/ogori-dining-40062364.jpg,matched own listing photo
fukuoka/ogori,66,炭火焼肉えんや 小郡本店,https://img.bokenjapan.com/media/ogori-dining-40016798.jpg,https://img.bokenjapan.com/media/ogori-dining-40039496.jpg,matched own listing photo
fukuoka/ogori,67,白水,https://img.bokenjapan.com/media/ogori-dining-40010422.jpg,https://img.bokenjapan.com/media/ogori-dining-40016798.jpg,matched own listing photo
fukuoka/ogori,68,ガレット,https://img.bokenjapan.com/media/ogori-dining-40027142.jpg,https://img.bokenjapan.com/media/ogori-dining-40010422.jpg,matched own listing photo
fukuoka/ogori,69,BLUE MOON CAFE,https://img.bokenjapan.com/media/ogori-dining-40060781.jpg,https://img.bokenjapan.com/media/ogori-dining-40027142.jpg,matched own listing photo
fukuoka/ogori,70,ひだね 小郡店,https://img.bokenjapan.com/media/ogori-dining-40029009.jpg,https://img.bokenjapan.com/media/ogori-dining-40060781.jpg,matched own listing photo
fukuoka/ogori,71,樹はら,https://img.bokenjapan.com/media/ogori-dining-40036641.jpg,https://img.bokenjapan.com/media/ogori-dining-40029009.jpg,matched own listing photo
fukuoka/ogori,72,ベリー畑,https://img.bokenjapan.com/media/ogori-dining-40027216.jpg,https://img.bokenjapan.com/media/ogori-dining-40036641.jpg,matched own listing photo
fukuoka/ogori,73,どまぐれ,https://img.bokenjapan.com/media/ogori-dining-40046321.jpg,https://img.bokenjapan.com/media/ogori-dining-40027216.jpg,matched own listing photo
fukuoka/ogori,74,庄屋 イオン小郡店,https://img.bokenjapan.com/media/ogori-dining-40035839.jpg,https://img.bokenjapan.com/media/ogori-dining-40046321.jpg,matched own listing photo
fukuoka/ogori,75,ゆめ野,https://img.bokenjapan.com/media/ogori-dining-40022861.jpg,https://img.bokenjapan.com/media/ogori-dining-40035839.jpg,matched own listing photo
fukuoka/ogori,76,香春閣,https://img.bokenjapan.com/media/ogori-dining-40007295.jpg,https://img.bokenjapan.com/media/ogori-dining-40022861.jpg,matched own listing photo
fukuoka/ogori,77,焼とりのぼる亭,https://img.bokenjapan.com/media/ogori-dining-40018111.jpg,https://img.bokenjapan.com/media/ogori-dining-40007295.jpg,matched own listing photo
fukuoka/ogori,78,ととの台所,https://img.bokenjapan.com/media/ogori-dining-40046410.jpg,https://img.bokenjapan.com/media/ogori-dining-40018111.jpg,matched own listing photo
fukuoka/ogori,79,凜と咲く花  小郡店,https://img.bokenjapan.com/media/ogori-dining-40040189.jpg,https://img.bokenjapan.com/media/ogori-dining-40046410.jpg,matched own listing photo
fukuoka/ogori,82,Skip,https://img.bokenjapan.com/media/ogori-dining-40056686.jpg,,photo belonged to another card; no own photo found
fukuoka/ogori,83,三笠うどん 小郡店,https://img.bokenjapan.com/media/ogori-dining-40070538.jpg,https://img.bokenjapan.com/media/ogori-dining-40056686.jpg,matched own listing photo
fukuoka/ogori,84,天心園パン工房 panne 祇園店,https://img.bokenjapan.com/media/ogori-dining-40037591.jpg,https://img.bokenjapan.com/media/ogori-dining-40070538.jpg,matched own listing photo
fukuoka/ogori,85,やきがし屋R,https://img.bokenjapan.com/media/ogori-dining-40045251.jpg,https://img.bokenjapan.com/media/ogori-dining-40037591.jpg,matched own listing photo
fukuoka/ogori,86,SHHH COFFEE,https://img.bokenjapan.com/media/ogori-dining-40060797.jpg,https://img.bokenjapan.com/media/ogori-dining-40045251.jpg,matched own listing photo
fukuoka/ogori,87,旧松崎宿旅籠油屋カフェ,https://img.bokenjapan.com/media/ogori-dining-40072965.jpg,https://img.bokenjapan.com/media/ogori-dining-40060797.jpg,matched own listing photo
fukuoka/ogori,88,想夫恋 小郡店,https://img.bokenjapan.com/media/ogori-dining-40029959.jpg,https://img.bokenjapan.com/media/ogori-dining-40072965.jpg,matched own listing photo
fukuoka/ogori,89,あなぐらぁ―  小郡店,https://img.bokenjapan.com/media/ogori-dining-40033289.jpg,https://img.bokenjapan.com/media/ogori-dining-40029959.jpg,matched own listing photo
fukuoka/ogori,90,くまがえかしわ店,https://img.bokenjapan.com/media/ogori-dining-40030085.jpg,https://img.bokenjapan.com/media/ogori-dining-40033289.jpg,matched own listing photo
fukuoka/ogori,91,焼鳥太閤,https://img.bokenjapan.com/media/ogori-dining-40018220.jpg,https://img.bokenjapan.com/media/ogori-dining-40030085.jpg,matched own listing photo
fukuoka/ogori,92,御家路,https://img.bokenjapan.com/media/ogori-dining-40018287.jpg,https://img.bokenjapan.com/media/ogori-dining-40018220.jpg,matched own listing photo
fukuoka/ogori,93,コーヒー屋 ひろっち,https://img.bokenjapan.com/media/ogori-dining-40058457.jpg,https://img.bokenjapan.com/media/ogori-dining-40018287.jpg,matched own listing photo
fukuoka/ogori,94,献茶園,https://img.bokenjapan.com/media/ogori-dining-40035015.jpg,https://img.bokenjapan.com/media/ogori-dining-40058457.jpg,matched own listing photo
fukuoka/ogori,95,お好み酒蔵小郡,https://img.bokenjapan.com/media/ogori-dining-40050196.jpg,https://img.bokenjapan.com/media/ogori-dining-40035015.jpg,matched own listing photo
fukuoka/ogori,96,ムーンライト レストラン&バー,https://img.bokenjapan.com/media/ogori-dining-40044311.jpg,https://img.bokenjapan.com/media/ogori-dining-40050196.jpg,matched own listing photo
fukuoka/ogori,97,そうざい市場,https://img.bokenjapan.com/media/ogori-dining-40048007.jpg,https://img.bokenjapan.com/media/ogori-dining-40044311.jpg,matched own listing photo
fukuoka/ogori,98,ミッケ,https://img.bokenjapan.com/media/ogori-dining-40069964.jpg,https://img.bokenjapan.com/media/ogori-dining-40048007.jpg,matched own listing photo
fukuoka/ogori,99,珈琲のさくら,https://img.bokenjapan.com/media/ogori-dining-40069915.jpg,https://img.bokenjapan.com/media/ogori-dining-40069964.jpg,matched own listing photo
fukuoka/ogori,102,シアトルズベストコーヒー イオン小郡店,https://img.bokenjapan.com/media/ogori-dining-40045307.jpg,,photo belonged to another card; no own photo found
fukuoka/ogori,103,森山酒造,https://img.bokenjapan.com/media/ogori-dining-40042006.jpg,https://img.bokenjapan.com/media/ogori-dining-40045307.jpg,matched own listing photo
fukuoka/ogori,104,焼肉 こしき,https://img.bokenjapan.com/media/ogori-dining-40009651.jpg,https://img.bokenjapan.com/media/ogori-dining-40042006.jpg,matched own listing photo
fukuoka/ogori,105,お食事処 なごみ,https://img.bokenjapan.com/media/ogori-dining-40029845.jpg,https://img.bokenjapan.com/media/ogori-dining-40009651.jpg,matched own listing photo
fukuoka/ogori,106,餃子バル 弐と壱,https://img.bokenjapan.com/media/ogori-dining-40055362.jpg,https://img.bokenjapan.com/media/ogori-dining-40029845.jpg,matched own listing photo
fukuoka/ogori,107,串焼き ばってん,https://img.bokenjapan.com/media/ogori-dining-40067968.jpg,https://img.bokenjapan.com/media/ogori-dining-40055362.jpg,matched own listing photo
fukuoka/ogori,108,すし寅,https://img.bokenjapan.com/media/ogori-dining-40010544.jpg,https://img.bokenjapan.com/media/ogori-dining-40067968.jpg,matched own listing photo
fukuoka/ogori,109,輩,https://img.bokenjapan.com/media/ogori-dining-40017667.jpg,https://img.bokenjapan.com/media/ogori-dining-40010544.jpg,matched own listing photo
fukuoka/ogori,110,ザックベジタブル,https://img.bokenjapan.com/media/ogori-dining-40054365.jpg,https://img.bokenjapan.com/media/ogori-dining-40017667.jpg,matched own listing photo
fukuoka/ogori,111,ひので屋 小郡店,https://img.bokenjapan.com/media/ogori-dining-40060711.jpg,https://img.bokenjapan.com/media/ogori-dining-40054365.jpg,matched own listing photo
fukuoka/ogori,112,幸すし,https://img.bokenjapan.com/media/ogori-dining-40048405.jpg,https://img.bokenjapan.com/media/ogori-dining-40060711.jpg,matched own listing photo
fukuoka/ogori,113,語り処 絆,https://img.bokenjapan.com/media/ogori-dining-40005111.jpg,https://img.bokenjapan.com/media/ogori-dining-40048405.jpg,matched own listing photo
fukuoka/ogori,114,てしま,https://img.bokenjapan.com/media/ogori-dining-40018577.jpg,https://img.bokenjapan.com/media/ogori-dining-40005111.jpg,matched own listing photo
fukuoka/ogori,115,土cafeギャラリー,https://img.bokenjapan.com/media/ogori-dining-40039899.jpg,https://img.bokenjapan.com/media/ogori-dining-40018577.jpg,matched own listing photo
fukuoka/ogori,116,たたきの店 焔,https://img.bokenjapan.com/media/ogori-dining-40074169.jpg,https://img.bokenjapan.com/media/ogori-dining-40039899.jpg,matched own listing photo
fukuoka/ogori,117,BINH MINH QUAN,https://img.bokenjapan.com/media/ogori-dining-40062618.jpg,https://img.bokenjapan.com/media/ogori-dining-40074169.jpg,matched own listing photo
fukuoka/ogori,118,とびうめ,https://img.bokenjapan.com/media/ogori-dining-40010295.jpg,https://img.bokenjapan.com/media/ogori-dining-40062618.jpg,matched own listing photo
fukuoka/ogori,119,鎌倉パスタ イオンモール小郡ショッピングセンター店,https://img.bokenjapan.com/media/ogori-dining-40035461.jpg,https://img.bokenjapan.com/media/ogori-dining-40010295.jpg,matched own listing photo
fukuoka/ogori,122,わらび餅専門店 門藤 福岡小郡店,https://img.bokenjapan.com/media/ogori-dining-40061096.jpg,,photo belonged to another card; no own photo found
fukuoka/ogori,123,ジラソーレ 小郡,https://img.bokenjapan.com/media/ogori-dining-40036498.jpg,https://img.bokenjapan.com/media/ogori-dining-40061096.jpg,matched own listing photo
fukuoka/ogori,124,マクドナルド 小郡津古店,https://img.bokenjapan.com/media/ogori-dining-40060875.jpg,https://img.bokenjapan.com/media/ogori-dining-40036498.jpg,matched own listing photo
fukuoka/ogori,125,辛麺屋 輪 小郡店,https://img.bokenjapan.com/media/ogori-dining-40053334.jpg,https://img.bokenjapan.com/media/ogori-dining-40060875.jpg,matched own listing photo
fukuoka/ogori,126,クール クラブ バー,https://img.bokenjapan.com/media/ogori-dining-40000626.jpg,https://img.bokenjapan.com/media/ogori-dining-40053334.jpg,matched own listing photo
fukuoka/ogori,127,王子カレー イオン小郡店,https://img.bokenjapan.com/media/ogori-dining-40055764.jpg,https://img.bokenjapan.com/media/ogori-dining-40000626.jpg,matched own listing photo
fukuoka/ogori,128,JAみい直売所 めぐみの里,https://img.bokenjapan.com/media/ogori-dining-40025664.jpg,https://img.bokenjapan.com/media/ogori-dining-40055764.jpg,matched own listing photo
fukuoka/ogori,129,おちゃの舎 野の花,https://img.bokenjapan.com/media/ogori-dining-40020538.jpg,https://img.bokenjapan.com/media/ogori-dining-40025664.jpg,matched own listing photo
fukuoka/ogori,130,旬彩和家,https://img.bokenjapan.com/media/ogori-dining-40012451.jpg,https://img.bokenjapan.com/media/ogori-dining-40020538.jpg,matched own listing photo
fukuoka/ogori,131,ピザ・ペスカ・パッツォ,https://img.bokenjapan.com/media/ogori-dining-40045110.jpg,https://img.bokenjapan.com/media/ogori-dining-40012451.jpg,matched own listing photo
fukuoka/ogori,132,大保酒店,https://img.bokenjapan.com/media/ogori-dining-40042007.jpg,https://img.bokenjapan.com/media/ogori-dining-40045110.jpg,matched own listing photo
fukuoka/ogori,133,焼鳥もつ鍋英ちゃん,https://img.bokenjapan.com/media/ogori-dining-40018222.jpg,https://img.bokenjapan.com/media/ogori-dining-40042007.jpg,matched own listing photo
fukuoka/ogori,134,RoomCafe Mana,https://img.bokenjapan.com/media/ogori-dining-40060780.jpg,https://img.bokenjapan.com/media/ogori-dining-40018222.jpg,matched own listing photo
fukuoka/ogori,135,たい焼き福ちゃん,https://img.bokenjapan.com/media/ogori-dining-40029578.jpg,https://img.bokenjapan.com/media/ogori-dining-40060780.jpg,matched own listing photo
fukuoka/ogori,136,祥,https://img.bokenjapan.com/media/ogori-dining-40074474.jpg,https://img.bokenjapan.com/media/ogori-dining-40029578.jpg,matched own listing photo
fukuoka/ogori,137,るしゅ。,https://img.bokenjapan.com/media/ogori-dining-40071506.jpg,https://img.bokenjapan.com/media/ogori-dining-40074474.jpg,matched own listing photo
fukuoka/ogori,138,一樹一河,https://img.bokenjapan.com/media/ogori-dining-40034767.jpg,https://img.bokenjapan.com/media/ogori-dining-40071506.jpg,matched own listing photo
fukuoka/ogori,139,仏露料理ザハジーチェ,https://img.bokenjapan.com/media/ogori-dining-40072194.jpg,https://img.bokenjapan.com/media/ogori-dining-40034767.jpg,matched own listing photo
fukuoka/ogori,142,COTTON'S,https://img.bokenjapan.com/media/ogori-dining-40073018.jpg,,photo belonged to another card; no own photo found
fukuoka/ogori,143,カフェ&バー かしの樹,https://img.bokenjapan.com/media/ogori-dining-40064608.jpg,https://img.bokenjapan.com/media/ogori-dining-40073018.jpg,matched own listing photo
fukuoka/ogori,144,サブウェイ イオン小郡店,https://img.bokenjapan.com/media/ogori-dining-40035474.jpg,https://img.bokenjapan.com/media/ogori-dining-40064608.jpg,matched own listing photo
fukuoka/ogori,145,ケンタッキーフライドチキン イオン小郡店,https://img.bokenjapan.com/media/ogori-dining-40035421.jpg,https://img.bokenjapan.com/media/ogori-dining-40035474.jpg,matched own listing photo
fukuoka/ogori,146,パン工場 イオン小郡店,https://img.bokenjapan.com/media/ogori-dining-40035846.jpg,https://img.bokenjapan.com/media/ogori-dining-40035421.jpg,matched own listing photo
fukuoka/ogori,147,すき家 500号小郡店,https://img.bokenjapan.com/media/ogori-dining-40043534.jpg,https://img.bokenjapan.com/media/ogori-dining-40035846.jpg,matched own listing photo
fukuoka/ogori,148,長崎ちゃんぽん リンガーハット イオン小郡店,https://img.bokenjapan.com/media/ogori-dining-40045100.jpg,https://img.bokenjapan.com/media/ogori-dining-40043534.jpg,matched own listing photo
fukuoka/ogori,149,サーティワンアイスクリーム イオン小郡SC店,https://img.bokenjapan.com/media/ogori-dining-40035375.jpg,https://img.bokenjapan.com/media/ogori-dining-40045100.jpg,matched own listing photo
fukuoka/ogori,150,カタルのからあげ,https://img.bokenjapan.com/media/ogori-dining-40052846.jpg,https://img.bokenjapan.com/media/ogori-dining-40035375.jpg,matched own listing photo
fukuoka/ogori,151,ミスター ドーナツ イオン小郡ショップ,https://img.bokenjapan.com/media/ogori-dining-40055947.jpg,https://img.bokenjapan.com/media/ogori-dining-40052846.jpg,matched own listing photo
fukuoka/ogori,152,パリクロアッサン 美鈴の杜店,https://img.bokenjapan.com/media/ogori-dining-40045289.jpg,https://img.bokenjapan.com/media/ogori-dining-40055947.jpg,matched own listing photo
fukuoka/ogori,153,千鳥屋本家 イオン小郡店,https://img.bokenjapan.com/media/ogori-dining-40035845.jpg,https://img.bokenjapan.com/media/ogori-dining-40045289.jpg,matched own listing photo
fukuoka/ogori,154,ピザクック 小郡店,https://img.bokenjapan.com/media/ogori-dining-40031549.jpg,https://img.bokenjapan.com/media/ogori-dining-40035845.jpg,matched own listing photo
fukuoka/ogori,155,いしむら イオン小郡店,https://img.bokenjapan.com/media/ogori-dining-40059941.jpg,https://img.bokenjapan.com/media/ogori-dining-40031549.jpg,matched own listing photo
fukuoka/ogori,156,ひら川,https://img.bokenjapan.com/media/ogori-dining-40014593.jpg,https://img.bokenjapan.com/media/ogori-dining-40059941.jpg,matched own listing photo
fukuoka/ogori,157,きくや食堂,https://img.bokenjapan.com/media/ogori-dining-40014261.jpg,https://img.bokenjapan.com/media/ogori-dining-40014593.jpg,matched own listing photo
fukuoka/ogori,158,お茶の山口園 イオン小郡店,https://img.bokenjapan.com/media/ogori-dining-40052086.jpg,https://img.bokenjapan.com/media/ogori-dining-40014261.jpg,matched own listing photo
fukuoka/ogori,159,やきとり 88,https://img.bokenjapan.com/media/ogori-dining-40051395.jpg,https://img.bokenjapan.com/media/ogori-dining-40052086.jpg,matched own listing photo
fukuoka/ogori,161,あじ蔵,https://img.bokenjapan.com/media/ogori-dining-40003006.jpg,,photo belonged to another card; no own photo found
fukuoka/ogori,162,いこいの広場サチコ,https://img.bokenjapan.com/media/ogori-dining-40007382.jpg,https://img.bokenjapan.com/media/ogori-dining-40003006.jpg,matched own listing photo
fukuoka/ogori,163,北谷庵,https://img.bokenjapan.com/media/ogori-dining-40022391.jpg,https://img.bokenjapan.com/media/ogori-dining-40007382.jpg,matched own listing photo
fukuoka/ogori,164,LALI GURAS CARRY HAUSE,https://img.bokenjapan.com/media/ogori-dining-40062894.jpg,https://img.bokenjapan.com/media/ogori-dining-40022391.jpg,matched own listing photo
fukuoka/ogori,165,小さな店,https://img.bokenjapan.com/media/ogori-dining-40048307.jpg,https://img.bokenjapan.com/media/ogori-dining-40062894.jpg,matched own listing photo
fukuoka/ogori,166,大阪たこ焼き はかたこ  イオン小郡店,https://img.bokenjapan.com/media/ogori-dining-40051866.jpg,https://img.bokenjapan.com/media/ogori-dining-40048307.jpg,matched own listing photo
fukuoka/ogori,167,侑庵,https://img.bokenjapan.com/media/ogori-dining-40051179.jpg,https://img.bokenjapan.com/media/ogori-dining-40051866.jpg,matched own listing photo
fukuoka/ogori,168,フードボートカフェ&ビアードパパ 小郡店,https://img.bokenjapan.com/media/ogori-dining-40057257.jpg,https://img.bokenjapan.com/media/ogori-dining-40051179.jpg,matched own listing photo
fukuoka/ogori,169,たんぽぽ市場,https://img.bokenjapan.com/media/ogori-dining-40062136.jpg,https://img.bokenjapan.com/media/ogori-dining-40057257.jpg,matched own listing photo
fukuoka/ogori,170,Lou Lou neco,https://img.bokenjapan.com/media/ogori-dining-40067388.jpg,https://img.bokenjapan.com/media/ogori-dining-40062136.jpg,matched own listing photo
fukuoka/ogori,171,しあわせ食堂,https://img.bokenjapan.com/media/ogori-dining-40013009.jpg,https://img.bokenjapan.com/media/ogori-dining-40067388.jpg,matched own listing photo
fukuoka/ogori,172,華楽 小郡店,https://img.bokenjapan.com/media/ogori-dining-40055236.jpg,https://img.bokenjapan.com/media/ogori-dining-40013009.jpg,matched own listing photo
fukuoka/ogori,173,イドバタ炉ばた,https://img.bokenjapan.com/media/ogori-dining-40047579.jpg,https://img.bokenjapan.com/media/ogori-dining-40055236.jpg,matched own listing photo
fukuoka/ogori,174,食事処ひろ,https://img.bokenjapan.com/media/ogori-dining-40015307.jpg,https://img.bokenjapan.com/media/ogori-dining-40047579.jpg,matched own listing photo
fukuoka/ogori,175,博多とよ唐亭 小郡駅前店,https://img.bokenjapan.com/media/ogori-dining-40058456.jpg,https://img.bokenjapan.com/media/ogori-dining-40015307.jpg,matched own listing photo
fukuoka/ogori,176,ほっともっと 小郡三沢店,https://img.bokenjapan.com/media/ogori-dining-40040377.jpg,https://img.bokenjapan.com/media/ogori-dining-40058456.jpg,matched own listing photo
fukuoka/ogori,178,シフォンケーキのお店 さつき,https://img.bokenjapan.com/media/ogori-dining-40059784.jpg,,photo belonged to another card; no own photo found
fukuoka/ogori,179,Tokiiro,https://img.bokenjapan.com/media/ogori-dining-40063474.jpg,https://img.bokenjapan.com/media/ogori-dining-40059784.jpg,matched own listing photo
fukuoka/ogori,182,Zac Kitchen,https://img.bokenjapan.com/media/ogori-dining-40057124.jpg,https://img.bokenjapan.com/media/ogori-dining-40004585.jpg,matched own listing photo
fukuoka/ogori,183,セブンイレブン 三国が丘店,https://img.bokenjapan.com/media/ogori-dining-40056411.jpg,https://img.bokenjapan.com/media/ogori-dining-40057124.jpg,matched own listing photo
fukuoka/ogori,185,LAWSON 小郡市役所前,https://img.bokenjapan.com/media/ogori-dining-40056412.jpg,https://img.bokenjapan.com/media/ogori-dining-40056411.jpg,matched own listing photo
fukuoka/ogori,186,白木のいちご しあわせもん,https://img.bokenjapan.com/media/ogori-dining-40045117.jpg,https://img.bokenjapan.com/media/ogori-dining-40056412.jpg,matched own listing photo
fukuoka/ogori,187,おはな,https://img.bokenjapan.com/media/ogori-dining-40031644.jpg,https://img.bokenjapan.com/media/ogori-dining-40045117.jpg,matched own listing photo
fukuoka/ogori,188,Y's coffee,https://img.bokenjapan.com/media/ogori-dining-40068237.jpg,https://img.bokenjapan.com/media/ogori-dining-40031644.jpg,matched own listing photo
fukuoka/ogori,189,Patisserie Méli-Mélo,https://img.bokenjapan.com/media/ogori-dining-40071723.jpg,https://img.bokenjapan.com/media/ogori-dining-40068237.jpg,matched own listing photo
fukuoka/ogori,190,鉄板居酒屋 一,https://img.bokenjapan.com/media/ogori-dining-40043323.jpg,https://img.bokenjapan.com/media/ogori-dining-40071723.jpg,matched own listing photo
fukuoka/ogori,191,居酒屋 ふわり,https://img.bokenjapan.com/media/ogori-dining-40055907.jpg,https://img.bokenjapan.com/media/ogori-dining-40043323.jpg,matched own listing photo
fukuoka/ogori,192,スパイシー隼人,https://img.bokenjapan.com/media/ogori-dining-40071700.jpg,https://img.bokenjapan.com/media/ogori-dining-40055907.jpg,matched own listing photo
fukuoka/ogori,193,おはようむすび,https://img.bokenjapan.com/media/ogori-dining-40073712.jpg,https://img.bokenjapan.com/media/ogori-dining-40071700.jpg,matched own listing photo
fukuoka/ogori,194,酔鳥屋,https://img.bokenjapan.com/media/ogori-dining-40008650.jpg,https://img.bokenjapan.com/media/ogori-dining-40073712.jpg,matched own listing photo
fukuoka/ogori,195,レガネット 美鈴の杜,https://img.bokenjapan.com/media/ogori-dining-40061680.jpg,https://img.bokenjapan.com/media/ogori-dining-40008650.jpg,matched own listing photo
fukuoka/ogori,196,ファミリーマート 小郡力武店,https://img.bokenjapan.com/media/ogori-dining-40068104.jpg,https://img.bokenjapan.com/media/ogori-dining-40061680.jpg,matched own listing photo
fukuoka/ogori,197,志庵,https://img.bokenjapan.com/media/ogori-dining-40022164.jpg,https://img.bokenjapan.com/media/ogori-dining-40068104.jpg,matched own listing photo
fukuoka/ogori,198,喫茶マーガレット,https://img.bokenjapan.com/media/ogori-dining-40017535.jpg,https://img.bokenjapan.com/media/ogori-dining-40022164.jpg,matched own listing photo
fukuoka/ogori,199,マックスバリュ 小郡七夕通り店,https://img.bokenjapan.com/media/ogori-dining-40066983.jpg,https://img.bokenjapan.com/media/ogori-dining-40017535.jpg,matched own listing photo
fukuoka/ogori,202,野瀬鮮魚店,https://img.bokenjapan.com/media/ogori-dining-40067723.jpg,,photo belonged to another card; no own photo found
fukuoka/ogori,206,資門,https://img.bokenjapan.com/media/ogori-dining-40050511.jpg,https://img.bokenjapan.com/media/ogori-dining-40067723.jpg,matched own listing photo
fukuoka/ogori,207,Fucca,https://img.bokenjapan.com/media/ogori-dining-40072866.jpg,https://img.bokenjapan.com/media/ogori-dining-40050511.jpg,matched own listing photo
fukuoka/ogori,208,ともだち,https://img.bokenjapan.com/media/ogori-dining-40073435.jpg,https://img.bokenjapan.com/media/ogori-dining-40072866.jpg,matched own listing photo
fukuoka/ogori,212,わいわいファーム 小郡店,https://img.bokenjapan.com/media/ogori-dining-40068612.jpg,https://img.bokenjapan.com/media/ogori-dining-40073435.jpg,matched own listing photo
fukuoka/ogori,213,一心,https://img.bokenjapan.com/media/ogori-dining-40022166.jpg,https://img.bokenjapan.com/media/ogori-dining-40068612.jpg,matched own listing photo
fukuoka/ogori,214,ダイレックス 小郡店,https://img.bokenjapan.com/media/ogori-dining-40059672.jpg,https://img.bokenjapan.com/media/ogori-dining-40022166.jpg,matched own listing photo
fukuoka/ogori,215,ピザポケット 小郡店,https://img.bokenjapan.com/media/ogori-dining-40058249.jpg,https://img.bokenjapan.com/media/ogori-dining-40059672.jpg,matched own listing photo
fukuoka/ogori,216,生鮮&業務スーパー 小郡店,https://img.bokenjapan.com/media/ogori-dining-40072115.jpg,https://img.bokenjapan.com/media/ogori-dining-40058249.jpg,matched own listing photo
fukuoka/ogori,217,コバコ食堂,https://img.bokenjapan.com/media/ogori-dining-40056687.jpg,https://img.bokenjapan.com/media/ogori-dining-40072115.jpg,matched own listing photo
fukuoka/ogori,218,Mr Max 小郡店,https://img.bokenjapan.com/media/ogori-dining-40074799.jpg,https://img.bokenjapan.com/media/ogori-dining-40056687.jpg,matched own listing photo
fukuoka/ogori,221,壺焼き芋 しましゃん,https://img.bokenjapan.com/media/ogori-dining-40073628.jpg,,photo belonged to another card; no own photo found
fukuoka/ogori,225,炭処 山長,https://img.bokenjapan.com/media/ogori-dining-40043325.jpg,https://img.bokenjapan.com/media/ogori-dining-40073628.jpg,matched own listing photo
fukuoka/ogori,230,カラオケアメリカン,https://img.bokenjapan.com/media/ogori-dining-40047679.jpg,https://img.bokenjapan.com/media/ogori-dining-40043325.jpg,matched own listing photo
fukuoka/okagaki,2,海の見えるカウンター寿司 鮨屋台 岡垣総本店,https://img.bokenjapan.com/media/okagaki-dining-40000720.jpg,,photo belonged to another card; no own photo found
fukuoka/okagaki,3,チャンポンの店 松露,https://img.bokenjapan.com/media/okagaki-dining-40003452.jpg,https://img.bokenjapan.com/media/okagaki-dining-40000720.jpg,matched own listing photo
fukuoka/okagaki,4,えびつラーメン,https://img.bokenjapan.com/media/okagaki-dining-40009374.jpg,https://img.bokenjapan.com/media/okagaki-dining-40003452.jpg,matched own listing photo
fukuoka/okagaki,5,長浜ラーメン一撃,https://img.bokenjapan.com/media/okagaki-dining-40033742.jpg,https://img.bokenjapan.com/media/okagaki-dining-40009374.jpg,matched own listing photo
fukuoka/okagaki,6,野々庵,https://img.bokenjapan.com/media/okagaki-dining-40020675.jpg,,photo belonged to another card; no own photo found
fukuoka/okagaki,7,豚屋食堂 岡垣町店,https://img.bokenjapan.com/media/okagaki-dining-40065918.jpg,https://img.bokenjapan.com/media/okagaki-dining-40020675.jpg,matched own listing photo
fukuoka/okagaki,8,麦のキッチン,https://img.bokenjapan.com/media/okagaki-dining-40017902.jpg,https://img.bokenjapan.com/media/okagaki-dining-40065918.jpg,matched own listing photo
fukuoka/okagaki,9,新中華,https://img.bokenjapan.com/media/okagaki-dining-40050102.jpg,https://img.bokenjapan.com/media/okagaki-dining-40017902.jpg,matched own listing photo
fukuoka/okagaki,10,アリラン峠 岡垣店,https://img.bokenjapan.com/media/okagaki-dining-40023155.jpg,https://img.bokenjapan.com/media/okagaki-dining-40050102.jpg,matched own listing photo
fukuoka/okagaki,11,ハイデルベルグ,https://img.bokenjapan.com/media/okagaki-dining-40061651.jpg,https://img.bokenjapan.com/media/okagaki-dining-40023155.jpg,matched own listing photo
fukuoka/okagaki,12,ぶどうの樹,https://img.bokenjapan.com/media/okagaki-dining-40004507.jpg,https://img.bokenjapan.com/media/okagaki-dining-40061651.jpg,matched own listing photo
fukuoka/okagaki,13,チョップ キャンプ,https://img.bokenjapan.com/media/okagaki-dining-40053243.jpg,https://img.bokenjapan.com/media/okagaki-dining-40004507.jpg,matched own listing photo
fukuoka/okagaki,14,和食レストラン みよし,https://img.bokenjapan.com/media/okagaki-dining-40006824.jpg,https://img.bokenjapan.com/media/okagaki-dining-40053243.jpg,matched own listing photo
fukuoka/okagaki,15,岡垣食堂 本店,https://img.bokenjapan.com/media/okagaki-dining-40053754.jpg,https://img.bokenjapan.com/media/okagaki-dining-40006824.jpg,matched own listing photo
fukuoka/okagaki,16,TRATTORIA GIRASOLE,https://img.bokenjapan.com/media/okagaki-dining-40005097.jpg,https://img.bokenjapan.com/media/okagaki-dining-40053754.jpg,matched own listing photo
fukuoka/okagaki,17,ニュルブルクリンク,https://img.bokenjapan.com/media/okagaki-dining-40033491.jpg,https://img.bokenjapan.com/media/okagaki-dining-40005097.jpg,matched own listing photo
fukuoka/okagaki,18,福王食堂,https://img.bokenjapan.com/media/okagaki-dining-40060782.jpg,https://img.bokenjapan.com/media/okagaki-dining-40033491.jpg,matched own listing photo
fukuoka/okagaki,21,甘味茶屋 安久里,https://img.bokenjapan.com/media/okagaki-dining-40065472.jpg,,photo belonged to another card; no own photo found
fukuoka/okagaki,22,八幡屋,https://img.bokenjapan.com/media/okagaki-dining-40038344.jpg,https://img.bokenjapan.com/media/okagaki-dining-40065472.jpg,matched own listing photo
fukuoka/okagaki,23,カフェ エム＆エム,https://img.bokenjapan.com/media/okagaki-dining-40047886.jpg,https://img.bokenjapan.com/media/okagaki-dining-40038344.jpg,matched own listing photo
fukuoka/okagaki,24,お月さん,https://img.bokenjapan.com/media/okagaki-dining-40071353.jpg,https://img.bokenjapan.com/media/okagaki-dining-40047886.jpg,matched own listing photo
fukuoka/okagaki,26,森のレストラン,https://img.bokenjapan.com/media/okagaki-dining-40039141.jpg,,photo belonged to another card; no own photo found
fukuoka/okagaki,27,和の舎かりん,https://img.bokenjapan.com/media/okagaki-dining-40015372.jpg,https://img.bokenjapan.com/media/okagaki-dining-40039141.jpg,matched own listing photo
fukuoka/okagaki,28,おおしき,https://img.bokenjapan.com/media/okagaki-dining-40028761.jpg,https://img.bokenjapan.com/media/okagaki-dining-40015372.jpg,matched own listing photo
fukuoka/okagaki,29,炭火焼 海輪亭,https://img.bokenjapan.com/media/okagaki-dining-40065729.jpg,https://img.bokenjapan.com/media/okagaki-dining-40028761.jpg,matched own listing photo
fukuoka/okagaki,30,Cafe de GT.,https://img.bokenjapan.com/media/okagaki-dining-40061002.jpg,https://img.bokenjapan.com/media/okagaki-dining-40065729.jpg,matched own listing photo
fukuoka/okagaki,31,やこりんご,https://img.bokenjapan.com/media/okagaki-dining-40039935.jpg,https://img.bokenjapan.com/media/okagaki-dining-40061002.jpg,matched own listing photo
fukuoka/okagaki,32,和麺・桜,https://img.bokenjapan.com/media/okagaki-dining-40042929.jpg,https://img.bokenjapan.com/media/okagaki-dining-40039935.jpg,matched own listing photo
fukuoka/okagaki,33,赤村,https://img.bokenjapan.com/media/okagaki-dining-40010065.jpg,https://img.bokenjapan.com/media/okagaki-dining-40042929.jpg,matched own listing photo
fukuoka/okagaki,34,波止場茶店,https://img.bokenjapan.com/media/okagaki-dining-40047804.jpg,https://img.bokenjapan.com/media/okagaki-dining-40010065.jpg,matched own listing photo
fukuoka/okagaki,35,博多やきとり あばれん坊,https://img.bokenjapan.com/media/okagaki-dining-40043352.jpg,https://img.bokenjapan.com/media/okagaki-dining-40047804.jpg,matched own listing photo
fukuoka/okagaki,36,海老津珈琲店,https://img.bokenjapan.com/media/okagaki-dining-40069719.jpg,https://img.bokenjapan.com/media/okagaki-dining-40043352.jpg,matched own listing photo
fukuoka/okagaki,37,とねりこカフェ,https://img.bokenjapan.com/media/okagaki-dining-40064603.jpg,https://img.bokenjapan.com/media/okagaki-dining-40069719.jpg,matched own listing photo
fukuoka/okagaki,40,焼鳥大将,https://img.bokenjapan.com/media/okagaki-dining-40008884.jpg,,photo belonged to another card; no own photo found
fukuoka/okagaki,41,バッファロー,https://img.bokenjapan.com/media/okagaki-dining-40038713.jpg,https://img.bokenjapan.com/media/okagaki-dining-40008884.jpg,matched own listing photo
fukuoka/okagaki,42,博多地どり　市右ヱ門  福岡本店,https://img.bokenjapan.com/media/okagaki-dining-40020283.jpg,https://img.bokenjapan.com/media/okagaki-dining-40038713.jpg,matched own listing photo
fukuoka/okagaki,43,岡垣いちご食堂,https://img.bokenjapan.com/media/okagaki-dining-40016936.jpg,https://img.bokenjapan.com/media/okagaki-dining-40020283.jpg,matched own listing photo
fukuoka/okagaki,44,楽,https://img.bokenjapan.com/media/okagaki-dining-40020832.jpg,https://img.bokenjapan.com/media/okagaki-dining-40016936.jpg,matched own listing photo
fukuoka/okagaki,45,香港茶餐廰,https://img.bokenjapan.com/media/okagaki-dining-40061378.jpg,https://img.bokenjapan.com/media/okagaki-dining-40020832.jpg,matched own listing photo
fukuoka/okagaki,46,なごや,https://img.bokenjapan.com/media/okagaki-dining-40041909.jpg,https://img.bokenjapan.com/media/okagaki-dining-40061378.jpg,matched own listing photo
fukuoka/okagaki,47,hiroro,https://img.bokenjapan.com/media/okagaki-dining-40072324.jpg,https://img.bokenjapan.com/media/okagaki-dining-40041909.jpg,matched own listing photo
fukuoka/okagaki,48,PENELOPE,https://img.bokenjapan.com/media/okagaki-dining-40071730.jpg,https://img.bokenjapan.com/media/okagaki-dining-40072324.jpg,matched own listing photo
fukuoka/okagaki,49,食彩々海への道,https://img.bokenjapan.com/media/okagaki-dining-40020316.jpg,https://img.bokenjapan.com/media/okagaki-dining-40071730.jpg,matched own listing photo
fukuoka/okagaki,50,土竜,https://img.bokenjapan.com/media/okagaki-dining-40038723.jpg,https://img.bokenjapan.com/media/okagaki-dining-40020316.jpg,matched own listing photo
fukuoka/okagaki,51,そば処一九庵,https://img.bokenjapan.com/media/okagaki-dining-40024413.jpg,https://img.bokenjapan.com/media/okagaki-dining-40038723.jpg,matched own listing photo
fukuoka/okagaki,52,朧,https://img.bokenjapan.com/media/okagaki-dining-40038700.jpg,https://img.bokenjapan.com/media/okagaki-dining-40024413.jpg,matched own listing photo
fukuoka/okagaki,53,Mick DOUGHNUTS,https://img.bokenjapan.com/media/okagaki-dining-40068526.jpg,https://img.bokenjapan.com/media/okagaki-dining-40038700.jpg,matched own listing photo
fukuoka/okagaki,54,The Narrow Garden,https://img.bokenjapan.com/media/okagaki-dining-40067425.jpg,https://img.bokenjapan.com/media/okagaki-dining-40068526.jpg,matched own listing photo
fukuoka/okagaki,55,東筑軒 海老津うどん店,https://img.bokenjapan.com/media/okagaki-dining-40040302.jpg,https://img.bokenjapan.com/media/okagaki-dining-40067425.jpg,matched own listing photo
fukuoka/okagaki,56,地鶏食堂 岡垣店,https://img.bokenjapan.com/media/okagaki-dining-40043405.jpg,https://img.bokenjapan.com/media/okagaki-dining-40040302.jpg,matched own listing photo
fukuoka/okagaki,60,ラーメン ばさらか 岡垣店,https://img.bokenjapan.com/media/okagaki-dining-40005649.jpg,,photo belonged to another card; no own photo found
fukuoka/okagaki,61,Rad Standard,https://img.bokenjapan.com/media/okagaki-dining-40064253.jpg,https://img.bokenjapan.com/media/okagaki-dining-40005649.jpg,matched own listing photo
fukuoka/okagaki,62,満海酒店,https://img.bokenjapan.com/media/okagaki-dining-40040948.jpg,https://img.bokenjapan.com/media/okagaki-dining-40064253.jpg,matched own listing photo
fukuoka/okagaki,63,中央軒 本店,https://img.bokenjapan.com/media/okagaki-dining-40067845.jpg,https://img.bokenjapan.com/media/okagaki-dining-40040948.jpg,matched own listing photo
fukuoka/okagaki,64,らーめん酒ば まんしゅう軒,https://img.bokenjapan.com/media/okagaki-dining-40067960.jpg,https://img.bokenjapan.com/media/okagaki-dining-40067845.jpg,matched own listing photo
fukuoka/okagaki,65,エアーロウかふぇ,https://img.bokenjapan.com/media/okagaki-dining-40061851.jpg,https://img.bokenjapan.com/media/okagaki-dining-40067960.jpg,matched own listing photo
fukuoka/okagaki,66,Rider's Cafe Route 2244,https://img.bokenjapan.com/media/okagaki-dining-40068368.jpg,https://img.bokenjapan.com/media/okagaki-dining-40061851.jpg,matched own listing photo
fukuoka/okagaki,67,パン工房　コロン,https://img.bokenjapan.com/media/okagaki-dining-40069740.jpg,https://img.bokenjapan.com/media/okagaki-dining-40068368.jpg,matched own listing photo
fukuoka/okagaki,68,岡垣町観光ステーション 北斗七星,https://img.bokenjapan.com/media/okagaki-dining-40074021.jpg,https://img.bokenjapan.com/media/okagaki-dining-40069740.jpg,matched own listing photo
fukuoka/okagaki,69,ぶどうの樹のワイナリーショップ,https://img.bokenjapan.com/media/okagaki-dining-40074510.jpg,https://img.bokenjapan.com/media/okagaki-dining-40074021.jpg,matched own listing photo
fukuoka/okagaki,70,実家CLUTCH,https://img.bokenjapan.com/media/okagaki-dining-40071454.jpg,https://img.bokenjapan.com/media/okagaki-dining-40074510.jpg,matched own listing photo
fukuoka/okagaki,71,スシロー 遠賀岡垣店,https://img.bokenjapan.com/media/okagaki-dining-40050740.jpg,https://img.bokenjapan.com/media/okagaki-dining-40071454.jpg,matched own listing photo
fukuoka/okagaki,72,マクドナルド 3号線岡垣店,https://img.bokenjapan.com/media/okagaki-dining-40059397.jpg,https://img.bokenjapan.com/media/okagaki-dining-40050740.jpg,matched own listing photo
fukuoka/okagaki,73,すき家  3号岡垣店,https://img.bokenjapan.com/media/okagaki-dining-40064826.jpg,https://img.bokenjapan.com/media/okagaki-dining-40059397.jpg,matched own listing photo
fukuoka/okagaki,75,なの花 岡垣店,https://img.bokenjapan.com/media/okagaki-dining-40043230.jpg,https://img.bokenjapan.com/media/okagaki-dining-40064826.jpg,matched own listing photo
fukuoka/okagaki,76,おかず工房　一善や,https://img.bokenjapan.com/media/okagaki-dining-40031121.jpg,https://img.bokenjapan.com/media/okagaki-dining-40043230.jpg,matched own listing photo
fukuoka/okagaki,77,ゆかいな果樹園,https://img.bokenjapan.com/media/okagaki-dining-40047563.jpg,https://img.bokenjapan.com/media/okagaki-dining-40031121.jpg,matched own listing photo
fukuoka/okagaki,80,モスバーガー 福岡岡垣店,https://img.bokenjapan.com/media/okagaki-dining-40044642.jpg,,photo belonged to another card; no own photo found
fukuoka/okagaki,81,居酒屋 上瀧,https://img.bokenjapan.com/media/okagaki-dining-40064509.jpg,https://img.bokenjapan.com/media/okagaki-dining-40044642.jpg,matched own listing photo
fukuoka/okagaki,82,Atelier＆Live千樹音,https://img.bokenjapan.com/media/okagaki-dining-40072057.jpg,https://img.bokenjapan.com/media/okagaki-dining-40064509.jpg,matched own listing photo
fukuoka/okagaki,83,千鳥屋本家 イオン岡垣店,https://img.bokenjapan.com/media/okagaki-dining-40059685.jpg,https://img.bokenjapan.com/media/okagaki-dining-40072057.jpg,matched own listing photo
fukuoka/okagaki,84,ぶどうの樹のワイナリーショップ,https://img.bokenjapan.com/media/okagaki-dining-40063270.jpg,https://img.bokenjapan.com/media/okagaki-dining-40059685.jpg,matched own listing photo
fukuoka/okagaki,85,もくもく,https://img.bokenjapan.com/media/okagaki-dining-40061693.jpg,https://img.bokenjapan.com/media/okagaki-dining-40063270.jpg,matched own listing photo
fukuoka/okagaki,86,パン工場 岡垣店,https://img.bokenjapan.com/media/okagaki-dining-40028955.jpg,https://img.bokenjapan.com/media/okagaki-dining-40061693.jpg,matched own listing photo
fukuoka/okagaki,87,串カツ屋,https://img.bokenjapan.com/media/okagaki-dining-40064387.jpg,https://img.bokenjapan.com/media/okagaki-dining-40028955.jpg,matched own listing photo
fukuoka/okagaki,88,セブンイレブン 岡垣山田店,https://img.bokenjapan.com/media/okagaki-dining-40052707.jpg,https://img.bokenjapan.com/media/okagaki-dining-40064387.jpg,matched own listing photo
fukuoka/okagaki,89,とんぼ,https://img.bokenjapan.com/media/okagaki-dining-40022774.jpg,https://img.bokenjapan.com/media/okagaki-dining-40052707.jpg,matched own listing photo
fukuoka/okagaki,91,さつま鳥,https://img.bokenjapan.com/media/okagaki-dining-40007477.jpg,https://img.bokenjapan.com/media/okagaki-dining-40022774.jpg,matched own listing photo
fukuoka/okagaki,99,よっちゃん,https://img.bokenjapan.com/media/okagaki-dining-40008883.jpg,,photo belonged to another card; no own photo found
fukuoka/okagaki,102,バリたこ,https://img.bokenjapan.com/media/okagaki-dining-40025562.jpg,https://img.bokenjapan.com/media/okagaki-dining-40008883.jpg,matched own listing photo
fukuoka/okawashi,2,富龍らーめん,https://img.bokenjapan.com/media/okawashi-dining-40009247.jpg,,photo belonged to another card; no own photo found
fukuoka/okawashi,3,本吉屋 大川店,https://img.bokenjapan.com/media/okawashi-dining-40016772.jpg,https://img.bokenjapan.com/media/okawashi-dining-40009247.jpg,matched own listing photo
fukuoka/okawashi,4,七九軒,https://img.bokenjapan.com/media/okawashi-dining-40009244.jpg,https://img.bokenjapan.com/media/okawashi-dining-40016772.jpg,matched own listing photo
fukuoka/okawashi,5,浜松屋,https://img.bokenjapan.com/media/okawashi-dining-40015574.jpg,https://img.bokenjapan.com/media/okawashi-dining-40009244.jpg,matched own listing photo
fukuoka/okawashi,6,焼肉森山 大川店,https://img.bokenjapan.com/media/okawashi-dining-40037119.jpg,https://img.bokenjapan.com/media/okawashi-dining-40015574.jpg,matched own listing photo
fukuoka/okawashi,7,パンダ亭,https://img.bokenjapan.com/media/okawashi-dining-40045840.jpg,https://img.bokenjapan.com/media/okawashi-dining-40037119.jpg,matched own listing photo
fukuoka/okawashi,8,ぱすたろう Okawa,https://img.bokenjapan.com/media/okawashi-dining-40060193.jpg,https://img.bokenjapan.com/media/okawashi-dining-40045840.jpg,matched own listing photo
fukuoka/okawashi,9,煌龍,https://img.bokenjapan.com/media/okawashi-dining-40066482.jpg,https://img.bokenjapan.com/media/okawashi-dining-40060193.jpg,matched own listing photo
fukuoka/okawashi,10,庄屋,https://img.bokenjapan.com/media/okawashi-dining-40016113.jpg,https://img.bokenjapan.com/media/okawashi-dining-40066482.jpg,matched own listing photo
fukuoka/okawashi,11,マル幸ラーメン,https://img.bokenjapan.com/media/okawashi-dining-40026245.jpg,https://img.bokenjapan.com/media/okawashi-dining-40016113.jpg,matched own listing photo
fukuoka/okawashi,12,酒菜 ゆずとこめ,https://img.bokenjapan.com/media/okawashi-dining-40064632.jpg,https://img.bokenjapan.com/media/okawashi-dining-40026245.jpg,matched own listing photo
fukuoka/okawashi,13,あずみうどん	 大川店,https://img.bokenjapan.com/media/okawashi-dining-40006543.jpg,https://img.bokenjapan.com/media/okawashi-dining-40064632.jpg,matched own listing photo
fukuoka/okawashi,14,パリ・モンスリー,https://img.bokenjapan.com/media/okawashi-dining-40027278.jpg,https://img.bokenjapan.com/media/okawashi-dining-40006543.jpg,matched own listing photo
fukuoka/okawashi,15,博多鉄板焼 MUGEN,https://img.bokenjapan.com/media/okawashi-dining-40061509.jpg,https://img.bokenjapan.com/media/okawashi-dining-40027278.jpg,matched own listing photo
fukuoka/okawashi,16,肴トさかな つじすま,https://img.bokenjapan.com/media/okawashi-dining-40066215.jpg,https://img.bokenjapan.com/media/okawashi-dining-40061509.jpg,matched own listing photo
fukuoka/okawashi,17,華さん食堂 大川店,https://img.bokenjapan.com/media/okawashi-dining-40022910.jpg,https://img.bokenjapan.com/media/okawashi-dining-40066215.jpg,matched own listing photo
fukuoka/okawashi,18,鮨川,https://img.bokenjapan.com/media/okawashi-dining-40025594.jpg,https://img.bokenjapan.com/media/okawashi-dining-40022910.jpg,matched own listing photo
fukuoka/okawashi,19,料亭・旅館　三川屋,https://img.bokenjapan.com/media/okawashi-dining-40019478.jpg,https://img.bokenjapan.com/media/okawashi-dining-40025594.jpg,matched own listing photo
fukuoka/okawashi,22,リストランテショウブン,https://img.bokenjapan.com/media/okawashi-dining-40033834.jpg,,photo belonged to another card; no own photo found
fukuoka/okawashi,23,カフェ コロイコ,https://img.bokenjapan.com/media/okawashi-dining-40052016.jpg,https://img.bokenjapan.com/media/okawashi-dining-40033834.jpg,matched own listing photo
fukuoka/okawashi,24,OASIS CAFE,https://img.bokenjapan.com/media/okawashi-dining-40068490.jpg,https://img.bokenjapan.com/media/okawashi-dining-40052016.jpg,matched own listing photo
fukuoka/okawashi,25,酒膳 松乃,https://img.bokenjapan.com/media/okawashi-dining-40010385.jpg,https://img.bokenjapan.com/media/okawashi-dining-40068490.jpg,matched own listing photo
fukuoka/okawashi,26,船頭寿司,https://img.bokenjapan.com/media/okawashi-dining-40026850.jpg,https://img.bokenjapan.com/media/okawashi-dining-40010385.jpg,matched own listing photo
fukuoka/okawashi,27,唐揚げ 大将,https://img.bokenjapan.com/media/okawashi-dining-40037448.jpg,https://img.bokenjapan.com/media/okawashi-dining-40026850.jpg,matched own listing photo
fukuoka/okawashi,28,65touch,https://img.bokenjapan.com/media/okawashi-dining-40020948.jpg,https://img.bokenjapan.com/media/okawashi-dining-40037448.jpg,matched own listing photo
fukuoka/okawashi,29,大川温泉,https://img.bokenjapan.com/media/okawashi-dining-40036803.jpg,https://img.bokenjapan.com/media/okawashi-dining-40020948.jpg,matched own listing photo
fukuoka/okawashi,30,パフェ屋 そらり 大川店,https://img.bokenjapan.com/media/okawashi-dining-40053384.jpg,https://img.bokenjapan.com/media/okawashi-dining-40036803.jpg,matched own listing photo
fukuoka/okawashi,31,新美勢本店,https://img.bokenjapan.com/media/okawashi-dining-40029819.jpg,https://img.bokenjapan.com/media/okawashi-dining-40053384.jpg,matched own listing photo
fukuoka/okawashi,32,ニド カフェ,https://img.bokenjapan.com/media/okawashi-dining-40026831.jpg,https://img.bokenjapan.com/media/okawashi-dining-40029819.jpg,matched own listing photo
fukuoka/okawashi,33,ダイニングストーブ,https://img.bokenjapan.com/media/okawashi-dining-40045714.jpg,https://img.bokenjapan.com/media/okawashi-dining-40026831.jpg,matched own listing photo
fukuoka/okawashi,34,セントラルホテル大川,https://img.bokenjapan.com/media/okawashi-dining-40033532.jpg,,photo belonged to another card; no own photo found
fukuoka/okawashi,35,幸陽軒,https://img.bokenjapan.com/media/okawashi-dining-40028796.jpg,https://img.bokenjapan.com/media/okawashi-dining-40033532.jpg,matched own listing photo
fukuoka/okawashi,36,福喜 本店,https://img.bokenjapan.com/media/okawashi-dining-40029823.jpg,https://img.bokenjapan.com/media/okawashi-dining-40028796.jpg,matched own listing photo
fukuoka/okawashi,37,天風堂 大川店,https://img.bokenjapan.com/media/okawashi-dining-40023478.jpg,https://img.bokenjapan.com/media/okawashi-dining-40029823.jpg,matched own listing photo
fukuoka/okawashi,38,長浜ラーメン,https://img.bokenjapan.com/media/okawashi-dining-40058577.jpg,https://img.bokenjapan.com/media/okawashi-dining-40023478.jpg,matched own listing photo
fukuoka/okawashi,41,禮,https://img.bokenjapan.com/media/okawashi-dining-40071886.jpg,,photo belonged to another card; no own photo found
fukuoka/okawashi,42,ペディメント,https://img.bokenjapan.com/media/okawashi-dining-40026130.jpg,https://img.bokenjapan.com/media/okawashi-dining-40071886.jpg,matched own listing photo
fukuoka/okawashi,43,さつまラーメン 大川店,https://img.bokenjapan.com/media/okawashi-dining-40038303.jpg,https://img.bokenjapan.com/media/okawashi-dining-40026130.jpg,matched own listing photo
fukuoka/okawashi,44,はつ美寿し,https://img.bokenjapan.com/media/okawashi-dining-40010575.jpg,https://img.bokenjapan.com/media/okawashi-dining-40038303.jpg,matched own listing photo
fukuoka/okawashi,45,ボン・ガトー,https://img.bokenjapan.com/media/okawashi-dining-40036056.jpg,https://img.bokenjapan.com/media/okawashi-dining-40010575.jpg,matched own listing photo
fukuoka/okawashi,46,オオカワテラッツァ,https://img.bokenjapan.com/media/okawashi-dining-40048572.jpg,https://img.bokenjapan.com/media/okawashi-dining-40036056.jpg,matched own listing photo
fukuoka/okawashi,47,もとくら庄屋 大川店,https://img.bokenjapan.com/media/okawashi-dining-40038345.jpg,https://img.bokenjapan.com/media/okawashi-dining-40048572.jpg,matched own listing photo
fukuoka/okawashi,48,酒城 ばっかす,https://img.bokenjapan.com/media/okawashi-dining-40071219.jpg,https://img.bokenjapan.com/media/okawashi-dining-40038345.jpg,matched own listing photo
fukuoka/okawashi,49,皕,https://img.bokenjapan.com/media/okawashi-dining-40070358.jpg,https://img.bokenjapan.com/media/okawashi-dining-40071219.jpg,matched own listing photo
fukuoka/okawashi,50,SUNBRIDGE,https://img.bokenjapan.com/media/okawashi-dining-40071363.jpg,https://img.bokenjapan.com/media/okawashi-dining-40070358.jpg,matched own listing photo
fukuoka/okawashi,51,炭火焼肉 しちりん園,https://img.bokenjapan.com/media/okawashi-dining-40029474.jpg,https://img.bokenjapan.com/media/okawashi-dining-40071363.jpg,matched own listing photo
fukuoka/okawashi,52,ぎょうざ専門 中国屋,https://img.bokenjapan.com/media/okawashi-dining-40046757.jpg,https://img.bokenjapan.com/media/okawashi-dining-40029474.jpg,matched own listing photo
fukuoka/okawashi,53,若竹,https://img.bokenjapan.com/media/okawashi-dining-40048064.jpg,https://img.bokenjapan.com/media/okawashi-dining-40046757.jpg,matched own listing photo
fukuoka/okawashi,54,BACK YARD COFFEE,https://img.bokenjapan.com/media/okawashi-dining-40023686.jpg,https://img.bokenjapan.com/media/okawashi-dining-40048064.jpg,matched own listing photo
fukuoka/okawashi,55,手づくりパン工房 Serio 大川店,https://img.bokenjapan.com/media/okawashi-dining-40042418.jpg,https://img.bokenjapan.com/media/okawashi-dining-40023686.jpg,matched own listing photo
fukuoka/okawashi,56,福喜 別館,https://img.bokenjapan.com/media/okawashi-dining-40028772.jpg,https://img.bokenjapan.com/media/okawashi-dining-40042418.jpg,matched own listing photo
fukuoka/okawashi,57,馳走 旭松,https://img.bokenjapan.com/media/okawashi-dining-40046318.jpg,https://img.bokenjapan.com/media/okawashi-dining-40028772.jpg,matched own listing photo
fukuoka/okawashi,58,がらんの,https://img.bokenjapan.com/media/okawashi-dining-40067510.jpg,https://img.bokenjapan.com/media/okawashi-dining-40046318.jpg,matched own listing photo
fukuoka/okawashi,61,caferob 大川店,https://img.bokenjapan.com/media/okawashi-dining-40070739.jpg,,photo belonged to another card; no own photo found
fukuoka/okawashi,62,ウエスト 大川店,https://img.bokenjapan.com/media/okawashi-dining-40023233.jpg,https://img.bokenjapan.com/media/okawashi-dining-40070739.jpg,matched own listing photo
fukuoka/okawashi,63,お食事処 龍八,https://img.bokenjapan.com/media/okawashi-dining-40027463.jpg,https://img.bokenjapan.com/media/okawashi-dining-40023233.jpg,matched own listing photo
fukuoka/okawashi,64,多なか,https://img.bokenjapan.com/media/okawashi-dining-40054687.jpg,https://img.bokenjapan.com/media/okawashi-dining-40027463.jpg,matched own listing photo
fukuoka/okawashi,65,マクシマン,https://img.bokenjapan.com/media/okawashi-dining-40021790.jpg,https://img.bokenjapan.com/media/okawashi-dining-40054687.jpg,matched own listing photo
fukuoka/okawashi,66,あだち珈琲,https://img.bokenjapan.com/media/okawashi-dining-40003208.jpg,https://img.bokenjapan.com/media/okawashi-dining-40021790.jpg,matched own listing photo
fukuoka/okawashi,67,まさ割烹,https://img.bokenjapan.com/media/okawashi-dining-40010305.jpg,https://img.bokenjapan.com/media/okawashi-dining-40003208.jpg,matched own listing photo
fukuoka/okawashi,68,串ともも焼き まぼ家,https://img.bokenjapan.com/media/okawashi-dining-40050179.jpg,https://img.bokenjapan.com/media/okawashi-dining-40010305.jpg,matched own listing photo
fukuoka/okawashi,69,居酒屋銀杏,https://img.bokenjapan.com/media/okawashi-dining-40008615.jpg,https://img.bokenjapan.com/media/okawashi-dining-40050179.jpg,matched own listing photo
fukuoka/okawashi,70,みそや仁房,https://img.bokenjapan.com/media/okawashi-dining-40048102.jpg,https://img.bokenjapan.com/media/okawashi-dining-40008615.jpg,matched own listing photo
fukuoka/okawashi,71,とり富士,https://img.bokenjapan.com/media/okawashi-dining-40007597.jpg,,photo belonged to another card; no own photo found
fukuoka/okawashi,72,炭火焼肉つぼ家,https://img.bokenjapan.com/media/okawashi-dining-40026057.jpg,https://img.bokenjapan.com/media/okawashi-dining-40007597.jpg,matched own listing photo
fukuoka/okawashi,73,カフェゑん,https://img.bokenjapan.com/media/okawashi-dining-40051478.jpg,https://img.bokenjapan.com/media/okawashi-dining-40026057.jpg,matched own listing photo
fukuoka/okawashi,74,たこやき ジャンボ 大川店,https://img.bokenjapan.com/media/okawashi-dining-40029820.jpg,https://img.bokenjapan.com/media/okawashi-dining-40051478.jpg,matched own listing photo
fukuoka/okawashi,75,満洲屋,https://img.bokenjapan.com/media/okawashi-dining-40057019.jpg,https://img.bokenjapan.com/media/okawashi-dining-40029820.jpg,matched own listing photo
fukuoka/okawashi,76,和心洋風レストランさんすい亭,https://img.bokenjapan.com/media/okawashi-dining-40051476.jpg,https://img.bokenjapan.com/media/okawashi-dining-40057019.jpg,matched own listing photo
fukuoka/okawashi,77,うさぎの穴,https://img.bokenjapan.com/media/okawashi-dining-40049657.jpg,https://img.bokenjapan.com/media/okawashi-dining-40051476.jpg,matched own listing photo
fukuoka/okawashi,78,玉寿司,https://img.bokenjapan.com/media/okawashi-dining-40029821.jpg,https://img.bokenjapan.com/media/okawashi-dining-40049657.jpg,matched own listing photo
fukuoka/okawashi,81,Restaurant Bar cru,https://img.bokenjapan.com/media/okawashi-dining-40016114.jpg,,photo belonged to another card; no own photo found
fukuoka/okawashi,82,蕎麦と豚 なかむら,https://img.bokenjapan.com/media/okawashi-dining-40073646.jpg,https://img.bokenjapan.com/media/okawashi-dining-40016114.jpg,matched own listing photo
fukuoka/okawashi,83,焼肉 ホルモン ぎゅうな,https://img.bokenjapan.com/media/okawashi-dining-40061183.jpg,https://img.bokenjapan.com/media/okawashi-dining-40073646.jpg,matched own listing photo
fukuoka/okawashi,84,ダイニングカフェ＆バー オリーブ,https://img.bokenjapan.com/media/okawashi-dining-40064587.jpg,https://img.bokenjapan.com/media/okawashi-dining-40061183.jpg,matched own listing photo
fukuoka/okawashi,85,KŌBA食堂ご縁,https://img.bokenjapan.com/media/okawashi-dining-40071864.jpg,https://img.bokenjapan.com/media/okawashi-dining-40064587.jpg,matched own listing photo
fukuoka/okawashi,86,たぬき食堂,https://img.bokenjapan.com/media/okawashi-dining-40070817.jpg,https://img.bokenjapan.com/media/okawashi-dining-40071864.jpg,matched own listing photo
fukuoka/okawashi,87,酒楽庵 鮮味,https://img.bokenjapan.com/media/okawashi-dining-40073593.jpg,https://img.bokenjapan.com/media/okawashi-dining-40070817.jpg,matched own listing photo
fukuoka/okawashi,88,リンガーハット 福岡大川店,https://img.bokenjapan.com/media/okawashi-dining-40026752.jpg,https://img.bokenjapan.com/media/okawashi-dining-40073593.jpg,matched own listing photo
fukuoka/okawashi,89,志岐蒲鉾本店 中央店,https://img.bokenjapan.com/media/okawashi-dining-40044545.jpg,https://img.bokenjapan.com/media/okawashi-dining-40026752.jpg,matched own listing photo
fukuoka/okawashi,90,ジョイフル 福岡大川店,https://img.bokenjapan.com/media/okawashi-dining-40019087.jpg,,photo belonged to another card; no own photo found
fukuoka/okawashi,91,餃子の王将 大川榎津店,https://img.bokenjapan.com/media/okawashi-dining-40025610.jpg,https://img.bokenjapan.com/media/okawashi-dining-40019087.jpg,matched own listing photo
fukuoka/okawashi,92,マクドナルド 208大川店,https://img.bokenjapan.com/media/okawashi-dining-40029354.jpg,https://img.bokenjapan.com/media/okawashi-dining-40025610.jpg,matched own listing photo
fukuoka/okawashi,93,ミスタードーナツ ゆめタウン大川ショップ,https://img.bokenjapan.com/media/okawashi-dining-40058451.jpg,https://img.bokenjapan.com/media/okawashi-dining-40029354.jpg,matched own listing photo
fukuoka/okawashi,94,タリーズコーヒー 大川高木病院店,https://img.bokenjapan.com/media/okawashi-dining-40016822.jpg,https://img.bokenjapan.com/media/okawashi-dining-40058451.jpg,matched own listing photo
fukuoka/okawashi,95,ドトールコーヒーショップ 大川店,https://img.bokenjapan.com/media/okawashi-dining-40040450.jpg,https://img.bokenjapan.com/media/okawashi-dining-40016822.jpg,matched own listing photo
fukuoka/okawashi,96,ケンタッキーフライドチキン ゆめタウン大川店,https://img.bokenjapan.com/media/okawashi-dining-40048976.jpg,https://img.bokenjapan.com/media/okawashi-dining-40040450.jpg,matched own listing photo
fukuoka/okawashi,97,サンエトワール 大川店,https://img.bokenjapan.com/media/okawashi-dining-40037020.jpg,https://img.bokenjapan.com/media/okawashi-dining-40048976.jpg,matched own listing photo
fukuoka/okawashi,98,きよ家,https://img.bokenjapan.com/media/okawashi-dining-40029818.jpg,https://img.bokenjapan.com/media/okawashi-dining-40037020.jpg,matched own listing photo
fukuoka/okawashi,101,やきとり味のいわちゃん,https://img.bokenjapan.com/media/okawashi-dining-40008616.jpg,,photo belonged to another card; no own photo found
fukuoka/okawashi,102,香味 きくの雫,https://img.bokenjapan.com/media/okawashi-dining-40045634.jpg,https://img.bokenjapan.com/media/okawashi-dining-40008616.jpg,matched own listing photo
fukuoka/okawashi,103,ごはんどき 大川店,https://img.bokenjapan.com/media/okawashi-dining-40033317.jpg,https://img.bokenjapan.com/media/okawashi-dining-40045634.jpg,matched own listing photo
fukuoka/okawashi,104,居酒屋 笑,https://img.bokenjapan.com/media/okawashi-dining-40052637.jpg,https://img.bokenjapan.com/media/okawashi-dining-40033317.jpg,matched own listing photo
fukuoka/okawashi,106,ほっともっと 大川店,https://img.bokenjapan.com/media/okawashi-dining-40040351.jpg,https://img.bokenjapan.com/media/okawashi-dining-40052637.jpg,matched own listing photo
fukuoka/okawashi,107,サーティワンアイスクリーム ゆめタウン大川店,https://img.bokenjapan.com/media/okawashi-dining-40026508.jpg,https://img.bokenjapan.com/media/okawashi-dining-40040351.jpg,matched own listing photo
fukuoka/okawashi,108,えん,https://img.bokenjapan.com/media/okawashi-dining-40042263.jpg,https://img.bokenjapan.com/media/okawashi-dining-40026508.jpg,matched own listing photo
fukuoka/okawashi,109,中華満福桜,https://img.bokenjapan.com/media/okawashi-dining-40043938.jpg,https://img.bokenjapan.com/media/okawashi-dining-40042263.jpg,matched own listing photo
fukuoka/okawashi,111,池上菓子本店,https://img.bokenjapan.com/media/okawashi-dining-40030466.jpg,https://img.bokenjapan.com/media/okawashi-dining-40043938.jpg,matched own listing photo
fukuoka/okawashi,113,コート・ドール,https://img.bokenjapan.com/media/okawashi-dining-40068004.jpg,https://img.bokenjapan.com/media/okawashi-dining-40030466.jpg,matched own listing photo
fukuoka/okawashi,114,やきとり太郎,https://img.bokenjapan.com/media/okawashi-dining-40028708.jpg,https://img.bokenjapan.com/media/okawashi-dining-40068004.jpg,matched own listing photo
fukuoka/okawashi,115,隆勝堂 ゆめタウン大川店,https://img.bokenjapan.com/media/okawashi-dining-40057177.jpg,https://img.bokenjapan.com/media/okawashi-dining-40028708.jpg,matched own listing photo
fukuoka/okawashi,116,とり商 わか菜,https://img.bokenjapan.com/media/okawashi-dining-40054677.jpg,https://img.bokenjapan.com/media/okawashi-dining-40057177.jpg,matched own listing photo
fukuoka/okawashi,118,村岡屋 ゆめタウン大川店,https://img.bokenjapan.com/media/okawashi-dining-40037065.jpg,https://img.bokenjapan.com/media/okawashi-dining-40054677.jpg,matched own listing photo
fukuoka/okawashi,121,ゆめタウン 大川,https://img.bokenjapan.com/media/okawashi-dining-40063636.jpg,,photo belonged to another card; no own photo found
fukuoka/okawashi,123,AZcafe Shidaka 福岡大川店,https://img.bokenjapan.com/media/okawashi-dining-40072523.jpg,https://img.bokenjapan.com/media/okawashi-dining-40063636.jpg,matched own listing photo
fukuoka/okawashi,124,からふく 大川店,https://img.bokenjapan.com/media/okawashi-dining-40064748.jpg,https://img.bokenjapan.com/media/okawashi-dining-40072523.jpg,matched own listing photo
fukuoka/okawashi,125,たこ焼きのリボン ゆめタウン大川店,https://img.bokenjapan.com/media/okawashi-dining-40049636.jpg,https://img.bokenjapan.com/media/okawashi-dining-40064748.jpg,matched own listing photo
fukuoka/okawashi,126,中村茶園,https://img.bokenjapan.com/media/okawashi-dining-40013933.jpg,https://img.bokenjapan.com/media/okawashi-dining-40049636.jpg,matched own listing photo
fukuoka/okawashi,127,志岐蒲鉾本舗,https://img.bokenjapan.com/media/okawashi-dining-40029831.jpg,https://img.bokenjapan.com/media/okawashi-dining-40013933.jpg,matched own listing photo
fukuoka/okawashi,128,ホルモンヤ 永楽軒,https://img.bokenjapan.com/media/okawashi-dining-40054702.jpg,https://img.bokenjapan.com/media/okawashi-dining-40029831.jpg,matched own listing photo
fukuoka/okawashi,129,オーヴ,https://img.bokenjapan.com/media/okawashi-dining-40033385.jpg,https://img.bokenjapan.com/media/okawashi-dining-40054702.jpg,matched own listing photo
fukuoka/okawashi,130,TEN to TEN 大川店,https://img.bokenjapan.com/media/okawashi-dining-40066894.jpg,https://img.bokenjapan.com/media/okawashi-dining-40033385.jpg,matched own listing photo
fukuoka/okawashi,131,味美,https://img.bokenjapan.com/media/okawashi-dining-40029817.jpg,https://img.bokenjapan.com/media/okawashi-dining-40066894.jpg,matched own listing photo
fukuoka/okawashi,132,とり幸精肉店,https://img.bokenjapan.com/media/okawashi-dining-40067956.jpg,https://img.bokenjapan.com/media/okawashi-dining-40029817.jpg,matched own listing photo
fukuoka/okawashi,134,むぎわらやカフェ,https://img.bokenjapan.com/media/okawashi-dining-40064979.jpg,https://img.bokenjapan.com/media/okawashi-dining-40067956.jpg,matched own listing photo
fukuoka/okawashi,135,しんみせ,https://img.bokenjapan.com/media/okawashi-dining-40067424.jpg,https://img.bokenjapan.com/media/okawashi-dining-40064979.jpg,matched own listing photo
fukuoka/okawashi,136,がく mothers kitchen,https://img.bokenjapan.com/media/okawashi-dining-40067407.jpg,https://img.bokenjapan.com/media/okawashi-dining-40067424.jpg,matched own listing photo
fukuoka/okawashi,141,蔵内堂,https://img.bokenjapan.com/media/okawashi-dining-40068489.jpg,,photo belonged to another card; no own photo found
fukuoka/okawashi,146,かさしん食堂,https://img.bokenjapan.com/media/okawashi-dining-40049827.jpg,https://img.bokenjapan.com/media/okawashi-dining-40068489.jpg,matched own listing photo
fukuoka/okawashi,160,炭火焼 天狗,https://img.bokenjapan.com/media/okawashi-dining-40074957.jpg,,photo belonged to another card; no own photo found
fukuoka/okawashi,163,めん六や 福岡大川店,https://img.bokenjapan.com/media/okawashi-dining-40047496.jpg,https://img.bokenjapan.com/media/okawashi-dining-40074957.jpg,matched own listing photo
fukuoka/okawashi,221,にし山,https://img.bokenjapan.com/media/okawashi-dining-ta9918358-p.webp,https://img.bokenjapan.com/media/okawashi-dining-ta6.jpg,matched own listing photo
fukuoka/oki,2,デリ＆ビュッフェ　くるるん,https://img.bokenjapan.com/media/oki-dining-40023525.jpg,,photo belonged to another card; no own photo found
fukuoka/oki,3,うなぎ処 玉喜屋,https://img.bokenjapan.com/media/oki-dining-40015040.jpg,https://img.bokenjapan.com/media/oki-dining-40023525.jpg,matched own listing photo
fukuoka/oki,4,ワインと生パスタの店 グルグルキッチン,https://img.bokenjapan.com/media/oki-dining-40047711.jpg,https://img.bokenjapan.com/media/oki-dining-40015040.jpg,matched own listing photo
fukuoka/oki,5,五右衛門うどん,https://img.bokenjapan.com/media/oki-dining-40009992.jpg,https://img.bokenjapan.com/media/oki-dining-40047711.jpg,matched own listing photo
fukuoka/oki,6,ニコパン,https://img.bokenjapan.com/media/oki-dining-40028012.jpg,https://img.bokenjapan.com/media/oki-dining-40009992.jpg,matched own listing photo
fukuoka/oki,7,道の駅 おおき,https://img.bokenjapan.com/media/oki-dining-40033119.jpg,https://img.bokenjapan.com/media/oki-dining-40028012.jpg,matched own listing photo
fukuoka/oki,8,北島うなぎ店,https://img.bokenjapan.com/media/oki-dining-40030171.jpg,https://img.bokenjapan.com/media/oki-dining-40033119.jpg,matched own listing photo
fukuoka/oki,9,さらん 大木店,https://img.bokenjapan.com/media/oki-dining-40018333.jpg,https://img.bokenjapan.com/media/oki-dining-40030171.jpg,matched own listing photo
fukuoka/oki,10,ペコちゃんのたこ焼き,https://img.bokenjapan.com/media/oki-dining-40030097.jpg,https://img.bokenjapan.com/media/oki-dining-40018333.jpg,matched own listing photo
fukuoka/oki,11,アフロディーテ,https://img.bokenjapan.com/media/oki-dining-40044060.jpg,https://img.bokenjapan.com/media/oki-dining-40030097.jpg,matched own listing photo
fukuoka/oki,12,ベーカリー ラモン,https://img.bokenjapan.com/media/oki-dining-40056197.jpg,https://img.bokenjapan.com/media/oki-dining-40044060.jpg,matched own listing photo
fukuoka/oki,13,イオン 大木店,https://img.bokenjapan.com/media/oki-dining-40073858.jpg,https://img.bokenjapan.com/media/oki-dining-40056197.jpg,matched own listing photo
fukuoka/oki,14,幸来軒,https://img.bokenjapan.com/media/oki-dining-40037587.jpg,https://img.bokenjapan.com/media/oki-dining-40073858.jpg,matched own listing photo
fukuoka/oki,15,やきとり鶴亀,https://img.bokenjapan.com/media/oki-dining-40008911.jpg,https://img.bokenjapan.com/media/oki-dining-40037587.jpg,matched own listing photo
fukuoka/oki,16,憩う屋,https://img.bokenjapan.com/media/oki-dining-40070108.jpg,https://img.bokenjapan.com/media/oki-dining-40008911.jpg,matched own listing photo
fukuoka/oki,17,水車,https://img.bokenjapan.com/media/oki-dining-40009391.jpg,,photo belonged to another card; no own photo found
fukuoka/oki,18,おときち,https://img.bokenjapan.com/media/oki-dining-40022351.jpg,https://img.bokenjapan.com/media/oki-dining-40009391.jpg,matched own listing photo
fukuoka/oki,19,山進うどん,https://img.bokenjapan.com/media/oki-dining-40073291.jpg,https://img.bokenjapan.com/media/oki-dining-40022351.jpg,matched own listing photo
fukuoka/oki,22,高井良料亭,https://img.bokenjapan.com/media/oki-dining-40015120.jpg,,photo belonged to another card; no own photo found
fukuoka/oki,23,レストラン 花えん,https://img.bokenjapan.com/media/oki-dining-40023777.jpg,https://img.bokenjapan.com/media/oki-dining-40015120.jpg,matched own listing photo
fukuoka/oki,24,STUMP COFFEE,https://img.bokenjapan.com/media/oki-dining-40062969.jpg,https://img.bokenjapan.com/media/oki-dining-40023777.jpg,matched own listing photo
fukuoka/oki,25,中村屋,https://img.bokenjapan.com/media/oki-dining-40073711.jpg,https://img.bokenjapan.com/media/oki-dining-40062969.jpg,matched own listing photo
fukuoka/oki,26,隆勝堂 大木町店,https://img.bokenjapan.com/media/oki-dining-40029414.jpg,https://img.bokenjapan.com/media/oki-dining-40073711.jpg,matched own listing photo
fukuoka/oki,27,パン工場 イオン大木店,https://img.bokenjapan.com/media/oki-dining-40018941.jpg,https://img.bokenjapan.com/media/oki-dining-40029414.jpg,matched own listing photo
fukuoka/oki,28,こころ亭,https://img.bokenjapan.com/media/oki-dining-40017087.jpg,https://img.bokenjapan.com/media/oki-dining-40018941.jpg,matched own listing photo
fukuoka/oki,29,セブンイレブン 大木町役場前店,https://img.bokenjapan.com/media/oki-dining-40048811.jpg,https://img.bokenjapan.com/media/oki-dining-40017087.jpg,matched own listing photo
fukuoka/oki,32,とっちり,https://img.bokenjapan.com/media/oki-dining-40007018.jpg,https://img.bokenjapan.com/media/oki-dining-40048811.jpg,matched own listing photo
fukuoka/oki,33,連歌屋,https://img.bokenjapan.com/media/oki-dining-40018238.jpg,https://img.bokenjapan.com/media/oki-dining-40007018.jpg,matched own listing photo
fukuoka/oki,34,清香,https://img.bokenjapan.com/media/oki-dining-40032238.jpg,https://img.bokenjapan.com/media/oki-dining-40018238.jpg,matched own listing photo
fukuoka/onga,2,洋食 中村家,https://img.bokenjapan.com/media/onga-dining-40004580.jpg,,photo belonged to another card; no own photo found
fukuoka/onga,3,てるのちゃんぽん亭,https://img.bokenjapan.com/media/onga-dining-40028189.jpg,https://img.bokenjapan.com/media/onga-dining-40004580.jpg,matched own listing photo
fukuoka/onga,4,アラペイザンヌ 遠賀店,https://img.bokenjapan.com/media/onga-dining-40004998.jpg,https://img.bokenjapan.com/media/onga-dining-40028189.jpg,matched own listing photo
fukuoka/onga,5,糀,https://img.bokenjapan.com/media/onga-dining-40044602.jpg,https://img.bokenjapan.com/media/onga-dining-40004998.jpg,matched own listing photo
fukuoka/onga,6,さくら,https://img.bokenjapan.com/media/onga-dining-40020782.jpg,https://img.bokenjapan.com/media/onga-dining-40044602.jpg,matched own listing photo
fukuoka/onga,7,ルーネ ラパン,https://img.bokenjapan.com/media/onga-dining-40038497.jpg,https://img.bokenjapan.com/media/onga-dining-40020782.jpg,matched own listing photo
fukuoka/onga,8,森のおはな,https://img.bokenjapan.com/media/onga-dining-40005182.jpg,https://img.bokenjapan.com/media/onga-dining-40038497.jpg,matched own listing photo
fukuoka/onga,9,おんがラーメン,https://img.bokenjapan.com/media/onga-dining-40004679.jpg,https://img.bokenjapan.com/media/onga-dining-40005182.jpg,matched own listing photo
fukuoka/onga,10,風樂,https://img.bokenjapan.com/media/onga-dining-40020050.jpg,https://img.bokenjapan.com/media/onga-dining-40004679.jpg,matched own listing photo
fukuoka/onga,11,マキマキ屋 遠賀店,https://img.bokenjapan.com/media/onga-dining-40048884.jpg,https://img.bokenjapan.com/media/onga-dining-40020050.jpg,matched own listing photo
fukuoka/onga,12,中華バル 武遊,https://img.bokenjapan.com/media/onga-dining-40054710.jpg,https://img.bokenjapan.com/media/onga-dining-40048884.jpg,matched own listing photo
fukuoka/onga,13,つるりんどう,https://img.bokenjapan.com/media/onga-dining-40026668.jpg,https://img.bokenjapan.com/media/onga-dining-40054710.jpg,matched own listing photo
fukuoka/onga,14,自然薯 智清庵,https://img.bokenjapan.com/media/onga-dining-40053476.jpg,https://img.bokenjapan.com/media/onga-dining-40026668.jpg,matched own listing photo
fukuoka/onga,15,ラーメン勝龍軒,https://img.bokenjapan.com/media/onga-dining-40009375.jpg,https://img.bokenjapan.com/media/onga-dining-40053476.jpg,matched own listing photo
fukuoka/onga,16,Bistro R,https://img.bokenjapan.com/media/onga-dining-40021517.jpg,https://img.bokenjapan.com/media/onga-dining-40009375.jpg,matched own listing photo
fukuoka/onga,17,繁升,https://img.bokenjapan.com/media/onga-dining-40040576.jpg,https://img.bokenjapan.com/media/onga-dining-40021517.jpg,matched own listing photo
fukuoka/onga,18,クイーンボアーズ,https://img.bokenjapan.com/media/onga-dining-40005248.jpg,https://img.bokenjapan.com/media/onga-dining-40040576.jpg,matched own listing photo
fukuoka/onga,19,mama sweets,https://img.bokenjapan.com/media/onga-dining-40057626.jpg,https://img.bokenjapan.com/media/onga-dining-40005248.jpg,matched own listing photo
fukuoka/onga,22,酒処 はな田,https://img.bokenjapan.com/media/onga-dining-40049778.jpg,,photo belonged to another card; no own photo found
fukuoka/onga,23,MASAJIRO BURGER 遠賀本店,https://img.bokenjapan.com/media/onga-dining-40051666.jpg,https://img.bokenjapan.com/media/onga-dining-40049778.jpg,matched own listing photo
fukuoka/onga,24,博多地どり　市右ヱ門,https://img.bokenjapan.com/media/onga-dining-40005252.jpg,https://img.bokenjapan.com/media/onga-dining-40051666.jpg,matched own listing photo
fukuoka/onga,25,あまねや,https://img.bokenjapan.com/media/onga-dining-40054674.jpg,https://img.bokenjapan.com/media/onga-dining-40005252.jpg,matched own listing photo
fukuoka/onga,26,レトロ門司港ラーメン 大平山 遠賀店,https://img.bokenjapan.com/media/onga-dining-40072829.jpg,https://img.bokenjapan.com/media/onga-dining-40054674.jpg,matched own listing photo
fukuoka/onga,27,豆工房 遠賀えし,https://img.bokenjapan.com/media/onga-dining-40067076.jpg,https://img.bokenjapan.com/media/onga-dining-40072829.jpg,matched own listing photo
fukuoka/onga,28,北野坂　kitanozakacoffee,https://img.bokenjapan.com/media/onga-dining-40033709.jpg,https://img.bokenjapan.com/media/onga-dining-40067076.jpg,matched own listing photo
fukuoka/onga,29,ハナオ コーヒー,https://img.bokenjapan.com/media/onga-dining-40039322.jpg,https://img.bokenjapan.com/media/onga-dining-40033709.jpg,matched own listing photo
fukuoka/onga,30,河口屋,https://img.bokenjapan.com/media/onga-dining-40009944.jpg,https://img.bokenjapan.com/media/onga-dining-40039322.jpg,matched own listing photo
fukuoka/onga,31,TAJ MAHAL 遠賀店,https://img.bokenjapan.com/media/onga-dining-40068224.jpg,https://img.bokenjapan.com/media/onga-dining-40009944.jpg,matched own listing photo
fukuoka/onga,32,チサンカントリークラブ 遠賀,https://img.bokenjapan.com/media/onga-dining-40024702.jpg,https://img.bokenjapan.com/media/onga-dining-40068224.jpg,matched own listing photo
fukuoka/onga,33,ジモカフェ & アトリエ木布ん,https://img.bokenjapan.com/media/onga-dining-40044336.jpg,https://img.bokenjapan.com/media/onga-dining-40024702.jpg,matched own listing photo
fukuoka/onga,34,カレースタジオ　宮の前,https://img.bokenjapan.com/media/onga-dining-40070887.jpg,https://img.bokenjapan.com/media/onga-dining-40044336.jpg,matched own listing photo
fukuoka/onga,35,なが田屋 トライアル遠賀店,https://img.bokenjapan.com/media/onga-dining-40057655.jpg,https://img.bokenjapan.com/media/onga-dining-40070887.jpg,matched own listing photo
fukuoka/onga,36,焼鳥ジブリン,https://img.bokenjapan.com/media/onga-dining-40038745.jpg,,photo belonged to another card; no own photo found
fukuoka/onga,37,たこ焼き幸,https://img.bokenjapan.com/media/onga-dining-40013042.jpg,https://img.bokenjapan.com/media/onga-dining-40038745.jpg,matched own listing photo
fukuoka/onga,38,鉄板餃子の池田屋 遠賀店,https://img.bokenjapan.com/media/onga-dining-40046324.jpg,https://img.bokenjapan.com/media/onga-dining-40013042.jpg,matched own listing photo
fukuoka/onga,39,KANAMUSUBI,https://img.bokenjapan.com/media/onga-dining-40074326.jpg,https://img.bokenjapan.com/media/onga-dining-40046324.jpg,matched own listing photo
fukuoka/onga,42,ドッグ カフェ ベベ,https://img.bokenjapan.com/media/onga-dining-40044578.jpg,,photo belonged to another card; no own photo found
fukuoka/onga,43,つくしの子,https://img.bokenjapan.com/media/onga-dining-40016198.jpg,https://img.bokenjapan.com/media/onga-dining-40044578.jpg,matched own listing photo
fukuoka/onga,44,ガトー・スール,https://img.bokenjapan.com/media/onga-dining-40051241.jpg,https://img.bokenjapan.com/media/onga-dining-40016198.jpg,matched own listing photo
fukuoka/onga,45,にゃんむすび,https://img.bokenjapan.com/media/onga-dining-40073830.jpg,https://img.bokenjapan.com/media/onga-dining-40051241.jpg,matched own listing photo
fukuoka/onga,46,ごはん家 ふじや,https://img.bokenjapan.com/media/onga-dining-40062829.jpg,https://img.bokenjapan.com/media/onga-dining-40073830.jpg,matched own listing photo
fukuoka/onga,47,とらや,https://img.bokenjapan.com/media/onga-dining-40069530.jpg,https://img.bokenjapan.com/media/onga-dining-40062829.jpg,matched own listing photo
fukuoka/onga,48,お食事処 おふくろ食堂,https://img.bokenjapan.com/media/onga-dining-40065581.jpg,https://img.bokenjapan.com/media/onga-dining-40069530.jpg,matched own listing photo
fukuoka/onga,49,珈琲舎 ブラッサム,https://img.bokenjapan.com/media/onga-dining-40012197.jpg,https://img.bokenjapan.com/media/onga-dining-40065581.jpg,matched own listing photo
fukuoka/onga,50,さぬき亭,https://img.bokenjapan.com/media/onga-dining-40043482.jpg,https://img.bokenjapan.com/media/onga-dining-40012197.jpg,matched own listing photo
fukuoka/onga,51,牛肉のふくなが,https://img.bokenjapan.com/media/onga-dining-40057221.jpg,https://img.bokenjapan.com/media/onga-dining-40043482.jpg,matched own listing photo
fukuoka/onga,52,ドラム館,https://img.bokenjapan.com/media/onga-dining-40006243.jpg,https://img.bokenjapan.com/media/onga-dining-40057221.jpg,matched own listing photo
fukuoka/onga,53,あしや釜本舗 おんが支店,https://img.bokenjapan.com/media/onga-dining-40052893.jpg,https://img.bokenjapan.com/media/onga-dining-40006243.jpg,matched own listing photo
fukuoka/onga,54,もつラーメン 銀,https://img.bokenjapan.com/media/onga-dining-40074841.jpg,https://img.bokenjapan.com/media/onga-dining-40052893.jpg,matched own listing photo
fukuoka/onga,55,キッチンひなた,https://img.bokenjapan.com/media/onga-dining-40071707.jpg,https://img.bokenjapan.com/media/onga-dining-40074841.jpg,matched own listing photo
fukuoka/onga,56,Cafe ほのぼの,https://img.bokenjapan.com/media/onga-dining-40065712.jpg,https://img.bokenjapan.com/media/onga-dining-40071707.jpg,matched own listing photo
fukuoka/onga,57,旭軒 浅木店,https://img.bokenjapan.com/media/onga-dining-40071779.jpg,https://img.bokenjapan.com/media/onga-dining-40065712.jpg,matched own listing photo
fukuoka/onga,58,ジョイフル 北遠賀店,https://img.bokenjapan.com/media/onga-dining-40019029.jpg,,photo belonged to another card; no own photo found
fukuoka/onga,59,ミスタードーナツ ゆめタウン遠賀店,https://img.bokenjapan.com/media/onga-dining-40058409.jpg,https://img.bokenjapan.com/media/onga-dining-40019029.jpg,matched own listing photo
fukuoka/onga,62,東筑軒 遠賀工場売店,https://img.bokenjapan.com/media/onga-dining-40054528.jpg,,photo belonged to another card; no own photo found
fukuoka/onga,63,唐十 ゆめタウン遠賀店,https://img.bokenjapan.com/media/onga-dining-40053770.jpg,https://img.bokenjapan.com/media/onga-dining-40054528.jpg,matched own listing photo
fukuoka/onga,64,焼鳥 井上商店,https://img.bokenjapan.com/media/onga-dining-40053277.jpg,https://img.bokenjapan.com/media/onga-dining-40053770.jpg,matched own listing photo
fukuoka/onga,65,柚ず 遠賀店,https://img.bokenjapan.com/media/onga-dining-40038504.jpg,https://img.bokenjapan.com/media/onga-dining-40053277.jpg,matched own listing photo
fukuoka/onga,66,うどんふじや,https://img.bokenjapan.com/media/onga-dining-40073995.jpg,https://img.bokenjapan.com/media/onga-dining-40038504.jpg,matched own listing photo
fukuoka/onga,67,あごはち,https://img.bokenjapan.com/media/onga-dining-40016197.jpg,https://img.bokenjapan.com/media/onga-dining-40073995.jpg,matched own listing photo
fukuoka/onga,68,蕎麦カフェ&ギャラリー むらかみ,https://img.bokenjapan.com/media/onga-dining-40050657.jpg,https://img.bokenjapan.com/media/onga-dining-40016197.jpg,matched own listing photo
fukuoka/onga,69,ひまわりキッチン,https://img.bokenjapan.com/media/onga-dining-40055422.jpg,https://img.bokenjapan.com/media/onga-dining-40050657.jpg,matched own listing photo
fukuoka/onga,70,鮨処仲むら,https://img.bokenjapan.com/media/onga-dining-40011064.jpg,https://img.bokenjapan.com/media/onga-dining-40055422.jpg,matched own listing photo
fukuoka/onga,71,マーフィーズ カフェ,https://img.bokenjapan.com/media/onga-dining-40013192.jpg,https://img.bokenjapan.com/media/onga-dining-40011064.jpg,matched own listing photo
fukuoka/onga,72,ひよ子本舗吉野堂 ゆめタウン遠賀店,https://img.bokenjapan.com/media/onga-dining-40016208.jpg,https://img.bokenjapan.com/media/onga-dining-40013192.jpg,matched own listing photo
fukuoka/onga,73,とり真,https://img.bokenjapan.com/media/onga-dining-40043772.jpg,https://img.bokenjapan.com/media/onga-dining-40016208.jpg,matched own listing photo
fukuoka/onga,74,ゆめのパンやさん 遠賀店,https://img.bokenjapan.com/media/onga-dining-40058474.jpg,https://img.bokenjapan.com/media/onga-dining-40043772.jpg,matched own listing photo
fukuoka/onga,75,焼菓子工房 Orange,https://img.bokenjapan.com/media/onga-dining-40057890.jpg,https://img.bokenjapan.com/media/onga-dining-40058474.jpg,matched own listing photo
fukuoka/onga,76,やぶれかぶれ,https://img.bokenjapan.com/media/onga-dining-40006202.jpg,https://img.bokenjapan.com/media/onga-dining-40057890.jpg,matched own listing photo
fukuoka/onga,77,ほづき,https://img.bokenjapan.com/media/onga-dining-40058410.jpg,https://img.bokenjapan.com/media/onga-dining-40006202.jpg,matched own listing photo
fukuoka/onga,78,よしや食堂,https://img.bokenjapan.com/media/onga-dining-40014793.jpg,https://img.bokenjapan.com/media/onga-dining-40058410.jpg,matched own listing photo
fukuoka/onga,82,源蛸 遠賀店,https://img.bokenjapan.com/media/onga-dining-40074079.jpg,,photo belonged to another card; no own photo found
fukuoka/onga,83,ありがた屋 遠賀店,https://img.bokenjapan.com/media/onga-dining-40043949.jpg,https://img.bokenjapan.com/media/onga-dining-40074079.jpg,matched own listing photo
fukuoka/onga,85,肉のさつま屋 今古賀店,https://img.bokenjapan.com/media/onga-dining-40070158.jpg,https://img.bokenjapan.com/media/onga-dining-40043949.jpg,matched own listing photo
fukuoka/onga,87,地どりあづま,https://img.bokenjapan.com/media/onga-dining-40029622.jpg,https://img.bokenjapan.com/media/onga-dining-40070158.jpg,matched own listing photo
fukuoka/onga,88,まちのとみちゃん弁当,https://img.bokenjapan.com/media/onga-dining-40070623.jpg,https://img.bokenjapan.com/media/onga-dining-40029622.jpg,matched own listing photo
fukuoka/onga,89,瑠璃ズキッチン 遠賀自動車学校店,https://img.bokenjapan.com/media/onga-dining-40044326.jpg,https://img.bokenjapan.com/media/onga-dining-40070623.jpg,matched own listing photo
fukuoka/onga,101,天一食堂,https://img.bokenjapan.com/media/onga-dining-40015481.jpg,,photo belonged to another card; no own photo found
fukuoka/onga,108,焼とり居酒屋 ぴーぷる,https://img.bokenjapan.com/media/onga-dining-40014581.jpg,https://img.bokenjapan.com/media/onga-dining-40015481.jpg,matched own listing photo
fukuoka/onojo,2,うどん大文字,https://img.bokenjapan.com/media/onojo-dining-40033963.jpg,,photo belonged to another card; no own photo found
fukuoka/onojo,3,太平閣 白木原本店,https://img.bokenjapan.com/media/onojo-dining-40000791.jpg,https://img.bokenjapan.com/media/onojo-dining-40033963.jpg,matched own listing photo
fukuoka/onojo,4,きんのつる 大野城店,https://img.bokenjapan.com/media/onojo-dining-40029030.jpg,https://img.bokenjapan.com/media/onojo-dining-40000791.jpg,matched own listing photo
fukuoka/onojo,5,幸心堂,https://img.bokenjapan.com/media/onojo-dining-40029636.jpg,https://img.bokenjapan.com/media/onojo-dining-40029030.jpg,matched own listing photo
fukuoka/onojo,6,豆香洞コーヒー 白木原店,https://img.bokenjapan.com/media/onojo-dining-40020947.jpg,https://img.bokenjapan.com/media/onojo-dining-40029636.jpg,matched own listing photo
fukuoka/onojo,7,クリーブラッツ 若草店,https://img.bokenjapan.com/media/onojo-dining-40020406.jpg,https://img.bokenjapan.com/media/onojo-dining-40020947.jpg,matched own listing photo
fukuoka/onojo,8,札幌スープカリィ ロビンソンスパイス,https://img.bokenjapan.com/media/onojo-dining-40059298.jpg,https://img.bokenjapan.com/media/onojo-dining-40020406.jpg,matched own listing photo
fukuoka/onojo,9,ロンブラージュ・ビガレ 白木原店,https://img.bokenjapan.com/media/onojo-dining-40000818.jpg,https://img.bokenjapan.com/media/onojo-dining-40059298.jpg,matched own listing photo
fukuoka/onojo,10,はるら,https://img.bokenjapan.com/media/onojo-dining-40058806.jpg,https://img.bokenjapan.com/media/onojo-dining-40000818.jpg,matched own listing photo
fukuoka/onojo,11,ラーメンおいげん 大野城店,https://img.bokenjapan.com/media/onojo-dining-40069971.jpg,https://img.bokenjapan.com/media/onojo-dining-40058806.jpg,matched own listing photo
fukuoka/onojo,12,二重丸 大野城店,https://img.bokenjapan.com/media/onojo-dining-40033964.jpg,https://img.bokenjapan.com/media/onojo-dining-40069971.jpg,matched own listing photo
fukuoka/onojo,13,スイートバジル 大野城本店,https://img.bokenjapan.com/media/onojo-dining-40010228.jpg,https://img.bokenjapan.com/media/onojo-dining-40033964.jpg,matched own listing photo
fukuoka/onojo,14,竹林,https://img.bokenjapan.com/media/onojo-dining-40023203.jpg,https://img.bokenjapan.com/media/onojo-dining-40010228.jpg,matched own listing photo
fukuoka/onojo,15,牛もつ鍋料理専門店　たま木,https://img.bokenjapan.com/media/onojo-dining-40005262.jpg,https://img.bokenjapan.com/media/onojo-dining-40023203.jpg,matched own listing photo
fukuoka/onojo,16,鹿鳴,https://img.bokenjapan.com/media/onojo-dining-40065604.jpg,https://img.bokenjapan.com/media/onojo-dining-40005262.jpg,matched own listing photo
fukuoka/onojo,17,焼き鳥 ごきげん鳥 大野城店,https://img.bokenjapan.com/media/onojo-dining-40009864.jpg,,photo belonged to another card; no own photo found
fukuoka/onojo,18,麺処茶房　福,https://img.bokenjapan.com/media/onojo-dining-40065944.jpg,https://img.bokenjapan.com/media/onojo-dining-40009864.jpg,matched own listing photo
fukuoka/onojo,19,ステーキハウス WINNERs 大野城店,https://img.bokenjapan.com/media/onojo-dining-40068142.jpg,https://img.bokenjapan.com/media/onojo-dining-40065944.jpg,matched own listing photo
fukuoka/onojo,22,肉ちゃんうどん 大野城店,https://img.bokenjapan.com/media/onojo-dining-40037889.jpg,,photo belonged to another card; no own photo found
fukuoka/onojo,23,春日原 十八,https://img.bokenjapan.com/media/onojo-dining-40008935.jpg,https://img.bokenjapan.com/media/onojo-dining-40037889.jpg,matched own listing photo
fukuoka/onojo,24,福味居,https://img.bokenjapan.com/media/onojo-dining-40048179.jpg,https://img.bokenjapan.com/media/onojo-dining-40008935.jpg,matched own listing photo
fukuoka/onojo,25,博多アイアンマン 大野城店,https://img.bokenjapan.com/media/onojo-dining-40066285.jpg,https://img.bokenjapan.com/media/onojo-dining-40048179.jpg,matched own listing photo
fukuoka/onojo,26,欧風懐石 勝,https://img.bokenjapan.com/media/onojo-dining-40000824.jpg,https://img.bokenjapan.com/media/onojo-dining-40066285.jpg,matched own listing photo
fukuoka/onojo,27,やきめしラーメンぽんぽこ,https://img.bokenjapan.com/media/onojo-dining-40069599.jpg,https://img.bokenjapan.com/media/onojo-dining-40000824.jpg,matched own listing photo
fukuoka/onojo,28,めし処 ひがし,https://img.bokenjapan.com/media/onojo-dining-40064257.jpg,https://img.bokenjapan.com/media/onojo-dining-40069599.jpg,matched own listing photo
fukuoka/onojo,29,ちんぷんかんぷん 春日原店,https://img.bokenjapan.com/media/onojo-dining-40046103.jpg,https://img.bokenjapan.com/media/onojo-dining-40064257.jpg,matched own listing photo
fukuoka/onojo,30,銀鮨,https://img.bokenjapan.com/media/onojo-dining-40018630.jpg,https://img.bokenjapan.com/media/onojo-dining-40046103.jpg,matched own listing photo
fukuoka/onojo,31,ペペチーノ 南バイパス店,https://img.bokenjapan.com/media/onojo-dining-40016565.jpg,https://img.bokenjapan.com/media/onojo-dining-40018630.jpg,matched own listing photo
fukuoka/onojo,32,甚徳うどん,https://img.bokenjapan.com/media/onojo-dining-40010057.jpg,https://img.bokenjapan.com/media/onojo-dining-40016565.jpg,matched own listing photo
fukuoka/onojo,33,リョーユーパン　ハーフプライスベーカリー,https://img.bokenjapan.com/media/onojo-dining-40014002.jpg,https://img.bokenjapan.com/media/onojo-dining-40010057.jpg,matched own listing photo
fukuoka/onojo,34,バニラの実 上大利店,https://img.bokenjapan.com/media/onojo-dining-40026168.jpg,https://img.bokenjapan.com/media/onojo-dining-40014002.jpg,matched own listing photo
fukuoka/onojo,35,おかわりビュッフェニコミーニョ,https://img.bokenjapan.com/media/onojo-dining-40049464.jpg,https://img.bokenjapan.com/media/onojo-dining-40026168.jpg,matched own listing photo
fukuoka/onojo,36,バニラの実 白木原本店,https://img.bokenjapan.com/media/onojo-dining-40000962.jpg,https://img.bokenjapan.com/media/onojo-dining-40049464.jpg,matched own listing photo
fukuoka/onojo,37,ペイ・バスク,https://img.bokenjapan.com/media/onojo-dining-40000869.jpg,https://img.bokenjapan.com/media/onojo-dining-40000962.jpg,matched own listing photo
fukuoka/onojo,38,玄海丸 大野城御笠川店,https://img.bokenjapan.com/media/onojo-dining-40053745.jpg,https://img.bokenjapan.com/media/onojo-dining-40000869.jpg,matched own listing photo
fukuoka/onojo,39,ブロンコビリー 大野城御笠川店,https://img.bokenjapan.com/media/onojo-dining-40061910.jpg,https://img.bokenjapan.com/media/onojo-dining-40053745.jpg,matched own listing photo
fukuoka/onojo,42,平野松栄堂,https://img.bokenjapan.com/media/onojo-dining-40027426.jpg,,photo belonged to another card; no own photo found
fukuoka/onojo,43,壱州苑,https://img.bokenjapan.com/media/onojo-dining-40009665.jpg,https://img.bokenjapan.com/media/onojo-dining-40027426.jpg,matched own listing photo
fukuoka/onojo,44,ここふるショップ カフェコーナー,https://img.bokenjapan.com/media/onojo-dining-40050327.jpg,https://img.bokenjapan.com/media/onojo-dining-40009665.jpg,matched own listing photo
fukuoka/onojo,45,桃花園,https://img.bokenjapan.com/media/onojo-dining-40009664.jpg,https://img.bokenjapan.com/media/onojo-dining-40050327.jpg,matched own listing photo
fukuoka/onojo,46,酒場 Laugh Tale,https://img.bokenjapan.com/media/onojo-dining-40067011.jpg,https://img.bokenjapan.com/media/onojo-dining-40009664.jpg,matched own listing photo
fukuoka/onojo,47,みか月,https://img.bokenjapan.com/media/onojo-dining-40066332.jpg,https://img.bokenjapan.com/media/onojo-dining-40067011.jpg,matched own listing photo
fukuoka/onojo,48,リストランテアンジェロ,https://img.bokenjapan.com/media/onojo-dining-40023631.jpg,https://img.bokenjapan.com/media/onojo-dining-40066332.jpg,matched own listing photo
fukuoka/onojo,49,寿司こばやし,https://img.bokenjapan.com/media/onojo-dining-40018661.jpg,https://img.bokenjapan.com/media/onojo-dining-40023631.jpg,matched own listing photo
fukuoka/onojo,50,パスタ食堂 アペルト,https://img.bokenjapan.com/media/onojo-dining-40050621.jpg,https://img.bokenjapan.com/media/onojo-dining-40018661.jpg,matched own listing photo
fukuoka/onojo,51,フレッシュ＆ハーフプライス ベーカリー,https://img.bokenjapan.com/media/onojo-dining-40031455.jpg,https://img.bokenjapan.com/media/onojo-dining-40050621.jpg,matched own listing photo
fukuoka/onojo,52,更科,https://img.bokenjapan.com/media/onojo-dining-40010000.jpg,https://img.bokenjapan.com/media/onojo-dining-40031455.jpg,matched own listing photo
fukuoka/onojo,53,つきじ大鳳,https://img.bokenjapan.com/media/onojo-dining-40026112.jpg,https://img.bokenjapan.com/media/onojo-dining-40010000.jpg,matched own listing photo
fukuoka/onojo,54,バーバーバー サイゴン,https://img.bokenjapan.com/media/onojo-dining-40053636.jpg,https://img.bokenjapan.com/media/onojo-dining-40026112.jpg,matched own listing photo
fukuoka/onojo,55,アンテェナアト,https://img.bokenjapan.com/media/onojo-dining-40051544.jpg,https://img.bokenjapan.com/media/onojo-dining-40053636.jpg,matched own listing photo
fukuoka/onojo,56,みっちゃんラーメン,https://img.bokenjapan.com/media/onojo-dining-40030588.jpg,https://img.bokenjapan.com/media/onojo-dining-40051544.jpg,matched own listing photo
fukuoka/onojo,57,焼鳥旬彩 道しるべ,https://img.bokenjapan.com/media/onojo-dining-40046925.jpg,https://img.bokenjapan.com/media/onojo-dining-40030588.jpg,matched own listing photo
fukuoka/onojo,58,ひろちゃん,https://img.bokenjapan.com/media/onojo-dining-40053163.jpg,https://img.bokenjapan.com/media/onojo-dining-40046925.jpg,matched own listing photo
fukuoka/onojo,59,麺屋 おおたき,https://img.bokenjapan.com/media/onojo-dining-40064044.jpg,https://img.bokenjapan.com/media/onojo-dining-40053163.jpg,matched own listing photo
fukuoka/onojo,64,本格インド料理レストラン SURAJ,https://img.bokenjapan.com/media/onojo-dining-40048554.jpg,,photo belonged to another card; no own photo found
fukuoka/onojo,65,やきにく 山北 御笠川店,https://img.bokenjapan.com/media/onojo-dining-40044569.jpg,https://img.bokenjapan.com/media/onojo-dining-40048554.jpg,matched own listing photo
fukuoka/onojo,66,BASKING COFFEE kasugabaru,https://img.bokenjapan.com/media/onojo-dining-40057819.jpg,https://img.bokenjapan.com/media/onojo-dining-40044569.jpg,matched own listing photo
fukuoka/onojo,67,秀豪,https://img.bokenjapan.com/media/onojo-dining-40046215.jpg,https://img.bokenjapan.com/media/onojo-dining-40057819.jpg,matched own listing photo
fukuoka/onojo,68,ひろ,https://img.bokenjapan.com/media/onojo-dining-40014599.jpg,https://img.bokenjapan.com/media/onojo-dining-40046215.jpg,matched own listing photo
fukuoka/onojo,69,今屋のハンバーガー  大野城わかくさ店,https://img.bokenjapan.com/media/onojo-dining-40070531.jpg,https://img.bokenjapan.com/media/onojo-dining-40014599.jpg,matched own listing photo
fukuoka/onojo,70,ルコネッサン,https://img.bokenjapan.com/media/onojo-dining-40065921.jpg,https://img.bokenjapan.com/media/onojo-dining-40070531.jpg,matched own listing photo
fukuoka/onojo,71,蕎麦 史紋,https://img.bokenjapan.com/media/onojo-dining-40061451.jpg,https://img.bokenjapan.com/media/onojo-dining-40065921.jpg,matched own listing photo
fukuoka/onojo,72,大黒水産,https://img.bokenjapan.com/media/onojo-dining-40063263.jpg,https://img.bokenjapan.com/media/onojo-dining-40061451.jpg,matched own listing photo
fukuoka/onojo,73,丸亀製麺 大野城店,https://img.bokenjapan.com/media/onojo-dining-40025660.jpg,https://img.bokenjapan.com/media/onojo-dining-40063263.jpg,matched own listing photo
fukuoka/onojo,74,お好み亭,https://img.bokenjapan.com/media/onojo-dining-40012888.jpg,https://img.bokenjapan.com/media/onojo-dining-40025660.jpg,matched own listing photo
fukuoka/onojo,75,小さな小さな玄界灘 スシ男,https://img.bokenjapan.com/media/onojo-dining-40046579.jpg,https://img.bokenjapan.com/media/onojo-dining-40012888.jpg,matched own listing photo
fukuoka/onojo,76,オニギリ タケシ,https://img.bokenjapan.com/media/onojo-dining-40062139.jpg,https://img.bokenjapan.com/media/onojo-dining-40046579.jpg,matched own listing photo
fukuoka/onojo,77,インド&ネパール料理 ポカラ,https://img.bokenjapan.com/media/onojo-dining-40050846.jpg,https://img.bokenjapan.com/media/onojo-dining-40062139.jpg,matched own listing photo
fukuoka/onojo,78,羊男ジンギスマン,https://img.bokenjapan.com/media/onojo-dining-40034489.jpg,https://img.bokenjapan.com/media/onojo-dining-40050846.jpg,matched own listing photo
fukuoka/onojo,79,独楽蔵,https://img.bokenjapan.com/media/onojo-dining-40066154.jpg,https://img.bokenjapan.com/media/onojo-dining-40034489.jpg,matched own listing photo
fukuoka/onojo,82,はかたや  大野城店,https://img.bokenjapan.com/media/onojo-dining-40027240.jpg,,photo belonged to another card; no own photo found
fukuoka/onojo,83,博多豚骨黒豚ブラザーズ 大野城店,https://img.bokenjapan.com/media/onojo-dining-40036404.jpg,https://img.bokenjapan.com/media/onojo-dining-40027240.jpg,matched own listing photo
fukuoka/onojo,84,大輝,https://img.bokenjapan.com/media/onojo-dining-40009292.jpg,https://img.bokenjapan.com/media/onojo-dining-40036404.jpg,matched own listing photo
fukuoka/onojo,85,担々麺だるま,https://img.bokenjapan.com/media/onojo-dining-40071058.jpg,https://img.bokenjapan.com/media/onojo-dining-40009292.jpg,matched own listing photo
fukuoka/onojo,86,居酒屋初夢,https://img.bokenjapan.com/media/onojo-dining-40008704.jpg,https://img.bokenjapan.com/media/onojo-dining-40071058.jpg,matched own listing photo
fukuoka/onojo,87,穂積茶寮,https://img.bokenjapan.com/media/onojo-dining-40023428.jpg,https://img.bokenjapan.com/media/onojo-dining-40008704.jpg,matched own listing photo
fukuoka/onojo,88,ビストロユイット,https://img.bokenjapan.com/media/onojo-dining-40004380.jpg,https://img.bokenjapan.com/media/onojo-dining-40023428.jpg,matched own listing photo
fukuoka/onojo,89,相撲鳥,https://img.bokenjapan.com/media/onojo-dining-40015375.jpg,https://img.bokenjapan.com/media/onojo-dining-40004380.jpg,matched own listing photo
fukuoka/onojo,90,酒とバラの日々,https://img.bokenjapan.com/media/onojo-dining-40022182.jpg,https://img.bokenjapan.com/media/onojo-dining-40015375.jpg,matched own listing photo
fukuoka/onojo,91,信濃庵 大野城店,https://img.bokenjapan.com/media/onojo-dining-40011564.jpg,https://img.bokenjapan.com/media/onojo-dining-40022182.jpg,matched own listing photo
fukuoka/onojo,92,優菓,https://img.bokenjapan.com/media/onojo-dining-40028151.jpg,https://img.bokenjapan.com/media/onojo-dining-40011564.jpg,matched own listing photo
fukuoka/onojo,93,フランス料理 かもめ亭,https://img.bokenjapan.com/media/onojo-dining-40001385.jpg,https://img.bokenjapan.com/media/onojo-dining-40028151.jpg,matched own listing photo
fukuoka/onojo,94,森のぶどう,https://img.bokenjapan.com/media/onojo-dining-40004590.jpg,https://img.bokenjapan.com/media/onojo-dining-40001385.jpg,matched own listing photo
fukuoka/onojo,95,リッチモンド,https://img.bokenjapan.com/media/onojo-dining-40040641.jpg,https://img.bokenjapan.com/media/onojo-dining-40004590.jpg,matched own listing photo
fukuoka/onojo,96,すし辰,https://img.bokenjapan.com/media/onojo-dining-40010829.jpg,https://img.bokenjapan.com/media/onojo-dining-40040641.jpg,matched own listing photo
fukuoka/onojo,97,下大利ホルモン,https://img.bokenjapan.com/media/onojo-dining-40052322.jpg,https://img.bokenjapan.com/media/onojo-dining-40010829.jpg,matched own listing photo
fukuoka/onojo,98,TOKIO まどかぴあ店,https://img.bokenjapan.com/media/onojo-dining-40016799.jpg,https://img.bokenjapan.com/media/onojo-dining-40052322.jpg,matched own listing photo
fukuoka/onojo,99,食事処 大文字,https://img.bokenjapan.com/media/onojo-dining-40017609.jpg,https://img.bokenjapan.com/media/onojo-dining-40016799.jpg,matched own listing photo
fukuoka/onojo,102,梅庄,https://img.bokenjapan.com/media/onojo-dining-40050991.jpg,,photo belonged to another card; no own photo found
fukuoka/onojo,103,焼鳥 かどや,https://img.bokenjapan.com/media/onojo-dining-40064812.jpg,https://img.bokenjapan.com/media/onojo-dining-40050991.jpg,matched own listing photo
fukuoka/onojo,104,博多 一風堂 太宰府インター店,https://img.bokenjapan.com/media/onojo-dining-40006778.jpg,https://img.bokenjapan.com/media/onojo-dining-40064812.jpg,matched own listing photo
fukuoka/onojo,105,星乃珈琲店 福岡大野城店,https://img.bokenjapan.com/media/onojo-dining-40035690.jpg,https://img.bokenjapan.com/media/onojo-dining-40006778.jpg,matched own listing photo
fukuoka/onojo,106,想夫恋 大野城店,https://img.bokenjapan.com/media/onojo-dining-40022406.jpg,https://img.bokenjapan.com/media/onojo-dining-40035690.jpg,matched own listing photo
fukuoka/onojo,107,ロイヤルホスト 南バイパス店,https://img.bokenjapan.com/media/onojo-dining-40029272.jpg,https://img.bokenjapan.com/media/onojo-dining-40022406.jpg,matched own listing photo
fukuoka/onojo,108,看板の無いラーメン屋,https://img.bokenjapan.com/media/onojo-dining-40037262.jpg,https://img.bokenjapan.com/media/onojo-dining-40029272.jpg,matched own listing photo
fukuoka/onojo,109,焼肉 たしろ,https://img.bokenjapan.com/media/onojo-dining-40028182.jpg,https://img.bokenjapan.com/media/onojo-dining-40037262.jpg,matched own listing photo
fukuoka/onojo,110,魚誠,https://img.bokenjapan.com/media/onojo-dining-40051217.jpg,https://img.bokenjapan.com/media/onojo-dining-40028182.jpg,matched own listing photo
fukuoka/onojo,111,久遊,https://img.bokenjapan.com/media/onojo-dining-40060065.jpg,https://img.bokenjapan.com/media/onojo-dining-40051217.jpg,matched own listing photo
fukuoka/onojo,112,大ちゃん 白木原店,https://img.bokenjapan.com/media/onojo-dining-40033658.jpg,https://img.bokenjapan.com/media/onojo-dining-40060065.jpg,matched own listing photo
fukuoka/onojo,113,國 若草の小屋,https://img.bokenjapan.com/media/onojo-dining-40026405.jpg,https://img.bokenjapan.com/media/onojo-dining-40033658.jpg,matched own listing photo
fukuoka/onojo,114,博多油そば151 白木原店,https://img.bokenjapan.com/media/onojo-dining-40071148.jpg,https://img.bokenjapan.com/media/onojo-dining-40026405.jpg,matched own listing photo
fukuoka/onojo,115,四季の里 將,https://img.bokenjapan.com/media/onojo-dining-40044191.jpg,https://img.bokenjapan.com/media/onojo-dining-40071148.jpg,matched own listing photo
fukuoka/onojo,116,串揚げどんぐり,https://img.bokenjapan.com/media/onojo-dining-40015058.jpg,https://img.bokenjapan.com/media/onojo-dining-40044191.jpg,matched own listing photo
fukuoka/onojo,117,バー カームノット,https://img.bokenjapan.com/media/onojo-dining-40049073.jpg,https://img.bokenjapan.com/media/onojo-dining-40015058.jpg,matched own listing photo
fukuoka/onojo,122,ヨルドット 春日原店,https://img.bokenjapan.com/media/onojo-dining-40072976.jpg,,photo belonged to another card; no own photo found
fukuoka/onojo,123,Rally Coffee,https://img.bokenjapan.com/media/onojo-dining-40070500.jpg,https://img.bokenjapan.com/media/onojo-dining-40072976.jpg,matched own listing photo
fukuoka/onojo,124,ぜんしゅう家,https://img.bokenjapan.com/media/onojo-dining-40070801.jpg,https://img.bokenjapan.com/media/onojo-dining-40070500.jpg,matched own listing photo
fukuoka/onojo,125,アバシ 大野城南店,https://img.bokenjapan.com/media/onojo-dining-40016247.jpg,https://img.bokenjapan.com/media/onojo-dining-40070801.jpg,matched own listing photo
fukuoka/onojo,126,サイゼリヤ イオン大野城ＳＣ店,https://img.bokenjapan.com/media/onojo-dining-40028006.jpg,https://img.bokenjapan.com/media/onojo-dining-40016247.jpg,matched own listing photo
fukuoka/onojo,127,スシロー 大野城 大城店,https://img.bokenjapan.com/media/onojo-dining-40051507.jpg,https://img.bokenjapan.com/media/onojo-dining-40028006.jpg,matched own listing photo
fukuoka/onojo,128,ＣｏＣｏ壱番屋 福岡南バイパス店,https://img.bokenjapan.com/media/onojo-dining-40005608.jpg,https://img.bokenjapan.com/media/onojo-dining-40051507.jpg,matched own listing photo
fukuoka/onojo,129,能古うどん イオン大野城店,https://img.bokenjapan.com/media/onojo-dining-40039024.jpg,https://img.bokenjapan.com/media/onojo-dining-40005608.jpg,matched own listing photo
fukuoka/onojo,130,ウエスト 御笠川店,https://img.bokenjapan.com/media/onojo-dining-40071644.jpg,https://img.bokenjapan.com/media/onojo-dining-40039024.jpg,matched own listing photo
fukuoka/onojo,131,トリイコ,https://img.bokenjapan.com/media/onojo-dining-40069806.jpg,https://img.bokenjapan.com/media/onojo-dining-40071644.jpg,matched own listing photo
fukuoka/onojo,132,増田家,https://img.bokenjapan.com/media/onojo-dining-40003238.jpg,https://img.bokenjapan.com/media/onojo-dining-40069806.jpg,matched own listing photo
fukuoka/onojo,133,カフェ レソ,https://img.bokenjapan.com/media/onojo-dining-40025353.jpg,,photo belonged to another card; no own photo found
fukuoka/onojo,134,ぱんとおやつの店 はらっぱん,https://img.bokenjapan.com/media/onojo-dining-40052228.jpg,https://img.bokenjapan.com/media/onojo-dining-40025353.jpg,matched own listing photo
fukuoka/onojo,135,日之出屋 大野城店,https://img.bokenjapan.com/media/onojo-dining-40026189.jpg,https://img.bokenjapan.com/media/onojo-dining-40052228.jpg,matched own listing photo
fukuoka/onojo,136,和氣あいあい,https://img.bokenjapan.com/media/onojo-dining-40022623.jpg,https://img.bokenjapan.com/media/onojo-dining-40026189.jpg,matched own listing photo
fukuoka/onojo,137,キラク創作居酒屋,https://img.bokenjapan.com/media/onojo-dining-40000793.jpg,https://img.bokenjapan.com/media/onojo-dining-40022623.jpg,matched own listing photo
fukuoka/onojo,138,本気炭火焼 うつけ,https://img.bokenjapan.com/media/onojo-dining-40004114.jpg,https://img.bokenjapan.com/media/onojo-dining-40000793.jpg,matched own listing photo
fukuoka/onojo,139,ろくのはん,https://img.bokenjapan.com/media/onojo-dining-40041817.jpg,https://img.bokenjapan.com/media/onojo-dining-40004114.jpg,matched own listing photo
fukuoka/onojo,143,グランジュテ タカヤマ,https://img.bokenjapan.com/media/onojo-dining-40035828.jpg,,photo belonged to another card; no own photo found
fukuoka/onojo,144,フードボートテラス,https://img.bokenjapan.com/media/onojo-dining-40056414.jpg,https://img.bokenjapan.com/media/onojo-dining-40035828.jpg,matched own listing photo
fukuoka/onojo,145,かっぱ寿司 大野城店,https://img.bokenjapan.com/media/onojo-dining-40025697.jpg,https://img.bokenjapan.com/media/onojo-dining-40056414.jpg,matched own listing photo
fukuoka/onojo,147,どんどん亭 大野城店,https://img.bokenjapan.com/media/onojo-dining-40031798.jpg,,photo belonged to another card; no own photo found
fukuoka/onojo,148,大野城川久保食堂,https://img.bokenjapan.com/media/onojo-dining-40017629.jpg,https://img.bokenjapan.com/media/onojo-dining-40031798.jpg,matched own listing photo
fukuoka/onojo,149,吉野家 大野城店,https://img.bokenjapan.com/media/onojo-dining-40016667.jpg,https://img.bokenjapan.com/media/onojo-dining-40017629.jpg,matched own listing photo
fukuoka/onojo,150,はま寿司 大野城南ヶ丘店,https://img.bokenjapan.com/media/onojo-dining-40032828.jpg,https://img.bokenjapan.com/media/onojo-dining-40016667.jpg,matched own listing photo
fukuoka/onojo,151,珈琲所 コメダ珈琲店 大野城乙金店,https://img.bokenjapan.com/media/onojo-dining-40051265.jpg,https://img.bokenjapan.com/media/onojo-dining-40032828.jpg,matched own listing photo
fukuoka/onojo,152,久遠チョコレート&DEMI-SEC 福岡大野城店,https://img.bokenjapan.com/media/onojo-dining-40066872.jpg,https://img.bokenjapan.com/media/onojo-dining-40051265.jpg,matched own listing photo
fukuoka/onojo,153,リンガーハット 福岡白木原店,https://img.bokenjapan.com/media/onojo-dining-40016620.jpg,https://img.bokenjapan.com/media/onojo-dining-40066872.jpg,matched own listing photo
fukuoka/onojo,154,一品香 大野城店,https://img.bokenjapan.com/media/onojo-dining-40059455.jpg,https://img.bokenjapan.com/media/onojo-dining-40016620.jpg,matched own listing photo
fukuoka/onojo,155,松屋  大野城横峰店,https://img.bokenjapan.com/media/onojo-dining-40068611.jpg,https://img.bokenjapan.com/media/onojo-dining-40059455.jpg,matched own listing photo
fukuoka/onojo,156,やきとり安兵衛 下大利店,https://img.bokenjapan.com/media/onojo-dining-40011307.jpg,https://img.bokenjapan.com/media/onojo-dining-40068611.jpg,matched own listing photo
fukuoka/onojo,157,九州筑豊ラーメン 山小屋  大野城店,https://img.bokenjapan.com/media/onojo-dining-40067996.jpg,https://img.bokenjapan.com/media/onojo-dining-40011307.jpg,matched own listing photo
fukuoka/onojo,158,琉球料理 安,https://img.bokenjapan.com/media/onojo-dining-40037320.jpg,https://img.bokenjapan.com/media/onojo-dining-40067996.jpg,matched own listing photo
fukuoka/onojo,159,萬ちゃん,https://img.bokenjapan.com/media/onojo-dining-40010179.jpg,https://img.bokenjapan.com/media/onojo-dining-40037320.jpg,matched own listing photo
fukuoka/onojo,163,ギャラリー大石,https://img.bokenjapan.com/media/onojo-dining-40028572.jpg,,photo belonged to another card; no own photo found
fukuoka/onojo,164,たぬ久 大野城店,https://img.bokenjapan.com/media/onojo-dining-40023740.jpg,https://img.bokenjapan.com/media/onojo-dining-40028572.jpg,matched own listing photo
fukuoka/onojo,165,南風荘,https://img.bokenjapan.com/media/onojo-dining-40035676.jpg,https://img.bokenjapan.com/media/onojo-dining-40023740.jpg,matched own listing photo
fukuoka/onojo,166,月と猫,https://img.bokenjapan.com/media/onojo-dining-40060841.jpg,https://img.bokenjapan.com/media/onojo-dining-40035676.jpg,matched own listing photo
fukuoka/onojo,167,ぼんぼり横丁 乙金BASE,https://img.bokenjapan.com/media/onojo-dining-40068621.jpg,https://img.bokenjapan.com/media/onojo-dining-40060841.jpg,matched own listing photo
fukuoka/onojo,168,よしだ屋,https://img.bokenjapan.com/media/onojo-dining-40053422.jpg,,photo belonged to another card; no own photo found
fukuoka/onojo,169,YO-IRI,https://img.bokenjapan.com/media/onojo-dining-40070379.jpg,https://img.bokenjapan.com/media/onojo-dining-40053422.jpg,matched own listing photo
fukuoka/onojo,170,いこいカフェ 大野城店,https://img.bokenjapan.com/media/onojo-dining-40070606.jpg,,photo belonged to another card; no own photo found
fukuoka/onojo,171,2610.COFFEE,https://img.bokenjapan.com/media/onojo-dining-40073804.jpg,https://img.bokenjapan.com/media/onojo-dining-40070606.jpg,matched own listing photo
fukuoka/onojo,172,マクドナルド 3号線御笠川店,https://img.bokenjapan.com/media/onojo-dining-40029361.jpg,https://img.bokenjapan.com/media/onojo-dining-40073804.jpg,matched own listing photo
fukuoka/onojo,173,想夫恋 上大利店,https://img.bokenjapan.com/media/onojo-dining-40044278.jpg,,photo belonged to another card; no own photo found
fukuoka/onojo,174,マクドナルド イオン大野城店,https://img.bokenjapan.com/media/onojo-dining-40019808.jpg,https://img.bokenjapan.com/media/onojo-dining-40044278.jpg,matched own listing photo
fukuoka/onojo,175,元祖ムツゴロウのむっちゃん万十 下大利店,https://img.bokenjapan.com/media/onojo-dining-40027390.jpg,https://img.bokenjapan.com/media/onojo-dining-40019808.jpg,matched own listing photo
fukuoka/onojo,176,やよい軒 イオン大野城店,https://img.bokenjapan.com/media/onojo-dining-40029702.jpg,https://img.bokenjapan.com/media/onojo-dining-40027390.jpg,matched own listing photo
fukuoka/onojo,177,ガスト 太宰府インター店,https://img.bokenjapan.com/media/onojo-dining-40020056.jpg,https://img.bokenjapan.com/media/onojo-dining-40029702.jpg,matched own listing photo
fukuoka/onojo,178,モスバーガー 大野城店,https://img.bokenjapan.com/media/onojo-dining-40040106.jpg,https://img.bokenjapan.com/media/onojo-dining-40020056.jpg,matched own listing photo
fukuoka/onojo,179,ワンカルビ 大野城店,https://img.bokenjapan.com/media/onojo-dining-40046817.jpg,https://img.bokenjapan.com/media/onojo-dining-40040106.jpg,matched own listing photo
fukuoka/onojo,182,博多中華そば 昇龍,https://img.bokenjapan.com/media/onojo-dining-40056536.jpg,,photo belonged to another card; no own photo found
fukuoka/onojo,183,ゆめ畑 大野城店,https://img.bokenjapan.com/media/onojo-dining-40042864.jpg,https://img.bokenjapan.com/media/onojo-dining-40056536.jpg,matched own listing photo
fukuoka/onojo,184,景寅,https://img.bokenjapan.com/media/onojo-dining-40028346.jpg,https://img.bokenjapan.com/media/onojo-dining-40042864.jpg,matched own listing photo
fukuoka/onojo,185,花むら,https://img.bokenjapan.com/media/onojo-dining-40013336.jpg,https://img.bokenjapan.com/media/onojo-dining-40028346.jpg,matched own listing photo
fukuoka/onojo,186,呑鳥,https://img.bokenjapan.com/media/onojo-dining-40056778.jpg,https://img.bokenjapan.com/media/onojo-dining-40013336.jpg,matched own listing photo
fukuoka/onojo,187,一力寿司,https://img.bokenjapan.com/media/onojo-dining-40010627.jpg,https://img.bokenjapan.com/media/onojo-dining-40056778.jpg,matched own listing photo
fukuoka/onojo,188,和人さわらび,https://img.bokenjapan.com/media/onojo-dining-40032832.jpg,https://img.bokenjapan.com/media/onojo-dining-40010627.jpg,matched own listing photo
fukuoka/onojo,189,ぢどり屋,https://img.bokenjapan.com/media/onojo-dining-40013061.jpg,https://img.bokenjapan.com/media/onojo-dining-40032832.jpg,matched own listing photo
fukuoka/onojo,190,居酒屋 わさび,https://img.bokenjapan.com/media/onojo-dining-40040184.jpg,https://img.bokenjapan.com/media/onojo-dining-40013061.jpg,matched own listing photo
fukuoka/onojo,191,珍南亭,https://img.bokenjapan.com/media/onojo-dining-40015458.jpg,https://img.bokenjapan.com/media/onojo-dining-40040184.jpg,matched own listing photo
fukuoka/onojo,192,万歳,https://img.bokenjapan.com/media/onojo-dining-40008712.jpg,https://img.bokenjapan.com/media/onojo-dining-40015458.jpg,matched own listing photo
fukuoka/onojo,193,クロワッサン,https://img.bokenjapan.com/media/onojo-dining-40051169.jpg,https://img.bokenjapan.com/media/onojo-dining-40008712.jpg,matched own listing photo
fukuoka/onojo,194,ビストロ　ロッシェ,https://img.bokenjapan.com/media/onojo-dining-40005708.jpg,https://img.bokenjapan.com/media/onojo-dining-40051169.jpg,matched own listing photo
fukuoka/onojo,195,レグラン,https://img.bokenjapan.com/media/onojo-dining-40026820.jpg,https://img.bokenjapan.com/media/onojo-dining-40005708.jpg,matched own listing photo
fukuoka/onojo,196,如水庵 イオン大野城店,https://img.bokenjapan.com/media/onojo-dining-40028005.jpg,https://img.bokenjapan.com/media/onojo-dining-40026820.jpg,matched own listing photo
fukuoka/onojo,197,鮨 ゆうこう,https://img.bokenjapan.com/media/onojo-dining-40056374.jpg,https://img.bokenjapan.com/media/onojo-dining-40028005.jpg,matched own listing photo
fukuoka/onojo,198,城,https://img.bokenjapan.com/media/onojo-dining-40008724.jpg,https://img.bokenjapan.com/media/onojo-dining-40056374.jpg,matched own listing photo
fukuoka/onojo,199,まるにふみ,https://img.bokenjapan.com/media/onojo-dining-40063789.jpg,https://img.bokenjapan.com/media/onojo-dining-40008724.jpg,matched own listing photo
fukuoka/onojo,202,バンケットロイヤルホール,https://img.bokenjapan.com/media/onojo-dining-40035367.jpg,,photo belonged to another card; no own photo found
fukuoka/onojo,203,あそ望,https://img.bokenjapan.com/media/onojo-dining-40007369.jpg,https://img.bokenjapan.com/media/onojo-dining-40035367.jpg,matched own listing photo
fukuoka/onojo,204,花禅,https://img.bokenjapan.com/media/onojo-dining-40053185.jpg,https://img.bokenjapan.com/media/onojo-dining-40007369.jpg,matched own listing photo
fukuoka/onojo,205,大陸食堂アジアンカフェ,https://img.bokenjapan.com/media/onojo-dining-40012564.jpg,https://img.bokenjapan.com/media/onojo-dining-40053185.jpg,matched own listing photo
fukuoka/onojo,206,やきとり酒場 花ちゃん,https://img.bokenjapan.com/media/onojo-dining-40050290.jpg,https://img.bokenjapan.com/media/onojo-dining-40012564.jpg,matched own listing photo
fukuoka/onojo,207,とんかつ 濵かつ 大野城緑ヶ丘店,https://img.bokenjapan.com/media/onojo-dining-40016510.jpg,https://img.bokenjapan.com/media/onojo-dining-40050290.jpg,matched own listing photo
fukuoka/onojo,208,や台ずし 下大利駅西口町,https://img.bokenjapan.com/media/onojo-dining-40043787.jpg,https://img.bokenjapan.com/media/onojo-dining-40016473.jpg,matched own listing photo
fukuoka/onojo,209,ケンタッキーフライドチキン 白木原店,https://img.bokenjapan.com/media/onojo-dining-40061052.jpg,https://img.bokenjapan.com/media/onojo-dining-40043787.jpg,matched own listing photo
fukuoka/onojo,210,鶏屋山崎 大野城本店,https://img.bokenjapan.com/media/onojo-dining-40053853.jpg,https://img.bokenjapan.com/media/onojo-dining-40061052.jpg,matched own listing photo
fukuoka/onojo,211,からあげ酒場 たこしん,https://img.bokenjapan.com/media/onojo-dining-40051040.jpg,https://img.bokenjapan.com/media/onojo-dining-40053853.jpg,matched own listing photo
fukuoka/onojo,212,道くさ,https://img.bokenjapan.com/media/onojo-dining-40061444.jpg,https://img.bokenjapan.com/media/onojo-dining-40051040.jpg,matched own listing photo
fukuoka/onojo,213,だいやめ,https://img.bokenjapan.com/media/onojo-dining-40013033.jpg,https://img.bokenjapan.com/media/onojo-dining-40061444.jpg,matched own listing photo
fukuoka/onojo,214,寿司割烹 海王,https://img.bokenjapan.com/media/onojo-dining-40049129.jpg,https://img.bokenjapan.com/media/onojo-dining-40013033.jpg,matched own listing photo
fukuoka/onojo,215,すゑ蜂,https://img.bokenjapan.com/media/onojo-dining-40068821.jpg,https://img.bokenjapan.com/media/onojo-dining-40049129.jpg,matched own listing photo
fukuoka/onojo,216,ミュゼ ド モーツアルト 大野城若草店,https://img.bokenjapan.com/media/onojo-dining-40032313.jpg,https://img.bokenjapan.com/media/onojo-dining-40068821.jpg,matched own listing photo
fukuoka/onojo,217,パンだ屋,https://img.bokenjapan.com/media/onojo-dining-40045601.jpg,https://img.bokenjapan.com/media/onojo-dining-40032313.jpg,matched own listing photo
fukuoka/onojo,218,Jazz Bea,https://img.bokenjapan.com/media/onojo-dining-40063554.jpg,https://img.bokenjapan.com/media/onojo-dining-40045601.jpg,matched own listing photo
fukuoka/onojo,221,お酒とお肉の食堂 エンジン,https://img.bokenjapan.com/media/onojo-dining-40073675.jpg,,photo belonged to another card; no own photo found
fukuoka/onojo,222,kitchenこずえ,https://img.bokenjapan.com/media/onojo-dining-40064274.jpg,https://img.bokenjapan.com/media/onojo-dining-40073675.jpg,matched own listing photo
fukuoka/onojo,224,茶房 ほんとよしなに,https://img.bokenjapan.com/media/onojo-dining-40064032.jpg,https://img.bokenjapan.com/media/onojo-dining-40064274.jpg,matched own listing photo
fukuoka/onojo,225,ミスタードーナツ イオン大野城ショップ,https://img.bokenjapan.com/media/onojo-dining-40013218.jpg,https://img.bokenjapan.com/media/onojo-dining-40064032.jpg,matched own listing photo
fukuoka/onojo,226,十六雑穀オムライス＆ドリア専門店 おむらいす亭 福岡イオン大野城店,https://img.bokenjapan.com/media/onojo-dining-40016473.jpg,,photo belonged to another card; no own photo found
fukuoka/onojo,227,や台ずし 白木原町,https://img.bokenjapan.com/media/onojo-dining-40026181.jpg,https://img.bokenjapan.com/media/onojo-dining-40016473.jpg,matched own listing photo
fukuoka/onojo,228,シャトレーゼ 大野城店,https://img.bokenjapan.com/media/onojo-dining-40028920.jpg,https://img.bokenjapan.com/media/onojo-dining-40026181.jpg,matched own listing photo
fukuoka/onojo,229,一本堂 福岡春日原店,https://img.bokenjapan.com/media/onojo-dining-40050539.jpg,https://img.bokenjapan.com/media/onojo-dining-40028920.jpg,matched own listing photo
fukuoka/onojo,230,つづみ団子 大野城店,https://img.bokenjapan.com/media/onojo-dining-40057625.jpg,https://img.bokenjapan.com/media/onojo-dining-40050539.jpg,matched own listing photo
fukuoka/onojo,231,十勝あんこのサザエ イオン大野城,https://img.bokenjapan.com/media/onojo-dining-40028688.jpg,https://img.bokenjapan.com/media/onojo-dining-40057625.jpg,matched own listing photo
fukuoka/onojo,232,サーティワンアイスクリーム イオン大野城店,https://img.bokenjapan.com/media/onojo-dining-40026989.jpg,https://img.bokenjapan.com/media/onojo-dining-40028688.jpg,matched own listing photo
fukuoka/onojo,233,博多とよ唐亭　 白木原店,https://img.bokenjapan.com/media/onojo-dining-40040629.jpg,https://img.bokenjapan.com/media/onojo-dining-40026989.jpg,matched own listing photo
fukuoka/onojo,234,九州名物とめ手羽 白木原店,https://img.bokenjapan.com/media/onojo-dining-40048772.jpg,https://img.bokenjapan.com/media/onojo-dining-40040629.jpg,matched own listing photo
fukuoka/onojo,235,スモモ イオン乙金店,https://img.bokenjapan.com/media/onojo-dining-40054290.jpg,https://img.bokenjapan.com/media/onojo-dining-40048772.jpg,matched own listing photo
fukuoka/onojo,236,モスバーガー 牛頸店,https://img.bokenjapan.com/media/onojo-dining-40024059.jpg,https://img.bokenjapan.com/media/onojo-dining-40020056.jpg,matched own listing photo
fukuoka/onojo,237,晩酌亭 白木原店,https://img.bokenjapan.com/media/onojo-dining-40054387.jpg,https://img.bokenjapan.com/media/onojo-dining-40024059.jpg,matched own listing photo
fukuoka/onojo,238,魚丼 春日原駅前店,https://img.bokenjapan.com/media/onojo-dining-40064718.jpg,,photo belonged to another card; no own photo found
fukuoka/onojo,239,とよ唐亭 乙金店,https://img.bokenjapan.com/media/onojo-dining-40039399.jpg,https://img.bokenjapan.com/media/onojo-dining-40064718.jpg,matched own listing photo
fukuoka/onojo,242,パン工場 御笠川店,https://img.bokenjapan.com/media/onojo-dining-40025408.jpg,,photo belonged to another card; no own photo found
fukuoka/onojo,243,仁屋,https://img.bokenjapan.com/media/onojo-dining-40054960.jpg,https://img.bokenjapan.com/media/onojo-dining-40025408.jpg,matched own listing photo
fukuoka/onojo,244,千鳥屋 錦町店,https://img.bokenjapan.com/media/onojo-dining-40059403.jpg,https://img.bokenjapan.com/media/onojo-dining-40054960.jpg,matched own listing photo
fukuoka/onojo,245,フードボートカフェ,https://img.bokenjapan.com/media/onojo-dining-40054760.jpg,https://img.bokenjapan.com/media/onojo-dining-40059403.jpg,matched own listing photo
fukuoka/onojo,246,串王DINER 乙金店,https://img.bokenjapan.com/media/onojo-dining-40052656.jpg,https://img.bokenjapan.com/media/onojo-dining-40054760.jpg,matched own listing photo
fukuoka/onojo,247,くろまる 白木原本店,https://img.bokenjapan.com/media/onojo-dining-40052881.jpg,https://img.bokenjapan.com/media/onojo-dining-40052656.jpg,matched own listing photo
fukuoka/onojo,248,一味,https://img.bokenjapan.com/media/onojo-dining-40014862.jpg,https://img.bokenjapan.com/media/onojo-dining-40052881.jpg,matched own listing photo
fukuoka/onojo,249,明月堂 イオン大野城店,https://img.bokenjapan.com/media/onojo-dining-40030664.jpg,https://img.bokenjapan.com/media/onojo-dining-40014862.jpg,matched own listing photo
fukuoka/onojo,250,ほっともっと 大野城大城店,https://img.bokenjapan.com/media/onojo-dining-40040393.jpg,https://img.bokenjapan.com/media/onojo-dining-40030664.jpg,matched own listing photo
fukuoka/onojo,251,とよ唐亭 春日原駅前店,https://img.bokenjapan.com/media/onojo-dining-40066354.jpg,https://img.bokenjapan.com/media/onojo-dining-40040393.jpg,matched own listing photo
fukuoka/onojo,252,吉野家  福岡春日原店,https://img.bokenjapan.com/media/onojo-dining-40068702.jpg,https://img.bokenjapan.com/media/onojo-dining-40066354.jpg,matched own listing photo
fukuoka/onojo,253,居酒屋 海舟,https://img.bokenjapan.com/media/onojo-dining-40044070.jpg,https://img.bokenjapan.com/media/onojo-dining-40068702.jpg,matched own listing photo
fukuoka/onojo,254,ほっともっと 大野城旭ヶ丘店,https://img.bokenjapan.com/media/onojo-dining-40040392.jpg,https://img.bokenjapan.com/media/onojo-dining-40044070.jpg,matched own listing photo
fukuoka/onojo,255,クック・チャム 南ヶ丘店,https://img.bokenjapan.com/media/onojo-dining-40029134.jpg,https://img.bokenjapan.com/media/onojo-dining-40040392.jpg,matched own listing photo
fukuoka/onojo,256,さか本,https://img.bokenjapan.com/media/onojo-dining-40014330.jpg,https://img.bokenjapan.com/media/onojo-dining-40029134.jpg,matched own listing photo
fukuoka/onojo,257,博多大串 王手飛車,https://img.bokenjapan.com/media/onojo-dining-40042655.jpg,https://img.bokenjapan.com/media/onojo-dining-40014330.jpg,matched own listing photo
fukuoka/onojo,258,カフェ ヒュッテ,https://img.bokenjapan.com/media/onojo-dining-40041257.jpg,https://img.bokenjapan.com/media/onojo-dining-40042655.jpg,matched own listing photo
fukuoka/onojo,259,湖月堂 イオン大野城店,https://img.bokenjapan.com/media/onojo-dining-40030666.jpg,https://img.bokenjapan.com/media/onojo-dining-40041257.jpg,matched own listing photo
fukuoka/onojo,262,しゅんら,https://img.bokenjapan.com/media/onojo-dining-40073386.jpg,,photo belonged to another card; no own photo found
fukuoka/onojo,263,焼鳥百ちゃん,https://img.bokenjapan.com/media/onojo-dining-40022180.jpg,https://img.bokenjapan.com/media/onojo-dining-40073386.jpg,matched own listing photo
fukuoka/onojo,264,ほっともっと 南バイパス店,https://img.bokenjapan.com/media/onojo-dining-40040401.jpg,https://img.bokenjapan.com/media/onojo-dining-40022180.jpg,matched own listing photo
fukuoka/onojo,265,玉収,https://img.bokenjapan.com/media/onojo-dining-40051872.jpg,https://img.bokenjapan.com/media/onojo-dining-40040401.jpg,matched own listing photo
fukuoka/onojo,266,ケトルカフェ,https://img.bokenjapan.com/media/onojo-dining-40016890.jpg,https://img.bokenjapan.com/media/onojo-dining-40051872.jpg,matched own listing photo
fukuoka/onojo,267,クック・チャム まどかぴあ前店,https://img.bokenjapan.com/media/onojo-dining-40029135.jpg,https://img.bokenjapan.com/media/onojo-dining-40016890.jpg,matched own listing photo
fukuoka/onojo,269,カンパン,https://img.bokenjapan.com/media/onojo-dining-40051853.jpg,https://img.bokenjapan.com/media/onojo-dining-40029135.jpg,matched own listing photo
fukuoka/onojo,270,伽羅,https://img.bokenjapan.com/media/onojo-dining-40012244.jpg,https://img.bokenjapan.com/media/onojo-dining-40051853.jpg,matched own listing photo
fukuoka/onojo,271,焼とりやす,https://img.bokenjapan.com/media/onojo-dining-40008711.jpg,https://img.bokenjapan.com/media/onojo-dining-40012244.jpg,matched own listing photo
fukuoka/onojo,272,カフェ トータス,https://img.bokenjapan.com/media/onojo-dining-40043769.jpg,https://img.bokenjapan.com/media/onojo-dining-40008711.jpg,matched own listing photo
fukuoka/onojo,273,やぐら,https://img.bokenjapan.com/media/onojo-dining-40035296.jpg,https://img.bokenjapan.com/media/onojo-dining-40043769.jpg,matched own listing photo
fukuoka/onojo,274,大草,https://img.bokenjapan.com/media/onojo-dining-40026888.jpg,https://img.bokenjapan.com/media/onojo-dining-40035296.jpg,matched own listing photo
fukuoka/onojo,275,からつ庵 イオンモール乙金店,https://img.bokenjapan.com/media/onojo-dining-40046503.jpg,https://img.bokenjapan.com/media/onojo-dining-40026888.jpg,matched own listing photo
fukuoka/onojo,276,鉄板焼き 縁亭,https://img.bokenjapan.com/media/onojo-dining-40055191.jpg,https://img.bokenjapan.com/media/onojo-dining-40046503.jpg,matched own listing photo
fukuoka/onojo,277,Pan cosao,https://img.bokenjapan.com/media/onojo-dining-40066415.jpg,https://img.bokenjapan.com/media/onojo-dining-40055191.jpg,matched own listing photo
fukuoka/onojo,278,大城の森,https://img.bokenjapan.com/media/onojo-dining-40062515.jpg,https://img.bokenjapan.com/media/onojo-dining-40066415.jpg,matched own listing photo
fukuoka/onojo,279,ふわりぱん,https://img.bokenjapan.com/media/onojo-dining-40068095.jpg,https://img.bokenjapan.com/media/onojo-dining-40062515.jpg,matched own listing photo
fukuoka/onojo,282,CAFE Lalala,https://img.bokenjapan.com/media/onojo-dining-40061825.jpg,,photo belonged to another card; no own photo found
fukuoka/onojo,283,カラオケサウンドパーク 大野城店,https://img.bokenjapan.com/media/onojo-dining-40040716.jpg,https://img.bokenjapan.com/media/onojo-dining-40061825.jpg,matched own listing photo
fukuoka/onojo,284,サト～食鮮館 山田店,https://img.bokenjapan.com/media/onojo-dining-40046371.jpg,https://img.bokenjapan.com/media/onojo-dining-40040716.jpg,matched own listing photo
fukuoka/onojo,285,BAKED GOODS LAPIN,https://img.bokenjapan.com/media/onojo-dining-40067567.jpg,https://img.bokenjapan.com/media/onojo-dining-40046371.jpg,matched own listing photo
fukuoka/onojo,286,HAKATA 食パン家 若草店,https://img.bokenjapan.com/media/onojo-dining-40056843.jpg,https://img.bokenjapan.com/media/onojo-dining-40067567.jpg,matched own listing photo
fukuoka/onojo,287,からあげ専門店 鶏膳,https://img.bokenjapan.com/media/onojo-dining-40056330.jpg,https://img.bokenjapan.com/media/onojo-dining-40056843.jpg,matched own listing photo
fukuoka/onojo,288,焼鳥正吉,https://img.bokenjapan.com/media/onojo-dining-40008723.jpg,https://img.bokenjapan.com/media/onojo-dining-40056330.jpg,matched own listing photo
fukuoka/onojo,289,セブンイレブン 大野城御笠川4丁目店,https://img.bokenjapan.com/media/onojo-dining-40065864.jpg,https://img.bokenjapan.com/media/onojo-dining-40008723.jpg,matched own listing photo
fukuoka/onojo,290,ほっともっと 大野城まどかぴあ前店,https://img.bokenjapan.com/media/onojo-dining-40040391.jpg,https://img.bokenjapan.com/media/onojo-dining-40065864.jpg,matched own listing photo
fukuoka/onojo,291,ミュゼドモーツアルト イオン大野城店,https://img.bokenjapan.com/media/onojo-dining-40056415.jpg,https://img.bokenjapan.com/media/onojo-dining-40040391.jpg,matched own listing photo
fukuoka/onojo,292,千茶堂 白木原店,https://img.bokenjapan.com/media/onojo-dining-40052899.jpg,https://img.bokenjapan.com/media/onojo-dining-40056415.jpg,matched own listing photo
fukuoka/onojo,293,Patisserie 一実 イオン乙金店,https://img.bokenjapan.com/media/onojo-dining-40058570.jpg,https://img.bokenjapan.com/media/onojo-dining-40052899.jpg,matched own listing photo
fukuoka/onojo,294,旬菜焚火 丸屋,https://img.bokenjapan.com/media/onojo-dining-40054327.jpg,https://img.bokenjapan.com/media/onojo-dining-40058570.jpg,matched own listing photo
fukuoka/onojo,295,ビーンズカフェ 南ヶ丘店,https://img.bokenjapan.com/media/onojo-dining-40042979.jpg,https://img.bokenjapan.com/media/onojo-dining-40054327.jpg,matched own listing photo
fukuoka/onojo,297,からあげ ドラゴン,https://img.bokenjapan.com/media/onojo-dining-40065503.jpg,,photo belonged to another card; no own photo found
fukuoka/onojo,299,Rcafe イオン乙金店,https://img.bokenjapan.com/media/onojo-dining-40054879.jpg,https://img.bokenjapan.com/media/onojo-dining-40065503.jpg,matched own listing photo
fukuoka/onojo,301,お茶の山口園 イオン大野城SC,https://img.bokenjapan.com/media/onojo-dining-40050345.jpg,,photo belonged to another card; no own photo found
fukuoka/onojo,302,かば田 イオン大野城店,https://img.bokenjapan.com/media/onojo-dining-40062019.jpg,https://img.bokenjapan.com/media/onojo-dining-40050345.jpg,matched own listing photo
fukuoka/onojo,303,ドミノ・ピザ 下大利店,https://img.bokenjapan.com/media/onojo-dining-40035464.jpg,https://img.bokenjapan.com/media/onojo-dining-40062019.jpg,matched own listing photo
fukuoka/onojo,304,焼鳥酒場 みどるとん,https://img.bokenjapan.com/media/onojo-dining-40059752.jpg,https://img.bokenjapan.com/media/onojo-dining-40035464.jpg,matched own listing photo
fukuoka/onojo,305,マル通商店,https://img.bokenjapan.com/media/onojo-dining-40063229.jpg,https://img.bokenjapan.com/media/onojo-dining-40059752.jpg,matched own listing photo
fukuoka/onojo,306,Sweet Lulu,https://img.bokenjapan.com/media/onojo-dining-40056889.jpg,https://img.bokenjapan.com/media/onojo-dining-40063229.jpg,matched own listing photo
fukuoka/onojo,307,おむすびコロコロ 大野城店,https://img.bokenjapan.com/media/onojo-dining-40074003.jpg,https://img.bokenjapan.com/media/onojo-dining-40056889.jpg,matched own listing photo
fukuoka/onojo,308,GOGO CHICKEN,https://img.bokenjapan.com/media/onojo-dining-40063094.jpg,,photo belonged to another card; no own photo found
fukuoka/onojo,309,カルディコーヒーファーム イオン大野城SC店,https://img.bokenjapan.com/media/onojo-dining-40059771.jpg,https://img.bokenjapan.com/media/onojo-dining-40063094.jpg,matched own listing photo
fukuoka/onojo,314,ファミリーマート 大野城乙金店,https://img.bokenjapan.com/media/onojo-dining-40051741.jpg,https://img.bokenjapan.com/media/onojo-dining-40059771.jpg,matched own listing photo
fukuoka/onojo,315,セブンイレブン 大野城下大利1丁目,https://img.bokenjapan.com/media/onojo-dining-40072816.jpg,https://img.bokenjapan.com/media/onojo-dining-40051741.jpg,matched own listing photo
fukuoka/onojo,317,CACCO COFFEE,https://img.bokenjapan.com/media/onojo-dining-40073767.jpg,https://img.bokenjapan.com/media/onojo-dining-40072816.jpg,matched own listing photo
fukuoka/onojo,318,太宰府ぎょうざ 六九 大野城大城店,https://img.bokenjapan.com/media/onojo-dining-40058632.jpg,https://img.bokenjapan.com/media/onojo-dining-40073767.jpg,matched own listing photo
fukuoka/onojo,319,Bio Ciao!,https://img.bokenjapan.com/media/onojo-dining-40074152.jpg,https://img.bokenjapan.com/media/onojo-dining-40058632.jpg,matched own listing photo
fukuoka/onojo,323,しかしま,https://img.bokenjapan.com/media/onojo-dining-40066041.jpg,,photo belonged to another card; no own photo found
fukuoka/onojo,324,マルキョウ 南大利店,https://img.bokenjapan.com/media/onojo-dining-40059688.jpg,https://img.bokenjapan.com/media/onojo-dining-40066041.jpg,matched own listing photo
fukuoka/onojo,330,マムスタジオ,https://img.bokenjapan.com/media/onojo-dining-40047118.jpg,https://img.bokenjapan.com/media/onojo-dining-40059688.jpg,matched own listing photo
fukuoka/oto,2,道の駅 おおとう桜街道 もみじ館,https://img.bokenjapan.com/media/oto-dining-40031871.jpg,,photo belonged to another card; no own photo found
fukuoka/oto,3,壱好,https://img.bokenjapan.com/media/oto-dining-40037450.jpg,https://img.bokenjapan.com/media/oto-dining-40031871.jpg,matched own listing photo
fukuoka/oto,4,神だこ,https://img.bokenjapan.com/media/oto-dining-40030872.jpg,https://img.bokenjapan.com/media/oto-dining-40037450.jpg,matched own listing photo
fukuoka/oto,5,道の駅おおとう桜街道 さくら館,https://img.bokenjapan.com/media/oto-dining-40048641.jpg,https://img.bokenjapan.com/media/oto-dining-40030872.jpg,matched own listing photo
fukuoka/oto,6,カフェ チェリーロード,https://img.bokenjapan.com/media/oto-dining-40048000.jpg,https://img.bokenjapan.com/media/oto-dining-40048641.jpg,matched own listing photo
fukuoka/oto,7,丸亀うどん,https://img.bokenjapan.com/media/oto-dining-40043328.jpg,https://img.bokenjapan.com/media/oto-dining-40048000.jpg,matched own listing photo
fukuoka/oto,8,キッチン わぽ,https://img.bokenjapan.com/media/oto-dining-40057575.jpg,https://img.bokenjapan.com/media/oto-dining-40043328.jpg,matched own listing photo
fukuoka/oto,9,PANET,https://img.bokenjapan.com/media/oto-dining-40049467.jpg,https://img.bokenjapan.com/media/oto-dining-40057575.jpg,matched own listing photo
fukuoka/oto,10,みもざ,https://img.bokenjapan.com/media/oto-dining-40070620.jpg,https://img.bokenjapan.com/media/oto-dining-40049467.jpg,matched own listing photo
fukuoka/oto,11,らーめん　咲ら,https://img.bokenjapan.com/media/oto-dining-40027345.jpg,https://img.bokenjapan.com/media/oto-dining-40070620.jpg,matched own listing photo
fukuoka/oto,12,本場大阪 たこ焼き くるりんちょ,https://img.bokenjapan.com/media/oto-dining-40059613.jpg,https://img.bokenjapan.com/media/oto-dining-40027345.jpg,matched own listing photo
fukuoka/oto,13,鷹羽ロイヤルカントリークラブ,https://img.bokenjapan.com/media/oto-dining-40043757.jpg,https://img.bokenjapan.com/media/oto-dining-40059613.jpg,matched own listing photo
fukuoka/oto,14,スマイルチキン！,https://img.bokenjapan.com/media/oto-dining-40037731.jpg,https://img.bokenjapan.com/media/oto-dining-40043757.jpg,matched own listing photo
fukuoka/oto,15,揚物屋 弁天,https://img.bokenjapan.com/media/oto-dining-40058070.jpg,https://img.bokenjapan.com/media/oto-dining-40037731.jpg,matched own listing photo
fukuoka/oto,16,サニーサイド,https://img.bokenjapan.com/media/oto-dining-40027346.jpg,https://img.bokenjapan.com/media/oto-dining-40058070.jpg,matched own listing photo
fukuoka/oto,26,定食ミホ,https://img.bokenjapan.com/media/oto-dining-40015463-p.webp,,photo belonged to another card; no own photo found
fukuoka/oto,27,味処 峠茶屋,https://img.bokenjapan.com/media/oto-dining-ta7483637-p.webp,https://img.bokenjapan.com/media/oto-dining-40015463-p.webp,matched own listing photo
fukuoka/sasaguri,2,茶房　わらび野,https://img.bokenjapan.com/media/sasaguri-dining-40006425.jpg,,photo belonged to another card; no own photo found
fukuoka/sasaguri,3,篠栗うどん,https://img.bokenjapan.com/media/sasaguri-dining-40015186.jpg,https://img.bokenjapan.com/media/sasaguri-dining-40006425.jpg,matched own listing photo
fukuoka/sasaguri,4,中華そば タンポポ,https://img.bokenjapan.com/media/sasaguri-dining-40068172.jpg,https://img.bokenjapan.com/media/sasaguri-dining-40015186.jpg,matched own listing photo
fukuoka/sasaguri,5,スリランカ カレーレストラン ひすず,https://img.bokenjapan.com/media/sasaguri-dining-40058057.jpg,https://img.bokenjapan.com/media/sasaguri-dining-40068172.jpg,matched own listing photo
fukuoka/sasaguri,6,蕎麦 文治郎,https://img.bokenjapan.com/media/sasaguri-dining-40063974.jpg,https://img.bokenjapan.com/media/sasaguri-dining-40058057.jpg,matched own listing photo
fukuoka/sasaguri,7,地蔵とうふ 篠栗店,https://img.bokenjapan.com/media/sasaguri-dining-40020236.jpg,https://img.bokenjapan.com/media/sasaguri-dining-40063974.jpg,matched own listing photo
fukuoka/sasaguri,8,蕎麦切 桜花,https://img.bokenjapan.com/media/sasaguri-dining-40010007.jpg,https://img.bokenjapan.com/media/sasaguri-dining-40020236.jpg,matched own listing photo
fukuoka/sasaguri,9,bubude coffee,https://img.bokenjapan.com/media/sasaguri-dining-40052481.jpg,https://img.bokenjapan.com/media/sasaguri-dining-40010007.jpg,matched own listing photo
fukuoka/sasaguri,10,バーガー トウカ,https://img.bokenjapan.com/media/sasaguri-dining-40047405.jpg,https://img.bokenjapan.com/media/sasaguri-dining-40052481.jpg,matched own listing photo
fukuoka/sasaguri,11,ひみつキッチン ナカニシ,https://img.bokenjapan.com/media/sasaguri-dining-40055096.jpg,https://img.bokenjapan.com/media/sasaguri-dining-40047405.jpg,matched own listing photo
fukuoka/sasaguri,12,ステーキハウス WINNERs 篠栗店,https://img.bokenjapan.com/media/sasaguri-dining-40070256.jpg,https://img.bokenjapan.com/media/sasaguri-dining-40055096.jpg,matched own listing photo
fukuoka/sasaguri,13,あげもんのさかえや,https://img.bokenjapan.com/media/sasaguri-dining-40037913.jpg,https://img.bokenjapan.com/media/sasaguri-dining-40070256.jpg,matched own listing photo
fukuoka/sasaguri,14,桃花苑,https://img.bokenjapan.com/media/sasaguri-dining-40007333.jpg,https://img.bokenjapan.com/media/sasaguri-dining-40037913.jpg,matched own listing photo
fukuoka/sasaguri,15,リヤク,https://img.bokenjapan.com/media/sasaguri-dining-40043961.jpg,https://img.bokenjapan.com/media/sasaguri-dining-40007333.jpg,matched own listing photo
fukuoka/sasaguri,16,パンサク,https://img.bokenjapan.com/media/sasaguri-dining-40024283.jpg,https://img.bokenjapan.com/media/sasaguri-dining-40043961.jpg,matched own listing photo
fukuoka/sasaguri,17,欧風食堂 オッタントット,https://img.bokenjapan.com/media/sasaguri-dining-40050749.jpg,https://img.bokenjapan.com/media/sasaguri-dining-40024283.jpg,matched own listing photo
fukuoka/sasaguri,18,Yamaya Factory Terrace,https://img.bokenjapan.com/media/sasaguri-dining-40065165.jpg,https://img.bokenjapan.com/media/sasaguri-dining-40050749.jpg,matched own listing photo
fukuoka/sasaguri,19,菓子工房 菓楽,https://img.bokenjapan.com/media/sasaguri-dining-40021170.jpg,https://img.bokenjapan.com/media/sasaguri-dining-40065165.jpg,matched own listing photo
fukuoka/sasaguri,22,JAVA COFFEE YARD,https://img.bokenjapan.com/media/sasaguri-dining-40065878.jpg,,photo belonged to another card; no own photo found
fukuoka/sasaguri,23,喫茶 陶花,https://img.bokenjapan.com/media/sasaguri-dining-40002230.jpg,https://img.bokenjapan.com/media/sasaguri-dining-40065878.jpg,matched own listing photo
fukuoka/sasaguri,24,肉最強伝説 篠栗店,https://img.bokenjapan.com/media/sasaguri-dining-40059850.jpg,https://img.bokenjapan.com/media/sasaguri-dining-40002230.jpg,matched own listing photo
fukuoka/sasaguri,25,俺野塩,https://img.bokenjapan.com/media/sasaguri-dining-40065843.jpg,https://img.bokenjapan.com/media/sasaguri-dining-40059850.jpg,matched own listing photo
fukuoka/sasaguri,26,339Re,https://img.bokenjapan.com/media/sasaguri-dining-40059844.jpg,https://img.bokenjapan.com/media/sasaguri-dining-40065843.jpg,matched own listing photo
fukuoka/sasaguri,27,自家製酵母パン なないろ,https://img.bokenjapan.com/media/sasaguri-dining-40056600.jpg,https://img.bokenjapan.com/media/sasaguri-dining-40059844.jpg,matched own listing photo
fukuoka/sasaguri,28,だいあん,https://img.bokenjapan.com/media/sasaguri-dining-40009352.jpg,https://img.bokenjapan.com/media/sasaguri-dining-40056600.jpg,matched own listing photo
fukuoka/sasaguri,29,よしみ,https://img.bokenjapan.com/media/sasaguri-dining-40014791.jpg,,photo belonged to another card; no own photo found
fukuoka/sasaguri,30,うどんの小麦冶 八木山バイパス店,https://img.bokenjapan.com/media/sasaguri-dining-40023979.jpg,https://img.bokenjapan.com/media/sasaguri-dining-40014791.jpg,matched own listing photo
fukuoka/sasaguri,31,筑豊ラーメン山小屋 篠栗店,https://img.bokenjapan.com/media/sasaguri-dining-40036841.jpg,https://img.bokenjapan.com/media/sasaguri-dining-40023979.jpg,matched own listing photo
fukuoka/sasaguri,32,吉田屋,https://img.bokenjapan.com/media/sasaguri-dining-40013861.jpg,https://img.bokenjapan.com/media/sasaguri-dining-40036841.jpg,matched own listing photo
fukuoka/sasaguri,33,荒神茶屋,https://img.bokenjapan.com/media/sasaguri-dining-40041553.jpg,https://img.bokenjapan.com/media/sasaguri-dining-40013861.jpg,matched own listing photo
fukuoka/sasaguri,34,港屋,https://img.bokenjapan.com/media/sasaguri-dining-40015112.jpg,https://img.bokenjapan.com/media/sasaguri-dining-40041553.jpg,matched own listing photo
fukuoka/sasaguri,35,居酒屋 とり玄,https://img.bokenjapan.com/media/sasaguri-dining-40061846.jpg,https://img.bokenjapan.com/media/sasaguri-dining-40015112.jpg,matched own listing photo
fukuoka/sasaguri,36,資さんうどん アクロスプラザ篠栗店,https://img.bokenjapan.com/media/sasaguri-dining-40068795.jpg,https://img.bokenjapan.com/media/sasaguri-dining-40061846.jpg,matched own listing photo
fukuoka/sasaguri,37,村嶋饅頭店,https://img.bokenjapan.com/media/sasaguri-dining-40031291.jpg,https://img.bokenjapan.com/media/sasaguri-dining-40068795.jpg,matched own listing photo
fukuoka/sasaguri,38,広島屋,https://img.bokenjapan.com/media/sasaguri-dining-40012387.jpg,https://img.bokenjapan.com/media/sasaguri-dining-40031291.jpg,matched own listing photo
fukuoka/sasaguri,39,たまや,https://img.bokenjapan.com/media/sasaguri-dining-40060163.jpg,https://img.bokenjapan.com/media/sasaguri-dining-40012387.jpg,matched own listing photo
fukuoka/sasaguri,42,海のまんま・海鮮味楽,https://img.bokenjapan.com/media/sasaguri-dining-40010650.jpg,,photo belonged to another card; no own photo found
fukuoka/sasaguri,43,若杉の湯,https://img.bokenjapan.com/media/sasaguri-dining-40032661.jpg,https://img.bokenjapan.com/media/sasaguri-dining-40010650.jpg,matched own listing photo
fukuoka/sasaguri,44,ウエスト 篠栗店,https://img.bokenjapan.com/media/sasaguri-dining-40064035.jpg,,photo belonged to another card; no own photo found
fukuoka/sasaguri,45,直ちゃん市場,https://img.bokenjapan.com/media/sasaguri-dining-40013649.jpg,https://img.bokenjapan.com/media/sasaguri-dining-40064035.jpg,matched own listing photo
fukuoka/sasaguri,46,MiG by Jill,https://img.bokenjapan.com/media/sasaguri-dining-40042169.jpg,https://img.bokenjapan.com/media/sasaguri-dining-40013649.jpg,matched own listing photo
fukuoka/sasaguri,47,萩や,https://img.bokenjapan.com/media/sasaguri-dining-40037820.jpg,https://img.bokenjapan.com/media/sasaguri-dining-40042169.jpg,matched own listing photo
fukuoka/sasaguri,48,福岡篠栗食堂,https://img.bokenjapan.com/media/sasaguri-dining-40017585.jpg,https://img.bokenjapan.com/media/sasaguri-dining-40037820.jpg,matched own listing photo
fukuoka/sasaguri,49,バイキングレストラン志高 福岡篠栗店,https://img.bokenjapan.com/media/sasaguri-dining-40031968.jpg,https://img.bokenjapan.com/media/sasaguri-dining-40017585.jpg,matched own listing photo
fukuoka/sasaguri,50,とり焼肉 悠和,https://img.bokenjapan.com/media/sasaguri-dining-40072479.jpg,https://img.bokenjapan.com/media/sasaguri-dining-40031968.jpg,matched own listing photo
fukuoka/sasaguri,51,アイアイささぐり,https://img.bokenjapan.com/media/sasaguri-dining-40056514.jpg,https://img.bokenjapan.com/media/sasaguri-dining-40072479.jpg,matched own listing photo
fukuoka/sasaguri,52,真心ダイニング 厨～りっぷ,https://img.bokenjapan.com/media/sasaguri-dining-40025444.jpg,https://img.bokenjapan.com/media/sasaguri-dining-40056514.jpg,matched own listing photo
fukuoka/sasaguri,53,本場インドカレースミ 篠栗店,https://img.bokenjapan.com/media/sasaguri-dining-40072761.jpg,https://img.bokenjapan.com/media/sasaguri-dining-40025444.jpg,matched own listing photo
fukuoka/sasaguri,55,たい焼きKATO,https://img.bokenjapan.com/media/sasaguri-dining-40069194.jpg,,photo belonged to another card; no own photo found
fukuoka/sasaguri,56,バー ソノラ,https://img.bokenjapan.com/media/sasaguri-dining-40045490.jpg,https://img.bokenjapan.com/media/sasaguri-dining-40069194.jpg,matched own listing photo
fukuoka/sasaguri,59,地鶏食堂 篠栗店,https://img.bokenjapan.com/media/sasaguri-dining-40058987.jpg,,photo belonged to another card; no own photo found
fukuoka/sasaguri,60,お肉の直売所 野田ミート 篠栗店,https://img.bokenjapan.com/media/sasaguri-dining-40053717.jpg,https://img.bokenjapan.com/media/sasaguri-dining-40058987.jpg,matched own listing photo
fukuoka/sasaguri,61,寿し豊,https://img.bokenjapan.com/media/sasaguri-dining-40010802.jpg,https://img.bokenjapan.com/media/sasaguri-dining-40053717.jpg,matched own listing photo
fukuoka/sasaguri,62,南蔵院 駅売店,https://img.bokenjapan.com/media/sasaguri-dining-40036405.jpg,,photo belonged to another card; no own photo found
fukuoka/sasaguri,63,元祖スタミナ焼きそばーば,https://img.bokenjapan.com/media/sasaguri-dining-40057307.jpg,https://img.bokenjapan.com/media/sasaguri-dining-40036405.jpg,matched own listing photo
fukuoka/sasaguri,64,Cafe ベイベリー,https://img.bokenjapan.com/media/sasaguri-dining-40052095.jpg,https://img.bokenjapan.com/media/sasaguri-dining-40057307.jpg,matched own listing photo
fukuoka/sasaguri,65,煙巻ん,https://img.bokenjapan.com/media/sasaguri-dining-40068524.jpg,https://img.bokenjapan.com/media/sasaguri-dining-40052095.jpg,matched own listing photo
fukuoka/sasaguri,66,純一 篠栗店,https://img.bokenjapan.com/media/sasaguri-dining-40068856.jpg,,photo belonged to another card; no own photo found
fukuoka/sasaguri,67,OHANA,https://img.bokenjapan.com/media/sasaguri-dining-40010683.jpg,https://img.bokenjapan.com/media/sasaguri-dining-40068856.jpg,matched own listing photo
fukuoka/sasaguri,68,チートデイ,https://img.bokenjapan.com/media/sasaguri-dining-40065985.jpg,https://img.bokenjapan.com/media/sasaguri-dining-40010683.jpg,matched own listing photo
fukuoka/sasaguri,69,ユーキの手作り弁当,https://img.bokenjapan.com/media/sasaguri-dining-40052761.jpg,https://img.bokenjapan.com/media/sasaguri-dining-40065985.jpg,matched own listing photo
fukuoka/sasaguri,70,お寺喫茶 楓,https://img.bokenjapan.com/media/sasaguri-dining-40065517.jpg,https://img.bokenjapan.com/media/sasaguri-dining-40052761.jpg,matched own listing photo
fukuoka/sasaguri,71,おむすび屋かぶき,https://img.bokenjapan.com/media/sasaguri-dining-40073558.jpg,https://img.bokenjapan.com/media/sasaguri-dining-40065517.jpg,matched own listing photo
fukuoka/sasaguri,72,TRIAL GO 篠栗尾仲店,https://img.bokenjapan.com/media/sasaguri-dining-40066290.jpg,https://img.bokenjapan.com/media/sasaguri-dining-40073558.jpg,matched own listing photo
fukuoka/sasaguri,73,お休み処 ひらわ,https://img.bokenjapan.com/media/sasaguri-dining-40055128.jpg,https://img.bokenjapan.com/media/sasaguri-dining-40066290.jpg,matched own listing photo
fukuoka/sasaguri,74,トリノタタキヤ,https://img.bokenjapan.com/media/sasaguri-dining-40073462.jpg,https://img.bokenjapan.com/media/sasaguri-dining-40055128.jpg,matched own listing photo
fukuoka/sasaguri,75,キッチン&バー Chou Chou,https://img.bokenjapan.com/media/sasaguri-dining-40060945.jpg,https://img.bokenjapan.com/media/sasaguri-dining-40073462.jpg,matched own listing photo
fukuoka/sasaguri,78,セブンイレブン 篠栗和田店,https://img.bokenjapan.com/media/sasaguri-dining-40052897.jpg,,photo belonged to another card; no own photo found
fukuoka/sasaguri,79,宝寿司,https://img.bokenjapan.com/media/sasaguri-dining-40010999.jpg,https://img.bokenjapan.com/media/sasaguri-dining-40052897.jpg,matched own listing photo
fukuoka/sasaguri,80,くら家,https://img.bokenjapan.com/media/sasaguri-dining-40022226.jpg,https://img.bokenjapan.com/media/sasaguri-dining-40010999.jpg,matched own listing photo
fukuoka/sasaguri,81,あずまや,https://img.bokenjapan.com/media/sasaguri-dining-40020307.jpg,,photo belonged to another card; no own photo found
fukuoka/sasaguri,82,みつばち,https://img.bokenjapan.com/media/sasaguri-dining-40051508.jpg,https://img.bokenjapan.com/media/sasaguri-dining-40020307.jpg,matched own listing photo
fukuoka/sasaguri,83,ほっともっと 篠栗店,https://img.bokenjapan.com/media/sasaguri-dining-40040485.jpg,https://img.bokenjapan.com/media/sasaguri-dining-40051508.jpg,matched own listing photo
fukuoka/sasaguri,84,パン工場 マックスバリュ篠栗店,https://img.bokenjapan.com/media/sasaguri-dining-40036765.jpg,https://img.bokenjapan.com/media/sasaguri-dining-40040485.jpg,matched own listing photo
fukuoka/sasaguri,85,とよ唐亭 アクロスプラザ篠栗店,https://img.bokenjapan.com/media/sasaguri-dining-40073064.jpg,https://img.bokenjapan.com/media/sasaguri-dining-40036765.jpg,matched own listing photo
fukuoka/sasaguri,86,焼とり佐助,https://img.bokenjapan.com/media/sasaguri-dining-40008851.jpg,https://img.bokenjapan.com/media/sasaguri-dining-40073064.jpg,matched own listing photo
fukuoka/sasaguri,87,大師饅頭,https://img.bokenjapan.com/media/sasaguri-dining-40062321.jpg,,photo belonged to another card; no own photo found
fukuoka/sasaguri,88,千鳥屋 篠栗店,https://img.bokenjapan.com/media/sasaguri-dining-40062243.jpg,https://img.bokenjapan.com/media/sasaguri-dining-40062321.jpg,matched own listing photo
fukuoka/sasaguri,89,セブンイレブン 篠栗西店,https://img.bokenjapan.com/media/sasaguri-dining-40064263.jpg,https://img.bokenjapan.com/media/sasaguri-dining-40062243.jpg,matched own listing photo
fukuoka/sasaguri,90,マックスバリュ 篠栗店,https://img.bokenjapan.com/media/sasaguri-dining-40064037.jpg,https://img.bokenjapan.com/media/sasaguri-dining-40064263.jpg,matched own listing photo
fukuoka/sasaguri,92,そよかぜ,https://img.bokenjapan.com/media/sasaguri-dining-40021338.jpg,https://img.bokenjapan.com/media/sasaguri-dining-40064037.jpg,matched own listing photo
fukuoka/sasaguri,93,お肉の直売所 篠栗店,https://img.bokenjapan.com/media/sasaguri-dining-40071403.jpg,https://img.bokenjapan.com/media/sasaguri-dining-40021338.jpg,matched own listing photo
fukuoka/sasaguri,94,甘えんぼ。,https://img.bokenjapan.com/media/sasaguri-dining-40067693.jpg,,photo belonged to another card; no own photo found
fukuoka/sasaguri,95,ささぐり屋,https://img.bokenjapan.com/media/sasaguri-dining-40062294.jpg,https://img.bokenjapan.com/media/sasaguri-dining-40067693.jpg,matched own listing photo
fukuoka/sasaguri,98,マルキョウ 篠栗店,https://img.bokenjapan.com/media/sasaguri-dining-40064266.jpg,,photo belonged to another card; no own photo found
fukuoka/sasaguri,99,LAWSON 福岡篠栗駅前店,https://img.bokenjapan.com/media/sasaguri-dining-40064268.jpg,https://img.bokenjapan.com/media/sasaguri-dining-40064266.jpg,matched own listing photo
fukuoka/sasaguri,100,ファミリーマート 篠栗庄店,https://img.bokenjapan.com/media/sasaguri-dining-40064267.jpg,https://img.bokenjapan.com/media/sasaguri-dining-40064268.jpg,matched own listing photo
fukuoka/sasaguri,145,旬菜　てくてく,https://img.bokenjapan.com/media/sasaguri-dining-ta10018604-p.webp,https://img.bokenjapan.com/media/sasaguri-dining-ta11.jpg,matched own listing photo
fukuoka/sasaguri,170,豊栄館,https://img.bokenjapan.com/media/sasaguri-dining-ta13269860-p.webp,https://img.bokenjapan.com/media/sasaguri-dining-ta1.jpg,matched own listing photo
fukuoka/shime,2,天龍ラーメン,https://img.bokenjapan.com/media/shime-dining-40020404.jpg,,photo belonged to another card; no own photo found
fukuoka/shime,3,博多あご出汁中華そば 六味亭,https://img.bokenjapan.com/media/shime-dining-40049048.jpg,https://img.bokenjapan.com/media/shime-dining-40020404.jpg,matched own listing photo
fukuoka/shime,4,きぼう道場,https://img.bokenjapan.com/media/shime-dining-40023870.jpg,https://img.bokenjapan.com/media/shime-dining-40049048.jpg,matched own listing photo
fukuoka/shime,5,一楽ラーメン 志免店,https://img.bokenjapan.com/media/shime-dining-40004081.jpg,https://img.bokenjapan.com/media/shime-dining-40023870.jpg,matched own listing photo
fukuoka/shime,6,練り込みうどん「権」,https://img.bokenjapan.com/media/shime-dining-40003413.jpg,https://img.bokenjapan.com/media/shime-dining-40004081.jpg,matched own listing photo
fukuoka/shime,7,幸龍,https://img.bokenjapan.com/media/shime-dining-40009359.jpg,https://img.bokenjapan.com/media/shime-dining-40003413.jpg,matched own listing photo
fukuoka/shime,8,喜龍,https://img.bokenjapan.com/media/shime-dining-40022346.jpg,https://img.bokenjapan.com/media/shime-dining-40009359.jpg,matched own listing photo
fukuoka/shime,9,博多 一叶,https://img.bokenjapan.com/media/shime-dining-40071212.jpg,https://img.bokenjapan.com/media/shime-dining-40022346.jpg,matched own listing photo
fukuoka/shime,10,裕英うどん,https://img.bokenjapan.com/media/shime-dining-40002125.jpg,https://img.bokenjapan.com/media/shime-dining-40071212.jpg,matched own listing photo
fukuoka/shime,11,三洋軒支店,https://img.bokenjapan.com/media/shime-dining-40003486.jpg,https://img.bokenjapan.com/media/shime-dining-40002125.jpg,matched own listing photo
fukuoka/shime,12,肉菜処 かえる屋,https://img.bokenjapan.com/media/shime-dining-40051985.jpg,https://img.bokenjapan.com/media/shime-dining-40003486.jpg,matched own listing photo
fukuoka/shime,13,島系本店 志免本店,https://img.bokenjapan.com/media/shime-dining-40003886.jpg,https://img.bokenjapan.com/media/shime-dining-40051985.jpg,matched own listing photo
fukuoka/shime,14,肉と海鮮と私,https://img.bokenjapan.com/media/shime-dining-40065613.jpg,https://img.bokenjapan.com/media/shime-dining-40003886.jpg,matched own listing photo
fukuoka/shime,15,資さんうどん 志免町店,https://img.bokenjapan.com/media/shime-dining-40023547.jpg,https://img.bokenjapan.com/media/shime-dining-40065613.jpg,matched own listing photo
fukuoka/shime,16,ハチミツボタン,https://img.bokenjapan.com/media/shime-dining-40019206.jpg,https://img.bokenjapan.com/media/shime-dining-40023547.jpg,matched own listing photo
fukuoka/shime,17,割烹 松活,https://img.bokenjapan.com/media/shime-dining-40042510.jpg,https://img.bokenjapan.com/media/shime-dining-40019206.jpg,matched own listing photo
fukuoka/shime,18,豚ステーキ 十一 志免店,https://img.bokenjapan.com/media/shime-dining-40063216.jpg,https://img.bokenjapan.com/media/shime-dining-40042510.jpg,matched own listing photo
fukuoka/shime,19,小麦工房パナシェ 志免町店,https://img.bokenjapan.com/media/shime-dining-40060162.jpg,https://img.bokenjapan.com/media/shime-dining-40063216.jpg,matched own listing photo
fukuoka/shime,22,らーめん 一刻や 志免店,https://img.bokenjapan.com/media/shime-dining-40060924.jpg,,photo belonged to another card; no own photo found
fukuoka/shime,23,家伝料理はな,https://img.bokenjapan.com/media/shime-dining-40017491.jpg,https://img.bokenjapan.com/media/shime-dining-40060924.jpg,matched own listing photo
fukuoka/shime,24,いっちょいっちょ,https://img.bokenjapan.com/media/shime-dining-40000510.jpg,https://img.bokenjapan.com/media/shime-dining-40017491.jpg,matched own listing photo
fukuoka/shime,25,御利五里,https://img.bokenjapan.com/media/shime-dining-40045292.jpg,https://img.bokenjapan.com/media/shime-dining-40000510.jpg,matched own listing photo
fukuoka/shime,26,サンシャイン,https://img.bokenjapan.com/media/shime-dining-40004084.jpg,https://img.bokenjapan.com/media/shime-dining-40045292.jpg,matched own listing photo
fukuoka/shime,27,みそラーメン専門店 みつぐ,https://img.bokenjapan.com/media/shime-dining-40071274.jpg,https://img.bokenjapan.com/media/shime-dining-40004084.jpg,matched own listing photo
fukuoka/shime,28,横浜家系ラーメン春吉家 志免店,https://img.bokenjapan.com/media/shime-dining-40056573.jpg,https://img.bokenjapan.com/media/shime-dining-40071274.jpg,matched own listing photo
fukuoka/shime,29,焼肉問屋 富國新,https://img.bokenjapan.com/media/shime-dining-40036691.jpg,https://img.bokenjapan.com/media/shime-dining-40056573.jpg,matched own listing photo
fukuoka/shime,30,えんがわ 和っとイタリアン,https://img.bokenjapan.com/media/shime-dining-40061204.jpg,https://img.bokenjapan.com/media/shime-dining-40036691.jpg,matched own listing photo
fukuoka/shime,31,つけ麺 新道,https://img.bokenjapan.com/media/shime-dining-40065460.jpg,https://img.bokenjapan.com/media/shime-dining-40061204.jpg,matched own listing photo
fukuoka/shime,32,博多 よし魚 本店,https://img.bokenjapan.com/media/shime-dining-40054167.jpg,https://img.bokenjapan.com/media/shime-dining-40065460.jpg,matched own listing photo
fukuoka/shime,33,しめ寿司,https://img.bokenjapan.com/media/shime-dining-40020357.jpg,https://img.bokenjapan.com/media/shime-dining-40054167.jpg,matched own listing photo
fukuoka/shime,34,ローテンブルグ,https://img.bokenjapan.com/media/shime-dining-40002489.jpg,https://img.bokenjapan.com/media/shime-dining-40020357.jpg,matched own listing photo
fukuoka/shime,35,福飯店,https://img.bokenjapan.com/media/shime-dining-40069244.jpg,https://img.bokenjapan.com/media/shime-dining-40002489.jpg,matched own listing photo
fukuoka/shime,36,溶岩焼と焼鳥の店 鶏富士,https://img.bokenjapan.com/media/shime-dining-40052227.jpg,https://img.bokenjapan.com/media/shime-dining-40069244.jpg,matched own listing photo
fukuoka/shime,37,七輪さく,https://img.bokenjapan.com/media/shime-dining-40047794.jpg,https://img.bokenjapan.com/media/shime-dining-40052227.jpg,matched own listing photo
fukuoka/shime,38,ガウチョ,https://img.bokenjapan.com/media/shime-dining-40031403.jpg,https://img.bokenjapan.com/media/shime-dining-40047794.jpg,matched own listing photo
fukuoka/shime,39,和洋居酒屋大和,https://img.bokenjapan.com/media/shime-dining-40073670.jpg,https://img.bokenjapan.com/media/shime-dining-40031403.jpg,matched own listing photo
fukuoka/shime,42,みらく,https://img.bokenjapan.com/media/shime-dining-40005246.jpg,,photo belonged to another card; no own photo found
fukuoka/shime,43,タージマハル,https://img.bokenjapan.com/media/shime-dining-40044436.jpg,https://img.bokenjapan.com/media/shime-dining-40005246.jpg,matched own listing photo
fukuoka/shime,44,イタリア料理 アンジェロ,https://img.bokenjapan.com/media/shime-dining-40049969.jpg,https://img.bokenjapan.com/media/shime-dining-40044436.jpg,matched own listing photo
fukuoka/shime,45,資さんうどん 南里店,https://img.bokenjapan.com/media/shime-dining-40027491.jpg,https://img.bokenjapan.com/media/shime-dining-40049969.jpg,matched own listing photo
fukuoka/shime,46,担々中華 シャオリン,https://img.bokenjapan.com/media/shime-dining-40062221.jpg,https://img.bokenjapan.com/media/shime-dining-40027491.jpg,matched own listing photo
fukuoka/shime,47,焼肉 藏元 志免店,https://img.bokenjapan.com/media/shime-dining-40058113.jpg,https://img.bokenjapan.com/media/shime-dining-40062221.jpg,matched own listing photo
fukuoka/shime,48,ニノカフェ,https://img.bokenjapan.com/media/shime-dining-40042975.jpg,https://img.bokenjapan.com/media/shime-dining-40058113.jpg,matched own listing photo
fukuoka/shime,49,うどん まこと家,https://img.bokenjapan.com/media/shime-dining-40071220.jpg,https://img.bokenjapan.com/media/shime-dining-40042975.jpg,matched own listing photo
fukuoka/shime,50,カフェ キッカ,https://img.bokenjapan.com/media/shime-dining-40047950.jpg,https://img.bokenjapan.com/media/shime-dining-40071220.jpg,matched own listing photo
fukuoka/shime,51,創作焼鳥　大煙,https://img.bokenjapan.com/media/shime-dining-40030140.jpg,https://img.bokenjapan.com/media/shime-dining-40047950.jpg,matched own listing photo
fukuoka/shime,52,Royal Curry House,https://img.bokenjapan.com/media/shime-dining-40064033.jpg,,photo belonged to another card; no own photo found
fukuoka/shime,53,浩万,https://img.bokenjapan.com/media/shime-dining-40040303.jpg,https://img.bokenjapan.com/media/shime-dining-40064033.jpg,matched own listing photo
fukuoka/shime,54,お好み焼きダイニング 狼月,https://img.bokenjapan.com/media/shime-dining-40053000.jpg,https://img.bokenjapan.com/media/shime-dining-40040303.jpg,matched own listing photo
fukuoka/shime,55,ラメス,https://img.bokenjapan.com/media/shime-dining-40031106.jpg,https://img.bokenjapan.com/media/shime-dining-40053000.jpg,matched own listing photo
fukuoka/shime,56,めん家鉄,https://img.bokenjapan.com/media/shime-dining-40003198.jpg,https://img.bokenjapan.com/media/shime-dining-40031106.jpg,matched own listing photo
fukuoka/shime,57,山小屋 志免店,https://img.bokenjapan.com/media/shime-dining-40034165.jpg,https://img.bokenjapan.com/media/shime-dining-40003198.jpg,matched own listing photo
fukuoka/shime,58,韓国家庭料理 焼肉 ちんぐ,https://img.bokenjapan.com/media/shime-dining-40030372.jpg,https://img.bokenjapan.com/media/shime-dining-40034165.jpg,matched own listing photo
fukuoka/shime,59,Cafe 藁,https://img.bokenjapan.com/media/shime-dining-40067789.jpg,https://img.bokenjapan.com/media/shime-dining-40030372.jpg,matched own listing photo
fukuoka/shime,62,オリーブの木 福岡志免店,https://img.bokenjapan.com/media/shime-dining-40074655.jpg,,photo belonged to another card; no own photo found
fukuoka/shime,63,Korean Kitchen とりこっこ,https://img.bokenjapan.com/media/shime-dining-40069651.jpg,https://img.bokenjapan.com/media/shime-dining-40074655.jpg,matched own listing photo
fukuoka/shime,64,華さん食堂 空港通り店,https://img.bokenjapan.com/media/shime-dining-40024352.jpg,https://img.bokenjapan.com/media/shime-dining-40069651.jpg,matched own listing photo
fukuoka/shime,65,淡路島バーガー 福岡志免店,https://img.bokenjapan.com/media/shime-dining-40058630.jpg,https://img.bokenjapan.com/media/shime-dining-40024352.jpg,matched own listing photo
fukuoka/shime,66,もつなべ茶びん,https://img.bokenjapan.com/media/shime-dining-40014748.jpg,,photo belonged to another card; no own photo found
fukuoka/shime,67,うえすたん 空港店,https://img.bokenjapan.com/media/shime-dining-40004662.jpg,https://img.bokenjapan.com/media/shime-dining-40014748.jpg,matched own listing photo
fukuoka/shime,68,魚杳,https://img.bokenjapan.com/media/shime-dining-40018626.jpg,https://img.bokenjapan.com/media/shime-dining-40004662.jpg,matched own listing photo
fukuoka/shime,69,ベーカリーアーリーモーニング,https://img.bokenjapan.com/media/shime-dining-40029443.jpg,https://img.bokenjapan.com/media/shime-dining-40018626.jpg,matched own listing photo
fukuoka/shime,70,ASOU,https://img.bokenjapan.com/media/shime-dining-40020864.jpg,https://img.bokenjapan.com/media/shime-dining-40029443.jpg,matched own listing photo
fukuoka/shime,71,天翔,https://img.bokenjapan.com/media/shime-dining-40033795.jpg,https://img.bokenjapan.com/media/shime-dining-40020864.jpg,matched own listing photo
fukuoka/shime,72,八仙閣 志免店,https://img.bokenjapan.com/media/shime-dining-40006480.jpg,https://img.bokenjapan.com/media/shime-dining-40033795.jpg,matched own listing photo
fukuoka/shime,73,うえすたん 志免店,https://img.bokenjapan.com/media/shime-dining-40016946.jpg,https://img.bokenjapan.com/media/shime-dining-40006480.jpg,matched own listing photo
fukuoka/shime,74,味市場,https://img.bokenjapan.com/media/shime-dining-40008866.jpg,https://img.bokenjapan.com/media/shime-dining-40016946.jpg,matched own listing photo
fukuoka/shime,75,パティスリー カプリス,https://img.bokenjapan.com/media/shime-dining-40006764.jpg,https://img.bokenjapan.com/media/shime-dining-40008866.jpg,matched own listing photo
fukuoka/shime,76,久保田,https://img.bokenjapan.com/media/shime-dining-40008864.jpg,https://img.bokenjapan.com/media/shime-dining-40006764.jpg,matched own listing photo
fukuoka/shime,77,居酒屋肴也,https://img.bokenjapan.com/media/shime-dining-40013425.jpg,https://img.bokenjapan.com/media/shime-dining-40008864.jpg,matched own listing photo
fukuoka/shime,78,バター拉麺 専門店 朝道,https://img.bokenjapan.com/media/shime-dining-40070329.jpg,https://img.bokenjapan.com/media/shime-dining-40013425.jpg,matched own listing photo
fukuoka/shime,79,鉄板焼き&スペイン料理 バスクラ,https://img.bokenjapan.com/media/shime-dining-40053633.jpg,https://img.bokenjapan.com/media/shime-dining-40070329.jpg,matched own listing photo
fukuoka/shime,82,想作ダイニング 縁,https://img.bokenjapan.com/media/shime-dining-40044868.jpg,,photo belonged to another card; no own photo found
fukuoka/shime,83,今屋のハンバーガー 志免店,https://img.bokenjapan.com/media/shime-dining-40072698.jpg,https://img.bokenjapan.com/media/shime-dining-40044868.jpg,matched own listing photo
fukuoka/shime,84,よいひ,https://img.bokenjapan.com/media/shime-dining-40055599.jpg,https://img.bokenjapan.com/media/shime-dining-40072698.jpg,matched own listing photo
fukuoka/shime,85,バーガーイシダ,https://img.bokenjapan.com/media/shime-dining-40056580.jpg,https://img.bokenjapan.com/media/shime-dining-40055599.jpg,matched own listing photo
fukuoka/shime,86,星乃珈琲店 福岡志免店,https://img.bokenjapan.com/media/shime-dining-40033402.jpg,https://img.bokenjapan.com/media/shime-dining-40056580.jpg,matched own listing photo
fukuoka/shime,87,はま寿司 福岡志免店,https://img.bokenjapan.com/media/shime-dining-40028205.jpg,https://img.bokenjapan.com/media/shime-dining-40033402.jpg,matched own listing photo
fukuoka/shime,88,小さな韓国 あぷろ 空港東店,https://img.bokenjapan.com/media/shime-dining-40050764.jpg,https://img.bokenjapan.com/media/shime-dining-40028205.jpg,matched own listing photo
fukuoka/shime,89,ジョイフル 空港店,https://img.bokenjapan.com/media/shime-dining-40016303.jpg,,photo belonged to another card; no own photo found
fukuoka/shime,90,しめ手羽,https://img.bokenjapan.com/media/shime-dining-40031402.jpg,https://img.bokenjapan.com/media/shime-dining-40016303.jpg,matched own listing photo
fukuoka/shime,91,ポトス,https://img.bokenjapan.com/media/shime-dining-40056828.jpg,https://img.bokenjapan.com/media/shime-dining-40031402.jpg,matched own listing photo
fukuoka/shime,92,釜山,https://img.bokenjapan.com/media/shime-dining-40045799.jpg,https://img.bokenjapan.com/media/shime-dining-40056828.jpg,matched own listing photo
fukuoka/shime,93,たこ焼き68,https://img.bokenjapan.com/media/shime-dining-40070243.jpg,https://img.bokenjapan.com/media/shime-dining-40045799.jpg,matched own listing photo
fukuoka/shime,94,甘栗工房,https://img.bokenjapan.com/media/shime-dining-40048741.jpg,https://img.bokenjapan.com/media/shime-dining-40070243.jpg,matched own listing photo
fukuoka/shime,95,中華廚房 徐園,https://img.bokenjapan.com/media/shime-dining-40071564.jpg,https://img.bokenjapan.com/media/shime-dining-40048741.jpg,matched own listing photo
fukuoka/shime,96,鮨 伊とう,https://img.bokenjapan.com/media/shime-dining-40065439.jpg,https://img.bokenjapan.com/media/shime-dining-40071564.jpg,matched own listing photo
fukuoka/shime,97,お好み焼き 鉄板焼き かなちゃん,https://img.bokenjapan.com/media/shime-dining-40070157.jpg,,photo belonged to another card; no own photo found
fukuoka/shime,98,和風料理屋 艶,https://img.bokenjapan.com/media/shime-dining-40063689.jpg,https://img.bokenjapan.com/media/shime-dining-40070157.jpg,matched own listing photo
fukuoka/shime,99,焼肉なべしま 福岡空港店,https://img.bokenjapan.com/media/shime-dining-40003375.jpg,https://img.bokenjapan.com/media/shime-dining-40063689.jpg,matched own listing photo
fukuoka/shime,102,HONEY COFFEE 志免店,https://img.bokenjapan.com/media/shime-dining-40043597.jpg,,photo belonged to another card; no own photo found
fukuoka/shime,103,ウエスト 生そば志免店,https://img.bokenjapan.com/media/shime-dining-40054308.jpg,https://img.bokenjapan.com/media/shime-dining-40043597.jpg,matched own listing photo
fukuoka/shime,104,ワンカルビ 福岡空港東店,https://img.bokenjapan.com/media/shime-dining-40038266.jpg,https://img.bokenjapan.com/media/shime-dining-40054308.jpg,matched own listing photo
fukuoka/shime,105,ジョイフル 志免店,https://img.bokenjapan.com/media/shime-dining-40016305.jpg,,photo belonged to another card; no own photo found
fukuoka/shime,106,しょうき 志免店,https://img.bokenjapan.com/media/shime-dining-40001387.jpg,https://img.bokenjapan.com/media/shime-dining-40016305.jpg,matched own listing photo
fukuoka/shime,107,串ざんまい 南里本店,https://img.bokenjapan.com/media/shime-dining-40023998.jpg,https://img.bokenjapan.com/media/shime-dining-40001387.jpg,matched own listing photo
fukuoka/shime,108,ぼるさりーの,https://img.bokenjapan.com/media/shime-dining-40007683.jpg,https://img.bokenjapan.com/media/shime-dining-40023998.jpg,matched own listing photo
fukuoka/shime,109,スーパーセンタートライアル 福岡空港店,https://img.bokenjapan.com/media/shime-dining-40056271.jpg,https://img.bokenjapan.com/media/shime-dining-40007683.jpg,matched own listing photo
fukuoka/shime,110,アル ルーポ!,https://img.bokenjapan.com/media/shime-dining-40035824.jpg,https://img.bokenjapan.com/media/shime-dining-40056271.jpg,matched own listing photo
fukuoka/shime,111,ハチハチ,https://img.bokenjapan.com/media/shime-dining-40035831.jpg,https://img.bokenjapan.com/media/shime-dining-40035824.jpg,matched own listing photo
fukuoka/shime,112,さくら,https://img.bokenjapan.com/media/shime-dining-40037612.jpg,https://img.bokenjapan.com/media/shime-dining-40035831.jpg,matched own listing photo
fukuoka/shime,113,ゑびすizakaya,https://img.bokenjapan.com/media/shime-dining-40006407.jpg,https://img.bokenjapan.com/media/shime-dining-40037612.jpg,matched own listing photo
fukuoka/shime,114,博多一番祭,https://img.bokenjapan.com/media/shime-dining-40011950.jpg,https://img.bokenjapan.com/media/shime-dining-40006407.jpg,matched own listing photo
fukuoka/shime,115,つねかいなたこかいナ瓜,https://img.bokenjapan.com/media/shime-dining-40016182.jpg,https://img.bokenjapan.com/media/shime-dining-40011950.jpg,matched own listing photo
fukuoka/shime,116,マルショク 空港東店,https://img.bokenjapan.com/media/shime-dining-40041146.jpg,https://img.bokenjapan.com/media/shime-dining-40016182.jpg,matched own listing photo
fukuoka/shime,117,ケンジントンマーケットカフェ,https://img.bokenjapan.com/media/shime-dining-40061674.jpg,,photo belonged to another card; no own photo found
fukuoka/shime,118,丸源ラーメン  福岡志免店,https://img.bokenjapan.com/media/shime-dining-40053145.jpg,https://img.bokenjapan.com/media/shime-dining-40061674.jpg,matched own listing photo
fukuoka/shime,119,博多三氣 イオン福岡東店,https://img.bokenjapan.com/media/shime-dining-40041153.jpg,https://img.bokenjapan.com/media/shime-dining-40053145.jpg,matched own listing photo
fukuoka/shime,122,すき家  福岡志免店,https://img.bokenjapan.com/media/shime-dining-40028553.jpg,,photo belonged to another card; no own photo found
fukuoka/shime,123,CoCo壱番屋 福岡志免店,https://img.bokenjapan.com/media/shime-dining-40016277.jpg,https://img.bokenjapan.com/media/shime-dining-40028553.jpg,matched own listing photo
fukuoka/shime,124,ミスタードーナツ イオン福岡東ショップ,https://img.bokenjapan.com/media/shime-dining-40024695.jpg,https://img.bokenjapan.com/media/shime-dining-40016277.jpg,matched own listing photo
fukuoka/shime,125,すき家 福岡空港店,https://img.bokenjapan.com/media/shime-dining-40038008.jpg,https://img.bokenjapan.com/media/shime-dining-40024695.jpg,matched own listing photo
fukuoka/shime,126,シャトレーゼ 志免中央店,https://img.bokenjapan.com/media/shime-dining-40021565.jpg,https://img.bokenjapan.com/media/shime-dining-40038008.jpg,matched own listing photo
fukuoka/shime,127,マクドナルド 空港志免店,https://img.bokenjapan.com/media/shime-dining-40024884.jpg,https://img.bokenjapan.com/media/shime-dining-40021565.jpg,matched own listing photo
fukuoka/shime,128,焼肉ウエスト 志免店,https://img.bokenjapan.com/media/shime-dining-40001355.jpg,https://img.bokenjapan.com/media/shime-dining-40024884.jpg,matched own listing photo
fukuoka/shime,129,庄屋 イオン福岡東店,https://img.bokenjapan.com/media/shime-dining-40022917.jpg,https://img.bokenjapan.com/media/shime-dining-40001355.jpg,matched own listing photo
fukuoka/shime,130,串カツ田中 福岡志免店,https://img.bokenjapan.com/media/shime-dining-40056025.jpg,https://img.bokenjapan.com/media/shime-dining-40022917.jpg,matched own listing photo
fukuoka/shime,131,リンガーハット 福岡志免田富店,https://img.bokenjapan.com/media/shime-dining-40016594.jpg,https://img.bokenjapan.com/media/shime-dining-40056025.jpg,matched own listing photo
fukuoka/shime,132,ゆず庵  福岡志免店,https://img.bokenjapan.com/media/shime-dining-40053144.jpg,https://img.bokenjapan.com/media/shime-dining-40016594.jpg,matched own listing photo
fukuoka/shime,133,焼肉きんぐ 福岡志免店,https://img.bokenjapan.com/media/shime-dining-40039366.jpg,https://img.bokenjapan.com/media/shime-dining-40053144.jpg,matched own listing photo
fukuoka/shime,134,ドトールコーヒーショップ スーパービバホーム福岡東店,https://img.bokenjapan.com/media/shime-dining-40057047.jpg,,photo belonged to another card; no own photo found
fukuoka/shime,135,京都伊三郎製ぱん 志免店,https://img.bokenjapan.com/media/shime-dining-40048983.jpg,https://img.bokenjapan.com/media/shime-dining-40057047.jpg,matched own listing photo
fukuoka/shime,136,まる富ラーメン,https://img.bokenjapan.com/media/shime-dining-40052379.jpg,https://img.bokenjapan.com/media/shime-dining-40048983.jpg,matched own listing photo
fukuoka/shime,137,パ ザ パ,https://img.bokenjapan.com/media/shime-dining-40046692.jpg,https://img.bokenjapan.com/media/shime-dining-40052379.jpg,matched own listing photo
fukuoka/shime,138,ルミエール 志免店,https://img.bokenjapan.com/media/shime-dining-40044873.jpg,https://img.bokenjapan.com/media/shime-dining-40046692.jpg,matched own listing photo
fukuoka/shime,139,ぢどり屋いし田,https://img.bokenjapan.com/media/shime-dining-40046727.jpg,https://img.bokenjapan.com/media/shime-dining-40044873.jpg,matched own listing photo
fukuoka/shime,143,茂,https://img.bokenjapan.com/media/shime-dining-40012706.jpg,,photo belonged to another card; no own photo found
fukuoka/shime,144,串ざんまい 志免東店,https://img.bokenjapan.com/media/shime-dining-40036222.jpg,https://img.bokenjapan.com/media/shime-dining-40012706.jpg,matched own listing photo
fukuoka/shime,145,博多焼鳥 とりかわ本舗 志免店,https://img.bokenjapan.com/media/shime-dining-40060363.jpg,https://img.bokenjapan.com/media/shime-dining-40036222.jpg,matched own listing photo
fukuoka/shime,146,焼肉ホルモン食道園,https://img.bokenjapan.com/media/shime-dining-40009714.jpg,https://img.bokenjapan.com/media/shime-dining-40060363.jpg,matched own listing photo
fukuoka/shime,147,かくれ酒場ココハレ,https://img.bokenjapan.com/media/shime-dining-40059038.jpg,https://img.bokenjapan.com/media/shime-dining-40009714.jpg,matched own listing photo
fukuoka/shime,148,悠,https://img.bokenjapan.com/media/shime-dining-40011969.jpg,https://img.bokenjapan.com/media/shime-dining-40059038.jpg,matched own listing photo
fukuoka/shime,149,風林火山 二号店,https://img.bokenjapan.com/media/shime-dining-40040043.jpg,https://img.bokenjapan.com/media/shime-dining-40011969.jpg,matched own listing photo
fukuoka/shime,150,うどん大文字 イオン福岡東店,https://img.bokenjapan.com/media/shime-dining-40075030.jpg,https://img.bokenjapan.com/media/shime-dining-40040043.jpg,matched own listing photo
fukuoka/shime,151,焼肉 結珠,https://img.bokenjapan.com/media/shime-dining-40074641.jpg,https://img.bokenjapan.com/media/shime-dining-40075030.jpg,matched own listing photo
fukuoka/shime,152,Le Lien,https://img.bokenjapan.com/media/shime-dining-40072428.jpg,https://img.bokenjapan.com/media/shime-dining-40074641.jpg,matched own listing photo
fukuoka/shime,153,コロッケ倶楽部 志免店,https://img.bokenjapan.com/media/shime-dining-40020754.jpg,https://img.bokenjapan.com/media/shime-dining-40072428.jpg,matched own listing photo
fukuoka/shime,154,創作寿司工房 竜宮城,https://img.bokenjapan.com/media/shime-dining-40020689.jpg,https://img.bokenjapan.com/media/shime-dining-40020754.jpg,matched own listing photo
fukuoka/shime,155,モスバーガー 福岡志免店,https://img.bokenjapan.com/media/shime-dining-40039644.jpg,https://img.bokenjapan.com/media/shime-dining-40020689.jpg,matched own listing photo
fukuoka/shime,156,マクドナルド ユニバ通り空港東店,https://img.bokenjapan.com/media/shime-dining-40070024.jpg,https://img.bokenjapan.com/media/shime-dining-40039644.jpg,matched own listing photo
fukuoka/shime,157,Qs Meat,https://img.bokenjapan.com/media/shime-dining-40061315.jpg,,photo belonged to another card; no own photo found
fukuoka/shime,158,お好み焼 はる 志免店,https://img.bokenjapan.com/media/shime-dining-40045301.jpg,https://img.bokenjapan.com/media/shime-dining-40061315.jpg,matched own listing photo
fukuoka/shime,159,LAWSON 空港北ユニバ通り店,https://img.bokenjapan.com/media/shime-dining-40064223.jpg,https://img.bokenjapan.com/media/shime-dining-40045301.jpg,matched own listing photo
fukuoka/shime,162,進藤,https://img.bokenjapan.com/media/shime-dining-40073143.jpg,,photo belonged to another card; no own photo found
fukuoka/shime,163,SHOKUDOUIZAKAYAKAKKOOO,https://img.bokenjapan.com/media/shime-dining-40073148.jpg,https://img.bokenjapan.com/media/shime-dining-40073143.jpg,matched own listing photo
fukuoka/shime,164,立ち飲み屋 大吉酒場,https://img.bokenjapan.com/media/shime-dining-40073289.jpg,https://img.bokenjapan.com/media/shime-dining-40073148.jpg,matched own listing photo
fukuoka/shime,165,アジアン居酒屋 晴る家,https://img.bokenjapan.com/media/shime-dining-40074016.jpg,https://img.bokenjapan.com/media/shime-dining-40073289.jpg,matched own listing photo
fukuoka/shime,166,焼肉 牛歩,https://img.bokenjapan.com/media/shime-dining-40072441.jpg,https://img.bokenjapan.com/media/shime-dining-40074016.jpg,matched own listing photo
fukuoka/shime,167,博多金龍 志免店,https://img.bokenjapan.com/media/shime-dining-40038298.jpg,https://img.bokenjapan.com/media/shime-dining-40072441.jpg,matched own listing photo
fukuoka/shime,168,とよ唐亭 トライアル空港店,https://img.bokenjapan.com/media/shime-dining-40036102.jpg,https://img.bokenjapan.com/media/shime-dining-40038298.jpg,matched own listing photo
fukuoka/shime,169,びっくりドンキー 志免店,https://img.bokenjapan.com/media/shime-dining-40073764.jpg,https://img.bokenjapan.com/media/shime-dining-40036102.jpg,matched own listing photo
fukuoka/shime,170,とよ唐亭  志免店,https://img.bokenjapan.com/media/shime-dining-40038835.jpg,https://img.bokenjapan.com/media/shime-dining-40073764.jpg,matched own listing photo
fukuoka/shime,171,ゼッテリア 福岡東イオン店,https://img.bokenjapan.com/media/shime-dining-40072967.jpg,https://img.bokenjapan.com/media/shime-dining-40038835.jpg,matched own listing photo
fukuoka/shime,172,ベーカーバイツェン ハローディ志免店,https://img.bokenjapan.com/media/shime-dining-40037306.jpg,https://img.bokenjapan.com/media/shime-dining-40072967.jpg,matched own listing photo
fukuoka/shime,173,からあげ とりいち 志免店,https://img.bokenjapan.com/media/shime-dining-40055292.jpg,https://img.bokenjapan.com/media/shime-dining-40037306.jpg,matched own listing photo
fukuoka/shime,174,ビスヌ イオン福岡東店,https://img.bokenjapan.com/media/shime-dining-40075010.jpg,https://img.bokenjapan.com/media/shime-dining-40055292.jpg,matched own listing photo
fukuoka/shime,175,カフェ レスト 家電住まいる館YAMADA福岡志免本店,https://img.bokenjapan.com/media/shime-dining-40051129.jpg,https://img.bokenjapan.com/media/shime-dining-40075010.jpg,matched own listing photo
fukuoka/shime,176,坂瀬ホルモン,https://img.bokenjapan.com/media/shime-dining-40053448.jpg,https://img.bokenjapan.com/media/shime-dining-40051129.jpg,matched own listing photo
fukuoka/shime,177,華,https://img.bokenjapan.com/media/shime-dining-40031539.jpg,https://img.bokenjapan.com/media/shime-dining-40053448.jpg,matched own listing photo
fukuoka/shime,178,ハローイン,https://img.bokenjapan.com/media/shime-dining-40054659.jpg,https://img.bokenjapan.com/media/shime-dining-40031539.jpg,matched own listing photo
fukuoka/shime,179,もち吉 空港店,https://img.bokenjapan.com/media/shime-dining-40032373.jpg,https://img.bokenjapan.com/media/shime-dining-40054659.jpg,matched own listing photo
fukuoka/shime,182,びっくり焼亭 福岡東店,https://img.bokenjapan.com/media/shime-dining-40056870.jpg,,photo belonged to another card; no own photo found
fukuoka/shime,183,イオン 福岡東ショッピングセンター,https://img.bokenjapan.com/media/shime-dining-40062702.jpg,https://img.bokenjapan.com/media/shime-dining-40056870.jpg,matched own listing photo
fukuoka/shime,184,おべんとうやのばばちゃん,https://img.bokenjapan.com/media/shime-dining-40071112.jpg,https://img.bokenjapan.com/media/shime-dining-40062702.jpg,matched own listing photo
fukuoka/shime,185,房,https://img.bokenjapan.com/media/shime-dining-40070734.jpg,https://img.bokenjapan.com/media/shime-dining-40071112.jpg,matched own listing photo
fukuoka/shime,186,珈琲の家,https://img.bokenjapan.com/media/shime-dining-40000693.jpg,https://img.bokenjapan.com/media/shime-dining-40070734.jpg,matched own listing photo
fukuoka/shime,187,サイゼリヤ イオン福岡東店,https://img.bokenjapan.com/media/shime-dining-40075027.jpg,https://img.bokenjapan.com/media/shime-dining-40000693.jpg,matched own listing photo
fukuoka/shime,188,ポッポおじさんの大分からあげ イオン福岡東店,https://img.bokenjapan.com/media/shime-dining-40075019.jpg,https://img.bokenjapan.com/media/shime-dining-40075027.jpg,matched own listing photo
fukuoka/shime,189,よつば弁当,https://img.bokenjapan.com/media/shime-dining-40069228.jpg,,photo belonged to another card; no own photo found
fukuoka/shime,190,焼鳥門,https://img.bokenjapan.com/media/shime-dining-40039961.jpg,https://img.bokenjapan.com/media/shime-dining-40069228.jpg,matched own listing photo
fukuoka/shime,191,ほっともっと 亀山店,https://img.bokenjapan.com/media/shime-dining-40040471.jpg,https://img.bokenjapan.com/media/shime-dining-40039961.jpg,matched own listing photo
fukuoka/shime,192,ほっともっと 志免店,https://img.bokenjapan.com/media/shime-dining-40040484.jpg,https://img.bokenjapan.com/media/shime-dining-40040471.jpg,matched own listing photo
fukuoka/shime,193,kukuluce,https://img.bokenjapan.com/media/shime-dining-40073090.jpg,https://img.bokenjapan.com/media/shime-dining-40040484.jpg,matched own listing photo
fukuoka/shime,195,花小町 イオン福岡東店,https://img.bokenjapan.com/media/shime-dining-40066390.jpg,,photo belonged to another card; no own photo found
fukuoka/shime,196,はら寿司,https://img.bokenjapan.com/media/shime-dining-40010578.jpg,https://img.bokenjapan.com/media/shime-dining-40066390.jpg,matched own listing photo
fukuoka/shime,197,博多　きむらや,https://img.bokenjapan.com/media/shime-dining-40025656.jpg,https://img.bokenjapan.com/media/shime-dining-40010578.jpg,matched own listing photo
fukuoka/shime,198,シュシュクレープ イオン福岡東店,https://img.bokenjapan.com/media/shime-dining-40075029.jpg,https://img.bokenjapan.com/media/shime-dining-40025656.jpg,matched own listing photo
fukuoka/shime,199,居酒屋宝満,https://img.bokenjapan.com/media/shime-dining-40016183.jpg,https://img.bokenjapan.com/media/shime-dining-40075029.jpg,matched own listing photo
fukuoka/shime,202,ピザクック 志免店,https://img.bokenjapan.com/media/shime-dining-40059177.jpg,,photo belonged to another card; no own photo found
fukuoka/shime,203,酒のひさや,https://img.bokenjapan.com/media/shime-dining-40057692.jpg,https://img.bokenjapan.com/media/shime-dining-40059177.jpg,matched own listing photo
fukuoka/shime,204,串カツ屋 真心,https://img.bokenjapan.com/media/shime-dining-40058703.jpg,https://img.bokenjapan.com/media/shime-dining-40057692.jpg,matched own listing photo
fukuoka/shime,205,ぎょうざの丸岡 空港東店,https://img.bokenjapan.com/media/shime-dining-40073827.jpg,https://img.bokenjapan.com/media/shime-dining-40058703.jpg,matched own listing photo
fukuoka/shime,206,マルキョウ 志免店,https://img.bokenjapan.com/media/shime-dining-40058237.jpg,https://img.bokenjapan.com/media/shime-dining-40073827.jpg,matched own listing photo
fukuoka/shime,207,ファミリーマート ドラッグイレブン志免店,https://img.bokenjapan.com/media/shime-dining-40064422.jpg,https://img.bokenjapan.com/media/shime-dining-40058237.jpg,matched own listing photo
fukuoka/shime,208,ザ・ビッグ 福岡空港東店,https://img.bokenjapan.com/media/shime-dining-40057040.jpg,https://img.bokenjapan.com/media/shime-dining-40064422.jpg,matched own listing photo
fukuoka/shime,209,LAWSON 志免片峰中央一丁目店,https://img.bokenjapan.com/media/shime-dining-40072727.jpg,https://img.bokenjapan.com/media/shime-dining-40057040.jpg,matched own listing photo
fukuoka/shime,211,苑,https://img.bokenjapan.com/media/shime-dining-40037405.jpg,https://img.bokenjapan.com/media/shime-dining-40072727.jpg,matched own listing photo
fukuoka/shime,212,ファミリーマート 福岡志免店,https://img.bokenjapan.com/media/shime-dining-40057628.jpg,https://img.bokenjapan.com/media/shime-dining-40037405.jpg,matched own listing photo
fukuoka/shime,213,TRIAL GO 志免南里店,https://img.bokenjapan.com/media/shime-dining-40066409.jpg,https://img.bokenjapan.com/media/shime-dining-40057628.jpg,matched own listing photo
fukuoka/shime,214,ファミリーマート 志免寿町店,https://img.bokenjapan.com/media/shime-dining-40064930.jpg,https://img.bokenjapan.com/media/shime-dining-40066409.jpg,matched own listing photo
fukuoka/shime,217,セブンイレブン 志免御手洗1丁目店,https://img.bokenjapan.com/media/shime-dining-40058344.jpg,https://img.bokenjapan.com/media/shime-dining-40064930.jpg,matched own listing photo
fukuoka/shime,283,ガスト 福岡志免店,https://img.bokenjapan.com/media/shime-dining-ta10008227-p.webp,https://img.bokenjapan.com/media/shime-dining-ta44.jpg,matched own listing photo
fukuoka/shingucho,2,らーめん 雷蔵 新宮店,https://img.bokenjapan.com/media/shingucho-dining-40006195.jpg,,photo belonged to another card; no own photo found
fukuoka/shingucho,3,石窯パン工房クリーブラッツ 新宮店,https://img.bokenjapan.com/media/shingucho-dining-40038929.jpg,https://img.bokenjapan.com/media/shingucho-dining-40006195.jpg,matched own listing photo
fukuoka/shingucho,4,長浜鮮魚卸直営店 米と魚,https://img.bokenjapan.com/media/shingucho-dining-40055928.jpg,https://img.bokenjapan.com/media/shingucho-dining-40038929.jpg,matched own listing photo
fukuoka/shingucho,5,竹林亭 新宮店,https://img.bokenjapan.com/media/shingucho-dining-40020927.jpg,https://img.bokenjapan.com/media/shingucho-dining-40055928.jpg,matched own listing photo
fukuoka/shingucho,6,ヴィチーノ レストラン・カフェ,https://img.bokenjapan.com/media/shingucho-dining-40054152.jpg,https://img.bokenjapan.com/media/shingucho-dining-40020927.jpg,matched own listing photo
fukuoka/shingucho,7,古式長浜ラーメン 元祖 長浜ドラゴン 新宮店,https://img.bokenjapan.com/media/shingucho-dining-40067221.jpg,https://img.bokenjapan.com/media/shingucho-dining-40054152.jpg,matched own listing photo
fukuoka/shingucho,8,牧のうどん 新宮店,https://img.bokenjapan.com/media/shingucho-dining-40006360.jpg,https://img.bokenjapan.com/media/shingucho-dining-40067221.jpg,matched own listing photo
fukuoka/shingucho,9,うなぎの重よし,https://img.bokenjapan.com/media/shingucho-dining-40060553.jpg,https://img.bokenjapan.com/media/shingucho-dining-40006360.jpg,matched own listing photo
fukuoka/shingucho,10,井手ちゃんぽん 新宮店,https://img.bokenjapan.com/media/shingucho-dining-40036659.jpg,https://img.bokenjapan.com/media/shingucho-dining-40060553.jpg,matched own listing photo
fukuoka/shingucho,11,イケアビストロ 福岡新宮,https://img.bokenjapan.com/media/shingucho-dining-40030536.jpg,https://img.bokenjapan.com/media/shingucho-dining-40036659.jpg,matched own listing photo
fukuoka/shingucho,12,長崎亭 新宮店,https://img.bokenjapan.com/media/shingucho-dining-40057559.jpg,https://img.bokenjapan.com/media/shingucho-dining-40030536.jpg,matched own listing photo
fukuoka/shingucho,13,神戸クック・ワールドビュッフェ アーバンモール新宮中央店,https://img.bokenjapan.com/media/shingucho-dining-40053064.jpg,,photo belonged to another card; no own photo found
fukuoka/shingucho,14,相島地域産物展示販売所 丸山食堂,https://img.bokenjapan.com/media/shingucho-dining-40005073.jpg,https://img.bokenjapan.com/media/shingucho-dining-40053064.jpg,matched own listing photo
fukuoka/shingucho,15,博多大砲ラーメン 新宮店,https://img.bokenjapan.com/media/shingucho-dining-40052033.jpg,https://img.bokenjapan.com/media/shingucho-dining-40005073.jpg,matched own listing photo
fukuoka/shingucho,16,ケレス 新宮店,https://img.bokenjapan.com/media/shingucho-dining-40017075.jpg,https://img.bokenjapan.com/media/shingucho-dining-40052033.jpg,matched own listing photo
fukuoka/shingucho,17,芯,https://img.bokenjapan.com/media/shingucho-dining-40034673.jpg,https://img.bokenjapan.com/media/shingucho-dining-40017075.jpg,matched own listing photo
fukuoka/shingucho,18,横浜家系ラーメン 春吉家 新宮店,https://img.bokenjapan.com/media/shingucho-dining-40059955.jpg,https://img.bokenjapan.com/media/shingucho-dining-40034673.jpg,matched own listing photo
fukuoka/shingucho,19,お弁当のヒライ  新宮三代店,https://img.bokenjapan.com/media/shingucho-dining-40034640.jpg,https://img.bokenjapan.com/media/shingucho-dining-40059955.jpg,matched own listing photo
fukuoka/shingucho,22,bound garden,https://img.bokenjapan.com/media/shingucho-dining-40073441.jpg,,photo belonged to another card; no own photo found
fukuoka/shingucho,23,資さんうどん 新宮店,https://img.bokenjapan.com/media/shingucho-dining-40044460.jpg,https://img.bokenjapan.com/media/shingucho-dining-40073441.jpg,matched own listing photo
fukuoka/shingucho,24,シエルブルー,https://img.bokenjapan.com/media/shingucho-dining-40029256.jpg,https://img.bokenjapan.com/media/shingucho-dining-40044460.jpg,matched own listing photo
fukuoka/shingucho,25,いけす・割烹・歌幸,https://img.bokenjapan.com/media/shingucho-dining-40005511.jpg,https://img.bokenjapan.com/media/shingucho-dining-40029256.jpg,matched own listing photo
fukuoka/shingucho,26,寿し さかなのしっぽ,https://img.bokenjapan.com/media/shingucho-dining-40050687.jpg,https://img.bokenjapan.com/media/shingucho-dining-40005511.jpg,matched own listing photo
fukuoka/shingucho,27,イケアレストラン 福岡新宮,https://img.bokenjapan.com/media/shingucho-dining-40030529.jpg,https://img.bokenjapan.com/media/shingucho-dining-40050687.jpg,matched own listing photo
fukuoka/shingucho,28,にしの鯔背,https://img.bokenjapan.com/media/shingucho-dining-40059115.jpg,https://img.bokenjapan.com/media/shingucho-dining-40030529.jpg,matched own listing photo
fukuoka/shingucho,29,本場インドカレー スミ,https://img.bokenjapan.com/media/shingucho-dining-40055802.jpg,https://img.bokenjapan.com/media/shingucho-dining-40059115.jpg,matched own listing photo
fukuoka/shingucho,30,和牛晴れの火,https://img.bokenjapan.com/media/shingucho-dining-40060720.jpg,https://img.bokenjapan.com/media/shingucho-dining-40055802.jpg,matched own listing photo
fukuoka/shingucho,31,あみだ丸,https://img.bokenjapan.com/media/shingucho-dining-40065311.jpg,https://img.bokenjapan.com/media/shingucho-dining-40060720.jpg,matched own listing photo
fukuoka/shingucho,32,洋風食堂 うみ,https://img.bokenjapan.com/media/shingucho-dining-40060381.jpg,https://img.bokenjapan.com/media/shingucho-dining-40065311.jpg,matched own listing photo
fukuoka/shingucho,33,タイム,https://img.bokenjapan.com/media/shingucho-dining-40017179.jpg,https://img.bokenjapan.com/media/shingucho-dining-40060381.jpg,matched own listing photo
fukuoka/shingucho,34,一蘭　 新宮店,https://img.bokenjapan.com/media/shingucho-dining-40013147.jpg,https://img.bokenjapan.com/media/shingucho-dining-40017179.jpg,matched own listing photo
fukuoka/shingucho,35,本格インド料理 MINA 新宮店,https://img.bokenjapan.com/media/shingucho-dining-40027138.jpg,https://img.bokenjapan.com/media/shingucho-dining-40013147.jpg,matched own listing photo
fukuoka/shingucho,36,新宮温泉 ふくの湯,https://img.bokenjapan.com/media/shingucho-dining-40051721.jpg,https://img.bokenjapan.com/media/shingucho-dining-40027138.jpg,matched own listing photo
fukuoka/shingucho,37,さかなキッチン Tumugi,https://img.bokenjapan.com/media/shingucho-dining-40040167.jpg,,photo belonged to another card; no own photo found
fukuoka/shingucho,38,ピッコロ,https://img.bokenjapan.com/media/shingucho-dining-40000809.jpg,https://img.bokenjapan.com/media/shingucho-dining-40040167.jpg,matched own listing photo
fukuoka/shingucho,39,焼肉や牛いっとう 新宮店,https://img.bokenjapan.com/media/shingucho-dining-40018344.jpg,https://img.bokenjapan.com/media/shingucho-dining-40000809.jpg,matched own listing photo
fukuoka/shingucho,43,台湾甘蜜処 甜甜,https://img.bokenjapan.com/media/shingucho-dining-40069613.jpg,,photo belonged to another card; no own photo found
fukuoka/shingucho,44,餃子の王将 新宮店,https://img.bokenjapan.com/media/shingucho-dining-40011515.jpg,https://img.bokenjapan.com/media/shingucho-dining-40069613.jpg,matched own listing photo
fukuoka/shingucho,45,えんや蔵,https://img.bokenjapan.com/media/shingucho-dining-40006275.jpg,https://img.bokenjapan.com/media/shingucho-dining-40011515.jpg,matched own listing photo
fukuoka/shingucho,46,パティスリー てるてるぼうず,https://img.bokenjapan.com/media/shingucho-dining-40039967.jpg,,photo belonged to another card; no own photo found
fukuoka/shingucho,47,博多からあげ 暖 新宮本店,https://img.bokenjapan.com/media/shingucho-dining-40035909.jpg,https://img.bokenjapan.com/media/shingucho-dining-40039967.jpg,matched own listing photo
fukuoka/shingucho,48,アマルフィ,https://img.bokenjapan.com/media/shingucho-dining-40065496.jpg,,photo belonged to another card; no own photo found
fukuoka/shingucho,49,SHIMA Cafe SWEETSHOME,https://img.bokenjapan.com/media/shingucho-dining-40073259.jpg,https://img.bokenjapan.com/media/shingucho-dining-40065496.jpg,matched own listing photo
fukuoka/shingucho,50,とんかつ 濵かつ 福岡新宮店,https://img.bokenjapan.com/media/shingucho-dining-40011601.jpg,https://img.bokenjapan.com/media/shingucho-dining-40073259.jpg,matched own listing photo
fukuoka/shingucho,51,ウエスト 新宮店,https://img.bokenjapan.com/media/shingucho-dining-40030703.jpg,https://img.bokenjapan.com/media/shingucho-dining-40011601.jpg,matched own listing photo
fukuoka/shingucho,52,八仙閣 新宮中央駅前店,https://img.bokenjapan.com/media/shingucho-dining-40052981.jpg,https://img.bokenjapan.com/media/shingucho-dining-40030703.jpg,matched own listing photo
fukuoka/shingucho,53,大政すし,https://img.bokenjapan.com/media/shingucho-dining-40018700.jpg,https://img.bokenjapan.com/media/shingucho-dining-40052981.jpg,matched own listing photo
fukuoka/shingucho,54,韓食酒房クルクリ,https://img.bokenjapan.com/media/shingucho-dining-40003699.jpg,https://img.bokenjapan.com/media/shingucho-dining-40018700.jpg,matched own listing photo
fukuoka/shingucho,55,居酒屋しんぐう村,https://img.bokenjapan.com/media/shingucho-dining-40016188.jpg,https://img.bokenjapan.com/media/shingucho-dining-40003699.jpg,matched own listing photo
fukuoka/shingucho,56,墨Suke,https://img.bokenjapan.com/media/shingucho-dining-40052201.jpg,https://img.bokenjapan.com/media/shingucho-dining-40016188.jpg,matched own listing photo
fukuoka/shingucho,57,ビストロ ル ポール,https://img.bokenjapan.com/media/shingucho-dining-40000318.jpg,https://img.bokenjapan.com/media/shingucho-dining-40052201.jpg,matched own listing photo
fukuoka/shingucho,58,湊うどん,https://img.bokenjapan.com/media/shingucho-dining-40066810.jpg,https://img.bokenjapan.com/media/shingucho-dining-40000318.jpg,matched own listing photo
fukuoka/shingucho,59,トコノバー,https://img.bokenjapan.com/media/shingucho-dining-40048588.jpg,https://img.bokenjapan.com/media/shingucho-dining-40066810.jpg,matched own listing photo
fukuoka/shingucho,62,星乃珈琲店 福岡新宮店,https://img.bokenjapan.com/media/shingucho-dining-40039433.jpg,,photo belonged to another card; no own photo found
fukuoka/shingucho,63,うまや 福岡新宮店,https://img.bokenjapan.com/media/shingucho-dining-40058322.jpg,https://img.bokenjapan.com/media/shingucho-dining-40039433.jpg,matched own listing photo
fukuoka/shingucho,64,進藤商店,https://img.bokenjapan.com/media/shingucho-dining-40037096.jpg,https://img.bokenjapan.com/media/shingucho-dining-40058322.jpg,matched own listing photo
fukuoka/shingucho,65,炭焼酒場 りゅう,https://img.bokenjapan.com/media/shingucho-dining-40042304.jpg,https://img.bokenjapan.com/media/shingucho-dining-40037096.jpg,matched own listing photo
fukuoka/shingucho,66,味の明太子 ふくや 新宮店,https://img.bokenjapan.com/media/shingucho-dining-40065900.jpg,https://img.bokenjapan.com/media/shingucho-dining-40042304.jpg,matched own listing photo
fukuoka/shingucho,67,こみんか みかん,https://img.bokenjapan.com/media/shingucho-dining-40062437.jpg,https://img.bokenjapan.com/media/shingucho-dining-40065900.jpg,matched own listing photo
fukuoka/shingucho,68,◯吾長福丸,https://img.bokenjapan.com/media/shingucho-dining-40073489.jpg,https://img.bokenjapan.com/media/shingucho-dining-40062437.jpg,matched own listing photo
fukuoka/shingucho,69,唐揚げ専門 ひなた商店,https://img.bokenjapan.com/media/shingucho-dining-40051686.jpg,https://img.bokenjapan.com/media/shingucho-dining-40073489.jpg,matched own listing photo
fukuoka/shingucho,70,喫茶 猫屋堂,https://img.bokenjapan.com/media/shingucho-dining-40059636.jpg,https://img.bokenjapan.com/media/shingucho-dining-40051686.jpg,matched own listing photo
fukuoka/shingucho,71,たちばなベース 367,https://img.bokenjapan.com/media/shingucho-dining-40062419.jpg,,photo belonged to another card; no own photo found
fukuoka/shingucho,72,フランソワ,https://img.bokenjapan.com/media/shingucho-dining-40063699.jpg,https://img.bokenjapan.com/media/shingucho-dining-40062419.jpg,matched own listing photo
fukuoka/shingucho,73,カフェ ブリッコ カインズ福岡新宮店,https://img.bokenjapan.com/media/shingucho-dining-40042300.jpg,https://img.bokenjapan.com/media/shingucho-dining-40063699.jpg,matched own listing photo
fukuoka/shingucho,74,スターバックス・コーヒー 福岡新宮店,https://img.bokenjapan.com/media/shingucho-dining-40027120.jpg,https://img.bokenjapan.com/media/shingucho-dining-40042300.jpg,matched own listing photo
fukuoka/shingucho,75,スシロー 新宮上府店,https://img.bokenjapan.com/media/shingucho-dining-40034740.jpg,https://img.bokenjapan.com/media/shingucho-dining-40027120.jpg,matched own listing photo
fukuoka/shingucho,76,コメダ珈琲店 ゆめマート新宮店,https://img.bokenjapan.com/media/shingucho-dining-40036912.jpg,https://img.bokenjapan.com/media/shingucho-dining-40034740.jpg,matched own listing photo
fukuoka/shingucho,77,焼肉ヌルボンガーデン 新宮店,https://img.bokenjapan.com/media/shingucho-dining-40025317.jpg,https://img.bokenjapan.com/media/shingucho-dining-40036912.jpg,matched own listing photo
fukuoka/shingucho,78,無添くら寿司 福岡新宮店,https://img.bokenjapan.com/media/shingucho-dining-40036832.jpg,https://img.bokenjapan.com/media/shingucho-dining-40025317.jpg,matched own listing photo
fukuoka/shingucho,79,ステーキガスト 福岡新宮店,https://img.bokenjapan.com/media/shingucho-dining-40048571.jpg,https://img.bokenjapan.com/media/shingucho-dining-40036832.jpg,matched own listing photo
fukuoka/shingucho,82,たかまつ本陣,https://img.bokenjapan.com/media/shingucho-dining-40009717.jpg,,photo belonged to another card; no own photo found
fukuoka/shingucho,83,KURAU,https://img.bokenjapan.com/media/shingucho-dining-40071805.jpg,https://img.bokenjapan.com/media/shingucho-dining-40009717.jpg,matched own listing photo
fukuoka/shingucho,84,居心地屋　鯉のぼり,https://img.bokenjapan.com/media/shingucho-dining-40038366.jpg,https://img.bokenjapan.com/media/shingucho-dining-40071805.jpg,matched own listing photo
fukuoka/shingucho,85,お弁当の12時亭,https://img.bokenjapan.com/media/shingucho-dining-40031559.jpg,https://img.bokenjapan.com/media/shingucho-dining-40038366.jpg,matched own listing photo
fukuoka/shingucho,86,甘味処 戦国や 立花館,https://img.bokenjapan.com/media/shingucho-dining-40060705.jpg,,photo belonged to another card; no own photo found
fukuoka/shingucho,87,やよい軒 新宮店,https://img.bokenjapan.com/media/shingucho-dining-40016355.jpg,https://img.bokenjapan.com/media/shingucho-dining-40060705.jpg,matched own listing photo
fukuoka/shingucho,88,焼肉きんぐ 福岡新宮店,https://img.bokenjapan.com/media/shingucho-dining-40032634.jpg,https://img.bokenjapan.com/media/shingucho-dining-40016355.jpg,matched own listing photo
fukuoka/shingucho,89,マクドナルド 3号線新宮店,https://img.bokenjapan.com/media/shingucho-dining-40029580.jpg,https://img.bokenjapan.com/media/shingucho-dining-40032634.jpg,matched own listing photo
fukuoka/shingucho,90,博多 とよ唐亭 新宮店,https://img.bokenjapan.com/media/shingucho-dining-40034641.jpg,https://img.bokenjapan.com/media/shingucho-dining-40029580.jpg,matched own listing photo
fukuoka/shingucho,91,モア カフェ 東京インテリア家具 福岡新宮店,https://img.bokenjapan.com/media/shingucho-dining-40048457.jpg,https://img.bokenjapan.com/media/shingucho-dining-40034641.jpg,matched own listing photo
fukuoka/shingucho,92,メガセンタートライアル 新宮店,https://img.bokenjapan.com/media/shingucho-dining-40043097.jpg,https://img.bokenjapan.com/media/shingucho-dining-40048457.jpg,matched own listing photo
fukuoka/shingucho,93,カフェ ヒゴロッカ,https://img.bokenjapan.com/media/shingucho-dining-40033447.jpg,https://img.bokenjapan.com/media/shingucho-dining-40043097.jpg,matched own listing photo
fukuoka/shingucho,94,韓国宮廷料理 水刺間,https://img.bokenjapan.com/media/shingucho-dining-40042128.jpg,https://img.bokenjapan.com/media/shingucho-dining-40033447.jpg,matched own listing photo
fukuoka/shingucho,95,名島 キムチの店 新宮店,https://img.bokenjapan.com/media/shingucho-dining-40052655.jpg,https://img.bokenjapan.com/media/shingucho-dining-40042128.jpg,matched own listing photo
fukuoka/shingucho,96,島の駅 あいのしま,https://img.bokenjapan.com/media/shingucho-dining-40073795.jpg,https://img.bokenjapan.com/media/shingucho-dining-40052655.jpg,matched own listing photo
fukuoka/shingucho,97,ビストロ 樂,https://img.bokenjapan.com/media/shingucho-dining-40060572.jpg,https://img.bokenjapan.com/media/shingucho-dining-40073795.jpg,matched own listing photo
fukuoka/shingucho,98,麺酒場 呑龍,https://img.bokenjapan.com/media/shingucho-dining-40063307.jpg,https://img.bokenjapan.com/media/shingucho-dining-40060572.jpg,matched own listing photo
fukuoka/shingucho,99,カインズ カインズ福岡新宮店,https://img.bokenjapan.com/media/shingucho-dining-40051604.jpg,https://img.bokenjapan.com/media/shingucho-dining-40063307.jpg,matched own listing photo
fukuoka/shingucho,102,ミスタードーナツ ライフガーデン新宮中央ショップ,https://img.bokenjapan.com/media/shingucho-dining-40029223.jpg,,photo belonged to another card; no own photo found
fukuoka/shingucho,103,リモーネ,https://img.bokenjapan.com/media/shingucho-dining-40024874.jpg,https://img.bokenjapan.com/media/shingucho-dining-40029223.jpg,matched own listing photo
fukuoka/shingucho,104,玄風館 新宮工場直売所,https://img.bokenjapan.com/media/shingucho-dining-40039779.jpg,https://img.bokenjapan.com/media/shingucho-dining-40024874.jpg,matched own listing photo
fukuoka/shingucho,105,笑顔のまんま,https://img.bokenjapan.com/media/shingucho-dining-40074400.jpg,https://img.bokenjapan.com/media/shingucho-dining-40039779.jpg,matched own listing photo
fukuoka/shingucho,106,潘家PANKE,https://img.bokenjapan.com/media/shingucho-dining-40069871.jpg,,photo belonged to another card; no own photo found
fukuoka/shingucho,107,呑み処 進,https://img.bokenjapan.com/media/shingucho-dining-40050625.jpg,https://img.bokenjapan.com/media/shingucho-dining-40069871.jpg,matched own listing photo
fukuoka/shingucho,108,博多焼鳥と水炊きのお店 たけうち,https://img.bokenjapan.com/media/shingucho-dining-40055679.jpg,https://img.bokenjapan.com/media/shingucho-dining-40050625.jpg,matched own listing photo
fukuoka/shingucho,109,韓国料理 プルプル,https://img.bokenjapan.com/media/shingucho-dining-40067529.jpg,https://img.bokenjapan.com/media/shingucho-dining-40055679.jpg,matched own listing photo
fukuoka/shingucho,110,喫茶 クラウド,https://img.bokenjapan.com/media/shingucho-dining-40074666.jpg,https://img.bokenjapan.com/media/shingucho-dining-40067529.jpg,matched own listing photo
fukuoka/shingucho,111,HUONG VIET,https://img.bokenjapan.com/media/shingucho-dining-40066158.jpg,,photo belonged to another card; no own photo found
fukuoka/shingucho,112,ワンカルビ 新宮中央駅前店,https://img.bokenjapan.com/media/shingucho-dining-40038605.jpg,https://img.bokenjapan.com/media/shingucho-dining-40066158.jpg,matched own listing photo
fukuoka/shingucho,113,千鳥屋 セントラル店,https://img.bokenjapan.com/media/shingucho-dining-40041911.jpg,https://img.bokenjapan.com/media/shingucho-dining-40038605.jpg,matched own listing photo
fukuoka/shingucho,114,焼肉ウエスト 新宮店,https://img.bokenjapan.com/media/shingucho-dining-40001236.jpg,https://img.bokenjapan.com/media/shingucho-dining-40041911.jpg,matched own listing photo
fukuoka/shingucho,115,や台ずし 福工大駅前町,https://img.bokenjapan.com/media/shingucho-dining-40053662.jpg,https://img.bokenjapan.com/media/shingucho-dining-40001236.jpg,matched own listing photo
fukuoka/shingucho,116,串カツ居酒屋 これや 福工大駅前店,https://img.bokenjapan.com/media/shingucho-dining-40046847.jpg,https://img.bokenjapan.com/media/shingucho-dining-40053662.jpg,matched own listing photo
fukuoka/shingucho,117,サンエトワール 新宮店,https://img.bokenjapan.com/media/shingucho-dining-40039630.jpg,https://img.bokenjapan.com/media/shingucho-dining-40046847.jpg,matched own listing photo
fukuoka/shingucho,118,肉だんご屋 味味,https://img.bokenjapan.com/media/shingucho-dining-40040785.jpg,https://img.bokenjapan.com/media/shingucho-dining-40039630.jpg,matched own listing photo
fukuoka/shingucho,119,モスバーガー 福岡新宮中央店,https://img.bokenjapan.com/media/shingucho-dining-40057573.jpg,https://img.bokenjapan.com/media/shingucho-dining-40040785.jpg,matched own listing photo
fukuoka/shingucho,122,マーニーズキッチン,https://img.bokenjapan.com/media/shingucho-dining-40057458.jpg,,photo belonged to another card; no own photo found
fukuoka/shingucho,123,ロピア 福岡新宮店,https://img.bokenjapan.com/media/shingucho-dining-40065038.jpg,https://img.bokenjapan.com/media/shingucho-dining-40057458.jpg,matched own listing photo
fukuoka/shingucho,124,牛角 新宮店,https://img.bokenjapan.com/media/shingucho-dining-40053257.jpg,https://img.bokenjapan.com/media/shingucho-dining-40065038.jpg,matched own listing photo
fukuoka/shingucho,125,おいしい精肉店,https://img.bokenjapan.com/media/shingucho-dining-40064347.jpg,https://img.bokenjapan.com/media/shingucho-dining-40053257.jpg,matched own listing photo
fukuoka/shingucho,126,THE MEAT HOOK,https://img.bokenjapan.com/media/shingucho-dining-40062267.jpg,,photo belonged to another card; no own photo found
fukuoka/shingucho,127,とり肉の高木,https://img.bokenjapan.com/media/shingucho-dining-40054347.jpg,https://img.bokenjapan.com/media/shingucho-dining-40062267.jpg,matched own listing photo
fukuoka/shingucho,128,欒八,https://img.bokenjapan.com/media/shingucho-dining-40063546.jpg,https://img.bokenjapan.com/media/shingucho-dining-40054347.jpg,matched own listing photo
fukuoka/shingucho,129,うまかもん,https://img.bokenjapan.com/media/shingucho-dining-40009798.jpg,https://img.bokenjapan.com/media/shingucho-dining-40063546.jpg,matched own listing photo
fukuoka/shingucho,130,ほっともっと 新宮三代店,https://img.bokenjapan.com/media/shingucho-dining-40038861.jpg,https://img.bokenjapan.com/media/shingucho-dining-40009798.jpg,matched own listing photo
fukuoka/shingucho,132,明月堂 ハローデイ新宮店,https://img.bokenjapan.com/media/shingucho-dining-40027992.jpg,,photo belonged to another card; no own photo found
fukuoka/shingucho,133,キッチン 海と空,https://img.bokenjapan.com/media/shingucho-dining-40061541.jpg,https://img.bokenjapan.com/media/shingucho-dining-40027992.jpg,matched own listing photo
fukuoka/shingucho,134,むっちゃん万十 新宮店,https://img.bokenjapan.com/media/shingucho-dining-40064859.jpg,https://img.bokenjapan.com/media/shingucho-dining-40061541.jpg,matched own listing photo
fukuoka/shingucho,135,肉のススキ,https://img.bokenjapan.com/media/shingucho-dining-40058530.jpg,https://img.bokenjapan.com/media/shingucho-dining-40064859.jpg,matched own listing photo
fukuoka/shingucho,141,お好み焼ダンボ,https://img.bokenjapan.com/media/shingucho-dining-40014168.jpg,,photo belonged to another card; no own photo found
fukuoka/shingucho,142,酒のNAGASAKI,https://img.bokenjapan.com/media/shingucho-dining-40073859.jpg,https://img.bokenjapan.com/media/shingucho-dining-40014168.jpg,matched own listing photo
fukuoka/shingucho,143,菓子工房 Aizen,https://img.bokenjapan.com/media/shingucho-dining-40058378.jpg,https://img.bokenjapan.com/media/shingucho-dining-40073859.jpg,matched own listing photo
fukuoka/shingucho,145,遊々楽,https://img.bokenjapan.com/media/shingucho-dining-40008869.jpg,https://img.bokenjapan.com/media/shingucho-dining-40058378.jpg,matched own listing photo
fukuoka/soeda,2,長谷の里,https://img.bokenjapan.com/media/soeda-dining-40020369.jpg,,photo belonged to another card; no own photo found
fukuoka/soeda,3,ひこ山食堂,https://img.bokenjapan.com/media/soeda-dining-40013154.jpg,https://img.bokenjapan.com/media/soeda-dining-40020369.jpg,matched own listing photo
fukuoka/soeda,4,北の庄 添田店,https://img.bokenjapan.com/media/soeda-dining-40011542.jpg,https://img.bokenjapan.com/media/soeda-dining-40013154.jpg,matched own listing photo
fukuoka/soeda,5,お食事処 JYOHAN,https://img.bokenjapan.com/media/soeda-dining-40059345.jpg,https://img.bokenjapan.com/media/soeda-dining-40011542.jpg,matched own listing photo
fukuoka/soeda,6,道の駅 歓遊舎ひこさん,https://img.bokenjapan.com/media/soeda-dining-40037852.jpg,https://img.bokenjapan.com/media/soeda-dining-40059345.jpg,matched own listing photo
fukuoka/soeda,7,駒どり,https://img.bokenjapan.com/media/soeda-dining-40013449.jpg,https://img.bokenjapan.com/media/soeda-dining-40037852.jpg,matched own listing photo
fukuoka/soeda,8,もち工房,https://img.bokenjapan.com/media/soeda-dining-40032632.jpg,https://img.bokenjapan.com/media/soeda-dining-40013449.jpg,matched own listing photo
fukuoka/soeda,9,山びこうどん,https://img.bokenjapan.com/media/soeda-dining-40067779.jpg,https://img.bokenjapan.com/media/soeda-dining-40032632.jpg,matched own listing photo
fukuoka/soeda,10,味の蔵めん処九ちゃん,https://img.bokenjapan.com/media/soeda-dining-40009395.jpg,https://img.bokenjapan.com/media/soeda-dining-40067779.jpg,matched own listing photo
fukuoka/soeda,11,情熱的中華厨房 味都,https://img.bokenjapan.com/media/soeda-dining-40063490.jpg,https://img.bokenjapan.com/media/soeda-dining-40009395.jpg,matched own listing photo
fukuoka/soeda,12,英彦岳食堂,https://img.bokenjapan.com/media/soeda-dining-40014870.jpg,https://img.bokenjapan.com/media/soeda-dining-40063490.jpg,matched own listing photo
fukuoka/soeda,13,天麩羅割烹 味舌,https://img.bokenjapan.com/media/soeda-dining-40066348.jpg,https://img.bokenjapan.com/media/soeda-dining-40014870.jpg,matched own listing photo
fukuoka/soeda,14,オオツカファーム,https://img.bokenjapan.com/media/soeda-dining-40053744.jpg,https://img.bokenjapan.com/media/soeda-dining-40066348.jpg,matched own listing photo
fukuoka/soeda,15,PANET,https://img.bokenjapan.com/media/soeda-dining-40024405.jpg,https://img.bokenjapan.com/media/soeda-dining-40053744.jpg,matched own listing photo
fukuoka/soeda,16,からあげまんてん 添田町店,https://img.bokenjapan.com/media/soeda-dining-40036700.jpg,https://img.bokenjapan.com/media/soeda-dining-40024405.jpg,matched own listing photo
fukuoka/soeda,17,かとうショコラ,https://img.bokenjapan.com/media/soeda-dining-40023639.jpg,https://img.bokenjapan.com/media/soeda-dining-40036700.jpg,matched own listing photo
fukuoka/soeda,18,KaisenCLUB,https://img.bokenjapan.com/media/soeda-dining-40060897.jpg,https://img.bokenjapan.com/media/soeda-dining-40023639.jpg,matched own listing photo
fukuoka/soeda,19,添田町めんべい工場,https://img.bokenjapan.com/media/soeda-dining-40039272.jpg,https://img.bokenjapan.com/media/soeda-dining-40060897.jpg,matched own listing photo
fukuoka/soeda,22,多幸焼工房 今川の里,https://img.bokenjapan.com/media/soeda-dining-40021637.jpg,,photo belonged to another card; no own photo found
fukuoka/soeda,23,ヒコニワ,https://img.bokenjapan.com/media/soeda-dining-40053743.jpg,https://img.bokenjapan.com/media/soeda-dining-40021637.jpg,matched own listing photo
fukuoka/soeda,24,添田町旧車Cafe,https://img.bokenjapan.com/media/soeda-dining-40065492.jpg,https://img.bokenjapan.com/media/soeda-dining-40053743.jpg,matched own listing photo
fukuoka/soeda,25,かじか庵,https://img.bokenjapan.com/media/soeda-dining-40020823.jpg,,photo belonged to another card; no own photo found
fukuoka/soeda,26,守破離,https://img.bokenjapan.com/media/soeda-dining-40074870.jpg,https://img.bokenjapan.com/media/soeda-dining-40020823.jpg,matched own listing photo
fukuoka/soeda,27,三鷹庵,https://img.bokenjapan.com/media/soeda-dining-40071600.jpg,https://img.bokenjapan.com/media/soeda-dining-40074870.jpg,matched own listing photo
fukuoka/soeda,28,かふぇ けるん,https://img.bokenjapan.com/media/soeda-dining-40072220.jpg,https://img.bokenjapan.com/media/soeda-dining-40071600.jpg,matched own listing photo
fukuoka/soeda,59,そわか亭,https://img.bokenjapan.com/media/soeda-dining-ta10018327-p.webp,https://img.bokenjapan.com/media/soeda-dining-ta8.jpg,matched own listing photo
fukuoka/sue,2,須恵三洋軒,https://img.bokenjapan.com/media/sue-dining-40009361.jpg,,photo belonged to another card; no own photo found
fukuoka/sue,3,おにぎりカフェ　おむすびころりん,https://img.bokenjapan.com/media/sue-dining-40068261.jpg,https://img.bokenjapan.com/media/sue-dining-40009361.jpg,matched own listing photo
fukuoka/sue,4,パン・ド・ラパージュ,https://img.bokenjapan.com/media/sue-dining-40069732.jpg,https://img.bokenjapan.com/media/sue-dining-40068261.jpg,matched own listing photo
fukuoka/sue,5,パティスリー アンサンブル,https://img.bokenjapan.com/media/sue-dining-40050795.jpg,https://img.bokenjapan.com/media/sue-dining-40069732.jpg,matched own listing photo
fukuoka/sue,6,焼きたてパン工房 かえでの木,https://img.bokenjapan.com/media/sue-dining-40068816.jpg,https://img.bokenjapan.com/media/sue-dining-40050795.jpg,matched own listing photo
fukuoka/sue,7,麺処 辰,https://img.bokenjapan.com/media/sue-dining-40051142.jpg,https://img.bokenjapan.com/media/sue-dining-40068816.jpg,matched own listing photo
fukuoka/sue,8,中華料理 林々,https://img.bokenjapan.com/media/sue-dining-40066323.jpg,https://img.bokenjapan.com/media/sue-dining-40051142.jpg,matched own listing photo
fukuoka/sue,9,ウエスト 須惠店,https://img.bokenjapan.com/media/sue-dining-40039902.jpg,https://img.bokenjapan.com/media/sue-dining-40066323.jpg,matched own listing photo
fukuoka/sue,10,鳥平 須惠店,https://img.bokenjapan.com/media/sue-dining-40072783.jpg,https://img.bokenjapan.com/media/sue-dining-40039902.jpg,matched own listing photo
fukuoka/sue,11,とり須恵,https://img.bokenjapan.com/media/sue-dining-40007587.jpg,https://img.bokenjapan.com/media/sue-dining-40072783.jpg,matched own listing photo
fukuoka/sue,12,居酒屋ぺんぺん草,https://img.bokenjapan.com/media/sue-dining-40016186.jpg,https://img.bokenjapan.com/media/sue-dining-40007587.jpg,matched own listing photo
fukuoka/sue,13,和膳 花庵,https://img.bokenjapan.com/media/sue-dining-40043395.jpg,https://img.bokenjapan.com/media/sue-dining-40016186.jpg,matched own listing photo
fukuoka/sue,14,LA35,https://img.bokenjapan.com/media/sue-dining-40023131.jpg,https://img.bokenjapan.com/media/sue-dining-40043395.jpg,matched own listing photo
fukuoka/sue,15,寿恵広,https://img.bokenjapan.com/media/sue-dining-40013898.jpg,https://img.bokenjapan.com/media/sue-dining-40023131.jpg,matched own listing photo
fukuoka/sue,16,みつば食堂,https://img.bokenjapan.com/media/sue-dining-40014716.jpg,https://img.bokenjapan.com/media/sue-dining-40013898.jpg,matched own listing photo
fukuoka/sue,17,喜いち,https://img.bokenjapan.com/media/sue-dining-40073645.jpg,https://img.bokenjapan.com/media/sue-dining-40014716.jpg,matched own listing photo
fukuoka/sue,18,サロン 桜や,https://img.bokenjapan.com/media/sue-dining-40068850.jpg,,photo belonged to another card; no own photo found
fukuoka/sue,19,美らそば キッチンカー,https://img.bokenjapan.com/media/sue-dining-40071545.jpg,https://img.bokenjapan.com/media/sue-dining-40068850.jpg,matched own listing photo
fukuoka/sue,22,マクドナルド 宇美町店,https://img.bokenjapan.com/media/sue-dining-40069744.jpg,,photo belonged to another card; no own photo found
fukuoka/sue,23,新生,https://img.bokenjapan.com/media/sue-dining-40018235.jpg,https://img.bokenjapan.com/media/sue-dining-40069744.jpg,matched own listing photo
fukuoka/sue,24,スーパーセンタートライアル 須恵店,https://img.bokenjapan.com/media/sue-dining-40054375.jpg,https://img.bokenjapan.com/media/sue-dining-40018235.jpg,matched own listing photo
fukuoka/sue,25,ほっともっと 須恵店,https://img.bokenjapan.com/media/sue-dining-40040486.jpg,https://img.bokenjapan.com/media/sue-dining-40054375.jpg,matched own listing photo
fukuoka/sue,26,コーダ スパイス,https://img.bokenjapan.com/media/sue-dining-40074550.jpg,https://img.bokenjapan.com/media/sue-dining-40040486.jpg,matched own listing photo
fukuoka/sue,27,ロッキー,https://img.bokenjapan.com/media/sue-dining-40022881.jpg,https://img.bokenjapan.com/media/sue-dining-40074550.jpg,matched own listing photo
fukuoka/sue,28,一八寿し,https://img.bokenjapan.com/media/sue-dining-40010623.jpg,https://img.bokenjapan.com/media/sue-dining-40022881.jpg,matched own listing photo
fukuoka/sue,29,田中洋菓子店,https://img.bokenjapan.com/media/sue-dining-40068693.jpg,https://img.bokenjapan.com/media/sue-dining-40010623.jpg,matched own listing photo
fukuoka/sue,30,長沢ストアー,https://img.bokenjapan.com/media/sue-dining-40073581.jpg,https://img.bokenjapan.com/media/sue-dining-40068693.jpg,matched own listing photo
fukuoka/sue,31,グリタコ,https://img.bokenjapan.com/media/sue-dining-40073210.jpg,https://img.bokenjapan.com/media/sue-dining-40073581.jpg,matched own listing photo
fukuoka/sue,32,有限会社 清広食品,https://img.bokenjapan.com/media/sue-dining-40036857.jpg,https://img.bokenjapan.com/media/sue-dining-40073210.jpg,matched own listing photo
fukuoka/sue,33,一合半,https://img.bokenjapan.com/media/sue-dining-40008867.jpg,https://img.bokenjapan.com/media/sue-dining-40036857.jpg,matched own listing photo
fukuoka/tachiarai,2,呼び戻しチャンポン 月と燈會,https://img.bokenjapan.com/media/tachiarai-dining-40071669.jpg,,photo belonged to another card; no own photo found
fukuoka/tachiarai,3,ちづる,https://img.bokenjapan.com/media/tachiarai-dining-40031691.jpg,https://img.bokenjapan.com/media/tachiarai-dining-40071669.jpg,matched own listing photo
fukuoka/tachiarai,4,OYASAI KITCHEN 本店,https://img.bokenjapan.com/media/tachiarai-dining-40062284.jpg,https://img.bokenjapan.com/media/tachiarai-dining-40031691.jpg,matched own listing photo
fukuoka/tachiarai,5,小麦冶 小郡店,https://img.bokenjapan.com/media/tachiarai-dining-40011554.jpg,https://img.bokenjapan.com/media/tachiarai-dining-40062284.jpg,matched own listing photo
fukuoka/tachiarai,6,お菓子のふなき 十文字本店,https://img.bokenjapan.com/media/tachiarai-dining-40026092.jpg,,photo belonged to another card; no own photo found
fukuoka/tachiarai,7,インド食堂 ムランカリー,https://img.bokenjapan.com/media/tachiarai-dining-40056961.jpg,https://img.bokenjapan.com/media/tachiarai-dining-40026092.jpg,matched own listing photo
fukuoka/tachiarai,8,餃子菜館,https://img.bokenjapan.com/media/tachiarai-dining-40009388.jpg,https://img.bokenjapan.com/media/tachiarai-dining-40056961.jpg,matched own listing photo
fukuoka/tachiarai,9,Patisserie Petit Riziere,https://img.bokenjapan.com/media/tachiarai-dining-40059908.jpg,https://img.bokenjapan.com/media/tachiarai-dining-40009388.jpg,matched own listing photo
fukuoka/tachiarai,10,肉の大正屋,https://img.bokenjapan.com/media/tachiarai-dining-40058458.jpg,https://img.bokenjapan.com/media/tachiarai-dining-40059908.jpg,matched own listing photo
fukuoka/tachiarai,11,Aコープ 大刀洗店,https://img.bokenjapan.com/media/tachiarai-dining-40039881.jpg,https://img.bokenjapan.com/media/tachiarai-dining-40058458.jpg,matched own listing photo
fukuoka/tachiarai,12,MEAT SHOP 棚町,https://img.bokenjapan.com/media/tachiarai-dining-40058481.jpg,https://img.bokenjapan.com/media/tachiarai-dining-40039881.jpg,matched own listing photo
fukuoka/tachiarai,13,三原精肉店,https://img.bokenjapan.com/media/tachiarai-dining-40036802.jpg,https://img.bokenjapan.com/media/tachiarai-dining-40058481.jpg,matched own listing photo
fukuoka/tachiarai,14,やひろ食道,https://img.bokenjapan.com/media/tachiarai-dining-40064598.jpg,https://img.bokenjapan.com/media/tachiarai-dining-40036802.jpg,matched own listing photo
fukuoka/tachiarai,15,はらぺこ,https://img.bokenjapan.com/media/tachiarai-dining-40067822.jpg,https://img.bokenjapan.com/media/tachiarai-dining-40064598.jpg,matched own listing photo
fukuoka/tachiarai,16,平田万十店,https://img.bokenjapan.com/media/tachiarai-dining-40030058.jpg,https://img.bokenjapan.com/media/tachiarai-dining-40067822.jpg,matched own listing photo
fukuoka/tachiarai,17,セブンイレブン 大刀洗下高橋店,https://img.bokenjapan.com/media/tachiarai-dining-40041701.jpg,https://img.bokenjapan.com/media/tachiarai-dining-40030058.jpg,matched own listing photo
fukuoka/tachiarai,18,ジョイフル 福岡大刀洗店,https://img.bokenjapan.com/media/tachiarai-dining-40019078.jpg,,photo belonged to another card; no own photo found
fukuoka/tachiarai,19,株式会社 みいの寿,https://img.bokenjapan.com/media/tachiarai-dining-40067313.jpg,https://img.bokenjapan.com/media/tachiarai-dining-40019078.jpg,matched own listing photo
fukuoka/tachiarai,22,オンマの台所,https://img.bokenjapan.com/media/tachiarai-dining-40063983.jpg,,photo belonged to another card; no own photo found
fukuoka/tachiarai,23,SAKABAえにし,https://img.bokenjapan.com/media/tachiarai-dining-40065289.jpg,https://img.bokenjapan.com/media/tachiarai-dining-40063983.jpg,matched own listing photo
fukuoka/tachiarai,24,とまり木,https://img.bokenjapan.com/media/tachiarai-dining-40075144.jpg,https://img.bokenjapan.com/media/tachiarai-dining-40065289.jpg,matched own listing photo
fukuoka/tachiarai,25,太古八,https://img.bokenjapan.com/media/tachiarai-dining-40030059.jpg,https://img.bokenjapan.com/media/tachiarai-dining-40075144.jpg,matched own listing photo
fukuoka/tachiarai,26,やきとり正栄,https://img.bokenjapan.com/media/tachiarai-dining-40007774.jpg,https://img.bokenjapan.com/media/tachiarai-dining-40030059.jpg,matched own listing photo
fukuoka/tachiarai,27,めん六や 福岡大刀洗店,https://img.bokenjapan.com/media/tachiarai-dining-40046685.jpg,https://img.bokenjapan.com/media/tachiarai-dining-40007774.jpg,matched own listing photo
fukuoka/tachiarai,28,笑顔料理 ふくしま,https://img.bokenjapan.com/media/tachiarai-dining-40041594.jpg,https://img.bokenjapan.com/media/tachiarai-dining-40046685.jpg,matched own listing photo
fukuoka/tachiarai,29,マミーズ 大刀洗店,https://img.bokenjapan.com/media/tachiarai-dining-40043762.jpg,https://img.bokenjapan.com/media/tachiarai-dining-40041594.jpg,matched own listing photo
fukuoka/tachiarai,30,からあげ聖林 大刀洗店,https://img.bokenjapan.com/media/tachiarai-dining-40025913.jpg,https://img.bokenjapan.com/media/tachiarai-dining-40043762.jpg,matched own listing photo
fukuoka/tachiarai,31,鶏真,https://img.bokenjapan.com/media/tachiarai-dining-40072552.jpg,https://img.bokenjapan.com/media/tachiarai-dining-40025913.jpg,matched own listing photo
fukuoka/tachiarai,32,百助寿し,https://img.bokenjapan.com/media/tachiarai-dining-40010978.jpg,https://img.bokenjapan.com/media/tachiarai-dining-40072552.jpg,matched own listing photo
fukuoka/tachiarai,33,福栄のから揚げ 大刀洗店,https://img.bokenjapan.com/media/tachiarai-dining-40047526.jpg,https://img.bokenjapan.com/media/tachiarai-dining-40010978.jpg,matched own listing photo
fukuoka/tachiarai,34,喫茶 上野,https://img.bokenjapan.com/media/tachiarai-dining-40030054.jpg,https://img.bokenjapan.com/media/tachiarai-dining-40047526.jpg,matched own listing photo
fukuoka/tachiarai,35,IZANAGI COFFEE,https://img.bokenjapan.com/media/tachiarai-dining-40060561.jpg,https://img.bokenjapan.com/media/tachiarai-dining-40030054.jpg,matched own listing photo
fukuoka/tachiarai,36,FOREST STATION,https://img.bokenjapan.com/media/tachiarai-dining-40071003.jpg,https://img.bokenjapan.com/media/tachiarai-dining-40060561.jpg,matched own listing photo
fukuoka/tachiarai,37,立石蒲鉾店,https://img.bokenjapan.com/media/tachiarai-dining-40041359.jpg,https://img.bokenjapan.com/media/tachiarai-dining-40071003.jpg,matched own listing photo
fukuoka/tachiarai,38,ドレミのホルモン,https://img.bokenjapan.com/media/tachiarai-dining-40060038.jpg,https://img.bokenjapan.com/media/tachiarai-dining-40041359.jpg,matched own listing photo
fukuoka/tachiarai,39,居酒屋  中祥,https://img.bokenjapan.com/media/tachiarai-dining-40021765.jpg,https://img.bokenjapan.com/media/tachiarai-dining-40060038.jpg,matched own listing photo
fukuoka/tagawa,68,華扇,https://img.bokenjapan.com/media/tagawa-dining-ta7547811-p.webp,https://img.bokenjapan.com/media/tagawa-dining-ta32.jpg,matched own listing photo
fukuoka/toho,2,京や,https://img.bokenjapan.com/media/toho-dining-40002992.jpg,,photo belonged to another card; no own photo found
fukuoka/toho,3,やまめ山荘,https://img.bokenjapan.com/media/toho-dining-40003694.jpg,https://img.bokenjapan.com/media/toho-dining-40002992.jpg,matched own listing photo
fukuoka/toho,4,山乃茶家,https://img.bokenjapan.com/media/toho-dining-40023616.jpg,https://img.bokenjapan.com/media/toho-dining-40003694.jpg,matched own listing photo
fukuoka/toho,5,道の駅 小石原,https://img.bokenjapan.com/media/toho-dining-40005717.jpg,https://img.bokenjapan.com/media/toho-dining-40023616.jpg,matched own listing photo
fukuoka/toho,6,レストラン こだち,https://img.bokenjapan.com/media/toho-dining-40028821.jpg,https://img.bokenjapan.com/media/toho-dining-40005717.jpg,matched own listing photo
fukuoka/toho,7,ふくちゃん家,https://img.bokenjapan.com/media/toho-dining-40058765.jpg,https://img.bokenjapan.com/media/toho-dining-40028821.jpg,matched own listing photo
fukuoka/toho,8,ジューンベリー,https://img.bokenjapan.com/media/toho-dining-40017137.jpg,https://img.bokenjapan.com/media/toho-dining-40058765.jpg,matched own listing photo
fukuoka/toho,9,an.hour 一時・一隅,https://img.bokenjapan.com/media/toho-dining-40072247.jpg,https://img.bokenjapan.com/media/toho-dining-40017137.jpg,matched own listing photo
fukuoka/toho,10,中華料理 11番,https://img.bokenjapan.com/media/toho-dining-40056590.jpg,https://img.bokenjapan.com/media/toho-dining-40072247.jpg,matched own listing photo
fukuoka/toho,11,里山カフェ 棚田屋,https://img.bokenjapan.com/media/toho-dining-40055008.jpg,,photo belonged to another card; no own photo found
fukuoka/toho,12,片岡酒造,https://img.bokenjapan.com/media/toho-dining-40026537.jpg,https://img.bokenjapan.com/media/toho-dining-40055008.jpg,matched own listing photo
fukuoka/toho,13,食事のさと 小石原,https://img.bokenjapan.com/media/toho-dining-40026864.jpg,https://img.bokenjapan.com/media/toho-dining-40026537.jpg,matched own listing photo
fukuoka/toho,14,佐々木製菓,https://img.bokenjapan.com/media/toho-dining-40039443.jpg,https://img.bokenjapan.com/media/toho-dining-40026864.jpg,matched own listing photo
fukuoka/toho,15,匙加減 其の弐,https://img.bokenjapan.com/media/toho-dining-40056335.jpg,https://img.bokenjapan.com/media/toho-dining-40039443.jpg,matched own listing photo
fukuoka/toho,16,つづみの里 農産物直売所,https://img.bokenjapan.com/media/toho-dining-40048871.jpg,https://img.bokenjapan.com/media/toho-dining-40056335.jpg,matched own listing photo
fukuoka/toho,17,あんたげ,https://img.bokenjapan.com/media/toho-dining-40060057.jpg,https://img.bokenjapan.com/media/toho-dining-40048871.jpg,matched own listing photo
fukuoka/toho,18,多加蔵,https://img.bokenjapan.com/media/toho-dining-40021610.jpg,https://img.bokenjapan.com/media/toho-dining-40060057.jpg,matched own listing photo
fukuoka/toho,21,ドライブイン 山福,https://img.bokenjapan.com/media/toho-dining-40030066.jpg,,photo belonged to another card; no own photo found
fukuoka/toho,22,地どり家,https://img.bokenjapan.com/media/toho-dining-40032034.jpg,https://img.bokenjapan.com/media/toho-dining-40030066.jpg,matched own listing photo
fukuoka/toho,24,千成瓢箪,https://img.bokenjapan.com/media/toho-dining-40030060.jpg,https://img.bokenjapan.com/media/toho-dining-40032034.jpg,matched own listing photo
fukuoka/toho,25,カネダイ,https://img.bokenjapan.com/media/toho-dining-40042885.jpg,https://img.bokenjapan.com/media/toho-dining-40030060.jpg,matched own listing photo
fukuoka/toho,26,CAFE POPO,https://img.bokenjapan.com/media/toho-dining-40072932.jpg,https://img.bokenjapan.com/media/toho-dining-40042885.jpg,matched own listing photo
fukuoka/ukiha,2,吉井十八,https://img.bokenjapan.com/media/ukiha-dining-40000420.jpg,,photo belonged to another card; no own photo found
fukuoka/ukiha,3,うなぎの千年家,https://img.bokenjapan.com/media/ukiha-dining-40003468.jpg,https://img.bokenjapan.com/media/ukiha-dining-40000420.jpg,matched own listing photo
fukuoka/ukiha,4,デリボーイ ブロス ハンバーガー,https://img.bokenjapan.com/media/ukiha-dining-40040182.jpg,https://img.bokenjapan.com/media/ukiha-dining-40003468.jpg,matched own listing photo
fukuoka/ukiha,5,中華の丼 林さん亭,https://img.bokenjapan.com/media/ukiha-dining-40047142.jpg,https://img.bokenjapan.com/media/ukiha-dining-40040182.jpg,matched own listing photo
fukuoka/ukiha,6,ぱんのもっか,https://img.bokenjapan.com/media/ukiha-dining-40037115.jpg,https://img.bokenjapan.com/media/ukiha-dining-40047142.jpg,matched own listing photo
fukuoka/ukiha,7,リバーワイルド,https://img.bokenjapan.com/media/ukiha-dining-40005179.jpg,https://img.bokenjapan.com/media/ukiha-dining-40037115.jpg,matched own listing photo
fukuoka/ukiha,8,cafe たねの隣り,https://img.bokenjapan.com/media/ukiha-dining-40001943.jpg,https://img.bokenjapan.com/media/ukiha-dining-40005179.jpg,matched own listing photo
fukuoka/ukiha,9,鳥扇,https://img.bokenjapan.com/media/ukiha-dining-40004424.jpg,https://img.bokenjapan.com/media/ukiha-dining-40001943.jpg,matched own listing photo
fukuoka/ukiha,10,坂の下の店 ぶどうのたね,https://img.bokenjapan.com/media/ukiha-dining-40046312.jpg,https://img.bokenjapan.com/media/ukiha-dining-40004424.jpg,matched own listing photo
fukuoka/ukiha,11,うどん不動庵,https://img.bokenjapan.com/media/ukiha-dining-40045081.jpg,https://img.bokenjapan.com/media/ukiha-dining-40046312.jpg,matched own listing photo
fukuoka/ukiha,12,ソルベッチdoうきは,https://img.bokenjapan.com/media/ukiha-dining-40037802.jpg,https://img.bokenjapan.com/media/ukiha-dining-40045081.jpg,matched own listing photo
fukuoka/ukiha,13,きふね,https://img.bokenjapan.com/media/ukiha-dining-40048461.jpg,https://img.bokenjapan.com/media/ukiha-dining-40037802.jpg,matched own listing photo
fukuoka/ukiha,14,うどんの天水,https://img.bokenjapan.com/media/ukiha-dining-40013687.jpg,https://img.bokenjapan.com/media/ukiha-dining-40048461.jpg,matched own listing photo
fukuoka/ukiha,15,夢語寄家,https://img.bokenjapan.com/media/ukiha-dining-40019672.jpg,https://img.bokenjapan.com/media/ukiha-dining-40013687.jpg,matched own listing photo
fukuoka/ukiha,16,中華そば おさみ,https://img.bokenjapan.com/media/ukiha-dining-40038946.jpg,https://img.bokenjapan.com/media/ukiha-dining-40019672.jpg,matched own listing photo
fukuoka/ukiha,17,イビサスモークレストラン,https://img.bokenjapan.com/media/ukiha-dining-40006048.jpg,,photo belonged to another card; no own photo found
fukuoka/ukiha,18,麺屋 こばやし,https://img.bokenjapan.com/media/ukiha-dining-40043497.jpg,https://img.bokenjapan.com/media/ukiha-dining-40006048.jpg,matched own listing photo
fukuoka/ukiha,19,馬庵このみ,https://img.bokenjapan.com/media/ukiha-dining-40030318.jpg,https://img.bokenjapan.com/media/ukiha-dining-40043497.jpg,matched own listing photo
fukuoka/ukiha,22,肉屋一ノ剱 うきは店,https://img.bokenjapan.com/media/ukiha-dining-40064425.jpg,,photo belonged to another card; no own photo found
fukuoka/ukiha,23,和菓子 葡萄家,https://img.bokenjapan.com/media/ukiha-dining-40024616.jpg,https://img.bokenjapan.com/media/ukiha-dining-40064425.jpg,matched own listing photo
fukuoka/ukiha,24,キチココ,https://img.bokenjapan.com/media/ukiha-dining-40048158.jpg,https://img.bokenjapan.com/media/ukiha-dining-40024616.jpg,matched own listing photo
fukuoka/ukiha,25,御菓子処 ひた屋福富,https://img.bokenjapan.com/media/ukiha-dining-40003066.jpg,https://img.bokenjapan.com/media/ukiha-dining-40048158.jpg,matched own listing photo
fukuoka/ukiha,26,miel,https://img.bokenjapan.com/media/ukiha-dining-40041208.jpg,https://img.bokenjapan.com/media/ukiha-dining-40003066.jpg,matched own listing photo
fukuoka/ukiha,27,そば処 郡上,https://img.bokenjapan.com/media/ukiha-dining-40048609.jpg,https://img.bokenjapan.com/media/ukiha-dining-40041208.jpg,matched own listing photo
fukuoka/ukiha,28,PIZZA ロダン,https://img.bokenjapan.com/media/ukiha-dining-40063331.jpg,https://img.bokenjapan.com/media/ukiha-dining-40048609.jpg,matched own listing photo
fukuoka/ukiha,29,地鶏 みのう家,https://img.bokenjapan.com/media/ukiha-dining-40065611.jpg,https://img.bokenjapan.com/media/ukiha-dining-40063331.jpg,matched own listing photo
fukuoka/ukiha,30,まーさん食堂,https://img.bokenjapan.com/media/ukiha-dining-40057377.jpg,https://img.bokenjapan.com/media/ukiha-dining-40065611.jpg,matched own listing photo
fukuoka/ukiha,31,ゼルコバ コーヒー,https://img.bokenjapan.com/media/ukiha-dining-40039884.jpg,https://img.bokenjapan.com/media/ukiha-dining-40057377.jpg,matched own listing photo
fukuoka/ukiha,32,道の駅うきは 物産館西見台,https://img.bokenjapan.com/media/ukiha-dining-40039911.jpg,https://img.bokenjapan.com/media/ukiha-dining-40039884.jpg,matched own listing photo
fukuoka/ukiha,33,カワセミデニッシュ,https://img.bokenjapan.com/media/ukiha-dining-40058334.jpg,https://img.bokenjapan.com/media/ukiha-dining-40039911.jpg,matched own listing photo
fukuoka/ukiha,34,よかもんいちご研究所,https://img.bokenjapan.com/media/ukiha-dining-40067957.jpg,https://img.bokenjapan.com/media/ukiha-dining-40058334.jpg,matched own listing photo
fukuoka/ukiha,35,ペルー軒,https://img.bokenjapan.com/media/ukiha-dining-40002728.jpg,https://img.bokenjapan.com/media/ukiha-dining-40067957.jpg,matched own listing photo
fukuoka/ukiha,36,tison,https://img.bokenjapan.com/media/ukiha-dining-40053467.jpg,https://img.bokenjapan.com/media/ukiha-dining-40002728.jpg,matched own listing photo
fukuoka/ukiha,37,山の麓,https://img.bokenjapan.com/media/ukiha-dining-40026424.jpg,https://img.bokenjapan.com/media/ukiha-dining-40053467.jpg,matched own listing photo
fukuoka/ukiha,38,CASA CUOMO CAFE UKIHA ISONOSAWA,https://img.bokenjapan.com/media/ukiha-dining-40069394.jpg,https://img.bokenjapan.com/media/ukiha-dining-40026424.jpg,matched own listing photo
fukuoka/ukiha,39,AO,https://img.bokenjapan.com/media/ukiha-dining-40035779.jpg,https://img.bokenjapan.com/media/ukiha-dining-40069394.jpg,matched own listing photo
fukuoka/ukiha,42,清乃屋,https://img.bokenjapan.com/media/ukiha-dining-40032775.jpg,,photo belonged to another card; no own photo found
fukuoka/ukiha,43,ふくせんか,https://img.bokenjapan.com/media/ukiha-dining-40038996.jpg,https://img.bokenjapan.com/media/ukiha-dining-40032775.jpg,matched own listing photo
fukuoka/ukiha,44,浮羽カントリー,https://img.bokenjapan.com/media/ukiha-dining-40040820.jpg,https://img.bokenjapan.com/media/ukiha-dining-40038996.jpg,matched own listing photo
fukuoka/ukiha,45,タベルナ フェリーチェ,https://img.bokenjapan.com/media/ukiha-dining-40054040.jpg,https://img.bokenjapan.com/media/ukiha-dining-40040820.jpg,matched own listing photo
fukuoka/ukiha,46,パン屋なかがわ,https://img.bokenjapan.com/media/ukiha-dining-40066581.jpg,https://img.bokenjapan.com/media/ukiha-dining-40054040.jpg,matched own listing photo
fukuoka/ukiha,47,ネコノテシャ,https://img.bokenjapan.com/media/ukiha-dining-40046593.jpg,https://img.bokenjapan.com/media/ukiha-dining-40066581.jpg,matched own listing photo
fukuoka/ukiha,48,にじの耳納の里 レストラン夢キッチン,https://img.bokenjapan.com/media/ukiha-dining-40004097.jpg,https://img.bokenjapan.com/media/ukiha-dining-40046593.jpg,matched own listing photo
fukuoka/ukiha,49,庵鈴亭,https://img.bokenjapan.com/media/ukiha-dining-40065337.jpg,https://img.bokenjapan.com/media/ukiha-dining-40004097.jpg,matched own listing photo
fukuoka/ukiha,50,蛭子町珈琲店,https://img.bokenjapan.com/media/ukiha-dining-40040086.jpg,https://img.bokenjapan.com/media/ukiha-dining-40065337.jpg,matched own listing photo
fukuoka/ukiha,51,託正,https://img.bokenjapan.com/media/ukiha-dining-40042059.jpg,https://img.bokenjapan.com/media/ukiha-dining-40040086.jpg,matched own listing photo
fukuoka/ukiha,52,日月窯,https://img.bokenjapan.com/media/ukiha-dining-40026456.jpg,https://img.bokenjapan.com/media/ukiha-dining-40042059.jpg,matched own listing photo
fukuoka/ukiha,53,みのう豚足 山歩,https://img.bokenjapan.com/media/ukiha-dining-40038269.jpg,https://img.bokenjapan.com/media/ukiha-dining-40026456.jpg,matched own listing photo
fukuoka/ukiha,54,パン工房 むぎ畑,https://img.bokenjapan.com/media/ukiha-dining-40005840.jpg,https://img.bokenjapan.com/media/ukiha-dining-40038269.jpg,matched own listing photo
fukuoka/ukiha,55,Genko2 STEAK HOUSE Ukiha Base,https://img.bokenjapan.com/media/ukiha-dining-40058375.jpg,https://img.bokenjapan.com/media/ukiha-dining-40005840.jpg,matched own listing photo
fukuoka/ukiha,56,オテル ドゥ やまさき,https://img.bokenjapan.com/media/ukiha-dining-40058143.jpg,,photo belonged to another card; no own photo found
fukuoka/ukiha,57,焼鳥 鷹陣 吉井店,https://img.bokenjapan.com/media/ukiha-dining-40049311.jpg,https://img.bokenjapan.com/media/ukiha-dining-40058143.jpg,matched own listing photo
fukuoka/ukiha,58,炭と鶏そば 福鶏,https://img.bokenjapan.com/media/ukiha-dining-40072891.jpg,https://img.bokenjapan.com/media/ukiha-dining-40049311.jpg,matched own listing photo
fukuoka/ukiha,61,喫茶 深山の牡丹,https://img.bokenjapan.com/media/ukiha-dining-40051435.jpg,,photo belonged to another card; no own photo found
fukuoka/ukiha,62,la Pierre et le Chat,https://img.bokenjapan.com/media/ukiha-dining-40067121.jpg,https://img.bokenjapan.com/media/ukiha-dining-40051435.jpg,matched own listing photo
fukuoka/ukiha,63,きふね食堂,https://img.bokenjapan.com/media/ukiha-dining-40071241.jpg,https://img.bokenjapan.com/media/ukiha-dining-40067121.jpg,matched own listing photo
fukuoka/ukiha,64,ふなきベーカリー,https://img.bokenjapan.com/media/ukiha-dining-40039901.jpg,https://img.bokenjapan.com/media/ukiha-dining-40071241.jpg,matched own listing photo
fukuoka/ukiha,65,Fast food ぽち,https://img.bokenjapan.com/media/ukiha-dining-40029569.jpg,,photo belonged to another card; no own photo found
fukuoka/ukiha,66,禅,https://img.bokenjapan.com/media/ukiha-dining-40052237.jpg,https://img.bokenjapan.com/media/ukiha-dining-40029569.jpg,matched own listing photo
fukuoka/ukiha,67,大望,https://img.bokenjapan.com/media/ukiha-dining-40012559.jpg,https://img.bokenjapan.com/media/ukiha-dining-40052237.jpg,matched own listing photo
fukuoka/ukiha,68,天下一品,https://img.bokenjapan.com/media/ukiha-dining-40022341.jpg,https://img.bokenjapan.com/media/ukiha-dining-40012559.jpg,matched own listing photo
fukuoka/ukiha,69,べりーずべりーすうぃーつ,https://img.bokenjapan.com/media/ukiha-dining-40031830.jpg,https://img.bokenjapan.com/media/ukiha-dining-40022341.jpg,matched own listing photo
fukuoka/ukiha,70,ミノウ ブックスアンドカフェ,https://img.bokenjapan.com/media/ukiha-dining-40041100.jpg,https://img.bokenjapan.com/media/ukiha-dining-40031830.jpg,matched own listing photo
fukuoka/ukiha,71,伍平太うどん,https://img.bokenjapan.com/media/ukiha-dining-40036831.jpg,https://img.bokenjapan.com/media/ukiha-dining-40041100.jpg,matched own listing photo
fukuoka/ukiha,72,ル・シュクル,https://img.bokenjapan.com/media/ukiha-dining-40000340.jpg,https://img.bokenjapan.com/media/ukiha-dining-40036831.jpg,matched own listing photo
fukuoka/ukiha,73,まちの食卓 Le’Ala,https://img.bokenjapan.com/media/ukiha-dining-40069076.jpg,https://img.bokenjapan.com/media/ukiha-dining-40000340.jpg,matched own listing photo
fukuoka/ukiha,74,白翠,https://img.bokenjapan.com/media/ukiha-dining-40071638.jpg,https://img.bokenjapan.com/media/ukiha-dining-40069076.jpg,matched own listing photo
fukuoka/ukiha,75,Vin Cafe PROSPERO,https://img.bokenjapan.com/media/ukiha-dining-40060980.jpg,https://img.bokenjapan.com/media/ukiha-dining-40071638.jpg,matched own listing photo
fukuoka/ukiha,76,gallery＆cafe 空のいろ,https://img.bokenjapan.com/media/ukiha-dining-40062056.jpg,https://img.bokenjapan.com/media/ukiha-dining-40060980.jpg,matched own listing photo
fukuoka/ukiha,77,有楽,https://img.bokenjapan.com/media/ukiha-dining-40027460.jpg,https://img.bokenjapan.com/media/ukiha-dining-40062056.jpg,matched own listing photo
fukuoka/ukiha,80,トラットリア グリーン,https://img.bokenjapan.com/media/ukiha-dining-40043993.jpg,,photo belonged to another card; no own photo found
fukuoka/ukiha,81,ウキハスタンド！,https://img.bokenjapan.com/media/ukiha-dining-40051170.jpg,https://img.bokenjapan.com/media/ukiha-dining-40043993.jpg,matched own listing photo
fukuoka/ukiha,82,ミゲル,https://img.bokenjapan.com/media/ukiha-dining-40020662.jpg,https://img.bokenjapan.com/media/ukiha-dining-40051170.jpg,matched own listing photo
fukuoka/ukiha,83,ホステル アンド カフェ ファロリート,https://img.bokenjapan.com/media/ukiha-dining-40054995.jpg,https://img.bokenjapan.com/media/ukiha-dining-40020662.jpg,matched own listing photo
fukuoka/ukiha,84,明星豆花,https://img.bokenjapan.com/media/ukiha-dining-40071121.jpg,https://img.bokenjapan.com/media/ukiha-dining-40054995.jpg,matched own listing photo
fukuoka/ukiha,85,旅する喫茶 うきは,https://img.bokenjapan.com/media/ukiha-dining-40066308.jpg,https://img.bokenjapan.com/media/ukiha-dining-40071121.jpg,matched own listing photo
fukuoka/ukiha,86,桑之屋,https://img.bokenjapan.com/media/ukiha-dining-40026647.jpg,https://img.bokenjapan.com/media/ukiha-dining-40066308.jpg,matched own listing photo
fukuoka/ukiha,87,大砲ラーメン 吉井店,https://img.bokenjapan.com/media/ukiha-dining-40009326.jpg,https://img.bokenjapan.com/media/ukiha-dining-40026647.jpg,matched own listing photo
fukuoka/ukiha,88,REN,https://img.bokenjapan.com/media/ukiha-dining-40027457.jpg,https://img.bokenjapan.com/media/ukiha-dining-40009326.jpg,matched own listing photo
fukuoka/ukiha,89,papoter,https://img.bokenjapan.com/media/ukiha-dining-40070558.jpg,https://img.bokenjapan.com/media/ukiha-dining-40027457.jpg,matched own listing photo
fukuoka/ukiha,90,白花綜,https://img.bokenjapan.com/media/ukiha-dining-40044094.jpg,https://img.bokenjapan.com/media/ukiha-dining-40070558.jpg,matched own listing photo
fukuoka/ukiha,91,大山酒店,https://img.bokenjapan.com/media/ukiha-dining-40034905.jpg,https://img.bokenjapan.com/media/ukiha-dining-40044094.jpg,matched own listing photo
fukuoka/ukiha,92,プランタゴ,https://img.bokenjapan.com/media/ukiha-dining-40040936.jpg,https://img.bokenjapan.com/media/ukiha-dining-40034905.jpg,matched own listing photo
fukuoka/ukiha,93,ラ・セーヌ,https://img.bokenjapan.com/media/ukiha-dining-40017411.jpg,https://img.bokenjapan.com/media/ukiha-dining-40040936.jpg,matched own listing photo
fukuoka/ukiha,94,稲田屋 吉井店,https://img.bokenjapan.com/media/ukiha-dining-40046949.jpg,https://img.bokenjapan.com/media/ukiha-dining-40017411.jpg,matched own listing photo
fukuoka/ukiha,95,おにぎり屋 COMECO,https://img.bokenjapan.com/media/ukiha-dining-40060235.jpg,https://img.bokenjapan.com/media/ukiha-dining-40046949.jpg,matched own listing photo
fukuoka/ukiha,96,華みずき うきは店,https://img.bokenjapan.com/media/ukiha-dining-40030535.jpg,https://img.bokenjapan.com/media/ukiha-dining-40060235.jpg,matched own listing photo
fukuoka/ukiha,97,うきはんと,https://img.bokenjapan.com/media/ukiha-dining-40055143.jpg,https://img.bokenjapan.com/media/ukiha-dining-40030535.jpg,matched own listing photo
fukuoka/ukiha,100,よかもんいちご,https://img.bokenjapan.com/media/ukiha-dining-40051471.jpg,,photo belonged to another card; no own photo found
fukuoka/ukiha,101,霧里人珈琲焙煎所,https://img.bokenjapan.com/media/ukiha-dining-40063716.jpg,https://img.bokenjapan.com/media/ukiha-dining-40051471.jpg,matched own listing photo
fukuoka/ukiha,102,UKIHA FRUITBAR,https://img.bokenjapan.com/media/ukiha-dining-40074900.jpg,https://img.bokenjapan.com/media/ukiha-dining-40063716.jpg,matched own listing photo
fukuoka/ukiha,103,うきは せせらぎ,https://img.bokenjapan.com/media/ukiha-dining-40074026.jpg,https://img.bokenjapan.com/media/ukiha-dining-40074900.jpg,matched own listing photo
fukuoka/ukiha,104,ごくまる 浮羽店,https://img.bokenjapan.com/media/ukiha-dining-40066823.jpg,https://img.bokenjapan.com/media/ukiha-dining-40074026.jpg,matched own listing photo
fukuoka/ukiha,105,八蔵 うきは吉井店,https://img.bokenjapan.com/media/ukiha-dining-40033087.jpg,https://img.bokenjapan.com/media/ukiha-dining-40066823.jpg,matched own listing photo
fukuoka/ukiha,106,つしま海道,https://img.bokenjapan.com/media/ukiha-dining-40027385.jpg,https://img.bokenjapan.com/media/ukiha-dining-40033087.jpg,matched own listing photo
fukuoka/ukiha,107,こむぎと、あんこ,https://img.bokenjapan.com/media/ukiha-dining-40067205.jpg,https://img.bokenjapan.com/media/ukiha-dining-40027385.jpg,matched own listing photo
fukuoka/ukiha,108,蕎麦処 うりぼう,https://img.bokenjapan.com/media/ukiha-dining-40055475.jpg,https://img.bokenjapan.com/media/ukiha-dining-40067205.jpg,matched own listing photo
fukuoka/ukiha,109,ふくずし,https://img.bokenjapan.com/media/ukiha-dining-40050993.jpg,https://img.bokenjapan.com/media/ukiha-dining-40055475.jpg,matched own listing photo
fukuoka/ukiha,110,磯吉,https://img.bokenjapan.com/media/ukiha-dining-40011836.jpg,https://img.bokenjapan.com/media/ukiha-dining-40050993.jpg,matched own listing photo
fukuoka/ukiha,111,柏,https://img.bokenjapan.com/media/ukiha-dining-40012640.jpg,https://img.bokenjapan.com/media/ukiha-dining-40011836.jpg,matched own listing photo
fukuoka/ukiha,112,月のまつり,https://img.bokenjapan.com/media/ukiha-dining-40049610.jpg,https://img.bokenjapan.com/media/ukiha-dining-40012640.jpg,matched own listing photo
fukuoka/ukiha,113,和食処 ながしま,https://img.bokenjapan.com/media/ukiha-dining-40030978.jpg,https://img.bokenjapan.com/media/ukiha-dining-40049610.jpg,matched own listing photo
fukuoka/ukiha,114,ゆめのパンやさん ゆめマートうきは店,https://img.bokenjapan.com/media/ukiha-dining-40053406.jpg,https://img.bokenjapan.com/media/ukiha-dining-40030978.jpg,matched own listing photo
fukuoka/ukiha,115,カフェ うえむら,https://img.bokenjapan.com/media/ukiha-dining-40063410.jpg,https://img.bokenjapan.com/media/ukiha-dining-40053406.jpg,matched own listing photo
fukuoka/ukiha,116,Sommsand,https://img.bokenjapan.com/media/ukiha-dining-40062622.jpg,https://img.bokenjapan.com/media/ukiha-dining-40063410.jpg,matched own listing photo
fukuoka/ukiha,117,ウキハコカフェ,https://img.bokenjapan.com/media/ukiha-dining-40071425.jpg,https://img.bokenjapan.com/media/ukiha-dining-40062622.jpg,matched own listing photo
fukuoka/ukiha,120,焼とり 大助 浮羽店,https://img.bokenjapan.com/media/ukiha-dining-40011268.jpg,,photo belonged to another card; no own photo found
fukuoka/ukiha,121,YES+,https://img.bokenjapan.com/media/ukiha-dining-40052288.jpg,https://img.bokenjapan.com/media/ukiha-dining-40011268.jpg,matched own listing photo
fukuoka/ukiha,122,叙情詩,https://img.bokenjapan.com/media/ukiha-dining-40056428.jpg,https://img.bokenjapan.com/media/ukiha-dining-40052288.jpg,matched own listing photo
fukuoka/ukiha,123,肉のいなだ,https://img.bokenjapan.com/media/ukiha-dining-40035883.jpg,https://img.bokenjapan.com/media/ukiha-dining-40056428.jpg,matched own listing photo
fukuoka/ukiha,124,トニーズカフェ,https://img.bokenjapan.com/media/ukiha-dining-40013087.jpg,https://img.bokenjapan.com/media/ukiha-dining-40035883.jpg,matched own listing photo
fukuoka/ukiha,125,そら豆おばんざい,https://img.bokenjapan.com/media/ukiha-dining-40017171.jpg,https://img.bokenjapan.com/media/ukiha-dining-40013087.jpg,matched own listing photo
fukuoka/ukiha,126,七星,https://img.bokenjapan.com/media/ukiha-dining-40067654.jpg,https://img.bokenjapan.com/media/ukiha-dining-40017171.jpg,matched own listing photo
fukuoka/ukiha,127,あけぼの 河童菓庵,https://img.bokenjapan.com/media/ukiha-dining-40003062.jpg,https://img.bokenjapan.com/media/ukiha-dining-40067654.jpg,matched own listing photo
fukuoka/ukiha,128,豚足かっちゃん,https://img.bokenjapan.com/media/ukiha-dining-40048006.jpg,https://img.bokenjapan.com/media/ukiha-dining-40003062.jpg,matched own listing photo
fukuoka/ukiha,129,麗華餃子,https://img.bokenjapan.com/media/ukiha-dining-40050375.jpg,https://img.bokenjapan.com/media/ukiha-dining-40048006.jpg,matched own listing photo
fukuoka/ukiha,130,鳥翔 浮羽店,https://img.bokenjapan.com/media/ukiha-dining-40058925.jpg,https://img.bokenjapan.com/media/ukiha-dining-40050375.jpg,matched own listing photo
fukuoka/ukiha,131,ブラウンシュガー,https://img.bokenjapan.com/media/ukiha-dining-40029662.jpg,https://img.bokenjapan.com/media/ukiha-dining-40058925.jpg,matched own listing photo
fukuoka/ukiha,132,だんだん,https://img.bokenjapan.com/media/ukiha-dining-40013056.jpg,,photo belonged to another card; no own photo found
fukuoka/ukiha,133,ギャラリー安政,https://img.bokenjapan.com/media/ukiha-dining-40042598.jpg,https://img.bokenjapan.com/media/ukiha-dining-40013056.jpg,matched own listing photo
fukuoka/ukiha,134,正行,https://img.bokenjapan.com/media/ukiha-dining-40055655.jpg,https://img.bokenjapan.com/media/ukiha-dining-40042598.jpg,matched own listing photo
fukuoka/ukiha,135,みよし,https://img.bokenjapan.com/media/ukiha-dining-40014732.jpg,https://img.bokenjapan.com/media/ukiha-dining-40055655.jpg,matched own listing photo
fukuoka/ukiha,136,さしみんば,https://img.bokenjapan.com/media/ukiha-dining-40071048.jpg,https://img.bokenjapan.com/media/ukiha-dining-40014732.jpg,matched own listing photo
fukuoka/ukiha,139,うきはの山茶 新川製茶,https://img.bokenjapan.com/media/ukiha-dining-40047289.jpg,,photo belonged to another card; no own photo found
fukuoka/ukiha,140,ちくご手づくり村,https://img.bokenjapan.com/media/ukiha-dining-40027129.jpg,https://img.bokenjapan.com/media/ukiha-dining-40047289.jpg,matched own listing photo
fukuoka/ukiha,141,デクノボウ,https://img.bokenjapan.com/media/ukiha-dining-40048862.jpg,,photo belonged to another card; no own photo found
fukuoka/ukiha,142,Zelkova Coffeeえき,https://img.bokenjapan.com/media/ukiha-dining-40070780.jpg,https://img.bokenjapan.com/media/ukiha-dining-40048862.jpg,matched own listing photo
fukuoka/ukiha,143,スノー アイスクリーム,https://img.bokenjapan.com/media/ukiha-dining-40051851.jpg,https://img.bokenjapan.com/media/ukiha-dining-40070780.jpg,matched own listing photo
fukuoka/ukiha,144,ひらり,https://img.bokenjapan.com/media/ukiha-dining-40039264.jpg,https://img.bokenjapan.com/media/ukiha-dining-40051851.jpg,matched own listing photo
fukuoka/ukiha,145,コナミ,https://img.bokenjapan.com/media/ukiha-dining-40009330.jpg,https://img.bokenjapan.com/media/ukiha-dining-40039264.jpg,matched own listing photo
fukuoka/ukiha,146,Pizza&Coffee 古代,https://img.bokenjapan.com/media/ukiha-dining-40061398.jpg,https://img.bokenjapan.com/media/ukiha-dining-40009330.jpg,matched own listing photo
fukuoka/ukiha,147,MAHORO756 CUSINE DE MAKOTO,https://img.bokenjapan.com/media/ukiha-dining-40061581.jpg,https://img.bokenjapan.com/media/ukiha-dining-40061398.jpg,matched own listing photo
fukuoka/ukiha,148,quartette,https://img.bokenjapan.com/media/ukiha-dining-40073722.jpg,https://img.bokenjapan.com/media/ukiha-dining-40061581.jpg,matched own listing photo
fukuoka/ukiha,149,喫菓jiji,https://img.bokenjapan.com/media/ukiha-dining-40073043.jpg,https://img.bokenjapan.com/media/ukiha-dining-40073722.jpg,matched own listing photo
fukuoka/ukiha,150,とうふの飛太郎 浮羽店,https://img.bokenjapan.com/media/ukiha-dining-40040914.jpg,https://img.bokenjapan.com/media/ukiha-dining-40073043.jpg,matched own listing photo
fukuoka/ukiha,151,居酒屋ふく,https://img.bokenjapan.com/media/ukiha-dining-40065250.jpg,https://img.bokenjapan.com/media/ukiha-dining-40040914.jpg,matched own listing photo
fukuoka/ukiha,152,okatte,https://img.bokenjapan.com/media/ukiha-dining-40072013.jpg,https://img.bokenjapan.com/media/ukiha-dining-40065250.jpg,matched own listing photo
fukuoka/ukiha,154,蔵茶房,https://img.bokenjapan.com/media/ukiha-dining-40073129.jpg,https://img.bokenjapan.com/media/ukiha-dining-40072013.jpg,matched own listing photo
fukuoka/ukiha,155,彩どりキッチン 日和り,https://img.bokenjapan.com/media/ukiha-dining-40067368.jpg,https://img.bokenjapan.com/media/ukiha-dining-40073129.jpg,matched own listing photo
fukuoka/ukiha,156,やきそば球,https://img.bokenjapan.com/media/ukiha-dining-40013804.jpg,https://img.bokenjapan.com/media/ukiha-dining-40067368.jpg,matched own listing photo
fukuoka/ukiha,159,鰻のぼり よしゐ,https://img.bokenjapan.com/media/ukiha-dining-40074432.jpg,,photo belonged to another card; no own photo found
fukuoka/ukiha,160,韓国料理パンチャン,https://img.bokenjapan.com/media/ukiha-dining-40067546.jpg,https://img.bokenjapan.com/media/ukiha-dining-40074432.jpg,matched own listing photo
fukuoka/ukiha,161,Hygge,https://img.bokenjapan.com/media/ukiha-dining-40073532.jpg,https://img.bokenjapan.com/media/ukiha-dining-40067546.jpg,matched own listing photo
fukuoka/ukiha,163,居酒屋 たか乃家,https://img.bokenjapan.com/media/ukiha-dining-40070174.jpg,https://img.bokenjapan.com/media/ukiha-dining-40073532.jpg,matched own listing photo
fukuoka/ukiha,164,大分からあげ 吉井店,https://img.bokenjapan.com/media/ukiha-dining-40042627.jpg,https://img.bokenjapan.com/media/ukiha-dining-40070174.jpg,matched own listing photo
fukuoka/ukiha,165,リンガーハット 福岡吉井店,https://img.bokenjapan.com/media/ukiha-dining-40016611.jpg,https://img.bokenjapan.com/media/ukiha-dining-40042627.jpg,matched own listing photo
fukuoka/ukiha,166,やきにく 榮,https://img.bokenjapan.com/media/ukiha-dining-40044604.jpg,https://img.bokenjapan.com/media/ukiha-dining-40016611.jpg,matched own listing photo
fukuoka/ukiha,167,鯛焼き 新八 うきは店,https://img.bokenjapan.com/media/ukiha-dining-40052192.jpg,https://img.bokenjapan.com/media/ukiha-dining-40044604.jpg,matched own listing photo
fukuoka/ukiha,168,〆屋 正行,https://img.bokenjapan.com/media/ukiha-dining-40073449.jpg,https://img.bokenjapan.com/media/ukiha-dining-40052192.jpg,matched own listing photo
fukuoka/ukiha,169,ほっともっと 吉井町店,https://img.bokenjapan.com/media/ukiha-dining-40040455.jpg,https://img.bokenjapan.com/media/ukiha-dining-40073449.jpg,matched own listing photo
fukuoka/ukiha,170,すき家 210号うきは店,https://img.bokenjapan.com/media/ukiha-dining-40043535.jpg,https://img.bokenjapan.com/media/ukiha-dining-40040455.jpg,matched own listing photo
fukuoka/ukiha,171,梶原フルーツ,https://img.bokenjapan.com/media/ukiha-dining-40048430.jpg,https://img.bokenjapan.com/media/ukiha-dining-40043535.jpg,matched own listing photo
fukuoka/ukiha,172,ミスタードーナツ ゆめマートうきはショップ,https://img.bokenjapan.com/media/ukiha-dining-40049931.jpg,https://img.bokenjapan.com/media/ukiha-dining-40048430.jpg,matched own listing photo
fukuoka/ukiha,173,LAWSON 吉井若宮店,https://img.bokenjapan.com/media/ukiha-dining-40045588.jpg,https://img.bokenjapan.com/media/ukiha-dining-40049931.jpg,matched own listing photo
fukuoka/ukiha,174,かっぱ村,https://img.bokenjapan.com/media/ukiha-dining-40012906.jpg,https://img.bokenjapan.com/media/ukiha-dining-40045588.jpg,matched own listing photo
fukuoka/ukiha,175,ちいさい呑み屋 はちぶんめ,https://img.bokenjapan.com/media/ukiha-dining-40054103.jpg,https://img.bokenjapan.com/media/ukiha-dining-40012906.jpg,matched own listing photo
fukuoka/ukiha,178,たこやき太郎 吉井店,https://img.bokenjapan.com/media/ukiha-dining-40016497.jpg,,photo belonged to another card; no own photo found
fukuoka/ukiha,179,ふらの,https://img.bokenjapan.com/media/ukiha-dining-40007669.jpg,https://img.bokenjapan.com/media/ukiha-dining-40016497.jpg,matched own listing photo
fukuoka/ukiha,181,託望,https://img.bokenjapan.com/media/ukiha-dining-40012567.jpg,https://img.bokenjapan.com/media/ukiha-dining-40007669.jpg,matched own listing photo
fukuoka/ukiha,182,やま元,https://img.bokenjapan.com/media/ukiha-dining-40014776.jpg,https://img.bokenjapan.com/media/ukiha-dining-40012567.jpg,matched own listing photo
fukuoka/ukiha,183,居酒屋・田舎家,https://img.bokenjapan.com/media/ukiha-dining-40008795.jpg,https://img.bokenjapan.com/media/ukiha-dining-40014776.jpg,matched own listing photo
fukuoka/ukiha,184,串焼酒場 フロンティア,https://img.bokenjapan.com/media/ukiha-dining-40053316.jpg,https://img.bokenjapan.com/media/ukiha-dining-40008795.jpg,matched own listing photo
fukuoka/ukiha,185,パンの店 スワンベーカリー,https://img.bokenjapan.com/media/ukiha-dining-40040861.jpg,https://img.bokenjapan.com/media/ukiha-dining-40053316.jpg,matched own listing photo
fukuoka/ukiha,186,なかの家,https://img.bokenjapan.com/media/ukiha-dining-40022196.jpg,https://img.bokenjapan.com/media/ukiha-dining-40040861.jpg,matched own listing photo
fukuoka/ukiha,188,そらいろ,https://img.bokenjapan.com/media/ukiha-dining-40064413.jpg,https://img.bokenjapan.com/media/ukiha-dining-40022196.jpg,matched own listing photo
fukuoka/ukiha,189,名がなきお菓子屋,https://img.bokenjapan.com/media/ukiha-dining-40072080.jpg,https://img.bokenjapan.com/media/ukiha-dining-40064413.jpg,matched own listing photo
fukuoka/ukiha,190,にじの耳納の里 アイス工房,https://img.bokenjapan.com/media/ukiha-dining-40071242.jpg,https://img.bokenjapan.com/media/ukiha-dining-40072080.jpg,matched own listing photo
fukuoka/ukiha,191,Pass it on,https://img.bokenjapan.com/media/ukiha-dining-40068761.jpg,https://img.bokenjapan.com/media/ukiha-dining-40071242.jpg,matched own listing photo
fukuoka/ukiha,197,ほし居酒屋,https://img.bokenjapan.com/media/ukiha-dining-40013782.jpg,,photo belonged to another card; no own photo found
fukuoka/ukiha,198,AZcafe Shidaka 福岡うきは店,https://img.bokenjapan.com/media/ukiha-dining-40072522.jpg,https://img.bokenjapan.com/media/ukiha-dining-40013782.jpg,matched own listing photo
fukuoka/ukiha,200,居酒屋 あじ藤,https://img.bokenjapan.com/media/ukiha-dining-40066509.jpg,https://img.bokenjapan.com/media/ukiha-dining-40072522.jpg,matched own listing photo
fukuoka/ukiha,202,Gallery&Cafe 光画堂 ギャラリーアンドカフェコウガドウ,https://img.bokenjapan.com/media/ukiha-dining-40056410.jpg,https://img.bokenjapan.com/media/ukiha-dining-40066509.jpg,matched own listing photo
fukuoka/ukiha,203,にじの耳納の里,https://img.bokenjapan.com/media/ukiha-dining-40070247.jpg,https://img.bokenjapan.com/media/ukiha-dining-40056410.jpg,matched own listing photo
fukuoka/ukiha,204,焼とり吉ちゃん,https://img.bokenjapan.com/media/ukiha-dining-40008798.jpg,https://img.bokenjapan.com/media/ukiha-dining-40070247.jpg,matched own listing photo
fukuoka/ukiha,205,弥栄,https://img.bokenjapan.com/media/ukiha-dining-40045134.jpg,https://img.bokenjapan.com/media/ukiha-dining-40008798.jpg,matched own listing photo
fukuoka/ukiha,206,石橋餅加工所,https://img.bokenjapan.com/media/ukiha-dining-40043310.jpg,https://img.bokenjapan.com/media/ukiha-dining-40045134.jpg,matched own listing photo
fukuoka/ukiha,207,食彩倶楽部 純正,https://img.bokenjapan.com/media/ukiha-dining-40015231.jpg,https://img.bokenjapan.com/media/ukiha-dining-40043310.jpg,matched own listing photo
fukuoka/ukiha,208,海鮮カキ焼き小屋 長崎 カキ丸,https://img.bokenjapan.com/media/ukiha-dining-40056373.jpg,https://img.bokenjapan.com/media/ukiha-dining-40015231.jpg,matched own listing photo
fukuoka/ukiha,209,きむいち うきは吉井店,https://img.bokenjapan.com/media/ukiha-dining-40059868.jpg,https://img.bokenjapan.com/media/ukiha-dining-40056373.jpg,matched own listing photo
fukuoka/ukiha,210,KU kitchen,https://img.bokenjapan.com/media/ukiha-dining-40063254.jpg,https://img.bokenjapan.com/media/ukiha-dining-40059868.jpg,matched own listing photo
fukuoka/ukiha,211,酢造発酵場スー,https://img.bokenjapan.com/media/ukiha-dining-40063909.jpg,https://img.bokenjapan.com/media/ukiha-dining-40063254.jpg,matched own listing photo
fukuoka/ukiha,213,蒼,https://img.bokenjapan.com/media/ukiha-dining-40070257.jpg,https://img.bokenjapan.com/media/ukiha-dining-40063909.jpg,matched own listing photo
fukuoka/ukiha,218,次女の茶屋,https://img.bokenjapan.com/media/ukiha-dining-40073292.jpg,,photo belonged to another card; no own photo found
fukuoka/ukiha,219,あひるの子,https://img.bokenjapan.com/media/ukiha-dining-40030860.jpg,https://img.bokenjapan.com/media/ukiha-dining-40073292.jpg,matched own listing photo
fukuoka/ukiha,220,ドラッグストアモリ 浮羽店,https://img.bokenjapan.com/media/ukiha-dining-40069873.jpg,https://img.bokenjapan.com/media/ukiha-dining-40030860.jpg,matched own listing photo
fukuoka/ukiha,221,長尾製麺,https://img.bokenjapan.com/media/ukiha-dining-40064614.jpg,https://img.bokenjapan.com/media/ukiha-dining-40069873.jpg,matched own listing photo
fukuoka/ukiha,222,ローソン 西鉄バス浮羽発着所店,https://img.bokenjapan.com/media/ukiha-dining-40069874.jpg,https://img.bokenjapan.com/media/ukiha-dining-40064614.jpg,matched own listing photo
fukuoka/ukiha,225,フェアフィールド バイ マリオット 福岡うきは,https://img.bokenjapan.com/media/ukiha-dining-40065493.jpg,https://img.bokenjapan.com/media/ukiha-dining-40069874.jpg,matched own listing photo
fukuoka/ukiha,226,やきとり二番手,https://img.bokenjapan.com/media/ukiha-dining-40008802.jpg,https://img.bokenjapan.com/media/ukiha-dining-40065493.jpg,matched own listing photo
fukuoka/ukiha,227,春光園,https://img.bokenjapan.com/media/ukiha-dining-40065315.jpg,https://img.bokenjapan.com/media/ukiha-dining-40008802.jpg,matched own listing photo
fukuoka/ukiha,236,QUITICOCO  AFTER,https://img.bokenjapan.com/media/ukiha-dining-40074570.jpg,,photo belonged to another card; no own photo found
fukuoka/ukiha,247,あるもん小料理 のや,https://img.bokenjapan.com/media/ukiha-dining-40062983.jpg,https://img.bokenjapan.com/media/ukiha-dining-40074570.jpg,matched own listing photo
fukuoka/umi,3,竜宮の鯖,https://img.bokenjapan.com/media/umi-dining-40059592.jpg,,photo belonged to another card; no own photo found
fukuoka/umi,4,麺屋 だいくう,https://img.bokenjapan.com/media/umi-dining-40058535.jpg,https://img.bokenjapan.com/media/umi-dining-40059592.jpg,matched own listing photo
fukuoka/umi,5,しょうけそば 竹亭,https://img.bokenjapan.com/media/umi-dining-40027903.jpg,https://img.bokenjapan.com/media/umi-dining-40058535.jpg,matched own listing photo
fukuoka/umi,6,とり焼肉 カルビ家,https://img.bokenjapan.com/media/umi-dining-40057318.jpg,https://img.bokenjapan.com/media/umi-dining-40027903.jpg,matched own listing photo
fukuoka/umi,7,ラーメン新蔵,https://img.bokenjapan.com/media/umi-dining-40037456.jpg,https://img.bokenjapan.com/media/umi-dining-40057318.jpg,matched own listing photo
fukuoka/umi,8,そば処 松本,https://img.bokenjapan.com/media/umi-dining-40000474.jpg,https://img.bokenjapan.com/media/umi-dining-40037456.jpg,matched own listing photo
fukuoka/umi,9,HAYASHI,https://img.bokenjapan.com/media/umi-dining-40026243.jpg,https://img.bokenjapan.com/media/umi-dining-40000474.jpg,matched own listing photo
fukuoka/umi,10,季のせ,https://img.bokenjapan.com/media/umi-dining-40035937.jpg,https://img.bokenjapan.com/media/umi-dining-40026243.jpg,matched own listing photo
fukuoka/umi,11,食事処 ファイン・クック こと,https://img.bokenjapan.com/media/umi-dining-40056279.jpg,https://img.bokenjapan.com/media/umi-dining-40035937.jpg,matched own listing photo
fukuoka/umi,12,中華料理 福源,https://img.bokenjapan.com/media/umi-dining-40024356.jpg,https://img.bokenjapan.com/media/umi-dining-40056279.jpg,matched own listing photo
fukuoka/umi,13,信樂食堂,https://img.bokenjapan.com/media/umi-dining-40065237.jpg,https://img.bokenjapan.com/media/umi-dining-40024356.jpg,matched own listing photo
fukuoka/umi,14,駒や 総本店,https://img.bokenjapan.com/media/umi-dining-40072949.jpg,https://img.bokenjapan.com/media/umi-dining-40065237.jpg,matched own listing photo
fukuoka/umi,15,こやすもち,https://img.bokenjapan.com/media/umi-dining-40042855.jpg,https://img.bokenjapan.com/media/umi-dining-40072949.jpg,matched own listing photo
fukuoka/umi,16,宝龍,https://img.bokenjapan.com/media/umi-dining-40009347.jpg,https://img.bokenjapan.com/media/umi-dining-40042855.jpg,matched own listing photo
fukuoka/umi,17,えぞっ子 宇美店,https://img.bokenjapan.com/media/umi-dining-40037575.jpg,https://img.bokenjapan.com/media/umi-dining-40009347.jpg,matched own listing photo
fukuoka/umi,18,けんた,https://img.bokenjapan.com/media/umi-dining-40014294.jpg,https://img.bokenjapan.com/media/umi-dining-40037575.jpg,matched own listing photo
fukuoka/umi,19,鯛笑 宇美八幡宮店,https://img.bokenjapan.com/media/umi-dining-40036132.jpg,https://img.bokenjapan.com/media/umi-dining-40014294.jpg,matched own listing photo
fukuoka/umi,22,NADO,https://img.bokenjapan.com/media/umi-dining-40066257.jpg,,photo belonged to another card; no own photo found
fukuoka/umi,23,TSUKINI,https://img.bokenjapan.com/media/umi-dining-40069132.jpg,https://img.bokenjapan.com/media/umi-dining-40066257.jpg,matched own listing photo
fukuoka/umi,24,Luna soft,https://img.bokenjapan.com/media/umi-dining-40071037.jpg,https://img.bokenjapan.com/media/umi-dining-40069132.jpg,matched own listing photo
fukuoka/umi,25,万里,https://img.bokenjapan.com/media/umi-dining-40039561.jpg,https://img.bokenjapan.com/media/umi-dining-40071037.jpg,matched own listing photo
fukuoka/umi,26,ケイズ,https://img.bokenjapan.com/media/umi-dining-40033697.jpg,https://img.bokenjapan.com/media/umi-dining-40039561.jpg,matched own listing photo
fukuoka/umi,27,パティスリーF,https://img.bokenjapan.com/media/umi-dining-40021576.jpg,https://img.bokenjapan.com/media/umi-dining-40033697.jpg,matched own listing photo
fukuoka/umi,28,茶房 うみはち,https://img.bokenjapan.com/media/umi-dining-40051349.jpg,https://img.bokenjapan.com/media/umi-dining-40021576.jpg,matched own listing photo
fukuoka/umi,29,アンアン,https://img.bokenjapan.com/media/umi-dining-40012804.jpg,https://img.bokenjapan.com/media/umi-dining-40051349.jpg,matched own listing photo
fukuoka/umi,30,ヨシュア ツリー,https://img.bokenjapan.com/media/umi-dining-40044462.jpg,https://img.bokenjapan.com/media/umi-dining-40012804.jpg,matched own listing photo
fukuoka/umi,31,和処 月歩,https://img.bokenjapan.com/media/umi-dining-40046767.jpg,https://img.bokenjapan.com/media/umi-dining-40044462.jpg,matched own listing photo
fukuoka/umi,32,パン・ファースト,https://img.bokenjapan.com/media/umi-dining-40055034.jpg,https://img.bokenjapan.com/media/umi-dining-40046767.jpg,matched own listing photo
fukuoka/umi,33,SMILE LABO,https://img.bokenjapan.com/media/umi-dining-40073171.jpg,https://img.bokenjapan.com/media/umi-dining-40055034.jpg,matched own listing photo
fukuoka/umi,34,咲々園,https://img.bokenjapan.com/media/umi-dining-40054930.jpg,https://img.bokenjapan.com/media/umi-dining-40073171.jpg,matched own listing photo
fukuoka/umi,35,ニコッツカフェ,https://img.bokenjapan.com/media/umi-dining-40020910.jpg,,photo belonged to another card; no own photo found
fukuoka/umi,36,ホイアン飲食店,https://img.bokenjapan.com/media/umi-dining-40069333.jpg,https://img.bokenjapan.com/media/umi-dining-40020910.jpg,matched own listing photo
fukuoka/umi,37,ちょこっとYORIMICHI,https://img.bokenjapan.com/media/umi-dining-40067261.jpg,,photo belonged to another card; no own photo found
fukuoka/umi,38,ウエスト 宇美店,https://img.bokenjapan.com/media/umi-dining-40024936.jpg,https://img.bokenjapan.com/media/umi-dining-40067261.jpg,matched own listing photo
fukuoka/umi,39,サンヴィバン,https://img.bokenjapan.com/media/umi-dining-40005101.jpg,https://img.bokenjapan.com/media/umi-dining-40024936.jpg,matched own listing photo
fukuoka/umi,42,おのちゃん,https://img.bokenjapan.com/media/umi-dining-40042125.jpg,,photo belonged to another card; no own photo found
fukuoka/umi,43,酔R処,https://img.bokenjapan.com/media/umi-dining-40040093.jpg,https://img.bokenjapan.com/media/umi-dining-40042125.jpg,matched own listing photo
fukuoka/umi,45,ジョイフル 宇美店,https://img.bokenjapan.com/media/umi-dining-40003474.jpg,,photo belonged to another card; no own photo found
fukuoka/umi,46,ぎんが倶楽部,https://img.bokenjapan.com/media/umi-dining-40033639.jpg,https://img.bokenjapan.com/media/umi-dining-40003474.jpg,matched own listing photo
fukuoka/umi,47,小林酒造,https://img.bokenjapan.com/media/umi-dining-40042907.jpg,https://img.bokenjapan.com/media/umi-dining-40033639.jpg,matched own listing photo
fukuoka/umi,48,山下商店,https://img.bokenjapan.com/media/umi-dining-40040036.jpg,https://img.bokenjapan.com/media/umi-dining-40042907.jpg,matched own listing photo
fukuoka/umi,49,焼き鳥いちかばちか,https://img.bokenjapan.com/media/umi-dining-40007386.jpg,https://img.bokenjapan.com/media/umi-dining-40040036.jpg,matched own listing photo
fukuoka/umi,50,焼とり大将,https://img.bokenjapan.com/media/umi-dining-40008844.jpg,https://img.bokenjapan.com/media/umi-dining-40007386.jpg,matched own listing photo
fukuoka/umi,51,庄屋 宇美店,https://img.bokenjapan.com/media/umi-dining-40016393.jpg,https://img.bokenjapan.com/media/umi-dining-40008844.jpg,matched own listing photo
fukuoka/umi,52,どんどん亭 宇美店,https://img.bokenjapan.com/media/umi-dining-40031797.jpg,,photo belonged to another card; no own photo found
fukuoka/umi,53,やきとり大助,https://img.bokenjapan.com/media/umi-dining-40007784.jpg,https://img.bokenjapan.com/media/umi-dining-40031797.jpg,matched own listing photo
fukuoka/umi,54,お弁当のひので屋 宇美店,https://img.bokenjapan.com/media/umi-dining-40054228.jpg,https://img.bokenjapan.com/media/umi-dining-40007784.jpg,matched own listing photo
fukuoka/umi,55,KARMA 宇美町店,https://img.bokenjapan.com/media/umi-dining-40073333.jpg,https://img.bokenjapan.com/media/umi-dining-40054228.jpg,matched own listing photo
fukuoka/umi,56,焼肉さく,https://img.bokenjapan.com/media/umi-dining-40074620.jpg,https://img.bokenjapan.com/media/umi-dining-40073333.jpg,matched own listing photo
fukuoka/umi,57,corie料理店,https://img.bokenjapan.com/media/umi-dining-40074124.jpg,https://img.bokenjapan.com/media/umi-dining-40074620.jpg,matched own listing photo
fukuoka/umi,59,想夫恋 宇美店,https://img.bokenjapan.com/media/umi-dining-40004559.jpg,https://img.bokenjapan.com/media/umi-dining-40074124.jpg,matched own listing photo
fukuoka/umi,62,筑前茶屋,https://img.bokenjapan.com/media/umi-dining-40010102.jpg,,photo belonged to another card; no own photo found
fukuoka/umi,63,循環レストラン のあ,https://img.bokenjapan.com/media/umi-dining-40056619.jpg,https://img.bokenjapan.com/media/umi-dining-40010102.jpg,matched own listing photo
fukuoka/umi,64,スーパーセンタートライアル 宇美店,https://img.bokenjapan.com/media/umi-dining-40045576.jpg,https://img.bokenjapan.com/media/umi-dining-40056619.jpg,matched own listing photo
fukuoka/umi,65,CAKE+ 8がつ8にち,https://img.bokenjapan.com/media/umi-dining-40064735.jpg,https://img.bokenjapan.com/media/umi-dining-40045576.jpg,matched own listing photo
fukuoka/umi,66,菓房 野乃香,https://img.bokenjapan.com/media/umi-dining-40060641.jpg,,photo belonged to another card; no own photo found
fukuoka/umi,67,橋本鮮魚,https://img.bokenjapan.com/media/umi-dining-40030760.jpg,https://img.bokenjapan.com/media/umi-dining-40060641.jpg,matched own listing photo
fukuoka/umi,68,ねこねこパン,https://img.bokenjapan.com/media/umi-dining-40062114.jpg,https://img.bokenjapan.com/media/umi-dining-40030760.jpg,matched own listing photo
fukuoka/umi,70,ほっともっと 宇美東店,https://img.bokenjapan.com/media/umi-dining-40040470.jpg,https://img.bokenjapan.com/media/umi-dining-40062114.jpg,matched own listing photo
fukuoka/umi,71,メゾン ド リリアン 宇美八幡宮前店,https://img.bokenjapan.com/media/umi-dining-40072602.jpg,https://img.bokenjapan.com/media/umi-dining-40040470.jpg,matched own listing photo
fukuoka/umi,72,とよ唐亭 宇美店,https://img.bokenjapan.com/media/umi-dining-40071457.jpg,https://img.bokenjapan.com/media/umi-dining-40072602.jpg,matched own listing photo
fukuoka/umi,73,福庄中華料理,https://img.bokenjapan.com/media/umi-dining-40074240.jpg,https://img.bokenjapan.com/media/umi-dining-40071457.jpg,matched own listing photo
fukuoka/umi,75,やき鳥炭焼本陣,https://img.bokenjapan.com/media/umi-dining-40008846.jpg,https://img.bokenjapan.com/media/umi-dining-40074240.jpg,matched own listing photo
fukuoka/umi,76,マルト醤油,https://img.bokenjapan.com/media/umi-dining-40055032.jpg,https://img.bokenjapan.com/media/umi-dining-40008846.jpg,matched own listing photo
fukuoka/yoshitomi,2,AJITO,https://img.bokenjapan.com/media/yoshitomi-dining-40045761.jpg,,photo belonged to another card; no own photo found
fukuoka/yoshitomi,3,やきたて工房 ちるぱん,https://img.bokenjapan.com/media/yoshitomi-dining-40056334.jpg,https://img.bokenjapan.com/media/yoshitomi-dining-40045761.jpg,matched own listing photo
fukuoka/yoshitomi,4,焼肉　和,https://img.bokenjapan.com/media/yoshitomi-dining-40031049.jpg,https://img.bokenjapan.com/media/yoshitomi-dining-40056334.jpg,matched own listing photo
fukuoka/yoshitomi,5,cyeri room,https://img.bokenjapan.com/media/yoshitomi-dining-40071361.jpg,https://img.bokenjapan.com/media/yoshitomi-dining-40031049.jpg,matched own listing photo
fukuoka/yoshitomi,6,すし亭一眞,https://img.bokenjapan.com/media/yoshitomi-dining-40022451.jpg,https://img.bokenjapan.com/media/yoshitomi-dining-40071361.jpg,matched own listing photo
fukuoka/yoshitomi,7,かくれが酒場いちまるさん,https://img.bokenjapan.com/media/yoshitomi-dining-40070234.jpg,https://img.bokenjapan.com/media/yoshitomi-dining-40022451.jpg,matched own listing photo
fukuoka/yoshitomi,8,みむら,https://img.bokenjapan.com/media/yoshitomi-dining-40030835.jpg,https://img.bokenjapan.com/media/yoshitomi-dining-40070234.jpg,matched own listing photo
fukuoka/yoshitomi,9,月ノ韻,https://img.bokenjapan.com/media/yoshitomi-dining-40071999.jpg,https://img.bokenjapan.com/media/yoshitomi-dining-40030835.jpg,matched own listing photo
fukuoka/yoshitomi,10,かくれんぼ,https://img.bokenjapan.com/media/yoshitomi-dining-40014219.jpg,https://img.bokenjapan.com/media/yoshitomi-dining-40071999.jpg,matched own listing photo
fukuoka/yoshitomi,11,side dish garden HALO,https://img.bokenjapan.com/media/yoshitomi-dining-40061428.jpg,https://img.bokenjapan.com/media/yoshitomi-dining-40014219.jpg,matched own listing photo
fukuoka/yoshitomi,12,梅さん珈琲,https://img.bokenjapan.com/media/yoshitomi-dining-40072015.jpg,https://img.bokenjapan.com/media/yoshitomi-dining-40061428.jpg,matched own listing photo
fukuoka/yoshitomi,13,からあげ太郎,https://img.bokenjapan.com/media/yoshitomi-dining-40029392.jpg,https://img.bokenjapan.com/media/yoshitomi-dining-40072015.jpg,matched own listing photo
fukuoka/yoshitomi,15,若山物産,https://img.bokenjapan.com/media/yoshitomi-dining-40051789.jpg,https://img.bokenjapan.com/media/yoshitomi-dining-40029392.jpg,matched own listing photo
fukuoka/yoshitomi,16,天山,https://img.bokenjapan.com/media/yoshitomi-dining-40013939.jpg,https://img.bokenjapan.com/media/yoshitomi-dining-40051789.jpg,matched own listing photo
fukuoka/yoshitomi,17,銀杏の木,https://img.bokenjapan.com/media/yoshitomi-dining-40043260.jpg,https://img.bokenjapan.com/media/yoshitomi-dining-40013939.jpg,matched own listing photo
fukuoka/yoshitomi,19,麺処 博多らぁ麺と明太子 のお店,https://img.bokenjapan.com/media/yoshitomi-dining-40075123.jpg,https://img.bokenjapan.com/media/yoshitomi-dining-40043260.jpg,matched own listing photo
