page,rank,name,old_img,new_img,note
miyagi/higashimatsushima,2,ピーコック,https://img.bokenjapan.com/media/higashimatsushima-dining-4005823.jpg,,photo belonged to another card; no own photo found
miyagi/higashimatsushima,3,KOBACHI Cafe 奥松庵,https://img.bokenjapan.com/media/higashimatsushima-dining-4024128.jpg,https://img.bokenjapan.com/media/higashimatsushima-dining-4005823.jpg,matched own listing photo
miyagi/higashimatsushima,4,ちゃんこ 萩乃井,https://img.bokenjapan.com/media/higashimatsushima-dining-4006249.jpg,https://img.bokenjapan.com/media/higashimatsushima-dining-4024128.jpg,matched own listing photo
miyagi/higashimatsushima,5,レストランぱらだいす,https://img.bokenjapan.com/media/higashimatsushima-dining-4002306.jpg,https://img.bokenjapan.com/media/higashimatsushima-dining-4006249.jpg,matched own listing photo
miyagi/higashimatsushima,6,ぐ～はっち,https://img.bokenjapan.com/media/higashimatsushima-dining-4021007.jpg,https://img.bokenjapan.com/media/higashimatsushima-dining-4002306.jpg,matched own listing photo
miyagi/higashimatsushima,7,三浦屋,https://img.bokenjapan.com/media/higashimatsushima-dining-4002087.jpg,https://img.bokenjapan.com/media/higashimatsushima-dining-4021007.jpg,matched own listing photo
miyagi/higashimatsushima,8,農家手打ちそば きさく苑,https://img.bokenjapan.com/media/higashimatsushima-dining-4002117.jpg,https://img.bokenjapan.com/media/higashimatsushima-dining-4002087.jpg,matched own listing photo
miyagi/higashimatsushima,9,岩手屋,https://img.bokenjapan.com/media/higashimatsushima-dining-4004406.jpg,https://img.bokenjapan.com/media/higashimatsushima-dining-4002117.jpg,matched own listing photo
miyagi/higashimatsushima,10,えんまん亭,https://img.bokenjapan.com/media/higashimatsushima-dining-4025293.jpg,https://img.bokenjapan.com/media/higashimatsushima-dining-4004406.jpg,matched own listing photo
miyagi/higashimatsushima,11,道の駅東松島,https://img.bokenjapan.com/media/higashimatsushima-dining-4028551.jpg,https://img.bokenjapan.com/media/higashimatsushima-dining-4025293.jpg,matched own listing photo
miyagi/higashimatsushima,12,台湾料理 福興閣,https://img.bokenjapan.com/media/higashimatsushima-dining-4024798.jpg,https://img.bokenjapan.com/media/higashimatsushima-dining-4028551.jpg,matched own listing photo
miyagi/higashimatsushima,13,のびるノ茶屋,https://img.bokenjapan.com/media/higashimatsushima-dining-4024130.jpg,https://img.bokenjapan.com/media/higashimatsushima-dining-4024798.jpg,matched own listing photo
miyagi/higashimatsushima,14,ハンバーグレストラン つきみち 東松島店,https://img.bokenjapan.com/media/higashimatsushima-dining-4028534.jpg,https://img.bokenjapan.com/media/higashimatsushima-dining-4024130.jpg,matched own listing photo
miyagi/higashimatsushima,15,れすとらん メナージュ,https://img.bokenjapan.com/media/higashimatsushima-dining-4007648.jpg,https://img.bokenjapan.com/media/higashimatsushima-dining-4028534.jpg,matched own listing photo
miyagi/higashimatsushima,16,ZUNDA ZUNDA STATION,https://img.bokenjapan.com/media/higashimatsushima-dining-4028548.jpg,https://img.bokenjapan.com/media/higashimatsushima-dining-4007648.jpg,matched own listing photo
miyagi/higashimatsushima,17,らーめん幸蔵,https://img.bokenjapan.com/media/higashimatsushima-dining-4015314.jpg,https://img.bokenjapan.com/media/higashimatsushima-dining-4028548.jpg,matched own listing photo
miyagi/higashimatsushima,18,らーめん浜八道,https://img.bokenjapan.com/media/higashimatsushima-dining-4016321.jpg,https://img.bokenjapan.com/media/higashimatsushima-dining-4015314.jpg,matched own listing photo
miyagi/higashimatsushima,19,ドライブイン笠松,https://img.bokenjapan.com/media/higashimatsushima-dining-4014415.jpg,https://img.bokenjapan.com/media/higashimatsushima-dining-4016321.jpg,matched own listing photo
miyagi/higashimatsushima,23,旨い食処　あごら,https://img.bokenjapan.com/media/higashimatsushima-dining-4017190.jpg,,photo belonged to another card; no own photo found
miyagi/higashimatsushima,24,Highway Kitchen 颯,https://img.bokenjapan.com/media/higashimatsushima-dining-4028544.jpg,https://img.bokenjapan.com/media/higashimatsushima-dining-4017190.jpg,matched own listing photo
miyagi/higashimatsushima,25,ファミリーハウス みちのく,https://img.bokenjapan.com/media/higashimatsushima-dining-4006629.jpg,https://img.bokenjapan.com/media/higashimatsushima-dining-4028544.jpg,matched own listing photo
miyagi/higashimatsushima,26,龍鵬,https://img.bokenjapan.com/media/higashimatsushima-dining-4005564.jpg,https://img.bokenjapan.com/media/higashimatsushima-dining-4006629.jpg,matched own listing photo
miyagi/higashimatsushima,27,カリフォルニア食堂 2号店,https://img.bokenjapan.com/media/higashimatsushima-dining-4025730.jpg,https://img.bokenjapan.com/media/higashimatsushima-dining-4005564.jpg,matched own listing photo
miyagi/higashimatsushima,28,あさひ食堂,https://img.bokenjapan.com/media/higashimatsushima-dining-4005627.jpg,https://img.bokenjapan.com/media/higashimatsushima-dining-4025730.jpg,matched own listing photo
miyagi/higashimatsushima,29,107kitchen紗乃音,https://img.bokenjapan.com/media/higashimatsushima-dining-4026358.jpg,https://img.bokenjapan.com/media/higashimatsushima-dining-4005627.jpg,matched own listing photo
miyagi/higashimatsushima,30,TARO BAKERY,https://img.bokenjapan.com/media/higashimatsushima-dining-4025605.jpg,https://img.bokenjapan.com/media/higashimatsushima-dining-4026358.jpg,matched own listing photo
miyagi/higashimatsushima,31,ル・ニ・リロンデール,https://img.bokenjapan.com/media/higashimatsushima-dining-4018925.jpg,https://img.bokenjapan.com/media/higashimatsushima-dining-4025605.jpg,matched own listing photo
miyagi/higashimatsushima,32,ジュリアン,https://img.bokenjapan.com/media/higashimatsushima-dining-4012578.jpg,https://img.bokenjapan.com/media/higashimatsushima-dining-4018925.jpg,matched own listing photo
miyagi/higashimatsushima,33,こばると,https://img.bokenjapan.com/media/higashimatsushima-dining-4006403.jpg,,photo belonged to another card; no own photo found
miyagi/higashimatsushima,34,花邑,https://img.bokenjapan.com/media/higashimatsushima-dining-4014911.jpg,https://img.bokenjapan.com/media/higashimatsushima-dining-4006403.jpg,matched own listing photo
miyagi/higashimatsushima,35,ラーメンショップ 矢本店,https://img.bokenjapan.com/media/higashimatsushima-dining-4015209.jpg,https://img.bokenjapan.com/media/higashimatsushima-dining-4014911.jpg,matched own listing photo
miyagi/higashimatsushima,36,王水 矢本店,https://img.bokenjapan.com/media/higashimatsushima-dining-4002051.jpg,https://img.bokenjapan.com/media/higashimatsushima-dining-4015209.jpg,matched own listing photo
miyagi/higashimatsushima,37,らーめん 楓,https://img.bokenjapan.com/media/higashimatsushima-dining-4019562.jpg,https://img.bokenjapan.com/media/higashimatsushima-dining-4002051.jpg,matched own listing photo
miyagi/higashimatsushima,40,パン工房 コナリナ,https://img.bokenjapan.com/media/higashimatsushima-dining-4023208.jpg,,photo belonged to another card; no own photo found
miyagi/higashimatsushima,41,珈琲工房いしかわ 道の駅東松島,https://img.bokenjapan.com/media/higashimatsushima-dining-4028549.jpg,https://img.bokenjapan.com/media/higashimatsushima-dining-4023208.jpg,matched own listing photo
miyagi/higashimatsushima,42,ノビコ バウム工房,https://img.bokenjapan.com/media/higashimatsushima-dining-4017349.jpg,https://img.bokenjapan.com/media/higashimatsushima-dining-4028549.jpg,matched own listing photo
miyagi/higashimatsushima,43,BERG BAKE,https://img.bokenjapan.com/media/higashimatsushima-dining-4027205.jpg,https://img.bokenjapan.com/media/higashimatsushima-dining-4017349.jpg,matched own listing photo
miyagi/higashimatsushima,44,大勇堂,https://img.bokenjapan.com/media/higashimatsushima-dining-4019406.jpg,https://img.bokenjapan.com/media/higashimatsushima-dining-4027205.jpg,matched own listing photo
miyagi/higashimatsushima,45,奥松島公社 焼がき施設,https://img.bokenjapan.com/media/higashimatsushima-dining-4002043.jpg,https://img.bokenjapan.com/media/higashimatsushima-dining-4019406.jpg,matched own listing photo
miyagi/higashimatsushima,46,ジャズ喫茶 アビーロード,https://img.bokenjapan.com/media/higashimatsushima-dining-4022768.jpg,https://img.bokenjapan.com/media/higashimatsushima-dining-4002043.jpg,matched own listing photo
miyagi/higashimatsushima,47,青い町のぷらっとホーム,https://img.bokenjapan.com/media/higashimatsushima-dining-4028308.jpg,,photo belonged to another card; no own photo found
miyagi/higashimatsushima,48,みかさや食堂,https://img.bokenjapan.com/media/higashimatsushima-dining-4006627.jpg,https://img.bokenjapan.com/media/higashimatsushima-dining-4028308.jpg,matched own listing photo
miyagi/higashimatsushima,49,ぱぱいやぱんや,https://img.bokenjapan.com/media/higashimatsushima-dining-4014078.jpg,https://img.bokenjapan.com/media/higashimatsushima-dining-4006627.jpg,matched own listing photo
miyagi/higashimatsushima,50,サンショップ 矢本店,https://img.bokenjapan.com/media/higashimatsushima-dining-4020494.jpg,https://img.bokenjapan.com/media/higashimatsushima-dining-4014078.jpg,matched own listing photo
miyagi/higashimatsushima,51,遊旬,https://img.bokenjapan.com/media/higashimatsushima-dining-4009532.jpg,https://img.bokenjapan.com/media/higashimatsushima-dining-4020494.jpg,matched own listing photo
miyagi/higashimatsushima,52,酒菜や凛,https://img.bokenjapan.com/media/higashimatsushima-dining-4004046.jpg,https://img.bokenjapan.com/media/higashimatsushima-dining-4009532.jpg,matched own listing photo
miyagi/higashimatsushima,53,そば処東京玉川屋,https://img.bokenjapan.com/media/higashimatsushima-dining-4004363.jpg,https://img.bokenjapan.com/media/higashimatsushima-dining-4004046.jpg,matched own listing photo
miyagi/higashimatsushima,54,パンジー,https://img.bokenjapan.com/media/higashimatsushima-dining-4014903.jpg,https://img.bokenjapan.com/media/higashimatsushima-dining-4004363.jpg,matched own listing photo
miyagi/higashimatsushima,55,ハラッパ,https://img.bokenjapan.com/media/higashimatsushima-dining-4018165.jpg,https://img.bokenjapan.com/media/higashimatsushima-dining-4014903.jpg,matched own listing photo
miyagi/higashimatsushima,59,紅龍,https://img.bokenjapan.com/media/higashimatsushima-dining-4003782.jpg,,photo belonged to another card; no own photo found
miyagi/higashimatsushima,60,料理菅原,https://img.bokenjapan.com/media/higashimatsushima-dining-4009688.jpg,https://img.bokenjapan.com/media/higashimatsushima-dining-4003782.jpg,matched own listing photo
miyagi/higashimatsushima,61,げんちゃんハウス,https://img.bokenjapan.com/media/higashimatsushima-dining-4016286.jpg,https://img.bokenjapan.com/media/higashimatsushima-dining-4009688.jpg,matched own listing photo
miyagi/higashimatsushima,62,アートカフェShu,https://img.bokenjapan.com/media/higashimatsushima-dining-4019026.jpg,https://img.bokenjapan.com/media/higashimatsushima-dining-4016286.jpg,matched own listing photo
miyagi/higashimatsushima,63,奥松島あんてなしょっぷ まちんど,https://img.bokenjapan.com/media/higashimatsushima-dining-4021953.jpg,https://img.bokenjapan.com/media/higashimatsushima-dining-4019026.jpg,matched own listing photo
miyagi/higashimatsushima,64,なかみちや,https://img.bokenjapan.com/media/higashimatsushima-dining-4008412.jpg,https://img.bokenjapan.com/media/higashimatsushima-dining-4021953.jpg,matched own listing photo
miyagi/higashimatsushima,65,焼きとり かっちゃん,https://img.bokenjapan.com/media/higashimatsushima-dining-4022464.jpg,https://img.bokenjapan.com/media/higashimatsushima-dining-4008412.jpg,matched own listing photo
miyagi/higashimatsushima,66,渚園,https://img.bokenjapan.com/media/higashimatsushima-dining-4007844.jpg,https://img.bokenjapan.com/media/higashimatsushima-dining-4022464.jpg,matched own listing photo
miyagi/higashimatsushima,67,oimoya Jack,https://img.bokenjapan.com/media/higashimatsushima-dining-4027115.jpg,https://img.bokenjapan.com/media/higashimatsushima-dining-4007844.jpg,matched own listing photo
miyagi/higashimatsushima,68,八千代寿司,https://img.bokenjapan.com/media/higashimatsushima-dining-4009316.jpg,https://img.bokenjapan.com/media/higashimatsushima-dining-4027115.jpg,matched own listing photo
miyagi/higashimatsushima,69,軽食レストラン カフェ マンマ,https://img.bokenjapan.com/media/higashimatsushima-dining-4022471.jpg,https://img.bokenjapan.com/media/higashimatsushima-dining-4009316.jpg,matched own listing photo
miyagi/higashimatsushima,70,喫茶去 HaMa,https://img.bokenjapan.com/media/higashimatsushima-dining-4025797.jpg,,photo belonged to another card; no own photo found
miyagi/higashimatsushima,71,ホルモン 元,https://img.bokenjapan.com/media/higashimatsushima-dining-4025191.jpg,https://img.bokenjapan.com/media/higashimatsushima-dining-4025797.jpg,matched own listing photo
miyagi/higashimatsushima,72,ジョイフル 石巻インター店,https://img.bokenjapan.com/media/higashimatsushima-dining-4013354.jpg,,photo belonged to another card; no own photo found
miyagi/higashimatsushima,73,かっぱ寿司 石巻店,https://img.bokenjapan.com/media/higashimatsushima-dining-4010630.jpg,https://img.bokenjapan.com/media/higashimatsushima-dining-4013354.jpg,matched own listing photo
miyagi/higashimatsushima,76,イートハウス,https://img.bokenjapan.com/media/higashimatsushima-dining-4012573.jpg,,photo belonged to another card; no own photo found
miyagi/higashimatsushima,77,佐利 東松島工場 直営店,https://img.bokenjapan.com/media/higashimatsushima-dining-4028198.jpg,https://img.bokenjapan.com/media/higashimatsushima-dining-4012573.jpg,matched own listing photo
miyagi/higashimatsushima,78,吹き寄せ寿司,https://img.bokenjapan.com/media/higashimatsushima-dining-4004738.jpg,https://img.bokenjapan.com/media/higashimatsushima-dining-4028198.jpg,matched own listing photo
miyagi/higashimatsushima,79,やな川,https://img.bokenjapan.com/media/higashimatsushima-dining-4005893.jpg,https://img.bokenjapan.com/media/higashimatsushima-dining-4004738.jpg,matched own listing photo
miyagi/higashimatsushima,80,やもと四季彩館 大塩店,https://img.bokenjapan.com/media/higashimatsushima-dining-4023697.jpg,https://img.bokenjapan.com/media/higashimatsushima-dining-4005893.jpg,matched own listing photo
miyagi/higashimatsushima,81,古川屋,https://img.bokenjapan.com/media/higashimatsushima-dining-4017366.jpg,https://img.bokenjapan.com/media/higashimatsushima-dining-4023697.jpg,matched own listing photo
miyagi/higashimatsushima,82,おちゃや,https://img.bokenjapan.com/media/higashimatsushima-dining-4007569.jpg,https://img.bokenjapan.com/media/higashimatsushima-dining-4017366.jpg,matched own listing photo
miyagi/higashimatsushima,83,コイノニアカフェ,https://img.bokenjapan.com/media/higashimatsushima-dining-4021284.jpg,https://img.bokenjapan.com/media/higashimatsushima-dining-4007569.jpg,matched own listing photo
miyagi/higashimatsushima,84,およげたいやきくん,https://img.bokenjapan.com/media/higashimatsushima-dining-4006345.jpg,https://img.bokenjapan.com/media/higashimatsushima-dining-4021284.jpg,matched own listing photo
miyagi/higashimatsushima,85,福寿司,https://img.bokenjapan.com/media/higashimatsushima-dining-4004809.jpg,https://img.bokenjapan.com/media/higashimatsushima-dining-4006345.jpg,matched own listing photo
miyagi/higashimatsushima,86,和食道しん,https://img.bokenjapan.com/media/higashimatsushima-dining-4019880.jpg,https://img.bokenjapan.com/media/higashimatsushima-dining-4004809.jpg,matched own listing photo
miyagi/higashimatsushima,87,大江酒店,https://img.bokenjapan.com/media/higashimatsushima-dining-4023776.jpg,https://img.bokenjapan.com/media/higashimatsushima-dining-4019880.jpg,matched own listing photo
miyagi/higashimatsushima,88,らんてい,https://img.bokenjapan.com/media/higashimatsushima-dining-4005906.jpg,https://img.bokenjapan.com/media/higashimatsushima-dining-4023776.jpg,matched own listing photo
miyagi/higashimatsushima,89,ナイスピクニックデイ,https://img.bokenjapan.com/media/higashimatsushima-dining-4028565.jpg,https://img.bokenjapan.com/media/higashimatsushima-dining-4005906.jpg,matched own listing photo
miyagi/higashimatsushima,90,cafe un gateau,https://img.bokenjapan.com/media/higashimatsushima-dining-4027620.jpg,https://img.bokenjapan.com/media/higashimatsushima-dining-4028565.jpg,matched own listing photo
miyagi/higashimatsushima,92,AKAMA,https://img.bokenjapan.com/media/higashimatsushima-dining-4027837.jpg,https://img.bokenjapan.com/media/higashimatsushima-dining-4027620.jpg,matched own listing photo
miyagi/higashimatsushima,93,自家焙煎珈琲 JoyCoffee,https://img.bokenjapan.com/media/higashimatsushima-dining-4025403.jpg,https://img.bokenjapan.com/media/higashimatsushima-dining-4027837.jpg,matched own listing photo
miyagi/higashimatsushima,95,ビアベースカンパネラ,https://img.bokenjapan.com/media/higashimatsushima-dining-4026957.jpg,,photo belonged to another card; no own photo found
miyagi/higashimatsushima,96,和･洋菓子 おおむら,https://img.bokenjapan.com/media/higashimatsushima-dining-4027836.jpg,https://img.bokenjapan.com/media/higashimatsushima-dining-4026957.jpg,matched own listing photo
miyagi/higashimatsushima,97,OMOUMA麺堂 石巻店,https://img.bokenjapan.com/media/higashimatsushima-dining-4030214.jpg,https://img.bokenjapan.com/media/higashimatsushima-dining-4027836.jpg,matched own listing photo
miyagi/higashimatsushima,98,奥松島イートプラザ,https://img.bokenjapan.com/media/higashimatsushima-dining-4023173.jpg,https://img.bokenjapan.com/media/higashimatsushima-dining-4030214.jpg,matched own listing photo
miyagi/higashimatsushima,99,市場食堂,https://img.bokenjapan.com/media/higashimatsushima-dining-4014976.jpg,https://img.bokenjapan.com/media/higashimatsushima-dining-4023173.jpg,matched own listing photo
miyagi/higashimatsushima,100,牛たん家蔵之助,https://img.bokenjapan.com/media/higashimatsushima-dining-4007824.jpg,https://img.bokenjapan.com/media/higashimatsushima-dining-4014976.jpg,matched own listing photo
miyagi/higashimatsushima,101,焼鳥専門店 八,https://img.bokenjapan.com/media/higashimatsushima-dining-4026641.jpg,https://img.bokenjapan.com/media/higashimatsushima-dining-4007824.jpg,matched own listing photo
miyagi/higashimatsushima,102,居酒屋 遊,https://img.bokenjapan.com/media/higashimatsushima-dining-4029893.jpg,https://img.bokenjapan.com/media/higashimatsushima-dining-4026641.jpg,matched own listing photo
miyagi/higashimatsushima,103,梵天丸,https://img.bokenjapan.com/media/higashimatsushima-dining-4004842.jpg,https://img.bokenjapan.com/media/higashimatsushima-dining-4029893.jpg,matched own listing photo
miyagi/higashimatsushima,104,いぬ ねこ 茶処,https://img.bokenjapan.com/media/higashimatsushima-dining-4020498.jpg,https://img.bokenjapan.com/media/higashimatsushima-dining-4004842.jpg,matched own listing photo
miyagi/higashimatsushima,105,ドン・キホーテ 石巻街道矢本店,https://img.bokenjapan.com/media/higashimatsushima-dining-4020246.jpg,https://img.bokenjapan.com/media/higashimatsushima-dining-4020498.jpg,matched own listing photo
miyagi/higashimatsushima,106,ファミリーマート 東松島中央店,https://img.bokenjapan.com/media/higashimatsushima-dining-4020551.jpg,https://img.bokenjapan.com/media/higashimatsushima-dining-4020246.jpg,matched own listing photo
miyagi/higashimatsushima,107,やきとり はる,https://img.bokenjapan.com/media/higashimatsushima-dining-4016170.jpg,https://img.bokenjapan.com/media/higashimatsushima-dining-4020551.jpg,matched own listing photo
miyagi/higashimatsushima,108,みさき 矢本駅前店,https://img.bokenjapan.com/media/higashimatsushima-dining-4030368.jpg,https://img.bokenjapan.com/media/higashimatsushima-dining-4016170.jpg,matched own listing photo
miyagi/higashimatsushima,109,八,https://img.bokenjapan.com/media/higashimatsushima-dining-4026610.jpg,https://img.bokenjapan.com/media/higashimatsushima-dining-4030368.jpg,matched own listing photo
miyagi/higashimatsushima,110,陶々呂,https://img.bokenjapan.com/media/higashimatsushima-dining-4007877.jpg,https://img.bokenjapan.com/media/higashimatsushima-dining-4026610.jpg,matched own listing photo
miyagi/higashimatsushima,111,とりすけ,https://img.bokenjapan.com/media/higashimatsushima-dining-4030443.jpg,https://img.bokenjapan.com/media/higashimatsushima-dining-4007877.jpg,matched own listing photo
miyagi/higashimatsushima,112,旬菜 縁屋,https://img.bokenjapan.com/media/higashimatsushima-dining-4028431.jpg,https://img.bokenjapan.com/media/higashimatsushima-dining-4030443.jpg,matched own listing photo
miyagi/higashimatsushima,113,RISE BEACH 奥松島,https://img.bokenjapan.com/media/higashimatsushima-dining-4028722.jpg,https://img.bokenjapan.com/media/higashimatsushima-dining-4028431.jpg,matched own listing photo
miyagi/higashimatsushima,116,サイゼリヤ イオンタウン矢本店,https://img.bokenjapan.com/media/higashimatsushima-dining-4011683.jpg,,photo belonged to another card; no own photo found
miyagi/higashimatsushima,117,すき家 45号石巻矢本店,https://img.bokenjapan.com/media/higashimatsushima-dining-4011831.jpg,https://img.bokenjapan.com/media/higashimatsushima-dining-4011683.jpg,matched own listing photo
miyagi/higashimatsushima,118,ケンタッキーフライドチキン イオンタウン矢本店,https://img.bokenjapan.com/media/higashimatsushima-dining-4025349.jpg,https://img.bokenjapan.com/media/higashimatsushima-dining-4011831.jpg,matched own listing photo
miyagi/higashimatsushima,119,オイタミート,https://img.bokenjapan.com/media/higashimatsushima-dining-4016952.jpg,https://img.bokenjapan.com/media/higashimatsushima-dining-4025349.jpg,matched own listing photo
miyagi/higashimatsushima,120,すき家 45号東松島矢本店,https://img.bokenjapan.com/media/higashimatsushima-dining-4017873.jpg,https://img.bokenjapan.com/media/higashimatsushima-dining-4016952.jpg,matched own listing photo
miyagi/higashimatsushima,121,和風レストランまるまつ 矢本店,https://img.bokenjapan.com/media/higashimatsushima-dining-4027520.jpg,https://img.bokenjapan.com/media/higashimatsushima-dining-4017873.jpg,matched own listing photo
miyagi/higashimatsushima,122,モンペリエ ヨークベニマル矢本店,https://img.bokenjapan.com/media/higashimatsushima-dining-4024416.jpg,https://img.bokenjapan.com/media/higashimatsushima-dining-4027520.jpg,matched own listing photo
miyagi/higashimatsushima,123,ふくちゃん,https://img.bokenjapan.com/media/higashimatsushima-dining-4016102.jpg,https://img.bokenjapan.com/media/higashimatsushima-dining-4024416.jpg,matched own listing photo
miyagi/higashimatsushima,124,ジョリマダム,https://img.bokenjapan.com/media/higashimatsushima-dining-4018644.jpg,https://img.bokenjapan.com/media/higashimatsushima-dining-4016102.jpg,matched own listing photo
miyagi/higashimatsushima,125,あじまん サンデー矢本店,https://img.bokenjapan.com/media/higashimatsushima-dining-4028779.jpg,https://img.bokenjapan.com/media/higashimatsushima-dining-4018644.jpg,matched own listing photo
miyagi/higashimatsushima,126,ぎんの星,https://img.bokenjapan.com/media/higashimatsushima-dining-4024603.jpg,https://img.bokenjapan.com/media/higashimatsushima-dining-4028779.jpg,matched own listing photo
miyagi/higashimatsushima,127,Bell,https://img.bokenjapan.com/media/higashimatsushima-dining-4017182.jpg,https://img.bokenjapan.com/media/higashimatsushima-dining-4024603.jpg,matched own listing photo
miyagi/higashimatsushima,128,新鮮 菜っちゃん市場,https://img.bokenjapan.com/media/higashimatsushima-dining-4024018.jpg,https://img.bokenjapan.com/media/higashimatsushima-dining-4017182.jpg,matched own listing photo
miyagi/higashimatsushima,129,ほっともっと 矢本インター店,https://img.bokenjapan.com/media/higashimatsushima-dining-4014156.jpg,https://img.bokenjapan.com/media/higashimatsushima-dining-4024018.jpg,matched own listing photo
miyagi/higashimatsushima,130,洋菓子カルン イオン・ザ・ビック矢本店,https://img.bokenjapan.com/media/higashimatsushima-dining-4027525.jpg,https://img.bokenjapan.com/media/higashimatsushima-dining-4014156.jpg,matched own listing photo
miyagi/higashimatsushima,131,ファミリーマート 矢本インター前店,https://img.bokenjapan.com/media/higashimatsushima-dining-4021532.jpg,https://img.bokenjapan.com/media/higashimatsushima-dining-4027525.jpg,matched own listing photo
miyagi/higashimatsushima,132,麺政,https://img.bokenjapan.com/media/higashimatsushima-dining-4029904.jpg,https://img.bokenjapan.com/media/higashimatsushima-dining-4021532.jpg,matched own listing photo
miyagi/higashimatsushima,137,後藤水産,https://img.bokenjapan.com/media/higashimatsushima-dining-4025070.jpg,,photo belonged to another card; no own photo found
miyagi/higashimatsushima,139,フレスコキクチ 矢本店,https://img.bokenjapan.com/media/higashimatsushima-dining-4029259.jpg,https://img.bokenjapan.com/media/higashimatsushima-dining-4025070.jpg,matched own listing photo
miyagi/higashimatsushima,140,フレスコキクチ 赤井店,https://img.bokenjapan.com/media/higashimatsushima-dining-4030408.jpg,https://img.bokenjapan.com/media/higashimatsushima-dining-4029259.jpg,matched own listing photo
miyagi/higashimatsushima,141,竹乃浦 飛翔閣 東松島別館,https://img.bokenjapan.com/media/higashimatsushima-dining-4029795.jpg,https://img.bokenjapan.com/media/higashimatsushima-dining-4030408.jpg,matched own listing photo
miyagi/higashimatsushima,143,正寿司,https://img.bokenjapan.com/media/higashimatsushima-dining-4005421.jpg,https://img.bokenjapan.com/media/higashimatsushima-dining-4029795.jpg,matched own listing photo
miyagi/higashimatsushima,144,ザ･ビッグ 矢本店,https://img.bokenjapan.com/media/higashimatsushima-dining-4028584.jpg,https://img.bokenjapan.com/media/higashimatsushima-dining-4005421.jpg,matched own listing photo
miyagi/higashimatsushima,145,キッチンポトス 石巻店,https://img.bokenjapan.com/media/higashimatsushima-dining-4019570.jpg,https://img.bokenjapan.com/media/higashimatsushima-dining-4028584.jpg,matched own listing photo
miyagi/ishinomaki,2,味彩しん家,https://img.bokenjapan.com/media/ishinomaki-dining-4018201.jpg,,photo belonged to another card; no own photo found
miyagi/ishinomaki,3,アル・ケッチァーノ  石巻,https://img.bokenjapan.com/media/ishinomaki-dining-4023989.jpg,https://img.bokenjapan.com/media/ishinomaki-dining-4018201.jpg,matched own listing photo
miyagi/ishinomaki,4,いまむら,https://img.bokenjapan.com/media/ishinomaki-dining-4015088.jpg,https://img.bokenjapan.com/media/ishinomaki-dining-4023989.jpg,matched own listing photo
miyagi/ishinomaki,5,食堂きかく,https://img.bokenjapan.com/media/ishinomaki-dining-4014503.jpg,https://img.bokenjapan.com/media/ishinomaki-dining-4015088.jpg,matched own listing photo
miyagi/ishinomaki,6,キャプテンカンガルー 石巻店,https://img.bokenjapan.com/media/ishinomaki-dining-4022158.jpg,https://img.bokenjapan.com/media/ishinomaki-dining-4014503.jpg,matched own listing photo
miyagi/ishinomaki,7,斎太郎食堂,https://img.bokenjapan.com/media/ishinomaki-dining-4019425.jpg,https://img.bokenjapan.com/media/ishinomaki-dining-4022158.jpg,matched own listing photo
miyagi/ishinomaki,8,元気食堂,https://img.bokenjapan.com/media/ishinomaki-dining-4019136.jpg,https://img.bokenjapan.com/media/ishinomaki-dining-4019425.jpg,matched own listing photo
miyagi/ishinomaki,9,中国料理揚子江,https://img.bokenjapan.com/media/ishinomaki-dining-4003747.jpg,https://img.bokenjapan.com/media/ishinomaki-dining-4019136.jpg,matched own listing photo
miyagi/ishinomaki,10,友福丸,https://img.bokenjapan.com/media/ishinomaki-dining-4000009.jpg,https://img.bokenjapan.com/media/ishinomaki-dining-4003747.jpg,matched own listing photo
miyagi/ishinomaki,11,藤や食堂,https://img.bokenjapan.com/media/ishinomaki-dining-4002088.jpg,https://img.bokenjapan.com/media/ishinomaki-dining-4000009.jpg,matched own listing photo
miyagi/ishinomaki,12,らーめん 善谷,https://img.bokenjapan.com/media/ishinomaki-dining-4025223.jpg,https://img.bokenjapan.com/media/ishinomaki-dining-4002088.jpg,matched own listing photo
miyagi/ishinomaki,13,富喜寿司,https://img.bokenjapan.com/media/ishinomaki-dining-4000196.jpg,https://img.bokenjapan.com/media/ishinomaki-dining-4025223.jpg,matched own listing photo
miyagi/ishinomaki,14,樺太屋,https://img.bokenjapan.com/media/ishinomaki-dining-4001437.jpg,https://img.bokenjapan.com/media/ishinomaki-dining-4000196.jpg,matched own listing photo
miyagi/ishinomaki,15,竹乃浦 飛翔閣,https://img.bokenjapan.com/media/ishinomaki-dining-4000474.jpg,https://img.bokenjapan.com/media/ishinomaki-dining-4001437.jpg,matched own listing photo
miyagi/ishinomaki,16,さかな処 三吉,https://img.bokenjapan.com/media/ishinomaki-dining-4000441.jpg,https://img.bokenjapan.com/media/ishinomaki-dining-4000474.jpg,matched own listing photo
miyagi/ishinomaki,17,中華料理 龍昇,https://img.bokenjapan.com/media/ishinomaki-dining-4021269.jpg,https://img.bokenjapan.com/media/ishinomaki-dining-4000441.jpg,matched own listing photo
miyagi/ishinomaki,18,旭山ドライブイン,https://img.bokenjapan.com/media/ishinomaki-dining-4017166.jpg,https://img.bokenjapan.com/media/ishinomaki-dining-4021269.jpg,matched own listing photo
miyagi/ishinomaki,19,海鮮料理 居酒屋 六文銭,https://img.bokenjapan.com/media/ishinomaki-dining-4003477.jpg,https://img.bokenjapan.com/media/ishinomaki-dining-4017166.jpg,matched own listing photo
miyagi/ishinomaki,22,黄金寿司,https://img.bokenjapan.com/media/ishinomaki-dining-4022436.jpg,,photo belonged to another card; no own photo found
miyagi/ishinomaki,23,滝川,https://img.bokenjapan.com/media/ishinomaki-dining-4000008.jpg,https://img.bokenjapan.com/media/ishinomaki-dining-4022436.jpg,matched own listing photo
miyagi/ishinomaki,24,まきいし,https://img.bokenjapan.com/media/ishinomaki-dining-4001728.jpg,https://img.bokenjapan.com/media/ishinomaki-dining-4000008.jpg,matched own listing photo
miyagi/ishinomaki,25,麺処 ふか瀬,https://img.bokenjapan.com/media/ishinomaki-dining-4028264.jpg,https://img.bokenjapan.com/media/ishinomaki-dining-4001728.jpg,matched own listing photo
miyagi/ishinomaki,26,麺舗　かのまたや,https://img.bokenjapan.com/media/ishinomaki-dining-4010682.jpg,https://img.bokenjapan.com/media/ishinomaki-dining-4028264.jpg,matched own listing photo
miyagi/ishinomaki,27,小西湖,https://img.bokenjapan.com/media/ishinomaki-dining-4006893.jpg,https://img.bokenjapan.com/media/ishinomaki-dining-4010682.jpg,matched own listing photo
miyagi/ishinomaki,28,石巻天ぷら 和,https://img.bokenjapan.com/media/ishinomaki-dining-4023069.jpg,https://img.bokenjapan.com/media/ishinomaki-dining-4006893.jpg,matched own listing photo
miyagi/ishinomaki,29,食事処 こばやし 上品の郷店,https://img.bokenjapan.com/media/ishinomaki-dining-4014688.jpg,https://img.bokenjapan.com/media/ishinomaki-dining-4023069.jpg,matched own listing photo
miyagi/ishinomaki,30,とんかつ　庄内 石巻店,https://img.bokenjapan.com/media/ishinomaki-dining-4010927.jpg,https://img.bokenjapan.com/media/ishinomaki-dining-4014688.jpg,matched own listing photo
miyagi/ishinomaki,31,また来て屋,https://img.bokenjapan.com/media/ishinomaki-dining-4001613.jpg,https://img.bokenjapan.com/media/ishinomaki-dining-4010927.jpg,matched own listing photo
miyagi/ishinomaki,32,かざみどり,https://img.bokenjapan.com/media/ishinomaki-dining-4005236.jpg,https://img.bokenjapan.com/media/ishinomaki-dining-4001613.jpg,matched own listing photo
miyagi/ishinomaki,33,中華れすとらんとらの子,https://img.bokenjapan.com/media/ishinomaki-dining-4005465.jpg,https://img.bokenjapan.com/media/ishinomaki-dining-4005236.jpg,matched own listing photo
miyagi/ishinomaki,34,瑞幸,https://img.bokenjapan.com/media/ishinomaki-dining-4002441.jpg,https://img.bokenjapan.com/media/ishinomaki-dining-4005465.jpg,matched own listing photo
miyagi/ishinomaki,35,ひらつか,https://img.bokenjapan.com/media/ishinomaki-dining-4001776.jpg,https://img.bokenjapan.com/media/ishinomaki-dining-4002441.jpg,matched own listing photo
miyagi/ishinomaki,36,喜八櫓きた道,https://img.bokenjapan.com/media/ishinomaki-dining-4012647.jpg,https://img.bokenjapan.com/media/ishinomaki-dining-4001776.jpg,matched own listing photo
miyagi/ishinomaki,37,松竹,https://img.bokenjapan.com/media/ishinomaki-dining-4000807.jpg,https://img.bokenjapan.com/media/ishinomaki-dining-4012647.jpg,matched own listing photo
miyagi/ishinomaki,38,デリシャス,https://img.bokenjapan.com/media/ishinomaki-dining-4000007.jpg,https://img.bokenjapan.com/media/ishinomaki-dining-4000807.jpg,matched own listing photo
miyagi/ishinomaki,39,トマトと苺のスイーツ専門店 Tomaberry,https://img.bokenjapan.com/media/ishinomaki-dining-4025360.jpg,https://img.bokenjapan.com/media/ishinomaki-dining-4000007.jpg,matched own listing photo
miyagi/ishinomaki,42,粟野蒲鉾店,https://img.bokenjapan.com/media/ishinomaki-dining-4012496.jpg,,photo belonged to another card; no own photo found
miyagi/ishinomaki,43,海 番屋 フジマル,https://img.bokenjapan.com/media/ishinomaki-dining-4025911.jpg,https://img.bokenjapan.com/media/ishinomaki-dining-4012496.jpg,matched own listing photo
miyagi/ishinomaki,44,麺屋 丸宮,https://img.bokenjapan.com/media/ishinomaki-dining-4016398.jpg,https://img.bokenjapan.com/media/ishinomaki-dining-4025911.jpg,matched own listing photo
miyagi/ishinomaki,45,カフェ ブルーゾーン,https://img.bokenjapan.com/media/ishinomaki-dining-4001937.jpg,,photo belonged to another card; no own photo found
miyagi/ishinomaki,46,蕎麦と酒おもたか,https://img.bokenjapan.com/media/ishinomaki-dining-4018423.jpg,https://img.bokenjapan.com/media/ishinomaki-dining-4001937.jpg,matched own listing photo
miyagi/ishinomaki,47,楓楸栞,https://img.bokenjapan.com/media/ishinomaki-dining-4019499.jpg,https://img.bokenjapan.com/media/ishinomaki-dining-4018423.jpg,matched own listing photo
miyagi/ishinomaki,48,ごくう,https://img.bokenjapan.com/media/ishinomaki-dining-4003831.jpg,https://img.bokenjapan.com/media/ishinomaki-dining-4019499.jpg,matched own listing photo
miyagi/ishinomaki,49,中国料理 雲雀,https://img.bokenjapan.com/media/ishinomaki-dining-4023032.jpg,https://img.bokenjapan.com/media/ishinomaki-dining-4003831.jpg,matched own listing photo
miyagi/ishinomaki,50,Cafe 蓮,https://img.bokenjapan.com/media/ishinomaki-dining-4018584.jpg,https://img.bokenjapan.com/media/ishinomaki-dining-4023032.jpg,matched own listing photo
miyagi/ishinomaki,51,伝八寿し,https://img.bokenjapan.com/media/ishinomaki-dining-4023046.jpg,https://img.bokenjapan.com/media/ishinomaki-dining-4018584.jpg,matched own listing photo
miyagi/ishinomaki,52,IRORI 石巻,https://img.bokenjapan.com/media/ishinomaki-dining-4018029.jpg,https://img.bokenjapan.com/media/ishinomaki-dining-4023046.jpg,matched own listing photo
miyagi/ishinomaki,53,ダイニング たまり場,https://img.bokenjapan.com/media/ishinomaki-dining-4024379.jpg,https://img.bokenjapan.com/media/ishinomaki-dining-4018029.jpg,matched own listing photo
miyagi/ishinomaki,54,寿司正,https://img.bokenjapan.com/media/ishinomaki-dining-4003275.jpg,https://img.bokenjapan.com/media/ishinomaki-dining-4024379.jpg,matched own listing photo
miyagi/ishinomaki,55,道の駅 上品の郷,https://img.bokenjapan.com/media/ishinomaki-dining-4018764.jpg,https://img.bokenjapan.com/media/ishinomaki-dining-4003275.jpg,matched own listing photo
miyagi/ishinomaki,56,岡埜栄泉 蛇田本店,https://img.bokenjapan.com/media/ishinomaki-dining-4010259.jpg,https://img.bokenjapan.com/media/ishinomaki-dining-4018764.jpg,matched own listing photo
miyagi/ishinomaki,57,パン工房 feeL,https://img.bokenjapan.com/media/ishinomaki-dining-4024799.jpg,https://img.bokenjapan.com/media/ishinomaki-dining-4010259.jpg,matched own listing photo
miyagi/ishinomaki,58,とり福,https://img.bokenjapan.com/media/ishinomaki-dining-4001361.jpg,https://img.bokenjapan.com/media/ishinomaki-dining-4024799.jpg,matched own listing photo
miyagi/ishinomaki,59,北上川テラス 七間倉,https://img.bokenjapan.com/media/ishinomaki-dining-4026413.jpg,https://img.bokenjapan.com/media/ishinomaki-dining-4001361.jpg,matched own listing photo
miyagi/ishinomaki,62,中国料理一龍,https://img.bokenjapan.com/media/ishinomaki-dining-4008234.jpg,,photo belonged to another card; no own photo found
miyagi/ishinomaki,63,フェヴリエ,https://img.bokenjapan.com/media/ishinomaki-dining-4010410.jpg,https://img.bokenjapan.com/media/ishinomaki-dining-4008234.jpg,matched own listing photo
miyagi/ishinomaki,64,ふなや,https://img.bokenjapan.com/media/ishinomaki-dining-4012537.jpg,,photo belonged to another card; no own photo found
miyagi/ishinomaki,65,石巻グランドホテル,https://img.bokenjapan.com/media/ishinomaki-dining-4012611.jpg,https://img.bokenjapan.com/media/ishinomaki-dining-4012537.jpg,matched own listing photo
miyagi/ishinomaki,66,仙臺油そばはてなプラス 石巻店,https://img.bokenjapan.com/media/ishinomaki-dining-4026478.jpg,,photo belonged to another card; no own photo found
miyagi/ishinomaki,67,トラットリア・アゼリア,https://img.bokenjapan.com/media/ishinomaki-dining-4001826.jpg,https://img.bokenjapan.com/media/ishinomaki-dining-4026478.jpg,matched own listing photo
miyagi/ishinomaki,68,TEAVER TEAFACTORY,https://img.bokenjapan.com/media/ishinomaki-dining-4026816.jpg,https://img.bokenjapan.com/media/ishinomaki-dining-4001826.jpg,matched own listing photo
miyagi/ishinomaki,69,食 酒処 響夢味や,https://img.bokenjapan.com/media/ishinomaki-dining-4020200.jpg,https://img.bokenjapan.com/media/ishinomaki-dining-4026816.jpg,matched own listing photo
miyagi/ishinomaki,70,浜の暮らしのはまぐり堂,https://img.bokenjapan.com/media/ishinomaki-dining-4014093.jpg,https://img.bokenjapan.com/media/ishinomaki-dining-4020200.jpg,matched own listing photo
miyagi/ishinomaki,71,珈琲店豆の木,https://img.bokenjapan.com/media/ishinomaki-dining-4015967.jpg,https://img.bokenjapan.com/media/ishinomaki-dining-4014093.jpg,matched own listing photo
miyagi/ishinomaki,72,新中華料理 福盛 石巻本店,https://img.bokenjapan.com/media/ishinomaki-dining-4024189.jpg,https://img.bokenjapan.com/media/ishinomaki-dining-4015967.jpg,matched own listing photo
miyagi/ishinomaki,73,居酒屋 壱歩,https://img.bokenjapan.com/media/ishinomaki-dining-4013952.jpg,https://img.bokenjapan.com/media/ishinomaki-dining-4024189.jpg,matched own listing photo
miyagi/ishinomaki,74,田代食堂,https://img.bokenjapan.com/media/ishinomaki-dining-4025993.jpg,https://img.bokenjapan.com/media/ishinomaki-dining-4013952.jpg,matched own listing photo
miyagi/ishinomaki,75,いしのまき元気いちば,https://img.bokenjapan.com/media/ishinomaki-dining-4019401.jpg,https://img.bokenjapan.com/media/ishinomaki-dining-4025993.jpg,matched own listing photo
miyagi/ishinomaki,76,麺屋てっぺん,https://img.bokenjapan.com/media/ishinomaki-dining-4022372.jpg,https://img.bokenjapan.com/media/ishinomaki-dining-4019401.jpg,matched own listing photo
miyagi/ishinomaki,77,米澤ラーメン,https://img.bokenjapan.com/media/ishinomaki-dining-4002309.jpg,https://img.bokenjapan.com/media/ishinomaki-dining-4022372.jpg,matched own listing photo
miyagi/ishinomaki,80,牛たん　ほづみ,https://img.bokenjapan.com/media/ishinomaki-dining-4009165.jpg,,photo belonged to another card; no own photo found
miyagi/ishinomaki,81,風月堂,https://img.bokenjapan.com/media/ishinomaki-dining-4002996.jpg,https://img.bokenjapan.com/media/ishinomaki-dining-4009165.jpg,matched own listing photo
miyagi/ishinomaki,82,八鶏飯蔵,https://img.bokenjapan.com/media/ishinomaki-dining-4001590.jpg,https://img.bokenjapan.com/media/ishinomaki-dining-4002996.jpg,matched own listing photo
miyagi/ishinomaki,83,泰平,https://img.bokenjapan.com/media/ishinomaki-dining-4005446.jpg,https://img.bokenjapan.com/media/ishinomaki-dining-4001590.jpg,matched own listing photo
miyagi/ishinomaki,84,味覚,https://img.bokenjapan.com/media/ishinomaki-dining-4007107.jpg,https://img.bokenjapan.com/media/ishinomaki-dining-4005446.jpg,matched own listing photo
miyagi/ishinomaki,85,スマイルマーケット,https://img.bokenjapan.com/media/ishinomaki-dining-4020326.jpg,https://img.bokenjapan.com/media/ishinomaki-dining-4007107.jpg,matched own listing photo
miyagi/ishinomaki,86,あぶみ屋 中里店,https://img.bokenjapan.com/media/ishinomaki-dining-4005630.jpg,https://img.bokenjapan.com/media/ishinomaki-dining-4020326.jpg,matched own listing photo
miyagi/ishinomaki,87,パーラー山と田んぼ,https://img.bokenjapan.com/media/ishinomaki-dining-4019744.jpg,https://img.bokenjapan.com/media/ishinomaki-dining-4005630.jpg,matched own listing photo
miyagi/ishinomaki,88,寿司晴,https://img.bokenjapan.com/media/ishinomaki-dining-4004704.jpg,https://img.bokenjapan.com/media/ishinomaki-dining-4019744.jpg,matched own listing photo
miyagi/ishinomaki,89,お食事ハウス ローリック,https://img.bokenjapan.com/media/ishinomaki-dining-4020562.jpg,https://img.bokenjapan.com/media/ishinomaki-dining-4004704.jpg,matched own listing photo
miyagi/ishinomaki,90,駒寿し,https://img.bokenjapan.com/media/ishinomaki-dining-4001507.jpg,https://img.bokenjapan.com/media/ishinomaki-dining-4020562.jpg,matched own listing photo
miyagi/ishinomaki,91,中国飯店,https://img.bokenjapan.com/media/ishinomaki-dining-4011358.jpg,https://img.bokenjapan.com/media/ishinomaki-dining-4001507.jpg,matched own listing photo
miyagi/ishinomaki,92,大沼製菓,https://img.bokenjapan.com/media/ishinomaki-dining-4014920.jpg,https://img.bokenjapan.com/media/ishinomaki-dining-4011358.jpg,matched own listing photo
miyagi/ishinomaki,93,珈琲工房 いしかわ 道の駅 上品の郷店,https://img.bokenjapan.com/media/ishinomaki-dining-4025359.jpg,https://img.bokenjapan.com/media/ishinomaki-dining-4014920.jpg,matched own listing photo
miyagi/ishinomaki,94,おにぎり 野田や,https://img.bokenjapan.com/media/ishinomaki-dining-4013004.jpg,https://img.bokenjapan.com/media/ishinomaki-dining-4025359.jpg,matched own listing photo
miyagi/ishinomaki,95,割烹スタンド 松ばる,https://img.bokenjapan.com/media/ishinomaki-dining-4020508.jpg,https://img.bokenjapan.com/media/ishinomaki-dining-4013004.jpg,matched own listing photo
miyagi/ishinomaki,96,リーフデ・テラス,https://img.bokenjapan.com/media/ishinomaki-dining-4025933.jpg,https://img.bokenjapan.com/media/ishinomaki-dining-4020508.jpg,matched own listing photo
miyagi/ishinomaki,97,Cafe ユーカリ,https://img.bokenjapan.com/media/ishinomaki-dining-4025552.jpg,https://img.bokenjapan.com/media/ishinomaki-dining-4025933.jpg,matched own listing photo
miyagi/ishinomaki,100,パンはパンでも…,https://img.bokenjapan.com/media/ishinomaki-dining-4027971.jpg,,photo belonged to another card; no own photo found
miyagi/ishinomaki,101,MALLOW Boulangerie,https://img.bokenjapan.com/media/ishinomaki-dining-4028718.jpg,https://img.bokenjapan.com/media/ishinomaki-dining-4027971.jpg,matched own listing photo
miyagi/ishinomaki,102,ラ・シェール・アンジュ 本館,https://img.bokenjapan.com/media/ishinomaki-dining-4019489.jpg,https://img.bokenjapan.com/media/ishinomaki-dining-4028718.jpg,matched own listing photo
miyagi/ishinomaki,103,焼肉 うしのまき 石巻店,https://img.bokenjapan.com/media/ishinomaki-dining-4026565.jpg,https://img.bokenjapan.com/media/ishinomaki-dining-4019489.jpg,matched own listing photo
miyagi/ishinomaki,104,牧場ラーメン,https://img.bokenjapan.com/media/ishinomaki-dining-4021851.jpg,https://img.bokenjapan.com/media/ishinomaki-dining-4026565.jpg,matched own listing photo
miyagi/ishinomaki,105,十割そば 丸まつ 石巻店,https://img.bokenjapan.com/media/ishinomaki-dining-4017612.jpg,https://img.bokenjapan.com/media/ishinomaki-dining-4021851.jpg,matched own listing photo
miyagi/ishinomaki,106,炭火焼肉 牛仁 石巻蛇田店,https://img.bokenjapan.com/media/ishinomaki-dining-4011635.jpg,https://img.bokenjapan.com/media/ishinomaki-dining-4017612.jpg,matched own listing photo
miyagi/ishinomaki,107,かめキッチン,https://img.bokenjapan.com/media/ishinomaki-dining-4020558.jpg,https://img.bokenjapan.com/media/ishinomaki-dining-4011635.jpg,matched own listing photo
miyagi/ishinomaki,108,味の店 ささき,https://img.bokenjapan.com/media/ishinomaki-dining-4025518.jpg,https://img.bokenjapan.com/media/ishinomaki-dining-4020558.jpg,matched own listing photo
miyagi/ishinomaki,109,東京屋食堂,https://img.bokenjapan.com/media/ishinomaki-dining-4024043.jpg,https://img.bokenjapan.com/media/ishinomaki-dining-4025518.jpg,matched own listing photo
miyagi/ishinomaki,110,から揚げ こっこ屋,https://img.bokenjapan.com/media/ishinomaki-dining-4023432.jpg,https://img.bokenjapan.com/media/ishinomaki-dining-4024043.jpg,matched own listing photo
miyagi/ishinomaki,111,中華そば 緑龍,https://img.bokenjapan.com/media/ishinomaki-dining-4029223.jpg,https://img.bokenjapan.com/media/ishinomaki-dining-4023432.jpg,matched own listing photo
miyagi/ishinomaki,112,麺屋 藤さい,https://img.bokenjapan.com/media/ishinomaki-dining-4028999.jpg,https://img.bokenjapan.com/media/ishinomaki-dining-4029223.jpg,matched own listing photo
miyagi/ishinomaki,113,穀雨茶房もも,https://img.bokenjapan.com/media/ishinomaki-dining-4019095.jpg,https://img.bokenjapan.com/media/ishinomaki-dining-4028999.jpg,matched own listing photo
miyagi/ishinomaki,114,炉ばた 海彦山彦 立町店,https://img.bokenjapan.com/media/ishinomaki-dining-4001576.jpg,https://img.bokenjapan.com/media/ishinomaki-dining-4019095.jpg,matched own listing photo
miyagi/ishinomaki,115,パン工房 散歩道,https://img.bokenjapan.com/media/ishinomaki-dining-4021570.jpg,https://img.bokenjapan.com/media/ishinomaki-dining-4001576.jpg,matched own listing photo
miyagi/ishinomaki,116,SUSHI & BAR 樹琳,https://img.bokenjapan.com/media/ishinomaki-dining-4017258.jpg,https://img.bokenjapan.com/media/ishinomaki-dining-4021570.jpg,matched own listing photo
miyagi/ishinomaki,117,味処 味楽,https://img.bokenjapan.com/media/ishinomaki-dining-4002444.jpg,https://img.bokenjapan.com/media/ishinomaki-dining-4017258.jpg,matched own listing photo
miyagi/ishinomaki,119,白謙 石巻本店,https://img.bokenjapan.com/media/ishinomaki-dining-4009470.jpg,,photo belonged to another card; no own photo found
miyagi/ishinomaki,120,ラ・シェール・アンジュ LM,https://img.bokenjapan.com/media/ishinomaki-dining-4001682.jpg,https://img.bokenjapan.com/media/ishinomaki-dining-4009470.jpg,matched own listing photo
miyagi/ishinomaki,121,ロマーナ,https://img.bokenjapan.com/media/ishinomaki-dining-4001534.jpg,https://img.bokenjapan.com/media/ishinomaki-dining-4001682.jpg,matched own listing photo
miyagi/ishinomaki,122,炭火焼肉　 牛正 石巻店,https://img.bokenjapan.com/media/ishinomaki-dining-4001321.jpg,https://img.bokenjapan.com/media/ishinomaki-dining-4001534.jpg,matched own listing photo
miyagi/ishinomaki,123,蕎麦切り かぎ谷,https://img.bokenjapan.com/media/ishinomaki-dining-4017431.jpg,https://img.bokenjapan.com/media/ishinomaki-dining-4001321.jpg,matched own listing photo
miyagi/ishinomaki,124,加藤菓子店,https://img.bokenjapan.com/media/ishinomaki-dining-4021323.jpg,https://img.bokenjapan.com/media/ishinomaki-dining-4017431.jpg,matched own listing photo
miyagi/ishinomaki,125,すうぷ屋,https://img.bokenjapan.com/media/ishinomaki-dining-4007693.jpg,https://img.bokenjapan.com/media/ishinomaki-dining-4021323.jpg,matched own listing photo
miyagi/ishinomaki,126,竹善,https://img.bokenjapan.com/media/ishinomaki-dining-4007003.jpg,https://img.bokenjapan.com/media/ishinomaki-dining-4007693.jpg,matched own listing photo
miyagi/ishinomaki,127,こころの森ガーデンカフェ,https://img.bokenjapan.com/media/ishinomaki-dining-4026504.jpg,https://img.bokenjapan.com/media/ishinomaki-dining-4007003.jpg,matched own listing photo
miyagi/ishinomaki,128,吉田パン・菓子 みのり工房,https://img.bokenjapan.com/media/ishinomaki-dining-4025167.jpg,https://img.bokenjapan.com/media/ishinomaki-dining-4026504.jpg,matched own listing photo
miyagi/ishinomaki,129,カフェレストラン  びすとろアン,https://img.bokenjapan.com/media/ishinomaki-dining-4018271.jpg,https://img.bokenjapan.com/media/ishinomaki-dining-4025167.jpg,matched own listing photo
miyagi/ishinomaki,130,らーめんハウス王水 蛇田店,https://img.bokenjapan.com/media/ishinomaki-dining-4008315.jpg,https://img.bokenjapan.com/media/ishinomaki-dining-4018271.jpg,matched own listing photo
miyagi/ishinomaki,131,中華そば ささき 石巻大橋店,https://img.bokenjapan.com/media/ishinomaki-dining-4027432.jpg,https://img.bokenjapan.com/media/ishinomaki-dining-4008315.jpg,matched own listing photo
miyagi/ishinomaki,132,田代島 島のえき,https://img.bokenjapan.com/media/ishinomaki-dining-4026847.jpg,https://img.bokenjapan.com/media/ishinomaki-dining-4027432.jpg,matched own listing photo
miyagi/ishinomaki,133,オイスターキング,https://img.bokenjapan.com/media/ishinomaki-dining-4028575.jpg,https://img.bokenjapan.com/media/ishinomaki-dining-4026847.jpg,matched own listing photo
miyagi/ishinomaki,134,PORTBALENA,https://img.bokenjapan.com/media/ishinomaki-dining-4024821.jpg,https://img.bokenjapan.com/media/ishinomaki-dining-4028575.jpg,matched own listing photo
miyagi/ishinomaki,135,広島のお好み焼 すぎ乃,https://img.bokenjapan.com/media/ishinomaki-dining-4029158.jpg,https://img.bokenjapan.com/media/ishinomaki-dining-4024821.jpg,matched own listing photo
miyagi/ishinomaki,136,とんから食堂,https://img.bokenjapan.com/media/ishinomaki-dining-4028329.jpg,https://img.bokenjapan.com/media/ishinomaki-dining-4029158.jpg,matched own listing photo
miyagi/ishinomaki,139,レストラン いち,https://img.bokenjapan.com/media/ishinomaki-dining-4026224.jpg,,photo belonged to another card; no own photo found
miyagi/ishinomaki,140,オアシスB&B,https://img.bokenjapan.com/media/ishinomaki-dining-4027996.jpg,https://img.bokenjapan.com/media/ishinomaki-dining-4026224.jpg,matched own listing photo
miyagi/ishinomaki,141,Gluttony,https://img.bokenjapan.com/media/ishinomaki-dining-4030231.jpg,https://img.bokenjapan.com/media/ishinomaki-dining-4027996.jpg,matched own listing photo
miyagi/ishinomaki,142,鮓やました,https://img.bokenjapan.com/media/ishinomaki-dining-4029478.jpg,https://img.bokenjapan.com/media/ishinomaki-dining-4030231.jpg,matched own listing photo
miyagi/ishinomaki,143,マル翔,https://img.bokenjapan.com/media/ishinomaki-dining-4015897.jpg,https://img.bokenjapan.com/media/ishinomaki-dining-4029478.jpg,matched own listing photo
miyagi/ishinomaki,144,まるでん 北上ラーメン,https://img.bokenjapan.com/media/ishinomaki-dining-4001940.jpg,https://img.bokenjapan.com/media/ishinomaki-dining-4015897.jpg,matched own listing photo
miyagi/ishinomaki,145,横濱豚骨醤油 ラーメン佐原,https://img.bokenjapan.com/media/ishinomaki-dining-4016867.jpg,https://img.bokenjapan.com/media/ishinomaki-dining-4001940.jpg,matched own listing photo
miyagi/ishinomaki,146,三代目 浜八道,https://img.bokenjapan.com/media/ishinomaki-dining-4025528.jpg,https://img.bokenjapan.com/media/ishinomaki-dining-4016867.jpg,matched own listing photo
miyagi/ishinomaki,147,湖月亭,https://img.bokenjapan.com/media/ishinomaki-dining-4003276.jpg,https://img.bokenjapan.com/media/ishinomaki-dining-4025528.jpg,matched own listing photo
miyagi/ishinomaki,148,海鮮レストラン なぎさ,https://img.bokenjapan.com/media/ishinomaki-dining-4023105.jpg,https://img.bokenjapan.com/media/ishinomaki-dining-4003276.jpg,matched own listing photo
miyagi/ishinomaki,149,中国海鮮料理北園,https://img.bokenjapan.com/media/ishinomaki-dining-4005467.jpg,https://img.bokenjapan.com/media/ishinomaki-dining-4023105.jpg,matched own listing photo
miyagi/ishinomaki,150,やまだ 蛇田店,https://img.bokenjapan.com/media/ishinomaki-dining-4018427.jpg,https://img.bokenjapan.com/media/ishinomaki-dining-4005467.jpg,matched own listing photo
miyagi/ishinomaki,151,桂花,https://img.bokenjapan.com/media/ishinomaki-dining-4003748.jpg,https://img.bokenjapan.com/media/ishinomaki-dining-4018427.jpg,matched own listing photo
miyagi/ishinomaki,152,桂林館,https://img.bokenjapan.com/media/ishinomaki-dining-4011882.jpg,https://img.bokenjapan.com/media/ishinomaki-dining-4003748.jpg,matched own listing photo
miyagi/ishinomaki,153,かき小屋　渡波,https://img.bokenjapan.com/media/ishinomaki-dining-4012337.jpg,https://img.bokenjapan.com/media/ishinomaki-dining-4011882.jpg,matched own listing photo
miyagi/ishinomaki,154,福龍飯店,https://img.bokenjapan.com/media/ishinomaki-dining-4003274.jpg,https://img.bokenjapan.com/media/ishinomaki-dining-4012337.jpg,matched own listing photo
miyagi/ishinomaki,155,すず,https://img.bokenjapan.com/media/ishinomaki-dining-4029243.jpg,https://img.bokenjapan.com/media/ishinomaki-dining-4003274.jpg,matched own listing photo
miyagi/ishinomaki,156,アンドコーヒー,https://img.bokenjapan.com/media/ishinomaki-dining-4021124.jpg,https://img.bokenjapan.com/media/ishinomaki-dining-4029243.jpg,matched own listing photo
miyagi/ishinomaki,159,農家れすとらん お結び,https://img.bokenjapan.com/media/ishinomaki-dining-4021273.jpg,,photo belonged to another card; no own photo found
miyagi/ishinomaki,160,あいのや 石巻のぞみ野店,https://img.bokenjapan.com/media/ishinomaki-dining-4024556.jpg,https://img.bokenjapan.com/media/ishinomaki-dining-4021273.jpg,matched own listing photo
miyagi/ishinomaki,161,グリーンサム いちば,https://img.bokenjapan.com/media/ishinomaki-dining-4008762.jpg,https://img.bokenjapan.com/media/ishinomaki-dining-4024556.jpg,matched own listing photo
miyagi/ishinomaki,162,中国料理 吉華,https://img.bokenjapan.com/media/ishinomaki-dining-4002144.jpg,https://img.bokenjapan.com/media/ishinomaki-dining-4008762.jpg,matched own listing photo
miyagi/ishinomaki,163,食事処 あむ,https://img.bokenjapan.com/media/ishinomaki-dining-4017967.jpg,https://img.bokenjapan.com/media/ishinomaki-dining-4002144.jpg,matched own listing photo
miyagi/ishinomaki,164,栄屋食堂,https://img.bokenjapan.com/media/ishinomaki-dining-4012798.jpg,https://img.bokenjapan.com/media/ishinomaki-dining-4017967.jpg,matched own listing photo
miyagi/ishinomaki,165,焼肉 ジュジュ,https://img.bokenjapan.com/media/ishinomaki-dining-4014088.jpg,https://img.bokenjapan.com/media/ishinomaki-dining-4012798.jpg,matched own listing photo
miyagi/ishinomaki,166,ISHINOMAKI まるしん,https://img.bokenjapan.com/media/ishinomaki-dining-4022410.jpg,https://img.bokenjapan.com/media/ishinomaki-dining-4014088.jpg,matched own listing photo
miyagi/ishinomaki,167,日本酒場 のれん,https://img.bokenjapan.com/media/ishinomaki-dining-4023471.jpg,https://img.bokenjapan.com/media/ishinomaki-dining-4022410.jpg,matched own listing photo
miyagi/ishinomaki,168,バリュー・ザ・ホテル石巻,https://img.bokenjapan.com/media/ishinomaki-dining-4014477.jpg,https://img.bokenjapan.com/media/ishinomaki-dining-4023471.jpg,matched own listing photo
miyagi/ishinomaki,169,廻鮮丸,https://img.bokenjapan.com/media/ishinomaki-dining-4001513.jpg,https://img.bokenjapan.com/media/ishinomaki-dining-4014477.jpg,matched own listing photo
miyagi/ishinomaki,170,元祖ピーコック,https://img.bokenjapan.com/media/ishinomaki-dining-4027969.jpg,https://img.bokenjapan.com/media/ishinomaki-dining-4001513.jpg,matched own listing photo
miyagi/ishinomaki,171,焼肉冷麺ヤマト 石巻店,https://img.bokenjapan.com/media/ishinomaki-dining-4021909.jpg,https://img.bokenjapan.com/media/ishinomaki-dining-4027969.jpg,matched own listing photo
miyagi/ishinomaki,172,南京飯店,https://img.bokenjapan.com/media/ishinomaki-dining-4005040.jpg,https://img.bokenjapan.com/media/ishinomaki-dining-4021909.jpg,matched own listing photo
miyagi/ishinomaki,173,和幸 イオンモール石巻店,https://img.bokenjapan.com/media/ishinomaki-dining-4016927.jpg,https://img.bokenjapan.com/media/ishinomaki-dining-4005040.jpg,matched own listing photo
miyagi/ishinomaki,174,石川,https://img.bokenjapan.com/media/ishinomaki-dining-4014917.jpg,https://img.bokenjapan.com/media/ishinomaki-dining-4016927.jpg,matched own listing photo
miyagi/ishinomaki,175,全席個室居酒屋 忍家 石巻店,https://img.bokenjapan.com/media/ishinomaki-dining-4008320.jpg,https://img.bokenjapan.com/media/ishinomaki-dining-4014917.jpg,matched own listing photo
miyagi/ishinomaki,176,浜長,https://img.bokenjapan.com/media/ishinomaki-dining-4015087.jpg,https://img.bokenjapan.com/media/ishinomaki-dining-4008320.jpg,matched own listing photo
miyagi/ishinomaki,179,麺・焼肉の店 きく一,https://img.bokenjapan.com/media/ishinomaki-dining-4018540.jpg,,photo belonged to another card; no own photo found
miyagi/ishinomaki,180,カフェ ザ ベイ,https://img.bokenjapan.com/media/ishinomaki-dining-4021569.jpg,https://img.bokenjapan.com/media/ishinomaki-dining-4018540.jpg,matched own listing photo
miyagi/ishinomaki,181,冷たい肉そば ぼんてん,https://img.bokenjapan.com/media/ishinomaki-dining-4027297.jpg,https://img.bokenjapan.com/media/ishinomaki-dining-4021569.jpg,matched own listing photo
miyagi/ishinomaki,182,蒸しパン Once,https://img.bokenjapan.com/media/ishinomaki-dining-4018585.jpg,https://img.bokenjapan.com/media/ishinomaki-dining-4027297.jpg,matched own listing photo
miyagi/ishinomaki,183,スパイスガーデン,https://img.bokenjapan.com/media/ishinomaki-dining-4025448.jpg,https://img.bokenjapan.com/media/ishinomaki-dining-4018585.jpg,matched own listing photo
miyagi/ishinomaki,184,加非館,https://img.bokenjapan.com/media/ishinomaki-dining-4007598.jpg,https://img.bokenjapan.com/media/ishinomaki-dining-4025448.jpg,matched own listing photo
miyagi/ishinomaki,185,ecru,https://img.bokenjapan.com/media/ishinomaki-dining-4026590.jpg,https://img.bokenjapan.com/media/ishinomaki-dining-4007598.jpg,matched own listing photo
miyagi/ishinomaki,186,THE STAND COFFEE BREWERS,https://img.bokenjapan.com/media/ishinomaki-dining-4023800.jpg,https://img.bokenjapan.com/media/ishinomaki-dining-4026590.jpg,matched own listing photo
miyagi/ishinomaki,187,Lovely Sweets Factory,https://img.bokenjapan.com/media/ishinomaki-dining-4026104.jpg,https://img.bokenjapan.com/media/ishinomaki-dining-4023800.jpg,matched own listing photo
miyagi/ishinomaki,188,RITA'S CAFE&BAR,https://img.bokenjapan.com/media/ishinomaki-dining-4025719.jpg,https://img.bokenjapan.com/media/ishinomaki-dining-4026104.jpg,matched own listing photo
miyagi/ishinomaki,189,豊里名物 かいてん焼き 石巻店,https://img.bokenjapan.com/media/ishinomaki-dining-4025417.jpg,https://img.bokenjapan.com/media/ishinomaki-dining-4025719.jpg,matched own listing photo
miyagi/ishinomaki,190,パン屋 はこ,https://img.bokenjapan.com/media/ishinomaki-dining-4026029.jpg,https://img.bokenjapan.com/media/ishinomaki-dining-4025417.jpg,matched own listing photo
miyagi/ishinomaki,191,道の駅 硯上の里 おがつ,https://img.bokenjapan.com/media/ishinomaki-dining-4026884.jpg,https://img.bokenjapan.com/media/ishinomaki-dining-4026029.jpg,matched own listing photo
miyagi/ishinomaki,192,ムッシュ マスノ アルパジョン 石巻総本店,https://img.bokenjapan.com/media/ishinomaki-dining-4018968.jpg,,photo belonged to another card; no own photo found
miyagi/ishinomaki,193,水月堂物産,https://img.bokenjapan.com/media/ishinomaki-dining-4012572.jpg,https://img.bokenjapan.com/media/ishinomaki-dining-4018968.jpg,matched own listing photo
miyagi/ishinomaki,194,ハミングバード 石巻店,https://img.bokenjapan.com/media/ishinomaki-dining-4001627.jpg,https://img.bokenjapan.com/media/ishinomaki-dining-4012572.jpg,matched own listing photo
miyagi/ishinomaki,197,とんかつ勝健,https://img.bokenjapan.com/media/ishinomaki-dining-4008411.jpg,,photo belonged to another card; no own photo found
miyagi/ishinomaki,198,焼肉清和,https://img.bokenjapan.com/media/ishinomaki-dining-4006955.jpg,https://img.bokenjapan.com/media/ishinomaki-dining-4008411.jpg,matched own listing photo
miyagi/ishinomaki,199,クローバー,https://img.bokenjapan.com/media/ishinomaki-dining-4015785.jpg,https://img.bokenjapan.com/media/ishinomaki-dining-4006955.jpg,matched own listing photo
miyagi/ishinomaki,200,Bistro種,https://img.bokenjapan.com/media/ishinomaki-dining-4018247.jpg,https://img.bokenjapan.com/media/ishinomaki-dining-4015785.jpg,matched own listing photo
miyagi/ishinomaki,201,食事処みうら,https://img.bokenjapan.com/media/ishinomaki-dining-4006927.jpg,https://img.bokenjapan.com/media/ishinomaki-dining-4018247.jpg,matched own listing photo
miyagi/ishinomaki,202,夢屋,https://img.bokenjapan.com/media/ishinomaki-dining-4007127.jpg,https://img.bokenjapan.com/media/ishinomaki-dining-4006927.jpg,matched own listing photo
miyagi/ishinomaki,203,とんかつぶー亭,https://img.bokenjapan.com/media/ishinomaki-dining-4005791.jpg,https://img.bokenjapan.com/media/ishinomaki-dining-4007127.jpg,matched own listing photo
miyagi/ishinomaki,204,蛇の目寿司 気仙屋旅館,https://img.bokenjapan.com/media/ishinomaki-dining-4000741.jpg,https://img.bokenjapan.com/media/ishinomaki-dining-4005791.jpg,matched own listing photo
miyagi/ishinomaki,205,ホテルルートイン 石巻河南インター,https://img.bokenjapan.com/media/ishinomaki-dining-4013427.jpg,https://img.bokenjapan.com/media/ishinomaki-dining-4000741.jpg,matched own listing photo
miyagi/ishinomaki,206,しみず,https://img.bokenjapan.com/media/ishinomaki-dining-4007255.jpg,https://img.bokenjapan.com/media/ishinomaki-dining-4013427.jpg,matched own listing photo
miyagi/ishinomaki,207,十五浜屋食堂,https://img.bokenjapan.com/media/ishinomaki-dining-4019881.jpg,https://img.bokenjapan.com/media/ishinomaki-dining-4007255.jpg,matched own listing photo
miyagi/ishinomaki,208,焼肉 幸楽,https://img.bokenjapan.com/media/ishinomaki-dining-4000691.jpg,https://img.bokenjapan.com/media/ishinomaki-dining-4019881.jpg,matched own listing photo
miyagi/ishinomaki,209,中国料理 寿,https://img.bokenjapan.com/media/ishinomaki-dining-4006873.jpg,https://img.bokenjapan.com/media/ishinomaki-dining-4000691.jpg,matched own listing photo
miyagi/ishinomaki,210,山水舘,https://img.bokenjapan.com/media/ishinomaki-dining-4003731.jpg,https://img.bokenjapan.com/media/ishinomaki-dining-4006873.jpg,matched own listing photo
miyagi/ishinomaki,211,DOUGH,https://img.bokenjapan.com/media/ishinomaki-dining-4001807.jpg,https://img.bokenjapan.com/media/ishinomaki-dining-4003731.jpg,matched own listing photo
miyagi/ishinomaki,212,わきあいあい,https://img.bokenjapan.com/media/ishinomaki-dining-4008423.jpg,https://img.bokenjapan.com/media/ishinomaki-dining-4001807.jpg,matched own listing photo
miyagi/ishinomaki,213,えくれーる 渡波店,https://img.bokenjapan.com/media/ishinomaki-dining-4001660.jpg,https://img.bokenjapan.com/media/ishinomaki-dining-4008423.jpg,matched own listing photo
miyagi/ishinomaki,214,シェセッタ,https://img.bokenjapan.com/media/ishinomaki-dining-4020499.jpg,https://img.bokenjapan.com/media/ishinomaki-dining-4001660.jpg,matched own listing photo
miyagi/ishinomaki,217,三幸,https://img.bokenjapan.com/media/ishinomaki-dining-4003286.jpg,,photo belonged to another card; no own photo found
miyagi/ishinomaki,218,ふしみ屋菓子店,https://img.bokenjapan.com/media/ishinomaki-dining-4010419.jpg,https://img.bokenjapan.com/media/ishinomaki-dining-4003286.jpg,matched own listing photo
miyagi/ishinomaki,219,ポセらんち,https://img.bokenjapan.com/media/ishinomaki-dining-4027186.jpg,https://img.bokenjapan.com/media/ishinomaki-dining-4010419.jpg,matched own listing photo
miyagi/ishinomaki,220,BB COFFEE,https://img.bokenjapan.com/media/ishinomaki-dining-4027587.jpg,https://img.bokenjapan.com/media/ishinomaki-dining-4027186.jpg,matched own listing photo
miyagi/ishinomaki,221,ficelleパン工房,https://img.bokenjapan.com/media/ishinomaki-dining-4022783.jpg,https://img.bokenjapan.com/media/ishinomaki-dining-4027587.jpg,matched own listing photo
miyagi/ishinomaki,222,カフェ・トレ,https://img.bokenjapan.com/media/ishinomaki-dining-4001720.jpg,https://img.bokenjapan.com/media/ishinomaki-dining-4022783.jpg,matched own listing photo
miyagi/ishinomaki,223,味楽,https://img.bokenjapan.com/media/ishinomaki-dining-4028139.jpg,https://img.bokenjapan.com/media/ishinomaki-dining-4001720.jpg,matched own listing photo
miyagi/ishinomaki,224,ニューデイズ 石巻,https://img.bokenjapan.com/media/ishinomaki-dining-4018794.jpg,https://img.bokenjapan.com/media/ishinomaki-dining-4028139.jpg,matched own listing photo
miyagi/ishinomaki,225,喫茶と土産 南1の4,https://img.bokenjapan.com/media/ishinomaki-dining-4026311.jpg,https://img.bokenjapan.com/media/ishinomaki-dining-4018794.jpg,matched own listing photo
miyagi/ishinomaki,226,野村庵,https://img.bokenjapan.com/media/ishinomaki-dining-4028070.jpg,https://img.bokenjapan.com/media/ishinomaki-dining-4026311.jpg,matched own listing photo
miyagi/ishinomaki,227,遊庭,https://img.bokenjapan.com/media/ishinomaki-dining-4029384.jpg,https://img.bokenjapan.com/media/ishinomaki-dining-4028070.jpg,matched own listing photo
miyagi/ishinomaki,228,三膳世界 琳,https://img.bokenjapan.com/media/ishinomaki-dining-4026582.jpg,https://img.bokenjapan.com/media/ishinomaki-dining-4029384.jpg,matched own listing photo
miyagi/ishinomaki,229,サン ファン ヴィレッジ,https://img.bokenjapan.com/media/ishinomaki-dining-4015592.jpg,https://img.bokenjapan.com/media/ishinomaki-dining-4026582.jpg,matched own listing photo
miyagi/ishinomaki,230,うまい鮨勘 石巻支店,https://img.bokenjapan.com/media/ishinomaki-dining-4010807.jpg,,photo belonged to another card; no own photo found
miyagi/ishinomaki,231,かんながら イオン石巻店,https://img.bokenjapan.com/media/ishinomaki-dining-4001453.jpg,https://img.bokenjapan.com/media/ishinomaki-dining-4010807.jpg,matched own listing photo
miyagi/ishinomaki,232,うまかべぇ～,https://img.bokenjapan.com/media/ishinomaki-dining-4016036.jpg,https://img.bokenjapan.com/media/ishinomaki-dining-4001453.jpg,matched own listing photo
miyagi/ishinomaki,233,食事処 しかいろ,https://img.bokenjapan.com/media/ishinomaki-dining-4017394.jpg,https://img.bokenjapan.com/media/ishinomaki-dining-4016036.jpg,matched own listing photo
miyagi/ishinomaki,234,まるいし,https://img.bokenjapan.com/media/ishinomaki-dining-4015200.jpg,https://img.bokenjapan.com/media/ishinomaki-dining-4017394.jpg,matched own listing photo
miyagi/ishinomaki,237,紅蘭,https://img.bokenjapan.com/media/ishinomaki-dining-4003745.jpg,,photo belonged to another card; no own photo found
miyagi/ishinomaki,238,食堂パレス,https://img.bokenjapan.com/media/ishinomaki-dining-4005410.jpg,https://img.bokenjapan.com/media/ishinomaki-dining-4003745.jpg,matched own listing photo
miyagi/ishinomaki,239,公助,https://img.bokenjapan.com/media/ishinomaki-dining-4006819.jpg,https://img.bokenjapan.com/media/ishinomaki-dining-4005410.jpg,matched own listing photo
miyagi/ishinomaki,240,石 亭,https://img.bokenjapan.com/media/ishinomaki-dining-4010219.jpg,https://img.bokenjapan.com/media/ishinomaki-dining-4006819.jpg,matched own listing photo
miyagi/ishinomaki,241,ショコレア,https://img.bokenjapan.com/media/ishinomaki-dining-4014295.jpg,https://img.bokenjapan.com/media/ishinomaki-dining-4010219.jpg,matched own listing photo
miyagi/ishinomaki,242,鳥厚,https://img.bokenjapan.com/media/ishinomaki-dining-4005470.jpg,https://img.bokenjapan.com/media/ishinomaki-dining-4014295.jpg,matched own listing photo
miyagi/ishinomaki,243,王水 イオンモール石巻店,https://img.bokenjapan.com/media/ishinomaki-dining-4015800.jpg,https://img.bokenjapan.com/media/ishinomaki-dining-4005470.jpg,matched own listing photo
miyagi/ishinomaki,244,楼蘭,https://img.bokenjapan.com/media/ishinomaki-dining-4003739.jpg,https://img.bokenjapan.com/media/ishinomaki-dining-4015800.jpg,matched own listing photo
miyagi/ishinomaki,245,中国料理 鳳楽,https://img.bokenjapan.com/media/ishinomaki-dining-4003735.jpg,https://img.bokenjapan.com/media/ishinomaki-dining-4003739.jpg,matched own listing photo
miyagi/ishinomaki,246,金兵衛茶屋,https://img.bokenjapan.com/media/ishinomaki-dining-4008334.jpg,https://img.bokenjapan.com/media/ishinomaki-dining-4003735.jpg,matched own listing photo
miyagi/ishinomaki,247,ホテル ルートイン 石巻中央,https://img.bokenjapan.com/media/ishinomaki-dining-4016373.jpg,https://img.bokenjapan.com/media/ishinomaki-dining-4008334.jpg,matched own listing photo
miyagi/ishinomaki,248,麺屋敷マル翔 イオンモール石巻店,https://img.bokenjapan.com/media/ishinomaki-dining-4028395.jpg,https://img.bokenjapan.com/media/ishinomaki-dining-4016373.jpg,matched own listing photo
miyagi/ishinomaki,249,町田商店 石巻店,https://img.bokenjapan.com/media/ishinomaki-dining-4029065.jpg,https://img.bokenjapan.com/media/ishinomaki-dining-4028395.jpg,matched own listing photo
miyagi/ishinomaki,250,お食事処 元気亭,https://img.bokenjapan.com/media/ishinomaki-dining-4021222.jpg,https://img.bokenjapan.com/media/ishinomaki-dining-4029065.jpg,matched own listing photo
miyagi/ishinomaki,251,雄勝湾直送海鮮浜焼き 青木水産,https://img.bokenjapan.com/media/ishinomaki-dining-4026110.jpg,https://img.bokenjapan.com/media/ishinomaki-dining-4021222.jpg,matched own listing photo
miyagi/ishinomaki,252,吉野中華料理店,https://img.bokenjapan.com/media/ishinomaki-dining-4005007.jpg,https://img.bokenjapan.com/media/ishinomaki-dining-4026110.jpg,matched own listing photo
miyagi/ishinomaki,253,八鶏飯蔵 上品の郷店,https://img.bokenjapan.com/media/ishinomaki-dining-4025361.jpg,https://img.bokenjapan.com/media/ishinomaki-dining-4005007.jpg,matched own listing photo
miyagi/ishinomaki,254,田中家,https://img.bokenjapan.com/media/ishinomaki-dining-4007022.jpg,https://img.bokenjapan.com/media/ishinomaki-dining-4025361.jpg,matched own listing photo
miyagi/ishinomaki,257,Cafe Larimar,https://img.bokenjapan.com/media/ishinomaki-dining-4027588.jpg,,photo belonged to another card; no own photo found
miyagi/ishinomaki,258,てらさわ小進堂,https://img.bokenjapan.com/media/ishinomaki-dining-4018298.jpg,https://img.bokenjapan.com/media/ishinomaki-dining-4027588.jpg,matched own listing photo
miyagi/ishinomaki,259,原始焼 海彦山彦 あけぼの店,https://img.bokenjapan.com/media/ishinomaki-dining-4021535.jpg,https://img.bokenjapan.com/media/ishinomaki-dining-4018298.jpg,matched own listing photo
miyagi/ishinomaki,260,仙臺ホルモン ガッツ 石巻門脇店,https://img.bokenjapan.com/media/ishinomaki-dining-4018682.jpg,https://img.bokenjapan.com/media/ishinomaki-dining-4021535.jpg,matched own listing photo
miyagi/ishinomaki,261,WASABI,https://img.bokenjapan.com/media/ishinomaki-dining-4027806.jpg,https://img.bokenjapan.com/media/ishinomaki-dining-4018682.jpg,matched own listing photo
miyagi/ishinomaki,262,めぐカフェ,https://img.bokenjapan.com/media/ishinomaki-dining-4023113.jpg,https://img.bokenjapan.com/media/ishinomaki-dining-4027806.jpg,matched own listing photo
miyagi/ishinomaki,263,クロネコ堂,https://img.bokenjapan.com/media/ishinomaki-dining-4026721.jpg,https://img.bokenjapan.com/media/ishinomaki-dining-4023113.jpg,matched own listing photo
miyagi/ishinomaki,264,CAFE SUGAWARA,https://img.bokenjapan.com/media/ishinomaki-dining-4024825.jpg,https://img.bokenjapan.com/media/ishinomaki-dining-4026721.jpg,matched own listing photo
miyagi/ishinomaki,265,酒鮮ばんだい,https://img.bokenjapan.com/media/ishinomaki-dining-4028678.jpg,https://img.bokenjapan.com/media/ishinomaki-dining-4024825.jpg,matched own listing photo
miyagi/ishinomaki,266,金華山黄金山神社 食堂,https://img.bokenjapan.com/media/ishinomaki-dining-4025259.jpg,https://img.bokenjapan.com/media/ishinomaki-dining-4028678.jpg,matched own listing photo
miyagi/ishinomaki,267,Canyon Bee,https://img.bokenjapan.com/media/ishinomaki-dining-4028217.jpg,https://img.bokenjapan.com/media/ishinomaki-dining-4025259.jpg,matched own listing photo
miyagi/ishinomaki,268,日星,https://img.bokenjapan.com/media/ishinomaki-dining-4025508.jpg,https://img.bokenjapan.com/media/ishinomaki-dining-4028217.jpg,matched own listing photo
miyagi/ishinomaki,269,コメ・カフェ,https://img.bokenjapan.com/media/ishinomaki-dining-4016583.jpg,https://img.bokenjapan.com/media/ishinomaki-dining-4025508.jpg,matched own listing photo
miyagi/ishinomaki,270,和洋菓子 ヤマキ,https://img.bokenjapan.com/media/ishinomaki-dining-4022669.jpg,https://img.bokenjapan.com/media/ishinomaki-dining-4016583.jpg,matched own listing photo
miyagi/ishinomaki,271,lala sucre,https://img.bokenjapan.com/media/ishinomaki-dining-4028179.jpg,https://img.bokenjapan.com/media/ishinomaki-dining-4022669.jpg,matched own listing photo
miyagi/ishinomaki,272,ニュー魯曼停,https://img.bokenjapan.com/media/ishinomaki-dining-4025980.jpg,https://img.bokenjapan.com/media/ishinomaki-dining-4028179.jpg,matched own listing photo
miyagi/ishinomaki,273,coffee懐古,https://img.bokenjapan.com/media/ishinomaki-dining-4029344.jpg,https://img.bokenjapan.com/media/ishinomaki-dining-4025980.jpg,matched own listing photo
miyagi/ishinomaki,274,あいのや 渡波店,https://img.bokenjapan.com/media/ishinomaki-dining-4026101.jpg,https://img.bokenjapan.com/media/ishinomaki-dining-4029344.jpg,matched own listing photo
miyagi/ishinomaki,277,伊藤商店 石巻店,https://img.bokenjapan.com/media/ishinomaki-dining-4018246.jpg,,photo belonged to another card; no own photo found
miyagi/ishinomaki,278,利久 石巻山下店,https://img.bokenjapan.com/media/ishinomaki-dining-4014368.jpg,https://img.bokenjapan.com/media/ishinomaki-dining-4018246.jpg,matched own listing photo
miyagi/ishinomaki,279,パンセ 石巻本店,https://img.bokenjapan.com/media/ishinomaki-dining-4008452.jpg,https://img.bokenjapan.com/media/ishinomaki-dining-4014368.jpg,matched own listing photo
miyagi/ishinomaki,280,蔵八ラーメン 石巻日赤病院前店,https://img.bokenjapan.com/media/ishinomaki-dining-4011776.jpg,https://img.bokenjapan.com/media/ishinomaki-dining-4008452.jpg,matched own listing photo
miyagi/ishinomaki,281,木の屋石巻水産 石巻本社工場,https://img.bokenjapan.com/media/ishinomaki-dining-4015247.jpg,https://img.bokenjapan.com/media/ishinomaki-dining-4011776.jpg,matched own listing photo
miyagi/ishinomaki,282,麺 蔵八 イオン石巻店,https://img.bokenjapan.com/media/ishinomaki-dining-4001626.jpg,https://img.bokenjapan.com/media/ishinomaki-dining-4015247.jpg,matched own listing photo
miyagi/ishinomaki,283,らーめんハウス王水 流留店,https://img.bokenjapan.com/media/ishinomaki-dining-4007412.jpg,https://img.bokenjapan.com/media/ishinomaki-dining-4001626.jpg,matched own listing photo
miyagi/ishinomaki,284,東京ラーメン はなはな,https://img.bokenjapan.com/media/ishinomaki-dining-4020392.jpg,https://img.bokenjapan.com/media/ishinomaki-dining-4007412.jpg,matched own listing photo
miyagi/ishinomaki,285,鮨一八,https://img.bokenjapan.com/media/ishinomaki-dining-4001715.jpg,https://img.bokenjapan.com/media/ishinomaki-dining-4020392.jpg,matched own listing photo
miyagi/ishinomaki,286,天空庵,https://img.bokenjapan.com/media/ishinomaki-dining-4014583.jpg,https://img.bokenjapan.com/media/ishinomaki-dining-4001715.jpg,matched own listing photo
miyagi/ishinomaki,287,白謙蒲鉾店 門脇工場直売所,https://img.bokenjapan.com/media/ishinomaki-dining-4011404.jpg,https://img.bokenjapan.com/media/ishinomaki-dining-4014583.jpg,matched own listing photo
miyagi/ishinomaki,288,裕味 中里店,https://img.bokenjapan.com/media/ishinomaki-dining-4005057.jpg,https://img.bokenjapan.com/media/ishinomaki-dining-4011404.jpg,matched own listing photo
miyagi/ishinomaki,289,千扇,https://img.bokenjapan.com/media/ishinomaki-dining-4009745.jpg,https://img.bokenjapan.com/media/ishinomaki-dining-4005057.jpg,matched own listing photo
miyagi/ishinomaki,290,そば処宝栄,https://img.bokenjapan.com/media/ishinomaki-dining-4004365.jpg,https://img.bokenjapan.com/media/ishinomaki-dining-4009745.jpg,matched own listing photo
miyagi/ishinomaki,291,パスタ＆カフェ　大麦小麦,https://img.bokenjapan.com/media/ishinomaki-dining-4010417.jpg,https://img.bokenjapan.com/media/ishinomaki-dining-4004365.jpg,matched own listing photo
miyagi/ishinomaki,292,やまだ,https://img.bokenjapan.com/media/ishinomaki-dining-4022120.jpg,https://img.bokenjapan.com/media/ishinomaki-dining-4010417.jpg,matched own listing photo
miyagi/ishinomaki,295,上海楼,https://img.bokenjapan.com/media/ishinomaki-dining-4023751.jpg,,photo belonged to another card; no own photo found
miyagi/ishinomaki,296,ヤマザキYショップ かほく・上品の郷店,https://img.bokenjapan.com/media/ishinomaki-dining-4014687.jpg,https://img.bokenjapan.com/media/ishinomaki-dining-4023751.jpg,matched own listing photo
miyagi/ishinomaki,297,榮壽司,https://img.bokenjapan.com/media/ishinomaki-dining-4007652.jpg,https://img.bokenjapan.com/media/ishinomaki-dining-4014687.jpg,matched own listing photo
miyagi/ishinomaki,298,えくれーる 蛇田店,https://img.bokenjapan.com/media/ishinomaki-dining-4015355.jpg,https://img.bokenjapan.com/media/ishinomaki-dining-4007652.jpg,matched own listing photo
miyagi/ishinomaki,299,佐藤ミート,https://img.bokenjapan.com/media/ishinomaki-dining-4020557.jpg,https://img.bokenjapan.com/media/ishinomaki-dining-4015355.jpg,matched own listing photo
miyagi/ishinomaki,300,鳥勝＋サルーテ,https://img.bokenjapan.com/media/ishinomaki-dining-4002987.jpg,https://img.bokenjapan.com/media/ishinomaki-dining-4020557.jpg,matched own listing photo
miyagi/ishinomaki,301,Cafe プロムナード,https://img.bokenjapan.com/media/ishinomaki-dining-4020379.jpg,https://img.bokenjapan.com/media/ishinomaki-dining-4002987.jpg,matched own listing photo
miyagi/ishinomaki,302,吉長,https://img.bokenjapan.com/media/ishinomaki-dining-4007821.jpg,https://img.bokenjapan.com/media/ishinomaki-dining-4020379.jpg,matched own listing photo
miyagi/ishinomaki,303,中華そば じゃのめ,https://img.bokenjapan.com/media/ishinomaki-dining-4028826.jpg,https://img.bokenjapan.com/media/ishinomaki-dining-4007821.jpg,matched own listing photo
miyagi/ishinomaki,304,田津田,https://img.bokenjapan.com/media/ishinomaki-dining-4005485.jpg,https://img.bokenjapan.com/media/ishinomaki-dining-4028826.jpg,matched own listing photo
miyagi/ishinomaki,305,ベル・コルポ,https://img.bokenjapan.com/media/ishinomaki-dining-4002302.jpg,https://img.bokenjapan.com/media/ishinomaki-dining-4005485.jpg,matched own listing photo
miyagi/ishinomaki,306,和酒美,https://img.bokenjapan.com/media/ishinomaki-dining-4016089.jpg,https://img.bokenjapan.com/media/ishinomaki-dining-4002302.jpg,matched own listing photo
miyagi/ishinomaki,307,華月,https://img.bokenjapan.com/media/ishinomaki-dining-4004633.jpg,https://img.bokenjapan.com/media/ishinomaki-dining-4016089.jpg,matched own listing photo
miyagi/ishinomaki,308,ひよりホルモン,https://img.bokenjapan.com/media/ishinomaki-dining-4013689.jpg,https://img.bokenjapan.com/media/ishinomaki-dining-4004633.jpg,matched own listing photo
miyagi/ishinomaki,309,貴久寿司,https://img.bokenjapan.com/media/ishinomaki-dining-4004641.jpg,https://img.bokenjapan.com/media/ishinomaki-dining-4013689.jpg,matched own listing photo
miyagi/ishinomaki,310,あぶみや あけぼの店,https://img.bokenjapan.com/media/ishinomaki-dining-4007362.jpg,https://img.bokenjapan.com/media/ishinomaki-dining-4004641.jpg,matched own listing photo
miyagi/ishinomaki,311,仙臺ホルモン ガッツ 石巻蛇田店,https://img.bokenjapan.com/media/ishinomaki-dining-4018898.jpg,https://img.bokenjapan.com/media/ishinomaki-dining-4007362.jpg,matched own listing photo
miyagi/ishinomaki,312,宝寿司,https://img.bokenjapan.com/media/ishinomaki-dining-4004816.jpg,https://img.bokenjapan.com/media/ishinomaki-dining-4018898.jpg,matched own listing photo
miyagi/ishinomaki,315,ツインクル,https://img.bokenjapan.com/media/ishinomaki-dining-4005257.jpg,,photo belonged to another card; no own photo found
miyagi/ishinomaki,316,ISHINOMAKI HOP WORKS TAPROOM,https://img.bokenjapan.com/media/ishinomaki-dining-4027785.jpg,https://img.bokenjapan.com/media/ishinomaki-dining-4005257.jpg,matched own listing photo
miyagi/ishinomaki,317,あおまる,https://img.bokenjapan.com/media/ishinomaki-dining-4027505.jpg,,photo belonged to another card; no own photo found
miyagi/ishinomaki,318,パーラー 山と田んぼ みやぎ生協石巻大橋店,https://img.bokenjapan.com/media/ishinomaki-dining-4026515.jpg,https://img.bokenjapan.com/media/ishinomaki-dining-4027505.jpg,matched own listing photo
miyagi/ishinomaki,319,10円まんじゅう 上品の郷,https://img.bokenjapan.com/media/ishinomaki-dining-4014690.jpg,https://img.bokenjapan.com/media/ishinomaki-dining-4026515.jpg,matched own listing photo
miyagi/ishinomaki,320,食・呑み処「花々亭」,https://img.bokenjapan.com/media/ishinomaki-dining-4027672.jpg,https://img.bokenjapan.com/media/ishinomaki-dining-4014690.jpg,matched own listing photo
miyagi/ishinomaki,321,インドネパールレストラン サティ,https://img.bokenjapan.com/media/ishinomaki-dining-4029164.jpg,,photo belonged to another card; no own photo found
miyagi/ishinomaki,322,kochia,https://img.bokenjapan.com/media/ishinomaki-dining-4025536.jpg,https://img.bokenjapan.com/media/ishinomaki-dining-4029164.jpg,matched own listing photo
miyagi/ishinomaki,323,潤喫茶 puka,https://img.bokenjapan.com/media/ishinomaki-dining-4025116.jpg,https://img.bokenjapan.com/media/ishinomaki-dining-4025536.jpg,matched own listing photo
miyagi/ishinomaki,324,イオンシネマ 石巻,https://img.bokenjapan.com/media/ishinomaki-dining-4026137.jpg,https://img.bokenjapan.com/media/ishinomaki-dining-4025116.jpg,matched own listing photo
miyagi/ishinomaki,325,居酒屋 じぱんぐ,https://img.bokenjapan.com/media/ishinomaki-dining-4027893.jpg,https://img.bokenjapan.com/media/ishinomaki-dining-4026137.jpg,matched own listing photo
miyagi/ishinomaki,326,石巻合同庁舎 食堂,https://img.bokenjapan.com/media/ishinomaki-dining-4027571.jpg,https://img.bokenjapan.com/media/ishinomaki-dining-4027893.jpg,matched own listing photo
miyagi/ishinomaki,327,阿部菓子店,https://img.bokenjapan.com/media/ishinomaki-dining-4027944.jpg,https://img.bokenjapan.com/media/ishinomaki-dining-4027571.jpg,matched own listing photo
miyagi/ishinomaki,328,きっ茶 花々,https://img.bokenjapan.com/media/ishinomaki-dining-4027680.jpg,https://img.bokenjapan.com/media/ishinomaki-dining-4027944.jpg,matched own listing photo
miyagi/ishinomaki,329,キッチンねこ,https://img.bokenjapan.com/media/ishinomaki-dining-4028067.jpg,https://img.bokenjapan.com/media/ishinomaki-dining-4027680.jpg,matched own listing photo
miyagi/ishinomaki,330,二色餅,https://img.bokenjapan.com/media/ishinomaki-dining-4029741.jpg,https://img.bokenjapan.com/media/ishinomaki-dining-4028067.jpg,matched own listing photo
miyagi/ishinomaki,331,高正ベーカリー,https://img.bokenjapan.com/media/ishinomaki-dining-4027557.jpg,https://img.bokenjapan.com/media/ishinomaki-dining-4029741.jpg,matched own listing photo
miyagi/ishinomaki,334,スシロー 石巻店,https://img.bokenjapan.com/media/ishinomaki-dining-4008371.jpg,,photo belonged to another card; no own photo found
miyagi/ishinomaki,335,トマト＆オニオン  石巻店,https://img.bokenjapan.com/media/ishinomaki-dining-4000816.jpg,https://img.bokenjapan.com/media/ishinomaki-dining-4008371.jpg,matched own listing photo
miyagi/ishinomaki,336,コメダ珈琲店 石巻蛇田店,https://img.bokenjapan.com/media/ishinomaki-dining-4019092.jpg,https://img.bokenjapan.com/media/ishinomaki-dining-4000816.jpg,matched own listing photo
miyagi/ishinomaki,337,焼肉冷麺やまなか家 石巻店,https://img.bokenjapan.com/media/ishinomaki-dining-4018580.jpg,https://img.bokenjapan.com/media/ishinomaki-dining-4019092.jpg,matched own listing photo
miyagi/ishinomaki,338,かつや 宮城石巻店,https://img.bokenjapan.com/media/ishinomaki-dining-4022034.jpg,https://img.bokenjapan.com/media/ishinomaki-dining-4018580.jpg,matched own listing photo
miyagi/ishinomaki,339,豪ーめん  石巻店,https://img.bokenjapan.com/media/ishinomaki-dining-4023586.jpg,https://img.bokenjapan.com/media/ishinomaki-dining-4022034.jpg,matched own listing photo
miyagi/ishinomaki,340,麺屋壱番,https://img.bokenjapan.com/media/ishinomaki-dining-4004162.jpg,https://img.bokenjapan.com/media/ishinomaki-dining-4023586.jpg,matched own listing photo
miyagi/ishinomaki,341,水澤屋もっちゃん,https://img.bokenjapan.com/media/ishinomaki-dining-4014385.jpg,https://img.bokenjapan.com/media/ishinomaki-dining-4004162.jpg,matched own listing photo
miyagi/ishinomaki,342,鳥辰,https://img.bokenjapan.com/media/ishinomaki-dining-4003990.jpg,https://img.bokenjapan.com/media/ishinomaki-dining-4014385.jpg,matched own listing photo
miyagi/ishinomaki,343,三政商店 元気市場店,https://img.bokenjapan.com/media/ishinomaki-dining-4028783.jpg,https://img.bokenjapan.com/media/ishinomaki-dining-4003990.jpg,matched own listing photo
miyagi/ishinomaki,344,食堂ほづみ,https://img.bokenjapan.com/media/ishinomaki-dining-4029106.jpg,https://img.bokenjapan.com/media/ishinomaki-dining-4028783.jpg,matched own listing photo
miyagi/ishinomaki,345,竹寿司,https://img.bokenjapan.com/media/ishinomaki-dining-4011736.jpg,https://img.bokenjapan.com/media/ishinomaki-dining-4029106.jpg,matched own listing photo
miyagi/ishinomaki,346,高大割烹,https://img.bokenjapan.com/media/ishinomaki-dining-4004503.jpg,https://img.bokenjapan.com/media/ishinomaki-dining-4011736.jpg,matched own listing photo
miyagi/ishinomaki,347,KATZE,https://img.bokenjapan.com/media/ishinomaki-dining-4017269.jpg,https://img.bokenjapan.com/media/ishinomaki-dining-4004503.jpg,matched own listing photo
miyagi/ishinomaki,348,亀甲寿司,https://img.bokenjapan.com/media/ishinomaki-dining-4004644.jpg,https://img.bokenjapan.com/media/ishinomaki-dining-4017269.jpg,matched own listing photo
miyagi/ishinomaki,349,焼鳥 おのでら,https://img.bokenjapan.com/media/ishinomaki-dining-4022441.jpg,https://img.bokenjapan.com/media/ishinomaki-dining-4004644.jpg,matched own listing photo
miyagi/ishinomaki,350,ロア,https://img.bokenjapan.com/media/ishinomaki-dining-4005923.jpg,https://img.bokenjapan.com/media/ishinomaki-dining-4022441.jpg,matched own listing photo
miyagi/ishinomaki,351,はまさいさい,https://img.bokenjapan.com/media/ishinomaki-dining-4019347.jpg,https://img.bokenjapan.com/media/ishinomaki-dining-4005923.jpg,matched own listing photo
miyagi/ishinomaki,354,ラ・ロレット,https://img.bokenjapan.com/media/ishinomaki-dining-4010337.jpg,,photo belonged to another card; no own photo found
miyagi/ishinomaki,355,鮨山下,https://img.bokenjapan.com/media/ishinomaki-dining-4017539.jpg,https://img.bokenjapan.com/media/ishinomaki-dining-4010337.jpg,matched own listing photo
miyagi/ishinomaki,356,カルン,https://img.bokenjapan.com/media/ishinomaki-dining-4023030.jpg,https://img.bokenjapan.com/media/ishinomaki-dining-4017539.jpg,matched own listing photo
miyagi/ishinomaki,357,ふたごの湯,https://img.bokenjapan.com/media/ishinomaki-dining-4018952.jpg,https://img.bokenjapan.com/media/ishinomaki-dining-4023030.jpg,matched own listing photo
miyagi/ishinomaki,358,えんや,https://img.bokenjapan.com/media/ishinomaki-dining-4026113.jpg,https://img.bokenjapan.com/media/ishinomaki-dining-4018952.jpg,matched own listing photo
miyagi/ishinomaki,359,お休み処 さとう,https://img.bokenjapan.com/media/ishinomaki-dining-4012623.jpg,https://img.bokenjapan.com/media/ishinomaki-dining-4026113.jpg,matched own listing photo
miyagi/ishinomaki,360,カフェAB,https://img.bokenjapan.com/media/ishinomaki-dining-4020199.jpg,https://img.bokenjapan.com/media/ishinomaki-dining-4012623.jpg,matched own listing photo
miyagi/ishinomaki,361,和食 桂,https://img.bokenjapan.com/media/ishinomaki-dining-4018557.jpg,https://img.bokenjapan.com/media/ishinomaki-dining-4020199.jpg,matched own listing photo
miyagi/ishinomaki,362,牡鹿半島ビジターセンター,https://img.bokenjapan.com/media/ishinomaki-dining-4027473.jpg,https://img.bokenjapan.com/media/ishinomaki-dining-4018557.jpg,matched own listing photo
miyagi/ishinomaki,363,珈琲豆と手しごとのモノ kyuu,https://img.bokenjapan.com/media/ishinomaki-dining-4024820.jpg,https://img.bokenjapan.com/media/ishinomaki-dining-4027473.jpg,matched own listing photo
miyagi/ishinomaki,364,City Lights,https://img.bokenjapan.com/media/ishinomaki-dining-4027362.jpg,https://img.bokenjapan.com/media/ishinomaki-dining-4024820.jpg,matched own listing photo
miyagi/ishinomaki,365,味噌らーめん憲,https://img.bokenjapan.com/media/ishinomaki-dining-4030348.jpg,https://img.bokenjapan.com/media/ishinomaki-dining-4027362.jpg,matched own listing photo
miyagi/ishinomaki,366,景松庵,https://img.bokenjapan.com/media/ishinomaki-dining-4003287.jpg,https://img.bokenjapan.com/media/ishinomaki-dining-4030348.jpg,matched own listing photo
miyagi/ishinomaki,367,津軽,https://img.bokenjapan.com/media/ishinomaki-dining-4003982.jpg,https://img.bokenjapan.com/media/ishinomaki-dining-4003287.jpg,matched own listing photo
miyagi/ishinomaki,368,もつ焼きやまちゃん 石巻店,https://img.bokenjapan.com/media/ishinomaki-dining-4027410.jpg,https://img.bokenjapan.com/media/ishinomaki-dining-4003982.jpg,matched own listing photo
miyagi/ishinomaki,369,高徳,https://img.bokenjapan.com/media/ishinomaki-dining-4024124.jpg,https://img.bokenjapan.com/media/ishinomaki-dining-4027410.jpg,matched own listing photo
miyagi/ishinomaki,370,y.style,https://img.bokenjapan.com/media/ishinomaki-dining-4029061.jpg,https://img.bokenjapan.com/media/ishinomaki-dining-4024124.jpg,matched own listing photo
miyagi/ishinomaki,371,すがん家,https://img.bokenjapan.com/media/ishinomaki-dining-4027404.jpg,https://img.bokenjapan.com/media/ishinomaki-dining-4029061.jpg,matched own listing photo
miyagi/ishinomaki,374,White JiJi,https://img.bokenjapan.com/media/ishinomaki-dining-4025253.jpg,,photo belonged to another card; no own photo found
miyagi/ishinomaki,375,土井菓子舗,https://img.bokenjapan.com/media/ishinomaki-dining-4026856.jpg,https://img.bokenjapan.com/media/ishinomaki-dining-4025253.jpg,matched own listing photo
miyagi/ishinomaki,376,海里,https://img.bokenjapan.com/media/ishinomaki-dining-4024869.jpg,https://img.bokenjapan.com/media/ishinomaki-dining-4026856.jpg,matched own listing photo
miyagi/ishinomaki,377,IZAKAYA GYOSAI,https://img.bokenjapan.com/media/ishinomaki-dining-4029715.jpg,https://img.bokenjapan.com/media/ishinomaki-dining-4024869.jpg,matched own listing photo
miyagi/ishinomaki,378,菓匠 いとう,https://img.bokenjapan.com/media/ishinomaki-dining-4029277.jpg,https://img.bokenjapan.com/media/ishinomaki-dining-4029715.jpg,matched own listing photo
miyagi/ishinomaki,379,さくら屋,https://img.bokenjapan.com/media/ishinomaki-dining-4027956.jpg,https://img.bokenjapan.com/media/ishinomaki-dining-4029277.jpg,matched own listing photo
miyagi/ishinomaki,380,一寸ぼうし,https://img.bokenjapan.com/media/ishinomaki-dining-4029396.jpg,https://img.bokenjapan.com/media/ishinomaki-dining-4027956.jpg,matched own listing photo
miyagi/ishinomaki,381,和,https://img.bokenjapan.com/media/ishinomaki-dining-4028159.jpg,https://img.bokenjapan.com/media/ishinomaki-dining-4029396.jpg,matched own listing photo
miyagi/ishinomaki,382,カフェ イッポ,https://img.bokenjapan.com/media/ishinomaki-dining-4026416.jpg,https://img.bokenjapan.com/media/ishinomaki-dining-4028159.jpg,matched own listing photo
miyagi/ishinomaki,383,手打蕎麦　よしの,https://img.bokenjapan.com/media/ishinomaki-dining-4028908.jpg,https://img.bokenjapan.com/media/ishinomaki-dining-4026416.jpg,matched own listing photo
miyagi/ishinomaki,385,らーめん堂　仙台っ子 石巻店,https://img.bokenjapan.com/media/ishinomaki-dining-4010352.jpg,,photo belonged to another card; no own photo found
miyagi/ishinomaki,386,スターバックスコーヒー イオンモール石巻店,https://img.bokenjapan.com/media/ishinomaki-dining-4014043.jpg,https://img.bokenjapan.com/media/ishinomaki-dining-4010352.jpg,matched own listing photo
miyagi/ishinomaki,387,珈琲工房いしかわ 本店,https://img.bokenjapan.com/media/ishinomaki-dining-4016195.jpg,https://img.bokenjapan.com/media/ishinomaki-dining-4014043.jpg,matched own listing photo
miyagi/ishinomaki,388,はま寿司 石巻蛇田店,https://img.bokenjapan.com/media/ishinomaki-dining-4017965.jpg,https://img.bokenjapan.com/media/ishinomaki-dining-4016195.jpg,matched own listing photo
miyagi/ishinomaki,389,スターバックスコーヒー 石巻バイパス店,https://img.bokenjapan.com/media/ishinomaki-dining-4021558.jpg,https://img.bokenjapan.com/media/ishinomaki-dining-4017965.jpg,matched own listing photo
miyagi/ishinomaki,392,本田水産,https://img.bokenjapan.com/media/ishinomaki-dining-4016781.jpg,,photo belonged to another card; no own photo found
miyagi/ishinomaki,393,ごはん処 かつ庵 石巻蛇田店,https://img.bokenjapan.com/media/ishinomaki-dining-4021082.jpg,https://img.bokenjapan.com/media/ishinomaki-dining-4016781.jpg,matched own listing photo
miyagi/ishinomaki,394,丸亀製麺 イオンモール石巻店,https://img.bokenjapan.com/media/ishinomaki-dining-4013971.jpg,https://img.bokenjapan.com/media/ishinomaki-dining-4011444.jpg,matched own listing photo
miyagi/ishinomaki,395,ジョリーパスタ 石巻あゆみ野店,https://img.bokenjapan.com/media/ishinomaki-dining-4019810.jpg,https://img.bokenjapan.com/media/ishinomaki-dining-4013971.jpg,matched own listing photo
miyagi/ishinomaki,396,100時間カレー イオンモール石巻店,https://img.bokenjapan.com/media/ishinomaki-dining-4027203.jpg,https://img.bokenjapan.com/media/ishinomaki-dining-4019810.jpg,matched own listing photo
miyagi/ishinomaki,397,サイゼリヤ イオンモール石巻店,https://img.bokenjapan.com/media/ishinomaki-dining-4025496.jpg,https://img.bokenjapan.com/media/ishinomaki-dining-4027203.jpg,matched own listing photo
miyagi/ishinomaki,398,果琳 イオンモール石巻店,https://img.bokenjapan.com/media/ishinomaki-dining-4014649.jpg,https://img.bokenjapan.com/media/ishinomaki-dining-4025496.jpg,matched own listing photo
miyagi/ishinomaki,399,ホルモン食堂食樂 石巻中央店,https://img.bokenjapan.com/media/ishinomaki-dining-4015010.jpg,https://img.bokenjapan.com/media/ishinomaki-dining-4014649.jpg,matched own listing photo
miyagi/ishinomaki,400,長寿飯店,https://img.bokenjapan.com/media/ishinomaki-dining-4001352.jpg,https://img.bokenjapan.com/media/ishinomaki-dining-4015010.jpg,matched own listing photo
miyagi/ishinomaki,401,鮨 中華料理 みなと,https://img.bokenjapan.com/media/ishinomaki-dining-4008233.jpg,https://img.bokenjapan.com/media/ishinomaki-dining-4001352.jpg,matched own listing photo
miyagi/ishinomaki,402,ドトールコーヒーショップ イオンモール石巻店,https://img.bokenjapan.com/media/ishinomaki-dining-4018712.jpg,https://img.bokenjapan.com/media/ishinomaki-dining-4008233.jpg,matched own listing photo
miyagi/ishinomaki,403,アルパジョン 石巻中里店,https://img.bokenjapan.com/media/ishinomaki-dining-4013679.jpg,https://img.bokenjapan.com/media/ishinomaki-dining-4018712.jpg,matched own listing photo
miyagi/ishinomaki,404,ヤマサコウショウ直売所 孝彰,https://img.bokenjapan.com/media/ishinomaki-dining-4017485.jpg,https://img.bokenjapan.com/media/ishinomaki-dining-4013679.jpg,matched own listing photo
miyagi/ishinomaki,405,勝手処 絲,https://img.bokenjapan.com/media/ishinomaki-dining-4016780.jpg,https://img.bokenjapan.com/media/ishinomaki-dining-4017485.jpg,matched own listing photo
miyagi/ishinomaki,406,森の芽ぶき たまご舎 イオンモール石巻,https://img.bokenjapan.com/media/ishinomaki-dining-4017461.jpg,https://img.bokenjapan.com/media/ishinomaki-dining-4016780.jpg,matched own listing photo
miyagi/ishinomaki,407,汐だまり,https://img.bokenjapan.com/media/ishinomaki-dining-4006858.jpg,https://img.bokenjapan.com/media/ishinomaki-dining-4017461.jpg,matched own listing photo
miyagi/ishinomaki,408,丼助 渡波新成店,https://img.bokenjapan.com/media/ishinomaki-dining-4019358.jpg,https://img.bokenjapan.com/media/ishinomaki-dining-4006858.jpg,matched own listing photo
miyagi/ishinomaki,409,とんちんかん,https://img.bokenjapan.com/media/ishinomaki-dining-4014618.jpg,https://img.bokenjapan.com/media/ishinomaki-dining-4019358.jpg,matched own listing photo
miyagi/ishinomaki,412,シエルエトワレ,https://img.bokenjapan.com/media/ishinomaki-dining-4016963.jpg,,photo belonged to another card; no own photo found
miyagi/ishinomaki,413,石巻うまいものマルシェ,https://img.bokenjapan.com/media/ishinomaki-dining-4021958.jpg,https://img.bokenjapan.com/media/ishinomaki-dining-4016963.jpg,matched own listing photo
miyagi/ishinomaki,414,平孝酒造店,https://img.bokenjapan.com/media/ishinomaki-dining-4021886.jpg,https://img.bokenjapan.com/media/ishinomaki-dining-4021958.jpg,matched own listing photo
miyagi/ishinomaki,415,リボーンアート ダイニング,https://img.bokenjapan.com/media/ishinomaki-dining-4022080.jpg,https://img.bokenjapan.com/media/ishinomaki-dining-4021886.jpg,matched own listing photo
miyagi/ishinomaki,416,笠屋菓子店,https://img.bokenjapan.com/media/ishinomaki-dining-4001804.jpg,https://img.bokenjapan.com/media/ishinomaki-dining-4022080.jpg,matched own listing photo
miyagi/ishinomaki,417,アトリエ ニコ,https://img.bokenjapan.com/media/ishinomaki-dining-4014887.jpg,https://img.bokenjapan.com/media/ishinomaki-dining-4001804.jpg,matched own listing photo
miyagi/ishinomaki,418,おおはし,https://img.bokenjapan.com/media/ishinomaki-dining-4006328.jpg,https://img.bokenjapan.com/media/ishinomaki-dining-4014887.jpg,matched own listing photo
miyagi/ishinomaki,419,日本料理 大川,https://img.bokenjapan.com/media/ishinomaki-dining-4020307.jpg,https://img.bokenjapan.com/media/ishinomaki-dining-4006328.jpg,matched own listing photo
miyagi/ishinomaki,420,菓子の三平,https://img.bokenjapan.com/media/ishinomaki-dining-4017742.jpg,https://img.bokenjapan.com/media/ishinomaki-dining-4020307.jpg,matched own listing photo
miyagi/ishinomaki,421,吉田屋食堂,https://img.bokenjapan.com/media/ishinomaki-dining-4006202.jpg,https://img.bokenjapan.com/media/ishinomaki-dining-4017742.jpg,matched own listing photo
miyagi/ishinomaki,422,美食酒家 梟,https://img.bokenjapan.com/media/ishinomaki-dining-4021442.jpg,https://img.bokenjapan.com/media/ishinomaki-dining-4006202.jpg,matched own listing photo
miyagi/ishinomaki,423,炭や,https://img.bokenjapan.com/media/ishinomaki-dining-4006994.jpg,https://img.bokenjapan.com/media/ishinomaki-dining-4021442.jpg,matched own listing photo
miyagi/ishinomaki,424,みんなのカフェ ランラン フィシカント,https://img.bokenjapan.com/media/ishinomaki-dining-4019006.jpg,,photo belonged to another card; no own photo found
miyagi/ishinomaki,425,かどや肉店,https://img.bokenjapan.com/media/ishinomaki-dining-4023071.jpg,https://img.bokenjapan.com/media/ishinomaki-dining-4019006.jpg,matched own listing photo
miyagi/ishinomaki,426,カフェ あぷりこっと,https://img.bokenjapan.com/media/ishinomaki-dining-4001913.jpg,https://img.bokenjapan.com/media/ishinomaki-dining-4023071.jpg,matched own listing photo
miyagi/ishinomaki,427,味六亭,https://img.bokenjapan.com/media/ishinomaki-dining-4005546.jpg,https://img.bokenjapan.com/media/ishinomaki-dining-4001913.jpg,matched own listing photo
miyagi/ishinomaki,428,魚み亭,https://img.bokenjapan.com/media/ishinomaki-dining-4019367.jpg,https://img.bokenjapan.com/media/ishinomaki-dining-4005546.jpg,matched own listing photo
miyagi/ishinomaki,429,佐和屋,https://img.bokenjapan.com/media/ishinomaki-dining-4022342.jpg,https://img.bokenjapan.com/media/ishinomaki-dining-4019367.jpg,matched own listing photo
miyagi/ishinomaki,432,割烹 小松,https://img.bokenjapan.com/media/ishinomaki-dining-4021898.jpg,,photo belonged to another card; no own photo found
miyagi/ishinomaki,433,末広食堂,https://img.bokenjapan.com/media/ishinomaki-dining-4005528.jpg,https://img.bokenjapan.com/media/ishinomaki-dining-4021898.jpg,matched own listing photo
miyagi/ishinomaki,434,美食酒房 SANGI,https://img.bokenjapan.com/media/ishinomaki-dining-4016887.jpg,https://img.bokenjapan.com/media/ishinomaki-dining-4005528.jpg,matched own listing photo
miyagi/ishinomaki,435,カフェふるふる,https://img.bokenjapan.com/media/ishinomaki-dining-4021131.jpg,https://img.bokenjapan.com/media/ishinomaki-dining-4016887.jpg,matched own listing photo
miyagi/ishinomaki,436,FKB,https://img.bokenjapan.com/media/ishinomaki-dining-4014864.jpg,https://img.bokenjapan.com/media/ishinomaki-dining-4021131.jpg,matched own listing photo
miyagi/ishinomaki,437,居酒屋 大すけ,https://img.bokenjapan.com/media/ishinomaki-dining-4022849.jpg,https://img.bokenjapan.com/media/ishinomaki-dining-4014864.jpg,matched own listing photo
miyagi/ishinomaki,438,味所　花丸,https://img.bokenjapan.com/media/ishinomaki-dining-4016515.jpg,https://img.bokenjapan.com/media/ishinomaki-dining-4022849.jpg,matched own listing photo
miyagi/ishinomaki,439,ロマン海遊２１,https://img.bokenjapan.com/media/ishinomaki-dining-4012297.jpg,https://img.bokenjapan.com/media/ishinomaki-dining-4016515.jpg,matched own listing photo
miyagi/ishinomaki,440,墨廼江酒造,https://img.bokenjapan.com/media/ishinomaki-dining-4025279.jpg,https://img.bokenjapan.com/media/ishinomaki-dining-4012297.jpg,matched own listing photo
miyagi/ishinomaki,441,バー爺放談,https://img.bokenjapan.com/media/ishinomaki-dining-4028342.jpg,https://img.bokenjapan.com/media/ishinomaki-dining-4025279.jpg,matched own listing photo
miyagi/ishinomaki,443,KALIKA,https://img.bokenjapan.com/media/ishinomaki-dining-4029727.jpg,https://img.bokenjapan.com/media/ishinomaki-dining-4028342.jpg,matched own listing photo
miyagi/ishinomaki,444,猫Cafeごろにゃん,https://img.bokenjapan.com/media/ishinomaki-dining-4026506.jpg,https://img.bokenjapan.com/media/ishinomaki-dining-4029727.jpg,matched own listing photo
miyagi/ishinomaki,445,韓国家庭料理 ミョヌリ,https://img.bokenjapan.com/media/ishinomaki-dining-4021268.jpg,https://img.bokenjapan.com/media/ishinomaki-dining-4026506.jpg,matched own listing photo
miyagi/ishinomaki,446,ミニストップ 石巻蛇田西店,https://img.bokenjapan.com/media/ishinomaki-dining-4027910.jpg,https://img.bokenjapan.com/media/ishinomaki-dining-4021268.jpg,matched own listing photo
miyagi/ishinomaki,447,居酒屋 ゆう由,https://img.bokenjapan.com/media/ishinomaki-dining-4022077.jpg,https://img.bokenjapan.com/media/ishinomaki-dining-4027910.jpg,matched own listing photo
miyagi/ishinomaki,448,まねきショップ,https://img.bokenjapan.com/media/ishinomaki-dining-4023702.jpg,https://img.bokenjapan.com/media/ishinomaki-dining-4022077.jpg,matched own listing photo
miyagi/ishinomaki,449,わび祐,https://img.bokenjapan.com/media/ishinomaki-dining-4009870.jpg,https://img.bokenjapan.com/media/ishinomaki-dining-4023702.jpg,matched own listing photo
miyagi/ishinomaki,452,ビーカフェ なつめ,https://img.bokenjapan.com/media/ishinomaki-dining-4023316.jpg,,photo belonged to another card; no own photo found
miyagi/ishinomaki,453,ホエールタウン おしか,https://img.bokenjapan.com/media/ishinomaki-dining-4025673.jpg,https://img.bokenjapan.com/media/ishinomaki-dining-4023316.jpg,matched own listing photo
miyagi/ishinomaki,454,おにぎりカフェ まっちゃん八百や,https://img.bokenjapan.com/media/ishinomaki-dining-4027553.jpg,https://img.bokenjapan.com/media/ishinomaki-dining-4025673.jpg,matched own listing photo
miyagi/ishinomaki,455,コリンクハウス,https://img.bokenjapan.com/media/ishinomaki-dining-4029088.jpg,https://img.bokenjapan.com/media/ishinomaki-dining-4027553.jpg,matched own listing photo
miyagi/ishinomaki,456,かき氷専門店 氷麗,https://img.bokenjapan.com/media/ishinomaki-dining-4030275.jpg,https://img.bokenjapan.com/media/ishinomaki-dining-4029088.jpg,matched own listing photo
miyagi/ishinomaki,457,cafe amo 石巻店,https://img.bokenjapan.com/media/ishinomaki-dining-4030330.jpg,https://img.bokenjapan.com/media/ishinomaki-dining-4030275.jpg,matched own listing photo
miyagi/ishinomaki,458,サトー商会 石巻蛇田店,https://img.bokenjapan.com/media/ishinomaki-dining-4026439.jpg,https://img.bokenjapan.com/media/ishinomaki-dining-4030330.jpg,matched own listing photo
miyagi/ishinomaki,459,ただいま with めぐカフェ,https://img.bokenjapan.com/media/ishinomaki-dining-4029851.jpg,https://img.bokenjapan.com/media/ishinomaki-dining-4026439.jpg,matched own listing photo
miyagi/ishinomaki,460,JIN COFFEE.,https://img.bokenjapan.com/media/ishinomaki-dining-4029354.jpg,https://img.bokenjapan.com/media/ishinomaki-dining-4029851.jpg,matched own listing photo
miyagi/ishinomaki,461,あむーる工房,https://img.bokenjapan.com/media/ishinomaki-dining-4027558.jpg,https://img.bokenjapan.com/media/ishinomaki-dining-4029354.jpg,matched own listing photo
miyagi/ishinomaki,462,イルヴィラージュ,https://img.bokenjapan.com/media/ishinomaki-dining-4029173.jpg,https://img.bokenjapan.com/media/ishinomaki-dining-4027558.jpg,matched own listing photo
miyagi/ishinomaki,463,青島テラス cafe44,https://img.bokenjapan.com/media/ishinomaki-dining-4026530.jpg,https://img.bokenjapan.com/media/ishinomaki-dining-4029173.jpg,matched own listing photo
miyagi/ishinomaki,465,和牛乃亀山,https://img.bokenjapan.com/media/ishinomaki-dining-4026103.jpg,,photo belonged to another card; no own photo found
miyagi/ishinomaki,467,あとりえらいおんどあ,https://img.bokenjapan.com/media/ishinomaki-dining-4028786.jpg,https://img.bokenjapan.com/media/ishinomaki-dining-4026103.jpg,matched own listing photo
miyagi/ishinomaki,468,comerun,https://img.bokenjapan.com/media/ishinomaki-dining-4030432.jpg,https://img.bokenjapan.com/media/ishinomaki-dining-4028786.jpg,matched own listing photo
miyagi/ishinomaki,469,お酒 よこやま,https://img.bokenjapan.com/media/ishinomaki-dining-4028910.jpg,https://img.bokenjapan.com/media/ishinomaki-dining-4030432.jpg,matched own listing photo
miyagi/ishinomaki,472,幸楽苑 大街道店,https://img.bokenjapan.com/media/ishinomaki-dining-4016797.jpg,,photo belonged to another card; no own photo found
miyagi/ishinomaki,473,南部家敷 石巻店,https://img.bokenjapan.com/media/ishinomaki-dining-4010225.jpg,https://img.bokenjapan.com/media/ishinomaki-dining-4016797.jpg,matched own listing photo
miyagi/ishinomaki,474,やよい軒 石巻中里店,https://img.bokenjapan.com/media/ishinomaki-dining-4023240.jpg,https://img.bokenjapan.com/media/ishinomaki-dining-4010225.jpg,matched own listing photo
miyagi/ishinomaki,475,ペッパーランチ イオンモール石巻店,https://img.bokenjapan.com/media/ishinomaki-dining-4016989.jpg,https://img.bokenjapan.com/media/ishinomaki-dining-4023240.jpg,matched own listing photo
miyagi/ishinomaki,476,平禄寿司 宮城石巻東中里店,https://img.bokenjapan.com/media/ishinomaki-dining-4010550.jpg,,photo belonged to another card; no own photo found
miyagi/ishinomaki,477,CoCo壱番屋 石巻蛇田店,https://img.bokenjapan.com/media/ishinomaki-dining-4007315.jpg,https://img.bokenjapan.com/media/ishinomaki-dining-4010550.jpg,matched own listing photo
miyagi/ishinomaki,478,ガスト 石巻店,https://img.bokenjapan.com/media/ishinomaki-dining-4014545.jpg,https://img.bokenjapan.com/media/ishinomaki-dining-4007315.jpg,matched own listing photo
miyagi/ishinomaki,479,丸源ラーメン 石巻店,https://img.bokenjapan.com/media/ishinomaki-dining-4029564.jpg,https://img.bokenjapan.com/media/ishinomaki-dining-4014545.jpg,matched own listing photo
miyagi/ishinomaki,480,マクドナルド 石巻蛇田店,https://img.bokenjapan.com/media/ishinomaki-dining-4012010.jpg,https://img.bokenjapan.com/media/ishinomaki-dining-4029564.jpg,matched own listing photo
miyagi/ishinomaki,481,ミスタードーナツ イオンモール石巻ショップ,https://img.bokenjapan.com/media/ishinomaki-dining-4014039.jpg,https://img.bokenjapan.com/media/ishinomaki-dining-4012010.jpg,matched own listing photo
miyagi/ishinomaki,482,松屋(松のや併設) 石巻恵み野店,https://img.bokenjapan.com/media/ishinomaki-dining-4028603.jpg,https://img.bokenjapan.com/media/ishinomaki-dining-4014039.jpg,matched own listing photo
miyagi/ishinomaki,483,大阪王将 イオンモール石巻店,https://img.bokenjapan.com/media/ishinomaki-dining-4028524.jpg,,photo belonged to another card; no own photo found
miyagi/ishinomaki,484,末永海産株式会社,https://img.bokenjapan.com/media/ishinomaki-dining-4012303.jpg,https://img.bokenjapan.com/media/ishinomaki-dining-4028524.jpg,matched own listing photo
miyagi/ishinomaki,485,めん屋武蔵,https://img.bokenjapan.com/media/ishinomaki-dining-4013445.jpg,https://img.bokenjapan.com/media/ishinomaki-dining-4012303.jpg,matched own listing photo
miyagi/ishinomaki,486,しゃぶ葉 石巻西店,https://img.bokenjapan.com/media/ishinomaki-dining-4028105.jpg,https://img.bokenjapan.com/media/ishinomaki-dining-4013445.jpg,matched own listing photo
miyagi/ishinomaki,487,好松,https://img.bokenjapan.com/media/ishinomaki-dining-4016076.jpg,https://img.bokenjapan.com/media/ishinomaki-dining-4028105.jpg,matched own listing photo
miyagi/ishinomaki,488,たこふじ,https://img.bokenjapan.com/media/ishinomaki-dining-4021384.jpg,https://img.bokenjapan.com/media/ishinomaki-dining-4016076.jpg,matched own listing photo
miyagi/ishinomaki,489,焼肉ホルモンのキムチ屋本舗,https://img.bokenjapan.com/media/ishinomaki-dining-4011786.jpg,https://img.bokenjapan.com/media/ishinomaki-dining-4021384.jpg,matched own listing photo
miyagi/ishinomaki,492,紅ばら 生協蛇田店,https://img.bokenjapan.com/media/ishinomaki-dining-4019898.jpg,,photo belonged to another card; no own photo found
miyagi/ishinomaki,493,穴場処 かくれ家,https://img.bokenjapan.com/media/ishinomaki-dining-4001360.jpg,https://img.bokenjapan.com/media/ishinomaki-dining-4019898.jpg,matched own listing photo
miyagi/ishinomaki,494,肉バル オライーノ,https://img.bokenjapan.com/media/ishinomaki-dining-4017714.jpg,https://img.bokenjapan.com/media/ishinomaki-dining-4001360.jpg,matched own listing photo
miyagi/ishinomaki,495,甘陣本舗,https://img.bokenjapan.com/media/ishinomaki-dining-4017390.jpg,https://img.bokenjapan.com/media/ishinomaki-dining-4017714.jpg,matched own listing photo
miyagi/ishinomaki,496,鮨興,https://img.bokenjapan.com/media/ishinomaki-dining-4004847.jpg,https://img.bokenjapan.com/media/ishinomaki-dining-4017390.jpg,matched own listing photo
miyagi/ishinomaki,497,肉と惣菜の店 ながおか,https://img.bokenjapan.com/media/ishinomaki-dining-4020563.jpg,https://img.bokenjapan.com/media/ishinomaki-dining-4004847.jpg,matched own listing photo
miyagi/ishinomaki,498,旬ノ酒場 すばる,https://img.bokenjapan.com/media/ishinomaki-dining-4024953.jpg,https://img.bokenjapan.com/media/ishinomaki-dining-4020563.jpg,matched own listing photo
miyagi/ishinomaki,499,手造りパン工房 パオ,https://img.bokenjapan.com/media/ishinomaki-dining-4018404.jpg,https://img.bokenjapan.com/media/ishinomaki-dining-4024953.jpg,matched own listing photo
miyagi/ishinomaki,500,銚子屋,https://img.bokenjapan.com/media/ishinomaki-dining-4025059.jpg,https://img.bokenjapan.com/media/ishinomaki-dining-4018404.jpg,matched own listing photo
miyagi/ishinomaki,501,とん平,https://img.bokenjapan.com/media/ishinomaki-dining-4006525.jpg,https://img.bokenjapan.com/media/ishinomaki-dining-4025059.jpg,matched own listing photo
miyagi/ishinomaki,502,蒲鉾本舗 高政 石巻駅前店,https://img.bokenjapan.com/media/ishinomaki-dining-4022128.jpg,https://img.bokenjapan.com/media/ishinomaki-dining-4006525.jpg,matched own listing photo
miyagi/ishinomaki,503,青とうがらし,https://img.bokenjapan.com/media/ishinomaki-dining-4010249.jpg,https://img.bokenjapan.com/media/ishinomaki-dining-4022128.jpg,matched own listing photo
miyagi/ishinomaki,504,むぎ,https://img.bokenjapan.com/media/ishinomaki-dining-4005279.jpg,https://img.bokenjapan.com/media/ishinomaki-dining-4010249.jpg,matched own listing photo
miyagi/ishinomaki,505,カネハチ橋本かまぼこ店,https://img.bokenjapan.com/media/ishinomaki-dining-4009674.jpg,https://img.bokenjapan.com/media/ishinomaki-dining-4005279.jpg,matched own listing photo
miyagi/ishinomaki,506,カフェ・ヌーン,https://img.bokenjapan.com/media/ishinomaki-dining-4005240.jpg,https://img.bokenjapan.com/media/ishinomaki-dining-4009674.jpg,matched own listing photo
miyagi/ishinomaki,507,ファミリーマート 石巻中浦店,https://img.bokenjapan.com/media/ishinomaki-dining-4016849.jpg,https://img.bokenjapan.com/media/ishinomaki-dining-4005240.jpg,matched own listing photo
miyagi/ishinomaki,508,鳴海,https://img.bokenjapan.com/media/ishinomaki-dining-4012651.jpg,https://img.bokenjapan.com/media/ishinomaki-dining-4016849.jpg,matched own listing photo
miyagi/ishinomaki,509,Ryu s,https://img.bokenjapan.com/media/ishinomaki-dining-4016793.jpg,https://img.bokenjapan.com/media/ishinomaki-dining-4012651.jpg,matched own listing photo
miyagi/ishinomaki,512,ファミリーマート 渡波栄田店,https://img.bokenjapan.com/media/ishinomaki-dining-4016568.jpg,,photo belonged to another card; no own photo found
miyagi/ishinomaki,513,酒房ふ,https://img.bokenjapan.com/media/ishinomaki-dining-4003993.jpg,https://img.bokenjapan.com/media/ishinomaki-dining-4016568.jpg,matched own listing photo
miyagi/ishinomaki,514,焼肉 椿,https://img.bokenjapan.com/media/ishinomaki-dining-4027908.jpg,https://img.bokenjapan.com/media/ishinomaki-dining-4003993.jpg,matched own listing photo
miyagi/ishinomaki,515,川なみ,https://img.bokenjapan.com/media/ishinomaki-dining-4004517.jpg,https://img.bokenjapan.com/media/ishinomaki-dining-4027908.jpg,matched own listing photo
miyagi/ishinomaki,516,ジャンプ,https://img.bokenjapan.com/media/ishinomaki-dining-4020946.jpg,https://img.bokenjapan.com/media/ishinomaki-dining-4004517.jpg,matched own listing photo
miyagi/ishinomaki,517,あづみ乃,https://img.bokenjapan.com/media/ishinomaki-dining-4012977.jpg,https://img.bokenjapan.com/media/ishinomaki-dining-4020946.jpg,matched own listing photo
miyagi/ishinomaki,518,割烹まる丁,https://img.bokenjapan.com/media/ishinomaki-dining-4006624.jpg,https://img.bokenjapan.com/media/ishinomaki-dining-4012977.jpg,matched own listing photo
miyagi/ishinomaki,519,すず忠,https://img.bokenjapan.com/media/ishinomaki-dining-4021296.jpg,https://img.bokenjapan.com/media/ishinomaki-dining-4006624.jpg,matched own listing photo
miyagi/ishinomaki,520,金華山醸造,https://img.bokenjapan.com/media/ishinomaki-dining-4014659.jpg,https://img.bokenjapan.com/media/ishinomaki-dining-4021296.jpg,matched own listing photo
miyagi/ishinomaki,521,一杯呑みや こまち,https://img.bokenjapan.com/media/ishinomaki-dining-4014533.jpg,https://img.bokenjapan.com/media/ishinomaki-dining-4014659.jpg,matched own listing photo
miyagi/ishinomaki,522,Small,https://img.bokenjapan.com/media/ishinomaki-dining-4029603.jpg,https://img.bokenjapan.com/media/ishinomaki-dining-4014533.jpg,matched own listing photo
miyagi/ishinomaki,523,まじんBOO,https://img.bokenjapan.com/media/ishinomaki-dining-4027453.jpg,https://img.bokenjapan.com/media/ishinomaki-dining-4029603.jpg,matched own listing photo
miyagi/ishinomaki,524,ローリック,https://img.bokenjapan.com/media/ishinomaki-dining-4013560.jpg,https://img.bokenjapan.com/media/ishinomaki-dining-4027453.jpg,matched own listing photo
miyagi/ishinomaki,525,UnderLiner,https://img.bokenjapan.com/media/ishinomaki-dining-4026591.jpg,https://img.bokenjapan.com/media/ishinomaki-dining-4013560.jpg,matched own listing photo
miyagi/ishinomaki,526,洋食の店 オリーブの木,https://img.bokenjapan.com/media/ishinomaki-dining-4029657.jpg,https://img.bokenjapan.com/media/ishinomaki-dining-4026591.jpg,matched own listing photo
miyagi/ishinomaki,528,丹野精肉店,https://img.bokenjapan.com/media/ishinomaki-dining-4028635.jpg,https://img.bokenjapan.com/media/ishinomaki-dining-4029657.jpg,matched own listing photo
miyagi/ishinomaki,529,萬腹や,https://img.bokenjapan.com/media/ishinomaki-dining-4028101.jpg,https://img.bokenjapan.com/media/ishinomaki-dining-4028635.jpg,matched own listing photo
miyagi/ishinomaki,532,ごはんや maman'chi,https://img.bokenjapan.com/media/ishinomaki-dining-4029895.jpg,,photo belonged to another card; no own photo found
miyagi/ishinomaki,534,カレー屋DISCO,https://img.bokenjapan.com/media/ishinomaki-dining-4029665.jpg,https://img.bokenjapan.com/media/ishinomaki-dining-4029895.jpg,matched own listing photo
miyagi/ishinomaki,535,YUTORIYA,https://img.bokenjapan.com/media/ishinomaki-dining-4028473.jpg,https://img.bokenjapan.com/media/ishinomaki-dining-4029665.jpg,matched own listing photo
miyagi/ishinomaki,536,居酒屋 松風,https://img.bokenjapan.com/media/ishinomaki-dining-4027436.jpg,https://img.bokenjapan.com/media/ishinomaki-dining-4028473.jpg,matched own listing photo
miyagi/ishinomaki,538,Nuovo,https://img.bokenjapan.com/media/ishinomaki-dining-4028732.jpg,https://img.bokenjapan.com/media/ishinomaki-dining-4027436.jpg,matched own listing photo
miyagi/ishinomaki,539,もつ煮屋まめちゃん,https://img.bokenjapan.com/media/ishinomaki-dining-4029660.jpg,https://img.bokenjapan.com/media/ishinomaki-dining-4028732.jpg,matched own listing photo
miyagi/ishinomaki,540,居酒屋いいの,https://img.bokenjapan.com/media/ishinomaki-dining-4007239.jpg,https://img.bokenjapan.com/media/ishinomaki-dining-4029660.jpg,matched own listing photo
miyagi/ishinomaki,541,幸楽苑 蛇田店,https://img.bokenjapan.com/media/ishinomaki-dining-4012728.jpg,https://img.bokenjapan.com/media/ishinomaki-dining-4007239.jpg,matched own listing photo
miyagi/ishinomaki,542,吉野家 石巻バイパス店,https://img.bokenjapan.com/media/ishinomaki-dining-4007432.jpg,https://img.bokenjapan.com/media/ishinomaki-dining-4012728.jpg,matched own listing photo
miyagi/ishinomaki,543,ココス 石巻店,https://img.bokenjapan.com/media/ishinomaki-dining-4009526.jpg,https://img.bokenjapan.com/media/ishinomaki-dining-4007432.jpg,matched own listing photo
miyagi/ishinomaki,544,サブウェイ イオンモール石巻店,https://img.bokenjapan.com/media/ishinomaki-dining-4015139.jpg,https://img.bokenjapan.com/media/ishinomaki-dining-4009526.jpg,matched own listing photo
miyagi/ishinomaki,545,モスバーガー 石巻大街道店,https://img.bokenjapan.com/media/ishinomaki-dining-4011571.jpg,https://img.bokenjapan.com/media/ishinomaki-dining-4015139.jpg,matched own listing photo
miyagi/ishinomaki,546,喜久水庵 イオンモール石巻店,https://img.bokenjapan.com/media/ishinomaki-dining-4013565.jpg,https://img.bokenjapan.com/media/ishinomaki-dining-4011571.jpg,matched own listing photo
miyagi/ishinomaki,547,道とん堀 石巻店,https://img.bokenjapan.com/media/ishinomaki-dining-4007478.jpg,https://img.bokenjapan.com/media/ishinomaki-dining-4013565.jpg,matched own listing photo
miyagi/ishinomaki,548,マクドナルド ４５号石巻店,https://img.bokenjapan.com/media/ishinomaki-dining-4009278.jpg,https://img.bokenjapan.com/media/ishinomaki-dining-4007478.jpg,matched own listing photo
miyagi/ishinomaki,549,ディッパーダン イオンモール石巻FC店,https://img.bokenjapan.com/media/ishinomaki-dining-4014002.jpg,https://img.bokenjapan.com/media/ishinomaki-dining-4009278.jpg,matched own listing photo
miyagi/ishinomaki,552,ケンタッキーフライドチキン イオンモール石巻店,https://img.bokenjapan.com/media/ishinomaki-dining-4012612.jpg,,photo belonged to another card; no own photo found
miyagi/ishinomaki,553,吉野家 石巻大街道店,https://img.bokenjapan.com/media/ishinomaki-dining-4017134.jpg,https://img.bokenjapan.com/media/ishinomaki-dining-4012612.jpg,matched own listing photo
miyagi/ishinomaki,554,牛角焼肉食堂 イオンモール石巻店,https://img.bokenjapan.com/media/ishinomaki-dining-4025269.jpg,https://img.bokenjapan.com/media/ishinomaki-dining-4017134.jpg,matched own listing photo
miyagi/ishinomaki,555,いろはにほへと 石巻駅前店,https://img.bokenjapan.com/media/ishinomaki-dining-4013660.jpg,https://img.bokenjapan.com/media/ishinomaki-dining-4025269.jpg,matched own listing photo
miyagi/ishinomaki,556,焼肉 きんぐ 石巻店,https://img.bokenjapan.com/media/ishinomaki-dining-4022334.jpg,https://img.bokenjapan.com/media/ishinomaki-dining-4013660.jpg,matched own listing photo
miyagi/ishinomaki,557,中華そば専門 田中そば店 石巻店,https://img.bokenjapan.com/media/ishinomaki-dining-4030308.jpg,https://img.bokenjapan.com/media/ishinomaki-dining-4022334.jpg,matched own listing photo
miyagi/ishinomaki,558,ピザハット 石巻店,https://img.bokenjapan.com/media/ishinomaki-dining-4022478.jpg,https://img.bokenjapan.com/media/ishinomaki-dining-4030308.jpg,matched own listing photo
miyagi/ishinomaki,559,マクドナルド イオンモール石巻店,https://img.bokenjapan.com/media/ishinomaki-dining-4009277.jpg,https://img.bokenjapan.com/media/ishinomaki-dining-4022478.jpg,matched own listing photo
miyagi/ishinomaki,560,お持ち帰り処 丼助丼丸 石巻新境町店,https://img.bokenjapan.com/media/ishinomaki-dining-4023218.jpg,https://img.bokenjapan.com/media/ishinomaki-dining-4009277.jpg,matched own listing photo
miyagi/ishinomaki,561,たい夢 石巻店,https://img.bokenjapan.com/media/ishinomaki-dining-4002619.jpg,https://img.bokenjapan.com/media/ishinomaki-dining-4023218.jpg,matched own listing photo
miyagi/ishinomaki,562,すき家 石巻あけぼの店,https://img.bokenjapan.com/media/ishinomaki-dining-4024670.jpg,https://img.bokenjapan.com/media/ishinomaki-dining-4002619.jpg,matched own listing photo
miyagi/ishinomaki,563,パン工場 石巻店,https://img.bokenjapan.com/media/ishinomaki-dining-4014650.jpg,https://img.bokenjapan.com/media/ishinomaki-dining-4024670.jpg,matched own listing photo
miyagi/ishinomaki,564,ビアードパパの作りたて工房 イオンモール石巻店,https://img.bokenjapan.com/media/ishinomaki-dining-4019533.jpg,https://img.bokenjapan.com/media/ishinomaki-dining-4014650.jpg,matched own listing photo
miyagi/ishinomaki,565,和風レストランまるまつ 石巻新橋店,https://img.bokenjapan.com/media/ishinomaki-dining-4024173.jpg,https://img.bokenjapan.com/media/ishinomaki-dining-4019533.jpg,matched own listing photo
miyagi/ishinomaki,566,牛角 石巻店,https://img.bokenjapan.com/media/ishinomaki-dining-4014535.jpg,https://img.bokenjapan.com/media/ishinomaki-dining-4024173.jpg,matched own listing photo
miyagi/ishinomaki,567,三全 イオンモール石巻店,https://img.bokenjapan.com/media/ishinomaki-dining-4014934.jpg,https://img.bokenjapan.com/media/ishinomaki-dining-4014535.jpg,matched own listing photo
miyagi/ishinomaki,568,銀座コージーコーナー イオン石巻店,https://img.bokenjapan.com/media/ishinomaki-dining-4011145.jpg,https://img.bokenjapan.com/media/ishinomaki-dining-4014934.jpg,matched own listing photo
miyagi/ishinomaki,569,一本堂 石巻あけぼの店,https://img.bokenjapan.com/media/ishinomaki-dining-4021811.jpg,https://img.bokenjapan.com/media/ishinomaki-dining-4011145.jpg,matched own listing photo
miyagi/ishinomaki,572,モンペリエ 石巻中里店,https://img.bokenjapan.com/media/ishinomaki-dining-4014548.jpg,,photo belonged to another card; no own photo found
miyagi/ishinomaki,573,ゆず庵 石巻店,https://img.bokenjapan.com/media/ishinomaki-dining-4029532.jpg,https://img.bokenjapan.com/media/ishinomaki-dining-4014548.jpg,matched own listing photo
miyagi/ishinomaki,574,ほっともっと 石巻元倉店,https://img.bokenjapan.com/media/ishinomaki-dining-4014141.jpg,https://img.bokenjapan.com/media/ishinomaki-dining-4029532.jpg,matched own listing photo
miyagi/ishinomaki,575,ほっともっと 石巻大街道店,https://img.bokenjapan.com/media/ishinomaki-dining-4015890.jpg,https://img.bokenjapan.com/media/ishinomaki-dining-4014141.jpg,matched own listing photo
miyagi/ishinomaki,576,不二家 イオンSuC石巻東店,https://img.bokenjapan.com/media/ishinomaki-dining-4014397.jpg,https://img.bokenjapan.com/media/ishinomaki-dining-4015890.jpg,matched own listing photo
miyagi/ishinomaki,577,パン工場 イオンスーパーセンター 石巻東店,https://img.bokenjapan.com/media/ishinomaki-dining-4024654.jpg,https://img.bokenjapan.com/media/ishinomaki-dining-4014397.jpg,matched own listing photo
miyagi/ishinomaki,578,B・Bクレープ,https://img.bokenjapan.com/media/ishinomaki-dining-4024582.jpg,https://img.bokenjapan.com/media/ishinomaki-dining-4024654.jpg,matched own listing photo
miyagi/ishinomaki,579,美さわ,https://img.bokenjapan.com/media/ishinomaki-dining-4003973.jpg,https://img.bokenjapan.com/media/ishinomaki-dining-4024582.jpg,matched own listing photo
miyagi/ishinomaki,580,グッズショップ 墨汁一滴,https://img.bokenjapan.com/media/ishinomaki-dining-4019330.jpg,https://img.bokenjapan.com/media/ishinomaki-dining-4003973.jpg,matched own listing photo
miyagi/ishinomaki,581,マルアキ津田海苔店,https://img.bokenjapan.com/media/ishinomaki-dining-4019678.jpg,https://img.bokenjapan.com/media/ishinomaki-dining-4019330.jpg,matched own listing photo
miyagi/ishinomaki,582,さかな屋 魚福,https://img.bokenjapan.com/media/ishinomaki-dining-4023072.jpg,https://img.bokenjapan.com/media/ishinomaki-dining-4019678.jpg,matched own listing photo
miyagi/ishinomaki,583,ミニストップ 石巻サンプラザホテル店,https://img.bokenjapan.com/media/ishinomaki-dining-4017178.jpg,https://img.bokenjapan.com/media/ishinomaki-dining-4023072.jpg,matched own listing photo
miyagi/ishinomaki,584,魚しん,https://img.bokenjapan.com/media/ishinomaki-dining-4006794.jpg,https://img.bokenjapan.com/media/ishinomaki-dining-4017178.jpg,matched own listing photo
miyagi/ishinomaki,585,俵鮨,https://img.bokenjapan.com/media/ishinomaki-dining-4004800.jpg,https://img.bokenjapan.com/media/ishinomaki-dining-4006794.jpg,matched own listing photo
miyagi/ishinomaki,586,がーでん晴耕雨読,https://img.bokenjapan.com/media/ishinomaki-dining-4008353.jpg,https://img.bokenjapan.com/media/ishinomaki-dining-4004800.jpg,matched own listing photo
miyagi/ishinomaki,587,アゲイン,https://img.bokenjapan.com/media/ishinomaki-dining-4020272.jpg,https://img.bokenjapan.com/media/ishinomaki-dining-4008353.jpg,matched own listing photo
miyagi/ishinomaki,588,発酵喫茶店 Masha,https://img.bokenjapan.com/media/ishinomaki-dining-4023695.jpg,https://img.bokenjapan.com/media/ishinomaki-dining-4020272.jpg,matched own listing photo
miyagi/ishinomaki,589,花月堂,https://img.bokenjapan.com/media/ishinomaki-dining-4015652.jpg,https://img.bokenjapan.com/media/ishinomaki-dining-4023695.jpg,matched own listing photo
miyagi/ishinomaki,592,やきとり 蛍,https://img.bokenjapan.com/media/ishinomaki-dining-4022519.jpg,,photo belonged to another card; no own photo found
miyagi/ishinomaki,593,丸伊農産,https://img.bokenjapan.com/media/ishinomaki-dining-4012522.jpg,https://img.bokenjapan.com/media/ishinomaki-dining-4022519.jpg,matched own listing photo
miyagi/ishinomaki,594,和ダイナー イラスケ,https://img.bokenjapan.com/media/ishinomaki-dining-4020420.jpg,https://img.bokenjapan.com/media/ishinomaki-dining-4012522.jpg,matched own listing photo
miyagi/ishinomaki,595,ミニストップ 石巻大街道北店,https://img.bokenjapan.com/media/ishinomaki-dining-4016702.jpg,https://img.bokenjapan.com/media/ishinomaki-dining-4020420.jpg,matched own listing photo
miyagi/ishinomaki,596,ビート ステーション,https://img.bokenjapan.com/media/ishinomaki-dining-4014237.jpg,https://img.bokenjapan.com/media/ishinomaki-dining-4016702.jpg,matched own listing photo
miyagi/ishinomaki,597,ヴォーグ,https://img.bokenjapan.com/media/ishinomaki-dining-4023280.jpg,https://img.bokenjapan.com/media/ishinomaki-dining-4014237.jpg,matched own listing photo
miyagi/ishinomaki,599,モンペリエ ヨークベニマル中浦店,https://img.bokenjapan.com/media/ishinomaki-dining-4024410.jpg,,photo belonged to another card; no own photo found
miyagi/ishinomaki,601,ワタママ食堂,https://img.bokenjapan.com/media/ishinomaki-dining-4020491.jpg,https://img.bokenjapan.com/media/ishinomaki-dining-4024410.jpg,matched own listing photo
miyagi/ishinomaki,604,アーティクルズ,https://img.bokenjapan.com/media/ishinomaki-dining-4023701.jpg,https://img.bokenjapan.com/media/ishinomaki-dining-4020491.jpg,matched own listing photo
miyagi/ishinomaki,605,暮六つ,https://img.bokenjapan.com/media/ishinomaki-dining-4014198.jpg,https://img.bokenjapan.com/media/ishinomaki-dining-4023701.jpg,matched own listing photo
miyagi/ishinomaki,606,ふれあいいちば 菜花,https://img.bokenjapan.com/media/ishinomaki-dining-4024017.jpg,https://img.bokenjapan.com/media/ishinomaki-dining-4014198.jpg,matched own listing photo
miyagi/ishinomaki,607,やさいっ娘,https://img.bokenjapan.com/media/ishinomaki-dining-4024019.jpg,https://img.bokenjapan.com/media/ishinomaki-dining-4024017.jpg,matched own listing photo
miyagi/ishinomaki,608,岩渕鶏肉店,https://img.bokenjapan.com/media/ishinomaki-dining-4022518.jpg,https://img.bokenjapan.com/media/ishinomaki-dining-4024019.jpg,matched own listing photo
miyagi/ishinomaki,609,やきにくや,https://img.bokenjapan.com/media/ishinomaki-dining-4015287.jpg,https://img.bokenjapan.com/media/ishinomaki-dining-4022518.jpg,matched own listing photo
miyagi/ishinomaki,612,築地銀だこ イオン石巻店,https://img.bokenjapan.com/media/ishinomaki-dining-4006069.jpg,,photo belonged to another card; no own photo found
miyagi/ishinomaki,613,サーティワンアイスクリーム イオンモール石巻店,https://img.bokenjapan.com/media/ishinomaki-dining-4016895.jpg,https://img.bokenjapan.com/media/ishinomaki-dining-4006069.jpg,matched own listing photo
miyagi/ishinomaki,614,シャトレーゼ 石巻中里店,https://img.bokenjapan.com/media/ishinomaki-dining-4024489.jpg,https://img.bokenjapan.com/media/ishinomaki-dining-4016895.jpg,matched own listing photo
miyagi/ishinomaki,615,二色餅　 石巻駅前店,https://img.bokenjapan.com/media/ishinomaki-dining-4013692.jpg,https://img.bokenjapan.com/media/ishinomaki-dining-4024489.jpg,matched own listing photo
miyagi/ishinomaki,616,魚民 石巻駅前店,https://img.bokenjapan.com/media/ishinomaki-dining-4004887.jpg,https://img.bokenjapan.com/media/ishinomaki-dining-4013692.jpg,matched own listing photo
miyagi/ishinomaki,617,ナイス ピクニック デイ 石巻駅前店,https://img.bokenjapan.com/media/ishinomaki-dining-4023652.jpg,https://img.bokenjapan.com/media/ishinomaki-dining-4004887.jpg,matched own listing photo
miyagi/ishinomaki,618,つつみ屋 石巻店,https://img.bokenjapan.com/media/ishinomaki-dining-4023431.jpg,https://img.bokenjapan.com/media/ishinomaki-dining-4023652.jpg,matched own listing photo
miyagi/ishinomaki,619,サンエーの焼きたてベーカリー イトーヨーカドー 石巻あけぼの店,https://img.bokenjapan.com/media/ishinomaki-dining-4027670.jpg,https://img.bokenjapan.com/media/ishinomaki-dining-4023431.jpg,matched own listing photo
miyagi/ishinomaki,620,フタバ イン,https://img.bokenjapan.com/media/ishinomaki-dining-4017293.jpg,https://img.bokenjapan.com/media/ishinomaki-dining-4027670.jpg,matched own listing photo
miyagi/ishinomaki,621,レジリエンス・バー,https://img.bokenjapan.com/media/ishinomaki-dining-4015214.jpg,https://img.bokenjapan.com/media/ishinomaki-dining-4017293.jpg,matched own listing photo
miyagi/ishinomaki,622,石巻ダイニングオリーノ,https://img.bokenjapan.com/media/ishinomaki-dining-4019474.jpg,https://img.bokenjapan.com/media/ishinomaki-dining-4015214.jpg,matched own listing photo
miyagi/ishinomaki,623,FUNFOOD Gina,https://img.bokenjapan.com/media/ishinomaki-dining-4027601.jpg,https://img.bokenjapan.com/media/ishinomaki-dining-4019474.jpg,matched own listing photo
miyagi/ishinomaki,624,くいもの屋わん 石巻駅前店,https://img.bokenjapan.com/media/ishinomaki-dining-4019246.jpg,https://img.bokenjapan.com/media/ishinomaki-dining-4027601.jpg,matched own listing photo
miyagi/ishinomaki,625,パン工房 アン・ジュール みやぎ生協蛇田店,https://img.bokenjapan.com/media/ishinomaki-dining-4024452.jpg,https://img.bokenjapan.com/media/ishinomaki-dining-4019246.jpg,matched own listing photo
miyagi/ishinomaki,626,珈琲工房いしかわ サンエー石巻あけぼの店,https://img.bokenjapan.com/media/ishinomaki-dining-4029273.jpg,https://img.bokenjapan.com/media/ishinomaki-dining-4024452.jpg,matched own listing photo
miyagi/ishinomaki,627,ミニストップ 石巻大橋3丁目店,https://img.bokenjapan.com/media/ishinomaki-dining-4015331.jpg,https://img.bokenjapan.com/media/ishinomaki-dining-4029273.jpg,matched own listing photo
miyagi/ishinomaki,628,焼鳥とんこ,https://img.bokenjapan.com/media/ishinomaki-dining-4005396.jpg,https://img.bokenjapan.com/media/ishinomaki-dining-4015331.jpg,matched own listing photo
miyagi/ishinomaki,629,味よし,https://img.bokenjapan.com/media/ishinomaki-dining-4016888.jpg,https://img.bokenjapan.com/media/ishinomaki-dining-4005396.jpg,matched own listing photo
miyagi/ishinomaki,631,守谷フルーツ 本店,https://img.bokenjapan.com/media/ishinomaki-dining-4017891.jpg,,photo belonged to another card; no own photo found
miyagi/ishinomaki,632,日和製菓,https://img.bokenjapan.com/media/ishinomaki-dining-4021360.jpg,https://img.bokenjapan.com/media/ishinomaki-dining-4017891.jpg,matched own listing photo
miyagi/ishinomaki,633,もりちゃん,https://img.bokenjapan.com/media/ishinomaki-dining-4010075.jpg,https://img.bokenjapan.com/media/ishinomaki-dining-4021360.jpg,matched own listing photo
miyagi/ishinomaki,634,むぎ菓子店,https://img.bokenjapan.com/media/ishinomaki-dining-4029231.jpg,,photo belonged to another card; no own photo found
miyagi/ishinomaki,635,パティスリージュリアン イトーヨーカドー石巻あけぼの店,https://img.bokenjapan.com/media/ishinomaki-dining-4028351.jpg,https://img.bokenjapan.com/media/ishinomaki-dining-4029231.jpg,matched own listing photo
miyagi/ishinomaki,636,すぎ,https://img.bokenjapan.com/media/ishinomaki-dining-4005719.jpg,https://img.bokenjapan.com/media/ishinomaki-dining-4028351.jpg,matched own listing photo
miyagi/ishinomaki,637,和ダイニング葵,https://img.bokenjapan.com/media/ishinomaki-dining-4005931.jpg,https://img.bokenjapan.com/media/ishinomaki-dining-4005719.jpg,matched own listing photo
miyagi/ishinomaki,638,サン・ファンショップ,https://img.bokenjapan.com/media/ishinomaki-dining-4021963.jpg,https://img.bokenjapan.com/media/ishinomaki-dining-4005931.jpg,matched own listing photo
miyagi/ishinomaki,639,安兵衛,https://img.bokenjapan.com/media/ishinomaki-dining-4026313.jpg,https://img.bokenjapan.com/media/ishinomaki-dining-4021963.jpg,matched own listing photo
miyagi/ishinomaki,640,SHOT BOO MAHALO,https://img.bokenjapan.com/media/ishinomaki-dining-4027361.jpg,https://img.bokenjapan.com/media/ishinomaki-dining-4026313.jpg,matched own listing photo
miyagi/ishinomaki,641,梶原もち店,https://img.bokenjapan.com/media/ishinomaki-dining-4027898.jpg,https://img.bokenjapan.com/media/ishinomaki-dining-4027361.jpg,matched own listing photo
miyagi/ishinomaki,642,山内農場 石巻駅前店,https://img.bokenjapan.com/media/ishinomaki-dining-4013977.jpg,https://img.bokenjapan.com/media/ishinomaki-dining-4027898.jpg,matched own listing photo
miyagi/ishinomaki,643,Thousand Leaves Bagel,https://img.bokenjapan.com/media/ishinomaki-dining-4025418.jpg,https://img.bokenjapan.com/media/ishinomaki-dining-4013977.jpg,matched own listing photo
miyagi/ishinomaki,644,押し寿司 今誠輝,https://img.bokenjapan.com/media/ishinomaki-dining-4021371.jpg,https://img.bokenjapan.com/media/ishinomaki-dining-4025418.jpg,matched own listing photo
miyagi/ishinomaki,645,ナポリの窯 石巻店,https://img.bokenjapan.com/media/ishinomaki-dining-4025444.jpg,https://img.bokenjapan.com/media/ishinomaki-dining-4021371.jpg,matched own listing photo
miyagi/ishinomaki,646,おかしのいえ,https://img.bokenjapan.com/media/ishinomaki-dining-4029208.jpg,https://img.bokenjapan.com/media/ishinomaki-dining-4025444.jpg,matched own listing photo
miyagi/ishinomaki,647,KARATTO!AGEMARU!,https://img.bokenjapan.com/media/ishinomaki-dining-4028767.jpg,https://img.bokenjapan.com/media/ishinomaki-dining-4029208.jpg,matched own listing photo
miyagi/ishinomaki,650,セブンイレブン 石巻渡波店,https://img.bokenjapan.com/media/ishinomaki-dining-4019000.jpg,,photo belonged to another card; no own photo found
miyagi/ishinomaki,651,ウィズマム ヨークベニマル大街道店,https://img.bokenjapan.com/media/ishinomaki-dining-4024409.jpg,https://img.bokenjapan.com/media/ishinomaki-dining-4019000.jpg,matched own listing photo
miyagi/ishinomaki,653,冬のおやつあじまん本舗 イオンスーパーセンター石巻東店,https://img.bokenjapan.com/media/ishinomaki-dining-4028641.jpg,,photo belonged to another card; no own photo found
miyagi/ishinomaki,654,八百清商店,https://img.bokenjapan.com/media/ishinomaki-dining-4014680.jpg,https://img.bokenjapan.com/media/ishinomaki-dining-4028641.jpg,matched own listing photo
miyagi/ishinomaki,655,まちの小さなお菓子屋さん　輪,https://img.bokenjapan.com/media/ishinomaki-dining-4029211.jpg,https://img.bokenjapan.com/media/ishinomaki-dining-4014680.jpg,matched own listing photo
miyagi/ishinomaki,658,しまの茶屋どんぐり,https://img.bokenjapan.com/media/ishinomaki-dining-4030389.jpg,https://img.bokenjapan.com/media/ishinomaki-dining-4029211.jpg,matched own listing photo
miyagi/ishinomaki,659,SONO,https://img.bokenjapan.com/media/ishinomaki-dining-4023209.jpg,https://img.bokenjapan.com/media/ishinomaki-dining-4030389.jpg,matched own listing photo
miyagi/ishinomaki,660,居酒家ごはん ふらりむらさき 宮城石巻湊店,https://img.bokenjapan.com/media/ishinomaki-dining-4028304.jpg,https://img.bokenjapan.com/media/ishinomaki-dining-4023209.jpg,matched own listing photo
miyagi/ishinomaki,661,キング ビー,https://img.bokenjapan.com/media/ishinomaki-dining-4020674.jpg,https://img.bokenjapan.com/media/ishinomaki-dining-4028304.jpg,matched own listing photo
miyagi/ishinomaki,662,キッチン！にじまる,https://img.bokenjapan.com/media/ishinomaki-dining-4029548.jpg,https://img.bokenjapan.com/media/ishinomaki-dining-4020674.jpg,matched own listing photo
miyagi/ishinomaki,664,コンビニエアーズロックホテル石巻,https://img.bokenjapan.com/media/ishinomaki-dining-4020642.jpg,https://img.bokenjapan.com/media/ishinomaki-dining-4029548.jpg,matched own listing photo
miyagi/ishinomaki,665,内海商店,https://img.bokenjapan.com/media/ishinomaki-dining-4028759.jpg,https://img.bokenjapan.com/media/ishinomaki-dining-4020642.jpg,matched own listing photo
miyagi/ishinomaki,669,フレッシュ製パン,https://img.bokenjapan.com/media/ishinomaki-dining-4022739.jpg,,photo belonged to another card; no own photo found
miyagi/ishinomaki,670,外房捕鯨 くじら家,https://img.bokenjapan.com/media/ishinomaki-dining-4027475.jpg,https://img.bokenjapan.com/media/ishinomaki-dining-4022739.jpg,matched own listing photo
miyagi/ishinomaki,671,石巻蒲鉾,https://img.bokenjapan.com/media/ishinomaki-dining-4021332.jpg,https://img.bokenjapan.com/media/ishinomaki-dining-4027475.jpg,matched own listing photo
miyagi/ishinomaki,672,やきとり大吉 石巻店,https://img.bokenjapan.com/media/ishinomaki-dining-4019262.jpg,https://img.bokenjapan.com/media/ishinomaki-dining-4021332.jpg,matched own listing photo
miyagi/ishinomaki,673,一平寿し,https://img.bokenjapan.com/media/ishinomaki-dining-4004616.jpg,https://img.bokenjapan.com/media/ishinomaki-dining-4019262.jpg,matched own listing photo
miyagi/ishinomaki,674,たい焼き専門店 大成苑,https://img.bokenjapan.com/media/ishinomaki-dining-4022472.jpg,https://img.bokenjapan.com/media/ishinomaki-dining-4004616.jpg,matched own listing photo
miyagi/ishinomaki,675,カギカッコ,https://img.bokenjapan.com/media/ishinomaki-dining-4014200.jpg,https://img.bokenjapan.com/media/ishinomaki-dining-4022472.jpg,matched own listing photo
miyagi/ishinomaki,676,たけ志,https://img.bokenjapan.com/media/ishinomaki-dining-4015765.jpg,https://img.bokenjapan.com/media/ishinomaki-dining-4014200.jpg,matched own listing photo
miyagi/ishinomaki,677,あいのや 大街道店,https://img.bokenjapan.com/media/ishinomaki-dining-4026244.jpg,https://img.bokenjapan.com/media/ishinomaki-dining-4015765.jpg,matched own listing photo
miyagi/ishinomaki,678,日和寿司,https://img.bokenjapan.com/media/ishinomaki-dining-4024650.jpg,https://img.bokenjapan.com/media/ishinomaki-dining-4026244.jpg,matched own listing photo
miyagi/ishinomaki,679,八鶏飯蔵 イトーヨカードー・サンエー石巻あけぼの店,https://img.bokenjapan.com/media/ishinomaki-dining-4025455.jpg,https://img.bokenjapan.com/media/ishinomaki-dining-4024650.jpg,matched own listing photo
miyagi/ishinomaki,680,食事処かんた,https://img.bokenjapan.com/media/ishinomaki-dining-4025798.jpg,https://img.bokenjapan.com/media/ishinomaki-dining-4025455.jpg,matched own listing photo
miyagi/ishinomaki,681,インドレストラン アマ,https://img.bokenjapan.com/media/ishinomaki-dining-4026914.jpg,https://img.bokenjapan.com/media/ishinomaki-dining-4025798.jpg,matched own listing photo
miyagi/ishinomaki,682,Omu蓮,https://img.bokenjapan.com/media/ishinomaki-dining-4027756.jpg,https://img.bokenjapan.com/media/ishinomaki-dining-4026914.jpg,matched own listing photo
miyagi/ishinomaki,683,もものうらビレッジ,https://img.bokenjapan.com/media/ishinomaki-dining-4022126.jpg,https://img.bokenjapan.com/media/ishinomaki-dining-4027756.jpg,matched own listing photo
miyagi/ishinomaki,685,茂木家ファクトリー,https://img.bokenjapan.com/media/ishinomaki-dining-4026585.jpg,https://img.bokenjapan.com/media/ishinomaki-dining-4022126.jpg,matched own listing photo
miyagi/ishinomaki,688,焼き鳥 翔輝,https://img.bokenjapan.com/media/ishinomaki-dining-4024348.jpg,,photo belonged to another card; no own photo found
miyagi/ishinomaki,689,石もり,https://img.bokenjapan.com/media/ishinomaki-dining-4008181.jpg,https://img.bokenjapan.com/media/ishinomaki-dining-4024348.jpg,matched own listing photo
miyagi/ishinomaki,690,小林食堂,https://img.bokenjapan.com/media/ishinomaki-dining-4006909.jpg,https://img.bokenjapan.com/media/ishinomaki-dining-4008181.jpg,matched own listing photo
miyagi/ishinomaki,691,イオン 石巻駅前店,https://img.bokenjapan.com/media/ishinomaki-dining-4022934.jpg,https://img.bokenjapan.com/media/ishinomaki-dining-4006909.jpg,matched own listing photo
miyagi/ishinomaki,692,ミズノシーフーズ,https://img.bokenjapan.com/media/ishinomaki-dining-4025336.jpg,https://img.bokenjapan.com/media/ishinomaki-dining-4022934.jpg,matched own listing photo
miyagi/ishinomaki,693,たく屋,https://img.bokenjapan.com/media/ishinomaki-dining-4027069.jpg,https://img.bokenjapan.com/media/ishinomaki-dining-4025336.jpg,matched own listing photo
miyagi/ishinomaki,694,あいか,https://img.bokenjapan.com/media/ishinomaki-dining-4009747.jpg,https://img.bokenjapan.com/media/ishinomaki-dining-4027069.jpg,matched own listing photo
miyagi/ishinomaki,696,フレッシュ・フーズ,https://img.bokenjapan.com/media/ishinomaki-dining-4027145.jpg,https://img.bokenjapan.com/media/ishinomaki-dining-4009747.jpg,matched own listing photo
miyagi/ishinomaki,697,ヨークベニマル 石巻中里店,https://img.bokenjapan.com/media/ishinomaki-dining-4027351.jpg,https://img.bokenjapan.com/media/ishinomaki-dining-4027145.jpg,matched own listing photo
miyagi/ishinomaki,698,バーチャルフード 新世界,https://img.bokenjapan.com/media/ishinomaki-dining-4026915.jpg,https://img.bokenjapan.com/media/ishinomaki-dining-4027351.jpg,matched own listing photo
miyagi/ishinomaki,699,快活CLUB 石巻中里店,https://img.bokenjapan.com/media/ishinomaki-dining-4024835.jpg,https://img.bokenjapan.com/media/ishinomaki-dining-4026915.jpg,matched own listing photo
miyagi/ishinomaki,700,四釜商店,https://img.bokenjapan.com/media/ishinomaki-dining-4030382.jpg,,photo belonged to another card; no own photo found
miyagi/ishinomaki,701,今日の昼ごはん,https://img.bokenjapan.com/media/ishinomaki-dining-4024191.jpg,https://img.bokenjapan.com/media/ishinomaki-dining-4030382.jpg,matched own listing photo
miyagi/ishinomaki,702,コーヒーショップ ルーツ,https://img.bokenjapan.com/media/ishinomaki-dining-4021884.jpg,https://img.bokenjapan.com/media/ishinomaki-dining-4024191.jpg,matched own listing photo
miyagi/ishinomaki,703,高松食堂,https://img.bokenjapan.com/media/ishinomaki-dining-4019883.jpg,https://img.bokenjapan.com/media/ishinomaki-dining-4021884.jpg,matched own listing photo
miyagi/ishinomaki,707,メープルテラス,https://img.bokenjapan.com/media/ishinomaki-dining-4030163.jpg,,photo belonged to another card; no own photo found
miyagi/ishinomaki,708,家庭割烹 水車,https://img.bokenjapan.com/media/ishinomaki-dining-4005222.jpg,https://img.bokenjapan.com/media/ishinomaki-dining-4030163.jpg,matched own listing photo
miyagi/ishinomaki,710,瑠璃庵,https://img.bokenjapan.com/media/ishinomaki-dining-4029919.jpg,,photo belonged to another card; no own photo found
miyagi/ishinomaki,711,北村ブルーベリー農園,https://img.bokenjapan.com/media/ishinomaki-dining-4026106.jpg,https://img.bokenjapan.com/media/ishinomaki-dining-4029919.jpg,matched own listing photo
miyagi/ishinomaki,713,大内産業,https://img.bokenjapan.com/media/ishinomaki-dining-4014865.jpg,https://img.bokenjapan.com/media/ishinomaki-dining-4026106.jpg,matched own listing photo
miyagi/ishinomaki,714,マルナカ遠藤水産,https://img.bokenjapan.com/media/ishinomaki-dining-4026873.jpg,https://img.bokenjapan.com/media/ishinomaki-dining-4014865.jpg,matched own listing photo
miyagi/ishinomaki,715,OTTAN TOTTO,https://img.bokenjapan.com/media/ishinomaki-dining-4029892.jpg,https://img.bokenjapan.com/media/ishinomaki-dining-4026873.jpg,matched own listing photo
miyagi/ishinomaki,717,梅川,https://img.bokenjapan.com/media/ishinomaki-dining-4008475.jpg,https://img.bokenjapan.com/media/ishinomaki-dining-4029892.jpg,matched own listing photo
miyagi/ishinomaki,718,アントラークラフツ,https://img.bokenjapan.com/media/ishinomaki-dining-4022179.jpg,https://img.bokenjapan.com/media/ishinomaki-dining-4008475.jpg,matched own listing photo
miyagi/ishinomaki,719,うつみパンや,https://img.bokenjapan.com/media/ishinomaki-dining-4021506.jpg,https://img.bokenjapan.com/media/ishinomaki-dining-4022179.jpg,matched own listing photo
miyagi/ishinomaki,720,めん六や 宮城石巻店,https://img.bokenjapan.com/media/ishinomaki-dining-4019723.jpg,https://img.bokenjapan.com/media/ishinomaki-dining-4021506.jpg,matched own listing photo
miyagi/ishinomaki,721,韓ビニ 石巻店,https://img.bokenjapan.com/media/ishinomaki-dining-4029870.jpg,https://img.bokenjapan.com/media/ishinomaki-dining-4019723.jpg,matched own listing photo
miyagi/ishinomaki,722,大衆食堂 ぴよ吉 立町店,https://img.bokenjapan.com/media/ishinomaki-dining-4026022.jpg,https://img.bokenjapan.com/media/ishinomaki-dining-4029870.jpg,matched own listing photo
miyagi/ishinomaki,723,海人,https://img.bokenjapan.com/media/ishinomaki-dining-4008669.jpg,https://img.bokenjapan.com/media/ishinomaki-dining-4026022.jpg,matched own listing photo
miyagi/ishinomaki,726,アンテナショップ パオ,https://img.bokenjapan.com/media/ishinomaki-dining-4028252.jpg,,photo belonged to another card; no own photo found
miyagi/ishinomaki,727,日の出館,https://img.bokenjapan.com/media/ishinomaki-dining-4028076.jpg,https://img.bokenjapan.com/media/ishinomaki-dining-4028252.jpg,matched own listing photo
miyagi/ishinomaki,728,ダイニングバー GINGA,https://img.bokenjapan.com/media/ishinomaki-dining-4018205.jpg,https://img.bokenjapan.com/media/ishinomaki-dining-4028076.jpg,matched own listing photo
miyagi/ishinomaki,730,石巻屋台,https://img.bokenjapan.com/media/ishinomaki-dining-4014921.jpg,https://img.bokenjapan.com/media/ishinomaki-dining-4018205.jpg,matched own listing photo
miyagi/ishinomaki,731,タツミ食品,https://img.bokenjapan.com/media/ishinomaki-dining-4020973.jpg,https://img.bokenjapan.com/media/ishinomaki-dining-4014921.jpg,matched own listing photo
miyagi/ishinomaki,734,セブンイレブン 石巻鋳銭場店,https://img.bokenjapan.com/media/ishinomaki-dining-4020644.jpg,https://img.bokenjapan.com/media/ishinomaki-dining-4020973.jpg,matched own listing photo
miyagi/ishinomaki,737,みうら海産物店,https://img.bokenjapan.com/media/ishinomaki-dining-4026692.jpg,https://img.bokenjapan.com/media/ishinomaki-dining-4020644.jpg,matched own listing photo
miyagi/ishinomaki,739,スーパーセンタートライアル 石巻店,https://img.bokenjapan.com/media/ishinomaki-dining-4030224.jpg,,photo belonged to another card; no own photo found
miyagi/ishinomaki,741,ファミリーマート 石巻南中里店,https://img.bokenjapan.com/media/ishinomaki-dining-4017036.jpg,https://img.bokenjapan.com/media/ishinomaki-dining-4030224.jpg,matched own listing photo
miyagi/ishinomaki,745,杉山商店,https://img.bokenjapan.com/media/ishinomaki-dining-4024660.jpg,,photo belonged to another card; no own photo found
miyagi/ishinomaki,746,花梨,https://img.bokenjapan.com/media/ishinomaki-dining-4030379.jpg,https://img.bokenjapan.com/media/ishinomaki-dining-4024660.jpg,matched own listing photo
miyagi/ishinomaki,747,ユウゲン,https://img.bokenjapan.com/media/ishinomaki-dining-4013269.jpg,https://img.bokenjapan.com/media/ishinomaki-dining-4030379.jpg,matched own listing photo
miyagi/ishinomaki,748,M&K,https://img.bokenjapan.com/media/ishinomaki-dining-4029972.jpg,https://img.bokenjapan.com/media/ishinomaki-dining-4013269.jpg,matched own listing photo
miyagi/ishinomaki,749,かめ かふぇ,https://img.bokenjapan.com/media/ishinomaki-dining-4015380.jpg,https://img.bokenjapan.com/media/ishinomaki-dining-4029972.jpg,matched own listing photo
miyagi/ishinomaki,751,みやぎ生協 蛇田店,https://img.bokenjapan.com/media/ishinomaki-dining-4029253.jpg,https://img.bokenjapan.com/media/ishinomaki-dining-4015380.jpg,matched own listing photo
miyagi/ishinomaki,953,菓匠 三全 イトーヨーカドー石巻あけぼの店,https://img.bokenjapan.com/media/ishinomaki-dining-ta7513956-p.webp,https://img.bokenjapan.com/media/ishinomaki-dining-ta40.jpg,matched own listing photo
miyagi/ishinomaki,987,サーティワンアイスクリーム イトーヨーカドー石巻あけぼの店,https://img.bokenjapan.com/media/ishinomaki-dining-ta14966151-p.webp,https://img.bokenjapan.com/media/ishinomaki-dining-ta40.jpg,matched own listing photo
miyagi/ishinomaki,1142,ふる里料理　つる屋,https://img.bokenjapan.com/media/ishinomaki-dining-ta13262731-p.webp,https://img.bokenjapan.com/media/ishinomaki-dining-ta17.jpg,matched own listing photo
miyagi/iwanuma,2,自家製麺中華そば 八縁,https://img.bokenjapan.com/media/iwanuma-dining-4014192.jpg,,photo belonged to another card; no own photo found
miyagi/iwanuma,3,カシュ カシュ,https://img.bokenjapan.com/media/iwanuma-dining-4016148.jpg,https://img.bokenjapan.com/media/iwanuma-dining-4014192.jpg,matched own listing photo
miyagi/iwanuma,4,沼田商店 麺組,https://img.bokenjapan.com/media/iwanuma-dining-4026146.jpg,https://img.bokenjapan.com/media/iwanuma-dining-4016148.jpg,matched own listing photo
miyagi/iwanuma,5,noodle shop nanairo,https://img.bokenjapan.com/media/iwanuma-dining-4026801.jpg,https://img.bokenjapan.com/media/iwanuma-dining-4026146.jpg,matched own listing photo
miyagi/iwanuma,6,つけ麺 うまづら,https://img.bokenjapan.com/media/iwanuma-dining-4015882.jpg,https://img.bokenjapan.com/media/iwanuma-dining-4026801.jpg,matched own listing photo
miyagi/iwanuma,7,たんとろ,https://img.bokenjapan.com/media/iwanuma-dining-4000390.jpg,https://img.bokenjapan.com/media/iwanuma-dining-4015882.jpg,matched own listing photo
miyagi/iwanuma,8,金蛇水神社参道・休憩処 サンドウ テラス,https://img.bokenjapan.com/media/iwanuma-dining-4023561.jpg,https://img.bokenjapan.com/media/iwanuma-dining-4000390.jpg,matched own listing photo
miyagi/iwanuma,9,ひばり,https://img.bokenjapan.com/media/iwanuma-dining-4001442.jpg,https://img.bokenjapan.com/media/iwanuma-dining-4023561.jpg,matched own listing photo
miyagi/iwanuma,10,魔女のたまご,https://img.bokenjapan.com/media/iwanuma-dining-4002169.jpg,https://img.bokenjapan.com/media/iwanuma-dining-4001442.jpg,matched own listing photo
miyagi/iwanuma,11,萬乃助 岩沼店,https://img.bokenjapan.com/media/iwanuma-dining-4014762.jpg,https://img.bokenjapan.com/media/iwanuma-dining-4002169.jpg,matched own listing photo
miyagi/iwanuma,12,SOBADOKORO YUU,https://img.bokenjapan.com/media/iwanuma-dining-4027470.jpg,https://img.bokenjapan.com/media/iwanuma-dining-4014762.jpg,matched own listing photo
miyagi/iwanuma,13,ジャンプラーメン,https://img.bokenjapan.com/media/iwanuma-dining-4008936.jpg,https://img.bokenjapan.com/media/iwanuma-dining-4027470.jpg,matched own listing photo
miyagi/iwanuma,14,ブーランジュリー ベック,https://img.bokenjapan.com/media/iwanuma-dining-4022383.jpg,https://img.bokenjapan.com/media/iwanuma-dining-4008936.jpg,matched own listing photo
miyagi/iwanuma,15,まこと寿し,https://img.bokenjapan.com/media/iwanuma-dining-4003427.jpg,https://img.bokenjapan.com/media/iwanuma-dining-4022383.jpg,matched own listing photo
miyagi/iwanuma,16,竹駒の杜 CAFÉ 一粒万倍,https://img.bokenjapan.com/media/iwanuma-dining-4028627.jpg,https://img.bokenjapan.com/media/iwanuma-dining-4003427.jpg,matched own listing photo
miyagi/iwanuma,17,かつ吉,https://img.bokenjapan.com/media/iwanuma-dining-4002414.jpg,https://img.bokenjapan.com/media/iwanuma-dining-4028627.jpg,matched own listing photo
miyagi/iwanuma,18,pizzeria e trattoria elianto,https://img.bokenjapan.com/media/iwanuma-dining-4021962.jpg,https://img.bokenjapan.com/media/iwanuma-dining-4002414.jpg,matched own listing photo
miyagi/iwanuma,19,食事処 おおとも,https://img.bokenjapan.com/media/iwanuma-dining-4018876.jpg,https://img.bokenjapan.com/media/iwanuma-dining-4021962.jpg,matched own listing photo
miyagi/iwanuma,22,奥州製麺所,https://img.bokenjapan.com/media/iwanuma-dining-4028230.jpg,,photo belonged to another card; no own photo found
miyagi/iwanuma,23,310 IWANUMA-BASE,https://img.bokenjapan.com/media/iwanuma-dining-4018061.jpg,https://img.bokenjapan.com/media/iwanuma-dining-4028230.jpg,matched own listing photo
miyagi/iwanuma,24,そば処おさだ,https://img.bokenjapan.com/media/iwanuma-dining-4004353.jpg,https://img.bokenjapan.com/media/iwanuma-dining-4018061.jpg,matched own listing photo
miyagi/iwanuma,25,つるや,https://img.bokenjapan.com/media/iwanuma-dining-4002207.jpg,https://img.bokenjapan.com/media/iwanuma-dining-4004353.jpg,matched own listing photo
miyagi/iwanuma,26,おくに寿し,https://img.bokenjapan.com/media/iwanuma-dining-4004543.jpg,https://img.bokenjapan.com/media/iwanuma-dining-4002207.jpg,matched own listing photo
miyagi/iwanuma,27,中国飯店味一番,https://img.bokenjapan.com/media/iwanuma-dining-4009838.jpg,https://img.bokenjapan.com/media/iwanuma-dining-4004543.jpg,matched own listing photo
miyagi/iwanuma,28,PATISSERIE HINICHIJOU,https://img.bokenjapan.com/media/iwanuma-dining-4024190.jpg,https://img.bokenjapan.com/media/iwanuma-dining-4009838.jpg,matched own listing photo
miyagi/iwanuma,29,BAOBAB,https://img.bokenjapan.com/media/iwanuma-dining-4011087.jpg,https://img.bokenjapan.com/media/iwanuma-dining-4024190.jpg,matched own listing photo
miyagi/iwanuma,30,フーズガーデン玉浦 食彩館,https://img.bokenjapan.com/media/iwanuma-dining-4016782.jpg,https://img.bokenjapan.com/media/iwanuma-dining-4011087.jpg,matched own listing photo
miyagi/iwanuma,31,よつばベーカリー 岩沼本店,https://img.bokenjapan.com/media/iwanuma-dining-4016820.jpg,https://img.bokenjapan.com/media/iwanuma-dining-4016782.jpg,matched own listing photo
miyagi/iwanuma,32,パン工房 OLIMBA,https://img.bokenjapan.com/media/iwanuma-dining-4027136.jpg,https://img.bokenjapan.com/media/iwanuma-dining-4016820.jpg,matched own listing photo
miyagi/iwanuma,33,とんかつ二木,https://img.bokenjapan.com/media/iwanuma-dining-4005800.jpg,https://img.bokenjapan.com/media/iwanuma-dining-4027136.jpg,matched own listing photo
miyagi/iwanuma,34,麺屋ぎぎ,https://img.bokenjapan.com/media/iwanuma-dining-4027099.jpg,https://img.bokenjapan.com/media/iwanuma-dining-4005800.jpg,matched own listing photo
miyagi/iwanuma,35,油そば 零,https://img.bokenjapan.com/media/iwanuma-dining-4019922.jpg,https://img.bokenjapan.com/media/iwanuma-dining-4027099.jpg,matched own listing photo
miyagi/iwanuma,36,炭火焼きとり とりはな,https://img.bokenjapan.com/media/iwanuma-dining-4003868.jpg,https://img.bokenjapan.com/media/iwanuma-dining-4019922.jpg,matched own listing photo
miyagi/iwanuma,37,沖あがり食堂 ばんや,https://img.bokenjapan.com/media/iwanuma-dining-4029534.jpg,https://img.bokenjapan.com/media/iwanuma-dining-4003868.jpg,matched own listing photo
miyagi/iwanuma,38,coil,https://img.bokenjapan.com/media/iwanuma-dining-4023288.jpg,https://img.bokenjapan.com/media/iwanuma-dining-4029534.jpg,matched own listing photo
miyagi/iwanuma,39,日月潭,https://img.bokenjapan.com/media/iwanuma-dining-4013721.jpg,https://img.bokenjapan.com/media/iwanuma-dining-4023288.jpg,matched own listing photo
miyagi/iwanuma,42,MiZuHa,https://img.bokenjapan.com/media/iwanuma-dining-4025166.jpg,,photo belonged to another card; no own photo found
miyagi/iwanuma,43,食事の店 園,https://img.bokenjapan.com/media/iwanuma-dining-4005949.jpg,https://img.bokenjapan.com/media/iwanuma-dining-4025166.jpg,matched own listing photo
miyagi/iwanuma,44,JOCA東北 やぶ亀,https://img.bokenjapan.com/media/iwanuma-dining-4024946.jpg,https://img.bokenjapan.com/media/iwanuma-dining-4005949.jpg,matched own listing photo
miyagi/iwanuma,45,玉浦・海鮮丼 魚がしら,https://img.bokenjapan.com/media/iwanuma-dining-4027114.jpg,https://img.bokenjapan.com/media/iwanuma-dining-4024946.jpg,matched own listing photo
miyagi/iwanuma,46,小料理 すずRe:,https://img.bokenjapan.com/media/iwanuma-dining-4029646.jpg,https://img.bokenjapan.com/media/iwanuma-dining-4027114.jpg,matched own listing photo
miyagi/iwanuma,47,利久,https://img.bokenjapan.com/media/iwanuma-dining-4016967.jpg,https://img.bokenjapan.com/media/iwanuma-dining-4029646.jpg,matched own listing photo
miyagi/iwanuma,48,おおひと,https://img.bokenjapan.com/media/iwanuma-dining-4003505.jpg,https://img.bokenjapan.com/media/iwanuma-dining-4016967.jpg,matched own listing photo
miyagi/iwanuma,49,卵匠家 吟,https://img.bokenjapan.com/media/iwanuma-dining-4022661.jpg,https://img.bokenjapan.com/media/iwanuma-dining-4003505.jpg,matched own listing photo
miyagi/iwanuma,50,そば処千歳,https://img.bokenjapan.com/media/iwanuma-dining-4008155.jpg,https://img.bokenjapan.com/media/iwanuma-dining-4022661.jpg,matched own listing photo
miyagi/iwanuma,51,食事処　味里,https://img.bokenjapan.com/media/iwanuma-dining-4003133.jpg,https://img.bokenjapan.com/media/iwanuma-dining-4008155.jpg,matched own listing photo
miyagi/iwanuma,52,大成,https://img.bokenjapan.com/media/iwanuma-dining-4022840.jpg,https://img.bokenjapan.com/media/iwanuma-dining-4003133.jpg,matched own listing photo
miyagi/iwanuma,53,仙臺油そば はてなプラス 岩沼店,https://img.bokenjapan.com/media/iwanuma-dining-4029207.jpg,https://img.bokenjapan.com/media/iwanuma-dining-4022840.jpg,matched own listing photo
miyagi/iwanuma,54,母ちゃんごはん,https://img.bokenjapan.com/media/iwanuma-dining-4023641.jpg,https://img.bokenjapan.com/media/iwanuma-dining-4029207.jpg,matched own listing photo
miyagi/iwanuma,55,IKoMiKi,https://img.bokenjapan.com/media/iwanuma-dining-4028997.jpg,https://img.bokenjapan.com/media/iwanuma-dining-4023641.jpg,matched own listing photo
miyagi/iwanuma,56,ORION BAGEL,https://img.bokenjapan.com/media/iwanuma-dining-4028944.jpg,https://img.bokenjapan.com/media/iwanuma-dining-4028997.jpg,matched own listing photo
miyagi/iwanuma,57,かわむら,https://img.bokenjapan.com/media/iwanuma-dining-4017336.jpg,https://img.bokenjapan.com/media/iwanuma-dining-4028944.jpg,matched own listing photo
miyagi/iwanuma,58,麺処 よしだ家,https://img.bokenjapan.com/media/iwanuma-dining-4020707.jpg,https://img.bokenjapan.com/media/iwanuma-dining-4017336.jpg,matched own listing photo
miyagi/iwanuma,59,焼鳥 笑多屋 岩沼店,https://img.bokenjapan.com/media/iwanuma-dining-4002415.jpg,https://img.bokenjapan.com/media/iwanuma-dining-4020707.jpg,matched own listing photo
miyagi/iwanuma,62,エピックビュー,https://img.bokenjapan.com/media/iwanuma-dining-4011870.jpg,,photo belonged to another card; no own photo found
miyagi/iwanuma,63,焼肉トップ,https://img.bokenjapan.com/media/iwanuma-dining-4004309.jpg,https://img.bokenjapan.com/media/iwanuma-dining-4011870.jpg,matched own listing photo
miyagi/iwanuma,64,ビストロボンテン 岩沼駅前店,https://img.bokenjapan.com/media/iwanuma-dining-4017514.jpg,https://img.bokenjapan.com/media/iwanuma-dining-4004309.jpg,matched own listing photo
miyagi/iwanuma,65,cafe おやこの木,https://img.bokenjapan.com/media/iwanuma-dining-4014197.jpg,https://img.bokenjapan.com/media/iwanuma-dining-4017514.jpg,matched own listing photo
miyagi/iwanuma,66,Irodori.Kitchen,https://img.bokenjapan.com/media/iwanuma-dining-4026053.jpg,https://img.bokenjapan.com/media/iwanuma-dining-4014197.jpg,matched own listing photo
miyagi/iwanuma,67,鬼がらし 岩沼店,https://img.bokenjapan.com/media/iwanuma-dining-4009822.jpg,https://img.bokenjapan.com/media/iwanuma-dining-4026053.jpg,matched own listing photo
miyagi/iwanuma,68,丸徳そば,https://img.bokenjapan.com/media/iwanuma-dining-4016125.jpg,https://img.bokenjapan.com/media/iwanuma-dining-4009822.jpg,matched own listing photo
miyagi/iwanuma,69,油そばうまづら,https://img.bokenjapan.com/media/iwanuma-dining-4027249.jpg,https://img.bokenjapan.com/media/iwanuma-dining-4016125.jpg,matched own listing photo
miyagi/iwanuma,70,ドゥ・ラパン,https://img.bokenjapan.com/media/iwanuma-dining-4006154.jpg,https://img.bokenjapan.com/media/iwanuma-dining-4027249.jpg,matched own listing photo
miyagi/iwanuma,71,安田商店,https://img.bokenjapan.com/media/iwanuma-dining-4018507.jpg,https://img.bokenjapan.com/media/iwanuma-dining-4006154.jpg,matched own listing photo
miyagi/iwanuma,72,麺酒場 高ちゃん,https://img.bokenjapan.com/media/iwanuma-dining-4011107.jpg,https://img.bokenjapan.com/media/iwanuma-dining-4018507.jpg,matched own listing photo
miyagi/iwanuma,73,ココリコ,https://img.bokenjapan.com/media/iwanuma-dining-4017262.jpg,https://img.bokenjapan.com/media/iwanuma-dining-4011107.jpg,matched own listing photo
miyagi/iwanuma,74,カフェ Dao Tao,https://img.bokenjapan.com/media/iwanuma-dining-4021320.jpg,https://img.bokenjapan.com/media/iwanuma-dining-4017262.jpg,matched own listing photo
miyagi/iwanuma,75,気になるアイスの店,https://img.bokenjapan.com/media/iwanuma-dining-4025971.jpg,https://img.bokenjapan.com/media/iwanuma-dining-4021320.jpg,matched own listing photo
miyagi/iwanuma,76,ビストロ・サンテ,https://img.bokenjapan.com/media/iwanuma-dining-4026594.jpg,https://img.bokenjapan.com/media/iwanuma-dining-4025971.jpg,matched own listing photo
miyagi/iwanuma,77,いなりカフェ,https://img.bokenjapan.com/media/iwanuma-dining-4027374.jpg,https://img.bokenjapan.com/media/iwanuma-dining-4026594.jpg,matched own listing photo
miyagi/iwanuma,78,三宝亭 岩沼店,https://img.bokenjapan.com/media/iwanuma-dining-4001439.jpg,https://img.bokenjapan.com/media/iwanuma-dining-4027374.jpg,matched own listing photo
miyagi/iwanuma,79,ロイヤルインドレストラン 岩沼店,https://img.bokenjapan.com/media/iwanuma-dining-4016982.jpg,https://img.bokenjapan.com/media/iwanuma-dining-4001439.jpg,matched own listing photo
miyagi/iwanuma,82,食菜館ひまわり,https://img.bokenjapan.com/media/iwanuma-dining-4010098.jpg,,photo belonged to another card; no own photo found
miyagi/iwanuma,83,礼門,https://img.bokenjapan.com/media/iwanuma-dining-4018560.jpg,https://img.bokenjapan.com/media/iwanuma-dining-4010098.jpg,matched own listing photo
miyagi/iwanuma,84,NISHIKIYA KITCHEN & CAFE,https://img.bokenjapan.com/media/iwanuma-dining-4030052.jpg,https://img.bokenjapan.com/media/iwanuma-dining-4018560.jpg,matched own listing photo
miyagi/iwanuma,85,カフェ ネッラズーロ,https://img.bokenjapan.com/media/iwanuma-dining-4020901.jpg,https://img.bokenjapan.com/media/iwanuma-dining-4030052.jpg,matched own listing photo
miyagi/iwanuma,86,つつみ庵 岩沼店,https://img.bokenjapan.com/media/iwanuma-dining-4017607.jpg,https://img.bokenjapan.com/media/iwanuma-dining-4020901.jpg,matched own listing photo
miyagi/iwanuma,87,cafe Chocott,https://img.bokenjapan.com/media/iwanuma-dining-4025151.jpg,https://img.bokenjapan.com/media/iwanuma-dining-4017607.jpg,matched own listing photo
miyagi/iwanuma,88,くるまやラーメン 岩沼バイパス店,https://img.bokenjapan.com/media/iwanuma-dining-4016098.jpg,https://img.bokenjapan.com/media/iwanuma-dining-4025151.jpg,matched own listing photo
miyagi/iwanuma,89,かっぱ寿司 岩沼店,https://img.bokenjapan.com/media/iwanuma-dining-4009144.jpg,https://img.bokenjapan.com/media/iwanuma-dining-4016098.jpg,matched own listing photo
miyagi/iwanuma,90,かつや 宮城岩沼店,https://img.bokenjapan.com/media/iwanuma-dining-4018310.jpg,https://img.bokenjapan.com/media/iwanuma-dining-4009144.jpg,matched own listing photo
miyagi/iwanuma,91,手造りとうふ 布田フーズ,https://img.bokenjapan.com/media/iwanuma-dining-4021248.jpg,https://img.bokenjapan.com/media/iwanuma-dining-4018310.jpg,matched own listing photo
miyagi/iwanuma,92,香蘭 バイパス店,https://img.bokenjapan.com/media/iwanuma-dining-4007441.jpg,https://img.bokenjapan.com/media/iwanuma-dining-4021248.jpg,matched own listing photo
miyagi/iwanuma,93,国井米穀店,https://img.bokenjapan.com/media/iwanuma-dining-4006078.jpg,https://img.bokenjapan.com/media/iwanuma-dining-4007441.jpg,matched own listing photo
miyagi/iwanuma,94,斎源商店,https://img.bokenjapan.com/media/iwanuma-dining-4015743.jpg,https://img.bokenjapan.com/media/iwanuma-dining-4006078.jpg,matched own listing photo
miyagi/iwanuma,95,週末びっくり市 岩沼店,https://img.bokenjapan.com/media/iwanuma-dining-4021220.jpg,https://img.bokenjapan.com/media/iwanuma-dining-4015743.jpg,matched own listing photo
miyagi/iwanuma,96,韓一館,https://img.bokenjapan.com/media/iwanuma-dining-4002378.jpg,https://img.bokenjapan.com/media/iwanuma-dining-4021220.jpg,matched own listing photo
miyagi/iwanuma,97,三品屋,https://img.bokenjapan.com/media/iwanuma-dining-4018354.jpg,https://img.bokenjapan.com/media/iwanuma-dining-4002378.jpg,matched own listing photo
miyagi/iwanuma,98,かめや菓子舗,https://img.bokenjapan.com/media/iwanuma-dining-4018375.jpg,https://img.bokenjapan.com/media/iwanuma-dining-4018354.jpg,matched own listing photo
miyagi/iwanuma,99,居酒屋 ニライカナイ,https://img.bokenjapan.com/media/iwanuma-dining-4024013.jpg,https://img.bokenjapan.com/media/iwanuma-dining-4018375.jpg,matched own listing photo
miyagi/iwanuma,102,ヨークベニマル 岩沼西店,https://img.bokenjapan.com/media/iwanuma-dining-4022116.jpg,,photo belonged to another card; no own photo found
miyagi/iwanuma,103,フレスコキクチ 岩沼西店,https://img.bokenjapan.com/media/iwanuma-dining-4023214.jpg,https://img.bokenjapan.com/media/iwanuma-dining-4022116.jpg,matched own listing photo
miyagi/iwanuma,104,駅中スナック 岩沼店,https://img.bokenjapan.com/media/iwanuma-dining-4028816.jpg,https://img.bokenjapan.com/media/iwanuma-dining-4023214.jpg,matched own listing photo
miyagi/iwanuma,105,お好みハウス たかはし,https://img.bokenjapan.com/media/iwanuma-dining-4005675.jpg,,photo belonged to another card; no own photo found
miyagi/iwanuma,106,夢彩café,https://img.bokenjapan.com/media/iwanuma-dining-4027915.jpg,https://img.bokenjapan.com/media/iwanuma-dining-4005675.jpg,matched own listing photo
miyagi/iwanuma,107,幸楽苑 岩沼店,https://img.bokenjapan.com/media/iwanuma-dining-4012156.jpg,https://img.bokenjapan.com/media/iwanuma-dining-4027915.jpg,matched own listing photo
miyagi/iwanuma,108,吉野家 ４号線岩沼店,https://img.bokenjapan.com/media/iwanuma-dining-4007425.jpg,https://img.bokenjapan.com/media/iwanuma-dining-4012156.jpg,matched own listing photo
miyagi/iwanuma,109,ラーメン 大志軒 岩沼店,https://img.bokenjapan.com/media/iwanuma-dining-4028489.jpg,https://img.bokenjapan.com/media/iwanuma-dining-4007425.jpg,matched own listing photo
miyagi/iwanuma,110,和風レストランまるまつ 岩沼店,https://img.bokenjapan.com/media/iwanuma-dining-4006091.jpg,https://img.bokenjapan.com/media/iwanuma-dining-4028489.jpg,matched own listing photo
miyagi/iwanuma,111,文明堂 仙台直売店,https://img.bokenjapan.com/media/iwanuma-dining-4013596.jpg,https://img.bokenjapan.com/media/iwanuma-dining-4006091.jpg,matched own listing photo
miyagi/iwanuma,112,平禄寿司 宮城岩沼店,https://img.bokenjapan.com/media/iwanuma-dining-4010547.jpg,,photo belonged to another card; no own photo found
miyagi/iwanuma,113,ポワソン,https://img.bokenjapan.com/media/iwanuma-dining-4020635.jpg,https://img.bokenjapan.com/media/iwanuma-dining-4010547.jpg,matched own listing photo
miyagi/iwanuma,114,おきらく割烹 東山,https://img.bokenjapan.com/media/iwanuma-dining-4001563.jpg,https://img.bokenjapan.com/media/iwanuma-dining-4020635.jpg,matched own listing photo
miyagi/iwanuma,115,KITCHEN つぁいと,https://img.bokenjapan.com/media/iwanuma-dining-4007708.jpg,https://img.bokenjapan.com/media/iwanuma-dining-4001563.jpg,matched own listing photo
miyagi/iwanuma,116,カラカラ,https://img.bokenjapan.com/media/iwanuma-dining-4021410.jpg,https://img.bokenjapan.com/media/iwanuma-dining-4007708.jpg,matched own listing photo
miyagi/iwanuma,117,のれん酒房,https://img.bokenjapan.com/media/iwanuma-dining-4009778.jpg,https://img.bokenjapan.com/media/iwanuma-dining-4021410.jpg,matched own listing photo
miyagi/iwanuma,118,スターバックス 岩沼店,https://img.bokenjapan.com/media/iwanuma-dining-4030399.jpg,https://img.bokenjapan.com/media/iwanuma-dining-4009778.jpg,matched own listing photo
miyagi/iwanuma,119,ル・コントワール ロメオ,https://img.bokenjapan.com/media/iwanuma-dining-4022640.jpg,https://img.bokenjapan.com/media/iwanuma-dining-4030399.jpg,matched own listing photo
miyagi/iwanuma,122,食事処 福住,https://img.bokenjapan.com/media/iwanuma-dining-4008729.jpg,,photo belonged to another card; no own photo found
miyagi/iwanuma,123,菊寿司,https://img.bokenjapan.com/media/iwanuma-dining-4004646.jpg,https://img.bokenjapan.com/media/iwanuma-dining-4008729.jpg,matched own listing photo
miyagi/iwanuma,124,ＤＡＮ蘭,https://img.bokenjapan.com/media/iwanuma-dining-4005615.jpg,https://img.bokenjapan.com/media/iwanuma-dining-4004646.jpg,matched own listing photo
miyagi/iwanuma,125,だいこんの花,https://img.bokenjapan.com/media/iwanuma-dining-4005752.jpg,https://img.bokenjapan.com/media/iwanuma-dining-4005615.jpg,matched own listing photo
miyagi/iwanuma,126,藤セ,https://img.bokenjapan.com/media/iwanuma-dining-4029289.jpg,https://img.bokenjapan.com/media/iwanuma-dining-4005752.jpg,matched own listing photo
miyagi/iwanuma,127,宝島,https://img.bokenjapan.com/media/iwanuma-dining-4015119.jpg,https://img.bokenjapan.com/media/iwanuma-dining-4029289.jpg,matched own listing photo
miyagi/iwanuma,128,和風スナック てる美ちゃん,https://img.bokenjapan.com/media/iwanuma-dining-4027897.jpg,https://img.bokenjapan.com/media/iwanuma-dining-4015119.jpg,matched own listing photo
miyagi/iwanuma,129,岩沼みんなの家 by infocom,https://img.bokenjapan.com/media/iwanuma-dining-4016514.jpg,https://img.bokenjapan.com/media/iwanuma-dining-4027897.jpg,matched own listing photo
miyagi/iwanuma,130,おとなの食堂 MAY,https://img.bokenjapan.com/media/iwanuma-dining-4025018.jpg,https://img.bokenjapan.com/media/iwanuma-dining-4016514.jpg,matched own listing photo
miyagi/iwanuma,131,山海厨房 雅,https://img.bokenjapan.com/media/iwanuma-dining-4004038.jpg,https://img.bokenjapan.com/media/iwanuma-dining-4025018.jpg,matched own listing photo
miyagi/iwanuma,132,たち花,https://img.bokenjapan.com/media/iwanuma-dining-4029212.jpg,https://img.bokenjapan.com/media/iwanuma-dining-4004038.jpg,matched own listing photo
miyagi/iwanuma,133,ゆらり酒家 うさぎ,https://img.bokenjapan.com/media/iwanuma-dining-4025839.jpg,https://img.bokenjapan.com/media/iwanuma-dining-4029212.jpg,matched own listing photo
miyagi/iwanuma,134,すき家 岩沼中央店,https://img.bokenjapan.com/media/iwanuma-dining-4011832.jpg,https://img.bokenjapan.com/media/iwanuma-dining-4025839.jpg,matched own listing photo
miyagi/iwanuma,135,ほっともっと 岩沼武隈店,https://img.bokenjapan.com/media/iwanuma-dining-4013790.jpg,https://img.bokenjapan.com/media/iwanuma-dining-4011832.jpg,matched own listing photo
miyagi/iwanuma,136,蔵人,https://img.bokenjapan.com/media/iwanuma-dining-4015980.jpg,https://img.bokenjapan.com/media/iwanuma-dining-4013790.jpg,matched own listing photo
miyagi/iwanuma,137,牛角 岩沼店,https://img.bokenjapan.com/media/iwanuma-dining-4008273.jpg,https://img.bokenjapan.com/media/iwanuma-dining-4015980.jpg,matched own listing photo
miyagi/iwanuma,138,シャトレーゼ 岩沼店,https://img.bokenjapan.com/media/iwanuma-dining-4026976.jpg,https://img.bokenjapan.com/media/iwanuma-dining-4008273.jpg,matched own listing photo
miyagi/iwanuma,139,だんまや水産 岩沼駅前店,https://img.bokenjapan.com/media/iwanuma-dining-4006089.jpg,https://img.bokenjapan.com/media/iwanuma-dining-4026976.jpg,matched own listing photo
miyagi/iwanuma,142,モンペリエ ヨークベニマル岩沼店,https://img.bokenjapan.com/media/iwanuma-dining-4020212.jpg,,photo belonged to another card; no own photo found
miyagi/iwanuma,143,不二家 ヨークベニマル岩沼西店,https://img.bokenjapan.com/media/iwanuma-dining-4021725.jpg,https://img.bokenjapan.com/media/iwanuma-dining-4020212.jpg,matched own listing photo
miyagi/iwanuma,144,セブンイレブン 岩沼二木2丁目店,https://img.bokenjapan.com/media/iwanuma-dining-4022270.jpg,https://img.bokenjapan.com/media/iwanuma-dining-4021725.jpg,matched own listing photo
miyagi/iwanuma,145,琉の花,https://img.bokenjapan.com/media/iwanuma-dining-4023760.jpg,https://img.bokenjapan.com/media/iwanuma-dining-4022270.jpg,matched own listing photo
miyagi/iwanuma,146,幸楽苑のからあげ家 岩沼店,https://img.bokenjapan.com/media/iwanuma-dining-4023380.jpg,https://img.bokenjapan.com/media/iwanuma-dining-4023760.jpg,matched own listing photo
miyagi/iwanuma,147,和食屋はんざわ,https://img.bokenjapan.com/media/iwanuma-dining-4018529.jpg,https://img.bokenjapan.com/media/iwanuma-dining-4023380.jpg,matched own listing photo
miyagi/iwanuma,148,モンペリエ ヨークベニマル岩沼西店,https://img.bokenjapan.com/media/iwanuma-dining-4021836.jpg,https://img.bokenjapan.com/media/iwanuma-dining-4018529.jpg,matched own listing photo
miyagi/iwanuma,150,仙台ホルモン・焼肉 ときわ亭 岩沼店,https://img.bokenjapan.com/media/iwanuma-dining-4015439.jpg,https://img.bokenjapan.com/media/iwanuma-dining-4021836.jpg,matched own listing photo
miyagi/iwanuma,151,三浦栄進堂,https://img.bokenjapan.com/media/iwanuma-dining-4018333.jpg,https://img.bokenjapan.com/media/iwanuma-dining-4015439.jpg,matched own listing photo
miyagi/iwanuma,152,まぜそば 凡芭凡芭,https://img.bokenjapan.com/media/iwanuma-dining-4023993.jpg,https://img.bokenjapan.com/media/iwanuma-dining-4018333.jpg,matched own listing photo
miyagi/iwanuma,153,LAWSON 岩沼松ケ丘店,https://img.bokenjapan.com/media/iwanuma-dining-4018457.jpg,https://img.bokenjapan.com/media/iwanuma-dining-4023993.jpg,matched own listing photo
miyagi/iwanuma,154,ごちそう市場,https://img.bokenjapan.com/media/iwanuma-dining-4023722.jpg,https://img.bokenjapan.com/media/iwanuma-dining-4018457.jpg,matched own listing photo
miyagi/iwanuma,155,大衆居酒屋オーパ！,https://img.bokenjapan.com/media/iwanuma-dining-4028842.jpg,https://img.bokenjapan.com/media/iwanuma-dining-4023722.jpg,matched own listing photo
miyagi/iwanuma,156,セブンイレブン 岩沼小川店,https://img.bokenjapan.com/media/iwanuma-dining-4018716.jpg,https://img.bokenjapan.com/media/iwanuma-dining-4028842.jpg,matched own listing photo
miyagi/iwanuma,158,ファミリーマート 岩沼たけくま店,https://img.bokenjapan.com/media/iwanuma-dining-4027688.jpg,https://img.bokenjapan.com/media/iwanuma-dining-4018716.jpg,matched own listing photo
miyagi/iwanuma,159,パン工房 アンジュール みやぎ生協セラビ岩沼店,https://img.bokenjapan.com/media/iwanuma-dining-4022335.jpg,https://img.bokenjapan.com/media/iwanuma-dining-4027688.jpg,matched own listing photo
miyagi/iwanuma,162,自家製麺 ラーメンが止マラナイ,https://img.bokenjapan.com/media/iwanuma-dining-4030336.jpg,,photo belonged to another card; no own photo found
miyagi/iwanuma,163,八百勝商店,https://img.bokenjapan.com/media/iwanuma-dining-4023903.jpg,https://img.bokenjapan.com/media/iwanuma-dining-4030336.jpg,matched own listing photo
miyagi/iwanuma,164,にぎわい市場,https://img.bokenjapan.com/media/iwanuma-dining-4030139.jpg,https://img.bokenjapan.com/media/iwanuma-dining-4023903.jpg,matched own listing photo
miyagi/iwanuma,165,NewDaysミニ 岩沼店,https://img.bokenjapan.com/media/iwanuma-dining-4027461.jpg,https://img.bokenjapan.com/media/iwanuma-dining-4030139.jpg,matched own listing photo
miyagi/iwanuma,166,洋食工房モリスケ,https://img.bokenjapan.com/media/iwanuma-dining-4030378.jpg,https://img.bokenjapan.com/media/iwanuma-dining-4027461.jpg,matched own listing photo
miyagi/iwanuma,167,Sucre,https://img.bokenjapan.com/media/iwanuma-dining-4028141.jpg,https://img.bokenjapan.com/media/iwanuma-dining-4030378.jpg,matched own listing photo
miyagi/iwanuma,168,セブンイレブン 岩沼たけくま店,https://img.bokenjapan.com/media/iwanuma-dining-4020517.jpg,https://img.bokenjapan.com/media/iwanuma-dining-4028141.jpg,matched own listing photo
miyagi/iwanuma,170,桃,https://img.bokenjapan.com/media/iwanuma-dining-4015526.jpg,https://img.bokenjapan.com/media/iwanuma-dining-4020517.jpg,matched own listing photo
miyagi/iwanuma,171,馬上かまぼこ店,https://img.bokenjapan.com/media/iwanuma-dining-4010957.jpg,https://img.bokenjapan.com/media/iwanuma-dining-4015526.jpg,matched own listing photo
miyagi/iwanuma,172,食品館イトー 岩沼店,https://img.bokenjapan.com/media/iwanuma-dining-4029472.jpg,https://img.bokenjapan.com/media/iwanuma-dining-4010957.jpg,matched own listing photo
miyagi/iwanuma,173,フレスコキクチ 岩沼東店,https://img.bokenjapan.com/media/iwanuma-dining-4029967.jpg,https://img.bokenjapan.com/media/iwanuma-dining-4029472.jpg,matched own listing photo
miyagi/iwanuma,174,酒場 わたる,https://img.bokenjapan.com/media/iwanuma-dining-4023612.jpg,https://img.bokenjapan.com/media/iwanuma-dining-4029967.jpg,matched own listing photo
miyagi/iwanuma,175,森景商店,https://img.bokenjapan.com/media/iwanuma-dining-4027731.jpg,https://img.bokenjapan.com/media/iwanuma-dining-4023612.jpg,matched own listing photo
miyagi/iwanuma,185,ホルモン・焼肉 玄,https://img.bokenjapan.com/media/iwanuma-dining-4023474.jpg,,photo belonged to another card; no own photo found
miyagi/iwanuma,196,あきあかね,https://img.bokenjapan.com/media/iwanuma-dining-4009072.jpg,https://img.bokenjapan.com/media/iwanuma-dining-4023474.jpg,matched own listing photo
miyagi/iwanuma,240,桃花林,https://img.bokenjapan.com/media/iwanuma-dining-ta13035969-p.webp,https://img.bokenjapan.com/media/iwanuma-dining-ta7.jpg,matched own listing photo
miyagi/kakuda,2,hori pan,https://img.bokenjapan.com/media/kakuda-dining-4016336.jpg,,photo belonged to another card; no own photo found
miyagi/kakuda,3,かずき,https://img.bokenjapan.com/media/kakuda-dining-4016249.jpg,https://img.bokenjapan.com/media/kakuda-dining-4016336.jpg,matched own listing photo
miyagi/kakuda,4,果樹園,https://img.bokenjapan.com/media/kakuda-dining-4007809.jpg,https://img.bokenjapan.com/media/kakuda-dining-4016249.jpg,matched own listing photo
miyagi/kakuda,5,道の駅 かくだ,https://img.bokenjapan.com/media/kakuda-dining-4021627.jpg,https://img.bokenjapan.com/media/kakuda-dining-4007809.jpg,matched own listing photo
miyagi/kakuda,6,ぱぴハウス 道の駅かくだ店,https://img.bokenjapan.com/media/kakuda-dining-4022115.jpg,https://img.bokenjapan.com/media/kakuda-dining-4021627.jpg,matched own listing photo
miyagi/kakuda,7,郷家精肉店,https://img.bokenjapan.com/media/kakuda-dining-4003064.jpg,https://img.bokenjapan.com/media/kakuda-dining-4022115.jpg,matched own listing photo
miyagi/kakuda,8,母里の風,https://img.bokenjapan.com/media/kakuda-dining-4015454.jpg,https://img.bokenjapan.com/media/kakuda-dining-4003064.jpg,matched own listing photo
miyagi/kakuda,9,Kスポキッチン,https://img.bokenjapan.com/media/kakuda-dining-4024106.jpg,https://img.bokenjapan.com/media/kakuda-dining-4015454.jpg,matched own listing photo
miyagi/kakuda,10,となりの肉そば,https://img.bokenjapan.com/media/kakuda-dining-4028206.jpg,https://img.bokenjapan.com/media/kakuda-dining-4024106.jpg,matched own listing photo
miyagi/kakuda,11,そば処　壽庵,https://img.bokenjapan.com/media/kakuda-dining-4003300.jpg,https://img.bokenjapan.com/media/kakuda-dining-4028206.jpg,matched own listing photo
miyagi/kakuda,12,味の店 翔屋,https://img.bokenjapan.com/media/kakuda-dining-4003418.jpg,https://img.bokenjapan.com/media/kakuda-dining-4003300.jpg,matched own listing photo
miyagi/kakuda,13,Cream Tea,https://img.bokenjapan.com/media/kakuda-dining-4008305.jpg,https://img.bokenjapan.com/media/kakuda-dining-4003418.jpg,matched own listing photo
miyagi/kakuda,14,ブローチ,https://img.bokenjapan.com/media/kakuda-dining-4014376.jpg,https://img.bokenjapan.com/media/kakuda-dining-4008305.jpg,matched own listing photo
miyagi/kakuda,15,中国料理 檸檬亭,https://img.bokenjapan.com/media/kakuda-dining-4000911.jpg,https://img.bokenjapan.com/media/kakuda-dining-4014376.jpg,matched own listing photo
miyagi/kakuda,16,心のおと,https://img.bokenjapan.com/media/kakuda-dining-4011414.jpg,https://img.bokenjapan.com/media/kakuda-dining-4000911.jpg,matched own listing photo
miyagi/kakuda,17,がぎゅうベーカリー,https://img.bokenjapan.com/media/kakuda-dining-4023317.jpg,https://img.bokenjapan.com/media/kakuda-dining-4011414.jpg,matched own listing photo
miyagi/kakuda,18,宮崎屋,https://img.bokenjapan.com/media/kakuda-dining-4006773.jpg,https://img.bokenjapan.com/media/kakuda-dining-4023317.jpg,matched own listing photo
miyagi/kakuda,19,前橋菓子店,https://img.bokenjapan.com/media/kakuda-dining-4002244.jpg,https://img.bokenjapan.com/media/kakuda-dining-4006773.jpg,matched own listing photo
miyagi/kakuda,22,美よし家,https://img.bokenjapan.com/media/kakuda-dining-4003017.jpg,,photo belonged to another card; no own photo found
miyagi/kakuda,23,ささもり 天神町本店,https://img.bokenjapan.com/media/kakuda-dining-4014698.jpg,https://img.bokenjapan.com/media/kakuda-dining-4003017.jpg,matched own listing photo
miyagi/kakuda,24,京園,https://img.bokenjapan.com/media/kakuda-dining-4006796.jpg,https://img.bokenjapan.com/media/kakuda-dining-4014698.jpg,matched own listing photo
miyagi/kakuda,25,中華料理 かんの,https://img.bokenjapan.com/media/kakuda-dining-4026866.jpg,https://img.bokenjapan.com/media/kakuda-dining-4006796.jpg,matched own listing photo
miyagi/kakuda,26,天然温泉もみの木 食事処 はなのれん,https://img.bokenjapan.com/media/kakuda-dining-4026987.jpg,https://img.bokenjapan.com/media/kakuda-dining-4026866.jpg,matched own listing photo
miyagi/kakuda,27,らーめん せん家 角田店,https://img.bokenjapan.com/media/kakuda-dining-4003417.jpg,,photo belonged to another card; no own photo found
miyagi/kakuda,28,カフェレストラン ＥＶＡＮＳ’89,https://img.bokenjapan.com/media/kakuda-dining-4001915.jpg,https://img.bokenjapan.com/media/kakuda-dining-4003417.jpg,matched own listing photo
miyagi/kakuda,29,小田嶋,https://img.bokenjapan.com/media/kakuda-dining-4015250.jpg,https://img.bokenjapan.com/media/kakuda-dining-4001915.jpg,matched own listing photo
miyagi/kakuda,30,房ずし,https://img.bokenjapan.com/media/kakuda-dining-4014861.jpg,https://img.bokenjapan.com/media/kakuda-dining-4015250.jpg,matched own listing photo
miyagi/kakuda,31,日本料理 遊膳,https://img.bokenjapan.com/media/kakuda-dining-4002412.jpg,https://img.bokenjapan.com/media/kakuda-dining-4014861.jpg,matched own listing photo
miyagi/kakuda,32,あぐりっと,https://img.bokenjapan.com/media/kakuda-dining-4013999.jpg,https://img.bokenjapan.com/media/kakuda-dining-4002412.jpg,matched own listing photo
miyagi/kakuda,33,泉屋・手打うどん,https://img.bokenjapan.com/media/kakuda-dining-4006971.jpg,https://img.bokenjapan.com/media/kakuda-dining-4013999.jpg,matched own listing photo
miyagi/kakuda,34,満城香,https://img.bokenjapan.com/media/kakuda-dining-4003773.jpg,https://img.bokenjapan.com/media/kakuda-dining-4006971.jpg,matched own listing photo
miyagi/kakuda,35,Panch,https://img.bokenjapan.com/media/kakuda-dining-4016074.jpg,https://img.bokenjapan.com/media/kakuda-dining-4003773.jpg,matched own listing photo
miyagi/kakuda,36,稲cafe あぐりっと,https://img.bokenjapan.com/media/kakuda-dining-4028631.jpg,https://img.bokenjapan.com/media/kakuda-dining-4016074.jpg,matched own listing photo
miyagi/kakuda,37,A&COOP 角田店,https://img.bokenjapan.com/media/kakuda-dining-4021038.jpg,https://img.bokenjapan.com/media/kakuda-dining-4028631.jpg,matched own listing photo
miyagi/kakuda,38,森の芽ぶきたまご舎 道の駅かくだ店,https://img.bokenjapan.com/media/kakuda-dining-4021637.jpg,https://img.bokenjapan.com/media/kakuda-dining-4021038.jpg,matched own listing photo
miyagi/kakuda,41,自家焙煎コーヒー工房ＯＧＡＴＡ,https://img.bokenjapan.com/media/kakuda-dining-4008188.jpg,,photo belonged to another card; no own photo found
miyagi/kakuda,42,やなぎ茶屋,https://img.bokenjapan.com/media/kakuda-dining-4010095.jpg,https://img.bokenjapan.com/media/kakuda-dining-4008188.jpg,matched own listing photo
miyagi/kakuda,43,寺珈琲 榧,https://img.bokenjapan.com/media/kakuda-dining-4020384.jpg,https://img.bokenjapan.com/media/kakuda-dining-4010095.jpg,matched own listing photo
miyagi/kakuda,44,清華園,https://img.bokenjapan.com/media/kakuda-dining-4006954.jpg,https://img.bokenjapan.com/media/kakuda-dining-4020384.jpg,matched own listing photo
miyagi/kakuda,45,カフェ&キッチン テリア,https://img.bokenjapan.com/media/kakuda-dining-4021097.jpg,https://img.bokenjapan.com/media/kakuda-dining-4006954.jpg,matched own listing photo
miyagi/kakuda,46,そば処 山の内分校,https://img.bokenjapan.com/media/kakuda-dining-4016191.jpg,https://img.bokenjapan.com/media/kakuda-dining-4021097.jpg,matched own listing photo
miyagi/kakuda,47,あおいファーム Guest House,https://img.bokenjapan.com/media/kakuda-dining-4026310.jpg,https://img.bokenjapan.com/media/kakuda-dining-4016191.jpg,matched own listing photo
miyagi/kakuda,48,カラオケまねきねこ 角田店,https://img.bokenjapan.com/media/kakuda-dining-4029142.jpg,https://img.bokenjapan.com/media/kakuda-dining-4026310.jpg,matched own listing photo
miyagi/kakuda,49,旬味れすとらん 入の坊,https://img.bokenjapan.com/media/kakuda-dining-4002401.jpg,https://img.bokenjapan.com/media/kakuda-dining-4029142.jpg,matched own listing photo
miyagi/kakuda,50,丸惠コーヒー,https://img.bokenjapan.com/media/kakuda-dining-4009996.jpg,https://img.bokenjapan.com/media/kakuda-dining-4002401.jpg,matched own listing photo
miyagi/kakuda,51,中華味一　鳳,https://img.bokenjapan.com/media/kakuda-dining-4030213.jpg,https://img.bokenjapan.com/media/kakuda-dining-4009996.jpg,matched own listing photo
miyagi/kakuda,52,天然温泉もみの木 そばうどんコーナー はなみずき,https://img.bokenjapan.com/media/kakuda-dining-4026988.jpg,https://img.bokenjapan.com/media/kakuda-dining-4030213.jpg,matched own listing photo
miyagi/kakuda,53,牛たん炭焼 利久 角田店,https://img.bokenjapan.com/media/kakuda-dining-4028934.jpg,https://img.bokenjapan.com/media/kakuda-dining-4026988.jpg,matched own listing photo
miyagi/kakuda,54,有限会社 マルセン,https://img.bokenjapan.com/media/kakuda-dining-4018654.jpg,https://img.bokenjapan.com/media/kakuda-dining-4028934.jpg,matched own listing photo
miyagi/kakuda,55,ホルモン食堂 食樂 角田店,https://img.bokenjapan.com/media/kakuda-dining-4027164.jpg,https://img.bokenjapan.com/media/kakuda-dining-4018654.jpg,matched own listing photo
miyagi/kakuda,56,ラーメン喫茶 りんどう,https://img.bokenjapan.com/media/kakuda-dining-4021586.jpg,https://img.bokenjapan.com/media/kakuda-dining-4027164.jpg,matched own listing photo
miyagi/kakuda,57,おそうざい屋デリデリキッチン,https://img.bokenjapan.com/media/kakuda-dining-4020316.jpg,https://img.bokenjapan.com/media/kakuda-dining-4021586.jpg,matched own listing photo
miyagi/kakuda,58,斎藤養鶏場,https://img.bokenjapan.com/media/kakuda-dining-4021434.jpg,https://img.bokenjapan.com/media/kakuda-dining-4020316.jpg,matched own listing photo
miyagi/kakuda,61,和風レストラン まるまつ 角田店,https://img.bokenjapan.com/media/kakuda-dining-4016356.jpg,,photo belonged to another card; no own photo found
miyagi/kakuda,62,すき家 113号角田店,https://img.bokenjapan.com/media/kakuda-dining-4016209.jpg,https://img.bokenjapan.com/media/kakuda-dining-4016356.jpg,matched own listing photo
miyagi/kakuda,63,ひまわり ヤマザワ角田店,https://img.bokenjapan.com/media/kakuda-dining-4022318.jpg,https://img.bokenjapan.com/media/kakuda-dining-4016209.jpg,matched own listing photo
miyagi/kakuda,64,にじいろカフェ,https://img.bokenjapan.com/media/kakuda-dining-4014683.jpg,https://img.bokenjapan.com/media/kakuda-dining-4022318.jpg,matched own listing photo
miyagi/kakuda,65,肉のささき,https://img.bokenjapan.com/media/kakuda-dining-4013942.jpg,https://img.bokenjapan.com/media/kakuda-dining-4014683.jpg,matched own listing photo
miyagi/kakuda,66,すし和,https://img.bokenjapan.com/media/kakuda-dining-4004568.jpg,https://img.bokenjapan.com/media/kakuda-dining-4013942.jpg,matched own listing photo
miyagi/kakuda,67,宮,https://img.bokenjapan.com/media/kakuda-dining-4003171.jpg,,photo belonged to another card; no own photo found
miyagi/kakuda,68,ミニストップ 角田藤田店,https://img.bokenjapan.com/media/kakuda-dining-4017711.jpg,https://img.bokenjapan.com/media/kakuda-dining-4003171.jpg,matched own listing photo
miyagi/kakuda,69,バカ美味ぎょうざ,https://img.bokenjapan.com/media/kakuda-dining-4022887.jpg,https://img.bokenjapan.com/media/kakuda-dining-4017711.jpg,matched own listing photo
miyagi/kakuda,70,Ecco la qua,https://img.bokenjapan.com/media/kakuda-dining-4019336.jpg,https://img.bokenjapan.com/media/kakuda-dining-4022887.jpg,matched own listing photo
miyagi/kakuda,71,胡椒亭,https://img.bokenjapan.com/media/kakuda-dining-4005325.jpg,https://img.bokenjapan.com/media/kakuda-dining-4019336.jpg,matched own listing photo
miyagi/kakuda,72,三晴寿司,https://img.bokenjapan.com/media/kakuda-dining-4004674.jpg,https://img.bokenjapan.com/media/kakuda-dining-4005325.jpg,matched own listing photo
miyagi/kakuda,73,イーグル,https://img.bokenjapan.com/media/kakuda-dining-4028532.jpg,https://img.bokenjapan.com/media/kakuda-dining-4004674.jpg,matched own listing photo
miyagi/kakuda,74,ウィザード,https://img.bokenjapan.com/media/kakuda-dining-4028533.jpg,https://img.bokenjapan.com/media/kakuda-dining-4028532.jpg,matched own listing photo
miyagi/kakuda,75,天然温泉もみの木 産直コーナー,https://img.bokenjapan.com/media/kakuda-dining-4026986.jpg,https://img.bokenjapan.com/media/kakuda-dining-4028533.jpg,matched own listing photo
miyagi/kakuda,76,新よこはま,https://img.bokenjapan.com/media/kakuda-dining-4030122.jpg,https://img.bokenjapan.com/media/kakuda-dining-4026986.jpg,matched own listing photo
miyagi/kakuda,77,幸楽苑 角田店,https://img.bokenjapan.com/media/kakuda-dining-4016355.jpg,https://img.bokenjapan.com/media/kakuda-dining-4030122.jpg,matched own listing photo
miyagi/kakuda,80,工房 美山の里,https://img.bokenjapan.com/media/kakuda-dining-4011256.jpg,,photo belonged to another card; no own photo found
miyagi/kakuda,81,ふる里,https://img.bokenjapan.com/media/kakuda-dining-4006590.jpg,https://img.bokenjapan.com/media/kakuda-dining-4011256.jpg,matched own listing photo
miyagi/kakuda,82,たこさく,https://img.bokenjapan.com/media/kakuda-dining-4021327.jpg,https://img.bokenjapan.com/media/kakuda-dining-4006590.jpg,matched own listing photo
miyagi/kakuda,83,ヤマザワ 角田店,https://img.bokenjapan.com/media/kakuda-dining-4022272.jpg,https://img.bokenjapan.com/media/kakuda-dining-4021327.jpg,matched own listing photo
miyagi/kakuda,84,ゲストハウス66,https://img.bokenjapan.com/media/kakuda-dining-4023717.jpg,https://img.bokenjapan.com/media/kakuda-dining-4022272.jpg,matched own listing photo
miyagi/kakuda,86,スナック Ageha,https://img.bokenjapan.com/media/kakuda-dining-4016957.jpg,,photo belonged to another card; no own photo found
miyagi/kakuda,88,ぜいご屋 ふふ,https://img.bokenjapan.com/media/kakuda-dining-4004603.jpg,https://img.bokenjapan.com/media/kakuda-dining-4016957.jpg,matched own listing photo
miyagi/kakuda,89,シャトレーゼ 角田店,https://img.bokenjapan.com/media/kakuda-dining-4028099.jpg,https://img.bokenjapan.com/media/kakuda-dining-4004603.jpg,matched own listing photo
miyagi/kakuda,90,モンペリエ ヨークベニマル角田店,https://img.bokenjapan.com/media/kakuda-dining-4020325.jpg,https://img.bokenjapan.com/media/kakuda-dining-4028099.jpg,matched own listing photo
miyagi/kakuda,91,ほっともっと 角田錦町店,https://img.bokenjapan.com/media/kakuda-dining-4015892.jpg,https://img.bokenjapan.com/media/kakuda-dining-4020325.jpg,matched own listing photo
miyagi/kakuda,92,サンロード ヤマザワ角田店,https://img.bokenjapan.com/media/kakuda-dining-4022319.jpg,https://img.bokenjapan.com/media/kakuda-dining-4015892.jpg,matched own listing photo
miyagi/kakuda,93,LAWSON 角田横倉店,https://img.bokenjapan.com/media/kakuda-dining-4018210.jpg,https://img.bokenjapan.com/media/kakuda-dining-4022319.jpg,matched own listing photo
miyagi/kakuda,94,養老乃瀧 角田店,https://img.bokenjapan.com/media/kakuda-dining-4010655.jpg,https://img.bokenjapan.com/media/kakuda-dining-4018210.jpg,matched own listing photo
miyagi/kakuda,96,フジヤ 角田店,https://img.bokenjapan.com/media/kakuda-dining-4021224.jpg,https://img.bokenjapan.com/media/kakuda-dining-4010655.jpg,matched own listing photo
miyagi/kakuda,100,丸山 産直食肉センター,https://img.bokenjapan.com/media/kakuda-dining-4023295.jpg,,photo belonged to another card; no own photo found
miyagi/kakuda,101,セブンイレブン 角田江尻店,https://img.bokenjapan.com/media/kakuda-dining-4017882.jpg,https://img.bokenjapan.com/media/kakuda-dining-4023295.jpg,matched own listing photo
miyagi/kakuda,102,館 角田,https://img.bokenjapan.com/media/kakuda-dining-4022733.jpg,https://img.bokenjapan.com/media/kakuda-dining-4017882.jpg,matched own listing photo
miyagi/kakuda,103,味工房めいじ,https://img.bokenjapan.com/media/kakuda-dining-4011710.jpg,https://img.bokenjapan.com/media/kakuda-dining-4022733.jpg,matched own listing photo
miyagi/kakuda,104,ささもり 西仲町店,https://img.bokenjapan.com/media/kakuda-dining-4016200.jpg,https://img.bokenjapan.com/media/kakuda-dining-4011710.jpg,matched own listing photo
miyagi/kakuda,105,めん六や 宮城角田店,https://img.bokenjapan.com/media/kakuda-dining-4019724.jpg,https://img.bokenjapan.com/media/kakuda-dining-4016200.jpg,matched own listing photo
miyagi/kakuda,106,ポトスの森,https://img.bokenjapan.com/media/kakuda-dining-4021132.jpg,https://img.bokenjapan.com/media/kakuda-dining-4019724.jpg,matched own listing photo
miyagi/kakuda,107,不二家 ヨークベニマル角田店,https://img.bokenjapan.com/media/kakuda-dining-4021133.jpg,https://img.bokenjapan.com/media/kakuda-dining-4021132.jpg,matched own listing photo
miyagi/kakuda,108,大衆割烹大伊豆,https://img.bokenjapan.com/media/kakuda-dining-4007269.jpg,https://img.bokenjapan.com/media/kakuda-dining-4021133.jpg,matched own listing photo
miyagi/kakuda,109,AS,https://img.bokenjapan.com/media/kakuda-dining-4018821.jpg,https://img.bokenjapan.com/media/kakuda-dining-4007269.jpg,matched own listing photo
miyagi/kakuda,110,フレッシュグリーン,https://img.bokenjapan.com/media/kakuda-dining-4021660.jpg,https://img.bokenjapan.com/media/kakuda-dining-4018821.jpg,matched own listing photo
miyagi/kakuda,111,ゆうき水産,https://img.bokenjapan.com/media/kakuda-dining-4021326.jpg,https://img.bokenjapan.com/media/kakuda-dining-4021660.jpg,matched own listing photo
miyagi/kakuda,112,ツルハドラッグ 角田店,https://img.bokenjapan.com/media/kakuda-dining-4021225.jpg,https://img.bokenjapan.com/media/kakuda-dining-4021326.jpg,matched own listing photo
miyagi/kakuda,113,セブンイレブン 角田横倉,https://img.bokenjapan.com/media/kakuda-dining-4018295.jpg,https://img.bokenjapan.com/media/kakuda-dining-4021225.jpg,matched own listing photo
miyagi/kakuda,114,馬上かまぼこ店 角田柳町店,https://img.bokenjapan.com/media/kakuda-dining-4021998.jpg,https://img.bokenjapan.com/media/kakuda-dining-4018295.jpg,matched own listing photo
miyagi/kakuda,115,LAWSON 角田田町店,https://img.bokenjapan.com/media/kakuda-dining-4025897.jpg,https://img.bokenjapan.com/media/kakuda-dining-4021998.jpg,matched own listing photo
miyagi/kakuda,116,clover coffee stand,https://img.bokenjapan.com/media/kakuda-dining-4030466.jpg,https://img.bokenjapan.com/media/kakuda-dining-4025897.jpg,matched own listing photo
miyagi/kakuda,145,梅寿司,https://img.bokenjapan.com/media/kakuda-dining-ta13036013-p.webp,https://img.bokenjapan.com/media/kakuda-dining-ta5.jpg,matched own listing photo
miyagi/kakuda,156,比婆権,https://img.bokenjapan.com/media/kakuda-dining-ta7671771-p.webp,https://img.bokenjapan.com/media/kakuda-dining-ta9.jpg,matched own listing photo
miyagi/kakuda,180,角屋ホルモン食堂,https://img.bokenjapan.com/media/kakuda-dining-ta7514422-p.webp,https://img.bokenjapan.com/media/kakuda-dining-ta9.jpg,matched own listing photo
miyagi/kakuda,182,つつみ屋 角田店,https://img.bokenjapan.com/media/kakuda-dining-ta13035995-p.webp,https://img.bokenjapan.com/media/kakuda-dining-ta10.jpg,matched own listing photo
miyagi/kamimachi,2,おざわ食堂,https://img.bokenjapan.com/media/kamimachi-dining-4002536.jpg,,photo belonged to another card; no own photo found
miyagi/kamimachi,3,齋虎,https://img.bokenjapan.com/media/kamimachi-dining-4016203.jpg,https://img.bokenjapan.com/media/kamimachi-dining-4002536.jpg,matched own listing photo
miyagi/kamimachi,4,GENJIRO,https://img.bokenjapan.com/media/kamimachi-dining-4008509.jpg,https://img.bokenjapan.com/media/kamimachi-dining-4016203.jpg,matched own listing photo
miyagi/kamimachi,5,中華料理　栄楽,https://img.bokenjapan.com/media/kamimachi-dining-4007986.jpg,https://img.bokenjapan.com/media/kamimachi-dining-4008509.jpg,matched own listing photo
miyagi/kamimachi,6,蕎麦 りぞう庵,https://img.bokenjapan.com/media/kamimachi-dining-4010361.jpg,https://img.bokenjapan.com/media/kamimachi-dining-4007986.jpg,matched own listing photo
miyagi/kamimachi,7,たけや,https://img.bokenjapan.com/media/kamimachi-dining-4015372.jpg,https://img.bokenjapan.com/media/kamimachi-dining-4010361.jpg,matched own listing photo
miyagi/kamimachi,8,ごはん屋 日に日に,https://img.bokenjapan.com/media/kamimachi-dining-4027747.jpg,https://img.bokenjapan.com/media/kamimachi-dining-4015372.jpg,matched own listing photo
miyagi/kamimachi,9,やくらいハイツ,https://img.bokenjapan.com/media/kamimachi-dining-4007676.jpg,https://img.bokenjapan.com/media/kamimachi-dining-4027747.jpg,matched own listing photo
miyagi/kamimachi,10,加美町食堂 ピッチョーネ,https://img.bokenjapan.com/media/kamimachi-dining-4023399.jpg,https://img.bokenjapan.com/media/kamimachi-dining-4007676.jpg,matched own listing photo
miyagi/kamimachi,11,やくらい土産センター・山の幸センター,https://img.bokenjapan.com/media/kamimachi-dining-4010281.jpg,https://img.bokenjapan.com/media/kamimachi-dining-4023399.jpg,matched own listing photo
miyagi/kamimachi,12,味楽,https://img.bokenjapan.com/media/kamimachi-dining-4009814.jpg,https://img.bokenjapan.com/media/kamimachi-dining-4010281.jpg,matched own listing photo
miyagi/kamimachi,13,滝庭の関 駒庄,https://img.bokenjapan.com/media/kamimachi-dining-4002116.jpg,https://img.bokenjapan.com/media/kamimachi-dining-4009814.jpg,matched own listing photo
miyagi/kamimachi,14,中華そば みつば,https://img.bokenjapan.com/media/kamimachi-dining-4028585.jpg,https://img.bokenjapan.com/media/kamimachi-dining-4002116.jpg,matched own listing photo
miyagi/kamimachi,15,フォーリア,https://img.bokenjapan.com/media/kamimachi-dining-4023605.jpg,https://img.bokenjapan.com/media/kamimachi-dining-4028585.jpg,matched own listing photo
miyagi/kamimachi,16,えちご亭,https://img.bokenjapan.com/media/kamimachi-dining-4007565.jpg,https://img.bokenjapan.com/media/kamimachi-dining-4023605.jpg,matched own listing photo
miyagi/kamimachi,17,かさ松,https://img.bokenjapan.com/media/kamimachi-dining-4019148.jpg,https://img.bokenjapan.com/media/kamimachi-dining-4007565.jpg,matched own listing photo
miyagi/kamimachi,18,リベルテ,https://img.bokenjapan.com/media/kamimachi-dining-4005283.jpg,https://img.bokenjapan.com/media/kamimachi-dining-4019148.jpg,matched own listing photo
miyagi/kamimachi,19,あさりん菓子店,https://img.bokenjapan.com/media/kamimachi-dining-4009139.jpg,https://img.bokenjapan.com/media/kamimachi-dining-4005283.jpg,matched own listing photo
miyagi/kamimachi,22,ぶな林,https://img.bokenjapan.com/media/kamimachi-dining-4001316.jpg,,photo belonged to another card; no own photo found
miyagi/kamimachi,23,いろは食堂,https://img.bokenjapan.com/media/kamimachi-dining-4006309.jpg,https://img.bokenjapan.com/media/kamimachi-dining-4001316.jpg,matched own listing photo
miyagi/kamimachi,24,こだわりとんかつひかり亭,https://img.bokenjapan.com/media/kamimachi-dining-4006138.jpg,https://img.bokenjapan.com/media/kamimachi-dining-4006309.jpg,matched own listing photo
miyagi/kamimachi,25,天鳳,https://img.bokenjapan.com/media/kamimachi-dining-4003795.jpg,https://img.bokenjapan.com/media/kamimachi-dining-4006138.jpg,matched own listing photo
miyagi/kamimachi,26,金村屋,https://img.bokenjapan.com/media/kamimachi-dining-4004412.jpg,https://img.bokenjapan.com/media/kamimachi-dining-4003795.jpg,matched own listing photo
miyagi/kamimachi,27,文華,https://img.bokenjapan.com/media/kamimachi-dining-4003796.jpg,https://img.bokenjapan.com/media/kamimachi-dining-4004412.jpg,matched own listing photo
miyagi/kamimachi,28,丸大屋,https://img.bokenjapan.com/media/kamimachi-dining-4007679.jpg,https://img.bokenjapan.com/media/kamimachi-dining-4003796.jpg,matched own listing photo
miyagi/kamimachi,29,宗右衛門,https://img.bokenjapan.com/media/kamimachi-dining-4009349.jpg,https://img.bokenjapan.com/media/kamimachi-dining-4007679.jpg,matched own listing photo
miyagi/kamimachi,30,ささや食堂,https://img.bokenjapan.com/media/kamimachi-dining-4006412.jpg,https://img.bokenjapan.com/media/kamimachi-dining-4009349.jpg,matched own listing photo
miyagi/kamimachi,31,る ぱん こなこな,https://img.bokenjapan.com/media/kamimachi-dining-4021325.jpg,https://img.bokenjapan.com/media/kamimachi-dining-4006412.jpg,matched own listing photo
miyagi/kamimachi,32,カフェ ぐらん,https://img.bokenjapan.com/media/kamimachi-dining-4024284.jpg,https://img.bokenjapan.com/media/kamimachi-dining-4021325.jpg,matched own listing photo
miyagi/kamimachi,33,中国料理 東華,https://img.bokenjapan.com/media/kamimachi-dining-4020944.jpg,https://img.bokenjapan.com/media/kamimachi-dining-4024284.jpg,matched own listing photo
miyagi/kamimachi,34,凛凛,https://img.bokenjapan.com/media/kamimachi-dining-4028963.jpg,https://img.bokenjapan.com/media/kamimachi-dining-4020944.jpg,matched own listing photo
miyagi/kamimachi,35,Boulangerie ARBRE,https://img.bokenjapan.com/media/kamimachi-dining-4026054.jpg,https://img.bokenjapan.com/media/kamimachi-dining-4028963.jpg,matched own listing photo
miyagi/kamimachi,36,だがし屋 竹とんぼ,https://img.bokenjapan.com/media/kamimachi-dining-4029360.jpg,https://img.bokenjapan.com/media/kamimachi-dining-4026054.jpg,matched own listing photo
miyagi/kamimachi,37,どりーむ,https://img.bokenjapan.com/media/kamimachi-dining-4029358.jpg,https://img.bokenjapan.com/media/kamimachi-dining-4029360.jpg,matched own listing photo
miyagi/kamimachi,38,米澤屋,https://img.bokenjapan.com/media/kamimachi-dining-4017377.jpg,https://img.bokenjapan.com/media/kamimachi-dining-4029358.jpg,matched own listing photo
miyagi/kamimachi,39,門眞菓子店,https://img.bokenjapan.com/media/kamimachi-dining-4007681.jpg,https://img.bokenjapan.com/media/kamimachi-dining-4017377.jpg,matched own listing photo
miyagi/kamimachi,42,食彩市場 みやざきどどんこ館,https://img.bokenjapan.com/media/kamimachi-dining-4019187.jpg,,photo belonged to another card; no own photo found
miyagi/kamimachi,43,菓子職人,https://img.bokenjapan.com/media/kamimachi-dining-4024744.jpg,https://img.bokenjapan.com/media/kamimachi-dining-4019187.jpg,matched own listing photo
miyagi/kamimachi,44,喜進堂,https://img.bokenjapan.com/media/kamimachi-dining-4019759.jpg,https://img.bokenjapan.com/media/kamimachi-dining-4024744.jpg,matched own listing photo
miyagi/kamimachi,45,All Time High Coffee Roastery,https://img.bokenjapan.com/media/kamimachi-dining-4030125.jpg,https://img.bokenjapan.com/media/kamimachi-dining-4019759.jpg,matched own listing photo
miyagi/kamimachi,46,広原ドライブイン,https://img.bokenjapan.com/media/kamimachi-dining-4011352.jpg,https://img.bokenjapan.com/media/kamimachi-dining-4030125.jpg,matched own listing photo
miyagi/kamimachi,47,ぶなの実,https://img.bokenjapan.com/media/kamimachi-dining-4006169.jpg,https://img.bokenjapan.com/media/kamimachi-dining-4011352.jpg,matched own listing photo
miyagi/kamimachi,48,おかしの越後屋,https://img.bokenjapan.com/media/kamimachi-dining-4024733.jpg,https://img.bokenjapan.com/media/kamimachi-dining-4006169.jpg,matched own listing photo
miyagi/kamimachi,49,つどい,https://img.bokenjapan.com/media/kamimachi-dining-4022909.jpg,https://img.bokenjapan.com/media/kamimachi-dining-4024733.jpg,matched own listing photo
miyagi/kamimachi,50,もち処大滝,https://img.bokenjapan.com/media/kamimachi-dining-4027251.jpg,https://img.bokenjapan.com/media/kamimachi-dining-4022909.jpg,matched own listing photo
miyagi/kamimachi,51,ENSEMBLE COFFEE,https://img.bokenjapan.com/media/kamimachi-dining-4025861.jpg,https://img.bokenjapan.com/media/kamimachi-dining-4027251.jpg,matched own listing photo
miyagi/kamimachi,52,外の音,https://img.bokenjapan.com/media/kamimachi-dining-4027942.jpg,https://img.bokenjapan.com/media/kamimachi-dining-4025861.jpg,matched own listing photo
miyagi/kamimachi,53,おたる,https://img.bokenjapan.com/media/kamimachi-dining-4003826.jpg,https://img.bokenjapan.com/media/kamimachi-dining-4027942.jpg,matched own listing photo
miyagi/kamimachi,54,喜久しん,https://img.bokenjapan.com/media/kamimachi-dining-4008435.jpg,https://img.bokenjapan.com/media/kamimachi-dining-4003826.jpg,matched own listing photo
miyagi/kamimachi,55,陽だまりCafé,https://img.bokenjapan.com/media/kamimachi-dining-4028740.jpg,https://img.bokenjapan.com/media/kamimachi-dining-4008435.jpg,matched own listing photo
miyagi/kamimachi,56,はなや,https://img.bokenjapan.com/media/kamimachi-dining-4006552.jpg,https://img.bokenjapan.com/media/kamimachi-dining-4028740.jpg,matched own listing photo
miyagi/kamimachi,57,やくらいサイズゴルフ倶楽部 レストラン,https://img.bokenjapan.com/media/kamimachi-dining-4007673.jpg,https://img.bokenjapan.com/media/kamimachi-dining-4006552.jpg,matched own listing photo
miyagi/kamimachi,58,カフェ 路上,https://img.bokenjapan.com/media/kamimachi-dining-4027142.jpg,https://img.bokenjapan.com/media/kamimachi-dining-4007673.jpg,matched own listing photo
miyagi/kamimachi,59,アポロ菓子店,https://img.bokenjapan.com/media/kamimachi-dining-4027799.jpg,https://img.bokenjapan.com/media/kamimachi-dining-4027142.jpg,matched own listing photo
miyagi/kamimachi,62,加美パルコ,https://img.bokenjapan.com/media/kamimachi-dining-4021739.jpg,,photo belonged to another card; no own photo found
miyagi/kamimachi,64,きっちんとまと,https://img.bokenjapan.com/media/kamimachi-dining-4030351.jpg,https://img.bokenjapan.com/media/kamimachi-dining-4021739.jpg,matched own listing photo
miyagi/kamimachi,65,いっぷく亭,https://img.bokenjapan.com/media/kamimachi-dining-4028401.jpg,https://img.bokenjapan.com/media/kamimachi-dining-4030351.jpg,matched own listing photo
miyagi/kamimachi,66,平禄寿司 宮城加美中新田店,https://img.bokenjapan.com/media/kamimachi-dining-4013143.jpg,,photo belonged to another card; no own photo found
miyagi/kamimachi,67,和風レストランまるまつ 中新田店,https://img.bokenjapan.com/media/kamimachi-dining-4006094.jpg,https://img.bokenjapan.com/media/kamimachi-dining-4013143.jpg,matched own listing photo
miyagi/kamimachi,68,おなつ食堂,https://img.bokenjapan.com/media/kamimachi-dining-4009097.jpg,https://img.bokenjapan.com/media/kamimachi-dining-4006094.jpg,matched own listing photo
miyagi/kamimachi,69,モンペリエ 中新田店,https://img.bokenjapan.com/media/kamimachi-dining-4014576.jpg,https://img.bokenjapan.com/media/kamimachi-dining-4009097.jpg,matched own listing photo
miyagi/kamimachi,70,あじわいの朝 中新田店,https://img.bokenjapan.com/media/kamimachi-dining-4017344.jpg,https://img.bokenjapan.com/media/kamimachi-dining-4014576.jpg,matched own listing photo
miyagi/kamimachi,71,IZAKAYAきたむら,https://img.bokenjapan.com/media/kamimachi-dining-4002410.jpg,https://img.bokenjapan.com/media/kamimachi-dining-4017344.jpg,matched own listing photo
miyagi/kamimachi,72,不二家 イオンSuC加美店,https://img.bokenjapan.com/media/kamimachi-dining-4014779.jpg,https://img.bokenjapan.com/media/kamimachi-dining-4002410.jpg,matched own listing photo
miyagi/kamimachi,73,パン工場 イオンスーパーセンター加美店,https://img.bokenjapan.com/media/kamimachi-dining-4021666.jpg,https://img.bokenjapan.com/media/kamimachi-dining-4014779.jpg,matched own listing photo
miyagi/kamimachi,74,ENSEMBLE COFFEE,https://img.bokenjapan.com/media/kamimachi-dining-4024215.jpg,https://img.bokenjapan.com/media/kamimachi-dining-4021666.jpg,matched own listing photo
miyagi/kamimachi,75,カフェ・ド・ゴーシュ,https://img.bokenjapan.com/media/kamimachi-dining-4012523.jpg,https://img.bokenjapan.com/media/kamimachi-dining-4024215.jpg,matched own listing photo
miyagi/kamimachi,76,宮川とうふ店,https://img.bokenjapan.com/media/kamimachi-dining-4023010.jpg,https://img.bokenjapan.com/media/kamimachi-dining-4012523.jpg,matched own listing photo
miyagi/kamimachi,77,居酒屋さすけ,https://img.bokenjapan.com/media/kamimachi-dining-4004082.jpg,https://img.bokenjapan.com/media/kamimachi-dining-4023010.jpg,matched own listing photo
miyagi/kamimachi,78,セブンイレブン 宮城中新田矢越店,https://img.bokenjapan.com/media/kamimachi-dining-4019073.jpg,https://img.bokenjapan.com/media/kamimachi-dining-4004082.jpg,matched own listing photo
miyagi/kamimachi,82,レストラン フォーリア,https://img.bokenjapan.com/media/kamimachi-dining-4009447.jpg,,photo belonged to another card; no own photo found
miyagi/kamimachi,83,松泉堂,https://img.bokenjapan.com/media/kamimachi-dining-4025654.jpg,https://img.bokenjapan.com/media/kamimachi-dining-4009447.jpg,matched own listing photo
miyagi/kamimachi,84,あじまん DCM中新田店,https://img.bokenjapan.com/media/kamimachi-dining-4029474.jpg,https://img.bokenjapan.com/media/kamimachi-dining-4025654.jpg,matched own listing photo
miyagi/kamimachi,85,ホルモン屋,https://img.bokenjapan.com/media/kamimachi-dining-4005853.jpg,https://img.bokenjapan.com/media/kamimachi-dining-4029474.jpg,matched own listing photo
miyagi/kamimachi,86,ほっともっと 加美町店,https://img.bokenjapan.com/media/kamimachi-dining-4014171.jpg,https://img.bokenjapan.com/media/kamimachi-dining-4005853.jpg,matched own listing photo
miyagi/kamimachi,87,菓子心 つきやま,https://img.bokenjapan.com/media/kamimachi-dining-4029680.jpg,https://img.bokenjapan.com/media/kamimachi-dining-4014171.jpg,matched own listing photo
miyagi/kamimachi,88,酒のもりか,https://img.bokenjapan.com/media/kamimachi-dining-4029361.jpg,https://img.bokenjapan.com/media/kamimachi-dining-4029680.jpg,matched own listing photo
miyagi/kamimachi,89,茶房うちみ,https://img.bokenjapan.com/media/kamimachi-dining-4029359.jpg,https://img.bokenjapan.com/media/kamimachi-dining-4029361.jpg,matched own listing photo
miyagi/kamimachi,90,山和酒造店,https://img.bokenjapan.com/media/kamimachi-dining-4026485.jpg,https://img.bokenjapan.com/media/kamimachi-dining-4029359.jpg,matched own listing photo
miyagi/kamimachi,91,はやせ鮎 宮城鮎工房,https://img.bokenjapan.com/media/kamimachi-dining-4024490.jpg,https://img.bokenjapan.com/media/kamimachi-dining-4026485.jpg,matched own listing photo
miyagi/kamimachi,93,ほし栄,https://img.bokenjapan.com/media/kamimachi-dining-4021931.jpg,https://img.bokenjapan.com/media/kamimachi-dining-4024490.jpg,matched own listing photo
miyagi/kawasakicho,2,森のピザ工房 ルヴォワール 川崎町本店,https://img.bokenjapan.com/media/kawasakicho-dining-4012556.jpg,,photo belonged to another card; no own photo found
miyagi/kawasakicho,3,佐幸精肉食堂,https://img.bokenjapan.com/media/kawasakicho-dining-4010238.jpg,https://img.bokenjapan.com/media/kawasakicho-dining-4012556.jpg,matched own listing photo
miyagi/kawasakicho,4,ドライブイン みしま,https://img.bokenjapan.com/media/kawasakicho-dining-4007867.jpg,https://img.bokenjapan.com/media/kawasakicho-dining-4010238.jpg,matched own listing photo
miyagi/kawasakicho,5,ブルー コーヒー,https://img.bokenjapan.com/media/kawasakicho-dining-4016257.jpg,https://img.bokenjapan.com/media/kawasakicho-dining-4007867.jpg,matched own listing photo
miyagi/kawasakicho,6,支那そば家,https://img.bokenjapan.com/media/kawasakicho-dining-4002174.jpg,https://img.bokenjapan.com/media/kawasakicho-dining-4016257.jpg,matched own listing photo
miyagi/kawasakicho,7,farmer's table mano,https://img.bokenjapan.com/media/kawasakicho-dining-4024247.jpg,https://img.bokenjapan.com/media/kawasakicho-dining-4002174.jpg,matched own listing photo
miyagi/kawasakicho,8,そば処 舌つづみ,https://img.bokenjapan.com/media/kawasakicho-dining-4001517.jpg,https://img.bokenjapan.com/media/kawasakicho-dining-4024247.jpg,matched own listing photo
miyagi/kawasakicho,9,Ono de cafe,https://img.bokenjapan.com/media/kawasakicho-dining-4027901.jpg,https://img.bokenjapan.com/media/kawasakicho-dining-4001517.jpg,matched own listing photo
miyagi/kawasakicho,10,東蔵王ゴルフ倶楽部 レストラン,https://img.bokenjapan.com/media/kawasakicho-dining-4011919.jpg,https://img.bokenjapan.com/media/kawasakicho-dining-4027901.jpg,matched own listing photo
miyagi/kawasakicho,12,大勝食堂,https://img.bokenjapan.com/media/kawasakicho-dining-4013763.jpg,,photo belonged to another card; no own photo found
miyagi/kawasakicho,13,手造りジェラートan,https://img.bokenjapan.com/media/kawasakicho-dining-4020473.jpg,https://img.bokenjapan.com/media/kawasakicho-dining-4013763.jpg,matched own listing photo
miyagi/kawasakicho,17,生駒農場,https://img.bokenjapan.com/media/kawasakicho-dining-4022754.jpg,,photo belonged to another card; no own photo found
miyagi/kawasakicho,18,ミッキーランド,https://img.bokenjapan.com/media/kawasakicho-dining-4013756.jpg,https://img.bokenjapan.com/media/kawasakicho-dining-4022754.jpg,matched own listing photo
miyagi/kawasakicho,19,スタジオファーレン 青根の家,https://img.bokenjapan.com/media/kawasakicho-dining-4018272.jpg,https://img.bokenjapan.com/media/kawasakicho-dining-4013756.jpg,matched own listing photo
miyagi/kawasakicho,20,古関食堂 古関PA(上り)店,https://img.bokenjapan.com/media/kawasakicho-dining-4024450.jpg,,photo belonged to another card; no own photo found
miyagi/kawasakicho,21,イーレはせくら王国,https://img.bokenjapan.com/media/kawasakicho-dining-4021096.jpg,https://img.bokenjapan.com/media/kawasakicho-dining-4024450.jpg,matched own listing photo
miyagi/kawasakicho,22,かもしか茶屋,https://img.bokenjapan.com/media/kawasakicho-dining-4011713.jpg,https://img.bokenjapan.com/media/kawasakicho-dining-4021096.jpg,matched own listing photo
miyagi/kawasakicho,23,クリヤ コーヒー ロースターズ,https://img.bokenjapan.com/media/kawasakicho-dining-4021724.jpg,https://img.bokenjapan.com/media/kawasakicho-dining-4011713.jpg,matched own listing photo
miyagi/kawasakicho,24,宝来屋,https://img.bokenjapan.com/media/kawasakicho-dining-4008163.jpg,https://img.bokenjapan.com/media/kawasakicho-dining-4021724.jpg,matched own listing photo
miyagi/kawasakicho,25,駒草,https://img.bokenjapan.com/media/kawasakicho-dining-4013733.jpg,https://img.bokenjapan.com/media/kawasakicho-dining-4008163.jpg,matched own listing photo
miyagi/kawasakicho,26,シベール ハーツランド  ファクトリーテラス,https://img.bokenjapan.com/media/kawasakicho-dining-4002158.jpg,https://img.bokenjapan.com/media/kawasakicho-dining-4013733.jpg,matched own listing photo
miyagi/kawasakicho,27,彩のやかた,https://img.bokenjapan.com/media/kawasakicho-dining-4016549.jpg,https://img.bokenjapan.com/media/kawasakicho-dining-4002158.jpg,matched own listing photo
miyagi/kawasakicho,28,茶舗　福ノ葉堂,https://img.bokenjapan.com/media/kawasakicho-dining-4027325.jpg,https://img.bokenjapan.com/media/kawasakicho-dining-4016549.jpg,matched own listing photo
miyagi/kawasakicho,29,ラップランド,https://img.bokenjapan.com/media/kawasakicho-dining-4002437.jpg,https://img.bokenjapan.com/media/kawasakicho-dining-4027325.jpg,matched own listing photo
miyagi/kawasakicho,30,杜の公園ゴルフクラブ レストラン,https://img.bokenjapan.com/media/kawasakicho-dining-4015705.jpg,https://img.bokenjapan.com/media/kawasakicho-dining-4002437.jpg,matched own listing photo
miyagi/kawasakicho,31,kawauchi Café,https://img.bokenjapan.com/media/kawasakicho-dining-4027890.jpg,https://img.bokenjapan.com/media/kawasakicho-dining-4015705.jpg,matched own listing photo
miyagi/kawasakicho,32,小山支店,https://img.bokenjapan.com/media/kawasakicho-dining-4013757.jpg,https://img.bokenjapan.com/media/kawasakicho-dining-4027890.jpg,matched own listing photo
miyagi/kawasakicho,33,ファットリア アル フィオーレ,https://img.bokenjapan.com/media/kawasakicho-dining-4020369.jpg,https://img.bokenjapan.com/media/kawasakicho-dining-4013757.jpg,matched own listing photo
miyagi/kawasakicho,36,山長商店,https://img.bokenjapan.com/media/kawasakicho-dining-4013731.jpg,,photo belonged to another card; no own photo found
miyagi/kawasakicho,37,そば茶屋 手打ち十割そば 一,https://img.bokenjapan.com/media/kawasakicho-dining-4025859.jpg,https://img.bokenjapan.com/media/kawasakicho-dining-4013731.jpg,matched own listing photo
miyagi/kawasakicho,38,HAKKEI,https://img.bokenjapan.com/media/kawasakicho-dining-4028928.jpg,https://img.bokenjapan.com/media/kawasakicho-dining-4025859.jpg,matched own listing photo
miyagi/kawasakicho,39,しずく茶,https://img.bokenjapan.com/media/kawasakicho-dining-4027421.jpg,https://img.bokenjapan.com/media/kawasakicho-dining-4028928.jpg,matched own listing photo
miyagi/kawasakicho,40,デイリーヤマザキ 古関PA(上り)店,https://img.bokenjapan.com/media/kawasakicho-dining-4024044.jpg,https://img.bokenjapan.com/media/kawasakicho-dining-4027421.jpg,matched own listing photo
miyagi/kawasakicho,41,デイリー食堂 古関PA(下り)店,https://img.bokenjapan.com/media/kawasakicho-dining-4024449.jpg,https://img.bokenjapan.com/media/kawasakicho-dining-4024044.jpg,matched own listing photo
miyagi/kawasakicho,42,キッズファームかわさき レストラン,https://img.bokenjapan.com/media/kawasakicho-dining-4024957.jpg,https://img.bokenjapan.com/media/kawasakicho-dining-4024449.jpg,matched own listing photo
miyagi/kawasakicho,43,レストラン&カフェ kokage,https://img.bokenjapan.com/media/kawasakicho-dining-4026573.jpg,https://img.bokenjapan.com/media/kawasakicho-dining-4024957.jpg,matched own listing photo
miyagi/kawasakicho,44,憩いの森レストハウス,https://img.bokenjapan.com/media/kawasakicho-dining-4026131.jpg,https://img.bokenjapan.com/media/kawasakicho-dining-4026573.jpg,matched own listing photo
miyagi/kawasakicho,45,ぱぴハウス 川崎店,https://img.bokenjapan.com/media/kawasakicho-dining-4010136.jpg,https://img.bokenjapan.com/media/kawasakicho-dining-4026131.jpg,matched own listing photo
miyagi/kawasakicho,46,デイリーヤマザキ 古関PA(下り)店,https://img.bokenjapan.com/media/kawasakicho-dining-4024045.jpg,https://img.bokenjapan.com/media/kawasakicho-dining-4010136.jpg,matched own listing photo
miyagi/kawasakicho,47,食事処味かつ,https://img.bokenjapan.com/media/kawasakicho-dining-4013760.jpg,https://img.bokenjapan.com/media/kawasakicho-dining-4024045.jpg,matched own listing photo
miyagi/kawasakicho,48,須賀物産,https://img.bokenjapan.com/media/kawasakicho-dining-4025171.jpg,https://img.bokenjapan.com/media/kawasakicho-dining-4013760.jpg,matched own listing photo
miyagi/kawasakicho,49,お菓子屋 とち,https://img.bokenjapan.com/media/kawasakicho-dining-4026680.jpg,https://img.bokenjapan.com/media/kawasakicho-dining-4025171.jpg,matched own listing photo
miyagi/kawasakicho,50,じゃっぽの湯,https://img.bokenjapan.com/media/kawasakicho-dining-4018718.jpg,https://img.bokenjapan.com/media/kawasakicho-dining-4026680.jpg,matched own listing photo
miyagi/kawasakicho,51,うえの屋,https://img.bokenjapan.com/media/kawasakicho-dining-4024839.jpg,https://img.bokenjapan.com/media/kawasakicho-dining-4018718.jpg,matched own listing photo
miyagi/kawasakicho,52,LAWSON 川崎碁石店,https://img.bokenjapan.com/media/kawasakicho-dining-4018152.jpg,https://img.bokenjapan.com/media/kawasakicho-dining-4024839.jpg,matched own listing photo
miyagi/kawasakicho,53,Kerapirka,https://img.bokenjapan.com/media/kawasakicho-dining-4029610.jpg,https://img.bokenjapan.com/media/kawasakicho-dining-4018152.jpg,matched own listing photo
miyagi/kawasakicho,56,みやぎ蔵王セントメリースキー場 カフェテリア,https://img.bokenjapan.com/media/kawasakicho-dining-4018326.jpg,,photo belonged to another card; no own photo found
miyagi/kawasakicho,57,青根温泉 一棟温泉宿 星月,https://img.bokenjapan.com/media/kawasakicho-dining-4020214.jpg,https://img.bokenjapan.com/media/kawasakicho-dining-4018326.jpg,matched own listing photo
miyagi/kawasakicho,58,木勘坊,https://img.bokenjapan.com/media/kawasakicho-dining-4018482.jpg,https://img.bokenjapan.com/media/kawasakicho-dining-4020214.jpg,matched own listing photo
miyagi/kawasakicho,59,Peanuts Place,https://img.bokenjapan.com/media/kawasakicho-dining-4025477.jpg,https://img.bokenjapan.com/media/kawasakicho-dining-4018482.jpg,matched own listing photo
miyagi/kawasakicho,60,佐々木精肉店,https://img.bokenjapan.com/media/kawasakicho-dining-4013730.jpg,https://img.bokenjapan.com/media/kawasakicho-dining-4025477.jpg,matched own listing photo
miyagi/kawasakicho,61,たべることくらすことSOW,https://img.bokenjapan.com/media/kawasakicho-dining-4028133.jpg,https://img.bokenjapan.com/media/kawasakicho-dining-4013730.jpg,matched own listing photo
miyagi/kawasakicho,62,仙台・川崎ホルモン 味処 久兵衛,https://img.bokenjapan.com/media/kawasakicho-dining-4025299.jpg,https://img.bokenjapan.com/media/kawasakicho-dining-4028133.jpg,matched own listing photo
miyagi/kesennuma,2,気仙沼 松葉寿司,https://img.bokenjapan.com/media/kesennuma-dining-4012038.jpg,,photo belonged to another card; no own photo found
miyagi/kesennuma,3,気仙沼-KUROMORI-,https://img.bokenjapan.com/media/kesennuma-dining-4029303.jpg,https://img.bokenjapan.com/media/kesennuma-dining-4012038.jpg,matched own listing photo
miyagi/kesennuma,4,あさひ鮨 本店,https://img.bokenjapan.com/media/kesennuma-dining-4018949.jpg,https://img.bokenjapan.com/media/kesennuma-dining-4029303.jpg,matched own listing photo
miyagi/kesennuma,5,中国料理 福建楼,https://img.bokenjapan.com/media/kesennuma-dining-4024329.jpg,https://img.bokenjapan.com/media/kesennuma-dining-4018949.jpg,matched own listing photo
miyagi/kesennuma,6,かもめ食堂,https://img.bokenjapan.com/media/kesennuma-dining-4017021.jpg,https://img.bokenjapan.com/media/kesennuma-dining-4024329.jpg,matched own listing photo
miyagi/kesennuma,7,鶴亀食堂,https://img.bokenjapan.com/media/kesennuma-dining-4022360.jpg,https://img.bokenjapan.com/media/kesennuma-dining-4017021.jpg,matched own listing photo
miyagi/kesennuma,8,喫茶マンボ,https://img.bokenjapan.com/media/kesennuma-dining-4007663.jpg,https://img.bokenjapan.com/media/kesennuma-dining-4022360.jpg,matched own listing photo
miyagi/kesennuma,9,宅配弁当・食堂 たばご屋,https://img.bokenjapan.com/media/kesennuma-dining-4025595.jpg,https://img.bokenjapan.com/media/kesennuma-dining-4007663.jpg,matched own listing photo
miyagi/kesennuma,10,HAMACAFE,https://img.bokenjapan.com/media/kesennuma-dining-4024084.jpg,https://img.bokenjapan.com/media/kesennuma-dining-4025595.jpg,matched own listing photo
miyagi/kesennuma,11,ぴんぽん,https://img.bokenjapan.com/media/kesennuma-dining-4002420.jpg,https://img.bokenjapan.com/media/kesennuma-dining-4024084.jpg,matched own listing photo
miyagi/kesennuma,12,港町レストラン 鮮,https://img.bokenjapan.com/media/kesennuma-dining-4000277.jpg,https://img.bokenjapan.com/media/kesennuma-dining-4002420.jpg,matched own listing photo
miyagi/kesennuma,13,お福,https://img.bokenjapan.com/media/kesennuma-dining-4003456.jpg,https://img.bokenjapan.com/media/kesennuma-dining-4000277.jpg,matched own listing photo
miyagi/kesennuma,14,アンカーコーヒー 内湾店,https://img.bokenjapan.com/media/kesennuma-dining-4021122.jpg,https://img.bokenjapan.com/media/kesennuma-dining-4003456.jpg,matched own listing photo
miyagi/kesennuma,15,北かつまぐろ屋 海の市店,https://img.bokenjapan.com/media/kesennuma-dining-4017635.jpg,https://img.bokenjapan.com/media/kesennuma-dining-4021122.jpg,matched own listing photo
miyagi/kesennuma,16,福幸酒場 おだづまっこ,https://img.bokenjapan.com/media/kesennuma-dining-4022948.jpg,https://img.bokenjapan.com/media/kesennuma-dining-4017635.jpg,matched own listing photo
miyagi/kesennuma,17,リアスキッチン,https://img.bokenjapan.com/media/kesennuma-dining-4015508.jpg,https://img.bokenjapan.com/media/kesennuma-dining-4022948.jpg,matched own listing photo
miyagi/kesennuma,21,鮨おがた,https://img.bokenjapan.com/media/kesennuma-dining-4022168.jpg,,photo belonged to another card; no own photo found
miyagi/kesennuma,22,大政,https://img.bokenjapan.com/media/kesennuma-dining-4000391.jpg,https://img.bokenjapan.com/media/kesennuma-dining-4022168.jpg,matched own listing photo
miyagi/kesennuma,23,ヤマヨ食堂,https://img.bokenjapan.com/media/kesennuma-dining-4026056.jpg,https://img.bokenjapan.com/media/kesennuma-dining-4000391.jpg,matched own listing photo
miyagi/kesennuma,24,UMICOCO,https://img.bokenjapan.com/media/kesennuma-dining-4024083.jpg,https://img.bokenjapan.com/media/kesennuma-dining-4026056.jpg,matched own listing photo
miyagi/kesennuma,25,焼肉くりこ,https://img.bokenjapan.com/media/kesennuma-dining-4003013.jpg,https://img.bokenjapan.com/media/kesennuma-dining-4024083.jpg,matched own listing photo
miyagi/kesennuma,26,鮨処 えんどう,https://img.bokenjapan.com/media/kesennuma-dining-4007664.jpg,https://img.bokenjapan.com/media/kesennuma-dining-4003013.jpg,matched own listing photo
miyagi/kesennuma,27,内湾の麺食堂 いちりん,https://img.bokenjapan.com/media/kesennuma-dining-4022593.jpg,https://img.bokenjapan.com/media/kesennuma-dining-4007664.jpg,matched own listing photo
miyagi/kesennuma,28,鼎 斉吉,https://img.bokenjapan.com/media/kesennuma-dining-4020883.jpg,https://img.bokenjapan.com/media/kesennuma-dining-4022593.jpg,matched own listing photo
miyagi/kesennuma,29,気仙沼プラザホテル,https://img.bokenjapan.com/media/kesennuma-dining-4010356.jpg,https://img.bokenjapan.com/media/kesennuma-dining-4020883.jpg,matched own listing photo
miyagi/kesennuma,30,気仙沼ホテル観洋,https://img.bokenjapan.com/media/kesennuma-dining-4010603.jpg,https://img.bokenjapan.com/media/kesennuma-dining-4010356.jpg,matched own listing photo
miyagi/kesennuma,31,コヤマ菓子店,https://img.bokenjapan.com/media/kesennuma-dining-4022853.jpg,https://img.bokenjapan.com/media/kesennuma-dining-4010603.jpg,matched own listing photo
miyagi/kesennuma,32,アンカーコーヒー マザーポート店,https://img.bokenjapan.com/media/kesennuma-dining-4016584.jpg,https://img.bokenjapan.com/media/kesennuma-dining-4022853.jpg,matched own listing photo
miyagi/kesennuma,33,レストラン エトワアル,https://img.bokenjapan.com/media/kesennuma-dining-4002419.jpg,https://img.bokenjapan.com/media/kesennuma-dining-4016584.jpg,matched own listing photo
miyagi/kesennuma,34,菓匠 紅梅 魚町本店,https://img.bokenjapan.com/media/kesennuma-dining-4010568.jpg,https://img.bokenjapan.com/media/kesennuma-dining-4002419.jpg,matched own listing photo
miyagi/kesennuma,35,道の駅 大谷海岸,https://img.bokenjapan.com/media/kesennuma-dining-4028496.jpg,https://img.bokenjapan.com/media/kesennuma-dining-4010568.jpg,matched own listing photo
miyagi/kesennuma,36,勝子,https://img.bokenjapan.com/media/kesennuma-dining-4021788.jpg,https://img.bokenjapan.com/media/kesennuma-dining-4028496.jpg,matched own listing photo
miyagi/kesennuma,37,新富寿し,https://img.bokenjapan.com/media/kesennuma-dining-4014955.jpg,https://img.bokenjapan.com/media/kesennuma-dining-4021788.jpg,matched own listing photo
miyagi/kesennuma,38,こけし食堂,https://img.bokenjapan.com/media/kesennuma-dining-4021917.jpg,https://img.bokenjapan.com/media/kesennuma-dining-4014955.jpg,matched own listing photo
miyagi/kesennuma,41,ゆう寿司,https://img.bokenjapan.com/media/kesennuma-dining-4022321.jpg,,photo belonged to another card; no own photo found
miyagi/kesennuma,42,ホテルパールシティ気仙沼,https://img.bokenjapan.com/media/kesennuma-dining-4013424.jpg,https://img.bokenjapan.com/media/kesennuma-dining-4022321.jpg,matched own listing photo
miyagi/kesennuma,43,nine one,https://img.bokenjapan.com/media/kesennuma-dining-4022109.jpg,https://img.bokenjapan.com/media/kesennuma-dining-4013424.jpg,matched own listing photo
miyagi/kesennuma,44,ヤッセコーヒー,https://img.bokenjapan.com/media/kesennuma-dining-4014474.jpg,https://img.bokenjapan.com/media/kesennuma-dining-4022109.jpg,matched own listing photo
miyagi/kesennuma,45,nagame,https://img.bokenjapan.com/media/kesennuma-dining-4023158.jpg,https://img.bokenjapan.com/media/kesennuma-dining-4014474.jpg,matched own listing photo
miyagi/kesennuma,46,居酒屋 たすく,https://img.bokenjapan.com/media/kesennuma-dining-4026951.jpg,https://img.bokenjapan.com/media/kesennuma-dining-4023158.jpg,matched own listing photo
miyagi/kesennuma,47,こうだい,https://img.bokenjapan.com/media/kesennuma-dining-4027173.jpg,https://img.bokenjapan.com/media/kesennuma-dining-4026951.jpg,matched own listing photo
miyagi/kesennuma,48,麺来,https://img.bokenjapan.com/media/kesennuma-dining-4004181.jpg,https://img.bokenjapan.com/media/kesennuma-dining-4027173.jpg,matched own listing photo
miyagi/kesennuma,49,唐や,https://img.bokenjapan.com/media/kesennuma-dining-4007029.jpg,https://img.bokenjapan.com/media/kesennuma-dining-4004181.jpg,matched own listing photo
miyagi/kesennuma,50,かき小屋　唐桑番屋,https://img.bokenjapan.com/media/kesennuma-dining-4012550.jpg,https://img.bokenjapan.com/media/kesennuma-dining-4007029.jpg,matched own listing photo
miyagi/kesennuma,51,ヴァンガード,https://img.bokenjapan.com/media/kesennuma-dining-4007558.jpg,,photo belonged to another card; no own photo found
miyagi/kesennuma,52,ホテル一景閣,https://img.bokenjapan.com/media/kesennuma-dining-4011014.jpg,https://img.bokenjapan.com/media/kesennuma-dining-4007558.jpg,matched own listing photo
miyagi/kesennuma,53,PALPAW ケイキShinjo店,https://img.bokenjapan.com/media/kesennuma-dining-4024525.jpg,https://img.bokenjapan.com/media/kesennuma-dining-4011014.jpg,matched own listing photo
miyagi/kesennuma,54,PRISM,https://img.bokenjapan.com/media/kesennuma-dining-4024080.jpg,https://img.bokenjapan.com/media/kesennuma-dining-4024525.jpg,matched own listing photo
miyagi/kesennuma,55,ゆう寿司 バイパス店,https://img.bokenjapan.com/media/kesennuma-dining-4015683.jpg,https://img.bokenjapan.com/media/kesennuma-dining-4024080.jpg,matched own listing photo
miyagi/kesennuma,56,揚げたてコロッケ屋!,https://img.bokenjapan.com/media/kesennuma-dining-4020328.jpg,https://img.bokenjapan.com/media/kesennuma-dining-4015683.jpg,matched own listing photo
miyagi/kesennuma,57,ブランチ,https://img.bokenjapan.com/media/kesennuma-dining-4005845.jpg,https://img.bokenjapan.com/media/kesennuma-dining-4020328.jpg,matched own listing photo
miyagi/kesennuma,61,ブリアン,https://img.bokenjapan.com/media/kesennuma-dining-4013681.jpg,,photo belonged to another card; no own photo found
miyagi/kesennuma,62,鮨智,https://img.bokenjapan.com/media/kesennuma-dining-4026426.jpg,https://img.bokenjapan.com/media/kesennuma-dining-4013681.jpg,matched own listing photo
miyagi/kesennuma,63,CORVO,https://img.bokenjapan.com/media/kesennuma-dining-4024082.jpg,https://img.bokenjapan.com/media/kesennuma-dining-4026426.jpg,matched own listing photo
miyagi/kesennuma,64,気仙沼お魚いちば,https://img.bokenjapan.com/media/kesennuma-dining-4010357.jpg,https://img.bokenjapan.com/media/kesennuma-dining-4024082.jpg,matched own listing photo
miyagi/kesennuma,65,スパゲッティとカレーの店ハッシュ,https://img.bokenjapan.com/media/kesennuma-dining-4019993.jpg,https://img.bokenjapan.com/media/kesennuma-dining-4010357.jpg,matched own listing photo
miyagi/kesennuma,66,南三陸ドライブイン ひかど食堂,https://img.bokenjapan.com/media/kesennuma-dining-4007670.jpg,https://img.bokenjapan.com/media/kesennuma-dining-4019993.jpg,matched own listing photo
miyagi/kesennuma,67,マトン牧場,https://img.bokenjapan.com/media/kesennuma-dining-4003104.jpg,https://img.bokenjapan.com/media/kesennuma-dining-4007670.jpg,matched own listing photo
miyagi/kesennuma,68,御菓子司　いさみや,https://img.bokenjapan.com/media/kesennuma-dining-4010565.jpg,https://img.bokenjapan.com/media/kesennuma-dining-4003104.jpg,matched own listing photo
miyagi/kesennuma,69,海鮮屋はじかみ,https://img.bokenjapan.com/media/kesennuma-dining-4018082.jpg,https://img.bokenjapan.com/media/kesennuma-dining-4010565.jpg,matched own listing photo
miyagi/kesennuma,70,新京 本郷店,https://img.bokenjapan.com/media/kesennuma-dining-4007463.jpg,https://img.bokenjapan.com/media/kesennuma-dining-4018082.jpg,matched own listing photo
miyagi/kesennuma,71,R Baker 気仙沼店,https://img.bokenjapan.com/media/kesennuma-dining-4026317.jpg,https://img.bokenjapan.com/media/kesennuma-dining-4007463.jpg,matched own listing photo
miyagi/kesennuma,72,なにわのたこよし,https://img.bokenjapan.com/media/kesennuma-dining-4015343.jpg,https://img.bokenjapan.com/media/kesennuma-dining-4026317.jpg,matched own listing photo
miyagi/kesennuma,73,焼肉の店さうす,https://img.bokenjapan.com/media/kesennuma-dining-4008222.jpg,https://img.bokenjapan.com/media/kesennuma-dining-4015343.jpg,matched own listing photo
miyagi/kesennuma,74,リアスキッチンDELI,https://img.bokenjapan.com/media/kesennuma-dining-4017608.jpg,,photo belonged to another card; no own photo found
miyagi/kesennuma,75,丼の芝楽,https://img.bokenjapan.com/media/kesennuma-dining-4013561.jpg,https://img.bokenjapan.com/media/kesennuma-dining-4017608.jpg,matched own listing photo
miyagi/kesennuma,78,花道,https://img.bokenjapan.com/media/kesennuma-dining-4027035.jpg,,photo belonged to another card; no own photo found
miyagi/kesennuma,79,釜あげうどん 団平,https://img.bokenjapan.com/media/kesennuma-dining-4024474.jpg,https://img.bokenjapan.com/media/kesennuma-dining-4027035.jpg,matched own listing photo
miyagi/kesennuma,80,海舟,https://img.bokenjapan.com/media/kesennuma-dining-4002421.jpg,https://img.bokenjapan.com/media/kesennuma-dining-4024474.jpg,matched own listing photo
miyagi/kesennuma,81,キッチン・花Fe HATOBA,https://img.bokenjapan.com/media/kesennuma-dining-4026466.jpg,https://img.bokenjapan.com/media/kesennuma-dining-4002421.jpg,matched own listing photo
miyagi/kesennuma,82,日々是食堂,https://img.bokenjapan.com/media/kesennuma-dining-4025943.jpg,https://img.bokenjapan.com/media/kesennuma-dining-4026466.jpg,matched own listing photo
miyagi/kesennuma,83,たかはし製菓,https://img.bokenjapan.com/media/kesennuma-dining-4011528.jpg,https://img.bokenjapan.com/media/kesennuma-dining-4025943.jpg,matched own listing photo
miyagi/kesennuma,84,デイリーポート新鮮館 気仙沼店,https://img.bokenjapan.com/media/kesennuma-dining-4021954.jpg,https://img.bokenjapan.com/media/kesennuma-dining-4011528.jpg,matched own listing photo
miyagi/kesennuma,85,CAFE&MUSIC 十字路,https://img.bokenjapan.com/media/kesennuma-dining-4026023.jpg,https://img.bokenjapan.com/media/kesennuma-dining-4021954.jpg,matched own listing photo
miyagi/kesennuma,86,炎,https://img.bokenjapan.com/media/kesennuma-dining-4014231.jpg,,photo belonged to another card; no own photo found
miyagi/kesennuma,87,ドナルドステーキハウス,https://img.bokenjapan.com/media/kesennuma-dining-4007714.jpg,https://img.bokenjapan.com/media/kesennuma-dining-4014231.jpg,matched own listing photo
miyagi/kesennuma,88,気仙沼生鮮館 やまひろ,https://img.bokenjapan.com/media/kesennuma-dining-4022867.jpg,https://img.bokenjapan.com/media/kesennuma-dining-4007714.jpg,matched own listing photo
miyagi/kesennuma,89,新来軒,https://img.bokenjapan.com/media/kesennuma-dining-4008462.jpg,https://img.bokenjapan.com/media/kesennuma-dining-4022867.jpg,matched own listing photo
miyagi/kesennuma,90,新,https://img.bokenjapan.com/media/kesennuma-dining-4004020.jpg,https://img.bokenjapan.com/media/kesennuma-dining-4008462.jpg,matched own listing photo
miyagi/kesennuma,91,焼肉ハウス ジャンジャン,https://img.bokenjapan.com/media/kesennuma-dining-4008223.jpg,https://img.bokenjapan.com/media/kesennuma-dining-4004020.jpg,matched own listing photo
miyagi/kesennuma,92,茶色い小瓶,https://img.bokenjapan.com/media/kesennuma-dining-4016899.jpg,https://img.bokenjapan.com/media/kesennuma-dining-4008223.jpg,matched own listing photo
miyagi/kesennuma,96,BLACK TIDE BREWING,https://img.bokenjapan.com/media/kesennuma-dining-4029887.jpg,,photo belonged to another card; no own photo found
miyagi/kesennuma,97,気仙沼セントラルホテル 松軒,https://img.bokenjapan.com/media/kesennuma-dining-4023676.jpg,https://img.bokenjapan.com/media/kesennuma-dining-4029887.jpg,matched own listing photo
miyagi/kesennuma,99,豚骨拉麺専門店 豚野郎,https://img.bokenjapan.com/media/kesennuma-dining-4027629.jpg,https://img.bokenjapan.com/media/kesennuma-dining-4017152.jpg,matched own listing photo
miyagi/kesennuma,100,御食事処 やまにし,https://img.bokenjapan.com/media/kesennuma-dining-4018379.jpg,https://img.bokenjapan.com/media/kesennuma-dining-4027629.jpg,matched own listing photo
miyagi/kesennuma,101,麺酒庵 こまつ,https://img.bokenjapan.com/media/kesennuma-dining-4024272.jpg,https://img.bokenjapan.com/media/kesennuma-dining-4018379.jpg,matched own listing photo
miyagi/kesennuma,102,べ～ごこハウス,https://img.bokenjapan.com/media/kesennuma-dining-4008760.jpg,https://img.bokenjapan.com/media/kesennuma-dining-4024272.jpg,matched own listing photo
miyagi/kesennuma,103,来々軒,https://img.bokenjapan.com/media/kesennuma-dining-4005559.jpg,https://img.bokenjapan.com/media/kesennuma-dining-4008760.jpg,matched own listing photo
miyagi/kesennuma,104,ケイキ 神山店,https://img.bokenjapan.com/media/kesennuma-dining-4010563.jpg,https://img.bokenjapan.com/media/kesennuma-dining-4005559.jpg,matched own listing photo
miyagi/kesennuma,105,居酒屋 尾形,https://img.bokenjapan.com/media/kesennuma-dining-4022528.jpg,,photo belonged to another card; no own photo found
miyagi/kesennuma,106,ミナトノトウヤ,https://img.bokenjapan.com/media/kesennuma-dining-4023990.jpg,https://img.bokenjapan.com/media/kesennuma-dining-4022528.jpg,matched own listing photo
miyagi/kesennuma,107,魚研,https://img.bokenjapan.com/media/kesennuma-dining-4023299.jpg,https://img.bokenjapan.com/media/kesennuma-dining-4023990.jpg,matched own listing photo
miyagi/kesennuma,108,味ロマン,https://img.bokenjapan.com/media/kesennuma-dining-4013498.jpg,https://img.bokenjapan.com/media/kesennuma-dining-4023299.jpg,matched own listing photo
miyagi/kesennuma,111,キッチンスペース夢の舎,https://img.bokenjapan.com/media/kesennuma-dining-4003116.jpg,,photo belonged to another card; no own photo found
miyagi/kesennuma,112,竜舞食堂,https://img.bokenjapan.com/media/kesennuma-dining-4007143.jpg,https://img.bokenjapan.com/media/kesennuma-dining-4003116.jpg,matched own listing photo
miyagi/kesennuma,113,でん吉,https://img.bokenjapan.com/media/kesennuma-dining-4021125.jpg,https://img.bokenjapan.com/media/kesennuma-dining-4007143.jpg,matched own listing photo
miyagi/kesennuma,114,シェ・ササキ,https://img.bokenjapan.com/media/kesennuma-dining-4022878.jpg,https://img.bokenjapan.com/media/kesennuma-dining-4021125.jpg,matched own listing photo
miyagi/kesennuma,115,鳴月,https://img.bokenjapan.com/media/kesennuma-dining-4025043.jpg,https://img.bokenjapan.com/media/kesennuma-dining-4022878.jpg,matched own listing photo
miyagi/kesennuma,116,陽だまりレストラン,https://img.bokenjapan.com/media/kesennuma-dining-4019843.jpg,,photo belonged to another card; no own photo found
miyagi/kesennuma,117,みやかふぇ,https://img.bokenjapan.com/media/kesennuma-dining-4023433.jpg,https://img.bokenjapan.com/media/kesennuma-dining-4019843.jpg,matched own listing photo
miyagi/kesennuma,118,やまひろ海鮮小屋,https://img.bokenjapan.com/media/kesennuma-dining-4027708.jpg,https://img.bokenjapan.com/media/kesennuma-dining-4023433.jpg,matched own listing photo
miyagi/kesennuma,119,グリーンアイランド おおしま,https://img.bokenjapan.com/media/kesennuma-dining-4026638.jpg,https://img.bokenjapan.com/media/kesennuma-dining-4006982.jpg,matched own listing photo
miyagi/kesennuma,120,かもしか堂,https://img.bokenjapan.com/media/kesennuma-dining-4023682.jpg,https://img.bokenjapan.com/media/kesennuma-dining-4026638.jpg,matched own listing photo
miyagi/kesennuma,121,TT base 漁火 唐桑,https://img.bokenjapan.com/media/kesennuma-dining-4028093.jpg,https://img.bokenjapan.com/media/kesennuma-dining-4023682.jpg,matched own listing photo
miyagi/kesennuma,122,半造レストハウス,https://img.bokenjapan.com/media/kesennuma-dining-4027177.jpg,https://img.bokenjapan.com/media/kesennuma-dining-4028093.jpg,matched own listing photo
miyagi/kesennuma,123,気仙沼パークホテル,https://img.bokenjapan.com/media/kesennuma-dining-4028106.jpg,https://img.bokenjapan.com/media/kesennuma-dining-4027177.jpg,matched own listing photo
miyagi/kesennuma,124,大越商店,https://img.bokenjapan.com/media/kesennuma-dining-4028685.jpg,,photo belonged to another card; no own photo found
miyagi/kesennuma,125,味噌家,https://img.bokenjapan.com/media/kesennuma-dining-4004179.jpg,https://img.bokenjapan.com/media/kesennuma-dining-4028685.jpg,matched own listing photo
miyagi/kesennuma,126,阿部長商店 海の市,https://img.bokenjapan.com/media/kesennuma-dining-4016612.jpg,https://img.bokenjapan.com/media/kesennuma-dining-4004179.jpg,matched own listing photo
miyagi/kesennuma,129,虹の森焼菓子店,https://img.bokenjapan.com/media/kesennuma-dining-4014712.jpg,,photo belonged to another card; no own photo found
miyagi/kesennuma,130,カフェラテ,https://img.bokenjapan.com/media/kesennuma-dining-4007578.jpg,https://img.bokenjapan.com/media/kesennuma-dining-4014712.jpg,matched own listing photo
miyagi/kesennuma,131,魚介類 濱喜,https://img.bokenjapan.com/media/kesennuma-dining-4018940.jpg,https://img.bokenjapan.com/media/kesennuma-dining-4007578.jpg,matched own listing photo
miyagi/kesennuma,132,菓子舗うつみ,https://img.bokenjapan.com/media/kesennuma-dining-4010562.jpg,https://img.bokenjapan.com/media/kesennuma-dining-4018940.jpg,matched own listing photo
miyagi/kesennuma,133,アイランド,https://img.bokenjapan.com/media/kesennuma-dining-4013520.jpg,https://img.bokenjapan.com/media/kesennuma-dining-4010562.jpg,matched own listing photo
miyagi/kesennuma,134,来々軒本館,https://img.bokenjapan.com/media/kesennuma-dining-4003759.jpg,https://img.bokenjapan.com/media/kesennuma-dining-4013520.jpg,matched own listing photo
miyagi/kesennuma,135,あたみ屋,https://img.bokenjapan.com/media/kesennuma-dining-4024923.jpg,https://img.bokenjapan.com/media/kesennuma-dining-4003759.jpg,matched own listing photo
miyagi/kesennuma,136,ワルン マハール,https://img.bokenjapan.com/media/kesennuma-dining-4022851.jpg,https://img.bokenjapan.com/media/kesennuma-dining-4024923.jpg,matched own listing photo
miyagi/kesennuma,137,日用品と喫茶 ハチワレ堂,https://img.bokenjapan.com/media/kesennuma-dining-4021540.jpg,https://img.bokenjapan.com/media/kesennuma-dining-4022851.jpg,matched own listing photo
miyagi/kesennuma,138,ル・デパール,https://img.bokenjapan.com/media/kesennuma-dining-4015397.jpg,https://img.bokenjapan.com/media/kesennuma-dining-4021540.jpg,matched own listing photo
miyagi/kesennuma,139,カフェ アールエスティー,https://img.bokenjapan.com/media/kesennuma-dining-4020478.jpg,https://img.bokenjapan.com/media/kesennuma-dining-4015397.jpg,matched own listing photo
miyagi/kesennuma,140,おかしの花子 唐桑本店,https://img.bokenjapan.com/media/kesennuma-dining-4014608.jpg,,photo belonged to another card; no own photo found
miyagi/kesennuma,141,cafe エスポアール,https://img.bokenjapan.com/media/kesennuma-dining-4024077.jpg,https://img.bokenjapan.com/media/kesennuma-dining-4014608.jpg,matched own listing photo
miyagi/kesennuma,142,宮登,https://img.bokenjapan.com/media/kesennuma-dining-4024867.jpg,https://img.bokenjapan.com/media/kesennuma-dining-4024077.jpg,matched own listing photo
miyagi/kesennuma,143,菓心富月,https://img.bokenjapan.com/media/kesennuma-dining-4017952.jpg,https://img.bokenjapan.com/media/kesennuma-dining-4024867.jpg,matched own listing photo
miyagi/kesennuma,144,気仙沼大島ウェルカム・ターミナル,https://img.bokenjapan.com/media/kesennuma-dining-4025744.jpg,https://img.bokenjapan.com/media/kesennuma-dining-4017952.jpg,matched own listing photo
miyagi/kesennuma,145,ミニストップ 南気仙沼店,https://img.bokenjapan.com/media/kesennuma-dining-4020576.jpg,https://img.bokenjapan.com/media/kesennuma-dining-4025744.jpg,matched own listing photo
miyagi/kesennuma,146,うつみ,https://img.bokenjapan.com/media/kesennuma-dining-4015975.jpg,https://img.bokenjapan.com/media/kesennuma-dining-4020576.jpg,matched own listing photo
miyagi/kesennuma,149,カフェ ミプリ,https://img.bokenjapan.com/media/kesennuma-dining-4024715.jpg,,photo belonged to another card; no own photo found
miyagi/kesennuma,150,働希舎かもみーる,https://img.bokenjapan.com/media/kesennuma-dining-4028009.jpg,https://img.bokenjapan.com/media/kesennuma-dining-4024715.jpg,matched own listing photo
miyagi/kesennuma,151,茶処 プランタン,https://img.bokenjapan.com/media/kesennuma-dining-4019825.jpg,https://img.bokenjapan.com/media/kesennuma-dining-4028009.jpg,matched own listing photo
miyagi/kesennuma,152,Cafe shop 暖,https://img.bokenjapan.com/media/kesennuma-dining-4025625.jpg,https://img.bokenjapan.com/media/kesennuma-dining-4019825.jpg,matched own listing photo
miyagi/kesennuma,153,寿司処 一心,https://img.bokenjapan.com/media/kesennuma-dining-4028744.jpg,https://img.bokenjapan.com/media/kesennuma-dining-4025625.jpg,matched own listing photo
miyagi/kesennuma,154,ごだい,https://img.bokenjapan.com/media/kesennuma-dining-4002592.jpg,https://img.bokenjapan.com/media/kesennuma-dining-4028744.jpg,matched own listing photo
miyagi/kesennuma,155,らいむらいと,https://img.bokenjapan.com/media/kesennuma-dining-4021533.jpg,https://img.bokenjapan.com/media/kesennuma-dining-4002592.jpg,matched own listing photo
miyagi/kesennuma,156,昭栄庵,https://img.bokenjapan.com/media/kesennuma-dining-4024628.jpg,https://img.bokenjapan.com/media/kesennuma-dining-4021533.jpg,matched own listing photo
miyagi/kesennuma,157,横田屋本店,https://img.bokenjapan.com/media/kesennuma-dining-4017603.jpg,https://img.bokenjapan.com/media/kesennuma-dining-4024628.jpg,matched own listing photo
miyagi/kesennuma,158,家庭料理 さかい,https://img.bokenjapan.com/media/kesennuma-dining-4006409.jpg,https://img.bokenjapan.com/media/kesennuma-dining-4017603.jpg,matched own listing photo
miyagi/kesennuma,159,あじ蔵,https://img.bokenjapan.com/media/kesennuma-dining-4002938.jpg,,photo belonged to another card; no own photo found
miyagi/kesennuma,160,松舞家,https://img.bokenjapan.com/media/kesennuma-dining-4004433.jpg,https://img.bokenjapan.com/media/kesennuma-dining-4002938.jpg,matched own listing photo
miyagi/kesennuma,161,亀山精肉店,https://img.bokenjapan.com/media/kesennuma-dining-4021647.jpg,https://img.bokenjapan.com/media/kesennuma-dining-4004433.jpg,matched own listing photo
miyagi/kesennuma,162,ラーメン めん丸 気仙沼店,https://img.bokenjapan.com/media/kesennuma-dining-4028650.jpg,https://img.bokenjapan.com/media/kesennuma-dining-4021647.jpg,matched own listing photo
miyagi/kesennuma,163,食事処 塩田,https://img.bokenjapan.com/media/kesennuma-dining-4018994.jpg,https://img.bokenjapan.com/media/kesennuma-dining-4028650.jpg,matched own listing photo
miyagi/kesennuma,164,割烹 焼肉 海鮮 ゆう,https://img.bokenjapan.com/media/kesennuma-dining-4017152.jpg,https://img.bokenjapan.com/media/kesennuma-dining-4018994.jpg,matched own listing photo
miyagi/kesennuma,168,菓匠 紅梅 田中店,https://img.bokenjapan.com/media/kesennuma-dining-4013516.jpg,,photo belonged to another card; no own photo found
miyagi/kesennuma,169,カフェ クラシック,https://img.bokenjapan.com/media/kesennuma-dining-4019221.jpg,https://img.bokenjapan.com/media/kesennuma-dining-4013516.jpg,matched own listing photo
miyagi/kesennuma,170,カフェ カドヤ,https://img.bokenjapan.com/media/kesennuma-dining-4023339.jpg,https://img.bokenjapan.com/media/kesennuma-dining-4019221.jpg,matched own listing photo
miyagi/kesennuma,171,Cheers,https://img.bokenjapan.com/media/kesennuma-dining-4024081.jpg,https://img.bokenjapan.com/media/kesennuma-dining-4023339.jpg,matched own listing photo
miyagi/kesennuma,172,株式会社角星,https://img.bokenjapan.com/media/kesennuma-dining-4026484.jpg,https://img.bokenjapan.com/media/kesennuma-dining-4024081.jpg,matched own listing photo
miyagi/kesennuma,173,三浦屋,https://img.bokenjapan.com/media/kesennuma-dining-4024865.jpg,https://img.bokenjapan.com/media/kesennuma-dining-4026484.jpg,matched own listing photo
miyagi/kesennuma,174,焼肉冷麺やまなか家 気仙沼店,https://img.bokenjapan.com/media/kesennuma-dining-4003521.jpg,,photo belonged to another card; no own photo found
miyagi/kesennuma,175,豪ーめん 気仙沼店,https://img.bokenjapan.com/media/kesennuma-dining-4017307.jpg,https://img.bokenjapan.com/media/kesennuma-dining-4003521.jpg,matched own listing photo
miyagi/kesennuma,176,クードフー,https://img.bokenjapan.com/media/kesennuma-dining-4007590.jpg,https://img.bokenjapan.com/media/kesennuma-dining-4017307.jpg,matched own listing photo
miyagi/kesennuma,177,ホルモン食堂食樂 気仙沼店,https://img.bokenjapan.com/media/kesennuma-dining-4012361.jpg,https://img.bokenjapan.com/media/kesennuma-dining-4007590.jpg,matched own listing photo
miyagi/kesennuma,178,株式会社 斉吉商店,https://img.bokenjapan.com/media/kesennuma-dining-4017601.jpg,https://img.bokenjapan.com/media/kesennuma-dining-4012361.jpg,matched own listing photo
miyagi/kesennuma,179,島の味処 こまつ,https://img.bokenjapan.com/media/kesennuma-dining-4020004.jpg,https://img.bokenjapan.com/media/kesennuma-dining-4017601.jpg,matched own listing photo
miyagi/kesennuma,180,大松,https://img.bokenjapan.com/media/kesennuma-dining-4014085.jpg,https://img.bokenjapan.com/media/kesennuma-dining-4020004.jpg,matched own listing photo
miyagi/kesennuma,181,からあげ家 気仙沼店,https://img.bokenjapan.com/media/kesennuma-dining-4014063.jpg,https://img.bokenjapan.com/media/kesennuma-dining-4014085.jpg,matched own listing photo
miyagi/kesennuma,182,とんがらし,https://img.bokenjapan.com/media/kesennuma-dining-4007719.jpg,https://img.bokenjapan.com/media/kesennuma-dining-4014063.jpg,matched own listing photo
miyagi/kesennuma,183,気仙沼 海の市,https://img.bokenjapan.com/media/kesennuma-dining-4020251.jpg,https://img.bokenjapan.com/media/kesennuma-dining-4007719.jpg,matched own listing photo
miyagi/kesennuma,186,天下一ラーメン,https://img.bokenjapan.com/media/kesennuma-dining-4005479.jpg,,photo belonged to another card; no own photo found
miyagi/kesennuma,187,かねせん,https://img.bokenjapan.com/media/kesennuma-dining-4012064.jpg,https://img.bokenjapan.com/media/kesennuma-dining-4005479.jpg,matched own listing photo
miyagi/kesennuma,188,ラ・エピ,https://img.bokenjapan.com/media/kesennuma-dining-4010572.jpg,https://img.bokenjapan.com/media/kesennuma-dining-4012064.jpg,matched own listing photo
miyagi/kesennuma,189,楽膳,https://img.bokenjapan.com/media/kesennuma-dining-4005971.jpg,https://img.bokenjapan.com/media/kesennuma-dining-4010572.jpg,matched own listing photo
miyagi/kesennuma,190,和醸酒 一杯屋梟,https://img.bokenjapan.com/media/kesennuma-dining-4007264.jpg,https://img.bokenjapan.com/media/kesennuma-dining-4005971.jpg,matched own listing photo
miyagi/kesennuma,191,男子厨房 海の家,https://img.bokenjapan.com/media/kesennuma-dining-4022900.jpg,https://img.bokenjapan.com/media/kesennuma-dining-4007264.jpg,matched own listing photo
miyagi/kesennuma,192,韓国料理ソウル優ちゃん,https://img.bokenjapan.com/media/kesennuma-dining-4020312.jpg,https://img.bokenjapan.com/media/kesennuma-dining-4022900.jpg,matched own listing photo
miyagi/kesennuma,193,麺や はしかい,https://img.bokenjapan.com/media/kesennuma-dining-4026609.jpg,https://img.bokenjapan.com/media/kesennuma-dining-4020312.jpg,matched own listing photo
miyagi/kesennuma,194,男山本店,https://img.bokenjapan.com/media/kesennuma-dining-4026841.jpg,https://img.bokenjapan.com/media/kesennuma-dining-4026609.jpg,matched own listing photo
miyagi/kesennuma,195,磯蔵,https://img.bokenjapan.com/media/kesennuma-dining-4021568.jpg,https://img.bokenjapan.com/media/kesennuma-dining-4026841.jpg,matched own listing photo
miyagi/kesennuma,196,あげとっと,https://img.bokenjapan.com/media/kesennuma-dining-4024399.jpg,https://img.bokenjapan.com/media/kesennuma-dining-4021568.jpg,matched own listing photo
miyagi/kesennuma,197,おかしの花子 松岩店,https://img.bokenjapan.com/media/kesennuma-dining-4024736.jpg,,photo belonged to another card; no own photo found
miyagi/kesennuma,198,ダイニングバー ハル,https://img.bokenjapan.com/media/kesennuma-dining-4019219.jpg,https://img.bokenjapan.com/media/kesennuma-dining-4024736.jpg,matched own listing photo
miyagi/kesennuma,199,第二笑口会議処,https://img.bokenjapan.com/media/kesennuma-dining-4007661.jpg,https://img.bokenjapan.com/media/kesennuma-dining-4019219.jpg,matched own listing photo
miyagi/kesennuma,200,マイヤ 気仙沼バイパス店,https://img.bokenjapan.com/media/kesennuma-dining-4020220.jpg,https://img.bokenjapan.com/media/kesennuma-dining-4007661.jpg,matched own listing photo
miyagi/kesennuma,201,まるやすやきとり店,https://img.bokenjapan.com/media/kesennuma-dining-4019476.jpg,https://img.bokenjapan.com/media/kesennuma-dining-4020220.jpg,matched own listing photo
miyagi/kesennuma,202,やまと食堂,https://img.bokenjapan.com/media/kesennuma-dining-4021978.jpg,https://img.bokenjapan.com/media/kesennuma-dining-4019476.jpg,matched own listing photo
miyagi/kesennuma,203,F.C.U.P,https://img.bokenjapan.com/media/kesennuma-dining-4023928.jpg,https://img.bokenjapan.com/media/kesennuma-dining-4021978.jpg,matched own listing photo
miyagi/kesennuma,207,Cafe et repas よしのや,https://img.bokenjapan.com/media/kesennuma-dining-4029784.jpg,,photo belonged to another card; no own photo found
miyagi/kesennuma,208,Rino,https://img.bokenjapan.com/media/kesennuma-dining-4029363.jpg,https://img.bokenjapan.com/media/kesennuma-dining-4029784.jpg,matched own listing photo
miyagi/kesennuma,209,夢見亭 Japalia,https://img.bokenjapan.com/media/kesennuma-dining-4025287.jpg,https://img.bokenjapan.com/media/kesennuma-dining-4029363.jpg,matched own listing photo
miyagi/kesennuma,210,CAMELLIA 気仙沼大島,https://img.bokenjapan.com/media/kesennuma-dining-4028172.jpg,https://img.bokenjapan.com/media/kesennuma-dining-4025287.jpg,matched own listing photo
miyagi/kesennuma,211,KARUTA,https://img.bokenjapan.com/media/kesennuma-dining-4028964.jpg,https://img.bokenjapan.com/media/kesennuma-dining-4028172.jpg,matched own listing photo
miyagi/kesennuma,212,産直 菜果好,https://img.bokenjapan.com/media/kesennuma-dining-4024015.jpg,https://img.bokenjapan.com/media/kesennuma-dining-4028964.jpg,matched own listing photo
miyagi/kesennuma,213,吉野家 気仙沼店,https://img.bokenjapan.com/media/kesennuma-dining-4007430.jpg,https://img.bokenjapan.com/media/kesennuma-dining-4024015.jpg,matched own listing photo
miyagi/kesennuma,214,麺楽,https://img.bokenjapan.com/media/kesennuma-dining-4001500.jpg,https://img.bokenjapan.com/media/kesennuma-dining-4007430.jpg,matched own listing photo
miyagi/kesennuma,215,かっぱ寿司 気仙沼店,https://img.bokenjapan.com/media/kesennuma-dining-4015116.jpg,https://img.bokenjapan.com/media/kesennuma-dining-4001500.jpg,matched own listing photo
miyagi/kesennuma,216,はま寿司 気仙沼店,https://img.bokenjapan.com/media/kesennuma-dining-4026953.jpg,https://img.bokenjapan.com/media/kesennuma-dining-4015116.jpg,matched own listing photo
miyagi/kesennuma,217,星岡義山亭,https://img.bokenjapan.com/media/kesennuma-dining-4005418.jpg,https://img.bokenjapan.com/media/kesennuma-dining-4026953.jpg,matched own listing photo
miyagi/kesennuma,218,重い槍,https://img.bokenjapan.com/media/kesennuma-dining-4026843.jpg,https://img.bokenjapan.com/media/kesennuma-dining-4005418.jpg,matched own listing photo
miyagi/kesennuma,219,ビーチメモリー,https://img.bokenjapan.com/media/kesennuma-dining-4001894.jpg,https://img.bokenjapan.com/media/kesennuma-dining-4026843.jpg,matched own listing photo
miyagi/kesennuma,220,大寿司,https://img.bokenjapan.com/media/kesennuma-dining-4008206.jpg,https://img.bokenjapan.com/media/kesennuma-dining-4001894.jpg,matched own listing photo
miyagi/kesennuma,221,サンモリ館,https://img.bokenjapan.com/media/kesennuma-dining-4001586.jpg,https://img.bokenjapan.com/media/kesennuma-dining-4008206.jpg,matched own listing photo
miyagi/kesennuma,222,マルジュ,https://img.bokenjapan.com/media/kesennuma-dining-4015136.jpg,https://img.bokenjapan.com/media/kesennuma-dining-4001586.jpg,matched own listing photo
miyagi/kesennuma,223,ニューデイズ 気仙沼店,https://img.bokenjapan.com/media/kesennuma-dining-4022820.jpg,https://img.bokenjapan.com/media/kesennuma-dining-4015136.jpg,matched own listing photo
miyagi/kesennuma,226,気仙沼 牛たん藤,https://img.bokenjapan.com/media/kesennuma-dining-4028599.jpg,,photo belonged to another card; no own photo found
miyagi/kesennuma,227,和食処 鮹,https://img.bokenjapan.com/media/kesennuma-dining-4021623.jpg,https://img.bokenjapan.com/media/kesennuma-dining-4028599.jpg,matched own listing photo
miyagi/kesennuma,228,巴鮨,https://img.bokenjapan.com/media/kesennuma-dining-4014439.jpg,https://img.bokenjapan.com/media/kesennuma-dining-4021623.jpg,matched own listing photo
miyagi/kesennuma,229,横田屋本店 海の市店,https://img.bokenjapan.com/media/kesennuma-dining-4017615.jpg,https://img.bokenjapan.com/media/kesennuma-dining-4014439.jpg,matched own listing photo
miyagi/kesennuma,230,安兵衛,https://img.bokenjapan.com/media/kesennuma-dining-4005933.jpg,https://img.bokenjapan.com/media/kesennuma-dining-4017615.jpg,matched own listing photo
miyagi/kesennuma,231,大衆居酒屋 一歩,https://img.bokenjapan.com/media/kesennuma-dining-4027175.jpg,https://img.bokenjapan.com/media/kesennuma-dining-4005933.jpg,matched own listing photo
miyagi/kesennuma,232,ミニストップ 気仙沼松川店,https://img.bokenjapan.com/media/kesennuma-dining-4019817.jpg,https://img.bokenjapan.com/media/kesennuma-dining-4027175.jpg,matched own listing photo
miyagi/kesennuma,233,豚姫,https://img.bokenjapan.com/media/kesennuma-dining-4012046.jpg,,photo belonged to another card; no own photo found
miyagi/kesennuma,235,和ダイニング 伊勢家,https://img.bokenjapan.com/media/kesennuma-dining-4023309.jpg,https://img.bokenjapan.com/media/kesennuma-dining-4012046.jpg,matched own listing photo
miyagi/kesennuma,236,里枝,https://img.bokenjapan.com/media/kesennuma-dining-4019762.jpg,https://img.bokenjapan.com/media/kesennuma-dining-4023309.jpg,matched own listing photo
miyagi/kesennuma,237,おいでやす,https://img.bokenjapan.com/media/kesennuma-dining-4025295.jpg,https://img.bokenjapan.com/media/kesennuma-dining-4019762.jpg,matched own listing photo
miyagi/kesennuma,238,ほっとべんとう 田谷前店,https://img.bokenjapan.com/media/kesennuma-dining-4003499.jpg,https://img.bokenjapan.com/media/kesennuma-dining-4025295.jpg,matched own listing photo
miyagi/kesennuma,239,食事処 はまいち,https://img.bokenjapan.com/media/kesennuma-dining-4029214.jpg,,photo belonged to another card; no own photo found
miyagi/kesennuma,240,よるごはん まんまる,https://img.bokenjapan.com/media/kesennuma-dining-4023135.jpg,https://img.bokenjapan.com/media/kesennuma-dining-4029214.jpg,matched own listing photo
miyagi/kesennuma,241,海鮮茶屋 島波テラス,https://img.bokenjapan.com/media/kesennuma-dining-4025663.jpg,https://img.bokenjapan.com/media/kesennuma-dining-4023135.jpg,matched own listing photo
miyagi/kesennuma,244,招き庵,https://img.bokenjapan.com/media/kesennuma-dining-4005392.jpg,,photo belonged to another card; no own photo found
miyagi/kesennuma,245,大阪王将 宮城気仙沼店,https://img.bokenjapan.com/media/kesennuma-dining-4026415.jpg,https://img.bokenjapan.com/media/kesennuma-dining-4005392.jpg,matched own listing photo
miyagi/kesennuma,246,海鮮,https://img.bokenjapan.com/media/kesennuma-dining-4005969.jpg,https://img.bokenjapan.com/media/kesennuma-dining-4026415.jpg,matched own listing photo
miyagi/kesennuma,247,かつや 宮城気仙沼店,https://img.bokenjapan.com/media/kesennuma-dining-4024527.jpg,https://img.bokenjapan.com/media/kesennuma-dining-4005969.jpg,matched own listing photo
miyagi/kesennuma,248,和風レストランまるまつ 気仙沼店,https://img.bokenjapan.com/media/kesennuma-dining-4010182.jpg,https://img.bokenjapan.com/media/kesennuma-dining-4024527.jpg,matched own listing photo
miyagi/kesennuma,249,モスバーガー 気仙沼店,https://img.bokenjapan.com/media/kesennuma-dining-4011572.jpg,https://img.bokenjapan.com/media/kesennuma-dining-4010182.jpg,matched own listing photo
miyagi/kesennuma,250,ココス 気仙沼店,https://img.bokenjapan.com/media/kesennuma-dining-4027451.jpg,https://img.bokenjapan.com/media/kesennuma-dining-4011572.jpg,matched own listing photo
miyagi/kesennuma,251,大漁丸,https://img.bokenjapan.com/media/kesennuma-dining-4021265.jpg,https://img.bokenjapan.com/media/kesennuma-dining-4027451.jpg,matched own listing photo
miyagi/kesennuma,252,串カツ田中 気仙沼店,https://img.bokenjapan.com/media/kesennuma-dining-4029112.jpg,https://img.bokenjapan.com/media/kesennuma-dining-4021265.jpg,matched own listing photo
miyagi/kesennuma,253,すき家 気仙沼幸町店,https://img.bokenjapan.com/media/kesennuma-dining-4026600.jpg,https://img.bokenjapan.com/media/kesennuma-dining-4029112.jpg,matched own listing photo
miyagi/kesennuma,254,シャトレーゼ 気仙沼店,https://img.bokenjapan.com/media/kesennuma-dining-4026208.jpg,https://img.bokenjapan.com/media/kesennuma-dining-4026600.jpg,matched own listing photo
miyagi/kesennuma,255,おやつランド千鶏,https://img.bokenjapan.com/media/kesennuma-dining-4016796.jpg,https://img.bokenjapan.com/media/kesennuma-dining-4026208.jpg,matched own listing photo
miyagi/kesennuma,256,バウム,https://img.bokenjapan.com/media/kesennuma-dining-4007727.jpg,https://img.bokenjapan.com/media/kesennuma-dining-4016796.jpg,matched own listing photo
miyagi/kesennuma,257,魚民 気仙沼店,https://img.bokenjapan.com/media/kesennuma-dining-4012306.jpg,https://img.bokenjapan.com/media/kesennuma-dining-4007727.jpg,matched own listing photo
miyagi/kesennuma,258,ミートよねくら,https://img.bokenjapan.com/media/kesennuma-dining-4024234.jpg,https://img.bokenjapan.com/media/kesennuma-dining-4012306.jpg,matched own listing photo
miyagi/kesennuma,259,竹の里,https://img.bokenjapan.com/media/kesennuma-dining-4007002.jpg,https://img.bokenjapan.com/media/kesennuma-dining-4024234.jpg,matched own listing photo
miyagi/kesennuma,260,株式会社男山本店,https://img.bokenjapan.com/media/kesennuma-dining-4016192.jpg,https://img.bokenjapan.com/media/kesennuma-dining-4007002.jpg,matched own listing photo
miyagi/kesennuma,261,シャンブル,https://img.bokenjapan.com/media/kesennuma-dining-4007616.jpg,https://img.bokenjapan.com/media/kesennuma-dining-4016192.jpg,matched own listing photo
miyagi/kesennuma,264,一縁工房 わらび,https://img.bokenjapan.com/media/kesennuma-dining-4018846.jpg,,photo belonged to another card; no own photo found
miyagi/kesennuma,265,パン工場 イオン気仙沼店,https://img.bokenjapan.com/media/kesennuma-dining-4025434.jpg,https://img.bokenjapan.com/media/kesennuma-dining-4018846.jpg,matched own listing photo
miyagi/kesennuma,266,気仙沼合同庁舎食堂,https://img.bokenjapan.com/media/kesennuma-dining-4021773.jpg,https://img.bokenjapan.com/media/kesennuma-dining-4025434.jpg,matched own listing photo
miyagi/kesennuma,267,浮島,https://img.bokenjapan.com/media/kesennuma-dining-4016970.jpg,https://img.bokenjapan.com/media/kesennuma-dining-4021773.jpg,matched own listing photo
miyagi/kesennuma,268,ピザーラ 気仙沼店,https://img.bokenjapan.com/media/kesennuma-dining-4026441.jpg,https://img.bokenjapan.com/media/kesennuma-dining-4016970.jpg,matched own listing photo
miyagi/kesennuma,269,すがとよ酒店,https://img.bokenjapan.com/media/kesennuma-dining-4024809.jpg,https://img.bokenjapan.com/media/kesennuma-dining-4026441.jpg,matched own listing photo
miyagi/kesennuma,270,沢の茶屋,https://img.bokenjapan.com/media/kesennuma-dining-4002347.jpg,https://img.bokenjapan.com/media/kesennuma-dining-4024809.jpg,matched own listing photo
miyagi/kesennuma,271,菊武商店 東新城店,https://img.bokenjapan.com/media/kesennuma-dining-4024834.jpg,https://img.bokenjapan.com/media/kesennuma-dining-4002347.jpg,matched own listing photo
miyagi/kesennuma,272,南町紫神社前商店街,https://img.bokenjapan.com/media/kesennuma-dining-4020253.jpg,https://img.bokenjapan.com/media/kesennuma-dining-4024834.jpg,matched own listing photo
miyagi/kesennuma,273,塚本八百屋,https://img.bokenjapan.com/media/kesennuma-dining-4020553.jpg,https://img.bokenjapan.com/media/kesennuma-dining-4020253.jpg,matched own listing photo
miyagi/kesennuma,274,本間屋酒店,https://img.bokenjapan.com/media/kesennuma-dining-4016922.jpg,https://img.bokenjapan.com/media/kesennuma-dining-4020553.jpg,matched own listing photo
miyagi/kesennuma,275,瑠依,https://img.bokenjapan.com/media/kesennuma-dining-4005565.jpg,https://img.bokenjapan.com/media/kesennuma-dining-4016922.jpg,matched own listing photo
miyagi/kesennuma,277,ほっとべんとう 市役所前店,https://img.bokenjapan.com/media/kesennuma-dining-4025432.jpg,https://img.bokenjapan.com/media/kesennuma-dining-4005565.jpg,matched own listing photo
miyagi/kesennuma,278,ホテルルートイン 気仙沼中央インター,https://img.bokenjapan.com/media/kesennuma-dining-4018945.jpg,https://img.bokenjapan.com/media/kesennuma-dining-4025432.jpg,matched own listing photo
miyagi/kesennuma,279,本吉 レストショップ,https://img.bokenjapan.com/media/kesennuma-dining-4028570.jpg,https://img.bokenjapan.com/media/kesennuma-dining-4018945.jpg,matched own listing photo
miyagi/kesennuma,280,ロカーレ,https://img.bokenjapan.com/media/kesennuma-dining-4014228.jpg,https://img.bokenjapan.com/media/kesennuma-dining-4028570.jpg,matched own listing photo
miyagi/kesennuma,281,マクドナルド イオン気仙沼店,https://img.bokenjapan.com/media/kesennuma-dining-4024308.jpg,https://img.bokenjapan.com/media/kesennuma-dining-4014228.jpg,matched own listing photo
miyagi/kesennuma,284,からくわ精肉店,https://img.bokenjapan.com/media/kesennuma-dining-4025139.jpg,,photo belonged to another card; no own photo found
miyagi/kesennuma,285,サーティワンアイスクリーム イオン気仙沼店,https://img.bokenjapan.com/media/kesennuma-dining-4012005.jpg,https://img.bokenjapan.com/media/kesennuma-dining-4025139.jpg,matched own listing photo
miyagi/kesennuma,286,ミスタードーナツ イオン気仙沼ショップ,https://img.bokenjapan.com/media/kesennuma-dining-4011291.jpg,https://img.bokenjapan.com/media/kesennuma-dining-4012005.jpg,matched own listing photo
miyagi/kesennuma,287,レストラン オーベル,https://img.bokenjapan.com/media/kesennuma-dining-4022809.jpg,https://img.bokenjapan.com/media/kesennuma-dining-4011291.jpg,matched own listing photo
miyagi/kesennuma,288,八瀬そば,https://img.bokenjapan.com/media/kesennuma-dining-4024954.jpg,https://img.bokenjapan.com/media/kesennuma-dining-4022809.jpg,matched own listing photo
miyagi/kesennuma,289,いずみぱん,https://img.bokenjapan.com/media/kesennuma-dining-4026134.jpg,https://img.bokenjapan.com/media/kesennuma-dining-4024954.jpg,matched own listing photo
miyagi/kesennuma,290,LAWSON 気仙沼長磯店,https://img.bokenjapan.com/media/kesennuma-dining-4021766.jpg,https://img.bokenjapan.com/media/kesennuma-dining-4026134.jpg,matched own listing photo
miyagi/kesennuma,291,食楽 幸,https://img.bokenjapan.com/media/kesennuma-dining-4025648.jpg,https://img.bokenjapan.com/media/kesennuma-dining-4021766.jpg,matched own listing photo
miyagi/kesennuma,293,マルニシわかめプラザ,https://img.bokenjapan.com/media/kesennuma-dining-4029696.jpg,https://img.bokenjapan.com/media/kesennuma-dining-4025648.jpg,matched own listing photo
miyagi/kesennuma,294,さんまつくだ煮の有限会社ケイ,https://img.bokenjapan.com/media/kesennuma-dining-4027760.jpg,https://img.bokenjapan.com/media/kesennuma-dining-4029696.jpg,matched own listing photo
miyagi/kesennuma,296,八葉水産,https://img.bokenjapan.com/media/kesennuma-dining-4016426.jpg,https://img.bokenjapan.com/media/kesennuma-dining-4027760.jpg,matched own listing photo
miyagi/kesennuma,297,石渡商店,https://img.bokenjapan.com/media/kesennuma-dining-4020469.jpg,https://img.bokenjapan.com/media/kesennuma-dining-4016426.jpg,matched own listing photo
miyagi/kesennuma,298,てんてんや,https://img.bokenjapan.com/media/kesennuma-dining-4004379.jpg,https://img.bokenjapan.com/media/kesennuma-dining-4020469.jpg,matched own listing photo
miyagi/kesennuma,299,株式会社 磯屋水産,https://img.bokenjapan.com/media/kesennuma-dining-4020173.jpg,https://img.bokenjapan.com/media/kesennuma-dining-4004379.jpg,matched own listing photo
miyagi/kesennuma,300,さん歩,https://img.bokenjapan.com/media/kesennuma-dining-4003840.jpg,https://img.bokenjapan.com/media/kesennuma-dining-4020173.jpg,matched own listing photo
miyagi/kesennuma,303,大ちゃん刺身亭,https://img.bokenjapan.com/media/kesennuma-dining-4006982.jpg,,photo belonged to another card; no own photo found
miyagi/kesennuma,304,ムラカミ,https://img.bokenjapan.com/media/kesennuma-dining-4017107.jpg,https://img.bokenjapan.com/media/kesennuma-dining-4006982.jpg,matched own listing photo
miyagi/kesennuma,305,義味家,https://img.bokenjapan.com/media/kesennuma-dining-4007660.jpg,https://img.bokenjapan.com/media/kesennuma-dining-4017107.jpg,matched own listing photo
miyagi/kesennuma,306,ボルセッタ イシカワ,https://img.bokenjapan.com/media/kesennuma-dining-4021718.jpg,https://img.bokenjapan.com/media/kesennuma-dining-4007660.jpg,matched own listing photo
miyagi/kesennuma,307,あおば,https://img.bokenjapan.com/media/kesennuma-dining-4005623.jpg,https://img.bokenjapan.com/media/kesennuma-dining-4021718.jpg,matched own listing photo
miyagi/kesennuma,308,和ごみ,https://img.bokenjapan.com/media/kesennuma-dining-4017863.jpg,https://img.bokenjapan.com/media/kesennuma-dining-4005623.jpg,matched own listing photo
miyagi/kesennuma,309,酒のサイシン 魚市場前店,https://img.bokenjapan.com/media/kesennuma-dining-4024893.jpg,https://img.bokenjapan.com/media/kesennuma-dining-4017863.jpg,matched own listing photo
miyagi/kesennuma,310,酒と肴呑べ,https://img.bokenjapan.com/media/kesennuma-dining-4009762.jpg,https://img.bokenjapan.com/media/kesennuma-dining-4024893.jpg,matched own listing photo
miyagi/kesennuma,311,小野万,https://img.bokenjapan.com/media/kesennuma-dining-4028851.jpg,,photo belonged to another card; no own photo found
miyagi/kesennuma,312,マルチ村上商店,https://img.bokenjapan.com/media/kesennuma-dining-4027284.jpg,https://img.bokenjapan.com/media/kesennuma-dining-4028851.jpg,matched own listing photo
miyagi/kesennuma,313,椿寿し,https://img.bokenjapan.com/media/kesennuma-dining-4004769.jpg,https://img.bokenjapan.com/media/kesennuma-dining-4027284.jpg,matched own listing photo
miyagi/kesennuma,314,Kana Kana,https://img.bokenjapan.com/media/kesennuma-dining-4028969.jpg,https://img.bokenjapan.com/media/kesennuma-dining-4004769.jpg,matched own listing photo
miyagi/kesennuma,315,とちめんぼう,https://img.bokenjapan.com/media/kesennuma-dining-4006492.jpg,,photo belonged to another card; no own photo found
miyagi/kesennuma,316,カプリコン,https://img.bokenjapan.com/media/kesennuma-dining-4022460.jpg,https://img.bokenjapan.com/media/kesennuma-dining-4006492.jpg,matched own listing photo
miyagi/kesennuma,317,酒場北海道,https://img.bokenjapan.com/media/kesennuma-dining-4004098.jpg,https://img.bokenjapan.com/media/kesennuma-dining-4022460.jpg,matched own listing photo
miyagi/kesennuma,318,スカイピア,https://img.bokenjapan.com/media/kesennuma-dining-4012795.jpg,https://img.bokenjapan.com/media/kesennuma-dining-4004098.jpg,matched own listing photo
miyagi/kesennuma,319,呑み処 菜の園,https://img.bokenjapan.com/media/kesennuma-dining-4020348.jpg,https://img.bokenjapan.com/media/kesennuma-dining-4012795.jpg,matched own listing photo
miyagi/kesennuma,321,夜来香,https://img.bokenjapan.com/media/kesennuma-dining-4005640.jpg,,photo belonged to another card; no own photo found
miyagi/kesennuma,323,プレジャー,https://img.bokenjapan.com/media/kesennuma-dining-4019725.jpg,https://img.bokenjapan.com/media/kesennuma-dining-4005640.jpg,matched own listing photo
miyagi/kesennuma,324,ほろ酔,https://img.bokenjapan.com/media/kesennuma-dining-4003861.jpg,https://img.bokenjapan.com/media/kesennuma-dining-4019725.jpg,matched own listing photo
miyagi/kesennuma,325,セブンイレブン 気仙沼松川店,https://img.bokenjapan.com/media/kesennuma-dining-4017245.jpg,https://img.bokenjapan.com/media/kesennuma-dining-4003861.jpg,matched own listing photo
miyagi/kesennuma,326,たに口,https://img.bokenjapan.com/media/kesennuma-dining-4020194.jpg,https://img.bokenjapan.com/media/kesennuma-dining-4017245.jpg,matched own listing photo
miyagi/kesennuma,327,和食 きらず,https://img.bokenjapan.com/media/kesennuma-dining-4026469.jpg,https://img.bokenjapan.com/media/kesennuma-dining-4020194.jpg,matched own listing photo
miyagi/kesennuma,328,丸正食堂,https://img.bokenjapan.com/media/kesennuma-dining-4006200.jpg,https://img.bokenjapan.com/media/kesennuma-dining-4026469.jpg,matched own listing photo
miyagi/kesennuma,331,Fi-ka,https://img.bokenjapan.com/media/kesennuma-dining-4010608.jpg,https://img.bokenjapan.com/media/kesennuma-dining-4006200.jpg,matched own listing photo
miyagi/kesennuma,332,旬菜屋 KEN,https://img.bokenjapan.com/media/kesennuma-dining-4026624.jpg,https://img.bokenjapan.com/media/kesennuma-dining-4010608.jpg,matched own listing photo
miyagi/kesennuma,333,クリエみうら 松川店,https://img.bokenjapan.com/media/kesennuma-dining-4021829.jpg,https://img.bokenjapan.com/media/kesennuma-dining-4026624.jpg,matched own listing photo
miyagi/kesennuma,334,角星 配送センター,https://img.bokenjapan.com/media/kesennuma-dining-4027548.jpg,https://img.bokenjapan.com/media/kesennuma-dining-4021829.jpg,matched own listing photo
miyagi/kesennuma,336,桜田,https://img.bokenjapan.com/media/kesennuma-dining-4017469.jpg,https://img.bokenjapan.com/media/kesennuma-dining-4027548.jpg,matched own listing photo
miyagi/kesennuma,337,気仙沼 四季 伊八郎,https://img.bokenjapan.com/media/kesennuma-dining-4025276.jpg,https://img.bokenjapan.com/media/kesennuma-dining-4017469.jpg,matched own listing photo
miyagi/kesennuma,338,福助寿司,https://img.bokenjapan.com/media/kesennuma-dining-4004810.jpg,https://img.bokenjapan.com/media/kesennuma-dining-4025276.jpg,matched own listing photo
miyagi/kesennuma,339,喫茶去,https://img.bokenjapan.com/media/kesennuma-dining-4017468.jpg,https://img.bokenjapan.com/media/kesennuma-dining-4004810.jpg,matched own listing photo
miyagi/kesennuma,341,グローヴガーデン,https://img.bokenjapan.com/media/kesennuma-dining-4011905.jpg,,photo belonged to another card; no own photo found
miyagi/kesennuma,342,有限会社 遠藤商店,https://img.bokenjapan.com/media/kesennuma-dining-4022289.jpg,https://img.bokenjapan.com/media/kesennuma-dining-4011905.jpg,matched own listing photo
miyagi/kesennuma,348,cafe みんなの木,https://img.bokenjapan.com/media/kesennuma-dining-4026972.jpg,https://img.bokenjapan.com/media/kesennuma-dining-4022289.jpg,matched own listing photo
miyagi/kesennuma,354,港町酒場JOYBOY,https://img.bokenjapan.com/media/kesennuma-dining-4029989.jpg,https://img.bokenjapan.com/media/kesennuma-dining-4026972.jpg,matched own listing photo
miyagi/kesennuma,378,こばらぼ,https://img.bokenjapan.com/media/kesennuma-dining-4016861.jpg,,photo belonged to another card; no own photo found
miyagi/kesennuma,380,京月,https://img.bokenjapan.com/media/kesennuma-dining-4006798.jpg,https://img.bokenjapan.com/media/kesennuma-dining-4016861.jpg,matched own listing photo
miyagi/kurihara,2,西屋,https://img.bokenjapan.com/media/kurihara-dining-4000422.jpg,,photo belonged to another card; no own photo found
miyagi/kurihara,3,ラーメン DX屋,https://img.bokenjapan.com/media/kurihara-dining-4021911.jpg,https://img.bokenjapan.com/media/kurihara-dining-4000422.jpg,matched own listing photo
miyagi/kurihara,4,和洋レストラン チロル,https://img.bokenjapan.com/media/kurihara-dining-4007683.jpg,https://img.bokenjapan.com/media/kurihara-dining-4021911.jpg,matched own listing photo
miyagi/kurihara,5,丸勝食堂,https://img.bokenjapan.com/media/kurihara-dining-4008644.jpg,https://img.bokenjapan.com/media/kurihara-dining-4007683.jpg,matched own listing photo
miyagi/kurihara,6,らーめん 黒の木,https://img.bokenjapan.com/media/kurihara-dining-4010332.jpg,https://img.bokenjapan.com/media/kurihara-dining-4008644.jpg,matched own listing photo
miyagi/kurihara,7,いろは食堂 高清水支店,https://img.bokenjapan.com/media/kurihara-dining-4003544.jpg,https://img.bokenjapan.com/media/kurihara-dining-4010332.jpg,matched own listing photo
miyagi/kurihara,8,蕎麦祥,https://img.bokenjapan.com/media/kurihara-dining-4000417.jpg,https://img.bokenjapan.com/media/kurihara-dining-4003544.jpg,matched own listing photo
miyagi/kurihara,9,自然薯の館,https://img.bokenjapan.com/media/kurihara-dining-4001969.jpg,,photo belonged to another card; no own photo found
miyagi/kurihara,10,狩人,https://img.bokenjapan.com/media/kurihara-dining-4004476.jpg,https://img.bokenjapan.com/media/kurihara-dining-4001969.jpg,matched own listing photo
miyagi/kurihara,11,蕎麦小屋,https://img.bokenjapan.com/media/kurihara-dining-4019214.jpg,https://img.bokenjapan.com/media/kurihara-dining-4004476.jpg,matched own listing photo
miyagi/kurihara,12,とんかつ屋 金太郎,https://img.bokenjapan.com/media/kurihara-dining-4004577.jpg,https://img.bokenjapan.com/media/kurihara-dining-4019214.jpg,matched own listing photo
miyagi/kurihara,13,とんかつ雅,https://img.bokenjapan.com/media/kurihara-dining-4003406.jpg,https://img.bokenjapan.com/media/kurihara-dining-4004577.jpg,matched own listing photo
miyagi/kurihara,14,パレット 築館本店,https://img.bokenjapan.com/media/kurihara-dining-4013124.jpg,https://img.bokenjapan.com/media/kurihara-dining-4003406.jpg,matched own listing photo
miyagi/kurihara,15,麺や なのほ,https://img.bokenjapan.com/media/kurihara-dining-4026560.jpg,https://img.bokenjapan.com/media/kurihara-dining-4013124.jpg,matched own listing photo
miyagi/kurihara,16,食事処 ,https://img.bokenjapan.com/media/kurihara-dining-4001554.jpg,https://img.bokenjapan.com/media/kurihara-dining-4026560.jpg,matched own listing photo
miyagi/kurihara,17,そば処　京ケ崎,https://img.bokenjapan.com/media/kurihara-dining-4003293.jpg,https://img.bokenjapan.com/media/kurihara-dining-4001554.jpg,matched own listing photo
miyagi/kurihara,18,Cafe かいめんこや,https://img.bokenjapan.com/media/kurihara-dining-4017027.jpg,https://img.bokenjapan.com/media/kurihara-dining-4003293.jpg,matched own listing photo
miyagi/kurihara,19,秋桜コスモス,https://img.bokenjapan.com/media/kurihara-dining-4001935.jpg,https://img.bokenjapan.com/media/kurihara-dining-4017027.jpg,matched own listing photo
miyagi/kurihara,22,大学食堂,https://img.bokenjapan.com/media/kurihara-dining-4016881.jpg,,photo belonged to another card; no own photo found
miyagi/kurihara,23,清華,https://img.bokenjapan.com/media/kurihara-dining-4003109.jpg,https://img.bokenjapan.com/media/kurihara-dining-4016881.jpg,matched own listing photo
miyagi/kurihara,24,岩魚の館 数又,https://img.bokenjapan.com/media/kurihara-dining-4016935.jpg,https://img.bokenjapan.com/media/kurihara-dining-4003109.jpg,matched own listing photo
miyagi/kurihara,25,幸之助,https://img.bokenjapan.com/media/kurihara-dining-4014885.jpg,https://img.bokenjapan.com/media/kurihara-dining-4016935.jpg,matched own listing photo
miyagi/kurihara,26,B&Jキッチン,https://img.bokenjapan.com/media/kurihara-dining-4012746.jpg,https://img.bokenjapan.com/media/kurihara-dining-4014885.jpg,matched own listing photo
miyagi/kurihara,27,たかの食堂,https://img.bokenjapan.com/media/kurihara-dining-4001788.jpg,https://img.bokenjapan.com/media/kurihara-dining-4012746.jpg,matched own listing photo
miyagi/kurihara,28,フェリーチェ,https://img.bokenjapan.com/media/kurihara-dining-4008792.jpg,https://img.bokenjapan.com/media/kurihara-dining-4001788.jpg,matched own listing photo
miyagi/kurihara,29,万里,https://img.bokenjapan.com/media/kurihara-dining-4006759.jpg,https://img.bokenjapan.com/media/kurihara-dining-4008792.jpg,matched own listing photo
miyagi/kurihara,30,花舞の里,https://img.bokenjapan.com/media/kurihara-dining-4002753.jpg,https://img.bokenjapan.com/media/kurihara-dining-4006759.jpg,matched own listing photo
miyagi/kurihara,31,ホテルグランドプラザ浦島,https://img.bokenjapan.com/media/kurihara-dining-4013423.jpg,https://img.bokenjapan.com/media/kurihara-dining-4002753.jpg,matched own listing photo
miyagi/kurihara,32,カフェ コロポックル,https://img.bokenjapan.com/media/kurihara-dining-4017592.jpg,https://img.bokenjapan.com/media/kurihara-dining-4013423.jpg,matched own listing photo
miyagi/kurihara,33,土里夢,https://img.bokenjapan.com/media/kurihara-dining-4016865.jpg,https://img.bokenjapan.com/media/kurihara-dining-4017592.jpg,matched own listing photo
miyagi/kurihara,34,もちっ小屋 でん,https://img.bokenjapan.com/media/kurihara-dining-4017226.jpg,https://img.bokenjapan.com/media/kurihara-dining-4016865.jpg,matched own listing photo
miyagi/kurihara,35,飲み処 食べ処 つがる,https://img.bokenjapan.com/media/kurihara-dining-4023271.jpg,https://img.bokenjapan.com/media/kurihara-dining-4017226.jpg,matched own listing photo
miyagi/kurihara,36,和洋ダイニング 幸ん妃,https://img.bokenjapan.com/media/kurihara-dining-4024069.jpg,https://img.bokenjapan.com/media/kurihara-dining-4023271.jpg,matched own listing photo
miyagi/kurihara,37,萩亭,https://img.bokenjapan.com/media/kurihara-dining-4022914.jpg,https://img.bokenjapan.com/media/kurihara-dining-4024069.jpg,matched own listing photo
miyagi/kurihara,38,らーめん亘理,https://img.bokenjapan.com/media/kurihara-dining-4017856.jpg,https://img.bokenjapan.com/media/kurihara-dining-4022914.jpg,matched own listing photo
miyagi/kurihara,39,くりこま,https://img.bokenjapan.com/media/kurihara-dining-4003400.jpg,https://img.bokenjapan.com/media/kurihara-dining-4017856.jpg,matched own listing photo
miyagi/kurihara,41,GARDEN RESTAURANT SPRING Rd.,https://img.bokenjapan.com/media/kurihara-dining-4025213.jpg,,photo belonged to another card; no own photo found
miyagi/kurihara,42,食事処 だるま屋,https://img.bokenjapan.com/media/kurihara-dining-4010620.jpg,https://img.bokenjapan.com/media/kurihara-dining-4025213.jpg,matched own listing photo
miyagi/kurihara,43,大手屋,https://img.bokenjapan.com/media/kurihara-dining-4004475.jpg,https://img.bokenjapan.com/media/kurihara-dining-4010620.jpg,matched own listing photo
miyagi/kurihara,44,お菓子の店すがわら,https://img.bokenjapan.com/media/kurihara-dining-4011754.jpg,https://img.bokenjapan.com/media/kurihara-dining-4004475.jpg,matched own listing photo
miyagi/kurihara,45,みやぎ冨美野,https://img.bokenjapan.com/media/kurihara-dining-4003125.jpg,https://img.bokenjapan.com/media/kurihara-dining-4011754.jpg,matched own listing photo
miyagi/kurihara,46,まるよ食堂,https://img.bokenjapan.com/media/kurihara-dining-4006472.jpg,https://img.bokenjapan.com/media/kurihara-dining-4003125.jpg,matched own listing photo
miyagi/kurihara,47,ご馳走ダイニング 満てん,https://img.bokenjapan.com/media/kurihara-dining-4001783.jpg,https://img.bokenjapan.com/media/kurihara-dining-4006472.jpg,matched own listing photo
miyagi/kurihara,48,白果楼,https://img.bokenjapan.com/media/kurihara-dining-4008387.jpg,https://img.bokenjapan.com/media/kurihara-dining-4001783.jpg,matched own listing photo
miyagi/kurihara,49,cuccie cafe la Bonte,https://img.bokenjapan.com/media/kurihara-dining-4002778.jpg,https://img.bokenjapan.com/media/kurihara-dining-4008387.jpg,matched own listing photo
miyagi/kurihara,50,岩渕食堂,https://img.bokenjapan.com/media/kurihara-dining-4003543.jpg,https://img.bokenjapan.com/media/kurihara-dining-4002778.jpg,matched own listing photo
miyagi/kurihara,51,ノース ウェスト,https://img.bokenjapan.com/media/kurihara-dining-4027007.jpg,,photo belonged to another card; no own photo found
miyagi/kurihara,52,楓林,https://img.bokenjapan.com/media/kurihara-dining-4002691.jpg,https://img.bokenjapan.com/media/kurihara-dining-4027007.jpg,matched own listing photo
miyagi/kurihara,53,山菜茶屋ざらぼう,https://img.bokenjapan.com/media/kurihara-dining-4012608.jpg,https://img.bokenjapan.com/media/kurihara-dining-4002691.jpg,matched own listing photo
miyagi/kurihara,54,たいむカフェ,https://img.bokenjapan.com/media/kurihara-dining-4010861.jpg,https://img.bokenjapan.com/media/kurihara-dining-4012608.jpg,matched own listing photo
miyagi/kurihara,55,道の駅 路田里はなやま お土産・産直コーナー,https://img.bokenjapan.com/media/kurihara-dining-4022491.jpg,https://img.bokenjapan.com/media/kurihara-dining-4010861.jpg,matched own listing photo
miyagi/kurihara,56,湖畔のみせ 旬彩,https://img.bokenjapan.com/media/kurihara-dining-4012515.jpg,https://img.bokenjapan.com/media/kurihara-dining-4022491.jpg,matched own listing photo
miyagi/kurihara,59,木香珈琲,https://img.bokenjapan.com/media/kurihara-dining-4022357.jpg,,photo belonged to another card; no own photo found
miyagi/kurihara,60,おかまる食堂,https://img.bokenjapan.com/media/kurihara-dining-4022121.jpg,https://img.bokenjapan.com/media/kurihara-dining-4022357.jpg,matched own listing photo
miyagi/kurihara,61,坊の蔵,https://img.bokenjapan.com/media/kurihara-dining-4007682.jpg,https://img.bokenjapan.com/media/kurihara-dining-4022121.jpg,matched own listing photo
miyagi/kurihara,62,嘉嘉美,https://img.bokenjapan.com/media/kurihara-dining-4020820.jpg,https://img.bokenjapan.com/media/kurihara-dining-4007682.jpg,matched own listing photo
miyagi/kurihara,63,あがらいん亭,https://img.bokenjapan.com/media/kurihara-dining-4007969.jpg,https://img.bokenjapan.com/media/kurihara-dining-4020820.jpg,matched own listing photo
miyagi/kurihara,64,味久 築館バイパス店,https://img.bokenjapan.com/media/kurihara-dining-4023720.jpg,https://img.bokenjapan.com/media/kurihara-dining-4007969.jpg,matched own listing photo
miyagi/kurihara,65,アロエリゾートカフェ,https://img.bokenjapan.com/media/kurihara-dining-4027918.jpg,https://img.bokenjapan.com/media/kurihara-dining-4023720.jpg,matched own listing photo
miyagi/kurihara,66,ラーメンショップねぎっこ 築館店,https://img.bokenjapan.com/media/kurihara-dining-4006760.jpg,,photo belonged to another card; no own photo found
miyagi/kurihara,67,おかってマルシェ,https://img.bokenjapan.com/media/kurihara-dining-4022775.jpg,https://img.bokenjapan.com/media/kurihara-dining-4006760.jpg,matched own listing photo
miyagi/kurihara,68,中国酒家紅龍りらく,https://img.bokenjapan.com/media/kurihara-dining-4003288.jpg,https://img.bokenjapan.com/media/kurihara-dining-4022775.jpg,matched own listing photo
miyagi/kurihara,69,うたげ座,https://img.bokenjapan.com/media/kurihara-dining-4002286.jpg,https://img.bokenjapan.com/media/kurihara-dining-4003288.jpg,matched own listing photo
miyagi/kurihara,70,自家培養醗酵種パン 侭,https://img.bokenjapan.com/media/kurihara-dining-4017159.jpg,https://img.bokenjapan.com/media/kurihara-dining-4002286.jpg,matched own listing photo
miyagi/kurihara,71,元祖もつよし,https://img.bokenjapan.com/media/kurihara-dining-4028187.jpg,https://img.bokenjapan.com/media/kurihara-dining-4017159.jpg,matched own listing photo
miyagi/kurihara,72,ハッピー,https://img.bokenjapan.com/media/kurihara-dining-4008647.jpg,https://img.bokenjapan.com/media/kurihara-dining-4028187.jpg,matched own listing photo
miyagi/kurihara,73,かめや食堂,https://img.bokenjapan.com/media/kurihara-dining-4016741.jpg,https://img.bokenjapan.com/media/kurihara-dining-4008647.jpg,matched own listing photo
miyagi/kurihara,74,薬師そば,https://img.bokenjapan.com/media/kurihara-dining-4029014.jpg,https://img.bokenjapan.com/media/kurihara-dining-4016741.jpg,matched own listing photo
miyagi/kurihara,75,食事処 和の倶楽,https://img.bokenjapan.com/media/kurihara-dining-4029141.jpg,https://img.bokenjapan.com/media/kurihara-dining-4029014.jpg,matched own listing photo
miyagi/kurihara,78,花カフェ 花音,https://img.bokenjapan.com/media/kurihara-dining-4017399.jpg,,photo belonged to another card; no own photo found
miyagi/kurihara,79,源氏蛍せんべい 直売所,https://img.bokenjapan.com/media/kurihara-dining-4017278.jpg,https://img.bokenjapan.com/media/kurihara-dining-4017399.jpg,matched own listing photo
miyagi/kurihara,80,U-cafe 築館店,https://img.bokenjapan.com/media/kurihara-dining-4025900.jpg,,photo belonged to another card; no own photo found
miyagi/kurihara,81,頓珍亭,https://img.bokenjapan.com/media/kurihara-dining-4003368.jpg,https://img.bokenjapan.com/media/kurihara-dining-4025900.jpg,matched own listing photo
miyagi/kurihara,82,アクセスらーめんショップ,https://img.bokenjapan.com/media/kurihara-dining-4003452.jpg,https://img.bokenjapan.com/media/kurihara-dining-4003368.jpg,matched own listing photo
miyagi/kurihara,83,炭火いちばじゅう 築館店,https://img.bokenjapan.com/media/kurihara-dining-4002637.jpg,https://img.bokenjapan.com/media/kurihara-dining-4003452.jpg,matched own listing photo
miyagi/kurihara,84,あじあ,https://img.bokenjapan.com/media/kurihara-dining-4006283.jpg,https://img.bokenjapan.com/media/kurihara-dining-4002637.jpg,matched own listing photo
miyagi/kurihara,85,荒浜屋,https://img.bokenjapan.com/media/kurihara-dining-4017618.jpg,https://img.bokenjapan.com/media/kurihara-dining-4006283.jpg,matched own listing photo
miyagi/kurihara,86,インドカレー グラス,https://img.bokenjapan.com/media/kurihara-dining-4027494.jpg,https://img.bokenjapan.com/media/kurihara-dining-4017618.jpg,matched own listing photo
miyagi/kurihara,87,食事処 和の倶楽,https://img.bokenjapan.com/media/kurihara-dining-4028382.jpg,https://img.bokenjapan.com/media/kurihara-dining-4027494.jpg,matched own listing photo
miyagi/kurihara,88,米金工房 栗原志波姫店,https://img.bokenjapan.com/media/kurihara-dining-4025237.jpg,https://img.bokenjapan.com/media/kurihara-dining-4028382.jpg,matched own listing photo
miyagi/kurihara,89,みうら堂製菓,https://img.bokenjapan.com/media/kurihara-dining-4027853.jpg,https://img.bokenjapan.com/media/kurihara-dining-4025237.jpg,matched own listing photo
miyagi/kurihara,90,めいぷる,https://img.bokenjapan.com/media/kurihara-dining-4001813.jpg,https://img.bokenjapan.com/media/kurihara-dining-4027853.jpg,matched own listing photo
miyagi/kurihara,91,叶屋菓子店,https://img.bokenjapan.com/media/kurihara-dining-4023933.jpg,https://img.bokenjapan.com/media/kurihara-dining-4001813.jpg,matched own listing photo
miyagi/kurihara,92,cafe&sweets すぷりんぐ,https://img.bokenjapan.com/media/kurihara-dining-4025066.jpg,https://img.bokenjapan.com/media/kurihara-dining-4023933.jpg,matched own listing photo
miyagi/kurihara,93,珈琲の店 道,https://img.bokenjapan.com/media/kurihara-dining-4026647.jpg,https://img.bokenjapan.com/media/kurihara-dining-4025066.jpg,matched own listing photo
miyagi/kurihara,94,HOT SANDWICH & COFFEE ひしの実,https://img.bokenjapan.com/media/kurihara-dining-4023279.jpg,https://img.bokenjapan.com/media/kurihara-dining-4026647.jpg,matched own listing photo
miyagi/kurihara,96,弥治介,https://img.bokenjapan.com/media/kurihara-dining-4017634.jpg,,photo belonged to another card; no own photo found
miyagi/kurihara,97,食事処むらかみ,https://img.bokenjapan.com/media/kurihara-dining-4017624.jpg,https://img.bokenjapan.com/media/kurihara-dining-4017634.jpg,matched own listing photo
miyagi/kurihara,98,ササキ,https://img.bokenjapan.com/media/kurihara-dining-4008130.jpg,https://img.bokenjapan.com/media/kurihara-dining-4017624.jpg,matched own listing photo
miyagi/kurihara,99,丸勝,https://img.bokenjapan.com/media/kurihara-dining-4012516.jpg,https://img.bokenjapan.com/media/kurihara-dining-4008130.jpg,matched own listing photo
miyagi/kurihara,100,六角茶屋,https://img.bokenjapan.com/media/kurihara-dining-4014723.jpg,https://img.bokenjapan.com/media/kurihara-dining-4012516.jpg,matched own listing photo
miyagi/kurihara,101,そば処 もんじ 永左エ門,https://img.bokenjapan.com/media/kurihara-dining-4027998.jpg,https://img.bokenjapan.com/media/kurihara-dining-4014723.jpg,matched own listing photo
miyagi/kurihara,102,農家レストラン 美桜,https://img.bokenjapan.com/media/kurihara-dining-4019568.jpg,https://img.bokenjapan.com/media/kurihara-dining-4027998.jpg,matched own listing photo
miyagi/kurihara,103,あぐりっこ金成,https://img.bokenjapan.com/media/kurihara-dining-4019446.jpg,https://img.bokenjapan.com/media/kurihara-dining-4019568.jpg,matched own listing photo
miyagi/kurihara,104,カントリーストア,https://img.bokenjapan.com/media/kurihara-dining-4002485.jpg,https://img.bokenjapan.com/media/kurihara-dining-4019446.jpg,matched own listing photo
miyagi/kurihara,105,グラン・ジュテ,https://img.bokenjapan.com/media/kurihara-dining-4017154.jpg,https://img.bokenjapan.com/media/kurihara-dining-4002485.jpg,matched own listing photo
miyagi/kurihara,106,スパイシーカレー シラビヤ,https://img.bokenjapan.com/media/kurihara-dining-4029966.jpg,https://img.bokenjapan.com/media/kurihara-dining-4017154.jpg,matched own listing photo
miyagi/kurihara,107,EPOCA21,https://img.bokenjapan.com/media/kurihara-dining-4024256.jpg,https://img.bokenjapan.com/media/kurihara-dining-4029966.jpg,matched own listing photo
miyagi/kurihara,108,わかやなぎ農産物直売所 くりでん,https://img.bokenjapan.com/media/kurihara-dining-4022594.jpg,,photo belonged to another card; no own photo found
miyagi/kurihara,109,喜久乃家,https://img.bokenjapan.com/media/kurihara-dining-4017296.jpg,https://img.bokenjapan.com/media/kurihara-dining-4022594.jpg,matched own listing photo
miyagi/kurihara,110,そば処 本陣,https://img.bokenjapan.com/media/kurihara-dining-4020146.jpg,https://img.bokenjapan.com/media/kurihara-dining-4017296.jpg,matched own listing photo
miyagi/kurihara,111,さぶん,https://img.bokenjapan.com/media/kurihara-dining-4004477.jpg,https://img.bokenjapan.com/media/kurihara-dining-4020146.jpg,matched own listing photo
miyagi/kurihara,112,なごみ日和,https://img.bokenjapan.com/media/kurihara-dining-4025380.jpg,https://img.bokenjapan.com/media/kurihara-dining-4004477.jpg,matched own listing photo
miyagi/kurihara,113,あじわいの朝 築館店,https://img.bokenjapan.com/media/kurihara-dining-4024888.jpg,https://img.bokenjapan.com/media/kurihara-dining-4025380.jpg,matched own listing photo
miyagi/kurihara,116,栗駒屋,https://img.bokenjapan.com/media/kurihara-dining-4025061.jpg,,photo belonged to another card; no own photo found
miyagi/kurihara,117,岡本老舗,https://img.bokenjapan.com/media/kurihara-dining-4028454.jpg,https://img.bokenjapan.com/media/kurihara-dining-4025061.jpg,matched own listing photo
miyagi/kurihara,118,よもぎた菓子店,https://img.bokenjapan.com/media/kurihara-dining-4024919.jpg,https://img.bokenjapan.com/media/kurihara-dining-4028454.jpg,matched own listing photo
miyagi/kurihara,119,A・COOP 瀬峰店,https://img.bokenjapan.com/media/kurihara-dining-4024598.jpg,https://img.bokenjapan.com/media/kurihara-dining-4024919.jpg,matched own listing photo
miyagi/kurihara,120,くるまやラーメン 築館店,https://img.bokenjapan.com/media/kurihara-dining-4003181.jpg,https://img.bokenjapan.com/media/kurihara-dining-4024598.jpg,matched own listing photo
miyagi/kurihara,121,川口納豆,https://img.bokenjapan.com/media/kurihara-dining-4017018.jpg,https://img.bokenjapan.com/media/kurihara-dining-4003181.jpg,matched own listing photo
miyagi/kurihara,122,金成パーキングエリア（上り）,https://img.bokenjapan.com/media/kurihara-dining-4010696.jpg,https://img.bokenjapan.com/media/kurihara-dining-4017018.jpg,matched own listing photo
miyagi/kurihara,123,山の駅 くりこま,https://img.bokenjapan.com/media/kurihara-dining-4020226.jpg,https://img.bokenjapan.com/media/kurihara-dining-4010696.jpg,matched own listing photo
miyagi/kurihara,124,栗駒レストハウス,https://img.bokenjapan.com/media/kurihara-dining-4016934.jpg,https://img.bokenjapan.com/media/kurihara-dining-4020226.jpg,matched own listing photo
miyagi/kurihara,125,味久,https://img.bokenjapan.com/media/kurihara-dining-4010149.jpg,https://img.bokenjapan.com/media/kurihara-dining-4016934.jpg,matched own listing photo
miyagi/kurihara,126,志んこや,https://img.bokenjapan.com/media/kurihara-dining-4007730.jpg,https://img.bokenjapan.com/media/kurihara-dining-4010149.jpg,matched own listing photo
miyagi/kurihara,127,天然温泉 たかもりの湯,https://img.bokenjapan.com/media/kurihara-dining-4019046.jpg,https://img.bokenjapan.com/media/kurihara-dining-4007730.jpg,matched own listing photo
miyagi/kurihara,128,居酒屋いわい,https://img.bokenjapan.com/media/kurihara-dining-4008388.jpg,https://img.bokenjapan.com/media/kurihara-dining-4019046.jpg,matched own listing photo
miyagi/kurihara,129,新町キュウ,https://img.bokenjapan.com/media/kurihara-dining-4028907.jpg,https://img.bokenjapan.com/media/kurihara-dining-4008388.jpg,matched own listing photo
miyagi/kurihara,130,炭火焼き鳥 轟や 築館店,https://img.bokenjapan.com/media/kurihara-dining-4020412.jpg,https://img.bokenjapan.com/media/kurihara-dining-4028907.jpg,matched own listing photo
miyagi/kurihara,131,セブンイレブン 金成PA下り店,https://img.bokenjapan.com/media/kurihara-dining-4027469.jpg,https://img.bokenjapan.com/media/kurihara-dining-4020412.jpg,matched own listing photo
miyagi/kurihara,132,福徳園,https://img.bokenjapan.com/media/kurihara-dining-4006757.jpg,https://img.bokenjapan.com/media/kurihara-dining-4027469.jpg,matched own listing photo
miyagi/kurihara,133,三陸食堂,https://img.bokenjapan.com/media/kurihara-dining-4006842.jpg,https://img.bokenjapan.com/media/kurihara-dining-4006757.jpg,matched own listing photo
miyagi/kurihara,136,萩野酒造,https://img.bokenjapan.com/media/kurihara-dining-4027653.jpg,,photo belonged to another card; no own photo found
miyagi/kurihara,137,花の季,https://img.bokenjapan.com/media/kurihara-dining-4020599.jpg,https://img.bokenjapan.com/media/kurihara-dining-4027653.jpg,matched own listing photo
miyagi/kurihara,138,パン工房いそっぷ,https://img.bokenjapan.com/media/kurihara-dining-4023934.jpg,https://img.bokenjapan.com/media/kurihara-dining-4020599.jpg,matched own listing photo
miyagi/kurihara,139,源氏蛍煎餅本舗 本店,https://img.bokenjapan.com/media/kurihara-dining-4027852.jpg,https://img.bokenjapan.com/media/kurihara-dining-4023934.jpg,matched own listing photo
miyagi/kurihara,140,草路木,https://img.bokenjapan.com/media/kurihara-dining-4026040.jpg,https://img.bokenjapan.com/media/kurihara-dining-4027852.jpg,matched own listing photo
miyagi/kurihara,141,伊豆沼食堂,https://img.bokenjapan.com/media/kurihara-dining-4028032.jpg,https://img.bokenjapan.com/media/kurihara-dining-4026040.jpg,matched own listing photo
miyagi/kurihara,142,文字屋,https://img.bokenjapan.com/media/kurihara-dining-4007686.jpg,https://img.bokenjapan.com/media/kurihara-dining-4028032.jpg,matched own listing photo
miyagi/kurihara,143,喰芯坊 謝謝堂,https://img.bokenjapan.com/media/kurihara-dining-4030325.jpg,https://img.bokenjapan.com/media/kurihara-dining-4007686.jpg,matched own listing photo
miyagi/kurihara,144,ごはんや Zucca,https://img.bokenjapan.com/media/kurihara-dining-4024891.jpg,https://img.bokenjapan.com/media/kurihara-dining-4030325.jpg,matched own listing photo
miyagi/kurihara,145,CAFE RAFU,https://img.bokenjapan.com/media/kurihara-dining-4027730.jpg,https://img.bokenjapan.com/media/kurihara-dining-4024891.jpg,matched own listing photo
miyagi/kurihara,146,cise,https://img.bokenjapan.com/media/kurihara-dining-4029188.jpg,https://img.bokenjapan.com/media/kurihara-dining-4027730.jpg,matched own listing photo
miyagi/kurihara,147,焼肉 俺ん家,https://img.bokenjapan.com/media/kurihara-dining-4026381.jpg,https://img.bokenjapan.com/media/kurihara-dining-4029188.jpg,matched own listing photo
miyagi/kurihara,148,りぼ・なんぶや,https://img.bokenjapan.com/media/kurihara-dining-4017620.jpg,https://img.bokenjapan.com/media/kurihara-dining-4026381.jpg,matched own listing photo
miyagi/kurihara,149,How's kitchen 栗原中央病院店,https://img.bokenjapan.com/media/kurihara-dining-4024057.jpg,https://img.bokenjapan.com/media/kurihara-dining-4017620.jpg,matched own listing photo
miyagi/kurihara,150,武田鮮魚,https://img.bokenjapan.com/media/kurihara-dining-4027346.jpg,https://img.bokenjapan.com/media/kurihara-dining-4024057.jpg,matched own listing photo
miyagi/kurihara,151,DARTS HOUSE AERZ,https://img.bokenjapan.com/media/kurihara-dining-4028715.jpg,https://img.bokenjapan.com/media/kurihara-dining-4027346.jpg,matched own listing photo
miyagi/kurihara,152,茶寮 椿,https://img.bokenjapan.com/media/kurihara-dining-4025411.jpg,https://img.bokenjapan.com/media/kurihara-dining-4028715.jpg,matched own listing photo
miyagi/kurihara,155,青葉食堂,https://img.bokenjapan.com/media/kurihara-dining-4015379.jpg,,photo belonged to another card; no own photo found
miyagi/kurihara,156,ベルディ栗駒,https://img.bokenjapan.com/media/kurihara-dining-4022541.jpg,https://img.bokenjapan.com/media/kurihara-dining-4015379.jpg,matched own listing photo
miyagi/kurihara,157,凰華,https://img.bokenjapan.com/media/kurihara-dining-4007162.jpg,https://img.bokenjapan.com/media/kurihara-dining-4022541.jpg,matched own listing photo
miyagi/kurihara,158,金の井酒造(株),https://img.bokenjapan.com/media/kurihara-dining-4016104.jpg,https://img.bokenjapan.com/media/kurihara-dining-4007162.jpg,matched own listing photo
miyagi/kurihara,159,スープ屋 コトコト,https://img.bokenjapan.com/media/kurihara-dining-4020103.jpg,https://img.bokenjapan.com/media/kurihara-dining-4016104.jpg,matched own listing photo
miyagi/kurihara,160,拾八番亭,https://img.bokenjapan.com/media/kurihara-dining-4014349.jpg,https://img.bokenjapan.com/media/kurihara-dining-4020103.jpg,matched own listing photo
miyagi/kurihara,161,侘びsuke,https://img.bokenjapan.com/media/kurihara-dining-4022507.jpg,https://img.bokenjapan.com/media/kurihara-dining-4014349.jpg,matched own listing photo
miyagi/kurihara,162,あやめの里,https://img.bokenjapan.com/media/kurihara-dining-4023936.jpg,https://img.bokenjapan.com/media/kurihara-dining-4022507.jpg,matched own listing photo
miyagi/kurihara,163,食工房縄文,https://img.bokenjapan.com/media/kurihara-dining-4010326.jpg,https://img.bokenjapan.com/media/kurihara-dining-4023936.jpg,matched own listing photo
miyagi/kurihara,164,ありま館,https://img.bokenjapan.com/media/kurihara-dining-4017623.jpg,https://img.bokenjapan.com/media/kurihara-dining-4010326.jpg,matched own listing photo
miyagi/kurihara,165,ル リアン,https://img.bokenjapan.com/media/kurihara-dining-4022303.jpg,https://img.bokenjapan.com/media/kurihara-dining-4017623.jpg,matched own listing photo
miyagi/kurihara,166,くりこま漢方和牛直売処 関村牧場,https://img.bokenjapan.com/media/kurihara-dining-4019583.jpg,https://img.bokenjapan.com/media/kurihara-dining-4022303.jpg,matched own listing photo
miyagi/kurihara,167,ムヨカ珈琲ロースタリー,https://img.bokenjapan.com/media/kurihara-dining-4026766.jpg,https://img.bokenjapan.com/media/kurihara-dining-4019583.jpg,matched own listing photo
miyagi/kurihara,168,銀座ホルモン,https://img.bokenjapan.com/media/kurihara-dining-4003188.jpg,https://img.bokenjapan.com/media/kurihara-dining-4026766.jpg,matched own listing photo
miyagi/kurihara,169,jaki,https://img.bokenjapan.com/media/kurihara-dining-4023391.jpg,https://img.bokenjapan.com/media/kurihara-dining-4003188.jpg,matched own listing photo
miyagi/kurihara,170,国立花山青少年自然の家 食堂,https://img.bokenjapan.com/media/kurihara-dining-4022376.jpg,https://img.bokenjapan.com/media/kurihara-dining-4023391.jpg,matched own listing photo
miyagi/kurihara,171,てから,https://img.bokenjapan.com/media/kurihara-dining-4017379.jpg,https://img.bokenjapan.com/media/kurihara-dining-4022376.jpg,matched own listing photo
miyagi/kurihara,172,愛藍人・文字,https://img.bokenjapan.com/media/kurihara-dining-4002034.jpg,https://img.bokenjapan.com/media/kurihara-dining-4017379.jpg,matched own listing photo
miyagi/kurihara,177,グリーンヒル浦島,https://img.bokenjapan.com/media/kurihara-dining-4024502.jpg,,photo belonged to another card; no own photo found
miyagi/kurihara,178,菓子工房 Happy 金成店,https://img.bokenjapan.com/media/kurihara-dining-4028453.jpg,https://img.bokenjapan.com/media/kurihara-dining-4024502.jpg,matched own listing photo
miyagi/kurihara,179,Cafe Beetle,https://img.bokenjapan.com/media/kurihara-dining-4027495.jpg,https://img.bokenjapan.com/media/kurihara-dining-4028453.jpg,matched own listing photo
miyagi/kurihara,180,農家のお店 おてんとさん 栗駒店,https://img.bokenjapan.com/media/kurihara-dining-4025063.jpg,https://img.bokenjapan.com/media/kurihara-dining-4027495.jpg,matched own listing photo
miyagi/kurihara,181,三浦酒舗,https://img.bokenjapan.com/media/kurihara-dining-4030002.jpg,https://img.bokenjapan.com/media/kurihara-dining-4025063.jpg,matched own listing photo
miyagi/kurihara,182,柴野製麺店,https://img.bokenjapan.com/media/kurihara-dining-4024109.jpg,https://img.bokenjapan.com/media/kurihara-dining-4030002.jpg,matched own listing photo
miyagi/kurihara,183,だるまや,https://img.bokenjapan.com/media/kurihara-dining-4009368.jpg,https://img.bokenjapan.com/media/kurihara-dining-4024109.jpg,matched own listing photo
miyagi/kurihara,184,山脈ハウス,https://img.bokenjapan.com/media/kurihara-dining-4017632.jpg,https://img.bokenjapan.com/media/kurihara-dining-4009368.jpg,matched own listing photo
miyagi/kurihara,185,鮨　幸楽,https://img.bokenjapan.com/media/kurihara-dining-4003110.jpg,https://img.bokenjapan.com/media/kurihara-dining-4017632.jpg,matched own listing photo
miyagi/kurihara,186,寿司幸,https://img.bokenjapan.com/media/kurihara-dining-4004699.jpg,https://img.bokenjapan.com/media/kurihara-dining-4003110.jpg,matched own listing photo
miyagi/kurihara,187,シュヴァル ブラン,https://img.bokenjapan.com/media/kurihara-dining-4022632.jpg,https://img.bokenjapan.com/media/kurihara-dining-4004699.jpg,matched own listing photo
miyagi/kurihara,188,よつ葉,https://img.bokenjapan.com/media/kurihara-dining-4025391.jpg,https://img.bokenjapan.com/media/kurihara-dining-4022632.jpg,matched own listing photo
miyagi/kurihara,189,いちの家,https://img.bokenjapan.com/media/kurihara-dining-4005138.jpg,https://img.bokenjapan.com/media/kurihara-dining-4025391.jpg,matched own listing photo
miyagi/kurihara,190,富寿司,https://img.bokenjapan.com/media/kurihara-dining-4027851.jpg,https://img.bokenjapan.com/media/kurihara-dining-4005138.jpg,matched own listing photo
miyagi/kurihara,191,金太郎 金成イオン店,https://img.bokenjapan.com/media/kurihara-dining-4029383.jpg,https://img.bokenjapan.com/media/kurihara-dining-4027851.jpg,matched own listing photo
miyagi/kurihara,192,昭栄堂,https://img.bokenjapan.com/media/kurihara-dining-4007688.jpg,https://img.bokenjapan.com/media/kurihara-dining-4029383.jpg,matched own listing photo
miyagi/kurihara,194,居酒屋いろり,https://img.bokenjapan.com/media/kurihara-dining-4009196.jpg,,photo belonged to another card; no own photo found
miyagi/kurihara,195,時代屋 りらく,https://img.bokenjapan.com/media/kurihara-dining-4027717.jpg,https://img.bokenjapan.com/media/kurihara-dining-4009196.jpg,matched own listing photo
miyagi/kurihara,196,旬魚と創作酒場 かぶと,https://img.bokenjapan.com/media/kurihara-dining-4030267.jpg,https://img.bokenjapan.com/media/kurihara-dining-4027717.jpg,matched own listing photo
miyagi/kurihara,197,あじわいの朝 若柳店,https://img.bokenjapan.com/media/kurihara-dining-4021024.jpg,https://img.bokenjapan.com/media/kurihara-dining-4030267.jpg,matched own listing photo
miyagi/kurihara,198,夕やけ酒場 赤とんぼ,https://img.bokenjapan.com/media/kurihara-dining-4030370.jpg,https://img.bokenjapan.com/media/kurihara-dining-4021024.jpg,matched own listing photo
miyagi/kurihara,199,和洋ダイニング 幸ん妃,https://img.bokenjapan.com/media/kurihara-dining-4030366.jpg,https://img.bokenjapan.com/media/kurihara-dining-4030370.jpg,matched own listing photo
miyagi/kurihara,201,ダイニングバーreturn,https://img.bokenjapan.com/media/kurihara-dining-4030147.jpg,https://img.bokenjapan.com/media/kurihara-dining-4030366.jpg,matched own listing photo
miyagi/kurihara,202,くりねこ食堂,https://img.bokenjapan.com/media/kurihara-dining-4030349.jpg,,photo belonged to another card; no own photo found
miyagi/kurihara,203,元平寿司,https://img.bokenjapan.com/media/kurihara-dining-4017629.jpg,https://img.bokenjapan.com/media/kurihara-dining-4030349.jpg,matched own listing photo
miyagi/kurihara,204,食事処 縁,https://img.bokenjapan.com/media/kurihara-dining-4026828.jpg,https://img.bokenjapan.com/media/kurihara-dining-4017629.jpg,matched own listing photo
miyagi/kurihara,205,はさまや酒造店,https://img.bokenjapan.com/media/kurihara-dining-4021562.jpg,https://img.bokenjapan.com/media/kurihara-dining-4026828.jpg,matched own listing photo
miyagi/kurihara,206,幸楽苑 築館店,https://img.bokenjapan.com/media/kurihara-dining-4006763.jpg,https://img.bokenjapan.com/media/kurihara-dining-4021562.jpg,matched own listing photo
miyagi/kurihara,207,はま寿司 栗原築館店,https://img.bokenjapan.com/media/kurihara-dining-4016127.jpg,https://img.bokenjapan.com/media/kurihara-dining-4006763.jpg,matched own listing photo
miyagi/kurihara,208,和風レストランまるまつ 築館店,https://img.bokenjapan.com/media/kurihara-dining-4016403.jpg,https://img.bokenjapan.com/media/kurihara-dining-4016127.jpg,matched own listing photo
miyagi/kurihara,209,すき家 4号栗原店,https://img.bokenjapan.com/media/kurihara-dining-4017879.jpg,https://img.bokenjapan.com/media/kurihara-dining-4016403.jpg,matched own listing photo
miyagi/kurihara,210,和風レストランまるまつ 若柳店,https://img.bokenjapan.com/media/kurihara-dining-4012770.jpg,https://img.bokenjapan.com/media/kurihara-dining-4017879.jpg,matched own listing photo
miyagi/kurihara,214,養老乃瀧 築館店,https://img.bokenjapan.com/media/kurihara-dining-4012188.jpg,,photo belonged to another card; no own photo found
miyagi/kurihara,215,駒の湯温泉,https://img.bokenjapan.com/media/kurihara-dining-4016936.jpg,https://img.bokenjapan.com/media/kurihara-dining-4012188.jpg,matched own listing photo
miyagi/kurihara,216,鶏笑 築館店,https://img.bokenjapan.com/media/kurihara-dining-4024228.jpg,https://img.bokenjapan.com/media/kurihara-dining-4016936.jpg,matched own listing photo
miyagi/kurihara,217,不二家 イオンSuC栗原志波姫店,https://img.bokenjapan.com/media/kurihara-dining-4015749.jpg,https://img.bokenjapan.com/media/kurihara-dining-4024228.jpg,matched own listing photo
miyagi/kurihara,218,ほっともっと 築館伊豆町店,https://img.bokenjapan.com/media/kurihara-dining-4014155.jpg,https://img.bokenjapan.com/media/kurihara-dining-4015749.jpg,matched own listing photo
miyagi/kurihara,219,山内豆腐店,https://img.bokenjapan.com/media/kurihara-dining-4022421.jpg,https://img.bokenjapan.com/media/kurihara-dining-4014155.jpg,matched own listing photo
miyagi/kurihara,220,丸長,https://img.bokenjapan.com/media/kurihara-dining-4017129.jpg,https://img.bokenjapan.com/media/kurihara-dining-4022421.jpg,matched own listing photo
miyagi/kurihara,221,ザ・ビッグ 金成店,https://img.bokenjapan.com/media/kurihara-dining-4019559.jpg,https://img.bokenjapan.com/media/kurihara-dining-4017129.jpg,matched own listing photo
miyagi/kurihara,222,ファミリーマート 宮城金成店,https://img.bokenjapan.com/media/kurihara-dining-4018569.jpg,https://img.bokenjapan.com/media/kurihara-dining-4019559.jpg,matched own listing photo
miyagi/kurihara,223,カフェミール・ココ,https://img.bokenjapan.com/media/kurihara-dining-4006055.jpg,https://img.bokenjapan.com/media/kurihara-dining-4018569.jpg,matched own listing photo
miyagi/kurihara,224,ウジエスーパー 若柳店,https://img.bokenjapan.com/media/kurihara-dining-4020382.jpg,https://img.bokenjapan.com/media/kurihara-dining-4006055.jpg,matched own listing photo
miyagi/kurihara,225,セブンイレブン 築館インター店,https://img.bokenjapan.com/media/kurihara-dining-4018135.jpg,https://img.bokenjapan.com/media/kurihara-dining-4020382.jpg,matched own listing photo
miyagi/kurihara,226,鴨よし,https://img.bokenjapan.com/media/kurihara-dining-4017621.jpg,https://img.bokenjapan.com/media/kurihara-dining-4018135.jpg,matched own listing photo
miyagi/kurihara,227,延年閣 食堂,https://img.bokenjapan.com/media/kurihara-dining-4015352.jpg,https://img.bokenjapan.com/media/kurihara-dining-4017621.jpg,matched own listing photo
miyagi/kurihara,228,惣菜 御食事 なっちゃん,https://img.bokenjapan.com/media/kurihara-dining-4022185.jpg,https://img.bokenjapan.com/media/kurihara-dining-4015352.jpg,matched own listing photo
miyagi/kurihara,229,松井そば屋,https://img.bokenjapan.com/media/kurihara-dining-4006914.jpg,https://img.bokenjapan.com/media/kurihara-dining-4022185.jpg,matched own listing photo
miyagi/kurihara,230,屋婦栄,https://img.bokenjapan.com/media/kurihara-dining-4012209.jpg,https://img.bokenjapan.com/media/kurihara-dining-4006914.jpg,matched own listing photo
miyagi/kurihara,231,モンペリエ ヨークベニマル築館店,https://img.bokenjapan.com/media/kurihara-dining-4023968.jpg,https://img.bokenjapan.com/media/kurihara-dining-4012209.jpg,matched own listing photo
miyagi/kurihara,233,ビストロ ラク,https://img.bokenjapan.com/media/kurihara-dining-4023188.jpg,,photo belonged to another card; no own photo found
miyagi/kurihara,234,CANNLINE DINER,https://img.bokenjapan.com/media/kurihara-dining-4026979.jpg,https://img.bokenjapan.com/media/kurihara-dining-4023188.jpg,matched own listing photo
miyagi/kurihara,235,古民家 岩松,https://img.bokenjapan.com/media/kurihara-dining-4016635.jpg,https://img.bokenjapan.com/media/kurihara-dining-4026979.jpg,matched own listing photo
miyagi/kurihara,238,つくし野,https://img.bokenjapan.com/media/kurihara-dining-4028153.jpg,https://img.bokenjapan.com/media/kurihara-dining-4016635.jpg,matched own listing photo
miyagi/kurihara,239,おしゃれ呉服とニューファンション 紅屋,https://img.bokenjapan.com/media/kurihara-dining-4021014.jpg,https://img.bokenjapan.com/media/kurihara-dining-4028153.jpg,matched own listing photo
miyagi/kurihara,240,田口酒店食堂,https://img.bokenjapan.com/media/kurihara-dining-4024503.jpg,https://img.bokenjapan.com/media/kurihara-dining-4021014.jpg,matched own listing photo
miyagi/kurihara,241,HOW 栗原中央病院店,https://img.bokenjapan.com/media/kurihara-dining-4025817.jpg,https://img.bokenjapan.com/media/kurihara-dining-4024503.jpg,matched own listing photo
miyagi/kurihara,242,延年閣 売店,https://img.bokenjapan.com/media/kurihara-dining-4015351.jpg,https://img.bokenjapan.com/media/kurihara-dining-4025817.jpg,matched own listing photo
miyagi/kurihara,243,休,https://img.bokenjapan.com/media/kurihara-dining-4023249.jpg,https://img.bokenjapan.com/media/kurihara-dining-4015351.jpg,matched own listing photo
miyagi/kurihara,244,KAGIYA,https://img.bokenjapan.com/media/kurihara-dining-4029144.jpg,https://img.bokenjapan.com/media/kurihara-dining-4023249.jpg,matched own listing photo
miyagi/kurihara,245,(有)川口グリーンセンター,https://img.bokenjapan.com/media/kurihara-dining-4030141.jpg,https://img.bokenjapan.com/media/kurihara-dining-4029144.jpg,matched own listing photo
miyagi/kurihara,246,創作料理 田園,https://img.bokenjapan.com/media/kurihara-dining-4029072.jpg,https://img.bokenjapan.com/media/kurihara-dining-4030141.jpg,matched own listing photo
miyagi/kurihara,247,心の赴くまま 笑ん,https://img.bokenjapan.com/media/kurihara-dining-4030072.jpg,https://img.bokenjapan.com/media/kurihara-dining-4029072.jpg,matched own listing photo
miyagi/kurihara,248,鳥恵,https://img.bokenjapan.com/media/kurihara-dining-4030227.jpg,https://img.bokenjapan.com/media/kurihara-dining-4030072.jpg,matched own listing photo
miyagi/kurihara,249,SUPRING burger.,https://img.bokenjapan.com/media/kurihara-dining-4024947.jpg,https://img.bokenjapan.com/media/kurihara-dining-4030227.jpg,matched own listing photo
miyagi/kurihara,250,みえこの部屋,https://img.bokenjapan.com/media/kurihara-dining-4029882.jpg,https://img.bokenjapan.com/media/kurihara-dining-4024947.jpg,matched own listing photo
miyagi/kurihara,253,セブンイレブン 金成PA上り店,https://img.bokenjapan.com/media/kurihara-dining-4028054.jpg,,photo belonged to another card; no own photo found
miyagi/kurihara,254,菜っちゃんハウス,https://img.bokenjapan.com/media/kurihara-dining-4024656.jpg,https://img.bokenjapan.com/media/kurihara-dining-4028054.jpg,matched own listing photo
miyagi/kurihara,255,ホテルエポカ,https://img.bokenjapan.com/media/kurihara-dining-4028542.jpg,https://img.bokenjapan.com/media/kurihara-dining-4024656.jpg,matched own listing photo
miyagi/kurihara,256,やきとりや,https://img.bokenjapan.com/media/kurihara-dining-4005886.jpg,https://img.bokenjapan.com/media/kurihara-dining-4028542.jpg,matched own listing photo
miyagi/kurihara,257,瀧川蒲鉾店,https://img.bokenjapan.com/media/kurihara-dining-4026130.jpg,https://img.bokenjapan.com/media/kurihara-dining-4005886.jpg,matched own listing photo
miyagi/kurihara,258,阿部さくらんぼ園,https://img.bokenjapan.com/media/kurihara-dining-4017794.jpg,https://img.bokenjapan.com/media/kurihara-dining-4026130.jpg,matched own listing photo
miyagi/kurihara,259,シゼナ,https://img.bokenjapan.com/media/kurihara-dining-4023270.jpg,https://img.bokenjapan.com/media/kurihara-dining-4017794.jpg,matched own listing photo
miyagi/kurihara,260,和風スナック 幸,https://img.bokenjapan.com/media/kurihara-dining-4028935.jpg,https://img.bokenjapan.com/media/kurihara-dining-4023270.jpg,matched own listing photo
miyagi/kurihara,261,麺屋結う,https://img.bokenjapan.com/media/kurihara-dining-4030449.jpg,https://img.bokenjapan.com/media/kurihara-dining-4028935.jpg,matched own listing photo
miyagi/kurihara,262,ウジエスーパー 築館店,https://img.bokenjapan.com/media/kurihara-dining-4028647.jpg,https://img.bokenjapan.com/media/kurihara-dining-4030449.jpg,matched own listing photo
miyagi/kurihara,263,はさま会館,https://img.bokenjapan.com/media/kurihara-dining-4016695.jpg,https://img.bokenjapan.com/media/kurihara-dining-4028647.jpg,matched own listing photo
miyagi/kurihara,264,なんだり かんだり,https://img.bokenjapan.com/media/kurihara-dining-4024994.jpg,https://img.bokenjapan.com/media/kurihara-dining-4016695.jpg,matched own listing photo
miyagi/kurihara,265,大平昆布,https://img.bokenjapan.com/media/kurihara-dining-4025102.jpg,https://img.bokenjapan.com/media/kurihara-dining-4024994.jpg,matched own listing photo
miyagi/kurihara,267,くら蔵,https://img.bokenjapan.com/media/kurihara-dining-4022427.jpg,https://img.bokenjapan.com/media/kurihara-dining-4025102.jpg,matched own listing photo
miyagi/kurihara,268,ローソン 山の駅くりこま店,https://img.bokenjapan.com/media/kurihara-dining-4029262.jpg,https://img.bokenjapan.com/media/kurihara-dining-4022427.jpg,matched own listing photo
miyagi/kurihara,269,栗駒の里パン工房”おふくろさん”,https://img.bokenjapan.com/media/kurihara-dining-4021018.jpg,https://img.bokenjapan.com/media/kurihara-dining-4029262.jpg,matched own listing photo
miyagi/marumori,2,栄泉堂 大内本店,https://img.bokenjapan.com/media/marumori-dining-4012940.jpg,,photo belonged to another card; no own photo found
miyagi/marumori,3,緑山,https://img.bokenjapan.com/media/marumori-dining-4001687.jpg,https://img.bokenjapan.com/media/marumori-dining-4012940.jpg,matched own listing photo
miyagi/marumori,4,Restaurant Es,https://img.bokenjapan.com/media/marumori-dining-4025240.jpg,https://img.bokenjapan.com/media/marumori-dining-4001687.jpg,matched own listing photo
miyagi/marumori,5,榮泉堂 丸森支店,https://img.bokenjapan.com/media/marumori-dining-4008777.jpg,https://img.bokenjapan.com/media/marumori-dining-4025240.jpg,matched own listing photo
miyagi/marumori,6,まんま亭 武藤,https://img.bokenjapan.com/media/marumori-dining-4010887.jpg,https://img.bokenjapan.com/media/marumori-dining-4008777.jpg,matched own listing photo
miyagi/marumori,7,MARUMORI CAFE,https://img.bokenjapan.com/media/marumori-dining-4024233.jpg,https://img.bokenjapan.com/media/marumori-dining-4010887.jpg,matched own listing photo
miyagi/marumori,8,清流庵,https://img.bokenjapan.com/media/marumori-dining-4000268.jpg,https://img.bokenjapan.com/media/marumori-dining-4024233.jpg,matched own listing photo
miyagi/marumori,9,カフェ ペルシッカ,https://img.bokenjapan.com/media/marumori-dining-4017238.jpg,https://img.bokenjapan.com/media/marumori-dining-4000268.jpg,matched own listing photo
miyagi/marumori,10,カフェきっさこ,https://img.bokenjapan.com/media/marumori-dining-4016656.jpg,,photo belonged to another card; no own photo found
miyagi/marumori,11,丸森物産いちば 八雄館,https://img.bokenjapan.com/media/marumori-dining-4020621.jpg,https://img.bokenjapan.com/media/marumori-dining-4016656.jpg,matched own listing photo
miyagi/marumori,12,サトウ精肉店,https://img.bokenjapan.com/media/marumori-dining-4003422.jpg,https://img.bokenjapan.com/media/marumori-dining-4020621.jpg,matched own listing photo
miyagi/marumori,13,白木屋,https://img.bokenjapan.com/media/marumori-dining-4007059.jpg,https://img.bokenjapan.com/media/marumori-dining-4003422.jpg,matched own listing photo
miyagi/marumori,14,まるもり食堂,https://img.bokenjapan.com/media/marumori-dining-4024948.jpg,https://img.bokenjapan.com/media/marumori-dining-4007059.jpg,matched own listing photo
miyagi/marumori,15,大内特産品直売所,https://img.bokenjapan.com/media/marumori-dining-4020552.jpg,https://img.bokenjapan.com/media/marumori-dining-4024948.jpg,matched own listing photo
miyagi/marumori,16,なるほどらーめん,https://img.bokenjapan.com/media/marumori-dining-4004218.jpg,https://img.bokenjapan.com/media/marumori-dining-4020552.jpg,matched own listing photo
miyagi/marumori,17,日本料理 桜坂,https://img.bokenjapan.com/media/marumori-dining-4017160.jpg,https://img.bokenjapan.com/media/marumori-dining-4004218.jpg,matched own listing photo
miyagi/marumori,18,チェンマイキッチン,https://img.bokenjapan.com/media/marumori-dining-4029063.jpg,https://img.bokenjapan.com/media/marumori-dining-4017160.jpg,matched own listing photo
miyagi/marumori,21,やしまや,https://img.bokenjapan.com/media/marumori-dining-4015023.jpg,,photo belonged to another card; no own photo found
miyagi/marumori,22,ちくごや,https://img.bokenjapan.com/media/marumori-dining-4015657.jpg,https://img.bokenjapan.com/media/marumori-dining-4015023.jpg,matched own listing photo
miyagi/marumori,23,パン工房 彩々,https://img.bokenjapan.com/media/marumori-dining-4019654.jpg,https://img.bokenjapan.com/media/marumori-dining-4015657.jpg,matched own listing photo
miyagi/marumori,24,わた福,https://img.bokenjapan.com/media/marumori-dining-4014223.jpg,https://img.bokenjapan.com/media/marumori-dining-4019654.jpg,matched own listing photo
miyagi/marumori,25,あがらいん伊達屋,https://img.bokenjapan.com/media/marumori-dining-4009004.jpg,https://img.bokenjapan.com/media/marumori-dining-4014223.jpg,matched own listing photo
miyagi/marumori,26,どっと堂 丸森本店,https://img.bokenjapan.com/media/marumori-dining-4022025.jpg,https://img.bokenjapan.com/media/marumori-dining-4009004.jpg,matched own listing photo
miyagi/marumori,27,蔵の郷土館　齋理屋敷　店蔵,https://img.bokenjapan.com/media/marumori-dining-4020878.jpg,https://img.bokenjapan.com/media/marumori-dining-4022025.jpg,matched own listing photo
miyagi/marumori,28,金八寿司,https://img.bokenjapan.com/media/marumori-dining-4002403.jpg,https://img.bokenjapan.com/media/marumori-dining-4020878.jpg,matched own listing photo
miyagi/marumori,29,新光食堂,https://img.bokenjapan.com/media/marumori-dining-4012103.jpg,https://img.bokenjapan.com/media/marumori-dining-4002403.jpg,matched own listing photo
miyagi/marumori,30,ドライブイン門間,https://img.bokenjapan.com/media/marumori-dining-4015659.jpg,https://img.bokenjapan.com/media/marumori-dining-4012103.jpg,matched own listing photo
miyagi/marumori,31,MORI+,https://img.bokenjapan.com/media/marumori-dining-4027694.jpg,https://img.bokenjapan.com/media/marumori-dining-4015659.jpg,matched own listing photo
miyagi/marumori,32,みずきの里 丸森,https://img.bokenjapan.com/media/marumori-dining-4025810.jpg,https://img.bokenjapan.com/media/marumori-dining-4027694.jpg,matched own listing photo
miyagi/marumori,33,カフェ・ステラ,https://img.bokenjapan.com/media/marumori-dining-4027695.jpg,,photo belonged to another card; no own photo found
miyagi/marumori,34,志白屋,https://img.bokenjapan.com/media/marumori-dining-4018678.jpg,https://img.bokenjapan.com/media/marumori-dining-4027695.jpg,matched own listing photo
miyagi/marumori,35,猫神シフォンケーキ ねこるん,https://img.bokenjapan.com/media/marumori-dining-4021399.jpg,https://img.bokenjapan.com/media/marumori-dining-4018678.jpg,matched own listing photo
miyagi/marumori,36,阿武隈ライン舟下り,https://img.bokenjapan.com/media/marumori-dining-4015615.jpg,https://img.bokenjapan.com/media/marumori-dining-4021399.jpg,matched own listing photo
miyagi/marumori,37,ポン友飯店,https://img.bokenjapan.com/media/marumori-dining-4007394.jpg,https://img.bokenjapan.com/media/marumori-dining-4015615.jpg,matched own listing photo
miyagi/marumori,38,地域交流拠点 まどい,https://img.bokenjapan.com/media/marumori-dining-4024112.jpg,https://img.bokenjapan.com/media/marumori-dining-4007394.jpg,matched own listing photo
miyagi/marumori,41,ふれあい農園直売所,https://img.bokenjapan.com/media/marumori-dining-4019048.jpg,,photo belonged to another card; no own photo found
miyagi/marumori,42,ひっぽのお店ふでいち,https://img.bokenjapan.com/media/marumori-dining-4027691.jpg,https://img.bokenjapan.com/media/marumori-dining-4019048.jpg,matched own listing photo
miyagi/marumori,43,カフェ&カラオケtotomo,https://img.bokenjapan.com/media/marumori-dining-4028734.jpg,https://img.bokenjapan.com/media/marumori-dining-4027691.jpg,matched own listing photo
miyagi/marumori,44,お惣菜日々菜,https://img.bokenjapan.com/media/marumori-dining-4029022.jpg,https://img.bokenjapan.com/media/marumori-dining-4028734.jpg,matched own listing photo
miyagi/marumori,45,青葉豆腐,https://img.bokenjapan.com/media/marumori-dining-4020817.jpg,https://img.bokenjapan.com/media/marumori-dining-4029022.jpg,matched own listing photo
miyagi/marumori,46,BAKU,https://img.bokenjapan.com/media/marumori-dining-4029066.jpg,https://img.bokenjapan.com/media/marumori-dining-4020817.jpg,matched own listing photo
miyagi/marumori,48,焼肉 光成苑,https://img.bokenjapan.com/media/marumori-dining-4015661.jpg,,photo belonged to another card; no own photo found
miyagi/marumori,49,不動直売センター,https://img.bokenjapan.com/media/marumori-dining-4019047.jpg,https://img.bokenjapan.com/media/marumori-dining-4015661.jpg,matched own listing photo
miyagi/marumori,50,天水舎,https://img.bokenjapan.com/media/marumori-dining-4022103.jpg,https://img.bokenjapan.com/media/marumori-dining-4019047.jpg,matched own listing photo
miyagi/marumori,51,荒浜屋,https://img.bokenjapan.com/media/marumori-dining-4023277.jpg,https://img.bokenjapan.com/media/marumori-dining-4022103.jpg,matched own listing photo
miyagi/marumori,52,森工房,https://img.bokenjapan.com/media/marumori-dining-4023066.jpg,https://img.bokenjapan.com/media/marumori-dining-4023277.jpg,matched own listing photo
miyagi/marumori,53,ファミリーマート 丸森大内店,https://img.bokenjapan.com/media/marumori-dining-4017589.jpg,https://img.bokenjapan.com/media/marumori-dining-4023066.jpg,matched own listing photo
miyagi/marumori,54,猫入商店,https://img.bokenjapan.com/media/marumori-dining-4022954.jpg,https://img.bokenjapan.com/media/marumori-dining-4017589.jpg,matched own listing photo
miyagi/marumori,55,石塚養蜂園,https://img.bokenjapan.com/media/marumori-dining-4018852.jpg,https://img.bokenjapan.com/media/marumori-dining-4022954.jpg,matched own listing photo
miyagi/marumori,56,カフェつぶっこ,https://img.bokenjapan.com/media/marumori-dining-4014491.jpg,https://img.bokenjapan.com/media/marumori-dining-4018852.jpg,matched own listing photo
miyagi/matsushima,2,松島 寿司幸,https://img.bokenjapan.com/media/matsushima-dining-4001492.jpg,,photo belonged to another card; no own photo found
miyagi/matsushima,3,松島イタリアン トト,https://img.bokenjapan.com/media/matsushima-dining-4019045.jpg,https://img.bokenjapan.com/media/matsushima-dining-4001492.jpg,matched own listing photo
miyagi/matsushima,4,ハリーズジャンクション,https://img.bokenjapan.com/media/matsushima-dining-4020900.jpg,https://img.bokenjapan.com/media/matsushima-dining-4019045.jpg,matched own listing photo
miyagi/matsushima,5,ロマン,https://img.bokenjapan.com/media/matsushima-dining-4001867.jpg,https://img.bokenjapan.com/media/matsushima-dining-4020900.jpg,matched own listing photo
miyagi/matsushima,6,牛タンの店 赤間精肉店,https://img.bokenjapan.com/media/matsushima-dining-4011995.jpg,https://img.bokenjapan.com/media/matsushima-dining-4001867.jpg,matched own listing photo
miyagi/matsushima,7,丼松島,https://img.bokenjapan.com/media/matsushima-dining-4026824.jpg,https://img.bokenjapan.com/media/matsushima-dining-4011995.jpg,matched own listing photo
miyagi/matsushima,8,牡蠣屋フライ亭,https://img.bokenjapan.com/media/matsushima-dining-4029369.jpg,https://img.bokenjapan.com/media/matsushima-dining-4026824.jpg,matched own listing photo
miyagi/matsushima,9,松島さかな市場,https://img.bokenjapan.com/media/matsushima-dining-4002020.jpg,https://img.bokenjapan.com/media/matsushima-dining-4029369.jpg,matched own listing photo
miyagi/matsushima,10,さんとり茶屋,https://img.bokenjapan.com/media/matsushima-dining-4001072.jpg,https://img.bokenjapan.com/media/matsushima-dining-4002020.jpg,matched own listing photo
miyagi/matsushima,11,漁師の海鮮丼,https://img.bokenjapan.com/media/matsushima-dining-4006040.jpg,https://img.bokenjapan.com/media/matsushima-dining-4001072.jpg,matched own listing photo
miyagi/matsushima,12,ぱんやあいざわ,https://img.bokenjapan.com/media/matsushima-dining-4017555.jpg,https://img.bokenjapan.com/media/matsushima-dining-4006040.jpg,matched own listing photo
miyagi/matsushima,13,焼がきハウス,https://img.bokenjapan.com/media/matsushima-dining-4014553.jpg,https://img.bokenjapan.com/media/matsushima-dining-4017555.jpg,matched own listing photo
miyagi/matsushima,14,松島 雪竹屋,https://img.bokenjapan.com/media/matsushima-dining-4011002.jpg,https://img.bokenjapan.com/media/matsushima-dining-4014553.jpg,matched own listing photo
miyagi/matsushima,15,かき小屋,https://img.bokenjapan.com/media/matsushima-dining-4002521.jpg,https://img.bokenjapan.com/media/matsushima-dining-4011002.jpg,matched own listing photo
miyagi/matsushima,16,観瀾亭,https://img.bokenjapan.com/media/matsushima-dining-4001724.jpg,https://img.bokenjapan.com/media/matsushima-dining-4002521.jpg,matched own listing photo
miyagi/matsushima,17,杉原功商店,https://img.bokenjapan.com/media/matsushima-dining-4003208.jpg,https://img.bokenjapan.com/media/matsushima-dining-4001724.jpg,matched own listing photo
miyagi/matsushima,18,二八屋,https://img.bokenjapan.com/media/matsushima-dining-4005498.jpg,https://img.bokenjapan.com/media/matsushima-dining-4003208.jpg,matched own listing photo
miyagi/matsushima,21,松島 かき小屋 MATSU,https://img.bokenjapan.com/media/matsushima-dining-4016938.jpg,,photo belonged to another card; no own photo found
miyagi/matsushima,22,BAY OYSTER,https://img.bokenjapan.com/media/matsushima-dining-4021916.jpg,https://img.bokenjapan.com/media/matsushima-dining-4016938.jpg,matched own listing photo
miyagi/matsushima,23,旬海,https://img.bokenjapan.com/media/matsushima-dining-4002423.jpg,,photo belonged to another card; no own photo found
miyagi/matsushima,24,クロワッサン屋サクサク 本店,https://img.bokenjapan.com/media/matsushima-dining-4028626.jpg,https://img.bokenjapan.com/media/matsushima-dining-4002423.jpg,matched own listing photo
miyagi/matsushima,25,Pizzeria Pino Isola VESTA,https://img.bokenjapan.com/media/matsushima-dining-4024667.jpg,https://img.bokenjapan.com/media/matsushima-dining-4028626.jpg,matched own listing photo
miyagi/matsushima,26,たいかん亭,https://img.bokenjapan.com/media/matsushima-dining-4000802.jpg,https://img.bokenjapan.com/media/matsushima-dining-4024667.jpg,matched own listing photo
miyagi/matsushima,27,たからや食堂,https://img.bokenjapan.com/media/matsushima-dining-4002546.jpg,https://img.bokenjapan.com/media/matsushima-dining-4000802.jpg,matched own listing photo
miyagi/matsushima,28,かき松島 こうは 松島海岸駅前店,https://img.bokenjapan.com/media/matsushima-dining-4007921.jpg,https://img.bokenjapan.com/media/matsushima-dining-4002546.jpg,matched own listing photo
miyagi/matsushima,29,きむら食堂,https://img.bokenjapan.com/media/matsushima-dining-4006380.jpg,https://img.bokenjapan.com/media/matsushima-dining-4007921.jpg,matched own listing photo
miyagi/matsushima,30,ヨシタケ食堂,https://img.bokenjapan.com/media/matsushima-dining-4017609.jpg,https://img.bokenjapan.com/media/matsushima-dining-4006380.jpg,matched own listing photo
miyagi/matsushima,31,丸焼きたこせんべい 松島東北本店,https://img.bokenjapan.com/media/matsushima-dining-4027262.jpg,https://img.bokenjapan.com/media/matsushima-dining-4017609.jpg,matched own listing photo
miyagi/matsushima,32,中華そば　うちみ,https://img.bokenjapan.com/media/matsushima-dining-4008722.jpg,https://img.bokenjapan.com/media/matsushima-dining-4027262.jpg,matched own listing photo
miyagi/matsushima,33,竹雀庵,https://img.bokenjapan.com/media/matsushima-dining-4017940.jpg,https://img.bokenjapan.com/media/matsushima-dining-4008722.jpg,matched own listing photo
miyagi/matsushima,34,櫻井,https://img.bokenjapan.com/media/matsushima-dining-4012382.jpg,https://img.bokenjapan.com/media/matsushima-dining-4017940.jpg,matched own listing photo
miyagi/matsushima,35,パンセ 松島店,https://img.bokenjapan.com/media/matsushima-dining-4008592.jpg,https://img.bokenjapan.com/media/matsushima-dining-4012382.jpg,matched own listing photo
miyagi/matsushima,36,大観荘,https://img.bokenjapan.com/media/matsushima-dining-4002999.jpg,https://img.bokenjapan.com/media/matsushima-dining-4008592.jpg,matched own listing photo
miyagi/matsushima,37,石田家,https://img.bokenjapan.com/media/matsushima-dining-4001974.jpg,https://img.bokenjapan.com/media/matsushima-dining-4002999.jpg,matched own listing photo
miyagi/matsushima,40,日進堂 松島店,https://img.bokenjapan.com/media/matsushima-dining-4026026.jpg,,photo belonged to another card; no own photo found
miyagi/matsushima,41,小松館好風亭,https://img.bokenjapan.com/media/matsushima-dining-4002372.jpg,https://img.bokenjapan.com/media/matsushima-dining-4026026.jpg,matched own listing photo
miyagi/matsushima,42,れすとらん海音,https://img.bokenjapan.com/media/matsushima-dining-4001147.jpg,https://img.bokenjapan.com/media/matsushima-dining-4002372.jpg,matched own listing photo
miyagi/matsushima,43,松島センチュリーホテル,https://img.bokenjapan.com/media/matsushima-dining-4002795.jpg,https://img.bokenjapan.com/media/matsushima-dining-4001147.jpg,matched own listing photo
miyagi/matsushima,44,漁師直営牡蠣小屋 with 小さな釣り堀,https://img.bokenjapan.com/media/matsushima-dining-4028965.jpg,https://img.bokenjapan.com/media/matsushima-dining-4002795.jpg,matched own listing photo
miyagi/matsushima,45,松島蒲鉾本舗 総本店,https://img.bokenjapan.com/media/matsushima-dining-4010727.jpg,https://img.bokenjapan.com/media/matsushima-dining-4028965.jpg,matched own listing photo
miyagi/matsushima,46,牡蠣･海鮮食べ放題 松島おさしみ水族館,https://img.bokenjapan.com/media/matsushima-dining-4025658.jpg,https://img.bokenjapan.com/media/matsushima-dining-4010727.jpg,matched own listing photo
miyagi/matsushima,47,伊達かふぇ,https://img.bokenjapan.com/media/matsushima-dining-4011109.jpg,https://img.bokenjapan.com/media/matsushima-dining-4025658.jpg,matched own listing photo
miyagi/matsushima,48,紅蓮屋 心月庵,https://img.bokenjapan.com/media/matsushima-dining-4009631.jpg,https://img.bokenjapan.com/media/matsushima-dining-4011109.jpg,matched own listing photo
miyagi/matsushima,49,Bridge33,https://img.bokenjapan.com/media/matsushima-dining-4026404.jpg,https://img.bokenjapan.com/media/matsushima-dining-4009631.jpg,matched own listing photo
miyagi/matsushima,50,ブルーベイコーヒー,https://img.bokenjapan.com/media/matsushima-dining-4022885.jpg,https://img.bokenjapan.com/media/matsushima-dining-4026404.jpg,matched own listing photo
miyagi/matsushima,51,赤間水産,https://img.bokenjapan.com/media/matsushima-dining-4003382.jpg,https://img.bokenjapan.com/media/matsushima-dining-4022885.jpg,matched own listing photo
miyagi/matsushima,52,南部屋,https://img.bokenjapan.com/media/matsushima-dining-4000396.jpg,https://img.bokenjapan.com/media/matsushima-dining-4003382.jpg,matched own listing photo
miyagi/matsushima,53,松島蒲鉾本舗 門前店,https://img.bokenjapan.com/media/matsushima-dining-4007907.jpg,https://img.bokenjapan.com/media/matsushima-dining-4000396.jpg,matched own listing photo
miyagi/matsushima,54,赤ピーマン,https://img.bokenjapan.com/media/matsushima-dining-4012258.jpg,https://img.bokenjapan.com/media/matsushima-dining-4007907.jpg,matched own listing photo
miyagi/matsushima,55,ILE CAFE,https://img.bokenjapan.com/media/matsushima-dining-4009519.jpg,https://img.bokenjapan.com/media/matsushima-dining-4012258.jpg,matched own listing photo
miyagi/matsushima,56,枉駕,https://img.bokenjapan.com/media/matsushima-dining-4008237.jpg,https://img.bokenjapan.com/media/matsushima-dining-4009519.jpg,matched own listing photo
miyagi/matsushima,57,松島プリン亭,https://img.bokenjapan.com/media/matsushima-dining-4028960.jpg,https://img.bokenjapan.com/media/matsushima-dining-4008237.jpg,matched own listing photo
miyagi/matsushima,59,磯寿司,https://img.bokenjapan.com/media/matsushima-dining-4004608.jpg,,photo belonged to another card; no own photo found
miyagi/matsushima,60,牛たん炭焼 利久 松島海岸駅前店,https://img.bokenjapan.com/media/matsushima-dining-4008809.jpg,https://img.bokenjapan.com/media/matsushima-dining-4004608.jpg,matched own listing photo
miyagi/matsushima,61,牛たん炭焼 利久 松島五大堂店,https://img.bokenjapan.com/media/matsushima-dining-4023659.jpg,https://img.bokenjapan.com/media/matsushima-dining-4008809.jpg,matched own listing photo
miyagi/matsushima,62,三全 松島寺町小路店,https://img.bokenjapan.com/media/matsushima-dining-4009612.jpg,https://img.bokenjapan.com/media/matsushima-dining-4023659.jpg,matched own listing photo
miyagi/matsushima,63,宮城県松島離宮 海の駅,https://img.bokenjapan.com/media/matsushima-dining-4008619.jpg,https://img.bokenjapan.com/media/matsushima-dining-4009612.jpg,matched own listing photo
miyagi/matsushima,64,牡蠣将,https://img.bokenjapan.com/media/matsushima-dining-4028696.jpg,https://img.bokenjapan.com/media/matsushima-dining-4008619.jpg,matched own listing photo
miyagi/matsushima,65,旅人の海鮮酒屋,https://img.bokenjapan.com/media/matsushima-dining-4008590.jpg,https://img.bokenjapan.com/media/matsushima-dining-4028696.jpg,matched own listing photo
miyagi/matsushima,66,うみねこや,https://img.bokenjapan.com/media/matsushima-dining-4018981.jpg,https://img.bokenjapan.com/media/matsushima-dining-4008590.jpg,matched own listing photo
miyagi/matsushima,67,ふじ茂,https://img.bokenjapan.com/media/matsushima-dining-4005844.jpg,https://img.bokenjapan.com/media/matsushima-dining-4018981.jpg,matched own listing photo
miyagi/matsushima,68,青海波,https://img.bokenjapan.com/media/matsushima-dining-4002232.jpg,https://img.bokenjapan.com/media/matsushima-dining-4005844.jpg,matched own listing photo
miyagi/matsushima,69,仙台とんこつラーメン 一番堂 松島店,https://img.bokenjapan.com/media/matsushima-dining-4019550.jpg,https://img.bokenjapan.com/media/matsushima-dining-4002232.jpg,matched own listing photo
miyagi/matsushima,70,かき松島こうは 松島海岸駅前2号店,https://img.bokenjapan.com/media/matsushima-dining-4016369.jpg,https://img.bokenjapan.com/media/matsushima-dining-4019550.jpg,matched own listing photo
miyagi/matsushima,71,はせくら茶屋,https://img.bokenjapan.com/media/matsushima-dining-4014300.jpg,https://img.bokenjapan.com/media/matsushima-dining-4016369.jpg,matched own listing photo
miyagi/matsushima,72,戸田金商店,https://img.bokenjapan.com/media/matsushima-dining-4007439.jpg,https://img.bokenjapan.com/media/matsushima-dining-4014300.jpg,matched own listing photo
miyagi/matsushima,73,レストラン五郎八,https://img.bokenjapan.com/media/matsushima-dining-4014381.jpg,https://img.bokenjapan.com/media/matsushima-dining-4007439.jpg,matched own listing photo
miyagi/matsushima,74,松島チサンカントリーレストラン,https://img.bokenjapan.com/media/matsushima-dining-4014318.jpg,https://img.bokenjapan.com/media/matsushima-dining-4014381.jpg,matched own listing photo
miyagi/matsushima,75,松島庵,https://img.bokenjapan.com/media/matsushima-dining-4006916.jpg,https://img.bokenjapan.com/media/matsushima-dining-4014318.jpg,matched own listing photo
miyagi/matsushima,76,リトル・リス,https://img.bokenjapan.com/media/matsushima-dining-4028026.jpg,https://img.bokenjapan.com/media/matsushima-dining-4006916.jpg,matched own listing photo
miyagi/matsushima,79,潮騒,https://img.bokenjapan.com/media/matsushima-dining-4003316.jpg,,photo belonged to another card; no own photo found
miyagi/matsushima,80,ベイランド,https://img.bokenjapan.com/media/matsushima-dining-4003392.jpg,https://img.bokenjapan.com/media/matsushima-dining-4003316.jpg,matched own listing photo
miyagi/matsushima,81,中華料理 雄峰 ホテル大観荘,https://img.bokenjapan.com/media/matsushima-dining-4011978.jpg,https://img.bokenjapan.com/media/matsushima-dining-4003392.jpg,matched own listing photo
miyagi/matsushima,82,むとう屋,https://img.bokenjapan.com/media/matsushima-dining-4019566.jpg,,photo belonged to another card; no own photo found
miyagi/matsushima,83,伊達なおみやげ堂,https://img.bokenjapan.com/media/matsushima-dining-4002994.jpg,https://img.bokenjapan.com/media/matsushima-dining-4019566.jpg,matched own listing photo
miyagi/matsushima,84,茶屋勘右衛門,https://img.bokenjapan.com/media/matsushima-dining-4023505.jpg,https://img.bokenjapan.com/media/matsushima-dining-4002994.jpg,matched own listing photo
miyagi/matsushima,85,喜洲,https://img.bokenjapan.com/media/matsushima-dining-4005981.jpg,https://img.bokenjapan.com/media/matsushima-dining-4023505.jpg,matched own listing photo
miyagi/matsushima,86,KEY'S CAFE 松島離宮 海の駅店,https://img.bokenjapan.com/media/matsushima-dining-4025573.jpg,https://img.bokenjapan.com/media/matsushima-dining-4005981.jpg,matched own listing photo
miyagi/matsushima,87,山形蕎麦の焔蔵 凪,https://img.bokenjapan.com/media/matsushima-dining-4026745.jpg,https://img.bokenjapan.com/media/matsushima-dining-4025573.jpg,matched own listing photo
miyagi/matsushima,88,MATSUSHIMA SANDWICH STORE,https://img.bokenjapan.com/media/matsushima-dining-4027982.jpg,https://img.bokenjapan.com/media/matsushima-dining-4026745.jpg,matched own listing photo
miyagi/matsushima,89,italian dining Bene,https://img.bokenjapan.com/media/matsushima-dining-4028278.jpg,https://img.bokenjapan.com/media/matsushima-dining-4027982.jpg,matched own listing photo
miyagi/matsushima,90,ブリーズベイ シーサイドリゾート松島,https://img.bokenjapan.com/media/matsushima-dining-4020643.jpg,https://img.bokenjapan.com/media/matsushima-dining-4028278.jpg,matched own listing photo
miyagi/matsushima,91,ZUNDA ZUNDA BAYSIDE 松島店,https://img.bokenjapan.com/media/matsushima-dining-4029261.jpg,https://img.bokenjapan.com/media/matsushima-dining-4020643.jpg,matched own listing photo
miyagi/matsushima,92,四季亭,https://img.bokenjapan.com/media/matsushima-dining-4001580.jpg,https://img.bokenjapan.com/media/matsushima-dining-4029261.jpg,matched own listing photo
miyagi/matsushima,96,海畑,https://img.bokenjapan.com/media/matsushima-dining-4015692.jpg,,photo belonged to another card; no own photo found
miyagi/matsushima,97,きくやべーす,https://img.bokenjapan.com/media/matsushima-dining-4027089.jpg,https://img.bokenjapan.com/media/matsushima-dining-4015692.jpg,matched own listing photo
miyagi/matsushima,98,浜焼グリル離宮,https://img.bokenjapan.com/media/matsushima-dining-4023495.jpg,https://img.bokenjapan.com/media/matsushima-dining-4027089.jpg,matched own listing photo
miyagi/matsushima,99,グリル玉屋,https://img.bokenjapan.com/media/matsushima-dining-4011914.jpg,https://img.bokenjapan.com/media/matsushima-dining-4023495.jpg,matched own listing photo
miyagi/matsushima,100,クロワッサン屋サクサク 松島店,https://img.bokenjapan.com/media/matsushima-dining-4028656.jpg,https://img.bokenjapan.com/media/matsushima-dining-4011914.jpg,matched own listing photo
miyagi/matsushima,101,エム パントリー,https://img.bokenjapan.com/media/matsushima-dining-4015894.jpg,https://img.bokenjapan.com/media/matsushima-dining-4028656.jpg,matched own listing photo
miyagi/matsushima,102,中里飲食店,https://img.bokenjapan.com/media/matsushima-dining-4006099.jpg,https://img.bokenjapan.com/media/matsushima-dining-4015894.jpg,matched own listing photo
miyagi/matsushima,103,LYNCH,https://img.bokenjapan.com/media/matsushima-dining-4015259.jpg,https://img.bokenjapan.com/media/matsushima-dining-4006099.jpg,matched own listing photo
miyagi/matsushima,104,芭蕉の湯,https://img.bokenjapan.com/media/matsushima-dining-4019782.jpg,https://img.bokenjapan.com/media/matsushima-dining-4015259.jpg,matched own listing photo
miyagi/matsushima,105,風まかせ,https://img.bokenjapan.com/media/matsushima-dining-4017802.jpg,https://img.bokenjapan.com/media/matsushima-dining-4019782.jpg,matched own listing photo
miyagi/matsushima,106,びすとろアバロン,https://img.bokenjapan.com/media/matsushima-dining-4001932.jpg,https://img.bokenjapan.com/media/matsushima-dining-4017802.jpg,matched own listing photo
miyagi/matsushima,107,お食事処 白帆,https://img.bokenjapan.com/media/matsushima-dining-4022114.jpg,https://img.bokenjapan.com/media/matsushima-dining-4001932.jpg,matched own listing photo
miyagi/matsushima,108,和格子,https://img.bokenjapan.com/media/matsushima-dining-4028266.jpg,https://img.bokenjapan.com/media/matsushima-dining-4022114.jpg,matched own listing photo
miyagi/matsushima,109,はこだて屋台ラーメン松島店,https://img.bokenjapan.com/media/matsushima-dining-4009364.jpg,https://img.bokenjapan.com/media/matsushima-dining-4028266.jpg,matched own listing photo
miyagi/matsushima,110,来宝店,https://img.bokenjapan.com/media/matsushima-dining-4007489.jpg,https://img.bokenjapan.com/media/matsushima-dining-4009364.jpg,matched own listing photo
miyagi/matsushima,111,松島串や,https://img.bokenjapan.com/media/matsushima-dining-4012497.jpg,https://img.bokenjapan.com/media/matsushima-dining-4007489.jpg,matched own listing photo
miyagi/matsushima,112,四季海鮮料理亭,https://img.bokenjapan.com/media/matsushima-dining-4019709.jpg,https://img.bokenjapan.com/media/matsushima-dining-4012497.jpg,matched own listing photo
miyagi/matsushima,113,SHOBIAN CAFE,https://img.bokenjapan.com/media/matsushima-dining-4029269.jpg,https://img.bokenjapan.com/media/matsushima-dining-4019709.jpg,matched own listing photo
miyagi/matsushima,116,cafe curam,https://img.bokenjapan.com/media/matsushima-dining-4024269.jpg,,photo belonged to another card; no own photo found
miyagi/matsushima,117,和食処 楽楽,https://img.bokenjapan.com/media/matsushima-dining-4026505.jpg,https://img.bokenjapan.com/media/matsushima-dining-4024269.jpg,matched own listing photo
miyagi/matsushima,118,風のマルシェ,https://img.bokenjapan.com/media/matsushima-dining-4024644.jpg,https://img.bokenjapan.com/media/matsushima-dining-4026505.jpg,matched own listing photo
miyagi/matsushima,119,牡蠣将 支店,https://img.bokenjapan.com/media/matsushima-dining-4029932.jpg,https://img.bokenjapan.com/media/matsushima-dining-4024644.jpg,matched own listing photo
miyagi/matsushima,120,Casa MIL HOJAS,https://img.bokenjapan.com/media/matsushima-dining-4024822.jpg,https://img.bokenjapan.com/media/matsushima-dining-4029932.jpg,matched own listing photo
miyagi/matsushima,121,第三仁王丸 売店,https://img.bokenjapan.com/media/matsushima-dining-4029506.jpg,https://img.bokenjapan.com/media/matsushima-dining-4024822.jpg,matched own listing photo
miyagi/matsushima,122,タリーズコーヒー ハーバーテラス松島離宮店,https://img.bokenjapan.com/media/matsushima-dining-4027906.jpg,https://img.bokenjapan.com/media/matsushima-dining-4029506.jpg,matched own listing photo
miyagi/matsushima,123,旬味 かきの里,https://img.bokenjapan.com/media/matsushima-dining-4017259.jpg,https://img.bokenjapan.com/media/matsushima-dining-4027906.jpg,matched own listing photo
miyagi/matsushima,124,浅野商店,https://img.bokenjapan.com/media/matsushima-dining-4017693.jpg,https://img.bokenjapan.com/media/matsushima-dining-4017259.jpg,matched own listing photo
miyagi/matsushima,125,真壁豆富店,https://img.bokenjapan.com/media/matsushima-dining-4022136.jpg,https://img.bokenjapan.com/media/matsushima-dining-4017693.jpg,matched own listing photo
miyagi/matsushima,126,松島蒲鉾本舗 松島海岸駅店,https://img.bokenjapan.com/media/matsushima-dining-4021111.jpg,https://img.bokenjapan.com/media/matsushima-dining-4022136.jpg,matched own listing photo
miyagi/matsushima,127,居酒屋 六文銭,https://img.bokenjapan.com/media/matsushima-dining-4004079.jpg,https://img.bokenjapan.com/media/matsushima-dining-4021111.jpg,matched own listing photo
miyagi/matsushima,128,Leixoes,https://img.bokenjapan.com/media/matsushima-dining-4026767.jpg,https://img.bokenjapan.com/media/matsushima-dining-4004079.jpg,matched own listing photo
miyagi/matsushima,129,松月食堂,https://img.bokenjapan.com/media/matsushima-dining-4015255.jpg,https://img.bokenjapan.com/media/matsushima-dining-4026767.jpg,matched own listing photo
miyagi/matsushima,130,蜂谷商店,https://img.bokenjapan.com/media/matsushima-dining-4014825.jpg,https://img.bokenjapan.com/media/matsushima-dining-4015255.jpg,matched own listing photo
miyagi/matsushima,131,BIRD MAN,https://img.bokenjapan.com/media/matsushima-dining-4030074.jpg,https://img.bokenjapan.com/media/matsushima-dining-4014825.jpg,matched own listing photo
miyagi/matsushima,132,伊達精進懐石 雲外,https://img.bokenjapan.com/media/matsushima-dining-4002424.jpg,https://img.bokenjapan.com/media/matsushima-dining-4030074.jpg,matched own listing photo
miyagi/matsushima,133,こなん 松島店,https://img.bokenjapan.com/media/matsushima-dining-4019055.jpg,https://img.bokenjapan.com/media/matsushima-dining-4002424.jpg,matched own listing photo
miyagi/matsushima,136,おみやげ処 松島海岸,https://img.bokenjapan.com/media/matsushima-dining-4025771.jpg,,photo belonged to another card; no own photo found
miyagi/matsushima,137,カフェ&バー ニット,https://img.bokenjapan.com/media/matsushima-dining-4027109.jpg,https://img.bokenjapan.com/media/matsushima-dining-4025771.jpg,matched own listing photo
miyagi/matsushima,138,おばんざいTSUMUGI 松島,https://img.bokenjapan.com/media/matsushima-dining-4030232.jpg,https://img.bokenjapan.com/media/matsushima-dining-4027109.jpg,matched own listing photo
miyagi/matsushima,139,Luna's Green Pancake,https://img.bokenjapan.com/media/matsushima-dining-4029912.jpg,https://img.bokenjapan.com/media/matsushima-dining-4030232.jpg,matched own listing photo
miyagi/matsushima,140,ずんだ茶寮 松島海岸駅店,https://img.bokenjapan.com/media/matsushima-dining-4029984.jpg,https://img.bokenjapan.com/media/matsushima-dining-4029912.jpg,matched own listing photo
miyagi/matsushima,141,ございんや 旬 牡蛎庵,https://img.bokenjapan.com/media/matsushima-dining-4002563.jpg,https://img.bokenjapan.com/media/matsushima-dining-4029984.jpg,matched own listing photo
miyagi/matsushima,142,高栄水産,https://img.bokenjapan.com/media/matsushima-dining-4010615.jpg,https://img.bokenjapan.com/media/matsushima-dining-4002563.jpg,matched own listing photo
miyagi/matsushima,143,松島観光物産館,https://img.bokenjapan.com/media/matsushima-dining-4028216.jpg,https://img.bokenjapan.com/media/matsushima-dining-4010615.jpg,matched own listing photo
miyagi/matsushima,144,伊藤時尾商店,https://img.bokenjapan.com/media/matsushima-dining-4017438.jpg,https://img.bokenjapan.com/media/matsushima-dining-4028216.jpg,matched own listing photo
miyagi/matsushima,145,キャビン,https://img.bokenjapan.com/media/matsushima-dining-4005244.jpg,https://img.bokenjapan.com/media/matsushima-dining-4017438.jpg,matched own listing photo
miyagi/matsushima,146,SPICE CURRY AO,https://img.bokenjapan.com/media/matsushima-dining-4025836.jpg,https://img.bokenjapan.com/media/matsushima-dining-4005244.jpg,matched own listing photo
miyagi/matsushima,147,御菓子処 勝新堂,https://img.bokenjapan.com/media/matsushima-dining-4008564.jpg,https://img.bokenjapan.com/media/matsushima-dining-4025836.jpg,matched own listing photo
miyagi/matsushima,148,松島地区漁業組合 直売所,https://img.bokenjapan.com/media/matsushima-dining-4014848.jpg,https://img.bokenjapan.com/media/matsushima-dining-4008564.jpg,matched own listing photo
miyagi/matsushima,149,松島地区漁業組合 生かき直売所,https://img.bokenjapan.com/media/matsushima-dining-4025120.jpg,https://img.bokenjapan.com/media/matsushima-dining-4014848.jpg,matched own listing photo
miyagi/matsushima,150,丸文松島汽船株式会社 かき鍋クルーズ,https://img.bokenjapan.com/media/matsushima-dining-4017460.jpg,https://img.bokenjapan.com/media/matsushima-dining-4025120.jpg,matched own listing photo
miyagi/matsushima,151,本田整骨院,https://img.bokenjapan.com/media/matsushima-dining-4029666.jpg,https://img.bokenjapan.com/media/matsushima-dining-4017460.jpg,matched own listing photo
miyagi/matsushima,152,ロ・ロール,https://img.bokenjapan.com/media/matsushima-dining-4016062.jpg,https://img.bokenjapan.com/media/matsushima-dining-4029666.jpg,matched own listing photo
miyagi/matsushima,153,寿司幸 本店,https://img.bokenjapan.com/media/matsushima-dining-4002422.jpg,https://img.bokenjapan.com/media/matsushima-dining-4016062.jpg,matched own listing photo
miyagi/matsushima,156,あいはら商店,https://img.bokenjapan.com/media/matsushima-dining-4028659.jpg,,photo belonged to another card; no own photo found
miyagi/matsushima,157,山根商店,https://img.bokenjapan.com/media/matsushima-dining-4020670.jpg,https://img.bokenjapan.com/media/matsushima-dining-4028659.jpg,matched own listing photo
miyagi/matsushima,158,梅茶屋 松島店,https://img.bokenjapan.com/media/matsushima-dining-4003119.jpg,https://img.bokenjapan.com/media/matsushima-dining-4020670.jpg,matched own listing photo
miyagi/matsushima,159,串焼八州,https://img.bokenjapan.com/media/matsushima-dining-4021401.jpg,https://img.bokenjapan.com/media/matsushima-dining-4003119.jpg,matched own listing photo
miyagi/matsushima,160,ミュージアムカフェ,https://img.bokenjapan.com/media/matsushima-dining-4019129.jpg,https://img.bokenjapan.com/media/matsushima-dining-4021401.jpg,matched own listing photo
miyagi/matsushima,161,割烹 中央,https://img.bokenjapan.com/media/matsushima-dining-4026379.jpg,https://img.bokenjapan.com/media/matsushima-dining-4019129.jpg,matched own listing photo
miyagi/matsushima,162,松島パーク食堂,https://img.bokenjapan.com/media/matsushima-dining-4028688.jpg,https://img.bokenjapan.com/media/matsushima-dining-4026379.jpg,matched own listing photo
miyagi/matsushima,163,松の実,https://img.bokenjapan.com/media/matsushima-dining-4014366.jpg,https://img.bokenjapan.com/media/matsushima-dining-4028688.jpg,matched own listing photo
miyagi/matsushima,164,小松館 好風亭 売店,https://img.bokenjapan.com/media/matsushima-dining-4023463.jpg,https://img.bokenjapan.com/media/matsushima-dining-4014366.jpg,matched own listing photo
miyagi/matsushima,165,ぷーんひる,https://img.bokenjapan.com/media/matsushima-dining-4014851.jpg,https://img.bokenjapan.com/media/matsushima-dining-4023463.jpg,matched own listing photo
miyagi/matsushima,166,ねまわりの野菜畑,https://img.bokenjapan.com/media/matsushima-dining-4023640.jpg,https://img.bokenjapan.com/media/matsushima-dining-4014851.jpg,matched own listing photo
miyagi/matsushima,167,奥州牛たん本舗 松島店,https://img.bokenjapan.com/media/matsushima-dining-4028212.jpg,https://img.bokenjapan.com/media/matsushima-dining-4023640.jpg,matched own listing photo
miyagi/matsushima,168,cafe 2438,https://img.bokenjapan.com/media/matsushima-dining-4016236.jpg,https://img.bokenjapan.com/media/matsushima-dining-4028212.jpg,matched own listing photo
miyagi/matsushima,169,まつしま,https://img.bokenjapan.com/media/matsushima-dining-4015445.jpg,https://img.bokenjapan.com/media/matsushima-dining-4016236.jpg,matched own listing photo
miyagi/matsushima,170,菓子工房 松田屋,https://img.bokenjapan.com/media/matsushima-dining-4008563.jpg,https://img.bokenjapan.com/media/matsushima-dining-4015445.jpg,matched own listing photo
miyagi/matsushima,171,京屋,https://img.bokenjapan.com/media/matsushima-dining-4011454.jpg,https://img.bokenjapan.com/media/matsushima-dining-4008563.jpg,matched own listing photo
miyagi/matsushima,172,陸奥物産,https://img.bokenjapan.com/media/matsushima-dining-4023483.jpg,https://img.bokenjapan.com/media/matsushima-dining-4011454.jpg,matched own listing photo
miyagi/matsushima,173,A&COOP 松島店,https://img.bokenjapan.com/media/matsushima-dining-4023322.jpg,https://img.bokenjapan.com/media/matsushima-dining-4023483.jpg,matched own listing photo
miyagi/matsushima,176,Uchi 松島ゲストハウス,https://img.bokenjapan.com/media/matsushima-dining-4021126.jpg,,photo belonged to another card; no own photo found
miyagi/matsushima,178,セブンイレブン 宮城松島店,https://img.bokenjapan.com/media/matsushima-dining-4023404.jpg,https://img.bokenjapan.com/media/matsushima-dining-4021126.jpg,matched own listing photo
miyagi/matsushima,179,カネハチ橋本かまぼこ店 松島店,https://img.bokenjapan.com/media/matsushima-dining-4029965.jpg,https://img.bokenjapan.com/media/matsushima-dining-4023404.jpg,matched own listing photo
miyagi/matsushima,180,牡蠣ノ屋,https://img.bokenjapan.com/media/matsushima-dining-4030420.jpg,https://img.bokenjapan.com/media/matsushima-dining-4029965.jpg,matched own listing photo
miyagi/matsushima,181,みちのく伊達政宗歴史館 おみやげ処,https://img.bokenjapan.com/media/matsushima-dining-4024022.jpg,https://img.bokenjapan.com/media/matsushima-dining-4030420.jpg,matched own listing photo
miyagi/matsushima,183,クロワッサン屋サクサク カフェ松島,https://img.bokenjapan.com/media/matsushima-dining-4030462.jpg,https://img.bokenjapan.com/media/matsushima-dining-4024022.jpg,matched own listing photo
miyagi/minamisanriku,2,かいせんどころ 梁,https://img.bokenjapan.com/media/minamisanriku-dining-4018811.jpg,,photo belonged to another card; no own photo found
miyagi/minamisanriku,3,山内鮮魚店,https://img.bokenjapan.com/media/minamisanriku-dining-4021643.jpg,https://img.bokenjapan.com/media/minamisanriku-dining-4018811.jpg,matched own listing photo
miyagi/minamisanriku,4,弁慶鮨,https://img.bokenjapan.com/media/minamisanriku-dining-4004815.jpg,https://img.bokenjapan.com/media/minamisanriku-dining-4021643.jpg,matched own listing photo
miyagi/minamisanriku,5,オーイング菓子工房Ryo,https://img.bokenjapan.com/media/minamisanriku-dining-4018816.jpg,https://img.bokenjapan.com/media/minamisanriku-dining-4004815.jpg,matched own listing photo
miyagi/minamisanriku,6,食楽 しお彩,https://img.bokenjapan.com/media/minamisanriku-dining-4018851.jpg,https://img.bokenjapan.com/media/minamisanriku-dining-4018816.jpg,matched own listing photo
miyagi/minamisanriku,7,菓房山清,https://img.bokenjapan.com/media/minamisanriku-dining-4020929.jpg,https://img.bokenjapan.com/media/minamisanriku-dining-4018851.jpg,matched own listing photo
miyagi/minamisanriku,8,志のや,https://img.bokenjapan.com/media/minamisanriku-dining-4019268.jpg,https://img.bokenjapan.com/media/minamisanriku-dining-4020929.jpg,matched own listing photo
miyagi/minamisanriku,9,すし･丼ぶりの店 くう海,https://img.bokenjapan.com/media/minamisanriku-dining-4014239.jpg,https://img.bokenjapan.com/media/minamisanriku-dining-4019268.jpg,matched own listing photo
miyagi/minamisanriku,10,丼専門店 海たろう,https://img.bokenjapan.com/media/minamisanriku-dining-4021714.jpg,https://img.bokenjapan.com/media/minamisanriku-dining-4014239.jpg,matched own listing photo
miyagi/minamisanriku,11,シーサイド,https://img.bokenjapan.com/media/minamisanriku-dining-4003630.jpg,https://img.bokenjapan.com/media/minamisanriku-dining-4021714.jpg,matched own listing photo
miyagi/minamisanriku,12,FLOR GELATO ITALIANO MIYAGI,https://img.bokenjapan.com/media/minamisanriku-dining-4028095.jpg,https://img.bokenjapan.com/media/minamisanriku-dining-4003630.jpg,matched own listing photo
miyagi/minamisanriku,13,月と昴,https://img.bokenjapan.com/media/minamisanriku-dining-4026090.jpg,https://img.bokenjapan.com/media/minamisanriku-dining-4028095.jpg,matched own listing photo
miyagi/minamisanriku,14,食事処 松原,https://img.bokenjapan.com/media/minamisanriku-dining-4020144.jpg,,photo belonged to another card; no own photo found
miyagi/minamisanriku,15,雑貨と珈琲の店 サタケ,https://img.bokenjapan.com/media/minamisanriku-dining-4019254.jpg,https://img.bokenjapan.com/media/minamisanriku-dining-4020144.jpg,matched own listing photo
miyagi/minamisanriku,16,雄新堂,https://img.bokenjapan.com/media/minamisanriku-dining-4020930.jpg,https://img.bokenjapan.com/media/minamisanriku-dining-4019254.jpg,matched own listing photo
miyagi/minamisanriku,17,中華タナカ,https://img.bokenjapan.com/media/minamisanriku-dining-4017860.jpg,https://img.bokenjapan.com/media/minamisanriku-dining-4020930.jpg,matched own listing photo
miyagi/minamisanriku,18,すがわら,https://img.bokenjapan.com/media/minamisanriku-dining-4020145.jpg,https://img.bokenjapan.com/media/minamisanriku-dining-4017860.jpg,matched own listing photo
miyagi/minamisanriku,20,阿部茶舗,https://img.bokenjapan.com/media/minamisanriku-dining-4018818.jpg,,photo belonged to another card; no own photo found
miyagi/minamisanriku,21,珈琲神社,https://img.bokenjapan.com/media/minamisanriku-dining-4007902.jpg,https://img.bokenjapan.com/media/minamisanriku-dining-4018818.jpg,matched own listing photo
miyagi/minamisanriku,22,飛上,https://img.bokenjapan.com/media/minamisanriku-dining-4014806.jpg,https://img.bokenjapan.com/media/minamisanriku-dining-4007902.jpg,matched own listing photo
miyagi/minamisanriku,23,南三陸さんさん商店街,https://img.bokenjapan.com/media/minamisanriku-dining-4026479.jpg,https://img.bokenjapan.com/media/minamisanriku-dining-4014806.jpg,matched own listing photo
miyagi/minamisanriku,24,ロイヤルフィッシュ,https://img.bokenjapan.com/media/minamisanriku-dining-4019351.jpg,https://img.bokenjapan.com/media/minamisanriku-dining-4026479.jpg,matched own listing photo
miyagi/minamisanriku,25,味の郷 一心,https://img.bokenjapan.com/media/minamisanriku-dining-4022821.jpg,https://img.bokenjapan.com/media/minamisanriku-dining-4019351.jpg,matched own listing photo
miyagi/minamisanriku,26,そば処 京極,https://img.bokenjapan.com/media/minamisanriku-dining-4021734.jpg,,photo belonged to another card; no own photo found
miyagi/minamisanriku,27,松野や,https://img.bokenjapan.com/media/minamisanriku-dining-4014980.jpg,https://img.bokenjapan.com/media/minamisanriku-dining-4021734.jpg,matched own listing photo
miyagi/minamisanriku,28,SEASON cafe&shop,https://img.bokenjapan.com/media/minamisanriku-dining-4027991.jpg,https://img.bokenjapan.com/media/minamisanriku-dining-4014980.jpg,matched own listing photo
miyagi/minamisanriku,29,WHITE SHIP BAUM FACTORY,https://img.bokenjapan.com/media/minamisanriku-dining-4025841.jpg,https://img.bokenjapan.com/media/minamisanriku-dining-4027991.jpg,matched own listing photo
miyagi/minamisanriku,30,Sun cafe,https://img.bokenjapan.com/media/minamisanriku-dining-4024316.jpg,https://img.bokenjapan.com/media/minamisanriku-dining-4025841.jpg,matched own listing photo
miyagi/minamisanriku,31,及善蒲鉾店 南三陸店,https://img.bokenjapan.com/media/minamisanriku-dining-4018779.jpg,,photo belonged to another card; no own photo found
miyagi/minamisanriku,32,海鮮マルセン,https://img.bokenjapan.com/media/minamisanriku-dining-4020928.jpg,https://img.bokenjapan.com/media/minamisanriku-dining-4018779.jpg,matched own listing photo
miyagi/minamisanriku,33,丸荒 直営店,https://img.bokenjapan.com/media/minamisanriku-dining-4014512.jpg,https://img.bokenjapan.com/media/minamisanriku-dining-4020928.jpg,matched own listing photo
miyagi/minamisanriku,36,竜巳や,https://img.bokenjapan.com/media/minamisanriku-dining-4015672.jpg,,photo belonged to another card; no own photo found
miyagi/minamisanriku,37,自家製餃子 まるぎょう,https://img.bokenjapan.com/media/minamisanriku-dining-4026360.jpg,https://img.bokenjapan.com/media/minamisanriku-dining-4015672.jpg,matched own listing photo
miyagi/minamisanriku,38,ブルーライン,https://img.bokenjapan.com/media/minamisanriku-dining-4025850.jpg,https://img.bokenjapan.com/media/minamisanriku-dining-4026360.jpg,matched own listing photo
miyagi/minamisanriku,39,OKUTOCAFE,https://img.bokenjapan.com/media/minamisanriku-dining-4028506.jpg,https://img.bokenjapan.com/media/minamisanriku-dining-4025850.jpg,matched own listing photo
miyagi/minamisanriku,40,ちばのり店,https://img.bokenjapan.com/media/minamisanriku-dining-4023670.jpg,,photo belonged to another card; no own photo found
miyagi/minamisanriku,41,ランチ&カフェ リッチー,https://img.bokenjapan.com/media/minamisanriku-dining-4015671.jpg,https://img.bokenjapan.com/media/minamisanriku-dining-4023670.jpg,matched own listing photo
miyagi/minamisanriku,42,自然卵農園 菓子工房,https://img.bokenjapan.com/media/minamisanriku-dining-4027995.jpg,https://img.bokenjapan.com/media/minamisanriku-dining-4015671.jpg,matched own listing photo
miyagi/minamisanriku,43,さんさん市場,https://img.bokenjapan.com/media/minamisanriku-dining-4021960.jpg,https://img.bokenjapan.com/media/minamisanriku-dining-4027995.jpg,matched own listing photo
miyagi/minamisanriku,44,食飲笑 うたつがね,https://img.bokenjapan.com/media/minamisanriku-dining-4018889.jpg,https://img.bokenjapan.com/media/minamisanriku-dining-4021960.jpg,matched own listing photo
miyagi/minamisanriku,45,そばカフェ 風庵,https://img.bokenjapan.com/media/minamisanriku-dining-4008961.jpg,https://img.bokenjapan.com/media/minamisanriku-dining-4018889.jpg,matched own listing photo
miyagi/minamisanriku,46,平成の森,https://img.bokenjapan.com/media/minamisanriku-dining-4013672.jpg,https://img.bokenjapan.com/media/minamisanriku-dining-4008961.jpg,matched own listing photo
miyagi/minamisanriku,47,コミュニティカフェ こもんず,https://img.bokenjapan.com/media/minamisanriku-dining-4027379.jpg,https://img.bokenjapan.com/media/minamisanriku-dining-4013672.jpg,matched own listing photo
miyagi/minamisanriku,48,まきの衣料,https://img.bokenjapan.com/media/minamisanriku-dining-4027962.jpg,,photo belonged to another card; no own photo found
miyagi/minamisanriku,49,菓子工房 ASAHIDO,https://img.bokenjapan.com/media/minamisanriku-dining-4027771.jpg,https://img.bokenjapan.com/media/minamisanriku-dining-4027962.jpg,matched own listing photo
miyagi/minamisanriku,50,自然卵のクレープ モアイ店,https://img.bokenjapan.com/media/minamisanriku-dining-4014807.jpg,https://img.bokenjapan.com/media/minamisanriku-dining-4027771.jpg,matched own listing photo
miyagi/minamisanriku,51,神割,https://img.bokenjapan.com/media/minamisanriku-dining-4013237.jpg,https://img.bokenjapan.com/media/minamisanriku-dining-4014807.jpg,matched own listing photo
miyagi/minamisanriku,54,和食処　潮騒,https://img.bokenjapan.com/media/minamisanriku-dining-4008656.jpg,,photo belonged to another card; no own photo found
miyagi/minamisanriku,55,ちょこっと,https://img.bokenjapan.com/media/minamisanriku-dining-4016830.jpg,https://img.bokenjapan.com/media/minamisanriku-dining-4008656.jpg,matched own listing photo
miyagi/minamisanriku,56,和来,https://img.bokenjapan.com/media/minamisanriku-dining-4015673.jpg,https://img.bokenjapan.com/media/minamisanriku-dining-4016830.jpg,matched own listing photo
miyagi/minamisanriku,57,カフェ かなっぺ,https://img.bokenjapan.com/media/minamisanriku-dining-4014811.jpg,https://img.bokenjapan.com/media/minamisanriku-dining-4015673.jpg,matched own listing photo
miyagi/minamisanriku,58,マルタケ商店,https://img.bokenjapan.com/media/minamisanriku-dining-4022239.jpg,https://img.bokenjapan.com/media/minamisanriku-dining-4014811.jpg,matched own listing photo
miyagi/minamisanriku,59,居酒屋　鷲巣,https://img.bokenjapan.com/media/minamisanriku-dining-4024001.jpg,https://img.bokenjapan.com/media/minamisanriku-dining-4022239.jpg,matched own listing photo
miyagi/minamisanriku,60,湾岸おおもり,https://img.bokenjapan.com/media/minamisanriku-dining-4030433.jpg,https://img.bokenjapan.com/media/minamisanriku-dining-4024001.jpg,matched own listing photo
miyagi/minamisanriku,61,さとうみファーム,https://img.bokenjapan.com/media/minamisanriku-dining-4024160.jpg,https://img.bokenjapan.com/media/minamisanriku-dining-4030433.jpg,matched own listing photo
miyagi/minamisanriku,62,たいしゅう,https://img.bokenjapan.com/media/minamisanriku-dining-4012241.jpg,https://img.bokenjapan.com/media/minamisanriku-dining-4024160.jpg,matched own listing photo
miyagi/minamisanriku,63,パティスリークリコ,https://img.bokenjapan.com/media/minamisanriku-dining-4013474.jpg,https://img.bokenjapan.com/media/minamisanriku-dining-4012241.jpg,matched own listing photo
miyagi/minamisanriku,64,民宿　あおしま荘,https://img.bokenjapan.com/media/minamisanriku-dining-4010596.jpg,https://img.bokenjapan.com/media/minamisanriku-dining-4013474.jpg,matched own listing photo
miyagi/minamisanriku,65,天門屋,https://img.bokenjapan.com/media/minamisanriku-dining-4019309.jpg,https://img.bokenjapan.com/media/minamisanriku-dining-4010596.jpg,matched own listing photo
miyagi/minamisanriku,66,心結ぶカフェ むすびや,https://img.bokenjapan.com/media/minamisanriku-dining-4018979.jpg,https://img.bokenjapan.com/media/minamisanriku-dining-4019309.jpg,matched own listing photo
miyagi/minamisanriku,67,パン・菓子工房 oui,https://img.bokenjapan.com/media/minamisanriku-dining-4024481.jpg,https://img.bokenjapan.com/media/minamisanriku-dining-4018979.jpg,matched own listing photo
miyagi/minamisanriku,68,ドライブイン ひと休み,https://img.bokenjapan.com/media/minamisanriku-dining-4013250.jpg,https://img.bokenjapan.com/media/minamisanriku-dining-4024481.jpg,matched own listing photo
miyagi/minamisanriku,69,たこやき たかみ,https://img.bokenjapan.com/media/minamisanriku-dining-4029218.jpg,https://img.bokenjapan.com/media/minamisanriku-dining-4013250.jpg,matched own listing photo
miyagi/minamisanriku,70,歌津小太郎 歌津本店,https://img.bokenjapan.com/media/minamisanriku-dining-4019507.jpg,https://img.bokenjapan.com/media/minamisanriku-dining-4029218.jpg,matched own listing photo
miyagi/miyagimisato,2,みそべえ,https://img.bokenjapan.com/media/miyagimisato-dining-4002182.jpg,,photo belonged to another card; no own photo found
miyagi/miyagimisato,3,丸竹食堂,https://img.bokenjapan.com/media/miyagimisato-dining-4005977.jpg,https://img.bokenjapan.com/media/miyagimisato-dining-4002182.jpg,matched own listing photo
miyagi/miyagimisato,4,ガトーみかわ,https://img.bokenjapan.com/media/miyagimisato-dining-4009479.jpg,https://img.bokenjapan.com/media/miyagimisato-dining-4005977.jpg,matched own listing photo
miyagi/miyagimisato,5,菜園レストラン 野の風,https://img.bokenjapan.com/media/miyagimisato-dining-4012650.jpg,https://img.bokenjapan.com/media/miyagimisato-dining-4009479.jpg,matched own listing photo
miyagi/miyagimisato,6,山の神まんじゅう本舗  村上屋,https://img.bokenjapan.com/media/miyagimisato-dining-4009468.jpg,https://img.bokenjapan.com/media/miyagimisato-dining-4012650.jpg,matched own listing photo
miyagi/miyagimisato,7,メイプル,https://img.bokenjapan.com/media/miyagimisato-dining-4005238.jpg,https://img.bokenjapan.com/media/miyagimisato-dining-4009468.jpg,matched own listing photo
miyagi/miyagimisato,8,葵,https://img.bokenjapan.com/media/miyagimisato-dining-4014387.jpg,https://img.bokenjapan.com/media/miyagimisato-dining-4005238.jpg,matched own listing photo
miyagi/miyagimisato,9,藤,https://img.bokenjapan.com/media/miyagimisato-dining-4009421.jpg,https://img.bokenjapan.com/media/miyagimisato-dining-4014387.jpg,matched own listing photo
miyagi/miyagimisato,10,ラーメンショップ 北浦,https://img.bokenjapan.com/media/miyagimisato-dining-4010888.jpg,https://img.bokenjapan.com/media/miyagimisato-dining-4009421.jpg,matched own listing photo
miyagi/miyagimisato,11,味和居,https://img.bokenjapan.com/media/miyagimisato-dining-4011048.jpg,https://img.bokenjapan.com/media/miyagimisato-dining-4010888.jpg,matched own listing photo
miyagi/miyagimisato,12,ティーカフェ,https://img.bokenjapan.com/media/miyagimisato-dining-4015043.jpg,https://img.bokenjapan.com/media/miyagimisato-dining-4011048.jpg,matched own listing photo
miyagi/miyagimisato,13,キッチンハウス 赤い糸,https://img.bokenjapan.com/media/miyagimisato-dining-4005702.jpg,https://img.bokenjapan.com/media/miyagimisato-dining-4015043.jpg,matched own listing photo
miyagi/miyagimisato,14,とんかつふじ,https://img.bokenjapan.com/media/miyagimisato-dining-4006508.jpg,https://img.bokenjapan.com/media/miyagimisato-dining-4005702.jpg,matched own listing photo
miyagi/miyagimisato,15,丸福,https://img.bokenjapan.com/media/miyagimisato-dining-4003800.jpg,https://img.bokenjapan.com/media/miyagimisato-dining-4006508.jpg,matched own listing photo
miyagi/miyagimisato,16,ラーメン 一慶,https://img.bokenjapan.com/media/miyagimisato-dining-4024950.jpg,https://img.bokenjapan.com/media/miyagimisato-dining-4003800.jpg,matched own listing photo
miyagi/miyagimisato,17,海鮮食堂 ととや,https://img.bokenjapan.com/media/miyagimisato-dining-4027299.jpg,https://img.bokenjapan.com/media/miyagimisato-dining-4024950.jpg,matched own listing photo
miyagi/miyagimisato,18,味噌工房麺助,https://img.bokenjapan.com/media/miyagimisato-dining-4003132.jpg,https://img.bokenjapan.com/media/miyagimisato-dining-4027299.jpg,matched own listing photo
miyagi/miyagimisato,19,花月食堂,https://img.bokenjapan.com/media/miyagimisato-dining-4006195.jpg,https://img.bokenjapan.com/media/miyagimisato-dining-4003132.jpg,matched own listing photo
miyagi/miyagimisato,22,伊勢屋,https://img.bokenjapan.com/media/miyagimisato-dining-4015058.jpg,,photo belonged to another card; no own photo found
miyagi/miyagimisato,23,はなやか亭,https://img.bokenjapan.com/media/miyagimisato-dining-4007691.jpg,https://img.bokenjapan.com/media/miyagimisato-dining-4015058.jpg,matched own listing photo
miyagi/miyagimisato,24,ラ プラタ,https://img.bokenjapan.com/media/miyagimisato-dining-4016140.jpg,https://img.bokenjapan.com/media/miyagimisato-dining-4007691.jpg,matched own listing photo
miyagi/miyagimisato,25,上野屋,https://img.bokenjapan.com/media/miyagimisato-dining-4005399.jpg,https://img.bokenjapan.com/media/miyagimisato-dining-4016140.jpg,matched own listing photo
miyagi/miyagimisato,26,ウジエスーパー 美里店,https://img.bokenjapan.com/media/miyagimisato-dining-4026846.jpg,https://img.bokenjapan.com/media/miyagimisato-dining-4005399.jpg,matched own listing photo
miyagi/miyagimisato,27,米Cafe 88,https://img.bokenjapan.com/media/miyagimisato-dining-4027064.jpg,https://img.bokenjapan.com/media/miyagimisato-dining-4026846.jpg,matched own listing photo
miyagi/miyagimisato,28,おんべこ村のうさぎ家,https://img.bokenjapan.com/media/miyagimisato-dining-4011252.jpg,https://img.bokenjapan.com/media/miyagimisato-dining-4027064.jpg,matched own listing photo
miyagi/miyagimisato,29,こごたの地酒屋　齋林本店,https://img.bokenjapan.com/media/miyagimisato-dining-4011251.jpg,https://img.bokenjapan.com/media/miyagimisato-dining-4011252.jpg,matched own listing photo
miyagi/miyagimisato,30,桝家,https://img.bokenjapan.com/media/miyagimisato-dining-4007093.jpg,https://img.bokenjapan.com/media/miyagimisato-dining-4011251.jpg,matched own listing photo
miyagi/miyagimisato,31,らーめん宿 よしべえ,https://img.bokenjapan.com/media/miyagimisato-dining-4027372.jpg,https://img.bokenjapan.com/media/miyagimisato-dining-4007093.jpg,matched own listing photo
miyagi/miyagimisato,32,ぱんだやきのおみせ ぶれいむ,https://img.bokenjapan.com/media/miyagimisato-dining-4029059.jpg,https://img.bokenjapan.com/media/miyagimisato-dining-4027372.jpg,matched own listing photo
miyagi/miyagimisato,33,喫茶南郷,https://img.bokenjapan.com/media/miyagimisato-dining-4029773.jpg,https://img.bokenjapan.com/media/miyagimisato-dining-4029059.jpg,matched own listing photo
miyagi/miyagimisato,34,禾食や,https://img.bokenjapan.com/media/miyagimisato-dining-4023103.jpg,https://img.bokenjapan.com/media/miyagimisato-dining-4029773.jpg,matched own listing photo
miyagi/miyagimisato,35,だんご屋,https://img.bokenjapan.com/media/miyagimisato-dining-4006470.jpg,https://img.bokenjapan.com/media/miyagimisato-dining-4023103.jpg,matched own listing photo
miyagi/miyagimisato,36,マミー弁当,https://img.bokenjapan.com/media/miyagimisato-dining-4015896.jpg,https://img.bokenjapan.com/media/miyagimisato-dining-4006470.jpg,matched own listing photo
miyagi/miyagimisato,37,旭屋食堂,https://img.bokenjapan.com/media/miyagimisato-dining-4015433.jpg,https://img.bokenjapan.com/media/miyagimisato-dining-4015896.jpg,matched own listing photo
miyagi/miyagimisato,38,田尻屋寿司,https://img.bokenjapan.com/media/miyagimisato-dining-4004773.jpg,https://img.bokenjapan.com/media/miyagimisato-dining-4015433.jpg,matched own listing photo
miyagi/miyagimisato,39,くぬぎの木,https://img.bokenjapan.com/media/miyagimisato-dining-4026659.jpg,https://img.bokenjapan.com/media/miyagimisato-dining-4004773.jpg,matched own listing photo
miyagi/miyagimisato,42,花野果市場,https://img.bokenjapan.com/media/miyagimisato-dining-4012630.jpg,,photo belonged to another card; no own photo found
miyagi/miyagimisato,43,カフェ ピカ,https://img.bokenjapan.com/media/miyagimisato-dining-4016223.jpg,https://img.bokenjapan.com/media/miyagimisato-dining-4012630.jpg,matched own listing photo
miyagi/miyagimisato,44,鎌田醤油,https://img.bokenjapan.com/media/miyagimisato-dining-4017352.jpg,https://img.bokenjapan.com/media/miyagimisato-dining-4016223.jpg,matched own listing photo
miyagi/miyagimisato,45,八角堂,https://img.bokenjapan.com/media/miyagimisato-dining-4029911.jpg,https://img.bokenjapan.com/media/miyagimisato-dining-4017352.jpg,matched own listing photo
miyagi/miyagimisato,46,ササキ会館,https://img.bokenjapan.com/media/miyagimisato-dining-4014661.jpg,https://img.bokenjapan.com/media/miyagimisato-dining-4029911.jpg,matched own listing photo
miyagi/miyagimisato,47,まとば,https://img.bokenjapan.com/media/miyagimisato-dining-4006615.jpg,https://img.bokenjapan.com/media/miyagimisato-dining-4014661.jpg,matched own listing photo
miyagi/miyagimisato,48,ふじ食堂,https://img.bokenjapan.com/media/miyagimisato-dining-4006579.jpg,https://img.bokenjapan.com/media/miyagimisato-dining-4006615.jpg,matched own listing photo
miyagi/miyagimisato,49,大番割烹,https://img.bokenjapan.com/media/miyagimisato-dining-4004524.jpg,https://img.bokenjapan.com/media/miyagimisato-dining-4006579.jpg,matched own listing photo
miyagi/miyagimisato,50,はなちゃん,https://img.bokenjapan.com/media/miyagimisato-dining-4010106.jpg,https://img.bokenjapan.com/media/miyagimisato-dining-4004524.jpg,matched own listing photo
miyagi/miyagimisato,51,南部家敷 小牛田店,https://img.bokenjapan.com/media/miyagimisato-dining-4007334.jpg,https://img.bokenjapan.com/media/miyagimisato-dining-4010106.jpg,matched own listing photo
miyagi/miyagimisato,52,華園,https://img.bokenjapan.com/media/miyagimisato-dining-4009400.jpg,https://img.bokenjapan.com/media/miyagimisato-dining-4007334.jpg,matched own listing photo
miyagi/miyagimisato,53,鳥由,https://img.bokenjapan.com/media/miyagimisato-dining-4004092.jpg,https://img.bokenjapan.com/media/miyagimisato-dining-4009400.jpg,matched own listing photo
miyagi/miyagimisato,54,和 もり田,https://img.bokenjapan.com/media/miyagimisato-dining-4027285.jpg,https://img.bokenjapan.com/media/miyagimisato-dining-4004092.jpg,matched own listing photo
miyagi/miyagimisato,55,兆治,https://img.bokenjapan.com/media/miyagimisato-dining-4007007.jpg,https://img.bokenjapan.com/media/miyagimisato-dining-4027285.jpg,matched own listing photo
miyagi/miyagimisato,56,居酒屋 姫輝,https://img.bokenjapan.com/media/miyagimisato-dining-4027776.jpg,https://img.bokenjapan.com/media/miyagimisato-dining-4007007.jpg,matched own listing photo
miyagi/miyagimisato,57,Feliz&Rico,https://img.bokenjapan.com/media/miyagimisato-dining-4024445.jpg,https://img.bokenjapan.com/media/miyagimisato-dining-4027776.jpg,matched own listing photo
miyagi/miyagimisato,62,和風レストランまるまつ 小牛田店,https://img.bokenjapan.com/media/miyagimisato-dining-4027795.jpg,,photo belonged to another card; no own photo found
miyagi/miyagimisato,64,en ROSE,https://img.bokenjapan.com/media/miyagimisato-dining-4028185.jpg,https://img.bokenjapan.com/media/miyagimisato-dining-4027795.jpg,matched own listing photo
miyagi/miyagimisato,65,めん六や 宮城小牛田店,https://img.bokenjapan.com/media/miyagimisato-dining-4019719.jpg,https://img.bokenjapan.com/media/miyagimisato-dining-4028185.jpg,matched own listing photo
miyagi/miyagimisato,66,カフェ トイ・トイ・トイ,https://img.bokenjapan.com/media/miyagimisato-dining-4030068.jpg,https://img.bokenjapan.com/media/miyagimisato-dining-4019719.jpg,matched own listing photo
miyagi/miyagimisato,67,A・COOP こごた店,https://img.bokenjapan.com/media/miyagimisato-dining-4023324.jpg,https://img.bokenjapan.com/media/miyagimisato-dining-4030068.jpg,matched own listing photo
miyagi/miyagimisato,68,ダイニング旬祭,https://img.bokenjapan.com/media/miyagimisato-dining-4005147.jpg,https://img.bokenjapan.com/media/miyagimisato-dining-4023324.jpg,matched own listing photo
miyagi/miyagimisato,72,10.4 小牛田店,https://img.bokenjapan.com/media/miyagimisato-dining-4024446.jpg,https://img.bokenjapan.com/media/miyagimisato-dining-4005147.jpg,matched own listing photo
miyagi/miyagimisato,73,みーと工房 とんたろう,https://img.bokenjapan.com/media/miyagimisato-dining-4011156.jpg,https://img.bokenjapan.com/media/miyagimisato-dining-4024446.jpg,matched own listing photo
miyagi/miyagimisato,75,セブン-イレブン 美里町二郷店,https://img.bokenjapan.com/media/miyagimisato-dining-4028084.jpg,https://img.bokenjapan.com/media/miyagimisato-dining-4011156.jpg,matched own listing photo
miyagi/miyagimisato,76,佐々木菓子店,https://img.bokenjapan.com/media/miyagimisato-dining-4015320.jpg,https://img.bokenjapan.com/media/miyagimisato-dining-4028084.jpg,matched own listing photo
miyagi/miyagimisato,77,ミニストップ 宮城美里店,https://img.bokenjapan.com/media/miyagimisato-dining-4028064.jpg,https://img.bokenjapan.com/media/miyagimisato-dining-4015320.jpg,matched own listing photo
miyagi/miyagimisato,78,豆こん道,https://img.bokenjapan.com/media/miyagimisato-dining-4023703.jpg,https://img.bokenjapan.com/media/miyagimisato-dining-4028064.jpg,matched own listing photo
miyagi/miyagimisato,105,煙家,https://img.bokenjapan.com/media/miyagimisato-dining-ta7497062-p.webp,https://img.bokenjapan.com/media/miyagimisato-dining-ta4.jpg,matched own listing photo
miyagi/murata,2,千寿庵,https://img.bokenjapan.com/media/murata-dining-4002180.jpg,,photo belonged to another card; no own photo found
miyagi/murata,3,菅生パーキングエリア（上り線）フードコート,https://img.bokenjapan.com/media/murata-dining-4010812.jpg,https://img.bokenjapan.com/media/murata-dining-4002180.jpg,matched own listing photo
miyagi/murata,4,丸金食堂,https://img.bokenjapan.com/media/murata-dining-4011699.jpg,https://img.bokenjapan.com/media/murata-dining-4010812.jpg,matched own listing photo
miyagi/murata,5,蕎麦玄,https://img.bokenjapan.com/media/murata-dining-4011378.jpg,https://img.bokenjapan.com/media/murata-dining-4011699.jpg,matched own listing photo
miyagi/murata,6,レストハウスリッキーズ,https://img.bokenjapan.com/media/murata-dining-4007865.jpg,https://img.bokenjapan.com/media/murata-dining-4011378.jpg,matched own listing photo
miyagi/murata,7,銀座食堂,https://img.bokenjapan.com/media/murata-dining-4008518.jpg,https://img.bokenjapan.com/media/murata-dining-4007865.jpg,matched own listing photo
miyagi/murata,8,たまご舎 ファームファクトリー,https://img.bokenjapan.com/media/murata-dining-4017915.jpg,https://img.bokenjapan.com/media/murata-dining-4008518.jpg,matched own listing photo
miyagi/murata,9,杜のパン工房,https://img.bokenjapan.com/media/murata-dining-4009381.jpg,https://img.bokenjapan.com/media/murata-dining-4017915.jpg,matched own listing photo
miyagi/murata,10,杜の牛たん,https://img.bokenjapan.com/media/murata-dining-4013009.jpg,https://img.bokenjapan.com/media/murata-dining-4009381.jpg,matched own listing photo
miyagi/murata,11,農家レストラン 森の栞,https://img.bokenjapan.com/media/murata-dining-4019265.jpg,https://img.bokenjapan.com/media/murata-dining-4013009.jpg,matched own listing photo
miyagi/murata,12,麦小屋,https://img.bokenjapan.com/media/murata-dining-4025428.jpg,https://img.bokenjapan.com/media/murata-dining-4019265.jpg,matched own listing photo
miyagi/murata,13,すごうでキッチン,https://img.bokenjapan.com/media/murata-dining-4013010.jpg,https://img.bokenjapan.com/media/murata-dining-4025428.jpg,matched own listing photo
miyagi/murata,14,らーめんせん家 村田店,https://img.bokenjapan.com/media/murata-dining-4013771.jpg,https://img.bokenjapan.com/media/murata-dining-4013010.jpg,matched own listing photo
miyagi/murata,15,一祥,https://img.bokenjapan.com/media/murata-dining-4011167.jpg,https://img.bokenjapan.com/media/murata-dining-4013771.jpg,matched own listing photo
miyagi/murata,16,カフェ バイ サークル,https://img.bokenjapan.com/media/murata-dining-4013861.jpg,https://img.bokenjapan.com/media/murata-dining-4011167.jpg,matched own listing photo
miyagi/murata,17,麺屋だいず 村田店,https://img.bokenjapan.com/media/murata-dining-4019739.jpg,https://img.bokenjapan.com/media/murata-dining-4013861.jpg,matched own listing photo
miyagi/murata,18,菅生PA・上り ショッピングコーナー,https://img.bokenjapan.com/media/murata-dining-4015682.jpg,https://img.bokenjapan.com/media/murata-dining-4019739.jpg,matched own listing photo
miyagi/murata,19,蔵の町レストラン 城山,https://img.bokenjapan.com/media/murata-dining-4011171.jpg,https://img.bokenjapan.com/media/murata-dining-4015682.jpg,matched own listing photo
miyagi/murata,22,道の駅 村田,https://img.bokenjapan.com/media/murata-dining-4016777.jpg,,photo belonged to another card; no own photo found
miyagi/murata,23,木村屋菓子店,https://img.bokenjapan.com/media/murata-dining-4019532.jpg,https://img.bokenjapan.com/media/murata-dining-4016777.jpg,matched own listing photo
miyagi/murata,24,菅生パーキングエリア（下り線） レストラン,https://img.bokenjapan.com/media/murata-dining-4008190.jpg,https://img.bokenjapan.com/media/murata-dining-4019532.jpg,matched own listing photo
miyagi/murata,25,菅生パーキングエリア 下り 売店,https://img.bokenjapan.com/media/murata-dining-4016662.jpg,https://img.bokenjapan.com/media/murata-dining-4008190.jpg,matched own listing photo
miyagi/murata,26,丹野屋菓子店,https://img.bokenjapan.com/media/murata-dining-4016502.jpg,https://img.bokenjapan.com/media/murata-dining-4016662.jpg,matched own listing photo
miyagi/murata,27,SUGO CAFE,https://img.bokenjapan.com/media/murata-dining-4026817.jpg,https://img.bokenjapan.com/media/murata-dining-4016502.jpg,matched own listing photo
miyagi/murata,28,Fes Coffee&林度カリー,https://img.bokenjapan.com/media/murata-dining-4026568.jpg,https://img.bokenjapan.com/media/murata-dining-4026817.jpg,matched own listing photo
miyagi/murata,29,壱弐参 CAFE,https://img.bokenjapan.com/media/murata-dining-4018892.jpg,https://img.bokenjapan.com/media/murata-dining-4026568.jpg,matched own listing photo
miyagi/murata,30,蔵TORIA Kitchen Yu,https://img.bokenjapan.com/media/murata-dining-4027685.jpg,https://img.bokenjapan.com/media/murata-dining-4018892.jpg,matched own listing photo
miyagi/murata,31,そば処　金谷,https://img.bokenjapan.com/media/murata-dining-4011172.jpg,https://img.bokenjapan.com/media/murata-dining-4027685.jpg,matched own listing photo
miyagi/murata,32,和風レストラン 藤,https://img.bokenjapan.com/media/murata-dining-4011177.jpg,https://img.bokenjapan.com/media/murata-dining-4011172.jpg,matched own listing photo
miyagi/murata,33,竹雀,https://img.bokenjapan.com/media/murata-dining-4015776.jpg,https://img.bokenjapan.com/media/murata-dining-4011177.jpg,matched own listing photo
miyagi/murata,34,牛たん麦めし屋 梵天丸,https://img.bokenjapan.com/media/murata-dining-4009215.jpg,https://img.bokenjapan.com/media/murata-dining-4015776.jpg,matched own listing photo
miyagi/murata,35,菅生パーキングエリア （下り線）フードコート,https://img.bokenjapan.com/media/murata-dining-4012114.jpg,https://img.bokenjapan.com/media/murata-dining-4009215.jpg,matched own listing photo
miyagi/murata,36,丹誠庵,https://img.bokenjapan.com/media/murata-dining-4013011.jpg,https://img.bokenjapan.com/media/murata-dining-4012114.jpg,matched own listing photo
miyagi/murata,37,cafe蔵人,https://img.bokenjapan.com/media/murata-dining-4010914.jpg,https://img.bokenjapan.com/media/murata-dining-4013011.jpg,matched own listing photo
miyagi/murata,38,喜楽,https://img.bokenjapan.com/media/murata-dining-4008703.jpg,https://img.bokenjapan.com/media/murata-dining-4010914.jpg,matched own listing photo
miyagi/murata,39,仙台南ゴルフクラブ,https://img.bokenjapan.com/media/murata-dining-4017017.jpg,https://img.bokenjapan.com/media/murata-dining-4008703.jpg,matched own listing photo
miyagi/murata,42,麺や呑み処 もみじ庵,https://img.bokenjapan.com/media/murata-dining-4026617.jpg,,photo belonged to another card; no own photo found
miyagi/murata,43,和食処 けやき,https://img.bokenjapan.com/media/murata-dining-4018955.jpg,https://img.bokenjapan.com/media/murata-dining-4026617.jpg,matched own listing photo
miyagi/murata,44,万崎食堂,https://img.bokenjapan.com/media/murata-dining-4027997.jpg,https://img.bokenjapan.com/media/murata-dining-4018955.jpg,matched own listing photo
miyagi/murata,45,レストラン クヌギ,https://img.bokenjapan.com/media/murata-dining-4013233.jpg,https://img.bokenjapan.com/media/murata-dining-4027997.jpg,matched own listing photo
miyagi/murata,46,隠れ然房,https://img.bokenjapan.com/media/murata-dining-4027665.jpg,https://img.bokenjapan.com/media/murata-dining-4013233.jpg,matched own listing photo
miyagi/murata,47,大廣食堂,https://img.bokenjapan.com/media/murata-dining-4011180.jpg,https://img.bokenjapan.com/media/murata-dining-4027665.jpg,matched own listing photo
miyagi/murata,48,中華厨房 炎,https://img.bokenjapan.com/media/murata-dining-4021566.jpg,https://img.bokenjapan.com/media/murata-dining-4011180.jpg,matched own listing photo
miyagi/murata,49,布袋農園,https://img.bokenjapan.com/media/murata-dining-4016637.jpg,https://img.bokenjapan.com/media/murata-dining-4021566.jpg,matched own listing photo
miyagi/murata,50,もつ家 八,https://img.bokenjapan.com/media/murata-dining-4028593.jpg,https://img.bokenjapan.com/media/murata-dining-4016637.jpg,matched own listing photo
miyagi/murata,51,まこと寿司,https://img.bokenjapan.com/media/murata-dining-4011170.jpg,https://img.bokenjapan.com/media/murata-dining-4028593.jpg,matched own listing photo
miyagi/murata,52,岩手屋 まるいち酒店,https://img.bokenjapan.com/media/murata-dining-4026033.jpg,https://img.bokenjapan.com/media/murata-dining-4011170.jpg,matched own listing photo
miyagi/murata,53,大沼酒造店,https://img.bokenjapan.com/media/murata-dining-4018047.jpg,https://img.bokenjapan.com/media/murata-dining-4026033.jpg,matched own listing photo
miyagi/murata,54,グリーンパール納豆本舗,https://img.bokenjapan.com/media/murata-dining-4018164.jpg,https://img.bokenjapan.com/media/murata-dining-4018047.jpg,matched own listing photo
miyagi/murata,55,ふるさとおとぎ苑,https://img.bokenjapan.com/media/murata-dining-4013916.jpg,https://img.bokenjapan.com/media/murata-dining-4018164.jpg,matched own listing photo
miyagi/murata,56,韮神や,https://img.bokenjapan.com/media/murata-dining-4023128.jpg,https://img.bokenjapan.com/media/murata-dining-4013916.jpg,matched own listing photo
miyagi/murata,57,焼き肉ハウス　あらいわ,https://img.bokenjapan.com/media/murata-dining-4011168.jpg,https://img.bokenjapan.com/media/murata-dining-4023128.jpg,matched own listing photo
miyagi/murata,58,ほっともっと 村田町店,https://img.bokenjapan.com/media/murata-dining-4014164.jpg,https://img.bokenjapan.com/media/murata-dining-4011168.jpg,matched own listing photo
miyagi/murata,59,阿部屋菓子店,https://img.bokenjapan.com/media/murata-dining-4021513.jpg,https://img.bokenjapan.com/media/murata-dining-4014164.jpg,matched own listing photo
miyagi/murata,62,志げる寿司,https://img.bokenjapan.com/media/murata-dining-4011176.jpg,,photo belonged to another card; no own photo found
miyagi/murata,63,デイリーヤマザキ 村田インター店,https://img.bokenjapan.com/media/murata-dining-4027781.jpg,https://img.bokenjapan.com/media/murata-dining-4011176.jpg,matched own listing photo
miyagi/murata,64,本家かまどや 村田店,https://img.bokenjapan.com/media/murata-dining-4015409.jpg,https://img.bokenjapan.com/media/murata-dining-4027781.jpg,matched own listing photo
miyagi/murata,65,wak.farm,https://img.bokenjapan.com/media/murata-dining-4029801.jpg,https://img.bokenjapan.com/media/murata-dining-4015409.jpg,matched own listing photo
miyagi/murata,66,レストラン 和,https://img.bokenjapan.com/media/murata-dining-4021398.jpg,https://img.bokenjapan.com/media/murata-dining-4029801.jpg,matched own listing photo
miyagi/murata,67,びいんず夢楽多,https://img.bokenjapan.com/media/murata-dining-4025122.jpg,https://img.bokenjapan.com/media/murata-dining-4021398.jpg,matched own listing photo
miyagi/murata,69,みちのくに市 DATE-ICHIBA,https://img.bokenjapan.com/media/murata-dining-4026893.jpg,https://img.bokenjapan.com/media/murata-dining-4025122.jpg,matched own listing photo
miyagi/murata,70,カフェバー キッピス,https://img.bokenjapan.com/media/murata-dining-4023120.jpg,https://img.bokenjapan.com/media/murata-dining-4026893.jpg,matched own listing photo
miyagi/natori,2,中華そば いぶし,https://img.bokenjapan.com/media/natori-dining-4000291.jpg,,photo belonged to another card; no own photo found
miyagi/natori,3,だし廊 -GoLD-,https://img.bokenjapan.com/media/natori-dining-4023844.jpg,https://img.bokenjapan.com/media/natori-dining-4000291.jpg,matched own listing photo
miyagi/natori,4,麺や 碁飯,https://img.bokenjapan.com/media/natori-dining-4021472.jpg,https://img.bokenjapan.com/media/natori-dining-4023844.jpg,matched own listing photo
miyagi/natori,5,なると家,https://img.bokenjapan.com/media/natori-dining-4002323.jpg,https://img.bokenjapan.com/media/natori-dining-4021472.jpg,matched own listing photo
miyagi/natori,6,RAMEN Bee,https://img.bokenjapan.com/media/natori-dining-4012292.jpg,https://img.bokenjapan.com/media/natori-dining-4002323.jpg,matched own listing photo
miyagi/natori,7,ナチュリノ,https://img.bokenjapan.com/media/natori-dining-4016654.jpg,https://img.bokenjapan.com/media/natori-dining-4012292.jpg,matched own listing photo
miyagi/natori,8,ハンバーグレストランHACHI 名取本店,https://img.bokenjapan.com/media/natori-dining-4000144.jpg,https://img.bokenjapan.com/media/natori-dining-4016654.jpg,matched own listing photo
miyagi/natori,9,漁亭 浜や かわまちてらす閖上店,https://img.bokenjapan.com/media/natori-dining-4021646.jpg,https://img.bokenjapan.com/media/natori-dining-4000144.jpg,matched own listing photo
miyagi/natori,10,Tohoku Trattoria TREGION GALLEY,https://img.bokenjapan.com/media/natori-dining-4024339.jpg,https://img.bokenjapan.com/media/natori-dining-4021646.jpg,matched own listing photo
miyagi/natori,11,牡蠣と海鮮丼 ふぃっしゃーまん亭,https://img.bokenjapan.com/media/natori-dining-4024144.jpg,https://img.bokenjapan.com/media/natori-dining-4024339.jpg,matched own listing photo
miyagi/natori,12,麺屋 とがし 祭伝,https://img.bokenjapan.com/media/natori-dining-4026213.jpg,https://img.bokenjapan.com/media/natori-dining-4024144.jpg,matched own listing photo
miyagi/natori,13,寿松庵 仙台空港店,https://img.bokenjapan.com/media/natori-dining-4008116.jpg,https://img.bokenjapan.com/media/natori-dining-4026213.jpg,matched own listing photo
miyagi/natori,14,山形蕎麦と串揚げのお店 焔蔵 ATALATA店,https://img.bokenjapan.com/media/natori-dining-4014565.jpg,https://img.bokenjapan.com/media/natori-dining-4008116.jpg,matched own listing photo
miyagi/natori,15,牛たんの店,https://img.bokenjapan.com/media/natori-dining-4004298.jpg,https://img.bokenjapan.com/media/natori-dining-4014565.jpg,matched own listing photo
miyagi/natori,16,焼き菓子とタルトの店 ナイツ・ブリッジ,https://img.bokenjapan.com/media/natori-dining-4002579.jpg,https://img.bokenjapan.com/media/natori-dining-4004298.jpg,matched own listing photo
miyagi/natori,17,閖上マリンキッチン,https://img.bokenjapan.com/media/natori-dining-4023187.jpg,https://img.bokenjapan.com/media/natori-dining-4002579.jpg,matched own listing photo
miyagi/natori,18,浜や ゆりあげ港朝市メイプル館,https://img.bokenjapan.com/media/natori-dining-4015476.jpg,https://img.bokenjapan.com/media/natori-dining-4023187.jpg,matched own listing photo
miyagi/natori,19,カカポ・ベーカリー,https://img.bokenjapan.com/media/natori-dining-4018664.jpg,https://img.bokenjapan.com/media/natori-dining-4015476.jpg,matched own listing photo
miyagi/natori,22,カフェモーツァルトユリイカ,https://img.bokenjapan.com/media/natori-dining-4021180.jpg,,photo belonged to another card; no own photo found
miyagi/natori,23,農家食堂 神明そば 慶,https://img.bokenjapan.com/media/natori-dining-4019375.jpg,https://img.bokenjapan.com/media/natori-dining-4021180.jpg,matched own listing photo
miyagi/natori,24,市場直送 めし処 一,https://img.bokenjapan.com/media/natori-dining-4025017.jpg,https://img.bokenjapan.com/media/natori-dining-4019375.jpg,matched own listing photo
miyagi/natori,25,イオンヤ,https://img.bokenjapan.com/media/natori-dining-4000005.jpg,https://img.bokenjapan.com/media/natori-dining-4025017.jpg,matched own listing photo
miyagi/natori,26,そばの神田 町前屋 名取店,https://img.bokenjapan.com/media/natori-dining-4026214.jpg,https://img.bokenjapan.com/media/natori-dining-4000005.jpg,matched own listing photo
miyagi/natori,27,primo,https://img.bokenjapan.com/media/natori-dining-4002714.jpg,https://img.bokenjapan.com/media/natori-dining-4026214.jpg,matched own listing photo
miyagi/natori,28,スリランカセンター,https://img.bokenjapan.com/media/natori-dining-4000146.jpg,https://img.bokenjapan.com/media/natori-dining-4002714.jpg,matched own listing photo
miyagi/natori,29,たまご舎 愛島本店,https://img.bokenjapan.com/media/natori-dining-4000284.jpg,https://img.bokenjapan.com/media/natori-dining-4000146.jpg,matched own listing photo
miyagi/natori,30,たこ焼きイヴちゃん,https://img.bokenjapan.com/media/natori-dining-4019892.jpg,https://img.bokenjapan.com/media/natori-dining-4000284.jpg,matched own listing photo
miyagi/natori,31,若草寿司,https://img.bokenjapan.com/media/natori-dining-4022379.jpg,https://img.bokenjapan.com/media/natori-dining-4019892.jpg,matched own listing photo
miyagi/natori,32,ゆりあげ港食堂 HACHI,https://img.bokenjapan.com/media/natori-dining-4023409.jpg,https://img.bokenjapan.com/media/natori-dining-4022379.jpg,matched own listing photo
miyagi/natori,33,甘仙堂 名取工場直営店,https://img.bokenjapan.com/media/natori-dining-4002692.jpg,https://img.bokenjapan.com/media/natori-dining-4023409.jpg,matched own listing photo
miyagi/natori,34,ひかり屋 イオンモール名取店,https://img.bokenjapan.com/media/natori-dining-4013990.jpg,https://img.bokenjapan.com/media/natori-dining-4002692.jpg,matched own listing photo
miyagi/natori,35,閖上浜のまかない処 浜や食堂,https://img.bokenjapan.com/media/natori-dining-4022638.jpg,https://img.bokenjapan.com/media/natori-dining-4013990.jpg,matched own listing photo
miyagi/natori,36,カフェマルタ,https://img.bokenjapan.com/media/natori-dining-4023523.jpg,https://img.bokenjapan.com/media/natori-dining-4022638.jpg,matched own listing photo
miyagi/natori,37,寿司処鮨金,https://img.bokenjapan.com/media/natori-dining-4004701.jpg,https://img.bokenjapan.com/media/natori-dining-4023523.jpg,matched own listing photo
miyagi/natori,38,ラーメン　天狗山 名取店,https://img.bokenjapan.com/media/natori-dining-4003091.jpg,,photo belonged to another card; no own photo found
miyagi/natori,39,サンドイッチ工房 victory cafe 名取店,https://img.bokenjapan.com/media/natori-dining-4011184.jpg,https://img.bokenjapan.com/media/natori-dining-4003091.jpg,matched own listing photo
miyagi/natori,42,そば処 丸松 空港店,https://img.bokenjapan.com/media/natori-dining-4001874.jpg,,photo belonged to another card; no own photo found
miyagi/natori,43,ずんだ茶寮 仙台空港店,https://img.bokenjapan.com/media/natori-dining-4008723.jpg,https://img.bokenjapan.com/media/natori-dining-4001874.jpg,matched own listing photo
miyagi/natori,44,カレー&糀ダイニング 空とぶぞう,https://img.bokenjapan.com/media/natori-dining-4021317.jpg,https://img.bokenjapan.com/media/natori-dining-4008723.jpg,matched own listing photo
miyagi/natori,45,麺屋 幸,https://img.bokenjapan.com/media/natori-dining-4021690.jpg,https://img.bokenjapan.com/media/natori-dining-4021317.jpg,matched own listing photo
miyagi/natori,46,ミナモ カフェ,https://img.bokenjapan.com/media/natori-dining-4021645.jpg,https://img.bokenjapan.com/media/natori-dining-4021690.jpg,matched own listing photo
miyagi/natori,47,ディッシュ,https://img.bokenjapan.com/media/natori-dining-4003425.jpg,https://img.bokenjapan.com/media/natori-dining-4021645.jpg,matched own listing photo
miyagi/natori,48,Bistro TAKU,https://img.bokenjapan.com/media/natori-dining-4014953.jpg,https://img.bokenjapan.com/media/natori-dining-4003425.jpg,matched own listing photo
miyagi/natori,49,おきたまや,https://img.bokenjapan.com/media/natori-dining-4021656.jpg,https://img.bokenjapan.com/media/natori-dining-4014953.jpg,matched own listing photo
miyagi/natori,50,ぱんや こてつ,https://img.bokenjapan.com/media/natori-dining-4024610.jpg,https://img.bokenjapan.com/media/natori-dining-4021656.jpg,matched own listing photo
miyagi/natori,51,おおがまや たこ萬,https://img.bokenjapan.com/media/natori-dining-4002048.jpg,https://img.bokenjapan.com/media/natori-dining-4024610.jpg,matched own listing photo
miyagi/natori,52,新鮮餃子王,https://img.bokenjapan.com/media/natori-dining-4002565.jpg,https://img.bokenjapan.com/media/natori-dining-4002048.jpg,matched own listing photo
miyagi/natori,53,豊華 ゆりあげ港朝市,https://img.bokenjapan.com/media/natori-dining-4018798.jpg,https://img.bokenjapan.com/media/natori-dining-4002565.jpg,matched own listing photo
miyagi/natori,54,アグリブレッド,https://img.bokenjapan.com/media/natori-dining-4021888.jpg,https://img.bokenjapan.com/media/natori-dining-4018798.jpg,matched own listing photo
miyagi/natori,55,洋食喫茶ハングリー,https://img.bokenjapan.com/media/natori-dining-4029830.jpg,https://img.bokenjapan.com/media/natori-dining-4021888.jpg,matched own listing photo
miyagi/natori,56,仙台牛タン福助 イオンモール名取店,https://img.bokenjapan.com/media/natori-dining-4018130.jpg,https://img.bokenjapan.com/media/natori-dining-4029830.jpg,matched own listing photo
miyagi/natori,57,フリゴレス 名取店,https://img.bokenjapan.com/media/natori-dining-4016561.jpg,https://img.bokenjapan.com/media/natori-dining-4018130.jpg,matched own listing photo
miyagi/natori,58,ミユキッチン,https://img.bokenjapan.com/media/natori-dining-4017312.jpg,https://img.bokenjapan.com/media/natori-dining-4016561.jpg,matched own listing photo
miyagi/natori,59,七輪炭火焼処すみ音,https://img.bokenjapan.com/media/natori-dining-4010742.jpg,https://img.bokenjapan.com/media/natori-dining-4017312.jpg,matched own listing photo
miyagi/natori,62,味の一代 イオンモール名取店,https://img.bokenjapan.com/media/natori-dining-4017928.jpg,,photo belonged to another card; no own photo found
miyagi/natori,63,カフェ・ド・ローズ,https://img.bokenjapan.com/media/natori-dining-4025333.jpg,https://img.bokenjapan.com/media/natori-dining-4017928.jpg,matched own listing photo
miyagi/natori,64,末廣寿司 分店,https://img.bokenjapan.com/media/natori-dining-4011182.jpg,https://img.bokenjapan.com/media/natori-dining-4025333.jpg,matched own listing photo
miyagi/natori,65,フラットホワイト コーヒー ファクトリー 仙台空港店,https://img.bokenjapan.com/media/natori-dining-4022401.jpg,https://img.bokenjapan.com/media/natori-dining-4011182.jpg,matched own listing photo
miyagi/natori,66,麺屋 小十郎 名取店,https://img.bokenjapan.com/media/natori-dining-4023707.jpg,https://img.bokenjapan.com/media/natori-dining-4022401.jpg,matched own listing photo
miyagi/natori,67,Laugh,https://img.bokenjapan.com/media/natori-dining-4016434.jpg,https://img.bokenjapan.com/media/natori-dining-4023707.jpg,matched own listing photo
miyagi/natori,68,仙台辛み噌 味よしラーメン イオンモール名取店,https://img.bokenjapan.com/media/natori-dining-4025952.jpg,https://img.bokenjapan.com/media/natori-dining-4016434.jpg,matched own listing photo
miyagi/natori,69,仙台空港カントリークラブ,https://img.bokenjapan.com/media/natori-dining-4014510.jpg,https://img.bokenjapan.com/media/natori-dining-4025952.jpg,matched own listing photo
miyagi/natori,70,高舘食道 水神蕎麦,https://img.bokenjapan.com/media/natori-dining-4022193.jpg,https://img.bokenjapan.com/media/natori-dining-4014510.jpg,matched own listing photo
miyagi/natori,71,閖上海鮮丼せんしん,https://img.bokenjapan.com/media/natori-dining-4025823.jpg,https://img.bokenjapan.com/media/natori-dining-4022193.jpg,matched own listing photo
miyagi/natori,72,ユニカ アジアンレストラン,https://img.bokenjapan.com/media/natori-dining-4025321.jpg,https://img.bokenjapan.com/media/natori-dining-4025823.jpg,matched own listing photo
miyagi/natori,73,山根屋,https://img.bokenjapan.com/media/natori-dining-4023427.jpg,https://img.bokenjapan.com/media/natori-dining-4025321.jpg,matched own listing photo
miyagi/natori,74,ローストステージ,https://img.bokenjapan.com/media/natori-dining-4015086.jpg,https://img.bokenjapan.com/media/natori-dining-4023427.jpg,matched own listing photo
miyagi/natori,75,MMCオーガニックカフェ 仙台空港国内線店,https://img.bokenjapan.com/media/natori-dining-4000446.jpg,https://img.bokenjapan.com/media/natori-dining-4015086.jpg,matched own listing photo
miyagi/natori,76,久留米ラーメン 三代目よかろうもん,https://img.bokenjapan.com/media/natori-dining-4020474.jpg,https://img.bokenjapan.com/media/natori-dining-4000446.jpg,matched own listing photo
miyagi/natori,77,そば処田舎,https://img.bokenjapan.com/media/natori-dining-4004362.jpg,https://img.bokenjapan.com/media/natori-dining-4020474.jpg,matched own listing photo
miyagi/natori,78,中華食堂 勝龍,https://img.bokenjapan.com/media/natori-dining-4016827.jpg,https://img.bokenjapan.com/media/natori-dining-4004362.jpg,matched own listing photo
miyagi/natori,82,ニラなんばんらーめん こうしゅう  名取西店,https://img.bokenjapan.com/media/natori-dining-4011971.jpg,,photo belonged to another card; no own photo found
miyagi/natori,83,中華麺房 東龍 名取店,https://img.bokenjapan.com/media/natori-dining-4008711.jpg,https://img.bokenjapan.com/media/natori-dining-4011971.jpg,matched own listing photo
miyagi/natori,84,町田商店 名取店,https://img.bokenjapan.com/media/natori-dining-4023127.jpg,https://img.bokenjapan.com/media/natori-dining-4008711.jpg,matched own listing photo
miyagi/natori,85,第3倉庫 el camino,https://img.bokenjapan.com/media/natori-dining-4024990.jpg,https://img.bokenjapan.com/media/natori-dining-4023127.jpg,matched own listing photo
miyagi/natori,86,クロワッサン屋サクサク,https://img.bokenjapan.com/media/natori-dining-4027322.jpg,https://img.bokenjapan.com/media/natori-dining-4024990.jpg,matched own listing photo
miyagi/natori,87,ジェラテリア ナチュリノ＋（プロデュース）旅する おやつ製作所 めぐりの,https://img.bokenjapan.com/media/natori-dining-4029503.jpg,https://img.bokenjapan.com/media/natori-dining-4027322.jpg,matched own listing photo
miyagi/natori,88,カフェテラス ソラ,https://img.bokenjapan.com/media/natori-dining-4019149.jpg,https://img.bokenjapan.com/media/natori-dining-4029503.jpg,matched own listing photo
miyagi/natori,89,ゆりあげ港朝市,https://img.bokenjapan.com/media/natori-dining-4020183.jpg,,photo belonged to another card; no own photo found
miyagi/natori,90,Gyu-29,https://img.bokenjapan.com/media/natori-dining-4023257.jpg,https://img.bokenjapan.com/media/natori-dining-4020183.jpg,matched own listing photo
miyagi/natori,91,果実工房 果琳 イオンモール名取店,https://img.bokenjapan.com/media/natori-dining-4023772.jpg,https://img.bokenjapan.com/media/natori-dining-4023257.jpg,matched own listing photo
miyagi/natori,92,ホワイトギョーザ サガノ家,https://img.bokenjapan.com/media/natori-dining-4000143.jpg,https://img.bokenjapan.com/media/natori-dining-4023772.jpg,matched own listing photo
miyagi/natori,93,すーぷかりー伊藤市郎商店 名取店,https://img.bokenjapan.com/media/natori-dining-4029832.jpg,https://img.bokenjapan.com/media/natori-dining-4000143.jpg,matched own listing photo
miyagi/natori,94,木乃幡・別品館,https://img.bokenjapan.com/media/natori-dining-4022499.jpg,https://img.bokenjapan.com/media/natori-dining-4029832.jpg,matched own listing photo
miyagi/natori,95,やなぎ,https://img.bokenjapan.com/media/natori-dining-4005892.jpg,https://img.bokenjapan.com/media/natori-dining-4022499.jpg,matched own listing photo
miyagi/natori,96,田よし 名取店,https://img.bokenjapan.com/media/natori-dining-4007475.jpg,https://img.bokenjapan.com/media/natori-dining-4005892.jpg,matched own listing photo
miyagi/natori,97,ばーすでい 名取本店,https://img.bokenjapan.com/media/natori-dining-4014529.jpg,https://img.bokenjapan.com/media/natori-dining-4007475.jpg,matched own listing photo
miyagi/natori,98,ビジネスラウンジ East side,https://img.bokenjapan.com/media/natori-dining-4012381.jpg,https://img.bokenjapan.com/media/natori-dining-4014529.jpg,matched own listing photo
miyagi/natori,101,MINAMO GELATO,https://img.bokenjapan.com/media/natori-dining-4025587.jpg,,photo belonged to another card; no own photo found
miyagi/natori,102,五郎八,https://img.bokenjapan.com/media/natori-dining-4026052.jpg,https://img.bokenjapan.com/media/natori-dining-4025587.jpg,matched own listing photo
miyagi/natori,103,U-cafe 美田園店,https://img.bokenjapan.com/media/natori-dining-4029123.jpg,https://img.bokenjapan.com/media/natori-dining-4026052.jpg,matched own listing photo
miyagi/natori,104,牛たん炭焼 利久 岩沼店,https://img.bokenjapan.com/media/natori-dining-4012167.jpg,https://img.bokenjapan.com/media/natori-dining-4029123.jpg,matched own listing photo
miyagi/natori,105,牛たん炭焼き 利久 名取店,https://img.bokenjapan.com/media/natori-dining-4001489.jpg,https://img.bokenjapan.com/media/natori-dining-4012167.jpg,matched own listing photo
miyagi/natori,106,アルパジョン ４号線岩沼店,https://img.bokenjapan.com/media/natori-dining-4011360.jpg,https://img.bokenjapan.com/media/natori-dining-4001489.jpg,matched own listing photo
miyagi/natori,107,ANAラウンジ 仙台空港,https://img.bokenjapan.com/media/natori-dining-4013673.jpg,https://img.bokenjapan.com/media/natori-dining-4011360.jpg,matched own listing photo
miyagi/natori,108,浜むすび かわまちてらす閖上店,https://img.bokenjapan.com/media/natori-dining-4024700.jpg,https://img.bokenjapan.com/media/natori-dining-4013673.jpg,matched own listing photo
miyagi/natori,109,中華そば 杏林,https://img.bokenjapan.com/media/natori-dining-4026288.jpg,https://img.bokenjapan.com/media/natori-dining-4024700.jpg,matched own listing photo
miyagi/natori,110,コーヒー＆セッション パブロ,https://img.bokenjapan.com/media/natori-dining-4020105.jpg,https://img.bokenjapan.com/media/natori-dining-4026288.jpg,matched own listing photo
miyagi/natori,111,朝市食堂 ひふみ,https://img.bokenjapan.com/media/natori-dining-4024066.jpg,https://img.bokenjapan.com/media/natori-dining-4020105.jpg,matched own listing photo
miyagi/natori,112,GORKHALI,https://img.bokenjapan.com/media/natori-dining-4029210.jpg,https://img.bokenjapan.com/media/natori-dining-4024066.jpg,matched own listing photo
miyagi/natori,113,長尾中華そば 仙台名取店,https://img.bokenjapan.com/media/natori-dining-4021102.jpg,https://img.bokenjapan.com/media/natori-dining-4029210.jpg,matched own listing photo
miyagi/natori,114,らぁめん鰹の本気 名取店,https://img.bokenjapan.com/media/natori-dining-4002312.jpg,https://img.bokenjapan.com/media/natori-dining-4021102.jpg,matched own listing photo
miyagi/natori,115,海鮮亭,https://img.bokenjapan.com/media/natori-dining-4026050.jpg,https://img.bokenjapan.com/media/natori-dining-4002312.jpg,matched own listing photo
miyagi/natori,116,こうしゅう 名取店,https://img.bokenjapan.com/media/natori-dining-4000296.jpg,https://img.bokenjapan.com/media/natori-dining-4026050.jpg,matched own listing photo
miyagi/natori,117,味よし　 名取店,https://img.bokenjapan.com/media/natori-dining-4002739.jpg,https://img.bokenjapan.com/media/natori-dining-4000296.jpg,matched own listing photo
miyagi/natori,118,わらべ 名取店,https://img.bokenjapan.com/media/natori-dining-4014749.jpg,https://img.bokenjapan.com/media/natori-dining-4002739.jpg,matched own listing photo
miyagi/natori,121,3007 Piu,https://img.bokenjapan.com/media/natori-dining-4029169.jpg,,photo belonged to another card; no own photo found
miyagi/natori,122,考えた人すごいわ ブレッドパーク名取店,https://img.bokenjapan.com/media/natori-dining-4023185.jpg,https://img.bokenjapan.com/media/natori-dining-4029169.jpg,matched own listing photo
miyagi/natori,123,プロント 仙台国際空港店,https://img.bokenjapan.com/media/natori-dining-4018881.jpg,https://img.bokenjapan.com/media/natori-dining-4023185.jpg,matched own listing photo
miyagi/natori,124,梵天食堂 名取店,https://img.bokenjapan.com/media/natori-dining-4002456.jpg,https://img.bokenjapan.com/media/natori-dining-4018881.jpg,matched own listing photo
miyagi/natori,125,萩,https://img.bokenjapan.com/media/natori-dining-4014309.jpg,https://img.bokenjapan.com/media/natori-dining-4002456.jpg,matched own listing photo
miyagi/natori,126,ANAフェスタ 仙台ゲート店,https://img.bokenjapan.com/media/natori-dining-4013659.jpg,https://img.bokenjapan.com/media/natori-dining-4014309.jpg,matched own listing photo
miyagi/natori,127,和食飛賀屋,https://img.bokenjapan.com/media/natori-dining-4017453.jpg,https://img.bokenjapan.com/media/natori-dining-4013659.jpg,matched own listing photo
miyagi/natori,128,たこすけ,https://img.bokenjapan.com/media/natori-dining-4021659.jpg,https://img.bokenjapan.com/media/natori-dining-4017453.jpg,matched own listing photo
miyagi/natori,129,そば処 太陽,https://img.bokenjapan.com/media/natori-dining-4015550.jpg,https://img.bokenjapan.com/media/natori-dining-4021659.jpg,matched own listing photo
miyagi/natori,130,サクララウンジ 仙台空港,https://img.bokenjapan.com/media/natori-dining-4013781.jpg,https://img.bokenjapan.com/media/natori-dining-4015550.jpg,matched own listing photo
miyagi/natori,131,Monsieur Masuno ARPAJON 名取箱塚店,https://img.bokenjapan.com/media/natori-dining-4026756.jpg,https://img.bokenjapan.com/media/natori-dining-4013781.jpg,matched own listing photo
miyagi/natori,132,台湾料理 太陽府,https://img.bokenjapan.com/media/natori-dining-4024890.jpg,https://img.bokenjapan.com/media/natori-dining-4026756.jpg,matched own listing photo
miyagi/natori,133,ゆり唐あげ トビウメ,https://img.bokenjapan.com/media/natori-dining-4021657.jpg,https://img.bokenjapan.com/media/natori-dining-4024890.jpg,matched own listing photo
miyagi/natori,134,あかぼし,https://img.bokenjapan.com/media/natori-dining-4027449.jpg,https://img.bokenjapan.com/media/natori-dining-4021657.jpg,matched own listing photo
miyagi/natori,135,仙台カントリー倶楽部 名取コース,https://img.bokenjapan.com/media/natori-dining-4017829.jpg,https://img.bokenjapan.com/media/natori-dining-4027449.jpg,matched own listing photo
miyagi/natori,136,Coffee 焙煎所 Leka,https://img.bokenjapan.com/media/natori-dining-4028516.jpg,https://img.bokenjapan.com/media/natori-dining-4017829.jpg,matched own listing photo
miyagi/natori,137,ベーグル マルコ,https://img.bokenjapan.com/media/natori-dining-4022250.jpg,https://img.bokenjapan.com/media/natori-dining-4028516.jpg,matched own listing photo
miyagi/natori,138,たこやき極秘製造基地,https://img.bokenjapan.com/media/natori-dining-4025335.jpg,https://img.bokenjapan.com/media/natori-dining-4022250.jpg,matched own listing photo
miyagi/natori,141,MOUNTAIN CAFE,https://img.bokenjapan.com/media/natori-dining-4028330.jpg,,photo belonged to another card; no own photo found
miyagi/natori,142,BakeShop HARU,https://img.bokenjapan.com/media/natori-dining-4028398.jpg,https://img.bokenjapan.com/media/natori-dining-4028330.jpg,matched own listing photo
miyagi/natori,143,紅虎餃子房 イオンモール名取店,https://img.bokenjapan.com/media/natori-dining-4001755.jpg,https://img.bokenjapan.com/media/natori-dining-4028398.jpg,matched own listing photo
miyagi/natori,144,喜久水庵 仙台空港店,https://img.bokenjapan.com/media/natori-dining-4012634.jpg,https://img.bokenjapan.com/media/natori-dining-4001755.jpg,matched own listing photo
miyagi/natori,145,びっくりドンキー 名取店,https://img.bokenjapan.com/media/natori-dining-4003450.jpg,https://img.bokenjapan.com/media/natori-dining-4012634.jpg,matched own listing photo
miyagi/natori,146,スターバックス・コーヒー イオンモール名取2階店,https://img.bokenjapan.com/media/natori-dining-4001210.jpg,https://img.bokenjapan.com/media/natori-dining-4003450.jpg,matched own listing photo
miyagi/natori,147,R Baker 名取店,https://img.bokenjapan.com/media/natori-dining-4025001.jpg,https://img.bokenjapan.com/media/natori-dining-4001210.jpg,matched own listing photo
miyagi/natori,148,スカイショップ ぶーめらん,https://img.bokenjapan.com/media/natori-dining-4013740.jpg,https://img.bokenjapan.com/media/natori-dining-4025001.jpg,matched own listing photo
miyagi/natori,149,麺処 海日和,https://img.bokenjapan.com/media/natori-dining-4027016.jpg,https://img.bokenjapan.com/media/natori-dining-4013740.jpg,matched own listing photo
miyagi/natori,150,ラーメン大連,https://img.bokenjapan.com/media/natori-dining-4004193.jpg,https://img.bokenjapan.com/media/natori-dining-4027016.jpg,matched own listing photo
miyagi/natori,151,フーズガーデンゆりあげ 食彩館,https://img.bokenjapan.com/media/natori-dining-4023194.jpg,https://img.bokenjapan.com/media/natori-dining-4004193.jpg,matched own listing photo
miyagi/natori,152,ウロコ水産,https://img.bokenjapan.com/media/natori-dining-4021256.jpg,https://img.bokenjapan.com/media/natori-dining-4023194.jpg,matched own listing photo
miyagi/natori,153,kitchen 比呂,https://img.bokenjapan.com/media/natori-dining-4018455.jpg,https://img.bokenjapan.com/media/natori-dining-4021256.jpg,matched own listing photo
miyagi/natori,154,温野菜 ごはんがおいしいスープ食堂 イオンモール名取店,https://img.bokenjapan.com/media/natori-dining-4029127.jpg,https://img.bokenjapan.com/media/natori-dining-4018455.jpg,matched own listing photo
miyagi/natori,155,MMC ORGANIC CAFE 仙台空港国際線店,https://img.bokenjapan.com/media/natori-dining-4007031.jpg,https://img.bokenjapan.com/media/natori-dining-4029127.jpg,matched own listing photo
miyagi/natori,156,カフェ スマイル,https://img.bokenjapan.com/media/natori-dining-4017726.jpg,https://img.bokenjapan.com/media/natori-dining-4007031.jpg,matched own listing photo
miyagi/natori,157,スズタケ 閖上港朝市,https://img.bokenjapan.com/media/natori-dining-4018120.jpg,https://img.bokenjapan.com/media/natori-dining-4017726.jpg,matched own listing photo
miyagi/natori,158,食堂 七福,https://img.bokenjapan.com/media/natori-dining-4026954.jpg,https://img.bokenjapan.com/media/natori-dining-4018120.jpg,matched own listing photo
miyagi/natori,161,ゆで太郎 名取バイパス店,https://img.bokenjapan.com/media/natori-dining-4014392.jpg,,photo belonged to another card; no own photo found
miyagi/natori,162,炭焼ステーキ くに 名取店,https://img.bokenjapan.com/media/natori-dining-4001756.jpg,https://img.bokenjapan.com/media/natori-dining-4014392.jpg,matched own listing photo
miyagi/natori,163,丸亀製麺 イオンモール名取店,https://img.bokenjapan.com/media/natori-dining-4001436.jpg,https://img.bokenjapan.com/media/natori-dining-4001756.jpg,matched own listing photo
miyagi/natori,164,スターバックスコーヒー 名取増田店,https://img.bokenjapan.com/media/natori-dining-4026136.jpg,https://img.bokenjapan.com/media/natori-dining-4001436.jpg,matched own listing photo
miyagi/natori,165,ピエトロ イオンモール名取店,https://img.bokenjapan.com/media/natori-dining-4028909.jpg,https://img.bokenjapan.com/media/natori-dining-4026136.jpg,matched own listing photo
miyagi/natori,166,野菜畑マルシェ かわまちてらす閖上店,https://img.bokenjapan.com/media/natori-dining-4021665.jpg,https://img.bokenjapan.com/media/natori-dining-4028909.jpg,matched own listing photo
miyagi/natori,167,油そば はてな 名取店,https://img.bokenjapan.com/media/natori-dining-4029655.jpg,https://img.bokenjapan.com/media/natori-dining-4021665.jpg,matched own listing photo
miyagi/natori,168,守屋寿司,https://img.bokenjapan.com/media/natori-dining-4004684.jpg,https://img.bokenjapan.com/media/natori-dining-4029655.jpg,matched own listing photo
miyagi/natori,169,餃子王 メイプル館内店,https://img.bokenjapan.com/media/natori-dining-4022751.jpg,https://img.bokenjapan.com/media/natori-dining-4004684.jpg,matched own listing photo
miyagi/natori,170,ケロケロの杜,https://img.bokenjapan.com/media/natori-dining-4027920.jpg,https://img.bokenjapan.com/media/natori-dining-4022751.jpg,matched own listing photo
miyagi/natori,171,BAYFLOW cafe イオンモール名取,https://img.bokenjapan.com/media/natori-dining-4021604.jpg,https://img.bokenjapan.com/media/natori-dining-4027920.jpg,matched own listing photo
miyagi/natori,172,香蘭,https://img.bokenjapan.com/media/natori-dining-4003769.jpg,https://img.bokenjapan.com/media/natori-dining-4021604.jpg,matched own listing photo
miyagi/natori,173,salon de cafe anne,https://img.bokenjapan.com/media/natori-dining-4008858.jpg,https://img.bokenjapan.com/media/natori-dining-4003769.jpg,matched own listing photo
miyagi/natori,174,まるしげ ゆりあげ港朝市店,https://img.bokenjapan.com/media/natori-dining-4021752.jpg,https://img.bokenjapan.com/media/natori-dining-4008858.jpg,matched own listing photo
miyagi/natori,175,海の遊や,https://img.bokenjapan.com/media/natori-dining-4023334.jpg,https://img.bokenjapan.com/media/natori-dining-4021752.jpg,matched own listing photo
miyagi/natori,176,ともスズタケ,https://img.bokenjapan.com/media/natori-dining-4027873.jpg,https://img.bokenjapan.com/media/natori-dining-4023334.jpg,matched own listing photo
miyagi/natori,177,MIGAKI FARM SHOP&CAFE 閖上店,https://img.bokenjapan.com/media/natori-dining-4029178.jpg,https://img.bokenjapan.com/media/natori-dining-4027873.jpg,matched own listing photo
miyagi/natori,178,mellowDay COFFEE,https://img.bokenjapan.com/media/natori-dining-4024360.jpg,https://img.bokenjapan.com/media/natori-dining-4029178.jpg,matched own listing photo
miyagi/natori,181,肉のいとう イオン名取店,https://img.bokenjapan.com/media/natori-dining-4028161.jpg,,photo belonged to another card; no own photo found
miyagi/natori,182,食樂体験型呑み喰い処 うま⭐︎ほど 美田園店,https://img.bokenjapan.com/media/natori-dining-4029126.jpg,https://img.bokenjapan.com/media/natori-dining-4028161.jpg,matched own listing photo
miyagi/natori,183,食品館イトー 名取店,https://img.bokenjapan.com/media/natori-dining-4027748.jpg,https://img.bokenjapan.com/media/natori-dining-4029126.jpg,matched own listing photo
miyagi/natori,184,ラーメン魁力屋 仙台南店,https://img.bokenjapan.com/media/natori-dining-4012610.jpg,https://img.bokenjapan.com/media/natori-dining-4027748.jpg,matched own listing photo
miyagi/natori,185,五穀 名取店,https://img.bokenjapan.com/media/natori-dining-4001760.jpg,https://img.bokenjapan.com/media/natori-dining-4012610.jpg,matched own listing photo
miyagi/natori,186,リンガーハット イオンモール名取店,https://img.bokenjapan.com/media/natori-dining-4010330.jpg,https://img.bokenjapan.com/media/natori-dining-4001760.jpg,matched own listing photo
miyagi/natori,187,パンセ 名取本店,https://img.bokenjapan.com/media/natori-dining-4017912.jpg,https://img.bokenjapan.com/media/natori-dining-4010330.jpg,matched own listing photo
miyagi/natori,188,グランブッフェ イオンモール名取,https://img.bokenjapan.com/media/natori-dining-4001759.jpg,https://img.bokenjapan.com/media/natori-dining-4017912.jpg,matched own listing photo
miyagi/natori,189,バケット イオンモール名取店,https://img.bokenjapan.com/media/natori-dining-4012131.jpg,https://img.bokenjapan.com/media/natori-dining-4001759.jpg,matched own listing photo
miyagi/natori,190,かつや 名取店,https://img.bokenjapan.com/media/natori-dining-4011965.jpg,https://img.bokenjapan.com/media/natori-dining-4012131.jpg,matched own listing photo
miyagi/natori,191,ジョリーパスタ 名取杜せきのした店,https://img.bokenjapan.com/media/natori-dining-4023055.jpg,https://img.bokenjapan.com/media/natori-dining-4011965.jpg,matched own listing photo
miyagi/natori,192,ジョイフル 名取バイパス店,https://img.bokenjapan.com/media/natori-dining-4013353.jpg,,photo belonged to another card; no own photo found
miyagi/natori,193,丸亀製麵 名取店,https://img.bokenjapan.com/media/natori-dining-4026561.jpg,https://img.bokenjapan.com/media/natori-dining-4013353.jpg,matched own listing photo
miyagi/natori,194,牛タンスタンド 閖上本店,https://img.bokenjapan.com/media/natori-dining-4027735.jpg,https://img.bokenjapan.com/media/natori-dining-4026561.jpg,matched own listing photo
miyagi/natori,195,らーめん 蔵,https://img.bokenjapan.com/media/natori-dining-4029255.jpg,,photo belonged to another card; no own photo found
miyagi/natori,196,MENPIRE 壮,https://img.bokenjapan.com/media/natori-dining-4029352.jpg,https://img.bokenjapan.com/media/natori-dining-4029255.jpg,matched own listing photo
miyagi/natori,197,カネチャンラーメン,https://img.bokenjapan.com/media/natori-dining-4004198.jpg,https://img.bokenjapan.com/media/natori-dining-4029352.jpg,matched own listing photo
miyagi/natori,200,仙台食○,https://img.bokenjapan.com/media/natori-dining-4023782.jpg,,photo belonged to another card; no own photo found
miyagi/natori,201,みぃとぼぉる,https://img.bokenjapan.com/media/natori-dining-4012494.jpg,https://img.bokenjapan.com/media/natori-dining-4023782.jpg,matched own listing photo
miyagi/natori,202,スーパーホテル 仙台空港インター,https://img.bokenjapan.com/media/natori-dining-4026010.jpg,https://img.bokenjapan.com/media/natori-dining-4012494.jpg,matched own listing photo
miyagi/natori,203,魚匠 鈴栄,https://img.bokenjapan.com/media/natori-dining-4022157.jpg,https://img.bokenjapan.com/media/natori-dining-4026010.jpg,matched own listing photo
miyagi/natori,204,森昭 ゆりあげ港朝市店,https://img.bokenjapan.com/media/natori-dining-4023615.jpg,https://img.bokenjapan.com/media/natori-dining-4022157.jpg,matched own listing photo
miyagi/natori,205,NISHIKIYA KITCHEN 仙台国際空港店,https://img.bokenjapan.com/media/natori-dining-4025998.jpg,https://img.bokenjapan.com/media/natori-dining-4023615.jpg,matched own listing photo
miyagi/natori,206,イオンスタイル 名取,https://img.bokenjapan.com/media/natori-dining-4016358.jpg,https://img.bokenjapan.com/media/natori-dining-4025998.jpg,matched own listing photo
miyagi/natori,207,旬鮮酒場 なとり,https://img.bokenjapan.com/media/natori-dining-4026042.jpg,https://img.bokenjapan.com/media/natori-dining-4016358.jpg,matched own listing photo
miyagi/natori,208,ゆりが丘リージェントハウス,https://img.bokenjapan.com/media/natori-dining-4012245.jpg,https://img.bokenjapan.com/media/natori-dining-4026042.jpg,matched own listing photo
miyagi/natori,209,スーパーホテル 美田園・仙台エアポート,https://img.bokenjapan.com/media/natori-dining-4025843.jpg,https://img.bokenjapan.com/media/natori-dining-4012245.jpg,matched own listing photo
miyagi/natori,210,アイザワミート ゆりあげ港朝市店,https://img.bokenjapan.com/media/natori-dining-4022709.jpg,https://img.bokenjapan.com/media/natori-dining-4025843.jpg,matched own listing photo
miyagi/natori,211,ダイトク,https://img.bokenjapan.com/media/natori-dining-4022748.jpg,https://img.bokenjapan.com/media/natori-dining-4022709.jpg,matched own listing photo
miyagi/natori,212,フレスコキクチ 名取増田店,https://img.bokenjapan.com/media/natori-dining-4025077.jpg,https://img.bokenjapan.com/media/natori-dining-4022748.jpg,matched own listing photo
miyagi/natori,213,森の芽ぶきたまご舎 イオンモール名取店,https://img.bokenjapan.com/media/natori-dining-4017748.jpg,https://img.bokenjapan.com/media/natori-dining-4025077.jpg,matched own listing photo
miyagi/natori,214,イオンシネマ 名取,https://img.bokenjapan.com/media/natori-dining-4017910.jpg,https://img.bokenjapan.com/media/natori-dining-4017748.jpg,matched own listing photo
miyagi/natori,215,ラ・リュン,https://img.bokenjapan.com/media/natori-dining-4010633.jpg,https://img.bokenjapan.com/media/natori-dining-4017910.jpg,matched own listing photo
miyagi/natori,216,チャウタリー アジアンレストラン,https://img.bokenjapan.com/media/natori-dining-4028507.jpg,https://img.bokenjapan.com/media/natori-dining-4010633.jpg,matched own listing photo
miyagi/natori,217,どっとや jiji,https://img.bokenjapan.com/media/natori-dining-4028439.jpg,https://img.bokenjapan.com/media/natori-dining-4028507.jpg,matched own listing photo
miyagi/natori,220,ARC STAND,https://img.bokenjapan.com/media/natori-dining-4029111.jpg,,photo belonged to another card; no own photo found
miyagi/natori,221,らーめん堂仙台っ子 名取店,https://img.bokenjapan.com/media/natori-dining-4009821.jpg,https://img.bokenjapan.com/media/natori-dining-4029111.jpg,matched own listing photo
miyagi/natori,222,上島珈琲店 イオンモール名取店,https://img.bokenjapan.com/media/natori-dining-4014706.jpg,https://img.bokenjapan.com/media/natori-dining-4009821.jpg,matched own listing photo
miyagi/natori,223,しゃぶ菜 イオンモール名取店,https://img.bokenjapan.com/media/natori-dining-4001663.jpg,https://img.bokenjapan.com/media/natori-dining-4014706.jpg,matched own listing photo
miyagi/natori,224,ゆず庵 名取店,https://img.bokenjapan.com/media/natori-dining-4017165.jpg,https://img.bokenjapan.com/media/natori-dining-4001663.jpg,matched own listing photo
miyagi/natori,225,やよい軒 名取増田店,https://img.bokenjapan.com/media/natori-dining-4020645.jpg,https://img.bokenjapan.com/media/natori-dining-4017165.jpg,matched own listing photo
miyagi/natori,226,新宿さぼてん イオンモール名取店,https://img.bokenjapan.com/media/natori-dining-4001752.jpg,https://img.bokenjapan.com/media/natori-dining-4020645.jpg,matched own listing photo
miyagi/natori,227,珈琲所 コメダ珈琲店 イオンモール名取店,https://img.bokenjapan.com/media/natori-dining-4021582.jpg,https://img.bokenjapan.com/media/natori-dining-4001752.jpg,matched own listing photo
miyagi/natori,228,焼肉冷麺やまなか家 名取店,https://img.bokenjapan.com/media/natori-dining-4000140.jpg,https://img.bokenjapan.com/media/natori-dining-4021582.jpg,matched own listing photo
miyagi/natori,229,菓匠三全 イオンモール名取店,https://img.bokenjapan.com/media/natori-dining-4014298.jpg,https://img.bokenjapan.com/media/natori-dining-4000140.jpg,matched own listing photo
miyagi/natori,230,喜久水庵 ナゴミ,https://img.bokenjapan.com/media/natori-dining-4014455.jpg,https://img.bokenjapan.com/media/natori-dining-4014298.jpg,matched own listing photo
miyagi/natori,231,かっぱ寿司 名取店,https://img.bokenjapan.com/media/natori-dining-4011724.jpg,https://img.bokenjapan.com/media/natori-dining-4014455.jpg,matched own listing photo
miyagi/natori,232,ガスト 名取田高店,https://img.bokenjapan.com/media/natori-dining-4016605.jpg,https://img.bokenjapan.com/media/natori-dining-4011724.jpg,matched own listing photo
miyagi/natori,233,ハート ブレッド アンティーク,https://img.bokenjapan.com/media/natori-dining-4021616.jpg,https://img.bokenjapan.com/media/natori-dining-4016605.jpg,matched own listing photo
miyagi/natori,234,焼肉きんぐ 名取店,https://img.bokenjapan.com/media/natori-dining-4003441.jpg,https://img.bokenjapan.com/media/natori-dining-4021616.jpg,matched own listing photo
miyagi/natori,235,吉野家 ４号線名取店,https://img.bokenjapan.com/media/natori-dining-4007428.jpg,https://img.bokenjapan.com/media/natori-dining-4003441.jpg,matched own listing photo
miyagi/natori,236,牛角焼肉食堂 イオンモール名取店,https://img.bokenjapan.com/media/natori-dining-4025838.jpg,https://img.bokenjapan.com/media/natori-dining-4007428.jpg,matched own listing photo
miyagi/natori,237,はま寿司 名取杜せきのした店,https://img.bokenjapan.com/media/natori-dining-4015532.jpg,https://img.bokenjapan.com/media/natori-dining-4025838.jpg,matched own listing photo
miyagi/natori,240,コナズ珈琲 名取店,https://img.bokenjapan.com/media/natori-dining-4029926.jpg,,photo belonged to another card; no own photo found
miyagi/natori,241,魚べい 名取店,https://img.bokenjapan.com/media/natori-dining-4026164.jpg,https://img.bokenjapan.com/media/natori-dining-4029926.jpg,matched own listing photo
miyagi/natori,242,三代目網元 魚鮮水産 名取杜せきのした店,https://img.bokenjapan.com/media/natori-dining-4016493.jpg,https://img.bokenjapan.com/media/natori-dining-4026164.jpg,matched own listing photo
miyagi/natori,243,マクドナルド イオンモール名取店,https://img.bokenjapan.com/media/natori-dining-4009266.jpg,https://img.bokenjapan.com/media/natori-dining-4016493.jpg,matched own listing photo
miyagi/natori,244,自家製麺 七だし,https://img.bokenjapan.com/media/natori-dining-4030273.jpg,https://img.bokenjapan.com/media/natori-dining-4009266.jpg,matched own listing photo
miyagi/natori,245,Rainbow cafe 名取店,https://img.bokenjapan.com/media/natori-dining-4024905.jpg,https://img.bokenjapan.com/media/natori-dining-4030273.jpg,matched own listing photo
miyagi/natori,246,陣中 牛タンスタンド 閖上店,https://img.bokenjapan.com/media/natori-dining-4026018.jpg,https://img.bokenjapan.com/media/natori-dining-4024905.jpg,matched own listing photo
miyagi/natori,247,築地食堂 源ちゃん イオンモール名取店,https://img.bokenjapan.com/media/natori-dining-4028541.jpg,https://img.bokenjapan.com/media/natori-dining-4026018.jpg,matched own listing photo
miyagi/natori,248,みうらや ゆりあげ港朝市店,https://img.bokenjapan.com/media/natori-dining-4023336.jpg,https://img.bokenjapan.com/media/natori-dining-4028541.jpg,matched own listing photo
miyagi/natori,249,佐々木酒造店,https://img.bokenjapan.com/media/natori-dining-4023492.jpg,https://img.bokenjapan.com/media/natori-dining-4023336.jpg,matched own listing photo
miyagi/natori,250,高玉,https://img.bokenjapan.com/media/natori-dining-4007268.jpg,https://img.bokenjapan.com/media/natori-dining-4023492.jpg,matched own listing photo
miyagi/natori,251,ミニストップ 仙台南インター店,https://img.bokenjapan.com/media/natori-dining-4014216.jpg,https://img.bokenjapan.com/media/natori-dining-4007268.jpg,matched own listing photo
miyagi/natori,252,チャイナ,https://img.bokenjapan.com/media/natori-dining-4003767.jpg,https://img.bokenjapan.com/media/natori-dining-4014216.jpg,matched own listing photo
miyagi/natori,253,鮮魚とみ田,https://img.bokenjapan.com/media/natori-dining-4021753.jpg,https://img.bokenjapan.com/media/natori-dining-4003767.jpg,matched own listing photo
miyagi/natori,254,あおい屋,https://img.bokenjapan.com/media/natori-dining-4022641.jpg,https://img.bokenjapan.com/media/natori-dining-4021753.jpg,matched own listing photo
miyagi/natori,255,ラ・フレーズ,https://img.bokenjapan.com/media/natori-dining-4025118.jpg,https://img.bokenjapan.com/media/natori-dining-4022641.jpg,matched own listing photo
miyagi/natori,256,せき亭 ゆりあげ店,https://img.bokenjapan.com/media/natori-dining-4026551.jpg,https://img.bokenjapan.com/media/natori-dining-4025118.jpg,matched own listing photo
miyagi/natori,257,佐々直 かわまちてらす店,https://img.bokenjapan.com/media/natori-dining-4026391.jpg,https://img.bokenjapan.com/media/natori-dining-4026551.jpg,matched own listing photo
miyagi/natori,260,大森食堂,https://img.bokenjapan.com/media/natori-dining-4015381.jpg,,photo belonged to another card; no own photo found
miyagi/natori,261,百味屋,https://img.bokenjapan.com/media/natori-dining-4027216.jpg,https://img.bokenjapan.com/media/natori-dining-4015381.jpg,matched own listing photo
miyagi/natori,262,細野與治兵衛商店,https://img.bokenjapan.com/media/natori-dining-4025847.jpg,https://img.bokenjapan.com/media/natori-dining-4027216.jpg,matched own listing photo
miyagi/natori,263,ひより,https://img.bokenjapan.com/media/natori-dining-4025177.jpg,https://img.bokenjapan.com/media/natori-dining-4025847.jpg,matched own listing photo
miyagi/natori,264,からあげ 伊達や,https://img.bokenjapan.com/media/natori-dining-4029234.jpg,https://img.bokenjapan.com/media/natori-dining-4025177.jpg,matched own listing photo
miyagi/natori,265,菅井農園,https://img.bokenjapan.com/media/natori-dining-4025848.jpg,https://img.bokenjapan.com/media/natori-dining-4029234.jpg,matched own listing photo
miyagi/natori,266,山野荘,https://img.bokenjapan.com/media/natori-dining-4026051.jpg,https://img.bokenjapan.com/media/natori-dining-4025848.jpg,matched own listing photo
miyagi/natori,267,カルディコーヒーファーム イオンモール名取店,https://img.bokenjapan.com/media/natori-dining-4029023.jpg,,photo belonged to another card; no own photo found
miyagi/natori,268,喫茶マルネロ,https://img.bokenjapan.com/media/natori-dining-4029863.jpg,https://img.bokenjapan.com/media/natori-dining-4029023.jpg,matched own listing photo
miyagi/natori,269,新潟らーめん 無尽蔵 味噌と出汁 なとり家,https://img.bokenjapan.com/media/natori-dining-4001758.jpg,https://img.bokenjapan.com/media/natori-dining-4029863.jpg,matched own listing photo
miyagi/natori,270,無添 くら寿司 名取店,https://img.bokenjapan.com/media/natori-dining-4016658.jpg,https://img.bokenjapan.com/media/natori-dining-4001758.jpg,matched own listing photo
miyagi/natori,271,モスバーガー 名取パーク店,https://img.bokenjapan.com/media/natori-dining-4011573.jpg,https://img.bokenjapan.com/media/natori-dining-4016658.jpg,matched own listing photo
miyagi/natori,272,旬屋 スーパー銭湯極楽湯名取店,https://img.bokenjapan.com/media/natori-dining-4015122.jpg,https://img.bokenjapan.com/media/natori-dining-4011573.jpg,matched own listing photo
miyagi/natori,273,カンテボーレ 新名取,https://img.bokenjapan.com/media/natori-dining-4010813.jpg,https://img.bokenjapan.com/media/natori-dining-4015122.jpg,matched own listing photo
miyagi/natori,274,ドトールコーヒーショップ イオンモール名取店,https://img.bokenjapan.com/media/natori-dining-4011481.jpg,https://img.bokenjapan.com/media/natori-dining-4010813.jpg,matched own listing photo
miyagi/natori,275,サイゼリヤ アクロスプラザ杜せきのした店,https://img.bokenjapan.com/media/natori-dining-4011196.jpg,https://img.bokenjapan.com/media/natori-dining-4011481.jpg,matched own listing photo
miyagi/natori,276,ミスタードーナツ イオンモール名取ショップ,https://img.bokenjapan.com/media/natori-dining-4011292.jpg,https://img.bokenjapan.com/media/natori-dining-4011196.jpg,matched own listing photo
miyagi/natori,279,マクドナルド 4号線岩沼店,https://img.bokenjapan.com/media/natori-dining-4017486.jpg,,photo belonged to another card; no own photo found
miyagi/natori,280,スターバックスコーヒー イオンモール名取1階店,https://img.bokenjapan.com/media/natori-dining-4028323.jpg,https://img.bokenjapan.com/media/natori-dining-4017486.jpg,matched own listing photo
miyagi/natori,281,吉野家 柳生店,https://img.bokenjapan.com/media/natori-dining-4007434.jpg,https://img.bokenjapan.com/media/natori-dining-4028323.jpg,matched own listing photo
miyagi/natori,282,鎌倉パスタ イオンモール名取店,https://img.bokenjapan.com/media/natori-dining-4023653.jpg,https://img.bokenjapan.com/media/natori-dining-4007434.jpg,matched own listing photo
miyagi/natori,283,マクドナルド ４号線名取店,https://img.bokenjapan.com/media/natori-dining-4009272.jpg,https://img.bokenjapan.com/media/natori-dining-4023653.jpg,matched own listing photo
miyagi/natori,284,佐々直　本店,https://img.bokenjapan.com/media/natori-dining-4010355.jpg,https://img.bokenjapan.com/media/natori-dining-4009272.jpg,matched own listing photo
miyagi/natori,285,モスバーガー イオンモール名取店,https://img.bokenjapan.com/media/natori-dining-4026500.jpg,https://img.bokenjapan.com/media/natori-dining-4010355.jpg,matched own listing photo
miyagi/natori,286,ユウユウ店,https://img.bokenjapan.com/media/natori-dining-4007401.jpg,https://img.bokenjapan.com/media/natori-dining-4026500.jpg,matched own listing photo
miyagi/natori,287,CHATERAISE 名取店,https://img.bokenjapan.com/media/natori-dining-4027402.jpg,https://img.bokenjapan.com/media/natori-dining-4007401.jpg,matched own listing photo
miyagi/natori,288,北海道手造りアイス あいすの家 イオンモール名取店,https://img.bokenjapan.com/media/natori-dining-4021689.jpg,https://img.bokenjapan.com/media/natori-dining-4027402.jpg,matched own listing photo
miyagi/natori,289,久世福商店 イオンモール名取店,https://img.bokenjapan.com/media/natori-dining-4021912.jpg,https://img.bokenjapan.com/media/natori-dining-4021689.jpg,matched own listing photo
miyagi/natori,290,カフェ ザ イーチ タイム,https://img.bokenjapan.com/media/natori-dining-4016371.jpg,https://img.bokenjapan.com/media/natori-dining-4021912.jpg,matched own listing photo
miyagi/natori,291,ゆりあげキッチン&ギャラリー メイプル館,https://img.bokenjapan.com/media/natori-dining-4022708.jpg,https://img.bokenjapan.com/media/natori-dining-4016371.jpg,matched own listing photo
miyagi/natori,292,BEN BEN CAFE DCM名取店,https://img.bokenjapan.com/media/natori-dining-4028409.jpg,https://img.bokenjapan.com/media/natori-dining-4022708.jpg,matched own listing photo
miyagi/natori,293,カルン ザ・ビッグ名取店,https://img.bokenjapan.com/media/natori-dining-4021194.jpg,https://img.bokenjapan.com/media/natori-dining-4028409.jpg,matched own listing photo
miyagi/natori,294,世界のごちそう酒場 らふぃんぐ,https://img.bokenjapan.com/media/natori-dining-4018561.jpg,https://img.bokenjapan.com/media/natori-dining-4021194.jpg,matched own listing photo
miyagi/natori,295,快活CLUB 4号名取店,https://img.bokenjapan.com/media/natori-dining-4014041.jpg,https://img.bokenjapan.com/media/natori-dining-4018561.jpg,matched own listing photo
miyagi/natori,296,たかはし屋　ケーキもみの木,https://img.bokenjapan.com/media/natori-dining-4011187.jpg,https://img.bokenjapan.com/media/natori-dining-4014041.jpg,matched own listing photo
miyagi/natori,299,小室わさび屋 ゆりあげ港朝市店,https://img.bokenjapan.com/media/natori-dining-4024257.jpg,,photo belonged to another card; no own photo found
miyagi/natori,300,ロースター カフェ はなもも,https://img.bokenjapan.com/media/natori-dining-4018842.jpg,https://img.bokenjapan.com/media/natori-dining-4024257.jpg,matched own listing photo
miyagi/natori,301,FACTORY GARDEN,https://img.bokenjapan.com/media/natori-dining-4028345.jpg,https://img.bokenjapan.com/media/natori-dining-4018842.jpg,matched own listing photo
miyagi/natori,302,北條鮮魚店,https://img.bokenjapan.com/media/natori-dining-4023488.jpg,https://img.bokenjapan.com/media/natori-dining-4028345.jpg,matched own listing photo
miyagi/natori,303,佐藤たこやき屋,https://img.bokenjapan.com/media/natori-dining-4019469.jpg,https://img.bokenjapan.com/media/natori-dining-4023488.jpg,matched own listing photo
miyagi/natori,304,週末びっくり市 名取店,https://img.bokenjapan.com/media/natori-dining-4028129.jpg,https://img.bokenjapan.com/media/natori-dining-4019469.jpg,matched own listing photo
miyagi/natori,305,洋食 コンセンテイ 目黒屋,https://img.bokenjapan.com/media/natori-dining-4002721.jpg,https://img.bokenjapan.com/media/natori-dining-4028129.jpg,matched own listing photo
miyagi/natori,306,ミニストップ 名取インター店,https://img.bokenjapan.com/media/natori-dining-4020577.jpg,https://img.bokenjapan.com/media/natori-dining-4002721.jpg,matched own listing photo
miyagi/natori,307,美食農園 ラ・ファータ 2nd 北釜ハウス,https://img.bokenjapan.com/media/natori-dining-4028134.jpg,https://img.bokenjapan.com/media/natori-dining-4020577.jpg,matched own listing photo
miyagi/natori,308,宮城マイクロブルワリー ゆりあげ麦酒醸造所,https://img.bokenjapan.com/media/natori-dining-4025180.jpg,https://img.bokenjapan.com/media/natori-dining-4028134.jpg,matched own listing photo
miyagi/natori,309,ダルバール 名取が丘店,https://img.bokenjapan.com/media/natori-dining-4028223.jpg,https://img.bokenjapan.com/media/natori-dining-4025180.jpg,matched own listing photo
miyagi/natori,310,ピュアママキッチン,https://img.bokenjapan.com/media/natori-dining-4018655.jpg,https://img.bokenjapan.com/media/natori-dining-4028223.jpg,matched own listing photo
miyagi/natori,311,清昇堂,https://img.bokenjapan.com/media/natori-dining-4010242.jpg,https://img.bokenjapan.com/media/natori-dining-4018655.jpg,matched own listing photo
miyagi/natori,312,Cafe うま芋屋,https://img.bokenjapan.com/media/natori-dining-4029746.jpg,https://img.bokenjapan.com/media/natori-dining-4010242.jpg,matched own listing photo
miyagi/natori,313,さざほざ,https://img.bokenjapan.com/media/natori-dining-4012784.jpg,https://img.bokenjapan.com/media/natori-dining-4029746.jpg,matched own listing photo
miyagi/natori,314,ドルチェクレープ,https://img.bokenjapan.com/media/natori-dining-4026148.jpg,https://img.bokenjapan.com/media/natori-dining-4012784.jpg,matched own listing photo
miyagi/natori,315,LAWSON 名取愛島台店,https://img.bokenjapan.com/media/natori-dining-4023992.jpg,https://img.bokenjapan.com/media/natori-dining-4026148.jpg,matched own listing photo
miyagi/natori,319,那智が丘カフェ シンシア,https://img.bokenjapan.com/media/natori-dining-4025607.jpg,,photo belonged to another card; no own photo found
miyagi/natori,320,roxane,https://img.bokenjapan.com/media/natori-dining-4028214.jpg,https://img.bokenjapan.com/media/natori-dining-4025607.jpg,matched own listing photo
miyagi/natori,321,閖上引地商店,https://img.bokenjapan.com/media/natori-dining-4026552.jpg,https://img.bokenjapan.com/media/natori-dining-4028214.jpg,matched own listing photo
miyagi/natori,323,幸楽苑 名取大手町店,https://img.bokenjapan.com/media/natori-dining-4009823.jpg,https://img.bokenjapan.com/media/natori-dining-4026552.jpg,matched own listing photo
miyagi/natori,324,CoCo壱番屋 名取植松店,https://img.bokenjapan.com/media/natori-dining-4007318.jpg,https://img.bokenjapan.com/media/natori-dining-4009823.jpg,matched own listing photo
miyagi/natori,325,日乃屋カレー 名取店,https://img.bokenjapan.com/media/natori-dining-4030030.jpg,https://img.bokenjapan.com/media/natori-dining-4007318.jpg,matched own listing photo
miyagi/natori,326,ささ圭 ゆりあげ港朝市店,https://img.bokenjapan.com/media/natori-dining-4021751.jpg,https://img.bokenjapan.com/media/natori-dining-4030030.jpg,matched own listing photo
miyagi/natori,327,スーパーセンタートライアル 名取店,https://img.bokenjapan.com/media/natori-dining-4020206.jpg,https://img.bokenjapan.com/media/natori-dining-4021751.jpg,matched own listing photo
miyagi/natori,328,味の金魂,https://img.bokenjapan.com/media/natori-dining-4016610.jpg,https://img.bokenjapan.com/media/natori-dining-4020206.jpg,matched own listing photo
miyagi/natori,329,居酒屋 竹灯り,https://img.bokenjapan.com/media/natori-dining-4012056.jpg,https://img.bokenjapan.com/media/natori-dining-4016610.jpg,matched own listing photo
miyagi/natori,330,リトナベリーガーデン,https://img.bokenjapan.com/media/natori-dining-4022188.jpg,https://img.bokenjapan.com/media/natori-dining-4012056.jpg,matched own listing photo
miyagi/natori,331,花茶屋,https://img.bokenjapan.com/media/natori-dining-4021738.jpg,https://img.bokenjapan.com/media/natori-dining-4022188.jpg,matched own listing photo
miyagi/natori,332,ビッグのパン屋さん 名取店,https://img.bokenjapan.com/media/natori-dining-4021359.jpg,https://img.bokenjapan.com/media/natori-dining-4021738.jpg,matched own listing photo
miyagi/natori,334,みよし,https://img.bokenjapan.com/media/natori-dining-4021089.jpg,https://img.bokenjapan.com/media/natori-dining-4021359.jpg,matched own listing photo
miyagi/natori,335,コート・ダジュール 仙台名取店,https://img.bokenjapan.com/media/natori-dining-4012275.jpg,https://img.bokenjapan.com/media/natori-dining-4021089.jpg,matched own listing photo
miyagi/natori,339,まる勘,https://img.bokenjapan.com/media/natori-dining-4028397.jpg,,photo belonged to another card; no own photo found
miyagi/natori,340,自然や あかり,https://img.bokenjapan.com/media/natori-dining-4023014.jpg,https://img.bokenjapan.com/media/natori-dining-4028397.jpg,matched own listing photo
miyagi/natori,341,カミヤファクトリー,https://img.bokenjapan.com/media/natori-dining-4021491.jpg,https://img.bokenjapan.com/media/natori-dining-4023014.jpg,matched own listing photo
miyagi/natori,342,伊東寿司,https://img.bokenjapan.com/media/natori-dining-4004604.jpg,https://img.bokenjapan.com/media/natori-dining-4021491.jpg,matched own listing photo
miyagi/natori,343,愛島餃子,https://img.bokenjapan.com/media/natori-dining-4025511.jpg,https://img.bokenjapan.com/media/natori-dining-4004604.jpg,matched own listing photo
miyagi/natori,344,AGAPE こどもしょくどう,https://img.bokenjapan.com/media/natori-dining-4027856.jpg,https://img.bokenjapan.com/media/natori-dining-4025511.jpg,matched own listing photo
miyagi/natori,345,マハロダイニング 名取りんくう店,https://img.bokenjapan.com/media/natori-dining-4029981.jpg,https://img.bokenjapan.com/media/natori-dining-4027856.jpg,matched own listing photo
miyagi/natori,346,第一楼 新名取店,https://img.bokenjapan.com/media/natori-dining-4028552.jpg,https://img.bokenjapan.com/media/natori-dining-4029981.jpg,matched own listing photo
miyagi/natori,347,やきとりの扇屋 名取杜せきのした店,https://img.bokenjapan.com/media/natori-dining-4016431.jpg,https://img.bokenjapan.com/media/natori-dining-4028552.jpg,matched own listing photo
miyagi/natori,348,ビアードパパの作りたて工房 イオンモール名取店,https://img.bokenjapan.com/media/natori-dining-4013917.jpg,https://img.bokenjapan.com/media/natori-dining-4016431.jpg,matched own listing photo
miyagi/natori,349,ケンタッキーフライドチキン イオンモール名取店,https://img.bokenjapan.com/media/natori-dining-4006084.jpg,https://img.bokenjapan.com/media/natori-dining-4013917.jpg,matched own listing photo
miyagi/natori,350,ケンタッキーフライドチキン 名取バイパス店,https://img.bokenjapan.com/media/natori-dining-4003248.jpg,https://img.bokenjapan.com/media/natori-dining-4006084.jpg,matched own listing photo
miyagi/natori,351,GODIVA イオンモール名取,https://img.bokenjapan.com/media/natori-dining-4021617.jpg,https://img.bokenjapan.com/media/natori-dining-4003248.jpg,matched own listing photo
miyagi/natori,352,味のまるまつ 美田園店,https://img.bokenjapan.com/media/natori-dining-4019256.jpg,https://img.bokenjapan.com/media/natori-dining-4021617.jpg,matched own listing photo
miyagi/natori,353,日本一 イオンモール名取店,https://img.bokenjapan.com/media/natori-dining-4017677.jpg,https://img.bokenjapan.com/media/natori-dining-4019256.jpg,matched own listing photo
miyagi/natori,354,ささ圭 名取増田店,https://img.bokenjapan.com/media/natori-dining-4013874.jpg,https://img.bokenjapan.com/media/natori-dining-4017677.jpg,matched own listing photo
miyagi/natori,355,ねこねこ食パン イオンモール名取店,https://img.bokenjapan.com/media/natori-dining-4023062.jpg,https://img.bokenjapan.com/media/natori-dining-4013874.jpg,matched own listing photo
miyagi/natori,356,モア カフェ 仙台南店,https://img.bokenjapan.com/media/natori-dining-4015877.jpg,https://img.bokenjapan.com/media/natori-dining-4023062.jpg,matched own listing photo
miyagi/natori,359,デイリーヤマザキ 仙台空港店,https://img.bokenjapan.com/media/natori-dining-4020427.jpg,,photo belonged to another card; no own photo found
miyagi/natori,360,ディッパーダン イオンモール名取FC店,https://img.bokenjapan.com/media/natori-dining-4019206.jpg,https://img.bokenjapan.com/media/natori-dining-4020427.jpg,matched own listing photo
miyagi/natori,361,ウジエスーパー 美田園店,https://img.bokenjapan.com/media/natori-dining-4029079.jpg,https://img.bokenjapan.com/media/natori-dining-4019206.jpg,matched own listing photo
miyagi/natori,362,ポムの樹Jr.  イオンモール名取店,https://img.bokenjapan.com/media/natori-dining-4021591.jpg,https://img.bokenjapan.com/media/natori-dining-4029079.jpg,matched own listing photo
miyagi/natori,363,つつみ屋 名取店,https://img.bokenjapan.com/media/natori-dining-4019826.jpg,https://img.bokenjapan.com/media/natori-dining-4021591.jpg,matched own listing photo
miyagi/natori,364,牛角 名取店,https://img.bokenjapan.com/media/natori-dining-4018387.jpg,https://img.bokenjapan.com/media/natori-dining-4019826.jpg,matched own listing photo
miyagi/natori,365,すたみな太郎 PREMIUM BUFFET 名取店,https://img.bokenjapan.com/media/natori-dining-4029189.jpg,https://img.bokenjapan.com/media/natori-dining-4018387.jpg,matched own listing photo
miyagi/natori,366,地酒や 華の蔵 空港店,https://img.bokenjapan.com/media/natori-dining-4018938.jpg,https://img.bokenjapan.com/media/natori-dining-4029189.jpg,matched own listing photo
miyagi/natori,367,銀座コージーコーナー イオン名取店,https://img.bokenjapan.com/media/natori-dining-4011146.jpg,https://img.bokenjapan.com/media/natori-dining-4018938.jpg,matched own listing photo
miyagi/natori,368,タリーズコーヒー オルフィーカ美田園店,https://img.bokenjapan.com/media/natori-dining-4029122.jpg,https://img.bokenjapan.com/media/natori-dining-4011146.jpg,matched own listing photo
miyagi/natori,369,馳走菜 名取増田店,https://img.bokenjapan.com/media/natori-dining-4026917.jpg,https://img.bokenjapan.com/media/natori-dining-4029122.jpg,matched own listing photo
miyagi/natori,370,CHEESE GARDEN,https://img.bokenjapan.com/media/natori-dining-4029505.jpg,https://img.bokenjapan.com/media/natori-dining-4026917.jpg,matched own listing photo
miyagi/natori,371,ホテルルートイン 名取岩沼インター 仙台空港,https://img.bokenjapan.com/media/natori-dining-4019167.jpg,https://img.bokenjapan.com/media/natori-dining-4029505.jpg,matched own listing photo
miyagi/natori,372,ほっともっと 名取大手町店,https://img.bokenjapan.com/media/natori-dining-4018897.jpg,https://img.bokenjapan.com/media/natori-dining-4019167.jpg,matched own listing photo
miyagi/natori,373,ごはんどき 名取店,https://img.bokenjapan.com/media/natori-dining-4013983.jpg,https://img.bokenjapan.com/media/natori-dining-4018897.jpg,matched own listing photo
miyagi/natori,374,サーティワンアイスクリーム イオンタウン名取店,https://img.bokenjapan.com/media/natori-dining-4018711.jpg,https://img.bokenjapan.com/media/natori-dining-4013983.jpg,matched own listing photo
miyagi/natori,375,然の膳 宮城県立がんセンター店,https://img.bokenjapan.com/media/natori-dining-4026848.jpg,https://img.bokenjapan.com/media/natori-dining-4018711.jpg,matched own listing photo
miyagi/natori,376,たぬき屋,https://img.bokenjapan.com/media/natori-dining-4006149.jpg,https://img.bokenjapan.com/media/natori-dining-4026848.jpg,matched own listing photo
miyagi/natori,379,ひとくち茶屋 名取田高SC店,https://img.bokenjapan.com/media/natori-dining-4014717.jpg,,photo belonged to another card; no own photo found
miyagi/natori,380,ヨークベニマル 名取愛島店,https://img.bokenjapan.com/media/natori-dining-4023907.jpg,https://img.bokenjapan.com/media/natori-dining-4014717.jpg,matched own listing photo
miyagi/natori,381,村さ来 名取駅前店,https://img.bokenjapan.com/media/natori-dining-4005223.jpg,https://img.bokenjapan.com/media/natori-dining-4023907.jpg,matched own listing photo
miyagi/natori,382,カネハチ,https://img.bokenjapan.com/media/natori-dining-4023182.jpg,https://img.bokenjapan.com/media/natori-dining-4005223.jpg,matched own listing photo
miyagi/natori,383,本家かまどや 名取店,https://img.bokenjapan.com/media/natori-dining-4015412.jpg,https://img.bokenjapan.com/media/natori-dining-4023182.jpg,matched own listing photo
miyagi/natori,384,ナポリの窯 名取店,https://img.bokenjapan.com/media/natori-dining-4026918.jpg,https://img.bokenjapan.com/media/natori-dining-4015412.jpg,matched own listing photo
miyagi/natori,385,ささ圭 工場併設植松店,https://img.bokenjapan.com/media/natori-dining-4022905.jpg,https://img.bokenjapan.com/media/natori-dining-4026918.jpg,matched own listing photo
miyagi/natori,386,魚民 名取店,https://img.bokenjapan.com/media/natori-dining-4013025.jpg,https://img.bokenjapan.com/media/natori-dining-4022905.jpg,matched own listing photo
miyagi/natori,387,丸健,https://img.bokenjapan.com/media/natori-dining-4029797.jpg,https://img.bokenjapan.com/media/natori-dining-4013025.jpg,matched own listing photo
miyagi/natori,388,ほっともっと 名取美田園店,https://img.bokenjapan.com/media/natori-dining-4015891.jpg,https://img.bokenjapan.com/media/natori-dining-4029797.jpg,matched own listing photo
miyagi/natori,389,モンペリエ ヨークベニマル名取バイパス店,https://img.bokenjapan.com/media/natori-dining-4022147.jpg,https://img.bokenjapan.com/media/natori-dining-4015891.jpg,matched own listing photo
miyagi/natori,390,オーサム ストア イオンモール名取店,https://img.bokenjapan.com/media/natori-dining-4021670.jpg,https://img.bokenjapan.com/media/natori-dining-4022147.jpg,matched own listing photo
miyagi/natori,391,ことり舟,https://img.bokenjapan.com/media/natori-dining-4020951.jpg,https://img.bokenjapan.com/media/natori-dining-4021670.jpg,matched own listing photo
miyagi/natori,392,幸楽苑のからあげ家 名取大手町店,https://img.bokenjapan.com/media/natori-dining-4027021.jpg,https://img.bokenjapan.com/media/natori-dining-4020951.jpg,matched own listing photo
miyagi/natori,393,モンペリエ ヨークベニマル名取西店,https://img.bokenjapan.com/media/natori-dining-4018863.jpg,https://img.bokenjapan.com/media/natori-dining-4027021.jpg,matched own listing photo
miyagi/natori,395,炭火やきとり竜鳳 トライアル名取店,https://img.bokenjapan.com/media/natori-dining-4028667.jpg,https://img.bokenjapan.com/media/natori-dining-4018863.jpg,matched own listing photo
miyagi/natori,396,花の茶屋,https://img.bokenjapan.com/media/natori-dining-4029859.jpg,https://img.bokenjapan.com/media/natori-dining-4028667.jpg,matched own listing photo
miyagi/natori,399,無印良品 イオンモール名取店,https://img.bokenjapan.com/media/natori-dining-4019029.jpg,,photo belonged to another card; no own photo found
miyagi/natori,400,酒処ホルモン サッポロ,https://img.bokenjapan.com/media/natori-dining-4022164.jpg,https://img.bokenjapan.com/media/natori-dining-4019029.jpg,matched own listing photo
miyagi/natori,401,セブンイレブン 名取増田8丁目店,https://img.bokenjapan.com/media/natori-dining-4018300.jpg,https://img.bokenjapan.com/media/natori-dining-4022164.jpg,matched own listing photo
miyagi/natori,402,さくらい水産,https://img.bokenjapan.com/media/natori-dining-4023181.jpg,https://img.bokenjapan.com/media/natori-dining-4018300.jpg,matched own listing photo
miyagi/natori,403,肉の匠 いとう 名取イオン店,https://img.bokenjapan.com/media/natori-dining-4029504.jpg,https://img.bokenjapan.com/media/natori-dining-4023181.jpg,matched own listing photo
miyagi/natori,404,今野精肉店,https://img.bokenjapan.com/media/natori-dining-4024725.jpg,https://img.bokenjapan.com/media/natori-dining-4029504.jpg,matched own listing photo
miyagi/natori,405,東海龍,https://img.bokenjapan.com/media/natori-dining-4029891.jpg,https://img.bokenjapan.com/media/natori-dining-4024725.jpg,matched own listing photo
miyagi/natori,407,MOJA 名取店,https://img.bokenjapan.com/media/natori-dining-4021547.jpg,https://img.bokenjapan.com/media/natori-dining-4029891.jpg,matched own listing photo
miyagi/natori,408,ビッグママ・おいしいパン屋さん みやぎ生協名取西店,https://img.bokenjapan.com/media/natori-dining-4023901.jpg,https://img.bokenjapan.com/media/natori-dining-4021547.jpg,matched own listing photo
miyagi/natori,409,マシッソお弁当,https://img.bokenjapan.com/media/natori-dining-4029319.jpg,https://img.bokenjapan.com/media/natori-dining-4023901.jpg,matched own listing photo
miyagi/natori,410,そば処 めん六や 宮城名取美田園店,https://img.bokenjapan.com/media/natori-dining-4019722.jpg,https://img.bokenjapan.com/media/natori-dining-4029319.jpg,matched own listing photo
miyagi/natori,411,仙令平庄 イオンモール名取店,https://img.bokenjapan.com/media/natori-dining-4029576.jpg,https://img.bokenjapan.com/media/natori-dining-4019722.jpg,matched own listing photo
miyagi/natori,412,マッフェン マックスバリュ名取店,https://img.bokenjapan.com/media/natori-dining-4011333.jpg,https://img.bokenjapan.com/media/natori-dining-4029576.jpg,matched own listing photo
miyagi/natori,413,みなとまち菓子店,https://img.bokenjapan.com/media/natori-dining-4030323.jpg,https://img.bokenjapan.com/media/natori-dining-4011333.jpg,matched own listing photo
miyagi/natori,414,LAWSON 名取閖上店,https://img.bokenjapan.com/media/natori-dining-4022037.jpg,https://img.bokenjapan.com/media/natori-dining-4030323.jpg,matched own listing photo
miyagi/natori,415,luvU 名取店,https://img.bokenjapan.com/media/natori-dining-4026060.jpg,https://img.bokenjapan.com/media/natori-dining-4022037.jpg,matched own listing photo
miyagi/natori,416,La Pause,https://img.bokenjapan.com/media/natori-dining-4029098.jpg,https://img.bokenjapan.com/media/natori-dining-4026060.jpg,matched own listing photo
miyagi/natori,418,鰊御殿 番屋,https://img.bokenjapan.com/media/natori-dining-4013978.jpg,,photo belonged to another card; no own photo found
miyagi/natori,419,セブンイレブン 名取北高前店,https://img.bokenjapan.com/media/natori-dining-4018638.jpg,https://img.bokenjapan.com/media/natori-dining-4013978.jpg,matched own listing photo
miyagi/natori,420,閖上たこやき,https://img.bokenjapan.com/media/natori-dining-4025368.jpg,https://img.bokenjapan.com/media/natori-dining-4018638.jpg,matched own listing photo
miyagi/natori,423,白松がモナカ本舗 仙台南店,https://img.bokenjapan.com/media/natori-dining-4012951.jpg,https://img.bokenjapan.com/media/natori-dining-4025368.jpg,matched own listing photo
miyagi/natori,425,ファミリーマート 名取マルハン/Ｓ店,https://img.bokenjapan.com/media/natori-dining-4028666.jpg,https://img.bokenjapan.com/media/natori-dining-4012951.jpg,matched own listing photo
miyagi/natori,427,そば名取,https://img.bokenjapan.com/media/natori-dining-4022798.jpg,https://img.bokenjapan.com/media/natori-dining-4028666.jpg,matched own listing photo
miyagi/natori,428,ツルハドラック 名取増田店,https://img.bokenjapan.com/media/natori-dining-4018858.jpg,https://img.bokenjapan.com/media/natori-dining-4022798.jpg,matched own listing photo
miyagi/natori,429,野菜畑 ゆりあげ港朝市,https://img.bokenjapan.com/media/natori-dining-4020839.jpg,https://img.bokenjapan.com/media/natori-dining-4018858.jpg,matched own listing photo
miyagi/natori,431,Re'sta,https://img.bokenjapan.com/media/natori-dining-4016254.jpg,https://img.bokenjapan.com/media/natori-dining-4020839.jpg,matched own listing photo
miyagi/natori,432,ミニストップ 名取せきのした店,https://img.bokenjapan.com/media/natori-dining-4023191.jpg,https://img.bokenjapan.com/media/natori-dining-4016254.jpg,matched own listing photo
miyagi/natori,433,ピザ カルボ イオンタウン名取店,https://img.bokenjapan.com/media/natori-dining-4025816.jpg,https://img.bokenjapan.com/media/natori-dining-4023191.jpg,matched own listing photo
miyagi/natori,434,ささ圭 かわまちてらす閖上店,https://img.bokenjapan.com/media/natori-dining-4027310.jpg,https://img.bokenjapan.com/media/natori-dining-4025816.jpg,matched own listing photo
miyagi/natori,435,美食農園 ラ・ファータ,https://img.bokenjapan.com/media/natori-dining-4027162.jpg,https://img.bokenjapan.com/media/natori-dining-4027310.jpg,matched own listing photo
miyagi/natori,439,阿部蒲鉾店 イオン名取店,https://img.bokenjapan.com/media/natori-dining-4024047.jpg,,photo belonged to another card; no own photo found
miyagi/natori,440,natori sun,https://img.bokenjapan.com/media/natori-dining-4028775.jpg,https://img.bokenjapan.com/media/natori-dining-4024047.jpg,matched own listing photo
miyagi/natori,443,NewDays KIOSK 名取店,https://img.bokenjapan.com/media/natori-dining-4026398.jpg,https://img.bokenjapan.com/media/natori-dining-4028775.jpg,matched own listing photo
miyagi/natori,444,白謙 イオンモール名取店,https://img.bokenjapan.com/media/natori-dining-4025260.jpg,https://img.bokenjapan.com/media/natori-dining-4026398.jpg,matched own listing photo
miyagi/natori,445,ピュアハート キッズランド イオンモール名取,https://img.bokenjapan.com/media/natori-dining-4018516.jpg,https://img.bokenjapan.com/media/natori-dining-4025260.jpg,matched own listing photo
miyagi/natori,447,さくらい水産,https://img.bokenjapan.com/media/natori-dining-4025078.jpg,https://img.bokenjapan.com/media/natori-dining-4018516.jpg,matched own listing photo
miyagi/natori,448,セブンイレブン 名取美田園店,https://img.bokenjapan.com/media/natori-dining-4018382.jpg,https://img.bokenjapan.com/media/natori-dining-4025078.jpg,matched own listing photo
miyagi/natori,451,みやぎ生協 名取西店,https://img.bokenjapan.com/media/natori-dining-4019781.jpg,https://img.bokenjapan.com/media/natori-dining-4018382.jpg,matched own listing photo
miyagi/natori,452,産直ハウス 金時村,https://img.bokenjapan.com/media/natori-dining-4026571.jpg,https://img.bokenjapan.com/media/natori-dining-4019781.jpg,matched own listing photo
miyagi/natori,453,馬上かまぼこ店 名取店,https://img.bokenjapan.com/media/natori-dining-4023338.jpg,https://img.bokenjapan.com/media/natori-dining-4026571.jpg,matched own listing photo
miyagi/natori,458,スプリント,https://img.bokenjapan.com/media/natori-dining-4016731.jpg,,photo belonged to another card; no own photo found
miyagi/natori,460,クツロギサカバ カケル,https://img.bokenjapan.com/media/natori-dining-4019768.jpg,https://img.bokenjapan.com/media/natori-dining-4016731.jpg,matched own listing photo
miyagi/ogawara,2,山田庵,https://img.bokenjapan.com/media/ogawara-dining-4004422.jpg,,photo belonged to another card; no own photo found
miyagi/ogawara,3,とり八,https://img.bokenjapan.com/media/ogawara-dining-4003850.jpg,https://img.bokenjapan.com/media/ogawara-dining-4004422.jpg,matched own listing photo
miyagi/ogawara,4,四季彩,https://img.bokenjapan.com/media/ogawara-dining-4017225.jpg,https://img.bokenjapan.com/media/ogawara-dining-4003850.jpg,matched own listing photo
miyagi/ogawara,5,登正門,https://img.bokenjapan.com/media/ogawara-dining-4007025.jpg,https://img.bokenjapan.com/media/ogawara-dining-4017225.jpg,matched own listing photo
miyagi/ogawara,6,日本蕎麦街道 一匠庵,https://img.bokenjapan.com/media/ogawara-dining-4024185.jpg,https://img.bokenjapan.com/media/ogawara-dining-4007025.jpg,matched own listing photo
miyagi/ogawara,7,さくら家,https://img.bokenjapan.com/media/ogawara-dining-4005683.jpg,https://img.bokenjapan.com/media/ogawara-dining-4024185.jpg,matched own listing photo
miyagi/ogawara,8,とんとんの丘もちぶた館,https://img.bokenjapan.com/media/ogawara-dining-4007863.jpg,https://img.bokenjapan.com/media/ogawara-dining-4005683.jpg,matched own listing photo
miyagi/ogawara,9,ブルスタ オラムー 大河原店,https://img.bokenjapan.com/media/ogawara-dining-4000915.jpg,https://img.bokenjapan.com/media/ogawara-dining-4007863.jpg,matched own listing photo
miyagi/ogawara,10,わらく,https://img.bokenjapan.com/media/ogawara-dining-4000346.jpg,https://img.bokenjapan.com/media/ogawara-dining-4000915.jpg,matched own listing photo
miyagi/ogawara,11,拉麺 翠鶏,https://img.bokenjapan.com/media/ogawara-dining-4021681.jpg,https://img.bokenjapan.com/media/ogawara-dining-4000346.jpg,matched own listing photo
miyagi/ogawara,12,とんとんの丘 もちぶた館 広表店,https://img.bokenjapan.com/media/ogawara-dining-4018773.jpg,https://img.bokenjapan.com/media/ogawara-dining-4021681.jpg,matched own listing photo
miyagi/ogawara,13,石川菓子店,https://img.bokenjapan.com/media/ogawara-dining-4010288.jpg,https://img.bokenjapan.com/media/ogawara-dining-4018773.jpg,matched own listing photo
miyagi/ogawara,14,ブーランジェリージラフ フルールドゥスリジエ,https://img.bokenjapan.com/media/ogawara-dining-4017593.jpg,https://img.bokenjapan.com/media/ogawara-dining-4010288.jpg,matched own listing photo
miyagi/ogawara,15,喜多屋,https://img.bokenjapan.com/media/ogawara-dining-4016337.jpg,https://img.bokenjapan.com/media/ogawara-dining-4017593.jpg,matched own listing photo
miyagi/ogawara,16,ケララキッチン,https://img.bokenjapan.com/media/ogawara-dining-4014624.jpg,https://img.bokenjapan.com/media/ogawara-dining-4016337.jpg,matched own listing photo
miyagi/ogawara,17,和の台所 なだまん,https://img.bokenjapan.com/media/ogawara-dining-4008984.jpg,https://img.bokenjapan.com/media/ogawara-dining-4014624.jpg,matched own listing photo
miyagi/ogawara,18,芳来軒,https://img.bokenjapan.com/media/ogawara-dining-4009813.jpg,https://img.bokenjapan.com/media/ogawara-dining-4008984.jpg,matched own listing photo
miyagi/ogawara,19,大ちゃん,https://img.bokenjapan.com/media/ogawara-dining-4005447.jpg,https://img.bokenjapan.com/media/ogawara-dining-4009813.jpg,matched own listing photo
miyagi/ogawara,22,居酒屋あい八,https://img.bokenjapan.com/media/ogawara-dining-4004070.jpg,,photo belonged to another card; no own photo found
miyagi/ogawara,23,珈琲カンテラ,https://img.bokenjapan.com/media/ogawara-dining-4017125.jpg,https://img.bokenjapan.com/media/ogawara-dining-4004070.jpg,matched own listing photo
miyagi/ogawara,24,おばんざいダイニング ココ,https://img.bokenjapan.com/media/ogawara-dining-4028561.jpg,https://img.bokenjapan.com/media/ogawara-dining-4017125.jpg,matched own listing photo
miyagi/ogawara,25,玉山食堂,https://img.bokenjapan.com/media/ogawara-dining-4006801.jpg,https://img.bokenjapan.com/media/ogawara-dining-4028561.jpg,matched own listing photo
miyagi/ogawara,26,玄来,https://img.bokenjapan.com/media/ogawara-dining-4005318.jpg,https://img.bokenjapan.com/media/ogawara-dining-4006801.jpg,matched own listing photo
miyagi/ogawara,27,にぎりめし,https://img.bokenjapan.com/media/ogawara-dining-4020058.jpg,https://img.bokenjapan.com/media/ogawara-dining-4005318.jpg,matched own listing photo
miyagi/ogawara,28,焼肉・冷麺らんぷ,https://img.bokenjapan.com/media/ogawara-dining-4006919.jpg,https://img.bokenjapan.com/media/ogawara-dining-4020058.jpg,matched own listing photo
miyagi/ogawara,29,モンテ・マーレ,https://img.bokenjapan.com/media/ogawara-dining-4002438.jpg,,photo belonged to another card; no own photo found
miyagi/ogawara,30,元祖 晒よし飴本舗 市場家,https://img.bokenjapan.com/media/ogawara-dining-4018365.jpg,https://img.bokenjapan.com/media/ogawara-dining-4002438.jpg,matched own listing photo
miyagi/ogawara,31,拉麺ろはん,https://img.bokenjapan.com/media/ogawara-dining-4028955.jpg,https://img.bokenjapan.com/media/ogawara-dining-4018365.jpg,matched own listing photo
miyagi/ogawara,32,ブロス,https://img.bokenjapan.com/media/ogawara-dining-4005274.jpg,https://img.bokenjapan.com/media/ogawara-dining-4028955.jpg,matched own listing photo
miyagi/ogawara,33,ツィンベル,https://img.bokenjapan.com/media/ogawara-dining-4007709.jpg,https://img.bokenjapan.com/media/ogawara-dining-4005274.jpg,matched own listing photo
miyagi/ogawara,34,サンパチラーメン,https://img.bokenjapan.com/media/ogawara-dining-4026541.jpg,https://img.bokenjapan.com/media/ogawara-dining-4007709.jpg,matched own listing photo
miyagi/ogawara,35,和風れすとらん　おぎの,https://img.bokenjapan.com/media/ogawara-dining-4003167.jpg,https://img.bokenjapan.com/media/ogawara-dining-4026541.jpg,matched own listing photo
miyagi/ogawara,36,中国料理 季白亭,https://img.bokenjapan.com/media/ogawara-dining-4018076.jpg,https://img.bokenjapan.com/media/ogawara-dining-4003167.jpg,matched own listing photo
miyagi/ogawara,37,焼きたてクレープ Chill Bon,https://img.bokenjapan.com/media/ogawara-dining-4019441.jpg,https://img.bokenjapan.com/media/ogawara-dining-4018076.jpg,matched own listing photo
miyagi/ogawara,38,満天食堂 大河原店,https://img.bokenjapan.com/media/ogawara-dining-4019952.jpg,https://img.bokenjapan.com/media/ogawara-dining-4019441.jpg,matched own listing photo
miyagi/ogawara,41,エレファンタ,https://img.bokenjapan.com/media/ogawara-dining-4000438.jpg,,photo belonged to another card; no own photo found
miyagi/ogawara,42,フライング バード 大河原店,https://img.bokenjapan.com/media/ogawara-dining-4019751.jpg,https://img.bokenjapan.com/media/ogawara-dining-4000438.jpg,matched own listing photo
miyagi/ogawara,43,白河屋,https://img.bokenjapan.com/media/ogawara-dining-4005504.jpg,https://img.bokenjapan.com/media/ogawara-dining-4019751.jpg,matched own listing photo
miyagi/ogawara,44,HELF,https://img.bokenjapan.com/media/ogawara-dining-4026294.jpg,https://img.bokenjapan.com/media/ogawara-dining-4005504.jpg,matched own listing photo
miyagi/ogawara,45,菓匠三全 工場直売店ファクトリーショップ,https://img.bokenjapan.com/media/ogawara-dining-4017028.jpg,https://img.bokenjapan.com/media/ogawara-dining-4026294.jpg,matched own listing photo
miyagi/ogawara,46,ラーメン 大志軒 大河原店,https://img.bokenjapan.com/media/ogawara-dining-4022533.jpg,https://img.bokenjapan.com/media/ogawara-dining-4017028.jpg,matched own listing photo
miyagi/ogawara,47,あじわい亭  大河原店,https://img.bokenjapan.com/media/ogawara-dining-4023787.jpg,https://img.bokenjapan.com/media/ogawara-dining-4022533.jpg,matched own listing photo
miyagi/ogawara,48,早坂精肉店,https://img.bokenjapan.com/media/ogawara-dining-4016172.jpg,https://img.bokenjapan.com/media/ogawara-dining-4023787.jpg,matched own listing photo
miyagi/ogawara,49,ホルモン焼肉 ぷるぷる,https://img.bokenjapan.com/media/ogawara-dining-4008808.jpg,https://img.bokenjapan.com/media/ogawara-dining-4016172.jpg,matched own listing photo
miyagi/ogawara,50,ごっつぉうさん,https://img.bokenjapan.com/media/ogawara-dining-4021949.jpg,https://img.bokenjapan.com/media/ogawara-dining-4008808.jpg,matched own listing photo
miyagi/ogawara,51,おおがわら天然温泉いい湯,https://img.bokenjapan.com/media/ogawara-dining-4028317.jpg,https://img.bokenjapan.com/media/ogawara-dining-4021949.jpg,matched own listing photo
miyagi/ogawara,52,天ノ章,https://img.bokenjapan.com/media/ogawara-dining-4026261.jpg,https://img.bokenjapan.com/media/ogawara-dining-4028317.jpg,matched own listing photo
miyagi/ogawara,53,たこ焼き 福家,https://img.bokenjapan.com/media/ogawara-dining-4022296.jpg,https://img.bokenjapan.com/media/ogawara-dining-4026261.jpg,matched own listing photo
miyagi/ogawara,54,丸亀製麺 大河原店,https://img.bokenjapan.com/media/ogawara-dining-4028560.jpg,https://img.bokenjapan.com/media/ogawara-dining-4022296.jpg,matched own listing photo
miyagi/ogawara,55,大むら,https://img.bokenjapan.com/media/ogawara-dining-4009964.jpg,https://img.bokenjapan.com/media/ogawara-dining-4028560.jpg,matched own listing photo
miyagi/ogawara,56,居酒屋くじら,https://img.bokenjapan.com/media/ogawara-dining-4005194.jpg,https://img.bokenjapan.com/media/ogawara-dining-4009964.jpg,matched own listing photo
miyagi/ogawara,57,大ひょう,https://img.bokenjapan.com/media/ogawara-dining-4005448.jpg,https://img.bokenjapan.com/media/ogawara-dining-4005194.jpg,matched own listing photo
miyagi/ogawara,58,阿部蒲鉾店 大河原店,https://img.bokenjapan.com/media/ogawara-dining-4015007.jpg,https://img.bokenjapan.com/media/ogawara-dining-4005448.jpg,matched own listing photo
miyagi/ogawara,61,ガスト 仙南大河原店,https://img.bokenjapan.com/media/ogawara-dining-4006083.jpg,,photo belonged to another card; no own photo found
miyagi/ogawara,62,かっぱ寿司 大河原店,https://img.bokenjapan.com/media/ogawara-dining-4015115.jpg,https://img.bokenjapan.com/media/ogawara-dining-4006083.jpg,matched own listing photo
miyagi/ogawara,63,ミスタードーナツ 大河原バイパスショップ,https://img.bokenjapan.com/media/ogawara-dining-4016128.jpg,https://img.bokenjapan.com/media/ogawara-dining-4015115.jpg,matched own listing photo
miyagi/ogawara,64,焼肉冷麺やまなか家 大河原店,https://img.bokenjapan.com/media/ogawara-dining-4022175.jpg,https://img.bokenjapan.com/media/ogawara-dining-4016128.jpg,matched own listing photo
miyagi/ogawara,65,ペンギンベーカリー 大河原店,https://img.bokenjapan.com/media/ogawara-dining-4029036.jpg,https://img.bokenjapan.com/media/ogawara-dining-4022175.jpg,matched own listing photo
miyagi/ogawara,66,あじわいの朝 大河原店,https://img.bokenjapan.com/media/ogawara-dining-4023788.jpg,https://img.bokenjapan.com/media/ogawara-dining-4029036.jpg,matched own listing photo
miyagi/ogawara,67,すしたけ,https://img.bokenjapan.com/media/ogawara-dining-4011605.jpg,https://img.bokenjapan.com/media/ogawara-dining-4023788.jpg,matched own listing photo
miyagi/ogawara,68,惠カフェ,https://img.bokenjapan.com/media/ogawara-dining-4029180.jpg,https://img.bokenjapan.com/media/ogawara-dining-4011605.jpg,matched own listing photo
miyagi/ogawara,69,ファーストフード TUKAMOTO,https://img.bokenjapan.com/media/ogawara-dining-4023825.jpg,https://img.bokenjapan.com/media/ogawara-dining-4029180.jpg,matched own listing photo
miyagi/ogawara,70,500円食堂,https://img.bokenjapan.com/media/ogawara-dining-4029562.jpg,https://img.bokenjapan.com/media/ogawara-dining-4023825.jpg,matched own listing photo
miyagi/ogawara,71,吉野家 4号線大河原店,https://img.bokenjapan.com/media/ogawara-dining-4007431.jpg,https://img.bokenjapan.com/media/ogawara-dining-4029562.jpg,matched own listing photo
miyagi/ogawara,72,CoCo壱番屋 宮城大河原店,https://img.bokenjapan.com/media/ogawara-dining-4007309.jpg,https://img.bokenjapan.com/media/ogawara-dining-4007431.jpg,matched own listing photo
miyagi/ogawara,73,マクドナルド 大河原店,https://img.bokenjapan.com/media/ogawara-dining-4003168.jpg,https://img.bokenjapan.com/media/ogawara-dining-4007309.jpg,matched own listing photo
miyagi/ogawara,74,シャトレーゼ 大河原店,https://img.bokenjapan.com/media/ogawara-dining-4023769.jpg,https://img.bokenjapan.com/media/ogawara-dining-4003168.jpg,matched own listing photo
miyagi/ogawara,75,和風レストランまるまつ 大河原店,https://img.bokenjapan.com/media/ogawara-dining-4007327.jpg,https://img.bokenjapan.com/media/ogawara-dining-4023769.jpg,matched own listing photo
miyagi/ogawara,76,菓匠三全 大河原バイパス店,https://img.bokenjapan.com/media/ogawara-dining-4019001.jpg,https://img.bokenjapan.com/media/ogawara-dining-4007327.jpg,matched own listing photo
miyagi/ogawara,77,グリーンズカフェ,https://img.bokenjapan.com/media/ogawara-dining-4015783.jpg,https://img.bokenjapan.com/media/ogawara-dining-4019001.jpg,matched own listing photo
miyagi/ogawara,78,蔵王の昔飴本舗,https://img.bokenjapan.com/media/ogawara-dining-4018324.jpg,https://img.bokenjapan.com/media/ogawara-dining-4015783.jpg,matched own listing photo
miyagi/ogawara,81,居酒屋ささき,https://img.bokenjapan.com/media/ogawara-dining-4006005.jpg,,photo belonged to another card; no own photo found
miyagi/ogawara,82,喫茶室 桜,https://img.bokenjapan.com/media/ogawara-dining-4028256.jpg,https://img.bokenjapan.com/media/ogawara-dining-4006005.jpg,matched own listing photo
miyagi/ogawara,83,平禄寿司 大河原店,https://img.bokenjapan.com/media/ogawara-dining-4012366.jpg,https://img.bokenjapan.com/media/ogawara-dining-4028256.jpg,matched own listing photo
miyagi/ogawara,84,牛角 宮城大河原店,https://img.bokenjapan.com/media/ogawara-dining-4026687.jpg,https://img.bokenjapan.com/media/ogawara-dining-4012366.jpg,matched own listing photo
miyagi/ogawara,85,お茶の井ヶ田 喜久水庵 フォルテ大河原店,https://img.bokenjapan.com/media/ogawara-dining-4013512.jpg,https://img.bokenjapan.com/media/ogawara-dining-4026687.jpg,matched own listing photo
miyagi/ogawara,86,さくらフローラ,https://img.bokenjapan.com/media/ogawara-dining-4018413.jpg,,photo belonged to another card; no own photo found
miyagi/ogawara,87,ヤマキチ鮮魚,https://img.bokenjapan.com/media/ogawara-dining-4016059.jpg,https://img.bokenjapan.com/media/ogawara-dining-4018413.jpg,matched own listing photo
miyagi/ogawara,88,セブンイレブン 大河原高砂町店,https://img.bokenjapan.com/media/ogawara-dining-4017487.jpg,https://img.bokenjapan.com/media/ogawara-dining-4016059.jpg,matched own listing photo
miyagi/ogawara,89,ゆたか寿し,https://img.bokenjapan.com/media/ogawara-dining-4004595.jpg,https://img.bokenjapan.com/media/ogawara-dining-4017487.jpg,matched own listing photo
miyagi/ogawara,90,ケンタッキー フライドチキン 大河原店,https://img.bokenjapan.com/media/ogawara-dining-4006085.jpg,https://img.bokenjapan.com/media/ogawara-dining-4004595.jpg,matched own listing photo
miyagi/ogawara,91,福島丼丸 大河原店,https://img.bokenjapan.com/media/ogawara-dining-4019941.jpg,https://img.bokenjapan.com/media/ogawara-dining-4006085.jpg,matched own listing photo
miyagi/ogawara,92,やきとり大吉 大河原店,https://img.bokenjapan.com/media/ogawara-dining-4008218.jpg,https://img.bokenjapan.com/media/ogawara-dining-4019941.jpg,matched own listing photo
miyagi/ogawara,93,つつみ屋 大河原店,https://img.bokenjapan.com/media/ogawara-dining-4017911.jpg,https://img.bokenjapan.com/media/ogawara-dining-4008218.jpg,matched own listing photo
miyagi/ogawara,94,ほっともっと 大河原新桜町店,https://img.bokenjapan.com/media/ogawara-dining-4014166.jpg,https://img.bokenjapan.com/media/ogawara-dining-4017911.jpg,matched own listing photo
miyagi/ogawara,95,焼きたて屋 ケーヨーデイツー大河原店,https://img.bokenjapan.com/media/ogawara-dining-4022702.jpg,https://img.bokenjapan.com/media/ogawara-dining-4014166.jpg,matched own listing photo
miyagi/ogawara,96,丼屋 ごんちゃん 大河原店,https://img.bokenjapan.com/media/ogawara-dining-4023198.jpg,https://img.bokenjapan.com/media/ogawara-dining-4022702.jpg,matched own listing photo
miyagi/ogawara,97,セブンイレブン 大河原駅前店,https://img.bokenjapan.com/media/ogawara-dining-4016206.jpg,https://img.bokenjapan.com/media/ogawara-dining-4023198.jpg,matched own listing photo
miyagi/ogawara,100,ラルカンシェール みやぎ生協大河原店,https://img.bokenjapan.com/media/ogawara-dining-4024457.jpg,,photo belonged to another card; no own photo found
miyagi/ogawara,101,茶居珈,https://img.bokenjapan.com/media/ogawara-dining-4005463.jpg,https://img.bokenjapan.com/media/ogawara-dining-4024457.jpg,matched own listing photo
miyagi/ogawara,103,大河原商業高等学校 学生食堂,https://img.bokenjapan.com/media/ogawara-dining-4020988.jpg,https://img.bokenjapan.com/media/ogawara-dining-4005463.jpg,matched own listing photo
miyagi/ogawara,104,和洋亭　ぶざん,https://img.bokenjapan.com/media/ogawara-dining-4010403.jpg,https://img.bokenjapan.com/media/ogawara-dining-4020988.jpg,matched own listing photo
miyagi/ogawara,105,来栖珈琲店,https://img.bokenjapan.com/media/ogawara-dining-4029496.jpg,https://img.bokenjapan.com/media/ogawara-dining-4010403.jpg,matched own listing photo
miyagi/ogawara,106,LAWSON 大河原末広店,https://img.bokenjapan.com/media/ogawara-dining-4019422.jpg,https://img.bokenjapan.com/media/ogawara-dining-4029496.jpg,matched own listing photo
miyagi/ogawara,107,CLOCHE BAKERY,https://img.bokenjapan.com/media/ogawara-dining-4030297.jpg,https://img.bokenjapan.com/media/ogawara-dining-4019422.jpg,matched own listing photo
miyagi/ogawara,108,ファミリーマート 柴田農林高前店,https://img.bokenjapan.com/media/ogawara-dining-4019448.jpg,https://img.bokenjapan.com/media/ogawara-dining-4030297.jpg,matched own listing photo
miyagi/ogawara,109,三越大河原店,https://img.bokenjapan.com/media/ogawara-dining-4018189.jpg,https://img.bokenjapan.com/media/ogawara-dining-4019448.jpg,matched own listing photo
miyagi/ogawara,110,我妻製菓,https://img.bokenjapan.com/media/ogawara-dining-4019824.jpg,https://img.bokenjapan.com/media/ogawara-dining-4018189.jpg,matched own listing photo
miyagi/ogawara,111,みやぎ県南中核病院外来食堂,https://img.bokenjapan.com/media/ogawara-dining-4028188.jpg,https://img.bokenjapan.com/media/ogawara-dining-4019824.jpg,matched own listing photo
miyagi/ogawara,112,ファミリーマート 大河原高砂町店,https://img.bokenjapan.com/media/ogawara-dining-4018262.jpg,https://img.bokenjapan.com/media/ogawara-dining-4028188.jpg,matched own listing photo
miyagi/ogawara,113,お繁寿し,https://img.bokenjapan.com/media/ogawara-dining-4004545.jpg,https://img.bokenjapan.com/media/ogawara-dining-4018262.jpg,matched own listing photo
miyagi/ogawara,114,喫茶＆酒房やまざき,https://img.bokenjapan.com/media/ogawara-dining-4005289.jpg,https://img.bokenjapan.com/media/ogawara-dining-4004545.jpg,matched own listing photo
miyagi/ogawara,115,居酒屋 みさき,https://img.bokenjapan.com/media/ogawara-dining-4019981.jpg,https://img.bokenjapan.com/media/ogawara-dining-4005289.jpg,matched own listing photo
miyagi/ogawara,116,ロートレック,https://img.bokenjapan.com/media/ogawara-dining-4023601.jpg,https://img.bokenjapan.com/media/ogawara-dining-4019981.jpg,matched own listing photo
miyagi/ogawara,117,みやぎ生協 大河原店,https://img.bokenjapan.com/media/ogawara-dining-4019399.jpg,https://img.bokenjapan.com/media/ogawara-dining-4023601.jpg,matched own listing photo
miyagi/ogawara,120,菓匠三全 栄町店,https://img.bokenjapan.com/media/ogawara-dining-4020656.jpg,,photo belonged to another card; no own photo found
miyagi/ogawara,122,セブンイレブン  みやぎ県南中核病院,https://img.bokenjapan.com/media/ogawara-dining-4028189.jpg,https://img.bokenjapan.com/media/ogawara-dining-4020656.jpg,matched own listing photo
miyagi/ogawara,123,酒どころ 40・60,https://img.bokenjapan.com/media/ogawara-dining-4029497.jpg,https://img.bokenjapan.com/media/ogawara-dining-4028189.jpg,matched own listing photo
miyagi/ogawara,124,ギフトプラザ 大河原店,https://img.bokenjapan.com/media/ogawara-dining-4019153.jpg,https://img.bokenjapan.com/media/ogawara-dining-4029497.jpg,matched own listing photo
miyagi/ogawara,125,ちか酒場 呑み友,https://img.bokenjapan.com/media/ogawara-dining-4029500.jpg,https://img.bokenjapan.com/media/ogawara-dining-4019153.jpg,matched own listing photo
miyagi/ogawara,126,NewDays 大河原店,https://img.bokenjapan.com/media/ogawara-dining-4027611.jpg,https://img.bokenjapan.com/media/ogawara-dining-4029500.jpg,matched own listing photo
miyagi/ogawara,127,モビーディック,https://img.bokenjapan.com/media/ogawara-dining-4022075.jpg,https://img.bokenjapan.com/media/ogawara-dining-4027611.jpg,matched own listing photo
miyagi/ogawara,128,ゑびす屋本舗 大河原店,https://img.bokenjapan.com/media/ogawara-dining-4029853.jpg,https://img.bokenjapan.com/media/ogawara-dining-4022075.jpg,matched own listing photo
miyagi/ogawara,129,ヨークベニマル 大河原店,https://img.bokenjapan.com/media/ogawara-dining-4020422.jpg,https://img.bokenjapan.com/media/ogawara-dining-4029853.jpg,matched own listing photo
miyagi/ogawara,130,呑む処とんとん拍子,https://img.bokenjapan.com/media/ogawara-dining-4018339.jpg,https://img.bokenjapan.com/media/ogawara-dining-4020422.jpg,matched own listing photo
miyagi/ogawara,179,とんかつくさか,https://img.bokenjapan.com/media/ogawara-dining-ta7496623-p.webp,https://img.bokenjapan.com/media/ogawara-dining-ta29.jpg,matched own listing photo
miyagi/ogawara,185,清華,https://img.bokenjapan.com/media/ogawara-dining-ta7496654-p.webp,https://img.bokenjapan.com/media/ogawara-dining-ta9.jpg,matched own listing photo
miyagi/onagawa,2,女川海の膳ニューこのり,https://img.bokenjapan.com/media/onagawa-dining-4003356.jpg,,photo belonged to another card; no own photo found
miyagi/onagawa,3,まぐろ屋 明神丸,https://img.bokenjapan.com/media/onagawa-dining-4017851.jpg,https://img.bokenjapan.com/media/onagawa-dining-4003356.jpg,matched own listing photo
miyagi/onagawa,4,マザーポートコーヒー 女川店,https://img.bokenjapan.com/media/onagawa-dining-4017184.jpg,https://img.bokenjapan.com/media/onagawa-dining-4017851.jpg,matched own listing photo
miyagi/onagawa,5,三秀,https://img.bokenjapan.com/media/onagawa-dining-4020054.jpg,https://img.bokenjapan.com/media/onagawa-dining-4017184.jpg,matched own listing photo
miyagi/onagawa,6,金華楼,https://img.bokenjapan.com/media/onagawa-dining-4018012.jpg,https://img.bokenjapan.com/media/onagawa-dining-4020054.jpg,matched own listing photo
miyagi/onagawa,7,居酒屋 典典,https://img.bokenjapan.com/media/onagawa-dining-4018048.jpg,https://img.bokenjapan.com/media/onagawa-dining-4018012.jpg,matched own listing photo
miyagi/onagawa,8,ゴザイン,https://img.bokenjapan.com/media/onagawa-dining-4018520.jpg,https://img.bokenjapan.com/media/onagawa-dining-4018048.jpg,matched own listing photo
miyagi/onagawa,9,女川バーガー,https://img.bokenjapan.com/media/onagawa-dining-4026454.jpg,https://img.bokenjapan.com/media/onagawa-dining-4018520.jpg,matched own listing photo
miyagi/onagawa,10,イル ガッビアーノ,https://img.bokenjapan.com/media/onagawa-dining-4023221.jpg,,photo belonged to another card; no own photo found
miyagi/onagawa,11,高政 女川本店 万石の里,https://img.bokenjapan.com/media/onagawa-dining-4011924.jpg,https://img.bokenjapan.com/media/onagawa-dining-4023221.jpg,matched own listing photo
miyagi/onagawa,12,きらら女川,https://img.bokenjapan.com/media/onagawa-dining-4017323.jpg,https://img.bokenjapan.com/media/onagawa-dining-4011924.jpg,matched own listing photo
miyagi/onagawa,13,女川魚市場食堂,https://img.bokenjapan.com/media/onagawa-dining-4023953.jpg,https://img.bokenjapan.com/media/onagawa-dining-4017323.jpg,matched own listing photo
miyagi/onagawa,14,ガル屋,https://img.bokenjapan.com/media/onagawa-dining-4017520.jpg,https://img.bokenjapan.com/media/onagawa-dining-4023953.jpg,matched own listing photo
miyagi/onagawa,15,マルキチ女川浜めし屋,https://img.bokenjapan.com/media/onagawa-dining-4018768.jpg,https://img.bokenjapan.com/media/onagawa-dining-4017520.jpg,matched own listing photo
miyagi/onagawa,16,きらら女川 シーパルピア女川店,https://img.bokenjapan.com/media/onagawa-dining-4021292.jpg,https://img.bokenjapan.com/media/onagawa-dining-4018768.jpg,matched own listing photo
miyagi/onagawa,17,克丸鮮魚,https://img.bokenjapan.com/media/onagawa-dining-4017054.jpg,https://img.bokenjapan.com/media/onagawa-dining-4021292.jpg,matched own listing photo
miyagi/onagawa,20,食堂 おかずや,https://img.bokenjapan.com/media/onagawa-dining-4006332.jpg,,photo belonged to another card; no own photo found
miyagi/onagawa,21,女川スーパー おんまえや,https://img.bokenjapan.com/media/onagawa-dining-4023256.jpg,https://img.bokenjapan.com/media/onagawa-dining-4006332.jpg,matched own listing photo
miyagi/onagawa,22,さんまのヤマホン 女川ハマテラス店,https://img.bokenjapan.com/media/onagawa-dining-4028543.jpg,https://img.bokenjapan.com/media/onagawa-dining-4023256.jpg,matched own listing photo
miyagi/onagawa,23,いかや,https://img.bokenjapan.com/media/onagawa-dining-4003479.jpg,https://img.bokenjapan.com/media/onagawa-dining-4028543.jpg,matched own listing photo
miyagi/onagawa,24,GEN,https://img.bokenjapan.com/media/onagawa-dining-4024188.jpg,https://img.bokenjapan.com/media/onagawa-dining-4003479.jpg,matched own listing photo
miyagi/onagawa,25,ステイイン 鈴家,https://img.bokenjapan.com/media/onagawa-dining-4015926.jpg,https://img.bokenjapan.com/media/onagawa-dining-4024188.jpg,matched own listing photo
miyagi/onagawa,26,やきとりぶんぶん 中華料理 中華杜華,https://img.bokenjapan.com/media/onagawa-dining-4024973.jpg,https://img.bokenjapan.com/media/onagawa-dining-4015926.jpg,matched own listing photo
miyagi/onagawa,27,onagawa factory,https://img.bokenjapan.com/media/onagawa-dining-4024551.jpg,https://img.bokenjapan.com/media/onagawa-dining-4024973.jpg,matched own listing photo
miyagi/onagawa,28,SPICE CURRY Blue Coral Reef,https://img.bokenjapan.com/media/onagawa-dining-4027294.jpg,https://img.bokenjapan.com/media/onagawa-dining-4024551.jpg,matched own listing photo
miyagi/onagawa,29,おちゃっこクラブ,https://img.bokenjapan.com/media/onagawa-dining-4023828.jpg,https://img.bokenjapan.com/media/onagawa-dining-4027294.jpg,matched own listing photo
miyagi/onagawa,30,蒲鉾本舗 高政 シーパルピア女川店,https://img.bokenjapan.com/media/onagawa-dining-4019181.jpg,https://img.bokenjapan.com/media/onagawa-dining-4023828.jpg,matched own listing photo
miyagi/onagawa,31,女川温泉ゆぽっぽ,https://img.bokenjapan.com/media/onagawa-dining-4018795.jpg,https://img.bokenjapan.com/media/onagawa-dining-4019181.jpg,matched own listing photo
miyagi/onagawa,32,あがいんステーション,https://img.bokenjapan.com/media/onagawa-dining-4020638.jpg,https://img.bokenjapan.com/media/onagawa-dining-4018795.jpg,matched own listing photo
miyagi/onagawa,33,マリンパル女川　おさかな市場,https://img.bokenjapan.com/media/onagawa-dining-4012624.jpg,https://img.bokenjapan.com/media/onagawa-dining-4020638.jpg,matched own listing photo
miyagi/onagawa,34,セボラ,https://img.bokenjapan.com/media/onagawa-dining-4022514.jpg,https://img.bokenjapan.com/media/onagawa-dining-4012624.jpg,matched own listing photo
miyagi/onagawa,35,酒飯処 かぐら,https://img.bokenjapan.com/media/onagawa-dining-4027937.jpg,https://img.bokenjapan.com/media/onagawa-dining-4022514.jpg,matched own listing photo
miyagi/onagawa,36,バー シュガーシャック,https://img.bokenjapan.com/media/onagawa-dining-4019112.jpg,https://img.bokenjapan.com/media/onagawa-dining-4027937.jpg,matched own listing photo
miyagi/onagawa,37,女川銀鮭広報部,https://img.bokenjapan.com/media/onagawa-dining-4029978.jpg,https://img.bokenjapan.com/media/onagawa-dining-4019112.jpg,matched own listing photo
miyagi/onagawa,40,カフェさくら,https://img.bokenjapan.com/media/onagawa-dining-4016864.jpg,,photo belonged to another card; no own photo found
miyagi/onagawa,41,そば・和食処 花菖蒲,https://img.bokenjapan.com/media/onagawa-dining-4017904.jpg,https://img.bokenjapan.com/media/onagawa-dining-4016864.jpg,matched own listing photo
miyagi/onagawa,42,Garden.shouji,https://img.bokenjapan.com/media/onagawa-dining-4026550.jpg,https://img.bokenjapan.com/media/onagawa-dining-4017904.jpg,matched own listing photo
miyagi/onagawa,43,女川ショコラ,https://img.bokenjapan.com/media/onagawa-dining-4027502.jpg,https://img.bokenjapan.com/media/onagawa-dining-4026550.jpg,matched own listing photo
miyagi/onagawa,44,Hau'oli Deli シーパルピア女川店,https://img.bokenjapan.com/media/onagawa-dining-4029723.jpg,https://img.bokenjapan.com/media/onagawa-dining-4027502.jpg,matched own listing photo
miyagi/onagawa,45,炭火焼き鳥おあんつぁん,https://img.bokenjapan.com/media/onagawa-dining-4028681.jpg,https://img.bokenjapan.com/media/onagawa-dining-4029723.jpg,matched own listing photo
miyagi/onagawa,46,軽食キッチンきむら,https://img.bokenjapan.com/media/onagawa-dining-4019649.jpg,https://img.bokenjapan.com/media/onagawa-dining-4028681.jpg,matched own listing photo
miyagi/onagawa,47,アンベアーレ,https://img.bokenjapan.com/media/onagawa-dining-4024845.jpg,https://img.bokenjapan.com/media/onagawa-dining-4019649.jpg,matched own listing photo
miyagi/onagawa,48,喫茶つばめ,https://img.bokenjapan.com/media/onagawa-dining-4028190.jpg,https://img.bokenjapan.com/media/onagawa-dining-4024845.jpg,matched own listing photo
miyagi/onagawa,49,平初鮮魚店,https://img.bokenjapan.com/media/onagawa-dining-4023053.jpg,https://img.bokenjapan.com/media/onagawa-dining-4028190.jpg,matched own listing photo
miyagi/onagawa,50,おじか,https://img.bokenjapan.com/media/onagawa-dining-4001692.jpg,https://img.bokenjapan.com/media/onagawa-dining-4023053.jpg,matched own listing photo
miyagi/onagawa,51,OWL,https://img.bokenjapan.com/media/onagawa-dining-4014897.jpg,https://img.bokenjapan.com/media/onagawa-dining-4001692.jpg,matched own listing photo
miyagi/onagawa,52,IZAKAYA ようこ,https://img.bokenjapan.com/media/onagawa-dining-4025765.jpg,https://img.bokenjapan.com/media/onagawa-dining-4014897.jpg,matched own listing photo
miyagi/onagawa,53,セブンイレブン 宮城女川,https://img.bokenjapan.com/media/onagawa-dining-4016600.jpg,https://img.bokenjapan.com/media/onagawa-dining-4025765.jpg,matched own listing photo
miyagi/onagawa,54,居酒屋カフェ M,https://img.bokenjapan.com/media/onagawa-dining-4018059.jpg,https://img.bokenjapan.com/media/onagawa-dining-4016600.jpg,matched own listing photo
miyagi/onagawa,55,居酒屋ようこ,https://img.bokenjapan.com/media/onagawa-dining-4007295.jpg,https://img.bokenjapan.com/media/onagawa-dining-4018059.jpg,matched own listing photo
miyagi/onagawa,56,ファミリーマート 女川中央店,https://img.bokenjapan.com/media/onagawa-dining-4017813.jpg,https://img.bokenjapan.com/media/onagawa-dining-4007295.jpg,matched own listing photo
miyagi/onagawa,57,鮮冷,https://img.bokenjapan.com/media/onagawa-dining-4021066.jpg,https://img.bokenjapan.com/media/onagawa-dining-4017813.jpg,matched own listing photo
miyagi/onagawa,60,コミュニティスペース うみねこ,https://img.bokenjapan.com/media/onagawa-dining-4018766.jpg,,photo belonged to another card; no own photo found
miyagi/onagawa,61,兼宮商店,https://img.bokenjapan.com/media/onagawa-dining-4030238.jpg,https://img.bokenjapan.com/media/onagawa-dining-4018766.jpg,matched own listing photo
miyagi/osakishi,2,麺屋 奏,https://img.bokenjapan.com/media/osakishi-dining-4016672.jpg,,photo belonged to another card; no own photo found
miyagi/osakishi,3,富士屋 古川本店,https://img.bokenjapan.com/media/osakishi-dining-4000460.jpg,https://img.bokenjapan.com/media/osakishi-dining-4016672.jpg,matched own listing photo
miyagi/osakishi,4,寿し扇,https://img.bokenjapan.com/media/osakishi-dining-4008453.jpg,https://img.bokenjapan.com/media/osakishi-dining-4000460.jpg,matched own listing photo
miyagi/osakishi,5,餅処　深瀬,https://img.bokenjapan.com/media/osakishi-dining-4002106.jpg,https://img.bokenjapan.com/media/osakishi-dining-4008453.jpg,matched own listing photo
miyagi/osakishi,6,手打そば　もみじ野,https://img.bokenjapan.com/media/osakishi-dining-4002731.jpg,https://img.bokenjapan.com/media/osakishi-dining-4002106.jpg,matched own listing photo
miyagi/osakishi,7,自家製麺 仁,https://img.bokenjapan.com/media/osakishi-dining-4017705.jpg,https://img.bokenjapan.com/media/osakishi-dining-4002731.jpg,matched own listing photo
miyagi/osakishi,8,麺屋 いぶき,https://img.bokenjapan.com/media/osakishi-dining-4024292.jpg,https://img.bokenjapan.com/media/osakishi-dining-4017705.jpg,matched own listing photo
miyagi/osakishi,9,T’s,https://img.bokenjapan.com/media/osakishi-dining-4010758.jpg,https://img.bokenjapan.com/media/osakishi-dining-4024292.jpg,matched own listing photo
miyagi/osakishi,10,愉多工房,https://img.bokenjapan.com/media/osakishi-dining-4008556.jpg,https://img.bokenjapan.com/media/osakishi-dining-4010758.jpg,matched own listing photo
miyagi/osakishi,11,沖縄そば,https://img.bokenjapan.com/media/osakishi-dining-4000466.jpg,https://img.bokenjapan.com/media/osakishi-dining-4008556.jpg,matched own listing photo
miyagi/osakishi,12,担担麺家 たけうち,https://img.bokenjapan.com/media/osakishi-dining-4022327.jpg,https://img.bokenjapan.com/media/osakishi-dining-4000466.jpg,matched own listing photo
miyagi/osakishi,13,福建楼,https://img.bokenjapan.com/media/osakishi-dining-4003787.jpg,https://img.bokenjapan.com/media/osakishi-dining-4022327.jpg,matched own listing photo
miyagi/osakishi,14,大久商店 山の幸直売店,https://img.bokenjapan.com/media/osakishi-dining-4013532.jpg,https://img.bokenjapan.com/media/osakishi-dining-4003787.jpg,matched own listing photo
miyagi/osakishi,15,チャイニーズハウス北京,https://img.bokenjapan.com/media/osakishi-dining-4010934.jpg,https://img.bokenjapan.com/media/osakishi-dining-4013532.jpg,matched own listing photo
miyagi/osakishi,16,レストランふじ,https://img.bokenjapan.com/media/osakishi-dining-4005919.jpg,https://img.bokenjapan.com/media/osakishi-dining-4010934.jpg,matched own listing photo
miyagi/osakishi,17,貴州大飯店,https://img.bokenjapan.com/media/osakishi-dining-4005005.jpg,https://img.bokenjapan.com/media/osakishi-dining-4005919.jpg,matched own listing photo
miyagi/osakishi,18,ザビのカレー,https://img.bokenjapan.com/media/osakishi-dining-4024302.jpg,https://img.bokenjapan.com/media/osakishi-dining-4005005.jpg,matched own listing photo
miyagi/osakishi,19,マル寛そばや,https://img.bokenjapan.com/media/osakishi-dining-4011237.jpg,https://img.bokenjapan.com/media/osakishi-dining-4024302.jpg,matched own listing photo
miyagi/osakishi,22,藤治朗,https://img.bokenjapan.com/media/osakishi-dining-4022416.jpg,,photo belonged to another card; no own photo found
miyagi/osakishi,23,麺屋 匠,https://img.bokenjapan.com/media/osakishi-dining-4022205.jpg,https://img.bokenjapan.com/media/osakishi-dining-4022416.jpg,matched own listing photo
miyagi/osakishi,24,グリーンハウス,https://img.bokenjapan.com/media/osakishi-dining-4001117.jpg,https://img.bokenjapan.com/media/osakishi-dining-4022205.jpg,matched own listing photo
miyagi/osakishi,25,中華食堂 レンゲ,https://img.bokenjapan.com/media/osakishi-dining-4019364.jpg,https://img.bokenjapan.com/media/osakishi-dining-4001117.jpg,matched own listing photo
miyagi/osakishi,26,蕎壽庵,https://img.bokenjapan.com/media/osakishi-dining-4008972.jpg,https://img.bokenjapan.com/media/osakishi-dining-4019364.jpg,matched own listing photo
miyagi/osakishi,27,中華菜房 路,https://img.bokenjapan.com/media/osakishi-dining-4024213.jpg,https://img.bokenjapan.com/media/osakishi-dining-4008972.jpg,matched own listing photo
miyagi/osakishi,28,麺屋 千葉 JAPAN Miyagi,https://img.bokenjapan.com/media/osakishi-dining-4016991.jpg,https://img.bokenjapan.com/media/osakishi-dining-4024213.jpg,matched own listing photo
miyagi/osakishi,29,ラ パレット,https://img.bokenjapan.com/media/osakishi-dining-4007680.jpg,https://img.bokenjapan.com/media/osakishi-dining-4016991.jpg,matched own listing photo
miyagi/osakishi,30,たいこう,https://img.bokenjapan.com/media/osakishi-dining-4005751.jpg,https://img.bokenjapan.com/media/osakishi-dining-4007680.jpg,matched own listing photo
miyagi/osakishi,31,長者原サービスエリア 下り 軽食・フードコート,https://img.bokenjapan.com/media/osakishi-dining-4002718.jpg,https://img.bokenjapan.com/media/osakishi-dining-4005751.jpg,matched own listing photo
miyagi/osakishi,32,みそ伝 古川店,https://img.bokenjapan.com/media/osakishi-dining-4009514.jpg,https://img.bokenjapan.com/media/osakishi-dining-4002718.jpg,matched own listing photo
miyagi/osakishi,33,レストラン伊達,https://img.bokenjapan.com/media/osakishi-dining-4009540.jpg,https://img.bokenjapan.com/media/osakishi-dining-4009514.jpg,matched own listing photo
miyagi/osakishi,34,青柳,https://img.bokenjapan.com/media/osakishi-dining-4011116.jpg,https://img.bokenjapan.com/media/osakishi-dining-4009540.jpg,matched own listing photo
miyagi/osakishi,35,キッチン食堂　城山,https://img.bokenjapan.com/media/osakishi-dining-4003158.jpg,https://img.bokenjapan.com/media/osakishi-dining-4011116.jpg,matched own listing photo
miyagi/osakishi,36,ゑがほ食堂,https://img.bokenjapan.com/media/osakishi-dining-4000188.jpg,https://img.bokenjapan.com/media/osakishi-dining-4003158.jpg,matched own listing photo
miyagi/osakishi,37,海鮮　たくみ,https://img.bokenjapan.com/media/osakishi-dining-4010189.jpg,https://img.bokenjapan.com/media/osakishi-dining-4000188.jpg,matched own listing photo
miyagi/osakishi,38,炉ばた焼 せのび,https://img.bokenjapan.com/media/osakishi-dining-4025783.jpg,https://img.bokenjapan.com/media/osakishi-dining-4010189.jpg,matched own listing photo
miyagi/osakishi,39,味いちもんめ,https://img.bokenjapan.com/media/osakishi-dining-4005532.jpg,https://img.bokenjapan.com/media/osakishi-dining-4025783.jpg,matched own listing photo
miyagi/osakishi,42,もちべえ バイパス店,https://img.bokenjapan.com/media/osakishi-dining-4000257.jpg,,photo belonged to another card; no own photo found
miyagi/osakishi,43,ドライブイン川原,https://img.bokenjapan.com/media/osakishi-dining-4011763.jpg,https://img.bokenjapan.com/media/osakishi-dining-4000257.jpg,matched own listing photo
miyagi/osakishi,44,せいじん庵,https://img.bokenjapan.com/media/osakishi-dining-4003134.jpg,https://img.bokenjapan.com/media/osakishi-dining-4011763.jpg,matched own listing photo
miyagi/osakishi,45,鳴子峡レストハウス,https://img.bokenjapan.com/media/osakishi-dining-4010662.jpg,https://img.bokenjapan.com/media/osakishi-dining-4003134.jpg,matched own listing photo
miyagi/osakishi,46,コーヒーハウス純,https://img.bokenjapan.com/media/osakishi-dining-4003624.jpg,https://img.bokenjapan.com/media/osakishi-dining-4010662.jpg,matched own listing photo
miyagi/osakishi,47,川香菜房 2号店,https://img.bokenjapan.com/media/osakishi-dining-4010373.jpg,https://img.bokenjapan.com/media/osakishi-dining-4003624.jpg,matched own listing photo
miyagi/osakishi,48,八兆,https://img.bokenjapan.com/media/osakishi-dining-4008224.jpg,https://img.bokenjapan.com/media/osakishi-dining-4010373.jpg,matched own listing photo
miyagi/osakishi,49,あ･ら･伊達な道の駅,https://img.bokenjapan.com/media/osakishi-dining-4001822.jpg,https://img.bokenjapan.com/media/osakishi-dining-4008224.jpg,matched own listing photo
miyagi/osakishi,50,森乃館 古川店,https://img.bokenjapan.com/media/osakishi-dining-4010010.jpg,https://img.bokenjapan.com/media/osakishi-dining-4001822.jpg,matched own listing photo
miyagi/osakishi,51,なるみ観光ストアー,https://img.bokenjapan.com/media/osakishi-dining-4009130.jpg,https://img.bokenjapan.com/media/osakishi-dining-4010010.jpg,matched own listing photo
miyagi/osakishi,52,鉄兵衛 前田バイパス店,https://img.bokenjapan.com/media/osakishi-dining-4015130.jpg,https://img.bokenjapan.com/media/osakishi-dining-4009130.jpg,matched own listing photo
miyagi/osakishi,53,そば処 小花,https://img.bokenjapan.com/media/osakishi-dining-4001922.jpg,https://img.bokenjapan.com/media/osakishi-dining-4015130.jpg,matched own listing photo
miyagi/osakishi,54,とんかつ庄内 古川店,https://img.bokenjapan.com/media/osakishi-dining-4018322.jpg,https://img.bokenjapan.com/media/osakishi-dining-4001922.jpg,matched own listing photo
miyagi/osakishi,55,Warung Berkah Jaya,https://img.bokenjapan.com/media/osakishi-dining-4024930.jpg,https://img.bokenjapan.com/media/osakishi-dining-4018322.jpg,matched own listing photo
miyagi/osakishi,56,鳴子ホテル,https://img.bokenjapan.com/media/osakishi-dining-4003581.jpg,https://img.bokenjapan.com/media/osakishi-dining-4024930.jpg,matched own listing photo
miyagi/osakishi,57,ラーメンショップ椿 松山千石店,https://img.bokenjapan.com/media/osakishi-dining-4016024.jpg,https://img.bokenjapan.com/media/osakishi-dining-4003581.jpg,matched own listing photo
miyagi/osakishi,58,ラーメン食堂 ホームラン,https://img.bokenjapan.com/media/osakishi-dining-4018177.jpg,https://img.bokenjapan.com/media/osakishi-dining-4016024.jpg,matched own listing photo
miyagi/osakishi,59,五福の伊達ちゃんKitchen,https://img.bokenjapan.com/media/osakishi-dining-4024250.jpg,https://img.bokenjapan.com/media/osakishi-dining-4018177.jpg,matched own listing photo
miyagi/osakishi,62,ついてる,https://img.bokenjapan.com/media/osakishi-dining-4018781.jpg,,photo belonged to another card; no own photo found
miyagi/osakishi,63,道の駅三本木やまなみ,https://img.bokenjapan.com/media/osakishi-dining-4002995.jpg,https://img.bokenjapan.com/media/osakishi-dining-4018781.jpg,matched own listing photo
miyagi/osakishi,64,鳴子温泉 湯元 吉祥,https://img.bokenjapan.com/media/osakishi-dining-4018946.jpg,https://img.bokenjapan.com/media/osakishi-dining-4002995.jpg,matched own listing photo
miyagi/osakishi,65,カーステーション 岩出山店,https://img.bokenjapan.com/media/osakishi-dining-4011384.jpg,https://img.bokenjapan.com/media/osakishi-dining-4018946.jpg,matched own listing photo
miyagi/osakishi,66,カシュカシュ,https://img.bokenjapan.com/media/osakishi-dining-4014546.jpg,https://img.bokenjapan.com/media/osakishi-dining-4011384.jpg,matched own listing photo
miyagi/osakishi,67,大石パン店,https://img.bokenjapan.com/media/osakishi-dining-4011542.jpg,https://img.bokenjapan.com/media/osakishi-dining-4014546.jpg,matched own listing photo
miyagi/osakishi,68,手打ちそば 千秋庵,https://img.bokenjapan.com/media/osakishi-dining-4011747.jpg,https://img.bokenjapan.com/media/osakishi-dining-4011542.jpg,matched own listing photo
miyagi/osakishi,69,松倉,https://img.bokenjapan.com/media/osakishi-dining-4009637.jpg,https://img.bokenjapan.com/media/osakishi-dining-4011747.jpg,matched own listing photo
miyagi/osakishi,70,食堂みかぶ,https://img.bokenjapan.com/media/osakishi-dining-4010876.jpg,https://img.bokenjapan.com/media/osakishi-dining-4009637.jpg,matched own listing photo
miyagi/osakishi,71,よし乃や食堂,https://img.bokenjapan.com/media/osakishi-dining-4005899.jpg,https://img.bokenjapan.com/media/osakishi-dining-4010876.jpg,matched own listing photo
miyagi/osakishi,72,とり源,https://img.bokenjapan.com/media/osakishi-dining-4003402.jpg,https://img.bokenjapan.com/media/osakishi-dining-4005899.jpg,matched own listing photo
miyagi/osakishi,73,青い虹,https://img.bokenjapan.com/media/osakishi-dining-4013958.jpg,https://img.bokenjapan.com/media/osakishi-dining-4003402.jpg,matched own listing photo
miyagi/osakishi,74,銀まさ,https://img.bokenjapan.com/media/osakishi-dining-4006048.jpg,https://img.bokenjapan.com/media/osakishi-dining-4013958.jpg,matched own listing photo
miyagi/osakishi,75,小島屋,https://img.bokenjapan.com/media/osakishi-dining-4006895.jpg,https://img.bokenjapan.com/media/osakishi-dining-4006048.jpg,matched own listing photo
miyagi/osakishi,76,千丸家,https://img.bokenjapan.com/media/osakishi-dining-4024267.jpg,https://img.bokenjapan.com/media/osakishi-dining-4006895.jpg,matched own listing photo
miyagi/osakishi,77,釜平ラーメン,https://img.bokenjapan.com/media/osakishi-dining-4002247.jpg,https://img.bokenjapan.com/media/osakishi-dining-4024267.jpg,matched own listing photo
miyagi/osakishi,78,菅原食堂,https://img.bokenjapan.com/media/osakishi-dining-4014581.jpg,https://img.bokenjapan.com/media/osakishi-dining-4002247.jpg,matched own listing photo
miyagi/osakishi,79,鬼そば食堂 てつお,https://img.bokenjapan.com/media/osakishi-dining-4025600.jpg,https://img.bokenjapan.com/media/osakishi-dining-4014581.jpg,matched own listing photo
miyagi/osakishi,82,まるか食堂,https://img.bokenjapan.com/media/osakishi-dining-4030012.jpg,,photo belonged to another card; no own photo found
miyagi/osakishi,83,ラーメン ヒバリ カシマダイ,https://img.bokenjapan.com/media/osakishi-dining-4028476.jpg,https://img.bokenjapan.com/media/osakishi-dining-4030012.jpg,matched own listing photo
miyagi/osakishi,84,旬彩亭 秀,https://img.bokenjapan.com/media/osakishi-dining-4000988.jpg,https://img.bokenjapan.com/media/osakishi-dining-4028476.jpg,matched own listing photo
miyagi/osakishi,85,芭蕉庵,https://img.bokenjapan.com/media/osakishi-dining-4013811.jpg,https://img.bokenjapan.com/media/osakishi-dining-4000988.jpg,matched own listing photo
miyagi/osakishi,86,中国料理川香菜房,https://img.bokenjapan.com/media/osakishi-dining-4003785.jpg,https://img.bokenjapan.com/media/osakishi-dining-4013811.jpg,matched own listing photo
miyagi/osakishi,87,たかはし亭,https://img.bokenjapan.com/media/osakishi-dining-4012161.jpg,https://img.bokenjapan.com/media/osakishi-dining-4003785.jpg,matched own listing photo
miyagi/osakishi,88,割烹料理 石亭,https://img.bokenjapan.com/media/osakishi-dining-4003302.jpg,,photo belonged to another card; no own photo found
miyagi/osakishi,89,鳴子観光ホテル,https://img.bokenjapan.com/media/osakishi-dining-4008969.jpg,https://img.bokenjapan.com/media/osakishi-dining-4003302.jpg,matched own listing photo
miyagi/osakishi,90,鯛焼 みやび,https://img.bokenjapan.com/media/osakishi-dining-4025954.jpg,https://img.bokenjapan.com/media/osakishi-dining-4008969.jpg,matched own listing photo
miyagi/osakishi,91,大釜もつ煮 五右衛門 古川駅前店,https://img.bokenjapan.com/media/osakishi-dining-4023189.jpg,https://img.bokenjapan.com/media/osakishi-dining-4025954.jpg,matched own listing photo
miyagi/osakishi,92,花兄園ファーム たまごハウス,https://img.bokenjapan.com/media/osakishi-dining-4025176.jpg,https://img.bokenjapan.com/media/osakishi-dining-4023189.jpg,matched own listing photo
miyagi/osakishi,93,Barbare,https://img.bokenjapan.com/media/osakishi-dining-4018421.jpg,https://img.bokenjapan.com/media/osakishi-dining-4025176.jpg,matched own listing photo
miyagi/osakishi,94,さとのわ 光種,https://img.bokenjapan.com/media/osakishi-dining-4023741.jpg,https://img.bokenjapan.com/media/osakishi-dining-4018421.jpg,matched own listing photo
miyagi/osakishi,95,大黒屋,https://img.bokenjapan.com/media/osakishi-dining-4009323.jpg,https://img.bokenjapan.com/media/osakishi-dining-4023741.jpg,matched own listing photo
miyagi/osakishi,96,キーマカレーとチャイ なるせ堂,https://img.bokenjapan.com/media/osakishi-dining-4017035.jpg,https://img.bokenjapan.com/media/osakishi-dining-4009323.jpg,matched own listing photo
miyagi/osakishi,97,ラーメン ホルモン オールスター,https://img.bokenjapan.com/media/osakishi-dining-4020072.jpg,https://img.bokenjapan.com/media/osakishi-dining-4017035.jpg,matched own listing photo
miyagi/osakishi,98,ラーク プラス,https://img.bokenjapan.com/media/osakishi-dining-4007780.jpg,https://img.bokenjapan.com/media/osakishi-dining-4020072.jpg,matched own listing photo
miyagi/osakishi,102,リストランテ UEMON,https://img.bokenjapan.com/media/osakishi-dining-4022227.jpg,,photo belonged to another card; no own photo found
miyagi/osakishi,103,茶房クレイン,https://img.bokenjapan.com/media/osakishi-dining-4005298.jpg,https://img.bokenjapan.com/media/osakishi-dining-4022227.jpg,matched own listing photo
miyagi/osakishi,104,厚切りとんかつ よし平 大崎店,https://img.bokenjapan.com/media/osakishi-dining-4030112.jpg,https://img.bokenjapan.com/media/osakishi-dining-4005298.jpg,matched own listing photo
miyagi/osakishi,105,ごはん処 らいふ,https://img.bokenjapan.com/media/osakishi-dining-4026187.jpg,https://img.bokenjapan.com/media/osakishi-dining-4030112.jpg,matched own listing photo
miyagi/osakishi,106,食堂加藤屋,https://img.bokenjapan.com/media/osakishi-dining-4011173.jpg,https://img.bokenjapan.com/media/osakishi-dining-4026187.jpg,matched own listing photo
miyagi/osakishi,107,ドライブイン おーとり,https://img.bokenjapan.com/media/osakishi-dining-4002432.jpg,https://img.bokenjapan.com/media/osakishi-dining-4011173.jpg,matched own listing photo
miyagi/osakishi,108,銀の匙,https://img.bokenjapan.com/media/osakishi-dining-4004880.jpg,https://img.bokenjapan.com/media/osakishi-dining-4002432.jpg,matched own listing photo
miyagi/osakishi,109,オルガン堂 クラシックス,https://img.bokenjapan.com/media/osakishi-dining-4019209.jpg,https://img.bokenjapan.com/media/osakishi-dining-4004880.jpg,matched own listing photo
miyagi/osakishi,110,道の駅 おおさき,https://img.bokenjapan.com/media/osakishi-dining-4021929.jpg,https://img.bokenjapan.com/media/osakishi-dining-4019209.jpg,matched own listing photo
miyagi/osakishi,111,鉄兵衛,https://img.bokenjapan.com/media/osakishi-dining-4010293.jpg,https://img.bokenjapan.com/media/osakishi-dining-4021929.jpg,matched own listing photo
miyagi/osakishi,112,ハートフルランドジャージー牧場,https://img.bokenjapan.com/media/osakishi-dining-4010213.jpg,https://img.bokenjapan.com/media/osakishi-dining-4010293.jpg,matched own listing photo
miyagi/osakishi,113,ホテル亀屋,https://img.bokenjapan.com/media/osakishi-dining-4004879.jpg,https://img.bokenjapan.com/media/osakishi-dining-4010213.jpg,matched own listing photo
miyagi/osakishi,114,cafe gutto,https://img.bokenjapan.com/media/osakishi-dining-4026934.jpg,https://img.bokenjapan.com/media/osakishi-dining-4004879.jpg,matched own listing photo
miyagi/osakishi,115,気仙沼あさひ鮨 古川店,https://img.bokenjapan.com/media/osakishi-dining-4008209.jpg,https://img.bokenjapan.com/media/osakishi-dining-4026934.jpg,matched own listing photo
miyagi/osakishi,116,vin-ya jete ashigaru,https://img.bokenjapan.com/media/osakishi-dining-4003136.jpg,https://img.bokenjapan.com/media/osakishi-dining-4008209.jpg,matched own listing photo
miyagi/osakishi,117,おかしときっさ　たまごや,https://img.bokenjapan.com/media/osakishi-dining-4008973.jpg,https://img.bokenjapan.com/media/osakishi-dining-4003136.jpg,matched own listing photo
miyagi/osakishi,119,坪田菓子店,https://img.bokenjapan.com/media/osakishi-dining-4013554.jpg,,photo belonged to another card; no own photo found
miyagi/osakishi,120,らーめん田舎や,https://img.bokenjapan.com/media/osakishi-dining-4004210.jpg,https://img.bokenjapan.com/media/osakishi-dining-4013554.jpg,matched own listing photo
miyagi/osakishi,121,香満園,https://img.bokenjapan.com/media/osakishi-dining-4016322.jpg,https://img.bokenjapan.com/media/osakishi-dining-4004210.jpg,matched own listing photo
miyagi/osakishi,122,鳴子風雅,https://img.bokenjapan.com/media/osakishi-dining-4022285.jpg,https://img.bokenjapan.com/media/osakishi-dining-4016322.jpg,matched own listing photo
miyagi/osakishi,123,手打ち蕎麦 ふく,https://img.bokenjapan.com/media/osakishi-dining-4024171.jpg,https://img.bokenjapan.com/media/osakishi-dining-4022285.jpg,matched own listing photo
miyagi/osakishi,124,花山太右衛門商店 本店,https://img.bokenjapan.com/media/osakishi-dining-4010246.jpg,https://img.bokenjapan.com/media/osakishi-dining-4024171.jpg,matched own listing photo
miyagi/osakishi,125,cafe 六十三番屋敷,https://img.bokenjapan.com/media/osakishi-dining-4023406.jpg,https://img.bokenjapan.com/media/osakishi-dining-4010246.jpg,matched own listing photo
miyagi/osakishi,126,パティスリープロムナード,https://img.bokenjapan.com/media/osakishi-dining-4026057.jpg,https://img.bokenjapan.com/media/osakishi-dining-4023406.jpg,matched own listing photo
miyagi/osakishi,127,笙福飯店,https://img.bokenjapan.com/media/osakishi-dining-4005059.jpg,https://img.bokenjapan.com/media/osakishi-dining-4026057.jpg,matched own listing photo
miyagi/osakishi,128,寿司正,https://img.bokenjapan.com/media/osakishi-dining-4004705.jpg,https://img.bokenjapan.com/media/osakishi-dining-4005059.jpg,matched own listing photo
miyagi/osakishi,129,じょん'sキッチン,https://img.bokenjapan.com/media/osakishi-dining-4025922.jpg,https://img.bokenjapan.com/media/osakishi-dining-4004705.jpg,matched own listing photo
miyagi/osakishi,130,伊達ちゃんベーカリー,https://img.bokenjapan.com/media/osakishi-dining-4026070.jpg,https://img.bokenjapan.com/media/osakishi-dining-4025922.jpg,matched own listing photo
miyagi/osakishi,131,ラーメン　弘ちゃん,https://img.bokenjapan.com/media/osakishi-dining-4006823.jpg,https://img.bokenjapan.com/media/osakishi-dining-4026070.jpg,matched own listing photo
miyagi/osakishi,132,らぁめん家,https://img.bokenjapan.com/media/osakishi-dining-4029365.jpg,https://img.bokenjapan.com/media/osakishi-dining-4006823.jpg,matched own listing photo
miyagi/osakishi,133,あやか食堂,https://img.bokenjapan.com/media/osakishi-dining-4028527.jpg,https://img.bokenjapan.com/media/osakishi-dining-4029365.jpg,matched own listing photo
miyagi/osakishi,134,町田商店 大崎古川店,https://img.bokenjapan.com/media/osakishi-dining-4029150.jpg,https://img.bokenjapan.com/media/osakishi-dining-4028527.jpg,matched own listing photo
miyagi/osakishi,135,石崎屋,https://img.bokenjapan.com/media/osakishi-dining-4017389.jpg,https://img.bokenjapan.com/media/osakishi-dining-4029150.jpg,matched own listing photo
miyagi/osakishi,140,長者原サービスエリア(上り線),https://img.bokenjapan.com/media/osakishi-dining-4018131.jpg,,photo belonged to another card; no own photo found
miyagi/osakishi,141,ふじや食堂,https://img.bokenjapan.com/media/osakishi-dining-4001547.jpg,https://img.bokenjapan.com/media/osakishi-dining-4018131.jpg,matched own listing photo
miyagi/osakishi,142,まる,https://img.bokenjapan.com/media/osakishi-dining-4010501.jpg,https://img.bokenjapan.com/media/osakishi-dining-4001547.jpg,matched own listing photo
miyagi/osakishi,143,ふく福　そばいち,https://img.bokenjapan.com/media/osakishi-dining-4009412.jpg,https://img.bokenjapan.com/media/osakishi-dining-4010501.jpg,matched own listing photo
miyagi/osakishi,144,食事処 大賞,https://img.bokenjapan.com/media/osakishi-dining-4002535.jpg,https://img.bokenjapan.com/media/osakishi-dining-4009412.jpg,matched own listing photo
miyagi/osakishi,145,煉瓦場,https://img.bokenjapan.com/media/osakishi-dining-4009321.jpg,https://img.bokenjapan.com/media/osakishi-dining-4002535.jpg,matched own listing photo
miyagi/osakishi,146,旬味酒菜 中鉢,https://img.bokenjapan.com/media/osakishi-dining-4002460.jpg,https://img.bokenjapan.com/media/osakishi-dining-4009321.jpg,matched own listing photo
miyagi/osakishi,147,和膳 きたはま,https://img.bokenjapan.com/media/osakishi-dining-4002433.jpg,https://img.bokenjapan.com/media/osakishi-dining-4002460.jpg,matched own listing photo
miyagi/osakishi,148,大正堂,https://img.bokenjapan.com/media/osakishi-dining-4001811.jpg,https://img.bokenjapan.com/media/osakishi-dining-4002433.jpg,matched own listing photo
miyagi/osakishi,149,シャルマン,https://img.bokenjapan.com/media/osakishi-dining-4009425.jpg,https://img.bokenjapan.com/media/osakishi-dining-4001811.jpg,matched own listing photo
miyagi/osakishi,150,よきもの喜沢,https://img.bokenjapan.com/media/osakishi-dining-4012196.jpg,https://img.bokenjapan.com/media/osakishi-dining-4009425.jpg,matched own listing photo
miyagi/osakishi,151,ひとつぶ堂,https://img.bokenjapan.com/media/osakishi-dining-4008557.jpg,https://img.bokenjapan.com/media/osakishi-dining-4012196.jpg,matched own listing photo
miyagi/osakishi,152,とんかつ信ちゃん,https://img.bokenjapan.com/media/osakishi-dining-4008128.jpg,https://img.bokenjapan.com/media/osakishi-dining-4008557.jpg,matched own listing photo
miyagi/osakishi,153,花山太右衛門商店 バイパス店,https://img.bokenjapan.com/media/osakishi-dining-4002428.jpg,https://img.bokenjapan.com/media/osakishi-dining-4008128.jpg,matched own listing photo
miyagi/osakishi,156,かのや食堂,https://img.bokenjapan.com/media/osakishi-dining-4005695.jpg,,photo belonged to another card; no own photo found
miyagi/osakishi,157,あじわい亭,https://img.bokenjapan.com/media/osakishi-dining-4023247.jpg,https://img.bokenjapan.com/media/osakishi-dining-4005695.jpg,matched own listing photo
miyagi/osakishi,158,カフェテリア アメニティ,https://img.bokenjapan.com/media/osakishi-dining-4001564.jpg,https://img.bokenjapan.com/media/osakishi-dining-4023247.jpg,matched own listing photo
miyagi/osakishi,159,菅原おやきや,https://img.bokenjapan.com/media/osakishi-dining-4007920.jpg,https://img.bokenjapan.com/media/osakishi-dining-4001564.jpg,matched own listing photo
miyagi/osakishi,160,古川ミルクホール,https://img.bokenjapan.com/media/osakishi-dining-4005320.jpg,https://img.bokenjapan.com/media/osakishi-dining-4007920.jpg,matched own listing photo
miyagi/osakishi,161,準喫茶カガモク,https://img.bokenjapan.com/media/osakishi-dining-4021624.jpg,https://img.bokenjapan.com/media/osakishi-dining-4005320.jpg,matched own listing photo
miyagi/osakishi,162,パン工房 パンツクルヒト,https://img.bokenjapan.com/media/osakishi-dining-4018696.jpg,https://img.bokenjapan.com/media/osakishi-dining-4021624.jpg,matched own listing photo
miyagi/osakishi,163,紅葉軒,https://img.bokenjapan.com/media/osakishi-dining-4001966.jpg,https://img.bokenjapan.com/media/osakishi-dining-4018696.jpg,matched own listing photo
miyagi/osakishi,164,花もん,https://img.bokenjapan.com/media/osakishi-dining-4020618.jpg,https://img.bokenjapan.com/media/osakishi-dining-4001966.jpg,matched own listing photo
miyagi/osakishi,165,創作料理　誠 ～Makoto～,https://img.bokenjapan.com/media/osakishi-dining-4015694.jpg,https://img.bokenjapan.com/media/osakishi-dining-4020618.jpg,matched own listing photo
miyagi/osakishi,166,工房そばの実,https://img.bokenjapan.com/media/osakishi-dining-4014720.jpg,https://img.bokenjapan.com/media/osakishi-dining-4015694.jpg,matched own listing photo
miyagi/osakishi,167,カフェ ゆるリーフ,https://img.bokenjapan.com/media/osakishi-dining-4023099.jpg,https://img.bokenjapan.com/media/osakishi-dining-4014720.jpg,matched own listing photo
miyagi/osakishi,168,オレガノ,https://img.bokenjapan.com/media/osakishi-dining-4020374.jpg,https://img.bokenjapan.com/media/osakishi-dining-4023099.jpg,matched own listing photo
miyagi/osakishi,169,AIN PERLA,https://img.bokenjapan.com/media/osakishi-dining-4024224.jpg,https://img.bokenjapan.com/media/osakishi-dining-4020374.jpg,matched own listing photo
miyagi/osakishi,171,浜寿司,https://img.bokenjapan.com/media/osakishi-dining-4004801.jpg,,photo belonged to another card; no own photo found
miyagi/osakishi,172,鶏から揚げ専門 井上商店 古川駅前店,https://img.bokenjapan.com/media/osakishi-dining-4020426.jpg,https://img.bokenjapan.com/media/osakishi-dining-4004801.jpg,matched own listing photo
miyagi/osakishi,176,大江戸温泉物語 ますや,https://img.bokenjapan.com/media/osakishi-dining-4010304.jpg,,photo belonged to another card; no own photo found
miyagi/osakishi,177,蔵八亭 古川店,https://img.bokenjapan.com/media/osakishi-dining-4002499.jpg,https://img.bokenjapan.com/media/osakishi-dining-4010304.jpg,matched own listing photo
miyagi/osakishi,178,森栖,https://img.bokenjapan.com/media/osakishi-dining-4014058.jpg,https://img.bokenjapan.com/media/osakishi-dining-4002499.jpg,matched own listing photo
miyagi/osakishi,179,豪ーめん 古川店,https://img.bokenjapan.com/media/osakishi-dining-4021232.jpg,https://img.bokenjapan.com/media/osakishi-dining-4014058.jpg,matched own listing photo
miyagi/osakishi,180,麺屋 てんほう,https://img.bokenjapan.com/media/osakishi-dining-4029581.jpg,https://img.bokenjapan.com/media/osakishi-dining-4021232.jpg,matched own listing photo
miyagi/osakishi,181,カナマル,https://img.bokenjapan.com/media/osakishi-dining-4005239.jpg,https://img.bokenjapan.com/media/osakishi-dining-4029581.jpg,matched own listing photo
miyagi/osakishi,182,韋駄天や,https://img.bokenjapan.com/media/osakishi-dining-4027972.jpg,https://img.bokenjapan.com/media/osakishi-dining-4005239.jpg,matched own listing photo
miyagi/osakishi,183,キムラベーカリー,https://img.bokenjapan.com/media/osakishi-dining-4017318.jpg,https://img.bokenjapan.com/media/osakishi-dining-4027972.jpg,matched own listing photo
miyagi/osakishi,184,サンエトワール,https://img.bokenjapan.com/media/osakishi-dining-4009411.jpg,https://img.bokenjapan.com/media/osakishi-dining-4017318.jpg,matched own listing photo
miyagi/osakishi,185,ピッコロ,https://img.bokenjapan.com/media/osakishi-dining-4013434.jpg,https://img.bokenjapan.com/media/osakishi-dining-4009411.jpg,matched own listing photo
miyagi/osakishi,186,タウエモン バイパス店,https://img.bokenjapan.com/media/osakishi-dining-4013905.jpg,https://img.bokenjapan.com/media/osakishi-dining-4013434.jpg,matched own listing photo
miyagi/osakishi,187,自家製うどん福助,https://img.bokenjapan.com/media/osakishi-dining-4028771.jpg,https://img.bokenjapan.com/media/osakishi-dining-4013905.jpg,matched own listing photo
miyagi/osakishi,188,大坂屋,https://img.bokenjapan.com/media/osakishi-dining-4012180.jpg,https://img.bokenjapan.com/media/osakishi-dining-4028771.jpg,matched own listing photo
miyagi/osakishi,189,大衆酒場 げんてん,https://img.bokenjapan.com/media/osakishi-dining-4027163.jpg,https://img.bokenjapan.com/media/osakishi-dining-4012180.jpg,matched own listing photo
miyagi/osakishi,190,あまの食堂,https://img.bokenjapan.com/media/osakishi-dining-4025387.jpg,https://img.bokenjapan.com/media/osakishi-dining-4027163.jpg,matched own listing photo
miyagi/osakishi,192,加護坊温泉　さくらの湯,https://img.bokenjapan.com/media/osakishi-dining-4012826.jpg,,photo belonged to another card; no own photo found
miyagi/osakishi,193,幸花,https://img.bokenjapan.com/media/osakishi-dining-4005327.jpg,https://img.bokenjapan.com/media/osakishi-dining-4012826.jpg,matched own listing photo
miyagi/osakishi,194,ヤマロク 古川店,https://img.bokenjapan.com/media/osakishi-dining-4029484.jpg,https://img.bokenjapan.com/media/osakishi-dining-4005327.jpg,matched own listing photo
miyagi/osakishi,195,ビストロ割烹・侯,https://img.bokenjapan.com/media/osakishi-dining-4007741.jpg,https://img.bokenjapan.com/media/osakishi-dining-4029484.jpg,matched own listing photo
miyagi/osakishi,196,おもてなし 佳,https://img.bokenjapan.com/media/osakishi-dining-4020678.jpg,https://img.bokenjapan.com/media/osakishi-dining-4007741.jpg,matched own listing photo
miyagi/osakishi,197,ＲＥＳＴＡＵＲＡＮＴ ＆ ＢＡＲ　雅朧,https://img.bokenjapan.com/media/osakishi-dining-4003567.jpg,,photo belonged to another card; no own photo found
miyagi/osakishi,198,Smile Terrace,https://img.bokenjapan.com/media/osakishi-dining-4028940.jpg,https://img.bokenjapan.com/media/osakishi-dining-4003567.jpg,matched own listing photo
miyagi/osakishi,199,蔵,https://img.bokenjapan.com/media/osakishi-dining-4007283.jpg,https://img.bokenjapan.com/media/osakishi-dining-4028940.jpg,matched own listing photo
miyagi/osakishi,200,フリークス,https://img.bokenjapan.com/media/osakishi-dining-4011746.jpg,https://img.bokenjapan.com/media/osakishi-dining-4007283.jpg,matched own listing photo
miyagi/osakishi,201,食事処　はなまる,https://img.bokenjapan.com/media/osakishi-dining-4006551.jpg,https://img.bokenjapan.com/media/osakishi-dining-4011746.jpg,matched own listing photo
miyagi/osakishi,202,食事処 山崎,https://img.bokenjapan.com/media/osakishi-dining-4016846.jpg,https://img.bokenjapan.com/media/osakishi-dining-4006551.jpg,matched own listing photo
miyagi/osakishi,203,みつば屋,https://img.bokenjapan.com/media/osakishi-dining-4004315.jpg,https://img.bokenjapan.com/media/osakishi-dining-4016846.jpg,matched own listing photo
miyagi/osakishi,204,鶏から揚げ専門 井上商店 古川バイパス店,https://img.bokenjapan.com/media/osakishi-dining-4019648.jpg,https://img.bokenjapan.com/media/osakishi-dining-4004315.jpg,matched own listing photo
miyagi/osakishi,205,早坂食堂,https://img.bokenjapan.com/media/osakishi-dining-4005439.jpg,https://img.bokenjapan.com/media/osakishi-dining-4019648.jpg,matched own listing photo
miyagi/osakishi,208,長者原サービスエリア(下り線) ショッピングコーナー,https://img.bokenjapan.com/media/osakishi-dining-4010695.jpg,,photo belonged to another card; no own photo found
miyagi/osakishi,209,中央食堂,https://img.bokenjapan.com/media/osakishi-dining-4006242.jpg,https://img.bokenjapan.com/media/osakishi-dining-4010695.jpg,matched own listing photo
miyagi/osakishi,210,甚六,https://img.bokenjapan.com/media/osakishi-dining-4007851.jpg,https://img.bokenjapan.com/media/osakishi-dining-4006242.jpg,matched own listing photo
miyagi/osakishi,211,自家製麺 みや美,https://img.bokenjapan.com/media/osakishi-dining-4025522.jpg,https://img.bokenjapan.com/media/osakishi-dining-4007851.jpg,matched own listing photo
miyagi/osakishi,212,長者の茶屋,https://img.bokenjapan.com/media/osakishi-dining-4015584.jpg,https://img.bokenjapan.com/media/osakishi-dining-4025522.jpg,matched own listing photo
miyagi/osakishi,213,麺丼処 祝屋,https://img.bokenjapan.com/media/osakishi-dining-4008127.jpg,https://img.bokenjapan.com/media/osakishi-dining-4015584.jpg,matched own listing photo
miyagi/osakishi,214,千両食堂,https://img.bokenjapan.com/media/osakishi-dining-4005433.jpg,https://img.bokenjapan.com/media/osakishi-dining-4008127.jpg,matched own listing photo
miyagi/osakishi,215,肉バル BARBiG,https://img.bokenjapan.com/media/osakishi-dining-4024653.jpg,https://img.bokenjapan.com/media/osakishi-dining-4005433.jpg,matched own listing photo
miyagi/osakishi,216,京華苑,https://img.bokenjapan.com/media/osakishi-dining-4009306.jpg,https://img.bokenjapan.com/media/osakishi-dining-4024653.jpg,matched own listing photo
miyagi/osakishi,217,生蕎麦 登良家,https://img.bokenjapan.com/media/osakishi-dining-4001973.jpg,https://img.bokenjapan.com/media/osakishi-dining-4009306.jpg,matched own listing photo
miyagi/osakishi,218,SHIME,https://img.bokenjapan.com/media/osakishi-dining-4026742.jpg,https://img.bokenjapan.com/media/osakishi-dining-4001973.jpg,matched own listing photo
miyagi/osakishi,219,宝,https://img.bokenjapan.com/media/osakishi-dining-4028149.jpg,https://img.bokenjapan.com/media/osakishi-dining-4026742.jpg,matched own listing photo
miyagi/osakishi,220,潟沼レストハウス,https://img.bokenjapan.com/media/osakishi-dining-4009326.jpg,https://img.bokenjapan.com/media/osakishi-dining-4028149.jpg,matched own listing photo
miyagi/osakishi,221,レイナマリア,https://img.bokenjapan.com/media/osakishi-dining-4009640.jpg,https://img.bokenjapan.com/media/osakishi-dining-4009326.jpg,matched own listing photo
miyagi/osakishi,222,かんけつ泉 食堂,https://img.bokenjapan.com/media/osakishi-dining-4013497.jpg,https://img.bokenjapan.com/media/osakishi-dining-4009640.jpg,matched own listing photo
miyagi/osakishi,223,栄堂 穂波店,https://img.bokenjapan.com/media/osakishi-dining-4014403.jpg,https://img.bokenjapan.com/media/osakishi-dining-4013497.jpg,matched own listing photo
miyagi/osakishi,224,ワンショットバー NAM,https://img.bokenjapan.com/media/osakishi-dining-4000532.jpg,https://img.bokenjapan.com/media/osakishi-dining-4014403.jpg,matched own listing photo
miyagi/osakishi,227,Sevendays Coffee,https://img.bokenjapan.com/media/osakishi-dining-4026041.jpg,,photo belonged to another card; no own photo found
miyagi/osakishi,228,IVY COFFEE,https://img.bokenjapan.com/media/osakishi-dining-4027583.jpg,https://img.bokenjapan.com/media/osakishi-dining-4026041.jpg,matched own listing photo
miyagi/osakishi,231,CREA WEDDING&CAFE,https://img.bokenjapan.com/media/osakishi-dining-4027763.jpg,,photo belonged to another card; no own photo found
miyagi/osakishi,232,楓林,https://img.bokenjapan.com/media/osakishi-dining-4002045.jpg,https://img.bokenjapan.com/media/osakishi-dining-4027763.jpg,matched own listing photo
miyagi/osakishi,233,福よせ,https://img.bokenjapan.com/media/osakishi-dining-4009782.jpg,https://img.bokenjapan.com/media/osakishi-dining-4002045.jpg,matched own listing photo
miyagi/osakishi,234,ふるさと,https://img.bokenjapan.com/media/osakishi-dining-4016445.jpg,https://img.bokenjapan.com/media/osakishi-dining-4009782.jpg,matched own listing photo
miyagi/osakishi,235,木村食堂,https://img.bokenjapan.com/media/osakishi-dining-4007134.jpg,https://img.bokenjapan.com/media/osakishi-dining-4016445.jpg,matched own listing photo
miyagi/osakishi,236,新富,https://img.bokenjapan.com/media/osakishi-dining-4006941.jpg,https://img.bokenjapan.com/media/osakishi-dining-4007134.jpg,matched own listing photo
miyagi/osakishi,237,たんたん,https://img.bokenjapan.com/media/osakishi-dining-4013119.jpg,https://img.bokenjapan.com/media/osakishi-dining-4006941.jpg,matched own listing photo
miyagi/osakishi,240,ゑんどうや,https://img.bokenjapan.com/media/osakishi-dining-4006685.jpg,,photo belonged to another card; no own photo found
miyagi/osakishi,241,スヌーズ,https://img.bokenjapan.com/media/osakishi-dining-4012653.jpg,https://img.bokenjapan.com/media/osakishi-dining-4006685.jpg,matched own listing photo
miyagi/osakishi,242,徳十郎屋,https://img.bokenjapan.com/media/osakishi-dining-4023758.jpg,https://img.bokenjapan.com/media/osakishi-dining-4012653.jpg,matched own listing photo
miyagi/osakishi,243,丸長食堂,https://img.bokenjapan.com/media/osakishi-dining-4006746.jpg,https://img.bokenjapan.com/media/osakishi-dining-4023758.jpg,matched own listing photo
miyagi/osakishi,244,加護坊 四季彩館,https://img.bokenjapan.com/media/osakishi-dining-4008506.jpg,https://img.bokenjapan.com/media/osakishi-dining-4006746.jpg,matched own listing photo
miyagi/osakishi,245,ひまわり ヤマザワ古川バイパス店,https://img.bokenjapan.com/media/osakishi-dining-4014440.jpg,https://img.bokenjapan.com/media/osakishi-dining-4008506.jpg,matched own listing photo
miyagi/osakishi,246,枝カフェ,https://img.bokenjapan.com/media/osakishi-dining-4026907.jpg,https://img.bokenjapan.com/media/osakishi-dining-4014440.jpg,matched own listing photo
miyagi/osakishi,247,京屋食堂,https://img.bokenjapan.com/media/osakishi-dining-4006213.jpg,https://img.bokenjapan.com/media/osakishi-dining-4026907.jpg,matched own listing photo
miyagi/osakishi,248,手延べうどん　むぎの里 古川店,https://img.bokenjapan.com/media/osakishi-dining-4008502.jpg,,photo belonged to another card; no own photo found
miyagi/osakishi,249,うめぇがすと,https://img.bokenjapan.com/media/osakishi-dining-4020628.jpg,https://img.bokenjapan.com/media/osakishi-dining-4008502.jpg,matched own listing photo
miyagi/osakishi,250,いろは食堂 第三支店,https://img.bokenjapan.com/media/osakishi-dining-4016868.jpg,https://img.bokenjapan.com/media/osakishi-dining-4020628.jpg,matched own listing photo
miyagi/osakishi,251,味かく屋,https://img.bokenjapan.com/media/osakishi-dining-4010794.jpg,https://img.bokenjapan.com/media/osakishi-dining-4016868.jpg,matched own listing photo
miyagi/osakishi,252,十八番,https://img.bokenjapan.com/media/osakishi-dining-4006266.jpg,https://img.bokenjapan.com/media/osakishi-dining-4010794.jpg,matched own listing photo
miyagi/osakishi,253,ロブスター,https://img.bokenjapan.com/media/osakishi-dining-4005928.jpg,https://img.bokenjapan.com/media/osakishi-dining-4006266.jpg,matched own listing photo
miyagi/osakishi,254,ホルモンセンターあかしろ,https://img.bokenjapan.com/media/osakishi-dining-4004314.jpg,https://img.bokenjapan.com/media/osakishi-dining-4005928.jpg,matched own listing photo
miyagi/osakishi,255,彩‐彩,https://img.bokenjapan.com/media/osakishi-dining-4003352.jpg,https://img.bokenjapan.com/media/osakishi-dining-4004314.jpg,matched own listing photo
miyagi/osakishi,258,鶏から揚げ専門 井上商店 古川稲葉店,https://img.bokenjapan.com/media/osakishi-dining-4022368.jpg,,photo belonged to another card; no own photo found
miyagi/osakishi,259,食道苑,https://img.bokenjapan.com/media/osakishi-dining-4006934.jpg,https://img.bokenjapan.com/media/osakishi-dining-4022368.jpg,matched own listing photo
miyagi/osakishi,260,御食事処 かんちゃん,https://img.bokenjapan.com/media/osakishi-dining-4029055.jpg,https://img.bokenjapan.com/media/osakishi-dining-4006934.jpg,matched own listing photo
miyagi/osakishi,261,志ちゃん,https://img.bokenjapan.com/media/osakishi-dining-4014222.jpg,https://img.bokenjapan.com/media/osakishi-dining-4029055.jpg,matched own listing photo
miyagi/osakishi,262,(卸)仙台食肉センター,https://img.bokenjapan.com/media/osakishi-dining-4012090.jpg,https://img.bokenjapan.com/media/osakishi-dining-4014222.jpg,matched own listing photo
miyagi/osakishi,263,レストラン二葉亭,https://img.bokenjapan.com/media/osakishi-dining-4005920.jpg,https://img.bokenjapan.com/media/osakishi-dining-4012090.jpg,matched own listing photo
miyagi/osakishi,264,寿しまるでん,https://img.bokenjapan.com/media/osakishi-dining-4004685.jpg,https://img.bokenjapan.com/media/osakishi-dining-4005920.jpg,matched own listing photo
miyagi/osakishi,265,わかば食堂,https://img.bokenjapan.com/media/osakishi-dining-4006678.jpg,https://img.bokenjapan.com/media/osakishi-dining-4004685.jpg,matched own listing photo
miyagi/osakishi,266,焼肉食堂 清和,https://img.bokenjapan.com/media/osakishi-dining-4028948.jpg,https://img.bokenjapan.com/media/osakishi-dining-4006678.jpg,matched own listing photo
miyagi/osakishi,267,ジャンク,https://img.bokenjapan.com/media/osakishi-dining-4005251.jpg,https://img.bokenjapan.com/media/osakishi-dining-4028948.jpg,matched own listing photo
miyagi/osakishi,268,きゅうせい堂,https://img.bokenjapan.com/media/osakishi-dining-4014813.jpg,https://img.bokenjapan.com/media/osakishi-dining-4005251.jpg,matched own listing photo
miyagi/osakishi,269,APA HOTEL 宮城古川駅前,https://img.bokenjapan.com/media/osakishi-dining-4027420.jpg,https://img.bokenjapan.com/media/osakishi-dining-4014813.jpg,matched own listing photo
miyagi/osakishi,270,しあわせcafe,https://img.bokenjapan.com/media/osakishi-dining-4024032.jpg,https://img.bokenjapan.com/media/osakishi-dining-4027420.jpg,matched own listing photo
miyagi/osakishi,271,ドライブインかとう,https://img.bokenjapan.com/media/osakishi-dining-4014845.jpg,https://img.bokenjapan.com/media/osakishi-dining-4024032.jpg,matched own listing photo
miyagi/osakishi,272,HATANAKA COFFEE ROASTER,https://img.bokenjapan.com/media/osakishi-dining-4029716.jpg,https://img.bokenjapan.com/media/osakishi-dining-4014845.jpg,matched own listing photo
miyagi/osakishi,273,カフェ アット ホーム,https://img.bokenjapan.com/media/osakishi-dining-4022671.jpg,https://img.bokenjapan.com/media/osakishi-dining-4029716.jpg,matched own listing photo
miyagi/osakishi,274,ひさご食堂,https://img.bokenjapan.com/media/osakishi-dining-4006561.jpg,https://img.bokenjapan.com/media/osakishi-dining-4022671.jpg,matched own listing photo
miyagi/osakishi,275,みちのく煎餅本舗,https://img.bokenjapan.com/media/osakishi-dining-4014767.jpg,https://img.bokenjapan.com/media/osakishi-dining-4006561.jpg,matched own listing photo
miyagi/osakishi,278,Cafe Repos,https://img.bokenjapan.com/media/osakishi-dining-4011204.jpg,,photo belonged to another card; no own photo found
miyagi/osakishi,279,フード パワー ビーンズ,https://img.bokenjapan.com/media/osakishi-dining-4016050.jpg,https://img.bokenjapan.com/media/osakishi-dining-4011204.jpg,matched own listing photo
miyagi/osakishi,280,さんぽ路,https://img.bokenjapan.com/media/osakishi-dining-4023756.jpg,https://img.bokenjapan.com/media/osakishi-dining-4016050.jpg,matched own listing photo
miyagi/osakishi,281,菓子工房　栄堂 台町店,https://img.bokenjapan.com/media/osakishi-dining-4009355.jpg,https://img.bokenjapan.com/media/osakishi-dining-4023756.jpg,matched own listing photo
miyagi/osakishi,282,しんとろの湯,https://img.bokenjapan.com/media/osakishi-dining-4016177.jpg,https://img.bokenjapan.com/media/osakishi-dining-4009355.jpg,matched own listing photo
miyagi/osakishi,283,みやもと,https://img.bokenjapan.com/media/osakishi-dining-4014770.jpg,https://img.bokenjapan.com/media/osakishi-dining-4016177.jpg,matched own listing photo
miyagi/osakishi,284,あんどー,https://img.bokenjapan.com/media/osakishi-dining-4015453.jpg,https://img.bokenjapan.com/media/osakishi-dining-4014770.jpg,matched own listing photo
miyagi/osakishi,285,楽味亭　○　大山,https://img.bokenjapan.com/media/osakishi-dining-4011227.jpg,https://img.bokenjapan.com/media/osakishi-dining-4015453.jpg,matched own listing photo
miyagi/osakishi,286,シネマリオーネ古川,https://img.bokenjapan.com/media/osakishi-dining-4026922.jpg,https://img.bokenjapan.com/media/osakishi-dining-4011227.jpg,matched own listing photo
miyagi/osakishi,287,ごっぱち,https://img.bokenjapan.com/media/osakishi-dining-4029865.jpg,https://img.bokenjapan.com/media/osakishi-dining-4026922.jpg,matched own listing photo
miyagi/osakishi,288,まさ膳 ひかり,https://img.bokenjapan.com/media/osakishi-dining-4020318.jpg,https://img.bokenjapan.com/media/osakishi-dining-4029865.jpg,matched own listing photo
miyagi/osakishi,289,おむすびCafe＆barsakurako,https://img.bokenjapan.com/media/osakishi-dining-4028704.jpg,https://img.bokenjapan.com/media/osakishi-dining-4020318.jpg,matched own listing photo
miyagi/osakishi,290,オレンジかふぇ,https://img.bokenjapan.com/media/osakishi-dining-4022257.jpg,https://img.bokenjapan.com/media/osakishi-dining-4028704.jpg,matched own listing photo
miyagi/osakishi,291,つつみ屋 大崎古川店,https://img.bokenjapan.com/media/osakishi-dining-4015108.jpg,https://img.bokenjapan.com/media/osakishi-dining-4022257.jpg,matched own listing photo
miyagi/osakishi,292,しあわせcafe 大崎市図書館店,https://img.bokenjapan.com/media/osakishi-dining-4026900.jpg,https://img.bokenjapan.com/media/osakishi-dining-4015108.jpg,matched own listing photo
miyagi/osakishi,293,ちょっとはぃったとこの、居酒屋。,https://img.bokenjapan.com/media/osakishi-dining-4028251.jpg,https://img.bokenjapan.com/media/osakishi-dining-4026900.jpg,matched own listing photo
miyagi/osakishi,294,YON,https://img.bokenjapan.com/media/osakishi-dining-4027017.jpg,https://img.bokenjapan.com/media/osakishi-dining-4028251.jpg,matched own listing photo
miyagi/osakishi,295,おおいしや,https://img.bokenjapan.com/media/osakishi-dining-4021390.jpg,https://img.bokenjapan.com/media/osakishi-dining-4027017.jpg,matched own listing photo
miyagi/osakishi,297,伊藤商店 古川店,https://img.bokenjapan.com/media/osakishi-dining-4020542.jpg,,photo belonged to another card; no own photo found
miyagi/osakishi,298,焼肉冷麺やまなか家 古川店,https://img.bokenjapan.com/media/osakishi-dining-4003523.jpg,https://img.bokenjapan.com/media/osakishi-dining-4020542.jpg,matched own listing photo
miyagi/osakishi,299,寧々家 古川駅前店,https://img.bokenjapan.com/media/osakishi-dining-4011983.jpg,https://img.bokenjapan.com/media/osakishi-dining-4003523.jpg,matched own listing photo
miyagi/osakishi,300,丸亀製麺 古川中島,https://img.bokenjapan.com/media/osakishi-dining-4025553.jpg,https://img.bokenjapan.com/media/osakishi-dining-4011983.jpg,matched own listing photo
miyagi/osakishi,301,ホテルルートイン 古川駅前,https://img.bokenjapan.com/media/osakishi-dining-4013727.jpg,https://img.bokenjapan.com/media/osakishi-dining-4025553.jpg,matched own listing photo
miyagi/osakishi,302,一ノ蔵,https://img.bokenjapan.com/media/osakishi-dining-4012300.jpg,https://img.bokenjapan.com/media/osakishi-dining-4013727.jpg,matched own listing photo
miyagi/osakishi,303,遠藤屋嘉吉,https://img.bokenjapan.com/media/osakishi-dining-4009329.jpg,https://img.bokenjapan.com/media/osakishi-dining-4012300.jpg,matched own listing photo
miyagi/osakishi,304,新澤醸造店,https://img.bokenjapan.com/media/osakishi-dining-4016225.jpg,https://img.bokenjapan.com/media/osakishi-dining-4009329.jpg,matched own listing photo
miyagi/osakishi,305,すがわら,https://img.bokenjapan.com/media/osakishi-dining-4008801.jpg,https://img.bokenjapan.com/media/osakishi-dining-4016225.jpg,matched own listing photo
miyagi/osakishi,306,ゆの駅 しんとろ,https://img.bokenjapan.com/media/osakishi-dining-4019677.jpg,https://img.bokenjapan.com/media/osakishi-dining-4008801.jpg,matched own listing photo
miyagi/osakishi,307,海山,https://img.bokenjapan.com/media/osakishi-dining-4006735.jpg,https://img.bokenjapan.com/media/osakishi-dining-4019677.jpg,matched own listing photo
miyagi/osakishi,308,華の蔵,https://img.bokenjapan.com/media/osakishi-dining-4009513.jpg,https://img.bokenjapan.com/media/osakishi-dining-4006735.jpg,matched own listing photo
miyagi/osakishi,309,花おりの湯,https://img.bokenjapan.com/media/osakishi-dining-4013528.jpg,https://img.bokenjapan.com/media/osakishi-dining-4009513.jpg,matched own listing photo
miyagi/osakishi,310,しゃぶ亭 こまち,https://img.bokenjapan.com/media/osakishi-dining-4000327.jpg,https://img.bokenjapan.com/media/osakishi-dining-4013528.jpg,matched own listing photo
miyagi/osakishi,311,レストハウスかむろ,https://img.bokenjapan.com/media/osakishi-dining-4012987.jpg,https://img.bokenjapan.com/media/osakishi-dining-4000327.jpg,matched own listing photo
miyagi/osakishi,312,Bar ajit,https://img.bokenjapan.com/media/osakishi-dining-4008702.jpg,https://img.bokenjapan.com/media/osakishi-dining-4012987.jpg,matched own listing photo
miyagi/osakishi,313,やきとり ゆう助,https://img.bokenjapan.com/media/osakishi-dining-4027280.jpg,https://img.bokenjapan.com/media/osakishi-dining-4008702.jpg,matched own listing photo
miyagi/osakishi,314,ひさご菓子店,https://img.bokenjapan.com/media/osakishi-dining-4015072.jpg,https://img.bokenjapan.com/media/osakishi-dining-4027280.jpg,matched own listing photo
miyagi/osakishi,317,旬屋 古川店,https://img.bokenjapan.com/media/osakishi-dining-4014626.jpg,,photo belonged to another card; no own photo found
miyagi/osakishi,318,ファーストフード 21 スーパーセンタートラスト岩出山店,https://img.bokenjapan.com/media/osakishi-dining-4019079.jpg,https://img.bokenjapan.com/media/osakishi-dining-4014626.jpg,matched own listing photo
miyagi/osakishi,319,Sawa,https://img.bokenjapan.com/media/osakishi-dining-4016928.jpg,https://img.bokenjapan.com/media/osakishi-dining-4019079.jpg,matched own listing photo
miyagi/osakishi,320,ウジエスーパー 岩出山店,https://img.bokenjapan.com/media/osakishi-dining-4025676.jpg,https://img.bokenjapan.com/media/osakishi-dining-4016928.jpg,matched own listing photo
miyagi/osakishi,321,ニコカフェ,https://img.bokenjapan.com/media/osakishi-dining-4013682.jpg,https://img.bokenjapan.com/media/osakishi-dining-4025676.jpg,matched own listing photo
miyagi/osakishi,322,旬菜呑処こけし,https://img.bokenjapan.com/media/osakishi-dining-4003832.jpg,,photo belonged to another card; no own photo found
miyagi/osakishi,323,楽屋,https://img.bokenjapan.com/media/osakishi-dining-4004055.jpg,https://img.bokenjapan.com/media/osakishi-dining-4003832.jpg,matched own listing photo
miyagi/osakishi,324,いたがき菜店,https://img.bokenjapan.com/media/osakishi-dining-4007363.jpg,https://img.bokenjapan.com/media/osakishi-dining-4004055.jpg,matched own listing photo
miyagi/osakishi,325,新田菓子店,https://img.bokenjapan.com/media/osakishi-dining-4009452.jpg,https://img.bokenjapan.com/media/osakishi-dining-4007363.jpg,matched own listing photo
miyagi/osakishi,326,カルン ザ・ビッグ鹿島台店,https://img.bokenjapan.com/media/osakishi-dining-4016374.jpg,https://img.bokenjapan.com/media/osakishi-dining-4009452.jpg,matched own listing photo
miyagi/osakishi,327,ブルーファームカフェ,https://img.bokenjapan.com/media/osakishi-dining-4018312.jpg,https://img.bokenjapan.com/media/osakishi-dining-4016374.jpg,matched own listing photo
miyagi/osakishi,328,松月堂,https://img.bokenjapan.com/media/osakishi-dining-4015703.jpg,https://img.bokenjapan.com/media/osakishi-dining-4018312.jpg,matched own listing photo
miyagi/osakishi,329,ひまわり ヤマザワ古川北店,https://img.bokenjapan.com/media/osakishi-dining-4014193.jpg,https://img.bokenjapan.com/media/osakishi-dining-4015703.jpg,matched own listing photo
miyagi/osakishi,330,旬菜ゆるり,https://img.bokenjapan.com/media/osakishi-dining-4007678.jpg,https://img.bokenjapan.com/media/osakishi-dining-4014193.jpg,matched own listing photo
miyagi/osakishi,331,駅前食堂 とみ田,https://img.bokenjapan.com/media/osakishi-dining-4022395.jpg,https://img.bokenjapan.com/media/osakishi-dining-4007678.jpg,matched own listing photo
miyagi/osakishi,332,大名弁当 駅南店,https://img.bokenjapan.com/media/osakishi-dining-4017480.jpg,https://img.bokenjapan.com/media/osakishi-dining-4022395.jpg,matched own listing photo
miyagi/osakishi,333,ビストロ てっちゃん,https://img.bokenjapan.com/media/osakishi-dining-4025290.jpg,https://img.bokenjapan.com/media/osakishi-dining-4017480.jpg,matched own listing photo
miyagi/osakishi,334,飲み喰い処 美味鳥,https://img.bokenjapan.com/media/osakishi-dining-4027876.jpg,https://img.bokenjapan.com/media/osakishi-dining-4025290.jpg,matched own listing photo
miyagi/osakishi,337,ととや,https://img.bokenjapan.com/media/osakishi-dining-4005150.jpg,,photo belonged to another card; no own photo found
miyagi/osakishi,338,咲楽亭,https://img.bokenjapan.com/media/osakishi-dining-4025947.jpg,https://img.bokenjapan.com/media/osakishi-dining-4005150.jpg,matched own listing photo
miyagi/osakishi,339,千成,https://img.bokenjapan.com/media/osakishi-dining-4005432.jpg,https://img.bokenjapan.com/media/osakishi-dining-4025947.jpg,matched own listing photo
miyagi/osakishi,340,ノースイースト,https://img.bokenjapan.com/media/osakishi-dining-4023320.jpg,https://img.bokenjapan.com/media/osakishi-dining-4005432.jpg,matched own listing photo
miyagi/osakishi,341,GRILL RESTAURANT CHOJYAHARA,https://img.bokenjapan.com/media/osakishi-dining-4029788.jpg,https://img.bokenjapan.com/media/osakishi-dining-4023320.jpg,matched own listing photo
miyagi/osakishi,342,和処 ゆう,https://img.bokenjapan.com/media/osakishi-dining-4029448.jpg,https://img.bokenjapan.com/media/osakishi-dining-4029788.jpg,matched own listing photo
miyagi/osakishi,343,コーヒービーンズショップ ナタール,https://img.bokenjapan.com/media/osakishi-dining-4021721.jpg,https://img.bokenjapan.com/media/osakishi-dining-4029448.jpg,matched own listing photo
miyagi/osakishi,344,BLUE FARM CAFE,https://img.bokenjapan.com/media/osakishi-dining-4028157.jpg,https://img.bokenjapan.com/media/osakishi-dining-4021721.jpg,matched own listing photo
miyagi/osakishi,345,そばうどん さくらや,https://img.bokenjapan.com/media/osakishi-dining-4030230.jpg,https://img.bokenjapan.com/media/osakishi-dining-4028157.jpg,matched own listing photo
miyagi/osakishi,346,祥雲閣,https://img.bokenjapan.com/media/osakishi-dining-4027843.jpg,https://img.bokenjapan.com/media/osakishi-dining-4030230.jpg,matched own listing photo
miyagi/osakishi,347,おかしのまやま,https://img.bokenjapan.com/media/osakishi-dining-4016840.jpg,https://img.bokenjapan.com/media/osakishi-dining-4027843.jpg,matched own listing photo
miyagi/osakishi,348,VERRY VERRY,https://img.bokenjapan.com/media/osakishi-dining-4029149.jpg,,photo belonged to another card; no own photo found
miyagi/osakishi,349,さかもとのカフェ Cafe SUNS,https://img.bokenjapan.com/media/osakishi-dining-4028926.jpg,https://img.bokenjapan.com/media/osakishi-dining-4029149.jpg,matched own listing photo
miyagi/osakishi,350,Tea Room 楓庵,https://img.bokenjapan.com/media/osakishi-dining-4024151.jpg,https://img.bokenjapan.com/media/osakishi-dining-4028926.jpg,matched own listing photo
miyagi/osakishi,351,みちのく弁当,https://img.bokenjapan.com/media/osakishi-dining-4026670.jpg,https://img.bokenjapan.com/media/osakishi-dining-4024151.jpg,matched own listing photo
miyagi/osakishi,352,Bar Sato,https://img.bokenjapan.com/media/osakishi-dining-4028563.jpg,https://img.bokenjapan.com/media/osakishi-dining-4026670.jpg,matched own listing photo
miyagi/osakishi,353,A・COOP 沼部店,https://img.bokenjapan.com/media/osakishi-dining-4024599.jpg,https://img.bokenjapan.com/media/osakishi-dining-4028563.jpg,matched own listing photo
miyagi/osakishi,354,びっくりドンキー 古川店,https://img.bokenjapan.com/media/osakishi-dining-4003446.jpg,https://img.bokenjapan.com/media/osakishi-dining-4024599.jpg,matched own listing photo
miyagi/osakishi,357,魚べい 古川店,https://img.bokenjapan.com/media/osakishi-dining-4019134.jpg,,photo belonged to another card; no own photo found
miyagi/osakishi,358,牛たん炭焼 利久 古川七日町店,https://img.bokenjapan.com/media/osakishi-dining-4025981.jpg,https://img.bokenjapan.com/media/osakishi-dining-4019134.jpg,matched own listing photo
miyagi/osakishi,359,コメダ珈琲店 大崎古川店,https://img.bokenjapan.com/media/osakishi-dining-4021476.jpg,https://img.bokenjapan.com/media/osakishi-dining-4025981.jpg,matched own listing photo
miyagi/osakishi,360,ジョイフル 古川店,https://img.bokenjapan.com/media/osakishi-dining-4013357.jpg,,photo belonged to another card; no own photo found
miyagi/osakishi,361,ガスト 古川店,https://img.bokenjapan.com/media/osakishi-dining-4014975.jpg,https://img.bokenjapan.com/media/osakishi-dining-4013357.jpg,matched own listing photo
miyagi/osakishi,362,味噌工房麺助 古川醸室店,https://img.bokenjapan.com/media/osakishi-dining-4029809.jpg,https://img.bokenjapan.com/media/osakishi-dining-4014975.jpg,matched own listing photo
miyagi/osakishi,363,居酒屋 こんぱ,https://img.bokenjapan.com/media/osakishi-dining-4023662.jpg,https://img.bokenjapan.com/media/osakishi-dining-4029809.jpg,matched own listing photo
miyagi/osakishi,364,安一チェーン,https://img.bokenjapan.com/media/osakishi-dining-4006688.jpg,https://img.bokenjapan.com/media/osakishi-dining-4023662.jpg,matched own listing photo
miyagi/osakishi,365,みさをの店,https://img.bokenjapan.com/media/osakishi-dining-4019867.jpg,https://img.bokenjapan.com/media/osakishi-dining-4006688.jpg,matched own listing photo
miyagi/osakishi,366,居酒屋もん吉,https://img.bokenjapan.com/media/osakishi-dining-4009787.jpg,https://img.bokenjapan.com/media/osakishi-dining-4019867.jpg,matched own listing photo
miyagi/osakishi,367,亀乃里,https://img.bokenjapan.com/media/osakishi-dining-4006766.jpg,https://img.bokenjapan.com/media/osakishi-dining-4009787.jpg,matched own listing photo
miyagi/osakishi,368,食事処 えんどう,https://img.bokenjapan.com/media/osakishi-dining-4018170.jpg,https://img.bokenjapan.com/media/osakishi-dining-4006766.jpg,matched own listing photo
miyagi/osakishi,369,インドネパールカレーグラス,https://img.bokenjapan.com/media/osakishi-dining-4028263.jpg,https://img.bokenjapan.com/media/osakishi-dining-4018170.jpg,matched own listing photo
miyagi/osakishi,370,鯛喜 古川穂波店,https://img.bokenjapan.com/media/osakishi-dining-4015069.jpg,https://img.bokenjapan.com/media/osakishi-dining-4028263.jpg,matched own listing photo
miyagi/osakishi,371,橋平酒造店,https://img.bokenjapan.com/media/osakishi-dining-4008137.jpg,https://img.bokenjapan.com/media/osakishi-dining-4015069.jpg,matched own listing photo
miyagi/osakishi,372,かくれ家,https://img.bokenjapan.com/media/osakishi-dining-4006355.jpg,https://img.bokenjapan.com/media/osakishi-dining-4008137.jpg,matched own listing photo
miyagi/osakishi,373,bistro 海,https://img.bokenjapan.com/media/osakishi-dining-4029140.jpg,https://img.bokenjapan.com/media/osakishi-dining-4006355.jpg,matched own listing photo
miyagi/osakishi,374,古梅荘,https://img.bokenjapan.com/media/osakishi-dining-4008443.jpg,https://img.bokenjapan.com/media/osakishi-dining-4029140.jpg,matched own listing photo
miyagi/osakishi,377,大名弁当 北町店,https://img.bokenjapan.com/media/osakishi-dining-4017479.jpg,,photo belonged to another card; no own photo found
miyagi/osakishi,378,焼鳥 しぶや家,https://img.bokenjapan.com/media/osakishi-dining-4026435.jpg,https://img.bokenjapan.com/media/osakishi-dining-4017479.jpg,matched own listing photo
miyagi/osakishi,379,さくら亭,https://img.bokenjapan.com/media/osakishi-dining-4004313.jpg,https://img.bokenjapan.com/media/osakishi-dining-4026435.jpg,matched own listing photo
miyagi/osakishi,380,ホルモンこがね,https://img.bokenjapan.com/media/osakishi-dining-4014800.jpg,https://img.bokenjapan.com/media/osakishi-dining-4004313.jpg,matched own listing photo
miyagi/osakishi,381,トマラーショップ,https://img.bokenjapan.com/media/osakishi-dining-4026364.jpg,https://img.bokenjapan.com/media/osakishi-dining-4014800.jpg,matched own listing photo
miyagi/osakishi,382,しあんくれ～る,https://img.bokenjapan.com/media/osakishi-dining-4024685.jpg,https://img.bokenjapan.com/media/osakishi-dining-4026364.jpg,matched own listing photo
miyagi/osakishi,383,おばちゃんキッチン工房 LINK,https://img.bokenjapan.com/media/osakishi-dining-4018841.jpg,https://img.bokenjapan.com/media/osakishi-dining-4024685.jpg,matched own listing photo
miyagi/osakishi,384,ヤマトヤ,https://img.bokenjapan.com/media/osakishi-dining-4012645.jpg,https://img.bokenjapan.com/media/osakishi-dining-4018841.jpg,matched own listing photo
miyagi/osakishi,385,DiningBal銀,https://img.bokenjapan.com/media/osakishi-dining-4020808.jpg,https://img.bokenjapan.com/media/osakishi-dining-4012645.jpg,matched own listing photo
miyagi/osakishi,386,マフィンや満天,https://img.bokenjapan.com/media/osakishi-dining-4030115.jpg,https://img.bokenjapan.com/media/osakishi-dining-4020808.jpg,matched own listing photo
miyagi/osakishi,387,元気くん市場 A-COOPかしまだい店,https://img.bokenjapan.com/media/osakishi-dining-4021138.jpg,https://img.bokenjapan.com/media/osakishi-dining-4030115.jpg,matched own listing photo
miyagi/osakishi,388,いずみや,https://img.bokenjapan.com/media/osakishi-dining-4026254.jpg,https://img.bokenjapan.com/media/osakishi-dining-4021138.jpg,matched own listing photo
miyagi/osakishi,389,食事処 やすみや,https://img.bokenjapan.com/media/osakishi-dining-4028350.jpg,,photo belonged to another card; no own photo found
miyagi/osakishi,390,食堂 甲子園,https://img.bokenjapan.com/media/osakishi-dining-4024230.jpg,https://img.bokenjapan.com/media/osakishi-dining-4028350.jpg,matched own listing photo
miyagi/osakishi,391,和ヴィーガン あっきーず,https://img.bokenjapan.com/media/osakishi-dining-4028377.jpg,https://img.bokenjapan.com/media/osakishi-dining-4024230.jpg,matched own listing photo
miyagi/osakishi,394,RIDER HOUSE & CAFE Layback,https://img.bokenjapan.com/media/osakishi-dining-4029974.jpg,,photo belonged to another card; no own photo found
miyagi/osakishi,395,居酒屋　おふう,https://img.bokenjapan.com/media/osakishi-dining-4012181.jpg,https://img.bokenjapan.com/media/osakishi-dining-4029974.jpg,matched own listing photo
miyagi/osakishi,397,喫茶 居酒屋 道,https://img.bokenjapan.com/media/osakishi-dining-4030027.jpg,,photo belonged to another card; no own photo found
miyagi/osakishi,398,みんなの台所 一力,https://img.bokenjapan.com/media/osakishi-dining-4028914.jpg,https://img.bokenjapan.com/media/osakishi-dining-4030027.jpg,matched own listing photo
miyagi/osakishi,399,SUN BREW食堂,https://img.bokenjapan.com/media/osakishi-dining-4025169.jpg,https://img.bokenjapan.com/media/osakishi-dining-4028914.jpg,matched own listing photo
miyagi/osakishi,400,中華居酒屋 味和居,https://img.bokenjapan.com/media/osakishi-dining-4028540.jpg,https://img.bokenjapan.com/media/osakishi-dining-4025169.jpg,matched own listing photo
miyagi/osakishi,401,おかしの店 ウチダ,https://img.bokenjapan.com/media/osakishi-dining-4027713.jpg,https://img.bokenjapan.com/media/osakishi-dining-4028540.jpg,matched own listing photo
miyagi/osakishi,402,お食事処 ちえ,https://img.bokenjapan.com/media/osakishi-dining-4029456.jpg,https://img.bokenjapan.com/media/osakishi-dining-4027713.jpg,matched own listing photo
miyagi/osakishi,403,花々亭,https://img.bokenjapan.com/media/osakishi-dining-4029032.jpg,https://img.bokenjapan.com/media/osakishi-dining-4029456.jpg,matched own listing photo
miyagi/osakishi,404,cafe&bar sakurako,https://img.bokenjapan.com/media/osakishi-dining-4028442.jpg,https://img.bokenjapan.com/media/osakishi-dining-4029032.jpg,matched own listing photo
miyagi/osakishi,405,メローガーデン KASHIMADAI,https://img.bokenjapan.com/media/osakishi-dining-4025959.jpg,,photo belonged to another card; no own photo found
miyagi/osakishi,406,源氏蛍せんべい 古川直売店,https://img.bokenjapan.com/media/osakishi-dining-4028921.jpg,https://img.bokenjapan.com/media/osakishi-dining-4025959.jpg,matched own listing photo
miyagi/osakishi,407,家庭料理　ばんざい,https://img.bokenjapan.com/media/osakishi-dining-4028802.jpg,https://img.bokenjapan.com/media/osakishi-dining-4028921.jpg,matched own listing photo
miyagi/osakishi,408,仙台っ子 古川店,https://img.bokenjapan.com/media/osakishi-dining-4013603.jpg,,photo belonged to another card; no own photo found
miyagi/osakishi,409,札幌ラーメン どさん子 古川4号店,https://img.bokenjapan.com/media/osakishi-dining-4010960.jpg,https://img.bokenjapan.com/media/osakishi-dining-4013603.jpg,matched own listing photo
miyagi/osakishi,410,くるまやラーメン 古川店,https://img.bokenjapan.com/media/osakishi-dining-4011496.jpg,https://img.bokenjapan.com/media/osakishi-dining-4010960.jpg,matched own listing photo
miyagi/osakishi,413,焼肉ホルモン食樂 古川駅前大通店,https://img.bokenjapan.com/media/osakishi-dining-4009484.jpg,,photo belonged to another card; no own photo found
miyagi/osakishi,414,かっぱ寿司 古川店,https://img.bokenjapan.com/media/osakishi-dining-4009510.jpg,https://img.bokenjapan.com/media/osakishi-dining-4009484.jpg,matched own listing photo
miyagi/osakishi,415,ココス 古川店,https://img.bokenjapan.com/media/osakishi-dining-4003115.jpg,https://img.bokenjapan.com/media/osakishi-dining-4009510.jpg,matched own listing photo
miyagi/osakishi,416,肉のしばさき,https://img.bokenjapan.com/media/osakishi-dining-4020213.jpg,https://img.bokenjapan.com/media/osakishi-dining-4003115.jpg,matched own listing photo
miyagi/osakishi,417,すき家 4号古川西館店,https://img.bokenjapan.com/media/osakishi-dining-4011833.jpg,https://img.bokenjapan.com/media/osakishi-dining-4020213.jpg,matched own listing photo
miyagi/osakishi,418,牛角 古川店,https://img.bokenjapan.com/media/osakishi-dining-4000326.jpg,https://img.bokenjapan.com/media/osakishi-dining-4011833.jpg,matched own listing photo
miyagi/osakishi,419,いろはにほへと 古川駅前店,https://img.bokenjapan.com/media/osakishi-dining-4014109.jpg,https://img.bokenjapan.com/media/osakishi-dining-4000326.jpg,matched own listing photo
miyagi/osakishi,420,吉野家  ４号線古川栄町店,https://img.bokenjapan.com/media/osakishi-dining-4022495.jpg,https://img.bokenjapan.com/media/osakishi-dining-4014109.jpg,matched own listing photo
miyagi/osakishi,421,和風レストランまるまつ 古川駅前店,https://img.bokenjapan.com/media/osakishi-dining-4014189.jpg,https://img.bokenjapan.com/media/osakishi-dining-4022495.jpg,matched own listing photo
miyagi/osakishi,422,ミスタードーナツ イオン古川ショップ,https://img.bokenjapan.com/media/osakishi-dining-4014589.jpg,https://img.bokenjapan.com/media/osakishi-dining-4014189.jpg,matched own listing photo
miyagi/osakishi,423,マクドナルド 4号線古川荒谷店,https://img.bokenjapan.com/media/osakishi-dining-4013587.jpg,https://img.bokenjapan.com/media/osakishi-dining-4014589.jpg,matched own listing photo
miyagi/osakishi,424,福福屋 古川駅前店,https://img.bokenjapan.com/media/osakishi-dining-4009487.jpg,https://img.bokenjapan.com/media/osakishi-dining-4013587.jpg,matched own listing photo
miyagi/osakishi,425,サイゼリヤ イオンタウン古川店,https://img.bokenjapan.com/media/osakishi-dining-4013849.jpg,https://img.bokenjapan.com/media/osakishi-dining-4009487.jpg,matched own listing photo
miyagi/osakishi,426,かつや  宮城古川店,https://img.bokenjapan.com/media/osakishi-dining-4023821.jpg,https://img.bokenjapan.com/media/osakishi-dining-4013849.jpg,matched own listing photo
miyagi/osakishi,427,松屋 古川店,https://img.bokenjapan.com/media/osakishi-dining-4027752.jpg,https://img.bokenjapan.com/media/osakishi-dining-4023821.jpg,matched own listing photo
miyagi/osakishi,428,ケンタッキーフライドチキン 古川店,https://img.bokenjapan.com/media/osakishi-dining-4014520.jpg,https://img.bokenjapan.com/media/osakishi-dining-4027752.jpg,matched own listing photo
miyagi/osakishi,429,串焼楽酒 MOJA 古川店,https://img.bokenjapan.com/media/osakishi-dining-4020278.jpg,https://img.bokenjapan.com/media/osakishi-dining-4014520.jpg,matched own listing photo
miyagi/osakishi,430,北京,https://img.bokenjapan.com/media/osakishi-dining-4003789.jpg,https://img.bokenjapan.com/media/osakishi-dining-4020278.jpg,matched own listing photo
miyagi/osakishi,433,福ちゃん餃子,https://img.bokenjapan.com/media/osakishi-dining-4023455.jpg,,photo belonged to another card; no own photo found
miyagi/osakishi,434,大崎市観光物産センターDozo,https://img.bokenjapan.com/media/osakishi-dining-4018862.jpg,https://img.bokenjapan.com/media/osakishi-dining-4023455.jpg,matched own listing photo
miyagi/osakishi,435,青沼餅店,https://img.bokenjapan.com/media/osakishi-dining-4002295.jpg,https://img.bokenjapan.com/media/osakishi-dining-4018862.jpg,matched own listing photo
miyagi/osakishi,436,ガトースワン,https://img.bokenjapan.com/media/osakishi-dining-4012239.jpg,https://img.bokenjapan.com/media/osakishi-dining-4002295.jpg,matched own listing photo
miyagi/osakishi,437,ゑびす庵,https://img.bokenjapan.com/media/osakishi-dining-4009330.jpg,https://img.bokenjapan.com/media/osakishi-dining-4012239.jpg,matched own listing photo
miyagi/osakishi,438,気仙堂,https://img.bokenjapan.com/media/osakishi-dining-4011435.jpg,https://img.bokenjapan.com/media/osakishi-dining-4009330.jpg,matched own listing photo
miyagi/osakishi,439,大正浪漫,https://img.bokenjapan.com/media/osakishi-dining-4019391.jpg,https://img.bokenjapan.com/media/osakishi-dining-4011435.jpg,matched own listing photo
miyagi/osakishi,440,道の駅三本木やまなみ 販売コーナー,https://img.bokenjapan.com/media/osakishi-dining-4022492.jpg,https://img.bokenjapan.com/media/osakishi-dining-4019391.jpg,matched own listing photo
miyagi/osakishi,441,桜下開花亭,https://img.bokenjapan.com/media/osakishi-dining-4005338.jpg,https://img.bokenjapan.com/media/osakishi-dining-4022492.jpg,matched own listing photo
miyagi/osakishi,442,古川食品 株式会社,https://img.bokenjapan.com/media/osakishi-dining-4019386.jpg,https://img.bokenjapan.com/media/osakishi-dining-4005338.jpg,matched own listing photo
miyagi/osakishi,443,勝よし,https://img.bokenjapan.com/media/osakishi-dining-4010936.jpg,https://img.bokenjapan.com/media/osakishi-dining-4019386.jpg,matched own listing photo
miyagi/osakishi,444,土井菓子店,https://img.bokenjapan.com/media/osakishi-dining-4013986.jpg,https://img.bokenjapan.com/media/osakishi-dining-4010936.jpg,matched own listing photo
miyagi/osakishi,445,さとう酒や,https://img.bokenjapan.com/media/osakishi-dining-4020217.jpg,https://img.bokenjapan.com/media/osakishi-dining-4013986.jpg,matched own listing photo
miyagi/osakishi,446,肉のいちまる リオーネ古川店,https://img.bokenjapan.com/media/osakishi-dining-4024852.jpg,https://img.bokenjapan.com/media/osakishi-dining-4020217.jpg,matched own listing photo
miyagi/osakishi,447,森民酒造店,https://img.bokenjapan.com/media/osakishi-dining-4016472.jpg,https://img.bokenjapan.com/media/osakishi-dining-4024852.jpg,matched own listing photo
miyagi/osakishi,448,ちば,https://img.bokenjapan.com/media/osakishi-dining-4006474.jpg,https://img.bokenjapan.com/media/osakishi-dining-4016472.jpg,matched own listing photo
miyagi/osakishi,449,ハーブカントリー,https://img.bokenjapan.com/media/osakishi-dining-4002732.jpg,,photo belonged to another card; no own photo found
miyagi/osakishi,450,障害福祉サービス事業所 工房パルコ,https://img.bokenjapan.com/media/osakishi-dining-4021756.jpg,https://img.bokenjapan.com/media/osakishi-dining-4002732.jpg,matched own listing photo
miyagi/osakishi,453,居酒屋 藤,https://img.bokenjapan.com/media/osakishi-dining-4014904.jpg,,photo belonged to another card; no own photo found
miyagi/osakishi,454,キッチン mogu,https://img.bokenjapan.com/media/osakishi-dining-4022692.jpg,https://img.bokenjapan.com/media/osakishi-dining-4014904.jpg,matched own listing photo
miyagi/osakishi,455,菅原魚店,https://img.bokenjapan.com/media/osakishi-dining-4016107.jpg,https://img.bokenjapan.com/media/osakishi-dining-4022692.jpg,matched own listing photo
miyagi/osakishi,456,精華堂古川山荘,https://img.bokenjapan.com/media/osakishi-dining-4009636.jpg,https://img.bokenjapan.com/media/osakishi-dining-4016107.jpg,matched own listing photo
miyagi/osakishi,457,宝殿,https://img.bokenjapan.com/media/osakishi-dining-4021239.jpg,https://img.bokenjapan.com/media/osakishi-dining-4009636.jpg,matched own listing photo
miyagi/osakishi,458,紅林,https://img.bokenjapan.com/media/osakishi-dining-4003788.jpg,https://img.bokenjapan.com/media/osakishi-dining-4021239.jpg,matched own listing photo
miyagi/osakishi,459,モリ カフェ,https://img.bokenjapan.com/media/osakishi-dining-4023250.jpg,https://img.bokenjapan.com/media/osakishi-dining-4003788.jpg,matched own listing photo
miyagi/osakishi,460,ウジエスーパー 中里店,https://img.bokenjapan.com/media/osakishi-dining-4026239.jpg,https://img.bokenjapan.com/media/osakishi-dining-4023250.jpg,matched own listing photo
miyagi/osakishi,461,華月堂,https://img.bokenjapan.com/media/osakishi-dining-4015402.jpg,https://img.bokenjapan.com/media/osakishi-dining-4026239.jpg,matched own listing photo
miyagi/osakishi,462,銘酒 和屋,https://img.bokenjapan.com/media/osakishi-dining-4026168.jpg,https://img.bokenjapan.com/media/osakishi-dining-4015402.jpg,matched own listing photo
miyagi/osakishi,463,味処　さんわ,https://img.bokenjapan.com/media/osakishi-dining-4009971.jpg,https://img.bokenjapan.com/media/osakishi-dining-4026168.jpg,matched own listing photo
miyagi/osakishi,464,ぱん工房 豆豆,https://img.bokenjapan.com/media/osakishi-dining-4017818.jpg,https://img.bokenjapan.com/media/osakishi-dining-4009971.jpg,matched own listing photo
miyagi/osakishi,465,田楽小舎,https://img.bokenjapan.com/media/osakishi-dining-4002081.jpg,https://img.bokenjapan.com/media/osakishi-dining-4017818.jpg,matched own listing photo
miyagi/osakishi,466,西條菓子舗 本店,https://img.bokenjapan.com/media/osakishi-dining-4020209.jpg,https://img.bokenjapan.com/media/osakishi-dining-4002081.jpg,matched own listing photo
miyagi/osakishi,467,小野寺氷商店,https://img.bokenjapan.com/media/osakishi-dining-4013043.jpg,https://img.bokenjapan.com/media/osakishi-dining-4020209.jpg,matched own listing photo
miyagi/osakishi,468,堀江食堂,https://img.bokenjapan.com/media/osakishi-dining-4017617.jpg,https://img.bokenjapan.com/media/osakishi-dining-4013043.jpg,matched own listing photo
miyagi/osakishi,469,食事処おふみ,https://img.bokenjapan.com/media/osakishi-dining-4019774.jpg,https://img.bokenjapan.com/media/osakishi-dining-4017617.jpg,matched own listing photo
miyagi/osakishi,470,肴菜や,https://img.bokenjapan.com/media/osakishi-dining-4004056.jpg,https://img.bokenjapan.com/media/osakishi-dining-4019774.jpg,matched own listing photo
miyagi/osakishi,473,寿,https://img.bokenjapan.com/media/osakishi-dining-4009962.jpg,,photo belonged to another card; no own photo found
miyagi/osakishi,474,CHA-BOU榊,https://img.bokenjapan.com/media/osakishi-dining-4028016.jpg,https://img.bokenjapan.com/media/osakishi-dining-4009962.jpg,matched own listing photo
miyagi/osakishi,475,ワインバー カラン,https://img.bokenjapan.com/media/osakishi-dining-4024342.jpg,https://img.bokenjapan.com/media/osakishi-dining-4028016.jpg,matched own listing photo
miyagi/osakishi,476,シークレット・ガーデン,https://img.bokenjapan.com/media/osakishi-dining-4026544.jpg,https://img.bokenjapan.com/media/osakishi-dining-4024342.jpg,matched own listing photo
miyagi/osakishi,477,ミニストップ 宮城田尻店,https://img.bokenjapan.com/media/osakishi-dining-4024975.jpg,,photo belonged to another card; no own photo found
miyagi/osakishi,478,すえひろ亭,https://img.bokenjapan.com/media/osakishi-dining-4019686.jpg,https://img.bokenjapan.com/media/osakishi-dining-4024975.jpg,matched own listing photo
miyagi/osakishi,479,Le Ciel,https://img.bokenjapan.com/media/osakishi-dining-4029692.jpg,https://img.bokenjapan.com/media/osakishi-dining-4019686.jpg,matched own listing photo
miyagi/osakishi,480,ヨークベニマル 古川南店,https://img.bokenjapan.com/media/osakishi-dining-4025386.jpg,https://img.bokenjapan.com/media/osakishi-dining-4029692.jpg,matched own listing photo
miyagi/osakishi,481,創作割烹 水月,https://img.bokenjapan.com/media/osakishi-dining-4020841.jpg,https://img.bokenjapan.com/media/osakishi-dining-4025386.jpg,matched own listing photo
miyagi/osakishi,482,もり繁寿司,https://img.bokenjapan.com/media/osakishi-dining-4004589.jpg,https://img.bokenjapan.com/media/osakishi-dining-4020841.jpg,matched own listing photo
miyagi/osakishi,483,ギャラリー&カフェ びいひろ,https://img.bokenjapan.com/media/osakishi-dining-4024305.jpg,https://img.bokenjapan.com/media/osakishi-dining-4004589.jpg,matched own listing photo
miyagi/osakishi,484,ゆり,https://img.bokenjapan.com/media/osakishi-dining-4006664.jpg,https://img.bokenjapan.com/media/osakishi-dining-4024305.jpg,matched own listing photo
miyagi/osakishi,485,はぐろ,https://img.bokenjapan.com/media/osakishi-dining-4005815.jpg,https://img.bokenjapan.com/media/osakishi-dining-4006664.jpg,matched own listing photo
miyagi/osakishi,486,中川食品店,https://img.bokenjapan.com/media/osakishi-dining-4020875.jpg,https://img.bokenjapan.com/media/osakishi-dining-4005815.jpg,matched own listing photo
miyagi/osakishi,487,パブハウス 満木馬,https://img.bokenjapan.com/media/osakishi-dining-4027779.jpg,https://img.bokenjapan.com/media/osakishi-dining-4020875.jpg,matched own listing photo
miyagi/osakishi,488,しげ,https://img.bokenjapan.com/media/osakishi-dining-4006428.jpg,https://img.bokenjapan.com/media/osakishi-dining-4027779.jpg,matched own listing photo
miyagi/osakishi,489,手作り惣菜 もいずみ,https://img.bokenjapan.com/media/osakishi-dining-4018907.jpg,https://img.bokenjapan.com/media/osakishi-dining-4006428.jpg,matched own listing photo
miyagi/osakishi,492,有備館,https://img.bokenjapan.com/media/osakishi-dining-4029331.jpg,,photo belonged to another card; no own photo found
miyagi/osakishi,493,YOHAKU COFFEE,https://img.bokenjapan.com/media/osakishi-dining-4030010.jpg,https://img.bokenjapan.com/media/osakishi-dining-4029331.jpg,matched own listing photo
miyagi/osakishi,494,クラフト木村,https://img.bokenjapan.com/media/osakishi-dining-4025429.jpg,https://img.bokenjapan.com/media/osakishi-dining-4030010.jpg,matched own listing photo
miyagi/osakishi,495,HOSOMINE BASE,https://img.bokenjapan.com/media/osakishi-dining-4028644.jpg,https://img.bokenjapan.com/media/osakishi-dining-4025429.jpg,matched own listing photo
miyagi/osakishi,496,おじまや,https://img.bokenjapan.com/media/osakishi-dining-4029547.jpg,https://img.bokenjapan.com/media/osakishi-dining-4028644.jpg,matched own listing photo
miyagi/osakishi,497,Cafe 紫星の森,https://img.bokenjapan.com/media/osakishi-dining-4029609.jpg,https://img.bokenjapan.com/media/osakishi-dining-4029547.jpg,matched own listing photo
miyagi/osakishi,498,ヤマザワ 古川バイパス店,https://img.bokenjapan.com/media/osakishi-dining-4026409.jpg,https://img.bokenjapan.com/media/osakishi-dining-4029609.jpg,matched own listing photo
miyagi/osakishi,499,守屋魚店,https://img.bokenjapan.com/media/osakishi-dining-4024231.jpg,https://img.bokenjapan.com/media/osakishi-dining-4026409.jpg,matched own listing photo
miyagi/osakishi,500,グランド平成,https://img.bokenjapan.com/media/osakishi-dining-4028485.jpg,https://img.bokenjapan.com/media/osakishi-dining-4024231.jpg,matched own listing photo
miyagi/osakishi,501,ドン・キホーテ 古川店,https://img.bokenjapan.com/media/osakishi-dining-4028369.jpg,https://img.bokenjapan.com/media/osakishi-dining-4028485.jpg,matched own listing photo
miyagi/osakishi,502,ビッグボーイ 古川店,https://img.bokenjapan.com/media/osakishi-dining-4011532.jpg,https://img.bokenjapan.com/media/osakishi-dining-4028369.jpg,matched own listing photo
miyagi/osakishi,503,幸楽苑 古川バイパス店,https://img.bokenjapan.com/media/osakishi-dining-4011780.jpg,https://img.bokenjapan.com/media/osakishi-dining-4011532.jpg,matched own listing photo
miyagi/osakishi,504,幸楽苑 新古川店,https://img.bokenjapan.com/media/osakishi-dining-4013176.jpg,https://img.bokenjapan.com/media/osakishi-dining-4011780.jpg,matched own listing photo
miyagi/osakishi,505,やよい軒 古川穂波店,https://img.bokenjapan.com/media/osakishi-dining-4021346.jpg,https://img.bokenjapan.com/media/osakishi-dining-4013176.jpg,matched own listing photo
miyagi/osakishi,506,吉野家 ４号線宮城古川店,https://img.bokenjapan.com/media/osakishi-dining-4007426.jpg,https://img.bokenjapan.com/media/osakishi-dining-4021346.jpg,matched own listing photo
miyagi/osakishi,507,マクドナルド ４号線古川店,https://img.bokenjapan.com/media/osakishi-dining-4009254.jpg,https://img.bokenjapan.com/media/osakishi-dining-4007426.jpg,matched own listing photo
miyagi/osakishi,508,モスバーガー 古川南店,https://img.bokenjapan.com/media/osakishi-dining-4011327.jpg,https://img.bokenjapan.com/media/osakishi-dining-4009254.jpg,matched own listing photo
miyagi/osakishi,509,マクドナルド イオン古川店,https://img.bokenjapan.com/media/osakishi-dining-4009255.jpg,https://img.bokenjapan.com/media/osakishi-dining-4011327.jpg,matched own listing photo
miyagi/osakishi,512,点心ファクトリー　すずかけ,https://img.bokenjapan.com/media/osakishi-dining-4010736.jpg,,photo belonged to another card; no own photo found
miyagi/osakishi,513,倉加屋,https://img.bokenjapan.com/media/osakishi-dining-4005813.jpg,https://img.bokenjapan.com/media/osakishi-dining-4010736.jpg,matched own listing photo
miyagi/osakishi,514,鳥文,https://img.bokenjapan.com/media/osakishi-dining-4005473.jpg,https://img.bokenjapan.com/media/osakishi-dining-4005813.jpg,matched own listing photo
miyagi/osakishi,515,ひまわりの丘 売店,https://img.bokenjapan.com/media/osakishi-dining-4014364.jpg,https://img.bokenjapan.com/media/osakishi-dining-4005473.jpg,matched own listing photo
miyagi/osakishi,516,きわみ家,https://img.bokenjapan.com/media/osakishi-dining-4020279.jpg,https://img.bokenjapan.com/media/osakishi-dining-4014364.jpg,matched own listing photo
miyagi/osakishi,517,プレリ,https://img.bokenjapan.com/media/osakishi-dining-4016105.jpg,https://img.bokenjapan.com/media/osakishi-dining-4020279.jpg,matched own listing photo
miyagi/osakishi,518,一輝寿し,https://img.bokenjapan.com/media/osakishi-dining-4027821.jpg,https://img.bokenjapan.com/media/osakishi-dining-4016105.jpg,matched own listing photo
miyagi/osakishi,519,レストランスギヤマ,https://img.bokenjapan.com/media/osakishi-dining-4000462.jpg,https://img.bokenjapan.com/media/osakishi-dining-4027821.jpg,matched own listing photo
miyagi/osakishi,520,すたじあむ,https://img.bokenjapan.com/media/osakishi-dining-4028309.jpg,https://img.bokenjapan.com/media/osakishi-dining-4000462.jpg,matched own listing photo
miyagi/osakishi,521,海鮮食堂 なぎ  古川店,https://img.bokenjapan.com/media/osakishi-dining-4023899.jpg,https://img.bokenjapan.com/media/osakishi-dining-4028309.jpg,matched own listing photo
miyagi/osakishi,522,いしどう,https://img.bokenjapan.com/media/osakishi-dining-4017410.jpg,https://img.bokenjapan.com/media/osakishi-dining-4023899.jpg,matched own listing photo
miyagi/osakishi,523,Vintage Cafe & bar K,https://img.bokenjapan.com/media/osakishi-dining-4030285.jpg,https://img.bokenjapan.com/media/osakishi-dining-4017410.jpg,matched own listing photo
miyagi/osakishi,524,阿部天ぷら屋,https://img.bokenjapan.com/media/osakishi-dining-4021447.jpg,https://img.bokenjapan.com/media/osakishi-dining-4030285.jpg,matched own listing photo
miyagi/osakishi,525,みなみキムチ,https://img.bokenjapan.com/media/osakishi-dining-4009465.jpg,https://img.bokenjapan.com/media/osakishi-dining-4021447.jpg,matched own listing photo
miyagi/osakishi,526,万す井,https://img.bokenjapan.com/media/osakishi-dining-4012498.jpg,https://img.bokenjapan.com/media/osakishi-dining-4009465.jpg,matched own listing photo
miyagi/osakishi,527,からあげ専門 由利屋,https://img.bokenjapan.com/media/osakishi-dining-4021135.jpg,https://img.bokenjapan.com/media/osakishi-dining-4012498.jpg,matched own listing photo
miyagi/osakishi,528,キッチンパパ,https://img.bokenjapan.com/media/osakishi-dining-4011233.jpg,https://img.bokenjapan.com/media/osakishi-dining-4021135.jpg,matched own listing photo
miyagi/osakishi,529,カフェホプシー,https://img.bokenjapan.com/media/osakishi-dining-4020829.jpg,https://img.bokenjapan.com/media/osakishi-dining-4011233.jpg,matched own listing photo
miyagi/osakishi,532,石巻屋,https://img.bokenjapan.com/media/osakishi-dining-4012489.jpg,,photo belonged to another card; no own photo found
miyagi/osakishi,533,大杉寿司,https://img.bokenjapan.com/media/osakishi-dining-4004762.jpg,https://img.bokenjapan.com/media/osakishi-dining-4012489.jpg,matched own listing photo
miyagi/osakishi,534,ファミリーマート 大崎古川稲葉店,https://img.bokenjapan.com/media/osakishi-dining-4020743.jpg,https://img.bokenjapan.com/media/osakishi-dining-4004762.jpg,matched own listing photo
miyagi/osakishi,535,DOZO,https://img.bokenjapan.com/media/osakishi-dining-4014711.jpg,https://img.bokenjapan.com/media/osakishi-dining-4020743.jpg,matched own listing photo
miyagi/osakishi,536,居酒屋酒房 頑,https://img.bokenjapan.com/media/osakishi-dining-4019014.jpg,https://img.bokenjapan.com/media/osakishi-dining-4014711.jpg,matched own listing photo
miyagi/osakishi,537,体験型農家レストラン 蔵楽,https://img.bokenjapan.com/media/osakishi-dining-4001978.jpg,https://img.bokenjapan.com/media/osakishi-dining-4019014.jpg,matched own listing photo
miyagi/osakishi,538,一心堂,https://img.bokenjapan.com/media/osakishi-dining-4012804.jpg,https://img.bokenjapan.com/media/osakishi-dining-4001978.jpg,matched own listing photo
miyagi/osakishi,539,花の館,https://img.bokenjapan.com/media/osakishi-dining-4014685.jpg,https://img.bokenjapan.com/media/osakishi-dining-4012804.jpg,matched own listing photo
miyagi/osakishi,540,ささきラヂオ店,https://img.bokenjapan.com/media/osakishi-dining-4024469.jpg,https://img.bokenjapan.com/media/osakishi-dining-4014685.jpg,matched own listing photo
miyagi/osakishi,541,鮨処平山,https://img.bokenjapan.com/media/osakishi-dining-4004853.jpg,https://img.bokenjapan.com/media/osakishi-dining-4024469.jpg,matched own listing photo
miyagi/osakishi,542,BENCH TIME,https://img.bokenjapan.com/media/osakishi-dining-4025466.jpg,https://img.bokenjapan.com/media/osakishi-dining-4004853.jpg,matched own listing photo
miyagi/osakishi,543,食堂 笑喜家 wakichi,https://img.bokenjapan.com/media/osakishi-dining-4028817.jpg,https://img.bokenjapan.com/media/osakishi-dining-4025466.jpg,matched own listing photo
miyagi/osakishi,544,居酒屋 伊豆,https://img.bokenjapan.com/media/osakishi-dining-4006023.jpg,https://img.bokenjapan.com/media/osakishi-dining-4028817.jpg,matched own listing photo
miyagi/osakishi,545,食道苑,https://img.bokenjapan.com/media/osakishi-dining-4027369.jpg,https://img.bokenjapan.com/media/osakishi-dining-4006023.jpg,matched own listing photo
miyagi/osakishi,546,やきとり わ,https://img.bokenjapan.com/media/osakishi-dining-4029691.jpg,https://img.bokenjapan.com/media/osakishi-dining-4027369.jpg,matched own listing photo
miyagi/osakishi,547,ヤドカリスタンド,https://img.bokenjapan.com/media/osakishi-dining-4028299.jpg,https://img.bokenjapan.com/media/osakishi-dining-4029691.jpg,matched own listing photo
miyagi/osakishi,548,喜よし,https://img.bokenjapan.com/media/osakishi-dining-4029386.jpg,https://img.bokenjapan.com/media/osakishi-dining-4028299.jpg,matched own listing photo
miyagi/osakishi,549,kito,https://img.bokenjapan.com/media/osakishi-dining-4029977.jpg,https://img.bokenjapan.com/media/osakishi-dining-4029386.jpg,matched own listing photo
miyagi/osakishi,551,わが家,https://img.bokenjapan.com/media/osakishi-dining-4027679.jpg,,photo belonged to another card; no own photo found
miyagi/osakishi,552,食彩処 縁,https://img.bokenjapan.com/media/osakishi-dining-4028462.jpg,https://img.bokenjapan.com/media/osakishi-dining-4027679.jpg,matched own listing photo
miyagi/osakishi,554,Samone KITCHEN,https://img.bokenjapan.com/media/osakishi-dining-4028253.jpg,https://img.bokenjapan.com/media/osakishi-dining-4028462.jpg,matched own listing photo
miyagi/osakishi,555,梅っ子,https://img.bokenjapan.com/media/osakishi-dining-4026351.jpg,https://img.bokenjapan.com/media/osakishi-dining-4028253.jpg,matched own listing photo
miyagi/osakishi,556,味工房いっせい,https://img.bokenjapan.com/media/osakishi-dining-4007886.jpg,https://img.bokenjapan.com/media/osakishi-dining-4026351.jpg,matched own listing photo
miyagi/osakishi,557,平禄寿司 宮城大崎古川南店,https://img.bokenjapan.com/media/osakishi-dining-4011364.jpg,https://img.bokenjapan.com/media/osakishi-dining-4007886.jpg,matched own listing photo
miyagi/osakishi,558,無添くら寿司 古川南店,https://img.bokenjapan.com/media/osakishi-dining-4025999.jpg,https://img.bokenjapan.com/media/osakishi-dining-4011364.jpg,matched own listing photo
miyagi/osakishi,559,れすとらん四六時中 古川店,https://img.bokenjapan.com/media/osakishi-dining-4011842.jpg,https://img.bokenjapan.com/media/osakishi-dining-4025999.jpg,matched own listing photo
miyagi/osakishi,560,道とん堀 古川店,https://img.bokenjapan.com/media/osakishi-dining-4001886.jpg,https://img.bokenjapan.com/media/osakishi-dining-4011842.jpg,matched own listing photo
miyagi/osakishi,561,仙台ホルモン・焼肉 ときわ亭 古川駅前店,https://img.bokenjapan.com/media/osakishi-dining-4013992.jpg,https://img.bokenjapan.com/media/osakishi-dining-4001886.jpg,matched own listing photo
miyagi/osakishi,562,すたみな太郎 古川三本木店,https://img.bokenjapan.com/media/osakishi-dining-4010793.jpg,https://img.bokenjapan.com/media/osakishi-dining-4013992.jpg,matched own listing photo
miyagi/osakishi,563,ドトール コーヒー ショップ 大崎市民病院店,https://img.bokenjapan.com/media/osakishi-dining-4015987.jpg,https://img.bokenjapan.com/media/osakishi-dining-4010793.jpg,matched own listing photo
miyagi/osakishi,564,和風レストランまるまつ 鹿島台店,https://img.bokenjapan.com/media/osakishi-dining-4015148.jpg,https://img.bokenjapan.com/media/osakishi-dining-4015987.jpg,matched own listing photo
miyagi/osakishi,565,カルビ大将 古川駅前店,https://img.bokenjapan.com/media/osakishi-dining-4017066.jpg,https://img.bokenjapan.com/media/osakishi-dining-4015148.jpg,matched own listing photo
miyagi/osakishi,566,三代目網元 さかなや道場 古川大通り店,https://img.bokenjapan.com/media/osakishi-dining-4020393.jpg,https://img.bokenjapan.com/media/osakishi-dining-4017066.jpg,matched own listing photo
miyagi/osakishi,567,一口茶屋 古川イオン店,https://img.bokenjapan.com/media/osakishi-dining-4009544.jpg,https://img.bokenjapan.com/media/osakishi-dining-4020393.jpg,matched own listing photo
miyagi/osakishi,568,ピザハット 古川北町店,https://img.bokenjapan.com/media/osakishi-dining-4026007.jpg,https://img.bokenjapan.com/media/osakishi-dining-4009544.jpg,matched own listing photo
miyagi/osakishi,569,魚民 古川駅前店,https://img.bokenjapan.com/media/osakishi-dining-4007359.jpg,https://img.bokenjapan.com/media/osakishi-dining-4026007.jpg,matched own listing photo
miyagi/osakishi,572,ほっともっと 古川北町店,https://img.bokenjapan.com/media/osakishi-dining-4014160.jpg,,photo belonged to another card; no own photo found
miyagi/osakishi,573,モンペリエ ヨークベニマル古川南店,https://img.bokenjapan.com/media/osakishi-dining-4014974.jpg,https://img.bokenjapan.com/media/osakishi-dining-4014160.jpg,matched own listing photo
miyagi/osakishi,574,和風レストランまるまつ 古川店,https://img.bokenjapan.com/media/osakishi-dining-4013651.jpg,https://img.bokenjapan.com/media/osakishi-dining-4014974.jpg,matched own listing photo
miyagi/osakishi,575,格安ビールと鉄鍋餃子 3・6・5酒場 古川駅前店,https://img.bokenjapan.com/media/osakishi-dining-4029206.jpg,https://img.bokenjapan.com/media/osakishi-dining-4013651.jpg,matched own listing photo
miyagi/osakishi,576,モンペリエ 古川福浦店,https://img.bokenjapan.com/media/osakishi-dining-4015057.jpg,https://img.bokenjapan.com/media/osakishi-dining-4029206.jpg,matched own listing photo
miyagi/osakishi,577,菓匠 三全 古川台町店,https://img.bokenjapan.com/media/osakishi-dining-4014977.jpg,https://img.bokenjapan.com/media/osakishi-dining-4015057.jpg,matched own listing photo
miyagi/osakishi,578,スターバックスコーヒー 古川北稲葉店,https://img.bokenjapan.com/media/osakishi-dining-4029639.jpg,https://img.bokenjapan.com/media/osakishi-dining-4014977.jpg,matched own listing photo
miyagi/osakishi,579,さくらっこ,https://img.bokenjapan.com/media/osakishi-dining-4012825.jpg,https://img.bokenjapan.com/media/osakishi-dining-4029639.jpg,matched own listing photo
miyagi/osakishi,580,あじまん DCM鹿島台店,https://img.bokenjapan.com/media/osakishi-dining-4027391.jpg,https://img.bokenjapan.com/media/osakishi-dining-4012825.jpg,matched own listing photo
miyagi/osakishi,581,サーティワンアイスクリーム イオン古川店,https://img.bokenjapan.com/media/osakishi-dining-4014613.jpg,https://img.bokenjapan.com/media/osakishi-dining-4027391.jpg,matched own listing photo
miyagi/osakishi,582,焼肉きんぐ 古川店,https://img.bokenjapan.com/media/osakishi-dining-4029641.jpg,https://img.bokenjapan.com/media/osakishi-dining-4014613.jpg,matched own listing photo
miyagi/osakishi,583,もち吉 古川店,https://img.bokenjapan.com/media/osakishi-dining-4027959.jpg,https://img.bokenjapan.com/media/osakishi-dining-4029641.jpg,matched own listing photo
miyagi/osakishi,584,ほっともっと 古川南新町店,https://img.bokenjapan.com/media/osakishi-dining-4014159.jpg,https://img.bokenjapan.com/media/osakishi-dining-4027959.jpg,matched own listing photo
miyagi/osakishi,585,インドカレー ガネーシャ 古川店,https://img.bokenjapan.com/media/osakishi-dining-4026027.jpg,https://img.bokenjapan.com/media/osakishi-dining-4014159.jpg,matched own listing photo
miyagi/osakishi,586,凡らく,https://img.bokenjapan.com/media/osakishi-dining-4007092.jpg,https://img.bokenjapan.com/media/osakishi-dining-4026027.jpg,matched own listing photo
miyagi/osakishi,587,ナポリの窯 古川店,https://img.bokenjapan.com/media/osakishi-dining-4025445.jpg,https://img.bokenjapan.com/media/osakishi-dining-4007092.jpg,matched own listing photo
miyagi/osakishi,588,吹上食堂,https://img.bokenjapan.com/media/osakishi-dining-4008943.jpg,https://img.bokenjapan.com/media/osakishi-dining-4025445.jpg,matched own listing photo
miyagi/osakishi,589,駄菓子や かむろ,https://img.bokenjapan.com/media/osakishi-dining-4022889.jpg,https://img.bokenjapan.com/media/osakishi-dining-4008943.jpg,matched own listing photo
miyagi/osakishi,592,養老乃瀧 リオーネ古川店,https://img.bokenjapan.com/media/osakishi-dining-4029805.jpg,,photo belonged to another card; no own photo found
miyagi/osakishi,593,佐々木ストアー,https://img.bokenjapan.com/media/osakishi-dining-4020740.jpg,https://img.bokenjapan.com/media/osakishi-dining-4029805.jpg,matched own listing photo
miyagi/osakishi,594,BistroTakahashi,https://img.bokenjapan.com/media/osakishi-dining-4015556.jpg,https://img.bokenjapan.com/media/osakishi-dining-4020740.jpg,matched own listing photo
miyagi/osakishi,595,喜多屋焼麩製造所,https://img.bokenjapan.com/media/osakishi-dining-4017141.jpg,https://img.bokenjapan.com/media/osakishi-dining-4015556.jpg,matched own listing photo
miyagi/osakishi,597,季格,https://img.bokenjapan.com/media/osakishi-dining-4007819.jpg,https://img.bokenjapan.com/media/osakishi-dining-4017141.jpg,matched own listing photo
miyagi/osakishi,598,やまんばマルシェ,https://img.bokenjapan.com/media/osakishi-dining-4022750.jpg,https://img.bokenjapan.com/media/osakishi-dining-4007819.jpg,matched own listing photo
miyagi/osakishi,601,ファミリーマート 岩出山下野目店,https://img.bokenjapan.com/media/osakishi-dining-4017999.jpg,https://img.bokenjapan.com/media/osakishi-dining-4022750.jpg,matched own listing photo
miyagi/osakishi,602,松泉堂,https://img.bokenjapan.com/media/osakishi-dining-4015049.jpg,https://img.bokenjapan.com/media/osakishi-dining-4017999.jpg,matched own listing photo
miyagi/osakishi,603,あじまん DCM古川北店,https://img.bokenjapan.com/media/osakishi-dining-4028630.jpg,https://img.bokenjapan.com/media/osakishi-dining-4015049.jpg,matched own listing photo
miyagi/osakishi,604,ケネス,https://img.bokenjapan.com/media/osakishi-dining-4013425.jpg,https://img.bokenjapan.com/media/osakishi-dining-4028630.jpg,matched own listing photo
miyagi/osakishi,605,かなちゃんキムチ,https://img.bokenjapan.com/media/osakishi-dining-4024182.jpg,https://img.bokenjapan.com/media/osakishi-dining-4013425.jpg,matched own listing photo
miyagi/osakishi,606,ファミリーマート 宮城三本木店,https://img.bokenjapan.com/media/osakishi-dining-4022568.jpg,https://img.bokenjapan.com/media/osakishi-dining-4024182.jpg,matched own listing photo
miyagi/osakishi,608,串カツ田中 古川店,https://img.bokenjapan.com/media/osakishi-dining-4030369.jpg,https://img.bokenjapan.com/media/osakishi-dining-4022568.jpg,matched own listing photo
miyagi/osakishi,609,セブンイレブン 古川インター店,https://img.bokenjapan.com/media/osakishi-dining-4021984.jpg,https://img.bokenjapan.com/media/osakishi-dining-4030369.jpg,matched own listing photo
miyagi/osakishi,613,喜楽,https://img.bokenjapan.com/media/osakishi-dining-4006751.jpg,,photo belonged to another card; no own photo found
miyagi/osakishi,614,すずひろ,https://img.bokenjapan.com/media/osakishi-dining-4024353.jpg,https://img.bokenjapan.com/media/osakishi-dining-4006751.jpg,matched own listing photo
miyagi/osakishi,615,ミニストップ 宮城鹿島台店,https://img.bokenjapan.com/media/osakishi-dining-4012994.jpg,https://img.bokenjapan.com/media/osakishi-dining-4024353.jpg,matched own listing photo
miyagi/osakishi,616,農産物直売所 旬の店 シンフォニー,https://img.bokenjapan.com/media/osakishi-dining-4024637.jpg,https://img.bokenjapan.com/media/osakishi-dining-4012994.jpg,matched own listing photo
miyagi/osakishi,617,セブンイレブン 古川稲葉2丁目店,https://img.bokenjapan.com/media/osakishi-dining-4022071.jpg,https://img.bokenjapan.com/media/osakishi-dining-4024637.jpg,matched own listing photo
miyagi/osakishi,618,阿部蒲鉾店 古川台町店,https://img.bokenjapan.com/media/osakishi-dining-4014978.jpg,https://img.bokenjapan.com/media/osakishi-dining-4022071.jpg,matched own listing photo
miyagi/osakishi,619,猫喫茶 空陸家 イオンタウン古川店,https://img.bokenjapan.com/media/osakishi-dining-4024636.jpg,https://img.bokenjapan.com/media/osakishi-dining-4014978.jpg,matched own listing photo
miyagi/osakishi,620,コート・ダジュール 古川店,https://img.bokenjapan.com/media/osakishi-dining-4012283.jpg,https://img.bokenjapan.com/media/osakishi-dining-4024636.jpg,matched own listing photo
miyagi/osakishi,621,和風 すなっく 遊,https://img.bokenjapan.com/media/osakishi-dining-4023384.jpg,https://img.bokenjapan.com/media/osakishi-dining-4012283.jpg,matched own listing photo
miyagi/osakishi,622,ファミリーマート 岩出山中央店,https://img.bokenjapan.com/media/osakishi-dining-4019077.jpg,https://img.bokenjapan.com/media/osakishi-dining-4023384.jpg,matched own listing photo
miyagi/osakishi,623,ラーゼン,https://img.bokenjapan.com/media/osakishi-dining-4022127.jpg,https://img.bokenjapan.com/media/osakishi-dining-4019077.jpg,matched own listing photo
miyagi/osakishi,624,Patisserie Riche,https://img.bokenjapan.com/media/osakishi-dining-4026078.jpg,https://img.bokenjapan.com/media/osakishi-dining-4022127.jpg,matched own listing photo
miyagi/osakishi,625,ハルリッカ,https://img.bokenjapan.com/media/osakishi-dining-4026693.jpg,https://img.bokenjapan.com/media/osakishi-dining-4026078.jpg,matched own listing photo
miyagi/osakishi,626,シャトレーゼ 古川店,https://img.bokenjapan.com/media/osakishi-dining-4025686.jpg,https://img.bokenjapan.com/media/osakishi-dining-4026693.jpg,matched own listing photo
miyagi/osakishi,627,ほっともっと 鹿島台店,https://img.bokenjapan.com/media/osakishi-dining-4025532.jpg,https://img.bokenjapan.com/media/osakishi-dining-4025686.jpg,matched own listing photo
miyagi/osakishi,628,おみやげ処ふるかわ,https://img.bokenjapan.com/media/osakishi-dining-4019763.jpg,,photo belonged to another card; no own photo found
miyagi/osakishi,629,パン工場 イオン古川店,https://img.bokenjapan.com/media/osakishi-dining-4025775.jpg,https://img.bokenjapan.com/media/osakishi-dining-4019763.jpg,matched own listing photo
miyagi/osakishi,632,きときと,https://img.bokenjapan.com/media/osakishi-dining-4014217.jpg,,photo belonged to another card; no own photo found
miyagi/osakishi,633,モンペリエ ヨークベニマル古川中里店,https://img.bokenjapan.com/media/osakishi-dining-4018739.jpg,https://img.bokenjapan.com/media/osakishi-dining-4014217.jpg,matched own listing photo
miyagi/osakishi,634,銀座コージーコーナー イオン古川店,https://img.bokenjapan.com/media/osakishi-dining-4011150.jpg,https://img.bokenjapan.com/media/osakishi-dining-4018739.jpg,matched own listing photo
miyagi/osakishi,635,あかとら,https://img.bokenjapan.com/media/osakishi-dining-4026770.jpg,,photo belonged to another card; no own photo found
miyagi/osakishi,636,ほっともっと 岩出山店,https://img.bokenjapan.com/media/osakishi-dining-4014158.jpg,https://img.bokenjapan.com/media/osakishi-dining-4026770.jpg,matched own listing photo
miyagi/osakishi,637,フード,https://img.bokenjapan.com/media/osakishi-dining-4014605.jpg,https://img.bokenjapan.com/media/osakishi-dining-4014158.jpg,matched own listing photo
miyagi/osakishi,638,サクラサク,https://img.bokenjapan.com/media/osakishi-dining-4029121.jpg,,photo belonged to another card; no own photo found
miyagi/osakishi,639,静岡屋,https://img.bokenjapan.com/media/osakishi-dining-4015140.jpg,https://img.bokenjapan.com/media/osakishi-dining-4029121.jpg,matched own listing photo
miyagi/osakishi,640,らりるkitchen,https://img.bokenjapan.com/media/osakishi-dining-4027065.jpg,https://img.bokenjapan.com/media/osakishi-dining-4015140.jpg,matched own listing photo
miyagi/osakishi,641,炭火焼鳥 焼き介D・A．//,https://img.bokenjapan.com/media/osakishi-dining-4029950.jpg,https://img.bokenjapan.com/media/osakishi-dining-4027065.jpg,matched own listing photo
miyagi/osakishi,642,肉の店 下山,https://img.bokenjapan.com/media/osakishi-dining-4023657.jpg,https://img.bokenjapan.com/media/osakishi-dining-4029950.jpg,matched own listing photo
miyagi/osakishi,643,Ree,https://img.bokenjapan.com/media/osakishi-dining-4014346.jpg,https://img.bokenjapan.com/media/osakishi-dining-4023657.jpg,matched own listing photo
miyagi/osakishi,644,一富士,https://img.bokenjapan.com/media/osakishi-dining-4006706.jpg,https://img.bokenjapan.com/media/osakishi-dining-4014346.jpg,matched own listing photo
miyagi/osakishi,645,ミニストップ 古川駅前大通店,https://img.bokenjapan.com/media/osakishi-dining-4019989.jpg,https://img.bokenjapan.com/media/osakishi-dining-4006706.jpg,matched own listing photo
miyagi/osakishi,646,ごはん時々酒 おらい,https://img.bokenjapan.com/media/osakishi-dining-4026809.jpg,https://img.bokenjapan.com/media/osakishi-dining-4019989.jpg,matched own listing photo
miyagi/osakishi,649,コルプラン,https://img.bokenjapan.com/media/osakishi-dining-4016180.jpg,,photo belonged to another card; no own photo found
miyagi/osakishi,650,モンペリエ 古川店,https://img.bokenjapan.com/media/osakishi-dining-4014809.jpg,https://img.bokenjapan.com/media/osakishi-dining-4016180.jpg,matched own listing photo
miyagi/osakishi,651,花梨,https://img.bokenjapan.com/media/osakishi-dining-4005288.jpg,https://img.bokenjapan.com/media/osakishi-dining-4014809.jpg,matched own listing photo
miyagi/osakishi,652,鳴子温泉 ゆめぐり広場,https://img.bokenjapan.com/media/osakishi-dining-4022452.jpg,https://img.bokenjapan.com/media/osakishi-dining-4005288.jpg,matched own listing photo
miyagi/osakishi,653,菊池屋,https://img.bokenjapan.com/media/osakishi-dining-4030062.jpg,https://img.bokenjapan.com/media/osakishi-dining-4022452.jpg,matched own listing photo
miyagi/osakishi,655,レトロ居酒屋夢や,https://img.bokenjapan.com/media/osakishi-dining-4030364.jpg,https://img.bokenjapan.com/media/osakishi-dining-4030062.jpg,matched own listing photo
miyagi/osakishi,657,クスリのアオキ 古川駅東店,https://img.bokenjapan.com/media/osakishi-dining-4029761.jpg,https://img.bokenjapan.com/media/osakishi-dining-4030364.jpg,matched own listing photo
miyagi/osakishi,658,とことん亭,https://img.bokenjapan.com/media/osakishi-dining-4026608.jpg,https://img.bokenjapan.com/media/osakishi-dining-4029761.jpg,matched own listing photo
miyagi/osakishi,659,お茶彦 イオン古川店,https://img.bokenjapan.com/media/osakishi-dining-4014602.jpg,https://img.bokenjapan.com/media/osakishi-dining-4026608.jpg,matched own listing photo
miyagi/osakishi,660,快活CLUB 古川店,https://img.bokenjapan.com/media/osakishi-dining-4011530.jpg,https://img.bokenjapan.com/media/osakishi-dining-4014602.jpg,matched own listing photo
miyagi/osakishi,661,親父の厨房,https://img.bokenjapan.com/media/osakishi-dining-4009791.jpg,https://img.bokenjapan.com/media/osakishi-dining-4011530.jpg,matched own listing photo
miyagi/osakishi,662,オーセンティックバー ルドルフ,https://img.bokenjapan.com/media/osakishi-dining-4026935.jpg,https://img.bokenjapan.com/media/osakishi-dining-4009791.jpg,matched own listing photo
miyagi/osakishi,663,ごはんどき 古川店,https://img.bokenjapan.com/media/osakishi-dining-4013982.jpg,https://img.bokenjapan.com/media/osakishi-dining-4026935.jpg,matched own listing photo
miyagi/osakishi,664,居酒屋 道,https://img.bokenjapan.com/media/osakishi-dining-4029492.jpg,https://img.bokenjapan.com/media/osakishi-dining-4013982.jpg,matched own listing photo
miyagi/osakishi,669,プラザホテル古川,https://img.bokenjapan.com/media/osakishi-dining-4013420.jpg,,photo belonged to another card; no own photo found
miyagi/osakishi,670,岩出山家庭ハム,https://img.bokenjapan.com/media/osakishi-dining-4013192.jpg,https://img.bokenjapan.com/media/osakishi-dining-4013420.jpg,matched own listing photo
miyagi/osakishi,671,NewDaysミニ 古川4号,https://img.bokenjapan.com/media/osakishi-dining-4027028.jpg,https://img.bokenjapan.com/media/osakishi-dining-4013192.jpg,matched own listing photo
miyagi/osakishi,672,ファミリーマート 古川穂波店,https://img.bokenjapan.com/media/osakishi-dining-4027005.jpg,https://img.bokenjapan.com/media/osakishi-dining-4027028.jpg,matched own listing photo
miyagi/osakishi,673,ダイニング酒場 伊勢,https://img.bokenjapan.com/media/osakishi-dining-4017235.jpg,https://img.bokenjapan.com/media/osakishi-dining-4027005.jpg,matched own listing photo
miyagi/osakishi,674,石巻 白謙 藤崎 古川店,https://img.bokenjapan.com/media/osakishi-dining-4023491.jpg,https://img.bokenjapan.com/media/osakishi-dining-4017235.jpg,matched own listing photo
miyagi/osakishi,675,ギフトプラザ 古川店,https://img.bokenjapan.com/media/osakishi-dining-4023175.jpg,https://img.bokenjapan.com/media/osakishi-dining-4023491.jpg,matched own listing photo
miyagi/osakishi,676,ファミリーマート 岩出山池月店,https://img.bokenjapan.com/media/osakishi-dining-4027271.jpg,https://img.bokenjapan.com/media/osakishi-dining-4023175.jpg,matched own listing photo
miyagi/osakishi,677,スタジオ どどいち,https://img.bokenjapan.com/media/osakishi-dining-4018935.jpg,https://img.bokenjapan.com/media/osakishi-dining-4027271.jpg,matched own listing photo
miyagi/osakishi,678,LAWSON 大崎古川駅南店,https://img.bokenjapan.com/media/osakishi-dining-4027093.jpg,https://img.bokenjapan.com/media/osakishi-dining-4018935.jpg,matched own listing photo
miyagi/osakishi,679,セブンイレブン 古川穂波７丁目店,https://img.bokenjapan.com/media/osakishi-dining-4027006.jpg,https://img.bokenjapan.com/media/osakishi-dining-4027093.jpg,matched own listing photo
miyagi/osakishi,680,セブンイレブン 大崎古川新田店,https://img.bokenjapan.com/media/osakishi-dining-4026710.jpg,https://img.bokenjapan.com/media/osakishi-dining-4027006.jpg,matched own listing photo
miyagi/osakishi,681,愛菜　べんとう,https://img.bokenjapan.com/media/osakishi-dining-4011202.jpg,https://img.bokenjapan.com/media/osakishi-dining-4026710.jpg,matched own listing photo
miyagi/osakishi,682,新宿さぼてん 古川イオン店,https://img.bokenjapan.com/media/osakishi-dining-4015607.jpg,https://img.bokenjapan.com/media/osakishi-dining-4011202.jpg,matched own listing photo
miyagi/osakishi,683,寒梅酒造,https://img.bokenjapan.com/media/osakishi-dining-4029091.jpg,https://img.bokenjapan.com/media/osakishi-dining-4015607.jpg,matched own listing photo
miyagi/osakishi,684,LAWSON 大崎古川十日町店,https://img.bokenjapan.com/media/osakishi-dining-4027002.jpg,https://img.bokenjapan.com/media/osakishi-dining-4029091.jpg,matched own listing photo
miyagi/osakishi,685,シマダヤ東北 ギフト館,https://img.bokenjapan.com/media/osakishi-dining-4026467.jpg,https://img.bokenjapan.com/media/osakishi-dining-4027002.jpg,matched own listing photo
miyagi/osakishi,687,エムアイプラザ 古川店,https://img.bokenjapan.com/media/osakishi-dining-4027527.jpg,,photo belonged to another card; no own photo found
miyagi/osakishi,688,ファミリーマート 大崎市民病院店,https://img.bokenjapan.com/media/osakishi-dining-4027076.jpg,https://img.bokenjapan.com/media/osakishi-dining-4027527.jpg,matched own listing photo
miyagi/osakishi,689,燦呂道,https://img.bokenjapan.com/media/osakishi-dining-4010733.jpg,,photo belonged to another card; no own photo found
miyagi/osakishi,690,LAWSON 大崎古川諏訪二丁目店,https://img.bokenjapan.com/media/osakishi-dining-4024312.jpg,https://img.bokenjapan.com/media/osakishi-dining-4010733.jpg,matched own listing photo
miyagi/osakishi,691,キムチの石川,https://img.bokenjapan.com/media/osakishi-dining-4028502.jpg,https://img.bokenjapan.com/media/osakishi-dining-4024312.jpg,matched own listing photo
miyagi/osakishi,693,ヨークベニマル 古川福浦店,https://img.bokenjapan.com/media/osakishi-dining-4027718.jpg,https://img.bokenjapan.com/media/osakishi-dining-4028502.jpg,matched own listing photo
miyagi/osakishi,694,おでん屋 笑美,https://img.bokenjapan.com/media/osakishi-dining-4022717.jpg,https://img.bokenjapan.com/media/osakishi-dining-4027718.jpg,matched own listing photo
miyagi/osakishi,695,ヨークベニマル 古川中里店,https://img.bokenjapan.com/media/osakishi-dining-4027784.jpg,https://img.bokenjapan.com/media/osakishi-dining-4022717.jpg,matched own listing photo
miyagi/osakishi,697,中森豆腐店,https://img.bokenjapan.com/media/osakishi-dining-4028579.jpg,https://img.bokenjapan.com/media/osakishi-dining-4027784.jpg,matched own listing photo
miyagi/osakishi,698,ファミリーマート 古川工業高校前店,https://img.bokenjapan.com/media/osakishi-dining-4027123.jpg,https://img.bokenjapan.com/media/osakishi-dining-4028579.jpg,matched own listing photo
miyagi/osakishi,700,じゅんひキムチ,https://img.bokenjapan.com/media/osakishi-dining-4028279.jpg,https://img.bokenjapan.com/media/osakishi-dining-4027123.jpg,matched own listing photo
miyagi/osakishi,701,セブンイレブン 古川駅南3丁目店,https://img.bokenjapan.com/media/osakishi-dining-4027141.jpg,https://img.bokenjapan.com/media/osakishi-dining-4028279.jpg,matched own listing photo
miyagi/osakishi,705,美代寿司,https://img.bokenjapan.com/media/osakishi-dining-4004796.jpg,,photo belonged to another card; no own photo found
miyagi/osakishi,706,セブンイレブン,https://img.bokenjapan.com/media/osakishi-dining-4027043.jpg,https://img.bokenjapan.com/media/osakishi-dining-4004796.jpg,matched own listing photo
miyagi/osakishi,709,ファミリーマート 古川大江向店,https://img.bokenjapan.com/media/osakishi-dining-4025378.jpg,https://img.bokenjapan.com/media/osakishi-dining-4027043.jpg,matched own listing photo
miyagi/osakishi,710,マハロダイニング 古川店,https://img.bokenjapan.com/media/osakishi-dining-4022803.jpg,https://img.bokenjapan.com/media/osakishi-dining-4025378.jpg,matched own listing photo
miyagi/osakishi,711,ティーラウンジ四季,https://img.bokenjapan.com/media/osakishi-dining-4020228.jpg,https://img.bokenjapan.com/media/osakishi-dining-4022803.jpg,matched own listing photo
miyagi/osakishi,712,尾形商店,https://img.bokenjapan.com/media/osakishi-dining-4020126.jpg,https://img.bokenjapan.com/media/osakishi-dining-4020228.jpg,matched own listing photo
miyagi/osakishi,713,薬王堂 古川城西店,https://img.bokenjapan.com/media/osakishi-dining-4025382.jpg,https://img.bokenjapan.com/media/osakishi-dining-4020126.jpg,matched own listing photo
miyagi/osakishi,714,ゴルフ&レストラン T-shot,https://img.bokenjapan.com/media/osakishi-dining-4026260.jpg,https://img.bokenjapan.com/media/osakishi-dining-4025382.jpg,matched own listing photo
miyagi/osakishi,715,セブンイレブン 大崎市役所前店,https://img.bokenjapan.com/media/osakishi-dining-4026997.jpg,https://img.bokenjapan.com/media/osakishi-dining-4026260.jpg,matched own listing photo
miyagi/osakishi,717,薬王堂 竹ノ内店,https://img.bokenjapan.com/media/osakishi-dining-4025383.jpg,https://img.bokenjapan.com/media/osakishi-dining-4026997.jpg,matched own listing photo
miyagi/osakishi,718,LAWSON 大崎三本木店,https://img.bokenjapan.com/media/osakishi-dining-4028517.jpg,https://img.bokenjapan.com/media/osakishi-dining-4025383.jpg,matched own listing photo
miyagi/osakishi,719,ちいくろ,https://img.bokenjapan.com/media/osakishi-dining-4010199.jpg,https://img.bokenjapan.com/media/osakishi-dining-4028517.jpg,matched own listing photo
miyagi/osakishi,720,産直トマト無人販売所センター,https://img.bokenjapan.com/media/osakishi-dining-4030034.jpg,https://img.bokenjapan.com/media/osakishi-dining-4010199.jpg,matched own listing photo
miyagi/osakishi,721,あさひや,https://img.bokenjapan.com/media/osakishi-dining-4004536.jpg,https://img.bokenjapan.com/media/osakishi-dining-4030034.jpg,matched own listing photo
miyagi/osakishi,724,カワチ薬品 古川店,https://img.bokenjapan.com/media/osakishi-dining-4017989.jpg,,photo belonged to another card; no own photo found
miyagi/osakishi,725,ラウンジあおば,https://img.bokenjapan.com/media/osakishi-dining-4020224.jpg,https://img.bokenjapan.com/media/osakishi-dining-4017989.jpg,matched own listing photo
miyagi/osato,3,道の駅おおさと,https://img.bokenjapan.com/media/osato-dining-4009560.jpg,https://img.bokenjapan.com/media/osato-dining-4022490.jpg,matched own listing photo
miyagi/osato,4,旅人の食堂,https://img.bokenjapan.com/media/osato-dining-4029601.jpg,https://img.bokenjapan.com/media/osato-dining-4009560.jpg,matched own listing photo
miyagi/osato,5,とんこつラーメン　麺笑,https://img.bokenjapan.com/media/osato-dining-4010208.jpg,https://img.bokenjapan.com/media/osato-dining-4029601.jpg,matched own listing photo
miyagi/osato,6,麺屋 鶏楽,https://img.bokenjapan.com/media/osato-dining-4028702.jpg,https://img.bokenjapan.com/media/osato-dining-4010208.jpg,matched own listing photo
miyagi/osato,7,うまいもんや 夢花草屋,https://img.bokenjapan.com/media/osato-dining-4023349.jpg,https://img.bokenjapan.com/media/osato-dining-4028702.jpg,matched own listing photo
miyagi/osato,8,ごはん+きっさ ひより,https://img.bokenjapan.com/media/osato-dining-4023537.jpg,https://img.bokenjapan.com/media/osato-dining-4023349.jpg,matched own listing photo
miyagi/osato,9,秀寿司,https://img.bokenjapan.com/media/osato-dining-4011383.jpg,https://img.bokenjapan.com/media/osato-dining-4023537.jpg,matched own listing photo
miyagi/osato,10,中国菜館煌華,https://img.bokenjapan.com/media/osato-dining-4012174.jpg,https://img.bokenjapan.com/media/osato-dining-4011383.jpg,matched own listing photo
miyagi/osato,11,食彩館,https://img.bokenjapan.com/media/osato-dining-4003645.jpg,https://img.bokenjapan.com/media/osato-dining-4012174.jpg,matched own listing photo
miyagi/osato,12,おおさと食堂,https://img.bokenjapan.com/media/osato-dining-4021067.jpg,https://img.bokenjapan.com/media/osato-dining-4003645.jpg,matched own listing photo
miyagi/osato,13,俄飯店,https://img.bokenjapan.com/media/osato-dining-4011315.jpg,https://img.bokenjapan.com/media/osato-dining-4021067.jpg,matched own listing photo
miyagi/osato,14,松島国際カントリークラブ,https://img.bokenjapan.com/media/osato-dining-4015764.jpg,https://img.bokenjapan.com/media/osato-dining-4011315.jpg,matched own listing photo
miyagi/osato,15,うな遊 さかい,https://img.bokenjapan.com/media/osato-dining-4020983.jpg,https://img.bokenjapan.com/media/osato-dining-4015764.jpg,matched own listing photo
miyagi/osato,16,おおさとゴルフ倶楽部,https://img.bokenjapan.com/media/osato-dining-4016807.jpg,https://img.bokenjapan.com/media/osato-dining-4020983.jpg,matched own listing photo
miyagi/osato,17,北京,https://img.bokenjapan.com/media/osato-dining-4009545.jpg,https://img.bokenjapan.com/media/osato-dining-4016807.jpg,matched own listing photo
miyagi/osato,18,支倉の浪漫,https://img.bokenjapan.com/media/osato-dining-4028703.jpg,https://img.bokenjapan.com/media/osato-dining-4009545.jpg,matched own listing photo
miyagi/osato,19,ベッセル,https://img.bokenjapan.com/media/osato-dining-4021379.jpg,https://img.bokenjapan.com/media/osato-dining-4028703.jpg,matched own listing photo
miyagi/osato,22,パン工房わ・は・わ,https://img.bokenjapan.com/media/osato-dining-4021868.jpg,,photo belonged to another card; no own photo found
miyagi/osato,23,セカンドキッチン 丸福食堂,https://img.bokenjapan.com/media/osato-dining-4021368.jpg,https://img.bokenjapan.com/media/osato-dining-4021868.jpg,matched own listing photo
miyagi/osato,24,のうぎょうけんこうけんきゅうしょ,https://img.bokenjapan.com/media/osato-dining-4024232.jpg,https://img.bokenjapan.com/media/osato-dining-4021368.jpg,matched own listing photo
miyagi/osato,25,セブンイレブン 大郷町店,https://img.bokenjapan.com/media/osato-dining-4022225.jpg,https://img.bokenjapan.com/media/osato-dining-4024232.jpg,matched own listing photo
miyagi/osato,26,セブンイレブン 大郷大松沢店,https://img.bokenjapan.com/media/osato-dining-4023643.jpg,https://img.bokenjapan.com/media/osato-dining-4022225.jpg,matched own listing photo
miyagi/rifu,2,麺屋久兵衛,https://img.bokenjapan.com/media/rifu-dining-4002455.jpg,,photo belonged to another card; no own photo found
miyagi/rifu,3,らーめんかいじ 利府店,https://img.bokenjapan.com/media/rifu-dining-4020447.jpg,https://img.bokenjapan.com/media/rifu-dining-4002455.jpg,matched own listing photo
miyagi/rifu,4,コナズ珈琲 利府店,https://img.bokenjapan.com/media/rifu-dining-4028079.jpg,https://img.bokenjapan.com/media/rifu-dining-4020447.jpg,matched own listing photo
miyagi/rifu,5,田里津庵,https://img.bokenjapan.com/media/rifu-dining-4000826.jpg,https://img.bokenjapan.com/media/rifu-dining-4028079.jpg,matched own listing photo
miyagi/rifu,6,稲庭うどん 瀧さわ家,https://img.bokenjapan.com/media/rifu-dining-4005063.jpg,https://img.bokenjapan.com/media/rifu-dining-4000826.jpg,matched own listing photo
miyagi/rifu,7,山形黒毛和牛 米沢牛焼肉 仔虎 利府店,https://img.bokenjapan.com/media/rifu-dining-4016289.jpg,https://img.bokenjapan.com/media/rifu-dining-4005063.jpg,matched own listing photo
miyagi/rifu,8,こまつや,https://img.bokenjapan.com/media/rifu-dining-4008136.jpg,https://img.bokenjapan.com/media/rifu-dining-4016289.jpg,matched own listing photo
miyagi/rifu,9,mou mol molle,https://img.bokenjapan.com/media/rifu-dining-4017955.jpg,https://img.bokenjapan.com/media/rifu-dining-4008136.jpg,matched own listing photo
miyagi/rifu,10,味噌ラーメン はちべえ,https://img.bokenjapan.com/media/rifu-dining-4002125.jpg,https://img.bokenjapan.com/media/rifu-dining-4017955.jpg,matched own listing photo
miyagi/rifu,11,麺匠　大黒 利府中インター店,https://img.bokenjapan.com/media/rifu-dining-4008753.jpg,https://img.bokenjapan.com/media/rifu-dining-4002125.jpg,matched own listing photo
miyagi/rifu,12,北京,https://img.bokenjapan.com/media/rifu-dining-4003794.jpg,https://img.bokenjapan.com/media/rifu-dining-4008753.jpg,matched own listing photo
miyagi/rifu,13,ラーメンショップ 加瀬店,https://img.bokenjapan.com/media/rifu-dining-4009819.jpg,https://img.bokenjapan.com/media/rifu-dining-4003794.jpg,matched own listing photo
miyagi/rifu,14,ドムドム ハンバーガー イオンモール新利府北館店,https://img.bokenjapan.com/media/rifu-dining-4024479.jpg,https://img.bokenjapan.com/media/rifu-dining-4009819.jpg,matched own listing photo
miyagi/rifu,15,Café Restaurant BONANZA,https://img.bokenjapan.com/media/rifu-dining-4003259.jpg,https://img.bokenjapan.com/media/rifu-dining-4024479.jpg,matched own listing photo
miyagi/rifu,16,利府ゴルフ倶楽部,https://img.bokenjapan.com/media/rifu-dining-4011890.jpg,https://img.bokenjapan.com/media/rifu-dining-4003259.jpg,matched own listing photo
miyagi/rifu,17,五穀 利府店,https://img.bokenjapan.com/media/rifu-dining-4023841.jpg,https://img.bokenjapan.com/media/rifu-dining-4011890.jpg,matched own listing photo
miyagi/rifu,18,サンタカフェ,https://img.bokenjapan.com/media/rifu-dining-4026535.jpg,https://img.bokenjapan.com/media/rifu-dining-4023841.jpg,matched own listing photo
miyagi/rifu,19,まぐろ屋 やまもと イオンモール新利府店,https://img.bokenjapan.com/media/rifu-dining-4023838.jpg,https://img.bokenjapan.com/media/rifu-dining-4026535.jpg,matched own listing photo
miyagi/rifu,22,カフェレストラン・アリーノ,https://img.bokenjapan.com/media/rifu-dining-4024931.jpg,,photo belonged to another card; no own photo found
miyagi/rifu,23,GODIVA イオンモール新利府南館店,https://img.bokenjapan.com/media/rifu-dining-4023869.jpg,https://img.bokenjapan.com/media/rifu-dining-4024931.jpg,matched own listing photo
miyagi/rifu,24,ヴェル ドゥーラ,https://img.bokenjapan.com/media/rifu-dining-4015389.jpg,https://img.bokenjapan.com/media/rifu-dining-4023869.jpg,matched own listing photo
miyagi/rifu,25,和風れすとらん加瀬,https://img.bokenjapan.com/media/rifu-dining-4007160.jpg,https://img.bokenjapan.com/media/rifu-dining-4015389.jpg,matched own listing photo
miyagi/rifu,26,ばーすでい 利府菅谷台本店,https://img.bokenjapan.com/media/rifu-dining-4002095.jpg,https://img.bokenjapan.com/media/rifu-dining-4007160.jpg,matched own listing photo
miyagi/rifu,27,自家製麺 いちむら 弍,https://img.bokenjapan.com/media/rifu-dining-4029850.jpg,https://img.bokenjapan.com/media/rifu-dining-4002095.jpg,matched own listing photo
miyagi/rifu,28,mameiro イオンスタイル新利府店,https://img.bokenjapan.com/media/rifu-dining-4023970.jpg,https://img.bokenjapan.com/media/rifu-dining-4029850.jpg,matched own listing photo
miyagi/rifu,29,生石庵,https://img.bokenjapan.com/media/rifu-dining-4018728.jpg,https://img.bokenjapan.com/media/rifu-dining-4023970.jpg,matched own listing photo
miyagi/rifu,30,かき焼処,https://img.bokenjapan.com/media/rifu-dining-4013507.jpg,https://img.bokenjapan.com/media/rifu-dining-4018728.jpg,matched own listing photo
miyagi/rifu,31,仙台辛み噌ラーメン 味よし イオンモール新利府店,https://img.bokenjapan.com/media/rifu-dining-4023834.jpg,https://img.bokenjapan.com/media/rifu-dining-4013507.jpg,matched own listing photo
miyagi/rifu,32,宝中飯店,https://img.bokenjapan.com/media/rifu-dining-4005047.jpg,https://img.bokenjapan.com/media/rifu-dining-4023834.jpg,matched own listing photo
miyagi/rifu,33,cafe ソノヒノキブン,https://img.bokenjapan.com/media/rifu-dining-4023535.jpg,https://img.bokenjapan.com/media/rifu-dining-4005047.jpg,matched own listing photo
miyagi/rifu,34,ウジエスーパー 利府店,https://img.bokenjapan.com/media/rifu-dining-4019018.jpg,https://img.bokenjapan.com/media/rifu-dining-4023535.jpg,matched own listing photo
miyagi/rifu,35,コション パティスリーカフェ,https://img.bokenjapan.com/media/rifu-dining-4020451.jpg,https://img.bokenjapan.com/media/rifu-dining-4019018.jpg,matched own listing photo
miyagi/rifu,36,U cafe 利府店,https://img.bokenjapan.com/media/rifu-dining-4025478.jpg,https://img.bokenjapan.com/media/rifu-dining-4020451.jpg,matched own listing photo
miyagi/rifu,37,牛たんkitchenきすけ イオンモール新利府店,https://img.bokenjapan.com/media/rifu-dining-4023835.jpg,https://img.bokenjapan.com/media/rifu-dining-4025478.jpg,matched own listing photo
miyagi/rifu,38,カルビ丼とスン豆腐専門店 韓丼 利府店,https://img.bokenjapan.com/media/rifu-dining-4022298.jpg,https://img.bokenjapan.com/media/rifu-dining-4023835.jpg,matched own listing photo
miyagi/rifu,39,フレッシュ ヤマトク 本店,https://img.bokenjapan.com/media/rifu-dining-4020149.jpg,https://img.bokenjapan.com/media/rifu-dining-4022298.jpg,matched own listing photo
miyagi/rifu,42,Rojiura Curry SAMURAI. 新利府南館店,https://img.bokenjapan.com/media/rifu-dining-4023855.jpg,,photo belonged to another card; no own photo found
miyagi/rifu,43,かつグルメ 利府店,https://img.bokenjapan.com/media/rifu-dining-4007307.jpg,https://img.bokenjapan.com/media/rifu-dining-4023855.jpg,matched own listing photo
miyagi/rifu,44,食事処 伊達商店,https://img.bokenjapan.com/media/rifu-dining-4021542.jpg,https://img.bokenjapan.com/media/rifu-dining-4007307.jpg,matched own listing photo
miyagi/rifu,45,京屋台 中華そば 古都ら イオンモール新利府北館店,https://img.bokenjapan.com/media/rifu-dining-4027912.jpg,https://img.bokenjapan.com/media/rifu-dining-4021542.jpg,matched own listing photo
miyagi/rifu,46,マルハのカルビ丼 イオンモール新利府 南館店,https://img.bokenjapan.com/media/rifu-dining-4023837.jpg,https://img.bokenjapan.com/media/rifu-dining-4027912.jpg,matched own listing photo
miyagi/rifu,47,ドライブイン化粧坂,https://img.bokenjapan.com/media/rifu-dining-4017953.jpg,https://img.bokenjapan.com/media/rifu-dining-4023837.jpg,matched own listing photo
miyagi/rifu,48,そば処・梨郷,https://img.bokenjapan.com/media/rifu-dining-4004352.jpg,https://img.bokenjapan.com/media/rifu-dining-4017953.jpg,matched own listing photo
miyagi/rifu,49,spica,https://img.bokenjapan.com/media/rifu-dining-4014082.jpg,https://img.bokenjapan.com/media/rifu-dining-4004352.jpg,matched own listing photo
miyagi/rifu,50,Patisserie Hacchi,https://img.bokenjapan.com/media/rifu-dining-4009184.jpg,https://img.bokenjapan.com/media/rifu-dining-4014082.jpg,matched own listing photo
miyagi/rifu,51,獅子茶,https://img.bokenjapan.com/media/rifu-dining-4023858.jpg,https://img.bokenjapan.com/media/rifu-dining-4009184.jpg,matched own listing photo
miyagi/rifu,52,吉田シフォン,https://img.bokenjapan.com/media/rifu-dining-4024745.jpg,https://img.bokenjapan.com/media/rifu-dining-4023858.jpg,matched own listing photo
miyagi/rifu,53,デイリーポート新鮮館 利府店,https://img.bokenjapan.com/media/rifu-dining-4028068.jpg,https://img.bokenjapan.com/media/rifu-dining-4024745.jpg,matched own listing photo
miyagi/rifu,54,上海常 イオンモール新利府店,https://img.bokenjapan.com/media/rifu-dining-4023842.jpg,https://img.bokenjapan.com/media/rifu-dining-4028068.jpg,matched own listing photo
miyagi/rifu,55,すし清次郎 イオンモール新利府店,https://img.bokenjapan.com/media/rifu-dining-4023848.jpg,https://img.bokenjapan.com/media/rifu-dining-4023842.jpg,matched own listing photo
miyagi/rifu,56,アグリエの森 Leaf marche,https://img.bokenjapan.com/media/rifu-dining-4024107.jpg,https://img.bokenjapan.com/media/rifu-dining-4023848.jpg,matched own listing photo
miyagi/rifu,57,牛角食べ放題専門店 利府ペアガーデン店,https://img.bokenjapan.com/media/rifu-dining-4027412.jpg,https://img.bokenjapan.com/media/rifu-dining-4024107.jpg,matched own listing photo
miyagi/rifu,58,BALLER:S,https://img.bokenjapan.com/media/rifu-dining-4023829.jpg,https://img.bokenjapan.com/media/rifu-dining-4027412.jpg,matched own listing photo
miyagi/rifu,61,ビアードパパの作りたて工房 イオンモール新利府店,https://img.bokenjapan.com/media/rifu-dining-4027917.jpg,,photo belonged to another card; no own photo found
miyagi/rifu,62,利府珈琲茶寮,https://img.bokenjapan.com/media/rifu-dining-4021876.jpg,https://img.bokenjapan.com/media/rifu-dining-4027917.jpg,matched own listing photo
miyagi/rifu,63,らーめん堂仙台っ子 利府店,https://img.bokenjapan.com/media/rifu-dining-4011426.jpg,,photo belonged to another card; no own photo found
miyagi/rifu,64,肉のはせ川 利府店,https://img.bokenjapan.com/media/rifu-dining-4021950.jpg,https://img.bokenjapan.com/media/rifu-dining-4011426.jpg,matched own listing photo
miyagi/rifu,65,Italian Kitchen VANSAN イオンモール新利府南館店,https://img.bokenjapan.com/media/rifu-dining-4023779.jpg,https://img.bokenjapan.com/media/rifu-dining-4021950.jpg,matched own listing photo
miyagi/rifu,66,石窯パン工房  パンセ　 利府本店,https://img.bokenjapan.com/media/rifu-dining-4009653.jpg,https://img.bokenjapan.com/media/rifu-dining-4023779.jpg,matched own listing photo
miyagi/rifu,67,丸亀製麺 イオンモール利府,https://img.bokenjapan.com/media/rifu-dining-4023836.jpg,https://img.bokenjapan.com/media/rifu-dining-4009653.jpg,matched own listing photo
miyagi/rifu,68,赤い屋根,https://img.bokenjapan.com/media/rifu-dining-4003038.jpg,https://img.bokenjapan.com/media/rifu-dining-4023836.jpg,matched own listing photo
miyagi/rifu,69,とんかつ新宿さぼてん イオンモール新利府南館店,https://img.bokenjapan.com/media/rifu-dining-4023847.jpg,https://img.bokenjapan.com/media/rifu-dining-4003038.jpg,matched own listing photo
miyagi/rifu,70,ラーメン魁力屋 イオンモール新利府店,https://img.bokenjapan.com/media/rifu-dining-4029888.jpg,https://img.bokenjapan.com/media/rifu-dining-4023847.jpg,matched own listing photo
miyagi/rifu,71,メゾン・ド・フランス,https://img.bokenjapan.com/media/rifu-dining-4005582.jpg,https://img.bokenjapan.com/media/rifu-dining-4029888.jpg,matched own listing photo
miyagi/rifu,72,肉匠 鈴吉 イオンモール新利府店,https://img.bokenjapan.com/media/rifu-dining-4023850.jpg,https://img.bokenjapan.com/media/rifu-dining-4005582.jpg,matched own listing photo
miyagi/rifu,73,サーティーワンアイスクリーム イオンモール新利府南館店,https://img.bokenjapan.com/media/rifu-dining-4023823.jpg,https://img.bokenjapan.com/media/rifu-dining-4023850.jpg,matched own listing photo
miyagi/rifu,74,AEON CINEMA 新利府,https://img.bokenjapan.com/media/rifu-dining-4024104.jpg,https://img.bokenjapan.com/media/rifu-dining-4023823.jpg,matched own listing photo
miyagi/rifu,75,口福堂 イオンモール新利府店,https://img.bokenjapan.com/media/rifu-dining-4028419.jpg,https://img.bokenjapan.com/media/rifu-dining-4024104.jpg,matched own listing photo
miyagi/rifu,76,やっぱりステーキ イオンモール新利府南館店,https://img.bokenjapan.com/media/rifu-dining-4023859.jpg,https://img.bokenjapan.com/media/rifu-dining-4028419.jpg,matched own listing photo
miyagi/rifu,77,びっくりドンキー 利府店,https://img.bokenjapan.com/media/rifu-dining-4003448.jpg,https://img.bokenjapan.com/media/rifu-dining-4023859.jpg,matched own listing photo
miyagi/rifu,80,スターバックスコーヒー イオンモール新利府南館1階店,https://img.bokenjapan.com/media/rifu-dining-4023871.jpg,,photo belonged to another card; no own photo found
miyagi/rifu,81,松屋 春日PA下り線店,https://img.bokenjapan.com/media/rifu-dining-4025567.jpg,https://img.bokenjapan.com/media/rifu-dining-4023871.jpg,matched own listing photo
miyagi/rifu,82,カトーマロニエ 本店,https://img.bokenjapan.com/media/rifu-dining-4013800.jpg,https://img.bokenjapan.com/media/rifu-dining-4025567.jpg,matched own listing photo
miyagi/rifu,83,ミニストップ 春日PA下り店,https://img.bokenjapan.com/media/rifu-dining-4017246.jpg,https://img.bokenjapan.com/media/rifu-dining-4013800.jpg,matched own listing photo
miyagi/rifu,84,レーブ・ド・ルピナス,https://img.bokenjapan.com/media/rifu-dining-4012117.jpg,https://img.bokenjapan.com/media/rifu-dining-4017246.jpg,matched own listing photo
miyagi/rifu,85,しゃぶしゃぶ但馬屋 イオンモール新利府南館店,https://img.bokenjapan.com/media/rifu-dining-4023832.jpg,https://img.bokenjapan.com/media/rifu-dining-4012117.jpg,matched own listing photo
miyagi/rifu,86,こけし庵,https://img.bokenjapan.com/media/rifu-dining-4002425.jpg,https://img.bokenjapan.com/media/rifu-dining-4023832.jpg,matched own listing photo
miyagi/rifu,87,アグリサンタハウス,https://img.bokenjapan.com/media/rifu-dining-4026592.jpg,https://img.bokenjapan.com/media/rifu-dining-4002425.jpg,matched own listing photo
miyagi/rifu,88,喜久水庵 イオンモール新利府 北館店,https://img.bokenjapan.com/media/rifu-dining-4013150.jpg,https://img.bokenjapan.com/media/rifu-dining-4026592.jpg,matched own listing photo
miyagi/rifu,89,Bread Factory パン工場 イオンスタイル新利府店,https://img.bokenjapan.com/media/rifu-dining-4024516.jpg,https://img.bokenjapan.com/media/rifu-dining-4013150.jpg,matched own listing photo
miyagi/rifu,90,十ちゃんの台所,https://img.bokenjapan.com/media/rifu-dining-4027834.jpg,https://img.bokenjapan.com/media/rifu-dining-4024516.jpg,matched own listing photo
miyagi/rifu,91,イオンスタイル 新利府,https://img.bokenjapan.com/media/rifu-dining-4024060.jpg,https://img.bokenjapan.com/media/rifu-dining-4027834.jpg,matched own listing photo
miyagi/rifu,92,こもれび,https://img.bokenjapan.com/media/rifu-dining-4024593.jpg,https://img.bokenjapan.com/media/rifu-dining-4024060.jpg,matched own listing photo
miyagi/rifu,93,tsumiki,https://img.bokenjapan.com/media/rifu-dining-4024518.jpg,https://img.bokenjapan.com/media/rifu-dining-4024593.jpg,matched own listing photo
miyagi/rifu,94,フロ プレステージュ イオンモール新利府店,https://img.bokenjapan.com/media/rifu-dining-4028420.jpg,https://img.bokenjapan.com/media/rifu-dining-4024518.jpg,matched own listing photo
miyagi/rifu,95,サンズフルーツパーラー果蔵,https://img.bokenjapan.com/media/rifu-dining-4027138.jpg,https://img.bokenjapan.com/media/rifu-dining-4028420.jpg,matched own listing photo
miyagi/rifu,96,味噌乃屋 田所商店 イオンモール新利府南館店,https://img.bokenjapan.com/media/rifu-dining-4023833.jpg,https://img.bokenjapan.com/media/rifu-dining-4027138.jpg,matched own listing photo
miyagi/rifu,97,コメダ珈琲店 利府店,https://img.bokenjapan.com/media/rifu-dining-4022145.jpg,https://img.bokenjapan.com/media/rifu-dining-4023833.jpg,matched own listing photo
miyagi/rifu,100,牛たん炭焼 利久 イオンモール新利府店,https://img.bokenjapan.com/media/rifu-dining-4023831.jpg,,photo belonged to another card; no own photo found
miyagi/rifu,101,珈琲館 利府店,https://img.bokenjapan.com/media/rifu-dining-4009975.jpg,https://img.bokenjapan.com/media/rifu-dining-4023831.jpg,matched own listing photo
miyagi/rifu,102,スターバックスコーヒー 利府街道店,https://img.bokenjapan.com/media/rifu-dining-4022815.jpg,https://img.bokenjapan.com/media/rifu-dining-4009975.jpg,matched own listing photo
miyagi/rifu,103,虎包 イオンモール新利府北館店,https://img.bokenjapan.com/media/rifu-dining-4024550.jpg,https://img.bokenjapan.com/media/rifu-dining-4022815.jpg,matched own listing photo
miyagi/rifu,104,魚べい 利府店,https://img.bokenjapan.com/media/rifu-dining-4025006.jpg,https://img.bokenjapan.com/media/rifu-dining-4024550.jpg,matched own listing photo
miyagi/rifu,105,マクドナルド イオンモール新利府店,https://img.bokenjapan.com/media/rifu-dining-4023862.jpg,https://img.bokenjapan.com/media/rifu-dining-4025006.jpg,matched own listing photo
miyagi/rifu,106,H's CREAM イオンモール利府店,https://img.bokenjapan.com/media/rifu-dining-4023849.jpg,https://img.bokenjapan.com/media/rifu-dining-4023862.jpg,matched own listing photo
miyagi/rifu,107,あじわいの朝 利府店,https://img.bokenjapan.com/media/rifu-dining-4021838.jpg,,photo belonged to another card; no own photo found
miyagi/rifu,108,ねこねこチーズケーキ イオンモール新利府南館店,https://img.bokenjapan.com/media/rifu-dining-4024306.jpg,https://img.bokenjapan.com/media/rifu-dining-4021838.jpg,matched own listing photo
miyagi/rifu,109,LUPICIA イオンモール新利府南館店,https://img.bokenjapan.com/media/rifu-dining-4024114.jpg,https://img.bokenjapan.com/media/rifu-dining-4024306.jpg,matched own listing photo
miyagi/rifu,110,ふれあいマルシェ,https://img.bokenjapan.com/media/rifu-dining-4027247.jpg,https://img.bokenjapan.com/media/rifu-dining-4024114.jpg,matched own listing photo
miyagi/rifu,111,吉野家 ＦＣ利府店,https://img.bokenjapan.com/media/rifu-dining-4007429.jpg,https://img.bokenjapan.com/media/rifu-dining-4027247.jpg,matched own listing photo
miyagi/rifu,112,ココス 利府店,https://img.bokenjapan.com/media/rifu-dining-4009530.jpg,https://img.bokenjapan.com/media/rifu-dining-4007429.jpg,matched own listing photo
miyagi/rifu,113,和風レストランまるまつ 利府店,https://img.bokenjapan.com/media/rifu-dining-4006096.jpg,https://img.bokenjapan.com/media/rifu-dining-4009530.jpg,matched own listing photo
miyagi/rifu,114,マクドナルド 利府街道店,https://img.bokenjapan.com/media/rifu-dining-4009249.jpg,https://img.bokenjapan.com/media/rifu-dining-4006096.jpg,matched own listing photo
miyagi/rifu,115,松屋 春日PA上り線店,https://img.bokenjapan.com/media/rifu-dining-4025566.jpg,https://img.bokenjapan.com/media/rifu-dining-4009249.jpg,matched own listing photo
miyagi/rifu,116,サイゼリヤ イオンモール新利府店,https://img.bokenjapan.com/media/rifu-dining-4023870.jpg,https://img.bokenjapan.com/media/rifu-dining-4025566.jpg,matched own listing photo
miyagi/rifu,119,ドトールコーヒーショップ イオンモール新利府南館店,https://img.bokenjapan.com/media/rifu-dining-4023864.jpg,,photo belonged to another card; no own photo found
miyagi/rifu,120,バーガーキング イオンモール新利府店,https://img.bokenjapan.com/media/rifu-dining-4029258.jpg,https://img.bokenjapan.com/media/rifu-dining-4023864.jpg,matched own listing photo
miyagi/rifu,121,ミスタードーナツ イオンモール新利府南館ショップ,https://img.bokenjapan.com/media/rifu-dining-4023861.jpg,https://img.bokenjapan.com/media/rifu-dining-4029258.jpg,matched own listing photo
miyagi/rifu,122,果汁工房 果琳 イオンモール新利府 北館,https://img.bokenjapan.com/media/rifu-dining-4024560.jpg,https://img.bokenjapan.com/media/rifu-dining-4023861.jpg,matched own listing photo
miyagi/rifu,123,菓匠三全 イオンモール新利府 南館店,https://img.bokenjapan.com/media/rifu-dining-4023883.jpg,https://img.bokenjapan.com/media/rifu-dining-4024560.jpg,matched own listing photo
miyagi/rifu,124,ミスタードーナツ イオンモール新利府北館ショップ,https://img.bokenjapan.com/media/rifu-dining-4024549.jpg,https://img.bokenjapan.com/media/rifu-dining-4023883.jpg,matched own listing photo
miyagi/rifu,125,Dipper Dan CREPE イオンモール新利府 北館店,https://img.bokenjapan.com/media/rifu-dining-4026857.jpg,https://img.bokenjapan.com/media/rifu-dining-4024549.jpg,matched own listing photo
miyagi/rifu,126,週末びっくり市 利府店,https://img.bokenjapan.com/media/rifu-dining-4021674.jpg,https://img.bokenjapan.com/media/rifu-dining-4026857.jpg,matched own listing photo
miyagi/rifu,127,千の桜,https://img.bokenjapan.com/media/rifu-dining-4014332.jpg,https://img.bokenjapan.com/media/rifu-dining-4021674.jpg,matched own listing photo
miyagi/rifu,128,久世福商店 イオンモール新利府南館店,https://img.bokenjapan.com/media/rifu-dining-4023886.jpg,https://img.bokenjapan.com/media/rifu-dining-4014332.jpg,matched own listing photo
miyagi/rifu,129,カフェレストラン バンビーナ,https://img.bokenjapan.com/media/rifu-dining-4013989.jpg,https://img.bokenjapan.com/media/rifu-dining-4023886.jpg,matched own listing photo
miyagi/rifu,130,スーパーセンタートライアル 利府店,https://img.bokenjapan.com/media/rifu-dining-4028639.jpg,https://img.bokenjapan.com/media/rifu-dining-4013989.jpg,matched own listing photo
miyagi/rifu,131,いしのまき,https://img.bokenjapan.com/media/rifu-dining-4015354.jpg,https://img.bokenjapan.com/media/rifu-dining-4028639.jpg,matched own listing photo
miyagi/rifu,132,ラーゴム珈琲豆店,https://img.bokenjapan.com/media/rifu-dining-4027244.jpg,https://img.bokenjapan.com/media/rifu-dining-4015354.jpg,matched own listing photo
miyagi/rifu,133,Rire,https://img.bokenjapan.com/media/rifu-dining-4029690.jpg,https://img.bokenjapan.com/media/rifu-dining-4027244.jpg,matched own listing photo
miyagi/rifu,134,グラン珈琲,https://img.bokenjapan.com/media/rifu-dining-4024493.jpg,https://img.bokenjapan.com/media/rifu-dining-4029690.jpg,matched own listing photo
miyagi/rifu,135,3COINS+plus イオンモール新利府店,https://img.bokenjapan.com/media/rifu-dining-4026470.jpg,https://img.bokenjapan.com/media/rifu-dining-4024493.jpg,matched own listing photo
miyagi/rifu,136,ドン・キホーテ 利府店,https://img.bokenjapan.com/media/rifu-dining-4025591.jpg,https://img.bokenjapan.com/media/rifu-dining-4026470.jpg,matched own listing photo
miyagi/rifu,139,阿部蒲鉾店 イオンモール新利府 北館店,https://img.bokenjapan.com/media/rifu-dining-4024543.jpg,,photo belonged to another card; no own photo found
miyagi/rifu,140,無印良品 利府ライフガーデン店,https://img.bokenjapan.com/media/rifu-dining-4026019.jpg,https://img.bokenjapan.com/media/rifu-dining-4024543.jpg,matched own listing photo
miyagi/rifu,141,幸楽苑 利府森郷店,https://img.bokenjapan.com/media/rifu-dining-4018670.jpg,https://img.bokenjapan.com/media/rifu-dining-4026019.jpg,matched own listing photo
miyagi/rifu,142,モスバーガー 宮城利府店,https://img.bokenjapan.com/media/rifu-dining-4011576.jpg,https://img.bokenjapan.com/media/rifu-dining-4018670.jpg,matched own listing photo
miyagi/rifu,143,築地銀だこ イオンモール新利府南館店,https://img.bokenjapan.com/media/rifu-dining-4023865.jpg,https://img.bokenjapan.com/media/rifu-dining-4011576.jpg,matched own listing photo
miyagi/rifu,144,築地銀だこ イオンモール新利府北館店,https://img.bokenjapan.com/media/rifu-dining-4006067.jpg,https://img.bokenjapan.com/media/rifu-dining-4023865.jpg,matched own listing photo
miyagi/rifu,145,韓美膳,https://img.bokenjapan.com/media/rifu-dining-4029822.jpg,https://img.bokenjapan.com/media/rifu-dining-4006067.jpg,matched own listing photo
miyagi/rifu,146,から揚げの天才 イオンモール新利府 北館店,https://img.bokenjapan.com/media/rifu-dining-4024335.jpg,https://img.bokenjapan.com/media/rifu-dining-4029822.jpg,matched own listing photo
miyagi/rifu,147,築地食堂 源ちゃん イオンモール新利府南館店,https://img.bokenjapan.com/media/rifu-dining-4029174.jpg,https://img.bokenjapan.com/media/rifu-dining-4024335.jpg,matched own listing photo
miyagi/rifu,148,カフェ グランブルー,https://img.bokenjapan.com/media/rifu-dining-4023414.jpg,,photo belonged to another card; no own photo found
miyagi/rifu,149,笑家,https://img.bokenjapan.com/media/rifu-dining-4028066.jpg,https://img.bokenjapan.com/media/rifu-dining-4023414.jpg,matched own listing photo
miyagi/rifu,150,すし処ウサ見,https://img.bokenjapan.com/media/rifu-dining-4004563.jpg,https://img.bokenjapan.com/media/rifu-dining-4028066.jpg,matched own listing photo
miyagi/rifu,151,開運丸,https://img.bokenjapan.com/media/rifu-dining-4026178.jpg,https://img.bokenjapan.com/media/rifu-dining-4004563.jpg,matched own listing photo
miyagi/rifu,152,食堂さくら,https://img.bokenjapan.com/media/rifu-dining-4029796.jpg,https://img.bokenjapan.com/media/rifu-dining-4026178.jpg,matched own listing photo
miyagi/rifu,153,陶樹,https://img.bokenjapan.com/media/rifu-dining-4014047.jpg,https://img.bokenjapan.com/media/rifu-dining-4029796.jpg,matched own listing photo
miyagi/rifu,154,ハイボール酒場 シロクマ,https://img.bokenjapan.com/media/rifu-dining-4026186.jpg,https://img.bokenjapan.com/media/rifu-dining-4014047.jpg,matched own listing photo
miyagi/rifu,155,スターバックスコーヒー イオンモール新利府南館2階店,https://img.bokenjapan.com/media/rifu-dining-4023955.jpg,https://img.bokenjapan.com/media/rifu-dining-4026186.jpg,matched own listing photo
miyagi/rifu,156,ケンタッキーフライドチキン イオンモール新利府北館店,https://img.bokenjapan.com/media/rifu-dining-4007372.jpg,https://img.bokenjapan.com/media/rifu-dining-4023955.jpg,matched own listing photo
miyagi/rifu,159,シャトレーゼ 利府店,https://img.bokenjapan.com/media/rifu-dining-4024936.jpg,,photo belonged to another card; no own photo found
miyagi/rifu,160,牛角焼肉食堂 イオンモール新利府北館店,https://img.bokenjapan.com/media/rifu-dining-4027409.jpg,https://img.bokenjapan.com/media/rifu-dining-4024936.jpg,matched own listing photo
miyagi/rifu,161,Pastel イオンモール新利府南館店,https://img.bokenjapan.com/media/rifu-dining-4024318.jpg,https://img.bokenjapan.com/media/rifu-dining-4027409.jpg,matched own listing photo
miyagi/rifu,162,コージーコーナー イオン利府店,https://img.bokenjapan.com/media/rifu-dining-4011151.jpg,https://img.bokenjapan.com/media/rifu-dining-4024318.jpg,matched own listing photo
miyagi/rifu,163,養老乃瀧 利府駅前店,https://img.bokenjapan.com/media/rifu-dining-4007351.jpg,https://img.bokenjapan.com/media/rifu-dining-4011151.jpg,matched own listing photo
miyagi/rifu,164,おむすび源ちゃん 新利府店,https://img.bokenjapan.com/media/rifu-dining-4029041.jpg,https://img.bokenjapan.com/media/rifu-dining-4007351.jpg,matched own listing photo
miyagi/rifu,165,ほっともっと 利府中央店,https://img.bokenjapan.com/media/rifu-dining-4014168.jpg,https://img.bokenjapan.com/media/rifu-dining-4029041.jpg,matched own listing photo
miyagi/rifu,166,パン工場  利府店,https://img.bokenjapan.com/media/rifu-dining-4015330.jpg,https://img.bokenjapan.com/media/rifu-dining-4014168.jpg,matched own listing photo
miyagi/rifu,167,ねこねこ食パン イオンモール新利府南館店,https://img.bokenjapan.com/media/rifu-dining-4024307.jpg,https://img.bokenjapan.com/media/rifu-dining-4015330.jpg,matched own listing photo
miyagi/rifu,168,こーひーしょっぷ「ペア・パル」,https://img.bokenjapan.com/media/rifu-dining-4023302.jpg,https://img.bokenjapan.com/media/rifu-dining-4024307.jpg,matched own listing photo
miyagi/rifu,169,菓々yaki,https://img.bokenjapan.com/media/rifu-dining-4017442.jpg,https://img.bokenjapan.com/media/rifu-dining-4023302.jpg,matched own listing photo
miyagi/rifu,170,カルディコーヒーファーム イオンモール新利府店,https://img.bokenjapan.com/media/rifu-dining-4029151.jpg,https://img.bokenjapan.com/media/rifu-dining-4017442.jpg,matched own listing photo
miyagi/rifu,171,食事処 かず 利府店,https://img.bokenjapan.com/media/rifu-dining-4023513.jpg,https://img.bokenjapan.com/media/rifu-dining-4029151.jpg,matched own listing photo
miyagi/rifu,172,蒲鉾本舗高政 ヨークベニマル利府店,https://img.bokenjapan.com/media/rifu-dining-4020864.jpg,https://img.bokenjapan.com/media/rifu-dining-4023513.jpg,matched own listing photo
miyagi/rifu,173,ファミリーマート 利府街道店,https://img.bokenjapan.com/media/rifu-dining-4017812.jpg,https://img.bokenjapan.com/media/rifu-dining-4020864.jpg,matched own listing photo
miyagi/rifu,174,ミニストップ 春日パーキングエリア(PA)上り店,https://img.bokenjapan.com/media/rifu-dining-4016285.jpg,https://img.bokenjapan.com/media/rifu-dining-4017812.jpg,matched own listing photo
miyagi/rifu,175,ワンダーカレー,https://img.bokenjapan.com/media/rifu-dining-4026487.jpg,https://img.bokenjapan.com/media/rifu-dining-4016285.jpg,matched own listing photo
miyagi/rifu,176,ウィズマム ヨークベニマル利府野中店,https://img.bokenjapan.com/media/rifu-dining-4024417.jpg,https://img.bokenjapan.com/media/rifu-dining-4026487.jpg,matched own listing photo
miyagi/rifu,180,キッチンポトス 利府店,https://img.bokenjapan.com/media/rifu-dining-4019573.jpg,,photo belonged to another card; no own photo found
miyagi/rifu,181,Le Cresson ウジエスーパー利府店,https://img.bokenjapan.com/media/rifu-dining-4024492.jpg,https://img.bokenjapan.com/media/rifu-dining-4019573.jpg,matched own listing photo
miyagi/rifu,182,すたみな太郎PREMIUM BUFFET 利府店,https://img.bokenjapan.com/media/rifu-dining-4029069.jpg,https://img.bokenjapan.com/media/rifu-dining-4024492.jpg,matched own listing photo
miyagi/rifu,183,イオンモール 新利府 北館,https://img.bokenjapan.com/media/rifu-dining-4025704.jpg,https://img.bokenjapan.com/media/rifu-dining-4029069.jpg,matched own listing photo
miyagi/rifu,184,蒲鉾本舗 高政 イオンモール新利府店,https://img.bokenjapan.com/media/rifu-dining-4023884.jpg,https://img.bokenjapan.com/media/rifu-dining-4025704.jpg,matched own listing photo
miyagi/rifu,185,春日屋酒店,https://img.bokenjapan.com/media/rifu-dining-4025065.jpg,https://img.bokenjapan.com/media/rifu-dining-4023884.jpg,matched own listing photo
miyagi/rifu,186,虎鉄,https://img.bokenjapan.com/media/rifu-dining-4026067.jpg,https://img.bokenjapan.com/media/rifu-dining-4025065.jpg,matched own listing photo
miyagi/rifu,187,モーメント 利府店,https://img.bokenjapan.com/media/rifu-dining-4020355.jpg,https://img.bokenjapan.com/media/rifu-dining-4026067.jpg,matched own listing photo
miyagi/rifu,188,LAWSON 利府飯土井店,https://img.bokenjapan.com/media/rifu-dining-4021698.jpg,https://img.bokenjapan.com/media/rifu-dining-4020355.jpg,matched own listing photo
miyagi/rifu,189,ててて天 イオンモール新利府南館店,https://img.bokenjapan.com/media/rifu-dining-4026066.jpg,https://img.bokenjapan.com/media/rifu-dining-4021698.jpg,matched own listing photo
miyagi/rifu,190,Flying Tiger Copenhagen イオンモール新利府ストア,https://img.bokenjapan.com/media/rifu-dining-4025392.jpg,https://img.bokenjapan.com/media/rifu-dining-4026066.jpg,matched own listing photo
miyagi/rifu,191,白謙かまぼこ店 イオンスタイル新利府店,https://img.bokenjapan.com/media/rifu-dining-4024643.jpg,https://img.bokenjapan.com/media/rifu-dining-4025392.jpg,matched own listing photo
miyagi/rifu,194,ドミノ・ピザ 利府ペアガーデン店,https://img.bokenjapan.com/media/rifu-dining-4025307.jpg,https://img.bokenjapan.com/media/rifu-dining-4024643.jpg,matched own listing photo
miyagi/rifu,195,だがしや,https://img.bokenjapan.com/media/rifu-dining-4023413.jpg,https://img.bokenjapan.com/media/rifu-dining-4025307.jpg,matched own listing photo
miyagi/rifu,198,甲本商店,https://img.bokenjapan.com/media/rifu-dining-4027313.jpg,,photo belonged to another card; no own photo found
miyagi/rifu,201,裁ちそば 市庵,https://img.bokenjapan.com/media/rifu-dining-4029649.jpg,https://img.bokenjapan.com/media/rifu-dining-4027313.jpg,matched own listing photo
miyagi/sendai,3,鮨德,https://img.bokenjapan.com/media/sendai-dining-4025745.jpg,,photo belonged to another card; no own photo found
miyagi/sendai,4,イル・ピッツァイオーロ,https://img.bokenjapan.com/media/sendai-dining-4016875.jpg,https://img.bokenjapan.com/media/sendai-dining-4025745.jpg,matched own listing photo
miyagi/sendai,5,hou,https://img.bokenjapan.com/media/sendai-dining-4023532.jpg,https://img.bokenjapan.com/media/sendai-dining-4016875.jpg,matched own listing photo
miyagi/sendai,6,バー アンダンテ,https://img.bokenjapan.com/media/sendai-dining-4008372.jpg,https://img.bokenjapan.com/media/sendai-dining-4023532.jpg,matched own listing photo
miyagi/sendai,7,sou,https://img.bokenjapan.com/media/sendai-dining-4027171.jpg,https://img.bokenjapan.com/media/sendai-dining-4008372.jpg,matched own listing photo
miyagi/sendai,8,梵くら,https://img.bokenjapan.com/media/sendai-dining-4013005.jpg,https://img.bokenjapan.com/media/sendai-dining-4027171.jpg,matched own listing photo
miyagi/sendai,9,カズノリ イケダ アンディヴィデュエル エスパル仙台店,https://img.bokenjapan.com/media/sendai-dining-4017426.jpg,https://img.bokenjapan.com/media/sendai-dining-4013005.jpg,matched own listing photo
miyagi/sendai,10,賣茶翁,https://img.bokenjapan.com/media/sendai-dining-4001481.jpg,https://img.bokenjapan.com/media/sendai-dining-4017426.jpg,matched own listing photo
miyagi/sendai,11,arkua,https://img.bokenjapan.com/media/sendai-dining-4025238.jpg,https://img.bokenjapan.com/media/sendai-dining-4001481.jpg,matched own listing photo
miyagi/sendai,12,ナクレ,https://img.bokenjapan.com/media/sendai-dining-4023008.jpg,https://img.bokenjapan.com/media/sendai-dining-4025238.jpg,matched own listing photo
miyagi/sendai,13,仙台中華そば 銘店嘉一 国分町店,https://img.bokenjapan.com/media/sendai-dining-4009075.jpg,https://img.bokenjapan.com/media/sendai-dining-4023008.jpg,matched own listing photo
miyagi/sendai,14,フレンチレストラン・プレジール,https://img.bokenjapan.com/media/sendai-dining-4002558.jpg,https://img.bokenjapan.com/media/sendai-dining-4009075.jpg,matched own listing photo
miyagi/sendai,15,鮨 いわ貴,https://img.bokenjapan.com/media/sendai-dining-4028564.jpg,https://img.bokenjapan.com/media/sendai-dining-4002558.jpg,matched own listing photo
miyagi/sendai,16,日本料理 e.,https://img.bokenjapan.com/media/sendai-dining-4016108.jpg,https://img.bokenjapan.com/media/sendai-dining-4028564.jpg,matched own listing photo
miyagi/sendai,17,ピッツェリア デ ナプレ,https://img.bokenjapan.com/media/sendai-dining-4000125.jpg,https://img.bokenjapan.com/media/sendai-dining-4016108.jpg,matched own listing photo
miyagi/sendai,18,牛たん料理 閣 ブランドーム本店,https://img.bokenjapan.com/media/sendai-dining-4000039.jpg,https://img.bokenjapan.com/media/sendai-dining-4000125.jpg,matched own listing photo
miyagi/sendai,19,だし廊 仙台南町通り本店,https://img.bokenjapan.com/media/sendai-dining-4019493.jpg,https://img.bokenjapan.com/media/sendai-dining-4000039.jpg,matched own listing photo
miyagi/sendai,20,ル・バール カワゴエ,https://img.bokenjapan.com/media/sendai-dining-4000065.jpg,https://img.bokenjapan.com/media/sendai-dining-4019493.jpg,matched own listing photo
miyagi/shibatacho,2,花いかだ,https://img.bokenjapan.com/media/shibatacho-dining-4000416.jpg,,photo belonged to another card; no own photo found
miyagi/shibatacho,3,めん屋 みの家,https://img.bokenjapan.com/media/shibatacho-dining-4019556.jpg,https://img.bokenjapan.com/media/shibatacho-dining-4000416.jpg,matched own listing photo
miyagi/shibatacho,4,麺組みなみ,https://img.bokenjapan.com/media/shibatacho-dining-4026122.jpg,https://img.bokenjapan.com/media/shibatacho-dining-4019556.jpg,matched own listing photo
miyagi/shibatacho,5,らぁめん ソメイヨシ乃,https://img.bokenjapan.com/media/shibatacho-dining-4024478.jpg,https://img.bokenjapan.com/media/shibatacho-dining-4026122.jpg,matched own listing photo
miyagi/shibatacho,6,とんかつ夕やけ,https://img.bokenjapan.com/media/shibatacho-dining-4006519.jpg,https://img.bokenjapan.com/media/shibatacho-dining-4024478.jpg,matched own listing photo
miyagi/shibatacho,7,はたはた,https://img.bokenjapan.com/media/shibatacho-dining-4005817.jpg,https://img.bokenjapan.com/media/shibatacho-dining-4006519.jpg,matched own listing photo
miyagi/shibatacho,8,そば日和,https://img.bokenjapan.com/media/shibatacho-dining-4013529.jpg,https://img.bokenjapan.com/media/shibatacho-dining-4005817.jpg,matched own listing photo
miyagi/shibatacho,9,郷家精肉店,https://img.bokenjapan.com/media/shibatacho-dining-4011921.jpg,https://img.bokenjapan.com/media/shibatacho-dining-4013529.jpg,matched own listing photo
miyagi/shibatacho,10,noodle shop yatsuboshi,https://img.bokenjapan.com/media/shibatacho-dining-4027842.jpg,https://img.bokenjapan.com/media/shibatacho-dining-4011921.jpg,matched own listing photo
miyagi/shibatacho,11,手打ち蕎麦 いとう,https://img.bokenjapan.com/media/shibatacho-dining-4010433.jpg,https://img.bokenjapan.com/media/shibatacho-dining-4027842.jpg,matched own listing photo
miyagi/shibatacho,12,江戸廣寿司,https://img.bokenjapan.com/media/shibatacho-dining-4010254.jpg,https://img.bokenjapan.com/media/shibatacho-dining-4010433.jpg,matched own listing photo
miyagi/shibatacho,13,マーブルマーブル,https://img.bokenjapan.com/media/shibatacho-dining-4011310.jpg,https://img.bokenjapan.com/media/shibatacho-dining-4010254.jpg,matched own listing photo
miyagi/shibatacho,14,リトル・ハウス,https://img.bokenjapan.com/media/shibatacho-dining-4007787.jpg,https://img.bokenjapan.com/media/shibatacho-dining-4011310.jpg,matched own listing photo
miyagi/shibatacho,15,フリゴレス,https://img.bokenjapan.com/media/shibatacho-dining-4002748.jpg,https://img.bokenjapan.com/media/shibatacho-dining-4007787.jpg,matched own listing photo
miyagi/shibatacho,16,ibis cafe 船岡,https://img.bokenjapan.com/media/shibatacho-dining-4024441.jpg,https://img.bokenjapan.com/media/shibatacho-dining-4002748.jpg,matched own listing photo
miyagi/shibatacho,17,こうのとり茶寮,https://img.bokenjapan.com/media/shibatacho-dining-4027125.jpg,https://img.bokenjapan.com/media/shibatacho-dining-4024441.jpg,matched own listing photo
miyagi/shibatacho,18,ホルモン 炎,https://img.bokenjapan.com/media/shibatacho-dining-4012198.jpg,https://img.bokenjapan.com/media/shibatacho-dining-4027125.jpg,matched own listing photo
miyagi/shibatacho,19,ちどり麺,https://img.bokenjapan.com/media/shibatacho-dining-4002937.jpg,https://img.bokenjapan.com/media/shibatacho-dining-4012198.jpg,matched own listing photo
miyagi/shibatacho,22,むすび亭 おとわ,https://img.bokenjapan.com/media/shibatacho-dining-4028177.jpg,,photo belonged to another card; no own photo found
miyagi/shibatacho,23,お食事処桜,https://img.bokenjapan.com/media/shibatacho-dining-4027342.jpg,https://img.bokenjapan.com/media/shibatacho-dining-4028177.jpg,matched own listing photo
miyagi/shibatacho,24,ラ・ルチア,https://img.bokenjapan.com/media/shibatacho-dining-4029518.jpg,https://img.bokenjapan.com/media/shibatacho-dining-4027342.jpg,matched own listing photo
miyagi/shibatacho,25,中国家庭料理城香亭,https://img.bokenjapan.com/media/shibatacho-dining-4002587.jpg,https://img.bokenjapan.com/media/shibatacho-dining-4029518.jpg,matched own listing photo
miyagi/shibatacho,26,まんぷく食堂,https://img.bokenjapan.com/media/shibatacho-dining-4016759.jpg,https://img.bokenjapan.com/media/shibatacho-dining-4002587.jpg,matched own listing photo
miyagi/shibatacho,27,蓑寿司,https://img.bokenjapan.com/media/shibatacho-dining-4004822.jpg,https://img.bokenjapan.com/media/shibatacho-dining-4016759.jpg,matched own listing photo
miyagi/shibatacho,28,仙台屋菓子本舗,https://img.bokenjapan.com/media/shibatacho-dining-4016350.jpg,https://img.bokenjapan.com/media/shibatacho-dining-4004822.jpg,matched own listing photo
miyagi/shibatacho,29,焼肉重慶,https://img.bokenjapan.com/media/shibatacho-dining-4008226.jpg,https://img.bokenjapan.com/media/shibatacho-dining-4016350.jpg,matched own listing photo
miyagi/shibatacho,30,ナルミ・キッチン,https://img.bokenjapan.com/media/shibatacho-dining-4011555.jpg,https://img.bokenjapan.com/media/shibatacho-dining-4008226.jpg,matched own listing photo
miyagi/shibatacho,31,ibis cafe 槻木,https://img.bokenjapan.com/media/shibatacho-dining-4023060.jpg,https://img.bokenjapan.com/media/shibatacho-dining-4011555.jpg,matched own listing photo
miyagi/shibatacho,32,ごはんと菓とさくらkitchen,https://img.bokenjapan.com/media/shibatacho-dining-4029841.jpg,https://img.bokenjapan.com/media/shibatacho-dining-4023060.jpg,matched own listing photo
miyagi/shibatacho,33,昇福亭食堂,https://img.bokenjapan.com/media/shibatacho-dining-4002201.jpg,https://img.bokenjapan.com/media/shibatacho-dining-4029841.jpg,matched own listing photo
miyagi/shibatacho,34,らーめん ぜん助,https://img.bokenjapan.com/media/shibatacho-dining-4014369.jpg,https://img.bokenjapan.com/media/shibatacho-dining-4002201.jpg,matched own listing photo
miyagi/shibatacho,35,パオーーン,https://img.bokenjapan.com/media/shibatacho-dining-4012889.jpg,https://img.bokenjapan.com/media/shibatacho-dining-4014369.jpg,matched own listing photo
miyagi/shibatacho,36,好蘭,https://img.bokenjapan.com/media/shibatacho-dining-4003791.jpg,https://img.bokenjapan.com/media/shibatacho-dining-4012889.jpg,matched own listing photo
miyagi/shibatacho,37,John Bradley cafe,https://img.bokenjapan.com/media/shibatacho-dining-4028103.jpg,https://img.bokenjapan.com/media/shibatacho-dining-4003791.jpg,matched own listing photo
miyagi/shibatacho,38,KitchenHaru,https://img.bokenjapan.com/media/shibatacho-dining-4028957.jpg,https://img.bokenjapan.com/media/shibatacho-dining-4028103.jpg,matched own listing photo
miyagi/shibatacho,39,みそまる麺次郎,https://img.bokenjapan.com/media/shibatacho-dining-4001948.jpg,https://img.bokenjapan.com/media/shibatacho-dining-4028957.jpg,matched own listing photo
miyagi/shibatacho,42,町田商店 柴田バイパス店,https://img.bokenjapan.com/media/shibatacho-dining-4023025.jpg,,photo belonged to another card; no own photo found
miyagi/shibatacho,43,表蔵王国際ゴルフクラブ レストラン,https://img.bokenjapan.com/media/shibatacho-dining-4015366.jpg,https://img.bokenjapan.com/media/shibatacho-dining-4023025.jpg,matched own listing photo
miyagi/shibatacho,44,酒菜亭,https://img.bokenjapan.com/media/shibatacho-dining-4002639.jpg,https://img.bokenjapan.com/media/shibatacho-dining-4015366.jpg,matched own listing photo
miyagi/shibatacho,45,船岡城址公園 さくらの里,https://img.bokenjapan.com/media/shibatacho-dining-4018911.jpg,https://img.bokenjapan.com/media/shibatacho-dining-4002639.jpg,matched own listing photo
miyagi/shibatacho,46,くりえいと柴田 石窯ピザと牛タンの店 らぽるの森,https://img.bokenjapan.com/media/shibatacho-dining-4019080.jpg,https://img.bokenjapan.com/media/shibatacho-dining-4018911.jpg,matched own listing photo
miyagi/shibatacho,47,仙加苑  柴田店,https://img.bokenjapan.com/media/shibatacho-dining-4011347.jpg,https://img.bokenjapan.com/media/shibatacho-dining-4019080.jpg,matched own listing photo
miyagi/shibatacho,48,comemeぱん,https://img.bokenjapan.com/media/shibatacho-dining-4028693.jpg,https://img.bokenjapan.com/media/shibatacho-dining-4011347.jpg,matched own listing photo
miyagi/shibatacho,49,ベニーズ 柴田店,https://img.bokenjapan.com/media/shibatacho-dining-4017108.jpg,https://img.bokenjapan.com/media/shibatacho-dining-4028693.jpg,matched own listing photo
miyagi/shibatacho,50,桜の小町,https://img.bokenjapan.com/media/shibatacho-dining-4026769.jpg,https://img.bokenjapan.com/media/shibatacho-dining-4017108.jpg,matched own listing photo
miyagi/shibatacho,51,しそまきやY・Y,https://img.bokenjapan.com/media/shibatacho-dining-4029287.jpg,https://img.bokenjapan.com/media/shibatacho-dining-4026769.jpg,matched own listing photo
miyagi/shibatacho,52,村田や,https://img.bokenjapan.com/media/shibatacho-dining-4009967.jpg,https://img.bokenjapan.com/media/shibatacho-dining-4029287.jpg,matched own listing photo
miyagi/shibatacho,53,松ちゃん食堂,https://img.bokenjapan.com/media/shibatacho-dining-4006911.jpg,https://img.bokenjapan.com/media/shibatacho-dining-4009967.jpg,matched own listing photo
miyagi/shibatacho,54,丼屋 ごんちゃん,https://img.bokenjapan.com/media/shibatacho-dining-4021402.jpg,https://img.bokenjapan.com/media/shibatacho-dining-4006911.jpg,matched own listing photo
miyagi/shibatacho,55,平井菓子店,https://img.bokenjapan.com/media/shibatacho-dining-4017577.jpg,https://img.bokenjapan.com/media/shibatacho-dining-4021402.jpg,matched own listing photo
miyagi/shibatacho,56,炭火焼肉桂,https://img.bokenjapan.com/media/shibatacho-dining-4008225.jpg,https://img.bokenjapan.com/media/shibatacho-dining-4017577.jpg,matched own listing photo
miyagi/shibatacho,57,ホルモン きょうちゃん,https://img.bokenjapan.com/media/shibatacho-dining-4027221.jpg,https://img.bokenjapan.com/media/shibatacho-dining-4008225.jpg,matched own listing photo
miyagi/shibatacho,58,味匠庵,https://img.bokenjapan.com/media/shibatacho-dining-4002183.jpg,https://img.bokenjapan.com/media/shibatacho-dining-4027221.jpg,matched own listing photo
miyagi/shibatacho,59,インドカレー&ネパール料理 ネワ,https://img.bokenjapan.com/media/shibatacho-dining-4029669.jpg,https://img.bokenjapan.com/media/shibatacho-dining-4002183.jpg,matched own listing photo
miyagi/shibatacho,62,ちよちゃん食堂,https://img.bokenjapan.com/media/shibatacho-dining-4009966.jpg,,photo belonged to another card; no own photo found
miyagi/shibatacho,63,まるかわや,https://img.bokenjapan.com/media/shibatacho-dining-4028021.jpg,https://img.bokenjapan.com/media/shibatacho-dining-4009966.jpg,matched own listing photo
miyagi/shibatacho,64,天空カフェ,https://img.bokenjapan.com/media/shibatacho-dining-4028972.jpg,https://img.bokenjapan.com/media/shibatacho-dining-4028021.jpg,matched own listing photo
miyagi/shibatacho,65,中華そば専門 田中そば店 船岡店,https://img.bokenjapan.com/media/shibatacho-dining-4029636.jpg,https://img.bokenjapan.com/media/shibatacho-dining-4028972.jpg,matched own listing photo
miyagi/shibatacho,66,はま寿司 4号柴田店,https://img.bokenjapan.com/media/shibatacho-dining-4016896.jpg,https://img.bokenjapan.com/media/shibatacho-dining-4029636.jpg,matched own listing photo
miyagi/shibatacho,67,サイゼリヤ イオンタウン柴田店,https://img.bokenjapan.com/media/shibatacho-dining-4013430.jpg,https://img.bokenjapan.com/media/shibatacho-dining-4016896.jpg,matched own listing photo
miyagi/shibatacho,68,柚子のあぜ道 雨乞のかえる,https://img.bokenjapan.com/media/shibatacho-dining-4021314.jpg,https://img.bokenjapan.com/media/shibatacho-dining-4013430.jpg,matched own listing photo
miyagi/shibatacho,69,月の涙 ,https://img.bokenjapan.com/media/shibatacho-dining-4001611.jpg,https://img.bokenjapan.com/media/shibatacho-dining-4021314.jpg,matched own listing photo
miyagi/shibatacho,70,SakurABi,https://img.bokenjapan.com/media/shibatacho-dining-4028104.jpg,https://img.bokenjapan.com/media/shibatacho-dining-4001611.jpg,matched own listing photo
miyagi/shibatacho,71,cafe le Ciel,https://img.bokenjapan.com/media/shibatacho-dining-4028594.jpg,https://img.bokenjapan.com/media/shibatacho-dining-4028104.jpg,matched own listing photo
miyagi/shibatacho,72,Hungry Cafe,https://img.bokenjapan.com/media/shibatacho-dining-4028613.jpg,https://img.bokenjapan.com/media/shibatacho-dining-4028594.jpg,matched own listing photo
miyagi/shibatacho,73,お好み焼き ナニワ,https://img.bokenjapan.com/media/shibatacho-dining-4028610.jpg,https://img.bokenjapan.com/media/shibatacho-dining-4028613.jpg,matched own listing photo
miyagi/shibatacho,74,なすがまま,https://img.bokenjapan.com/media/shibatacho-dining-4025601.jpg,https://img.bokenjapan.com/media/shibatacho-dining-4028610.jpg,matched own listing photo
miyagi/shibatacho,75,クレープハウスCONA,https://img.bokenjapan.com/media/shibatacho-dining-4029030.jpg,https://img.bokenjapan.com/media/shibatacho-dining-4025601.jpg,matched own listing photo
miyagi/shibatacho,76,串やき 蔵王,https://img.bokenjapan.com/media/shibatacho-dining-4027276.jpg,https://img.bokenjapan.com/media/shibatacho-dining-4029030.jpg,matched own listing photo
miyagi/shibatacho,77,幸楽苑 柴田店,https://img.bokenjapan.com/media/shibatacho-dining-4013044.jpg,https://img.bokenjapan.com/media/shibatacho-dining-4027276.jpg,matched own listing photo
miyagi/shibatacho,78,すき家 4号柴田店,https://img.bokenjapan.com/media/shibatacho-dining-4011854.jpg,https://img.bokenjapan.com/media/shibatacho-dining-4013044.jpg,matched own listing photo
miyagi/shibatacho,79,mino,https://img.bokenjapan.com/media/shibatacho-dining-4003810.jpg,https://img.bokenjapan.com/media/shibatacho-dining-4011854.jpg,matched own listing photo
miyagi/shibatacho,82,ホテル原田 in さくら,https://img.bokenjapan.com/media/shibatacho-dining-4010212.jpg,,photo belonged to another card; no own photo found
miyagi/shibatacho,83,カフェ アンダンテ,https://img.bokenjapan.com/media/shibatacho-dining-4015202.jpg,https://img.bokenjapan.com/media/shibatacho-dining-4010212.jpg,matched own listing photo
miyagi/shibatacho,84,庵蔵,https://img.bokenjapan.com/media/shibatacho-dining-4009797.jpg,https://img.bokenjapan.com/media/shibatacho-dining-4015202.jpg,matched own listing photo
miyagi/shibatacho,85,お団子処 しらさぎ,https://img.bokenjapan.com/media/shibatacho-dining-4021403.jpg,https://img.bokenjapan.com/media/shibatacho-dining-4009797.jpg,matched own listing photo
miyagi/shibatacho,86,お食事処とんぼ,https://img.bokenjapan.com/media/shibatacho-dining-4020069.jpg,https://img.bokenjapan.com/media/shibatacho-dining-4021403.jpg,matched own listing photo
miyagi/shibatacho,87,ミニストップ 宮城船岡中央店,https://img.bokenjapan.com/media/shibatacho-dining-4017524.jpg,https://img.bokenjapan.com/media/shibatacho-dining-4020069.jpg,matched own listing photo
miyagi/shibatacho,88,居酒屋くぼた,https://img.bokenjapan.com/media/shibatacho-dining-4013792.jpg,https://img.bokenjapan.com/media/shibatacho-dining-4017524.jpg,matched own listing photo
miyagi/shibatacho,89,菓子処 江戸屋本店,https://img.bokenjapan.com/media/shibatacho-dining-4017310.jpg,https://img.bokenjapan.com/media/shibatacho-dining-4013792.jpg,matched own listing photo
miyagi/shibatacho,90,ザ・ビッグ 柴田店,https://img.bokenjapan.com/media/shibatacho-dining-4019732.jpg,https://img.bokenjapan.com/media/shibatacho-dining-4017310.jpg,matched own listing photo
miyagi/shibatacho,91,あじわいの朝 船岡店,https://img.bokenjapan.com/media/shibatacho-dining-4022838.jpg,https://img.bokenjapan.com/media/shibatacho-dining-4019732.jpg,matched own listing photo
miyagi/shibatacho,92,炭火焼肉 宿,https://img.bokenjapan.com/media/shibatacho-dining-4022538.jpg,https://img.bokenjapan.com/media/shibatacho-dining-4022838.jpg,matched own listing photo
miyagi/shibatacho,93,はらから福祉会,https://img.bokenjapan.com/media/shibatacho-dining-4025039.jpg,https://img.bokenjapan.com/media/shibatacho-dining-4022538.jpg,matched own listing photo
miyagi/shibatacho,94,トルシェ,https://img.bokenjapan.com/media/shibatacho-dining-4029930.jpg,https://img.bokenjapan.com/media/shibatacho-dining-4025039.jpg,matched own listing photo
miyagi/shibatacho,95,麺や つばさ,https://img.bokenjapan.com/media/shibatacho-dining-4030098.jpg,https://img.bokenjapan.com/media/shibatacho-dining-4029930.jpg,matched own listing photo
miyagi/shibatacho,96,ざっと昔,https://img.bokenjapan.com/media/shibatacho-dining-4015328.jpg,https://img.bokenjapan.com/media/shibatacho-dining-4030098.jpg,matched own listing photo
miyagi/shibatacho,97,ゆたかや,https://img.bokenjapan.com/media/shibatacho-dining-4004992.jpg,https://img.bokenjapan.com/media/shibatacho-dining-4015328.jpg,matched own listing photo
miyagi/shibatacho,98,LAWSON 柴田槻木,https://img.bokenjapan.com/media/shibatacho-dining-4021191.jpg,https://img.bokenjapan.com/media/shibatacho-dining-4004992.jpg,matched own listing photo
miyagi/shibatacho,99,そば柴田,https://img.bokenjapan.com/media/shibatacho-dining-4019828.jpg,https://img.bokenjapan.com/media/shibatacho-dining-4021191.jpg,matched own listing photo
miyagi/shibatacho,102,マクドナルド ザ・ビッグ柴田店,https://img.bokenjapan.com/media/shibatacho-dining-4009251.jpg,,photo belonged to another card; no own photo found
miyagi/shibatacho,103,情熱食堂 柴田店,https://img.bokenjapan.com/media/shibatacho-dining-4017708.jpg,https://img.bokenjapan.com/media/shibatacho-dining-4009251.jpg,matched own listing photo
miyagi/shibatacho,104,ほっともっと 船岡店,https://img.bokenjapan.com/media/shibatacho-dining-4018787.jpg,https://img.bokenjapan.com/media/shibatacho-dining-4017708.jpg,matched own listing photo
miyagi/shibatacho,105,パン工場 船岡店,https://img.bokenjapan.com/media/shibatacho-dining-4010875.jpg,https://img.bokenjapan.com/media/shibatacho-dining-4018787.jpg,matched own listing photo
miyagi/shibatacho,106,幸楽苑のからあげ家 柴田店,https://img.bokenjapan.com/media/shibatacho-dining-4022400.jpg,https://img.bokenjapan.com/media/shibatacho-dining-4010875.jpg,matched own listing photo
miyagi/shibatacho,107,あじまん ホーマック柴田店,https://img.bokenjapan.com/media/shibatacho-dining-4018383.jpg,https://img.bokenjapan.com/media/shibatacho-dining-4022400.jpg,matched own listing photo
miyagi/shibatacho,108,平禄寿司 宮城柴田船岡店,https://img.bokenjapan.com/media/shibatacho-dining-4013146.jpg,,photo belonged to another card; no own photo found
miyagi/shibatacho,109,セブンイレブン 柴田四日市場店,https://img.bokenjapan.com/media/shibatacho-dining-4018880.jpg,https://img.bokenjapan.com/media/shibatacho-dining-4013146.jpg,matched own listing photo
miyagi/shibatacho,110,ミニストップ 東船迫店,https://img.bokenjapan.com/media/shibatacho-dining-4018535.jpg,https://img.bokenjapan.com/media/shibatacho-dining-4018880.jpg,matched own listing photo
miyagi/shibatacho,111,ミニストップ 宮城柴田剣崎店,https://img.bokenjapan.com/media/shibatacho-dining-4018806.jpg,https://img.bokenjapan.com/media/shibatacho-dining-4018535.jpg,matched own listing photo
miyagi/shibatacho,112,セブンイレブン 柴田船岡上大原店,https://img.bokenjapan.com/media/shibatacho-dining-4023684.jpg,https://img.bokenjapan.com/media/shibatacho-dining-4018806.jpg,matched own listing photo
miyagi/shibatacho,113,ねぎや,https://img.bokenjapan.com/media/shibatacho-dining-4017799.jpg,https://img.bokenjapan.com/media/shibatacho-dining-4023684.jpg,matched own listing photo
miyagi/shibatacho,114,ヨークベニマル 柴田店,https://img.bokenjapan.com/media/shibatacho-dining-4018637.jpg,https://img.bokenjapan.com/media/shibatacho-dining-4017799.jpg,matched own listing photo
miyagi/shibatacho,115,デイズボックス,https://img.bokenjapan.com/media/shibatacho-dining-4022517.jpg,https://img.bokenjapan.com/media/shibatacho-dining-4018637.jpg,matched own listing photo
miyagi/shibatacho,116,まつや,https://img.bokenjapan.com/media/shibatacho-dining-4006612.jpg,https://img.bokenjapan.com/media/shibatacho-dining-4022517.jpg,matched own listing photo
miyagi/shibatacho,117,くさか菓子店,https://img.bokenjapan.com/media/shibatacho-dining-4018674.jpg,https://img.bokenjapan.com/media/shibatacho-dining-4006612.jpg,matched own listing photo
miyagi/shibatacho,118,食彩酒房旬,https://img.bokenjapan.com/media/shibatacho-dining-4009795.jpg,https://img.bokenjapan.com/media/shibatacho-dining-4018674.jpg,matched own listing photo
miyagi/shibatacho,119,モンペリエ ヨークベニマル柴田店,https://img.bokenjapan.com/media/shibatacho-dining-4023429.jpg,https://img.bokenjapan.com/media/shibatacho-dining-4009795.jpg,matched own listing photo
miyagi/shibatacho,120,DEAR やさしいお菓子とパンのお店,https://img.bokenjapan.com/media/shibatacho-dining-4029848.jpg,https://img.bokenjapan.com/media/shibatacho-dining-4023429.jpg,matched own listing photo
miyagi/shibatacho,121,メリー チョコレート イオン船岡店,https://img.bokenjapan.com/media/shibatacho-dining-4020208.jpg,,photo belonged to another card; no own photo found
miyagi/shibatacho,122,oyatsuya emyan,https://img.bokenjapan.com/media/shibatacho-dining-4029095.jpg,https://img.bokenjapan.com/media/shibatacho-dining-4020208.jpg,matched own listing photo
miyagi/shibatacho,123,イオン 船岡店,https://img.bokenjapan.com/media/shibatacho-dining-4018568.jpg,https://img.bokenjapan.com/media/shibatacho-dining-4029095.jpg,matched own listing photo
miyagi/shibatacho,124,さくらキッチン 船岡店,https://img.bokenjapan.com/media/shibatacho-dining-4025098.jpg,https://img.bokenjapan.com/media/shibatacho-dining-4018568.jpg,matched own listing photo
miyagi/shibatacho,125,ごはんやさん,https://img.bokenjapan.com/media/shibatacho-dining-4027909.jpg,https://img.bokenjapan.com/media/shibatacho-dining-4025098.jpg,matched own listing photo
miyagi/shibatacho,126,今野屋,https://img.bokenjapan.com/media/shibatacho-dining-4018463.jpg,https://img.bokenjapan.com/media/shibatacho-dining-4027909.jpg,matched own listing photo
miyagi/shibatacho,127,LAWSON 柴田下名生店,https://img.bokenjapan.com/media/shibatacho-dining-4029706.jpg,https://img.bokenjapan.com/media/shibatacho-dining-4018463.jpg,matched own listing photo
miyagi/shibatacho,128,おけい,https://img.bokenjapan.com/media/shibatacho-dining-4005664.jpg,https://img.bokenjapan.com/media/shibatacho-dining-4029706.jpg,matched own listing photo
miyagi/shibatacho,129,不二家 ヨークベニマル柴田店,https://img.bokenjapan.com/media/shibatacho-dining-4025667.jpg,https://img.bokenjapan.com/media/shibatacho-dining-4005664.jpg,matched own listing photo
miyagi/shibatacho,130,ホルモンこまち,https://img.bokenjapan.com/media/shibatacho-dining-4010122.jpg,https://img.bokenjapan.com/media/shibatacho-dining-4025667.jpg,matched own listing photo
miyagi/shibatacho,131,ニューデイズ槻木,https://img.bokenjapan.com/media/shibatacho-dining-4027632.jpg,https://img.bokenjapan.com/media/shibatacho-dining-4010122.jpg,matched own listing photo
miyagi/shibatacho,132,chérie.noëlia,https://img.bokenjapan.com/media/shibatacho-dining-4030435.jpg,https://img.bokenjapan.com/media/shibatacho-dining-4027632.jpg,matched own listing photo
miyagi/shibatacho,133,Muffin&Deli Nano,https://img.bokenjapan.com/media/shibatacho-dining-4028003.jpg,https://img.bokenjapan.com/media/shibatacho-dining-4030435.jpg,matched own listing photo
miyagi/shibatacho,134,宴の一,https://img.bokenjapan.com/media/shibatacho-dining-4009796.jpg,https://img.bokenjapan.com/media/shibatacho-dining-4028003.jpg,matched own listing photo
miyagi/shibatacho,135,セブンイレブン 柴田槻木上町店,https://img.bokenjapan.com/media/shibatacho-dining-4027732.jpg,https://img.bokenjapan.com/media/shibatacho-dining-4009796.jpg,matched own listing photo
miyagi/shibatacho,136,ナルミ・キッチン ラボ,https://img.bokenjapan.com/media/shibatacho-dining-4029750.jpg,,photo belonged to another card; no own photo found
miyagi/shibatacho,138,為吾郎,https://img.bokenjapan.com/media/shibatacho-dining-4006694.jpg,https://img.bokenjapan.com/media/shibatacho-dining-4029750.jpg,matched own listing photo
miyagi/shibatacho,139,A・COOP 槻木店,https://img.bokenjapan.com/media/shibatacho-dining-4022919.jpg,https://img.bokenjapan.com/media/shibatacho-dining-4006694.jpg,matched own listing photo
miyagi/shibatacho,141,月と杏 創作バル,https://img.bokenjapan.com/media/shibatacho-dining-4022785.jpg,,photo belonged to another card; no own photo found
miyagi/shibatacho,143,馬上かまぼこ店 船岡店,https://img.bokenjapan.com/media/shibatacho-dining-4027703.jpg,https://img.bokenjapan.com/media/shibatacho-dining-4022785.jpg,matched own listing photo
miyagi/shibatacho,144,セブン-イレブン 柴田船岡入袋店,https://img.bokenjapan.com/media/shibatacho-dining-4029298.jpg,https://img.bokenjapan.com/media/shibatacho-dining-4027703.jpg,matched own listing photo
miyagi/shibatacho,145,くりえいと柴田,https://img.bokenjapan.com/media/shibatacho-dining-4023162.jpg,https://img.bokenjapan.com/media/shibatacho-dining-4029298.jpg,matched own listing photo
miyagi/shibatacho,147,ファミリーマート 船岡東4丁目店,https://img.bokenjapan.com/media/shibatacho-dining-4022088.jpg,https://img.bokenjapan.com/media/shibatacho-dining-4023162.jpg,matched own listing photo
miyagi/shichigahama,2,ARTCAFEBAR SEASAW,https://img.bokenjapan.com/media/shichigahama-dining-4017703.jpg,,photo belonged to another card; no own photo found
miyagi/shichigahama,3,浜の七光り,https://img.bokenjapan.com/media/shichigahama-dining-4025592.jpg,https://img.bokenjapan.com/media/shichigahama-dining-4017703.jpg,matched own listing photo
miyagi/shichigahama,4,和食家TADA,https://img.bokenjapan.com/media/shichigahama-dining-4007155.jpg,https://img.bokenjapan.com/media/shichigahama-dining-4025592.jpg,matched own listing photo
miyagi/shichigahama,5,かみ村,https://img.bokenjapan.com/media/shichigahama-dining-4012830.jpg,https://img.bokenjapan.com/media/shichigahama-dining-4007155.jpg,matched own listing photo
miyagi/shichigahama,6,ソフトクリームNana,https://img.bokenjapan.com/media/shichigahama-dining-4026880.jpg,https://img.bokenjapan.com/media/shichigahama-dining-4012830.jpg,matched own listing photo
miyagi/shichigahama,7,Luana Garden Place,https://img.bokenjapan.com/media/shichigahama-dining-4025316.jpg,https://img.bokenjapan.com/media/shichigahama-dining-4026880.jpg,matched own listing photo
miyagi/shichigahama,8,カフェ ラ ルナ,https://img.bokenjapan.com/media/shichigahama-dining-4001540.jpg,https://img.bokenjapan.com/media/shichigahama-dining-4025316.jpg,matched own listing photo
miyagi/shichigahama,9,一匠庵,https://img.bokenjapan.com/media/shichigahama-dining-4026036.jpg,https://img.bokenjapan.com/media/shichigahama-dining-4001540.jpg,matched own listing photo
miyagi/shichigahama,10,菜菜cafe,https://img.bokenjapan.com/media/shichigahama-dining-4018235.jpg,https://img.bokenjapan.com/media/shichigahama-dining-4026036.jpg,matched own listing photo
miyagi/shichigahama,11,日和,https://img.bokenjapan.com/media/shichigahama-dining-4016960.jpg,https://img.bokenjapan.com/media/shichigahama-dining-4018235.jpg,matched own listing photo
miyagi/shichigahama,12,とんかつ すず広,https://img.bokenjapan.com/media/shichigahama-dining-4006449.jpg,https://img.bokenjapan.com/media/shichigahama-dining-4016960.jpg,matched own listing photo
miyagi/shichigahama,13,喜ぜん寿司,https://img.bokenjapan.com/media/shichigahama-dining-4009874.jpg,https://img.bokenjapan.com/media/shichigahama-dining-4006449.jpg,matched own listing photo
miyagi/shichigahama,14,EAST COAST BURGER SHOP,https://img.bokenjapan.com/media/shichigahama-dining-4029726.jpg,https://img.bokenjapan.com/media/shichigahama-dining-4009874.jpg,matched own listing photo
miyagi/shichigahama,15,シチノ焙煎所,https://img.bokenjapan.com/media/shichigahama-dining-4028612.jpg,https://img.bokenjapan.com/media/shichigahama-dining-4029726.jpg,matched own listing photo
miyagi/shichigahama,16,まんぷく食堂,https://img.bokenjapan.com/media/shichigahama-dining-4028665.jpg,https://img.bokenjapan.com/media/shichigahama-dining-4028612.jpg,matched own listing photo
miyagi/shichigahama,17,CAFE Greedy,https://img.bokenjapan.com/media/shichigahama-dining-4029295.jpg,https://img.bokenjapan.com/media/shichigahama-dining-4028665.jpg,matched own listing photo
miyagi/shichigahama,18,海鮮処 魚将,https://img.bokenjapan.com/media/shichigahama-dining-4027758.jpg,https://img.bokenjapan.com/media/shichigahama-dining-4029295.jpg,matched own listing photo
miyagi/shichigahama,19,TAIYO sunny village,https://img.bokenjapan.com/media/shichigahama-dining-4030212.jpg,https://img.bokenjapan.com/media/shichigahama-dining-4027758.jpg,matched own listing photo
miyagi/shichigahama,22,浜しんラーメン,https://img.bokenjapan.com/media/shichigahama-dining-4013499.jpg,,photo belonged to another card; no own photo found
miyagi/shichigahama,23,おさかなマート 七のや,https://img.bokenjapan.com/media/shichigahama-dining-4030241.jpg,https://img.bokenjapan.com/media/shichigahama-dining-4013499.jpg,matched own listing photo
miyagi/shichigahama,24,サンロード ヤマザワ汐見台店,https://img.bokenjapan.com/media/shichigahama-dining-4024464.jpg,https://img.bokenjapan.com/media/shichigahama-dining-4030241.jpg,matched own listing photo
miyagi/shichigahama,25,Cafe TIME,https://img.bokenjapan.com/media/shichigahama-dining-4029241.jpg,https://img.bokenjapan.com/media/shichigahama-dining-4024464.jpg,matched own listing photo
miyagi/shichigahama,26,MATTY'S,https://img.bokenjapan.com/media/shichigahama-dining-4027261.jpg,https://img.bokenjapan.com/media/shichigahama-dining-4029241.jpg,matched own listing photo
miyagi/shichigahama,27,Welina,https://img.bokenjapan.com/media/shichigahama-dining-4030352.jpg,https://img.bokenjapan.com/media/shichigahama-dining-4027261.jpg,matched own listing photo
miyagi/shichigahama,28,orange nico,https://img.bokenjapan.com/media/shichigahama-dining-4029296.jpg,https://img.bokenjapan.com/media/shichigahama-dining-4030352.jpg,matched own listing photo
miyagi/shichigahama,29,朝日とコーヒー,https://img.bokenjapan.com/media/shichigahama-dining-4030073.jpg,https://img.bokenjapan.com/media/shichigahama-dining-4029296.jpg,matched own listing photo
miyagi/shichigahama,30,かぼちゃ,https://img.bokenjapan.com/media/shichigahama-dining-4029049.jpg,https://img.bokenjapan.com/media/shichigahama-dining-4030073.jpg,matched own listing photo
miyagi/shichigahama,31,ミニストップ 七ヶ浜汐見台店,https://img.bokenjapan.com/media/shichigahama-dining-4017745.jpg,https://img.bokenjapan.com/media/shichigahama-dining-4029049.jpg,matched own listing photo
miyagi/shichigahama,32,丸要精肉店,https://img.bokenjapan.com/media/shichigahama-dining-4025743.jpg,https://img.bokenjapan.com/media/shichigahama-dining-4017745.jpg,matched own listing photo
miyagi/shichigahama,33,釣キチ七ヶ浜,https://img.bokenjapan.com/media/shichigahama-dining-4015266.jpg,https://img.bokenjapan.com/media/shichigahama-dining-4025743.jpg,matched own listing photo
miyagi/shichigahama,34,どら焼き専門店YURINAN 七ヶ浜店,https://img.bokenjapan.com/media/shichigahama-dining-4030233.jpg,https://img.bokenjapan.com/media/shichigahama-dining-4015266.jpg,matched own listing photo
miyagi/shichigahama,35,みお七ヶ浜 売店,https://img.bokenjapan.com/media/shichigahama-dining-4023230.jpg,,photo belonged to another card; no own photo found
miyagi/shichigahama,36,星のり店,https://img.bokenjapan.com/media/shichigahama-dining-4024177.jpg,https://img.bokenjapan.com/media/shichigahama-dining-4023230.jpg,matched own listing photo
miyagi/shichigahama,37,門ぜん,https://img.bokenjapan.com/media/shichigahama-dining-4029606.jpg,https://img.bokenjapan.com/media/shichigahama-dining-4024177.jpg,matched own listing photo
miyagi/shichigahama,38,喫茶・軽食 ももか,https://img.bokenjapan.com/media/shichigahama-dining-4018325.jpg,https://img.bokenjapan.com/media/shichigahama-dining-4029606.jpg,matched own listing photo
miyagi/shichikashuku,2,吉野屋,https://img.bokenjapan.com/media/shichikashuku-dining-4001821.jpg,,photo belonged to another card; no own photo found
miyagi/shichikashuku,3,道の駅七ヶ宿,https://img.bokenjapan.com/media/shichikashuku-dining-4011554.jpg,https://img.bokenjapan.com/media/shichikashuku-dining-4001821.jpg,matched own listing photo
miyagi/shichikashuku,4,ブック&カフェ こ・らっしぇ,https://img.bokenjapan.com/media/shichikashuku-dining-4020201.jpg,https://img.bokenjapan.com/media/shichikashuku-dining-4011554.jpg,matched own listing photo
miyagi/shichikashuku,5,くらけんカフェ,https://img.bokenjapan.com/media/shichikashuku-dining-4018481.jpg,https://img.bokenjapan.com/media/shichikashuku-dining-4020201.jpg,matched own listing photo
miyagi/shichikashuku,6,そばの里 がんこ,https://img.bokenjapan.com/media/shichikashuku-dining-4029491.jpg,https://img.bokenjapan.com/media/shichikashuku-dining-4018481.jpg,matched own listing photo
miyagi/shichikashuku,7,道の駅七ヶ宿 物産コーナー,https://img.bokenjapan.com/media/shichikashuku-dining-4022493.jpg,https://img.bokenjapan.com/media/shichikashuku-dining-4029491.jpg,matched own listing photo
miyagi/shichikashuku,8,まるみつ食堂,https://img.bokenjapan.com/media/shichikashuku-dining-4015554.jpg,https://img.bokenjapan.com/media/shichikashuku-dining-4022493.jpg,matched own listing photo
miyagi/shichikashuku,9,ファミリーマートプラスCOOP 七ヶ宿店,https://img.bokenjapan.com/media/shichikashuku-dining-4018931.jpg,https://img.bokenjapan.com/media/shichikashuku-dining-4015554.jpg,matched own listing photo
miyagi/shichikashuku,10,石窯ピザ屋 水守の郷,https://img.bokenjapan.com/media/shichikashuku-dining-4014773.jpg,https://img.bokenjapan.com/media/shichikashuku-dining-4018931.jpg,matched own listing photo
miyagi/shichikashuku,11,レストハウス ナッキー,https://img.bokenjapan.com/media/shichikashuku-dining-4016211.jpg,https://img.bokenjapan.com/media/shichikashuku-dining-4014773.jpg,matched own listing photo
miyagi/shichikashuku,13,くらけんCafe,https://img.bokenjapan.com/media/shichikashuku-dining-4030036.jpg,https://img.bokenjapan.com/media/shichikashuku-dining-4016211.jpg,matched own listing photo
miyagi/shichikashuku,14,ベースロッジ,https://img.bokenjapan.com/media/shichikashuku-dining-4016210.jpg,https://img.bokenjapan.com/media/shichikashuku-dining-4030036.jpg,matched own listing photo
miyagi/shichikashuku,15,街道ホステルおたて,https://img.bokenjapan.com/media/shichikashuku-dining-4021190.jpg,https://img.bokenjapan.com/media/shichikashuku-dining-4016210.jpg,matched own listing photo
miyagi/shichikashuku,16,長老湖売店,https://img.bokenjapan.com/media/shichikashuku-dining-4019616.jpg,https://img.bokenjapan.com/media/shichikashuku-dining-4021190.jpg,matched own listing photo
miyagi/shichikashuku,17,すみやのくらし,https://img.bokenjapan.com/media/shichikashuku-dining-4019653.jpg,https://img.bokenjapan.com/media/shichikashuku-dining-4019616.jpg,matched own listing photo
miyagi/shichikashuku,18,ウッドアンドスパ や・すまっしぇ,https://img.bokenjapan.com/media/shichikashuku-dining-4022118.jpg,https://img.bokenjapan.com/media/shichikashuku-dining-4019653.jpg,matched own listing photo
miyagi/shikama,2,若葉食堂,https://img.bokenjapan.com/media/shikama-dining-4011078.jpg,,photo belonged to another card; no own photo found
miyagi/shikama,3,うめもんや,https://img.bokenjapan.com/media/shikama-dining-4025665.jpg,https://img.bokenjapan.com/media/shikama-dining-4011078.jpg,matched own listing photo
miyagi/shikama,4,麺屋シキ,https://img.bokenjapan.com/media/shikama-dining-4027321.jpg,https://img.bokenjapan.com/media/shikama-dining-4025665.jpg,matched own listing photo
miyagi/shikama,5,手打ち田舎そば一昇,https://img.bokenjapan.com/media/shikama-dining-4009363.jpg,https://img.bokenjapan.com/media/shikama-dining-4027321.jpg,matched own listing photo
miyagi/shikama,6,ビューダイニングDen'en,https://img.bokenjapan.com/media/shikama-dining-4029134.jpg,https://img.bokenjapan.com/media/shikama-dining-4009363.jpg,matched own listing photo
miyagi/shikama,7,丸美食堂,https://img.bokenjapan.com/media/shikama-dining-4002532.jpg,https://img.bokenjapan.com/media/shikama-dining-4029134.jpg,matched own listing photo
miyagi/shikama,8,かっぱの湯,https://img.bokenjapan.com/media/shikama-dining-4017087.jpg,https://img.bokenjapan.com/media/shikama-dining-4002532.jpg,matched own listing photo
miyagi/shikama,9,LAWSON 色麻上新町店,https://img.bokenjapan.com/media/shikama-dining-4030168.jpg,https://img.bokenjapan.com/media/shikama-dining-4017087.jpg,matched own listing photo
miyagi/shikama,10,愛菜ハウス,https://img.bokenjapan.com/media/shikama-dining-4012936.jpg,https://img.bokenjapan.com/media/shikama-dining-4030168.jpg,matched own listing photo
miyagi/shikama,11,宮城開拓養鶏農業協同組合 たまご直売所,https://img.bokenjapan.com/media/shikama-dining-4023796.jpg,https://img.bokenjapan.com/media/shikama-dining-4012936.jpg,matched own listing photo
miyagi/shikama,12,ボンジェール,https://img.bokenjapan.com/media/shikama-dining-4022726.jpg,https://img.bokenjapan.com/media/shikama-dining-4023796.jpg,matched own listing photo
miyagi/shikama,13,Coffee Road,https://img.bokenjapan.com/media/shikama-dining-4024687.jpg,https://img.bokenjapan.com/media/shikama-dining-4022726.jpg,matched own listing photo
miyagi/shikama,14,菊栄商店,https://img.bokenjapan.com/media/shikama-dining-4025710.jpg,https://img.bokenjapan.com/media/shikama-dining-4024687.jpg,matched own listing photo
miyagi/shikama,15,ひらさわ,https://img.bokenjapan.com/media/shikama-dining-4015399.jpg,https://img.bokenjapan.com/media/shikama-dining-4025710.jpg,matched own listing photo
miyagi/shikama,16,愛宕山公園 農産物直売所,https://img.bokenjapan.com/media/shikama-dining-4019128.jpg,https://img.bokenjapan.com/media/shikama-dining-4015399.jpg,matched own listing photo
miyagi/shikama,17,セブンイレブン 加美色麻町店,https://img.bokenjapan.com/media/shikama-dining-4021957.jpg,https://img.bokenjapan.com/media/shikama-dining-4019128.jpg,matched own listing photo
miyagi/shiogama,2,すし哲 本店,https://img.bokenjapan.com/media/shiogama-dining-4000002.jpg,,photo belonged to another card; no own photo found
miyagi/shiogama,3,シェヌー,https://img.bokenjapan.com/media/shiogama-dining-4000003.jpg,https://img.bokenjapan.com/media/shiogama-dining-4000002.jpg,matched own listing photo
miyagi/shiogama,4,和み処 男山,https://img.bokenjapan.com/media/shiogama-dining-4006998.jpg,https://img.bokenjapan.com/media/shiogama-dining-4000003.jpg,matched own listing photo
miyagi/shiogama,5,廻鮮寿司 塩釜港,https://img.bokenjapan.com/media/shiogama-dining-4003018.jpg,https://img.bokenjapan.com/media/shiogama-dining-4006998.jpg,matched own listing photo
miyagi/shiogama,6,鮨　しらはた,https://img.bokenjapan.com/media/shiogama-dining-4000001.jpg,https://img.bokenjapan.com/media/shiogama-dining-4003018.jpg,matched own listing photo
miyagi/shiogama,7,亀喜寿司,https://img.bokenjapan.com/media/shiogama-dining-4000004.jpg,https://img.bokenjapan.com/media/shiogama-dining-4000001.jpg,matched own listing photo
miyagi/shiogama,8,ジェラテリア フルーツラボラトリー,https://img.bokenjapan.com/media/shiogama-dining-4017790.jpg,https://img.bokenjapan.com/media/shiogama-dining-4000004.jpg,matched own listing photo
miyagi/shiogama,9,塩釜仲卸市場 マイ海鮮丼コーナー,https://img.bokenjapan.com/media/shiogama-dining-4016051.jpg,https://img.bokenjapan.com/media/shiogama-dining-4017790.jpg,matched own listing photo
miyagi/shiogama,10,榮太楼 塩釜本店,https://img.bokenjapan.com/media/shiogama-dining-4000295.jpg,https://img.bokenjapan.com/media/shiogama-dining-4016051.jpg,matched own listing photo
miyagi/shiogama,11,来々軒,https://img.bokenjapan.com/media/shiogama-dining-4004173.jpg,https://img.bokenjapan.com/media/shiogama-dining-4000295.jpg,matched own listing photo
miyagi/shiogama,12,塩竈市場食堂,https://img.bokenjapan.com/media/shiogama-dining-4012874.jpg,https://img.bokenjapan.com/media/shiogama-dining-4004173.jpg,matched own listing photo
miyagi/shiogama,13,更科,https://img.bokenjapan.com/media/shiogama-dining-4004415.jpg,https://img.bokenjapan.com/media/shiogama-dining-4012874.jpg,matched own listing photo
miyagi/shiogama,14,まぐろ専門店 がお,https://img.bokenjapan.com/media/shiogama-dining-4028268.jpg,https://img.bokenjapan.com/media/shiogama-dining-4004415.jpg,matched own listing photo
miyagi/shiogama,15,だし廊-SaKaNa-,https://img.bokenjapan.com/media/shiogama-dining-4026199.jpg,https://img.bokenjapan.com/media/shiogama-dining-4028268.jpg,matched own listing photo
miyagi/shiogama,16,塩竃まぐろ直売・食堂,https://img.bokenjapan.com/media/shiogama-dining-4003159.jpg,https://img.bokenjapan.com/media/shiogama-dining-4026199.jpg,matched own listing photo
miyagi/shiogama,17,ブレアマリーナ,https://img.bokenjapan.com/media/shiogama-dining-4000697.jpg,https://img.bokenjapan.com/media/shiogama-dining-4003159.jpg,matched own listing photo
miyagi/shiogama,18,間宮商店 食堂部,https://img.bokenjapan.com/media/shiogama-dining-4027543.jpg,https://img.bokenjapan.com/media/shiogama-dining-4000697.jpg,matched own listing photo
miyagi/shiogama,19,チョコレート工房　クレオバンテール,https://img.bokenjapan.com/media/shiogama-dining-4011009.jpg,https://img.bokenjapan.com/media/shiogama-dining-4027543.jpg,matched own listing photo
miyagi/shiogama,22,大関,https://img.bokenjapan.com/media/shiogama-dining-4005798.jpg,,photo belonged to another card; no own photo found
miyagi/shiogama,23,藤まつ寿し,https://img.bokenjapan.com/media/shiogama-dining-4004777.jpg,https://img.bokenjapan.com/media/shiogama-dining-4005798.jpg,matched own listing photo
miyagi/shiogama,24,さとう精肉店,https://img.bokenjapan.com/media/shiogama-dining-4015596.jpg,https://img.bokenjapan.com/media/shiogama-dining-4004777.jpg,matched own listing photo
miyagi/shiogama,25,黄金そば,https://img.bokenjapan.com/media/shiogama-dining-4004401.jpg,https://img.bokenjapan.com/media/shiogama-dining-4015596.jpg,matched own listing photo
miyagi/shiogama,26,加瀬 塩竈市場店,https://img.bokenjapan.com/media/shiogama-dining-4014615.jpg,https://img.bokenjapan.com/media/shiogama-dining-4004401.jpg,matched own listing photo
miyagi/shiogama,27,大黒寿司,https://img.bokenjapan.com/media/shiogama-dining-4000178.jpg,https://img.bokenjapan.com/media/shiogama-dining-4014615.jpg,matched own listing photo
miyagi/shiogama,28,すし徳,https://img.bokenjapan.com/media/shiogama-dining-4002181.jpg,https://img.bokenjapan.com/media/shiogama-dining-4000178.jpg,matched own listing photo
miyagi/shiogama,29,おそば すゞき,https://img.bokenjapan.com/media/shiogama-dining-4009527.jpg,https://img.bokenjapan.com/media/shiogama-dining-4002181.jpg,matched own listing photo
miyagi/shiogama,30,更科分店,https://img.bokenjapan.com/media/shiogama-dining-4005099.jpg,https://img.bokenjapan.com/media/shiogama-dining-4009527.jpg,matched own listing photo
miyagi/shiogama,31,松栄寿司,https://img.bokenjapan.com/media/shiogama-dining-4002150.jpg,https://img.bokenjapan.com/media/shiogama-dining-4005099.jpg,matched own listing photo
miyagi/shiogama,32,塩釜あがらいん,https://img.bokenjapan.com/media/shiogama-dining-4008963.jpg,https://img.bokenjapan.com/media/shiogama-dining-4002150.jpg,matched own listing photo
miyagi/shiogama,33,塩釜海の駅,https://img.bokenjapan.com/media/shiogama-dining-4019743.jpg,https://img.bokenjapan.com/media/shiogama-dining-4008963.jpg,matched own listing photo
miyagi/shiogama,34,コーヒーとおやつの店 アンドモア,https://img.bokenjapan.com/media/shiogama-dining-4022240.jpg,https://img.bokenjapan.com/media/shiogama-dining-4019743.jpg,matched own listing photo
miyagi/shiogama,35,丸長寿司,https://img.bokenjapan.com/media/shiogama-dining-4001723.jpg,https://img.bokenjapan.com/media/shiogama-dining-4022240.jpg,matched own listing photo
miyagi/shiogama,36,一森寿司,https://img.bokenjapan.com/media/shiogama-dining-4012238.jpg,https://img.bokenjapan.com/media/shiogama-dining-4001723.jpg,matched own listing photo
miyagi/shiogama,37,ホルモン料理 ひょうたん,https://img.bokenjapan.com/media/shiogama-dining-4002004.jpg,https://img.bokenjapan.com/media/shiogama-dining-4012238.jpg,matched own listing photo
miyagi/shiogama,38,竹屋,https://img.bokenjapan.com/media/shiogama-dining-4027358.jpg,https://img.bokenjapan.com/media/shiogama-dining-4002004.jpg,matched own listing photo
miyagi/shiogama,39,人と木,https://img.bokenjapan.com/media/shiogama-dining-4027350.jpg,https://img.bokenjapan.com/media/shiogama-dining-4027358.jpg,matched own listing photo
miyagi/shiogama,42,おさんこ茶屋本店,https://img.bokenjapan.com/media/shiogama-dining-4001634.jpg,,photo belonged to another card; no own photo found
miyagi/shiogama,43,ニラなんばんらーめん 香麺,https://img.bokenjapan.com/media/shiogama-dining-4004176.jpg,https://img.bokenjapan.com/media/shiogama-dining-4001634.jpg,matched own listing photo
miyagi/shiogama,44,カフェはれま,https://img.bokenjapan.com/media/shiogama-dining-4017255.jpg,https://img.bokenjapan.com/media/shiogama-dining-4004176.jpg,matched own listing photo
miyagi/shiogama,45,さぬきうどん,https://img.bokenjapan.com/media/shiogama-dining-4004344.jpg,https://img.bokenjapan.com/media/shiogama-dining-4017255.jpg,matched own listing photo
miyagi/shiogama,46,海鮮せんべい塩竈,https://img.bokenjapan.com/media/shiogama-dining-4016968.jpg,https://img.bokenjapan.com/media/shiogama-dining-4004344.jpg,matched own listing photo
miyagi/shiogama,47,日乃出庵,https://img.bokenjapan.com/media/shiogama-dining-4003397.jpg,https://img.bokenjapan.com/media/shiogama-dining-4016968.jpg,matched own listing photo
miyagi/shiogama,48,しおがま庵,https://img.bokenjapan.com/media/shiogama-dining-4027515.jpg,https://img.bokenjapan.com/media/shiogama-dining-4003397.jpg,matched own listing photo
miyagi/shiogama,49,間宮塩蔵 直売所,https://img.bokenjapan.com/media/shiogama-dining-4018434.jpg,https://img.bokenjapan.com/media/shiogama-dining-4027515.jpg,matched own listing photo
miyagi/shiogama,50,花まる弁当,https://img.bokenjapan.com/media/shiogama-dining-4019904.jpg,https://img.bokenjapan.com/media/shiogama-dining-4018434.jpg,matched own listing photo
miyagi/shiogama,51,蕎麦 みろく,https://img.bokenjapan.com/media/shiogama-dining-4025630.jpg,https://img.bokenjapan.com/media/shiogama-dining-4019904.jpg,matched own listing photo
miyagi/shiogama,52,ラーメンみそ兵衛,https://img.bokenjapan.com/media/shiogama-dining-4004175.jpg,https://img.bokenjapan.com/media/shiogama-dining-4025630.jpg,matched own listing photo
miyagi/shiogama,53,大國屋,https://img.bokenjapan.com/media/shiogama-dining-4005108.jpg,https://img.bokenjapan.com/media/shiogama-dining-4004175.jpg,matched own listing photo
miyagi/shiogama,54,梅花堂 本店,https://img.bokenjapan.com/media/shiogama-dining-4016284.jpg,https://img.bokenjapan.com/media/shiogama-dining-4005108.jpg,matched own listing photo
miyagi/shiogama,55,大寿司,https://img.bokenjapan.com/media/shiogama-dining-4001980.jpg,https://img.bokenjapan.com/media/shiogama-dining-4016284.jpg,matched own listing photo
miyagi/shiogama,56,旬彩食房 喜三郎,https://img.bokenjapan.com/media/shiogama-dining-4025994.jpg,https://img.bokenjapan.com/media/shiogama-dining-4001980.jpg,matched own listing photo
miyagi/shiogama,57,京都苑,https://img.bokenjapan.com/media/shiogama-dining-4006214.jpg,https://img.bokenjapan.com/media/shiogama-dining-4025994.jpg,matched own listing photo
miyagi/shiogama,58,となりの珈琲や,https://img.bokenjapan.com/media/shiogama-dining-4026886.jpg,https://img.bokenjapan.com/media/shiogama-dining-4006214.jpg,matched own listing photo
miyagi/shiogama,62,共栄丸水産,https://img.bokenjapan.com/media/shiogama-dining-4016186.jpg,,photo belonged to another card; no own photo found
miyagi/shiogama,63,丹六園,https://img.bokenjapan.com/media/shiogama-dining-4000434.jpg,https://img.bokenjapan.com/media/shiogama-dining-4016186.jpg,matched own listing photo
miyagi/shiogama,64,塩龍,https://img.bokenjapan.com/media/shiogama-dining-4026772.jpg,https://img.bokenjapan.com/media/shiogama-dining-4000434.jpg,matched own listing photo
miyagi/shiogama,65,馬神,https://img.bokenjapan.com/media/shiogama-dining-4028028.jpg,https://img.bokenjapan.com/media/shiogama-dining-4026772.jpg,matched own listing photo
miyagi/shiogama,66,ごはん屋 はれ,https://img.bokenjapan.com/media/shiogama-dining-4026877.jpg,https://img.bokenjapan.com/media/shiogama-dining-4028028.jpg,matched own listing photo
miyagi/shiogama,67,塩釜水産物仲卸市場,https://img.bokenjapan.com/media/shiogama-dining-4021223.jpg,https://img.bokenjapan.com/media/shiogama-dining-4026877.jpg,matched own listing photo
miyagi/shiogama,68,チャリオット,https://img.bokenjapan.com/media/shiogama-dining-4021782.jpg,https://img.bokenjapan.com/media/shiogama-dining-4021223.jpg,matched own listing photo
miyagi/shiogama,69,東華,https://img.bokenjapan.com/media/shiogama-dining-4003536.jpg,https://img.bokenjapan.com/media/shiogama-dining-4021782.jpg,matched own listing photo
miyagi/shiogama,70,浜っ子,https://img.bokenjapan.com/media/shiogama-dining-4009577.jpg,https://img.bokenjapan.com/media/shiogama-dining-4003536.jpg,matched own listing photo
miyagi/shiogama,71,仁王寿司,https://img.bokenjapan.com/media/shiogama-dining-4000743.jpg,https://img.bokenjapan.com/media/shiogama-dining-4009577.jpg,matched own listing photo
miyagi/shiogama,72,シャン ド マルス・ヤマギシ,https://img.bokenjapan.com/media/shiogama-dining-4009360.jpg,https://img.bokenjapan.com/media/shiogama-dining-4000743.jpg,matched own listing photo
miyagi/shiogama,73,ミヤモトたいやき店,https://img.bokenjapan.com/media/shiogama-dining-4007398.jpg,https://img.bokenjapan.com/media/shiogama-dining-4009360.jpg,matched own listing photo
miyagi/shiogama,74,カフェ・ル・ポール,https://img.bokenjapan.com/media/shiogama-dining-4014551.jpg,https://img.bokenjapan.com/media/shiogama-dining-4007398.jpg,matched own listing photo
miyagi/shiogama,75,麦の穂,https://img.bokenjapan.com/media/shiogama-dining-4008978.jpg,https://img.bokenjapan.com/media/shiogama-dining-4014551.jpg,matched own listing photo
miyagi/shiogama,76,UNDERDOG COFFEE,https://img.bokenjapan.com/media/shiogama-dining-4026243.jpg,https://img.bokenjapan.com/media/shiogama-dining-4008978.jpg,matched own listing photo
miyagi/shiogama,77,浦霞醸造元,https://img.bokenjapan.com/media/shiogama-dining-4008140.jpg,https://img.bokenjapan.com/media/shiogama-dining-4026243.jpg,matched own listing photo
miyagi/shiogama,78,横山商店,https://img.bokenjapan.com/media/shiogama-dining-4028492.jpg,https://img.bokenjapan.com/media/shiogama-dining-4008140.jpg,matched own listing photo
miyagi/shiogama,79,居酒屋ふじや,https://img.bokenjapan.com/media/shiogama-dining-4026282.jpg,https://img.bokenjapan.com/media/shiogama-dining-4028492.jpg,matched own listing photo
miyagi/shiogama,82,はま勢,https://img.bokenjapan.com/media/shiogama-dining-4008205.jpg,,photo belonged to another card; no own photo found
miyagi/shiogama,83,PLATHOME,https://img.bokenjapan.com/media/shiogama-dining-4028242.jpg,https://img.bokenjapan.com/media/shiogama-dining-4008205.jpg,matched own listing photo
miyagi/shiogama,84,塩竈かき小屋 本店,https://img.bokenjapan.com/media/shiogama-dining-4001796.jpg,https://img.bokenjapan.com/media/shiogama-dining-4028242.jpg,matched own listing photo
miyagi/shiogama,85,太田屋もち店,https://img.bokenjapan.com/media/shiogama-dining-4009644.jpg,https://img.bokenjapan.com/media/shiogama-dining-4001796.jpg,matched own listing photo
miyagi/shiogama,86,コロラド,https://img.bokenjapan.com/media/shiogama-dining-4007602.jpg,https://img.bokenjapan.com/media/shiogama-dining-4009644.jpg,matched own listing photo
miyagi/shiogama,87,稲庭うどん延寿庵,https://img.bokenjapan.com/media/shiogama-dining-4004399.jpg,https://img.bokenjapan.com/media/shiogama-dining-4007602.jpg,matched own listing photo
miyagi/shiogama,88,コンディメントカフェ,https://img.bokenjapan.com/media/shiogama-dining-4020309.jpg,https://img.bokenjapan.com/media/shiogama-dining-4004399.jpg,matched own listing photo
miyagi/shiogama,89,中国料理 彩龍,https://img.bokenjapan.com/media/shiogama-dining-4003751.jpg,https://img.bokenjapan.com/media/shiogama-dining-4020309.jpg,matched own listing photo
miyagi/shiogama,90,すず春,https://img.bokenjapan.com/media/shiogama-dining-4006450.jpg,https://img.bokenjapan.com/media/shiogama-dining-4003751.jpg,matched own listing photo
miyagi/shiogama,91,ラーメンひまわり,https://img.bokenjapan.com/media/shiogama-dining-4015041.jpg,https://img.bokenjapan.com/media/shiogama-dining-4006450.jpg,matched own listing photo
miyagi/shiogama,92,矢部園茶舗,https://img.bokenjapan.com/media/shiogama-dining-4012838.jpg,https://img.bokenjapan.com/media/shiogama-dining-4015041.jpg,matched own listing photo
miyagi/shiogama,93,MYTOWN BURGERS,https://img.bokenjapan.com/media/shiogama-dining-4026892.jpg,https://img.bokenjapan.com/media/shiogama-dining-4012838.jpg,matched own listing photo
miyagi/shiogama,94,SUNDA⇔LAND,https://img.bokenjapan.com/media/shiogama-dining-4029198.jpg,https://img.bokenjapan.com/media/shiogama-dining-4026892.jpg,matched own listing photo
miyagi/shiogama,95,とよ香kitchen,https://img.bokenjapan.com/media/shiogama-dining-4029143.jpg,https://img.bokenjapan.com/media/shiogama-dining-4029198.jpg,matched own listing photo
miyagi/shiogama,96,BALON,https://img.bokenjapan.com/media/shiogama-dining-4026400.jpg,https://img.bokenjapan.com/media/shiogama-dining-4029143.jpg,matched own listing photo
miyagi/shiogama,97,パティスリー モンク,https://img.bokenjapan.com/media/shiogama-dining-4019669.jpg,https://img.bokenjapan.com/media/shiogama-dining-4026400.jpg,matched own listing photo
miyagi/shiogama,98,roti enak,https://img.bokenjapan.com/media/shiogama-dining-4010679.jpg,https://img.bokenjapan.com/media/shiogama-dining-4019669.jpg,matched own listing photo
miyagi/shiogama,99,廣聚隆,https://img.bokenjapan.com/media/shiogama-dining-4022863.jpg,https://img.bokenjapan.com/media/shiogama-dining-4010679.jpg,matched own listing photo
miyagi/shiogama,102,和DINING ひなた,https://img.bokenjapan.com/media/shiogama-dining-4001617.jpg,,photo belonged to another card; no own photo found
miyagi/shiogama,103,たまご工房,https://img.bokenjapan.com/media/shiogama-dining-4021157.jpg,https://img.bokenjapan.com/media/shiogama-dining-4001617.jpg,matched own listing photo
miyagi/shiogama,104,末広庵 イオンタウン塩釜SC店,https://img.bokenjapan.com/media/shiogama-dining-4002319.jpg,https://img.bokenjapan.com/media/shiogama-dining-4021157.jpg,matched own listing photo
miyagi/shiogama,105,エヌワイキッチン,https://img.bokenjapan.com/media/shiogama-dining-4023092.jpg,https://img.bokenjapan.com/media/shiogama-dining-4002319.jpg,matched own listing photo
miyagi/shiogama,106,荒井商店,https://img.bokenjapan.com/media/shiogama-dining-4028658.jpg,https://img.bokenjapan.com/media/shiogama-dining-4023092.jpg,matched own listing photo
miyagi/shiogama,107,お弁当&クレープのお店〜たっくんち〜,https://img.bokenjapan.com/media/shiogama-dining-4028671.jpg,https://img.bokenjapan.com/media/shiogama-dining-4028658.jpg,matched own listing photo
miyagi/shiogama,108,SUN BAKERY,https://img.bokenjapan.com/media/shiogama-dining-4029213.jpg,https://img.bokenjapan.com/media/shiogama-dining-4028671.jpg,matched own listing photo
miyagi/shiogama,109,蒲鉾の水野,https://img.bokenjapan.com/media/shiogama-dining-4010322.jpg,https://img.bokenjapan.com/media/shiogama-dining-4029213.jpg,matched own listing photo
miyagi/shiogama,110,RAMEN PIGPIG,https://img.bokenjapan.com/media/shiogama-dining-4029864.jpg,https://img.bokenjapan.com/media/shiogama-dining-4010322.jpg,matched own listing photo
miyagi/shiogama,111,いとう水産,https://img.bokenjapan.com/media/shiogama-dining-4010467.jpg,https://img.bokenjapan.com/media/shiogama-dining-4029864.jpg,matched own listing photo
miyagi/shiogama,112,末廣庵,https://img.bokenjapan.com/media/shiogama-dining-4004455.jpg,https://img.bokenjapan.com/media/shiogama-dining-4010467.jpg,matched own listing photo
miyagi/shiogama,113,知味飯店,https://img.bokenjapan.com/media/shiogama-dining-4005032.jpg,https://img.bokenjapan.com/media/shiogama-dining-4004455.jpg,matched own listing photo
miyagi/shiogama,114,焼肉ホルモン 塩竈,https://img.bokenjapan.com/media/shiogama-dining-4010119.jpg,https://img.bokenjapan.com/media/shiogama-dining-4005032.jpg,matched own listing photo
miyagi/shiogama,115,炭火焼鳥いたどり 塩釜駅前店,https://img.bokenjapan.com/media/shiogama-dining-4016667.jpg,https://img.bokenjapan.com/media/shiogama-dining-4010119.jpg,matched own listing photo
miyagi/shiogama,116,アトリエ　ゴール,https://img.bokenjapan.com/media/shiogama-dining-4010791.jpg,https://img.bokenjapan.com/media/shiogama-dining-4016667.jpg,matched own listing photo
miyagi/shiogama,117,梅花堂　 本町店,https://img.bokenjapan.com/media/shiogama-dining-4015688.jpg,https://img.bokenjapan.com/media/shiogama-dining-4010791.jpg,matched own listing photo
miyagi/shiogama,118,幸進丸水産,https://img.bokenjapan.com/media/shiogama-dining-4020317.jpg,https://img.bokenjapan.com/media/shiogama-dining-4015688.jpg,matched own listing photo
miyagi/shiogama,119,サントノーレ,https://img.bokenjapan.com/media/shiogama-dining-4009387.jpg,https://img.bokenjapan.com/media/shiogama-dining-4020317.jpg,matched own listing photo
miyagi/shiogama,122,まさにく,https://img.bokenjapan.com/media/shiogama-dining-4027635.jpg,,photo belonged to another card; no own photo found
miyagi/shiogama,123,CERES,https://img.bokenjapan.com/media/shiogama-dining-4027190.jpg,https://img.bokenjapan.com/media/shiogama-dining-4027635.jpg,matched own listing photo
miyagi/shiogama,124,松喜鮨,https://img.bokenjapan.com/media/shiogama-dining-4000712.jpg,https://img.bokenjapan.com/media/shiogama-dining-4027190.jpg,matched own listing photo
miyagi/shiogama,125,魚類組合,https://img.bokenjapan.com/media/shiogama-dining-4014952.jpg,https://img.bokenjapan.com/media/shiogama-dining-4000712.jpg,matched own listing photo
miyagi/shiogama,126,みもざてらす,https://img.bokenjapan.com/media/shiogama-dining-4027446.jpg,https://img.bokenjapan.com/media/shiogama-dining-4014952.jpg,matched own listing photo
miyagi/shiogama,127,万里樓,https://img.bokenjapan.com/media/shiogama-dining-4014101.jpg,https://img.bokenjapan.com/media/shiogama-dining-4027446.jpg,matched own listing photo
miyagi/shiogama,128,華吹,https://img.bokenjapan.com/media/shiogama-dining-4024344.jpg,https://img.bokenjapan.com/media/shiogama-dining-4014101.jpg,matched own listing photo
miyagi/shiogama,129,港町の鉄板焼 本塩釜店,https://img.bokenjapan.com/media/shiogama-dining-4017758.jpg,https://img.bokenjapan.com/media/shiogama-dining-4024344.jpg,matched own listing photo
miyagi/shiogama,130,梅果堂,https://img.bokenjapan.com/media/shiogama-dining-4008980.jpg,https://img.bokenjapan.com/media/shiogama-dining-4017758.jpg,matched own listing photo
miyagi/shiogama,131,ラスタぱん,https://img.bokenjapan.com/media/shiogama-dining-4014262.jpg,https://img.bokenjapan.com/media/shiogama-dining-4008980.jpg,matched own listing photo
miyagi/shiogama,132,ナチュラルボーンスタイル,https://img.bokenjapan.com/media/shiogama-dining-4019702.jpg,https://img.bokenjapan.com/media/shiogama-dining-4014262.jpg,matched own listing photo
miyagi/shiogama,133,ポエム,https://img.bokenjapan.com/media/shiogama-dining-4009898.jpg,https://img.bokenjapan.com/media/shiogama-dining-4019702.jpg,matched own listing photo
miyagi/shiogama,134,食事処 和,https://img.bokenjapan.com/media/shiogama-dining-4028845.jpg,https://img.bokenjapan.com/media/shiogama-dining-4009898.jpg,matched own listing photo
miyagi/shiogama,135,肉の不二屋,https://img.bokenjapan.com/media/shiogama-dining-4016626.jpg,https://img.bokenjapan.com/media/shiogama-dining-4028845.jpg,matched own listing photo
miyagi/shiogama,136,海鮮BBQ竈,https://img.bokenjapan.com/media/shiogama-dining-4026123.jpg,https://img.bokenjapan.com/media/shiogama-dining-4016626.jpg,matched own listing photo
miyagi/shiogama,137,さくら食堂,https://img.bokenjapan.com/media/shiogama-dining-4029508.jpg,https://img.bokenjapan.com/media/shiogama-dining-4026123.jpg,matched own listing photo
miyagi/shiogama,138,Argon Brewing,https://img.bokenjapan.com/media/shiogama-dining-4027416.jpg,https://img.bokenjapan.com/media/shiogama-dining-4029508.jpg,matched own listing photo
miyagi/shiogama,139,塩釜dining酒場 NICHE,https://img.bokenjapan.com/media/shiogama-dining-4007651.jpg,https://img.bokenjapan.com/media/shiogama-dining-4027416.jpg,matched own listing photo
miyagi/shiogama,142,太田與八郎商店,https://img.bokenjapan.com/media/shiogama-dining-4016822.jpg,,photo belonged to another card; no own photo found
miyagi/shiogama,143,橋本蒲鉾店 塩釜工場,https://img.bokenjapan.com/media/shiogama-dining-4013639.jpg,https://img.bokenjapan.com/media/shiogama-dining-4016822.jpg,matched own listing photo
miyagi/shiogama,144,郷土料理　味勘,https://img.bokenjapan.com/media/shiogama-dining-4007649.jpg,https://img.bokenjapan.com/media/shiogama-dining-4013639.jpg,matched own listing photo
miyagi/shiogama,145,元気工房 絆の館,https://img.bokenjapan.com/media/shiogama-dining-4010554.jpg,https://img.bokenjapan.com/media/shiogama-dining-4007649.jpg,matched own listing photo
miyagi/shiogama,146,元祖　ニューラーメンショップ 塩釜店,https://img.bokenjapan.com/media/shiogama-dining-4011060.jpg,https://img.bokenjapan.com/media/shiogama-dining-4010554.jpg,matched own listing photo
miyagi/shiogama,147,松野鮮魚店,https://img.bokenjapan.com/media/shiogama-dining-4018008.jpg,https://img.bokenjapan.com/media/shiogama-dining-4011060.jpg,matched own listing photo
miyagi/shiogama,148,とんかつ・中華の店　食事処　秀,https://img.bokenjapan.com/media/shiogama-dining-4005405.jpg,https://img.bokenjapan.com/media/shiogama-dining-4018008.jpg,matched own listing photo
miyagi/shiogama,149,大衆食堂 わかよし,https://img.bokenjapan.com/media/shiogama-dining-4006679.jpg,https://img.bokenjapan.com/media/shiogama-dining-4005405.jpg,matched own listing photo
miyagi/shiogama,150,昌腹,https://img.bokenjapan.com/media/shiogama-dining-4006910.jpg,,photo belonged to another card; no own photo found
miyagi/shiogama,151,仙塩ゴルフ倶楽部 浦霞コース,https://img.bokenjapan.com/media/shiogama-dining-4018486.jpg,https://img.bokenjapan.com/media/shiogama-dining-4006910.jpg,matched own listing photo
miyagi/shiogama,152,丸金 松岡商店,https://img.bokenjapan.com/media/shiogama-dining-4024620.jpg,https://img.bokenjapan.com/media/shiogama-dining-4018486.jpg,matched own listing photo
miyagi/shiogama,153,さくら井そば屋,https://img.bokenjapan.com/media/shiogama-dining-4004342.jpg,https://img.bokenjapan.com/media/shiogama-dining-4024620.jpg,matched own listing photo
miyagi/shiogama,154,らいふ亭,https://img.bokenjapan.com/media/shiogama-dining-4007781.jpg,https://img.bokenjapan.com/media/shiogama-dining-4004342.jpg,matched own listing photo
miyagi/shiogama,155,飛翔,https://img.bokenjapan.com/media/shiogama-dining-4020861.jpg,https://img.bokenjapan.com/media/shiogama-dining-4007781.jpg,matched own listing photo
miyagi/shiogama,156,成田屋牛焼肉とんかつ,https://img.bokenjapan.com/media/shiogama-dining-4006945.jpg,https://img.bokenjapan.com/media/shiogama-dining-4020861.jpg,matched own listing photo
miyagi/shiogama,157,食彩庵 わたつみ,https://img.bokenjapan.com/media/shiogama-dining-4019552.jpg,https://img.bokenjapan.com/media/shiogama-dining-4006945.jpg,matched own listing photo
miyagi/shiogama,158,塩竈本町談話室,https://img.bokenjapan.com/media/shiogama-dining-4016539.jpg,https://img.bokenjapan.com/media/shiogama-dining-4019552.jpg,matched own listing photo
miyagi/shiogama,161,中長,https://img.bokenjapan.com/media/shiogama-dining-4005468.jpg,,photo belonged to another card; no own photo found
miyagi/shiogama,162,キタヤ餅店,https://img.bokenjapan.com/media/shiogama-dining-4019914.jpg,https://img.bokenjapan.com/media/shiogama-dining-4005468.jpg,matched own listing photo
miyagi/shiogama,163,とんかつ小熊,https://img.bokenjapan.com/media/shiogama-dining-4029619.jpg,https://img.bokenjapan.com/media/shiogama-dining-4019914.jpg,matched own listing photo
miyagi/shiogama,164,韓国家庭料理 金さんの台所,https://img.bokenjapan.com/media/shiogama-dining-4029012.jpg,https://img.bokenjapan.com/media/shiogama-dining-4029619.jpg,matched own listing photo
miyagi/shiogama,165,ウジエスーパー 塩釜店,https://img.bokenjapan.com/media/shiogama-dining-4020850.jpg,https://img.bokenjapan.com/media/shiogama-dining-4029012.jpg,matched own listing photo
miyagi/shiogama,166,食事と喫茶 もとまち,https://img.bokenjapan.com/media/shiogama-dining-4021556.jpg,https://img.bokenjapan.com/media/shiogama-dining-4020850.jpg,matched own listing photo
miyagi/shiogama,167,la lieto,https://img.bokenjapan.com/media/shiogama-dining-4030119.jpg,https://img.bokenjapan.com/media/shiogama-dining-4021556.jpg,matched own listing photo
miyagi/shiogama,168,居酒屋 松凪,https://img.bokenjapan.com/media/shiogama-dining-4030090.jpg,https://img.bokenjapan.com/media/shiogama-dining-4030119.jpg,matched own listing photo
miyagi/shiogama,169,肴屋ぱんだ亭,https://img.bokenjapan.com/media/shiogama-dining-4029635.jpg,https://img.bokenjapan.com/media/shiogama-dining-4030090.jpg,matched own listing photo
miyagi/shiogama,171,カネコ橋沼商店工場売店,https://img.bokenjapan.com/media/shiogama-dining-4015715.jpg,,photo belonged to another card; no own photo found
miyagi/shiogama,172,はちやの餃子直売所,https://img.bokenjapan.com/media/shiogama-dining-4010764.jpg,https://img.bokenjapan.com/media/shiogama-dining-4015715.jpg,matched own listing photo
miyagi/shiogama,173,創作たん屋 麺KOO,https://img.bokenjapan.com/media/shiogama-dining-4023300.jpg,https://img.bokenjapan.com/media/shiogama-dining-4010764.jpg,matched own listing photo
miyagi/shiogama,174,和み処 花宴,https://img.bokenjapan.com/media/shiogama-dining-4020695.jpg,https://img.bokenjapan.com/media/shiogama-dining-4023300.jpg,matched own listing photo
miyagi/shiogama,175,りゃん亭,https://img.bokenjapan.com/media/shiogama-dining-4005909.jpg,https://img.bokenjapan.com/media/shiogama-dining-4020695.jpg,matched own listing photo
miyagi/shiogama,176,宙船,https://img.bokenjapan.com/media/shiogama-dining-4016921.jpg,https://img.bokenjapan.com/media/shiogama-dining-4005909.jpg,matched own listing photo
miyagi/shiogama,177,相原酒店,https://img.bokenjapan.com/media/shiogama-dining-4020855.jpg,https://img.bokenjapan.com/media/shiogama-dining-4016921.jpg,matched own listing photo
miyagi/shiogama,180,ひまわり 塩釜中の島店,https://img.bokenjapan.com/media/shiogama-dining-4016640.jpg,,photo belonged to another card; no own photo found
miyagi/shiogama,181,東一商店,https://img.bokenjapan.com/media/shiogama-dining-4019483.jpg,https://img.bokenjapan.com/media/shiogama-dining-4016640.jpg,matched own listing photo
miyagi/shiogama,182,さつき,https://img.bokenjapan.com/media/shiogama-dining-4004290.jpg,https://img.bokenjapan.com/media/shiogama-dining-4019483.jpg,matched own listing photo
miyagi/shiogama,183,三浦商店,https://img.bokenjapan.com/media/shiogama-dining-4025080.jpg,https://img.bokenjapan.com/media/shiogama-dining-4004290.jpg,matched own listing photo
miyagi/shiogama,184,中華力,https://img.bokenjapan.com/media/shiogama-dining-4005466.jpg,https://img.bokenjapan.com/media/shiogama-dining-4025080.jpg,matched own listing photo
miyagi/shiogama,185,阿部勘酒造店,https://img.bokenjapan.com/media/shiogama-dining-4021128.jpg,https://img.bokenjapan.com/media/shiogama-dining-4005466.jpg,matched own listing photo
miyagi/shiogama,186,ヨークベニマル 塩釜店,https://img.bokenjapan.com/media/shiogama-dining-4020739.jpg,https://img.bokenjapan.com/media/shiogama-dining-4021128.jpg,matched own listing photo
miyagi/shiogama,187,ヤマザワ 塩釜中の島店,https://img.bokenjapan.com/media/shiogama-dining-4018525.jpg,https://img.bokenjapan.com/media/shiogama-dining-4020739.jpg,matched own listing photo
miyagi/shiogama,188,ZⅡ,https://img.bokenjapan.com/media/shiogama-dining-4028472.jpg,https://img.bokenjapan.com/media/shiogama-dining-4018525.jpg,matched own listing photo
miyagi/shiogama,189,海いろ,https://img.bokenjapan.com/media/shiogama-dining-4015144.jpg,https://img.bokenjapan.com/media/shiogama-dining-4028472.jpg,matched own listing photo
miyagi/shiogama,190,花京院市場 JR本塩釜駅店,https://img.bokenjapan.com/media/shiogama-dining-4029393.jpg,https://img.bokenjapan.com/media/shiogama-dining-4015144.jpg,matched own listing photo
miyagi/shiogama,191,ビストロミルポア,https://img.bokenjapan.com/media/shiogama-dining-4007740.jpg,,photo belonged to another card; no own photo found
miyagi/shiogama,192,酒の餃子,https://img.bokenjapan.com/media/shiogama-dining-4023267.jpg,https://img.bokenjapan.com/media/shiogama-dining-4007740.jpg,matched own listing photo
miyagi/shiogama,193,いろは亭 塩竃店,https://img.bokenjapan.com/media/shiogama-dining-4021980.jpg,https://img.bokenjapan.com/media/shiogama-dining-4023267.jpg,matched own listing photo
miyagi/shiogama,194,食彩 花水木,https://img.bokenjapan.com/media/shiogama-dining-4023827.jpg,https://img.bokenjapan.com/media/shiogama-dining-4021980.jpg,matched own listing photo
miyagi/shiogama,195,青い森の台所,https://img.bokenjapan.com/media/shiogama-dining-4026292.jpg,https://img.bokenjapan.com/media/shiogama-dining-4023827.jpg,matched own listing photo
miyagi/shiogama,196,くいやがれ,https://img.bokenjapan.com/media/shiogama-dining-4027934.jpg,https://img.bokenjapan.com/media/shiogama-dining-4026292.jpg,matched own listing photo
miyagi/shiogama,197,神戸屋商店,https://img.bokenjapan.com/media/shiogama-dining-4027383.jpg,https://img.bokenjapan.com/media/shiogama-dining-4027934.jpg,matched own listing photo
miyagi/shiogama,200,orange nico,https://img.bokenjapan.com/media/shiogama-dining-4029855.jpg,,photo belonged to another card; no own photo found
miyagi/shiogama,201,カフェ珈琲のすゞき,https://img.bokenjapan.com/media/shiogama-dining-4005230.jpg,https://img.bokenjapan.com/media/shiogama-dining-4029855.jpg,matched own listing photo
miyagi/shiogama,202,阿部善商店,https://img.bokenjapan.com/media/shiogama-dining-4019346.jpg,https://img.bokenjapan.com/media/shiogama-dining-4005230.jpg,matched own listing photo
miyagi/shiogama,203,里正庵,https://img.bokenjapan.com/media/shiogama-dining-4003753.jpg,https://img.bokenjapan.com/media/shiogama-dining-4019346.jpg,matched own listing photo
miyagi/shiogama,204,ガネーシャ 塩竈店,https://img.bokenjapan.com/media/shiogama-dining-4027014.jpg,https://img.bokenjapan.com/media/shiogama-dining-4003753.jpg,matched own listing photo
miyagi/shiogama,205,ビッグのパン屋さん 塩釜店,https://img.bokenjapan.com/media/shiogama-dining-4015941.jpg,https://img.bokenjapan.com/media/shiogama-dining-4027014.jpg,matched own listing photo
miyagi/shiogama,206,焼肉味一番,https://img.bokenjapan.com/media/shiogama-dining-4004288.jpg,https://img.bokenjapan.com/media/shiogama-dining-4015941.jpg,matched own listing photo
miyagi/shiogama,207,酒ダイニング　かじきや,https://img.bokenjapan.com/media/shiogama-dining-4003828.jpg,https://img.bokenjapan.com/media/shiogama-dining-4004288.jpg,matched own listing photo
miyagi/shiogama,208,荻原醸造,https://img.bokenjapan.com/media/shiogama-dining-4008139.jpg,https://img.bokenjapan.com/media/shiogama-dining-4003828.jpg,matched own listing photo
miyagi/shiogama,209,平塚商店,https://img.bokenjapan.com/media/shiogama-dining-4021467.jpg,https://img.bokenjapan.com/media/shiogama-dining-4008139.jpg,matched own listing photo
miyagi/shiogama,210,汐彩,https://img.bokenjapan.com/media/shiogama-dining-4014100.jpg,https://img.bokenjapan.com/media/shiogama-dining-4021467.jpg,matched own listing photo
miyagi/shiogama,211,塩釜亭,https://img.bokenjapan.com/media/shiogama-dining-4015505.jpg,https://img.bokenjapan.com/media/shiogama-dining-4014100.jpg,matched own listing photo
miyagi/shiogama,212,喜久美,https://img.bokenjapan.com/media/shiogama-dining-4005980.jpg,https://img.bokenjapan.com/media/shiogama-dining-4015505.jpg,matched own listing photo
miyagi/shiogama,213,水上商店,https://img.bokenjapan.com/media/shiogama-dining-4018512.jpg,https://img.bokenjapan.com/media/shiogama-dining-4005980.jpg,matched own listing photo
miyagi/shiogama,214,やまだ屋,https://img.bokenjapan.com/media/shiogama-dining-4018843.jpg,https://img.bokenjapan.com/media/shiogama-dining-4018512.jpg,matched own listing photo
miyagi/shiogama,215,しおがま・まちの駅,https://img.bokenjapan.com/media/shiogama-dining-4019487.jpg,,photo belonged to another card; no own photo found
miyagi/shiogama,216,丸健 渡辺水産 仲卸市場店,https://img.bokenjapan.com/media/shiogama-dining-4021219.jpg,https://img.bokenjapan.com/media/shiogama-dining-4019487.jpg,matched own listing photo
miyagi/shiogama,217,手島商店,https://img.bokenjapan.com/media/shiogama-dining-4019484.jpg,https://img.bokenjapan.com/media/shiogama-dining-4021219.jpg,matched own listing photo
miyagi/shiogama,220,味,https://img.bokenjapan.com/media/shiogama-dining-4022730.jpg,,photo belonged to another card; no own photo found
miyagi/shiogama,221,ザ・ビッグ 塩釜店,https://img.bokenjapan.com/media/shiogama-dining-4020750.jpg,https://img.bokenjapan.com/media/shiogama-dining-4022730.jpg,matched own listing photo
miyagi/shiogama,222,ファミリーマート 塩釜尾島町店,https://img.bokenjapan.com/media/shiogama-dining-4021329.jpg,https://img.bokenjapan.com/media/shiogama-dining-4020750.jpg,matched own listing photo
miyagi/shiogama,223,セブンイレブン 塩釜駅前通店,https://img.bokenjapan.com/media/shiogama-dining-4018256.jpg,https://img.bokenjapan.com/media/shiogama-dining-4021329.jpg,matched own listing photo
miyagi/shiogama,224,STAY SHIOGAMA CAFE,https://img.bokenjapan.com/media/shiogama-dining-4030157.jpg,https://img.bokenjapan.com/media/shiogama-dining-4018256.jpg,matched own listing photo
miyagi/shiogama,225,メープルガーデン,https://img.bokenjapan.com/media/shiogama-dining-4023131.jpg,https://img.bokenjapan.com/media/shiogama-dining-4030157.jpg,matched own listing photo
miyagi/shiogama,226,平塚商店,https://img.bokenjapan.com/media/shiogama-dining-4021731.jpg,https://img.bokenjapan.com/media/shiogama-dining-4023131.jpg,matched own listing photo
miyagi/shiogama,227,中山せんべい店,https://img.bokenjapan.com/media/shiogama-dining-4017163.jpg,https://img.bokenjapan.com/media/shiogama-dining-4021731.jpg,matched own listing photo
miyagi/shiogama,228,菓子屋 ハウフル,https://img.bokenjapan.com/media/shiogama-dining-4026955.jpg,https://img.bokenjapan.com/media/shiogama-dining-4017163.jpg,matched own listing photo
miyagi/shiogama,229,ミニストップ 塩釜魚市場前店,https://img.bokenjapan.com/media/shiogama-dining-4020299.jpg,https://img.bokenjapan.com/media/shiogama-dining-4026955.jpg,matched own listing photo
miyagi/shiogama,230,ビアホール塩釜館,https://img.bokenjapan.com/media/shiogama-dining-4026833.jpg,https://img.bokenjapan.com/media/shiogama-dining-4020299.jpg,matched own listing photo
miyagi/shiogama,231,橋本蒲鉾店 マリンゲート店,https://img.bokenjapan.com/media/shiogama-dining-4029724.jpg,https://img.bokenjapan.com/media/shiogama-dining-4026833.jpg,matched own listing photo
miyagi/shiogama,232,フランボワーズ,https://img.bokenjapan.com/media/shiogama-dining-4029987.jpg,,photo belonged to another card; no own photo found
miyagi/shiogama,233,赤間水産,https://img.bokenjapan.com/media/shiogama-dining-4027169.jpg,https://img.bokenjapan.com/media/shiogama-dining-4029987.jpg,matched own listing photo
miyagi/shiogama,234,大山酒店,https://img.bokenjapan.com/media/shiogama-dining-4028788.jpg,https://img.bokenjapan.com/media/shiogama-dining-4027169.jpg,matched own listing photo
miyagi/shiogama,235,セブンイレブン 塩釜新富町店,https://img.bokenjapan.com/media/shiogama-dining-4024009.jpg,https://img.bokenjapan.com/media/shiogama-dining-4028788.jpg,matched own listing photo
miyagi/shiogama,236,ファミリーマート 塩釜松陽台店,https://img.bokenjapan.com/media/shiogama-dining-4029947.jpg,https://img.bokenjapan.com/media/shiogama-dining-4024009.jpg,matched own listing photo
miyagi/shiogama,237,菓子 山嵜,https://img.bokenjapan.com/media/shiogama-dining-4026943.jpg,https://img.bokenjapan.com/media/shiogama-dining-4029947.jpg,matched own listing photo
miyagi/shiogama,240,ウエルシア 本塩釜駅前店,https://img.bokenjapan.com/media/shiogama-dining-4027573.jpg,,photo belonged to another card; no own photo found
miyagi/shiogama,241,無印良品 ヨークタウン塩釜舟入店,https://img.bokenjapan.com/media/shiogama-dining-4026431.jpg,https://img.bokenjapan.com/media/shiogama-dining-4027573.jpg,matched own listing photo
miyagi/shiogama,242,セブンイレブン 本塩釜駅前,https://img.bokenjapan.com/media/shiogama-dining-4027663.jpg,https://img.bokenjapan.com/media/shiogama-dining-4026431.jpg,matched own listing photo
miyagi/shiogama,243,マクドナルド ４５号塩釜店,https://img.bokenjapan.com/media/shiogama-dining-4009275.jpg,https://img.bokenjapan.com/media/shiogama-dining-4027663.jpg,matched own listing photo
miyagi/shiogama,244,菓匠 榮太楼 マリンゲート塩釜店,https://img.bokenjapan.com/media/shiogama-dining-4016937.jpg,https://img.bokenjapan.com/media/shiogama-dining-4009275.jpg,matched own listing photo
miyagi/shiogama,245,五光食品(株),https://img.bokenjapan.com/media/shiogama-dining-4017287.jpg,https://img.bokenjapan.com/media/shiogama-dining-4016937.jpg,matched own listing photo
miyagi/shiogama,246,バハティ,https://img.bokenjapan.com/media/shiogama-dining-4008559.jpg,https://img.bokenjapan.com/media/shiogama-dining-4017287.jpg,matched own listing photo
miyagi/shiogama,247,喰い道楽 勝虫,https://img.bokenjapan.com/media/shiogama-dining-4027051.jpg,https://img.bokenjapan.com/media/shiogama-dining-4008559.jpg,matched own listing photo
miyagi/shiogama,248,OKONOMI さち,https://img.bokenjapan.com/media/shiogama-dining-4006334.jpg,https://img.bokenjapan.com/media/shiogama-dining-4027051.jpg,matched own listing photo
miyagi/shiogama,249,いりそ,https://img.bokenjapan.com/media/shiogama-dining-4028504.jpg,https://img.bokenjapan.com/media/shiogama-dining-4006334.jpg,matched own listing photo
miyagi/shiogama,250,KUKUNA DELI,https://img.bokenjapan.com/media/shiogama-dining-4027211.jpg,https://img.bokenjapan.com/media/shiogama-dining-4028504.jpg,matched own listing photo
miyagi/shiogama,251,ヨークベニマル 塩釜北浜店,https://img.bokenjapan.com/media/shiogama-dining-4022255.jpg,https://img.bokenjapan.com/media/shiogama-dining-4027211.jpg,matched own listing photo
miyagi/shiogama,252,串焼き屋 信,https://img.bokenjapan.com/media/shiogama-dining-4016540.jpg,https://img.bokenjapan.com/media/shiogama-dining-4022255.jpg,matched own listing photo
miyagi/shiogama,253,顔晴れ塩竈,https://img.bokenjapan.com/media/shiogama-dining-4012357.jpg,https://img.bokenjapan.com/media/shiogama-dining-4016540.jpg,matched own listing photo
miyagi/shiogama,254,呑み喰い処和楽,https://img.bokenjapan.com/media/shiogama-dining-4004009.jpg,https://img.bokenjapan.com/media/shiogama-dining-4012357.jpg,matched own listing photo
miyagi/shiogama,255,soulce.kitchen,https://img.bokenjapan.com/media/shiogama-dining-4027966.jpg,https://img.bokenjapan.com/media/shiogama-dining-4004009.jpg,matched own listing photo
miyagi/shiogama,256,山幸 渡辺商店,https://img.bokenjapan.com/media/shiogama-dining-4018435.jpg,https://img.bokenjapan.com/media/shiogama-dining-4027966.jpg,matched own listing photo
miyagi/shiogama,257,そるてぃ壱番館,https://img.bokenjapan.com/media/shiogama-dining-4023236.jpg,https://img.bokenjapan.com/media/shiogama-dining-4018435.jpg,matched own listing photo
miyagi/shiogama,261,まるきた,https://img.bokenjapan.com/media/shiogama-dining-4029329.jpg,,photo belonged to another card; no own photo found
miyagi/shiogama,262,中華そば 幸楽苑 塩釜店,https://img.bokenjapan.com/media/shiogama-dining-4003210.jpg,https://img.bokenjapan.com/media/shiogama-dining-4029329.jpg,matched own listing photo
miyagi/shiogama,263,吉野家 ４５号線塩釜店,https://img.bokenjapan.com/media/shiogama-dining-4007402.jpg,https://img.bokenjapan.com/media/shiogama-dining-4003210.jpg,matched own listing photo
miyagi/shiogama,264,サイゼリヤ イオンタウン塩釜店,https://img.bokenjapan.com/media/shiogama-dining-4016247.jpg,https://img.bokenjapan.com/media/shiogama-dining-4007402.jpg,matched own listing photo
miyagi/shiogama,265,魚民 本塩釜駅前店,https://img.bokenjapan.com/media/shiogama-dining-4011200.jpg,https://img.bokenjapan.com/media/shiogama-dining-4007342.jpg,matched own listing photo
miyagi/shiogama,266,焼きたて屋 DCMホーマック塩釜店,https://img.bokenjapan.com/media/shiogama-dining-4022701.jpg,https://img.bokenjapan.com/media/shiogama-dining-4011200.jpg,matched own listing photo
miyagi/shiogama,267,和風レストランまるまつ 塩釜店,https://img.bokenjapan.com/media/shiogama-dining-4007323.jpg,https://img.bokenjapan.com/media/shiogama-dining-4022701.jpg,matched own listing photo
miyagi/shiogama,268,すき家 塩竈北浜店,https://img.bokenjapan.com/media/shiogama-dining-4018566.jpg,https://img.bokenjapan.com/media/shiogama-dining-4007323.jpg,matched own listing photo
miyagi/shiogama,269,おとうふかまぼこの直江商店,https://img.bokenjapan.com/media/shiogama-dining-4021341.jpg,https://img.bokenjapan.com/media/shiogama-dining-4018566.jpg,matched own listing photo
miyagi/shiogama,270,松島蒲鉾本舗 マリンゲート塩釜店,https://img.bokenjapan.com/media/shiogama-dining-4015078.jpg,https://img.bokenjapan.com/media/shiogama-dining-4021341.jpg,matched own listing photo
miyagi/shiogama,271,ほっともっと 塩釜駅前店,https://img.bokenjapan.com/media/shiogama-dining-4014143.jpg,https://img.bokenjapan.com/media/shiogama-dining-4015078.jpg,matched own listing photo
miyagi/shiogama,272,養老乃瀧 塩釜店,https://img.bokenjapan.com/media/shiogama-dining-4007342.jpg,https://img.bokenjapan.com/media/shiogama-dining-4014143.jpg,matched own listing photo
miyagi/shiogama,273,魚民 塩釜駅前店,https://img.bokenjapan.com/media/shiogama-dining-4009485.jpg,https://img.bokenjapan.com/media/shiogama-dining-4007342.jpg,matched own listing photo
miyagi/shiogama,274,ミスタードーナツ イオンタウン塩釜ショップ,https://img.bokenjapan.com/media/shiogama-dining-4025756.jpg,https://img.bokenjapan.com/media/shiogama-dining-4009485.jpg,matched own listing photo
miyagi/shiogama,275,サーティワンアイスクリーム イオンタウン塩釜店,https://img.bokenjapan.com/media/shiogama-dining-4011745.jpg,https://img.bokenjapan.com/media/shiogama-dining-4025756.jpg,matched own listing photo
miyagi/shiogama,276,居酒屋 お好み横丁,https://img.bokenjapan.com/media/shiogama-dining-4017664.jpg,https://img.bokenjapan.com/media/shiogama-dining-4011745.jpg,matched own listing photo
miyagi/shiogama,277,ほっともっと 塩釜藤倉店,https://img.bokenjapan.com/media/shiogama-dining-4014144.jpg,https://img.bokenjapan.com/media/shiogama-dining-4017664.jpg,matched own listing photo
miyagi/shiogama,280,フール セック ロッシュ,https://img.bokenjapan.com/media/shiogama-dining-4024571.jpg,,photo belonged to another card; no own photo found
miyagi/shiogama,281,藤崎 塩釜店,https://img.bokenjapan.com/media/shiogama-dining-4022208.jpg,https://img.bokenjapan.com/media/shiogama-dining-4024571.jpg,matched own listing photo
miyagi/shiogama,282,渡邉商店,https://img.bokenjapan.com/media/shiogama-dining-4021764.jpg,https://img.bokenjapan.com/media/shiogama-dining-4022208.jpg,matched own listing photo
miyagi/shiogama,283,魚藤 ふじや商店,https://img.bokenjapan.com/media/shiogama-dining-4023486.jpg,https://img.bokenjapan.com/media/shiogama-dining-4021764.jpg,matched own listing photo
miyagi/shiogama,284,セブンイレブン 庚塚店,https://img.bokenjapan.com/media/shiogama-dining-4020794.jpg,https://img.bokenjapan.com/media/shiogama-dining-4023486.jpg,matched own listing photo
miyagi/shiogama,286,榮太楼 ヨークベニマル塩釜店,https://img.bokenjapan.com/media/shiogama-dining-4019012.jpg,https://img.bokenjapan.com/media/shiogama-dining-4020794.jpg,matched own listing photo
miyagi/shiogama,287,工藤商店 蔵屋,https://img.bokenjapan.com/media/shiogama-dining-4023075.jpg,https://img.bokenjapan.com/media/shiogama-dining-4019012.jpg,matched own listing photo
miyagi/shiogama,288,柴崎屋,https://img.bokenjapan.com/media/shiogama-dining-4015684.jpg,https://img.bokenjapan.com/media/shiogama-dining-4023075.jpg,matched own listing photo
miyagi/shiogama,289,ラーメン Shima,https://img.bokenjapan.com/media/shiogama-dining-4021077.jpg,https://img.bokenjapan.com/media/shiogama-dining-4015684.jpg,matched own listing photo
miyagi/shiogama,290,馳走菜 塩釜店,https://img.bokenjapan.com/media/shiogama-dining-4028520.jpg,https://img.bokenjapan.com/media/shiogama-dining-4021077.jpg,matched own listing photo
miyagi/shiogama,291,呑処・海鮮焼 たわら,https://img.bokenjapan.com/media/shiogama-dining-4021482.jpg,https://img.bokenjapan.com/media/shiogama-dining-4028520.jpg,matched own listing photo
miyagi/shiogama,292,さざなみ,https://img.bokenjapan.com/media/shiogama-dining-4022367.jpg,https://img.bokenjapan.com/media/shiogama-dining-4021482.jpg,matched own listing photo
miyagi/shiogama,293,今野商店,https://img.bokenjapan.com/media/shiogama-dining-4023213.jpg,https://img.bokenjapan.com/media/shiogama-dining-4022367.jpg,matched own listing photo
miyagi/shiogama,295,ニューデイズ 塩釜店,https://img.bokenjapan.com/media/shiogama-dining-4022629.jpg,https://img.bokenjapan.com/media/shiogama-dining-4023213.jpg,matched own listing photo
miyagi/shiogama,296,内海商店,https://img.bokenjapan.com/media/shiogama-dining-4019257.jpg,https://img.bokenjapan.com/media/shiogama-dining-4022629.jpg,matched own listing photo
miyagi/shiogama,297,石垣商店,https://img.bokenjapan.com/media/shiogama-dining-4023254.jpg,https://img.bokenjapan.com/media/shiogama-dining-4019257.jpg,matched own listing photo
miyagi/shiogama,300,丸ヨ 高橋商店,https://img.bokenjapan.com/media/shiogama-dining-4023248.jpg,,photo belonged to another card; no own photo found
miyagi/shiogama,302,不二家 ヨークベニマル塩釜北浜店,https://img.bokenjapan.com/media/shiogama-dining-4018329.jpg,https://img.bokenjapan.com/media/shiogama-dining-4023248.jpg,matched own listing photo
miyagi/shiogama,303,ミートショップアカイ,https://img.bokenjapan.com/media/shiogama-dining-4024127.jpg,https://img.bokenjapan.com/media/shiogama-dining-4018329.jpg,matched own listing photo
miyagi/shiogama,304,喫茶 ポプラ,https://img.bokenjapan.com/media/shiogama-dining-4023145.jpg,https://img.bokenjapan.com/media/shiogama-dining-4024127.jpg,matched own listing photo
miyagi/shiogama,305,カギヤマタ 但木商店,https://img.bokenjapan.com/media/shiogama-dining-4023773.jpg,https://img.bokenjapan.com/media/shiogama-dining-4023145.jpg,matched own listing photo
miyagi/shiogama,306,ヤマザキYショップ 坂総合病院店,https://img.bokenjapan.com/media/shiogama-dining-4022406.jpg,https://img.bokenjapan.com/media/shiogama-dining-4023773.jpg,matched own listing photo
miyagi/shiogama,307,TAVERNA GIRO,https://img.bokenjapan.com/media/shiogama-dining-4009669.jpg,https://img.bokenjapan.com/media/shiogama-dining-4022406.jpg,matched own listing photo
miyagi/shiogama,308,日乃出 支店,https://img.bokenjapan.com/media/shiogama-dining-4005080.jpg,https://img.bokenjapan.com/media/shiogama-dining-4009669.jpg,matched own listing photo
miyagi/shiogama,309,おとうふかまぼこの直江商店 ヨークベニマル塩釜店,https://img.bokenjapan.com/media/shiogama-dining-4021183.jpg,https://img.bokenjapan.com/media/shiogama-dining-4005080.jpg,matched own listing photo
miyagi/shiogama,310,番屋,https://img.bokenjapan.com/media/shiogama-dining-4027121.jpg,https://img.bokenjapan.com/media/shiogama-dining-4021183.jpg,matched own listing photo
miyagi/shiogama,311,丸和 阿部商店,https://img.bokenjapan.com/media/shiogama-dining-4021709.jpg,https://img.bokenjapan.com/media/shiogama-dining-4027121.jpg,matched own listing photo
miyagi/shiogama,312,モンペリエ ヨークベニマル塩釜店,https://img.bokenjapan.com/media/shiogama-dining-4024419.jpg,https://img.bokenjapan.com/media/shiogama-dining-4021709.jpg,matched own listing photo
miyagi/shiogama,313,カネイソ商店,https://img.bokenjapan.com/media/shiogama-dining-4020933.jpg,https://img.bokenjapan.com/media/shiogama-dining-4024419.jpg,matched own listing photo
miyagi/shiogama,314,カネト 鈴喜商店,https://img.bokenjapan.com/media/shiogama-dining-4020931.jpg,https://img.bokenjapan.com/media/shiogama-dining-4020933.jpg,matched own listing photo
miyagi/shiogama,315,山ヨ伊藤商店,https://img.bokenjapan.com/media/shiogama-dining-4020811.jpg,https://img.bokenjapan.com/media/shiogama-dining-4020931.jpg,matched own listing photo
miyagi/shiogama,316,おやつハウスさくら 自動販売機,https://img.bokenjapan.com/media/shiogama-dining-4025896.jpg,https://img.bokenjapan.com/media/shiogama-dining-4020811.jpg,matched own listing photo
miyagi/shiogama,317,丸吉早坂商店,https://img.bokenjapan.com/media/shiogama-dining-4020810.jpg,https://img.bokenjapan.com/media/shiogama-dining-4025896.jpg,matched own listing photo
miyagi/shiogama,320,山セ 鈴木商店,https://img.bokenjapan.com/media/shiogama-dining-4022497.jpg,,photo belonged to another card; no own photo found
miyagi/shiogama,321,ストロベリーコーンズ 塩釜店,https://img.bokenjapan.com/media/shiogama-dining-4014388.jpg,https://img.bokenjapan.com/media/shiogama-dining-4022497.jpg,matched own listing photo
miyagi/shiogama,322,佐々留商店,https://img.bokenjapan.com/media/shiogama-dining-4018409.jpg,https://img.bokenjapan.com/media/shiogama-dining-4014388.jpg,matched own listing photo
miyagi/shiogama,323,丸文松島汽船 塩釜本社,https://img.bokenjapan.com/media/shiogama-dining-4018939.jpg,https://img.bokenjapan.com/media/shiogama-dining-4018409.jpg,matched own listing photo
miyagi/shiogama,324,カネ丸 高橋商店,https://img.bokenjapan.com/media/shiogama-dining-4020787.jpg,https://img.bokenjapan.com/media/shiogama-dining-4018939.jpg,matched own listing photo
miyagi/shiogama,325,丸伏 伏見商店,https://img.bokenjapan.com/media/shiogama-dining-4020913.jpg,https://img.bokenjapan.com/media/shiogama-dining-4020787.jpg,matched own listing photo
miyagi/shiogama,326,石井商店,https://img.bokenjapan.com/media/shiogama-dining-4021241.jpg,,photo belonged to another card; no own photo found
miyagi/shiogama,327,佐藤商店,https://img.bokenjapan.com/media/shiogama-dining-4027618.jpg,https://img.bokenjapan.com/media/shiogama-dining-4021241.jpg,matched own listing photo
miyagi/shiogama,329,中華食房 あんじょう,https://img.bokenjapan.com/media/shiogama-dining-4027098.jpg,https://img.bokenjapan.com/media/shiogama-dining-4027618.jpg,matched own listing photo
miyagi/shiogama,330,松なが,https://img.bokenjapan.com/media/shiogama-dining-4005393.jpg,https://img.bokenjapan.com/media/shiogama-dining-4027098.jpg,matched own listing photo
miyagi/shiogama,331,ナポリの窯 塩釜店,https://img.bokenjapan.com/media/shiogama-dining-4026112.jpg,https://img.bokenjapan.com/media/shiogama-dining-4005393.jpg,matched own listing photo
miyagi/shiogama,332,おひるや まなお,https://img.bokenjapan.com/media/shiogama-dining-4030437.jpg,https://img.bokenjapan.com/media/shiogama-dining-4026112.jpg,matched own listing photo
miyagi/shiogama,333,Marine Gate SELECT MARKET,https://img.bokenjapan.com/media/shiogama-dining-4030398.jpg,https://img.bokenjapan.com/media/shiogama-dining-4030437.jpg,matched own listing photo
miyagi/shiogama,334,宮城県漁業協同組合 塩釜市浦戸東部支所,https://img.bokenjapan.com/media/shiogama-dining-4026326.jpg,https://img.bokenjapan.com/media/shiogama-dining-4030398.jpg,matched own listing photo
miyagi/shiogama,335,鈴忠,https://img.bokenjapan.com/media/shiogama-dining-4026513.jpg,https://img.bokenjapan.com/media/shiogama-dining-4026326.jpg,matched own listing photo
miyagi/shiogama,336,三笠商店,https://img.bokenjapan.com/media/shiogama-dining-4029239.jpg,https://img.bokenjapan.com/media/shiogama-dining-4026513.jpg,matched own listing photo
miyagi/shiogama,339,宮城商事 塩釜水産物仲卸市場店,https://img.bokenjapan.com/media/shiogama-dining-4023602.jpg,,photo belonged to another card; no own photo found
miyagi/shiogama,340,ヤマス,https://img.bokenjapan.com/media/shiogama-dining-4014880.jpg,https://img.bokenjapan.com/media/shiogama-dining-4023602.jpg,matched own listing photo
miyagi/shiroishishi,2,芝その軒,https://img.bokenjapan.com/media/shiroishishi-dining-4008655.jpg,,photo belonged to another card; no own photo found
miyagi/shiroishishi,3,白石温麺 つりがね庵,https://img.bokenjapan.com/media/shiroishishi-dining-4015655.jpg,https://img.bokenjapan.com/media/shiroishishi-dining-4008655.jpg,matched own listing photo
miyagi/shiroishishi,4,むらかみ,https://img.bokenjapan.com/media/shiroishishi-dining-4000215.jpg,https://img.bokenjapan.com/media/shiroishishi-dining-4015655.jpg,matched own listing photo
miyagi/shiroishishi,5,元祖白石うーめん処なかじま,https://img.bokenjapan.com/media/shiroishishi-dining-4000138.jpg,https://img.bokenjapan.com/media/shiroishishi-dining-4000215.jpg,matched own listing photo
miyagi/shiroishishi,6,麺家 九十九,https://img.bokenjapan.com/media/shiroishishi-dining-4010903.jpg,https://img.bokenjapan.com/media/shiroishishi-dining-4000138.jpg,matched own listing photo
miyagi/shiroishishi,7,やまぶき亭,https://img.bokenjapan.com/media/shiroishishi-dining-4002506.jpg,https://img.bokenjapan.com/media/shiroishishi-dining-4010903.jpg,matched own listing photo
miyagi/shiroishishi,8,讃岐づくり本格手打ちうどん 麦の季,https://img.bokenjapan.com/media/shiroishishi-dining-4016145.jpg,https://img.bokenjapan.com/media/shiroishishi-dining-4002506.jpg,matched own listing photo
miyagi/shiroishishi,9,甘味堂 くさかもちや,https://img.bokenjapan.com/media/shiroishishi-dining-4021164.jpg,https://img.bokenjapan.com/media/shiroishishi-dining-4016145.jpg,matched own listing photo
miyagi/shiroishishi,10,中国飯屋 金五郎,https://img.bokenjapan.com/media/shiroishishi-dining-4010949.jpg,https://img.bokenjapan.com/media/shiroishishi-dining-4021164.jpg,matched own listing photo
miyagi/shiroishishi,11,牧場カフェ 醍醐,https://img.bokenjapan.com/media/shiroishishi-dining-4021680.jpg,https://img.bokenjapan.com/media/shiroishishi-dining-4010949.jpg,matched own listing photo
miyagi/shiroishishi,12,日本料理この花(ベネシアンホテル白石蔵王),https://img.bokenjapan.com/media/shiroishishi-dining-4020142.jpg,https://img.bokenjapan.com/media/shiroishishi-dining-4021680.jpg,matched own listing photo
miyagi/shiroishishi,13,みのりキッチン,https://img.bokenjapan.com/media/shiroishishi-dining-4022972.jpg,https://img.bokenjapan.com/media/shiroishishi-dining-4020142.jpg,matched own listing photo
miyagi/shiroishishi,14,長寿庵,https://img.bokenjapan.com/media/shiroishishi-dining-4009201.jpg,https://img.bokenjapan.com/media/shiroishishi-dining-4022972.jpg,matched own listing photo
miyagi/shiroishishi,15,清治庵,https://img.bokenjapan.com/media/shiroishishi-dining-4001201.jpg,https://img.bokenjapan.com/media/shiroishishi-dining-4009201.jpg,matched own listing photo
miyagi/shiroishishi,16,都屋本店,https://img.bokenjapan.com/media/shiroishishi-dining-4001918.jpg,https://img.bokenjapan.com/media/shiroishishi-dining-4001201.jpg,matched own listing photo
miyagi/shiroishishi,17,和食処やまと,https://img.bokenjapan.com/media/shiroishishi-dining-4009958.jpg,https://img.bokenjapan.com/media/shiroishishi-dining-4001918.jpg,matched own listing photo
miyagi/shiroishishi,20,オールウェイズ ジョジョパン,https://img.bokenjapan.com/media/shiroishishi-dining-4023692.jpg,,photo belonged to another card; no own photo found
miyagi/shiroishishi,21,高甚 白石駅前本店,https://img.bokenjapan.com/media/shiroishishi-dining-4010449.jpg,https://img.bokenjapan.com/media/shiroishishi-dining-4023692.jpg,matched own listing photo
miyagi/shiroishishi,22,蕎麦庵 かつら木,https://img.bokenjapan.com/media/shiroishishi-dining-4010376.jpg,https://img.bokenjapan.com/media/shiroishishi-dining-4010449.jpg,matched own listing photo
miyagi/shiroishishi,23,小原なごみ茶屋,https://img.bokenjapan.com/media/shiroishishi-dining-4007855.jpg,https://img.bokenjapan.com/media/shiroishishi-dining-4010376.jpg,matched own listing photo
miyagi/shiroishishi,24,関東家,https://img.bokenjapan.com/media/shiroishishi-dining-4001200.jpg,https://img.bokenjapan.com/media/shiroishishi-dining-4007855.jpg,matched own listing photo
miyagi/shiroishishi,25,一力庵,https://img.bokenjapan.com/media/shiroishishi-dining-4021361.jpg,https://img.bokenjapan.com/media/shiroishishi-dining-4001200.jpg,matched own listing photo
miyagi/shiroishishi,26,カフェSUNSUN小十郎,https://img.bokenjapan.com/media/shiroishishi-dining-4025498.jpg,https://img.bokenjapan.com/media/shiroishishi-dining-4021361.jpg,matched own listing photo
miyagi/shiroishishi,27,Lover,https://img.bokenjapan.com/media/shiroishishi-dining-4016767.jpg,https://img.bokenjapan.com/media/shiroishishi-dining-4025498.jpg,matched own listing photo
miyagi/shiroishishi,28,キッチンオルト,https://img.bokenjapan.com/media/shiroishishi-dining-4012615.jpg,https://img.bokenjapan.com/media/shiroishishi-dining-4016767.jpg,matched own listing photo
miyagi/shiroishishi,29,太助寿司,https://img.bokenjapan.com/media/shiroishishi-dining-4004757.jpg,https://img.bokenjapan.com/media/shiroishishi-dining-4012615.jpg,matched own listing photo
miyagi/shiroishishi,30,粋,https://img.bokenjapan.com/media/shiroishishi-dining-4020795.jpg,https://img.bokenjapan.com/media/shiroishishi-dining-4004757.jpg,matched own listing photo
miyagi/shiroishishi,31,ポエム,https://img.bokenjapan.com/media/shiroishishi-dining-4007758.jpg,https://img.bokenjapan.com/media/shiroishishi-dining-4020795.jpg,matched own listing photo
miyagi/shiroishishi,32,らぁめん　うんじゃらげ,https://img.bokenjapan.com/media/shiroishishi-dining-4012123.jpg,https://img.bokenjapan.com/media/shiroishishi-dining-4007758.jpg,matched own listing photo
miyagi/shiroishishi,33,うどんの青山,https://img.bokenjapan.com/media/shiroishishi-dining-4000269.jpg,https://img.bokenjapan.com/media/shiroishishi-dining-4012123.jpg,matched own listing photo
miyagi/shiroishishi,34,コヤコーヒー,https://img.bokenjapan.com/media/shiroishishi-dining-4022184.jpg,https://img.bokenjapan.com/media/shiroishishi-dining-4000269.jpg,matched own listing photo
miyagi/shiroishishi,35,キーズカフェ 白石蔵王店,https://img.bokenjapan.com/media/shiroishishi-dining-4020065.jpg,https://img.bokenjapan.com/media/shiroishishi-dining-4022184.jpg,matched own listing photo
miyagi/shiroishishi,36,福香亭  白石支店,https://img.bokenjapan.com/media/shiroishishi-dining-4015707.jpg,https://img.bokenjapan.com/media/shiroishishi-dining-4020065.jpg,matched own listing photo
miyagi/shiroishishi,37,焼肉千里馬 蔵王駅前店,https://img.bokenjapan.com/media/shiroishishi-dining-4008285.jpg,https://img.bokenjapan.com/media/shiroishishi-dining-4015707.jpg,matched own listing photo
miyagi/shiroishishi,40,Cafe 洋燈,https://img.bokenjapan.com/media/shiroishishi-dining-4025433.jpg,,photo belonged to another card; no own photo found
miyagi/shiroishishi,41,trattoria & ber elmo,https://img.bokenjapan.com/media/shiroishishi-dining-4023778.jpg,https://img.bokenjapan.com/media/shiroishishi-dining-4025433.jpg,matched own listing photo
miyagi/shiroishishi,43,来来,https://img.bokenjapan.com/media/shiroishishi-dining-4003764.jpg,,photo belonged to another card; no own photo found
miyagi/shiroishishi,44,ルガノ,https://img.bokenjapan.com/media/shiroishishi-dining-4005911.jpg,https://img.bokenjapan.com/media/shiroishishi-dining-4003764.jpg,matched own listing photo
miyagi/shiroishishi,45,Cafe 沢端,https://img.bokenjapan.com/media/shiroishishi-dining-4023443.jpg,https://img.bokenjapan.com/media/shiroishishi-dining-4005911.jpg,matched own listing photo
miyagi/shiroishishi,46,お休み処 あたご茶屋,https://img.bokenjapan.com/media/shiroishishi-dining-4023587.jpg,https://img.bokenjapan.com/media/shiroishishi-dining-4023443.jpg,matched own listing photo
miyagi/shiroishishi,47,おもしろいし市場,https://img.bokenjapan.com/media/shiroishishi-dining-4021648.jpg,https://img.bokenjapan.com/media/shiroishishi-dining-4023587.jpg,matched own listing photo
miyagi/shiroishishi,48,白石城歴史探訪ミュージアム,https://img.bokenjapan.com/media/shiroishishi-dining-4011424.jpg,https://img.bokenjapan.com/media/shiroishishi-dining-4021648.jpg,matched own listing photo
miyagi/shiroishishi,49,ラーメンショップ 椿 越河店,https://img.bokenjapan.com/media/shiroishishi-dining-4015848.jpg,https://img.bokenjapan.com/media/shiroishishi-dining-4011424.jpg,matched own listing photo
miyagi/shiroishishi,50,お食事処 番や,https://img.bokenjapan.com/media/shiroishishi-dining-4006352.jpg,https://img.bokenjapan.com/media/shiroishishi-dining-4015848.jpg,matched own listing photo
miyagi/shiroishishi,51,ひまわり ヤマザワ白石北店,https://img.bokenjapan.com/media/shiroishishi-dining-4018342.jpg,https://img.bokenjapan.com/media/shiroishishi-dining-4006352.jpg,matched own listing photo
miyagi/shiroishishi,52,居酒屋 ザモッズ,https://img.bokenjapan.com/media/shiroishishi-dining-4011108.jpg,https://img.bokenjapan.com/media/shiroishishi-dining-4018342.jpg,matched own listing photo
miyagi/shiroishishi,53,焼き菓子製作室 イロドリ,https://img.bokenjapan.com/media/shiroishishi-dining-4026743.jpg,https://img.bokenjapan.com/media/shiroishishi-dining-4011108.jpg,matched own listing photo
miyagi/shiroishishi,54,シェノン,https://img.bokenjapan.com/media/shiroishishi-dining-4025763.jpg,https://img.bokenjapan.com/media/shiroishishi-dining-4026743.jpg,matched own listing photo
miyagi/shiroishishi,56,東,https://img.bokenjapan.com/media/shiroishishi-dining-4015763.jpg,,photo belonged to another card; no own photo found
miyagi/shiroishishi,57,ドルフィン,https://img.bokenjapan.com/media/shiroishishi-dining-4007718.jpg,https://img.bokenjapan.com/media/shiroishishi-dining-4015763.jpg,matched own listing photo
miyagi/shiroishishi,58,お食事 ゆっぽ亭,https://img.bokenjapan.com/media/shiroishishi-dining-4018446.jpg,https://img.bokenjapan.com/media/shiroishishi-dining-4007718.jpg,matched own listing photo
miyagi/shiroishishi,59,山川屋菓子店,https://img.bokenjapan.com/media/shiroishishi-dining-4012574.jpg,https://img.bokenjapan.com/media/shiroishishi-dining-4018446.jpg,matched own listing photo
miyagi/shiroishishi,60,白石城小十郎茶屋,https://img.bokenjapan.com/media/shiroishishi-dining-4020751.jpg,https://img.bokenjapan.com/media/shiroishishi-dining-4012574.jpg,matched own listing photo
miyagi/shiroishishi,61,中華そば熊や,https://img.bokenjapan.com/media/shiroishishi-dining-4024507.jpg,https://img.bokenjapan.com/media/shiroishishi-dining-4020751.jpg,matched own listing photo
miyagi/shiroishishi,62,サンポーラン,https://img.bokenjapan.com/media/shiroishishi-dining-4019354.jpg,https://img.bokenjapan.com/media/shiroishishi-dining-4024507.jpg,matched own listing photo
miyagi/shiroishishi,63,白泉堂,https://img.bokenjapan.com/media/shiroishishi-dining-4002643.jpg,https://img.bokenjapan.com/media/shiroishishi-dining-4019354.jpg,matched own listing photo
miyagi/shiroishishi,64,ピッツェリア ペンギン村,https://img.bokenjapan.com/media/shiroishishi-dining-4022350.jpg,https://img.bokenjapan.com/media/shiroishishi-dining-4002643.jpg,matched own listing photo
miyagi/shiroishishi,65,COPAL みやぎ生協白石店,https://img.bokenjapan.com/media/shiroishishi-dining-4024735.jpg,https://img.bokenjapan.com/media/shiroishishi-dining-4022350.jpg,matched own listing photo
miyagi/shiroishishi,66,馬車路,https://img.bokenjapan.com/media/shiroishishi-dining-4023687.jpg,https://img.bokenjapan.com/media/shiroishishi-dining-4024735.jpg,matched own listing photo
miyagi/shiroishishi,67,Dining Kitchen BUONO,https://img.bokenjapan.com/media/shiroishishi-dining-4024513.jpg,https://img.bokenjapan.com/media/shiroishishi-dining-4023687.jpg,matched own listing photo
miyagi/shiroishishi,68,"紅茶と珈琲のお店 ｆ,",https://img.bokenjapan.com/media/shiroishishi-dining-4023669.jpg,https://img.bokenjapan.com/media/shiroishishi-dining-4024513.jpg,matched own listing photo
miyagi/shiroishishi,70,すすきの一番,https://img.bokenjapan.com/media/shiroishishi-dining-4011276.jpg,,photo belonged to another card; no own photo found
miyagi/shiroishishi,71,ラーメン・焼肉ナナ,https://img.bokenjapan.com/media/shiroishishi-dining-4009957.jpg,https://img.bokenjapan.com/media/shiroishishi-dining-4011276.jpg,matched own listing photo
miyagi/shiroishishi,74,炭火焼き　呵呵大笑,https://img.bokenjapan.com/media/shiroishishi-dining-4010375.jpg,,photo belonged to another card; no own photo found
miyagi/shiroishishi,75,蔵王酒造展示館,https://img.bokenjapan.com/media/shiroishishi-dining-4019428.jpg,https://img.bokenjapan.com/media/shiroishishi-dining-4010375.jpg,matched own listing photo
miyagi/shiroishishi,76,お食事処あがつま,https://img.bokenjapan.com/media/shiroishishi-dining-4006279.jpg,https://img.bokenjapan.com/media/shiroishishi-dining-4019428.jpg,matched own listing photo
miyagi/shiroishishi,77,ぐりーんぐらす,https://img.bokenjapan.com/media/shiroishishi-dining-4009994.jpg,https://img.bokenjapan.com/media/shiroishishi-dining-4006279.jpg,matched own listing photo
miyagi/shiroishishi,78,居楽酒屋 吉や,https://img.bokenjapan.com/media/shiroishishi-dining-4009769.jpg,https://img.bokenjapan.com/media/shiroishishi-dining-4009994.jpg,matched own listing photo
miyagi/shiroishishi,79,鮨敏,https://img.bokenjapan.com/media/shiroishishi-dining-4004858.jpg,https://img.bokenjapan.com/media/shiroishishi-dining-4009769.jpg,matched own listing photo
miyagi/shiroishishi,80,藤よし,https://img.bokenjapan.com/media/shiroishishi-dining-4007036.jpg,https://img.bokenjapan.com/media/shiroishishi-dining-4004858.jpg,matched own listing photo
miyagi/shiroishishi,81,レストランソレイユ,https://img.bokenjapan.com/media/shiroishishi-dining-4018572.jpg,https://img.bokenjapan.com/media/shiroishishi-dining-4007036.jpg,matched own listing photo
miyagi/shiroishishi,82,しのぶ,https://img.bokenjapan.com/media/shiroishishi-dining-4006429.jpg,https://img.bokenjapan.com/media/shiroishishi-dining-4018572.jpg,matched own listing photo
miyagi/shiroishishi,83,えびす,https://img.bokenjapan.com/media/shiroishishi-dining-4002458.jpg,https://img.bokenjapan.com/media/shiroishishi-dining-4006429.jpg,matched own listing photo
miyagi/shiroishishi,84,En Cafe,https://img.bokenjapan.com/media/shiroishishi-dining-4026188.jpg,https://img.bokenjapan.com/media/shiroishishi-dining-4002458.jpg,matched own listing photo
miyagi/shiroishishi,85,ラーメン金龍,https://img.bokenjapan.com/media/shiroishishi-dining-4004188.jpg,https://img.bokenjapan.com/media/shiroishishi-dining-4026188.jpg,matched own listing photo
miyagi/shiroishishi,86,白石スキー場 レストラン,https://img.bokenjapan.com/media/shiroishishi-dining-4015125.jpg,https://img.bokenjapan.com/media/shiroishishi-dining-4004188.jpg,matched own listing photo
miyagi/shiroishishi,87,宮城蔵王 キツネ村,https://img.bokenjapan.com/media/shiroishishi-dining-4018511.jpg,https://img.bokenjapan.com/media/shiroishishi-dining-4015125.jpg,matched own listing photo
miyagi/shiroishishi,88,蔵王高原フーズ 直売所,https://img.bokenjapan.com/media/shiroishishi-dining-4018493.jpg,https://img.bokenjapan.com/media/shiroishishi-dining-4018511.jpg,matched own listing photo
miyagi/shiroishishi,89,政寿司,https://img.bokenjapan.com/media/shiroishishi-dining-4004740.jpg,https://img.bokenjapan.com/media/shiroishishi-dining-4018493.jpg,matched own listing photo
miyagi/shiroishishi,90,味処和が家,https://img.bokenjapan.com/media/shiroishishi-dining-4007119.jpg,https://img.bokenjapan.com/media/shiroishishi-dining-4004740.jpg,matched own listing photo
miyagi/shiroishishi,91,わんこの家,https://img.bokenjapan.com/media/shiroishishi-dining-4019906.jpg,https://img.bokenjapan.com/media/shiroishishi-dining-4007119.jpg,matched own listing photo
miyagi/shiroishishi,94,クレープの店ちろりん村,https://img.bokenjapan.com/media/shiroishishi-dining-4019222.jpg,,photo belonged to another card; no own photo found
miyagi/shiroishishi,95,釣り堀カフェクローバー,https://img.bokenjapan.com/media/shiroishishi-dining-4028340.jpg,https://img.bokenjapan.com/media/shiroishishi-dining-4019222.jpg,matched own listing photo
miyagi/shiroishishi,96,イザック H&J,https://img.bokenjapan.com/media/shiroishishi-dining-4026124.jpg,https://img.bokenjapan.com/media/shiroishishi-dining-4028340.jpg,matched own listing photo
miyagi/shiroishishi,97,昭和食堂,https://img.bokenjapan.com/media/shiroishishi-dining-4029053.jpg,https://img.bokenjapan.com/media/shiroishishi-dining-4026124.jpg,matched own listing photo
miyagi/shiroishishi,98,Kitchen 煙,https://img.bokenjapan.com/media/shiroishishi-dining-4025036.jpg,https://img.bokenjapan.com/media/shiroishishi-dining-4029053.jpg,matched own listing photo
miyagi/shiroishishi,99,ANGLE COFFEE HUB,https://img.bokenjapan.com/media/shiroishishi-dining-4029854.jpg,https://img.bokenjapan.com/media/shiroishishi-dining-4025036.jpg,matched own listing photo
miyagi/shiroishishi,100,ニューデイズ 白石,https://img.bokenjapan.com/media/shiroishishi-dining-4020716.jpg,https://img.bokenjapan.com/media/shiroishishi-dining-4029854.jpg,matched own listing photo
miyagi/shiroishishi,101,どさん子 白石バイパス店,https://img.bokenjapan.com/media/shiroishishi-dining-4004189.jpg,https://img.bokenjapan.com/media/shiroishishi-dining-4020716.jpg,matched own listing photo
miyagi/shiroishishi,102,ココス 白石店,https://img.bokenjapan.com/media/shiroishishi-dining-4006066.jpg,https://img.bokenjapan.com/media/shiroishishi-dining-4004189.jpg,matched own listing photo
miyagi/shiroishishi,103,菓匠三全  白石本町店,https://img.bokenjapan.com/media/shiroishishi-dining-4013750.jpg,https://img.bokenjapan.com/media/shiroishishi-dining-4006066.jpg,matched own listing photo
miyagi/shiroishishi,104,ガスト 白石店,https://img.bokenjapan.com/media/shiroishishi-dining-4013694.jpg,https://img.bokenjapan.com/media/shiroishishi-dining-4013750.jpg,matched own listing photo
miyagi/shiroishishi,105,吉野家 ４号線白石店,https://img.bokenjapan.com/media/shiroishishi-dining-4007427.jpg,https://img.bokenjapan.com/media/shiroishishi-dining-4013694.jpg,matched own listing photo
miyagi/shiroishishi,106,マクドナルド ４号線白石店,https://img.bokenjapan.com/media/shiroishishi-dining-4009273.jpg,https://img.bokenjapan.com/media/shiroishishi-dining-4007427.jpg,matched own listing photo
miyagi/shiroishishi,107,ニューデイズ 白石蔵王,https://img.bokenjapan.com/media/shiroishishi-dining-4020711.jpg,https://img.bokenjapan.com/media/shiroishishi-dining-4009273.jpg,matched own listing photo
miyagi/shiroishishi,108,馬上かまぼこ店 白石店,https://img.bokenjapan.com/media/shiroishishi-dining-4022548.jpg,https://img.bokenjapan.com/media/shiroishishi-dining-4020711.jpg,matched own listing photo
miyagi/shiroishishi,109,COOP 白石店,https://img.bokenjapan.com/media/shiroishishi-dining-4021449.jpg,https://img.bokenjapan.com/media/shiroishishi-dining-4022548.jpg,matched own listing photo
miyagi/shiroishishi,110,しんしん亭,https://img.bokenjapan.com/media/shiroishishi-dining-4006441.jpg,https://img.bokenjapan.com/media/shiroishishi-dining-4021449.jpg,matched own listing photo
miyagi/shiroishishi,111,かんしょう,https://img.bokenjapan.com/media/shiroishishi-dining-4008400.jpg,https://img.bokenjapan.com/media/shiroishishi-dining-4006441.jpg,matched own listing photo
miyagi/shiroishishi,114,しろいしほっこりにっこりくらぶ,https://img.bokenjapan.com/media/shiroishishi-dining-4021603.jpg,,photo belonged to another card; no own photo found
miyagi/shiroishishi,115,(有)カネマン魚店,https://img.bokenjapan.com/media/shiroishishi-dining-4008304.jpg,https://img.bokenjapan.com/media/shiroishishi-dining-4021603.jpg,matched own listing photo
miyagi/shiroishishi,116,白樺,https://img.bokenjapan.com/media/shiroishishi-dining-4000784.jpg,https://img.bokenjapan.com/media/shiroishishi-dining-4008304.jpg,matched own listing photo
miyagi/shiroishishi,117,くるま,https://img.bokenjapan.com/media/shiroishishi-dining-4005710.jpg,https://img.bokenjapan.com/media/shiroishishi-dining-4000784.jpg,matched own listing photo
miyagi/shiroishishi,118,カフェ・ミルトン,https://img.bokenjapan.com/media/shiroishishi-dining-4001208.jpg,https://img.bokenjapan.com/media/shiroishishi-dining-4005710.jpg,matched own listing photo
miyagi/shiroishishi,119,星乃家,https://img.bokenjapan.com/media/shiroishishi-dining-4006950.jpg,https://img.bokenjapan.com/media/shiroishishi-dining-4001208.jpg,matched own listing photo
miyagi/shiroishishi,120,ごんとそらcafe,https://img.bokenjapan.com/media/shiroishishi-dining-4030436.jpg,https://img.bokenjapan.com/media/shiroishishi-dining-4006950.jpg,matched own listing photo
miyagi/shiroishishi,121,停車場,https://img.bokenjapan.com/media/shiroishishi-dining-4018079.jpg,https://img.bokenjapan.com/media/shiroishishi-dining-4030436.jpg,matched own listing photo
miyagi/shiroishishi,122,幸楽苑 白石店,https://img.bokenjapan.com/media/shiroishishi-dining-4010289.jpg,https://img.bokenjapan.com/media/shiroishishi-dining-4018079.jpg,matched own listing photo
miyagi/shiroishishi,123,花のれん,https://img.bokenjapan.com/media/shiroishishi-dining-4005163.jpg,https://img.bokenjapan.com/media/shiroishishi-dining-4010289.jpg,matched own listing photo
miyagi/shiroishishi,124,個亭 この花,https://img.bokenjapan.com/media/shiroishishi-dining-4020101.jpg,https://img.bokenjapan.com/media/shiroishishi-dining-4005163.jpg,matched own listing photo
miyagi/shiroishishi,125,和み処 ももの木,https://img.bokenjapan.com/media/shiroishishi-dining-4010864.jpg,https://img.bokenjapan.com/media/shiroishishi-dining-4020101.jpg,matched own listing photo
miyagi/shiroishishi,126,スズキミート,https://img.bokenjapan.com/media/shiroishishi-dining-4020715.jpg,https://img.bokenjapan.com/media/shiroishishi-dining-4010864.jpg,matched own listing photo
miyagi/shiroishishi,127,大江惣菜店,https://img.bokenjapan.com/media/shiroishishi-dining-4019123.jpg,https://img.bokenjapan.com/media/shiroishishi-dining-4020715.jpg,matched own listing photo
miyagi/shiroishishi,128,姉妹,https://img.bokenjapan.com/media/shiroishishi-dining-4009767.jpg,https://img.bokenjapan.com/media/shiroishishi-dining-4019123.jpg,matched own listing photo
miyagi/shiroishishi,129,ヨークベニマル 白石店,https://img.bokenjapan.com/media/shiroishishi-dining-4018513.jpg,https://img.bokenjapan.com/media/shiroishishi-dining-4009767.jpg,matched own listing photo
miyagi/shiroishishi,130,風と大地のおかず家,https://img.bokenjapan.com/media/shiroishishi-dining-4018470.jpg,https://img.bokenjapan.com/media/shiroishishi-dining-4018513.jpg,matched own listing photo
miyagi/shiroishishi,131,ロビーラウンジ都路里,https://img.bokenjapan.com/media/shiroishishi-dining-4020911.jpg,https://img.bokenjapan.com/media/shiroishishi-dining-4018470.jpg,matched own listing photo
miyagi/shiroishishi,134,個室・一人焼肉 煉,https://img.bokenjapan.com/media/shiroishishi-dining-4029254.jpg,,photo belonged to another card; no own photo found
miyagi/shiroishishi,135,木地ひきのいっぷく屋,https://img.bokenjapan.com/media/shiroishishi-dining-4029357.jpg,https://img.bokenjapan.com/media/shiroishishi-dining-4029254.jpg,matched own listing photo
miyagi/shiroishishi,136,メーメークラブ門前茶屋,https://img.bokenjapan.com/media/shiroishishi-dining-4029598.jpg,https://img.bokenjapan.com/media/shiroishishi-dining-4029357.jpg,matched own listing photo
miyagi/shiroishishi,138,平禄寿司 宮城白石店,https://img.bokenjapan.com/media/shiroishishi-dining-4010549.jpg,,photo belonged to another card; no own photo found
miyagi/shiroishishi,139,酒菜の隠れ家 月あかり 白石店,https://img.bokenjapan.com/media/shiroishishi-dining-4009531.jpg,https://img.bokenjapan.com/media/shiroishishi-dining-4010549.jpg,matched own listing photo
miyagi/shiroishishi,140,味のまるまつ 白石店,https://img.bokenjapan.com/media/shiroishishi-dining-4018976.jpg,https://img.bokenjapan.com/media/shiroishishi-dining-4009531.jpg,matched own listing photo
miyagi/shiroishishi,141,モンペリエ ヨークベニマル白石店,https://img.bokenjapan.com/media/shiroishishi-dining-4019846.jpg,https://img.bokenjapan.com/media/shiroishishi-dining-4018976.jpg,matched own listing photo
miyagi/shiroishishi,142,白石興産,https://img.bokenjapan.com/media/shiroishishi-dining-4022986.jpg,https://img.bokenjapan.com/media/shiroishishi-dining-4019846.jpg,matched own listing photo
miyagi/shiroishishi,143,イタリアン・トマト カラオケパーク 白石蔵王店,https://img.bokenjapan.com/media/shiroishishi-dining-4011772.jpg,https://img.bokenjapan.com/media/shiroishishi-dining-4022986.jpg,matched own listing photo
miyagi/shiroishishi,144,幸楽苑のからあげ家 白石店,https://img.bokenjapan.com/media/shiroishishi-dining-4023377.jpg,https://img.bokenjapan.com/media/shiroishishi-dining-4011772.jpg,matched own listing photo
miyagi/shiroishishi,145,ほっともっと 白石東町店,https://img.bokenjapan.com/media/shiroishishi-dining-4024924.jpg,https://img.bokenjapan.com/media/shiroishishi-dining-4023377.jpg,matched own listing photo
miyagi/shiroishishi,146,沖縄,https://img.bokenjapan.com/media/shiroishishi-dining-4005954.jpg,https://img.bokenjapan.com/media/shiroishishi-dining-4024924.jpg,matched own listing photo
miyagi/shiroishishi,147,パン工房 アンジュール みやぎ生協白石店,https://img.bokenjapan.com/media/shiroishishi-dining-4019211.jpg,https://img.bokenjapan.com/media/shiroishishi-dining-4005954.jpg,matched own listing photo
miyagi/shiroishishi,148,やきとり大吉 ＪＲ白石店,https://img.bokenjapan.com/media/shiroishishi-dining-4008216.jpg,https://img.bokenjapan.com/media/shiroishishi-dining-4019211.jpg,matched own listing photo
miyagi/shiroishishi,149,ハンアリ,https://img.bokenjapan.com/media/shiroishishi-dining-4015191.jpg,https://img.bokenjapan.com/media/shiroishishi-dining-4008216.jpg,matched own listing photo
miyagi/shiroishishi,150,つつみ屋 白石店,https://img.bokenjapan.com/media/shiroishishi-dining-4022635.jpg,https://img.bokenjapan.com/media/shiroishishi-dining-4015191.jpg,matched own listing photo
miyagi/shiroishishi,151,めん太郎 白石店,https://img.bokenjapan.com/media/shiroishishi-dining-4019716.jpg,https://img.bokenjapan.com/media/shiroishishi-dining-4022635.jpg,matched own listing photo
miyagi/shiroishishi,154,鳥勝,https://img.bokenjapan.com/media/shiroishishi-dining-4012954.jpg,,photo belonged to another card; no own photo found
miyagi/shiroishishi,155,天然記念物 材木岩公園売店,https://img.bokenjapan.com/media/shiroishishi-dining-4019614.jpg,https://img.bokenjapan.com/media/shiroishishi-dining-4012954.jpg,matched own listing photo
miyagi/shiroishishi,157,まるほ,https://img.bokenjapan.com/media/shiroishishi-dining-4020718.jpg,https://img.bokenjapan.com/media/shiroishishi-dining-4019614.jpg,matched own listing photo
miyagi/shiroishishi,158,小原いきいき直売所,https://img.bokenjapan.com/media/shiroishishi-dining-4019615.jpg,https://img.bokenjapan.com/media/shiroishishi-dining-4020718.jpg,matched own listing photo
miyagi/shiroishishi,159,きく文,https://img.bokenjapan.com/media/shiroishishi-dining-4020717.jpg,https://img.bokenjapan.com/media/shiroishishi-dining-4019615.jpg,matched own listing photo
miyagi/shiroishishi,160,アヴィ カレーバー,https://img.bokenjapan.com/media/shiroishishi-dining-4024587.jpg,https://img.bokenjapan.com/media/shiroishishi-dining-4020717.jpg,matched own listing photo
miyagi/shiroishishi,161,丸秀酒店,https://img.bokenjapan.com/media/shiroishishi-dining-4018424.jpg,https://img.bokenjapan.com/media/shiroishishi-dining-4024587.jpg,matched own listing photo
miyagi/shiroishishi,162,ヤマザワ 白石北店,https://img.bokenjapan.com/media/shiroishishi-dining-4018714.jpg,https://img.bokenjapan.com/media/shiroishishi-dining-4018424.jpg,matched own listing photo
miyagi/shiroishishi,163,三宅精肉店,https://img.bokenjapan.com/media/shiroishishi-dining-4017902.jpg,https://img.bokenjapan.com/media/shiroishishi-dining-4018714.jpg,matched own listing photo
miyagi/shiroishishi,164,POINT NEMO,https://img.bokenjapan.com/media/shiroishishi-dining-4029018.jpg,https://img.bokenjapan.com/media/shiroishishi-dining-4017902.jpg,matched own listing photo
miyagi/shiroishishi,165,セブンイレブン 白石大平店,https://img.bokenjapan.com/media/shiroishishi-dining-4018596.jpg,https://img.bokenjapan.com/media/shiroishishi-dining-4029018.jpg,matched own listing photo
miyagi/shiroishishi,166,ヤマザキショップ 刈田綜合病院店,https://img.bokenjapan.com/media/shiroishishi-dining-4020616.jpg,https://img.bokenjapan.com/media/shiroishishi-dining-4018596.jpg,matched own listing photo
miyagi/shiroishishi,167,ギャラリー美器,https://img.bokenjapan.com/media/shiroishishi-dining-4013301.jpg,https://img.bokenjapan.com/media/shiroishishi-dining-4020616.jpg,matched own listing photo
miyagi/shiroishishi,168,サクラ,https://img.bokenjapan.com/media/shiroishishi-dining-4023252.jpg,https://img.bokenjapan.com/media/shiroishishi-dining-4013301.jpg,matched own listing photo
miyagi/shiroishishi,169,カフェ レーヴ,https://img.bokenjapan.com/media/shiroishishi-dining-4021965.jpg,https://img.bokenjapan.com/media/shiroishishi-dining-4023252.jpg,matched own listing photo
miyagi/shiroishishi,170,不二家 ヤマザワ白石北店,https://img.bokenjapan.com/media/shiroishishi-dining-4015759.jpg,https://img.bokenjapan.com/media/shiroishishi-dining-4021965.jpg,matched own listing photo
miyagi/shiroishishi,171,LAWSON 白石大平店,https://img.bokenjapan.com/media/shiroishishi-dining-4021062.jpg,https://img.bokenjapan.com/media/shiroishishi-dining-4015759.jpg,matched own listing photo
miyagi/shiroishishi,174,セラビ 白石店,https://img.bokenjapan.com/media/shiroishishi-dining-4018649.jpg,,photo belonged to another card; no own photo found
miyagi/shiroishishi,175,杏山,https://img.bokenjapan.com/media/shiroishishi-dining-4005934.jpg,https://img.bokenjapan.com/media/shiroishishi-dining-4018649.jpg,matched own listing photo
miyagi/shiroishishi,176,セブンイレブン 白石城北町店,https://img.bokenjapan.com/media/shiroishishi-dining-4018194.jpg,https://img.bokenjapan.com/media/shiroishishi-dining-4005934.jpg,matched own listing photo
miyagi/shiroishishi,177,藤崎 白石店,https://img.bokenjapan.com/media/shiroishishi-dining-4018377.jpg,https://img.bokenjapan.com/media/shiroishishi-dining-4018194.jpg,matched own listing photo
miyagi/shiroishishi,178,都寿し,https://img.bokenjapan.com/media/shiroishishi-dining-4008456.jpg,https://img.bokenjapan.com/media/shiroishishi-dining-4018377.jpg,matched own listing photo
miyagi/shiroishishi,179,ミニストップ 白石羽山店,https://img.bokenjapan.com/media/shiroishishi-dining-4018706.jpg,https://img.bokenjapan.com/media/shiroishishi-dining-4008456.jpg,matched own listing photo
miyagi/shiroishishi,180,Okey Burger,https://img.bokenjapan.com/media/shiroishishi-dining-4029979.jpg,https://img.bokenjapan.com/media/shiroishishi-dining-4018706.jpg,matched own listing photo
miyagi/shiroishishi,181,歩,https://img.bokenjapan.com/media/shiroishishi-dining-4004297.jpg,https://img.bokenjapan.com/media/shiroishishi-dining-4029979.jpg,matched own listing photo
miyagi/shiroishishi,182,多憩,https://img.bokenjapan.com/media/shiroishishi-dining-4005441.jpg,https://img.bokenjapan.com/media/shiroishishi-dining-4004297.jpg,matched own listing photo
miyagi/shiroishishi,183,バーバ工愛市,https://img.bokenjapan.com/media/shiroishishi-dining-4018183.jpg,https://img.bokenjapan.com/media/shiroishishi-dining-4005441.jpg,matched own listing photo
miyagi/shiroishishi,184,セブンイレブン 白石工業高校前店,https://img.bokenjapan.com/media/shiroishishi-dining-4018259.jpg,https://img.bokenjapan.com/media/shiroishishi-dining-4018183.jpg,matched own listing photo
miyagi/shiroishishi,185,セブンイレブン 白石半沢屋敷前店,https://img.bokenjapan.com/media/shiroishishi-dining-4018691.jpg,https://img.bokenjapan.com/media/shiroishishi-dining-4018259.jpg,matched own listing photo
miyagi/shiroishishi,186,株主会社半田食品 刈田綜合病院店,https://img.bokenjapan.com/media/shiroishishi-dining-4020815.jpg,https://img.bokenjapan.com/media/shiroishishi-dining-4018691.jpg,matched own listing photo
miyagi/shiroishishi,187,ファミリーマート 白石沢端店,https://img.bokenjapan.com/media/shiroishishi-dining-4021055.jpg,https://img.bokenjapan.com/media/shiroishishi-dining-4020815.jpg,matched own listing photo
miyagi/shiroishishi,188,ミニストップ 白石半沢屋敷前店,https://img.bokenjapan.com/media/shiroishishi-dining-4018472.jpg,https://img.bokenjapan.com/media/shiroishishi-dining-4021055.jpg,matched own listing photo
miyagi/shiroishishi,189,セブンイレブン 白石蔵王駅前店,https://img.bokenjapan.com/media/shiroishishi-dining-4019805.jpg,https://img.bokenjapan.com/media/shiroishishi-dining-4018472.jpg,matched own listing photo
miyagi/shiroishishi,190,小十郎の郷,https://img.bokenjapan.com/media/shiroishishi-dining-4016529.jpg,https://img.bokenjapan.com/media/shiroishishi-dining-4019805.jpg,matched own listing photo
miyagi/shiroishishi,191,株式会社きちみ製麺 売店,https://img.bokenjapan.com/media/shiroishishi-dining-4022978.jpg,https://img.bokenjapan.com/media/shiroishishi-dining-4016529.jpg,matched own listing photo
miyagi/shiroishishi,194,松田製粉 直売所,https://img.bokenjapan.com/media/shiroishishi-dining-4023139.jpg,,photo belonged to another card; no own photo found
miyagi/shiroishishi,195,工房 こひな,https://img.bokenjapan.com/media/shiroishishi-dining-4028331.jpg,https://img.bokenjapan.com/media/shiroishishi-dining-4023139.jpg,matched own listing photo
miyagi/shiroishishi,198,LAWSON 白石鷹巣東店,https://img.bokenjapan.com/media/shiroishishi-dining-4024046.jpg,https://img.bokenjapan.com/media/shiroishishi-dining-4028331.jpg,matched own listing photo
miyagi/tagajo,2,PIZZERIA DB,https://img.bokenjapan.com/media/tagajo-dining-4025431.jpg,,photo belonged to another card; no own photo found
miyagi/tagajo,3,蔵,https://img.bokenjapan.com/media/tagajo-dining-4000283.jpg,https://img.bokenjapan.com/media/tagajo-dining-4025431.jpg,matched own listing photo
miyagi/tagajo,4,一品堂,https://img.bokenjapan.com/media/tagajo-dining-4000910.jpg,https://img.bokenjapan.com/media/tagajo-dining-4000283.jpg,matched own listing photo
miyagi/tagajo,5,ラーメン あんず,https://img.bokenjapan.com/media/tagajo-dining-4006691.jpg,https://img.bokenjapan.com/media/tagajo-dining-4000910.jpg,matched own listing photo
miyagi/tagajo,6,らー麺味噌やす,https://img.bokenjapan.com/media/tagajo-dining-4004205.jpg,,photo belonged to another card; no own photo found
miyagi/tagajo,7,とんかつ一代,https://img.bokenjapan.com/media/tagajo-dining-4005793.jpg,https://img.bokenjapan.com/media/tagajo-dining-4004205.jpg,matched own listing photo
miyagi/tagajo,8,瀧さわ家 多賀城店,https://img.bokenjapan.com/media/tagajo-dining-4028000.jpg,https://img.bokenjapan.com/media/tagajo-dining-4005793.jpg,matched own listing photo
miyagi/tagajo,9,グリーンライフコーヒーロースター,https://img.bokenjapan.com/media/tagajo-dining-4008366.jpg,https://img.bokenjapan.com/media/tagajo-dining-4028000.jpg,matched own listing photo
miyagi/tagajo,10,長町ラーメン 多賀城店,https://img.bokenjapan.com/media/tagajo-dining-4027133.jpg,https://img.bokenjapan.com/media/tagajo-dining-4008366.jpg,matched own listing photo
miyagi/tagajo,11,ラーメンビリー 多賀城店,https://img.bokenjapan.com/media/tagajo-dining-4014832.jpg,https://img.bokenjapan.com/media/tagajo-dining-4027133.jpg,matched own listing photo
miyagi/tagajo,12,食堂大郷,https://img.bokenjapan.com/media/tagajo-dining-4005451.jpg,https://img.bokenjapan.com/media/tagajo-dining-4014832.jpg,matched own listing photo
miyagi/tagajo,13,明華園,https://img.bokenjapan.com/media/tagajo-dining-4002627.jpg,https://img.bokenjapan.com/media/tagajo-dining-4005451.jpg,matched own listing photo
miyagi/tagajo,14,むつごろう,https://img.bokenjapan.com/media/tagajo-dining-4007771.jpg,https://img.bokenjapan.com/media/tagajo-dining-4002627.jpg,matched own listing photo
miyagi/tagajo,15,とんこつ豚らーめん 飛燕,https://img.bokenjapan.com/media/tagajo-dining-4027264.jpg,https://img.bokenjapan.com/media/tagajo-dining-4007771.jpg,matched own listing photo
miyagi/tagajo,16,食事処 海幸,https://img.bokenjapan.com/media/tagajo-dining-4006733.jpg,https://img.bokenjapan.com/media/tagajo-dining-4027264.jpg,matched own listing photo
miyagi/tagajo,17,ラーメン 鶏華,https://img.bokenjapan.com/media/tagajo-dining-4025589.jpg,https://img.bokenjapan.com/media/tagajo-dining-4006733.jpg,matched own listing photo
miyagi/tagajo,18,満州園 多賀城店,https://img.bokenjapan.com/media/tagajo-dining-4024102.jpg,https://img.bokenjapan.com/media/tagajo-dining-4025589.jpg,matched own listing photo
miyagi/tagajo,19,そばの神田 町前屋本店,https://img.bokenjapan.com/media/tagajo-dining-4020699.jpg,https://img.bokenjapan.com/media/tagajo-dining-4024102.jpg,matched own listing photo
miyagi/tagajo,22,油そば はてな,https://img.bokenjapan.com/media/tagajo-dining-4013590.jpg,,photo belonged to another card; no own photo found
miyagi/tagajo,23,やわらかとんかつ かつ庄 多賀城本店,https://img.bokenjapan.com/media/tagajo-dining-4006501.jpg,https://img.bokenjapan.com/media/tagajo-dining-4013590.jpg,matched own listing photo
miyagi/tagajo,24,とんちん館,https://img.bokenjapan.com/media/tagajo-dining-4000819.jpg,https://img.bokenjapan.com/media/tagajo-dining-4006501.jpg,matched own listing photo
miyagi/tagajo,25,たんや善治郎 多賀城店,https://img.bokenjapan.com/media/tagajo-dining-4014411.jpg,https://img.bokenjapan.com/media/tagajo-dining-4000819.jpg,matched own listing photo
miyagi/tagajo,26,さるしな,https://img.bokenjapan.com/media/tagajo-dining-4008666.jpg,https://img.bokenjapan.com/media/tagajo-dining-4014411.jpg,matched own listing photo
miyagi/tagajo,27,いわい食堂,https://img.bokenjapan.com/media/tagajo-dining-4006114.jpg,https://img.bokenjapan.com/media/tagajo-dining-4008666.jpg,matched own listing photo
miyagi/tagajo,28,三島屋,https://img.bokenjapan.com/media/tagajo-dining-4003776.jpg,https://img.bokenjapan.com/media/tagajo-dining-4006114.jpg,matched own listing photo
miyagi/tagajo,29,ん寿司,https://img.bokenjapan.com/media/tagajo-dining-4004601.jpg,https://img.bokenjapan.com/media/tagajo-dining-4003776.jpg,matched own listing photo
miyagi/tagajo,30,牛タン焼肉善治郎 多賀城駅店,https://img.bokenjapan.com/media/tagajo-dining-4018970.jpg,https://img.bokenjapan.com/media/tagajo-dining-4004601.jpg,matched own listing photo
miyagi/tagajo,31,Ko-an,https://img.bokenjapan.com/media/tagajo-dining-4007557.jpg,https://img.bokenjapan.com/media/tagajo-dining-4018970.jpg,matched own listing photo
miyagi/tagajo,32,喰囍炒,https://img.bokenjapan.com/media/tagajo-dining-4008340.jpg,https://img.bokenjapan.com/media/tagajo-dining-4007557.jpg,matched own listing photo
miyagi/tagajo,33,あかんたれ,https://img.bokenjapan.com/media/tagajo-dining-4006281.jpg,https://img.bokenjapan.com/media/tagajo-dining-4008340.jpg,matched own listing photo
miyagi/tagajo,34,洋菓子の店ティファニー,https://img.bokenjapan.com/media/tagajo-dining-4003557.jpg,https://img.bokenjapan.com/media/tagajo-dining-4006281.jpg,matched own listing photo
miyagi/tagajo,35,東龍,https://img.bokenjapan.com/media/tagajo-dining-4007302.jpg,https://img.bokenjapan.com/media/tagajo-dining-4003557.jpg,matched own listing photo
miyagi/tagajo,36,アンティークカフェ オールドタイム,https://img.bokenjapan.com/media/tagajo-dining-4022229.jpg,https://img.bokenjapan.com/media/tagajo-dining-4007302.jpg,matched own listing photo
miyagi/tagajo,37,たんや 善治郎 多賀城駅店,https://img.bokenjapan.com/media/tagajo-dining-4024087.jpg,https://img.bokenjapan.com/media/tagajo-dining-4022229.jpg,matched own listing photo
miyagi/tagajo,38,まぼろし海鮮 陸奥,https://img.bokenjapan.com/media/tagajo-dining-4020319.jpg,https://img.bokenjapan.com/media/tagajo-dining-4024087.jpg,matched own listing photo
miyagi/tagajo,39,鳥善,https://img.bokenjapan.com/media/tagajo-dining-4007009.jpg,https://img.bokenjapan.com/media/tagajo-dining-4020319.jpg,matched own listing photo
miyagi/tagajo,42,ファソン・ドゥ・ドイ,https://img.bokenjapan.com/media/tagajo-dining-4003635.jpg,,photo belonged to another card; no own photo found
miyagi/tagajo,43,和食の小島,https://img.bokenjapan.com/media/tagajo-dining-4007847.jpg,https://img.bokenjapan.com/media/tagajo-dining-4003635.jpg,matched own listing photo
miyagi/tagajo,44,町田商店 多賀城店,https://img.bokenjapan.com/media/tagajo-dining-4019784.jpg,https://img.bokenjapan.com/media/tagajo-dining-4007847.jpg,matched own listing photo
miyagi/tagajo,45,SARU CURRY,https://img.bokenjapan.com/media/tagajo-dining-4028344.jpg,https://img.bokenjapan.com/media/tagajo-dining-4019784.jpg,matched own listing photo
miyagi/tagajo,46,米粉パン トゥット,https://img.bokenjapan.com/media/tagajo-dining-4017525.jpg,https://img.bokenjapan.com/media/tagajo-dining-4028344.jpg,matched own listing photo
miyagi/tagajo,47,ミラックマツヤ,https://img.bokenjapan.com/media/tagajo-dining-4018667.jpg,https://img.bokenjapan.com/media/tagajo-dining-4017525.jpg,matched own listing photo
miyagi/tagajo,48,イタリア食堂Pino,https://img.bokenjapan.com/media/tagajo-dining-4018865.jpg,https://img.bokenjapan.com/media/tagajo-dining-4018667.jpg,matched own listing photo
miyagi/tagajo,49,だいご寿司,https://img.bokenjapan.com/media/tagajo-dining-4004569.jpg,https://img.bokenjapan.com/media/tagajo-dining-4018865.jpg,matched own listing photo
miyagi/tagajo,50,ボーヴル,https://img.bokenjapan.com/media/tagajo-dining-4016669.jpg,https://img.bokenjapan.com/media/tagajo-dining-4004569.jpg,matched own listing photo
miyagi/tagajo,51,Fiddle,https://img.bokenjapan.com/media/tagajo-dining-4025802.jpg,https://img.bokenjapan.com/media/tagajo-dining-4016669.jpg,matched own listing photo
miyagi/tagajo,52,麺匠 大黒 多賀城店,https://img.bokenjapan.com/media/tagajo-dining-4010508.jpg,https://img.bokenjapan.com/media/tagajo-dining-4025802.jpg,matched own listing photo
miyagi/tagajo,53,憩いの喰う感 麺恋,https://img.bokenjapan.com/media/tagajo-dining-4020076.jpg,https://img.bokenjapan.com/media/tagajo-dining-4010508.jpg,matched own listing photo
miyagi/tagajo,54,すしの貴伸,https://img.bokenjapan.com/media/tagajo-dining-4001487.jpg,https://img.bokenjapan.com/media/tagajo-dining-4020076.jpg,matched own listing photo
miyagi/tagajo,55,城伸寿司,https://img.bokenjapan.com/media/tagajo-dining-4014468.jpg,https://img.bokenjapan.com/media/tagajo-dining-4001487.jpg,matched own listing photo
miyagi/tagajo,56,プチトリアノン 多賀城店,https://img.bokenjapan.com/media/tagajo-dining-4001556.jpg,https://img.bokenjapan.com/media/tagajo-dining-4014468.jpg,matched own listing photo
miyagi/tagajo,57,菓子屋 糸,https://img.bokenjapan.com/media/tagajo-dining-4025724.jpg,https://img.bokenjapan.com/media/tagajo-dining-4001556.jpg,matched own listing photo
miyagi/tagajo,58,牛たん炭焼き 利久 多賀城店,https://img.bokenjapan.com/media/tagajo-dining-4000555.jpg,https://img.bokenjapan.com/media/tagajo-dining-4025724.jpg,matched own listing photo
miyagi/tagajo,59,焼肉・冷麺ヤマト 多賀城店,https://img.bokenjapan.com/media/tagajo-dining-4017025.jpg,https://img.bokenjapan.com/media/tagajo-dining-4000555.jpg,matched own listing photo
miyagi/tagajo,62,食道苑,https://img.bokenjapan.com/media/tagajo-dining-4008461.jpg,,photo belonged to another card; no own photo found
miyagi/tagajo,63,ピュイダムール,https://img.bokenjapan.com/media/tagajo-dining-4009626.jpg,https://img.bokenjapan.com/media/tagajo-dining-4008461.jpg,matched own listing photo
miyagi/tagajo,64,多賀城亀喜寿司,https://img.bokenjapan.com/media/tagajo-dining-4004755.jpg,https://img.bokenjapan.com/media/tagajo-dining-4009626.jpg,matched own listing photo
miyagi/tagajo,65,焼肉 明月苑 多賀城店,https://img.bokenjapan.com/media/tagajo-dining-4001319.jpg,https://img.bokenjapan.com/media/tagajo-dining-4004755.jpg,matched own listing photo
miyagi/tagajo,66,ホテルキャッスルプラザ 多賀城,https://img.bokenjapan.com/media/tagajo-dining-4017935.jpg,https://img.bokenjapan.com/media/tagajo-dining-4001319.jpg,matched own listing photo
miyagi/tagajo,67,カサン,https://img.bokenjapan.com/media/tagajo-dining-4005237.jpg,https://img.bokenjapan.com/media/tagajo-dining-4017935.jpg,matched own listing photo
miyagi/tagajo,68,和食遊膳 縁楽,https://img.bokenjapan.com/media/tagajo-dining-4025266.jpg,https://img.bokenjapan.com/media/tagajo-dining-4005237.jpg,matched own listing photo
miyagi/tagajo,69,いろは亭 多賀城店,https://img.bokenjapan.com/media/tagajo-dining-4027630.jpg,https://img.bokenjapan.com/media/tagajo-dining-4025266.jpg,matched own listing photo
miyagi/tagajo,70,プラージュ,https://img.bokenjapan.com/media/tagajo-dining-4007749.jpg,https://img.bokenjapan.com/media/tagajo-dining-4027630.jpg,matched own listing photo
miyagi/tagajo,71,うなぎ山ざき,https://img.bokenjapan.com/media/tagajo-dining-4006315.jpg,https://img.bokenjapan.com/media/tagajo-dining-4007749.jpg,matched own listing photo
miyagi/tagajo,72,フミキリCAFE,https://img.bokenjapan.com/media/tagajo-dining-4016929.jpg,https://img.bokenjapan.com/media/tagajo-dining-4006315.jpg,matched own listing photo
miyagi/tagajo,73,3FLAVOR CURRY,https://img.bokenjapan.com/media/tagajo-dining-4030132.jpg,https://img.bokenjapan.com/media/tagajo-dining-4016929.jpg,matched own listing photo
miyagi/tagajo,74,軽食 ひまわり,https://img.bokenjapan.com/media/tagajo-dining-4018522.jpg,https://img.bokenjapan.com/media/tagajo-dining-4030132.jpg,matched own listing photo
miyagi/tagajo,75,自家製中華そば つむぎ,https://img.bokenjapan.com/media/tagajo-dining-4029749.jpg,https://img.bokenjapan.com/media/tagajo-dining-4018522.jpg,matched own listing photo
miyagi/tagajo,76,よしつね 多賀城店,https://img.bokenjapan.com/media/tagajo-dining-4018453.jpg,https://img.bokenjapan.com/media/tagajo-dining-4029749.jpg,matched own listing photo
miyagi/tagajo,77,PARAGONIAN,https://img.bokenjapan.com/media/tagajo-dining-4026463.jpg,https://img.bokenjapan.com/media/tagajo-dining-4018453.jpg,matched own listing photo
miyagi/tagajo,78,伊藤商店 仙台港店,https://img.bokenjapan.com/media/tagajo-dining-4016163.jpg,https://img.bokenjapan.com/media/tagajo-dining-4026463.jpg,matched own listing photo
miyagi/tagajo,79,本格遠赤焙煎珈琲 まめ福,https://img.bokenjapan.com/media/tagajo-dining-4024149.jpg,https://img.bokenjapan.com/media/tagajo-dining-4016163.jpg,matched own listing photo
miyagi/tagajo,82,韓国食堂,https://img.bokenjapan.com/media/tagajo-dining-4006743.jpg,,photo belonged to another card; no own photo found
miyagi/tagajo,83,末広庵,https://img.bokenjapan.com/media/tagajo-dining-4004453.jpg,https://img.bokenjapan.com/media/tagajo-dining-4006743.jpg,matched own listing photo
miyagi/tagajo,84,イタリア食堂　アッラミア,https://img.bokenjapan.com/media/tagajo-dining-4007305.jpg,https://img.bokenjapan.com/media/tagajo-dining-4004453.jpg,matched own listing photo
miyagi/tagajo,85,ノン・ノン,https://img.bokenjapan.com/media/tagajo-dining-4007724.jpg,https://img.bokenjapan.com/media/tagajo-dining-4007305.jpg,matched own listing photo
miyagi/tagajo,86,ダルバール 多賀城店,https://img.bokenjapan.com/media/tagajo-dining-4028248.jpg,https://img.bokenjapan.com/media/tagajo-dining-4007724.jpg,matched own listing photo
miyagi/tagajo,87,とんちゃん亭,https://img.bokenjapan.com/media/tagajo-dining-4010120.jpg,https://img.bokenjapan.com/media/tagajo-dining-4028248.jpg,matched own listing photo
miyagi/tagajo,88,ハッピーランチ,https://img.bokenjapan.com/media/tagajo-dining-4012758.jpg,https://img.bokenjapan.com/media/tagajo-dining-4010120.jpg,matched own listing photo
miyagi/tagajo,89,サンホテル多賀城,https://img.bokenjapan.com/media/tagajo-dining-4013304.jpg,https://img.bokenjapan.com/media/tagajo-dining-4012758.jpg,matched own listing photo
miyagi/tagajo,90,餃子の王将 多賀城店,https://img.bokenjapan.com/media/tagajo-dining-4011877.jpg,https://img.bokenjapan.com/media/tagajo-dining-4013304.jpg,matched own listing photo
miyagi/tagajo,91,大衆食堂 半田屋 多賀城店,https://img.bokenjapan.com/media/tagajo-dining-4011043.jpg,https://img.bokenjapan.com/media/tagajo-dining-4011877.jpg,matched own listing photo
miyagi/tagajo,92,スターバックスコーヒー 蔦屋書店多賀城市図書館店,https://img.bokenjapan.com/media/tagajo-dining-4017452.jpg,https://img.bokenjapan.com/media/tagajo-dining-4011043.jpg,matched own listing photo
miyagi/tagajo,93,喜久水庵 多賀城本店,https://img.bokenjapan.com/media/tagajo-dining-4001455.jpg,https://img.bokenjapan.com/media/tagajo-dining-4017452.jpg,matched own listing photo
miyagi/tagajo,94,ホルモンゆうちゃん,https://img.bokenjapan.com/media/tagajo-dining-4020119.jpg,https://img.bokenjapan.com/media/tagajo-dining-4001455.jpg,matched own listing photo
miyagi/tagajo,95,からあげ一歩 多賀城駅前店,https://img.bokenjapan.com/media/tagajo-dining-4023015.jpg,https://img.bokenjapan.com/media/tagajo-dining-4020119.jpg,matched own listing photo
miyagi/tagajo,96,居酒屋えん,https://img.bokenjapan.com/media/tagajo-dining-4004037.jpg,https://img.bokenjapan.com/media/tagajo-dining-4023015.jpg,matched own listing photo
miyagi/tagajo,97,炭火焼鳥いたどり 多賀城店,https://img.bokenjapan.com/media/tagajo-dining-4020569.jpg,https://img.bokenjapan.com/media/tagajo-dining-4004037.jpg,matched own listing photo
miyagi/tagajo,98,はなぶ～,https://img.bokenjapan.com/media/tagajo-dining-4013786.jpg,https://img.bokenjapan.com/media/tagajo-dining-4020569.jpg,matched own listing photo
miyagi/tagajo,102,LAWSON 多賀城山王店,https://img.bokenjapan.com/media/tagajo-dining-4029050.jpg,,photo belonged to another card; no own photo found
miyagi/tagajo,103,LAWSON 多賀城中央三丁目店,https://img.bokenjapan.com/media/tagajo-dining-4029075.jpg,https://img.bokenjapan.com/media/tagajo-dining-4029050.jpg,matched own listing photo
miyagi/tagajo,104,大志軒 多賀城店,https://img.bokenjapan.com/media/tagajo-dining-4017779.jpg,https://img.bokenjapan.com/media/tagajo-dining-4029075.jpg,matched own listing photo
miyagi/tagajo,105,びっくりドンキー 多賀城店,https://img.bokenjapan.com/media/tagajo-dining-4000287.jpg,https://img.bokenjapan.com/media/tagajo-dining-4017779.jpg,matched own listing photo
miyagi/tagajo,106,うまい鮨勘 ゆとろぎ 多賀城店,https://img.bokenjapan.com/media/tagajo-dining-4004716.jpg,https://img.bokenjapan.com/media/tagajo-dining-4000287.jpg,matched own listing photo
miyagi/tagajo,107,焼肉冷麺やまなか家 多賀城店,https://img.bokenjapan.com/media/tagajo-dining-4014833.jpg,https://img.bokenjapan.com/media/tagajo-dining-4004716.jpg,matched own listing photo
miyagi/tagajo,108,こむかい,https://img.bokenjapan.com/media/tagajo-dining-4006139.jpg,https://img.bokenjapan.com/media/tagajo-dining-4014833.jpg,matched own listing photo
miyagi/tagajo,109,ホテルルートイン 仙台港北インター,https://img.bokenjapan.com/media/tagajo-dining-4013726.jpg,https://img.bokenjapan.com/media/tagajo-dining-4006139.jpg,matched own listing photo
miyagi/tagajo,110,どんぶりや,https://img.bokenjapan.com/media/tagajo-dining-4006522.jpg,https://img.bokenjapan.com/media/tagajo-dining-4013726.jpg,matched own listing photo
miyagi/tagajo,111,焼肉 吉田屋,https://img.bokenjapan.com/media/tagajo-dining-4006769.jpg,https://img.bokenjapan.com/media/tagajo-dining-4006522.jpg,matched own listing photo
miyagi/tagajo,112,つがるの味っこ な・ど・わ,https://img.bokenjapan.com/media/tagajo-dining-4001518.jpg,https://img.bokenjapan.com/media/tagajo-dining-4006769.jpg,matched own listing photo
miyagi/tagajo,113,麗苑,https://img.bokenjapan.com/media/tagajo-dining-4007893.jpg,https://img.bokenjapan.com/media/tagajo-dining-4001518.jpg,matched own listing photo
miyagi/tagajo,114,生鮮館多賀城 びっくり市,https://img.bokenjapan.com/media/tagajo-dining-4024163.jpg,,photo belonged to another card; no own photo found
miyagi/tagajo,115,ささはら,https://img.bokenjapan.com/media/tagajo-dining-4023941.jpg,https://img.bokenjapan.com/media/tagajo-dining-4024163.jpg,matched own listing photo
miyagi/tagajo,116,丸源ラーメン 多賀城店,https://img.bokenjapan.com/media/tagajo-dining-4014987.jpg,https://img.bokenjapan.com/media/tagajo-dining-4023941.jpg,matched own listing photo
miyagi/tagajo,117,スシロー イオン多賀城店,https://img.bokenjapan.com/media/tagajo-dining-4019150.jpg,https://img.bokenjapan.com/media/tagajo-dining-4014987.jpg,matched own listing photo
miyagi/tagajo,118,珈琲館 多賀城店,https://img.bokenjapan.com/media/tagajo-dining-4001483.jpg,https://img.bokenjapan.com/media/tagajo-dining-4019150.jpg,matched own listing photo
miyagi/tagajo,119,蔵八ラーメン亭 多賀城高橋店,https://img.bokenjapan.com/media/tagajo-dining-4011581.jpg,https://img.bokenjapan.com/media/tagajo-dining-4001483.jpg,matched own listing photo
miyagi/tagajo,122,多幸,https://img.bokenjapan.com/media/tagajo-dining-4005442.jpg,,photo belonged to another card; no own photo found
miyagi/tagajo,123,和風ダイニング桜木,https://img.bokenjapan.com/media/tagajo-dining-4012895.jpg,https://img.bokenjapan.com/media/tagajo-dining-4005442.jpg,matched own listing photo
miyagi/tagajo,124,タカ櫻,https://img.bokenjapan.com/media/tagajo-dining-4015118.jpg,https://img.bokenjapan.com/media/tagajo-dining-4012895.jpg,matched own listing photo
miyagi/tagajo,125,銀鱗,https://img.bokenjapan.com/media/tagajo-dining-4013716.jpg,https://img.bokenjapan.com/media/tagajo-dining-4015118.jpg,matched own listing photo
miyagi/tagajo,126,一松寿司,https://img.bokenjapan.com/media/tagajo-dining-4004611.jpg,,photo belonged to another card; no own photo found
miyagi/tagajo,127,ケムリノアブサン,https://img.bokenjapan.com/media/tagajo-dining-4016142.jpg,https://img.bokenjapan.com/media/tagajo-dining-4004611.jpg,matched own listing photo
miyagi/tagajo,128,Sweet Season ririo,https://img.bokenjapan.com/media/tagajo-dining-4025354.jpg,,photo belonged to another card; no own photo found
miyagi/tagajo,129,ムジゲ,https://img.bokenjapan.com/media/tagajo-dining-4025148.jpg,https://img.bokenjapan.com/media/tagajo-dining-4025354.jpg,matched own listing photo
miyagi/tagajo,130,TAGAJO CENTRAL PARK COFFEE,https://img.bokenjapan.com/media/tagajo-dining-4030155.jpg,https://img.bokenjapan.com/media/tagajo-dining-4025148.jpg,matched own listing photo
miyagi/tagajo,131,古代米屋レストラン グリーンゲイブル,https://img.bokenjapan.com/media/tagajo-dining-4027932.jpg,https://img.bokenjapan.com/media/tagajo-dining-4030155.jpg,matched own listing photo
miyagi/tagajo,132,大衆酒場あそびや,https://img.bokenjapan.com/media/tagajo-dining-4028756.jpg,https://img.bokenjapan.com/media/tagajo-dining-4027932.jpg,matched own listing photo
miyagi/tagajo,133,快活CLUB 多賀城店,https://img.bokenjapan.com/media/tagajo-dining-4029226.jpg,https://img.bokenjapan.com/media/tagajo-dining-4028756.jpg,matched own listing photo
miyagi/tagajo,134,みやもとワッフル,https://img.bokenjapan.com/media/tagajo-dining-4030215.jpg,https://img.bokenjapan.com/media/tagajo-dining-4029226.jpg,matched own listing photo
miyagi/tagajo,135,呑み喰い処 呑喜,https://img.bokenjapan.com/media/tagajo-dining-4025503.jpg,https://img.bokenjapan.com/media/tagajo-dining-4030215.jpg,matched own listing photo
miyagi/tagajo,136,ZUNDA ZUNDA FACTORY 多賀城店,https://img.bokenjapan.com/media/tagajo-dining-4029531.jpg,https://img.bokenjapan.com/media/tagajo-dining-4025503.jpg,matched own listing photo
miyagi/tagajo,137,かつや 多賀城店,https://img.bokenjapan.com/media/tagajo-dining-4013231.jpg,https://img.bokenjapan.com/media/tagajo-dining-4029531.jpg,matched own listing photo
miyagi/tagajo,140,ふるさと,https://img.bokenjapan.com/media/tagajo-dining-4004304.jpg,,photo belonged to another card; no own photo found
miyagi/tagajo,141,マクドナルド 多賀城店,https://img.bokenjapan.com/media/tagajo-dining-4009265.jpg,https://img.bokenjapan.com/media/tagajo-dining-4004304.jpg,matched own listing photo
miyagi/tagajo,142,ミスタードーナツ イオン多賀城ショップ,https://img.bokenjapan.com/media/tagajo-dining-4016233.jpg,https://img.bokenjapan.com/media/tagajo-dining-4009265.jpg,matched own listing photo
miyagi/tagajo,143,吉野家 45号線多賀城八幡店,https://img.bokenjapan.com/media/tagajo-dining-4020051.jpg,https://img.bokenjapan.com/media/tagajo-dining-4016233.jpg,matched own listing photo
miyagi/tagajo,144,とろり天使のわらびもち 多賀城駅前店,https://img.bokenjapan.com/media/tagajo-dining-4025924.jpg,https://img.bokenjapan.com/media/tagajo-dining-4020051.jpg,matched own listing photo
miyagi/tagajo,145,和歌珈琲,https://img.bokenjapan.com/media/tagajo-dining-4023472.jpg,https://img.bokenjapan.com/media/tagajo-dining-4025924.jpg,matched own listing photo
miyagi/tagajo,146,炭火旬彩 いちゃりば,https://img.bokenjapan.com/media/tagajo-dining-4022983.jpg,https://img.bokenjapan.com/media/tagajo-dining-4023472.jpg,matched own listing photo
miyagi/tagajo,147,五十集屋,https://img.bokenjapan.com/media/tagajo-dining-4000763.jpg,https://img.bokenjapan.com/media/tagajo-dining-4022983.jpg,matched own listing photo
miyagi/tagajo,148,小波や,https://img.bokenjapan.com/media/tagajo-dining-4003311.jpg,https://img.bokenjapan.com/media/tagajo-dining-4000763.jpg,matched own listing photo
miyagi/tagajo,149,花京院市場 JR多賀城駅店,https://img.bokenjapan.com/media/tagajo-dining-4022807.jpg,https://img.bokenjapan.com/media/tagajo-dining-4003311.jpg,matched own listing photo
miyagi/tagajo,150,イオン 多賀城店,https://img.bokenjapan.com/media/tagajo-dining-4020842.jpg,https://img.bokenjapan.com/media/tagajo-dining-4022807.jpg,matched own listing photo
miyagi/tagajo,151,海鮮居酒家 和み家,https://img.bokenjapan.com/media/tagajo-dining-4022715.jpg,https://img.bokenjapan.com/media/tagajo-dining-4020842.jpg,matched own listing photo
miyagi/tagajo,152,梅月堂,https://img.bokenjapan.com/media/tagajo-dining-4015027.jpg,https://img.bokenjapan.com/media/tagajo-dining-4022715.jpg,matched own listing photo
miyagi/tagajo,153,ルイパパ,https://img.bokenjapan.com/media/tagajo-dining-4004467.jpg,https://img.bokenjapan.com/media/tagajo-dining-4015027.jpg,matched own listing photo
miyagi/tagajo,154,LAWSON 多賀城八幡二丁目店,https://img.bokenjapan.com/media/tagajo-dining-4016479.jpg,https://img.bokenjapan.com/media/tagajo-dining-4004467.jpg,matched own listing photo
miyagi/tagajo,155,クレイジーミートファクトリー,https://img.bokenjapan.com/media/tagajo-dining-4021083.jpg,https://img.bokenjapan.com/media/tagajo-dining-4016479.jpg,matched own listing photo
miyagi/tagajo,156,サンロード 多賀城ヤマザワ店,https://img.bokenjapan.com/media/tagajo-dining-4016518.jpg,https://img.bokenjapan.com/media/tagajo-dining-4021083.jpg,matched own listing photo
miyagi/tagajo,157,無印良品 イオン多賀城店,https://img.bokenjapan.com/media/tagajo-dining-4025908.jpg,https://img.bokenjapan.com/media/tagajo-dining-4016518.jpg,matched own listing photo
miyagi/tagajo,160,ヨイトマケ真,https://img.bokenjapan.com/media/tagajo-dining-4016174.jpg,,photo belonged to another card; no own photo found
miyagi/tagajo,161,パン工房 アンジュール みやぎ生協高砂店,https://img.bokenjapan.com/media/tagajo-dining-4022448.jpg,https://img.bokenjapan.com/media/tagajo-dining-4016174.jpg,matched own listing photo
miyagi/tagajo,162,うおせい,https://img.bokenjapan.com/media/tagajo-dining-4022309.jpg,,photo belonged to another card; no own photo found
miyagi/tagajo,163,菓匠 榮太楼 みやぎ生協多賀城店,https://img.bokenjapan.com/media/tagajo-dining-4028501.jpg,https://img.bokenjapan.com/media/tagajo-dining-4022309.jpg,matched own listing photo
miyagi/tagajo,164,すずこう,https://img.bokenjapan.com/media/tagajo-dining-4030266.jpg,https://img.bokenjapan.com/media/tagajo-dining-4028501.jpg,matched own listing photo
miyagi/tagajo,165,ビッグボーイ 多賀城町前店,https://img.bokenjapan.com/media/tagajo-dining-4013114.jpg,https://img.bokenjapan.com/media/tagajo-dining-4030266.jpg,matched own listing photo
miyagi/tagajo,166,ケンタッキーフライドチキン イオン多賀城店,https://img.bokenjapan.com/media/tagajo-dining-4011889.jpg,https://img.bokenjapan.com/media/tagajo-dining-4013114.jpg,matched own listing photo
miyagi/tagajo,167,極楽湯 多賀城店,https://img.bokenjapan.com/media/tagajo-dining-4013085.jpg,https://img.bokenjapan.com/media/tagajo-dining-4011889.jpg,matched own listing photo
miyagi/tagajo,168,げんこつ屋,https://img.bokenjapan.com/media/tagajo-dining-4004204.jpg,https://img.bokenjapan.com/media/tagajo-dining-4013085.jpg,matched own listing photo
miyagi/tagajo,169,和～ちゃんち,https://img.bokenjapan.com/media/tagajo-dining-4025405.jpg,,photo belonged to another card; no own photo found
miyagi/tagajo,170,Ramen HONE LABO 多賀城下馬店,https://img.bokenjapan.com/media/tagajo-dining-4027359.jpg,https://img.bokenjapan.com/media/tagajo-dining-4025405.jpg,matched own listing photo
miyagi/tagajo,171,町前ホルモンハレルヤ,https://img.bokenjapan.com/media/tagajo-dining-4027196.jpg,https://img.bokenjapan.com/media/tagajo-dining-4027359.jpg,matched own listing photo
miyagi/tagajo,172,石垣精肉店,https://img.bokenjapan.com/media/tagajo-dining-4023351.jpg,https://img.bokenjapan.com/media/tagajo-dining-4027196.jpg,matched own listing photo
miyagi/tagajo,173,弁当 桜,https://img.bokenjapan.com/media/tagajo-dining-4021367.jpg,https://img.bokenjapan.com/media/tagajo-dining-4023351.jpg,matched own listing photo
miyagi/tagajo,174,榮太楼 多賀城桜木店,https://img.bokenjapan.com/media/tagajo-dining-4016205.jpg,https://img.bokenjapan.com/media/tagajo-dining-4021367.jpg,matched own listing photo
miyagi/tagajo,175,藤寿し,https://img.bokenjapan.com/media/tagajo-dining-4004778.jpg,https://img.bokenjapan.com/media/tagajo-dining-4016205.jpg,matched own listing photo
miyagi/tagajo,180,キャサズ,https://img.bokenjapan.com/media/tagajo-dining-4010364.jpg,,photo belonged to another card; no own photo found
miyagi/tagajo,181,いっしょう,https://img.bokenjapan.com/media/tagajo-dining-4029378.jpg,https://img.bokenjapan.com/media/tagajo-dining-4010364.jpg,matched own listing photo
miyagi/tagajo,182,ゆ処悠々,https://img.bokenjapan.com/media/tagajo-dining-4020215.jpg,https://img.bokenjapan.com/media/tagajo-dining-4029378.jpg,matched own listing photo
miyagi/tagajo,183,さくら,https://img.bokenjapan.com/media/tagajo-dining-4028514.jpg,https://img.bokenjapan.com/media/tagajo-dining-4020215.jpg,matched own listing photo
miyagi/tagajo,184,天のKitchen,https://img.bokenjapan.com/media/tagajo-dining-4027219.jpg,https://img.bokenjapan.com/media/tagajo-dining-4028514.jpg,matched own listing photo
miyagi/tagajo,185,つばさくらぶ,https://img.bokenjapan.com/media/tagajo-dining-4022432.jpg,https://img.bokenjapan.com/media/tagajo-dining-4027219.jpg,matched own listing photo
miyagi/tagajo,186,幸楽苑 多賀城店,https://img.bokenjapan.com/media/tagajo-dining-4011846.jpg,https://img.bokenjapan.com/media/tagajo-dining-4022432.jpg,matched own listing photo
miyagi/tagajo,187,牛角 多賀城店,https://img.bokenjapan.com/media/tagajo-dining-4008277.jpg,https://img.bokenjapan.com/media/tagajo-dining-4011846.jpg,matched own listing photo
miyagi/tagajo,188,カルビ大将 多賀城店,https://img.bokenjapan.com/media/tagajo-dining-4012906.jpg,https://img.bokenjapan.com/media/tagajo-dining-4008277.jpg,matched own listing photo
miyagi/tagajo,189,すき家 23号多賀城町前店,https://img.bokenjapan.com/media/tagajo-dining-4011855.jpg,https://img.bokenjapan.com/media/tagajo-dining-4012906.jpg,matched own listing photo
miyagi/tagajo,190,モスバーガー イオン多賀城店,https://img.bokenjapan.com/media/tagajo-dining-4011907.jpg,https://img.bokenjapan.com/media/tagajo-dining-4011855.jpg,matched own listing photo
miyagi/tagajo,191,しゃぶしゃぶ温野菜 多賀城店,https://img.bokenjapan.com/media/tagajo-dining-4012767.jpg,https://img.bokenjapan.com/media/tagajo-dining-4011907.jpg,matched own listing photo
miyagi/tagajo,192,和風レストランまるまつ 城南店,https://img.bokenjapan.com/media/tagajo-dining-4018965.jpg,https://img.bokenjapan.com/media/tagajo-dining-4012767.jpg,matched own listing photo
miyagi/tagajo,193,魚民 多賀城店,https://img.bokenjapan.com/media/tagajo-dining-4009486.jpg,https://img.bokenjapan.com/media/tagajo-dining-4018965.jpg,matched own listing photo
miyagi/tagajo,194,赤から 多賀城店,https://img.bokenjapan.com/media/tagajo-dining-4029820.jpg,https://img.bokenjapan.com/media/tagajo-dining-4009486.jpg,matched own listing photo
miyagi/tagajo,195,菓匠三全 イオン多賀城店,https://img.bokenjapan.com/media/tagajo-dining-4017273.jpg,https://img.bokenjapan.com/media/tagajo-dining-4029820.jpg,matched own listing photo
miyagi/tagajo,196,銀座コージーコーナー イオン多賀城店,https://img.bokenjapan.com/media/tagajo-dining-4011148.jpg,https://img.bokenjapan.com/media/tagajo-dining-4017273.jpg,matched own listing photo
miyagi/tagajo,199,ほっともっと 多賀城中央店,https://img.bokenjapan.com/media/tagajo-dining-4014148.jpg,,photo belonged to another card; no own photo found
miyagi/tagajo,200,やきとり 大吉 多賀城店,https://img.bokenjapan.com/media/tagajo-dining-4004938.jpg,https://img.bokenjapan.com/media/tagajo-dining-4014148.jpg,matched own listing photo
miyagi/tagajo,201,ラグノオ ヤマザワ多賀城店,https://img.bokenjapan.com/media/tagajo-dining-4017071.jpg,https://img.bokenjapan.com/media/tagajo-dining-4004938.jpg,matched own listing photo
miyagi/tagajo,202,つつみ屋 多賀城店,https://img.bokenjapan.com/media/tagajo-dining-4016149.jpg,https://img.bokenjapan.com/media/tagajo-dining-4017071.jpg,matched own listing photo
miyagi/tagajo,203,パン工場 ザ・ビッグ多賀城鶴ヶ谷店,https://img.bokenjapan.com/media/tagajo-dining-4016227.jpg,https://img.bokenjapan.com/media/tagajo-dining-4016149.jpg,matched own listing photo
miyagi/tagajo,204,やきとり 大吉 多賀城高崎店,https://img.bokenjapan.com/media/tagajo-dining-4004937.jpg,https://img.bokenjapan.com/media/tagajo-dining-4016227.jpg,matched own listing photo
miyagi/tagajo,205,しゃぶ葉 多賀城店,https://img.bokenjapan.com/media/tagajo-dining-4028995.jpg,https://img.bokenjapan.com/media/tagajo-dining-4004937.jpg,matched own listing photo
miyagi/tagajo,206,ほっともっと 多賀城高橋店,https://img.bokenjapan.com/media/tagajo-dining-4014147.jpg,https://img.bokenjapan.com/media/tagajo-dining-4028995.jpg,matched own listing photo
miyagi/tagajo,207,ラルカンシェール みやぎ生協大代店,https://img.bokenjapan.com/media/tagajo-dining-4017089.jpg,https://img.bokenjapan.com/media/tagajo-dining-4014147.jpg,matched own listing photo
miyagi/tagajo,208,不二家 みやぎ生協大代店,https://img.bokenjapan.com/media/tagajo-dining-4014219.jpg,https://img.bokenjapan.com/media/tagajo-dining-4017089.jpg,matched own listing photo
miyagi/tagajo,209,ピザハット 国府多賀城店,https://img.bokenjapan.com/media/tagajo-dining-4022511.jpg,https://img.bokenjapan.com/media/tagajo-dining-4014219.jpg,matched own listing photo
miyagi/tagajo,210,パン工場 イオン多賀城店,https://img.bokenjapan.com/media/tagajo-dining-4020399.jpg,https://img.bokenjapan.com/media/tagajo-dining-4022511.jpg,matched own listing photo
miyagi/tagajo,211,寓,https://img.bokenjapan.com/media/tagajo-dining-4009033.jpg,https://img.bokenjapan.com/media/tagajo-dining-4020399.jpg,matched own listing photo
miyagi/tagajo,212,かまぼこの鐘崎 イオン多賀城店,https://img.bokenjapan.com/media/tagajo-dining-4020622.jpg,https://img.bokenjapan.com/media/tagajo-dining-4009033.jpg,matched own listing photo
miyagi/tagajo,213,COPAL みやぎ生協大代店,https://img.bokenjapan.com/media/tagajo-dining-4016984.jpg,https://img.bokenjapan.com/media/tagajo-dining-4020622.jpg,matched own listing photo
miyagi/tagajo,214,イザカヤ チャチャ,https://img.bokenjapan.com/media/tagajo-dining-4018840.jpg,https://img.bokenjapan.com/media/tagajo-dining-4016984.jpg,matched own listing photo
miyagi/tagajo,215,コロッケのころっ家 多賀城店,https://img.bokenjapan.com/media/tagajo-dining-4026838.jpg,https://img.bokenjapan.com/media/tagajo-dining-4018840.jpg,matched own listing photo
miyagi/tagajo,216,つつみ屋 レインボー,https://img.bokenjapan.com/media/tagajo-dining-4020143.jpg,https://img.bokenjapan.com/media/tagajo-dining-4026838.jpg,matched own listing photo
miyagi/tagajo,219,ちょっと寄り道 ほほえみ,https://img.bokenjapan.com/media/tagajo-dining-4023137.jpg,,photo belonged to another card; no own photo found
miyagi/tagajo,220,いとうや,https://img.bokenjapan.com/media/tagajo-dining-4023064.jpg,https://img.bokenjapan.com/media/tagajo-dining-4023137.jpg,matched own listing photo
miyagi/tagajo,221,幸楽苑のからあげ家 多賀城店,https://img.bokenjapan.com/media/tagajo-dining-4026837.jpg,https://img.bokenjapan.com/media/tagajo-dining-4023064.jpg,matched own listing photo
miyagi/tagajo,222,四季菜 キッチン,https://img.bokenjapan.com/media/tagajo-dining-4022691.jpg,https://img.bokenjapan.com/media/tagajo-dining-4026837.jpg,matched own listing photo
miyagi/tagajo,223,串まろ,https://img.bokenjapan.com/media/tagajo-dining-4023678.jpg,https://img.bokenjapan.com/media/tagajo-dining-4022691.jpg,matched own listing photo
miyagi/tagajo,224,平禄寿司 多賀城西店,https://img.bokenjapan.com/media/tagajo-dining-4012845.jpg,,photo belonged to another card; no own photo found
miyagi/tagajo,225,BEANS KITCHEN,https://img.bokenjapan.com/media/tagajo-dining-4029861.jpg,https://img.bokenjapan.com/media/tagajo-dining-4012845.jpg,matched own listing photo
miyagi/tagajo,226,みんなの食堂,https://img.bokenjapan.com/media/tagajo-dining-4025973.jpg,https://img.bokenjapan.com/media/tagajo-dining-4029861.jpg,matched own listing photo
miyagi/tagajo,227,伊達なおふくろ弁当 多賀城店,https://img.bokenjapan.com/media/tagajo-dining-4018671.jpg,https://img.bokenjapan.com/media/tagajo-dining-4025973.jpg,matched own listing photo
miyagi/tagajo,228,養老乃瀧 多賀城町前店,https://img.bokenjapan.com/media/tagajo-dining-4028004.jpg,https://img.bokenjapan.com/media/tagajo-dining-4018671.jpg,matched own listing photo
miyagi/tagajo,229,こんび,https://img.bokenjapan.com/media/tagajo-dining-4017945.jpg,https://img.bokenjapan.com/media/tagajo-dining-4028004.jpg,matched own listing photo
miyagi/tagajo,231,ミッキー,https://img.bokenjapan.com/media/tagajo-dining-4014816.jpg,https://img.bokenjapan.com/media/tagajo-dining-4017945.jpg,matched own listing photo
miyagi/tagajo,233,カフェサロン エルフィン,https://img.bokenjapan.com/media/tagajo-dining-4030023.jpg,,photo belonged to another card; no own photo found
miyagi/tagajo,234,松島蒲鉾本舗 多賀城工場直営店,https://img.bokenjapan.com/media/tagajo-dining-4021412.jpg,https://img.bokenjapan.com/media/tagajo-dining-4030023.jpg,matched own listing photo
miyagi/tagajo,235,ストロベリーコーンズ 多賀城店,https://img.bokenjapan.com/media/tagajo-dining-4018631.jpg,https://img.bokenjapan.com/media/tagajo-dining-4021412.jpg,matched own listing photo
miyagi/tagajo,236,みやぎ生協 多賀城店,https://img.bokenjapan.com/media/tagajo-dining-4026804.jpg,https://img.bokenjapan.com/media/tagajo-dining-4018631.jpg,matched own listing photo
miyagi/tagajo,239,サーティワンアイスクリーム イオン多賀城店,https://img.bokenjapan.com/media/tagajo-dining-4012004.jpg,,photo belonged to another card; no own photo found
miyagi/tagajo,240,小野屋ホテル,https://img.bokenjapan.com/media/tagajo-dining-4012681.jpg,https://img.bokenjapan.com/media/tagajo-dining-4012004.jpg,matched own listing photo
miyagi/tagajo,241,セブンイレブン 多賀城桜木店,https://img.bokenjapan.com/media/tagajo-dining-4016480.jpg,https://img.bokenjapan.com/media/tagajo-dining-4012681.jpg,matched own listing photo
miyagi/tagajo,242,セブンイレブン 多賀城町前店,https://img.bokenjapan.com/media/tagajo-dining-4018603.jpg,https://img.bokenjapan.com/media/tagajo-dining-4016480.jpg,matched own listing photo
miyagi/tagajo,243,キムチの南海屋,https://img.bokenjapan.com/media/tagajo-dining-4025642.jpg,https://img.bokenjapan.com/media/tagajo-dining-4018603.jpg,matched own listing photo
miyagi/tagajo,244,だるま,https://img.bokenjapan.com/media/tagajo-dining-4019481.jpg,https://img.bokenjapan.com/media/tagajo-dining-4025642.jpg,matched own listing photo
miyagi/tagajo,245,庶民酒場さざなみ,https://img.bokenjapan.com/media/tagajo-dining-4010925.jpg,,photo belonged to another card; no own photo found
miyagi/tagajo,246,やなぎはら珈琲店,https://img.bokenjapan.com/media/tagajo-dining-4007530.jpg,https://img.bokenjapan.com/media/tagajo-dining-4010925.jpg,matched own listing photo
miyagi/tagajo,247,不二家 ヤマザワ多賀城店,https://img.bokenjapan.com/media/tagajo-dining-4016146.jpg,https://img.bokenjapan.com/media/tagajo-dining-4007530.jpg,matched own listing photo
miyagi/tagajo,248,LAWSON 多賀城東田中店,https://img.bokenjapan.com/media/tagajo-dining-4016477.jpg,https://img.bokenjapan.com/media/tagajo-dining-4016146.jpg,matched own listing photo
miyagi/tagajo,249,セブンイレブン 多賀城中央2丁目店,https://img.bokenjapan.com/media/tagajo-dining-4018763.jpg,https://img.bokenjapan.com/media/tagajo-dining-4016477.jpg,matched own listing photo
miyagi/tagajo,265,居酒屋はなむら,https://img.bokenjapan.com/media/tagajo-dining-4007275.jpg,,photo belonged to another card; no own photo found
miyagi/tagajo,267,ワン ブル,https://img.bokenjapan.com/media/tagajo-dining-4022789.jpg,https://img.bokenjapan.com/media/tagajo-dining-4007275.jpg,matched own listing photo
miyagi/tagajo,269,ナポリの窯 多賀城店,https://img.bokenjapan.com/media/tagajo-dining-4018623.jpg,https://img.bokenjapan.com/media/tagajo-dining-4022789.jpg,matched own listing photo
miyagi/taiwa,2,クラシックゲート,https://img.bokenjapan.com/media/taiwa-dining-4022129.jpg,,photo belonged to another card; no own photo found
miyagi/taiwa,3,四川チャイナ,https://img.bokenjapan.com/media/taiwa-dining-4000699.jpg,https://img.bokenjapan.com/media/taiwa-dining-4022129.jpg,matched own listing photo
miyagi/taiwa,4,了美 ワイン&ダイン,https://img.bokenjapan.com/media/taiwa-dining-4022883.jpg,https://img.bokenjapan.com/media/taiwa-dining-4000699.jpg,matched own listing photo
miyagi/taiwa,5,さぬきうどん むら泉,https://img.bokenjapan.com/media/taiwa-dining-4017384.jpg,https://img.bokenjapan.com/media/taiwa-dining-4022883.jpg,matched own listing photo
miyagi/taiwa,6,中華そばマルヒロ,https://img.bokenjapan.com/media/taiwa-dining-4026283.jpg,https://img.bokenjapan.com/media/taiwa-dining-4017384.jpg,matched own listing photo
miyagi/taiwa,7,七ツ母里,https://img.bokenjapan.com/media/taiwa-dining-4014448.jpg,https://img.bokenjapan.com/media/taiwa-dining-4026283.jpg,matched own listing photo
miyagi/taiwa,8,鶴巣庵,https://img.bokenjapan.com/media/taiwa-dining-4008906.jpg,https://img.bokenjapan.com/media/taiwa-dining-4014448.jpg,matched own listing photo
miyagi/taiwa,9,美華,https://img.bokenjapan.com/media/taiwa-dining-4010896.jpg,https://img.bokenjapan.com/media/taiwa-dining-4008906.jpg,matched own listing photo
miyagi/taiwa,10,レストラン四季音,https://img.bokenjapan.com/media/taiwa-dining-4001144.jpg,https://img.bokenjapan.com/media/taiwa-dining-4010896.jpg,matched own listing photo
miyagi/taiwa,11,そば処 みきや,https://img.bokenjapan.com/media/taiwa-dining-4024345.jpg,https://img.bokenjapan.com/media/taiwa-dining-4001144.jpg,matched own listing photo
miyagi/taiwa,12,シライシパン アウトレットショップ 仙台工場店,https://img.bokenjapan.com/media/taiwa-dining-4012037.jpg,https://img.bokenjapan.com/media/taiwa-dining-4024345.jpg,matched own listing photo
miyagi/taiwa,13,薬膳キッチン 喜楽,https://img.bokenjapan.com/media/taiwa-dining-4026548.jpg,https://img.bokenjapan.com/media/taiwa-dining-4012037.jpg,matched own listing photo
miyagi/taiwa,14,中華料理 供味,https://img.bokenjapan.com/media/taiwa-dining-4002534.jpg,https://img.bokenjapan.com/media/taiwa-dining-4026548.jpg,matched own listing photo
miyagi/taiwa,15,MAAR,https://img.bokenjapan.com/media/taiwa-dining-4021800.jpg,https://img.bokenjapan.com/media/taiwa-dining-4002534.jpg,matched own listing photo
miyagi/taiwa,16,手打そば　おさだ,https://img.bokenjapan.com/media/taiwa-dining-4008653.jpg,https://img.bokenjapan.com/media/taiwa-dining-4021800.jpg,matched own listing photo
miyagi/taiwa,17,食堂 いちやぎ,https://img.bokenjapan.com/media/taiwa-dining-4024759.jpg,https://img.bokenjapan.com/media/taiwa-dining-4008653.jpg,matched own listing photo
miyagi/taiwa,18,食事処いな穂,https://img.bokenjapan.com/media/taiwa-dining-4011308.jpg,https://img.bokenjapan.com/media/taiwa-dining-4024759.jpg,matched own listing photo
miyagi/taiwa,19,山の喫茶店 Decoy,https://img.bokenjapan.com/media/taiwa-dining-4014478.jpg,https://img.bokenjapan.com/media/taiwa-dining-4011308.jpg,matched own listing photo
miyagi/taiwa,22,モカモアコーヒー,https://img.bokenjapan.com/media/taiwa-dining-4008250.jpg,,photo belonged to another card; no own photo found
miyagi/taiwa,23,蝋梅の咲く頃,https://img.bokenjapan.com/media/taiwa-dining-4017026.jpg,https://img.bokenjapan.com/media/taiwa-dining-4008250.jpg,matched own listing photo
miyagi/taiwa,24,鶴巣PA 外売店 下り,https://img.bokenjapan.com/media/taiwa-dining-4022323.jpg,https://img.bokenjapan.com/media/taiwa-dining-4017026.jpg,matched own listing photo
miyagi/taiwa,25,鶴巣パーキングエリア（上り線） スナックコーナー,https://img.bokenjapan.com/media/taiwa-dining-4008529.jpg,https://img.bokenjapan.com/media/taiwa-dining-4022323.jpg,matched own listing photo
miyagi/taiwa,26,権現茶屋,https://img.bokenjapan.com/media/taiwa-dining-4003250.jpg,https://img.bokenjapan.com/media/taiwa-dining-4008529.jpg,matched own listing photo
miyagi/taiwa,27,小野のカフェ BECCA,https://img.bokenjapan.com/media/taiwa-dining-4025325.jpg,https://img.bokenjapan.com/media/taiwa-dining-4003250.jpg,matched own listing photo
miyagi/taiwa,28,吉岡飯店,https://img.bokenjapan.com/media/taiwa-dining-4027100.jpg,https://img.bokenjapan.com/media/taiwa-dining-4025325.jpg,matched own listing photo
miyagi/taiwa,29,街の喫茶店,https://img.bokenjapan.com/media/taiwa-dining-4022762.jpg,https://img.bokenjapan.com/media/taiwa-dining-4027100.jpg,matched own listing photo
miyagi/taiwa,30,鶴巣亭,https://img.bokenjapan.com/media/taiwa-dining-4017653.jpg,https://img.bokenjapan.com/media/taiwa-dining-4022762.jpg,matched own listing photo
miyagi/taiwa,31,鶴巣パーキングエリア（下り線）スナックコーナー,https://img.bokenjapan.com/media/taiwa-dining-4017654.jpg,https://img.bokenjapan.com/media/taiwa-dining-4017026.jpg,matched own listing photo
miyagi/taiwa,32,味よし  大和町鶴巣店,https://img.bokenjapan.com/media/taiwa-dining-4014726.jpg,https://img.bokenjapan.com/media/taiwa-dining-4017654.jpg,matched own listing photo
miyagi/taiwa,33,晋蕎麦,https://img.bokenjapan.com/media/taiwa-dining-4026009.jpg,https://img.bokenjapan.com/media/taiwa-dining-4014726.jpg,matched own listing photo
miyagi/taiwa,34,山の家 アララギ,https://img.bokenjapan.com/media/taiwa-dining-4025720.jpg,https://img.bokenjapan.com/media/taiwa-dining-4026009.jpg,matched own listing photo
miyagi/taiwa,35,竹亭 大和別邸,https://img.bokenjapan.com/media/taiwa-dining-4026097.jpg,https://img.bokenjapan.com/media/taiwa-dining-4025720.jpg,matched own listing photo
miyagi/taiwa,36,スワガット,https://img.bokenjapan.com/media/taiwa-dining-4026965.jpg,https://img.bokenjapan.com/media/taiwa-dining-4026097.jpg,matched own listing photo
miyagi/taiwa,37,きまま亭,https://img.bokenjapan.com/media/taiwa-dining-4003117.jpg,https://img.bokenjapan.com/media/taiwa-dining-4026965.jpg,matched own listing photo
miyagi/taiwa,38,いち味,https://img.bokenjapan.com/media/taiwa-dining-4015501.jpg,https://img.bokenjapan.com/media/taiwa-dining-4003117.jpg,matched own listing photo
miyagi/taiwa,39,御はっと家,https://img.bokenjapan.com/media/taiwa-dining-4010437.jpg,https://img.bokenjapan.com/media/taiwa-dining-4015501.jpg,matched own listing photo
miyagi/taiwa,42,富永精肉店,https://img.bokenjapan.com/media/taiwa-dining-4018207.jpg,,photo belonged to another card; no own photo found
miyagi/taiwa,43,萬福,https://img.bokenjapan.com/media/taiwa-dining-4015475.jpg,https://img.bokenjapan.com/media/taiwa-dining-4018207.jpg,matched own listing photo
miyagi/taiwa,44,ウジエスーパー 吉岡店,https://img.bokenjapan.com/media/taiwa-dining-4025023.jpg,https://img.bokenjapan.com/media/taiwa-dining-4015475.jpg,matched own listing photo
miyagi/taiwa,45,シェフドリーム,https://img.bokenjapan.com/media/taiwa-dining-4008370.jpg,https://img.bokenjapan.com/media/taiwa-dining-4025023.jpg,matched own listing photo
miyagi/taiwa,46,パティスリー シュシュ,https://img.bokenjapan.com/media/taiwa-dining-4016661.jpg,https://img.bokenjapan.com/media/taiwa-dining-4008370.jpg,matched own listing photo
miyagi/taiwa,47,喫茶 いづみ,https://img.bokenjapan.com/media/taiwa-dining-4026998.jpg,https://img.bokenjapan.com/media/taiwa-dining-4016661.jpg,matched own listing photo
miyagi/taiwa,48,森の家 ウォールデン,https://img.bokenjapan.com/media/taiwa-dining-4014018.jpg,https://img.bokenjapan.com/media/taiwa-dining-4026998.jpg,matched own listing photo
miyagi/taiwa,49,ひまわり ヤマザワ杜のまち店,https://img.bokenjapan.com/media/taiwa-dining-4015878.jpg,https://img.bokenjapan.com/media/taiwa-dining-4014018.jpg,matched own listing photo
miyagi/taiwa,50,ナナイロ カフェ,https://img.bokenjapan.com/media/taiwa-dining-4017659.jpg,https://img.bokenjapan.com/media/taiwa-dining-4015878.jpg,matched own listing photo
miyagi/taiwa,51,SIMON GALLERY CAFE,https://img.bokenjapan.com/media/taiwa-dining-4025258.jpg,https://img.bokenjapan.com/media/taiwa-dining-4017659.jpg,matched own listing photo
miyagi/taiwa,52,Cafe&Dining Bar Oharu,https://img.bokenjapan.com/media/taiwa-dining-4027031.jpg,https://img.bokenjapan.com/media/taiwa-dining-4025258.jpg,matched own listing photo
miyagi/taiwa,53,LAWSON 黒川大和吉岡店,https://img.bokenjapan.com/media/taiwa-dining-4030175.jpg,,photo belonged to another card; no own photo found
miyagi/taiwa,54,らーめん 小野屋,https://img.bokenjapan.com/media/taiwa-dining-4021614.jpg,https://img.bokenjapan.com/media/taiwa-dining-4030175.jpg,matched own listing photo
miyagi/taiwa,55,焼肉おはる 天皇寺店,https://img.bokenjapan.com/media/taiwa-dining-4000344.jpg,https://img.bokenjapan.com/media/taiwa-dining-4021614.jpg,matched own listing photo
miyagi/taiwa,56,ひまわり ヤマザワ吉岡店,https://img.bokenjapan.com/media/taiwa-dining-4015192.jpg,https://img.bokenjapan.com/media/taiwa-dining-4000344.jpg,matched own listing photo
miyagi/taiwa,57,アン・ジェラ,https://img.bokenjapan.com/media/taiwa-dining-4016028.jpg,https://img.bokenjapan.com/media/taiwa-dining-4015192.jpg,matched own listing photo
miyagi/taiwa,60,たいわゴルフクラブ,https://img.bokenjapan.com/media/taiwa-dining-4027460.jpg,,photo belonged to another card; no own photo found
miyagi/taiwa,61,JAグリーンあさひな,https://img.bokenjapan.com/media/taiwa-dining-4020972.jpg,https://img.bokenjapan.com/media/taiwa-dining-4027460.jpg,matched own listing photo
miyagi/taiwa,62,ちどり荘,https://img.bokenjapan.com/media/taiwa-dining-4013001.jpg,https://img.bokenjapan.com/media/taiwa-dining-4020972.jpg,matched own listing photo
miyagi/taiwa,63,高橋精肉店,https://img.bokenjapan.com/media/taiwa-dining-4020256.jpg,https://img.bokenjapan.com/media/taiwa-dining-4013001.jpg,matched own listing photo
miyagi/taiwa,64,元祖からあげ本舗 まるもと 大和吉岡店,https://img.bokenjapan.com/media/taiwa-dining-4027949.jpg,https://img.bokenjapan.com/media/taiwa-dining-4020256.jpg,matched own listing photo
miyagi/taiwa,65,ブレッドコーナー,https://img.bokenjapan.com/media/taiwa-dining-4022388.jpg,,photo belonged to another card; no own photo found
miyagi/taiwa,66,café juju,https://img.bokenjapan.com/media/taiwa-dining-4029236.jpg,https://img.bokenjapan.com/media/taiwa-dining-4022388.jpg,matched own listing photo
miyagi/taiwa,67,焼鳥×海鮮焼 寧彩-ねいろ-,https://img.bokenjapan.com/media/taiwa-dining-4029191.jpg,https://img.bokenjapan.com/media/taiwa-dining-4029236.jpg,matched own listing photo
miyagi/taiwa,68,山海里食堂,https://img.bokenjapan.com/media/taiwa-dining-4015497.jpg,https://img.bokenjapan.com/media/taiwa-dining-4029191.jpg,matched own listing photo
miyagi/taiwa,69,花野果ひろば七ツ森,https://img.bokenjapan.com/media/taiwa-dining-4008618.jpg,https://img.bokenjapan.com/media/taiwa-dining-4015497.jpg,matched own listing photo
miyagi/taiwa,70,山でら,https://img.bokenjapan.com/media/taiwa-dining-4021086.jpg,https://img.bokenjapan.com/media/taiwa-dining-4008618.jpg,matched own listing photo
miyagi/taiwa,71,炭火焼き居酒屋 串道楽,https://img.bokenjapan.com/media/taiwa-dining-4009446.jpg,https://img.bokenjapan.com/media/taiwa-dining-4021086.jpg,matched own listing photo
miyagi/taiwa,72,焼肉専門店 エミ,https://img.bokenjapan.com/media/taiwa-dining-4011976.jpg,https://img.bokenjapan.com/media/taiwa-dining-4009446.jpg,matched own listing photo
miyagi/taiwa,73,山形そば 花一匁,https://img.bokenjapan.com/media/taiwa-dining-4020037.jpg,https://img.bokenjapan.com/media/taiwa-dining-4011976.jpg,matched own listing photo
miyagi/taiwa,74,酒とアテ おかめや,https://img.bokenjapan.com/media/taiwa-dining-4021845.jpg,https://img.bokenjapan.com/media/taiwa-dining-4020037.jpg,matched own listing photo
miyagi/taiwa,75,珈琲・クラフト こはく,https://img.bokenjapan.com/media/taiwa-dining-4023100.jpg,https://img.bokenjapan.com/media/taiwa-dining-4021845.jpg,matched own listing photo
miyagi/taiwa,76,Zephyr,https://img.bokenjapan.com/media/taiwa-dining-4020240.jpg,https://img.bokenjapan.com/media/taiwa-dining-4023100.jpg,matched own listing photo
miyagi/taiwa,77,大吉,https://img.bokenjapan.com/media/taiwa-dining-4016141.jpg,https://img.bokenjapan.com/media/taiwa-dining-4020240.jpg,matched own listing photo
miyagi/taiwa,80,食事処 ひだまり,https://img.bokenjapan.com/media/taiwa-dining-4023594.jpg,,photo belonged to another card; no own photo found
miyagi/taiwa,81,食彩 隠れん坊,https://img.bokenjapan.com/media/taiwa-dining-4001747.jpg,https://img.bokenjapan.com/media/taiwa-dining-4023594.jpg,matched own listing photo
miyagi/taiwa,82,ミニストップ 大和町小野店,https://img.bokenjapan.com/media/taiwa-dining-4023731.jpg,https://img.bokenjapan.com/media/taiwa-dining-4001747.jpg,matched own listing photo
miyagi/taiwa,83,幸楽苑 大和町店,https://img.bokenjapan.com/media/taiwa-dining-4011783.jpg,https://img.bokenjapan.com/media/taiwa-dining-4023731.jpg,matched own listing photo
miyagi/taiwa,84,野菜の駅 あじわいの朝 大和店,https://img.bokenjapan.com/media/taiwa-dining-4021095.jpg,https://img.bokenjapan.com/media/taiwa-dining-4011783.jpg,matched own listing photo
miyagi/taiwa,85,大衆居酒屋 まる昌,https://img.bokenjapan.com/media/taiwa-dining-4024926.jpg,https://img.bokenjapan.com/media/taiwa-dining-4021095.jpg,matched own listing photo
miyagi/taiwa,86,花の膳 大和町吉岡店,https://img.bokenjapan.com/media/taiwa-dining-4025700.jpg,https://img.bokenjapan.com/media/taiwa-dining-4024926.jpg,matched own listing photo
miyagi/taiwa,87,新星とうふ店,https://img.bokenjapan.com/media/taiwa-dining-4020401.jpg,https://img.bokenjapan.com/media/taiwa-dining-4025700.jpg,matched own listing photo
miyagi/taiwa,88,焼肉大将 龍,https://img.bokenjapan.com/media/taiwa-dining-4009320.jpg,https://img.bokenjapan.com/media/taiwa-dining-4020401.jpg,matched own listing photo
miyagi/taiwa,89,笠原餅店,https://img.bokenjapan.com/media/taiwa-dining-4019251.jpg,,photo belonged to another card; no own photo found
miyagi/taiwa,90,ワークショップ宮床 直売所 里の駅,https://img.bokenjapan.com/media/taiwa-dining-4023086.jpg,https://img.bokenjapan.com/media/taiwa-dining-4019251.jpg,matched own listing photo
miyagi/taiwa,91,スナックゆき,https://img.bokenjapan.com/media/taiwa-dining-4021009.jpg,https://img.bokenjapan.com/media/taiwa-dining-4023086.jpg,matched own listing photo
miyagi/taiwa,92,いちらく亭,https://img.bokenjapan.com/media/taiwa-dining-4013624.jpg,https://img.bokenjapan.com/media/taiwa-dining-4021009.jpg,matched own listing photo
miyagi/taiwa,93,めしと酒 なか,https://img.bokenjapan.com/media/taiwa-dining-4030268.jpg,https://img.bokenjapan.com/media/taiwa-dining-4013624.jpg,matched own listing photo
miyagi/taiwa,94,マクドナルド 大和吉岡ヨークベニマル店,https://img.bokenjapan.com/media/taiwa-dining-4009247.jpg,https://img.bokenjapan.com/media/taiwa-dining-4030268.jpg,matched own listing photo
miyagi/taiwa,95,和風レストランまるまつ 吉岡店,https://img.bokenjapan.com/media/taiwa-dining-4019703.jpg,https://img.bokenjapan.com/media/taiwa-dining-4009247.jpg,matched own listing photo
miyagi/taiwa,99,つつみ屋 吉岡店,https://img.bokenjapan.com/media/taiwa-dining-4023597.jpg,,photo belonged to another card; no own photo found
miyagi/taiwa,100,ラグノオ ヤマザワ吉岡店,https://img.bokenjapan.com/media/taiwa-dining-4018121.jpg,https://img.bokenjapan.com/media/taiwa-dining-4023597.jpg,matched own listing photo
miyagi/taiwa,101,セブンイレブン 大和町宮床店,https://img.bokenjapan.com/media/taiwa-dining-4021351.jpg,https://img.bokenjapan.com/media/taiwa-dining-4018121.jpg,matched own listing photo
miyagi/taiwa,102,供味JAグリーンあさひな店,https://img.bokenjapan.com/media/taiwa-dining-4011034.jpg,https://img.bokenjapan.com/media/taiwa-dining-4021351.jpg,matched own listing photo
miyagi/taiwa,103,べニーズ 大和吉岡ヨークベニマル店,https://img.bokenjapan.com/media/taiwa-dining-4014870.jpg,https://img.bokenjapan.com/media/taiwa-dining-4011034.jpg,matched own listing photo
miyagi/taiwa,104,食道苑 吉岡店,https://img.bokenjapan.com/media/taiwa-dining-4015973.jpg,https://img.bokenjapan.com/media/taiwa-dining-4014870.jpg,matched own listing photo
miyagi/taiwa,105,大和イルカ亭,https://img.bokenjapan.com/media/taiwa-dining-4029153.jpg,https://img.bokenjapan.com/media/taiwa-dining-4015973.jpg,matched own listing photo
miyagi/taiwa,106,君ヶ袋商店,https://img.bokenjapan.com/media/taiwa-dining-4022107.jpg,https://img.bokenjapan.com/media/taiwa-dining-4029153.jpg,matched own listing photo
miyagi/taiwa,108,不二家 ヤマザワ杜のまち店,https://img.bokenjapan.com/media/taiwa-dining-4015449.jpg,https://img.bokenjapan.com/media/taiwa-dining-4022107.jpg,matched own listing photo
miyagi/taiwa,109,モンペリエ ヨークベニマル大和吉岡店,https://img.bokenjapan.com/media/taiwa-dining-4024421.jpg,https://img.bokenjapan.com/media/taiwa-dining-4015449.jpg,matched own listing photo
miyagi/taiwa,110,不二家  ヨークベニマル大和吉岡店,https://img.bokenjapan.com/media/taiwa-dining-4028031.jpg,https://img.bokenjapan.com/media/taiwa-dining-4024421.jpg,matched own listing photo
miyagi/taiwa,112,サンロード ヤマザワ吉岡店,https://img.bokenjapan.com/media/taiwa-dining-4024461.jpg,https://img.bokenjapan.com/media/taiwa-dining-4028031.jpg,matched own listing photo
miyagi/taiwa,113,伊達いわな直売所,https://img.bokenjapan.com/media/taiwa-dining-4027001.jpg,https://img.bokenjapan.com/media/taiwa-dining-4024461.jpg,matched own listing photo
miyagi/taiwa,114,セブンイレブン 大和陸上自衛隊前店,https://img.bokenjapan.com/media/taiwa-dining-4018750.jpg,https://img.bokenjapan.com/media/taiwa-dining-4027001.jpg,matched own listing photo
miyagi/taiwa,115,スタジオ根っこ 立ち喰いそば,https://img.bokenjapan.com/media/taiwa-dining-4030446.jpg,https://img.bokenjapan.com/media/taiwa-dining-4018750.jpg,matched own listing photo
miyagi/taiwa,118,ヤマザワ 杜のまち店,https://img.bokenjapan.com/media/taiwa-dining-4028235.jpg,,photo belonged to another card; no own photo found
miyagi/taiwa,119,穀田屋,https://img.bokenjapan.com/media/taiwa-dining-4030144.jpg,https://img.bokenjapan.com/media/taiwa-dining-4028235.jpg,matched own listing photo
miyagi/taiwa,120,LAWSON 大和もみじケ丘三丁目店,https://img.bokenjapan.com/media/taiwa-dining-4029763.jpg,https://img.bokenjapan.com/media/taiwa-dining-4030144.jpg,matched own listing photo
miyagi/taiwa,121,みやぎ生協 大富店,https://img.bokenjapan.com/media/taiwa-dining-4028007.jpg,https://img.bokenjapan.com/media/taiwa-dining-4029763.jpg,matched own listing photo
miyagi/taiwa,122,吉岡宿 浅多商店,https://img.bokenjapan.com/media/taiwa-dining-4030145.jpg,https://img.bokenjapan.com/media/taiwa-dining-4028007.jpg,matched own listing photo
miyagi/taiwa,124,居酒屋 花だより,https://img.bokenjapan.com/media/taiwa-dining-4022072.jpg,https://img.bokenjapan.com/media/taiwa-dining-4030145.jpg,matched own listing photo
miyagi/tome,2,うなぎの 東海亭,https://img.bokenjapan.com/media/tome-dining-4000451.jpg,,photo belonged to another card; no own photo found
miyagi/tome,3,菅原屋,https://img.bokenjapan.com/media/tome-dining-4011726.jpg,https://img.bokenjapan.com/media/tome-dining-4000451.jpg,matched own listing photo
miyagi/tome,4,たけや,https://img.bokenjapan.com/media/tome-dining-4002082.jpg,https://img.bokenjapan.com/media/tome-dining-4011726.jpg,matched own listing photo
miyagi/tome,5,くんぺる,https://img.bokenjapan.com/media/tome-dining-4002333.jpg,https://img.bokenjapan.com/media/tome-dining-4002082.jpg,matched own listing photo
miyagi/tome,6,割烹　若鮨,https://img.bokenjapan.com/media/tome-dining-4008849.jpg,https://img.bokenjapan.com/media/tome-dining-4002333.jpg,matched own listing photo
miyagi/tome,7,夢想庵,https://img.bokenjapan.com/media/tome-dining-4016245.jpg,https://img.bokenjapan.com/media/tome-dining-4008849.jpg,matched own listing photo
miyagi/tome,8,ズッケロ,https://img.bokenjapan.com/media/tome-dining-4019175.jpg,https://img.bokenjapan.com/media/tome-dining-4016245.jpg,matched own listing photo
miyagi/tome,9,割烹　清川,https://img.bokenjapan.com/media/tome-dining-4008623.jpg,https://img.bokenjapan.com/media/tome-dining-4019175.jpg,matched own listing photo
miyagi/tome,10,直利庵 三浦屋,https://img.bokenjapan.com/media/tome-dining-4003035.jpg,,photo belonged to another card; no own photo found
miyagi/tome,11,大衆食堂 つか勇,https://img.bokenjapan.com/media/tome-dining-4002206.jpg,https://img.bokenjapan.com/media/tome-dining-4003035.jpg,matched own listing photo
miyagi/tome,12,食堂赤城亭,https://img.bokenjapan.com/media/tome-dining-4003328.jpg,https://img.bokenjapan.com/media/tome-dining-4002206.jpg,matched own listing photo
miyagi/tome,13,船橋や,https://img.bokenjapan.com/media/tome-dining-4002703.jpg,https://img.bokenjapan.com/media/tome-dining-4003328.jpg,matched own listing photo
miyagi/tome,14,チャーシューラーメン・福水,https://img.bokenjapan.com/media/tome-dining-4002221.jpg,https://img.bokenjapan.com/media/tome-dining-4002703.jpg,matched own listing photo
miyagi/tome,15,道の駅 三滝堂,https://img.bokenjapan.com/media/tome-dining-4018824.jpg,https://img.bokenjapan.com/media/tome-dining-4002221.jpg,matched own listing photo
miyagi/tome,16,すぎやま,https://img.bokenjapan.com/media/tome-dining-4002024.jpg,https://img.bokenjapan.com/media/tome-dining-4018824.jpg,matched own listing photo
miyagi/tome,17,いづみ,https://img.bokenjapan.com/media/tome-dining-4002654.jpg,https://img.bokenjapan.com/media/tome-dining-4002024.jpg,matched own listing photo
miyagi/tome,18,HAIJI,https://img.bokenjapan.com/media/tome-dining-4025874.jpg,https://img.bokenjapan.com/media/tome-dining-4002654.jpg,matched own listing photo
miyagi/tome,19,そばCafé なごみ,https://img.bokenjapan.com/media/tome-dining-4024181.jpg,https://img.bokenjapan.com/media/tome-dining-4025874.jpg,matched own listing photo
miyagi/tome,22,味処もん,https://img.bokenjapan.com/media/tome-dining-4003570.jpg,,photo belonged to another card; no own photo found
miyagi/tome,23,麺屋 どん,https://img.bokenjapan.com/media/tome-dining-4026266.jpg,https://img.bokenjapan.com/media/tome-dining-4003570.jpg,matched own listing photo
miyagi/tome,24,鈴長食堂,https://img.bokenjapan.com/media/tome-dining-4005566.jpg,https://img.bokenjapan.com/media/tome-dining-4026266.jpg,matched own listing photo
miyagi/tome,25,中国料理紫苑,https://img.bokenjapan.com/media/tome-dining-4002122.jpg,https://img.bokenjapan.com/media/tome-dining-4005566.jpg,matched own listing photo
miyagi/tome,26,春蘭亭,https://img.bokenjapan.com/media/tome-dining-4002135.jpg,https://img.bokenjapan.com/media/tome-dining-4002122.jpg,matched own listing photo
miyagi/tome,27,旬魚和彩 万咲,https://img.bokenjapan.com/media/tome-dining-4010935.jpg,https://img.bokenjapan.com/media/tome-dining-4002135.jpg,matched own listing photo
miyagi/tome,28,満月,https://img.bokenjapan.com/media/tome-dining-4008926.jpg,https://img.bokenjapan.com/media/tome-dining-4010935.jpg,matched own listing photo
miyagi/tome,29,喰膳　蔵・ら～,https://img.bokenjapan.com/media/tome-dining-4008754.jpg,https://img.bokenjapan.com/media/tome-dining-4008926.jpg,matched own listing photo
miyagi/tome,30,花遊膳,https://img.bokenjapan.com/media/tome-dining-4003144.jpg,https://img.bokenjapan.com/media/tome-dining-4008754.jpg,matched own listing photo
miyagi/tome,31,麵屋 一魂,https://img.bokenjapan.com/media/tome-dining-4027538.jpg,https://img.bokenjapan.com/media/tome-dining-4003144.jpg,matched own listing photo
miyagi/tome,32,そば処 竹庵,https://img.bokenjapan.com/media/tome-dining-4001810.jpg,https://img.bokenjapan.com/media/tome-dining-4027538.jpg,matched own listing photo
miyagi/tome,33,CAFE GATI,https://img.bokenjapan.com/media/tome-dining-4001782.jpg,https://img.bokenjapan.com/media/tome-dining-4001810.jpg,matched own listing photo
miyagi/tome,34,ダイニング サクラ,https://img.bokenjapan.com/media/tome-dining-4012502.jpg,https://img.bokenjapan.com/media/tome-dining-4001782.jpg,matched own listing photo
miyagi/tome,35,道の駅 三滝堂 売店・物産コーナー,https://img.bokenjapan.com/media/tome-dining-4022489.jpg,https://img.bokenjapan.com/media/tome-dining-4012502.jpg,matched own listing photo
miyagi/tome,36,味噌らーめん工房 麺助 佐沼店,https://img.bokenjapan.com/media/tome-dining-4022226.jpg,https://img.bokenjapan.com/media/tome-dining-4022489.jpg,matched own listing photo
miyagi/tome,37,そば乃里 更科,https://img.bokenjapan.com/media/tome-dining-4008380.jpg,https://img.bokenjapan.com/media/tome-dining-4022226.jpg,matched own listing photo
miyagi/tome,38,いつも月夜に麺の飯,https://img.bokenjapan.com/media/tome-dining-4024909.jpg,https://img.bokenjapan.com/media/tome-dining-4008380.jpg,matched own listing photo
miyagi/tome,39,とよまだんご,https://img.bokenjapan.com/media/tome-dining-4001814.jpg,https://img.bokenjapan.com/media/tome-dining-4024909.jpg,matched own listing photo
miyagi/tome,42,北海道一番,https://img.bokenjapan.com/media/tome-dining-4003121.jpg,,photo belonged to another card; no own photo found
miyagi/tome,43,萩ノ宮製麺所 佐沼店,https://img.bokenjapan.com/media/tome-dining-4025806.jpg,https://img.bokenjapan.com/media/tome-dining-4003121.jpg,matched own listing photo
miyagi/tome,44,道の駅 津山 もくもくランド,https://img.bokenjapan.com/media/tome-dining-4017074.jpg,https://img.bokenjapan.com/media/tome-dining-4025806.jpg,matched own listing photo
miyagi/tome,45,WILD ROOKIE,https://img.bokenjapan.com/media/tome-dining-4028292.jpg,https://img.bokenjapan.com/media/tome-dining-4017074.jpg,matched own listing photo
miyagi/tome,46,佐々木屋,https://img.bokenjapan.com/media/tome-dining-4003565.jpg,https://img.bokenjapan.com/media/tome-dining-4028292.jpg,matched own listing photo
miyagi/tome,47,道の駅みなみかた もっこりの里,https://img.bokenjapan.com/media/tome-dining-4018989.jpg,https://img.bokenjapan.com/media/tome-dining-4003565.jpg,matched own listing photo
miyagi/tome,48,ホルモン初音,https://img.bokenjapan.com/media/tome-dining-4004310.jpg,https://img.bokenjapan.com/media/tome-dining-4018989.jpg,matched own listing photo
miyagi/tome,49,カフェ メラキ,https://img.bokenjapan.com/media/tome-dining-4020667.jpg,https://img.bokenjapan.com/media/tome-dining-4004310.jpg,matched own listing photo
miyagi/tome,50,ワンワールド,https://img.bokenjapan.com/media/tome-dining-4019868.jpg,https://img.bokenjapan.com/media/tome-dining-4020667.jpg,matched own listing photo
miyagi/tome,51,ゆたかや,https://img.bokenjapan.com/media/tome-dining-4004489.jpg,https://img.bokenjapan.com/media/tome-dining-4019868.jpg,matched own listing photo
miyagi/tome,52,艸と手と水,https://img.bokenjapan.com/media/tome-dining-4028553.jpg,https://img.bokenjapan.com/media/tome-dining-4004489.jpg,matched own listing photo
miyagi/tome,53,林林館・森の茶屋,https://img.bokenjapan.com/media/tome-dining-4008379.jpg,https://img.bokenjapan.com/media/tome-dining-4028553.jpg,matched own listing photo
miyagi/tome,54,北沢屋,https://img.bokenjapan.com/media/tome-dining-4008870.jpg,https://img.bokenjapan.com/media/tome-dining-4008379.jpg,matched own listing photo
miyagi/tome,55,うまい登米っこ 欒や！,https://img.bokenjapan.com/media/tome-dining-4010700.jpg,https://img.bokenjapan.com/media/tome-dining-4008870.jpg,matched own listing photo
miyagi/tome,56,鉄兵衛 佐沼バイパス店,https://img.bokenjapan.com/media/tome-dining-4021167.jpg,https://img.bokenjapan.com/media/tome-dining-4010700.jpg,matched own listing photo
miyagi/tome,57,ホテルサンシャイン 佐沼,https://img.bokenjapan.com/media/tome-dining-4018553.jpg,https://img.bokenjapan.com/media/tome-dining-4021167.jpg,matched own listing photo
miyagi/tome,58,麺屋ふうる,https://img.bokenjapan.com/media/tome-dining-4011869.jpg,https://img.bokenjapan.com/media/tome-dining-4018553.jpg,matched own listing photo
miyagi/tome,62,居酒屋 都賀,https://img.bokenjapan.com/media/tome-dining-4024934.jpg,,photo belonged to another card; no own photo found
miyagi/tome,63,ごえん食堂,https://img.bokenjapan.com/media/tome-dining-4029574.jpg,https://img.bokenjapan.com/media/tome-dining-4024934.jpg,matched own listing photo
miyagi/tome,64,甘酒びより日々喜,https://img.bokenjapan.com/media/tome-dining-4028257.jpg,https://img.bokenjapan.com/media/tome-dining-4029574.jpg,matched own listing photo
miyagi/tome,65,やきとり おやじ,https://img.bokenjapan.com/media/tome-dining-4026944.jpg,https://img.bokenjapan.com/media/tome-dining-4028257.jpg,matched own listing photo
miyagi/tome,66,ラーメンショップ太田家本店,https://img.bokenjapan.com/media/tome-dining-4008608.jpg,https://img.bokenjapan.com/media/tome-dining-4026944.jpg,matched own listing photo
miyagi/tome,67,賢龍,https://img.bokenjapan.com/media/tome-dining-4010869.jpg,https://img.bokenjapan.com/media/tome-dining-4008608.jpg,matched own listing photo
miyagi/tome,68,お食事処 木里口,https://img.bokenjapan.com/media/tome-dining-4005548.jpg,https://img.bokenjapan.com/media/tome-dining-4010869.jpg,matched own listing photo
miyagi/tome,69,田口珈琲店,https://img.bokenjapan.com/media/tome-dining-4011592.jpg,,photo belonged to another card; no own photo found
miyagi/tome,70,シャングリラ 佐沼店,https://img.bokenjapan.com/media/tome-dining-4011800.jpg,https://img.bokenjapan.com/media/tome-dining-4011592.jpg,matched own listing photo
miyagi/tome,71,cafe arva,https://img.bokenjapan.com/media/tome-dining-4026746.jpg,https://img.bokenjapan.com/media/tome-dining-4011800.jpg,matched own listing photo
miyagi/tome,72,亀屋食堂,https://img.bokenjapan.com/media/tome-dining-4022756.jpg,https://img.bokenjapan.com/media/tome-dining-4026746.jpg,matched own listing photo
miyagi/tome,73,豊里名物かいてん焼てらさわ小進堂,https://img.bokenjapan.com/media/tome-dining-4020211.jpg,https://img.bokenjapan.com/media/tome-dining-4022756.jpg,matched own listing photo
miyagi/tome,74,水辺のカフェ おもてなし,https://img.bokenjapan.com/media/tome-dining-4022123.jpg,https://img.bokenjapan.com/media/tome-dining-4020211.jpg,matched own listing photo
miyagi/tome,75,フルセイルコーヒー イオンタウン佐沼店,https://img.bokenjapan.com/media/tome-dining-4002376.jpg,https://img.bokenjapan.com/media/tome-dining-4022123.jpg,matched own listing photo
miyagi/tome,76,炉ばたささき,https://img.bokenjapan.com/media/tome-dining-4005213.jpg,https://img.bokenjapan.com/media/tome-dining-4002376.jpg,matched own listing photo
miyagi/tome,80,三浦商店,https://img.bokenjapan.com/media/tome-dining-4018595.jpg,,photo belonged to another card; no own photo found
miyagi/tome,81,麺や 文左,https://img.bokenjapan.com/media/tome-dining-4011949.jpg,https://img.bokenjapan.com/media/tome-dining-4018595.jpg,matched own listing photo
miyagi/tome,82,比恵呂,https://img.bokenjapan.com/media/tome-dining-4001748.jpg,https://img.bokenjapan.com/media/tome-dining-4011949.jpg,matched own listing photo
miyagi/tome,83,萬福屋,https://img.bokenjapan.com/media/tome-dining-4003071.jpg,https://img.bokenjapan.com/media/tome-dining-4001748.jpg,matched own listing photo
miyagi/tome,84,津山食堂,https://img.bokenjapan.com/media/tome-dining-4007013.jpg,https://img.bokenjapan.com/media/tome-dining-4003071.jpg,matched own listing photo
miyagi/tome,85,サブン,https://img.bokenjapan.com/media/tome-dining-4002134.jpg,https://img.bokenjapan.com/media/tome-dining-4007013.jpg,matched own listing photo
miyagi/tome,86,こーひー日和,https://img.bokenjapan.com/media/tome-dining-4020803.jpg,https://img.bokenjapan.com/media/tome-dining-4002134.jpg,matched own listing photo
miyagi/tome,87,三浦屋食堂,https://img.bokenjapan.com/media/tome-dining-4005344.jpg,https://img.bokenjapan.com/media/tome-dining-4020803.jpg,matched own listing photo
miyagi/tome,88,Circulo,https://img.bokenjapan.com/media/tome-dining-4026392.jpg,https://img.bokenjapan.com/media/tome-dining-4005344.jpg,matched own listing photo
miyagi/tome,89,しまや,https://img.bokenjapan.com/media/tome-dining-4020513.jpg,https://img.bokenjapan.com/media/tome-dining-4026392.jpg,matched own listing photo
miyagi/tome,90,かがの亭,https://img.bokenjapan.com/media/tome-dining-4007965.jpg,https://img.bokenjapan.com/media/tome-dining-4020513.jpg,matched own listing photo
miyagi/tome,91,長沼フートピアふるさと物産館,https://img.bokenjapan.com/media/tome-dining-4014064.jpg,https://img.bokenjapan.com/media/tome-dining-4007965.jpg,matched own listing photo
miyagi/tome,92,紅龍菜館,https://img.bokenjapan.com/media/tome-dining-4001780.jpg,https://img.bokenjapan.com/media/tome-dining-4014064.jpg,matched own listing photo
miyagi/tome,93,遠山之里,https://img.bokenjapan.com/media/tome-dining-4011961.jpg,https://img.bokenjapan.com/media/tome-dining-4001780.jpg,matched own listing photo
miyagi/tome,94,新田屋,https://img.bokenjapan.com/media/tome-dining-4005412.jpg,https://img.bokenjapan.com/media/tome-dining-4011961.jpg,matched own listing photo
miyagi/tome,95,ビストロ ヴァンダンジュ,https://img.bokenjapan.com/media/tome-dining-4018927.jpg,https://img.bokenjapan.com/media/tome-dining-4005412.jpg,matched own listing photo
miyagi/tome,96,蔵,https://img.bokenjapan.com/media/tome-dining-4002678.jpg,https://img.bokenjapan.com/media/tome-dining-4018927.jpg,matched own listing photo
miyagi/tome,97,末広,https://img.bokenjapan.com/media/tome-dining-4008613.jpg,https://img.bokenjapan.com/media/tome-dining-4002678.jpg,matched own listing photo
miyagi/tome,100,ランチボックス,https://img.bokenjapan.com/media/tome-dining-4001893.jpg,,photo belonged to another card; no own photo found
miyagi/tome,101,にしきや菓子舗,https://img.bokenjapan.com/media/tome-dining-4003175.jpg,https://img.bokenjapan.com/media/tome-dining-4001893.jpg,matched own listing photo
miyagi/tome,102,Italian Cafe Beato,https://img.bokenjapan.com/media/tome-dining-4027159.jpg,https://img.bokenjapan.com/media/tome-dining-4003175.jpg,matched own listing photo
miyagi/tome,103,白馬車,https://img.bokenjapan.com/media/tome-dining-4003237.jpg,https://img.bokenjapan.com/media/tome-dining-4027159.jpg,matched own listing photo
miyagi/tome,104,花々,https://img.bokenjapan.com/media/tome-dining-4003254.jpg,https://img.bokenjapan.com/media/tome-dining-4003237.jpg,matched own listing photo
miyagi/tome,105,手づくりパンとお菓子の店 グリーン工房 みやぎ生協加賀野店,https://img.bokenjapan.com/media/tome-dining-4023176.jpg,https://img.bokenjapan.com/media/tome-dining-4003254.jpg,matched own listing photo
miyagi/tome,106,蔵八ラーメン亭 佐沼店,https://img.bokenjapan.com/media/tome-dining-4001794.jpg,https://img.bokenjapan.com/media/tome-dining-4023176.jpg,matched own listing photo
miyagi/tome,107,ラーメン武蔵,https://img.bokenjapan.com/media/tome-dining-4003236.jpg,https://img.bokenjapan.com/media/tome-dining-4001794.jpg,matched own listing photo
miyagi/tome,108,ラーメンショップ太田家 梅ノ木店,https://img.bokenjapan.com/media/tome-dining-4011118.jpg,https://img.bokenjapan.com/media/tome-dining-4003236.jpg,matched own listing photo
miyagi/tome,109,みんなのカフェtetote,https://img.bokenjapan.com/media/tome-dining-4017101.jpg,https://img.bokenjapan.com/media/tome-dining-4011118.jpg,matched own listing photo
miyagi/tome,110,くんぺる直売マーケット,https://img.bokenjapan.com/media/tome-dining-4017247.jpg,https://img.bokenjapan.com/media/tome-dining-4017101.jpg,matched own listing photo
miyagi/tome,111,レストハウス みちくさ,https://img.bokenjapan.com/media/tome-dining-4008636.jpg,https://img.bokenjapan.com/media/tome-dining-4017247.jpg,matched own listing photo
miyagi/tome,112,彩香,https://img.bokenjapan.com/media/tome-dining-4008607.jpg,https://img.bokenjapan.com/media/tome-dining-4008636.jpg,matched own listing photo
miyagi/tome,113,ポスト,https://img.bokenjapan.com/media/tome-dining-4013385.jpg,https://img.bokenjapan.com/media/tome-dining-4008607.jpg,matched own listing photo
miyagi/tome,114,花蓮,https://img.bokenjapan.com/media/tome-dining-4002145.jpg,https://img.bokenjapan.com/media/tome-dining-4013385.jpg,matched own listing photo
miyagi/tome,115,珍々堂菓子舗,https://img.bokenjapan.com/media/tome-dining-4003177.jpg,https://img.bokenjapan.com/media/tome-dining-4002145.jpg,matched own listing photo
miyagi/tome,116,ながれ食堂,https://img.bokenjapan.com/media/tome-dining-4012981.jpg,https://img.bokenjapan.com/media/tome-dining-4003177.jpg,matched own listing photo
miyagi/tome,117,食事処 よっち坊,https://img.bokenjapan.com/media/tome-dining-4022613.jpg,https://img.bokenjapan.com/media/tome-dining-4012981.jpg,matched own listing photo
miyagi/tome,120,キッチンK,https://img.bokenjapan.com/media/tome-dining-4024937.jpg,,photo belonged to another card; no own photo found
miyagi/tome,121,味処 吉祥,https://img.bokenjapan.com/media/tome-dining-4024572.jpg,https://img.bokenjapan.com/media/tome-dining-4024937.jpg,matched own listing photo
miyagi/tome,122,パティスリー モンレーヴ,https://img.bokenjapan.com/media/tome-dining-4015627.jpg,https://img.bokenjapan.com/media/tome-dining-4024572.jpg,matched own listing photo
miyagi/tome,123,じゅうじゅう,https://img.bokenjapan.com/media/tome-dining-4001824.jpg,https://img.bokenjapan.com/media/tome-dining-4015627.jpg,matched own listing photo
miyagi/tome,124,パティシェピーターパン,https://img.bokenjapan.com/media/tome-dining-4010680.jpg,https://img.bokenjapan.com/media/tome-dining-4001824.jpg,matched own listing photo
miyagi/tome,125,菓房 山清 佐沼店,https://img.bokenjapan.com/media/tome-dining-4025611.jpg,https://img.bokenjapan.com/media/tome-dining-4010680.jpg,matched own listing photo
miyagi/tome,126,自家焙煎 ロイヤル・ド・カフェ,https://img.bokenjapan.com/media/tome-dining-4024596.jpg,https://img.bokenjapan.com/media/tome-dining-4025611.jpg,matched own listing photo
miyagi/tome,127,おかしの家 Kanon 道の駅みなみかたもっこりの里店,https://img.bokenjapan.com/media/tome-dining-4023390.jpg,https://img.bokenjapan.com/media/tome-dining-4024596.jpg,matched own listing photo
miyagi/tome,128,甘太郎や菓子店,https://img.bokenjapan.com/media/tome-dining-4026713.jpg,https://img.bokenjapan.com/media/tome-dining-4023390.jpg,matched own listing photo
miyagi/tome,129,イザカヤ 獏々,https://img.bokenjapan.com/media/tome-dining-4027968.jpg,https://img.bokenjapan.com/media/tome-dining-4026713.jpg,matched own listing photo
miyagi/tome,130,cafe MiNoRi,https://img.bokenjapan.com/media/tome-dining-4026167.jpg,https://img.bokenjapan.com/media/tome-dining-4027968.jpg,matched own listing photo
miyagi/tome,131,西城酒店,https://img.bokenjapan.com/media/tome-dining-4028764.jpg,https://img.bokenjapan.com/media/tome-dining-4026167.jpg,matched own listing photo
miyagi/tome,132,ヤマカノ醸造株式会社,https://img.bokenjapan.com/media/tome-dining-4028774.jpg,https://img.bokenjapan.com/media/tome-dining-4028764.jpg,matched own listing photo
miyagi/tome,133,サンフレックス,https://img.bokenjapan.com/media/tome-dining-4013422.jpg,https://img.bokenjapan.com/media/tome-dining-4028774.jpg,matched own listing photo
miyagi/tome,134,フレッシュストアーささき,https://img.bokenjapan.com/media/tome-dining-4028918.jpg,https://img.bokenjapan.com/media/tome-dining-4013422.jpg,matched own listing photo
miyagi/tome,135,地酒と駄菓子よしだ,https://img.bokenjapan.com/media/tome-dining-4027604.jpg,https://img.bokenjapan.com/media/tome-dining-4028918.jpg,matched own listing photo
miyagi/tome,136,大番,https://img.bokenjapan.com/media/tome-dining-4010919.jpg,https://img.bokenjapan.com/media/tome-dining-4027604.jpg,matched own listing photo
miyagi/tome,137,珍味,https://img.bokenjapan.com/media/tome-dining-4002226.jpg,https://img.bokenjapan.com/media/tome-dining-4010919.jpg,matched own listing photo
miyagi/tome,140,明登館,https://img.bokenjapan.com/media/tome-dining-4002227.jpg,,photo belonged to another card; no own photo found
miyagi/tome,141,浜寿司,https://img.bokenjapan.com/media/tome-dining-4008602.jpg,https://img.bokenjapan.com/media/tome-dining-4002227.jpg,matched own listing photo
miyagi/tome,142,手づくりのお店 ソワカ,https://img.bokenjapan.com/media/tome-dining-4022180.jpg,https://img.bokenjapan.com/media/tome-dining-4008602.jpg,matched own listing photo
miyagi/tome,143,すぎ岡,https://img.bokenjapan.com/media/tome-dining-4004859.jpg,https://img.bokenjapan.com/media/tome-dining-4022180.jpg,matched own listing photo
miyagi/tome,144,焼肉おがた,https://img.bokenjapan.com/media/tome-dining-4008634.jpg,https://img.bokenjapan.com/media/tome-dining-4004859.jpg,matched own listing photo
miyagi/tome,145,ビストロ匠,https://img.bokenjapan.com/media/tome-dining-4002223.jpg,https://img.bokenjapan.com/media/tome-dining-4008634.jpg,matched own listing photo
miyagi/tome,146,レストランこんとう,https://img.bokenjapan.com/media/tome-dining-4007619.jpg,,photo belonged to another card; no own photo found
miyagi/tome,147,長沼ロッヂ,https://img.bokenjapan.com/media/tome-dining-4015095.jpg,https://img.bokenjapan.com/media/tome-dining-4007619.jpg,matched own listing photo
miyagi/tome,148,食彩香房わび助,https://img.bokenjapan.com/media/tome-dining-4004970.jpg,https://img.bokenjapan.com/media/tome-dining-4015095.jpg,matched own listing photo
miyagi/tome,149,ガトウ・タチバナ,https://img.bokenjapan.com/media/tome-dining-4017853.jpg,https://img.bokenjapan.com/media/tome-dining-4004970.jpg,matched own listing photo
miyagi/tome,150,モア＆モア,https://img.bokenjapan.com/media/tome-dining-4003953.jpg,https://img.bokenjapan.com/media/tome-dining-4017853.jpg,matched own listing photo
miyagi/tome,151,まるなお,https://img.bokenjapan.com/media/tome-dining-4012387.jpg,https://img.bokenjapan.com/media/tome-dining-4003953.jpg,matched own listing photo
miyagi/tome,152,居酒屋 さだ,https://img.bokenjapan.com/media/tome-dining-4028829.jpg,https://img.bokenjapan.com/media/tome-dining-4012387.jpg,matched own listing photo
miyagi/tome,153,若松,https://img.bokenjapan.com/media/tome-dining-4014296.jpg,https://img.bokenjapan.com/media/tome-dining-4028829.jpg,matched own listing photo
miyagi/tome,154,肉屋食堂,https://img.bokenjapan.com/media/tome-dining-4007048.jpg,https://img.bokenjapan.com/media/tome-dining-4014296.jpg,matched own listing photo
miyagi/tome,155,片岡家,https://img.bokenjapan.com/media/tome-dining-4012983.jpg,https://img.bokenjapan.com/media/tome-dining-4007048.jpg,matched own listing photo
miyagi/tome,156,かふぇ やまぼうし,https://img.bokenjapan.com/media/tome-dining-4018990.jpg,https://img.bokenjapan.com/media/tome-dining-4012983.jpg,matched own listing photo
miyagi/tome,159,東北ミドリフーズ,https://img.bokenjapan.com/media/tome-dining-4029808.jpg,,photo belonged to another card; no own photo found
miyagi/tome,160,パスタダイニング ハガ,https://img.bokenjapan.com/media/tome-dining-4028966.jpg,https://img.bokenjapan.com/media/tome-dining-4029808.jpg,matched own listing photo
miyagi/tome,161,kultur coffee roasters,https://img.bokenjapan.com/media/tome-dining-4025241.jpg,https://img.bokenjapan.com/media/tome-dining-4028966.jpg,matched own listing photo
miyagi/tome,162,自家焙煎珈琲幸房 風,https://img.bokenjapan.com/media/tome-dining-4025641.jpg,https://img.bokenjapan.com/media/tome-dining-4025241.jpg,matched own listing photo
miyagi/tome,163,雑貨とカフェ バースデーズ,https://img.bokenjapan.com/media/tome-dining-4022152.jpg,https://img.bokenjapan.com/media/tome-dining-4025641.jpg,matched own listing photo
miyagi/tome,164,和,https://img.bokenjapan.com/media/tome-dining-4002529.jpg,https://img.bokenjapan.com/media/tome-dining-4022152.jpg,matched own listing photo
miyagi/tome,165,街はずれのパン屋Beo,https://img.bokenjapan.com/media/tome-dining-4027924.jpg,https://img.bokenjapan.com/media/tome-dining-4002529.jpg,matched own listing photo
miyagi/tome,166,Riyan,https://img.bokenjapan.com/media/tome-dining-4027161.jpg,https://img.bokenjapan.com/media/tome-dining-4027924.jpg,matched own listing photo
miyagi/tome,167,ほかほか弁当,https://img.bokenjapan.com/media/tome-dining-4025901.jpg,https://img.bokenjapan.com/media/tome-dining-4027161.jpg,matched own listing photo
miyagi/tome,168,茶房 あかり,https://img.bokenjapan.com/media/tome-dining-4026055.jpg,https://img.bokenjapan.com/media/tome-dining-4025901.jpg,matched own listing photo
miyagi/tome,169,ぱんや つきあかり,https://img.bokenjapan.com/media/tome-dining-4025468.jpg,https://img.bokenjapan.com/media/tome-dining-4026055.jpg,matched own listing photo
miyagi/tome,170,パーラー ゆんたく,https://img.bokenjapan.com/media/tome-dining-4027674.jpg,https://img.bokenjapan.com/media/tome-dining-4025468.jpg,matched own listing photo
miyagi/tome,171,菅原菓子舗,https://img.bokenjapan.com/media/tome-dining-4003176.jpg,https://img.bokenjapan.com/media/tome-dining-4027674.jpg,matched own listing photo
miyagi/tome,172,パン工房アンジュ,https://img.bokenjapan.com/media/tome-dining-4027913.jpg,https://img.bokenjapan.com/media/tome-dining-4003176.jpg,matched own listing photo
miyagi/tome,173,やきにく日和,https://img.bokenjapan.com/media/tome-dining-4028380.jpg,https://img.bokenjapan.com/media/tome-dining-4027913.jpg,matched own listing photo
miyagi/tome,174,ふう かふぇ,https://img.bokenjapan.com/media/tome-dining-4026899.jpg,https://img.bokenjapan.com/media/tome-dining-4028380.jpg,matched own listing photo
miyagi/tome,175,原始焼き酒場 たか,https://img.bokenjapan.com/media/tome-dining-4029883.jpg,https://img.bokenjapan.com/media/tome-dining-4026899.jpg,matched own listing photo
miyagi/tome,176,菓房 山清 みやぎ生協加賀野店,https://img.bokenjapan.com/media/tome-dining-4025610.jpg,https://img.bokenjapan.com/media/tome-dining-4029883.jpg,matched own listing photo
miyagi/tome,179,海老喜商店,https://img.bokenjapan.com/media/tome-dining-4002694.jpg,,photo belonged to another card; no own photo found
miyagi/tome,180,心味,https://img.bokenjapan.com/media/tome-dining-4015272.jpg,https://img.bokenjapan.com/media/tome-dining-4002694.jpg,matched own listing photo
miyagi/tome,181,米福,https://img.bokenjapan.com/media/tome-dining-4012969.jpg,https://img.bokenjapan.com/media/tome-dining-4015272.jpg,matched own listing photo
miyagi/tome,182,オレンジ,https://img.bokenjapan.com/media/tome-dining-4014357.jpg,https://img.bokenjapan.com/media/tome-dining-4012969.jpg,matched own listing photo
miyagi/tome,183,旨いもの酒場 結い蔵,https://img.bokenjapan.com/media/tome-dining-4020732.jpg,https://img.bokenjapan.com/media/tome-dining-4014357.jpg,matched own listing photo
miyagi/tome,184,ぶんき茶屋,https://img.bokenjapan.com/media/tome-dining-4007690.jpg,https://img.bokenjapan.com/media/tome-dining-4020732.jpg,matched own listing photo
miyagi/tome,185,レストラン わいわい,https://img.bokenjapan.com/media/tome-dining-4001801.jpg,https://img.bokenjapan.com/media/tome-dining-4007690.jpg,matched own listing photo
miyagi/tome,186,鳥将,https://img.bokenjapan.com/media/tome-dining-4004968.jpg,https://img.bokenjapan.com/media/tome-dining-4001801.jpg,matched own listing photo
miyagi/tome,187,五菓,https://img.bokenjapan.com/media/tome-dining-4020387.jpg,https://img.bokenjapan.com/media/tome-dining-4004968.jpg,matched own listing photo
miyagi/tome,188,ブルームーン,https://img.bokenjapan.com/media/tome-dining-4003002.jpg,https://img.bokenjapan.com/media/tome-dining-4020387.jpg,matched own listing photo
miyagi/tome,189,金木犀,https://img.bokenjapan.com/media/tome-dining-4029946.jpg,https://img.bokenjapan.com/media/tome-dining-4003002.jpg,matched own listing photo
miyagi/tome,190,味処 草庵 十文字店,https://img.bokenjapan.com/media/tome-dining-4011153.jpg,https://img.bokenjapan.com/media/tome-dining-4029946.jpg,matched own listing photo
miyagi/tome,191,モトハマヤ,https://img.bokenjapan.com/media/tome-dining-4023891.jpg,https://img.bokenjapan.com/media/tome-dining-4011153.jpg,matched own listing photo
miyagi/tome,192,仙台牛すてーきハウス牛楽,https://img.bokenjapan.com/media/tome-dining-4018822.jpg,https://img.bokenjapan.com/media/tome-dining-4023891.jpg,matched own listing photo
miyagi/tome,193,たけ,https://img.bokenjapan.com/media/tome-dining-4002657.jpg,https://img.bokenjapan.com/media/tome-dining-4018822.jpg,matched own listing photo
miyagi/tome,194,仁作,https://img.bokenjapan.com/media/tome-dining-4021141.jpg,https://img.bokenjapan.com/media/tome-dining-4002657.jpg,matched own listing photo
miyagi/tome,195,えほんカフェ おひさまの国,https://img.bokenjapan.com/media/tome-dining-4021899.jpg,https://img.bokenjapan.com/media/tome-dining-4021141.jpg,matched own listing photo
miyagi/tome,196,管源米店,https://img.bokenjapan.com/media/tome-dining-4012622.jpg,https://img.bokenjapan.com/media/tome-dining-4021899.jpg,matched own listing photo
miyagi/tome,199,むつごろう,https://img.bokenjapan.com/media/tome-dining-4013035.jpg,,photo belonged to another card; no own photo found
miyagi/tome,200,がじゅまる,https://img.bokenjapan.com/media/tome-dining-4021166.jpg,https://img.bokenjapan.com/media/tome-dining-4013035.jpg,matched own listing photo
miyagi/tome,201,うめ田,https://img.bokenjapan.com/media/tome-dining-4024526.jpg,https://img.bokenjapan.com/media/tome-dining-4021166.jpg,matched own listing photo
miyagi/tome,202,清太郎,https://img.bokenjapan.com/media/tome-dining-4013828.jpg,https://img.bokenjapan.com/media/tome-dining-4024526.jpg,matched own listing photo
miyagi/tome,203,ブックカフェ フェスティバル,https://img.bokenjapan.com/media/tome-dining-4022790.jpg,https://img.bokenjapan.com/media/tome-dining-4013828.jpg,matched own listing photo
miyagi/tome,204,BILL'S DINER,https://img.bokenjapan.com/media/tome-dining-4024356.jpg,https://img.bokenjapan.com/media/tome-dining-4022790.jpg,matched own listing photo
miyagi/tome,205,いざかや 喜楽,https://img.bokenjapan.com/media/tome-dining-4029563.jpg,https://img.bokenjapan.com/media/tome-dining-4024356.jpg,matched own listing photo
miyagi/tome,206,浜乃家,https://img.bokenjapan.com/media/tome-dining-4028072.jpg,https://img.bokenjapan.com/media/tome-dining-4029563.jpg,matched own listing photo
miyagi/tome,207,くま スモールキッチン フリーダム,https://img.bokenjapan.com/media/tome-dining-4028592.jpg,https://img.bokenjapan.com/media/tome-dining-4028072.jpg,matched own listing photo
miyagi/tome,208,CAFE SAKURACO,https://img.bokenjapan.com/media/tome-dining-4025633.jpg,https://img.bokenjapan.com/media/tome-dining-4028592.jpg,matched own listing photo
miyagi/tome,209,TUYAMA BASE,https://img.bokenjapan.com/media/tome-dining-4029738.jpg,https://img.bokenjapan.com/media/tome-dining-4025633.jpg,matched own listing photo
miyagi/tome,210,ねこのいるカフェ ねこあん,https://img.bokenjapan.com/media/tome-dining-4025501.jpg,https://img.bokenjapan.com/media/tome-dining-4029738.jpg,matched own listing photo
miyagi/tome,211,MIAN,https://img.bokenjapan.com/media/tome-dining-4028236.jpg,https://img.bokenjapan.com/media/tome-dining-4025501.jpg,matched own listing photo
miyagi/tome,212,サケイ精肉店,https://img.bokenjapan.com/media/tome-dining-4026820.jpg,https://img.bokenjapan.com/media/tome-dining-4028236.jpg,matched own listing photo
miyagi/tome,213,鉢焼き芋 袋塾,https://img.bokenjapan.com/media/tome-dining-4029064.jpg,https://img.bokenjapan.com/media/tome-dining-4026820.jpg,matched own listing photo
miyagi/tome,214,喫茶サリダ,https://img.bokenjapan.com/media/tome-dining-4025015.jpg,https://img.bokenjapan.com/media/tome-dining-4029064.jpg,matched own listing photo
miyagi/tome,215,かじか売店,https://img.bokenjapan.com/media/tome-dining-4027182.jpg,https://img.bokenjapan.com/media/tome-dining-4025015.jpg,matched own listing photo
miyagi/tome,216,シマリスのほっぺ,https://img.bokenjapan.com/media/tome-dining-4027961.jpg,https://img.bokenjapan.com/media/tome-dining-4027182.jpg,matched own listing photo
miyagi/tome,218,うまい鮨勘 佐沼店,https://img.bokenjapan.com/media/tome-dining-4008598.jpg,,photo belonged to another card; no own photo found
miyagi/tome,219,焼肉冷麺やまなか家 佐沼店,https://img.bokenjapan.com/media/tome-dining-4002324.jpg,https://img.bokenjapan.com/media/tome-dining-4008598.jpg,matched own listing photo
miyagi/tome,220,ココス 登米佐沼店,https://img.bokenjapan.com/media/tome-dining-4002652.jpg,https://img.bokenjapan.com/media/tome-dining-4002324.jpg,matched own listing photo
miyagi/tome,221,吉野家 宮城佐沼店,https://img.bokenjapan.com/media/tome-dining-4015124.jpg,https://img.bokenjapan.com/media/tome-dining-4002652.jpg,matched own listing photo
miyagi/tome,222,ジョイフル 宮城佐沼店,https://img.bokenjapan.com/media/tome-dining-4002783.jpg,,photo belonged to another card; no own photo found
miyagi/tome,223,株式会社山形屋商店,https://img.bokenjapan.com/media/tome-dining-4020939.jpg,https://img.bokenjapan.com/media/tome-dining-4002783.jpg,matched own listing photo
miyagi/tome,224,かっぱ寿司 佐沼店,https://img.bokenjapan.com/media/tome-dining-4015117.jpg,https://img.bokenjapan.com/media/tome-dining-4020939.jpg,matched own listing photo
miyagi/tome,225,遠山茶寮,https://img.bokenjapan.com/media/tome-dining-4018942.jpg,https://img.bokenjapan.com/media/tome-dining-4015117.jpg,matched own listing photo
miyagi/tome,226,シャトレーゼ 佐沼店,https://img.bokenjapan.com/media/tome-dining-4025631.jpg,https://img.bokenjapan.com/media/tome-dining-4018942.jpg,matched own listing photo
miyagi/tome,227,割烹よっちゃん屋,https://img.bokenjapan.com/media/tome-dining-4003453.jpg,https://img.bokenjapan.com/media/tome-dining-4025631.jpg,matched own listing photo
miyagi/tome,228,おかしの家 Kanon,https://img.bokenjapan.com/media/tome-dining-4017614.jpg,https://img.bokenjapan.com/media/tome-dining-4003453.jpg,matched own listing photo
miyagi/tome,229,パルティール,https://img.bokenjapan.com/media/tome-dining-4020010.jpg,https://img.bokenjapan.com/media/tome-dining-4017614.jpg,matched own listing photo
miyagi/tome,230,舟丁,https://img.bokenjapan.com/media/tome-dining-4016047.jpg,https://img.bokenjapan.com/media/tome-dining-4020010.jpg,matched own listing photo
miyagi/tome,231,食彩美げんきむら,https://img.bokenjapan.com/media/tome-dining-4026502.jpg,https://img.bokenjapan.com/media/tome-dining-4016047.jpg,matched own listing photo
miyagi/tome,232,カフェマナレア,https://img.bokenjapan.com/media/tome-dining-4017158.jpg,https://img.bokenjapan.com/media/tome-dining-4026502.jpg,matched own listing photo
miyagi/tome,233,本田,https://img.bokenjapan.com/media/tome-dining-4003077.jpg,https://img.bokenjapan.com/media/tome-dining-4017158.jpg,matched own listing photo
miyagi/tome,234,西條もち屋,https://img.bokenjapan.com/media/tome-dining-4010974.jpg,https://img.bokenjapan.com/media/tome-dining-4003077.jpg,matched own listing photo
miyagi/tome,235,エルヴィン,https://img.bokenjapan.com/media/tome-dining-4022769.jpg,https://img.bokenjapan.com/media/tome-dining-4010974.jpg,matched own listing photo
miyagi/tome,238,ショップリバーサイド,https://img.bokenjapan.com/media/tome-dining-4013573.jpg,,photo belonged to another card; no own photo found
miyagi/tome,239,割烹きらく粋月山,https://img.bokenjapan.com/media/tome-dining-4005119.jpg,https://img.bokenjapan.com/media/tome-dining-4013573.jpg,matched own listing photo
miyagi/tome,240,遊のそば,https://img.bokenjapan.com/media/tome-dining-4017718.jpg,https://img.bokenjapan.com/media/tome-dining-4005119.jpg,matched own listing photo
miyagi/tome,241,JAグリーン みやぎ登米,https://img.bokenjapan.com/media/tome-dining-4024875.jpg,https://img.bokenjapan.com/media/tome-dining-4017718.jpg,matched own listing photo
miyagi/tome,242,soeru,https://img.bokenjapan.com/media/tome-dining-4023333.jpg,https://img.bokenjapan.com/media/tome-dining-4024875.jpg,matched own listing photo
miyagi/tome,243,薬膳カフェ SUN,https://img.bokenjapan.com/media/tome-dining-4018991.jpg,https://img.bokenjapan.com/media/tome-dining-4023333.jpg,matched own listing photo
miyagi/tome,244,ばー Ann,https://img.bokenjapan.com/media/tome-dining-4029714.jpg,https://img.bokenjapan.com/media/tome-dining-4018991.jpg,matched own listing photo
miyagi/tome,245,音JAZZ鳴夜,https://img.bokenjapan.com/media/tome-dining-4022929.jpg,https://img.bokenjapan.com/media/tome-dining-4029714.jpg,matched own listing photo
miyagi/tome,246,美津乃寿司,https://img.bokenjapan.com/media/tome-dining-4004797.jpg,https://img.bokenjapan.com/media/tome-dining-4022929.jpg,matched own listing photo
miyagi/tome,247,焼肉 力,https://img.bokenjapan.com/media/tome-dining-4002951.jpg,https://img.bokenjapan.com/media/tome-dining-4004797.jpg,matched own listing photo
miyagi/tome,248,ステーキハウス 珈琲工務店,https://img.bokenjapan.com/media/tome-dining-4026529.jpg,https://img.bokenjapan.com/media/tome-dining-4002951.jpg,matched own listing photo
miyagi/tome,249,MIAN,https://img.bokenjapan.com/media/tome-dining-4029167.jpg,https://img.bokenjapan.com/media/tome-dining-4026529.jpg,matched own listing photo
miyagi/tome,250,串太郎,https://img.bokenjapan.com/media/tome-dining-4018315.jpg,https://img.bokenjapan.com/media/tome-dining-4029167.jpg,matched own listing photo
miyagi/tome,251,キッチンカフェベアー,https://img.bokenjapan.com/media/tome-dining-4027603.jpg,https://img.bokenjapan.com/media/tome-dining-4018315.jpg,matched own listing photo
miyagi/tome,252,YYフレンド,https://img.bokenjapan.com/media/tome-dining-4029195.jpg,https://img.bokenjapan.com/media/tome-dining-4027603.jpg,matched own listing photo
miyagi/tome,253,産直市場 あじわいの朝 南方店,https://img.bokenjapan.com/media/tome-dining-4025069.jpg,https://img.bokenjapan.com/media/tome-dining-4029195.jpg,matched own listing photo
miyagi/tome,254,cafe てらいけ座,https://img.bokenjapan.com/media/tome-dining-4029755.jpg,https://img.bokenjapan.com/media/tome-dining-4025069.jpg,matched own listing photo
miyagi/tome,255,ヨークベニマル 登米中田店,https://img.bokenjapan.com/media/tome-dining-4028961.jpg,https://img.bokenjapan.com/media/tome-dining-4029755.jpg,matched own listing photo
miyagi/tome,258,Maple roastery,https://img.bokenjapan.com/media/tome-dining-4030235.jpg,,photo belonged to another card; no own photo found
miyagi/tome,259,カフェ•カモミール,https://img.bokenjapan.com/media/tome-dining-4028346.jpg,https://img.bokenjapan.com/media/tome-dining-4030235.jpg,matched own listing photo
miyagi/tome,260,BLUE EYES,https://img.bokenjapan.com/media/tome-dining-4029787.jpg,https://img.bokenjapan.com/media/tome-dining-4028346.jpg,matched own listing photo
miyagi/tome,261,千葉製菓,https://img.bokenjapan.com/media/tome-dining-4028761.jpg,https://img.bokenjapan.com/media/tome-dining-4029787.jpg,matched own listing photo
miyagi/tome,262,ビッグエコー 佐沼店,https://img.bokenjapan.com/media/tome-dining-4028698.jpg,https://img.bokenjapan.com/media/tome-dining-4028761.jpg,matched own listing photo
miyagi/tome,263,うたカフェ HoneyBee,https://img.bokenjapan.com/media/tome-dining-4029283.jpg,https://img.bokenjapan.com/media/tome-dining-4028698.jpg,matched own listing photo
miyagi/tome,264,幸楽苑 登米佐沼店,https://img.bokenjapan.com/media/tome-dining-4019096.jpg,https://img.bokenjapan.com/media/tome-dining-4029283.jpg,matched own listing photo
miyagi/tome,265,ラーメンハウス・ハッピー,https://img.bokenjapan.com/media/tome-dining-4008629.jpg,https://img.bokenjapan.com/media/tome-dining-4019096.jpg,matched own listing photo
miyagi/tome,266,蔵八ラーメン亭 東佐沼店,https://img.bokenjapan.com/media/tome-dining-4013879.jpg,https://img.bokenjapan.com/media/tome-dining-4008629.jpg,matched own listing photo
miyagi/tome,267,マクドナルド 佐沼店,https://img.bokenjapan.com/media/tome-dining-4009262.jpg,https://img.bokenjapan.com/media/tome-dining-4013879.jpg,matched own listing photo
miyagi/tome,268,たけちゃんラーメン,https://img.bokenjapan.com/media/tome-dining-4012340.jpg,https://img.bokenjapan.com/media/tome-dining-4009262.jpg,matched own listing photo
miyagi/tome,269,レストラン チャチャ,https://img.bokenjapan.com/media/tome-dining-4015224.jpg,https://img.bokenjapan.com/media/tome-dining-4012340.jpg,matched own listing photo
miyagi/tome,270,古民家cafe 甘欧,https://img.bokenjapan.com/media/tome-dining-4017699.jpg,https://img.bokenjapan.com/media/tome-dining-4015224.jpg,matched own listing photo
miyagi/tome,271,家庭料理 リーちゃん食堂,https://img.bokenjapan.com/media/tome-dining-4023109.jpg,https://img.bokenjapan.com/media/tome-dining-4017699.jpg,matched own listing photo
miyagi/tome,272,蕾,https://img.bokenjapan.com/media/tome-dining-4028186.jpg,https://img.bokenjapan.com/media/tome-dining-4023109.jpg,matched own listing photo
miyagi/tome,273,元祖 熊本油麩店,https://img.bokenjapan.com/media/tome-dining-4019415.jpg,https://img.bokenjapan.com/media/tome-dining-4028186.jpg,matched own listing photo
miyagi/tome,274,のみくい処 和家,https://img.bokenjapan.com/media/tome-dining-4021274.jpg,https://img.bokenjapan.com/media/tome-dining-4019415.jpg,matched own listing photo
miyagi/tome,275,お照,https://img.bokenjapan.com/media/tome-dining-4017340.jpg,https://img.bokenjapan.com/media/tome-dining-4021274.jpg,matched own listing photo
miyagi/tome,278,寿々乃,https://img.bokenjapan.com/media/tome-dining-4016412.jpg,,photo belonged to another card; no own photo found
miyagi/tome,279,よしの屋食堂,https://img.bokenjapan.com/media/tome-dining-4008639.jpg,https://img.bokenjapan.com/media/tome-dining-4016412.jpg,matched own listing photo
miyagi/tome,280,かむながら,https://img.bokenjapan.com/media/tome-dining-4029196.jpg,https://img.bokenjapan.com/media/tome-dining-4008639.jpg,matched own listing photo
miyagi/tome,281,ほんわか福福食堂,https://img.bokenjapan.com/media/tome-dining-4028772.jpg,https://img.bokenjapan.com/media/tome-dining-4029196.jpg,matched own listing photo
miyagi/tome,282,旬彩酒肴 道,https://img.bokenjapan.com/media/tome-dining-4017211.jpg,https://img.bokenjapan.com/media/tome-dining-4028772.jpg,matched own listing photo
miyagi/tome,283,松竹,https://img.bokenjapan.com/media/tome-dining-4030387.jpg,https://img.bokenjapan.com/media/tome-dining-4017211.jpg,matched own listing photo
miyagi/tome,284,伏見寿司,https://img.bokenjapan.com/media/tome-dining-4008601.jpg,,photo belonged to another card; no own photo found
miyagi/tome,285,釜飯と牡蠣 まるお,https://img.bokenjapan.com/media/tome-dining-4029461.jpg,https://img.bokenjapan.com/media/tome-dining-4008601.jpg,matched own listing photo
miyagi/tome,286,ちば食品,https://img.bokenjapan.com/media/tome-dining-4026715.jpg,https://img.bokenjapan.com/media/tome-dining-4029461.jpg,matched own listing photo
miyagi/tome,287,牛タン焼たあ坊,https://img.bokenjapan.com/media/tome-dining-4029756.jpg,https://img.bokenjapan.com/media/tome-dining-4026715.jpg,matched own listing photo
miyagi/tome,288,茶居夢,https://img.bokenjapan.com/media/tome-dining-4029233.jpg,https://img.bokenjapan.com/media/tome-dining-4029756.jpg,matched own listing photo
miyagi/tome,289,ミスタードーナツ イオンタウン佐沼ショップ,https://img.bokenjapan.com/media/tome-dining-4013083.jpg,https://img.bokenjapan.com/media/tome-dining-4029233.jpg,matched own listing photo
miyagi/tome,290,牛角 佐沼店,https://img.bokenjapan.com/media/tome-dining-4001823.jpg,https://img.bokenjapan.com/media/tome-dining-4013083.jpg,matched own listing photo
miyagi/tome,291,三陸旨いもん屋 つぼ八 佐沼大やす店,https://img.bokenjapan.com/media/tome-dining-4001950.jpg,https://img.bokenjapan.com/media/tome-dining-4001823.jpg,matched own listing photo
miyagi/tome,292,和風レストラン まるまつ 佐沼店,https://img.bokenjapan.com/media/tome-dining-4017565.jpg,https://img.bokenjapan.com/media/tome-dining-4001950.jpg,matched own listing photo
miyagi/tome,293,幸楽苑 イオンタウン佐沼店,https://img.bokenjapan.com/media/tome-dining-4013081.jpg,https://img.bokenjapan.com/media/tome-dining-4017565.jpg,matched own listing photo
miyagi/tome,294,すき家 イオンタウン佐沼店,https://img.bokenjapan.com/media/tome-dining-4003377.jpg,https://img.bokenjapan.com/media/tome-dining-4013081.jpg,matched own listing photo
miyagi/tome,295,魚民 佐沼店,https://img.bokenjapan.com/media/tome-dining-4011999.jpg,https://img.bokenjapan.com/media/tome-dining-4003377.jpg,matched own listing photo
miyagi/tome,298,ほっともっと 佐沼梅ノ木店,https://img.bokenjapan.com/media/tome-dining-4014153.jpg,,photo belonged to another card; no own photo found
miyagi/tome,299,宝来軒,https://img.bokenjapan.com/media/tome-dining-4008868.jpg,https://img.bokenjapan.com/media/tome-dining-4014153.jpg,matched own listing photo
miyagi/tome,300,魚文,https://img.bokenjapan.com/media/tome-dining-4013175.jpg,https://img.bokenjapan.com/media/tome-dining-4008868.jpg,matched own listing photo
miyagi/tome,301,ベル・エキップ,https://img.bokenjapan.com/media/tome-dining-4009136.jpg,https://img.bokenjapan.com/media/tome-dining-4013175.jpg,matched own listing photo
miyagi/tome,302,銀座コージーコーナー イオンスーパーセンター佐沼店,https://img.bokenjapan.com/media/tome-dining-4011143.jpg,https://img.bokenjapan.com/media/tome-dining-4009136.jpg,matched own listing photo
miyagi/tome,303,モンペリエ ヨークベニマル登米中田店,https://img.bokenjapan.com/media/tome-dining-4024413.jpg,https://img.bokenjapan.com/media/tome-dining-4011143.jpg,matched own listing photo
miyagi/tome,304,しんくら,https://img.bokenjapan.com/media/tome-dining-4018906.jpg,https://img.bokenjapan.com/media/tome-dining-4024413.jpg,matched own listing photo
miyagi/tome,305,ほっともっと 迫町佐沼店,https://img.bokenjapan.com/media/tome-dining-4014154.jpg,https://img.bokenjapan.com/media/tome-dining-4018906.jpg,matched own listing photo
miyagi/tome,306,セブンイレブン 登米中田町宝江店,https://img.bokenjapan.com/media/tome-dining-4022384.jpg,https://img.bokenjapan.com/media/tome-dining-4014154.jpg,matched own listing photo
miyagi/tome,307,うれしや TOME本店,https://img.bokenjapan.com/media/tome-dining-4023177.jpg,https://img.bokenjapan.com/media/tome-dining-4022384.jpg,matched own listing photo
miyagi/tome,308,バリラツ,https://img.bokenjapan.com/media/tome-dining-4014220.jpg,https://img.bokenjapan.com/media/tome-dining-4023177.jpg,matched own listing photo
miyagi/tome,309,あじまん DCM佐沼店,https://img.bokenjapan.com/media/tome-dining-4028762.jpg,https://img.bokenjapan.com/media/tome-dining-4014220.jpg,matched own listing photo
miyagi/tome,310,忠五郎,https://img.bokenjapan.com/media/tome-dining-4017845.jpg,https://img.bokenjapan.com/media/tome-dining-4028762.jpg,matched own listing photo
miyagi/tome,312,菜の花村 本店,https://img.bokenjapan.com/media/tome-dining-4015521.jpg,https://img.bokenjapan.com/media/tome-dining-4017845.jpg,matched own listing photo
miyagi/tome,314,食事処 なごみ,https://img.bokenjapan.com/media/tome-dining-4021672.jpg,https://img.bokenjapan.com/media/tome-dining-4015521.jpg,matched own listing photo
miyagi/tome,315,近藤農産,https://img.bokenjapan.com/media/tome-dining-4022494.jpg,https://img.bokenjapan.com/media/tome-dining-4021672.jpg,matched own listing photo
miyagi/tome,318,しなの庵,https://img.bokenjapan.com/media/tome-dining-4008612.jpg,,photo belonged to another card; no own photo found
miyagi/tome,319,不二家 佐沼店,https://img.bokenjapan.com/media/tome-dining-4015750.jpg,https://img.bokenjapan.com/media/tome-dining-4008612.jpg,matched own listing photo
miyagi/tome,320,ぶただるま,https://img.bokenjapan.com/media/tome-dining-4028977.jpg,https://img.bokenjapan.com/media/tome-dining-4015750.jpg,matched own listing photo
miyagi/tome,321,信夫や,https://img.bokenjapan.com/media/tome-dining-4013442.jpg,https://img.bokenjapan.com/media/tome-dining-4028977.jpg,matched own listing photo
miyagi/tome,322,鮨信,https://img.bokenjapan.com/media/tome-dining-4015128.jpg,https://img.bokenjapan.com/media/tome-dining-4013442.jpg,matched own listing photo
miyagi/tome,323,京都 古都果 佐沼店,https://img.bokenjapan.com/media/tome-dining-4025204.jpg,https://img.bokenjapan.com/media/tome-dining-4015128.jpg,matched own listing photo
miyagi/tome,324,双葉寿司,https://img.bokenjapan.com/media/tome-dining-4014382.jpg,https://img.bokenjapan.com/media/tome-dining-4025204.jpg,matched own listing photo
miyagi/tome,325,ニューサンタ 佐沼店,https://img.bokenjapan.com/media/tome-dining-4028952.jpg,https://img.bokenjapan.com/media/tome-dining-4014382.jpg,matched own listing photo
miyagi/tome,326,桑月堂,https://img.bokenjapan.com/media/tome-dining-4025514.jpg,https://img.bokenjapan.com/media/tome-dining-4028952.jpg,matched own listing photo
miyagi/tome,327,ケーキハウス すがわら,https://img.bokenjapan.com/media/tome-dining-4023323.jpg,https://img.bokenjapan.com/media/tome-dining-4025514.jpg,matched own listing photo
miyagi/tome,328,新月堂 支店,https://img.bokenjapan.com/media/tome-dining-4021174.jpg,https://img.bokenjapan.com/media/tome-dining-4023323.jpg,matched own listing photo
miyagi/tome,329,めん太郎 中田店,https://img.bokenjapan.com/media/tome-dining-4019730.jpg,https://img.bokenjapan.com/media/tome-dining-4021174.jpg,matched own listing photo
miyagi/tome,330,with mom ヨークベニマル佐沼店,https://img.bokenjapan.com/media/tome-dining-4025599.jpg,https://img.bokenjapan.com/media/tome-dining-4019730.jpg,matched own listing photo
miyagi/tome,331,米夢,https://img.bokenjapan.com/media/tome-dining-4009475.jpg,https://img.bokenjapan.com/media/tome-dining-4025599.jpg,matched own listing photo
miyagi/tome,332,三浦屋,https://img.bokenjapan.com/media/tome-dining-4007689.jpg,https://img.bokenjapan.com/media/tome-dining-4009475.jpg,matched own listing photo
miyagi/tome,333,炭火焼き鳥 轟や 佐沼店,https://img.bokenjapan.com/media/tome-dining-4027967.jpg,https://img.bokenjapan.com/media/tome-dining-4007689.jpg,matched own listing photo
miyagi/tome,334,葵,https://img.bokenjapan.com/media/tome-dining-4013605.jpg,https://img.bokenjapan.com/media/tome-dining-4027967.jpg,matched own listing photo
miyagi/tome,335,ことり,https://img.bokenjapan.com/media/tome-dining-4028393.jpg,https://img.bokenjapan.com/media/tome-dining-4013605.jpg,matched own listing photo
miyagi/tome,338,Joldi Bakery,https://img.bokenjapan.com/media/tome-dining-4025275.jpg,,photo belonged to another card; no own photo found
miyagi/tome,339,登米のやきとり屋さん,https://img.bokenjapan.com/media/tome-dining-4029754.jpg,https://img.bokenjapan.com/media/tome-dining-4025275.jpg,matched own listing photo
miyagi/tome,340,トルティージャ,https://img.bokenjapan.com/media/tome-dining-4024120.jpg,https://img.bokenjapan.com/media/tome-dining-4029754.jpg,matched own listing photo
miyagi/tome,341,佐竣,https://img.bokenjapan.com/media/tome-dining-4010832.jpg,https://img.bokenjapan.com/media/tome-dining-4024120.jpg,matched own listing photo
miyagi/tome,342,石ノ森章太郎ふるさと記念館,https://img.bokenjapan.com/media/tome-dining-4026488.jpg,https://img.bokenjapan.com/media/tome-dining-4010832.jpg,matched own listing photo
miyagi/tome,344,不二家 デイリーポート新鮮館佐沼店,https://img.bokenjapan.com/media/tome-dining-4015662.jpg,https://img.bokenjapan.com/media/tome-dining-4026488.jpg,matched own listing photo
miyagi/tome,345,セブンイレブン 南方支所前,https://img.bokenjapan.com/media/tome-dining-4027911.jpg,https://img.bokenjapan.com/media/tome-dining-4015662.jpg,matched own listing photo
miyagi/tome,346,マザーポートコーヒー 佐沼店,https://img.bokenjapan.com/media/tome-dining-4029002.jpg,https://img.bokenjapan.com/media/tome-dining-4027911.jpg,matched own listing photo
miyagi/tome,349,オレンジカフェ グランヴィア,https://img.bokenjapan.com/media/tome-dining-4028301.jpg,https://img.bokenjapan.com/media/tome-dining-4029002.jpg,matched own listing photo
miyagi/tome,350,高橋酒店,https://img.bokenjapan.com/media/tome-dining-4024895.jpg,https://img.bokenjapan.com/media/tome-dining-4028301.jpg,matched own listing photo
miyagi/tome,351,まざあ,https://img.bokenjapan.com/media/tome-dining-4027510.jpg,https://img.bokenjapan.com/media/tome-dining-4024895.jpg,matched own listing photo
miyagi/tome,352,プータロー,https://img.bokenjapan.com/media/tome-dining-4001993.jpg,https://img.bokenjapan.com/media/tome-dining-4027510.jpg,matched own listing photo
miyagi/tome,353,若鮨 はさま館,https://img.bokenjapan.com/media/tome-dining-4028589.jpg,https://img.bokenjapan.com/media/tome-dining-4001993.jpg,matched own listing photo
miyagi/tome,354,石焼きいも,https://img.bokenjapan.com/media/tome-dining-4026588.jpg,https://img.bokenjapan.com/media/tome-dining-4028589.jpg,matched own listing photo
miyagi/tome,355,新月堂菓子店,https://img.bokenjapan.com/media/tome-dining-4021168.jpg,https://img.bokenjapan.com/media/tome-dining-4026588.jpg,matched own listing photo
miyagi/tome,358,リアン・マルシェ,https://img.bokenjapan.com/media/tome-dining-4022615.jpg,,photo belonged to another card; no own photo found
miyagi/tome,359,佐利 中江店,https://img.bokenjapan.com/media/tome-dining-4027220.jpg,https://img.bokenjapan.com/media/tome-dining-4022615.jpg,matched own listing photo
miyagi/tome,360,すし海道 佐沼店,https://img.bokenjapan.com/media/tome-dining-4025851.jpg,https://img.bokenjapan.com/media/tome-dining-4027220.jpg,matched own listing photo
miyagi/tome,361,ウジエスーパー 佐沼本店,https://img.bokenjapan.com/media/tome-dining-4019353.jpg,https://img.bokenjapan.com/media/tome-dining-4025851.jpg,matched own listing photo
miyagi/tome,362,ケンタッキーフライドチキン ヨークベニマル新佐沼店,https://img.bokenjapan.com/media/tome-dining-4025569.jpg,https://img.bokenjapan.com/media/tome-dining-4019353.jpg,matched own listing photo
miyagi/tome,363,ピザハット 登米佐沼店,https://img.bokenjapan.com/media/tome-dining-4027859.jpg,https://img.bokenjapan.com/media/tome-dining-4025569.jpg,matched own listing photo
miyagi/tome,365,しいたけランド,https://img.bokenjapan.com/media/tome-dining-4024640.jpg,https://img.bokenjapan.com/media/tome-dining-4027859.jpg,matched own listing photo
miyagi/tome,370,竹花さとう,https://img.bokenjapan.com/media/tome-dining-4016185.jpg,,photo belonged to another card; no own photo found
miyagi/tome,371,百足青果,https://img.bokenjapan.com/media/tome-dining-4027733.jpg,https://img.bokenjapan.com/media/tome-dining-4016185.jpg,matched own listing photo
miyagi/tome,374,野菜畑　トマト,https://img.bokenjapan.com/media/tome-dining-4017015.jpg,https://img.bokenjapan.com/media/tome-dining-4027733.jpg,matched own listing photo
miyagi/tome,463,たけとみや,https://img.bokenjapan.com/media/tome-dining-ta7514573-p.webp,https://img.bokenjapan.com/media/tome-dining-ta70.jpg,matched own listing photo
miyagi/tomiya,2,麺や遊大,https://img.bokenjapan.com/media/tomiya-dining-4013096.jpg,,photo belonged to another card; no own photo found
miyagi/tomiya,3,牛屋 たん兵衛,https://img.bokenjapan.com/media/tomiya-dining-4003394.jpg,https://img.bokenjapan.com/media/tomiya-dining-4013096.jpg,matched own listing photo
miyagi/tomiya,4,桃源花 富谷店,https://img.bokenjapan.com/media/tomiya-dining-4001486.jpg,https://img.bokenjapan.com/media/tomiya-dining-4003394.jpg,matched own listing photo
miyagi/tomiya,5,OMOUMA麺堂,https://img.bokenjapan.com/media/tomiya-dining-4026094.jpg,https://img.bokenjapan.com/media/tomiya-dining-4001486.jpg,matched own listing photo
miyagi/tomiya,6,和食感 Yellow Factory,https://img.bokenjapan.com/media/tomiya-dining-4002096.jpg,https://img.bokenjapan.com/media/tomiya-dining-4026094.jpg,matched own listing photo
miyagi/tomiya,7,ナカオカフェ,https://img.bokenjapan.com/media/tomiya-dining-4015922.jpg,https://img.bokenjapan.com/media/tomiya-dining-4002096.jpg,matched own listing photo
miyagi/tomiya,8,ハンバーグの店　オニオン,https://img.bokenjapan.com/media/tomiya-dining-4000329.jpg,https://img.bokenjapan.com/media/tomiya-dining-4015922.jpg,matched own listing photo
miyagi/tomiya,9,モナモナ,https://img.bokenjapan.com/media/tomiya-dining-4009460.jpg,https://img.bokenjapan.com/media/tomiya-dining-4000329.jpg,matched own listing photo
miyagi/tomiya,10,らーめん工房 網地島屋 富谷本店,https://img.bokenjapan.com/media/tomiya-dining-4002239.jpg,https://img.bokenjapan.com/media/tomiya-dining-4009460.jpg,matched own listing photo
miyagi/tomiya,11,レバニラ髙橋,https://img.bokenjapan.com/media/tomiya-dining-4028147.jpg,https://img.bokenjapan.com/media/tomiya-dining-4002239.jpg,matched own listing photo
miyagi/tomiya,12,マルタン食堂 prod by 丹心,https://img.bokenjapan.com/media/tomiya-dining-4024157.jpg,https://img.bokenjapan.com/media/tomiya-dining-4028147.jpg,matched own listing photo
miyagi/tomiya,13,煮干ラーメン松した,https://img.bokenjapan.com/media/tomiya-dining-4028938.jpg,https://img.bokenjapan.com/media/tomiya-dining-4024157.jpg,matched own listing photo
miyagi/tomiya,14,蔵出し醸造味噌ラーメン えんまる,https://img.bokenjapan.com/media/tomiya-dining-4020531.jpg,https://img.bokenjapan.com/media/tomiya-dining-4028938.jpg,matched own listing photo
miyagi/tomiya,15,煮干しそば 鶏そば 藍 仙台富谷店,https://img.bokenjapan.com/media/tomiya-dining-4029152.jpg,https://img.bokenjapan.com/media/tomiya-dining-4020531.jpg,matched own listing photo
miyagi/tomiya,16,Cafe hito no wa,https://img.bokenjapan.com/media/tomiya-dining-4017455.jpg,https://img.bokenjapan.com/media/tomiya-dining-4029152.jpg,matched own listing photo
miyagi/tomiya,17,ラーメンねぎっこ 富谷店,https://img.bokenjapan.com/media/tomiya-dining-4013193.jpg,https://img.bokenjapan.com/media/tomiya-dining-4017455.jpg,matched own listing photo
miyagi/tomiya,18,noyer,https://img.bokenjapan.com/media/tomiya-dining-4020657.jpg,https://img.bokenjapan.com/media/tomiya-dining-4013193.jpg,matched own listing photo
miyagi/tomiya,19,源ちゃんラーメン,https://img.bokenjapan.com/media/tomiya-dining-4022054.jpg,https://img.bokenjapan.com/media/tomiya-dining-4020657.jpg,matched own listing photo
miyagi/tomiya,22,カフェ MaHaNa,https://img.bokenjapan.com/media/tomiya-dining-4011262.jpg,,photo belonged to another card; no own photo found
miyagi/tomiya,23,七福,https://img.bokenjapan.com/media/tomiya-dining-4008896.jpg,https://img.bokenjapan.com/media/tomiya-dining-4011262.jpg,matched own listing photo
miyagi/tomiya,24,しんまちキッチン,https://img.bokenjapan.com/media/tomiya-dining-4028475.jpg,https://img.bokenjapan.com/media/tomiya-dining-4008896.jpg,matched own listing photo
miyagi/tomiya,25,満天食堂 明石台店,https://img.bokenjapan.com/media/tomiya-dining-4018677.jpg,https://img.bokenjapan.com/media/tomiya-dining-4028475.jpg,matched own listing photo
miyagi/tomiya,26,R Baker 富谷店,https://img.bokenjapan.com/media/tomiya-dining-4027857.jpg,https://img.bokenjapan.com/media/tomiya-dining-4018677.jpg,matched own listing photo
miyagi/tomiya,27,あったか・お箸ダイニング 熊谷,https://img.bokenjapan.com/media/tomiya-dining-4013645.jpg,https://img.bokenjapan.com/media/tomiya-dining-4027857.jpg,matched own listing photo
miyagi/tomiya,28,ひより屋,https://img.bokenjapan.com/media/tomiya-dining-4014916.jpg,https://img.bokenjapan.com/media/tomiya-dining-4013645.jpg,matched own listing photo
miyagi/tomiya,29,寿松庵 本店,https://img.bokenjapan.com/media/tomiya-dining-4012908.jpg,https://img.bokenjapan.com/media/tomiya-dining-4014916.jpg,matched own listing photo
miyagi/tomiya,30,NAKAO CHOCOLATE HOUSE,https://img.bokenjapan.com/media/tomiya-dining-4026430.jpg,https://img.bokenjapan.com/media/tomiya-dining-4012908.jpg,matched own listing photo
miyagi/tomiya,31,菓匠 将満 仙台富谷店,https://img.bokenjapan.com/media/tomiya-dining-4029623.jpg,https://img.bokenjapan.com/media/tomiya-dining-4026430.jpg,matched own listing photo
miyagi/tomiya,32,あさひ,https://img.bokenjapan.com/media/tomiya-dining-4015398.jpg,https://img.bokenjapan.com/media/tomiya-dining-4029623.jpg,matched own listing photo
miyagi/tomiya,33,とんかつ 大福,https://img.bokenjapan.com/media/tomiya-dining-4027721.jpg,https://img.bokenjapan.com/media/tomiya-dining-4015398.jpg,matched own listing photo
miyagi/tomiya,34,ninna nanna,https://img.bokenjapan.com/media/tomiya-dining-4002586.jpg,https://img.bokenjapan.com/media/tomiya-dining-4027721.jpg,matched own listing photo
miyagi/tomiya,35,カフェ ドゥ ラペ,https://img.bokenjapan.com/media/tomiya-dining-4025602.jpg,https://img.bokenjapan.com/media/tomiya-dining-4002586.jpg,matched own listing photo
miyagi/tomiya,36,mamemaru+,https://img.bokenjapan.com/media/tomiya-dining-4027992.jpg,https://img.bokenjapan.com/media/tomiya-dining-4025602.jpg,matched own listing photo
miyagi/tomiya,37,麺処 松。,https://img.bokenjapan.com/media/tomiya-dining-4020190.jpg,https://img.bokenjapan.com/media/tomiya-dining-4027992.jpg,matched own listing photo
miyagi/tomiya,38,七ッ森,https://img.bokenjapan.com/media/tomiya-dining-4015132.jpg,https://img.bokenjapan.com/media/tomiya-dining-4020190.jpg,matched own listing photo
miyagi/tomiya,39,チーズケーキ CAFE MAGY,https://img.bokenjapan.com/media/tomiya-dining-4011083.jpg,https://img.bokenjapan.com/media/tomiya-dining-4015132.jpg,matched own listing photo
miyagi/tomiya,43,牛々 富谷店,https://img.bokenjapan.com/media/tomiya-dining-4024965.jpg,,photo belonged to another card; no own photo found
miyagi/tomiya,44,餅よし,https://img.bokenjapan.com/media/tomiya-dining-4014896.jpg,https://img.bokenjapan.com/media/tomiya-dining-4024965.jpg,matched own listing photo
miyagi/tomiya,45,コストコ 富谷倉庫店,https://img.bokenjapan.com/media/tomiya-dining-4017650.jpg,https://img.bokenjapan.com/media/tomiya-dining-4014896.jpg,matched own listing photo
miyagi/tomiya,46,カフェブリッコ 仙台富谷店,https://img.bokenjapan.com/media/tomiya-dining-4021000.jpg,https://img.bokenjapan.com/media/tomiya-dining-4017650.jpg,matched own listing photo
miyagi/tomiya,47,蒙古タンメン中本 仙台富谷店,https://img.bokenjapan.com/media/tomiya-dining-4028154.jpg,https://img.bokenjapan.com/media/tomiya-dining-4021000.jpg,matched own listing photo
miyagi/tomiya,48,フュメドゥコスモ,https://img.bokenjapan.com/media/tomiya-dining-4002752.jpg,https://img.bokenjapan.com/media/tomiya-dining-4028154.jpg,matched own listing photo
miyagi/tomiya,49,みちのくの海と陸 和食 緒,https://img.bokenjapan.com/media/tomiya-dining-4020243.jpg,https://img.bokenjapan.com/media/tomiya-dining-4002752.jpg,matched own listing photo
miyagi/tomiya,50,石焼ステーキ 贅  宮城明石台店,https://img.bokenjapan.com/media/tomiya-dining-4003260.jpg,https://img.bokenjapan.com/media/tomiya-dining-4020243.jpg,matched own listing photo
miyagi/tomiya,51,ニコリ,https://img.bokenjapan.com/media/tomiya-dining-4014943.jpg,https://img.bokenjapan.com/media/tomiya-dining-4003260.jpg,matched own listing photo
miyagi/tomiya,52,イルミオカンポ,https://img.bokenjapan.com/media/tomiya-dining-4014969.jpg,https://img.bokenjapan.com/media/tomiya-dining-4014943.jpg,matched own listing photo
miyagi/tomiya,53,居酒屋竹鳥物語,https://img.bokenjapan.com/media/tomiya-dining-4010155.jpg,https://img.bokenjapan.com/media/tomiya-dining-4014969.jpg,matched own listing photo
miyagi/tomiya,54,Cafe de Reve,https://img.bokenjapan.com/media/tomiya-dining-4025787.jpg,https://img.bokenjapan.com/media/tomiya-dining-4010155.jpg,matched own listing photo
miyagi/tomiya,55,ナチュリー カフェ ペコ,https://img.bokenjapan.com/media/tomiya-dining-4026789.jpg,https://img.bokenjapan.com/media/tomiya-dining-4025787.jpg,matched own listing photo
miyagi/tomiya,56,白いオルゴール,https://img.bokenjapan.com/media/tomiya-dining-4012855.jpg,https://img.bokenjapan.com/media/tomiya-dining-4026789.jpg,matched own listing photo
miyagi/tomiya,57,アーニャ,https://img.bokenjapan.com/media/tomiya-dining-4022142.jpg,https://img.bokenjapan.com/media/tomiya-dining-4012855.jpg,matched own listing photo
miyagi/tomiya,58,Punjabi Zaiqa,https://img.bokenjapan.com/media/tomiya-dining-4030350.jpg,https://img.bokenjapan.com/media/tomiya-dining-4022142.jpg,matched own listing photo
miyagi/tomiya,59,お肉のレストラン かのや,https://img.bokenjapan.com/media/tomiya-dining-4029335.jpg,https://img.bokenjapan.com/media/tomiya-dining-4030350.jpg,matched own listing photo
miyagi/tomiya,62,焼き芋 あいも,https://img.bokenjapan.com/media/tomiya-dining-4025384.jpg,,photo belonged to another card; no own photo found
miyagi/tomiya,63,天下一品 明石台店,https://img.bokenjapan.com/media/tomiya-dining-4013292.jpg,https://img.bokenjapan.com/media/tomiya-dining-4025384.jpg,matched own listing photo
miyagi/tomiya,64,なかお 富谷店,https://img.bokenjapan.com/media/tomiya-dining-4012927.jpg,https://img.bokenjapan.com/media/tomiya-dining-4013292.jpg,matched own listing photo
miyagi/tomiya,65,SUBWAY イオンモール富谷店,https://img.bokenjapan.com/media/tomiya-dining-4027858.jpg,https://img.bokenjapan.com/media/tomiya-dining-4012927.jpg,matched own listing photo
miyagi/tomiya,66,キャナリィロウ 富谷店,https://img.bokenjapan.com/media/tomiya-dining-4014508.jpg,https://img.bokenjapan.com/media/tomiya-dining-4027858.jpg,matched own listing photo
miyagi/tomiya,67,利久 富谷あけの平店,https://img.bokenjapan.com/media/tomiya-dining-4015611.jpg,https://img.bokenjapan.com/media/tomiya-dining-4014508.jpg,matched own listing photo
miyagi/tomiya,68,十割そば会 武蔵亭富谷店,https://img.bokenjapan.com/media/tomiya-dining-4014750.jpg,https://img.bokenjapan.com/media/tomiya-dining-4015611.jpg,matched own listing photo
miyagi/tomiya,69,仙台クラシックゴルフ倶楽部,https://img.bokenjapan.com/media/tomiya-dining-4015158.jpg,https://img.bokenjapan.com/media/tomiya-dining-4014750.jpg,matched own listing photo
miyagi/tomiya,70,ゆっぽ亭,https://img.bokenjapan.com/media/tomiya-dining-4002196.jpg,https://img.bokenjapan.com/media/tomiya-dining-4015158.jpg,matched own listing photo
miyagi/tomiya,71,アトリエ･ムー,https://img.bokenjapan.com/media/tomiya-dining-4004998.jpg,https://img.bokenjapan.com/media/tomiya-dining-4002196.jpg,matched own listing photo
miyagi/tomiya,72,デイリーポート新鮮館 富谷店,https://img.bokenjapan.com/media/tomiya-dining-4022095.jpg,https://img.bokenjapan.com/media/tomiya-dining-4004998.jpg,matched own listing photo
miyagi/tomiya,73,富谷カントリークラブ,https://img.bokenjapan.com/media/tomiya-dining-4010826.jpg,https://img.bokenjapan.com/media/tomiya-dining-4022095.jpg,matched own listing photo
miyagi/tomiya,74,ばにら・びーんず,https://img.bokenjapan.com/media/tomiya-dining-4007635.jpg,https://img.bokenjapan.com/media/tomiya-dining-4010826.jpg,matched own listing photo
miyagi/tomiya,75,いちこし,https://img.bokenjapan.com/media/tomiya-dining-4005303.jpg,https://img.bokenjapan.com/media/tomiya-dining-4007635.jpg,matched own listing photo
miyagi/tomiya,76,"dear honey lover,",https://img.bokenjapan.com/media/tomiya-dining-4029985.jpg,https://img.bokenjapan.com/media/tomiya-dining-4005303.jpg,matched own listing photo
miyagi/tomiya,77,サンロード ヤマザワ富谷成田店,https://img.bokenjapan.com/media/tomiya-dining-4024462.jpg,https://img.bokenjapan.com/media/tomiya-dining-4029985.jpg,matched own listing photo
miyagi/tomiya,78,ラーメン魁力屋 あけの平店,https://img.bokenjapan.com/media/tomiya-dining-4015111.jpg,https://img.bokenjapan.com/media/tomiya-dining-4024462.jpg,matched own listing photo
miyagi/tomiya,79,パンセ 富谷本店,https://img.bokenjapan.com/media/tomiya-dining-4012904.jpg,https://img.bokenjapan.com/media/tomiya-dining-4015111.jpg,matched own listing photo
miyagi/tomiya,82,ビックハウス 富谷店,https://img.bokenjapan.com/media/tomiya-dining-4021947.jpg,,photo belonged to another card; no own photo found
miyagi/tomiya,83,スターバックス・コーヒー イオン富谷店,https://img.bokenjapan.com/media/tomiya-dining-4000925.jpg,https://img.bokenjapan.com/media/tomiya-dining-4021947.jpg,matched own listing photo
miyagi/tomiya,84,菓子処 いさわ屋,https://img.bokenjapan.com/media/tomiya-dining-4004993.jpg,https://img.bokenjapan.com/media/tomiya-dining-4000925.jpg,matched own listing photo
miyagi/tomiya,85,喜久水庵 イオン富谷店,https://img.bokenjapan.com/media/tomiya-dining-4015019.jpg,https://img.bokenjapan.com/media/tomiya-dining-4004993.jpg,matched own listing photo
miyagi/tomiya,86,EIGHT CROWNS,https://img.bokenjapan.com/media/tomiya-dining-4025904.jpg,https://img.bokenjapan.com/media/tomiya-dining-4015019.jpg,matched own listing photo
miyagi/tomiya,87,元気くん市場 仙台店,https://img.bokenjapan.com/media/tomiya-dining-4012937.jpg,https://img.bokenjapan.com/media/tomiya-dining-4025904.jpg,matched own listing photo
miyagi/tomiya,88,クロワッサン屋 サクサク 泉店,https://img.bokenjapan.com/media/tomiya-dining-4028392.jpg,https://img.bokenjapan.com/media/tomiya-dining-4012937.jpg,matched own listing photo
miyagi/tomiya,89,Catherine hill's bakery,https://img.bokenjapan.com/media/tomiya-dining-4030042.jpg,https://img.bokenjapan.com/media/tomiya-dining-4028392.jpg,matched own listing photo
miyagi/tomiya,90,食事処 一慶,https://img.bokenjapan.com/media/tomiya-dining-4028620.jpg,https://img.bokenjapan.com/media/tomiya-dining-4030042.jpg,matched own listing photo
miyagi/tomiya,91,ココス 富谷店,https://img.bokenjapan.com/media/tomiya-dining-4000774.jpg,https://img.bokenjapan.com/media/tomiya-dining-4028620.jpg,matched own listing photo
miyagi/tomiya,92,サイゼリヤ イオンモール富谷店,https://img.bokenjapan.com/media/tomiya-dining-4014248.jpg,https://img.bokenjapan.com/media/tomiya-dining-4000774.jpg,matched own listing photo
miyagi/tomiya,93,はなまるうどん イオン富谷店,https://img.bokenjapan.com/media/tomiya-dining-4010129.jpg,https://img.bokenjapan.com/media/tomiya-dining-4014248.jpg,matched own listing photo
miyagi/tomiya,94,はま寿司 仙台富谷店,https://img.bokenjapan.com/media/tomiya-dining-4015696.jpg,https://img.bokenjapan.com/media/tomiya-dining-4010129.jpg,matched own listing photo
miyagi/tomiya,95,マクドナルド 明石台店,https://img.bokenjapan.com/media/tomiya-dining-4012066.jpg,https://img.bokenjapan.com/media/tomiya-dining-4015696.jpg,matched own listing photo
miyagi/tomiya,96,味の牛たん喜助 仙台富谷店,https://img.bokenjapan.com/media/tomiya-dining-4029161.jpg,https://img.bokenjapan.com/media/tomiya-dining-4012066.jpg,matched own listing photo
miyagi/tomiya,97,MEGAドン・キホーテ 仙台富谷店,https://img.bokenjapan.com/media/tomiya-dining-4017909.jpg,https://img.bokenjapan.com/media/tomiya-dining-4029161.jpg,matched own listing photo
miyagi/tomiya,98,富久寿司,https://img.bokenjapan.com/media/tomiya-dining-4010368.jpg,https://img.bokenjapan.com/media/tomiya-dining-4017909.jpg,matched own listing photo
miyagi/tomiya,99,CAINZ 仙台富谷店,https://img.bokenjapan.com/media/tomiya-dining-4021005.jpg,https://img.bokenjapan.com/media/tomiya-dining-4010368.jpg,matched own listing photo
miyagi/tomiya,102,フラットホワイト コーヒーファクトリー The Library U-TOMIYA,https://img.bokenjapan.com/media/tomiya-dining-4030069.jpg,,photo belonged to another card; no own photo found
miyagi/tomiya,103,ねこのひたい,https://img.bokenjapan.com/media/tomiya-dining-4027662.jpg,https://img.bokenjapan.com/media/tomiya-dining-4030069.jpg,matched own listing photo
miyagi/tomiya,104,温野菜スープ食堂 イオンモール富谷店,https://img.bokenjapan.com/media/tomiya-dining-4029928.jpg,https://img.bokenjapan.com/media/tomiya-dining-4027662.jpg,matched own listing photo
miyagi/tomiya,105,もしもしカフェ,https://img.bokenjapan.com/media/tomiya-dining-4029530.jpg,,photo belonged to another card; no own photo found
miyagi/tomiya,106,夢の風 とみや,https://img.bokenjapan.com/media/tomiya-dining-4024939.jpg,https://img.bokenjapan.com/media/tomiya-dining-4029530.jpg,matched own listing photo
miyagi/tomiya,107,コメダ珈琲店 富谷店,https://img.bokenjapan.com/media/tomiya-dining-4016941.jpg,https://img.bokenjapan.com/media/tomiya-dining-4024939.jpg,matched own listing photo
miyagi/tomiya,108,シャトレーゼ 富谷店,https://img.bokenjapan.com/media/tomiya-dining-4014302.jpg,https://img.bokenjapan.com/media/tomiya-dining-4016941.jpg,matched own listing photo
miyagi/tomiya,109,和風レストラン まるまつ 成田店,https://img.bokenjapan.com/media/tomiya-dining-4007493.jpg,https://img.bokenjapan.com/media/tomiya-dining-4014302.jpg,matched own listing photo
miyagi/tomiya,110,山の猿 富谷店,https://img.bokenjapan.com/media/tomiya-dining-4022251.jpg,https://img.bokenjapan.com/media/tomiya-dining-4007493.jpg,matched own listing photo
miyagi/tomiya,111,ミスタードーナツ イオン富谷ショップ,https://img.bokenjapan.com/media/tomiya-dining-4010140.jpg,https://img.bokenjapan.com/media/tomiya-dining-4022251.jpg,matched own listing photo
miyagi/tomiya,112,吉野家 4号線富谷店,https://img.bokenjapan.com/media/tomiya-dining-4016627.jpg,https://img.bokenjapan.com/media/tomiya-dining-4010140.jpg,matched own listing photo
miyagi/tomiya,113,マクドナルド 富谷イオンショッピングセンター店,https://img.bokenjapan.com/media/tomiya-dining-4009246.jpg,https://img.bokenjapan.com/media/tomiya-dining-4016627.jpg,matched own listing photo
miyagi/tomiya,114,キャンディベース ドライブ イン カフェ,https://img.bokenjapan.com/media/tomiya-dining-4020905.jpg,https://img.bokenjapan.com/media/tomiya-dining-4009246.jpg,matched own listing photo
miyagi/tomiya,115,とみやど,https://img.bokenjapan.com/media/tomiya-dining-4026577.jpg,https://img.bokenjapan.com/media/tomiya-dining-4020905.jpg,matched own listing photo
miyagi/tomiya,116,菓子工房 アプポア,https://img.bokenjapan.com/media/tomiya-dining-4022537.jpg,https://img.bokenjapan.com/media/tomiya-dining-4026577.jpg,matched own listing photo
miyagi/tomiya,117,焼肉 牛和華 富谷店,https://img.bokenjapan.com/media/tomiya-dining-4023512.jpg,https://img.bokenjapan.com/media/tomiya-dining-4022537.jpg,matched own listing photo
miyagi/tomiya,118,ヤマザワ  富谷成田店,https://img.bokenjapan.com/media/tomiya-dining-4028474.jpg,https://img.bokenjapan.com/media/tomiya-dining-4023512.jpg,matched own listing photo
miyagi/tomiya,119,Hokkaido Factory イオンモール富谷店,https://img.bokenjapan.com/media/tomiya-dining-4029479.jpg,https://img.bokenjapan.com/media/tomiya-dining-4028474.jpg,matched own listing photo
miyagi/tomiya,122,街かどカフェ いこい,https://img.bokenjapan.com/media/tomiya-dining-4026219.jpg,,photo belonged to another card; no own photo found
miyagi/tomiya,123,富谷市ブルーベリー生産組合 直売所,https://img.bokenjapan.com/media/tomiya-dining-4025091.jpg,https://img.bokenjapan.com/media/tomiya-dining-4026219.jpg,matched own listing photo
miyagi/tomiya,124,一口茶屋　 明石台みやぎ生協店,https://img.bokenjapan.com/media/tomiya-dining-4013312.jpg,https://img.bokenjapan.com/media/tomiya-dining-4025091.jpg,matched own listing photo
miyagi/tomiya,125,築地銀だこ イオン富谷大清水ＳＣ店,https://img.bokenjapan.com/media/tomiya-dining-4002210.jpg,https://img.bokenjapan.com/media/tomiya-dining-4013312.jpg,matched own listing photo
miyagi/tomiya,126,ケンタッキーフライドチキン イオンモール富谷店,https://img.bokenjapan.com/media/tomiya-dining-4013098.jpg,https://img.bokenjapan.com/media/tomiya-dining-4002210.jpg,matched own listing photo
miyagi/tomiya,127,牛角 富谷店,https://img.bokenjapan.com/media/tomiya-dining-4014913.jpg,https://img.bokenjapan.com/media/tomiya-dining-4013098.jpg,matched own listing photo
miyagi/tomiya,128,ガスト 富谷大清水店,https://img.bokenjapan.com/media/tomiya-dining-4013100.jpg,https://img.bokenjapan.com/media/tomiya-dining-4014913.jpg,matched own listing photo
miyagi/tomiya,129,和風レストランまるまつ 富谷店,https://img.bokenjapan.com/media/tomiya-dining-4013536.jpg,https://img.bokenjapan.com/media/tomiya-dining-4013100.jpg,matched own listing photo
miyagi/tomiya,130,焼肉 とこと～ん 富ヶ丘,https://img.bokenjapan.com/media/tomiya-dining-4002025.jpg,https://img.bokenjapan.com/media/tomiya-dining-4013536.jpg,matched own listing photo
miyagi/tomiya,131,ハチヤ,https://img.bokenjapan.com/media/tomiya-dining-4021946.jpg,https://img.bokenjapan.com/media/tomiya-dining-4002025.jpg,matched own listing photo
miyagi/tomiya,132,地上,https://img.bokenjapan.com/media/tomiya-dining-4014925.jpg,https://img.bokenjapan.com/media/tomiya-dining-4021946.jpg,matched own listing photo
miyagi/tomiya,133,ハチヤミート,https://img.bokenjapan.com/media/tomiya-dining-4023114.jpg,https://img.bokenjapan.com/media/tomiya-dining-4014925.jpg,matched own listing photo
miyagi/tomiya,134,信鮨,https://img.bokenjapan.com/media/tomiya-dining-4026387.jpg,https://img.bokenjapan.com/media/tomiya-dining-4023114.jpg,matched own listing photo
miyagi/tomiya,135,平禄寿司 宮城富谷明石台店,https://img.bokenjapan.com/media/tomiya-dining-4011596.jpg,https://img.bokenjapan.com/media/tomiya-dining-4026387.jpg,matched own listing photo
miyagi/tomiya,136,幸楽苑 イオンモール富谷店,https://img.bokenjapan.com/media/tomiya-dining-4017954.jpg,https://img.bokenjapan.com/media/tomiya-dining-4011596.jpg,matched own listing photo
miyagi/tomiya,137,四六時中 富谷店,https://img.bokenjapan.com/media/tomiya-dining-4012135.jpg,https://img.bokenjapan.com/media/tomiya-dining-4017954.jpg,matched own listing photo
miyagi/tomiya,138,パン工場 イオン富谷店,https://img.bokenjapan.com/media/tomiya-dining-4016182.jpg,https://img.bokenjapan.com/media/tomiya-dining-4012135.jpg,matched own listing photo
miyagi/tomiya,139,銀座コージーコーナー イオン富谷店,https://img.bokenjapan.com/media/tomiya-dining-4011149.jpg,https://img.bokenjapan.com/media/tomiya-dining-4016182.jpg,matched own listing photo
miyagi/tomiya,142,ほっともっと 富谷町成田店,https://img.bokenjapan.com/media/tomiya-dining-4014170.jpg,,photo belonged to another card; no own photo found
miyagi/tomiya,143,かつや 宮城富谷店,https://img.bokenjapan.com/media/tomiya-dining-4029320.jpg,https://img.bokenjapan.com/media/tomiya-dining-4014170.jpg,matched own listing photo
miyagi/tomiya,144,109シネマズ富谷コンセッション,https://img.bokenjapan.com/media/tomiya-dining-4016188.jpg,https://img.bokenjapan.com/media/tomiya-dining-4029320.jpg,matched own listing photo
miyagi/tomiya,145,焼肉月宵,https://img.bokenjapan.com/media/tomiya-dining-4014927.jpg,https://img.bokenjapan.com/media/tomiya-dining-4016188.jpg,matched own listing photo
miyagi/tomiya,146,セブンイレブン 富谷鷹乃杜4丁目店,https://img.bokenjapan.com/media/tomiya-dining-4022678.jpg,https://img.bokenjapan.com/media/tomiya-dining-4014927.jpg,matched own listing photo
miyagi/tomiya,147,森の芽ぶき たまご舎 イオンモール富谷店,https://img.bokenjapan.com/media/tomiya-dining-4020110.jpg,https://img.bokenjapan.com/media/tomiya-dining-4022678.jpg,matched own listing photo
miyagi/tomiya,148,焼肉ココ,https://img.bokenjapan.com/media/tomiya-dining-4016601.jpg,https://img.bokenjapan.com/media/tomiya-dining-4020110.jpg,matched own listing photo
miyagi/tomiya,149,セブンイレブン 富谷明石台6丁目店,https://img.bokenjapan.com/media/tomiya-dining-4022349.jpg,https://img.bokenjapan.com/media/tomiya-dining-4016601.jpg,matched own listing photo
miyagi/tomiya,150,タカラ米穀,https://img.bokenjapan.com/media/tomiya-dining-4012244.jpg,https://img.bokenjapan.com/media/tomiya-dining-4022349.jpg,matched own listing photo
miyagi/tomiya,151,牛角焼肉食堂 イオンモール富谷店,https://img.bokenjapan.com/media/tomiya-dining-4029869.jpg,https://img.bokenjapan.com/media/tomiya-dining-4012244.jpg,matched own listing photo
miyagi/tomiya,152,ヴィーダカフェ 富谷大清水店,https://img.bokenjapan.com/media/tomiya-dining-4019186.jpg,https://img.bokenjapan.com/media/tomiya-dining-4029869.jpg,matched own listing photo
miyagi/tomiya,153,魚順,https://img.bokenjapan.com/media/tomiya-dining-4022812.jpg,https://img.bokenjapan.com/media/tomiya-dining-4019186.jpg,matched own listing photo
miyagi/tomiya,154,サーティワンアイスクリーム イオンモール富谷店,https://img.bokenjapan.com/media/tomiya-dining-4012886.jpg,https://img.bokenjapan.com/media/tomiya-dining-4022812.jpg,matched own listing photo
miyagi/tomiya,155,三全 イオンモール富谷店,https://img.bokenjapan.com/media/tomiya-dining-4013099.jpg,https://img.bokenjapan.com/media/tomiya-dining-4012886.jpg,matched own listing photo
miyagi/tomiya,156,モンペリエ ヨークベニマル明石台店,https://img.bokenjapan.com/media/tomiya-dining-4024418.jpg,https://img.bokenjapan.com/media/tomiya-dining-4013099.jpg,matched own listing photo
miyagi/tomiya,157,パティスリー フランセーズ レクリア,https://img.bokenjapan.com/media/tomiya-dining-4028182.jpg,https://img.bokenjapan.com/media/tomiya-dining-4024418.jpg,matched own listing photo
miyagi/tomiya,158,GELATO BASE,https://img.bokenjapan.com/media/tomiya-dining-4024137.jpg,https://img.bokenjapan.com/media/tomiya-dining-4028182.jpg,matched own listing photo
miyagi/tomiya,162,甚平,https://img.bokenjapan.com/media/tomiya-dining-4026966.jpg,,photo belonged to another card; no own photo found
miyagi/tomiya,163,ニャンズカンパニー 富谷店,https://img.bokenjapan.com/media/tomiya-dining-4020652.jpg,https://img.bokenjapan.com/media/tomiya-dining-4026966.jpg,matched own listing photo
miyagi/tomiya,164,焼肉寿寿,https://img.bokenjapan.com/media/tomiya-dining-4010141.jpg,https://img.bokenjapan.com/media/tomiya-dining-4020652.jpg,matched own listing photo
miyagi/tomiya,166,ヤマザキショップ 富谷さとうや店,https://img.bokenjapan.com/media/tomiya-dining-4028275.jpg,https://img.bokenjapan.com/media/tomiya-dining-4010141.jpg,matched own listing photo
miyagi/tomiya,167,ストロベリーコーンズ 富谷店,https://img.bokenjapan.com/media/tomiya-dining-4018632.jpg,https://img.bokenjapan.com/media/tomiya-dining-4028275.jpg,matched own listing photo
miyagi/tomiya,168,やきとり源次郎,https://img.bokenjapan.com/media/tomiya-dining-4026100.jpg,https://img.bokenjapan.com/media/tomiya-dining-4018632.jpg,matched own listing photo
miyagi/wakuya,2,パーラー旅,https://img.bokenjapan.com/media/wakuya-dining-4007725.jpg,,photo belonged to another card; no own photo found
miyagi/wakuya,3,ひらた食堂,https://img.bokenjapan.com/media/wakuya-dining-4006570.jpg,https://img.bokenjapan.com/media/wakuya-dining-4007725.jpg,matched own listing photo
miyagi/wakuya,4,涌泉亭,https://img.bokenjapan.com/media/wakuya-dining-4007889.jpg,https://img.bokenjapan.com/media/wakuya-dining-4006570.jpg,matched own listing photo
miyagi/wakuya,5,お食事処 すずきや,https://img.bokenjapan.com/media/wakuya-dining-4018108.jpg,https://img.bokenjapan.com/media/wakuya-dining-4007889.jpg,matched own listing photo
miyagi/wakuya,6,北海道北広島らーめん かず屋,https://img.bokenjapan.com/media/wakuya-dining-4029528.jpg,https://img.bokenjapan.com/media/wakuya-dining-4018108.jpg,matched own listing photo
miyagi/wakuya,7,一兎,https://img.bokenjapan.com/media/wakuya-dining-4028362.jpg,https://img.bokenjapan.com/media/wakuya-dining-4029528.jpg,matched own listing photo
miyagi/wakuya,8,味里,https://img.bokenjapan.com/media/wakuya-dining-4009344.jpg,https://img.bokenjapan.com/media/wakuya-dining-4028362.jpg,matched own listing photo
miyagi/wakuya,9,レーチェ,https://img.bokenjapan.com/media/wakuya-dining-4011865.jpg,https://img.bokenjapan.com/media/wakuya-dining-4009344.jpg,matched own listing photo
miyagi/wakuya,10,焙煎小屋 風舎,https://img.bokenjapan.com/media/wakuya-dining-4014161.jpg,https://img.bokenjapan.com/media/wakuya-dining-4011865.jpg,matched own listing photo
miyagi/wakuya,11,大富,https://img.bokenjapan.com/media/wakuya-dining-4004525.jpg,https://img.bokenjapan.com/media/wakuya-dining-4014161.jpg,matched own listing photo
miyagi/wakuya,12,麺‘sクラブ 涌谷店,https://img.bokenjapan.com/media/wakuya-dining-4009242.jpg,https://img.bokenjapan.com/media/wakuya-dining-4004525.jpg,matched own listing photo
miyagi/wakuya,13,食事処　ドライブイン一力,https://img.bokenjapan.com/media/wakuya-dining-4011377.jpg,https://img.bokenjapan.com/media/wakuya-dining-4009242.jpg,matched own listing photo
miyagi/wakuya,14,つかさ,https://img.bokenjapan.com/media/wakuya-dining-4008242.jpg,https://img.bokenjapan.com/media/wakuya-dining-4011377.jpg,matched own listing photo
miyagi/wakuya,15,SANTA 涌谷店,https://img.bokenjapan.com/media/wakuya-dining-4018283.jpg,https://img.bokenjapan.com/media/wakuya-dining-4008242.jpg,matched own listing photo
miyagi/wakuya,16,風  涌谷店,https://img.bokenjapan.com/media/wakuya-dining-4028591.jpg,https://img.bokenjapan.com/media/wakuya-dining-4018283.jpg,matched own listing photo
miyagi/wakuya,17,ドライブイン 希光,https://img.bokenjapan.com/media/wakuya-dining-4017185.jpg,https://img.bokenjapan.com/media/wakuya-dining-4028591.jpg,matched own listing photo
miyagi/wakuya,18,ぐれしゃあん,https://img.bokenjapan.com/media/wakuya-dining-4005712.jpg,https://img.bokenjapan.com/media/wakuya-dining-4017185.jpg,matched own listing photo
miyagi/wakuya,19,上涌谷ドライブイン,https://img.bokenjapan.com/media/wakuya-dining-4011376.jpg,https://img.bokenjapan.com/media/wakuya-dining-4005712.jpg,matched own listing photo
miyagi/wakuya,22,野田食堂,https://img.bokenjapan.com/media/wakuya-dining-4007135.jpg,,photo belonged to another card; no own photo found
miyagi/wakuya,23,マハロダイニング 涌谷店,https://img.bokenjapan.com/media/wakuya-dining-4022793.jpg,https://img.bokenjapan.com/media/wakuya-dining-4007135.jpg,matched own listing photo
miyagi/wakuya,24,はうすぢゃや,https://img.bokenjapan.com/media/wakuya-dining-4005261.jpg,https://img.bokenjapan.com/media/wakuya-dining-4022793.jpg,matched own listing photo
miyagi/wakuya,25,きただ,https://img.bokenjapan.com/media/wakuya-dining-4020925.jpg,https://img.bokenjapan.com/media/wakuya-dining-4005261.jpg,matched own listing photo
miyagi/wakuya,26,わくやキッチン,https://img.bokenjapan.com/media/wakuya-dining-4027929.jpg,https://img.bokenjapan.com/media/wakuya-dining-4020925.jpg,matched own listing photo
miyagi/wakuya,27,メモリー洋菓子店,https://img.bokenjapan.com/media/wakuya-dining-4002622.jpg,https://img.bokenjapan.com/media/wakuya-dining-4027929.jpg,matched own listing photo
miyagi/wakuya,28,おやつショップ,https://img.bokenjapan.com/media/wakuya-dining-4004223.jpg,https://img.bokenjapan.com/media/wakuya-dining-4002622.jpg,matched own listing photo
miyagi/wakuya,29,割烹仕出し料理 みうら,https://img.bokenjapan.com/media/wakuya-dining-4019044.jpg,https://img.bokenjapan.com/media/wakuya-dining-4004223.jpg,matched own listing photo
miyagi/wakuya,30,天遊,https://img.bokenjapan.com/media/wakuya-dining-4028780.jpg,https://img.bokenjapan.com/media/wakuya-dining-4019044.jpg,matched own listing photo
miyagi/wakuya,31,福ろう,https://img.bokenjapan.com/media/wakuya-dining-4024731.jpg,https://img.bokenjapan.com/media/wakuya-dining-4028780.jpg,matched own listing photo
miyagi/wakuya,32,新町裏珈琲,https://img.bokenjapan.com/media/wakuya-dining-4026563.jpg,https://img.bokenjapan.com/media/wakuya-dining-4024731.jpg,matched own listing photo
miyagi/wakuya,33,あんだあも カフェ,https://img.bokenjapan.com/media/wakuya-dining-4023017.jpg,https://img.bokenjapan.com/media/wakuya-dining-4026563.jpg,matched own listing photo
miyagi/wakuya,34,居酒屋 のだや,https://img.bokenjapan.com/media/wakuya-dining-4022611.jpg,https://img.bokenjapan.com/media/wakuya-dining-4023017.jpg,matched own listing photo
miyagi/wakuya,35,MAHARAJA,https://img.bokenjapan.com/media/wakuya-dining-4029115.jpg,https://img.bokenjapan.com/media/wakuya-dining-4022611.jpg,matched own listing photo
miyagi/wakuya,36,涌谷とうふ店,https://img.bokenjapan.com/media/wakuya-dining-4024039.jpg,https://img.bokenjapan.com/media/wakuya-dining-4029115.jpg,matched own listing photo
miyagi/wakuya,38,月のぱん家,https://img.bokenjapan.com/media/wakuya-dining-4030106.jpg,https://img.bokenjapan.com/media/wakuya-dining-4024039.jpg,matched own listing photo
miyagi/wakuya,43,平禄寿司 宮城涌谷店,https://img.bokenjapan.com/media/wakuya-dining-4011354.jpg,,photo belonged to another card; no own photo found
miyagi/wakuya,44,四六時中 FC涌谷店,https://img.bokenjapan.com/media/wakuya-dining-4021676.jpg,https://img.bokenjapan.com/media/wakuya-dining-4011354.jpg,matched own listing photo
miyagi/wakuya,45,ほっともっと 涌谷新町店,https://img.bokenjapan.com/media/wakuya-dining-4014172.jpg,https://img.bokenjapan.com/media/wakuya-dining-4021676.jpg,matched own listing photo
miyagi/wakuya,46,パン工場 涌谷店,https://img.bokenjapan.com/media/wakuya-dining-4026612.jpg,https://img.bokenjapan.com/media/wakuya-dining-4014172.jpg,matched own listing photo
miyagi/wakuya,47,野菜の駅 あじわいの朝 涌谷店,https://img.bokenjapan.com/media/wakuya-dining-4019896.jpg,https://img.bokenjapan.com/media/wakuya-dining-4026612.jpg,matched own listing photo
miyagi/wakuya,48,くがね庵,https://img.bokenjapan.com/media/wakuya-dining-4023401.jpg,https://img.bokenjapan.com/media/wakuya-dining-4019896.jpg,matched own listing photo
miyagi/wakuya,49,宮城カントリークラブ レストラン,https://img.bokenjapan.com/media/wakuya-dining-4029544.jpg,https://img.bokenjapan.com/media/wakuya-dining-4023401.jpg,matched own listing photo
miyagi/wakuya,50,木村屋,https://img.bokenjapan.com/media/wakuya-dining-4022694.jpg,https://img.bokenjapan.com/media/wakuya-dining-4029544.jpg,matched own listing photo
miyagi/wakuya,51,不二家 ヨークベニマル涌谷店,https://img.bokenjapan.com/media/wakuya-dining-4028580.jpg,https://img.bokenjapan.com/media/wakuya-dining-4022694.jpg,matched own listing photo
miyagi/wakuya,52,和勘,https://img.bokenjapan.com/media/wakuya-dining-4003809.jpg,https://img.bokenjapan.com/media/wakuya-dining-4028580.jpg,matched own listing photo
miyagi/wakuya,53,菜月,https://img.bokenjapan.com/media/wakuya-dining-4015241.jpg,https://img.bokenjapan.com/media/wakuya-dining-4003809.jpg,matched own listing photo
miyagi/wakuya,54,わくや産直センター 黄金の郷,https://img.bokenjapan.com/media/wakuya-dining-4024432.jpg,https://img.bokenjapan.com/media/wakuya-dining-4015241.jpg,matched own listing photo
miyagi/wakuya,83,大やす村,https://img.bokenjapan.com/media/wakuya-dining-ta13268430-p.webp,https://img.bokenjapan.com/media/wakuya-dining-ta5.jpg,matched own listing photo
miyagi/watari,2,どんぶり亭 まつもと,https://img.bokenjapan.com/media/watari-dining-4011996.jpg,,photo belonged to another card; no own photo found
miyagi/watari,3,中華蕎麦 會,https://img.bokenjapan.com/media/watari-dining-4020477.jpg,https://img.bokenjapan.com/media/watari-dining-4011996.jpg,matched own listing photo
miyagi/watari,4,田園 亘理店,https://img.bokenjapan.com/media/watari-dining-4000206.jpg,https://img.bokenjapan.com/media/watari-dining-4020477.jpg,matched own listing photo
miyagi/watari,5,浜寿し,https://img.bokenjapan.com/media/watari-dining-4012621.jpg,https://img.bokenjapan.com/media/watari-dining-4000206.jpg,matched own listing photo
miyagi/watari,6,魚屋 hide,https://img.bokenjapan.com/media/watari-dining-4016573.jpg,https://img.bokenjapan.com/media/watari-dining-4012621.jpg,matched own listing photo
miyagi/watari,7,RA-MEN 与平治 渡,https://img.bokenjapan.com/media/watari-dining-4026190.jpg,https://img.bokenjapan.com/media/watari-dining-4016573.jpg,matched own listing photo
miyagi/watari,8,麺屋酒房 喜凛,https://img.bokenjapan.com/media/watari-dining-4017112.jpg,https://img.bokenjapan.com/media/watari-dining-4026190.jpg,matched own listing photo
miyagi/watari,9,海仙,https://img.bokenjapan.com/media/watari-dining-4009968.jpg,https://img.bokenjapan.com/media/watari-dining-4017112.jpg,matched own listing photo
miyagi/watari,10,タイ ランナ,https://img.bokenjapan.com/media/watari-dining-4011326.jpg,https://img.bokenjapan.com/media/watari-dining-4009968.jpg,matched own listing photo
miyagi/watari,11,菊一商店,https://img.bokenjapan.com/media/watari-dining-4025545.jpg,https://img.bokenjapan.com/media/watari-dining-4011326.jpg,matched own listing photo
miyagi/watari,12,Chinese kitchen 善や,https://img.bokenjapan.com/media/watari-dining-4026076.jpg,https://img.bokenjapan.com/media/watari-dining-4025545.jpg,matched own listing photo
miyagi/watari,13,淡路島バーガー 鳥の海店,https://img.bokenjapan.com/media/watari-dining-4027155.jpg,https://img.bokenjapan.com/media/watari-dining-4026076.jpg,matched own listing photo
miyagi/watari,14,Mustache Burger,https://img.bokenjapan.com/media/watari-dining-4025156.jpg,https://img.bokenjapan.com/media/watari-dining-4027155.jpg,matched own listing photo
miyagi/watari,15,らーめん せん家,https://img.bokenjapan.com/media/watari-dining-4001812.jpg,https://img.bokenjapan.com/media/watari-dining-4025156.jpg,matched own listing photo
miyagi/watari,16,わたり温泉 鳥の海,https://img.bokenjapan.com/media/watari-dining-4010345.jpg,https://img.bokenjapan.com/media/watari-dining-4001812.jpg,matched own listing photo
miyagi/watari,17,海鮮大海,https://img.bokenjapan.com/media/watari-dining-4017024.jpg,https://img.bokenjapan.com/media/watari-dining-4010345.jpg,matched own listing photo
miyagi/watari,18,米沢ラーメン すえひろ,https://img.bokenjapan.com/media/watari-dining-4002123.jpg,https://img.bokenjapan.com/media/watari-dining-4017024.jpg,matched own listing photo
miyagi/watari,19,農家レストラン 旬菜館,https://img.bokenjapan.com/media/watari-dining-4002042.jpg,https://img.bokenjapan.com/media/watari-dining-4002123.jpg,matched own listing photo
miyagi/watari,22,爆爆,https://img.bokenjapan.com/media/watari-dining-4011082.jpg,,photo belonged to another card; no own photo found
miyagi/watari,23,中華ハウス オオた,https://img.bokenjapan.com/media/watari-dining-4013490.jpg,https://img.bokenjapan.com/media/watari-dining-4011082.jpg,matched own listing photo
miyagi/watari,24,そば処よし田屋,https://img.bokenjapan.com/media/watari-dining-4004358.jpg,,photo belonged to another card; no own photo found
miyagi/watari,25,グリムコーヒーロースター,https://img.bokenjapan.com/media/watari-dining-4021120.jpg,https://img.bokenjapan.com/media/watari-dining-4004358.jpg,matched own listing photo
miyagi/watari,26,はなひな,https://img.bokenjapan.com/media/watari-dining-4018085.jpg,https://img.bokenjapan.com/media/watari-dining-4021120.jpg,matched own listing photo
miyagi/watari,27,みちくさ食堂,https://img.bokenjapan.com/media/watari-dining-4028992.jpg,https://img.bokenjapan.com/media/watari-dining-4018085.jpg,matched own listing photo
miyagi/watari,28,香園,https://img.bokenjapan.com/media/watari-dining-4019110.jpg,https://img.bokenjapan.com/media/watari-dining-4028992.jpg,matched own listing photo
miyagi/watari,29,カフェ笑夢,https://img.bokenjapan.com/media/watari-dining-4018185.jpg,https://img.bokenjapan.com/media/watari-dining-4019110.jpg,matched own listing photo
miyagi/watari,30,瀬止凡 船橋屋 五日町店,https://img.bokenjapan.com/media/watari-dining-4016505.jpg,https://img.bokenjapan.com/media/watari-dining-4018185.jpg,matched own listing photo
miyagi/watari,31,鳥の海 ふれあい市場,https://img.bokenjapan.com/media/watari-dining-4008897.jpg,https://img.bokenjapan.com/media/watari-dining-4016505.jpg,matched own listing photo
miyagi/watari,32,とんかつ 華菜,https://img.bokenjapan.com/media/watari-dining-4027803.jpg,,photo belonged to another card; no own photo found
miyagi/watari,33,みやぎのあられ,https://img.bokenjapan.com/media/watari-dining-4004996.jpg,https://img.bokenjapan.com/media/watari-dining-4027803.jpg,matched own listing photo
miyagi/watari,34,手打うどん屋伝七,https://img.bokenjapan.com/media/watari-dining-4004423.jpg,https://img.bokenjapan.com/media/watari-dining-4004996.jpg,matched own listing photo
miyagi/watari,35,めし家,https://img.bokenjapan.com/media/watari-dining-4029193.jpg,https://img.bokenjapan.com/media/watari-dining-4004423.jpg,matched own listing photo
miyagi/watari,36,おおくまふれあいセンター,https://img.bokenjapan.com/media/watari-dining-4010214.jpg,https://img.bokenjapan.com/media/watari-dining-4029193.jpg,matched own listing photo
miyagi/watari,37,龍味,https://img.bokenjapan.com/media/watari-dining-4028858.jpg,https://img.bokenjapan.com/media/watari-dining-4010214.jpg,matched own listing photo
miyagi/watari,40,SEVEN TWO CAFE,https://img.bokenjapan.com/media/watari-dining-4027714.jpg,,photo belonged to another card; no own photo found
miyagi/watari,41,とうふ処　豆達人,https://img.bokenjapan.com/media/watari-dining-4012137.jpg,https://img.bokenjapan.com/media/watari-dining-4027714.jpg,matched own listing photo
miyagi/watari,42,中国厨房 彩苑,https://img.bokenjapan.com/media/watari-dining-4017348.jpg,https://img.bokenjapan.com/media/watari-dining-4012137.jpg,matched own listing photo
miyagi/watari,43,白井商店幸邦丸,https://img.bokenjapan.com/media/watari-dining-4017488.jpg,https://img.bokenjapan.com/media/watari-dining-4017348.jpg,matched own listing photo
miyagi/watari,44,万里,https://img.bokenjapan.com/media/watari-dining-4003792.jpg,https://img.bokenjapan.com/media/watari-dining-4017488.jpg,matched own listing photo
miyagi/watari,45,ソウル亭Ⅱ炭焼,https://img.bokenjapan.com/media/watari-dining-4004322.jpg,https://img.bokenjapan.com/media/watari-dining-4003792.jpg,matched own listing photo
miyagi/watari,46,Ema,https://img.bokenjapan.com/media/watari-dining-4018181.jpg,https://img.bokenjapan.com/media/watari-dining-4004322.jpg,matched own listing photo
miyagi/watari,47,つくし,https://img.bokenjapan.com/media/watari-dining-4026747.jpg,https://img.bokenjapan.com/media/watari-dining-4018181.jpg,matched own listing photo
miyagi/watari,48,デルソーレ,https://img.bokenjapan.com/media/watari-dining-4015495.jpg,https://img.bokenjapan.com/media/watari-dining-4026747.jpg,matched own listing photo
miyagi/watari,49,おしか商店,https://img.bokenjapan.com/media/watari-dining-4010593.jpg,https://img.bokenjapan.com/media/watari-dining-4015495.jpg,matched own listing photo
miyagi/watari,50,笹かまの郷 馬上かまぼこ店 本社,https://img.bokenjapan.com/media/watari-dining-4016805.jpg,https://img.bokenjapan.com/media/watari-dining-4010593.jpg,matched own listing photo
miyagi/watari,51,とんかつ小野,https://img.bokenjapan.com/media/watari-dining-4006516.jpg,https://img.bokenjapan.com/media/watari-dining-4016805.jpg,matched own listing photo
miyagi/watari,52,高村屋,https://img.bokenjapan.com/media/watari-dining-4012633.jpg,https://img.bokenjapan.com/media/watari-dining-4006516.jpg,matched own listing photo
miyagi/watari,53,ラルカンシェール みやぎ生協亘理店,https://img.bokenjapan.com/media/watari-dining-4022854.jpg,https://img.bokenjapan.com/media/watari-dining-4012633.jpg,matched own listing photo
miyagi/watari,54,酒房 いづもんどこ,https://img.bokenjapan.com/media/watari-dining-4016496.jpg,https://img.bokenjapan.com/media/watari-dining-4022854.jpg,matched own listing photo
miyagi/watari,55,Cafe 悠里,https://img.bokenjapan.com/media/watari-dining-4024123.jpg,https://img.bokenjapan.com/media/watari-dining-4016496.jpg,matched own listing photo
miyagi/watari,56,安達魚店,https://img.bokenjapan.com/media/watari-dining-4021061.jpg,https://img.bokenjapan.com/media/watari-dining-4024123.jpg,matched own listing photo
miyagi/watari,57,セブンイレブン 宮城亘理南店,https://img.bokenjapan.com/media/watari-dining-4027677.jpg,https://img.bokenjapan.com/media/watari-dining-4021061.jpg,matched own listing photo
miyagi/watari,60,和風レストランまるまつ 亘理店,https://img.bokenjapan.com/media/watari-dining-4019374.jpg,,photo belonged to another card; no own photo found
miyagi/watari,61,門馬うなぎ店,https://img.bokenjapan.com/media/watari-dining-4026956.jpg,https://img.bokenjapan.com/media/watari-dining-4019374.jpg,matched own listing photo
miyagi/watari,62,マクドナルド 亘理コープ店,https://img.bokenjapan.com/media/watari-dining-4018509.jpg,https://img.bokenjapan.com/media/watari-dining-4026956.jpg,matched own listing photo
miyagi/watari,63,渡部菓子店,https://img.bokenjapan.com/media/watari-dining-4008526.jpg,https://img.bokenjapan.com/media/watari-dining-4018509.jpg,matched own listing photo
miyagi/watari,64,馬上かまぼこ店 さざんか通り店,https://img.bokenjapan.com/media/watari-dining-4014462.jpg,https://img.bokenjapan.com/media/watari-dining-4008526.jpg,matched own listing photo
miyagi/watari,65,からふと屋,https://img.bokenjapan.com/media/watari-dining-4018749.jpg,https://img.bokenjapan.com/media/watari-dining-4014462.jpg,matched own listing photo
miyagi/watari,66,Liglad,https://img.bokenjapan.com/media/watari-dining-4022082.jpg,https://img.bokenjapan.com/media/watari-dining-4018749.jpg,matched own listing photo
miyagi/watari,67,中町カフェー,https://img.bokenjapan.com/media/watari-dining-4018038.jpg,https://img.bokenjapan.com/media/watari-dining-4022082.jpg,matched own listing photo
miyagi/watari,68,せとや,https://img.bokenjapan.com/media/watari-dining-4012333.jpg,https://img.bokenjapan.com/media/watari-dining-4018038.jpg,matched own listing photo
miyagi/watari,69,居酒屋YOSAKU わたり店,https://img.bokenjapan.com/media/watari-dining-4008822.jpg,https://img.bokenjapan.com/media/watari-dining-4012333.jpg,matched own listing photo
miyagi/watari,70,ファミリーマート 宮城亘理店,https://img.bokenjapan.com/media/watari-dining-4026579.jpg,https://img.bokenjapan.com/media/watari-dining-4008822.jpg,matched own listing photo
miyagi/watari,71,小さな隠れ家のかき氷 涼華,https://img.bokenjapan.com/media/watari-dining-4028181.jpg,https://img.bokenjapan.com/media/watari-dining-4026579.jpg,matched own listing photo
miyagi/watari,72,まめちちどーなつ,https://img.bokenjapan.com/media/watari-dining-4026940.jpg,https://img.bokenjapan.com/media/watari-dining-4028181.jpg,matched own listing photo
miyagi/watari,73,L’Atelier du Muget,https://img.bokenjapan.com/media/watari-dining-4030216.jpg,https://img.bokenjapan.com/media/watari-dining-4026940.jpg,matched own listing photo
miyagi/watari,74,BACK PORT CAFE,https://img.bokenjapan.com/media/watari-dining-4028056.jpg,https://img.bokenjapan.com/media/watari-dining-4030216.jpg,matched own listing photo
miyagi/watari,75,幸楽苑 亘理店,https://img.bokenjapan.com/media/watari-dining-4008490.jpg,https://img.bokenjapan.com/media/watari-dining-4028056.jpg,matched own listing photo
miyagi/watari,76,こうちゃん園,https://img.bokenjapan.com/media/watari-dining-4016475.jpg,https://img.bokenjapan.com/media/watari-dining-4008490.jpg,matched own listing photo
miyagi/watari,77,セブンイレブン 亘理荒浜店,https://img.bokenjapan.com/media/watari-dining-4018860.jpg,https://img.bokenjapan.com/media/watari-dining-4016475.jpg,matched own listing photo
miyagi/watari,80,このみ,https://img.bokenjapan.com/media/watari-dining-4009969.jpg,,photo belonged to another card; no own photo found
miyagi/watari,81,大衆ハラミ・焼肉専門店 ワタジン,https://img.bokenjapan.com/media/watari-dining-4026343.jpg,https://img.bokenjapan.com/media/watari-dining-4009969.jpg,matched own listing photo
miyagi/watari,82,肉 あかり,https://img.bokenjapan.com/media/watari-dining-4029507.jpg,https://img.bokenjapan.com/media/watari-dining-4026343.jpg,matched own listing photo
miyagi/watari,83,つつみ屋 亘理店,https://img.bokenjapan.com/media/watari-dining-4025966.jpg,https://img.bokenjapan.com/media/watari-dining-4029507.jpg,matched own listing photo
miyagi/watari,84,大丁内農場・農家のお店 大丁内,https://img.bokenjapan.com/media/watari-dining-4018771.jpg,https://img.bokenjapan.com/media/watari-dining-4025966.jpg,matched own listing photo
miyagi/watari,85,モンペリエ ヨークベニマル亘理店,https://img.bokenjapan.com/media/watari-dining-4022150.jpg,https://img.bokenjapan.com/media/watari-dining-4018771.jpg,matched own listing photo
miyagi/watari,86,不二家 みやぎ生協亘理店,https://img.bokenjapan.com/media/watari-dining-4014232.jpg,https://img.bokenjapan.com/media/watari-dining-4022150.jpg,matched own listing photo
miyagi/watari,87,ほっともっと 亘理町店,https://img.bokenjapan.com/media/watari-dining-4014167.jpg,https://img.bokenjapan.com/media/watari-dining-4014232.jpg,matched own listing photo
miyagi/watari,88,ヨークベニマル 亘理店,https://img.bokenjapan.com/media/watari-dining-4020806.jpg,https://img.bokenjapan.com/media/watari-dining-4014167.jpg,matched own listing photo
miyagi/watari,89,セブンイレブン 亘理インター店,https://img.bokenjapan.com/media/watari-dining-4018328.jpg,https://img.bokenjapan.com/media/watari-dining-4020806.jpg,matched own listing photo
miyagi/watari,90,山田屋,https://img.bokenjapan.com/media/watari-dining-4014463.jpg,https://img.bokenjapan.com/media/watari-dining-4018328.jpg,matched own listing photo
miyagi/watari,91,幸楽苑のからあげ家 亘理店,https://img.bokenjapan.com/media/watari-dining-4026147.jpg,https://img.bokenjapan.com/media/watari-dining-4014463.jpg,matched own listing photo
miyagi/watari,92,カインズ 亘理店,https://img.bokenjapan.com/media/watari-dining-4023410.jpg,https://img.bokenjapan.com/media/watari-dining-4026147.jpg,matched own listing photo
miyagi/watari,93,わたり温泉 鳥の海 軽食コーナー,https://img.bokenjapan.com/media/watari-dining-4022836.jpg,https://img.bokenjapan.com/media/watari-dining-4023410.jpg,matched own listing photo
miyagi/watari,94,源兵衛亘理工房,https://img.bokenjapan.com/media/watari-dining-4029993.jpg,https://img.bokenjapan.com/media/watari-dining-4022836.jpg,matched own listing photo
miyagi/watari,95,ぽてと,https://img.bokenjapan.com/media/watari-dining-4029130.jpg,https://img.bokenjapan.com/media/watari-dining-4029993.jpg,matched own listing photo
miyagi/watari,96,幸友水産,https://img.bokenjapan.com/media/watari-dining-4021663.jpg,https://img.bokenjapan.com/media/watari-dining-4029130.jpg,matched own listing photo
miyagi/watari,97,不二家 ヨークベニマル亘理店,https://img.bokenjapan.com/media/watari-dining-4024020.jpg,https://img.bokenjapan.com/media/watari-dining-4021663.jpg,matched own listing photo
miyagi/watari,100,呑楽,https://img.bokenjapan.com/media/watari-dining-4004077.jpg,,photo belonged to another card; no own photo found
miyagi/watari,101,あらはま海苔 直売所,https://img.bokenjapan.com/media/watari-dining-4024894.jpg,https://img.bokenjapan.com/media/watari-dining-4004077.jpg,matched own listing photo
miyagi/watari,102,スーパーセンタートライアル 亘理店,https://img.bokenjapan.com/media/watari-dining-4029683.jpg,https://img.bokenjapan.com/media/watari-dining-4024894.jpg,matched own listing photo
miyagi/watari,103,昭和大衆ホルモン酒場トラヤ,https://img.bokenjapan.com/media/watari-dining-4016987.jpg,https://img.bokenjapan.com/media/watari-dining-4029683.jpg,matched own listing photo
miyagi/watari,104,ともに はま道,https://img.bokenjapan.com/media/watari-dining-4021277.jpg,https://img.bokenjapan.com/media/watari-dining-4016987.jpg,matched own listing photo
miyagi/watari,105,LAWSON 亘理中町東店,https://img.bokenjapan.com/media/watari-dining-4025856.jpg,,photo belonged to another card; no own photo found
miyagi/watari,106,ミニストップ 宮城亘理店,https://img.bokenjapan.com/media/watari-dining-4026642.jpg,https://img.bokenjapan.com/media/watari-dining-4025856.jpg,matched own listing photo
miyagi/watari,107,フレスコキクチ 亘理店,https://img.bokenjapan.com/media/watari-dining-4029266.jpg,https://img.bokenjapan.com/media/watari-dining-4026642.jpg,matched own listing photo
miyagi/yamamoto,2,濃厚タンメン トミー,https://img.bokenjapan.com/media/yamamoto-dining-4026518.jpg,,photo belonged to another card; no own photo found
miyagi/yamamoto,3,魚や たけだ,https://img.bokenjapan.com/media/yamamoto-dining-4019108.jpg,https://img.bokenjapan.com/media/yamamoto-dining-4026518.jpg,matched own listing photo
miyagi/yamamoto,4,ベリーベリーラボ,https://img.bokenjapan.com/media/yamamoto-dining-4015003.jpg,https://img.bokenjapan.com/media/yamamoto-dining-4019108.jpg,matched own listing photo
miyagi/yamamoto,5,金ちゃんラーメン,https://img.bokenjapan.com/media/yamamoto-dining-4019790.jpg,https://img.bokenjapan.com/media/yamamoto-dining-4015003.jpg,matched own listing photo
miyagi/yamamoto,6,和食・そば処 蕃山 山元店,https://img.bokenjapan.com/media/yamamoto-dining-4023807.jpg,https://img.bokenjapan.com/media/yamamoto-dining-4019790.jpg,matched own listing photo
miyagi/yamamoto,7,プチット ジョア,https://img.bokenjapan.com/media/yamamoto-dining-4016670.jpg,https://img.bokenjapan.com/media/yamamoto-dining-4023807.jpg,matched own listing photo
miyagi/yamamoto,8,プチットジョアストーリーズ,https://img.bokenjapan.com/media/yamamoto-dining-4027252.jpg,https://img.bokenjapan.com/media/yamamoto-dining-4016670.jpg,matched own listing photo
miyagi/yamamoto,9,MIGAKI FARM CAFE 山元店,https://img.bokenjapan.com/media/yamamoto-dining-4028807.jpg,https://img.bokenjapan.com/media/yamamoto-dining-4027252.jpg,matched own listing photo
miyagi/yamamoto,10,結工房,https://img.bokenjapan.com/media/yamamoto-dining-4020086.jpg,https://img.bokenjapan.com/media/yamamoto-dining-4028807.jpg,matched own listing photo
miyagi/yamamoto,11,ラーメン せん家 山元店,https://img.bokenjapan.com/media/yamamoto-dining-4023809.jpg,https://img.bokenjapan.com/media/yamamoto-dining-4020086.jpg,matched own listing photo
miyagi/yamamoto,12,旬魚酒房 金八,https://img.bokenjapan.com/media/yamamoto-dining-4015690.jpg,https://img.bokenjapan.com/media/yamamoto-dining-4023809.jpg,matched own listing photo
miyagi/yamamoto,13,ブロート ドルフ,https://img.bokenjapan.com/media/yamamoto-dining-4025844.jpg,https://img.bokenjapan.com/media/yamamoto-dining-4015690.jpg,matched own listing photo
miyagi/yamamoto,14,お食事処・酒房 つばめ,https://img.bokenjapan.com/media/yamamoto-dining-4027332.jpg,https://img.bokenjapan.com/media/yamamoto-dining-4025844.jpg,matched own listing photo
miyagi/yamamoto,15,そばきり八寸 長常,https://img.bokenjapan.com/media/yamamoto-dining-4011097.jpg,https://img.bokenjapan.com/media/yamamoto-dining-4027332.jpg,matched own listing photo
miyagi/yamamoto,16,レストラン　わか菜,https://img.bokenjapan.com/media/yamamoto-dining-4002958.jpg,https://img.bokenjapan.com/media/yamamoto-dining-4011097.jpg,matched own listing photo
miyagi/yamamoto,17,焼肉大東仙,https://img.bokenjapan.com/media/yamamoto-dining-4004324.jpg,https://img.bokenjapan.com/media/yamamoto-dining-4002958.jpg,matched own listing photo
miyagi/yamamoto,18,杜のかまど,https://img.bokenjapan.com/media/yamamoto-dining-4021574.jpg,https://img.bokenjapan.com/media/yamamoto-dining-4004324.jpg,matched own listing photo
miyagi/yamamoto,19,とんちゃんニッパチ,https://img.bokenjapan.com/media/yamamoto-dining-4003078.jpg,https://img.bokenjapan.com/media/yamamoto-dining-4021574.jpg,matched own listing photo
miyagi/yamamoto,22,イチゴ ワールド,https://img.bokenjapan.com/media/yamamoto-dining-4017314.jpg,,photo belonged to another card; no own photo found
miyagi/yamamoto,23,中華料理 濃河,https://img.bokenjapan.com/media/yamamoto-dining-4024401.jpg,https://img.bokenjapan.com/media/yamamoto-dining-4017314.jpg,matched own listing photo
miyagi/yamamoto,24,山元いちご農園,https://img.bokenjapan.com/media/yamamoto-dining-4025408.jpg,https://img.bokenjapan.com/media/yamamoto-dining-4024401.jpg,matched own listing photo
miyagi/yamamoto,25,そば一ばん,https://img.bokenjapan.com/media/yamamoto-dining-4025647.jpg,https://img.bokenjapan.com/media/yamamoto-dining-4025408.jpg,matched own listing photo
miyagi/yamamoto,26,ネギ・イタリ家,https://img.bokenjapan.com/media/yamamoto-dining-4023808.jpg,https://img.bokenjapan.com/media/yamamoto-dining-4025647.jpg,matched own listing photo
miyagi/yamamoto,27,深山,https://img.bokenjapan.com/media/yamamoto-dining-4023946.jpg,https://img.bokenjapan.com/media/yamamoto-dining-4023808.jpg,matched own listing photo
miyagi/yamamoto,28,アンテナショップ 葡萄の杜 まるた,https://img.bokenjapan.com/media/yamamoto-dining-4024657.jpg,https://img.bokenjapan.com/media/yamamoto-dining-4023946.jpg,matched own listing photo
miyagi/yamamoto,29,casano-va,https://img.bokenjapan.com/media/yamamoto-dining-4025370.jpg,https://img.bokenjapan.com/media/yamamoto-dining-4024657.jpg,matched own listing photo
miyagi/yamamoto,30,九州ラーメン たかさき屋,https://img.bokenjapan.com/media/yamamoto-dining-4020349.jpg,https://img.bokenjapan.com/media/yamamoto-dining-4025370.jpg,matched own listing photo
miyagi/yamamoto,31,大衆酒場 居酒屋けん,https://img.bokenjapan.com/media/yamamoto-dining-4017149.jpg,https://img.bokenjapan.com/media/yamamoto-dining-4020349.jpg,matched own listing photo
miyagi/yamamoto,32,e/l café au lait,https://img.bokenjapan.com/media/yamamoto-dining-4029470.jpg,https://img.bokenjapan.com/media/yamamoto-dining-4017149.jpg,matched own listing photo
miyagi/yamamoto,33,田所食品株式会社,https://img.bokenjapan.com/media/yamamoto-dining-4023516.jpg,https://img.bokenjapan.com/media/yamamoto-dining-4029470.jpg,matched own listing photo
miyagi/yamamoto,34,カフェ地球村,https://img.bokenjapan.com/media/yamamoto-dining-4014377.jpg,https://img.bokenjapan.com/media/yamamoto-dining-4023516.jpg,matched own listing photo
miyagi/yamamoto,35,フレスコキクチ 山下駅前店,https://img.bokenjapan.com/media/yamamoto-dining-4028327.jpg,https://img.bokenjapan.com/media/yamamoto-dining-4014377.jpg,matched own listing photo
miyagi/yamamoto,36,LAWSON 山元町山寺店,https://img.bokenjapan.com/media/yamamoto-dining-4028478.jpg,https://img.bokenjapan.com/media/yamamoto-dining-4028327.jpg,matched own listing photo
miyagi/yamamoto,37,夢工房やまもとバーム,https://img.bokenjapan.com/media/yamamoto-dining-4020003.jpg,https://img.bokenjapan.com/media/yamamoto-dining-4028478.jpg,matched own listing photo
miyagi/yamamoto,38,ホルモン 貴,https://img.bokenjapan.com/media/yamamoto-dining-4028440.jpg,https://img.bokenjapan.com/media/yamamoto-dining-4020003.jpg,matched own listing photo
miyagi/yamamoto,39,燦燦園,https://img.bokenjapan.com/media/yamamoto-dining-4018796.jpg,https://img.bokenjapan.com/media/yamamoto-dining-4028440.jpg,matched own listing photo
miyagi/yamamoto,42,喫茶 遊,https://img.bokenjapan.com/media/yamamoto-dining-4016559.jpg,,photo belonged to another card; no own photo found
miyagi/yamamoto,44,宮城野ゴルフクラブ,https://img.bokenjapan.com/media/yamamoto-dining-4029076.jpg,https://img.bokenjapan.com/media/yamamoto-dining-4016559.jpg,matched own listing photo
miyagi/yamamoto,45,パン処 ひととせ,https://img.bokenjapan.com/media/yamamoto-dining-4030357.jpg,https://img.bokenjapan.com/media/yamamoto-dining-4029076.jpg,matched own listing photo
miyagi/yamamoto,46,きく邑,https://img.bokenjapan.com/media/yamamoto-dining-4019202.jpg,https://img.bokenjapan.com/media/yamamoto-dining-4030357.jpg,matched own listing photo
miyagi/yamamoto,47,岩佐海苔店,https://img.bokenjapan.com/media/yamamoto-dining-4026631.jpg,https://img.bokenjapan.com/media/yamamoto-dining-4019202.jpg,matched own listing photo
miyagi/yamamoto,48,佐藤蒟蒻店,https://img.bokenjapan.com/media/yamamoto-dining-4018912.jpg,https://img.bokenjapan.com/media/yamamoto-dining-4026631.jpg,matched own listing photo
miyagi/yamamoto,49,RORO’s NAPOLITAN,https://img.bokenjapan.com/media/yamamoto-dining-4029114.jpg,https://img.bokenjapan.com/media/yamamoto-dining-4018912.jpg,matched own listing photo
miyagi/yamamoto,50,やまうち農園,https://img.bokenjapan.com/media/yamamoto-dining-4017832.jpg,https://img.bokenjapan.com/media/yamamoto-dining-4029114.jpg,matched own listing photo
miyagi/yamamoto,51,畑楽,https://img.bokenjapan.com/media/yamamoto-dining-4026498.jpg,https://img.bokenjapan.com/media/yamamoto-dining-4017832.jpg,matched own listing photo
miyagi/yamamoto,52,古民家カフェ ゆるり,https://img.bokenjapan.com/media/yamamoto-dining-4030464.jpg,https://img.bokenjapan.com/media/yamamoto-dining-4026498.jpg,matched own listing photo
miyagi/zao,1,中華亭 分店,https://img.bokenjapan.com/media/zao-dining-4000447.jpg,,photo belonged to another card; no own photo found
miyagi/zao,2,蔵王 手打ちそば 新楽,https://img.bokenjapan.com/media/zao-dining-4001977.jpg,https://img.bokenjapan.com/media/zao-dining-4000447.jpg,matched own listing photo
miyagi/zao,3,チーズキャビン,https://img.bokenjapan.com/media/zao-dining-4015914.jpg,https://img.bokenjapan.com/media/zao-dining-4001977.jpg,matched own listing photo
miyagi/zao,4,チーズ・シェッド,https://img.bokenjapan.com/media/zao-dining-4001924.jpg,https://img.bokenjapan.com/media/zao-dining-4015914.jpg,matched own listing photo
miyagi/zao,5,Zao Boo,https://img.bokenjapan.com/media/zao-dining-4002919.jpg,https://img.bokenjapan.com/media/zao-dining-4001924.jpg,matched own listing photo
miyagi/zao,6,麺王 みらい 円田店,https://img.bokenjapan.com/media/zao-dining-4013325.jpg,https://img.bokenjapan.com/media/zao-dining-4002919.jpg,matched own listing photo
miyagi/zao,7,ヨーグルト工房  Atreyu,https://img.bokenjapan.com/media/zao-dining-4018124.jpg,https://img.bokenjapan.com/media/zao-dining-4013325.jpg,matched own listing photo
miyagi/zao,8,匠庵,https://img.bokenjapan.com/media/zao-dining-4012173.jpg,https://img.bokenjapan.com/media/zao-dining-4018124.jpg,matched own listing photo
miyagi/zao,9,corrot.,https://img.bokenjapan.com/media/zao-dining-4021682.jpg,https://img.bokenjapan.com/media/zao-dining-4012173.jpg,matched own listing photo
miyagi/zao,10,らーめん家,https://img.bokenjapan.com/media/zao-dining-4010315.jpg,https://img.bokenjapan.com/media/zao-dining-4021682.jpg,matched own listing photo
miyagi/zao,11,自然薯とろろ専門店 蔵王 小妻坂山,https://img.bokenjapan.com/media/zao-dining-4026229.jpg,https://img.bokenjapan.com/media/zao-dining-4010315.jpg,matched own listing photo
miyagi/zao,12,醤油ラーメン専門店 京都ラーメン 草創,https://img.bokenjapan.com/media/zao-dining-4026274.jpg,https://img.bokenjapan.com/media/zao-dining-4026229.jpg,matched own listing photo
miyagi/zao,13,森の芽ぶき たまご舎 蔵王本店,https://img.bokenjapan.com/media/zao-dining-4001972.jpg,https://img.bokenjapan.com/media/zao-dining-4026274.jpg,matched own listing photo
miyagi/zao,14,蔵王山頂レストハウス,https://img.bokenjapan.com/media/zao-dining-4003067.jpg,https://img.bokenjapan.com/media/zao-dining-4001972.jpg,matched own listing photo
miyagi/zao,15,樹の里,https://img.bokenjapan.com/media/zao-dining-4003390.jpg,https://img.bokenjapan.com/media/zao-dining-4003067.jpg,matched own listing photo
miyagi/zao,16,ゼルコバ,https://img.bokenjapan.com/media/zao-dining-4016011.jpg,https://img.bokenjapan.com/media/zao-dining-4003390.jpg,matched own listing photo
miyagi/zao,17,BRING,https://img.bokenjapan.com/media/zao-dining-4022731.jpg,https://img.bokenjapan.com/media/zao-dining-4016011.jpg,matched own listing photo
miyagi/zao,18,クロスロード,https://img.bokenjapan.com/media/zao-dining-4013718.jpg,https://img.bokenjapan.com/media/zao-dining-4022731.jpg,matched own listing photo
miyagi/zao,21,蔵王湯けむりプリン,https://img.bokenjapan.com/media/zao-dining-4024808.jpg,,photo belonged to another card; no own photo found
miyagi/zao,22,えんそう,https://img.bokenjapan.com/media/zao-dining-4002084.jpg,https://img.bokenjapan.com/media/zao-dining-4024808.jpg,matched own listing photo
miyagi/zao,23,とんかつ あき,https://img.bokenjapan.com/media/zao-dining-4000405.jpg,https://img.bokenjapan.com/media/zao-dining-4002084.jpg,matched own listing photo
miyagi/zao,24,別邸 山風木,https://img.bokenjapan.com/media/zao-dining-4003367.jpg,https://img.bokenjapan.com/media/zao-dining-4000405.jpg,matched own listing photo
miyagi/zao,25,アトリエデリス,https://img.bokenjapan.com/media/zao-dining-4007853.jpg,https://img.bokenjapan.com/media/zao-dining-4003367.jpg,matched own listing photo
miyagi/zao,26,石臼挽き手打ちそば おおみ,https://img.bokenjapan.com/media/zao-dining-4001317.jpg,https://img.bokenjapan.com/media/zao-dining-4007853.jpg,matched own listing photo
miyagi/zao,27,808ドットミニ イコマファーム,https://img.bokenjapan.com/media/zao-dining-4022725.jpg,https://img.bokenjapan.com/media/zao-dining-4001317.jpg,matched own listing photo
miyagi/zao,28,ぶなの森,https://img.bokenjapan.com/media/zao-dining-4000861.jpg,https://img.bokenjapan.com/media/zao-dining-4022725.jpg,matched own listing photo
miyagi/zao,29,Zao樹のなか 採りたてやさいとチーズケーキ,https://img.bokenjapan.com/media/zao-dining-4024514.jpg,,photo belonged to another card; no own photo found
miyagi/zao,30,蔵王ブルーベリー農園 レストハウス,https://img.bokenjapan.com/media/zao-dining-4015252.jpg,https://img.bokenjapan.com/media/zao-dining-4024514.jpg,matched own listing photo
miyagi/zao,32,炭火焼肉 まほろば,https://img.bokenjapan.com/media/zao-dining-4015687.jpg,,photo belonged to another card; no own photo found
miyagi/zao,33,玉浦屋,https://img.bokenjapan.com/media/zao-dining-4016560.jpg,https://img.bokenjapan.com/media/zao-dining-4015687.jpg,matched own listing photo
miyagi/zao,34,宮寿司,https://img.bokenjapan.com/media/zao-dining-4003107.jpg,https://img.bokenjapan.com/media/zao-dining-4016560.jpg,matched own listing photo
miyagi/zao,37,鳥 みこし,https://img.bokenjapan.com/media/zao-dining-4017788.jpg,,photo belonged to another card; no own photo found
miyagi/zao,38,番や,https://img.bokenjapan.com/media/zao-dining-4015566.jpg,https://img.bokenjapan.com/media/zao-dining-4017788.jpg,matched own listing photo
miyagi/zao,39,はせがわ屋,https://img.bokenjapan.com/media/zao-dining-4007989.jpg,https://img.bokenjapan.com/media/zao-dining-4015566.jpg,matched own listing photo
miyagi/zao,40,そば処 飛鳥,https://img.bokenjapan.com/media/zao-dining-4010407.jpg,https://img.bokenjapan.com/media/zao-dining-4007989.jpg,matched own listing photo
miyagi/zao,41,蔵王とうふ,https://img.bokenjapan.com/media/zao-dining-4019416.jpg,https://img.bokenjapan.com/media/zao-dining-4010407.jpg,matched own listing photo
miyagi/zao,42,レストランえぼし,https://img.bokenjapan.com/media/zao-dining-4016099.jpg,,photo belonged to another card; no own photo found
miyagi/zao,43,蜂蜜屋 六方,https://img.bokenjapan.com/media/zao-dining-4014016.jpg,https://img.bokenjapan.com/media/zao-dining-4016099.jpg,matched own listing photo
miyagi/zao,44,ZAZAO,https://img.bokenjapan.com/media/zao-dining-4027487.jpg,https://img.bokenjapan.com/media/zao-dining-4014016.jpg,matched own listing photo
miyagi/zao,45,鰹の本気 白石店,https://img.bokenjapan.com/media/zao-dining-4028215.jpg,,photo belonged to another card; no own photo found
miyagi/zao,46,くぬぎ庵,https://img.bokenjapan.com/media/zao-dining-4016763.jpg,https://img.bokenjapan.com/media/zao-dining-4028215.jpg,matched own listing photo
miyagi/zao,47,蔵王山頂レストハウス 売店,https://img.bokenjapan.com/media/zao-dining-4002929.jpg,https://img.bokenjapan.com/media/zao-dining-4016763.jpg,matched own listing photo
miyagi/zao,48,ハラールカレーレストラン,https://img.bokenjapan.com/media/zao-dining-4025273.jpg,https://img.bokenjapan.com/media/zao-dining-4002929.jpg,matched own listing photo
miyagi/zao,49,えんがわ茶屋 やまびこ,https://img.bokenjapan.com/media/zao-dining-4016707.jpg,https://img.bokenjapan.com/media/zao-dining-4025273.jpg,matched own listing photo
miyagi/zao,50,cafe ienoakari,https://img.bokenjapan.com/media/zao-dining-4029306.jpg,https://img.bokenjapan.com/media/zao-dining-4016707.jpg,matched own listing photo
miyagi/zao,52,アクティブリゾーツ 宮城蔵王,https://img.bokenjapan.com/media/zao-dining-4011928.jpg,,photo belonged to another card; no own photo found
miyagi/zao,53,慢瑤茶,https://img.bokenjapan.com/media/zao-dining-4014485.jpg,https://img.bokenjapan.com/media/zao-dining-4011928.jpg,matched own listing photo
miyagi/zao,54,蔵王すずしろ,https://img.bokenjapan.com/media/zao-dining-4021633.jpg,https://img.bokenjapan.com/media/zao-dining-4014485.jpg,matched own listing photo
miyagi/zao,55,味彩,https://img.bokenjapan.com/media/zao-dining-4013843.jpg,https://img.bokenjapan.com/media/zao-dining-4021633.jpg,matched own listing photo
miyagi/zao,56,和風れすとらん正六,https://img.bokenjapan.com/media/zao-dining-4010400.jpg,,photo belonged to another card; no own photo found
miyagi/zao,57,蔵王わくわくファーム 農家レストラン,https://img.bokenjapan.com/media/zao-dining-4022794.jpg,https://img.bokenjapan.com/media/zao-dining-4010400.jpg,matched own listing photo
miyagi/zao,58,ル・ココン,https://img.bokenjapan.com/media/zao-dining-4028371.jpg,https://img.bokenjapan.com/media/zao-dining-4022794.jpg,matched own listing photo
miyagi/zao,59,ケーキ蔵王牧場,https://img.bokenjapan.com/media/zao-dining-4015916.jpg,,photo belonged to another card; no own photo found
miyagi/zao,60,まほろばの湯,https://img.bokenjapan.com/media/zao-dining-4019842.jpg,https://img.bokenjapan.com/media/zao-dining-4015916.jpg,matched own listing photo
miyagi/zao,61,花みず木,https://img.bokenjapan.com/media/zao-dining-4021754.jpg,https://img.bokenjapan.com/media/zao-dining-4019842.jpg,matched own listing photo
miyagi/zao,62,宮城蔵王カントリークラブ,https://img.bokenjapan.com/media/zao-dining-4028529.jpg,https://img.bokenjapan.com/media/zao-dining-4021754.jpg,matched own listing photo
miyagi/zao,63,MOKU,https://img.bokenjapan.com/media/zao-dining-4028363.jpg,https://img.bokenjapan.com/media/zao-dining-4028529.jpg,matched own listing photo
miyagi/zao,64,ざおう食堂,https://img.bokenjapan.com/media/zao-dining-4030053.jpg,https://img.bokenjapan.com/media/zao-dining-4028363.jpg,matched own listing photo
miyagi/zao,65,山ぼうし,https://img.bokenjapan.com/media/zao-dining-4002650.jpg,,photo belonged to another card; no own photo found
miyagi/zao,66,産直市場みんな野,https://img.bokenjapan.com/media/zao-dining-4020796.jpg,https://img.bokenjapan.com/media/zao-dining-4002650.jpg,matched own listing photo
miyagi/zao,69,こまくさ平,https://img.bokenjapan.com/media/zao-dining-4014540.jpg,,photo belonged to another card; no own photo found
miyagi/zao,70,いいかわ屋,https://img.bokenjapan.com/media/zao-dining-4026024.jpg,https://img.bokenjapan.com/media/zao-dining-4014540.jpg,matched own listing photo
miyagi/zao,71,遊季亭まるふく,https://img.bokenjapan.com/media/zao-dining-4010405.jpg,https://img.bokenjapan.com/media/zao-dining-4026024.jpg,matched own listing photo
miyagi/zao,72,十割蕎麦 薫風,https://img.bokenjapan.com/media/zao-dining-4003255.jpg,https://img.bokenjapan.com/media/zao-dining-4010405.jpg,matched own listing photo
miyagi/zao,73,杜空館,https://img.bokenjapan.com/media/zao-dining-4017140.jpg,https://img.bokenjapan.com/media/zao-dining-4003255.jpg,matched own listing photo
miyagi/zao,74,蔵王 山荷葉,https://img.bokenjapan.com/media/zao-dining-4027753.jpg,https://img.bokenjapan.com/media/zao-dining-4017140.jpg,matched own listing photo
miyagi/zao,75,蔵王Kitchenさんく,https://img.bokenjapan.com/media/zao-dining-4030161.jpg,https://img.bokenjapan.com/media/zao-dining-4027753.jpg,matched own listing photo
miyagi/zao,76,ホテル蔵王メッツ,https://img.bokenjapan.com/media/zao-dining-4008503.jpg,,photo belonged to another card; no own photo found
miyagi/zao,77,蔵王料理のうらく伸,https://img.bokenjapan.com/media/zao-dining-4017583.jpg,https://img.bokenjapan.com/media/zao-dining-4008503.jpg,matched own listing photo
miyagi/zao,78,菜食 左ェ門,https://img.bokenjapan.com/media/zao-dining-4011826.jpg,https://img.bokenjapan.com/media/zao-dining-4017583.jpg,matched own listing photo
miyagi/zao,79,ウインドスクエア,https://img.bokenjapan.com/media/zao-dining-4001963.jpg,https://img.bokenjapan.com/media/zao-dining-4011826.jpg,matched own listing photo
miyagi/zao,80,あ～ら 蔵王の芽ぶき市場だっちゃ,https://img.bokenjapan.com/media/zao-dining-4020503.jpg,https://img.bokenjapan.com/media/zao-dining-4001963.jpg,matched own listing photo
miyagi/zao,81,蔵王ハートランド手作り体験館,https://img.bokenjapan.com/media/zao-dining-4024397.jpg,https://img.bokenjapan.com/media/zao-dining-4020503.jpg,matched own listing photo
miyagi/zao,82,会田菓子店,https://img.bokenjapan.com/media/zao-dining-4018772.jpg,https://img.bokenjapan.com/media/zao-dining-4024397.jpg,matched own listing photo
miyagi/zao,83,ダイニング「コの字」,https://img.bokenjapan.com/media/zao-dining-4028733.jpg,https://img.bokenjapan.com/media/zao-dining-4018772.jpg,matched own listing photo
miyagi/zao,84,高原レストラン,https://img.bokenjapan.com/media/zao-dining-4018723.jpg,https://img.bokenjapan.com/media/zao-dining-4028733.jpg,matched own listing photo
miyagi/zao,85,SUZUKI BAKERY,https://img.bokenjapan.com/media/zao-dining-4030373.jpg,https://img.bokenjapan.com/media/zao-dining-4018723.jpg,matched own listing photo
miyagi/zao,89,セブンイレブン 遠刈田温泉店,https://img.bokenjapan.com/media/zao-dining-4017694.jpg,,photo belonged to another card; no own photo found
miyagi/zao,90,小料理はなのや,https://img.bokenjapan.com/media/zao-dining-4018228.jpg,https://img.bokenjapan.com/media/zao-dining-4017694.jpg,matched own listing photo
miyagi/zao,91,居酒屋 やかた,https://img.bokenjapan.com/media/zao-dining-4021234.jpg,https://img.bokenjapan.com/media/zao-dining-4018228.jpg,matched own listing photo
miyagi/zao,92,リバーサイド,https://img.bokenjapan.com/media/zao-dining-4013720.jpg,https://img.bokenjapan.com/media/zao-dining-4021234.jpg,matched own listing photo
miyagi/zao,93,喫茶キャロル,https://img.bokenjapan.com/media/zao-dining-4010399.jpg,https://img.bokenjapan.com/media/zao-dining-4013720.jpg,matched own listing photo
miyagi/zao,94,カトー青果,https://img.bokenjapan.com/media/zao-dining-4030016.jpg,,photo belonged to another card; no own photo found
miyagi/zao,95,レストランかもしか,https://img.bokenjapan.com/media/zao-dining-4016100.jpg,https://img.bokenjapan.com/media/zao-dining-4030016.jpg,matched own listing photo
miyagi/zao,96,黄金川温泉,https://img.bokenjapan.com/media/zao-dining-4017896.jpg,https://img.bokenjapan.com/media/zao-dining-4016100.jpg,matched own listing photo
miyagi/zao,97,岩盤浴　すみかわ,https://img.bokenjapan.com/media/zao-dining-4012751.jpg,https://img.bokenjapan.com/media/zao-dining-4017896.jpg,matched own listing photo
miyagi/zao,98,セブンイレブン 蔵王遠刈田店,https://img.bokenjapan.com/media/zao-dining-4015364.jpg,https://img.bokenjapan.com/media/zao-dining-4012751.jpg,matched own listing photo
miyagi/zao,99,ピッツァハウス 富夢想野,https://img.bokenjapan.com/media/zao-dining-4018364.jpg,https://img.bokenjapan.com/media/zao-dining-4015364.jpg,matched own listing photo
miyagi/zao,100,カフェ マーノ,https://img.bokenjapan.com/media/zao-dining-4018261.jpg,https://img.bokenjapan.com/media/zao-dining-4018364.jpg,matched own listing photo
miyagi/zao,101,居酒屋 たぬき,https://img.bokenjapan.com/media/zao-dining-4002413.jpg,https://img.bokenjapan.com/media/zao-dining-4018261.jpg,matched own listing photo
miyagi/zao,102,フレッシュマート たかの,https://img.bokenjapan.com/media/zao-dining-4028207.jpg,https://img.bokenjapan.com/media/zao-dining-4002413.jpg,matched own listing photo
miyagi/zao,105,チェリー,https://img.bokenjapan.com/media/zao-dining-4015006.jpg,,photo belonged to another card; no own photo found
miyagi/zao,106,蔵王売店,https://img.bokenjapan.com/media/zao-dining-4020947.jpg,https://img.bokenjapan.com/media/zao-dining-4015006.jpg,matched own listing photo
miyagi/zao,107,室野井果実園,https://img.bokenjapan.com/media/zao-dining-4024879.jpg,https://img.bokenjapan.com/media/zao-dining-4020947.jpg,matched own listing photo
miyagi/zao,108,CHEESE ATELIER MOZZAO,https://img.bokenjapan.com/media/zao-dining-4026297.jpg,https://img.bokenjapan.com/media/zao-dining-4024879.jpg,matched own listing photo
miyagi/zao,109,フレスコキクチ 蔵王店,https://img.bokenjapan.com/media/zao-dining-4018510.jpg,https://img.bokenjapan.com/media/zao-dining-4026297.jpg,matched own listing photo
miyagi/zao,110,菓子処 いとう,https://img.bokenjapan.com/media/zao-dining-4017393.jpg,https://img.bokenjapan.com/media/zao-dining-4018510.jpg,matched own listing photo
miyagi/zao,111,味処 夢や,https://img.bokenjapan.com/media/zao-dining-4024052.jpg,https://img.bokenjapan.com/media/zao-dining-4017393.jpg,matched own listing photo
miyagi/zao,112,セブンイレブン 宮城蔵王バイパス店,https://img.bokenjapan.com/media/zao-dining-4018929.jpg,https://img.bokenjapan.com/media/zao-dining-4024052.jpg,matched own listing photo
miyagi/zao,113,やきとり蔵,https://img.bokenjapan.com/media/zao-dining-4008217.jpg,https://img.bokenjapan.com/media/zao-dining-4018929.jpg,matched own listing photo
miyagi/zao,114,くるみ食堂,https://img.bokenjapan.com/media/zao-dining-4024350.jpg,https://img.bokenjapan.com/media/zao-dining-4008217.jpg,matched own listing photo
miyagi/zao,115,もみじ亭,https://img.bokenjapan.com/media/zao-dining-4026267.jpg,https://img.bokenjapan.com/media/zao-dining-4024350.jpg,matched own listing photo
miyagi/zao,117,ツルハドラック 宮城蔵王店,https://img.bokenjapan.com/media/zao-dining-4018877.jpg,https://img.bokenjapan.com/media/zao-dining-4026267.jpg,matched own listing photo
miyagi/zao,118,食事処 茶屋,https://img.bokenjapan.com/media/zao-dining-4022557.jpg,https://img.bokenjapan.com/media/zao-dining-4018877.jpg,matched own listing photo
miyagi/zao,119,ファミリーマート 宮城蔵王町店,https://img.bokenjapan.com/media/zao-dining-4018402.jpg,https://img.bokenjapan.com/media/zao-dining-4022557.jpg,matched own listing photo
miyagi/zao,120,いろり焼　松柏亭　 宮城蔵王ロイヤルホテル,https://img.bokenjapan.com/media/zao-dining-4012397.jpg,https://img.bokenjapan.com/media/zao-dining-4018402.jpg,matched own listing photo
miyagi/zao,121,梅の家,https://img.bokenjapan.com/media/zao-dining-4010402.jpg,https://img.bokenjapan.com/media/zao-dining-4012397.jpg,matched own listing photo
miyagi/zao,122,割烹会席料理まほろば,https://img.bokenjapan.com/media/zao-dining-4017862.jpg,https://img.bokenjapan.com/media/zao-dining-4010402.jpg,matched own listing photo
miyagi/zao,125,グラットンカフェ＆イザック,https://img.bokenjapan.com/media/zao-dining-4023412.jpg,,photo belonged to another card; no own photo found
miyagi/zao,126,ファッションイン 津田屋,https://img.bokenjapan.com/media/zao-dining-4023430.jpg,https://img.bokenjapan.com/media/zao-dining-4023412.jpg,matched own listing photo
miyagi/zao,127,小次郎,https://img.bokenjapan.com/media/zao-dining-4007845.jpg,https://img.bokenjapan.com/media/zao-dining-4023430.jpg,matched own listing photo
miyagi/zao,128,佐藤果樹園,https://img.bokenjapan.com/media/zao-dining-4026038.jpg,https://img.bokenjapan.com/media/zao-dining-4007845.jpg,matched own listing photo
miyagi/zao,129,蔵王爽清市場,https://img.bokenjapan.com/media/zao-dining-4022011.jpg,https://img.bokenjapan.com/media/zao-dining-4026038.jpg,matched own listing photo
miyagi/zao,130,白鳥ファーム,https://img.bokenjapan.com/media/zao-dining-4021696.jpg,https://img.bokenjapan.com/media/zao-dining-4022011.jpg,matched own listing photo
miyagi/zao,131,バイオファーム 蔵王,https://img.bokenjapan.com/media/zao-dining-4028155.jpg,https://img.bokenjapan.com/media/zao-dining-4021696.jpg,matched own listing photo
miyagi/zao,132,福田果樹園,https://img.bokenjapan.com/media/zao-dining-4020825.jpg,https://img.bokenjapan.com/media/zao-dining-4028155.jpg,matched own listing photo
