card_key,old,url,reason
akita/akita|Dining|405,"An offal grill in Akita, Akita.",https://tabelog.com/akita/A0501/A050101/5004980/,listing marks the place closed:移転
akita/akita|Dining|1064,"A steak restaurant in Akita, Akita.",https://tabelog.com/akita/A0501/A050101/5010305/,listing marks the place closed:移転
akita/akita|Dining|1211,"Restaurant in Akita, Akita.",https://www.tripadvisor.com/Restaurant_Review-g298239-d12778586-Reviews-Toppimpararinopu-Akita_Akita_Prefecture_Tohoku.html,no usable facts on TripAdvisor listing beyond the name
akita/akita|Dining|1269,"Restaurant in Akita, Akita.",https://www.tripadvisor.com/Restaurant_Review-g298239-d6067097-Reviews-Akita_Sabo-Akita_Akita_Prefecture_Tohoku.html,no usable facts on TripAdvisor listing beyond the name
akita/akita|Dining|1551,"Restaurant in Akita, Akita.",https://www.tripadvisor.com/Restaurant_Review-g298239-d8448001-Reviews-Toriya_Kibe_Sannoakita_Main_Store-Akita_Akita_Prefecture_Tohoku.html,no usable facts on TripAdvisor listing beyond the name
akita/akita|Dining|1565,"Restaurant in Akita, Akita.",https://www.tripadvisor.com/Restaurant_Review-g298239-d14742449-Reviews-Grand_Buffet_Akita-Akita_Akita_Prefecture_Tohoku.html,no usable facts on TripAdvisor listing beyond the name
akita/akita|Dining|1580,"An udon shop in Akita, Akita.",https://www.tripadvisor.com/Restaurant_Review-g298239-d16881790-Reviews-Inaniwa_Hoshi_Udon_Hachidaime_Sato_Yoske-Akita_Akita_Prefecture_Tohoku.html,no usable facts on TripAdvisor listing beyond the name
akita/akita|Dining|1601,"A ramen shop in Akita, Akita.",https://www.tripadvisor.com/Restaurant_Review-g298239-d7897583-Reviews-Nanshu_Ramen-Akita_Akita_Prefecture_Tohoku.html,no usable facts on TripAdvisor listing beyond the name
akita/akita|Dining|1615,"Restaurant in Akita, Akita.",https://www.tripadvisor.com/Restaurant_Review-g298239-d15059719-Reviews-Mugendo-Akita_Akita_Prefecture_Tohoku.html,no usable facts on TripAdvisor listing beyond the name
akita/akita|Dining|1646,"Restaurant in Akita, Akita.",https://www.tripadvisor.com/Restaurant_Review-g298239-d13168008-Reviews-Kashien_Nakanoya_Tsuchizaki_Ekimae-Akita_Akita_Prefecture_Tohoku.html,no usable facts on TripAdvisor listing beyond the name
akita/akita|Dining|1677,"A cafe in Akita, Akita prefecture.",https://www.tripadvisor.com/Restaurant_Review-g298239-d14742457-Reviews-Reform_Depot_Keys_Cafe-Akita_Akita_Prefecture_Tohoku.html,no usable facts on TripAdvisor listing beyond the name
akita/akita|Dining|1710,"Restaurant in Akita, Akita.",https://www.tripadvisor.com/Restaurant_Review-g298239-d16881830-Reviews-Menya_Jurobee_Akitaeki_Topico-Akita_Akita_Prefecture_Tohoku.html,no usable facts on TripAdvisor listing beyond the name
akita/akita|Dining|1722,"Restaurant in Akita, Akita.",https://www.tripadvisor.com/Restaurant_Review-g298239-d14074641-Reviews-Shiba_no_Ramenyasan_Akita-Akita_Akita_Prefecture_Tohoku.html,no usable facts on TripAdvisor listing beyond the name
akita/akita|Dining|1728,"Restaurant in Akita, Akita.",https://www.tripadvisor.com/Restaurant_Review-g298239-d12003176-Reviews-Tairyoumaru_Kanto_Odori-Akita_Akita_Prefecture_Tohoku.html,no usable facts on TripAdvisor listing beyond the name
akita/akita|Dining|1821,"A ramen shop in Akita, Akita.",https://www.tripadvisor.com/Restaurant_Review-g298239-d14770865-Reviews-Shin_Tokyo_Manpuku_Ramen_Aeon_Mall_Akita-Akita_Akita_Prefecture_Tohoku.html,no usable facts on TripAdvisor listing beyond the name
akita/akita|Dining|1837,"A restaurant in Akita, Akita prefecture.",https://www.tripadvisor.com/Restaurant_Review-g298239-d6068124-Reviews-Restaurant_Hatsuchin-Akita_Akita_Prefecture_Tohoku.html,no usable facts on TripAdvisor listing beyond the name
akita/akita|Dining|1842,"Restaurant in Akita, Akita.",https://www.tripadvisor.com/Restaurant_Review-g298239-d10658313-Reviews-Torifuku-Akita_Akita_Prefecture_Tohoku.html,no usable facts on TripAdvisor listing beyond the name
akita/akita|Dining|1851,"Restaurant in Akita, Akita.",https://www.tripadvisor.com/Restaurant_Review-g298239-d14770836-Reviews-Kikusuian_Aeon_Mall_Akita-Akita_Akita_Prefecture_Tohoku.html,no usable facts on TripAdvisor listing beyond the name
akita/akita|Dining|1865,"Restaurant in Akita, Akita.",https://www.tripadvisor.com/Restaurant_Review-g298239-d19263656-Reviews-Yosuke_Sato_Topico-Akita_Akita_Prefecture_Tohoku.html,no usable facts on TripAdvisor listing beyond the name
akita/akita|Dining|1868,"A ramen shop in Akita, Akita.",https://www.tripadvisor.com/Restaurant_Review-g298239-d9615430-Reviews-Boiling_Stone_Hotpot_Ishiyaki_Ramen_Kazan_Akita-Akita_Akita_Prefecture_Tohoku.html,no usable facts on TripAdvisor listing beyond the name
akita/akita|Dining|1880,"Restaurant in Akita, Akita.",https://www.tripadvisor.com/Restaurant_Review-g298239-d14770871-Reviews-Rokuseiken_Aeon_Mall_Akita-Akita_Akita_Prefecture_Tohoku.html,no usable facts on TripAdvisor listing beyond the name
akita/akita|Dining|1884,"Restaurant in Akita, Akita.",https://www.tripadvisor.com/Restaurant_Review-g298239-d14742454-Reviews-Mentaro_Akita-Akita_Akita_Prefecture_Tohoku.html,no usable facts on TripAdvisor listing beyond the name
akita/akita|Dining|1887,"Restaurant in Akita, Akita.",https://www.tripadvisor.com/Restaurant_Review-g298239-d14742384-Reviews-Nakashi_Terrace-Akita_Akita_Prefecture_Tohoku.html,no usable facts on TripAdvisor listing beyond the name
akita/akita|Dining|1906,"Restaurant in Akita, Akita.",https://www.tripadvisor.com/Restaurant_Review-g298239-d9650958-Reviews-Wing_River-Akita_Akita_Prefecture_Tohoku.html,no usable facts on TripAdvisor listing beyond the name
akita/akita|Dining|1916,"Restaurant in Akita, Akita.",https://www.tripadvisor.com/Restaurant_Review-g298239-d6067626-Reviews-Men_Kuuga-Akita_Akita_Prefecture_Tohoku.html,no usable facts on TripAdvisor listing beyond the name
akita/akita|Dining|1924,"Restaurant in Akita, Akita.",https://www.tripadvisor.com/Restaurant_Review-g298239-d7689108-Reviews-Kodakaya_Shijimio-Akita_Akita_Prefecture_Tohoku.html,no usable facts on TripAdvisor listing beyond the name
akita/akita|Dining|1928,"Restaurant in Akita, Akita.",https://www.tripadvisor.com/Restaurant_Review-g298239-d14742460-Reviews-Yokohama_Iekei_Orenchi-Akita_Akita_Prefecture_Tohoku.html,no usable facts on TripAdvisor listing beyond the name
akita/akita|Dining|1937,"Restaurant in Akita, Akita.",https://www.tripadvisor.com/Restaurant_Review-g298239-d13323678-Reviews-Goumbo-Akita_Akita_Prefecture_Tohoku.html,no usable facts on TripAdvisor listing beyond the name
akita/akita|Dining|1940,"Restaurant in Akita, Akita.",https://www.tripadvisor.com/Restaurant_Review-g298239-d14742386-Reviews-Akitabatake-Akita_Akita_Prefecture_Tohoku.html,no usable facts on TripAdvisor listing beyond the name
akita/akita|Dining|1973,"Restaurant in Akita, Akita.",https://www.tripadvisor.com/Restaurant_Review-g298239-d9638888-Reviews-Tea_Lanka-Akita_Akita_Prefecture_Tohoku.html,no usable facts on TripAdvisor listing beyond the name
akita/akita|Dining|2002,"Restaurant in Akita, Akita.",https://www.tripadvisor.com/Restaurant_Review-g298239-d6065138-Reviews-Menya_Hamasei-Akita_Akita_Prefecture_Tohoku.html,no usable facts on TripAdvisor listing beyond the name
akita/akita|Dining|2017,"Restaurant in Akita, Akita.",https://www.tripadvisor.com/Restaurant_Review-g298239-d13044141-Reviews-Hachimantai_Pork_Direct_Sale_Place_Hiroomote-Akita_Akita_Prefecture_Tohoku.html,no usable facts on TripAdvisor listing beyond the name
akita/akita|Dining|2086,"Restaurant in Akita, Akita.",https://www.tripadvisor.com/Restaurant_Review-g298239-d14742408-Reviews-Naan_House_Devi-Akita_Akita_Prefecture_Tohoku.html,no usable facts on TripAdvisor listing beyond the name
akita/akita|Dining|2109,"Restaurant in Akita, Akita.",https://www.tripadvisor.com/Restaurant_Review-g298239-d19863501-Reviews-Vodka-Akita_Akita_Prefecture_Tohoku.html,no usable facts on TripAdvisor listing beyond the name
akita/akita|Dining|2111,"Restaurant in Akita, Akita.",https://www.tripadvisor.com/Restaurant_Review-g298239-d14742390-Reviews-Asove-Akita_Akita_Prefecture_Tohoku.html,no usable facts on TripAdvisor listing beyond the name
akita/akita|Dining|2130,"Restaurant in Akita, Akita.",https://www.tripadvisor.com/Restaurant_Review-g298239-d6049325-Reviews-Kuidaore_Shurakuen-Akita_Akita_Prefecture_Tohoku.html,no usable facts on TripAdvisor listing beyond the name
akita/akita|Dining|2133,"Restaurant in Akita, Akita.",https://www.tripadvisor.com/Restaurant_Review-g298239-d6060236-Reviews-Tsukemenya_Hanbee_Hiroomote-Akita_Akita_Prefecture_Tohoku.html,no usable facts on TripAdvisor listing beyond the name
akita/akita|Dining|2157,"A soba shop in Akita, Akita.",https://www.tripadvisor.com/Restaurant_Review-g298239-d6068271-Reviews-Shina_Soba_Maruto_Omachi_Branch_Store-Akita_Akita_Prefecture_Tohoku.html,no usable facts on TripAdvisor listing beyond the name
akita/akita|Dining|2172,"Restaurant in Akita, Akita.",https://www.tripadvisor.com/Restaurant_Review-g298239-d13044532-Reviews-Yukio_Sasaki_Pastry-Akita_Akita_Prefecture_Tohoku.html,no usable facts on TripAdvisor listing beyond the name
akita/akita|Dining|2173,"Restaurant in Akita, Akita.",https://www.tripadvisor.com/Restaurant_Review-g298239-d13044369-Reviews-Onodera_Tsukushido-Akita_Akita_Prefecture_Tohoku.html,no usable facts on TripAdvisor listing beyond the name
akita/akita|Dining|2187,"Restaurant in Akita, Akita.",https://www.tripadvisor.com/Restaurant_Review-g298239-d13268657-Reviews-Bamboo_Flower-Akita_Akita_Prefecture_Tohoku.html,no usable facts on TripAdvisor listing beyond the name
akita/akita|Dining|2192,"Restaurant in Akita, Akita.",https://www.tripadvisor.com/Restaurant_Review-g298239-d14742455-Reviews-Anmol_Akita-Akita_Akita_Prefecture_Tohoku.html,no usable facts on TripAdvisor listing beyond the name
akita/akita|Dining|2221,"Restaurant in Akita, Akita.",https://www.tripadvisor.com/Restaurant_Review-g298239-d14742381-Reviews-Sakigake_NewsCafe-Akita_Akita_Prefecture_Tohoku.html,no usable facts on TripAdvisor listing beyond the name
akita/akita|Dining|2282,"Restaurant in Akita, Akita.",https://www.tripadvisor.com/Restaurant_Review-g298239-d9615472-Reviews-Akudaikan-Akita_Akita_Prefecture_Tohoku.html,no usable facts on TripAdvisor listing beyond the name
akita/akita|Dining|2290,"Restaurant in Akita, Akita.",https://www.tripadvisor.com/Restaurant_Review-g298239-d17389612-Reviews-Yaya_Stazione_B-Akita_Akita_Prefecture_Tohoku.html,no usable facts on TripAdvisor listing beyond the name
akita/akita|Dining|2294,"Restaurant in Akita, Akita.",https://www.tripadvisor.com/Restaurant_Review-g298239-d9638945-Reviews-Bonjour-Akita_Akita_Prefecture_Tohoku.html,no usable facts on TripAdvisor listing beyond the name
akita/akita|Dining|2301,"Restaurant in Akita, Akita.",https://www.tripadvisor.com/Restaurant_Review-g298239-d7451417-Reviews-Dosankooiwaki_Part_7-Akita_Akita_Prefecture_Tohoku.html,no usable facts on TripAdvisor listing beyond the name
akita/akita|Dining|2341,"A restaurant in Akita, Akita prefecture.",https://www.tripadvisor.com/Restaurant_Review-g298239-d9633431-Reviews-Restaurant_Sansui-Akita_Akita_Prefecture_Tohoku.html,no usable facts on TripAdvisor listing beyond the name
akita/akita|Dining|2349,"Restaurant in Akita, Akita.",https://www.tripadvisor.com/Restaurant_Review-g298239-d9638889-Reviews-Tochigiya-Akita_Akita_Prefecture_Tohoku.html,no usable facts on TripAdvisor listing beyond the name
akita/akita|Dining|2355,"A ramen shop in Akita, Akita.",https://www.tripadvisor.com/Restaurant_Review-g298239-d9633834-Reviews-Ramen_Otani-Akita_Akita_Prefecture_Tohoku.html,no usable facts on TripAdvisor listing beyond the name
akita/akita|Dining|2401,"Restaurant in Akita, Akita.",https://www.tripadvisor.com/Restaurant_Review-g298239-d13044221-Reviews-Jiro_Mazesoba_Suaumu-Akita_Akita_Prefecture_Tohoku.html,no usable facts on TripAdvisor listing beyond the name
akita/akita|Dining|2429,"Restaurant in Akita, Akita.",https://www.tripadvisor.com/Restaurant_Review-g298239-d9615466-Reviews-Yokohamaken-Akita_Akita_Prefecture_Tohoku.html,no usable facts on TripAdvisor listing beyond the name
akita/akita|Dining|2539,"Restaurant in Akita, Akita.",https://www.tripadvisor.com/Restaurant_Review-g298239-d14921198-Reviews-Tairyodonya_Chiyomaru-Akita_Akita_Prefecture_Tohoku.html,no usable facts on TripAdvisor listing beyond the name
akita/akita|Dining|2542,"Restaurant in Akita, Akita.",https://www.tripadvisor.com/Restaurant_Review-g298239-d9662989-Reviews-Creation-Akita_Akita_Prefecture_Tohoku.html,no usable facts on TripAdvisor listing beyond the name
akita/akita|Dining|2583,"Restaurant in Akita, Akita.",https://www.tripadvisor.com/Restaurant_Review-g298239-d17411058-Reviews-Hanahanatei-Akita_Akita_Prefecture_Tohoku.html,no usable facts on TripAdvisor listing beyond the name
akita/akita|Dining|2605,"Restaurant in Akita, Akita.",https://www.tripadvisor.com/Restaurant_Review-g298239-d13044325-Reviews-Misako_Mochi-Akita_Akita_Prefecture_Tohoku.html,no usable facts on TripAdvisor listing beyond the name
akita/akita|Dining|2618,"Restaurant in Akita, Akita.",https://www.tripadvisor.com/Restaurant_Review-g298239-d15090926-Reviews-Waratako_Aeon_Mall_Akita-Akita_Akita_Prefecture_Tohoku.html,no usable facts on TripAdvisor listing beyond the name
akita/akita|Dining|2687,"Restaurant in Akita, Akita.",https://www.tripadvisor.com/Restaurant_Review-g298239-d14742459-Reviews-Menya_Roku_Akita_Rinkai-Akita_Akita_Prefecture_Tohoku.html,no usable facts on TripAdvisor listing beyond the name
akita/akita|Dining|2689,"Restaurant in Akita, Akita.",https://www.tripadvisor.com/Restaurant_Review-g298239-d10658306-Reviews-Fuku_Daruma-Akita_Akita_Prefecture_Tohoku.html,no usable facts on TripAdvisor listing beyond the name
akita/akita|Dining|2698,"Restaurant in Akita, Akita.",https://www.tripadvisor.com/Restaurant_Review-g298239-d10651446-Reviews-Shogyoku-Akita_Akita_Prefecture_Tohoku.html,no usable facts on TripAdvisor listing beyond the name
akita/akita|Dining|2722,"Restaurant in Akita, Akita.",https://www.tripadvisor.com/Restaurant_Review-g298239-d9638954-Reviews-Four_and_Half-Akita_Akita_Prefecture_Tohoku.html,no usable facts on TripAdvisor listing beyond the name
akita/akita|Dining|2737,"Restaurant in Akita, Akita.",https://www.tripadvisor.com/Restaurant_Review-g298239-d9662982-Reviews-Jazz_Booze_Hide_Out-Akita_Akita_Prefecture_Tohoku.html,no usable facts on TripAdvisor listing beyond the name
akita/akita|Dining|2741,"Restaurant in Akita, Akita.",https://www.tripadvisor.com/Restaurant_Review-g298239-d13044335-Reviews-Mugikobo_Youpan-Akita_Akita_Prefecture_Tohoku.html,no usable facts on TripAdvisor listing beyond the name
akita/akita|Dining|2750,"Restaurant in Akita, Akita.",https://www.tripadvisor.com/Restaurant_Review-g298239-d9638952-Reviews-Booth-Akita_Akita_Prefecture_Tohoku.html,no usable facts on TripAdvisor listing beyond the name
akita/akita|Dining|2752,"A bar in Akita, Akita prefecture.",https://www.tripadvisor.com/Restaurant_Review-g298239-d9662991-Reviews-Cocktail_Shot_Bar_Malt-Akita_Akita_Prefecture_Tohoku.html,no usable facts on TripAdvisor listing beyond the name
akita/akita|Dining|2753,"Restaurant in Akita, Akita.",https://www.tripadvisor.com/Restaurant_Review-g298239-d9638941-Reviews-Buon_Natale-Akita_Akita_Prefecture_Tohoku.html,no usable facts on TripAdvisor listing beyond the name
akita/akita|Dining|2770,"Restaurant in Akita, Akita.",https://www.tripadvisor.com/Restaurant_Review-g298239-d9638938-Reviews-Tsukushimbo_Great_Wines-Akita_Akita_Prefecture_Tohoku.html,no usable facts on TripAdvisor listing beyond the name
akita/akita|Dining|2772,"Restaurant in Akita, Akita.",https://www.tripadvisor.com/Restaurant_Review-g298239-d9638951-Reviews-Chichi-Akita_Akita_Prefecture_Tohoku.html,no usable facts on TripAdvisor listing beyond the name
akita/akita|Dining|2773,"Restaurant in Akita, Akita.",https://www.tripadvisor.com/Restaurant_Review-g298239-d9662990-Reviews-Rockclub_Bare_Foot-Akita_Akita_Prefecture_Tohoku.html,no usable facts on TripAdvisor listing beyond the name
akita/akita|Dining|2806,"A cafe in Akita, Akita prefecture.",https://www.tripadvisor.com/Restaurant_Review-g298239-d9662984-Reviews-Cafe_Bar_Redhouse-Akita_Akita_Prefecture_Tohoku.html,no usable facts on TripAdvisor listing beyond the name
akita/akita|Dining|2830,"Restaurant in Akita, Akita.",https://www.tripadvisor.com/Restaurant_Review-g298239-d13044143-Reviews-Hana_Dango_Shinanoya-Akita_Akita_Prefecture_Tohoku.html,no usable facts on TripAdvisor listing beyond the name
akita/akita|Dining|2843,"Restaurant in Akita, Akita.",https://www.tripadvisor.com/Restaurant_Review-g298239-d9638943-Reviews-Define-Akita_Akita_Prefecture_Tohoku.html,no usable facts on TripAdvisor listing beyond the name
akita/akita|Dining|2847,"A bar in Akita, Akita prefecture.",https://www.tripadvisor.com/Restaurant_Review-g298239-d9638944-Reviews-Darts_Bar_Point_Akita_Ekimae-Akita_Akita_Prefecture_Tohoku.html,no usable facts on TripAdvisor listing beyond the name
akita/akita|Dining|2852,"Restaurant in Akita, Akita.",https://www.tripadvisor.com/Restaurant_Review-g298239-d14742413-Reviews-Cheerful-Akita_Akita_Prefecture_Tohoku.html,no usable facts on TripAdvisor listing beyond the name
akita/akita|Dining|2853,"Restaurant in Akita, Akita.",https://www.tripadvisor.com/Restaurant_Review-g298239-d14857321-Reviews-Miyama-Akita_Akita_Prefecture_Tohoku.html,no usable facts on TripAdvisor listing beyond the name
akita/akita|Dining|2855,"Restaurant in Akita, Akita.",https://www.tripadvisor.com/Restaurant_Review-g298239-d14982616-Reviews-Japanese_Fuyuan-Akita_Akita_Prefecture_Tohoku.html,no usable facts on TripAdvisor listing beyond the name
akita/akita|Dining|2866,"A restaurant in Akita, Akita prefecture.",https://www.tripadvisor.com/Restaurant_Review-g298239-d14742424-Reviews-Oyster_Dining_Serufisshu-Akita_Akita_Prefecture_Tohoku.html,no usable facts on TripAdvisor listing beyond the name
akita/akita|Dining|2869,"Restaurant in Akita, Akita.",https://www.tripadvisor.com/Restaurant_Review-g298239-d6045365-Reviews-Fogeru-Akita_Akita_Prefecture_Tohoku.html,no usable facts on TripAdvisor listing beyond the name
akita/akita|Dining|2870,"Restaurant in Akita, Akita.",https://www.tripadvisor.com/Restaurant_Review-g298239-d6051277-Reviews-Orange_Smile-Akita_Akita_Prefecture_Tohoku.html,no usable facts on TripAdvisor listing beyond the name
akita/akita|Dining|2893,"Restaurant in Akita, Akita.",https://www.tripadvisor.com/Restaurant_Review-g298239-d13044073-Reviews-Chojuan-Akita_Akita_Prefecture_Tohoku.html,no usable facts on TripAdvisor listing beyond the name
akita/akita|Dining|2899,"Restaurant in Akita, Akita.",https://www.tripadvisor.com/Restaurant_Review-g298239-d14956296-Reviews-Ochazukedokoro_Nana-Akita_Akita_Prefecture_Tohoku.html,no usable facts on TripAdvisor listing beyond the name
akita/akita|Dining|2903,"A yakiniku restaurant in Akita, Akita.",https://www.tripadvisor.com/Restaurant_Review-g298239-d17362031-Reviews-Tori_Yakiniku_28-Akita_Akita_Prefecture_Tohoku.html,no usable facts on TripAdvisor listing beyond the name
akita/akita|Dining|2911,"Restaurant in Akita, Akita.",https://www.tripadvisor.com/Restaurant_Review-g298239-d14742387-Reviews-Naka_Komachi-Akita_Akita_Prefecture_Tohoku.html,no usable facts on TripAdvisor listing beyond the name
akita/akita|Dining|2914,"Restaurant in Akita, Akita.",https://www.tripadvisor.com/Restaurant_Review-g298239-d14742403-Reviews-Melissa-Akita_Akita_Prefecture_Tohoku.html,no usable facts on TripAdvisor listing beyond the name
akita/akita|Dining|2916,"Restaurant in Akita, Akita.",https://www.tripadvisor.com/Restaurant_Review-g298239-d14742425-Reviews-Cafepourdeux-Akita_Akita_Prefecture_Tohoku.html,no usable facts on TripAdvisor listing beyond the name
akita/akita|Dining|2927,"Restaurant in Akita, Akita.",https://www.tripadvisor.com/Restaurant_Review-g298239-d14742401-Reviews-820-Akita_Akita_Prefecture_Tohoku.html,no usable facts on TripAdvisor listing beyond the name
akita/akita|Dining|2928,"Restaurant in Akita, Akita.",https://www.tripadvisor.com/Restaurant_Review-g298239-d19857091-Reviews-Annex_Gurantan_Sakebi-Akita_Akita_Prefecture_Tohoku.html,no usable facts on TripAdvisor listing beyond the name
akita/akita|Dining|2931,"Restaurant in Akita, Akita.",https://www.tripadvisor.com/Restaurant_Review-g298239-d21351722-Reviews-Hakuritabai_Hanbei_Akita_Ekimae-Akita_Akita_Prefecture_Tohoku.html,no usable facts on TripAdvisor listing beyond the name
akita/akita|Dining|2944,"A restaurant in Akita, Akita prefecture.",https://www.tripadvisor.com/Restaurant_Review-g298239-d6043640-Reviews-Casual_Dining_Yum_Yum-Akita_Akita_Prefecture_Tohoku.html,no usable facts on TripAdvisor listing beyond the name
akita/akita|Dining|2945,"Restaurant in Akita, Akita.",https://www.tripadvisor.com/Restaurant_Review-g298239-d6065462-Reviews-Casa_Di_Frutta-Akita_Akita_Prefecture_Tohoku.html,no usable facts on TripAdvisor listing beyond the name
akita/daisen-05212|Dining|282,"Food spot in Daisen, Akita.",https://tabelog.com/akita/A0504/A050402/5006503/,listing marks the place closed:移転
akita/daisen-05212|Dining|438,"Restaurant in Daisen, Akita.",https://www.tripadvisor.com/Restaurant_Review-g1022315-d13044474-Reviews-Tamagonoki_Omagari-Daisen_Akita_Prefecture_Tohoku.html,no usable facts on TripAdvisor listing beyond the name
akita/daisen-05212|Dining|497,"A ramen shop in Daisen, Akita.",https://www.tripadvisor.com/Restaurant_Review-g1022315-d10136415-Reviews-Ramen_Yuki-Daisen_Akita_Prefecture_Tohoku.html,no usable facts on TripAdvisor listing beyond the name
akita/daisen-05212|Dining|499,"Restaurant in Daisen, Akita.",https://www.tripadvisor.com/Restaurant_Review-g1022315-d15213107-Reviews-Kirinno_ki-Daisen_Akita_Prefecture_Tohoku.html,no usable facts on TripAdvisor listing beyond the name
akita/daisen-05212|Dining|523,"Restaurant in Daisen, Akita.",https://www.tripadvisor.com/Restaurant_Review-g1022315-d17432333-Reviews-Mottari_Magedari-Daisen_Akita_Prefecture_Tohoku.html,no usable facts on TripAdvisor listing beyond the name
akita/daisen-05212|Dining|545,"Restaurant in Daisen, Akita.",https://www.tripadvisor.com/Restaurant_Review-g1022315-d9667420-Reviews-105_Nakasen-Daisen_Akita_Prefecture_Tohoku.html,no usable facts on TripAdvisor listing beyond the name
akita/daisen-05212|Dining|633,"Restaurant in Daisen, Akita.",https://www.tripadvisor.com/Restaurant_Review-g1022315-d13257170-Reviews-Iori-Daisen_Akita_Prefecture_Tohoku.html,no usable facts on TripAdvisor listing beyond the name
akita/daisen-05212|Dining|665,"A cafe in Daisen, Akita prefecture.",https://www.tripadvisor.com/Restaurant_Review-g1022315-d6059538-Reviews-Cafe_Rest_Pumpkin_House-Daisen_Akita_Prefecture_Tohoku.html,no usable facts on TripAdvisor listing beyond the name
akita/daisen-05212|Dining|712,"Restaurant in Daisen, Akita.",https://www.tripadvisor.com/Restaurant_Review-g1022315-d13044347-Reviews-Natti_Bavarian_Mh-Daisen_Akita_Prefecture_Tohoku.html,no usable facts on TripAdvisor listing beyond the name
akita/daisen-05212|Dining|773,"A cafe in Daisen, Akita prefecture.",https://www.tripadvisor.com/Restaurant_Review-g1022315-d14966446-Reviews-Ikoi_Cafe-Daisen_Akita_Prefecture_Tohoku.html,no usable facts on TripAdvisor listing beyond the name
akita/daisen-05212|Dining|778,"A restaurant in Daisen, Akita prefecture.",https://www.tripadvisor.com/Restaurant_Review-g1022315-d14742495-Reviews-Food_Culture_Restaurant_Kokoru-Daisen_Akita_Prefecture_Tohoku.html,no usable facts on TripAdvisor listing beyond the name
akita/daisen-05212|Dining|779,"A pasta restaurant in Daisen, Akita.",https://www.tripadvisor.com/Restaurant_Review-g1022315-d10657579-Reviews-Copin_Quick_Pasta_Omagari-Daisen_Akita_Prefecture_Tohoku.html,no usable facts on TripAdvisor listing beyond the name
akita/daisen-05212|Dining|780,"Restaurant in Daisen, Akita.",https://www.tripadvisor.com/Restaurant_Review-g1022315-d10657581-Reviews-Dipper_Dan_Aeon_Mall_Omagari_Fc-Daisen_Akita_Prefecture_Tohoku.html,no usable facts on TripAdvisor listing beyond the name
akita/daisen-05212|Dining|781,"Restaurant in Daisen, Akita.",https://www.tripadvisor.com/Restaurant_Review-g1022315-d9655492-Reviews-Olve_Soleil-Daisen_Akita_Prefecture_Tohoku.html,no usable facts on TripAdvisor listing beyond the name
akita/daisen-05212|Dining|783,"Restaurant in Daisen, Akita.",https://www.tripadvisor.com/Restaurant_Review-g1022315-d14770912-Reviews-Kikusui_Aeon_Mall_Omagari-Daisen_Akita_Prefecture_Tohoku.html,no usable facts on TripAdvisor listing beyond the name
akita/daisen-05212|Dining|792,"Restaurant in Daisen, Akita.",https://www.tripadvisor.com/Restaurant_Review-g1022315-d13203272-Reviews-FLO_Prestige_Omagari_Aeon-Daisen_Akita_Prefecture_Tohoku.html,no usable facts on TripAdvisor listing beyond the name
akita/daisen-05212|Dining|794,"Restaurant in Daisen, Akita.",https://www.tripadvisor.com/Restaurant_Review-g1022315-d6071240-Reviews-Escargot-Daisen_Akita_Prefecture_Tohoku.html,no usable facts on TripAdvisor listing beyond the name
akita/daisen-05212|Dining|814,"A gyoza restaurant in Daisen, Akita.",https://www.tripadvisor.com/Restaurant_Review-g1022315-d15127426-Reviews-Orion_Gyoza_Aeon_Mall_Omagari-Daisen_Akita_Prefecture_Tohoku.html,no usable facts on TripAdvisor listing beyond the name
akita/hachirogata|Dining|34,"Restaurant in Hachirogata, Akita.",https://www.tripadvisor.com/Restaurant_Review-g1120461-d13044091-Reviews-Dobashi_Kaishodo-Hachirogata_machi_Minamiakita_gun_Akita_Prefecture_Tohoku.html,no usable facts on TripAdvisor listing beyond the name
akita/hachirogata|Dining|55,"Restaurant in Hachirogata, Akita.",https://www.tripadvisor.com/Restaurant_Review-g1120461-d13044273-Reviews-Koyanagi_Pastry-Hachirogata_machi_Minamiakita_gun_Akita_Prefecture_Tohoku.html,no usable facts on TripAdvisor listing beyond the name
akita/katagami|Dining|167,"Restaurant in Katagami, Akita.",https://www.tripadvisor.com/Restaurant_Review-g1022317-d13044465-Reviews-Taiyaki_Hokkorian-Katagami_Akita_Prefecture_Tohoku.html,no usable facts on TripAdvisor listing beyond the name
akita/katagami|Dining|184,"Restaurant in Katagami, Akita.",https://www.tripadvisor.com/Restaurant_Review-g1022317-d14742546-Reviews-Escape_Zone-Katagami_Akita_Prefecture_Tohoku.html,no usable facts on TripAdvisor listing beyond the name
akita/katagami|Dining|185,"Restaurant in Katagami, Akita.",https://www.tripadvisor.com/Restaurant_Review-g1022317-d14742549-Reviews-Mahalo-Katagami_Akita_Prefecture_Tohoku.html,no usable facts on TripAdvisor listing beyond the name
akita/kazuno|Dining|208,"Restaurant in Kazuno, Akita.",https://www.tripadvisor.com/Restaurant_Review-g1022313-d13044018-Reviews-Asari_Mochi-Kazuno_Akita_Prefecture_Tohoku.html,no usable facts on TripAdvisor listing beyond the name
akita/kazuno|Dining|259,"A ramen shop in Kazuno, Akita.",https://www.tripadvisor.com/Restaurant_Review-g1022313-d13259710-Reviews-The_Ramen_Nori_S-Kazuno_Akita_Prefecture_Tohoku.html,no usable facts on TripAdvisor listing beyond the name
akita/kazuno|Dining|264,"A cake shop in Kazuno, Akita.",https://www.tripadvisor.com/Restaurant_Review-g1022313-d13044055-Reviews-Cake_Workshop_Ashu-Kazuno_Akita_Prefecture_Tohoku.html,no usable facts on TripAdvisor listing beyond the name
akita/kazuno|Dining|279,"Restaurant in Kazuno, Akita.",https://www.tripadvisor.com/Restaurant_Review-g1022313-d7544024-Reviews-Sun_s_Drop-Kazuno_Akita_Prefecture_Tohoku.html,no usable facts on TripAdvisor listing beyond the name
akita/kitaakita|Dining|203,"A cafe in Kitaakita, Akita prefecture.",https://www.tripadvisor.com/Restaurant_Review-g1022319-d14742557-Reviews-Polan_Cafe-Kitaakita_Akita_Prefecture_Tohoku.html,no usable facts on TripAdvisor listing beyond the name
akita/kitaakita|Dining|212,"Restaurant in Kitaakita, Akita.",https://www.tripadvisor.com/Restaurant_Review-g1022319-d9655497-Reviews-Kemuriya-Kitaakita_Akita_Prefecture_Tohoku.html,no usable facts on TripAdvisor listing beyond the name
akita/kitaakita|Dining|213,"A restaurant in Kitaakita, Akita prefecture.",https://www.tripadvisor.com/Restaurant_Review-g1022319-d10653180-Reviews-Restaurant_Shiraito-Kitaakita_Akita_Prefecture_Tohoku.html,no usable facts on TripAdvisor listing beyond the name
akita/misato-05434|Dining|119,"Restaurant in Misato, Akita.",https://www.tripadvisor.com/Restaurant_Review-g1120463-d13044469-Reviews-Takakyu_Pastry-Misato_cho_Senboku_gun_Akita_Prefecture_Tohoku.html,no usable facts on TripAdvisor listing beyond the name
akita/nikaho|Dining|196,"A coffee shop in Nikaho, Akita.",https://www.tripadvisor.com/Restaurant_Review-g1022326-d14742599-Reviews-Nakoma_Coffee-Nikaho_Akita_Prefecture_Tohoku.html,no usable facts on TripAdvisor listing beyond the name
akita/nikaho|Dining|266,"Restaurant in Nikaho, Akita.",https://www.tripadvisor.com/Restaurant_Review-g1022326-d13268568-Reviews-Chaya_Falls-Nikaho_Akita_Prefecture_Tohoku.html,no usable facts on TripAdvisor listing beyond the name
akita/nikaho|Dining|285,"Restaurant in Nikaho, Akita.",https://www.tripadvisor.com/Restaurant_Review-g1022326-d13258031-Reviews-Hara_Had_Snack-Nikaho_Akita_Prefecture_Tohoku.html,no usable facts on TripAdvisor listing beyond the name
akita/nikaho|Dining|286,"Restaurant in Nikaho, Akita.",https://www.tripadvisor.com/Restaurant_Review-g1022326-d14857319-Reviews-Harumi_Shokudo-Nikaho_Akita_Prefecture_Tohoku.html,no usable facts on TripAdvisor listing beyond the name
akita/nikaho|Dining|292,"A ramen shop in Nikaho, Akita.",https://www.tripadvisor.com/Restaurant_Review-g1022326-d7545060-Reviews-Poem_Ramen_Corner-Nikaho_Akita_Prefecture_Tohoku.html,no usable facts on TripAdvisor listing beyond the name
akita/nikaho|Dining|298,"Restaurant in Nikaho, Akita.",https://www.tripadvisor.com/Restaurant_Review-g1022326-d14742538-Reviews-Kogen_Villa-Nikaho_Akita_Prefecture_Tohoku.html,no usable facts on TripAdvisor listing beyond the name
akita/nikaho|Dining|299,"Restaurant in Nikaho, Akita.",https://www.tripadvisor.com/Restaurant_Review-g1022326-d13044023-Reviews-Atsumi_Pastry-Nikaho_Akita_Prefecture_Tohoku.html,no usable facts on TripAdvisor listing beyond the name
akita/nikaho|Dining|300,"Restaurant in Nikaho, Akita.",https://www.tripadvisor.com/Restaurant_Review-g1022326-d13044265-Reviews-Koike_Confectionery_Konoura-Nikaho_Akita_Prefecture_Tohoku.html,no usable facts on TripAdvisor listing beyond the name
akita/noshiro|Dining|386,"A bakery in Noshiro, Akita prefecture.",https://www.tripadvisor.com/Restaurant_Review-g1022327-d13044012-Reviews-A_One_Bakery-Noshiro_Akita_Prefecture_Tohoku.html,no usable facts on TripAdvisor listing beyond the name
akita/noshiro|Dining|397,"A restaurant in Noshiro, Akita prefecture.",https://www.tripadvisor.com/Restaurant_Review-g1022327-d7545184-Reviews-Restaurant_Yamo_No_Ue-Noshiro_Akita_Prefecture_Tohoku.html,no usable facts on TripAdvisor listing beyond the name
akita/noshiro|Dining|400,"Restaurant in Noshiro, Akita.",https://www.tripadvisor.com/Restaurant_Review-g1022327-d7545133-Reviews-Sekito_Main_Store-Noshiro_Akita_Prefecture_Tohoku.html,no usable facts on TripAdvisor listing beyond the name
akita/noshiro|Dining|432,"A coffee shop in Noshiro, Akita.",https://www.tripadvisor.com/Restaurant_Review-g1022327-d14742529-Reviews-Nagahama_Coffee_Shop_Noshiro-Noshiro_Akita_Prefecture_Tohoku.html,no usable facts on TripAdvisor listing beyond the name
akita/noshiro|Dining|451,"Restaurant in Noshiro, Akita.",https://www.tripadvisor.com/Restaurant_Review-g1022327-d7545291-Reviews-Men_Ittetsu-Noshiro_Akita_Prefecture_Tohoku.html,no usable facts on TripAdvisor listing beyond the name
akita/noshiro|Dining|633,"Restaurant in Noshiro, Akita.",https://www.tripadvisor.com/Restaurant_Review-g1022327-d13044238-Reviews-Kasumi-Noshiro_Akita_Prefecture_Tohoku.html,no usable facts on TripAdvisor listing beyond the name
akita/odate|Dining|330,"Restaurant in Odate, Akita.",https://www.tripadvisor.com/Restaurant_Review-g1022311-d9633602-Reviews-Royal_Hotel_Odate_Villa_Royal-Odate_Akita_Prefecture_Tohoku.html,no usable facts on TripAdvisor listing beyond the name
akita/odate|Dining|469,"Restaurant in Odate, Akita.",https://www.tripadvisor.com/Restaurant_Review-g1022311-d9655486-Reviews-Kita_Izumi-Odate_Akita_Prefecture_Tohoku.html,no usable facts on TripAdvisor listing beyond the name
akita/odate|Dining|606,"Restaurant in Odate, Akita.",https://www.tripadvisor.com/Restaurant_Review-g1022311-d13310348-Reviews-Koransho-Odate_Akita_Prefecture_Tohoku.html,no usable facts on TripAdvisor listing beyond the name
akita/oga|Dining|186,"A restaurant in Oga, Akita prefecture.",https://www.tripadvisor.com/Restaurant_Review-g1022320-d10656088-Reviews-Restaurant_Kaisenya-Oga_Akita_Prefecture_Tohoku.html,no usable facts on TripAdvisor listing beyond the name
akita/oga|Dining|201,"A coffee shop in Oga, Akita.",https://www.tripadvisor.com/Restaurant_Review-g1022320-d14742404-Reviews-Ameya_Coffee_Oga_Funakoshi-Oga_Akita_Prefecture_Tohoku.html,no usable facts on TripAdvisor listing beyond the name
akita/oga|Dining|222,"A ramen shop in Oga, Akita.",https://www.tripadvisor.com/Restaurant_Review-g1022320-d7544408-Reviews-Hakodate_Ramen_en-Oga_Akita_Prefecture_Tohoku.html,no usable facts on TripAdvisor listing beyond the name
akita/oga|Dining|225,"Restaurant in Oga, Akita.",https://www.tripadvisor.com/Restaurant_Review-g1022320-d13044061-Reviews-Candy_Gontaro_Main_Store-Oga_Akita_Prefecture_Tohoku.html,no usable facts on TripAdvisor listing beyond the name
akita/oga|Dining|256,"Restaurant in Oga, Akita.",https://www.tripadvisor.com/Restaurant_Review-g1022320-d6054703-Reviews-Kaiseian-Oga_Akita_Prefecture_Tohoku.html,no usable facts on TripAdvisor listing beyond the name
akita/oga|Dining|261,"Restaurant in Oga, Akita.",https://www.tripadvisor.com/Restaurant_Review-g1022320-d13261651-Reviews-Nomitaya-Oga_Akita_Prefecture_Tohoku.html,no usable facts on TripAdvisor listing beyond the name
akita/ogata|Dining|7,"Food spot in Ogata, Akita.",https://tabelog.com/akita/A0503/A050303/5003938/,listing marks the place closed:移転
akita/ogata|Dining|20,"A coffee shop in Ogata, Akita.",https://www.tripadvisor.com/Restaurant_Review-g1113319-d14742406-Reviews-Ameya_Coffee_Ogata-Ogata_mura_Minamiakita_gun_Akita_Prefecture_Tohoku.html,no usable facts on TripAdvisor listing beyond the name
akita/semboku|Dining|359,"Restaurant in Semboku, Akita.",https://www.tripadvisor.com/Restaurant_Review-g1022324-d6046263-Reviews-Ito-Semboku_Akita_Prefecture_Tohoku.html,no usable facts on TripAdvisor listing beyond the name
akita/semboku|Dining|366,"Restaurant in Semboku, Akita.",https://www.tripadvisor.com/Restaurant_Review-g1022324-d17663024-Reviews-Maruyogura_Kojikurabu-Semboku_Akita_Prefecture_Tohoku.html,no usable facts on TripAdvisor listing beyond the name
akita/semboku|Dining|379,"Restaurant in Semboku, Akita.",https://www.tripadvisor.com/Restaurant_Review-g1022324-d9881964-Reviews-Agri_Garden-Semboku_Akita_Prefecture_Tohoku.html,no usable facts on TripAdvisor listing beyond the name
akita/semboku|Dining|400,"A soba shop in Semboku, Akita.",https://www.tripadvisor.com/Restaurant_Review-g1022324-d7544822-Reviews-Inaka_Noteuchi_Soba_Sugaya-Semboku_Akita_Prefecture_Tohoku.html,no usable facts on TripAdvisor listing beyond the name
akita/semboku|Dining|403,"Restaurant in Semboku, Akita.",https://www.tripadvisor.com/Restaurant_Review-g1022324-d7544788-Reviews-Ajisai-Semboku_Akita_Prefecture_Tohoku.html,no usable facts on TripAdvisor listing beyond the name
akita/semboku|Dining|408,"Restaurant in Semboku, Akita.",https://www.tripadvisor.com/Restaurant_Review-g1022324-d7663156-Reviews-Kurata-Semboku_Akita_Prefecture_Tohoku.html,no usable facts on TripAdvisor listing beyond the name
akita/semboku|Dining|419,"Restaurant in Semboku, Akita.",https://www.tripadvisor.com/Restaurant_Review-g1022324-d9678442-Reviews-Choja_No_Yakata-Semboku_Akita_Prefecture_Tohoku.html,no usable facts on TripAdvisor listing beyond the name
akita/semboku|Dining|440,"A ramen shop in Semboku, Akita.",https://www.tripadvisor.com/Restaurant_Review-g1022324-d7544793-Reviews-Bobo_Ramen-Semboku_Akita_Prefecture_Tohoku.html,no usable facts on TripAdvisor listing beyond the name
akita/semboku|Dining|444,"A ramen shop in Semboku, Akita.",https://www.tripadvisor.com/Restaurant_Review-g1022324-d7544811-Reviews-Asahiya_Ramen_Kamishiro-Semboku_Akita_Prefecture_Tohoku.html,no usable facts on TripAdvisor listing beyond the name
akita/semboku|Dining|461,"Restaurant in Semboku, Akita.",https://www.tripadvisor.com/Restaurant_Review-g1022324-d7544821-Reviews-Tanakaya-Semboku_Akita_Prefecture_Tohoku.html,no usable facts on TripAdvisor listing beyond the name
akita/semboku|Dining|492,"Restaurant in Semboku, Akita.",https://www.tripadvisor.com/Restaurant_Review-g1022324-d13044336-Reviews-Morokoshian_Main_Store-Semboku_Akita_Prefecture_Tohoku.html,no usable facts on TripAdvisor listing beyond the name
akita/semboku|Dining|493,"Restaurant in Semboku, Akita.",https://www.tripadvisor.com/Restaurant_Review-g1022324-d13044134-Reviews-Goto_Fukushindo-Semboku_Akita_Prefecture_Tohoku.html,no usable facts on TripAdvisor listing beyond the name
akita/yokote|Dining|546,"A soba shop in Yokote, Akita.",https://www.tripadvisor.com/Restaurant_Review-g1022325-d7544896-Reviews-Denkichi_Soba-Yokote_Akita_Prefecture_Tohoku.html,no usable facts on TripAdvisor listing beyond the name
akita/yokote|Dining|548,"A noodle shop in Yokote, Akita.",https://www.tripadvisor.com/Restaurant_Review-g1022325-d14742490-Reviews-Noodle_Ippu-Yokote_Akita_Prefecture_Tohoku.html,no usable facts on TripAdvisor listing beyond the name
akita/yokote|Dining|671,"Restaurant in Yokote, Akita.",https://www.tripadvisor.com/Restaurant_Review-g1022325-d13044278-Reviews-Kurata_Jumonji-Yokote_Akita_Prefecture_Tohoku.html,no usable facts on TripAdvisor listing beyond the name
akita/yokote|Dining|742,"A ramen shop in Yokote, Akita.",https://www.tripadvisor.com/Restaurant_Review-g1022325-d7634838-Reviews-Ramen_Rikyu-Yokote_Akita_Prefecture_Tohoku.html,no usable facts on TripAdvisor listing beyond the name
akita/yokote|Dining|754,"Restaurant in Yokote, Akita.",https://www.tripadvisor.com/Restaurant_Review-g1022325-d9678459-Reviews-Menya_Garyu-Yokote_Akita_Prefecture_Tohoku.html,no usable facts on TripAdvisor listing beyond the name
akita/yokote|Dining|767,"Restaurant in Yokote, Akita.",https://www.tripadvisor.com/Restaurant_Review-g1022325-d13257767-Reviews-Finished-Yokote_Akita_Prefecture_Tohoku.html,no usable facts on TripAdvisor listing beyond the name
akita/yokote|Dining|771,"Restaurant in Yokote, Akita.",https://www.tripadvisor.com/Restaurant_Review-g1022325-d13044201-Reviews-Ito_Painting-Yokote_Akita_Prefecture_Tohoku.html,no usable facts on TripAdvisor listing beyond the name
akita/yokote|Dining|814,"Restaurant in Yokote, Akita.",https://www.tripadvisor.com/Restaurant_Review-g1022325-d13044284-Reviews-Kurata_Trust-Yokote_Akita_Prefecture_Tohoku.html,no usable facts on TripAdvisor listing beyond the name
akita/yokote|Dining|817,"A cafe in Yokote, Akita prefecture.",https://www.tripadvisor.com/Restaurant_Review-g1022325-d14742565-Reviews-Toshokan_Cafe-Yokote_Akita_Prefecture_Tohoku.html,no usable facts on TripAdvisor listing beyond the name
akita/yokote|Dining|819,"Restaurant in Yokote, Akita.",https://www.tripadvisor.com/Restaurant_Review-g1022325-d13183752-Reviews-Kashinoki-Yokote_Akita_Prefecture_Tohoku.html,no usable facts on TripAdvisor listing beyond the name
akita/yokote|Dining|840,"Restaurant in Yokote, Akita.",https://www.tripadvisor.com/Restaurant_Review-g1022325-d13044459-Reviews-Sweet_Sanoya-Yokote_Akita_Prefecture_Tohoku.html,no usable facts on TripAdvisor listing beyond the name
akita/yokote|Dining|841,"Restaurant in Yokote, Akita.",https://www.tripadvisor.com/Restaurant_Review-g1022325-d13044384-Reviews-Powaru-Yokote_Akita_Prefecture_Tohoku.html,no usable facts on TripAdvisor listing beyond the name
akita/yokote|Dining|844,"Restaurant in Yokote, Akita.",https://www.tripadvisor.com/Restaurant_Review-g1022325-d13044228-Reviews-Kaishindo-Yokote_Akita_Prefecture_Tohoku.html,no usable facts on TripAdvisor listing beyond the name
akita/yokote|Dining|853,"Restaurant in Yokote, Akita.",https://www.tripadvisor.com/Restaurant_Review-g1022325-d9678463-Reviews-Tatsumi-Yokote_Akita_Prefecture_Tohoku.html,no usable facts on TripAdvisor listing beyond the name
akita/yokote|Dining|868,"Restaurant in Yokote, Akita.",https://www.tripadvisor.com/Restaurant_Review-g1022325-d13044009-Reviews-Anan-Yokote_Akita_Prefecture_Tohoku.html,no usable facts on TripAdvisor listing beyond the name
akita/yokote|Dining|919,"A cafe in Yokote, Akita prefecture.",https://www.tripadvisor.com/Restaurant_Review-g1022325-d9643538-Reviews-Fureai_Cafe_Kutsurogi-Yokote_Akita_Prefecture_Tohoku.html,no usable facts on TripAdvisor listing beyond the name
akita/yokote|Dining|933,"Restaurant in Yokote, Akita.",https://www.tripadvisor.com/Restaurant_Review-g1022325-d19074448-Reviews-Yoridokoro_Kamuro-Yokote_Akita_Prefecture_Tohoku.html,no usable facts on TripAdvisor listing beyond the name
akita/yurihonjo|Dining|118,"A cafe in Yurihonjo, Akita prefecture.",https://tabelog.com/akita/A0506/A050601/5010426/,listing marks the place closed:移転
akita/yurihonjo|Dining|304,"Food spot in Yurihonjo, Akita.",https://tabelog.com/akita/A0506/A050601/5009681/,listing marks the place closed:閉店
akita/yurihonjo|Dining|494,"Restaurant in Yurihonjo, Akita.",https://www.tripadvisor.com/Restaurant_Review-g1022322-d18218297-Reviews-Chukasoba_Nihei-Yurihonjo_Akita_Prefecture_Tohoku.html,no usable facts on TripAdvisor listing beyond the name
akita/yurihonjo|Dining|549,"Restaurant in Yurihonjo, Akita.",https://www.tripadvisor.com/Restaurant_Review-g1022322-d13044112-Reviews-Fugetsudo_Yashima-Yurihonjo_Akita_Prefecture_Tohoku.html,no usable facts on TripAdvisor listing beyond the name
akita/yurihonjo|Dining|571,"Restaurant in Yurihonjo, Akita.",https://www.tripadvisor.com/Restaurant_Review-g1022322-d14742503-Reviews-Hana_Marche_Kadare-Yurihonjo_Akita_Prefecture_Tohoku.html,no usable facts on TripAdvisor listing beyond the name
akita/yurihonjo|Dining|659,"Restaurant in Yurihonjo, Akita.",https://www.tripadvisor.com/Restaurant_Review-g1022322-d14742504-Reviews-Hana_Temari-Yurihonjo_Akita_Prefecture_Tohoku.html,no usable facts on TripAdvisor listing beyond the name
akita/yurihonjo|Dining|730,"Restaurant in Yurihonjo, Akita.",https://www.tripadvisor.com/Restaurant_Review-g1022322-d13980048-Reviews-Hanatemari-Yurihonjo_Akita_Prefecture_Tohoku.html,no usable facts on TripAdvisor listing beyond the name
akita/yurihonjo|Dining|764,"A bar in Yurihonjo, Akita prefecture.",https://www.tripadvisor.com/Restaurant_Review-g1022322-d9667440-Reviews-Wine_Bar_Oshoku_Sakaba-Yurihonjo_Akita_Prefecture_Tohoku.html,no usable facts on TripAdvisor listing beyond the name
akita/yurihonjo|Dining|769,"Restaurant in Yurihonjo, Akita.",https://www.tripadvisor.com/Restaurant_Review-g1022322-d9682478-Reviews-Taishu_Sakaba_Wantana-Yurihonjo_Akita_Prefecture_Tohoku.html,no usable facts on TripAdvisor listing beyond the name
akita/yurihonjo|Dining|782,"Restaurant in Yurihonjo, Akita.",https://www.tripadvisor.com/Restaurant_Review-g1022322-d13044470-Reviews-Takasho_Pastry-Yurihonjo_Akita_Prefecture_Tohoku.html,no usable facts on TripAdvisor listing beyond the name
akita/yurihonjo|Dining|788,"Restaurant in Yurihonjo, Akita.",https://www.tripadvisor.com/Restaurant_Review-g1022322-d14742506-Reviews-Sarotto_Honjo-Yurihonjo_Akita_Prefecture_Tohoku.html,no usable facts on TripAdvisor listing beyond the name
akita/yurihonjo|Dining|791,"Restaurant in Yurihonjo, Akita.",https://www.tripadvisor.com/Restaurant_Review-g1022322-d19777301-Reviews-Oceanus-Yurihonjo_Akita_Prefecture_Tohoku.html,no usable facts on TripAdvisor listing beyond the name
akita/yuzawashi|Dining|64,"A noodle shop in Yuzawa, Akita.",https://tabelog.com/akita/A0505/A050502/5006026/,listing marks the place closed:移転
akita/yuzawashi|Dining|299,"A soba shop in Yuzawa, Akita.",https://www.tripadvisor.com/Restaurant_Review-g1022323-d6071328-Reviews-Soba_Restaurant_Sobee-Yuzawa_Akita_Prefecture_Tohoku.html,no usable facts on TripAdvisor listing beyond the name
akita/yuzawashi|Dining|453,"Restaurant in Yuzawa, Akita.",https://www.tripadvisor.com/Restaurant_Review-g1022323-d13260015-Reviews-Shimizutei-Yuzawa_Akita_Prefecture_Tohoku.html,no usable facts on TripAdvisor listing beyond the name
fukuoka/asakura|Dining|79,"Food spot in Asakura, Fukuoka.",https://tabelog.com/fukuoka/A4008/A400802/40029167/,listing marks the place closed:移転
fukuoka/asakura|Dining|557,"A bar in Asakura, Fukuoka prefecture.",https://www.tripadvisor.com/Restaurant_Review-g1022387-d9933691-Reviews-Kimagure_Bar-Asakura_Fukuoka_Prefecture_Kyushu.html,no usable facts on TripAdvisor listing beyond the name
fukuoka/asakura|Dining|565,"Restaurant in Asakura, Fukuoka.",https://www.tripadvisor.com/Restaurant_Review-g1022387-d20165981-Reviews-Rodin-Asakura_Fukuoka_Prefecture_Kyushu.html,no usable facts on TripAdvisor listing beyond the name
fukuoka/ashiyacho|Dining|183,"Restaurant in Ashiya, Fukuoka.",https://www.tripadvisor.com/Restaurant_Review-g1121474-d6062972-Reviews-Horaku-Ashiya_machi_Onga_gun_Fukuoka_Prefecture_Kyushu.html,no usable facts on TripAdvisor listing beyond the name
fukuoka/ashiyacho|Dining|184,"Restaurant in Ashiya, Fukuoka.",https://www.tripadvisor.com/Restaurant_Review-g1121474-d18340307-Reviews-Total_Service_Group-Ashiya_machi_Onga_gun_Fukuoka_Prefecture_Kyushu.html,no usable facts on TripAdvisor listing beyond the name
fukuoka/buzen|Dining|40,"Food spot in Buzen, Fukuoka.",https://tabelog.com/fukuoka/A4006/A400602/40065435/,listing marks the place closed:移転
fukuoka/chikugo|Dining|353,"Restaurant in Chikugo, Fukuoka.",https://www.tripadvisor.com/Restaurant_Review-g1022370-d13269657-Reviews-Abound-Chikugo_Fukuoka_Prefecture_Kyushu.html,no usable facts on TripAdvisor listing beyond the name
fukuoka/chikugo|Dining|355,"A curry restaurant in Chikugo, Fukuoka.",https://www.tripadvisor.com/Restaurant_Review-g1022370-d14738538-Reviews-Awajishima_Curry_Popeye_Chikugo-Chikugo_Fukuoka_Prefecture_Kyushu.html,no usable facts on TripAdvisor listing beyond the name
fukuoka/fukutsu|Dining|391,"A ramen shop in Fukutsu, Fukuoka.",https://www.tripadvisor.com/Restaurant_Review-g1022383-d13197739-Reviews-Tatsunoya_Ramen_Ibuki_Aeon_Mall_Fukutsu-Fukutsu_Fukuoka_Prefecture_Kyushu.html,no usable facts on TripAdvisor listing beyond the name
fukuoka/fukutsu|Dining|403,"Restaurant in Fukutsu, Fukuoka.",https://www.tripadvisor.com/Restaurant_Review-g1022383-d13197914-Reviews-Gojunimangoku_Josuian_Aeon_Mall_Fukutsu-Fukutsu_Fukuoka_Prefecture_Kyushu.html,no usable facts on TripAdvisor listing beyond the name
fukuoka/fukutsu|Dining|404,"Restaurant in Fukutsu, Fukuoka.",https://www.tripadvisor.com/Restaurant_Review-g1022383-d9930531-Reviews-Kaisen_Honpo_Donmaru_Fukutsu-Fukutsu_Fukuoka_Prefecture_Kyushu.html,no usable facts on TripAdvisor listing beyond the name
fukuoka/fukutsu|Dining|410,"Restaurant in Fukutsu, Fukuoka.",https://www.tripadvisor.com/Restaurant_Review-g1022383-d9914663-Reviews-Moa_s_Kirchen-Fukutsu_Fukuoka_Prefecture_Kyushu.html,no usable facts on TripAdvisor listing beyond the name
fukuoka/fukutsu|Dining|433,"A cafe in Fukutsu, Fukuoka prefecture.",https://www.tripadvisor.com/Restaurant_Review-g1022383-d17356593-Reviews-Irie_Cafe-Fukutsu_Fukuoka_Prefecture_Kyushu.html,no usable facts on TripAdvisor listing beyond the name
fukuoka/fukutsu|Dining|438,"Restaurant in Fukutsu, Fukuoka.",https://www.tripadvisor.com/Restaurant_Review-g1022383-d6051147-Reviews-Grilled_Beef_Nakamura-Fukutsu_Fukuoka_Prefecture_Kyushu.html,no usable facts on TripAdvisor listing beyond the name
fukuoka/fukutsu|Dining|446,"Restaurant in Fukutsu, Fukuoka.",https://www.tripadvisor.com/Restaurant_Review-g1022383-d14027139-Reviews-Francois_Fukuma_Ekimae-Fukutsu_Fukuoka_Prefecture_Kyushu.html,no usable facts on TripAdvisor listing beyond the name
fukuoka/fukutsu|Dining|487,"Restaurant in Fukutsu, Fukuoka.",https://www.tripadvisor.com/Restaurant_Review-g1022383-d9939792-Reviews-Lof-Fukutsu_Fukuoka_Prefecture_Kyushu.html,no usable facts on TripAdvisor listing beyond the name
fukuoka/fukutsu|Dining|490,"Restaurant in Fukutsu, Fukuoka.",https://www.tripadvisor.com/Restaurant_Review-g1022383-d19264582-Reviews-Rakuraku-Fukutsu_Fukuoka_Prefecture_Kyushu.html,no usable facts on TripAdvisor listing beyond the name
fukuoka/fukutsu|Dining|494,"A cafe in Fukutsu, Fukuoka prefecture.",https://www.tripadvisor.com/Restaurant_Review-g1022383-d17356600-Reviews-Camellia_Cafe-Fukutsu_Fukuoka_Prefecture_Kyushu.html,no usable facts on TripAdvisor listing beyond the name
fukuoka/hirokawa|Dining|138,"Restaurant in Hirokawa, Fukuoka.",https://www.tripadvisor.com/Restaurant_Review-g1121489-d15008359-Reviews-Shiki-Hirokawa_machi_Yame_gun_Fukuoka_Prefecture_Kyushu.html,no usable facts on TripAdvisor listing beyond the name
fukuoka/koga|Dining|296,"Restaurant in Koga, Fukuoka.",https://www.tripadvisor.com/Restaurant_Review-g298208-d11799014-Reviews-Nanosato-Koga_Fukuoka_Prefecture_Kyushu.html,no usable facts on TripAdvisor listing beyond the name
fukuoka/koga|Dining|331,"Restaurant in Koga, Fukuoka.",https://www.tripadvisor.com/Restaurant_Review-g298208-d10650526-Reviews-Nanofuku_Yadai-Koga_Fukuoka_Prefecture_Kyushu.html,no usable facts on TripAdvisor listing beyond the name
fukuoka/koga|Dining|343,"Restaurant in Koga, Fukuoka.",https://www.tripadvisor.com/Restaurant_Review-g298208-d13399794-Reviews-One_Bowl-Koga_Fukuoka_Prefecture_Kyushu.html,no usable facts on TripAdvisor listing beyond the name
fukuoka/koga|Dining|391,"Restaurant in Koga, Fukuoka.",https://www.tripadvisor.com/Restaurant_Review-g298208-d15146627-Reviews-Yataizushi_Koga_Eki_West_Entrance_Machi-Koga_Fukuoka_Prefecture_Kyushu.html,no usable facts on TripAdvisor listing beyond the name
fukuoka/koga|Dining|470,"Restaurant in Koga, Fukuoka.",https://www.tripadvisor.com/Restaurant_Review-g298208-d19264511-Reviews-Karaoke_Snack_Sakura-Koga_Fukuoka_Prefecture_Kyushu.html,no usable facts on TripAdvisor listing beyond the name
fukuoka/koga|Dining|471,"Restaurant in Koga, Fukuoka.",https://www.tripadvisor.com/Restaurant_Review-g298208-d19264512-Reviews-Dakara-Koga_Fukuoka_Prefecture_Kyushu.html,no usable facts on TripAdvisor listing beyond the name
fukuoka/nakama|Dining|306,"Restaurant in Nakama, Fukuoka.",https://www.tripadvisor.com/Restaurant_Review-g1022376-d9887833-Reviews-Torikatsudon_No_Kurobe_Shoppers_Nakama-Nakama_Fukuoka_Prefecture_Kyushu.html,no usable facts on TripAdvisor listing beyond the name
fukuoka/ogori|Dining|267,"A yakiniku restaurant in Ogori, Fukuoka.",https://www.tripadvisor.com/Restaurant_Review-g1022377-d9906052-Reviews-Sumibi_Yakiniku_Magariya-Ogori_Fukuoka_Prefecture_Kyushu.html,no usable facts on TripAdvisor listing beyond the name
fukuoka/ogori|Dining|335,"An udon shop in Ogori, Fukuoka.",https://www.tripadvisor.com/Restaurant_Review-g1022377-d6050180-Reviews-Marumiya_Udon-Ogori_Fukuoka_Prefecture_Kyushu.html,no usable facts on TripAdvisor listing beyond the name
fukuoka/ogori|Dining|405,"Restaurant in Ogori, Fukuoka.",https://www.tripadvisor.com/Restaurant_Review-g1022377-d17358386-Reviews-Sada_No_Ie-Ogori_Fukuoka_Prefecture_Kyushu.html,no usable facts on TripAdvisor listing beyond the name
fukuoka/ogori|Dining|406,"A bar in Ogori, Fukuoka prefecture.",https://www.tripadvisor.com/Restaurant_Review-g1022377-d15271085-Reviews-Moonlight_Restaurant_Bar-Ogori_Fukuoka_Prefecture_Kyushu.html,no usable facts on TripAdvisor listing beyond the name
fukuoka/okagaki|Dining|194,"Restaurant in Okagaki, Fukuoka.",https://www.tripadvisor.com/Restaurant_Review-g1121476-d19264496-Reviews-Akindo_Sushiro_Onga_Okagaki-Okagaki_machi_Onga_gun_Fukuoka_Prefecture_Kyushu.html,no usable facts on TripAdvisor listing beyond the name
fukuoka/okawashi|Dining|257,"A restaurant in Okawashi, Fukuoka prefecture.",https://www.tripadvisor.com/Restaurant_Review-g1022372-d6070574-Reviews-Dining_Stove-Okawa_Fukuoka_Prefecture_Kyushu.html,no usable facts on TripAdvisor listing beyond the name
fukuoka/okawashi|Dining|326,"A cafe in Okawashi, Fukuoka prefecture.",https://www.tripadvisor.com/Restaurant_Review-g1022372-d20165972-Reviews-Restaurant_Cafe_Bar_Olive-Okawa_Fukuoka_Prefecture_Kyushu.html,no usable facts on TripAdvisor listing beyond the name
fukuoka/onga|Dining|154,"An eel restaurant in Onga, Fukuoka.",https://www.tripadvisor.com/Restaurant_Review-g1121477-d7483422-Reviews-Fukada_Eel_Restaurant-Onga_cho_Onga_gun_Fukuoka_Prefecture_Kyushu.html,no usable facts on TripAdvisor listing beyond the name
fukuoka/onojo|Dining|423,"A restaurant in Onojo, Fukuoka prefecture.",https://www.tripadvisor.com/Restaurant_Review-g1022380-d15008406-Reviews-India_Restaurant_Suraj-Onojo_Fukuoka_Prefecture_Kyushu.html,no usable facts on TripAdvisor listing beyond the name
fukuoka/onojo|Dining|426,"A yakiniku restaurant in Onojo, Fukuoka.",https://www.tripadvisor.com/Restaurant_Review-g1022380-d13790903-Reviews-Yakiniku_Dainingu_Wan_Karubi_Onojo_Ten-Onojo_Fukuoka_Prefecture_Kyushu.html,no usable facts on TripAdvisor listing beyond the name
fukuoka/onojo|Dining|443,"By the station in Onojo, Fukuoka.",https://www.tripadvisor.com/Restaurant_Review-g1022380-d14932785-Reviews-Yatai_Zushi_Shimoori_Station_Nishiguchicho-Onojo_Fukuoka_Prefecture_Kyushu.html,no usable facts on TripAdvisor listing beyond the name
fukuoka/onojo|Dining|475,"A pizza restaurant in Onojo, Fukuoka.",https://www.tripadvisor.com/Restaurant_Review-g1022380-d25002419-Reviews-Pizza_Cooc_Onojo-Onojo_Fukuoka_Prefecture_Kyushu.html,no usable facts on TripAdvisor listing beyond the name
fukuoka/onojo|Dining|477,"A pizza restaurant in Onojo, Fukuoka.",https://www.tripadvisor.com/Restaurant_Review-g1022380-d17355906-Reviews-Rosso_From_Pizza_House_Rosso-Onojo_Fukuoka_Prefecture_Kyushu.html,no usable facts on TripAdvisor listing beyond the name
fukuoka/onojo|Dining|483,"Restaurant in Onojo, Fukuoka.",https://www.tripadvisor.com/Restaurant_Review-g1022380-d9690631-Reviews-Hakuyoken-Onojo_Fukuoka_Prefecture_Kyushu.html,no usable facts on TripAdvisor listing beyond the name
fukuoka/onojo|Dining|497,"Restaurant in Onojo, Fukuoka.",https://www.tripadvisor.com/Restaurant_Review-g1022380-d9927258-Reviews-Ryukyu_Ryori_An-Onojo_Fukuoka_Prefecture_Kyushu.html,no usable facts on TripAdvisor listing beyond the name
fukuoka/onojo|Dining|526,"Restaurant in Onojo, Fukuoka.",https://www.tripadvisor.com/Restaurant_Review-g1022380-d19264538-Reviews-Yakirori_Jinya-Onojo_Fukuoka_Prefecture_Kyushu.html,no usable facts on TripAdvisor listing beyond the name
fukuoka/onojo|Dining|534,"Restaurant in Onojo, Fukuoka.",https://www.tripadvisor.com/Restaurant_Review-g1022380-d9667569-Reviews-Orange_Grove-Onojo_Fukuoka_Prefecture_Kyushu.html,no usable facts on TripAdvisor listing beyond the name
fukuoka/onojo|Dining|542,"Restaurant in Onojo, Fukuoka.",https://www.tripadvisor.com/Restaurant_Review-g1022380-d14859670-Reviews-Fumii-Onojo_Fukuoka_Prefecture_Kyushu.html,no usable facts on TripAdvisor listing beyond the name
fukuoka/onojo|Dining|547,"Restaurant in Onojo, Fukuoka.",https://www.tripadvisor.com/Restaurant_Review-g1022380-d14859671-Reviews-Snack_Amur-Onojo_Fukuoka_Prefecture_Kyushu.html,no usable facts on TripAdvisor listing beyond the name
fukuoka/onojo|Dining|550,"Restaurant in Onojo, Fukuoka.",https://www.tripadvisor.com/Restaurant_Review-g1022380-d13069907-Reviews-Richmond-Onojo_Fukuoka_Prefecture_Kyushu.html,no usable facts on TripAdvisor listing beyond the name
fukuoka/onojo|Dining|552,"Restaurant in Onojo, Fukuoka.",https://www.tripadvisor.com/Restaurant_Review-g1022380-d13265032-Reviews-Love_Heart_Dininig_Room-Onojo_Fukuoka_Prefecture_Kyushu.html,no usable facts on TripAdvisor listing beyond the name
fukuoka/sue|Dining|67,"Restaurant in Sue, Fukuoka.",https://www.tripadvisor.com/Restaurant_Review-g1121470-d10018585-Reviews-Taro_Jaya_Kamakura_Sue-Sue_machi_Kasuya_gun_Fukuoka_Prefecture_Kyushu.html,no usable facts on TripAdvisor listing beyond the name
miyagi/higashimatsushima|Dining|182,"A ramen shop in Higashimatsushima, Miyagi.",https://www.tripadvisor.com/Restaurant_Review-g1023416-d15334923-Reviews-Ramen_House_Wansui_Yamoto-Higashimatsushima_Miyagi_Prefecture_Tohoku.html,no usable facts on TripAdvisor listing beyond the name
miyagi/higashimatsushima|Dining|226,"Restaurant in Higashimatsushima, Miyagi.",https://www.tripadvisor.com/Restaurant_Review-g1023416-d14741717-Reviews-Evening_Drink_Processing_Zucca-Higashimatsushima_Miyagi_Prefecture_Tohoku.html,no usable facts on TripAdvisor listing beyond the name
miyagi/ishinomaki|Dining|414,"Food spot in Ishinomaki, Miyagi.",https://tabelog.com/miyagi/A0404/A040403/4016780/,listing marks the place closed:移転
miyagi/ishinomaki|Dining|968,"Restaurant in Ishinomaki, Miyagi.",https://www.tripadvisor.com/Restaurant_Review-g1023406-d5449528-Reviews-Amimoto_Kaminoie_Ishimaki_Ekimae-Ishinomaki_Miyagi_Prefecture_Tohoku.html,no usable facts on TripAdvisor listing beyond the name
miyagi/ishinomaki|Dining|1014,"Restaurant in Ishinomaki, Miyagi.",https://www.tripadvisor.com/Restaurant_Review-g1023406-d7269073-Reviews-Shoya_Ishinomaki-Ishinomaki_Miyagi_Prefecture_Tohoku.html,no usable facts on TripAdvisor listing beyond the name
miyagi/ishinomaki|Dining|1027,"A bar in Ishinomaki, Miyagi prefecture.",https://www.tripadvisor.com/Restaurant_Review-g1023406-d8791453-Reviews-Resilience_Bar-Ishinomaki_Miyagi_Prefecture_Tohoku.html,no usable facts on TripAdvisor listing beyond the name
miyagi/ishinomaki|Dining|1036,"An ice cream shop in Ishinomaki, Miyagi.",https://www.tripadvisor.com/Restaurant_Review-g1023406-d14966151-Reviews-31_Ice_Cream_Ito_Yokado_Ishinomaki_Akebono-Ishinomaki_Miyagi_Prefecture_Tohoku.html,no usable facts on TripAdvisor listing beyond the name
miyagi/ishinomaki|Dining|1054,"Restaurant in Ishinomaki, Miyagi.",https://www.tripadvisor.com/Restaurant_Review-g1023406-d13161571-Reviews-Wansui_Aeon_Mall_Ishinomaki-Ishinomaki_Miyagi_Prefecture_Tohoku.html,no usable facts on TripAdvisor listing beyond the name
miyagi/ishinomaki|Dining|1065,"Restaurant in Ishinomaki, Miyagi.",https://www.tripadvisor.com/Restaurant_Review-g1023406-d13035013-Reviews-Endo_Pastry-Ishinomaki_Miyagi_Prefecture_Tohoku.html,no usable facts on TripAdvisor listing beyond the name
miyagi/ishinomaki|Dining|1229,"Restaurant in Ishinomaki, Miyagi.",https://www.tripadvisor.com/Restaurant_Review-g1023406-d14741905-Reviews-Kikusuian-Ishinomaki_Miyagi_Prefecture_Tohoku.html,no usable facts on TripAdvisor listing beyond the name
miyagi/ishinomaki|Dining|1244,"Restaurant in Ishinomaki, Miyagi.",https://www.tripadvisor.com/Restaurant_Review-g1023406-d13261851-Reviews-Hanagasa_Dininig_Room-Ishinomaki_Miyagi_Prefecture_Tohoku.html,no usable facts on TripAdvisor listing beyond the name
miyagi/ishinomaki|Dining|1280,"Restaurant in Ishinomaki, Miyagi.",https://www.tripadvisor.com/Restaurant_Review-g1023406-d13957020-Reviews-Umiyama-Ishinomaki_Miyagi_Prefecture_Tohoku.html,no usable facts on TripAdvisor listing beyond the name
miyagi/ishinomaki|Dining|1336,"Restaurant in Ishinomaki, Miyagi.",https://www.tripadvisor.com/Restaurant_Review-g1023406-d20164740-Reviews-Snack_Shomonkan-Ishinomaki_Miyagi_Prefecture_Tohoku.html,no usable facts on TripAdvisor listing beyond the name
miyagi/ishinomaki|Dining|1345,"A kitchen restaurant in Ishinomaki, Miyagi.",https://www.tripadvisor.com/Restaurant_Review-g1023406-d14741897-Reviews-Orai_No_Kitchen_Shinkyo-Ishinomaki_Miyagi_Prefecture_Tohoku.html,no usable facts on TripAdvisor listing beyond the name
miyagi/ishinomaki|Dining|1349,"Restaurant in Ishinomaki, Miyagi.",https://www.tripadvisor.com/Restaurant_Review-g1023406-d19273281-Reviews-Jusan_Hama-Ishinomaki_Miyagi_Prefecture_Tohoku.html,no usable facts on TripAdvisor listing beyond the name
miyagi/iwanuma|Dining|226,"Restaurant in Iwanuma, Miyagi.",https://www.tripadvisor.com/Restaurant_Review-g1023412-d14969855-Reviews-Zero-Iwanuma_Miyagi_Prefecture_Tohoku.html,no usable facts on TripAdvisor listing beyond the name
miyagi/iwanuma|Dining|268,"Restaurant in Iwanuma, Miyagi.",https://www.tripadvisor.com/Restaurant_Review-g1023412-d13270035-Reviews-Taste_Best_Ball_Uramise-Iwanuma_Miyagi_Prefecture_Tohoku.html,no usable facts on TripAdvisor listing beyond the name
miyagi/iwanuma|Dining|281,"Restaurant in Iwanuma, Miyagi.",https://www.tripadvisor.com/Restaurant_Review-g1023412-d14741970-Reviews-Foods_Garden_Tamaura_Shokusaikan-Iwanuma_Miyagi_Prefecture_Tohoku.html,no usable facts on TripAdvisor listing beyond the name
miyagi/kakuda|Dining|196,"Restaurant in Kakuda, Miyagi.",https://www.tripadvisor.com/Restaurant_Review-g1023410-d13035243-Reviews-Ikeda_Pastry-Kakuda_Miyagi_Prefecture_Tohoku.html,no usable facts on TripAdvisor listing beyond the name
miyagi/kamimachi|Dining|131,"Restaurant in Kami, Miyagi.",https://www.tripadvisor.com/Restaurant_Review-g1120951-d14741799-Reviews-Sasaki_Seimensho-Kami_machi_Kami_gun_Miyagi_Prefecture_Tohoku.html,no usable facts on TripAdvisor listing beyond the name
miyagi/kamimachi|Dining|148,"Restaurant in Kami, Miyagi.",https://www.tripadvisor.com/Restaurant_Review-g1120951-d13261096-Reviews-Meeting-Kami_machi_Kami_gun_Miyagi_Prefecture_Tohoku.html,no usable facts on TripAdvisor listing beyond the name
miyagi/kesennuma|Dining|447,"A Chinese restaurant in Kesennuma, Miyagi.",https://www.tripadvisor.com/Restaurant_Review-g1023417-d9623707-Reviews-Chinese_Restaurant_Fukken_Ro-Kesennuma_Miyagi_Prefecture_Tohoku.html,no usable facts on TripAdvisor listing beyond the name
miyagi/kesennuma|Dining|493,"A restaurant in Kesennuma, Miyagi prefecture.",https://www.tripadvisor.com/Restaurant_Review-g1023417-d9632907-Reviews-Restaurant_Uminoichi-Kesennuma_Miyagi_Prefecture_Tohoku.html,no usable facts on TripAdvisor listing beyond the name
miyagi/kesennuma|Dining|506,"Restaurant in Kesennuma, Miyagi.",https://www.tripadvisor.com/Restaurant_Review-g1023417-d17411529-Reviews-Ukishima-Kesennuma_Miyagi_Prefecture_Tohoku.html,no usable facts on TripAdvisor listing beyond the name
miyagi/kesennuma|Dining|560,"Restaurant in Kesennuma, Miyagi.",https://www.tripadvisor.com/Restaurant_Review-g1023417-d13036024-Reviews-Utsumi_Pastry_Yokamachi-Kesennuma_Miyagi_Prefecture_Tohoku.html,no usable facts on TripAdvisor listing beyond the name
miyagi/kesennuma|Dining|563,"Restaurant in Kesennuma, Miyagi.",https://www.tripadvisor.com/Restaurant_Review-g1023417-d13259917-Reviews-Sanmori_Museum-Kesennuma_Miyagi_Prefecture_Tohoku.html,no usable facts on TripAdvisor listing beyond the name
miyagi/kurihara|Dining|324,"Restaurant in Kurihara, Miyagi.",https://www.tripadvisor.com/Restaurant_Review-g1023415-d13979834-Reviews-Suzuran-Kurihara_Miyagi_Prefecture_Tohoku.html,no usable facts on TripAdvisor listing beyond the name
miyagi/kurihara|Dining|338,"Restaurant in Kurihara, Miyagi.",https://www.tripadvisor.com/Restaurant_Review-g1023415-d15064618-Reviews-Hanokisawa-Kurihara_Miyagi_Prefecture_Tohoku.html,no usable facts on TripAdvisor listing beyond the name
miyagi/kurihara|Dining|344,"Restaurant in Kurihara, Miyagi.",https://www.tripadvisor.com/Restaurant_Review-g1023415-d19121272-Reviews-Umagena_Aeon_Super_Center_Kurihara_Shiwahime-Kurihara_Miyagi_Prefecture_Tohoku.html,no usable facts on TripAdvisor listing beyond the name
miyagi/kurihara|Dining|345,"A ramen shop in Kurihara, Miyagi.",https://www.tripadvisor.com/Restaurant_Review-g1023415-d7630027-Reviews-Access_Ramen_Shop-Kurihara_Miyagi_Prefecture_Tohoku.html,no usable facts on TripAdvisor listing beyond the name
miyagi/kurihara|Dining|406,"Restaurant in Kurihara, Miyagi.",https://www.tripadvisor.com/Restaurant_Review-g1023415-d17362603-Reviews-Fuotei-Kurihara_Miyagi_Prefecture_Tohoku.html,no usable facts on TripAdvisor listing beyond the name
miyagi/kurihara|Dining|411,"Restaurant in Kurihara, Miyagi.",https://www.tripadvisor.com/Restaurant_Review-g1023415-d14856215-Reviews-Salon_de_Te_Kurihara-Kurihara_Miyagi_Prefecture_Tohoku.html,no usable facts on TripAdvisor listing beyond the name
miyagi/kurihara|Dining|451,"Restaurant in Kurihara, Miyagi.",https://www.tripadvisor.com/Restaurant_Review-g1023415-d13035126-Reviews-Hanamizuya_Confectionery-Kurihara_Miyagi_Prefecture_Tohoku.html,no usable facts on TripAdvisor listing beyond the name
miyagi/kurihara|Dining|455,"Restaurant in Kurihara, Miyagi.",https://www.tripadvisor.com/Restaurant_Review-g1023415-d13035233-Reviews-Hyodo_Monakakawa-Kurihara_Miyagi_Prefecture_Tohoku.html,no usable facts on TripAdvisor listing beyond the name
miyagi/kurihara|Dining|459,"Restaurant in Kurihara, Miyagi.",https://www.tripadvisor.com/Restaurant_Review-g1023415-d20164735-Reviews-Mizuki-Kurihara_Miyagi_Prefecture_Tohoku.html,no usable facts on TripAdvisor listing beyond the name
miyagi/kurihara|Dining|480,"A bakery in Kurihara, Miyagi prefecture.",https://www.tripadvisor.com/Restaurant_Review-g1023415-d13035907-Reviews-Suzuki_Bakery-Kurihara_Miyagi_Prefecture_Tohoku.html,no usable facts on TripAdvisor listing beyond the name
miyagi/marumori|Dining|93,"Restaurant in Marumori, Miyagi.",https://www.tripadvisor.com/Restaurant_Review-g1120940-d13268362-Reviews-Zokko-Marumori_machi_Igu_gun_Miyagi_Prefecture_Tohoku.html,no usable facts on TripAdvisor listing beyond the name
miyagi/matsushima|Dining|199,"Food spot in Matsushima, Miyagi.",https://tabelog.com/miyagi/A0404/A040404/4030473/,listing gone (404)
miyagi/matsushima|Dining|230,"Restaurant in Matsushima, Miyagi.",https://www.tripadvisor.com/Restaurant_Review-g319095-d13266640-Reviews-Toda_Gold-Matsushima_machi_Miyagi_gun_Miyagi_Prefecture_Tohoku.html,no usable facts on TripAdvisor listing beyond the name
miyagi/natori|Dining|619,"A bar in Natori, Miyagi prefecture.",https://www.tripadvisor.com/Restaurant_Review-g1023409-d9668320-Reviews-Amusement_Bar_F-Natori_Miyagi_Prefecture_Tohoku.html,no usable facts on TripAdvisor listing beyond the name
miyagi/natori|Dining|623,"Restaurant in Natori, Miyagi.",https://www.tripadvisor.com/Restaurant_Review-g1023409-d9668316-Reviews-Bluno-Natori_Miyagi_Prefecture_Tohoku.html,no usable facts on TripAdvisor listing beyond the name
miyagi/natori|Dining|640,"Restaurant in Natori, Miyagi.",https://www.tripadvisor.com/Restaurant_Review-g1023409-d14741744-Reviews-Roast_Beef_Budoya-Natori_Miyagi_Prefecture_Tohoku.html,no usable facts on TripAdvisor listing beyond the name
miyagi/natori|Dining|641,"Restaurant in Natori, Miyagi.",https://www.tripadvisor.com/Restaurant_Review-g1023409-d19263232-Reviews-Bonjour_Table-Natori_Miyagi_Prefecture_Tohoku.html,no usable facts on TripAdvisor listing beyond the name
miyagi/ogawara|Dining|216,"Restaurant in Ogawara, Miyagi.",https://www.tripadvisor.com/Restaurant_Review-g1120936-d20164733-Reviews-Scorpion-Ogawara_machi_Shibata_gun_Miyagi_Prefecture_Tohoku.html,no usable facts on TripAdvisor listing beyond the name
miyagi/ohira|Dining|27,"Restaurant in Ohira, Miyagi.",https://www.tripadvisor.com/Restaurant_Review-g1120949-d13035074-Reviews-Ganko_Ittetsu-Ohira_mura_Kurokawa_gun_Miyagi_Prefecture_Tohoku.html,no usable facts on TripAdvisor listing beyond the name
miyagi/osakishi|Dining|829,"Restaurant in Osakishi, Miyagi.",https://www.tripadvisor.com/Restaurant_Review-g1023418-d9679564-Reviews-Sabo_krein-Osaki_Miyagi_Prefecture_Tohoku.html,no usable facts on TripAdvisor listing beyond the name
miyagi/osakishi|Dining|839,"A restaurant in Osakishi, Miyagi prefecture.",https://www.tripadvisor.com/Restaurant_Review-g1023418-d7515056-Reviews-Restaurant_Suisha-Osaki_Miyagi_Prefecture_Tohoku.html,no usable facts on TripAdvisor listing beyond the name
miyagi/osakishi|Dining|844,"Restaurant in Osakishi, Miyagi.",https://www.tripadvisor.com/Restaurant_Review-g1023418-d9679551-Reviews-Oishikoku_Datena_Ajikurabe_Chojahara_Sa_Down-Osaki_Miyagi_Prefecture_Tohoku.html,no usable facts on TripAdvisor listing beyond the name
miyagi/osakishi|Dining|853,"Restaurant in Osakishi, Miyagi.",https://www.tripadvisor.com/Restaurant_Review-g1023418-d17427423-Reviews-Kantanya_Chojahara_SA-Osaki_Miyagi_Prefecture_Tohoku.html,no usable facts on TripAdvisor listing beyond the name
miyagi/osakishi|Dining|867,"By the station in Osakishi, Miyagi.",https://www.tripadvisor.com/Restaurant_Review-g1023418-d7514966-Reviews-Car_Station_Iwadeyama-Osaki_Miyagi_Prefecture_Tohoku.html,no usable facts on TripAdvisor listing beyond the name
miyagi/osakishi|Dining|883,"Restaurant in Osakishi, Miyagi.",https://www.tripadvisor.com/Restaurant_Review-g1023418-d7514999-Reviews-Dosanko_Kashimadai-Osaki_Miyagi_Prefecture_Tohoku.html,no usable facts on TripAdvisor listing beyond the name
miyagi/osakishi|Dining|927,"Restaurant in Osakishi, Miyagi.",https://www.tripadvisor.com/Restaurant_Review-g1023418-d13034792-Reviews-Ando_Pastry-Osaki_Miyagi_Prefecture_Tohoku.html,no usable facts on TripAdvisor listing beyond the name
miyagi/osakishi|Dining|969,"A soba shop in Osakishi, Miyagi.",https://www.tripadvisor.com/Restaurant_Review-g1023418-d7514988-Reviews-Soba_Kobo_Mozume_Soba-Osaki_Miyagi_Prefecture_Tohoku.html,no usable facts on TripAdvisor listing beyond the name
miyagi/osakishi|Dining|979,"A curry restaurant in Osakishi, Miyagi.",https://www.tripadvisor.com/Restaurant_Review-g1023418-d14741923-Reviews-Keema_Curry_and_Chai_Narusedo-Osaki_Miyagi_Prefecture_Tohoku.html,no usable facts on TripAdvisor listing beyond the name
miyagi/osakishi|Dining|980,"Restaurant in Osakishi, Miyagi.",https://www.tripadvisor.com/Restaurant_Review-g1023418-d7515049-Reviews-Ration-Osaki_Miyagi_Prefecture_Tohoku.html,no usable facts on TripAdvisor listing beyond the name
miyagi/osakishi|Dining|989,"Restaurant in Osakishi, Miyagi.",https://www.tripadvisor.com/Restaurant_Review-g1023418-d19924467-Reviews-Kitanoichiba_Furukawa_Ekimae-Osaki_Miyagi_Prefecture_Tohoku.html,no usable facts on TripAdvisor listing beyond the name
miyagi/osakishi|Dining|1010,"Restaurant in Osakishi, Miyagi.",https://www.tripadvisor.com/Restaurant_Review-g1023418-d13035144-Reviews-Hino_Pastry-Osaki_Miyagi_Prefecture_Tohoku.html,no usable facts on TripAdvisor listing beyond the name
miyagi/osakishi|Dining|1016,"Restaurant in Osakishi, Miyagi.",https://www.tripadvisor.com/Restaurant_Review-g1023418-d13035702-Reviews-Pastry_Karunza_Big_Kashimadai-Osaki_Miyagi_Prefecture_Tohoku.html,no usable facts on TripAdvisor listing beyond the name
miyagi/osakishi|Dining|1017,"Restaurant in Osakishi, Miyagi.",https://www.tripadvisor.com/Restaurant_Review-g1023418-d13035056-Reviews-Fukuda_Confectionery-Osaki_Miyagi_Prefecture_Tohoku.html,no usable facts on TripAdvisor listing beyond the name
miyagi/osakishi|Dining|1019,"Restaurant in Osakishi, Miyagi.",https://www.tripadvisor.com/Restaurant_Review-g1023418-d13035921-Reviews-Taimu_Kashimadai-Osaki_Miyagi_Prefecture_Tohoku.html,no usable facts on TripAdvisor listing beyond the name
miyagi/osakishi|Dining|1024,"Restaurant in Osakishi, Miyagi.",https://www.tripadvisor.com/Restaurant_Review-g1023418-d14966206-Reviews-Kagetsu-Osaki_Miyagi_Prefecture_Tohoku.html,no usable facts on TripAdvisor listing beyond the name
miyagi/rifu|Dining|237,"Restaurant in Rifu, Miyagi.",https://www.tripadvisor.com/Restaurant_Review-g1120945-d13035690-Reviews-Panse_Rifu_Main_Store-Rifu_cho_Miyagi_gun_Miyagi_Prefecture_Tohoku.html,no usable facts on TripAdvisor listing beyond the name
miyagi/shikama|Dining|21,"Restaurant in Shikama, Miyagi.",https://www.tripadvisor.com/Restaurant_Review-g1120950-d7496953-Reviews-Rice_Field-Shikama_cho_Kami_gun_Miyagi_Prefecture_Tohoku.html,no usable facts on TripAdvisor listing beyond the name
miyagi/shiogama|Dining|330,"Food spot in Shiogama, Miyagi.",https://tabelog.com/miyagi/A0404/A040404/4030274/,listing marks the place closed:移転
miyagi/shiogama|Dining|412,"Restaurant in Shiogama, Miyagi.",https://www.tripadvisor.com/Restaurant_Review-g1023407-d4875563-Reviews-Kirikabu-Shiogama_Miyagi_Prefecture_Tohoku.html,no usable facts on TripAdvisor listing beyond the name
miyagi/shiogama|Dining|417,"Restaurant in Shiogama, Miyagi.",https://www.tripadvisor.com/Restaurant_Review-g1023407-d23744772-Reviews-Tasei_Fish_Store_Tekute_Honshiogama-Shiogama_Miyagi_Prefecture_Tohoku.html,no usable facts on TripAdvisor listing beyond the name
miyagi/shiogama|Dining|499,"Restaurant in Shiogama, Miyagi.",https://www.tripadvisor.com/Restaurant_Review-g1023407-d9668312-Reviews-Pecora-Shiogama_Miyagi_Prefecture_Tohoku.html,no usable facts on TripAdvisor listing beyond the name
miyagi/shiogama|Dining|510,"A bar in Shiogama, Miyagi prefecture.",https://www.tripadvisor.com/Restaurant_Review-g1023407-d10657692-Reviews-Bar_Contigo-Shiogama_Miyagi_Prefecture_Tohoku.html,no usable facts on TripAdvisor listing beyond the name
miyagi/shiogama|Dining|534,"Restaurant in Shiogama, Miyagi.",https://www.tripadvisor.com/Restaurant_Review-g1023407-d19263198-Reviews-Beer_Hall_Shiogamakan-Shiogama_Miyagi_Prefecture_Tohoku.html,no usable facts on TripAdvisor listing beyond the name
miyagi/shiroishishi|Dining|239,"A restaurant in Shiroishi, Miyagi prefecture.",https://www.tripadvisor.com/Restaurant_Review-g1023408-d7514279-Reviews-Restaurant_in_Shiroishijo_Rekishitambo_Museum-Shiroishi_Miyagi_Prefecture_Tohoku.html,no usable facts on TripAdvisor listing beyond the name
miyagi/shiroishishi|Dining|284,"Restaurant in Shiroishi, Miyagi.",https://www.tripadvisor.com/Restaurant_Review-g1023408-d20164754-Reviews-Pizzeria_Penguin_Village-Shiroishi_Miyagi_Prefecture_Tohoku.html,no usable facts on TripAdvisor listing beyond the name
miyagi/shiroishishi|Dining|292,"Restaurant in Shiroishi, Miyagi.",https://www.tripadvisor.com/Restaurant_Review-g1023408-d14856313-Reviews-Mii-Shiroishi_Miyagi_Prefecture_Tohoku.html,no usable facts on TripAdvisor listing beyond the name
miyagi/shiroishishi|Dining|293,"Restaurant in Shiroishi, Miyagi.",https://www.tripadvisor.com/Restaurant_Review-g1023408-d14856314-Reviews-Shankoen-Shiroishi_Miyagi_Prefecture_Tohoku.html,no usable facts on TripAdvisor listing beyond the name
miyagi/tagajo|Dining|294,"By the station in Tagajo, Miyagi.",https://www.tripadvisor.com/Restaurant_Review-g1023411-d14741884-Reviews-Donk_Editi_Jr_Tagajo_Station-Tagajo_Miyagi_Prefecture_Tohoku.html,no usable facts on TripAdvisor listing beyond the name
miyagi/tagajo|Dining|332,"Restaurant in Tagajo, Miyagi.",https://www.tripadvisor.com/Restaurant_Review-g1023411-d9644696-Reviews-Tatsumi-Tagajo_Miyagi_Prefecture_Tohoku.html,no usable facts on TripAdvisor listing beyond the name
miyagi/tagajo|Dining|369,"A Chinese restaurant in Tagajo, Miyagi.",https://www.tripadvisor.com/Restaurant_Review-g1023411-d9633629-Reviews-Chinese_Shokudo_Anjo-Tagajo_Miyagi_Prefecture_Tohoku.html,no usable facts on TripAdvisor listing beyond the name
miyagi/tagajo|Dining|370,"Restaurant in Tagajo, Miyagi.",https://www.tripadvisor.com/Restaurant_Review-g1023411-d9668331-Reviews-Darts_Barinti-Tagajo_Miyagi_Prefecture_Tohoku.html,no usable facts on TripAdvisor listing beyond the name
miyagi/tagajo|Dining|380,"Restaurant in Tagajo, Miyagi.",https://www.tripadvisor.com/Restaurant_Review-g1023411-d15338200-Reviews-Jasmine-Tagajo_Miyagi_Prefecture_Tohoku.html,no usable facts on TripAdvisor listing beyond the name
miyagi/tagajo|Dining|386,"Restaurant in Tagajo, Miyagi.",https://www.tripadvisor.com/Restaurant_Review-g1023411-d9623735-Reviews-Ramenya-Tagajo_Miyagi_Prefecture_Tohoku.html,no usable facts on TripAdvisor listing beyond the name
miyagi/tagajo|Dining|390,"A seafood restaurant in Tagajo, Miyagi.",https://www.tripadvisor.com/Restaurant_Review-g1023411-d9621283-Reviews-Seafood_Izakaya_Nagomiya_Bunten-Tagajo_Miyagi_Prefecture_Tohoku.html,no usable facts on TripAdvisor listing beyond the name
miyagi/taiwa|Dining|186,"Restaurant in Taiwa, Miyagi.",https://www.tripadvisor.com/Restaurant_Review-g1120946-d13260429-Reviews-Snack_Ju_Thame-Taiwa_cho_Kurokawa_gun_Miyagi_Prefecture_Tohoku.html,no usable facts on TripAdvisor listing beyond the name
miyagi/taiwa|Dining|188,"Restaurant in Taiwa, Miyagi.",https://www.tripadvisor.com/Restaurant_Review-g1120946-d13788074-Reviews-Umamidokoro_Kiwami-Taiwa_cho_Kurokawa_gun_Miyagi_Prefecture_Tohoku.html,no usable facts on TripAdvisor listing beyond the name
miyagi/taiwa|Dining|195,"Restaurant in Taiwa, Miyagi.",https://www.tripadvisor.com/Restaurant_Review-g1120946-d19263202-Reviews-Snack_Cherry-Taiwa_cho_Kurokawa_gun_Miyagi_Prefecture_Tohoku.html,no usable facts on TripAdvisor listing beyond the name
miyagi/tome|Dining|441,"Restaurant in Tome, Miyagi.",https://www.tripadvisor.com/Restaurant_Review-g1023414-d7514622-Reviews-Hatchan_Shokudo-Tome_Miyagi_Prefecture_Tohoku.html,no usable facts on TripAdvisor listing beyond the name
miyagi/tome|Dining|448,"A ramen shop in Tome, Miyagi.",https://www.tripadvisor.com/Restaurant_Review-g1023414-d7514572-Reviews-Chashu_Ramen_Fukusui-Tome_Miyagi_Prefecture_Tohoku.html,no usable facts on TripAdvisor listing beyond the name
miyagi/tome|Dining|449,"A ramen shop in Tome, Miyagi.",https://www.tripadvisor.com/Restaurant_Review-g1023414-d7514607-Reviews-Ramen_House_Ajiyoshi-Tome_Miyagi_Prefecture_Tohoku.html,no usable facts on TripAdvisor listing beyond the name
miyagi/tome|Dining|455,"Restaurant in Tome, Miyagi.",https://www.tripadvisor.com/Restaurant_Review-g1023414-d7514582-Reviews-Toyomadango-Tome_Miyagi_Prefecture_Tohoku.html,no usable facts on TripAdvisor listing beyond the name
miyagi/tome|Dining|471,"Restaurant in Tome, Miyagi.",https://www.tripadvisor.com/Restaurant_Review-g1023414-d7514564-Reviews-Sobashin-Tome_Miyagi_Prefecture_Tohoku.html,no usable facts on TripAdvisor listing beyond the name
miyagi/tome|Dining|478,"Restaurant in Tome, Miyagi.",https://www.tripadvisor.com/Restaurant_Review-g1023414-d7514548-Reviews-Orange-Tome_Miyagi_Prefecture_Tohoku.html,no usable facts on TripAdvisor listing beyond the name
miyagi/tome|Dining|487,"Restaurant in Tome, Miyagi.",https://www.tripadvisor.com/Restaurant_Review-g1023414-d7514544-Reviews-Ono-Tome_Miyagi_Prefecture_Tohoku.html,no usable facts on TripAdvisor listing beyond the name
miyagi/tome|Dining|497,"Restaurant in Tome, Miyagi.",https://www.tripadvisor.com/Restaurant_Review-g1023414-d16887982-Reviews-Teruyoshi-Tome_Miyagi_Prefecture_Tohoku.html,no usable facts on TripAdvisor listing beyond the name
miyagi/tome|Dining|499,"Restaurant in Tome, Miyagi.",https://www.tripadvisor.com/Restaurant_Review-g1023414-d13035398-Reviews-Kishinami_Pastry-Tome_Miyagi_Prefecture_Tohoku.html,no usable facts on TripAdvisor listing beyond the name
miyagi/tome|Dining|540,"A ramen shop in Tome, Miyagi.",https://www.tripadvisor.com/Restaurant_Review-g1023414-d7514609-Reviews-Ramen_House_Happy-Tome_Miyagi_Prefecture_Tohoku.html,no usable facts on TripAdvisor listing beyond the name
miyagi/tome|Dining|545,"A restaurant in Tome, Miyagi prefecture.",https://www.tripadvisor.com/Restaurant_Review-g1023414-d9623724-Reviews-Restaurant_Putaro-Tome_Miyagi_Prefecture_Tohoku.html,no usable facts on TripAdvisor listing beyond the name
miyagi/tome|Dining|574,"Restaurant in Tome, Miyagi.",https://www.tripadvisor.com/Restaurant_Review-g1023414-d7514641-Reviews-Shiki_No_Chaya_Nagomi-Tome_Miyagi_Prefecture_Tohoku.html,no usable facts on TripAdvisor listing beyond the name
miyagi/tome|Dining|575,"Restaurant in Tome, Miyagi.",https://www.tripadvisor.com/Restaurant_Review-g1023414-d9656753-Reviews-Kappa_No_Hirune-Tome_Miyagi_Prefecture_Tohoku.html,no usable facts on TripAdvisor listing beyond the name
miyagi/tome|Dining|576,"Restaurant in Tome, Miyagi.",https://www.tripadvisor.com/Restaurant_Review-g1023414-d7514705-Reviews-Shutoya-Tome_Miyagi_Prefecture_Tohoku.html,no usable facts on TripAdvisor listing beyond the name
miyagi/tome|Dining|577,"Restaurant in Tome, Miyagi.",https://www.tripadvisor.com/Restaurant_Review-g1023414-d16889414-Reviews-Sato_No_Chaya_Sakura-Tome_Miyagi_Prefecture_Tohoku.html,no usable facts on TripAdvisor listing beyond the name
miyagi/tome|Dining|596,"Restaurant in Tome, Miyagi.",https://www.tripadvisor.com/Restaurant_Review-g1023414-d13035712-Reviews-Patisserie_Monrevu-Tome_Miyagi_Prefecture_Tohoku.html,no usable facts on TripAdvisor listing beyond the name
miyagi/tome|Dining|599,"Restaurant in Tome, Miyagi.",https://www.tripadvisor.com/Restaurant_Review-g1023414-d7514599-Reviews-Mengen-Tome_Miyagi_Prefecture_Tohoku.html,no usable facts on TripAdvisor listing beyond the name
miyagi/tome|Dining|610,"A bakery in Tome, Miyagi prefecture.",https://www.tripadvisor.com/Restaurant_Review-g1023414-d13035721-Reviews-Poppins_Bakery-Tome_Miyagi_Prefecture_Tohoku.html,no usable facts on TripAdvisor listing beyond the name
miyagi/tome|Dining|611,"Restaurant in Tome, Miyagi.",https://www.tripadvisor.com/Restaurant_Review-g1023414-d13035865-Reviews-Sogetsudo-Tome_Miyagi_Prefecture_Tohoku.html,no usable facts on TripAdvisor listing beyond the name
miyagi/tome|Dining|615,"Restaurant in Tome, Miyagi.",https://www.tripadvisor.com/Restaurant_Review-g1023414-d13260313-Reviews-Lily_of_the_Valley-Tome_Miyagi_Prefecture_Tohoku.html,no usable facts on TripAdvisor listing beyond the name
miyagi/tome|Dining|628,"Restaurant in Tome, Miyagi.",https://www.tripadvisor.com/Restaurant_Review-g1023414-d19263221-Reviews-Liliy-Tome_Miyagi_Prefecture_Tohoku.html,no usable facts on TripAdvisor listing beyond the name
miyagi/tome|Dining|631,"Restaurant in Tome, Miyagi.",https://www.tripadvisor.com/Restaurant_Review-g1023414-d7514567-Reviews-Seven_Diamond-Tome_Miyagi_Prefecture_Tohoku.html,no usable facts on TripAdvisor listing beyond the name
miyagi/tomiya|Dining|214,"An ice cream shop in Tomiya, Miyagi.",https://www.tripadvisor.com/Restaurant_Review-g1120948-d17410546-Reviews-Thirtyone_Ice_Cream_Aeonmall_Tomiya-Tomiya_Miyagi_Prefecture_Tohoku.html,no usable facts on TripAdvisor listing beyond the name
miyagi/wakuya|Dining|75,"Restaurant in Wakuya, Miyagi.",https://www.tripadvisor.com/Restaurant_Review-g1120952-d7497026-Reviews-Men_s_Club_Wakuya-Wakuya_cho_Toda_gun_Miyagi_Prefecture_Tohoku.html,no usable facts on TripAdvisor listing beyond the name
miyagi/watari|Dining|144,"Restaurant in Watari, Miyagi.",https://www.tripadvisor.com/Restaurant_Review-g1120941-d13035469-Reviews-Limoges_Pastry-Watari_cho_Watari_gun_Miyagi_Prefecture_Tohoku.html,no usable facts on TripAdvisor listing beyond the name
miyagi/yamamoto|Dining|63,"Restaurant in Yamamoto, Miyagi.",https://www.tripadvisor.com/Restaurant_Review-g1120942-d13036003-Reviews-Tsutsumiya_Yamashita_Ekimae-Yamamoto_cho_Watari_gun_Miyagi_Prefecture_Tohoku.html,no usable facts on TripAdvisor listing beyond the name
miyagi/yamamoto|Dining|68,"Restaurant in Yamamoto, Miyagi.",https://www.tripadvisor.com/Restaurant_Review-g1120942-d13034905-Reviews-Candy_Store_Pooh_San-Yamamoto_cho_Watari_gun_Miyagi_Prefecture_Tohoku.html,no usable facts on TripAdvisor listing beyond the name
oita/bungotakada|Dining|170,"Restaurant in Bungotakada, Oita.",https://www.tripadvisor.com/Restaurant_Review-g1023439-d9569014-Reviews-Meet_Kanaoka-Bungotakada_Oita_Prefecture_Kyushu.html,no usable facts on TripAdvisor listing beyond the name
oita/bungotakada|Dining|230,"Restaurant in Bungotakada, Oita.",https://www.tripadvisor.com/Restaurant_Review-g1023439-d14858582-Reviews-Groove_Rekoyaki-Bungotakada_Oita_Prefecture_Kyushu.html,no usable facts on TripAdvisor listing beyond the name
oita/kitsuki|Dining|190,"Restaurant in Kitsuki, Oita.",https://www.tripadvisor.com/Restaurant_Review-g1023444-d13059048-Reviews-Kimuraya_Bread-Kitsuki_Oita_Prefecture_Kyushu.html,no usable facts on TripAdvisor listing beyond the name
oita/kitsuki|Dining|197,"A cake shop in Kitsuki, Oita.",https://www.tripadvisor.com/Restaurant_Review-g1023444-d16887733-Reviews-Papillon_Cake-Kitsuki_Oita_Prefecture_Kyushu.html,no usable facts on TripAdvisor listing beyond the name
oita/kunisaki|Dining|81,"Restaurant in Kunisaki, Oita.",https://www.tripadvisor.com/Restaurant_Review-g1023446-d7118780-Reviews-Misotei-Kunisaki_Oita_Prefecture_Kyushu.html,no usable facts on TripAdvisor listing beyond the name
yamaguchi/kudamatsu|Dining|253,"A ramen shop in Kudamatsu, Yamaguchi.",https://www.tripadvisor.com/Restaurant_Review-g1023685-d16470886-Reviews-Genkotsu_Ramen_Yumetowm_Kudamatsu-Kudamatsu_Yamaguchi_Prefecture_Chugoku.html,no usable facts on TripAdvisor listing beyond the name
yamaguchi/kudamatsu|Dining|259,"Restaurant in Kudamatsu, Yamaguchi.",https://www.tripadvisor.com/Restaurant_Review-g1023685-d16496612-Reviews-Agetate_Kinten_Yumetowm_Kudamatsu-Kudamatsu_Yamaguchi_Prefecture_Chugoku.html,no usable facts on TripAdvisor listing beyond the name
yamaguchi/kudamatsu|Dining|266,"Restaurant in Kudamatsu, Yamaguchi.",https://www.tripadvisor.com/Restaurant_Review-g1023685-d14736488-Reviews-Karin-Kudamatsu_Yamaguchi_Prefecture_Chugoku.html,no usable facts on TripAdvisor listing beyond the name
yamaguchi/kudamatsu|Dining|268,"Restaurant in Kudamatsu, Yamaguchi.",https://www.tripadvisor.com/Restaurant_Review-g1023685-d16485195-Reviews-Ringer_Hut_Yumetowm_Kudamatsu-Kudamatsu_Yamaguchi_Prefecture_Chugoku.html,no usable facts on TripAdvisor listing beyond the name
yamaguchi/kudamatsu|Dining|348,"Restaurant in Kudamatsu, Yamaguchi.",https://www.tripadvisor.com/Restaurant_Review-g1023685-d16470865-Reviews-Okonomi_Ichibanchi_Yumetowm_Kudamatsu-Kudamatsu_Yamaguchi_Prefecture_Chugoku.html,no usable facts on TripAdvisor listing beyond the name
yamaguchi/kudamatsu|Dining|361,"Restaurant in Kudamatsu, Yamaguchi.",https://www.tripadvisor.com/Restaurant_Review-g1023685-d20165088-Reviews-Allre-Kudamatsu_Yamaguchi_Prefecture_Chugoku.html,no usable facts on TripAdvisor listing beyond the name
yamaguchi/sanyoonoda|Dining|279,"Restaurant in Sanyoonoda, Yamaguchi.",https://www.tripadvisor.com/Restaurant_Review-g1023692-d18339743-Reviews-Coco_Don-Sanyo_Onoda_Yamaguchi_Prefecture_Chugoku.html,no usable facts on TripAdvisor listing beyond the name
yamaguchi/sanyoonoda|Dining|373,"Restaurant in Sanyoonoda, Yamaguchi.",https://www.tripadvisor.com/Restaurant_Review-g1023692-d9632280-Reviews-Rouge-Sanyo_Onoda_Yamaguchi_Prefecture_Chugoku.html,no usable facts on TripAdvisor listing beyond the name
yamaguchi/sanyoonoda|Dining|390,"Restaurant in Sanyoonoda, Yamaguchi.",https://www.tripadvisor.com/Restaurant_Review-g1023692-d19298386-Reviews-Osakanayasan_Shushu-Sanyo_Onoda_Yamaguchi_Prefecture_Chugoku.html,no usable facts on TripAdvisor listing beyond the name
yamaguchi/yanai|Dining|290,"Restaurant in Yanai, Yamaguchi.",https://www.tripadvisor.com/Restaurant_Review-g1023689-d9633747-Reviews-Nakatsuya-Yanai_Yamaguchi_Prefecture_Chugoku.html,no usable facts on TripAdvisor listing beyond the name
yamaguchi/yanai|Dining|300,"Restaurant in Yanai, Yamaguchi.",https://www.tripadvisor.com/Restaurant_Review-g1023689-d20165075-Reviews-Karaoke_Sakaba_Matsuyama-Yanai_Yamaguchi_Prefecture_Chugoku.html,no usable facts on TripAdvisor listing beyond the name
akita/akita|Dining|1277,"A pub in Akita, Akita prefecture.",https://www.tripadvisor.com/Restaurant_Review-g298239-d13788998-Reviews-Philippines_Pub_Night_Rainbow-Akita_Akita_Prefecture_Tohoku.html,listing gives only a genre (line too short); kept existing line
akita/akita|Dining|1380,"A cafe in Akita, Akita prefecture.",https://www.tripadvisor.com/Restaurant_Review-g298239-d7451353-Reviews-Cafe_de_Saison-Akita_Akita_Prefecture_Tohoku.html,listing gives only a genre (line too short); kept existing line
akita/akita|Dining|1427,"A cafe in Akita, Akita prefecture.",https://www.tripadvisor.com/Restaurant_Review-g298239-d6060423-Reviews-Cafe_Epice-Akita_Akita_Prefecture_Tohoku.html,listing gives only a genre (line too short); kept existing line
akita/akita|Dining|1441,"A coffee shop in Akita, Akita.",https://www.tripadvisor.com/Restaurant_Review-g298239-d6047644-Reviews-Nagahama_Coffee_Sanno-Akita_Akita_Prefecture_Tohoku.html,listing gives only a genre (line too short); kept existing line
akita/akita|Dining|1473,"Pub in Akita, Akita.",https://www.tripadvisor.com/Restaurant_Review-g298239-d6054202-Reviews-Mamma_Mia-Akita_Akita_Prefecture_Tohoku.html,listing gives only a genre (line too short); kept existing line
akita/akita|Dining|1685,"Pub in Akita, Akita.",https://www.tripadvisor.com/Restaurant_Review-g298239-d14074600-Reviews-Pablo_Picasso-Akita_Akita_Prefecture_Tohoku.html,listing gives only a genre (line too short); kept existing line
akita/akita|Dining|1690,"A coffee shop in Akita, Akita.",https://www.tripadvisor.com/Restaurant_Review-g298239-d6350770-Reviews-Aladdin_Coffee_Sanno-Akita_Akita_Prefecture_Tohoku.html,listing gives only a genre (line too short); kept existing line
akita/akita|Dining|1730,"A bakery in Akita, Akita prefecture.",https://www.tripadvisor.com/Restaurant_Review-g298239-d6056283-Reviews-Bakery_Cafe_Marche-Akita_Akita_Prefecture_Tohoku.html,listing gives only a genre (line too short); kept existing line
akita/akita|Dining|1752,"Restaurant in Akita, Akita.",https://www.tripadvisor.com/Restaurant_Review-g298239-d9673876-Reviews-Sake_Nomidokoro_Waittage-Akita_Akita_Prefecture_Tohoku.html,listing gives only a genre (line too short); kept existing line
akita/akita|Dining|1772,"Steakhouse in Akita, Akita.",https://www.tripadvisor.com/Restaurant_Review-g298239-d6067736-Reviews-Billy_the_Kid-Akita_Akita_Prefecture_Tohoku.html,listing gives only a genre (line too short); kept existing line
akita/akita|Dining|1806,"A cafe in Akita, Akita prefecture.",https://www.tripadvisor.com/Restaurant_Review-g298239-d13326927-Reviews-Gohan_Cafe_Mamma_no_Jikan-Akita_Akita_Prefecture_Tohoku.html,listing gives only a genre (line too short); kept existing line
akita/akita|Dining|1853,"Pub in Akita, Akita.",https://www.tripadvisor.com/Restaurant_Review-g298239-d6065134-Reviews-Tavern_Hamasei-Akita_Akita_Prefecture_Tohoku.html,listing gives only a genre (line too short); kept existing line
akita/akita|Dining|1855,"A restaurant in Akita, Akita prefecture.",https://www.tripadvisor.com/Restaurant_Review-g298239-d6068295-Reviews-Tavern_Local_Cuisine_Jinkyu-Akita_Akita_Prefecture_Tohoku.html,listing gives only a genre (line too short); kept existing line
akita/akita|Dining|1974,"Cafe in Akita, Akita.",https://www.tripadvisor.com/Restaurant_Review-g298239-d6069923-Reviews-Caffe_la_Famiglia-Akita_Akita_Prefecture_Tohoku.html,listing gives only a genre (line too short); kept existing line
akita/akita|Dining|2042,"Pub in Akita, Akita.",https://www.tripadvisor.com/Restaurant_Review-g298239-d9632521-Reviews-Rondobar-Akita_Akita_Prefecture_Tohoku.html,listing gives only a genre (line too short); kept existing line
akita/akita|Dining|2088,"Asian cafe in Akita, Akita.",https://www.tripadvisor.com/Restaurant_Review-g298239-d24991220-Reviews-Hatago-Akita_Akita_Prefecture_Tohoku.html,listing gives only a genre (line too short); kept existing line
akita/akita|Dining|2093,"A pizza restaurant in Akita, Akita.",https://www.tripadvisor.com/Restaurant_Review-g298239-d14742389-Reviews-Neapolitan_Pizza_Coji_Coji_Akita_Ekimae-Akita_Akita_Prefecture_Tohoku.html,listing gives only a genre (line too short); kept existing line
akita/akita|Dining|2114,"A cafe in Akita, Akita prefecture.",https://www.tripadvisor.com/Restaurant_Review-g298239-d6065405-Reviews-Lu_s_Cafe-Akita_Akita_Prefecture_Tohoku.html,listing gives only a genre (line too short); kept existing line
akita/akita|Dining|2150,"A cafe in Akita, Akita prefecture.",https://www.tripadvisor.com/Restaurant_Review-g298239-d9650953-Reviews-Sharara_Cafe-Akita_Akita_Prefecture_Tohoku.html,listing gives only a genre (line too short); kept existing line
akita/akita|Dining|2155,"Grill in Akita, Akita.",https://www.tripadvisor.com/Restaurant_Review-g298239-d13508722-Reviews-Hakata_Yasaimakikushi_to_Sumibiyaki_Fukunosuke-Akita_Akita_Prefecture_Tohoku.html,listing gives only a genre (line too short); kept existing line
akita/akita|Dining|2194,"A bar in Akita, Akita prefecture.",https://www.tripadvisor.com/Restaurant_Review-g298239-d10064130-Reviews-Bar_Lilith-Akita_Akita_Prefecture_Tohoku.html,listing gives only a genre (line too short); kept existing line
akita/akita|Dining|2233,"Bar in Akita, Akita.",https://www.tripadvisor.com/Restaurant_Review-g298239-d6068287-Reviews-3014_Chome_Sakaba-Akita_Akita_Prefecture_Tohoku.html,listing gives only a genre (line too short); kept existing line
akita/akita|Dining|2234,"Bar in Akita, Akita.",https://www.tripadvisor.com/Restaurant_Review-g298239-d6065813-Reviews-Nijiya_Main_Store-Akita_Akita_Prefecture_Tohoku.html,listing gives only a genre (line too short); kept existing line
akita/akita|Dining|2331,"Pub in Akita, Akita.",https://www.tripadvisor.com/Restaurant_Review-g298239-d6068151-Reviews-Tavern_Fuu-Akita_Akita_Prefecture_Tohoku.html,listing gives only a genre (line too short); kept existing line
akita/akita|Dining|2333,"Bar in Akita, Akita.",https://www.tripadvisor.com/Restaurant_Review-g298239-d6065406-Reviews-Cloud-Akita_Akita_Prefecture_Tohoku.html,listing gives only a genre (line too short); kept existing line
akita/akita|Dining|2364,"A cafe in Akita, Akita prefecture.",https://www.tripadvisor.com/Restaurant_Review-g298239-d9638960-Reviews-Selion_Lista_Akita_Batake_Cafe-Akita_Akita_Prefecture_Tohoku.html,listing gives only a genre (line too short); kept existing line
akita/akita|Dining|2408,"A restaurant in Akita, Akita prefecture.",https://www.tripadvisor.com/Restaurant_Review-g298239-d9638955-Reviews-Dining_Haniwa-Akita_Akita_Prefecture_Tohoku.html,listing gives only a genre (line too short); kept existing line
akita/akita|Dining|2435,"Bar in Akita, Akita.",https://www.tripadvisor.com/Restaurant_Review-g298239-d9638939-Reviews-Seine_de_Vie-Akita_Akita_Prefecture_Tohoku.html,listing gives only a genre (line too short); kept existing line
akita/akita|Dining|2436,"Bar in Akita, Akita.",https://www.tripadvisor.com/Restaurant_Review-g298239-d9650956-Reviews-Caron_Mild-Akita_Akita_Prefecture_Tohoku.html,listing gives only a genre (line too short); kept existing line
akita/akita|Dining|2451,"A pub in Akita, Akita prefecture.",https://www.tripadvisor.com/Restaurant_Review-g298239-d9638953-Reviews-Pub_Restaurant_New_Spiral-Akita_Akita_Prefecture_Tohoku.html,listing gives only a genre (line too short); kept existing line
akita/akita|Dining|2453,"A bar in Akita, Akita prefecture.",https://www.tripadvisor.com/Restaurant_Review-g298239-d7451445-Reviews-Bar_Paddy_s-Akita_Akita_Prefecture_Tohoku.html,listing gives only a genre (line too short); kept existing line
akita/akita|Dining|2500,"A bar in Akita, Akita prefecture.",https://www.tripadvisor.com/Restaurant_Review-g298239-d9662983-Reviews-Belgian_Beer_Bar_Zo-Akita_Akita_Prefecture_Tohoku.html,listing gives only a genre (line too short); kept existing line
akita/akita|Dining|2538,"Cafe in Akita, Akita.",https://www.tripadvisor.com/Restaurant_Review-g298239-d13044291-Reviews-Le_Etage-Akita_Akita_Prefecture_Tohoku.html,listing gives only a genre (line too short); kept existing line
akita/akita|Dining|2562,"Cafe in Akita, Akita.",https://www.tripadvisor.com/Restaurant_Review-g298239-d13044034-Reviews-Better_Friends-Akita_Akita_Prefecture_Tohoku.html,listing gives only a genre (line too short); kept existing line
akita/akita|Dining|2587,"Pub in Akita, Akita.",https://www.tripadvisor.com/Restaurant_Review-g298239-d7451693-Reviews-Baka_Gyutonkei-Akita_Akita_Prefecture_Tohoku.html,listing gives only a genre (line too short); kept existing line
akita/akita|Dining|2643,"A bar in Akita, Akita prefecture.",https://www.tripadvisor.com/Restaurant_Review-g298239-d7451394-Reviews-Chanson_Bar_Gallery-Akita_Akita_Prefecture_Tohoku.html,listing gives only a genre (line too short); kept existing line
akita/akita|Dining|2674,"Pub in Akita, Akita.",https://www.tripadvisor.com/Restaurant_Review-g298239-d13965355-Reviews-Sasayaka-Akita_Akita_Prefecture_Tohoku.html,listing gives only a genre (line too short); kept existing line
akita/akita|Dining|2694,"A restaurant in Akita, Akita prefecture.",https://www.tripadvisor.com/Restaurant_Review-g298239-d14742435-Reviews-Sake_Dining_Kuro-Akita_Akita_Prefecture_Tohoku.html,listing gives only a genre (line too short); kept existing line
akita/akita|Dining|2699,"Restaurant in Akita, Akita.",https://www.tripadvisor.com/Restaurant_Review-g298239-d9615462-Reviews-Tsugaru_No_Motsuke-Akita_Akita_Prefecture_Tohoku.html,listing gives only a genre (line too short); kept existing line
akita/akita|Dining|2710,"Dining bar in Akita, Akita.",https://www.tripadvisor.com/Restaurant_Review-g298239-d14742393-Reviews-Nakadori_Chill_Out-Akita_Akita_Prefecture_Tohoku.html,listing gives only a genre (line too short); kept existing line
akita/akita|Dining|2727,"Restaurant in Akita, Akita.",https://www.tripadvisor.com/Restaurant_Review-g298239-d9615476-Reviews-Shiokaze-Akita_Akita_Prefecture_Tohoku.html,listing gives only a genre (line too short); kept existing line
akita/akita|Dining|2804,"Pub in Akita, Akita.",https://www.tripadvisor.com/Restaurant_Review-g298239-d10656985-Reviews-Axia-Akita_Akita_Prefecture_Tohoku.html,listing gives only a genre (line too short); kept existing line
akita/akita|Dining|2809,"A bar in Akita, Akita prefecture.",https://www.tripadvisor.com/Restaurant_Review-g298239-d9638877-Reviews-Dining_Bar_Refuge-Akita_Akita_Prefecture_Tohoku.html,listing gives only a genre (line too short); kept existing line
akita/akita|Dining|2824,"A pub in Akita, Akita prefecture.",https://www.tripadvisor.com/Restaurant_Review-g298239-d13044388-Reviews-Pub_Sagan-Akita_Akita_Prefecture_Tohoku.html,listing gives only a genre (line too short); kept existing line
akita/akita|Dining|2871,"Pub in Akita, Akita.",https://www.tripadvisor.com/Restaurant_Review-g298239-d13044534-Reviews-Yururitona_Murasaki_Akita_Hiromote-Akita_Akita_Prefecture_Tohoku.html,listing gives only a genre (line too short); kept existing line
akita/akita|Dining|2895,"Pub in Akita, Akita.",https://www.tripadvisor.com/Restaurant_Review-g298239-d13044037-Reviews-Boss-Akita_Akita_Prefecture_Tohoku.html,listing gives only a genre (line too short); kept existing line
akita/daisen-05212|Dining|437,"A restaurant in Daisen, Akita prefecture.",https://www.tripadvisor.com/Restaurant_Review-g1022315-d8336880-Reviews-Dining_Kokyu-Daisen_Akita_Prefecture_Tohoku.html,listing gives only a genre (line too short); kept existing line
akita/daisen-05212|Dining|611,"Pub in Daisen, Akita.",https://www.tripadvisor.com/Restaurant_Review-g1022315-d9667428-Reviews-Loop-Daisen_Akita_Prefecture_Tohoku.html,listing gives only a genre (line too short); kept existing line
akita/daisen-05212|Dining|769,"Restaurant in Daisen, Akita.",https://www.tripadvisor.com/Restaurant_Review-g1022315-d9667427-Reviews-On_The_Road-Daisen_Akita_Prefecture_Tohoku.html,listing gives only a genre (line too short); kept existing line
akita/gojome|Dining|76,"Restaurant in Gojome, Akita.",https://www.tripadvisor.com/Restaurant_Review-g1120460-d18338834-Reviews-Shien-Gojome_machi_Minamiakita_gun_Akita_Prefecture_Tohoku.html,listing gives only a genre (line too short); kept existing line
akita/gojome|Dining|95,"Bar in Gojome, Akita.",https://www.tripadvisor.com/Restaurant_Review-g1120460-d7495519-Reviews-Tsuki_Wo_Miru_Neko-Gojome_machi_Minamiakita_gun_Akita_Prefecture_Tohoku.html,listing gives only a genre (line too short); kept existing line
akita/higashinaruse|Dining|5,"A diner in Higashinaruse, Akita prefecture.",https://tabelog.com/akita/A0505/A050502/5007617/,listing gives only a genre (line too short); kept existing line
akita/katagami|Dining|154,"An izakaya in Katagami, Akita prefecture.",https://www.tripadvisor.com/Restaurant_Review-g1022317-d13044207-Reviews-Izakaya_Fuku-Katagami_Akita_Prefecture_Tohoku.html,listing gives only a genre (line too short); kept existing line
akita/katagami|Dining|182,"A bar in Katagami, Akita prefecture.",https://www.tripadvisor.com/Restaurant_Review-g1022317-d9643477-Reviews-Bar_Eclat-Katagami_Akita_Prefecture_Tohoku.html,listing gives only a genre (line too short); kept existing line
akita/kazuno|Dining|72,"Food spot in Kazuno, Akita.",https://tabelog.com/akita/A0504/A050401/5011469/,listing gives only a genre (line too short); kept existing line
akita/kosaka|Dining|22,"An izakaya in Kosaka, Akita prefecture.",https://tabelog.com/akita/A0502/A050203/5007988/,listing gives only a genre (line too short); kept existing line
akita/kosaka|Dining|37,"A bar in Kosaka, Akita prefecture.",https://tabelog.com/akita/A0502/A050203/5011189/,listing gives only a genre (line too short); kept existing line
akita/mitane|Dining|32,"A coffee shop in Mitane, Akita.",https://tabelog.com/akita/A0503/A050302/5010541/,listing gives only a genre (line too short); kept existing line
akita/nikaho|Dining|210,"Bar in Nikaho, Akita.",https://www.tripadvisor.com/Restaurant_Review-g1022326-d10657594-Reviews-Zigen-Nikaho_Akita_Prefecture_Tohoku.html,listing gives only a genre (line too short); kept existing line
akita/noshiro|Dining|507,"Restaurant in Noshiro, Akita.",https://www.tripadvisor.com/Restaurant_Review-g1022327-d9643548-Reviews-Furari-Noshiro_Akita_Prefecture_Tohoku.html,listing gives only a genre (line too short); kept existing line
akita/noshiro|Dining|569,"Pub in Noshiro, Akita.",https://www.tripadvisor.com/Restaurant_Review-g1022327-d9655541-Reviews-Guruman_Shushoku-Noshiro_Akita_Prefecture_Tohoku.html,listing gives only a genre (line too short); kept existing line
akita/odate|Dining|336,"Restaurant in Odate, Akita.",https://www.tripadvisor.com/Restaurant_Review-g1022311-d9678391-Reviews-Toriyakibei_Odate-Odate_Akita_Prefecture_Tohoku.html,listing gives only a genre (line too short); kept existing line
akita/odate|Dining|458,"Cafe in Odate, Akita.",https://www.tripadvisor.com/Restaurant_Review-g1022311-d7543906-Reviews-Minton_House-Odate_Akita_Prefecture_Tohoku.html,listing gives only a genre (line too short); kept existing line
akita/odate|Dining|527,"Bar in Odate, Akita.",https://www.tripadvisor.com/Restaurant_Review-g1022311-d7664268-Reviews-Sloppy_Joe_s-Odate_Akita_Prefecture_Tohoku.html,listing gives only a genre (line too short); kept existing line
akita/odate|Dining|545,"Restaurant in Odate, Akita.",https://www.tripadvisor.com/Restaurant_Review-g1022311-d13965367-Reviews-Witch-Odate_Akita_Prefecture_Tohoku.html,listing gives only a genre (line too short); kept existing line
akita/odate|Dining|551,"Pub in Odate, Akita.",https://www.tripadvisor.com/Restaurant_Review-g1022311-d7543850-Reviews-Bull-Odate_Akita_Prefecture_Tohoku.html,listing gives only a genre (line too short); kept existing line
akita/odate|Dining|552,"Pub in Odate, Akita.",https://www.tripadvisor.com/Restaurant_Review-g1022311-d7543859-Reviews-O2_Spottara-Odate_Akita_Prefecture_Tohoku.html,listing gives only a genre (line too short); kept existing line
akita/odate|Dining|584,"Bar in Odate, Akita.",https://www.tripadvisor.com/Restaurant_Review-g1022311-d14742534-Reviews-Light_House-Odate_Akita_Prefecture_Tohoku.html,listing gives only a genre (line too short); kept existing line
akita/oga|Dining|73,"A cafe in Oga, Akita prefecture.",https://tabelog.com/akita/A0503/A050303/5011031/,listing gives only a genre (line too short); kept existing line
akita/oga|Dining|122,"Food spot in Oga, Akita.",https://tabelog.com/akita/A0503/A050303/5008510/,listing gives only a genre (line too short); kept existing line
akita/semboku|Dining|202,"A cafe in Semboku, Akita prefecture.",https://tabelog.com/akita/A0504/A050401/5011319/,listing gives only a genre (line too short); kept existing line
akita/semboku|Dining|257,"Food spot in Semboku, Akita.",https://tabelog.com/akita/A0504/A050401/5009644/,listing gives only a genre (line too short); kept existing line
akita/semboku|Dining|380,"Cafe in Semboku, Akita.",https://www.tripadvisor.com/Restaurant_Review-g1022324-d6066007-Reviews-Nekono_Mise_Namekawa-Semboku_Akita_Prefecture_Tohoku.html,listing gives only a genre (line too short); kept existing line
akita/semboku|Dining|445,"Cafe in Semboku, Akita.",https://www.tripadvisor.com/Restaurant_Review-g1022324-d13044064-Reviews-Chachaki-Semboku_Akita_Prefecture_Tohoku.html,listing gives only a genre (line too short); kept existing line
akita/semboku|Dining|502,"An izakaya in Semboku, Akita prefecture.",https://www.tripadvisor.com/Restaurant_Review-g1022324-d13044215-Reviews-Izakaya_Nozomi-Semboku_Akita_Prefecture_Tohoku.html,listing gives only a genre (line too short); kept existing line
akita/ugo|Dining|33,"Taiyaki shop in Ugo, Akita.",https://tabelog.com/akita/A0505/A050502/5007564/,listing gives only a genre (line too short); kept existing line
akita/yokote|Dining|371,"A coffee shop in Yokote, Akita.",https://tabelog.com/akita/A0505/A050501/5010982/,listing gives only a genre (line too short); kept existing line
akita/yokote|Dining|399,"Diner in Yokote, Akita.",https://tabelog.com/akita/A0505/A050501/5008575/,listing gives only a genre (line too short); kept existing line
akita/yokote|Dining|427,"Food spot in Yokote, Akita.",https://tabelog.com/akita/A0505/A050501/5011627/,listing gives only a genre (line too short); kept existing line
akita/yokote|Dining|465,"Food spot in Yokote, Akita.",https://tabelog.com/akita/A0505/A050501/5007460/,listing gives only a genre (line too short); kept existing line
akita/yokote|Dining|471,"Bento shop in Yokote, Akita.",https://tabelog.com/akita/A0505/A050501/5007138/,listing gives only a genre (line too short); kept existing line
akita/yokote|Dining|475,"Food spot in Yokote, Akita.",https://tabelog.com/akita/A0505/A050501/5008359/,listing gives only a genre (line too short); kept existing line
akita/yokote|Dining|651,"A bar in Yokote, Akita prefecture.",https://www.tripadvisor.com/Restaurant_Review-g1022325-d14742480-Reviews-Animation_Bar_AnimA-Yokote_Akita_Prefecture_Tohoku.html,listing gives only a genre (line too short); kept existing line
akita/yokote|Dining|655,"Bar in Yokote, Akita.",https://www.tripadvisor.com/Restaurant_Review-g1022325-d9667450-Reviews-Potstill-Yokote_Akita_Prefecture_Tohoku.html,listing gives only a genre (line too short); kept existing line
akita/yokote|Dining|818,"Restaurant in Yokote, Akita.",https://www.tripadvisor.com/Restaurant_Review-g1022325-d9643531-Reviews-Nomoya-Yokote_Akita_Prefecture_Tohoku.html,listing gives only a genre (line too short); kept existing line
akita/yokote|Dining|865,"Cafe in Yokote, Akita.",https://www.tripadvisor.com/Restaurant_Review-g1022325-d7544897-Reviews-Tempo-Yokote_Akita_Prefecture_Tohoku.html,listing gives only a genre (line too short); kept existing line
akita/yurihonjo|Dining|575,"Bar in Yurihonjo, Akita.",https://www.tripadvisor.com/Restaurant_Review-g1022322-d6064279-Reviews-Terminal-Yurihonjo_Akita_Prefecture_Tohoku.html,listing gives only a genre (line too short); kept existing line
akita/yurihonjo|Dining|712,"A bar in Yurihonjo, Akita prefecture.",https://www.tripadvisor.com/Restaurant_Review-g1022322-d9667437-Reviews-Bar_Horizon-Yurihonjo_Akita_Prefecture_Tohoku.html,listing gives only a genre (line too short); kept existing line
akita/yuzawashi|Dining|203,"An udon shop in Yuzawa, Akita.",https://tabelog.com/akita/A0505/A050502/5007709/,listing gives only a genre (line too short); kept existing line
akita/yuzawashi|Dining|249,"Food spot in Yuzawa, Akita.",https://tabelog.com/akita/A0505/A050502/5008656/,listing gives only a genre (line too short); kept existing line
akita/yuzawashi|Dining|270,"A noodle shop in Yuzawa, Akita.",https://tabelog.com/akita/A0505/A050502/5010128/,listing gives only a genre (line too short); kept existing line
akita/yuzawashi|Dining|390,"Pub in Yuzawa, Akita.",https://www.tripadvisor.com/Restaurant_Review-g1022323-d7544735-Reviews-Shiunkaku-Yuzawa_Akita_Prefecture_Tohoku.html,listing gives only a genre (line too short); kept existing line
akita/yuzawashi|Dining|415,"A cafe in Yuzawa, Akita prefecture.",https://www.tripadvisor.com/Restaurant_Review-g1022323-d9667441-Reviews-Ayu_Cafe_Nadeshiko-Yuzawa_Akita_Prefecture_Tohoku.html,listing gives only a genre (line too short); kept existing line
fukuoka/akamura|Dining|21,"Cafe in Aka, Fukuoka.",https://www.tripadvisor.com/Restaurant_Review-g1121497-d13070311-Reviews-Wind_Mori_Can_Kobo-Aka_mura_Tagawa_gun_Fukuoka_Prefecture_Kyushu.html,listing gives only a genre (line too short); kept existing line
fukuoka/asakura|Dining|242,"Bento shop in Asakura, Fukuoka.",https://tabelog.com/fukuoka/A4008/A400802/40071798/,listing gives only a genre (line too short); kept existing line
fukuoka/asakura|Dining|376,"Izakaya in Asakura, Fukuoka.",https://tabelog.com/fukuoka/A4008/A400802/40023350/,listing gives only a genre (line too short); kept existing line
fukuoka/asakura|Dining|472,"Restaurant in Asakura, Fukuoka.",https://www.tripadvisor.com/Restaurant_Review-g1022387-d9678587-Reviews-Kakuuchiya_Aki-Asakura_Fukuoka_Prefecture_Kyushu.html,listing gives only a genre (line too short); kept existing line
fukuoka/asakura|Dining|481,"Cafe in Asakura, Fukuoka.",https://www.tripadvisor.com/Restaurant_Review-g1022387-d7549316-Reviews-Masumi-Asakura_Fukuoka_Prefecture_Kyushu.html,listing gives only a genre (line too short); kept existing line
fukuoka/asakura|Dining|494,"Cafe in Asakura, Fukuoka.",https://www.tripadvisor.com/Restaurant_Review-g1022387-d14738589-Reviews-Hana_Mizuki-Asakura_Fukuoka_Prefecture_Kyushu.html,listing gives only a genre (line too short); kept existing line
fukuoka/asakura|Dining|535,"A pub in Asakura, Fukuoka prefecture.",https://www.tripadvisor.com/Restaurant_Review-g1022387-d9902742-Reviews-Show_Pub_Joy-Asakura_Fukuoka_Prefecture_Kyushu.html,listing gives only a genre (line too short); kept existing line
fukuoka/asakura|Dining|552,"A bar in Asakura, Fukuoka prefecture.",https://www.tripadvisor.com/Restaurant_Review-g1022387-d14738588-Reviews-Stand_Bar_Ame-Asakura_Fukuoka_Prefecture_Kyushu.html,listing gives only a genre (line too short); kept existing line
fukuoka/ashiyacho|Dining|37,"Food spot in Ashiya, Fukuoka.",https://tabelog.com/fukuoka/A4006/A400603/40036716/,listing gives only a genre (line too short); kept existing line
fukuoka/ashiyacho|Dining|121,"A snack bar in Ashiya, Fukuoka.",https://tabelog.com/fukuoka/A4006/A400603/40069384/,listing gives only a genre (line too short); kept existing line
fukuoka/ashiyacho|Dining|122,"A delicatessen in Ashiya, Fukuoka prefecture.",https://tabelog.com/fukuoka/A4006/A400603/40044836/,listing gives only a genre (line too short); kept existing line
fukuoka/ashiyacho|Dining|125,"A snack bar in Ashiya, Fukuoka.",https://tabelog.com/fukuoka/A4006/A400603/40069386/,listing gives only a genre (line too short); kept existing line
fukuoka/ashiyacho|Dining|128,"A snack bar in Ashiya, Fukuoka.",https://tabelog.com/fukuoka/A4006/A400603/40069385/,listing gives only a genre (line too short); kept existing line
fukuoka/ashiyacho|Dining|133,"Bar in Ashiya, Fukuoka.",https://tabelog.com/fukuoka/A4006/A400603/40043790/,listing gives only a genre (line too short); kept existing line
fukuoka/ashiyacho|Dining|136,"A snack bar in Ashiya, Fukuoka.",https://tabelog.com/fukuoka/A4006/A400603/40069378/,listing gives only a genre (line too short); kept existing line
fukuoka/ashiyacho|Dining|139,"A snack bar in Ashiya, Fukuoka.",https://tabelog.com/fukuoka/A4006/A400603/40069376/,listing gives only a genre (line too short); kept existing line
fukuoka/ashiyacho|Dining|185,"Bar in Ashiya, Fukuoka.",https://www.tripadvisor.com/Restaurant_Review-g1121474-d14737830-Reviews-Aulani-Ashiya_machi_Onga_gun_Fukuoka_Prefecture_Kyushu.html,listing gives only a genre (line too short); kept existing line
fukuoka/chikugo|Dining|344,"A bar in Chikugo, Fukuoka prefecture.",https://www.tripadvisor.com/Restaurant_Review-g1022370-d9943919-Reviews-Dining_Bar_Fizz-Chikugo_Fukuoka_Prefecture_Kyushu.html,listing gives only a genre (line too short); kept existing line
fukuoka/fukuchi|Dining|84,"Cafe in Fukuchi, Fukuoka.",https://www.tripadvisor.com/Restaurant_Review-g1121498-d7666809-Reviews-Mariko-Fukuchi_machi_Tagawa_gun_Fukuoka_Prefecture_Kyushu.html,listing gives only a genre (line too short); kept existing line
fukuoka/fukutsu|Dining|384,"A restaurant in Fukutsu, Fukuoka prefecture.",https://www.tripadvisor.com/Restaurant_Review-g1022383-d9667577-Reviews-Igokochi_Dining_Azu-Fukutsu_Fukuoka_Prefecture_Kyushu.html,listing gives only a genre (line too short); kept existing line
fukuoka/fukutsu|Dining|474,"Pub in Fukutsu, Fukuoka.",https://www.tripadvisor.com/Restaurant_Review-g1022383-d7631598-Reviews-Shelly-Fukutsu_Fukuoka_Prefecture_Kyushu.html,listing gives only a genre (line too short); kept existing line
fukuoka/fukutsu|Dining|476,"A bar in Fukutsu, Fukuoka prefecture.",https://www.tripadvisor.com/Restaurant_Review-g1022383-d7549106-Reviews-Bar_Norton-Fukutsu_Fukuoka_Prefecture_Kyushu.html,listing gives only a genre (line too short); kept existing line
fukuoka/miyawaka|Dining|54,"Cafe in Miyawaka, Fukuoka.",https://tabelog.com/fukuoka/A4007/A400701/40073968/,listing gives only a genre (line too short); kept existing line
fukuoka/nakagawashi|Dining|64,"A coffee shop in Nakagawashi, Fukuoka.",https://www.tripadvisor.com/Restaurant_Review-g1121466-d14949111-Reviews-Kona_s_Coffee_Nakagawa-Nakagawa_Fukuoka_Prefecture_Kyushu.html,listing gives only a genre (line too short); kept existing line
fukuoka/nakama|Dining|247,"Cafe in Nakama, Fukuoka.",https://www.tripadvisor.com/Restaurant_Review-g1022376-d14737899-Reviews-Venecle88-Nakama_Fukuoka_Prefecture_Kyushu.html,listing gives only a genre (line too short); kept existing line
fukuoka/nakama|Dining|261,"Cafe in Nakama, Fukuoka.",https://www.tripadvisor.com/Restaurant_Review-g1022376-d7548349-Reviews-Sakuraan-Nakama_Fukuoka_Prefecture_Kyushu.html,listing gives only a genre (line too short); kept existing line
fukuoka/ogori|Dining|319,"Cafe in Ogori, Fukuoka.",https://www.tripadvisor.com/Restaurant_Review-g1022377-d13069853-Reviews-Panelcafe-Ogori_Fukuoka_Prefecture_Kyushu.html,listing gives only a genre (line too short); kept existing line
fukuoka/ogori|Dining|325,"Cafe in Ogori, Fukuoka.",https://www.tripadvisor.com/Restaurant_Review-g1022377-d7548485-Reviews-Mado-Ogori_Fukuoka_Prefecture_Kyushu.html,listing gives only a genre (line too short); kept existing line
fukuoka/ogori|Dining|336,"Bar in Ogori, Fukuoka.",https://www.tripadvisor.com/Restaurant_Review-g1022377-d6070769-Reviews-Kankokumura-Ogori_Fukuoka_Prefecture_Kyushu.html,listing gives only a genre (line too short); kept existing line
fukuoka/ogori|Dining|388,"An izakaya in Ogori, Fukuoka prefecture.",https://www.tripadvisor.com/Restaurant_Review-g1022377-d13069252-Reviews-Izakaya_Ryosuke-Ogori_Fukuoka_Prefecture_Kyushu.html,listing gives only a genre (line too short); kept existing line
fukuoka/ogori|Dining|391,"Restaurant in Ogori, Fukuoka.",https://www.tripadvisor.com/Restaurant_Review-g1022377-d9895322-Reviews-Yauemon-Ogori_Fukuoka_Prefecture_Kyushu.html,listing gives only a genre (line too short); kept existing line
fukuoka/ogori|Dining|404,"Bar in Ogori, Fukuoka.",https://www.tripadvisor.com/Restaurant_Review-g1022377-d14738591-Reviews-Nagedokoro_Cull-Ogori_Fukuoka_Prefecture_Kyushu.html,listing gives only a genre (line too short); kept existing line
fukuoka/okagaki|Dining|120,"Diner in Okagaki, Fukuoka.",https://tabelog.com/fukuoka/A4006/A400603/40073649/,listing gives only a genre (line too short); kept existing line
fukuoka/okagaki|Dining|193,"Pub in Okagaki, Fukuoka.",https://www.tripadvisor.com/Restaurant_Review-g1121476-d14738084-Reviews-Mankai_Shuten-Okagaki_machi_Onga_gun_Fukuoka_Prefecture_Kyushu.html,listing gives only a genre (line too short); kept existing line
fukuoka/okawashi|Dining|141,"Food spot in Okawashi, Fukuoka.",https://tabelog.com/fukuoka/A4008/A400806/40068489/,listing gives only a genre (line too short); kept existing line
fukuoka/okawashi|Dining|142,"Izakaya in Okawashi, Fukuoka.",https://tabelog.com/fukuoka/A4008/A400806/40073808/,listing gives only a genre (line too short); kept existing line
fukuoka/onojo|Dining|413,"Cafe in Onojo, Fukuoka.",https://www.tripadvisor.com/Restaurant_Review-g1022380-d6065234-Reviews-Caffe_Escasa_Onojo-Onojo_Fukuoka_Prefecture_Kyushu.html,listing gives only a genre (line too short); kept existing line
fukuoka/onojo|Dining|428,"A cafe in Onojo, Fukuoka prefecture.",https://www.tripadvisor.com/Restaurant_Review-g1022380-d14738296-Reviews-Beans_Cafe_Minamigaoka-Onojo_Fukuoka_Prefecture_Kyushu.html,listing gives only a genre (line too short); kept existing line
fukuoka/onojo|Dining|451,"A cafe in Onojo, Fukuoka prefecture.",https://www.tripadvisor.com/Restaurant_Review-g1022380-d9968385-Reviews-Cafe_Ori-Onojo_Fukuoka_Prefecture_Kyushu.html,listing gives only a genre (line too short); kept existing line
fukuoka/onojo|Dining|462,"Cafe in Onojo, Fukuoka.",https://www.tripadvisor.com/Restaurant_Review-g1022380-d7548820-Reviews-Stop-Onojo_Fukuoka_Prefecture_Kyushu.html,listing gives only a genre (line too short); kept existing line
fukuoka/onojo|Dining|513,"Restaurant in Onojo, Fukuoka.",https://www.tripadvisor.com/Restaurant_Review-g1022380-d9911209-Reviews-Tenzan_Minamigaoka-Onojo_Fukuoka_Prefecture_Kyushu.html,listing gives only a genre (line too short); kept existing line
fukuoka/onojo|Dining|518,"Restaurant in Onojo, Fukuoka.",https://www.tripadvisor.com/Restaurant_Review-g1022380-d9937370-Reviews-Kuishimbo_Arashi-Onojo_Fukuoka_Prefecture_Kyushu.html,listing gives only a genre (line too short); kept existing line
fukuoka/sasaguri|Dining|149,"A cafe in Sasaguri, Fukuoka prefecture.",https://www.tripadvisor.com/Restaurant_Review-g1121468-d7483070-Reviews-Cafe_Berry-Sasaguri_machi_Kasuya_gun_Fukuoka_Prefecture_Kyushu.html,listing gives only a genre (line too short); kept existing line
fukuoka/sasaguri|Dining|190,"A bar in Sasaguri, Fukuoka prefecture.",https://www.tripadvisor.com/Restaurant_Review-g1121468-d14738052-Reviews-Bar_Sonora-Sasaguri_machi_Kasuya_gun_Fukuoka_Prefecture_Kyushu.html,listing gives only a genre (line too short); kept existing line
fukuoka/shingucho|Dining|95,"By the station in Shingucho, Fukuoka.",https://tabelog.com/fukuoka/A4003/A400303/40073795/,listing gives only a genre (line too short); kept existing line
fukuoka/shingucho|Dining|132,"A kitchen restaurant in Shingucho, Fukuoka.",https://tabelog.com/fukuoka/A4003/A400303/40061541/,listing gives only a genre (line too short); kept existing line
fukuoka/shingucho|Dining|166,"Cafe in Shingucho, Fukuoka.",https://tabelog.com/fukuoka/A4001/A400201/40075083/,listing gives only a genre (line too short); kept existing line
fukuoka/shingucho|Dining|171,"A kitchen restaurant in Shingucho, Fukuoka.",https://tabelog.com/fukuoka/A4001/A400201/40075087/,listing gives only a genre (line too short); kept existing line
fukuoka/sue|Dining|68,"Restaurant in Sue, Fukuoka.",https://www.tripadvisor.com/Restaurant_Review-g1121470-d10018447-Reviews-Suzukago-Sue_machi_Kasuya_gun_Fukuoka_Prefecture_Kyushu.html,listing gives only a genre (line too short); kept existing line
fukuoka/tagawa|Dining|33,"Food spot in Tagawa, Fukuoka.",https://tabelog.com/fukuoka/A4007/A400703/40060176/,listing gives only a genre (line too short); kept existing line
fukuoka/toho|Dining|16,"Food spot in Toho, Fukuoka.",https://tabelog.com/fukuoka/A4008/A400802/40048871/,listing gives only a genre (line too short); kept existing line
fukuoka/toho|Dining|17,"Food spot in Toho, Fukuoka.",https://tabelog.com/fukuoka/A4008/A400802/40060057/,listing gives only a genre (line too short); kept existing line
fukuoka/ukiha|Dining|174,"Food spot in Ukiha, Fukuoka.",https://tabelog.com/fukuoka/A4008/A400803/40048430/,listing gives only a genre (line too short); kept existing line
fukuoka/ukiha|Dining|238,"Food spot in Ukiha, Fukuoka.",https://tabelog.com/fukuoka/A4008/A400803/40046810/,listing gives only a genre (line too short); kept existing line
fukuoka/umi|Dining|113,"Cafe in Umi, Fukuoka.",https://www.tripadvisor.com/Restaurant_Review-g1121467-d7483057-Reviews-Den_En-Umi_machi_Kasuya_gun_Fukuoka_Prefecture_Kyushu.html,listing gives only a genre (line too short); kept existing line
fukuoka/yame|Dining|24,"Food spot in Yame, Fukuoka.",https://tabelog.com/fukuoka/A4008/A400804/40057409/,listing gives only a genre (line too short); kept existing line
fukuoka/yame|Dining|29,"Taiyaki shop in Yame, Fukuoka.",https://tabelog.com/fukuoka/A4008/A400804/40030873/,listing gives only a genre (line too short); kept existing line
fukuoka/yame|Dining|31,"Bento shop in Yame, Fukuoka.",https://tabelog.com/fukuoka/A4008/A400804/40065458/,listing gives only a genre (line too short); kept existing line
fukuoka/yame|Dining|34,"Cafe in Yame, Fukuoka.",https://tabelog.com/fukuoka/A4008/A400804/40069955/,listing gives only a genre (line too short); kept existing line
fukuoka/yame|Dining|37,"Food spot in Yame, Fukuoka.",https://tabelog.com/fukuoka/A4008/A400804/40074191/,listing gives only a genre (line too short); kept existing line
fukuoka/yame|Dining|59,"Food spot in Yame, Fukuoka.",https://tabelog.com/fukuoka/A4008/A400804/40074766/,listing gives only a genre (line too short); kept existing line
miyagi/higashimatsushima|Dining|253,"Bar in Higashimatsushima, Miyagi.",https://www.tripadvisor.com/Restaurant_Review-g1023416-d13258739-Reviews-Family_Crest-Higashimatsushima_Miyagi_Prefecture_Tohoku.html,listing gives only a genre (line too short); kept existing line
miyagi/ishinomaki|Dining|134,"Diner in Ishinomaki, Miyagi.",https://tabelog.com/miyagi/A0404/A040403/4026847/,listing gives only a genre (line too short); kept existing line
miyagi/ishinomaki|Dining|267,"Cafe in Ishinomaki, Miyagi.",https://tabelog.com/miyagi/A0404/A040403/4026721/,listing gives only a genre (line too short); kept existing line
miyagi/ishinomaki|Dining|728,"Food spot in Ishinomaki, Miyagi.",https://tabelog.com/miyagi/A0404/A040402/4014865/,listing gives only a genre (line too short); kept existing line
miyagi/ishinomaki|Dining|746,"Food spot in Ishinomaki, Miyagi.",https://tabelog.com/miyagi/A0404/A040402/4020973/,listing gives only a genre (line too short); kept existing line
miyagi/ishinomaki|Dining|1007,"Bar in Ishinomaki, Miyagi.",https://www.tripadvisor.com/Restaurant_Review-g1023406-d9656718-Reviews-Cocktail_Loungr_Iruka-Ishinomaki_Miyagi_Prefecture_Tohoku.html,listing gives only a genre (line too short); kept existing line
miyagi/ishinomaki|Dining|1110,"A cafe in Ishinomaki, Miyagi prefecture.",https://www.tripadvisor.com/Restaurant_Review-g1023406-d9644662-Reviews-Petite_Cafe_Mito-Ishinomaki_Miyagi_Prefecture_Tohoku.html,listing gives only a genre (line too short); kept existing line
miyagi/ishinomaki|Dining|1111,"A cafe in Ishinomaki, Miyagi prefecture.",https://www.tripadvisor.com/Restaurant_Review-g1023406-d14741906-Reviews-Cafe_Yukari-Ishinomaki_Miyagi_Prefecture_Tohoku.html,listing gives only a genre (line too short); kept existing line
miyagi/ishinomaki|Dining|1205,"A cafe in Ishinomaki, Miyagi prefecture.",https://www.tripadvisor.com/Restaurant_Review-g1023406-d13034886-Reviews-Cafe_Mugi-Ishinomaki_Miyagi_Prefecture_Tohoku.html,listing gives only a genre (line too short); kept existing line
miyagi/ishinomaki|Dining|1206,"A bar in Ishinomaki, Miyagi prefecture.",https://www.tripadvisor.com/Restaurant_Review-g1023406-d9621245-Reviews-Fukko_Bar-Ishinomaki_Miyagi_Prefecture_Tohoku.html,listing gives only a genre (line too short); kept existing line
miyagi/ishinomaki|Dining|1209,"Pub in Ishinomaki, Miyagi.",https://www.tripadvisor.com/Restaurant_Review-g1023406-d7513932-Reviews-Trout-Ishinomaki_Miyagi_Prefecture_Tohoku.html,listing gives only a genre (line too short); kept existing line
miyagi/ishinomaki|Dining|1272,"An izakaya in Ishinomaki, Miyagi prefecture.",https://www.tripadvisor.com/Restaurant_Review-g1023406-d13166110-Reviews-Izakaya_Sakura-Ishinomaki_Miyagi_Prefecture_Tohoku.html,listing gives only a genre (line too short); kept existing line
miyagi/iwanuma|Dining|228,"Bar in Iwanuma, Miyagi.",https://www.tripadvisor.com/Restaurant_Review-g1023412-d7514523-Reviews-Nomase-Iwanuma_Miyagi_Prefecture_Tohoku.html,listing gives only a genre (line too short); kept existing line
miyagi/iwanuma|Dining|240,"A cafe in Iwanuma, Miyagi prefecture.",https://www.tripadvisor.com/Restaurant_Review-g1023412-d6061981-Reviews-Snak_and_Cafe_Yomoyama-Iwanuma_Miyagi_Prefecture_Tohoku.html,listing gives only a genre (line too short); kept existing line
miyagi/iwanuma|Dining|243,"A sweets shop in Iwanuma, Miyagi.",https://www.tripadvisor.com/Restaurant_Review-g1023412-d14741975-Reviews-Cafe_Sweets_Natural-Iwanuma_Miyagi_Prefecture_Tohoku.html,listing gives only a genre (line too short); kept existing line
miyagi/iwanuma|Dining|312,"An izakaya in Iwanuma, Miyagi prefecture.",https://www.tripadvisor.com/Restaurant_Review-g1023412-d13035279-Reviews-Izakaya_Ayaya-Iwanuma_Miyagi_Prefecture_Tohoku.html,listing gives only a genre (line too short); kept existing line
miyagi/kakuda|Dining|173,"Cafe in Kakuda, Miyagi.",https://www.tripadvisor.com/Restaurant_Review-g1023410-d7514397-Reviews-Brooch-Kakuda_Miyagi_Prefecture_Tohoku.html,listing gives only a genre (line too short); kept existing line
miyagi/kakuda|Dining|208,"Pub in Kakuda, Miyagi.",https://www.tripadvisor.com/Restaurant_Review-g1023410-d14741753-Reviews-Ai-Kakuda_Miyagi_Prefecture_Tohoku.html,listing gives only a genre (line too short); kept existing line
miyagi/kakuda|Dining|209,"Bar in Kakuda, Miyagi.",https://www.tripadvisor.com/Restaurant_Review-g1023410-d9644679-Reviews-Sports_Sakaba_Sutasuta-Kakuda_Miyagi_Prefecture_Tohoku.html,listing gives only a genre (line too short); kept existing line
miyagi/kamimachi|Dining|63,"Diner in Kami, Miyagi.",https://tabelog.com/miyagi/A0403/A040301/4030351/,listing gives only a genre (line too short); kept existing line
miyagi/kawasakicho|Dining|64,"Cafe in Kawasakicho, Miyagi.",https://tabelog.com/miyagi/A0402/A040201/4025477/,listing gives only a genre (line too short); kept existing line
miyagi/kawasakicho|Dining|71,"Food spot in Kawasakicho, Miyagi.",https://tabelog.com/miyagi/A0402/A040201/4022039/,listing gives only a genre (line too short); kept existing line
miyagi/kesennuma|Dining|486,"Cafe in Kesennuma, Miyagi.",https://www.tripadvisor.com/Restaurant_Review-g1023417-d7514886-Reviews-Belle-Kesennuma_Miyagi_Prefecture_Tohoku.html,listing gives only a genre (line too short); kept existing line
miyagi/kesennuma|Dining|496,"A cafe in Kesennuma, Miyagi prefecture.",https://www.tripadvisor.com/Restaurant_Review-g1023417-d9656775-Reviews-Cafe_Hanako-Kesennuma_Miyagi_Prefecture_Tohoku.html,listing gives only a genre (line too short); kept existing line
miyagi/kesennuma|Dining|497,"A cafe in Kesennuma, Miyagi prefecture.",https://www.tripadvisor.com/Restaurant_Review-g1023417-d9623701-Reviews-Media_Cafe_Timone-Kesennuma_Miyagi_Prefecture_Tohoku.html,listing gives only a genre (line too short); kept existing line
miyagi/kesennuma|Dining|523,"Restaurant in Kesennuma, Miyagi.",https://www.tripadvisor.com/Restaurant_Review-g1023417-d14969890-Reviews-Smile-Kesennuma_Miyagi_Prefecture_Tohoku.html,listing gives only a genre (line too short); kept existing line
miyagi/kesennuma|Dining|529,"An izakaya in Kesennuma, Miyagi prefecture.",https://www.tripadvisor.com/Restaurant_Review-g1023417-d13035300-Reviews-Izakaya_Rakuhei-Kesennuma_Miyagi_Prefecture_Tohoku.html,listing gives only a genre (line too short); kept existing line
miyagi/kurihara|Dining|145,"Cafe in Kurihara, Miyagi.",https://tabelog.com/miyagi/A0403/A040302/4026040/,listing gives only a genre (line too short); kept existing line
miyagi/kurihara|Dining|278,"Food spot in Kurihara, Miyagi.",https://tabelog.com/miyagi/A0403/A040302/4026133/,listing gives only a genre (line too short); kept existing line
miyagi/kurihara|Dining|301,"Izakaya in Kurihara, Miyagi.",https://tabelog.com/miyagi/A0403/A040302/4023090/,listing gives only a genre (line too short); kept existing line
miyagi/kurihara|Dining|434,"Cafe in Kurihara, Miyagi.",https://www.tripadvisor.com/Restaurant_Review-g1023415-d7514731-Reviews-Tampopo_Wakayanagi-Kurihara_Miyagi_Prefecture_Tohoku.html,listing gives only a genre (line too short); kept existing line
miyagi/kurihara|Dining|454,"Restaurant in Kurihara, Miyagi.",https://www.tripadvisor.com/Restaurant_Review-g1023415-d18338698-Reviews-Snack_Michikusa-Kurihara_Miyagi_Prefecture_Tohoku.html,listing gives only a genre (line too short); kept existing line
miyagi/kurihara|Dining|468,"Bar in Kurihara, Miyagi.",https://www.tripadvisor.com/Restaurant_Review-g1023415-d9668341-Reviews-B_Cool-Kurihara_Miyagi_Prefecture_Tohoku.html,listing gives only a genre (line too short); kept existing line
miyagi/minamisanriku|Dining|72,"Food spot in Minamisanriku, Miyagi.",https://tabelog.com/miyagi/A0404/A040402/4019309/,listing gives only a genre (line too short); kept existing line
miyagi/natori|Dining|555,"A coffee shop in Natori, Miyagi.",https://www.tripadvisor.com/Restaurant_Review-g1023409-d17347766-Reviews-Komeda_Coffee_Aeon_Mall_Natori-Natori_Miyagi_Prefecture_Tohoku.html,listing gives only a genre (line too short); kept existing line
miyagi/natori|Dining|570,"A bar in Natori, Miyagi prefecture.",https://www.tripadvisor.com/Restaurant_Review-g1023409-d9668318-Reviews-Estacion_Bar_Natori-Natori_Miyagi_Prefecture_Tohoku.html,listing gives only a genre (line too short); kept existing line
miyagi/natori|Dining|590,"Cafe in Natori, Miyagi.",https://www.tripadvisor.com/Restaurant_Review-g1023409-d14965504-Reviews-Cantevole_Shin_Natori-Natori_Miyagi_Prefecture_Tohoku.html,listing gives only a genre (line too short); kept existing line
miyagi/natori|Dining|626,"Pub in Natori, Miyagi.",https://www.tripadvisor.com/Restaurant_Review-g1023409-d13036015-Reviews-Uosen_Suisan_Natori_Sekinoshita-Natori_Miyagi_Prefecture_Tohoku.html,listing gives only a genre (line too short); kept existing line
miyagi/osakishi|Dining|776,"Restaurant in Osakishi, Miyagi.",https://tabelog.com/miyagi/A0403/A040301/4010152/,listing gives only a genre (line too short); kept existing line
miyagi/osakishi|Dining|871,"A cafe in Osakishi, Miyagi prefecture.",https://www.tripadvisor.com/Restaurant_Review-g1023418-d13161709-Reviews-Nico_Cafe-Osaki_Miyagi_Prefecture_Tohoku.html,listing gives only a genre (line too short); kept existing line
miyagi/osakishi|Dining|884,"Cafe in Osakishi, Miyagi.",https://www.tripadvisor.com/Restaurant_Review-g1023418-d14741980-Reviews-Hannoki-Osaki_Miyagi_Prefecture_Tohoku.html,listing gives only a genre (line too short); kept existing line
miyagi/osakishi|Dining|906,"A coffee shop in Osakishi, Miyagi.",https://www.tripadvisor.com/Restaurant_Review-g1023418-d13035610-Reviews-Natal_Coffee_Beans-Osaki_Miyagi_Prefecture_Tohoku.html,listing gives only a genre (line too short); kept existing line
miyagi/osakishi|Dining|950,"Cafe in Osakishi, Miyagi.",https://www.tripadvisor.com/Restaurant_Review-g1023418-d14741993-Reviews-Karaoke_Yamabiko-Osaki_Miyagi_Prefecture_Tohoku.html,listing gives only a genre (line too short); kept existing line
miyagi/osakishi|Dining|973,"Pub in Osakishi, Miyagi.",https://www.tripadvisor.com/Restaurant_Review-g1023418-d13167015-Reviews-Calabash-Osaki_Miyagi_Prefecture_Tohoku.html,listing gives only a genre (line too short); kept existing line
miyagi/osakishi|Dining|984,"Pub in Osakishi, Miyagi.",https://www.tripadvisor.com/Restaurant_Review-g1023418-d9668356-Reviews-Albist-Osaki_Miyagi_Prefecture_Tohoku.html,listing gives only a genre (line too short); kept existing line
miyagi/osakishi|Dining|999,"Pub in Osakishi, Miyagi.",https://www.tripadvisor.com/Restaurant_Review-g1023418-d7514980-Reviews-Kompa_K_K-Osaki_Miyagi_Prefecture_Tohoku.html,listing gives only a genre (line too short); kept existing line
miyagi/shichikashuku|Dining|11,"Food spot in Shichikashuku, Miyagi.",https://tabelog.com/miyagi/A0402/A040203/4028100/,listing gives only a genre (line too short); kept existing line
miyagi/shichikashuku|Dining|18,"Food spot in Shichikashuku, Miyagi.",https://tabelog.com/miyagi/A0402/A040203/4028069/,listing gives only a genre (line too short); kept existing line
miyagi/shiogama|Dining|448,"Bar in Shiogama, Miyagi.",https://www.tripadvisor.com/Restaurant_Review-g1023407-d34315161-Reviews-The_Terrace_Hatera-Shiogama_Miyagi_Prefecture_Tohoku.html,listing gives only a genre (line too short); kept existing line
miyagi/shiroishishi|Dining|271,"Pub in Shiroishi, Miyagi.",https://www.tripadvisor.com/Restaurant_Review-g1023408-d6071038-Reviews-Tavern_Zamozzu-Shiroishi_Miyagi_Prefecture_Tohoku.html,listing gives only a genre (line too short); kept existing line
miyagi/tagajo|Dining|364,"Bar in Tagajo, Miyagi.",https://www.tripadvisor.com/Restaurant_Review-g1023411-d13787004-Reviews-ROUTE65-Tagajo_Miyagi_Prefecture_Tohoku.html,listing gives only a genre (line too short); kept existing line
miyagi/taiwa|Dining|119,"Food spot in Taiwa, Miyagi.",https://tabelog.com/miyagi/A0403/A040304/4028789/,listing gives only a genre (line too short); kept existing line
miyagi/taiwa|Dining|125,"Food spot in Taiwa, Miyagi.",https://tabelog.com/miyagi/A0403/A040304/4030145/,listing gives only a genre (line too short); kept existing line
miyagi/tome|Dining|152,"Cake shop in Tome, Miyagi.",https://tabelog.com/miyagi/A0403/A040303/4003953/,listing gives only a genre (line too short); kept existing line
miyagi/tome|Dining|181,"Sake bar in Tome, Miyagi.",https://tabelog.com/miyagi/A0403/A040303/4002694/,listing gives only a genre (line too short); kept existing line
miyagi/tome|Dining|247,"Bar in Tome, Miyagi.",https://tabelog.com/miyagi/A0403/A040303/4029714/,listing gives only a genre (line too short); kept existing line
miyagi/tome|Dining|360,"Dining bar in Tome, Miyagi.",https://tabelog.com/miyagi/A0403/A040303/4012482/,listing gives only a genre (line too short); kept existing line
miyagi/tome|Dining|375,"Food spot in Tome, Miyagi.",https://tabelog.com/miyagi/A0403/A040303/4027733/,listing gives only a genre (line too short); kept existing line
miyagi/tome|Dining|423,"Restaurant in Tome, Miyagi.",https://tabelog.com/miyagi/A0403/A040303/4010148/,listing gives only a genre (line too short); kept existing line
miyagi/tome|Dining|489,"A cafe in Tome, Miyagi prefecture.",https://www.tripadvisor.com/Restaurant_Review-g1023414-d14741888-Reviews-Temple_Cafe_Musoan-Tome_Miyagi_Prefecture_Tohoku.html,listing gives only a genre (line too short); kept existing line
miyagi/tome|Dining|514,"A cafe in Tome, Miyagi prefecture.",https://www.tripadvisor.com/Restaurant_Review-g1023414-d14741922-Reviews-Cafe_Yamaboshi-Tome_Miyagi_Prefecture_Tohoku.html,listing gives only a genre (line too short); kept existing line
miyagi/tome|Dining|527,"Cafe in Tome, Miyagi.",https://www.tripadvisor.com/Restaurant_Review-g1023414-d14741916-Reviews-Tsumugi-Tome_Miyagi_Prefecture_Tohoku.html,listing gives only a genre (line too short); kept existing line
miyagi/tome|Dining|528,"A coffee shop in Tome, Miyagi.",https://www.tripadvisor.com/Restaurant_Review-g1023414-d10324017-Reviews-Coffee_Doctors-Tome_Miyagi_Prefecture_Tohoku.html,listing gives only a genre (line too short); kept existing line
miyagi/tome|Dining|630,"A kitchen restaurant in Tome, Miyagi.",https://www.tripadvisor.com/Restaurant_Review-g1023414-d6067202-Reviews-Small_Kitchen_Freedom-Tome_Miyagi_Prefecture_Tohoku.html,listing gives only a genre (line too short); kept existing line
miyagi/tomiya|Dining|130,"Food spot in Tomiya, Miyagi.",https://tabelog.com/miyagi/A0403/A040304/4021946/,listing gives only a genre (line too short); kept existing line
miyagi/tomiya|Dining|152,"Food spot in Tomiya, Miyagi.",https://tabelog.com/miyagi/A0403/A040304/4022812/,listing gives only a genre (line too short); kept existing line
miyagi/tomiya|Dining|170,"Izakaya in Tomiya, Miyagi.",https://tabelog.com/miyagi/A0403/A040304/4019021/,listing gives only a genre (line too short); kept existing line
miyagi/tomiya|Dining|175,"Food spot in Tomiya, Miyagi.",https://tabelog.com/miyagi/A0403/A040304/4017991/,listing gives only a genre (line too short); kept existing line
miyagi/tomiya|Dining|210,"A cafe in Tomiya, Miyagi prefecture.",https://www.tripadvisor.com/Restaurant_Review-g1120948-d7613154-Reviews-Cafe_336-Tomiya_Miyagi_Prefecture_Tohoku.html,listing gives only a genre (line too short); kept existing line
miyagi/zao|Dining|120,"Food spot in Zao, Miyagi.",https://tabelog.com/miyagi/A0402/A040201/4020888/,listing gives only a genre (line too short); kept existing line
miyagi/zao|Dining|158,"Food spot in Zao, Miyagi.",https://tabelog.com/miyagi/A0402/A040201/4021454/,listing gives only a genre (line too short); kept existing line
oita/bungotakada|Dining|124,"Food spot in Bungotakada, Oita.",https://tabelog.com/oita/A4403/A440301/44010877/,listing gives only a genre (line too short); kept existing line
oita/bungotakada|Dining|126,"Food spot in Bungotakada, Oita.",https://tabelog.com/oita/A4403/A440302/44014020/,listing gives only a genre (line too short); kept existing line
oita/bungotakada|Dining|186,"A cafe in Bungotakada, Oita prefecture.",https://www.tripadvisor.com/Restaurant_Review-g1023439-d14739451-Reviews-Cafe_Cache_Cache-Bungotakada_Oita_Prefecture_Kyushu.html,listing gives only a genre (line too short); kept existing line
oita/hiji|Dining|152,"Cafe in Hiji, Oita.",https://www.tripadvisor.com/Restaurant_Review-g1121559-d14739478-Reviews-Sunahama_Shokudo-Hiji_machi_Hayami_gun_Oita_Prefecture_Kyushu.html,listing gives only a genre (line too short); kept existing line
oita/kitsuki|Dining|154,"A cafe in Kitsuki, Oita prefecture.",https://www.tripadvisor.com/Restaurant_Review-g1023444-d14739387-Reviews-Cafe_Shore_Walk-Kitsuki_Oita_Prefecture_Kyushu.html,listing gives only a genre (line too short); kept existing line
oita/kitsuki|Dining|169,"A cafe in Kitsuki, Oita prefecture.",https://www.tripadvisor.com/Restaurant_Review-g1023444-d7517340-Reviews-Roran_Cafe-Kitsuki_Oita_Prefecture_Kyushu.html,listing gives only a genre (line too short); kept existing line
oita/kitsuki|Dining|188,"Pub in Kitsuki, Oita.",https://www.tripadvisor.com/Restaurant_Review-g1023444-d13059157-Reviews-Mike_Room_Humming-Kitsuki_Oita_Prefecture_Kyushu.html,listing gives only a genre (line too short); kept existing line
oita/kokonoe|Dining|27,"Sweets shop in Kokonoe, Oita.",https://tabelog.com/oita/A4404/A440404/44014524/,listing gives only a genre (line too short); kept existing line
oita/kunisaki|Dining|16,"Food spot in Kunisaki, Oita.",https://tabelog.com/oita/A4403/A440302/44007207/,listing gives only a genre (line too short); kept existing line
oita/kunisaki|Dining|35,"Bakery in Kunisaki, Oita.",https://tabelog.com/oita/A4403/A440302/44012298/,listing gives only a genre (line too short); kept existing line
oita/kunisaki|Dining|40,"Sweets shop in Kunisaki, Oita.",https://tabelog.com/oita/A4403/A440302/44015031/,listing gives only a genre (line too short); kept existing line
oita/kunisaki|Dining|49,"Bakery in Kunisaki, Oita.",https://tabelog.com/oita/A4403/A440302/44015054/,listing gives only a genre (line too short); kept existing line
yamaguchi/kudamatsu|Dining|272,"A cafe in Kudamatsu, Yamaguchi prefecture.",https://www.tripadvisor.com/Restaurant_Review-g1023685-d14736495-Reviews-Cafe_Marche-Kudamatsu_Yamaguchi_Prefecture_Chugoku.html,listing gives only a genre (line too short); kept existing line
yamaguchi/kudamatsu|Dining|286,"A coffee shop in Kudamatsu, Yamaguchi.",https://www.tripadvisor.com/Restaurant_Review-g1023685-d7507633-Reviews-Biinzu_Coffee-Kudamatsu_Yamaguchi_Prefecture_Chugoku.html,listing gives only a genre (line too short); kept existing line
yamaguchi/mine|Dining|208,"Cafe in Mine, Yamaguchi.",https://www.tripadvisor.com/Restaurant_Review-g1023686-d7507322-Reviews-Arboreo-Mine_Yamaguchi_Prefecture_Chugoku.html,listing gives only a genre (line too short); kept existing line
yamaguchi/sanyoonoda|Dining|311,"Cafe in Sanyoonoda, Yamaguchi.",https://www.tripadvisor.com/Restaurant_Review-g1023692-d7663132-Reviews-Kunembo-Sanyo_Onoda_Yamaguchi_Prefecture_Chugoku.html,listing gives only a genre (line too short); kept existing line
yamaguchi/sanyoonoda|Dining|313,"A cafe in Sanyoonoda, Yamaguchi prefecture.",https://www.tripadvisor.com/Restaurant_Review-g1023692-d4898703-Reviews-Cafe_Plaire-Sanyo_Onoda_Yamaguchi_Prefecture_Chugoku.html,listing gives only a genre (line too short); kept existing line
yamaguchi/sanyoonoda|Dining|329,"Cafe in Sanyoonoda, Yamaguchi.",https://www.tripadvisor.com/Restaurant_Review-g1023692-d7665783-Reviews-Panda-Sanyo_Onoda_Yamaguchi_Prefecture_Chugoku.html,listing gives only a genre (line too short); kept existing line
yamaguchi/sanyoonoda|Dining|372,"Pub in Sanyoonoda, Yamaguchi.",https://www.tripadvisor.com/Restaurant_Review-g1023692-d9623053-Reviews-Lounge_Coco-Sanyo_Onoda_Yamaguchi_Prefecture_Chugoku.html,listing gives only a genre (line too short); kept existing line
yamaguchi/sanyoonoda|Dining|377,"Pub in Sanyoonoda, Yamaguchi.",https://www.tripadvisor.com/Restaurant_Review-g1023692-d13788841-Reviews-Lounge_Camelia-Sanyo_Onoda_Yamaguchi_Prefecture_Chugoku.html,listing gives only a genre (line too short); kept existing line
yamaguchi/suoooshima|Dining|48,"Pudding shop in Suoooshima, Yamaguchi.",https://tabelog.com/yamaguchi/A3506/A350603/35013457/,listing gives only a genre (line too short); kept existing line
yamaguchi/suoooshima|Dining|101,"Bagel shop in Suoooshima, Yamaguchi.",https://tabelog.com/yamaguchi/A3506/A350603/35014482/,listing gives only a genre (line too short); kept existing line
yamaguchi/tabuse|Dining|51,"Cafe in Tabuse, Yamaguchi.",https://www.tripadvisor.com/Restaurant_Review-g1121405-d14058147-Reviews-Caf_e_Berry_Berry-Tabuse_cho_Kumage_gun_Yamaguchi_Prefecture_Chugoku.html,listing gives only a genre (line too short); kept existing line
yamaguchi/yanai|Dining|255,"Cafe in Yanai, Yamaguchi.",https://www.tripadvisor.com/Restaurant_Review-g1023689-d7662092-Reviews-Erika-Yanai_Yamaguchi_Prefecture_Chugoku.html,listing gives only a genre (line too short); kept existing line
