page,section,name_ja,old_en,new_en,basis
akita/akita,Stay,いやし処ほてる寛楽　秋田川反(2023年7月29日オープン),Iyashi Tokoro Hotel Hiroshi Raku Akita Kawa Han 2023 Nen 7 Gatsu 29 Nichi Open,Iyashi Dokoro Hotel Hiroshi Raku Akita Kawa Han 2023 Nen 7 Gatsu 29 Nichi Open,careful reading (庵/処/家/園/寿司/々/志)
akita/akita,Dining,すし匠,Sushi Takumi,Sushi Sho,tabelog listing reading: すししょう
akita/akita,Dining,酒庵 田なか,Sake Iori Ta Naka,Sake-an Ta Naka,careful reading (庵/処/家/園/寿司/々/志)
akita/akita,Dining,喰処 北洲,Shoku Tokoro Kita Su,Shoku Dokoro Kita Su,careful reading (庵/処/家/園/寿司/々/志)
akita/akita,Dining,炭火焼肉生ホルモン処 しょうちゃん,Sumibi Yakiniku Nama Horumon Tokoro Shōchan,Sumibi Yakiniku Nama Horumon Dokoro Shōchan,careful reading (庵/処/家/園/寿司/々/志)
akita/akita,Dining,千両寿し,Senryō Hisashi Shi,Senryō Sushi,careful reading (庵/処/家/園/寿司/々/志)
akita/akita,Dining,とんぼ庵,Tonbo Iori,Tonbo-an,careful reading (庵/処/家/園/寿司/々/志)
akita/akita,Dining,そば処 紀文,Soba Tokoro Kibun,Soba Dokoro Kibun,careful reading (庵/処/家/園/寿司/々/志)
akita/akita,Dining,焼肉レストラン 大昌園,Yakiniku Restaurant Dai Masa Sono,Yakiniku Restaurant Dai Masa-en,careful reading (庵/処/家/園/寿司/々/志)
akita/akita,Dining,和家,Wa Ie,Waya,tabelog listing reading: ワヤ
akita/akita,Dining,萬八,Man Hachi,Manpachi,tabelog listing reading: まんぱち
akita/akita,Dining,金華園,Kinka Sono,Kinka-en,careful reading (庵/処/家/園/寿司/々/志)
akita/akita,Dining,いろり家,Irori Ie,Iroriya,tabelog listing reading: イロリヤ
akita/akita,Dining,寿し割烹食堂 あっぱれ寿司 大町本店,Hisashi Shi Kappō Shokudō Appare Sushi Ōmachi Honten,Sushi Kappō Shokudō Appare Sushi Ōmachi Honten,careful reading (庵/処/家/園/寿司/々/志)
akita/akita,Dining,炭火焼肉生ホルモン処 しょうちゃん 駅前店,Sumibi Yakiniku Nama Horumon Tokoro Shōchan Ekimae Branch,Sumibi Yakiniku Nama Horumon Dokoro Shōchan Ekimae Branch,careful reading (庵/処/家/園/寿司/々/志)
akita/akita,Dining,たちばな家 本店,Tachibana Ie Honten,Tachibanaya Honten,careful reading (庵/処/家/園/寿司/々/志)
akita/akita,Dining,そば処けん太,Soba Tokoro Ken Ta,Soba Dokoro Ken Ta,careful reading (庵/処/家/園/寿司/々/志)
akita/akita,Dining,回転寿司すノ家 仁井田店,Kaitenzushi Su no Ie Nīda Branch,Kaitenzushi Su Noya Nīda Branch,careful reading (庵/処/家/園/寿司/々/志)
akita/akita,Dining,お食事処 河ドラ 追分店,O Shokuji Tokoro Kawa Dora Oiwake Branch,O Shokuji Dokoro Kawa Dora Oiwake Branch,careful reading (庵/処/家/園/寿司/々/志)
akita/akita,Dining,和食処 まる,Washoku Tokoro Maru,Washoku Dokoro Maru,careful reading (庵/処/家/園/寿司/々/志)
akita/akita,Dining,農家レストラン ゆう菜家,Nōka Restaurant Yū na Ie,Nōka Restaurant Yū Naya,careful reading (庵/処/家/園/寿司/々/志)
akita/akita,Dining,麺処 いぢろへ,Men Tokoro Ijirohe,Men Dokoro Ijirohe,careful reading (庵/処/家/園/寿司/々/志)
akita/akita,Dining,欣秋,Kin Aki,Kinshu,tabelog listing reading: キンシュウ
akita/akita,Dining,我武者羅,Ware Musha Ra,Gamushara,tabelog listing reading: ガムシャラ
akita/akita,Dining,酔蓮,Sui Hasu,Suiren,tabelog listing reading: スイレン
akita/akita,Dining,十割そば家,Jū Wari Soba Ie,Jū Wari Sobaya,careful reading (庵/処/家/園/寿司/々/志)
akita/akita,Dining,御食事処　山の五代,Mike Koto Tokoro Yama no Godai,O Shokuji Dokoro Yama no Godai,careful reading (庵/処/家/園/寿司/々/志)
akita/akita,Dining,藪善,Yabu Zen,Yabuyoshi,tabelog listing reading: やぶよし
akita/akita,Dining,中華料理 たかさん家,Chinese Cuisine Takasan Ie,Chinese Cuisine Takasanya,careful reading (庵/処/家/園/寿司/々/志)
akita/akita,Dining,割烹かめ清,Kappō Kame Kiyoshi,Kappo Kamesei,tabelog listing reading: かっぽうかめせい
akita/akita,Dining,そば処 港ばやし,Soba Tokoro Minato Bayashi,Soba Dokoro Minato Bayashi,careful reading (庵/処/家/園/寿司/々/志)
akita/akita,Dining,そば処風月,Soba Tokoro Fūgetsu,Soba Dokoro Fūgetsu,careful reading (庵/処/家/園/寿司/々/志)
akita/akita,Dining,鼎庵 トピコ店,Kanae Iori Topico Branch,Kanae-an Topico Branch,careful reading (庵/処/家/園/寿司/々/志)
akita/akita,Dining,そば処四季,Soba Tokoro Shiki,Soba Dokoro Shiki,careful reading (庵/処/家/園/寿司/々/志)
akita/akita,Dining,篤丸,Atsushi Maru,Atsumaru,tabelog listing reading: アツマル
akita/akita,Dining,そば処 膳家,Soba Tokoro Zen Ie,Soba Dokoro Zenya,careful reading (庵/処/家/園/寿司/々/志)
akita/akita,Dining,来華,Rai Hana,Raika,tabelog listing reading: らいか
akita/akita,Dining,寿し割烹 一心,Hisashi Shi Kappō Isshin,Sushi Kappō Isshin,careful reading (庵/処/家/園/寿司/々/志)
akita/akita,Dining,焼肉冷麺やまなか家 外旭川店,Yakiniku Reimen Yamanaka Ie Sotoasahikawa Branch,Yakiniku Reimen Yamanakaya Sotoasahikawa Branch,careful reading (庵/処/家/園/寿司/々/志)
akita/akita,Dining,奥寿し,Oku Hisashi Shi,Oku Sushi,careful reading (庵/処/家/園/寿司/々/志)
akita/akita,Dining,大しま,Taishi Ma,Oshima,tabelog listing reading: おおしま
akita/akita,Dining,大勝食堂,Taishō Shokudō,Daisho Shokudo,tabelog listing reading: だいしょうしょくどう
akita/akita,Dining,町家,Chōka,Machiya,tabelog listing reading: マチヤ
akita/akita,Dining,横浜家系ラーメン 若虎家,Yokohama Kakei Ramen Wakatora Ie,Yokohama Kakei Ramen Wakatoraya,careful reading (庵/処/家/園/寿司/々/志)
akita/akita,Dining,焼肉ほむら家 土崎店,Yakiniku Homura Ie Tsuchizaki Branch,Yakiniku Homuraya Tsuchizaki Branch,careful reading (庵/処/家/園/寿司/々/志)
akita/akita,Dining,やまがた庵,Yamagata Iori,Yamagata-an,careful reading (庵/処/家/園/寿司/々/志)
akita/akita,Dining,菓子園　中野屋 空港ロード店,Kashi Sono Nakano ya Kūkō Road Branch,Kashi-en Nakano ya Kūkō Road Branch,careful reading (庵/処/家/園/寿司/々/志)
akita/akita,Dining,麺処りょう馬,Men Tokoro Ryō Uma,Men Dokoro Ryō Uma,careful reading (庵/処/家/園/寿司/々/志)
akita/akita,Dining,菓子園 中野屋 土崎駅前店,Kashi Sono Nakano ya Tsuchizaki Ekimae Branch,Kashi-en Nakano ya Tsuchizaki Ekimae Branch,careful reading (庵/処/家/園/寿司/々/志)
akita/akita,Dining,宮崎肉処 霧峰 イオンモール秋田店,Miyazaki Niku Tokoro Kiri Mine Aeon Mall Akita Branch,Miyazaki Niku Dokoro Kiri Mine Aeon Mall Akita Branch,careful reading (庵/処/家/園/寿司/々/志)
akita/akita,Dining,喰い処 旬,Kui Tokoro Jun,Kui Dokoro Jun,careful reading (庵/処/家/園/寿司/々/志)
akita/akita,Dining,牛玄亭厨房,Ushi Gen Tei Chūbō,Gyugentei Chubo,tabelog listing reading: ギュウゲンテイチュウボウ
akita/akita,Dining,暖団家,Dan Dan Ie,Dan Danya,careful reading (庵/処/家/園/寿司/々/志)
akita/akita,Dining,下駄に綿つけて,Geta ni Men Tsukete,Geta ni Watatsukete,tabelog listing reading: げたにわたつけて
akita/akita,Dining,御菓子処 光月堂 秋田トピコ店,O Kashi Tokoro Kōgetsu Dō Akita Topico Branch,O Kashi Dokoro Kōgetsu Dō Akita Topico Branch,careful reading (庵/処/家/園/寿司/々/志)
akita/akita,Dining,旨い肴と旨い酒 けんちゃん家,Umai Sakana to Umai Sake Kenchan Ie,Umai Sakana to Umai Sake Kenchanya,careful reading (庵/処/家/園/寿司/々/志)
akita/akita,Dining,輪言,Wa Gen,Wagon,tabelog listing reading: ワゴン
akita/akita,Dining,あっぱれいなせ家,Appareinase Ie,Appareinaseya,careful reading (庵/処/家/園/寿司/々/志)
akita/akita,Dining,膳菜や,Zen na ya,Zensaiya,tabelog listing reading: ぜんさいや
akita/akita,Dining,桜園,Sakura Sono,Sakura-en,careful reading (庵/処/家/園/寿司/々/志)
akita/akita,Dining,お食事処　福々,O Shokuji Tokoro Fukufuku,O Shokuji Dokoro Fukufuku,careful reading (庵/処/家/園/寿司/々/志)
akita/akita,Dining,いやし処ほてる寛楽 秋田川反,Iyashi Tokoro Hotel Hiroshi Raku Akita Kawa Han,Iyashi Dokoro Hotel Hiroshi Raku Akita Kawa Han,careful reading (庵/処/家/園/寿司/々/志)
akita/akita,Dining,青空船,Aozora Fune,Aozorasen,tabelog listing reading: あおぞらせん
akita/akita,Dining,ほたる家,Hotaru Ie,Hotaruya,careful reading (庵/処/家/園/寿司/々/志)
akita/akita,Dining,地魚料理 寿司処 菊寿し,Jizakana Ryōri Sushi Tokoro Kiku Hisashi Shi,Jizakana Ryōri Sushi Dokoro Kiku Sushi,careful reading (庵/処/家/園/寿司/々/志)
akita/akita,Dining,山岡家 秋田仁井田店,Yamaoka Ie Akita Nīda Branch,Yamaokaya Akita Nīda Branch,careful reading (庵/処/家/園/寿司/々/志)
akita/akita,Dining,陳麻家  秋田外旭川店,Chin Asa Ie Akita Sotoasahikawa Branch,Chin Asaya Akita Sotoasahikawa Branch,careful reading (庵/処/家/園/寿司/々/志)
akita/akita,Dining,うなぎ処ふく家 秋田泉店,Unagi Tokoro Fuku Ie Akita Izumi Branch,Unagi Dokoro Fukuya Akita Izumi Branch,careful reading (庵/処/家/園/寿司/々/志)
akita/akita,Dining,酔って家,Yotsu Te Ie,Yotsu Teya,careful reading (庵/処/家/園/寿司/々/志)
akita/akita,Dining,ラーメン山岡家  秋田寺内店,Ramen Yamaoka Ie Akita Terauchi Branch,Ramen Yamaokaya Akita Terauchi Branch,careful reading (庵/処/家/園/寿司/々/志)
akita/akita,Dining,麺・酒処 さくら軒,Men Sake Tokoro Sakura Ken,Men Sake Dokoro Sakura Ken,careful reading (庵/処/家/園/寿司/々/志)
akita/akita,Dining,浜真寿司,Hama Masumi Tsukasa,Hama Makoto Sushi,careful reading (庵/処/家/園/寿司/々/志)
akita/akita,Dining,手打蕎麦湊庵,Teuchi Soba Minato Iori,Teuchi Soba Minato-an,careful reading (庵/処/家/園/寿司/々/志)
akita/akita,Dining,お食事処 北さん家,O Shokuji Tokoro Kita San Ie,O Shokuji Dokoro Kita Sanya,careful reading (庵/処/家/園/寿司/々/志)
akita/akita,Dining,焼肉冷麺やまなか家 山王臨海店,Yakiniku Reimen Yamanaka Ie Sannō Rinkai Branch,Yakiniku Reimen Yamanakaya Sannō Rinkai Branch,careful reading (庵/処/家/園/寿司/々/志)
akita/akita,Dining,おみやげ処 こまち苑,Omiyage Tokoro Komachi En,Omiyage Dokoro Komachi En,careful reading (庵/処/家/園/寿司/々/志)
akita/daisen-05212,Dining,崎さん家,Saki San Ie,Saki Sanya,careful reading (庵/処/家/園/寿司/々/志)
akita/daisen-05212,Dining,焼肉 ほむら家 大仙店,Yakiniku Homura Ie Daisen Branch,Yakiniku Homuraya Daisen Branch,careful reading (庵/処/家/園/寿司/々/志)
akita/daisen-05212,Dining,ばん酌家 まんまる,Ban Shaku Ie Manmaru,Ban Shakuya Manmaru,careful reading (庵/処/家/園/寿司/々/志)
akita/daisen-05212,Dining,台湾料理 六順園,Taiwan Ryōri Roku Jun Sono,Taiwan Ryōri Roku Jun-en,careful reading (庵/処/家/園/寿司/々/志)
akita/daisen-05212,Dining,カツから家,Katsu Kara Ie,Katsu Karaya,careful reading (庵/処/家/園/寿司/々/志)
akita/daisen-05212,Dining,寿し半,Hisashi Shi Han,Sushi Han,careful reading (庵/処/家/園/寿司/々/志)
akita/daisen-05212,Dining,余目 そば処,Amarume Soba Tokoro,Amarume Soba Dokoro,careful reading (庵/処/家/園/寿司/々/志)
akita/daisen-05212,Dining,越後秘蔵麺 無尽蔵 だいせん家,Echigo Hizō Men Mujinzō Daisen Ie,Echigo Hizō Men Mujinzō Daisenya,careful reading (庵/処/家/園/寿司/々/志)
akita/daisen-05212,Dining,お茶の井ヶ田 喜久水庵 イオンモール大曲店,O Cha no I Ke Ta Yoshihisa Mizu Iori Aeon Mall Ōmagari Branch,O Cha no I Ke Ta Yoshihisa Mizu-an Aeon Mall Ōmagari Branch,careful reading (庵/処/家/園/寿司/々/志)
akita/daisen-05212,Dining,ホルモン家てつ,Horumon Ie Tetsu,Horumonya Tetsu,careful reading (庵/処/家/園/寿司/々/志)
akita/daisen-05212,Dining,食事処 いおり,Shokuji Tokoro Iori,Shokuji Dokoro Iori,careful reading (庵/処/家/園/寿司/々/志)
akita/daisen-05212,Dining,和食庵 東兵衛屋敷,Washoku Iori Higashi Bē Yashiki,Washoku-an Higashi Bē Yashiki,careful reading (庵/処/家/園/寿司/々/志)
akita/daisen-05212,Dining,お菓子処 花咲,O Kashi Tokoro Hanasaki,O Kashi Dokoro Hanasaki,careful reading (庵/処/家/園/寿司/々/志)
akita/daisen-05212,Dining,居酒屋厨房 みっつん家,Izakaya Chūbō Mittsun Ie,Izakaya Chūbō Mittsunya,careful reading (庵/処/家/園/寿司/々/志)
akita/daisen-05212,Dining,もつ煮処 ちゃみせ,Motsu ni Tokoro Chamise,Motsu ni Dokoro Chamise,careful reading (庵/処/家/園/寿司/々/志)
akita/fujisato,Dining,お食事処憩,O Shokuji Tokoro Kei,O Shokuji Dokoro Kei,careful reading (庵/処/家/園/寿司/々/志)
akita/gojome,Dining,沢寿し,Sawa Hisashi Shi,Sawa Sushi,careful reading (庵/処/家/園/寿司/々/志)
akita/gojome,Dining,食事処 だまこ庵,Shokuji Tokoro Damako Iori,Shokuji Dokoro Damako-an,careful reading (庵/処/家/園/寿司/々/志)
akita/gojome,Dining,小池こまち,Koike Komachi,Oikekomachi,tabelog listing reading: オイケコマチ
akita/hachirogata,Dining,土橋開正堂,Dobashi Kai Seidō,Dobashi Kaishodo,tabelog listing reading: どばしかいしょうどう
akita/hachirogata,Dining,寿し食事処真つり,Hisashi Shi Shokuji Tokoro Makoto Tsuri,Sushi Shokuji Dokoro Makoto Tsuri,careful reading (庵/処/家/園/寿司/々/志)
akita/hachirogata,Dining,松月堂,Matsuzuki Dō,Shogetsudo,tabelog listing reading: ショウゲツドウ
akita/kamikoani,Dining,お食事処 憩,O Shokuji Tokoro Kei,O Shokuji Dokoro Kei,careful reading (庵/処/家/園/寿司/々/志)
akita/katagami,Dining,そば処 安澄,Soba Tokoro An Sumi,Soba Dokoro An Sumi,careful reading (庵/処/家/園/寿司/々/志)
akita/katagami,Dining,酔り処 感喜,Sui Ri Tokoro Kan Ki,Sui Ri Dokoro Kan Ki,careful reading (庵/処/家/園/寿司/々/志)
akita/katagami,Dining,鼎庵,Kanae Iori,Kanae-an,careful reading (庵/処/家/園/寿司/々/志)
akita/katagami,Dining,御食事処 しぶき,Mike Koto Tokoro Shibuki,O Shokuji Dokoro Shibuki,careful reading (庵/処/家/園/寿司/々/志)
akita/kazuno,Dining,お食事処 あんべ,O Shokuji Tokoro Anbe,O Shokuji Dokoro Anbe,careful reading (庵/処/家/園/寿司/々/志)
akita/kazuno,Dining,福寿司,Fukuju Tsukasa,Fuku Sushi,careful reading (庵/処/家/園/寿司/々/志)
akita/kazuno,Dining,寿賀,Hisashi ga,Suga,tabelog listing reading: スガ
akita/kazuno,Dining,食事処能登,Shokuji Tokoro Noto,Shokuji Dokoro Noto,careful reading (庵/処/家/園/寿司/々/志)
akita/kazuno,Dining,酒処真紀,Sake Tokoro Maki,Sake Dokoro Maki,careful reading (庵/処/家/園/寿司/々/志)
akita/kitaakita,Dining,紫園,Murasaki Sono,Shien,tabelog listing reading: シエン
akita/kitaakita,Dining,四季美館お食事処かたりべ,Shiki Bi Kan o Shokuji Tokoro Kataribe,Shiki Bi Kan o Shokuji Dokoro Kataribe,careful reading (庵/処/家/園/寿司/々/志)
akita/kitaakita,Dining,そば処 池田屋,Soba Tokoro Ikeda ya,Soba Dokoro Ikeda ya,careful reading (庵/処/家/園/寿司/々/志)
akita/kitaakita,Dining,万来寿し,Banrai Hisashi Shi,Banrai Sushi,careful reading (庵/処/家/園/寿司/々/志)
akita/kitaakita,Dining,そば処 めん六や 秋田たかのす店,Soba Tokoro Men Roku ya Akita Takanosu Branch,Soba Dokoro Men Roku ya Akita Takanosu Branch,careful reading (庵/処/家/園/寿司/々/志)
akita/kitaakita,Dining,みうら庵,Miura Iori,Miura-an,careful reading (庵/処/家/園/寿司/々/志)
akita/kitaakita,Dining,花咲菓家,Hanasaki Ka Ie,Hanasaki Kaya,careful reading (庵/処/家/園/寿司/々/志)
akita/kosaka,Dining,伊勢家 大昌園,Ise Ie Dai Masa Sono,Iseya Dai Masa-en,careful reading (庵/処/家/園/寿司/々/志)
akita/misato-05434,Dining,若清水,Jaku Shimizu,Wakashimizu,tabelog listing reading: ワカシミズ
akita/misato-05434,Dining,とし美寿司,Toshi Miyo Tsukasa,Toshi Bi Sushi,careful reading (庵/処/家/園/寿司/々/志)
akita/misato-05434,Dining,お食事処 雁の里,O Shokuji Tokoro Gan no Sato,O Shokuji Dokoro Gan no Sato,careful reading (庵/処/家/園/寿司/々/志)
akita/nikaho,Dining,家満喜屋,Ie Maki ya,Yamakiya,tabelog listing reading: やまきや
akita/nikaho,Dining,お食事処 縁司,O Shokuji Tokoro Heri Tsukasa,O Shokuji Dokoro Heri Tsukasa,careful reading (庵/処/家/園/寿司/々/志)
akita/nikaho,Dining,みや蔵,Miya Kura,Miyazo,tabelog listing reading: みやぞう
akita/nikaho,Dining,甘味処 金峰園,Amami Tokoro Kinpō Sono,Amami Dokoro Kinpō Sono,careful reading (庵/処/家/園/寿司/々/志)
akita/nikaho,Dining,海鮮処 魚吉,Kaisen Tokoro Sakana Kichi,Kaisen Dokoro Sakana Kichi,careful reading (庵/処/家/園/寿司/々/志)
akita/nikaho,Dining,粋匠庵,Sui Takumi Iori,Suishoan,tabelog listing reading: すいしょうあん
akita/nikaho,Dining,鮨処二彩,Sushi Tokoro ni Sai,Sushi Dokoro ni Sai,careful reading (庵/処/家/園/寿司/々/志)
akita/nikaho,Dining,上郷庵,Kamisato Iori,Kamisato-an,careful reading (庵/処/家/園/寿司/々/志)
akita/nikaho,Dining,おさかな処 どうらく,Osakana Tokoro Dōraku,Osakana Dokoro Dōraku,careful reading (庵/処/家/園/寿司/々/志)
akita/nikaho,Dining,まめ家,Mame Ie,Mameya,careful reading (庵/処/家/園/寿司/々/志)
akita/nikaho,Dining,お食事処 マサ苑,O Shokuji Tokoro Masa En,O Shokuji Dokoro Masa En,careful reading (庵/処/家/園/寿司/々/志)
akita/nikaho,Dining,美松,Bishō,Mimatsu,tabelog listing reading: ミマツ
akita/nikaho,Dining,米乃家 ねむの丘店,Kome no Ie Nemuno Oka Branch,Kome Noya Nemuno Oka Branch,careful reading (庵/処/家/園/寿司/々/志)
akita/noshiro,Dining,乃しろ庵 バイパス店,No Shiro Iori Bypass Branch,No Shiro-an Bypass Branch,careful reading (庵/処/家/園/寿司/々/志)
akita/noshiro,Dining,かつれつ庵,Katsuretsu Iori,Katsuretsu-an,careful reading (庵/処/家/園/寿司/々/志)
akita/noshiro,Dining,乃しろ庵 向能代店,No Shiro Iori Kō Noshiro Branch,No Shiro-an Kō Noshiro Branch,careful reading (庵/処/家/園/寿司/々/志)
akita/noshiro,Dining,大昌園 バイパス店,Dai Masa Sono Bypass Branch,Dai Masa-en Bypass Branch,careful reading (庵/処/家/園/寿司/々/志)
akita/noshiro,Dining,手打そば処 弐八矢,Teuchi Soba Tokoro ni Hachiya,Teuchi Soba Dokoro ni Hachiya,careful reading (庵/処/家/園/寿司/々/志)
akita/noshiro,Dining,大昌園 新橋店,Dai Masa Sono Shinbashi Branch,Dai Masa-en Shinbashi Branch,careful reading (庵/処/家/園/寿司/々/志)
akita/noshiro,Dining,麺職人 暖家,Men Shokunin Dan Ie,Men Shokunin Danya,careful reading (庵/処/家/園/寿司/々/志)
akita/noshiro,Dining,料亭魚松,Ryōtei Sakana Matsu,Ryotei Uomatsu,tabelog listing reading: リョウテイウオマツ
akita/noshiro,Dining,呑み処 だるまさん,Nomi Tokoro Darumasan,Nomi Dokoro Darumasan,careful reading (庵/処/家/園/寿司/々/志)
akita/noshiro,Dining,麺家 ちょ古蔵,Men Ie Cho Ko Kura,Menya Cho Ko Kura,careful reading (庵/処/家/園/寿司/々/志)
akita/noshiro,Dining,大昌園 本店,Dai Masa Sono Honten,Dai Masa-en Honten,careful reading (庵/処/家/園/寿司/々/志)
akita/noshiro,Dining,天屋椀家,Ten ya Wan Ie,Ten ya Wanya,careful reading (庵/処/家/園/寿司/々/志)
akita/noshiro,Dining,鮨待夢,Sushi Tai Yume,Sushi Taimu,tabelog listing reading: スシタイム
akita/noshiro,Dining,酒処やぎ,Sake Tokoro Yagi,Sake Dokoro Yagi,careful reading (庵/処/家/園/寿司/々/志)
akita/noshiro,Dining,お食事処 竹林,O Shokuji Tokoro Chikurin,O Shokuji Dokoro Chikurin,careful reading (庵/処/家/園/寿司/々/志)
akita/noshiro,Dining,松風庵,Matsukaze Iori,Matsukaze-an,careful reading (庵/処/家/園/寿司/々/志)
akita/noshiro,Dining,田畑園,Tahata Sono,Tahata-en,careful reading (庵/処/家/園/寿司/々/志)
akita/odate,Dining,食べ処谷地,Tabe Tokoro Yachi,Tabe Dokoro Yachi,careful reading (庵/処/家/園/寿司/々/志)
akita/odate,Dining,重寿司,Shigetoshi Tsukasa,Ju Sushi,careful reading (庵/処/家/園/寿司/々/志)
akita/odate,Dining,斎藤みそ家,Saitō Miso Ie,Saitō Misoya,careful reading (庵/処/家/園/寿司/々/志)
akita/odate,Dining,松囃子,Matsu Hayashi,Matsubayashi,tabelog listing reading: まつばやし
akita/odate,Dining,食事処　杉や,Shokuji Tokoro Sugi ya,Shokuji Dokoro Sugi ya,careful reading (庵/処/家/園/寿司/々/志)
akita/odate,Dining,お食事処 吉峰,O Shokuji Tokoro Yoshimine,O Shokuji Dokoro Yoshimine,careful reading (庵/処/家/園/寿司/々/志)
akita/odate,Dining,天平,Tenpyō,Tenpei,tabelog listing reading: てんぺい
akita/odate,Dining,産直処 さんのう,Sanchoku Tokoro Sannō,Sanchoku Dokoro Sannō,careful reading (庵/処/家/園/寿司/々/志)
akita/odate,Dining,大昌園,Dai Masa Sono,Dai Masa-en,careful reading (庵/処/家/園/寿司/々/志)
akita/odate,Dining,呑み食い処 纏,Nomi Kui Tokoro Matoi,Nomi Kui Dokoro Matoi,careful reading (庵/処/家/園/寿司/々/志)
akita/odate,Dining,柴田庵,Shibata Iori,Shibata-an,careful reading (庵/処/家/園/寿司/々/志)
akita/odate,Dining,粉もん家はち,Kona Mon Ie Hachi,Kona Monya Hachi,careful reading (庵/処/家/園/寿司/々/志)
akita/odate,Dining,かいぐい処 夢〇,Kaigui Tokoro Yume,Kaigui Dokoro Yume,careful reading (庵/処/家/園/寿司/々/志)
akita/odate,Dining,北の國庵,Kita no Kuni Iori,Kita no Kunian,tabelog listing reading: キタノクニアン
akita/odate,Dining,お食事処 郷愁亭,O Shokuji Tokoro Kyōshū Tei,O Shokuji Dokoro Kyōshū Tei,careful reading (庵/処/家/園/寿司/々/志)
akita/odate,Dining,滝寿し,Taki Hisashi Shi,Taki Sushi,careful reading (庵/処/家/園/寿司/々/志)
akita/odate,Dining,酒処おばこ、,Sake Tokoro Obako,Sake Dokoro Obako,careful reading (庵/処/家/園/寿司/々/志)
akita/odate,Dining,なにわ寿し,Naniwa Hisashi Shi,Naniwa Sushi,careful reading (庵/処/家/園/寿司/々/志)
akita/odate,Dining,酒処琴,Sake Tokoro Kon,Sake Dokoro Kon,careful reading (庵/処/家/園/寿司/々/志)
akita/odate,Dining,光月,Kōgetsu,Kozuki,tabelog listing reading: こうづき
akita/odate,Dining,健生堂,Takeo Dō,Kenseido,tabelog listing reading: ケンセイドウ
akita/odate,Dining,かづの庵,Kazuno Iori,Kazuno-an,careful reading (庵/処/家/園/寿司/々/志)
akita/oga,Dining,美野幸,Mino Sachi,Minoko,tabelog listing reading: みのこう
akita/oga,Dining,亀寿司食堂,Kameju Tsukasa Shokudō,Kamezushi Shokudo,tabelog listing reading: かめずししょくどう
akita/oga,Dining,福の家,Fuku no Ie,Fuku noya,tabelog listing reading: ふくのや
akita/oga,Dining,お食事処 寿し正,O Shokuji Tokoro Hisashi Shi Sei,O Shokuji Dokoro Sushi Sei,careful reading (庵/処/家/園/寿司/々/志)
akita/oga,Dining,島の家,Shima no Ie,Shima noya,tabelog listing reading: しまのや
akita/oga,Dining,公寿司,Kinhisa Tsukasa,Ko Sushi,careful reading (庵/処/家/園/寿司/々/志)
akita/oga,Dining,きたでぇ すだ家,Kitadē Suda Ie,Kitadē Sudaya,careful reading (庵/処/家/園/寿司/々/志)
akita/oga,Dining,玉乃家,Tamano Ie,Tamanoya,careful reading (庵/処/家/園/寿司/々/志)
akita/oga,Dining,洒鈴奴,Sha Suzu Yatsu,Shareido,tabelog listing reading: シャレイド
akita/oga,Dining,お食事処・おにぎり 桃,O Shokuji Tokoro Onigiri Momo,O Shokuji Dokoro Onigiri Momo,careful reading (庵/処/家/園/寿司/々/志)
akita/oga,Dining,幟,Shi,Nobori,tabelog listing reading: のぼり
akita/oga,Dining,海菜,Umi na,Kaisai,tabelog listing reading: カイサイ
akita/semboku,Stay,孫六温泉　六庵,Magoroku Onsen Roku Iori,Magoroku Onsen Roku-an,careful reading (庵/処/家/園/寿司/々/志)
akita/semboku,Dining,手打そば 野の花庵,Teuchi Soba no no Hana Iori,Teuchi Soba no no Hana-an,careful reading (庵/処/家/園/寿司/々/志)
akita/semboku,Dining,船場 龍水庵,Senba Ryū Mizu Iori,Senba Ryū Mizu-an,careful reading (庵/処/家/園/寿司/々/志)
akita/semboku,Dining,みちのく食事処,Michinoku Shokuji Tokoro,Michinoku Shokuji Dokoro,careful reading (庵/処/家/園/寿司/々/志)
akita/semboku,Dining,月の栞,Gatsu no Shiori,Tsuki no Shiori,tabelog listing reading: ツキノシオリ
akita/semboku,Dining,お食事処 ばっきゃ,O Shokuji Tokoro Bakkya,O Shokuji Dokoro Bakkya,careful reading (庵/処/家/園/寿司/々/志)
akita/semboku,Dining,田舎の手打ちそば　すが家,Inaka no Teuchi Chisoba Suga Ie,Inaka no Teuchi Chisoba Sugaya,careful reading (庵/処/家/園/寿司/々/志)
akita/semboku,Dining,かしわ家,Kashiwa Ie,Kashiwaya,careful reading (庵/処/家/園/寿司/々/志)
akita/semboku,Dining,小倉園,Ogura Sono,Ogura-en,careful reading (庵/処/家/園/寿司/々/志)
akita/semboku,Dining,寿し処 くまがい,Hisashi Shi Tokoro Kumagai,Sushi Dokoro Kumagai,careful reading (庵/処/家/園/寿司/々/志)
akita/semboku,Dining,だるま寿し,Daruma Hisashi Shi,Daruma Sushi,careful reading (庵/処/家/園/寿司/々/志)
akita/semboku,Dining,なか志ま旅館(お食事処),Naka Kokorozashi Ma Ryokan o Shokuji Tokoro,Naka Shi Ma Ryokan o Shokuji Dokoro,careful reading (庵/処/家/園/寿司/々/志)
akita/semboku,Dining,花上庵,Hanaue Iori,Kajoan,tabelog listing reading: カジョウアン
akita/semboku,Dining,お食事処 庵,O Shokuji Tokoro Iori,O Shokuji Dokoro Iori,careful reading (庵/処/家/園/寿司/々/志)
akita/semboku,Dining,地酒処 君ちゃん,Jizake Tokoro Kun Chan,Jizake Dokoro Kun Chan,careful reading (庵/処/家/園/寿司/々/志)
akita/semboku,Dining,寿し文,Hisashi Shi Bun,Sushi Bun,careful reading (庵/処/家/園/寿司/々/志)
akita/semboku,Dining,藤寿し,Fuji Hisashi Shi,Fuji Sushi,careful reading (庵/処/家/園/寿司/々/志)
akita/semboku,Dining,食事処松月,Shokuji Tokoro Matsuzuki,Shokuji Dokoro Matsuzuki,careful reading (庵/処/家/園/寿司/々/志)
akita/semboku,Dining,佐々木栗園,Sasaki Kuri Sono,Sasaki Kuri-en,careful reading (庵/処/家/園/寿司/々/志)
akita/semboku,Dining,おみやげ処 角館の四季,Omiyage Tokoro Kakunodate no Shiki,Omiyage Dokoro Kakunodate no Shiki,careful reading (庵/処/家/園/寿司/々/志)
akita/semboku,Dining,ここのつ豆,Kokonotsu Mame,Kokonotsuto,tabelog listing reading: ココノツトウ
akita/semboku,Dining,茶茶喜,Chacha Ki,Sasaki,tabelog listing reading: ササキ
akita/semboku,Dining,結び庵,Musubi Iori,Musubian,tabelog listing reading: むすびあん
akita/semboku,Dining,久之助栗園,Hisanosuke Kuri Sono,Hisanosuke Kuri-en,careful reading (庵/処/家/園/寿司/々/志)
akita/ugo,Dining,そば処 長谷山,Soba Tokoro Haseyama,Soba Dokoro Haseyama,careful reading (庵/処/家/園/寿司/々/志)
akita/ugo,Dining,香や,Kaori ya,Kaya,tabelog listing reading: かや
akita/yokote,Dining,そば処　はやし,Soba Tokoro Hayashi,Soba Dokoro Hayashi,careful reading (庵/処/家/園/寿司/々/志)
akita/yokote,Dining,平花とんぼ,Taira Hana Tonbo,Hirakatonbo,tabelog listing reading: ヒラカトンボ
akita/yokote,Dining,千真庵,Chima Iori,Senshin'an,tabelog listing reading: せんしんあん
akita/yokote,Dining,樹楽庵,Ki Raku Iori,Kirakuan,tabelog listing reading: キラクアン
akita/yokote,Dining,さけ処和凛,Sake Tokoro wa Rin,Sake Dokoro wa Rin,careful reading (庵/処/家/園/寿司/々/志)
akita/yokote,Dining,佐々平商店,Sassa Taira Shōten,Sasahei Shoten,tabelog listing reading: ササヘイショウテン
akita/yokote,Dining,いっぷく処 いもや,Ippuku Tokoro Imoya,Ippuku Dokoro Imoya,careful reading (庵/処/家/園/寿司/々/志)
akita/yokote,Dining,ちょい呑み処 夕月,Choi Nomi Tokoro Yūzuki,Choi Nomi Dokoro Yūzuki,careful reading (庵/処/家/園/寿司/々/志)
akita/yokote,Dining,横浜家系ラーメン 浜乃家,Yokohama Kakei Ramen Hama no Ie,Yokohama Kakei Ramen Hama Noya,careful reading (庵/処/家/園/寿司/々/志)
akita/yokote,Dining,手打ちそば処 川嶋,Teuchi Chisoba Tokoro Kawashima,Teuchi Chisoba Dokoro Kawashima,careful reading (庵/処/家/園/寿司/々/志)
akita/yokote,Dining,平源,Taira Gen,Hiragen,tabelog listing reading: ヒラゲン
akita/yokote,Dining,旨味処出端屋,Umami Tokoro Deha ya,Umami Dokoro Deha ya,careful reading (庵/処/家/園/寿司/々/志)
akita/yokote,Dining,和蘭,Oranda,Karan,tabelog listing reading: カラン
akita/yokote,Dining,お食事処 林泉堂,O Shokuji Tokoro Rinsen Dō,O Shokuji Dokoro Rinsen Dō,careful reading (庵/処/家/園/寿司/々/志)
akita/yokote,Dining,まめでら家,Mamedera Ie,Mamederaya,tabelog listing reading: マメデラヤ
akita/yokote,Dining,朝菊,Asa Kiku,Asagiku,tabelog listing reading: あさぎく
akita/yokote,Dining,そば処 木こりん,Soba Tokoro Ki Korin,Soba Dokoro Ki Korin,careful reading (庵/処/家/園/寿司/々/志)
akita/yokote,Dining,そば処いち膳,Soba Tokoro Ichi Zen,Soba Dokoro Ichi Zen,careful reading (庵/処/家/園/寿司/々/志)
akita/yokote,Dining,ほっこり処 福多朗,Hokkori Tokoro Fuku Tarō,Hokkori Dokoro Fuku Tarō,careful reading (庵/処/家/園/寿司/々/志)
akita/yokote,Dining,浅舞酒造,Sen Mai Shuzō,Asamai Shuzo,tabelog listing reading: アサマイシュゾウ
akita/yokote,Dining,真山,Mayama,Shinzan,tabelog listing reading: シンザン
akita/yokote,Dining,居酒屋 へべれ家,Izakaya Hebere Ie,Izakaya Hebereya,careful reading (庵/処/家/園/寿司/々/志)
akita/yokote,Dining,南風園,Hae Sono,Hae-en,careful reading (庵/処/家/園/寿司/々/志)
akita/yokote,Dining,真人山荘,Masato Sansō,Matosanso,tabelog listing reading: マトサンソウ
akita/yokote,Dining,和食処 和味,Washoku Tokoro wa Aji,Washoku Dokoro wa Aji,careful reading (庵/処/家/園/寿司/々/志)
akita/yokote,Dining,寿司、お食事処 与太郎,Sushi o Shokuji Tokoro Yotarō,Sushi o Shokuji Dokoro Yotarō,careful reading (庵/処/家/園/寿司/々/志)
akita/yokote,Dining,スナック寿し,Snack Hisashi Shi,Snack Sushi,careful reading (庵/処/家/園/寿司/々/志)
akita/yokote,Dining,ごっつぉ庵,Gottsuo Iori,Gottsuo-an,careful reading (庵/処/家/園/寿司/々/志)
akita/yokote,Dining,甘味処 佐乃家,Amami Tokoro Sa no Ie,Amami Dokoro Sa Noya,careful reading (庵/処/家/園/寿司/々/志)
akita/yokote,Dining,晴家,Haruie,Seiya,careful reading (庵/処/家/園/寿司/々/志)
akita/yokote,Dining,ちょい飲み処 菜・彩,Choi Nomi Tokoro na Sai,Choi Nomi Dokoro na Sai,careful reading (庵/処/家/園/寿司/々/志)
akita/yokote,Dining,ふるさと家,Furusato Ie,Furusatoya,careful reading (庵/処/家/園/寿司/々/志)
akita/yokote,Dining,遊家,Yū Ie,Yuya,tabelog listing reading: ユウヤ
akita/yokote,Dining,鶏祐,Niwatori Suke,Keisuke,tabelog listing reading: ケイスケ
akita/yokote,Dining,銘菓処 木村屋 よねやハッピータウン店,Meika Tokoro Kimura ya Yoneya Happy Town Branch,Meika Dokoro Kimura ya Yoneya Happy Town Branch,careful reading (庵/処/家/園/寿司/々/志)
akita/yokote,Dining,さくら庵,Sakura Iori,Sakura-an,careful reading (庵/処/家/園/寿司/々/志)
akita/yokote,Dining,山内漬本舗,Yamauchi Shi Honpo,Sannaizuke Honpo,tabelog listing reading: サンナイヅケホンポ
akita/yokote,Dining,あん庵,An Iori,An-an,careful reading (庵/処/家/園/寿司/々/志)
akita/yokote,Dining,囲蕗李,I Fuki Sumomo,Irori,tabelog listing reading: イロリ
akita/yokote,Dining,菜女,Na Onna,Saijo,tabelog listing reading: サイジョ
akita/yurihonjo,Dining,焼肉 ほむら家 本荘店,Yakiniku Homura Ie Honjō Branch,Yakiniku Homuraya Honjō Branch,careful reading (庵/処/家/園/寿司/々/志)
akita/yurihonjo,Dining,鼓志,Tsuzumi Kokorozashi,Koshi,tabelog listing reading: こし
akita/yurihonjo,Dining,千年桜,Sennen Sakura,Sennenzakura,tabelog listing reading: センネンザクラ
akita/yurihonjo,Dining,美徳,Bitoku,Mitoku,tabelog listing reading: ミトク
akita/yurihonjo,Dining,斉惣商店,Sei Sō Shōten,Saiso Shoten,tabelog listing reading: サイソウショウテン
akita/yurihonjo,Dining,まんぷく処 田吾作,Manpuku Tokoro Tagosaku,Manpuku Dokoro Tagosaku,careful reading (庵/処/家/園/寿司/々/志)
akita/yurihonjo,Dining,松乃寿し,Matsuno Hisashi Shi,Matsuno Sushi,careful reading (庵/処/家/園/寿司/々/志)
akita/yurihonjo,Dining,なにはともあれ 笑が家,Nanihatomoare Warai ga Ie,Nanihatomoare Warai Gaya,careful reading (庵/処/家/園/寿司/々/志)
akita/yurihonjo,Dining,鈴基,Suzu Moto,Suzuki,tabelog listing reading: スズキ
akita/yurihonjo,Dining,松月園,Matsuzuki Sono,Matsuzuki-en,careful reading (庵/処/家/園/寿司/々/志)
akita/yurihonjo,Dining,東光園,Tōkō Sono,Tokoen,tabelog listing reading: トウコウエン
akita/yurihonjo,Dining,お食事処 はなしょうぶ,O Shokuji Tokoro Hanashōbu,O Shokuji Dokoro Hanashōbu,careful reading (庵/処/家/園/寿司/々/志)
akita/yurihonjo,Dining,酔処 和さ美,Sui Tokoro Wasa Bi,Sui Dokoro Wasa Bi,careful reading (庵/処/家/園/寿司/々/志)
akita/yurihonjo,Dining,緑栄寿司,Midori Eiju Tsukasa,Midori Sakae Sushi,careful reading (庵/処/家/園/寿司/々/志)
akita/yurihonjo,Dining,いろは寿し,Iroha Hisashi Shi,Iroha Sushi,careful reading (庵/処/家/園/寿司/々/志)
akita/yurihonjo,Dining,飲み処 せっちゃん,Nomi Tokoro Setchan,Nomi Dokoro Setchan,careful reading (庵/処/家/園/寿司/々/志)
akita/yurihonjo,Dining,居酒屋　隠れ家,Izakaya Kakure Ie,Izakaya Kakureya,careful reading (庵/処/家/園/寿司/々/志)
akita/yurihonjo,Dining,菜らんど,Na Rando,Sairando,tabelog listing reading: サイランド
akita/yurihonjo,Dining,原田栄泉堂,Harada Sakae Sendō,Harataei Sendo,tabelog listing reading: ハラタエイセンドウ
akita/yurihonjo,Dining,湖風園,Mizūmi Kaze Sono,Mizūmi Kaze-en,careful reading (庵/処/家/園/寿司/々/志)
akita/yurihonjo,Dining,酒処 ゆきちゃん,Sake Tokoro Yukichan,Sake Dokoro Yukichan,careful reading (庵/処/家/園/寿司/々/志)
akita/yurihonjo,Dining,軽食処よしこさんのお店,Keishoku Tokoro Yoshikosannō Ten,Keishoku Dokoro Yoshikosannō Ten,careful reading (庵/処/家/園/寿司/々/志)
akita/yurihonjo,Dining,賄い処 金山,Wai I Tokoro Kanayama,Wai I Dokoro Kanayama,careful reading (庵/処/家/園/寿司/々/志)
akita/yurihonjo,Dining,寿し処　加津美,Hisashi Shi Tokoro Katsumi,Sushi Dokoro Katsumi,careful reading (庵/処/家/園/寿司/々/志)
akita/yuzawashi,Dining,天ぷら 正心庵,Tenpura Seishin Iori,Tenpura Seishin-an,careful reading (庵/処/家/園/寿司/々/志)
akita/yuzawashi,Dining,かえで庵,Kaede Iori,Kaedean,tabelog listing reading: かえであん
akita/yuzawashi,Dining,広寿し,Kō Hisashi Shi,Kō Sushi,careful reading (庵/処/家/園/寿司/々/志)
akita/yuzawashi,Dining,五拾五番,Go Shū Goban,Gojugoban,tabelog listing reading: ごじゅうごばん
akita/yuzawashi,Dining,そば処 源蔵,Soba Tokoro Genzō,Soba Dokoro Genzō,careful reading (庵/処/家/園/寿司/々/志)
akita/yuzawashi,Dining,一家,Ikka,Ichiya,tabelog listing reading: イチヤ
akita/yuzawashi,Dining,そば処　橘,Soba Tokoro Tachibana,Soba Dokoro Tachibana,careful reading (庵/処/家/園/寿司/々/志)
akita/yuzawashi,Dining,御食事処大さと,Mike Koto Tokoro Taisa to,O Shokuji Dokoro Taisa to,careful reading (庵/処/家/園/寿司/々/志)
akita/yuzawashi,Dining,小町園,Komachi Sono,Komachi-en,careful reading (庵/処/家/園/寿司/々/志)
akita/yuzawashi,Dining,鮎乃家,Ayu no Ie,Ayunoya,tabelog listing reading: アユノヤ
akita/yuzawashi,Dining,雄勝野きむらや,Okatsu no Kimuraya,Ogachinokimuraya,tabelog listing reading: オガチノキムラヤ
akita/yuzawashi,Dining,稲庭うどん処 佐藤養助 養心館,Inaniwa Udon Tokoro Satō Yōsuke Yō Kokoro Kan,Inaniwa Udon Dokoro Satō Yōsuke Yō Kokoro Kan,careful reading (庵/処/家/園/寿司/々/志)
akita/yuzawashi,Dining,寿し幸,Hisashi Shi Sachi,Sushi Sachi,careful reading (庵/処/家/園/寿司/々/志)
akita/yuzawashi,Dining,両関酒造,Ryō Kan Shuzō,Ryozeki Shuzo,tabelog listing reading: リョウゼキシュゾウ
akita/yuzawashi,Dining,二番蔵,Niban Kura,Nibangura,tabelog listing reading: ニバングラ
akita/yuzawashi,Dining,寿し処 銀平,Hisashi Shi Tokoro Ginpei,Sushi Dokoro Ginpei,careful reading (庵/処/家/園/寿司/々/志)
akita/yuzawashi,Dining,あつまり処あきこ,Atsumari Tokoro Akiko,Atsumari Dokoro Akiko,careful reading (庵/処/家/園/寿司/々/志)
akita/yuzawashi,Dining,別館 養心庵,Bekkan Yō Kokoro Iori,Bekkan Yō Kokoro-an,careful reading (庵/処/家/園/寿司/々/志)
akita/yuzawashi,Dining,食事処 仙楽,Shokuji Tokoro Sengaku,Shokuji Dokoro Sengaku,careful reading (庵/処/家/園/寿司/々/志)
akita/yuzawashi,Dining,野土花,No Tsuchi Hana,Nodoka,tabelog listing reading: ノドカ
akita/yuzawashi,Dining,工房六義庵,Kōbō Rikugi Iori,Kobo Rokugian,tabelog listing reading: コウボウロクギアン
akita/yuzawashi,Dining,ひで家,Hide Ie,Hideya,careful reading (庵/処/家/園/寿司/々/志)
akita/yuzawashi,Dining,和処美月,Wa Tokoro Mitsuki,Wa Dokoro Mitsuki,careful reading (庵/処/家/園/寿司/々/志)
fukuoka/akamura,Dining,古民家カフェ・そば処 みどり,Ko Minka Cafe Soba Tokoro Midori,Ko Minka Cafe Soba Dokoro Midori,careful reading (庵/処/家/園/寿司/々/志)
fukuoka/asakura,Stay,秋月温泉　料亭旅館　清流庵,Akizuki Onsen Ryoutei Ryokan Seiryuu Iori,Akizuki Onsen Ryoutei Ryokan Seiryu-an,careful reading (庵/処/家/園/寿司/々/志)
fukuoka/asakura,Dining,廣久葛本舗,Kou Kyuu Kuzu Honpo,Hirokyukuzu Honpo,tabelog listing reading: ひろきゅうくずほんぽ
fukuoka/asakura,Dining,満月食堂,Mangetsu Shokudo,Mizuki Shokudo,tabelog listing reading: ミヅキショクドウ
fukuoka/asakura,Dining,りんご庵,Ringo Iori,Ringo-an,careful reading (庵/処/家/園/寿司/々/志)
fukuoka/asakura,Dining,秋月 とうふ家,Akizuki Toufu Ie,Akizuki Tofuya,careful reading (庵/処/家/園/寿司/々/志)
fukuoka/asakura,Dining,阿さひ飴本舗 菓蔵家,A Sahi Ame Honpo Ka Kura Ie,A Sahi Ame Honpo Ka Kuraya,careful reading (庵/処/家/園/寿司/々/志)
fukuoka/asakura,Dining,三福食堂,Sanpuku Shokudo,Mifuku Shokudo,tabelog listing reading: みふくしょくどう
fukuoka/asakura,Dining,炭火処まるやま,Sumibi Tokoro Maruyama,Sumibi Dokoro Maruyama,careful reading (庵/処/家/園/寿司/々/志)
fukuoka/asakura,Dining,聚豊園,Ju Yutaka Sono,Ju Yutaka-en,careful reading (庵/処/家/園/寿司/々/志)
fukuoka/asakura,Dining,浪花寿し,Naniwa Hisashi Shi,Naniwa Sushi,careful reading (庵/処/家/園/寿司/々/志)
fukuoka/asakura,Dining,膳処 とと屋,Zen Tokoro Toto Ya,Zen Dokoro Toto Ya,careful reading (庵/処/家/園/寿司/々/志)
fukuoka/asakura,Dining,福寿司,Fukuju Tsukasa,Fuku Sushi,careful reading (庵/処/家/園/寿司/々/志)
fukuoka/asakura,Dining,そば処 利久庵,Soba Tokoro Toshihisa Iori,Soba Dokoro Toshihisa-an,careful reading (庵/処/家/園/寿司/々/志)
fukuoka/asakura,Dining,無量庵,Muryou Iori,Muryo-an,careful reading (庵/処/家/園/寿司/々/志)
fukuoka/asakura,Dining,和菓子処 興膳屋,Wagashi Tokoro Kyou Zen Ya,Wagashi Dokoro Kyou Zen Ya,careful reading (庵/処/家/園/寿司/々/志)
fukuoka/asakura,Dining,澗水,Kan Mizu,Kansui,tabelog listing reading: かんすい
fukuoka/asakura,Dining,らあめん処 六道,Raamen Tokoro Rikudou,Raamen Dokoro Rikudou,careful reading (庵/処/家/園/寿司/々/志)
fukuoka/asakura,Dining,和食そば処 うすの院,Washoku Soba Tokoro Usuno In,Washoku Soba Dokoro Usuno In,careful reading (庵/処/家/園/寿司/々/志)
fukuoka/asakura,Dining,美奈宜の舞 お食事処,Mina Gi No Mai O Shokuji Tokoro,Mina Gi No Mai O Shokuji Dokoro,careful reading (庵/処/家/園/寿司/々/志)
fukuoka/asakura,Dining,お食事処かりゆし,O Shokuji Tokoro Kariyushi,O Shokuji Dokoro Kariyushi,careful reading (庵/処/家/園/寿司/々/志)
fukuoka/asakura,Dining,原鶴温泉ホテル トップメガ伊藤園,Hara Tsuru Onsen Hotel Toppumega Itou Sono,Hara Tsuru Onsen Hotel Toppumega Ito-en,careful reading (庵/処/家/園/寿司/々/志)
fukuoka/asakura,Dining,暖家,Dan Ie,Danya,careful reading (庵/処/家/園/寿司/々/志)
fukuoka/asakura,Dining,宴処 麦わら食堂,Utage Tokoro Mugiwara Shokudo,Utage Dokoro Mugiwara Shokudo,careful reading (庵/処/家/園/寿司/々/志)
fukuoka/ashiyacho,Dining,串揚げ処 榮壽,Kushi Age Tokoro Eiju,Kushi Age Dokoro Eiju,careful reading (庵/処/家/園/寿司/々/志)
fukuoka/ashiyacho,Dining,炭火焼肉 ほむら庵,Sumibi Yakiniku Homura Iori,Sumibi Yakiniku Homura-an,careful reading (庵/処/家/園/寿司/々/志)
fukuoka/ashiyacho,Dining,寿し豊,Hisashi Shi Yutaka,Sushitoyo,tabelog listing reading: スシトヨ
fukuoka/ashiyacho,Dining,よっちゃん家,Yotchan Ie,Yotchanya,careful reading (庵/処/家/園/寿司/々/志)
fukuoka/ashiyacho,Dining,季ばら旨,Ki Bara Mune,Kibarashi,tabelog listing reading: キバラシ
fukuoka/ashiyacho,Dining,和食処みや川,Washoku Tokoro Miya Kawa,Washoku Dokoro Miya Kawa,careful reading (庵/処/家/園/寿司/々/志)
fukuoka/ashiyacho,Dining,食処酒処 かわしょう,Shoku Tokoro Sake Tokoro Kawashou,Shoku Dokoro Sake Dokoro Kawashou,careful reading (庵/処/家/園/寿司/々/志)
fukuoka/ashiyacho,Dining,弓音,Yumi Oto,Yumine,tabelog listing reading: ゆみね
fukuoka/ashiyacho,Dining,中嶌家,Nakajima Ie,Nakashimaya,tabelog listing reading: なかしまや
fukuoka/buzen,Dining,酒楽亭,Sakahogai Tei,Shurakutei,tabelog listing reading: シュラクテイ
fukuoka/buzen,Dining,食事処 いま村,Shokuji Tokoro Ima Mura,Shokuji Dokoro Ima Mura,careful reading (庵/処/家/園/寿司/々/志)
fukuoka/buzen,Dining,鮨処永しん,Sushi Tokoro Ei Shin,Sushi Dokoro Ei Shin,careful reading (庵/処/家/園/寿司/々/志)
fukuoka/buzen,Dining,食事処 鷹勝,Shokuji Tokoro Taka Kachi,Shokuji Dokoro Taka Kachi,careful reading (庵/処/家/園/寿司/々/志)
fukuoka/buzen,Dining,麻以虎,Asa I Tora,Maiko,tabelog listing reading: まいこ
fukuoka/buzen,Dining,カフェ山処,Cafe Yama Tokoro,Cafe Yama Dokoro,careful reading (庵/処/家/園/寿司/々/志)
fukuoka/buzen,Dining,しあわせパン工房 正心庵,Shiawase Pan Koubou Seishin Iori,Shiawase Pan Koubou Seishin-an,careful reading (庵/処/家/園/寿司/々/志)
fukuoka/buzen,Dining,げん寿し,Gen Hisashi Shi,Gen Sushi,careful reading (庵/処/家/園/寿司/々/志)
fukuoka/chikugo,Dining,めん処 龍の群れ,Men Tokoro Ryuu No Mure,Men Dokoro Ryuu No Mure,careful reading (庵/処/家/園/寿司/々/志)
fukuoka/chikugo,Dining,菓子処 中村屋,Kashi Tokoro Nakamuraya,Kashi Dokoro Nakamuraya,careful reading (庵/処/家/園/寿司/々/志)
fukuoka/chikugo,Dining,和処 ふじ村,Wa Tokoro Fuji Mura,Wa Dokoro Fuji Mura,careful reading (庵/処/家/園/寿司/々/志)
fukuoka/chikugo,Dining,東京庵,Toukyou Iori,Tokyo-an,careful reading (庵/処/家/園/寿司/々/志)
fukuoka/chikugo,Dining,もつ家 力,Motsu Ie Chikara,Motsuya Chikara,careful reading (庵/処/家/園/寿司/々/志)
fukuoka/chikugo,Dining,麺処あさひや,Men Tokoro Asahiya,Men Dokoro Asahiya,careful reading (庵/処/家/園/寿司/々/志)
fukuoka/chikugo,Dining,うら家,Ura Ie,Uraya,careful reading (庵/処/家/園/寿司/々/志)
fukuoka/chikugo,Dining,ぎょうざ工房鶴家,Gyouza Koubou Tsuru Ie,Gyouza Koubou Tsuruya,careful reading (庵/処/家/園/寿司/々/志)
fukuoka/chikugo,Dining,旬彩処　らく,Jun Sai Tokoro Raku,Jun Sai Dokoro Raku,careful reading (庵/処/家/園/寿司/々/志)
fukuoka/chikugo,Dining,大寿し,Dai Hisashi Shi,Dai Sushi,careful reading (庵/処/家/園/寿司/々/志)
fukuoka/chikugo,Dining,寿し割烹富士寿し,Hisashi Shi Kappou Fuji Hisashi Shi,Sushi Kappou Fuji Sushi,careful reading (庵/処/家/園/寿司/々/志)
fukuoka/chikujo,Dining,お食事処 龍馬,O Shokuji Tokoro Ryouma,O Shokuji Dokoro Ryouma,careful reading (庵/処/家/園/寿司/々/志)
fukuoka/chikujo,Dining,ニュー開城園,New Kaijou Sono,New Kaijo-en,careful reading (庵/処/家/園/寿司/々/志)
fukuoka/chikujo,Dining,清華園,Seika Sono,Seika-en,careful reading (庵/処/家/園/寿司/々/志)
fukuoka/chikujo,Dining,うどん雅,Udon Masa,Udon Miyabi,tabelog listing reading: うどんみやび
fukuoka/chikujo,Dining,深川寿し,Fukagawa Hisashi Shi,Fukagawa Sushi,careful reading (庵/処/家/園/寿司/々/志)
fukuoka/chikushino,Dining,月のささやき,Gatsu Nosasayaki,Tsukinosasayaki,tabelog listing reading: ツキノササヤキ
fukuoka/chikushino,Dining,菓子処　天本家,Kashi Tokoro Amamoto Ie,Kashi Dokoro Amamoto Ie,careful reading (庵/処/家/園/寿司/々/志)
fukuoka/chikuzen,Dining,味由,Aji Yu,Ajiyoshi,tabelog listing reading: あじよし
fukuoka/chikuzen,Dining,和食家 なかにし,Washoku Ie Nakanishi,Washokuya Nakanishi,careful reading (庵/処/家/園/寿司/々/志)
fukuoka/chikuzen,Dining,らいおん果実園,Raion Kajitsu Sono,Raion Kajitsu-en,careful reading (庵/処/家/園/寿司/々/志)
fukuoka/chikuzen,Dining,お食事処 隠れ家,O Shokuji Tokoro Kakure Ie,O Shokuji Dokoro Kakureya,careful reading (庵/処/家/園/寿司/々/志)
fukuoka/chikuzen,Dining,お食事処 えん,O Shokuji Tokoro En,O Shokuji Dokoro En,careful reading (庵/処/家/園/寿司/々/志)
fukuoka/chikuzen,Dining,呑み処 マルコウ,Nomi Tokoro Marukou,Nomi Dokoro Marukou,careful reading (庵/処/家/園/寿司/々/志)
fukuoka/dazaifu,Dining,梅の花 太宰府別荘 自然庵,Ume no Hana Dazaifu Bessō Shizen Iori,Ume no Hana Dazaifu Bessō Shizen-an,careful reading (庵/処/家/園/寿司/々/志)
fukuoka/dazaifu,Dining,寿し栄,Hisashi Shi Sakae,Sushiei,tabelog listing reading: すしえい
fukuoka/dazaifu,Dining,活魚廻転寿し 水天 大佐野店,Ikeuo Kaiten Hisashi Shi Suiten Taisa Yaten,Ikeuo Kaiten Sushi Suiten Taisa Yaten,careful reading (庵/処/家/園/寿司/々/志)
fukuoka/dazaifu,Dining,つどい処 ながの屋,Tsudoi Tokoro Nagano ya,Tsudoi Dokoro Nagano ya,careful reading (庵/処/家/園/寿司/々/志)
fukuoka/dazaifu,Dining,松島茶店,Matsushima Saten,Matsushima Chaten,tabelog listing reading: まつしまちゃてん
fukuoka/fukuchi,Dining,食事処信子,Shokuji Tokoro Nobuko,Shokuji Dokoro Nobuko,careful reading (庵/処/家/園/寿司/々/志)
fukuoka/fukuchi,Dining,うどん処いこい,Udon Tokoro Ikoi,Udon Dokoro Ikoi,careful reading (庵/処/家/園/寿司/々/志)
fukuoka/fukuchi,Dining,肉肉うどん うどん処 森下商店,Niku Niku Udon Udon Tokoro Morishita Shouten,Niku Niku Udon Udon Dokoro Morishita Shouten,careful reading (庵/処/家/園/寿司/々/志)
fukuoka/fukuchi,Dining,梅香園,Baikou Sono,Baiko-en,careful reading (庵/処/家/園/寿司/々/志)
fukuoka/fukuchi,Dining,お食事処 花みずき,O Shokuji Tokoro Hana Mizuki,O Shokuji Dokoro Hana Mizuki,careful reading (庵/処/家/園/寿司/々/志)
fukuoka/fukutsu,Dining,寿し芳,Hisashi Shi Hou,Sushi Hou,careful reading (庵/処/家/園/寿司/々/志)
fukuoka/fukutsu,Dining,そば処 海山,Soba Tokoro Umiyama,Soba Dokoro Umiyama,careful reading (庵/処/家/園/寿司/々/志)
fukuoka/fukutsu,Dining,権田,Gonda,Gonta,tabelog listing reading: ゴンタ
fukuoka/fukutsu,Dining,蛸吉,Tako Kichi,Takoyoshi,tabelog listing reading: タコヨシ
fukuoka/fukutsu,Dining,寿し神力,Hisashi Shi Shinriki,Sushi Shinriki,careful reading (庵/処/家/園/寿司/々/志)
fukuoka/fukutsu,Dining,とり正,Tori Sei,Torimasa,tabelog listing reading: トリマサ
fukuoka/fukutsu,Dining,ひので家 イオンモール福津店,Hinode Ie Aeon Mall Fukutsu Branch,Hinodeya Aeon Mall Fukutsu Branch,careful reading (庵/処/家/園/寿司/々/志)
fukuoka/fukutsu,Dining,神興,Kami Kyou,Jingo,tabelog listing reading: じんごう
fukuoka/fukutsu,Dining,想食家 むっしゅあずま,Sou Shoku Ie Musshuazuma,Sou Shokuya Musshuazuma,careful reading (庵/処/家/園/寿司/々/志)
fukuoka/fukutsu,Dining,お食事処うしお,O Shokuji Tokoro Ushio,O Shokuji Dokoro Ushio,careful reading (庵/処/家/園/寿司/々/志)
fukuoka/hirokawa,Dining,めん処 広川,Men Tokoro Hirokawa,Men Dokoro Hirokawa,careful reading (庵/処/家/園/寿司/々/志)
fukuoka/hirokawa,Dining,和食処 風月,Washoku Tokoro Fuugetsu,Washoku Dokoro Fuugetsu,careful reading (庵/処/家/園/寿司/々/志)
fukuoka/hirokawa,Dining,和食乃沙都使,Washoku No Sa Miyako Shi,Washoku Nosatoshi,tabelog listing reading: ワショクノサトシ
fukuoka/hirokawa,Dining,いちょう庵,Ichou Iori,Icho-an,careful reading (庵/処/家/園/寿司/々/志)
fukuoka/hirokawa,Dining,御食事処 才,Mike Koto Tokoro Sai,O Shokuji Dokoro Sai,careful reading (庵/処/家/園/寿司/々/志)
fukuoka/hirokawa,Dining,寿し廣,Hisashi Shi Kou,Sushi Kou,careful reading (庵/処/家/園/寿司/々/志)
fukuoka/hisayama,Dining,鯨家 いすず庵,Kujira Ie Isuzu Iori,Kujiraya Isuzu-an,careful reading (庵/処/家/園/寿司/々/志)
fukuoka/iizuka,Dining,竹乃家,Take No Ie,Take Noya,careful reading (庵/処/家/園/寿司/々/志)
fukuoka/iizuka,Dining,のがみプレジデントホテル　和食処　日本海,Nogami President Hotel Washoku Tokoro Nihonkai,Nogami President Hotel Washoku Dokoro Nihonkai,careful reading (庵/処/家/園/寿司/々/志)
fukuoka/itoda,Dining,うどん処 味彩,Udon Tokoro Aji Sai,Udon Dokoro Aji Sai,careful reading (庵/処/家/園/寿司/々/志)
fukuoka/itoda,Dining,美味食処まんぴん,Bimi Shoku Tokoro Manpin,Bimi Shoku Dokoro Manpin,careful reading (庵/処/家/園/寿司/々/志)
fukuoka/itoshima,Dining,浜焼き白浜家,Hamayaki Ki Shirahama Ie,Hamayaki Ki Shirahamaya,careful reading (庵/処/家/園/寿司/々/志)
fukuoka/itoshima,Dining,和処 あかつき,Wa Tokoro Akatsuki,Wa Dokoro Akatsuki,careful reading (庵/処/家/園/寿司/々/志)
fukuoka/itoshima,Dining,味楽寿司,Aji Rakuju Tsukasa,Aji Raku Sushi,careful reading (庵/処/家/園/寿司/々/志)
fukuoka/itoshima,Dining,とうふ家酒瀬川,Toufu Ie Sake Segawa,Tofu Ie Sake Segawa,careful reading (庵/処/家/園/寿司/々/志)
fukuoka/kama,Dining,めん処小沼,Men Tokoro Konuma,Men Dokoro Konuma,careful reading (庵/処/家/園/寿司/々/志)
fukuoka/kama,Dining,森の駅 秀芳園,Mori No Eki Shuuhou Sono,Mori No Eki Shuho-en,careful reading (庵/処/家/園/寿司/々/志)
fukuoka/kama,Dining,楽東園,Raku Higashi Sono,Raku Higashi-en,careful reading (庵/処/家/園/寿司/々/志)
fukuoka/kama,Dining,華香園,Kakou Sono,Kako-en,careful reading (庵/処/家/園/寿司/々/志)
fukuoka/kama,Dining,食事処旅,Shokuji Tokoro Tabi,Shokuji Dokoro Tabi,careful reading (庵/処/家/園/寿司/々/志)
fukuoka/kama,Dining,酒処 みね,Sake Tokoro Mine,Sake Dokoro Mine,careful reading (庵/処/家/園/寿司/々/志)
fukuoka/kama,Dining,遠藤ぶどう園,Endou Budou Sono,Endou Budo Sono,careful reading (庵/処/家/園/寿司/々/志)
fukuoka/kama,Dining,すぎたん食酒処,Sugitan Shoku Sake Tokoro,Sugitan Shoku Sake Dokoro,careful reading (庵/処/家/園/寿司/々/志)
fukuoka/kama,Dining,福庵,Fuku Iori,Fuku-an,careful reading (庵/処/家/園/寿司/々/志)
fukuoka/kanda,Dining,小田家の天ぷら,Oda Ie no Tenpura,Odaya no Tenpura,careful reading (庵/処/家/園/寿司/々/志)
fukuoka/kanda,Dining,そば処奴一,Soba Tokoro Yatsu Ichi,Soba Dokoro Yatsu Ichi,careful reading (庵/処/家/園/寿司/々/志)
fukuoka/kanda,Dining,お食事処 炉,O Shokuji Tokoro Ro,O Shokuji Dokoro Ro,careful reading (庵/処/家/園/寿司/々/志)
fukuoka/kanda,Dining,お食事処 ちゃするば,O Shokuji Tokoro Chasuruba,O Shokuji Dokoro Chasuruba,careful reading (庵/処/家/園/寿司/々/志)
fukuoka/kanda,Dining,お食事処 あらつ,O Shokuji Tokoro Aratsu,O Shokuji Dokoro Aratsu,careful reading (庵/処/家/園/寿司/々/志)
fukuoka/kanda,Dining,ごはん処若草,Gohan Tokoro Wakakusa,Gohan Dokoro Wakakusa,careful reading (庵/処/家/園/寿司/々/志)
fukuoka/kanda,Dining,駒寿し,Koma Hisashi Shi,Koma Sushi,careful reading (庵/処/家/園/寿司/々/志)
fukuoka/kasuga,Dining,銘酒処 炉端焼きへのへのもしじ,Meishu Tokoro Robata Yaki Henohenomoshiji,Meishu Dokoro Robata Yaki Henohenomoshiji,careful reading (庵/処/家/園/寿司/々/志)
fukuoka/kasuga,Dining,餃子家 まるに 春日東口別館,Gyouza Ie Maruni Kasuga Higashiguchi Bekkan,Gyozaya Maruni Kasuga Higashiguchi Bekkan,careful reading (庵/処/家/園/寿司/々/志)
fukuoka/kasuga,Dining,一天張,Itten Chou,Ittenbari,tabelog listing reading: イッテンバリ
fukuoka/kasuga,Dining,寿し大仙,Hisashi Shi Daisen,Sushi Daisen,careful reading (庵/処/家/園/寿司/々/志)
fukuoka/kasuya,Dining,喰焼処,Shoku Yaki Tokoro,Kuyakusho,tabelog listing reading: くやくしょ
fukuoka/kasuya,Dining,酔処 旬,Sui Tokoro Jun,Sui Dokoro Jun,careful reading (庵/処/家/園/寿司/々/志)
fukuoka/kasuya,Dining,駅前食処いさりび,Ekimae Shoku Tokoro Isaribi,Ekimae Shoku Dokoro Isaribi,careful reading (庵/処/家/園/寿司/々/志)
fukuoka/kasuya,Dining,古じょう庵 イオン福岡東店,Ko Jou Iori Aeon Fukuoka Higashi Branch,Ko Jo-an Aeon Fukuoka Higashi Branch,careful reading (庵/処/家/園/寿司/々/志)
fukuoka/kasuya,Dining,松廼家,Matsu No Ie,Matsu Noya,careful reading (庵/処/家/園/寿司/々/志)
fukuoka/kawara,Dining,銀寿し 田川店,Gin Hisashi Shi Tagawa Branch,Gin Sushi Tagawa Branch,careful reading (庵/処/家/園/寿司/々/志)
fukuoka/kawara,Dining,鶏匠,Niwatori Takumi,Torisho,tabelog listing reading: とりしょう
fukuoka/kawara,Dining,魚道楽,Gyodō Raku,Uodoraku,tabelog listing reading: ウオドウラク
fukuoka/kawara,Dining,すし処ひろ,Sushi Tokoro Hiro,Sushi Dokoro Hiro,careful reading (庵/処/家/園/寿司/々/志)
fukuoka/kawasaki,Dining,伽羅,Kara,Kyara,tabelog listing reading: きゃら
fukuoka/kawasaki,Dining,香壺,Kaori Tsubo,Koko,tabelog listing reading: コウコ
fukuoka/kawasaki,Dining,とり元,Tori Moto,Torigen,tabelog listing reading: トリゲン
fukuoka/kawasaki,Dining,酒庵,Sake Iori,Sake-an,careful reading (庵/処/家/園/寿司/々/志)
fukuoka/keisen,Dining,鮨処 のり助,Sushi Tokoro Nori Jo,Sushi Dokoro Nori Jo,careful reading (庵/処/家/園/寿司/々/志)
fukuoka/keisen,Dining,倖寿し,Kou Hisashi Shi,Kou Sushi,careful reading (庵/処/家/園/寿司/々/志)
fukuoka/keisen,Dining,炭火焼鳥 元家,Sumibi Yakitori Moto Ie,Sumibi Yakitori Motoya,careful reading (庵/処/家/園/寿司/々/志)
fukuoka/kitakyushu,Dining,六間堂,Roku Kan Dou,Rokukendo,tabelog listing reading: ロクケンドウ
fukuoka/kitakyushu,Dining,食楽庵 ふる川,Shoku Raku Iori Furu Kawa,Shoku Raku-an Furu Kawa,careful reading (庵/処/家/園/寿司/々/志)
fukuoka/kitakyushu,Dining,九州名物料理と海鮮 全席個室居酒屋 雅庵 小倉駅前店,Kyuushuu Meibutsuryouri To Kaisen Zensekikoshitsu Izakaya Masa Iori Kokuraekimae Branch,Kyuushuu Meibutsuryouri To Kaisen Zensekikoshitsu Izakaya Masa-an Kokuraekimae Branch,careful reading (庵/処/家/園/寿司/々/志)
fukuoka/kitakyushu,Dining,寿司処 和さび,Sushi Tokoro Wasa Bi,Sushi Dokoro Wasa Bi,careful reading (庵/処/家/園/寿司/々/志)
fukuoka/koga,Dining,古賀 一麺庵,Koga Ichi Men Iori,Koga Ichi Men-an,careful reading (庵/処/家/園/寿司/々/志)
fukuoka/koga,Dining,とんかつ 食べ処 なか川,Tonkatsu Tabe Tokoro Naka Kawa,Tonkatsu Tabe Dokoro Naka Kawa,careful reading (庵/処/家/園/寿司/々/志)
fukuoka/koga,Dining,如水庵 古賀工房直売処,Josui Iori Koga Kōbō Chokubai Tokoro,Josui Iori Koga Kōbō Chokubai Dokoro,careful reading (庵/処/家/園/寿司/々/志)
fukuoka/koga,Dining,志きしま食堂,Kokorozashi Kishima Shokudō (near Shishibu Station),Shi Kishima Shokudō (near Shishibu Station),careful reading (庵/処/家/園/寿司/々/志)
fukuoka/koga,Dining,UO家 翔,UO Ie Shō,Uoya Shō,careful reading (庵/処/家/園/寿司/々/志)
fukuoka/koga,Dining,うなぎ処 釜辰,Unagi Tokoro Kama Tatsu,Unagi Dokoro Kama Tatsu,careful reading (庵/処/家/園/寿司/々/志)
fukuoka/koga,Dining,峠の茶屋 甘味処,Tōge no Chaya Amami Tokoro,Tōge no Chaya Amami Dokoro,careful reading (庵/処/家/園/寿司/々/志)
fukuoka/koga,Dining,建寿し,Ken Hisashi Shi,Ken Sushi,careful reading (庵/処/家/園/寿司/々/志)
fukuoka/koga,Dining,そば処 花ぐるま,Soba Tokoro Hana Guruma,Soba Dokoro Hana Guruma,careful reading (庵/処/家/園/寿司/々/志)
fukuoka/koga,Dining,志んや,Kokorozashi Nya,Shinya,tabelog listing reading: しんや
fukuoka/koga,Dining,私ん家のごはん,Watashi N Ie Nogohan,Watashi Nya Nogohan,careful reading (庵/処/家/園/寿司/々/志)
fukuoka/koga,Dining,たけ楽庵,Take Raku Iori,Take Raku-an,careful reading (庵/処/家/園/寿司/々/志)
fukuoka/koga,Dining,コロッケのころっ家 古賀サービスエリア店,Croquette Nokorotsu Ie Koga Service Area Branch,Croquette Nokorotsuya Koga Service Area Branch,careful reading (庵/処/家/園/寿司/々/志)
fukuoka/koga,Dining,肉満屋,Niku Mitsuya,Nikumanya,tabelog listing reading: ニクマンヤ
fukuoka/koga,Dining,ひので家 サンリブ古賀店,Hinode Ie Sunlive Koga Branch,Hinodeya Sunlive Koga Branch,careful reading (庵/処/家/園/寿司/々/志)
fukuoka/koga,Dining,四方来寿し総本家,Shihō Rai Hisashi Shi Sō Honke,Shihō Rai Sushi Sō Honke,careful reading (庵/処/家/園/寿司/々/志)
fukuoka/koga,Dining,すし処三碧,Sushi Tokoro Sanpeki,Sushi Dokoro Sanpeki,careful reading (庵/処/家/園/寿司/々/志)
fukuoka/koga,Dining,小鳥,Kotori,Odori,tabelog listing reading: オドリ
fukuoka/koga,Dining,酒魚処 心,Sake Sakana Tokoro Kokoro,Sake Sakana Dokoro Kokoro,careful reading (庵/処/家/園/寿司/々/志)
fukuoka/koge,Dining,そば処 白水,Soba Tokoro Shirouzu,Soba Dokoro Shirouzu,careful reading (庵/処/家/園/寿司/々/志)
fukuoka/koge,Dining,太平 仙寿庵,Taihei Senju Iori,Taihei Senju-an,careful reading (庵/処/家/園/寿司/々/志)
fukuoka/koge,Dining,産直処 さわやか市,Sanchoku Tokoro Sawayaka Shi,Sanchoku Dokoro Sawayaka Shi,careful reading (庵/処/家/園/寿司/々/志)
fukuoka/koge,Dining,麺処 咲耶 みちのえき,Men Tokoro Sakuya Michinoeki,Men Dokoro Sakuya Michinoeki,careful reading (庵/処/家/園/寿司/々/志)
fukuoka/koge,Dining,めし処 濱田屋,Meshi Tokoro Hamada Ya,Meshi Dokoro Hamada Ya,careful reading (庵/処/家/園/寿司/々/志)
fukuoka/kurate,Dining,田々夢詩,Ta (kurikaesi) Yume Shi,Ta Ta Yume Shi,careful reading (庵/処/家/園/寿司/々/志)
fukuoka/kurate,Dining,寿し竜馬,Hisashi Shi Ryuuma,Sushi Ryuuma,careful reading (庵/処/家/園/寿司/々/志)
fukuoka/kurume,Stay,萃香園ホテル,Suikou Sono Hotel,Suiko-en Hotel,careful reading (庵/処/家/園/寿司/々/志)
fukuoka/kurume,Stay,いやし処ほてる寛楽　久留米駅前,Iyashi Tokoro Hotel Hiroshi Raku Kurume Ekimae,Iyashi Dokoro Hotel Hiroshi Raku Kurume Ekimae,careful reading (庵/処/家/園/寿司/々/志)
fukuoka/kurume,Dining,佐蔵,Sazou,Sakura,tabelog listing reading: さくら
fukuoka/kurume,Dining,和処 まる吉,Wa Tokoro Maru Kichi,Wa Dokoro Maru Kichi,careful reading (庵/処/家/園/寿司/々/志)
fukuoka/miyako,Dining,旬犀庵,Jun Sai Iori,Shunsaian,tabelog listing reading: シュンサイアン
fukuoka/miyako,Dining,銀寿し 豊津店,Gin Hisashi Shi Toyotsu Branch,Gin Sushi Toyotsu Branch,careful reading (庵/処/家/園/寿司/々/志)
fukuoka/miyako,Dining,大黒家,Daikoku Ie,Daikokuya,careful reading (庵/処/家/園/寿司/々/志)
fukuoka/miyako,Dining,ずぼら寿し,Zubora Hisashi Shi,Zubora Sushi,careful reading (庵/処/家/園/寿司/々/志)
fukuoka/miyako,Dining,木犀花,Mokusei Hana,Mokusaika,tabelog listing reading: モクサイカ
fukuoka/miyako,Dining,束屋,Soku ya,Tsukaya,tabelog listing reading: ツカヤ
fukuoka/miyama,Dining,海川,Umikawa,Kaisen,tabelog listing reading: かいせん
fukuoka/miyama,Dining,お食事処 なかはら,O Shokuji Tokoro Nakahara,O Shokuji Dokoro Nakahara,careful reading (庵/処/家/園/寿司/々/志)
fukuoka/miyawaka,Dining,竹千寿,Take Chizu,Takesenju,tabelog listing reading: タケセンジュ
fukuoka/miyawaka,Dining,洋風彩菜,Youfuu Ayana,Yofusaisai,tabelog listing reading: ヨウフウサイサイ
fukuoka/miyawaka,Dining,力丸寿し,Rikimaru Hisashi Shi,Rikimaru Sushi,careful reading (庵/処/家/園/寿司/々/志)
fukuoka/mizumaki,Dining,珍洞,Chin Hora,Chindo,tabelog listing reading: ちんどう
fukuoka/mizumaki,Dining,櫻庵,Sakura Iori,Sakuraan,tabelog listing reading: さくらあん
fukuoka/mizumaki,Dining,魚ごころ,Sakana Gokoro,Uogokoro,tabelog listing reading: うおごころ
fukuoka/mizumaki,Dining,美庵古,Bi Iori Ko,Bianko,tabelog listing reading: ビアンコ
fukuoka/mizumaki,Dining,金剛園,Kongou Sono,Kongo-en,careful reading (庵/処/家/園/寿司/々/志)
fukuoka/mizumaki,Dining,福寿し,Fukuju Shi,Fuku Sushi,careful reading (庵/処/家/園/寿司/々/志)
fukuoka/munakata,Dining,寿し隆,Hisashi Shi Takashi,Sushiryu,tabelog listing reading: すしりゅう
fukuoka/munakata,Dining,青庵もり田,Ao Iori Mori Ta,Ao-an Mori Ta,careful reading (庵/処/家/園/寿司/々/志)
fukuoka/munakata,Dining,寿し仲,Hisashi Shi Naka,Sushi Naka,careful reading (庵/処/家/園/寿司/々/志)
fukuoka/munakata,Dining,陽庵,You Iori,Yo-an,careful reading (庵/処/家/園/寿司/々/志)
fukuoka/nakagawashi,Dining,呑み処 さよか,Nomi Tokoro Sayoka,Nomi Dokoro Sayoka,careful reading (庵/処/家/園/寿司/々/志)
fukuoka/nakagawashi,Dining,大名寿し,Daimyou Hisashi Shi,Daimyou Sushi,careful reading (庵/処/家/園/寿司/々/志)
fukuoka/nakagawashi,Dining,居食処たらくや,Kyo Shoku Tokoro Tarakuya,Kyo Shoku Dokoro Tarakuya,careful reading (庵/処/家/園/寿司/々/志)
fukuoka/nakama,Dining,うどん処 ひら田,Udon Tokoro Hira Ta,Udon Dokoro Hira Ta,careful reading (庵/処/家/園/寿司/々/志)
fukuoka/nakama,Dining,海鮮丼市場,Kaisen Donburi Shijō,Kaisen Don Jijo,tabelog listing reading: カイセンドンジジョウ
fukuoka/nakama,Dining,握手家,Akushu Ie,Akushuya,careful reading (庵/処/家/園/寿司/々/志)
fukuoka/nakama,Dining,麺処 幸,Men Tokoro Sachi,Men Dokoro Sachi,careful reading (庵/処/家/園/寿司/々/志)
fukuoka/nakama,Dining,山のそば家,Yama Nosoba Ie,Yama Nosobaya,careful reading (庵/処/家/園/寿司/々/志)
fukuoka/nakama,Dining,都寿し,Miyako Hisashi Shi,Miyako Sushi,careful reading (庵/処/家/園/寿司/々/志)
fukuoka/nakama,Dining,ひろ家,Hiro Ie,Hiroya,careful reading (庵/処/家/園/寿司/々/志)
fukuoka/nakama,Dining,お茶の山本園 イオンなかま店,O Cha no Yamamoto Sono Aeon Nakama Branch,O Cha no Yamamoto-en Aeon Nakama Branch,careful reading (庵/処/家/園/寿司/々/志)
fukuoka/nakama,Dining,呑み喰い処ぶぅ,Nomikui Tokoro Bū,Nomikui Dokoro Bū,careful reading (庵/処/家/園/寿司/々/志)
fukuoka/nakama,Dining,終活処 紬庵,Owari Katsu Tokoro Tsumugi Iori,Owari Katsu Dokoro Tsumugi Iori,careful reading (庵/処/家/園/寿司/々/志)
fukuoka/nakama,Dining,和食処　いしだ,Washoku Tokoro Ishida,Washoku Dokoro Ishida,careful reading (庵/処/家/園/寿司/々/志)
fukuoka/nogata,Dining,酒処 まるぜん,Sake Tokoro Maruzen,Sake Dokoro Maruzen,careful reading (庵/処/家/園/寿司/々/志)
fukuoka/nogata,Dining,寿し清,Hisashi Shi Kiyoshi,Sushi Kiyoshi,careful reading (庵/処/家/園/寿司/々/志)
fukuoka/nogata,Dining,六庵cafe,Roku Iori Cafe,Roku-an Cafe,careful reading (庵/処/家/園/寿司/々/志)
fukuoka/ogori,Dining,大昌園 小郡津古店,Dai Masa Sono Ogōri Tsu Ko Branch,Dai Masa-en Ogōri Tsu Ko Branch,careful reading (庵/処/家/園/寿司/々/志)
fukuoka/ogori,Dining,そば処武蔵 小郡店,Soba Tokoro Musashi Ogōri Branch,Soba Dokoro Musashi Ogōri Branch,careful reading (庵/処/家/園/寿司/々/志)
fukuoka/ogori,Dining,御菓子処やかべ,O Kashi Tokoro Yakabe,O Kashi Dokoro Yakabe,careful reading (庵/処/家/園/寿司/々/志)
fukuoka/ogori,Dining,天心園パン工房 panne 祇園店,Tenshin Sono Pan Kōbō Panne Gion Branch,Tenshin-en Pan Kōbō Panne Gion Branch,careful reading (庵/処/家/園/寿司/々/志)
fukuoka/ogori,Dining,お食事処 なごみ,O Shokuji Tokoro Nagomi,O Shokuji Dokoro Nagomi,careful reading (庵/処/家/園/寿司/々/志)
fukuoka/ogori,Dining,語り処 絆,Katari Tokoro Kizuna,Katari Dokoro Kizuna,careful reading (庵/処/家/園/寿司/々/志)
fukuoka/ogori,Dining,旬彩和家,Jun Sai wa Ie,Jun Sai Waya,careful reading (庵/処/家/園/寿司/々/志)
fukuoka/ogori,Dining,お茶の山口園 イオン小郡店,O Cha no Yamaguchi Sono Aeon Ogōri Branch,O Cha no Yamaguchi-en Aeon Ogōri Branch,careful reading (庵/処/家/園/寿司/々/志)
fukuoka/ogori,Dining,食事処ひろ,Shokuji Tokoro Hiro,Shokuji Dokoro Hiro,careful reading (庵/処/家/園/寿司/々/志)
fukuoka/ogori,Dining,睦造,Mutsumi Zō,Mutsuzo,tabelog listing reading: ムツゾウ
fukuoka/ogori,Dining,炭処 山長,Sumi Tokoro Yamachō,Sumi Dokoro Yamachō,careful reading (庵/処/家/園/寿司/々/志)
fukuoka/ogori,Dining,ふか川,Fuka Kawa,Fukagawa,tabelog listing reading: フカガワ
fukuoka/okagaki,Dining,野々庵,Nono Iori,Nonoan,tabelog listing reading: ののあん
fukuoka/okagaki,Dining,八幡屋,Hachiman ya,Yahataya,tabelog listing reading: ヤハタヤ
fukuoka/okagaki,Dining,そば処一九庵,Soba Tokoro Ikku Iori,Soba Dokoro Ikku-an,careful reading (庵/処/家/園/寿司/々/志)
fukuoka/okagaki,Dining,朧,Rō,Oboro,tabelog listing reading: オボロ
fukuoka/okagaki,Dining,御肉処 葡萄苑,O Niku Tokoro Budō En,O Niku Dokoro Budō En,careful reading (庵/処/家/園/寿司/々/志)
fukuoka/okagaki,Dining,綵,Sai,Ayaginu,tabelog listing reading: あやぎぬ
fukuoka/okawashi,Dining,七九軒,Shichi Kyū Ken,Nanakyuken,tabelog listing reading: ななきゅうけん
fukuoka/okawashi,Dining,お食事処 龍八,O Shokuji Tokoro Ryū Hachi,O Shokuji Dokoro Ryū Hachi,careful reading (庵/処/家/園/寿司/々/志)
fukuoka/okawashi,Dining,串ともも焼き まぼ家,Kushi Tomomo Yaki Mabo Ie,Kushi Tomomo Yaki Maboya,careful reading (庵/処/家/園/寿司/々/志)
fukuoka/okawashi,Dining,炭火焼肉つぼ家,Sumibi Yakiniku Tsubo Ie,Sumibi Yakiniku Tsuboya,careful reading (庵/処/家/園/寿司/々/志)
fukuoka/okawashi,Dining,きよ家,Kiyo Ie,Kiyoya,careful reading (庵/処/家/園/寿司/々/志)
fukuoka/okawashi,Dining,すし処右京,Sushi Tokoro Ukyō,Sushi Dokoro Ukyō,careful reading (庵/処/家/園/寿司/々/志)
fukuoka/okawashi,Dining,寿司処 彦寿し,Sushi Tokoro Hiko Hisashi Shi,Sushi Dokoro Hiko Sushi,careful reading (庵/処/家/園/寿司/々/志)
fukuoka/oki,Dining,うなぎ処 玉喜屋,Unagi Tokoro Tamaki Ya,Unagi Dokoro Tamaki Ya,careful reading (庵/処/家/園/寿司/々/志)
fukuoka/oki,Dining,幸来軒,Yuki Ken,Koraiken,tabelog listing reading: コウライケン
fukuoka/omuta,Dining,和み処 水とり 本店,Nagomi Tokoro Mizu Tori Honten,Nagomi Dokoro Mizu Tori Honten,careful reading (庵/処/家/園/寿司/々/志)
fukuoka/onga,Dining,洋食 中村家,Youshoku Nakamura Ie,Youshoku Nakamuraya,careful reading (庵/処/家/園/寿司/々/志)
fukuoka/onga,Dining,繁升,Han Masu,Shigemasu,tabelog listing reading: シゲマス
fukuoka/onga,Dining,酒処 はな田,Sake Tokoro Hana Ta,Sake Dokoro Hana Ta,careful reading (庵/処/家/園/寿司/々/志)
fukuoka/onga,Dining,ごはん家 ふじや,Gohan Ie Fujiya,Gohanya Fujiya,careful reading (庵/処/家/園/寿司/々/志)
fukuoka/onga,Dining,お食事処 おふくろ食堂,O Shokuji Tokoro Ofukuro Shokudo,O Shokuji Dokoro Ofukuro Shokudo,careful reading (庵/処/家/園/寿司/々/志)
fukuoka/onga,Dining,鮨処仲むら,Sushi Tokoro Naka Mura,Sushi Dokoro Naka Mura,careful reading (庵/処/家/園/寿司/々/志)
fukuoka/onga,Dining,海宝寿し,Kaihou Hisashi Shi,Kaihou Sushi,careful reading (庵/処/家/園/寿司/々/志)
fukuoka/onojo,Dining,麺処茶房　福,Men Tokoro Sabou Fuku,Men Dokoro Sabou Fuku,careful reading (庵/処/家/園/寿司/々/志)
fukuoka/onojo,Dining,福味居,Fuku Aji Kyo,Fukumii,tabelog listing reading: フクミイ
fukuoka/onojo,Dining,めし処 ひがし,Meshi Tokoro Higashi,Meshi Dokoro Higashi,careful reading (庵/処/家/園/寿司/々/志)
fukuoka/onojo,Dining,桃花園,Touka Sono,Toka-en,careful reading (庵/処/家/園/寿司/々/志)
fukuoka/onojo,Dining,独楽蔵,Koma Kura,Komagura,tabelog listing reading: コマグラ
fukuoka/onojo,Dining,信濃庵 大野城店,Shinano Iori Oonojou Branch,Shinano-an Oonojou Branch,careful reading (庵/処/家/園/寿司/々/志)
fukuoka/onojo,Dining,食事処 大文字,Shokuji Tokoro Oomoji,Shokuji Dokoro Oomoji,careful reading (庵/処/家/園/寿司/々/志)
fukuoka/onojo,Dining,ぜんしゅう家,Zenshuu Ie,Zenshuya,careful reading (庵/処/家/園/寿司/々/志)
fukuoka/onojo,Dining,増田家,Masuda Ie,Masudaya,careful reading (庵/処/家/園/寿司/々/志)
fukuoka/onojo,Dining,清香園 大野城店,Kiyoka Sono Oonojou Branch,Kiyoka-en Oonojou Branch,careful reading (庵/処/家/園/寿司/々/志)
fukuoka/onojo,Dining,呑鳥,Don Tori,Doncho,tabelog listing reading: ドンチョウ
fukuoka/onojo,Dining,からつ庵 イオンモール乙金店,Karatsu Iori Aeon Mall Otsu Kin Branch,Karatsu-an Aeon Mall Otsu Kin Branch,careful reading (庵/処/家/園/寿司/々/志)
fukuoka/onojo,Dining,お茶の山口園 イオン大野城SC,O Cha No Yamaguchi Sono Aeon Oonojou Sc,O Cha No Yamaguchi-en Aeon Oonojou Sc,careful reading (庵/処/家/園/寿司/々/志)
fukuoka/onojo,Dining,亀寿司,Kameju Tsukasa,Kame Sushi,careful reading (庵/処/家/園/寿司/々/志)
fukuoka/onojo,Dining,呑み処 縁,Nomi Tokoro Heri,Nomi Dokoro Heri,careful reading (庵/処/家/園/寿司/々/志)
fukuoka/onojo,Dining,天勝寿し,Tenkatsu Hisashi Shi,Tenkatsu Sushi,careful reading (庵/処/家/園/寿司/々/志)
fukuoka/sasaguri,Dining,寿し豊,Hisashi Shi Yutaka,Sushi Yutaka,careful reading (庵/処/家/園/寿司/々/志)
fukuoka/sasaguri,Dining,お休み処 ひらわ,O Yasumi Tokoro Hirawa,O Yasumi Dokoro Hirawa,careful reading (庵/処/家/園/寿司/々/志)
fukuoka/sasaguri,Dining,くら家,Kura Ie,Kuraya,careful reading (庵/処/家/園/寿司/々/志)
fukuoka/sasaguri,Dining,福生園,Fussa Sono,Fussa-en,careful reading (庵/処/家/園/寿司/々/志)
fukuoka/shime,Dining,肉菜処 かえる屋,Niku Na Tokoro Kaeru Ya,Niku Na Dokoro Kaeru Ya,careful reading (庵/処/家/園/寿司/々/志)
fukuoka/shime,Dining,御利五里,O Ri Go Sato,Gorigori,tabelog listing reading: ゴリゴリ
fukuoka/shime,Dining,担々中華 シャオリン,Tan (kurikaesi) Chuuka Shaorin,Tan Tan Chuuka Shaorin,careful reading (庵/処/家/園/寿司/々/志)
fukuoka/shime,Dining,うどん まこと家,Udon Makoto Ie,Udon Makotoya,careful reading (庵/処/家/園/寿司/々/志)
fukuoka/shime,Dining,釜山,Fuzan,Pusan,tabelog listing reading: プサン
fukuoka/shime,Dining,中華廚房 徐園,Chuuka Chuubou Jo Sono,Chuuka Chuubou Jo-en,careful reading (庵/処/家/園/寿司/々/志)
fukuoka/shime,Dining,清香園 志免店,Kiyoka Sono Shime Branch,Kiyoka-en Shime Branch,careful reading (庵/処/家/園/寿司/々/志)
fukuoka/shime,Dining,ゆず庵  福岡志免店,Yuzu Iori Fukuoka Shime Branch,Yuzu-an Fukuoka Shime Branch,careful reading (庵/処/家/園/寿司/々/志)
fukuoka/shime,Dining,焼肉ホルモン食道園,Yakiniku Horumon Shokudo Sono,Yakiniku Horumon Shokudo-en,careful reading (庵/処/家/園/寿司/々/志)
fukuoka/shime,Dining,アジアン居酒屋 晴る家,Asian Izakaya Haru Ie,Asian Izakaya Haruya,careful reading (庵/処/家/園/寿司/々/志)
fukuoka/shime,Dining,久遠,Kudou,Kuon,tabelog listing reading: クオン
fukuoka/shime,Dining,呑み処 吉田家,Nomi Tokoro Yoshida Ie,Nomi Dokoro Yoshidaya,careful reading (庵/処/家/園/寿司/々/志)
fukuoka/shime,Dining,五右衛門寿し,Goemon Hisashi Shi,Goemon Sushi,careful reading (庵/処/家/園/寿司/々/志)
fukuoka/shingucho,Dining,寿し さかなのしっぽ,Hisashi Shi Sakananoshippo,Sushi Sakananoshippo,careful reading (庵/処/家/園/寿司/々/志)
fukuoka/shingucho,Dining,台湾甘蜜処 甜甜,Taiwan Kan Mitsu Tokoro Ten Ten,Taiwan Kan Mitsu Dokoro Ten Ten,careful reading (庵/処/家/園/寿司/々/志)
fukuoka/shingucho,Dining,甘味処 戦国や 立花館,Amami Tokoro Sengoku ya Tachibana Kan,Amami Dokoro Sengoku ya Tachibana Kan,careful reading (庵/処/家/園/寿司/々/志)
fukuoka/shingucho,Dining,呑み処 進,Nomi Tokoro Susumu,Nomi Dokoro Susumu,careful reading (庵/処/家/園/寿司/々/志)
fukuoka/shingucho,Dining,酒処静里奈,Sake Tokoro Sei Rina,Sake Dokoro Sei Rina,careful reading (庵/処/家/園/寿司/々/志)
fukuoka/shingucho,Dining,鉄板家 じょう,Teppan Ie Jō,Teppanya Jō,careful reading (庵/処/家/園/寿司/々/志)
fukuoka/shingucho,Dining,ちえさん家,Chiesan Ie,Chiesanya,careful reading (庵/処/家/園/寿司/々/志)
fukuoka/soeda,Dining,味の蔵めん処九ちゃん,Aji no Kura Men Tokoro Kyū Chan,Aji no Kura Men Dokoro Kyū Chan,careful reading (庵/処/家/園/寿司/々/志)
fukuoka/soeda,Dining,かじか庵,Kajika Iori,Kajika-an,careful reading (庵/処/家/園/寿司/々/志)
fukuoka/soeda,Dining,三鷹庵,Mitaka Iori,Mitaka-an,careful reading (庵/処/家/園/寿司/々/志)
fukuoka/soeda,Dining,居心家ふくろう,Igokoro Ie Fukurō,Igokoroya Fukurō,careful reading (庵/処/家/園/寿司/々/志)
fukuoka/soeda,Dining,甘味処　ゆめや,Amami Tokoro Yumeya,Amami Dokoro Yumeya,careful reading (庵/処/家/園/寿司/々/志)
fukuoka/sue,Dining,麺処 辰,Men Tokoro Tatsu,Men Dokoro Tatsu,careful reading (庵/処/家/園/寿司/々/志)
fukuoka/sue,Dining,中華料理 林々,Chinese Cuisine Hayashi (kurikaesi),Chinese Cuisine Hayashi Hayashi,careful reading (庵/処/家/園/寿司/々/志)
fukuoka/sue,Dining,和膳 花庵,Wa Zen Hana Iori,Wa Zen Hana-an,careful reading (庵/処/家/園/寿司/々/志)
fukuoka/sue,Dining,一八寿し,Ichihatsu Hisashi Shi,Ichihatsu Sushi,careful reading (庵/処/家/園/寿司/々/志)
fukuoka/tachiarai,Dining,百助寿し,Hyakusuke Hisashi Shi,Hyakusuke Sushi,careful reading (庵/処/家/園/寿司/々/志)
fukuoka/tagawa,Dining,西村園茶舗 田川店,Nishimura Sono Chaho Tagawa Branch,Nishimura-en Chaho Tagawa Branch,careful reading (庵/処/家/園/寿司/々/志)
fukuoka/tagawa,Dining,遊食家,Yuu Shoku Ie,Yuu Shokuya,careful reading (庵/処/家/園/寿司/々/志)
fukuoka/tagawa,Dining,飯処 さいき,Meshi Tokoro Saiki,Meshi Dokoro Saiki,careful reading (庵/処/家/園/寿司/々/志)
fukuoka/toho,Dining,ふくちゃん家,Fukuchan Ie,Fukuchanya,careful reading (庵/処/家/園/寿司/々/志)
fukuoka/ukiha,Dining,うなぎの千年家,Unagino Sennen Ie,Unagino Sennenya,careful reading (庵/処/家/園/寿司/々/志)
fukuoka/ukiha,Dining,鳥扇,Tori Ōgi,Torisen,tabelog listing reading: トリセン
fukuoka/ukiha,Dining,馬庵このみ,Uma Iori Konomi,Uma-an Konomi,careful reading (庵/処/家/園/寿司/々/志)
fukuoka/ukiha,Dining,御菓子処 ひた屋福富,O Kashi Tokoro Hita ya Fukutomi,O Kashi Dokoro Hita ya Fukutomi,careful reading (庵/処/家/園/寿司/々/志)
fukuoka/ukiha,Dining,そば処 郡上,Soba Tokoro Gujō,Soba Dokoro Gujō,careful reading (庵/処/家/園/寿司/々/志)
fukuoka/ukiha,Dining,虎侍我炎,Tora Samurai Ware Honō,Torajigaen,tabelog listing reading: トラジガエン
fukuoka/ukiha,Dining,託正,Taku Sei,Takumasa,tabelog listing reading: タクマサ
fukuoka/ukiha,Dining,日月窯,Nichigetsu Kama,Nichigetsugama,tabelog listing reading: にちげつがま
fukuoka/ukiha,Dining,お食事処うきは,O Shokuji Tokoro Ukiha,O Shokuji Dokoro Ukiha,careful reading (庵/処/家/園/寿司/々/志)
fukuoka/ukiha,Dining,和食処 ながしま,Washoku Tokoro Nagashima,Washoku Dokoro Nagashima,careful reading (庵/処/家/園/寿司/々/志)
fukuoka/ukiha,Dining,あけぼの 河童菓庵,Akebono Kappa Ka Iori,Akebono Kappa Ka-an,careful reading (庵/処/家/園/寿司/々/志)
fukuoka/ukiha,Dining,居酒屋 たか乃家,Izakaya Taka no Ie,Izakaya Taka Noya,careful reading (庵/処/家/園/寿司/々/志)
fukuoka/ukiha,Dining,石橋餅加工所,Ishibashi Mochi Kakō Tokoro,Ishibashi Mochi Kako Jo,tabelog listing reading: イシバシモチカコウジョ
fukuoka/ukiha,Dining,賀茂庵,Kamo Iori,Kamo-an,careful reading (庵/処/家/園/寿司/々/志)
fukuoka/ukiha,Dining,いち善・お食事処,Ichi Zen o Shokuji Tokoro,Ichi Zen o Shokuji Dokoro,careful reading (庵/処/家/園/寿司/々/志)
fukuoka/ukiha,Dining,寿し長,Hisashi Shi Chō,Sushi Chō,careful reading (庵/処/家/園/寿司/々/志)
fukuoka/umi,Dining,そば処 松本,Soba Tokoro Matsumoto,Soba Dokoro Matsumoto,careful reading (庵/処/家/園/寿司/々/志)
fukuoka/umi,Dining,食事処 ファイン・クック こと,Shokuji Tokoro Fine Cook Koto,Shokuji Dokoro Fine Cook Koto,careful reading (庵/処/家/園/寿司/々/志)
fukuoka/umi,Dining,和処 月歩,Wa Tokoro Geppo,Wa Dokoro Geppo,careful reading (庵/処/家/園/寿司/々/志)
fukuoka/umi,Dining,咲々園,Saki (kurikaesi) Sono,Saki Saki Sono,careful reading (庵/処/家/園/寿司/々/志)
fukuoka/umi,Dining,酔R処,Sui R Tokoro,Sui R Dokoro,careful reading (庵/処/家/園/寿司/々/志)
fukuoka/umi,Dining,寿し豊,Hisashi Shi Yutaka,Sushi Yutaka,careful reading (庵/処/家/園/寿司/々/志)
fukuoka/umi,Dining,酔家,Sui Ie,Suika,tabelog listing reading: すいか
fukuoka/yame,Dining,うまかもん本舗 志むろ,Umakamon Honpo Kokorozashi Muro,Umakamon Honpo Shi Muro,careful reading (庵/処/家/園/寿司/々/志)
fukuoka/yame,Dining,かくれ庵,Kakure Iori,Kakure-an,careful reading (庵/処/家/園/寿司/々/志)
fukuoka/yame,Dining,海鮮処 まるみつ,Kaisen Tokoro Marumitsu,Kaisen Dokoro Marumitsu,careful reading (庵/処/家/園/寿司/々/志)
fukuoka/yanagawa,Dining,福泉操,Fukusen Misao,Fukusenso,tabelog listing reading: フクセンソウ
fukuoka/yanagawa,Dining,末広寿し,Suehiro Hisashi Shi,Suehiro Sushi,careful reading (庵/処/家/園/寿司/々/志)
fukuoka/yoshitomi,Dining,麺処くらや 吉富店,Men Tokoro Kuraya Yoshitomi Branch,Men Dokoro Kuraya Yoshitomi Branch,careful reading (庵/処/家/園/寿司/々/志)
fukuoka/yoshitomi,Dining,麺処 博多らぁ麺と明太子 のお店,Men Tokoro Hakata Raa Men To Mentaiko Noo Branch,Men Dokoro Hakata Raa Men To Mentaiko Noo Branch,careful reading (庵/処/家/園/寿司/々/志)
fukuoka/yukuhashi,Dining,和処 つち谷,Wa Tokoro Tsuchi Tani,Wa Dokoro Tsuchi Tani,careful reading (庵/処/家/園/寿司/々/志)
fukuoka/yukuhashi,Dining,炙り処 晴屋,Aburi Tokoro Sei Ya,Aburi Dokoro Sei Ya,careful reading (庵/処/家/園/寿司/々/志)
fukuoka/yukuhashi,Dining,楽食家 膳,Rakushoku Ie Zen,Rakushokuya Zen,careful reading (庵/処/家/園/寿司/々/志)
fukuoka/yukuhashi,Dining,順寿し,Jun Hisashi Shi,Jun Sushi,careful reading (庵/処/家/園/寿司/々/志)
fukuoka/yukuhashi,Dining,食事処 しらかわ,Shokuji Tokoro Shirakawa,Shokuji Dokoro Shirakawa,careful reading (庵/処/家/園/寿司/々/志)
fukuoka/yukuhashi,Dining,魚健寿司,Sakana Kenji Tsukasa,Sakana Takeshi Sushi,careful reading (庵/処/家/園/寿司/々/志)
miyagi/higashimatsushima,Dining,旨い食処　あごら,Umai Shoku Tokoro Agora,Umai Shoku Dokoro Agora,careful reading (庵/処/家/園/寿司/々/志)
miyagi/higashimatsushima,Dining,大勇堂,Taiyuu Dou,Daiyudo,tabelog listing reading: ダイユウドウ
miyagi/higashimatsushima,Dining,そば処東京玉川屋,Soba Tokoro Toukyou Tamagawa Ya,Soba Dokoro Toukyou Tamagawa Ya,careful reading (庵/処/家/園/寿司/々/志)
miyagi/higashimatsushima,Dining,渚園,Nagisa Sono,Nagisa-en,careful reading (庵/処/家/園/寿司/々/志)
miyagi/higashimatsushima,Dining,福寿司,Fukuju Tsukasa,Fuku Sushi,careful reading (庵/処/家/園/寿司/々/志)
miyagi/higashimatsushima,Dining,いぬ ねこ 茶処,Inu Neko Cha Tokoro,Inu Neko Cha Dokoro,careful reading (庵/処/家/園/寿司/々/志)
miyagi/higashimatsushima,Dining,陶々呂,Tou (kurikaesi) Ro,Tou Tou Ro,careful reading (庵/処/家/園/寿司/々/志)
miyagi/higashimatsushima,Dining,正寿司,Masatoshi Tsukasa,Sei Sushi,careful reading (庵/処/家/園/寿司/々/志)
miyagi/higashimatsushima,Dining,味百花・旬食事処,Aji Hyakka Jun Shokuji Tokoro,Aji Hyakka Jun Shokuji Dokoro,careful reading (庵/処/家/園/寿司/々/志)
miyagi/ishinomaki,Dining,味彩しん家,Aji Sai Shin Ie,Aji Sai Shinya,careful reading (庵/処/家/園/寿司/々/志)
miyagi/ishinomaki,Dining,富喜寿司,Fuki Sushi,Fukizushi,tabelog listing reading: ふきずし
miyagi/ishinomaki,Dining,さかな処 三吉,Sakana Tokoro Sankichi,Sakana Dokoro Sankichi,careful reading (庵/処/家/園/寿司/々/志)
miyagi/ishinomaki,Dining,そば処 もりや,Soba Tokoro Moriya,Soba Dokoro Moriya,careful reading (庵/処/家/園/寿司/々/志)
miyagi/ishinomaki,Dining,麺処 ふか瀬,Men Tokoro Fuka Se,Men Dokoro Fuka Se,careful reading (庵/処/家/園/寿司/々/志)
miyagi/ishinomaki,Dining,食事処 こばやし 上品の郷店,Shokuji Tokoro Kobayashi Jouhin No Sato Branch,Shokuji Dokoro Kobayashi Jouhin No Sato Branch,careful reading (庵/処/家/園/寿司/々/志)
miyagi/ishinomaki,Dining,瑞幸,Zui Sachi,Zuiko,tabelog listing reading: ずいこう
miyagi/ishinomaki,Dining,喜八櫓きた道,Kihachi Yagura Kita Michi,Kihachi Rokitamichi,tabelog listing reading: きはちろきたみち
miyagi/ishinomaki,Dining,楓楸栞,Momiji Shuu Shiori,Fushukan,tabelog listing reading: フウシュウカン
miyagi/ishinomaki,Dining,伝八寿し,Denpachi Hisashi Shi,Denpachi Sushi,careful reading (庵/処/家/園/寿司/々/志)
miyagi/ishinomaki,Dining,食 酒処 響夢味や,Shoku Sake Tokoro Kyou Yume Aji Ya,Shoku Sake Dokoro Kyou Yume Aji Ya,careful reading (庵/処/家/園/寿司/々/志)
miyagi/ishinomaki,Dining,温州菜館,Unshuu Saikan,Onshu Saikan,tabelog listing reading: オンシュウサイカン
miyagi/ishinomaki,Dining,八鶏飯蔵,Hachi Niwatori Iikura,Hattorihanzo,tabelog listing reading: はっとりはんぞう
miyagi/ishinomaki,Dining,駒寿し,Koma Hisashi Shi,Komazushi,tabelog listing reading: こまずし
miyagi/ishinomaki,Dining,食事処 あむ,Shokuji Tokoro Amu,Shokuji Dokoro Amu,careful reading (庵/処/家/園/寿司/々/志)
miyagi/ishinomaki,Dining,全席個室居酒屋 忍家 石巻店,Zensekikoshitsu Izakaya Nin Ie Ishinomaki Branch,Zensekikoshitsu Izakaya Ninya Ishinomaki Branch,careful reading (庵/処/家/園/寿司/々/志)
miyagi/ishinomaki,Dining,割烹 八幡家,Kappou Hachiman Ie,Kappou Hachimanya,careful reading (庵/処/家/園/寿司/々/志)
miyagi/ishinomaki,Dining,食事処みうら,Shokuji Tokoro Miura,Shokuji Dokoro Miura,careful reading (庵/処/家/園/寿司/々/志)
miyagi/ishinomaki,Dining,野村庵,Nomura Iori,Nomura-an,careful reading (庵/処/家/園/寿司/々/志)
miyagi/ishinomaki,Dining,食事処 しかいろ,Shokuji Tokoro Shikairo,Shokuji Dokoro Shikairo,careful reading (庵/処/家/園/寿司/々/志)
miyagi/ishinomaki,Dining,お食事処 元気亭,O Shokuji Tokoro Genki Tei,O Shokuji Dokoro Genki Tei,careful reading (庵/処/家/園/寿司/々/志)
miyagi/ishinomaki,Dining,田中家,Tanaka Ie,Tanakaya,careful reading (庵/処/家/園/寿司/々/志)
miyagi/ishinomaki,Dining,鮨一八,Sushi Ichihatsu,Sushi Ippachi,tabelog listing reading: すしいっぱち
miyagi/ishinomaki,Dining,天空庵,Tenkuu Iori,Tenku-an,careful reading (庵/処/家/園/寿司/々/志)
miyagi/ishinomaki,Dining,そば処宝栄,Soba Tokoro Takara Sakae,Soba Dokoro Takara Sakae,careful reading (庵/処/家/園/寿司/々/志)
miyagi/ishinomaki,Dining,榮壽司,Eiju Tsukasa,Sakae Sushi,careful reading (庵/処/家/園/寿司/々/志)
miyagi/ishinomaki,Dining,華月,Kazuki,Kagetsu,tabelog listing reading: かげつ
miyagi/ishinomaki,Dining,宝寿司,Houju Tsukasa,Takara Sushi,careful reading (庵/処/家/園/寿司/々/志)
miyagi/ishinomaki,Dining,食・呑み処「花々亭」,Shoku Nomi Tokoro Hana Tei,Shoku Nomi Dokoro Hana Tei,careful reading (庵/処/家/園/寿司/々/志)
miyagi/ishinomaki,Dining,きっ茶 花々,Kitsu Cha Hana (kurikaesi),Kitsu Cha Hana Hana,careful reading (庵/処/家/園/寿司/々/志)
miyagi/ishinomaki,Dining,二色餅,Nishoku Mochi,Futairomochi,tabelog listing reading: フタイロモチ
miyagi/ishinomaki,Dining,焼肉冷麺やまなか家 石巻店,Yakiniku Reimen Yamanaka Ie Ishinomaki Branch,Yakiniku Reimen Yamanakaya Ishinomaki Branch,careful reading (庵/処/家/園/寿司/々/志)
miyagi/ishinomaki,Dining,お休み処 さとう,O Yasumi Tokoro Satou,O Yasumi Dokoro Satou,careful reading (庵/処/家/園/寿司/々/志)
miyagi/ishinomaki,Dining,すがん家,Sugan Ie,Suganya,careful reading (庵/処/家/園/寿司/々/志)
miyagi/ishinomaki,Dining,ごはん処 かつ庵 石巻蛇田店,Gohan Tokoro Katsu Iori Ishinomaki Hebita Branch,Gohan Dokoro Katsu-an Ishinomaki Hebita Branch,careful reading (庵/処/家/園/寿司/々/志)
miyagi/ishinomaki,Dining,勝手処 絲,Katte Tokoro Ito,Katte Dokoro Ito,careful reading (庵/処/家/園/寿司/々/志)
miyagi/ishinomaki,Dining,魚み亭,Sakana Mi Tei,Uomitei,tabelog listing reading: ウオミテイ
miyagi/ishinomaki,Dining,味巣亭,Aji Su Tei,Misutei,tabelog listing reading: ミステイ
miyagi/ishinomaki,Dining,穴場処 かくれ家,Anaba Tokoro Kakure Ie,Anaba Dokoro Kakureya,careful reading (庵/処/家/園/寿司/々/志)
miyagi/ishinomaki,Dining,ぐるめ処はんじろう,Gurume Tokoro Hanjirou,Gurume Dokoro Hanjirou,careful reading (庵/処/家/園/寿司/々/志)
miyagi/ishinomaki,Dining,喜久水庵 イオンモール石巻店,Yoshihisa Mizu Iori Aeon Mall Ishinomaki Branch,Yoshihisa Mizu-an Aeon Mall Ishinomaki Branch,careful reading (庵/処/家/園/寿司/々/志)
miyagi/ishinomaki,Dining,お持ち帰り処 丼助丼丸 石巻新境町店,O Mochikaeri Tokoro Donburi Jo Donburi Maru Ishinomaki Shin Sakaimachi Branch,O Mochikaeri Dokoro Donburi Jo Donburi Maru Ishinomaki Shin Sakaimachi Branch,careful reading (庵/処/家/園/寿司/々/志)
miyagi/ishinomaki,Dining,ゆず庵 石巻店,Yuzu Iori Ishinomaki Branch,Yuzu-an Ishinomaki Branch,careful reading (庵/処/家/園/寿司/々/志)
miyagi/ishinomaki,Dining,幸楽苑のからあげ家 蛇田店,Kouraku En Nokaraage Ie Hebita Branch,Kouraku En Nokaraageya Hebita Branch,careful reading (庵/処/家/園/寿司/々/志)
miyagi/ishinomaki,Dining,外房捕鯨 くじら家,Sotobou Hogei Kujira Ie,Sotobou Hogei Kujiraya,careful reading (庵/処/家/園/寿司/々/志)
miyagi/ishinomaki,Dining,一平寿し,Ippei Hisashi Shi,Ippei Sushi,careful reading (庵/処/家/園/寿司/々/志)
miyagi/ishinomaki,Dining,たけ志,Take Kokorozashi,Takeshi,tabelog listing reading: タケシ
miyagi/ishinomaki,Dining,食事処かんた,Shokuji Tokoro Kanta,Shokuji Dokoro Kanta,careful reading (庵/処/家/園/寿司/々/志)
miyagi/ishinomaki,Dining,瑠璃庵,Ruri Iori,Rurian,tabelog listing reading: るりあん
miyagi/ishinomaki,Dining,真寿司,Masumi Tsukasa,Makoto Sushi,careful reading (庵/処/家/園/寿司/々/志)
miyagi/ishinomaki,Dining,海人,Ama,Kaito,tabelog listing reading: カイト
miyagi/ishinomaki,Dining,歩,Ho,Fu,tabelog listing reading: フ
miyagi/ishinomaki,Dining,酒処銀座,Sake Tokoro Ginza,Sake Dokoro Ginza,careful reading (庵/処/家/園/寿司/々/志)
miyagi/ishinomaki,Dining,鮨処東家,Sushi Tokoro Azumaya,Sushi Dokoro Azumaya,careful reading (庵/処/家/園/寿司/々/志)
miyagi/ishinomaki,Dining,呑処じゅん,Don Tokoro Jun,Don Dokoro Jun,careful reading (庵/処/家/園/寿司/々/志)
miyagi/ishinomaki,Dining,呑処ぽんぽこ,Don Tokoro Ponpoko,Don Dokoro Ponpoko,careful reading (庵/処/家/園/寿司/々/志)
miyagi/ishinomaki,Dining,飲み処真美,Nomi Tokoro Mami,Nomi Dokoro Mami,careful reading (庵/処/家/園/寿司/々/志)
miyagi/ishinomaki,Dining,食事処 かず 石巻店,Shokuji Tokoro Kazu Ishinomaki Branch,Shokuji Dokoro Kazu Ishinomaki Branch,careful reading (庵/処/家/園/寿司/々/志)
miyagi/ishinomaki,Dining,おがつ店家 こ屋街,Ogatsu Mise Ie Ko Ya Machi,Ogatsu Miseya Ko Ya Machi,careful reading (庵/処/家/園/寿司/々/志)
miyagi/ishinomaki,Dining,美好寿し,Miyoshi Hisashi Shi,Miyoshi Sushi,careful reading (庵/処/家/園/寿司/々/志)
miyagi/ishinomaki,Dining,司寿し,Tsukasa Hisashi Shi,Tsukasa Sushi,careful reading (庵/処/家/園/寿司/々/志)
miyagi/ishinomaki,Dining,与兵栄寿し,Yo Hei Eiju Shi,Yo Hei Sakae Sushi,careful reading (庵/処/家/園/寿司/々/志)
miyagi/iwanuma,Dining,金蛇水神社参道・休憩処 サンドウ テラス,Kanahebi Suijin Shasan Michi Kyūkei Tokoro Sandō Terrace,Kanahebi Suijin Shasan Michi Kyūkei Dokoro Sandō Terrace,careful reading (庵/処/家/園/寿司/々/志)
miyagi/iwanuma,Dining,まこと寿し,Makoto Hisashi Shi,Makoto Sushi,careful reading (庵/処/家/園/寿司/々/志)
miyagi/iwanuma,Dining,食事処 おおとも,Shokuji Tokoro Ootomo,Shokuji Dokoro Ootomo,careful reading (庵/処/家/園/寿司/々/志)
miyagi/iwanuma,Dining,そば処おさだ,Soba Tokoro Osada,Soba Dokoro Osada,careful reading (庵/処/家/園/寿司/々/志)
miyagi/iwanuma,Dining,おくに寿し,Okuni Hisashi Shi,Okuni Sushi,careful reading (庵/処/家/園/寿司/々/志)
miyagi/iwanuma,Dining,そば処千歳,Soba Tokoro Chitose,Soba Dokoro Chitose,careful reading (庵/処/家/園/寿司/々/志)
miyagi/iwanuma,Dining,食事処　味里,Shokuji Tokoro Aji Sato,Shokuji Dokoro Aji Sato,careful reading (庵/処/家/園/寿司/々/志)
miyagi/iwanuma,Dining,麺処 よしだ家,Men Tokoro Yoshida Ie,Men Dokoro Yoshidaya,careful reading (庵/処/家/園/寿司/々/志)
miyagi/iwanuma,Dining,食事処 福住,Shokuji Tokoro Fukuzumi,Shokuji Dokoro Fukuzumi,careful reading (庵/処/家/園/寿司/々/志)
miyagi/iwanuma,Dining,幸楽苑のからあげ家 岩沼店,Kouraku En Nokaraage Ie Iwanuma Branch,Kouraku En Nokaraageya Iwanuma Branch,careful reading (庵/処/家/園/寿司/々/志)
miyagi/iwanuma,Dining,遊食処九重,Yuu Shoku Tokoro Kokonoe,Yuu Shoku Dokoro Kokonoe,careful reading (庵/処/家/園/寿司/々/志)
miyagi/kakuda,Dining,母里の風,Haha Sato No Kaze,Mori no Kaze,tabelog listing reading: モリノカゼ
miyagi/kakuda,Dining,そば処　壽庵,Soba Tokoro Juan,Soba Dokoro Juan,careful reading (庵/処/家/園/寿司/々/志)
miyagi/kakuda,Dining,そば処たちばな,Soba Tokoro Tachibana,Soba Dokoro Tachibana,careful reading (庵/処/家/園/寿司/々/志)
miyagi/kakuda,Dining,美よし家,Bi Yoshi Ie,Miyoshiya,tabelog listing reading: みよしや
miyagi/kakuda,Dining,京園,Kyou Sono,Kyo-en,careful reading (庵/処/家/園/寿司/々/志)
miyagi/kakuda,Dining,天然温泉もみの木 食事処 はなのれん,Tennen Onsen Momino Ki Shokuji Tokoro Hananoren,Tennen Onsen Momino Ki Shokuji Dokoro Hananoren,careful reading (庵/処/家/園/寿司/々/志)
miyagi/kakuda,Dining,らーめん せん家 角田店,Raamen Sen Ie Kakuda Branch,Raamen Senya Kakuda Branch,careful reading (庵/処/家/園/寿司/々/志)
miyagi/kakuda,Dining,清華園,Seika Sono,Seika-en,careful reading (庵/処/家/園/寿司/々/志)
miyagi/kakuda,Dining,そば処 山の内分校,Soba Tokoro Yama No Naibun Kou,Soba Dokoro Yama No Naibun Kou,careful reading (庵/処/家/園/寿司/々/志)
miyagi/kakuda,Dining,美音,Bion,Mine,tabelog listing reading: ミネ
miyagi/kakuda,Dining,待夢,Tai Yume,Taimu,tabelog listing reading: タイム
miyagi/kakuda,Dining,小野園,Ono Sono,Ono-en,careful reading (庵/処/家/園/寿司/々/志)
miyagi/kakuda,Dining,寿し政,Hisashi Shi Matsurigoto,Sushi Matsurigoto,careful reading (庵/処/家/園/寿司/々/志)
miyagi/kamimachi,Dining,蕎麦 りぞう庵,Soba Rizou Iori,Soba Rizo-an,careful reading (庵/処/家/園/寿司/々/志)
miyagi/kamimachi,Dining,門眞菓子店,Kadoma Kashi Mise,Monma Kashi Ten,tabelog listing reading: もんまかしてん
miyagi/kamimachi,Dining,喜進堂,Ki Susumu Dou,Kishindo,tabelog listing reading: キシンドウ
miyagi/kamimachi,Dining,もち処大滝,Mochi Tokoro Ootaki,Mochi Dokoro Ootaki,careful reading (庵/処/家/園/寿司/々/志)
miyagi/kamimachi,Dining,外の音,Soto No Oto,Soto no In,tabelog listing reading: ソトノイン
miyagi/kamimachi,Dining,勝栄堂,Katsuei Dou,Shoeido,tabelog listing reading: ショウエイドウ
miyagi/kamimachi,Dining,なんぶ家,Nanbu Ie,Nanbuya,careful reading (庵/処/家/園/寿司/々/志)
miyagi/kamimachi,Dining,呑もう家,Nomo U Ie,Nomo Uya,careful reading (庵/処/家/園/寿司/々/志)
miyagi/kawasakicho,Dining,支那そば家,Shina Soba Ie,Shina Sobaya,careful reading (庵/処/家/園/寿司/々/志)
miyagi/kawasakicho,Dining,そば処 舌つづみ,Soba Tokoro Shita Tsuzumi,Soba Dokoro Shita Tsuzumi,careful reading (庵/処/家/園/寿司/々/志)
miyagi/kawasakicho,Dining,大勝食堂,Taishou Shokudo,Taikatsu Shokudo,tabelog listing reading: タイカツショクドウ
miyagi/kawasakicho,Dining,はるそば家,Harusoba Ie,Harusobaya,careful reading (庵/処/家/園/寿司/々/志)
miyagi/kawasakicho,Dining,食事処味かつ,Shokuji Tokoro Aji Katsu,Shokuji Dokoro Aji Katsu,careful reading (庵/処/家/園/寿司/々/志)
miyagi/kesennuma,Dining,鮨処 えんどう,Sushi Tokoro Endou,Sushi Dokoro Endou,careful reading (庵/処/家/園/寿司/々/志)
miyagi/kesennuma,Dining,新富寿し,Shintomi Hisashi Shi,Shintomi Sushi,careful reading (庵/処/家/園/寿司/々/志)
miyagi/kesennuma,Dining,磯料理 はま家,Iso Ryouri Hama Ie,Iso Ryouri Hamaya,careful reading (庵/処/家/園/寿司/々/志)
miyagi/kesennuma,Dining,中華家かいか,Chuuka Ie Kaika,Chukaya Kaika,careful reading (庵/処/家/園/寿司/々/志)
miyagi/kesennuma,Dining,御食事処 やまにし,Mike Koto Tokoro Yamanishi,O Shokuji Dokoro Yamanishi,careful reading (庵/処/家/園/寿司/々/志)
miyagi/kesennuma,Dining,麺酒庵 こまつ,Men Sake Iori Komatsu,Men Sake-an Komatsu,careful reading (庵/処/家/園/寿司/々/志)
miyagi/kesennuma,Dining,竜舞食堂,Ryuumai Shokudo,Tatsumai Shokudo,tabelog listing reading: たつまいしょくどう
miyagi/kesennuma,Dining,味噌家,Miso Ie,Misoya,careful reading (庵/処/家/園/寿司/々/志)
miyagi/kesennuma,Dining,菓心富月,Ka Kokoro Tomi Gatsu,Kashinfugetsu,tabelog listing reading: カシンフウゲツ
miyagi/kesennuma,Dining,旬鮮処 菊せん,Jun Sen Tokoro Kiku Sen,Jun Sen Dokoro Kiku Sen,careful reading (庵/処/家/園/寿司/々/志)
miyagi/kesennuma,Dining,茶処 プランタン,Cha Tokoro Printemps,Cha Dokoro Printemps,careful reading (庵/処/家/園/寿司/々/志)
miyagi/kesennuma,Dining,寿司処 一心,Sushi Tokoro Isshin,Sushi Dokoro Isshin,careful reading (庵/処/家/園/寿司/々/志)
miyagi/kesennuma,Dining,食事処 塩田,Shokuji Tokoro Shioda,Shokuji Dokoro Shioda,careful reading (庵/処/家/園/寿司/々/志)
miyagi/kesennuma,Dining,焼肉冷麺やまなか家 気仙沼店,Yakiniku Reimen Yamanaka Ie Kesennuma Branch,Yakiniku Reimen Yamanakaya Kesennuma Branch,careful reading (庵/処/家/園/寿司/々/志)
miyagi/kesennuma,Dining,大松,Oomatsu,Daimatsu,tabelog listing reading: だいまつ
miyagi/kesennuma,Dining,からあげ家 気仙沼店,Karaage Ie Kesennuma Branch,Karaageya Kesennuma Branch,careful reading (庵/処/家/園/寿司/々/志)
miyagi/kesennuma,Dining,第二笑口会議処,Daini Warai Kuchi Kaigi Tokoro,Daini Shoko Kaigi Sho,tabelog listing reading: ダイニショウコウカイギショ
miyagi/kesennuma,Dining,和食処 鮹,Washoku Tokoro Tako,Washoku Dokoro Tako,careful reading (庵/処/家/園/寿司/々/志)
miyagi/kesennuma,Dining,巴鮨,Tomoe Sushi,Tomoezushi,tabelog listing reading: トモエズシ
miyagi/kesennuma,Dining,和ダイニング 伊勢家,Wa Dining Ise Ie,Wa Dining Iseya,careful reading (庵/処/家/園/寿司/々/志)
miyagi/kesennuma,Dining,食事処 はまいち,Shokuji Tokoro Hamaichi,Shokuji Dokoro Hamaichi,careful reading (庵/処/家/園/寿司/々/志)
miyagi/kesennuma,Dining,小野家,Ono Ie,Onoya,careful reading (庵/処/家/園/寿司/々/志)
miyagi/kesennuma,Dining,義味家,Gi Aji Ie,Gimiya,tabelog listing reading: ギミヤ
miyagi/kesennuma,Dining,椿寿し,Tsubaki Hisashi Shi,Tsubaki Sushi,careful reading (庵/処/家/園/寿司/々/志)
miyagi/kesennuma,Dining,呑み処 菜の園,Nomi Tokoro Na No Sono,Nomi Dokoro Na No Sono,careful reading (庵/処/家/園/寿司/々/志)
miyagi/kesennuma,Dining,呑み喰い処 はなれ,Nomikui Tokoro Hanare,Nomikui Dokoro Hanare,careful reading (庵/処/家/園/寿司/々/志)
miyagi/kesennuma,Dining,喫茶去,Kissa Kyo,Kissa Ko,tabelog listing reading: キッサコ
miyagi/kesennuma,Dining,食彩処えん,Shokusai Tokoro En,Shokusai Dokoro En,careful reading (庵/処/家/園/寿司/々/志)
miyagi/kesennuma,Dining,そば処 楽屋 気仙沼店,Soba Tokoro Gakuya Kesennuma Branch,Soba Dokoro Gakuya Kesennuma Branch,careful reading (庵/処/家/園/寿司/々/志)
miyagi/kesennuma,Dining,すし処 和禅,Sushi Tokoro Wa Zen,Sushi Dokoro Wa Zen,careful reading (庵/処/家/園/寿司/々/志)
miyagi/kesennuma,Dining,伊藤園,Itou Sono,Ito-en,careful reading (庵/処/家/園/寿司/々/志)
miyagi/kesennuma,Dining,食事処 こご磯,Shokuji Tokoro Kogo Iso,Shokuji Dokoro Kogo Iso,careful reading (庵/処/家/園/寿司/々/志)
miyagi/kurihara,Stay,ホテル　志ばたや,Hotel Kokorozashi Bataya,Hotel Shi Bataya,careful reading (庵/処/家/園/寿司/々/志)
miyagi/kurihara,Dining,自然薯の館,Shizen Sho No Kan,Jinenjo no Yakata,tabelog listing reading: じねんじょのやかた
miyagi/kurihara,Dining,食事処 ,Shokuji Tokoro Ikkyuu,Shokuji Dokoro Ikkyuu,careful reading (庵/処/家/園/寿司/々/志)
miyagi/kurihara,Dining,そば処　京ケ崎,Soba Tokoro Kyou Ke Saki,Soba Dokoro Kyou Ke Saki,careful reading (庵/処/家/園/寿司/々/志)
miyagi/kurihara,Dining,飲み処 食べ処 つがる,Nomi Tokoro Tabe Tokoro Tsugaru,Nomi Dokoro Tabe Dokoro Tsugaru,careful reading (庵/処/家/園/寿司/々/志)
miyagi/kurihara,Dining,食事処 だるま屋,Shokuji Tokoro Daruma Ya,Shokuji Dokoro Daruma Ya,careful reading (庵/処/家/園/寿司/々/志)
miyagi/kurihara,Dining,食事処 和の倶楽,Shokuji Tokoro Nagono Gu Raku,Shokuji Dokoro Nagono Gu Raku,careful reading (庵/処/家/園/寿司/々/志)
miyagi/kurihara,Dining,食事処 和の倶楽,Shokuji Tokoro Nagono Gu Raku,Shokuji Dokoro Nagono Gu Raku,careful reading (庵/処/家/園/寿司/々/志)
miyagi/kurihara,Dining,食事処むらかみ,Shokuji Tokoro Murakami,Shokuji Dokoro Murakami,careful reading (庵/処/家/園/寿司/々/志)
miyagi/kurihara,Dining,そば処 もんじ 永左エ門,Soba Tokoro Monji Ei Hidari E Mon,Soba Dokoro Monji Ei Hidari E Mon,careful reading (庵/処/家/園/寿司/々/志)
miyagi/kurihara,Dining,喜久乃家,Yoshihisa No Ie,Yoshihisa Noya,careful reading (庵/処/家/園/寿司/々/志)
miyagi/kurihara,Dining,そば処 本陣,Soba Tokoro Honjin,Soba Dokoro Honjin,careful reading (庵/処/家/園/寿司/々/志)
miyagi/kurihara,Dining,志んこや,Kokorozashi Nkoya,Shi Nkoya,careful reading (庵/処/家/園/寿司/々/志)
miyagi/kurihara,Dining,福徳園,Fukutoku Sono,Fukutoku-en,careful reading (庵/処/家/園/寿司/々/志)
miyagi/kurihara,Dining,文字屋,Moji Ya,Monjiya,tabelog listing reading: もんじや
miyagi/kurihara,Dining,焼肉 俺ん家,Yakiniku Ore N Ie,Yakiniku Ore Nya,careful reading (庵/処/家/園/寿司/々/志)
miyagi/kurihara,Dining,くりこま漢方和牛直売処 関村牧場,Kurikoma Kanpou Wagyuu Chokubai Tokoro Sekimura Bokujou,Kurikoma Kanpou Wagyuu Chokubai Dokoro Sekimura Bokujou,careful reading (庵/処/家/園/寿司/々/志)
miyagi/kurihara,Dining,喜久乃家 ウジエスーパー栗駒店,Yoshihisa No Ie Ujie Super Kurikoma Branch,Yoshihisa Noya Ujie Super Kurikoma Branch,careful reading (庵/処/家/園/寿司/々/志)
miyagi/kurihara,Dining,富寿司,Tomiju Tsukasa,Tomi Sushi,careful reading (庵/処/家/園/寿司/々/志)
miyagi/kurihara,Dining,照寿し,Shou Hisashi Shi,Shou Sushi,careful reading (庵/処/家/園/寿司/々/志)
miyagi/kurihara,Dining,食事処 縁,Shokuji Tokoro Heri,Shokuji Dokoro Heri,careful reading (庵/処/家/園/寿司/々/志)
miyagi/kurihara,Dining,屋婦栄,Ya Fu Sakae,Yabue,tabelog listing reading: やぶえ
miyagi/kurihara,Dining,忍家,Nin Ie,Ninya,careful reading (庵/処/家/園/寿司/々/志)
miyagi/kurihara,Dining,ゆき寿し,Yuki Hisashi Shi,Yuki Sushi,careful reading (庵/処/家/園/寿司/々/志)
miyagi/marumori,Dining,清流庵,Seiryuu Iori,Seiryuan,tabelog listing reading: せいりゅうあん
miyagi/marumori,Dining,金八寿司,Kinpachi Sushi,Kinpachizushi,tabelog listing reading: きんぱちずし
miyagi/marumori,Dining,志白屋,Kokorozashi Shiro Ya,Shihakuya,tabelog listing reading: シハクヤ
miyagi/marumori,Dining,ふれあい農園直売所,Fureai Nouen Chokubai Tokoro,Fureai Noen Chokubai Jo,tabelog listing reading: フレアイノウエンチョクバイジョ
miyagi/marumori,Dining,石塚養蜂園,Ishizuka Youhou Sono,Ishizuka Yoho-en,careful reading (庵/処/家/園/寿司/々/志)
miyagi/matsushima,Dining,洗心庵,Senshin Iori,Senshin'an,tabelog listing reading: せんしんあん
miyagi/matsushima,Dining,旬海,Jun Umi,Shunkai,tabelog listing reading: しゅんかい
miyagi/matsushima,Dining,竹雀庵,Chikujaku Iori,Chikujaku-an,careful reading (庵/処/家/園/寿司/々/志)
miyagi/matsushima,Dining,大観荘,Daikansou,Taikanso,tabelog listing reading: たいかんそう
miyagi/matsushima,Dining,石田家,Ishida Ie,Ishidaya,tabelog listing reading: いしだや
miyagi/matsushima,Dining,そば処翠松庵,Soba Tokoro Suishou Iori,Soba Dokoro Suisho-an,careful reading (庵/処/家/園/寿司/々/志)
miyagi/matsushima,Dining,紅蓮屋 心月庵,Guren Ya Shingetsu Iori,Guren Ya Shingetsu-an,careful reading (庵/処/家/園/寿司/々/志)
miyagi/matsushima,Dining,青海波,Seikai Nami,Seigaiha,tabelog listing reading: せいがいは
miyagi/matsushima,Dining,松島庵,Matsushima Iori,Matsushima-an,careful reading (庵/処/家/園/寿司/々/志)
miyagi/matsushima,Dining,和食 めん処 誉旨,Washoku Men Tokoro Yo Mune,Washoku Men Dokoro Yo Mune,careful reading (庵/処/家/園/寿司/々/志)
miyagi/matsushima,Dining,海畑,Umi Hatake,Umibatake,tabelog listing reading: ウミバタケ
miyagi/matsushima,Dining,お食事処 白帆,O Shokuji Tokoro Shiraho,O Shokuji Dokoro Shiraho,careful reading (庵/処/家/園/寿司/々/志)
miyagi/matsushima,Dining,和食処　天正,Washoku Tokoro Tenshou,Washoku Dokoro Tenshou,careful reading (庵/処/家/園/寿司/々/志)
miyagi/matsushima,Dining,和食処 楽楽,Washoku Tokoro Raku Raku,Washoku Dokoro Raku Raku,careful reading (庵/処/家/園/寿司/々/志)
miyagi/matsushima,Dining,おみやげ処 松島海岸,Omiyage Tokoro Matsushima Kaigan,Omiyage Dokoro Matsushima Kaigan,careful reading (庵/処/家/園/寿司/々/志)
miyagi/matsushima,Dining,御菓子処 勝新堂,O Kashi Tokoro Katsushin Dou,O Kashi Dokoro Katsushin Dou,careful reading (庵/処/家/園/寿司/々/志)
miyagi/matsushima,Dining,みちのく伊達政宗歴史館 おみやげ処,Michinoku Datemasamune Rekishikan Omiyage Tokoro,Michinoku Datemasamune Rekishikan Omiyage Dokoro,careful reading (庵/処/家/園/寿司/々/志)
miyagi/minamisanriku,Dining,菓房山清,Kabou Sansei,Kaboyamasei,tabelog listing reading: カボウヤマセイ
miyagi/minamisanriku,Dining,志のや,Kokorozashi Noya,Shi Noya,careful reading (庵/処/家/園/寿司/々/志)
miyagi/minamisanriku,Dining,食事処 松原,Shokuji Tokoro Matsubara,Shokuji Dokoro Matsubara,careful reading (庵/処/家/園/寿司/々/志)
miyagi/minamisanriku,Dining,そば処 京極,Soba Tokoro Kyougoku,Soba Dokoro Kyougoku,careful reading (庵/処/家/園/寿司/々/志)
miyagi/minamisanriku,Dining,竜巳や,Ryuu Shi Ya,Tatsumiya,tabelog listing reading: タツミヤ
miyagi/minamisanriku,Dining,そばカフェ 風庵,Soba Cafe Kaze Iori,Soba Cafe Kaze-an,careful reading (庵/処/家/園/寿司/々/志)
miyagi/minamisanriku,Dining,和食処　潮騒,Washoku Tokoro Shiosai,Washoku Dokoro Shiosai,careful reading (庵/処/家/園/寿司/々/志)
miyagi/minamisanriku,Dining,ばっかり茶家,Bakkari Chake,Bakkarichaya,tabelog listing reading: ばっかりちゃや
miyagi/miyagimisato,Dining,桝家,Masu Ie,Masuya,careful reading (庵/処/家/園/寿司/々/志)
miyagi/miyagimisato,Dining,禾食や,Nogi Shoku Ya,Kajikiya,tabelog listing reading: カジキヤ
miyagi/miyagimisato,Dining,華園,Hanazono,Kaen,tabelog listing reading: カエン
miyagi/miyagimisato,Dining,千寿司,Chizu Tsukasa,Sen Sushi,careful reading (庵/処/家/園/寿司/々/志)
miyagi/miyagimisato,Dining,酒処岬,Sake Tokoro Misaki,Sake Dokoro Misaki,careful reading (庵/処/家/園/寿司/々/志)
miyagi/miyagimisato,Dining,和食処千代,Washoku Tokoro Chiyo,Washoku Dokoro Chiyo,careful reading (庵/処/家/園/寿司/々/志)
miyagi/murata,Dining,千寿庵,Chizu Iori,Chizu-an,careful reading (庵/処/家/園/寿司/々/志)
miyagi/murata,Dining,らーめんせん家 村田店,Raamensen Ie Murata Branch,Raamensenya Murata Branch,careful reading (庵/処/家/園/寿司/々/志)
miyagi/murata,Dining,一祥,Ichi Shou,Issho,tabelog listing reading: イッショウ
miyagi/murata,Dining,そば処　金谷,Soba Tokoro Kanaya,Soba Dokoro Kanaya,careful reading (庵/処/家/園/寿司/々/志)
miyagi/murata,Dining,竹雀,Chikujaku,Takesuzume,tabelog listing reading: タケスズメ
miyagi/murata,Dining,麺や呑み処 もみじ庵,Men Ya Nomi Tokoro Momiji Iori,Men Ya Nomi Dokoro Momiji Iori,careful reading (庵/処/家/園/寿司/々/志)
miyagi/murata,Dining,和食処 けやき,Washoku Tokoro Keyaki,Washoku Dokoro Keyaki,careful reading (庵/処/家/園/寿司/々/志)
miyagi/murata,Dining,もつ家 八,Motsu Ie Hachi,Motsuya Hachi,careful reading (庵/処/家/園/寿司/々/志)
miyagi/murata,Dining,大沼酒造店,Oonuma Shuzou Mise,Onuma Shuzo Ten,tabelog listing reading: オオヌマシュゾウテン
miyagi/murata,Dining,韮神や,Nira Kami Ya,Niragamiya,tabelog listing reading: ニラガミヤ
miyagi/murata,Dining,なぬすてんの家,Nanusutenno Ie,Nanusuten noya,tabelog listing reading: ナヌステンノヤ
miyagi/murata,Dining,志げる寿司,Kokorozashi Geru Sushi,Shi Geru Sushi,careful reading (庵/処/家/園/寿司/々/志)
miyagi/natori,Dining,なると家,Naruto Ie,Narutoya,careful reading (庵/処/家/園/寿司/々/志)
miyagi/natori,Dining,星さん家のハンバーグ,Hoshi San Ie No Hamburg Steak,Hoshi Sanya No Hamburg Steak,careful reading (庵/処/家/園/寿司/々/志)
miyagi/natori,Dining,市場直送 めし処 一,Shijou Chokusou Meshi Tokoro Ichi,Shijou Chokusou Meshi Dokoro Ichi,careful reading (庵/処/家/園/寿司/々/志)
miyagi/natori,Dining,閖上浜のまかない処 浜や食堂,Yuriage Hama Nomakanai Tokoro Hama Ya Shokudo,Yuriage Hama Nomakanai Dokoro Hama Ya Shokudo,careful reading (庵/処/家/園/寿司/々/志)
miyagi/natori,Dining,寿司処鮨金,Sushi Tokoro Sushi Kin,Sushi Dokoro Sushi Kin,careful reading (庵/処/家/園/寿司/々/志)
miyagi/natori,Dining,そば処 丸松 空港店,Soba Tokoro Maru Matsu Kuukou Branch,Soba Dokoro Maru Matsu Kuukou Branch,careful reading (庵/処/家/園/寿司/々/志)
miyagi/natori,Dining,食事処 千屋,Shokuji Tokoro Senya,Shokuji Dokoro Senya,careful reading (庵/処/家/園/寿司/々/志)
miyagi/natori,Dining,そば処田舎,Soba Tokoro Inaka,Soba Dokoro Inaka,careful reading (庵/処/家/園/寿司/々/志)
miyagi/natori,Dining,ホワイトギョーザ サガノ家,White Gyoza Sagano Ie,White Gyoza Saganoya,careful reading (庵/処/家/園/寿司/々/志)
miyagi/natori,Dining,そば処 太陽,Soba Tokoro Taiyou,Soba Dokoro Taiyou,careful reading (庵/処/家/園/寿司/々/志)
miyagi/natori,Dining,喜久水庵 仙台空港店,Yoshihisa Mizu Iori Sendai Airport Branch,Yoshihisa Mizu-an Sendai Airport Branch,careful reading (庵/処/家/園/寿司/々/志)
miyagi/natori,Dining,麺処 海日和,Men Tokoro Umi Hiyori,Men Dokoro Umi Hiyori,careful reading (庵/処/家/園/寿司/々/志)
miyagi/natori,Dining,山岡家 名取店,Yamaoka Ie Natori Branch,Yamaokaya Natori Branch,careful reading (庵/処/家/園/寿司/々/志)
miyagi/natori,Dining,ゆず庵 名取店,Yuzu Iori Natori Branch,Yuzu-an Natori Branch,careful reading (庵/処/家/園/寿司/々/志)
miyagi/natori,Dining,焼肉冷麺やまなか家 名取店,Yakiniku Reimen Yamanaka Ie Natori Branch,Yakiniku Reimen Yamanakaya Natori Branch,careful reading (庵/処/家/園/寿司/々/志)
miyagi/natori,Dining,喜久水庵 ナゴミ,Yoshihisa Mizu Iori Nagomi,Yoshihisa Mizu-an Nagomi,careful reading (庵/処/家/園/寿司/々/志)
miyagi/natori,Dining,蔵タ家,Kura Ta Ie,Kura Taya,careful reading (庵/処/家/園/寿司/々/志)
miyagi/natori,Dining,そば処 揚司,Soba Tokoro You Tsukasa,Soba Dokoro You Tsukasa,careful reading (庵/処/家/園/寿司/々/志)
miyagi/natori,Dining,幸楽苑のからあげ家 名取大手町店,Kouraku En Nokaraage Ie Natori Ootemachi Branch,Kouraku En Nokaraageya Natori Ootemachi Branch,careful reading (庵/処/家/園/寿司/々/志)
miyagi/natori,Dining,酒処ホルモン サッポロ,Sake Tokoro Horumon Sapporo,Sake Dokoro Horumon Sapporo,careful reading (庵/処/家/園/寿司/々/志)
miyagi/natori,Dining,そば処 めん六や 宮城名取美田園店,Soba Tokoro Men Roku Ya Miyagi Natori Mitazono Branch,Soba Dokoro Men Roku Ya Miyagi Natori Mitazono Branch,careful reading (庵/処/家/園/寿司/々/志)
miyagi/ogawara,Dining,山田庵,Yamada Iori,Yamada-an,careful reading (庵/処/家/園/寿司/々/志)
miyagi/ogawara,Dining,さくら家,Sakura Ie,Sakuraya,careful reading (庵/処/家/園/寿司/々/志)
miyagi/ogawara,Dining,元祖 晒よし飴本舗 市場家,Ganso Sarashi Yoshi Ame Honpo Shijou Ie,Ganso Sarashi Yoshi Ame Honpo Shijoya,careful reading (庵/処/家/園/寿司/々/志)
miyagi/ogawara,Dining,焼肉冷麺やまなか家 大河原店,Yakiniku Reimen Yamanaka Ie Oogawara Branch,Yakiniku Reimen Yamanakaya Oogawara Branch,careful reading (庵/処/家/園/寿司/々/志)
miyagi/ogawara,Dining,お茶の井ヶ田 喜久水庵 フォルテ大河原店,O Cha No I Ke Ta Yoshihisa Mizu Iori Forte Oogawara Branch,O Cha No I Ke Ta Yoshihisa Mizu-an Forte Oogawara Branch,careful reading (庵/処/家/園/寿司/々/志)
miyagi/ogawara,Dining,ゆたか寿し,Yutaka Hisashi Shi,Yutaka Sushi,careful reading (庵/処/家/園/寿司/々/志)
miyagi/ogawara,Dining,お繁寿し,O Han Hisashi Shi,O Han Sushi,careful reading (庵/処/家/園/寿司/々/志)
miyagi/ogawara,Dining,呑む処とんとん拍子,Nomu Tokoro Tonton Hyoushi,Nomu Dokoro Tonton Hyoushi,careful reading (庵/処/家/園/寿司/々/志)
miyagi/onagawa,Dining,ステイイン 鈴家,Stay Inn Suzu Ie,Stay Inn Suzuya,careful reading (庵/処/家/園/寿司/々/志)
miyagi/onagawa,Dining,酒飯処 かぐら,Shuhan Tokoro Kagura,Shuhan Dokoro Kagura,careful reading (庵/処/家/園/寿司/々/志)
miyagi/onagawa,Dining,そば・和食処 花菖蒲,Soba Washoku Tokoro Hanashōbu,Soba Washoku Dokoro Hanashōbu,careful reading (庵/処/家/園/寿司/々/志)
miyagi/osakishi,Dining,寿し扇,Hisashi Shi Ougi,Sushi Ougi,careful reading (庵/処/家/園/寿司/々/志)
miyagi/osakishi,Dining,餅処　深瀬,Mochi Tokoro Fukase,Mochi Dokoro Fukase,careful reading (庵/処/家/園/寿司/々/志)
miyagi/osakishi,Dining,担担麺家 たけうち,Tantan Men Ie Takeuchi,Tantan Menya Takeuchi,careful reading (庵/処/家/園/寿司/々/志)
miyagi/osakishi,Dining,せいじん庵,Seijin Iori,Seijin-an,careful reading (庵/処/家/園/寿司/々/志)
miyagi/osakishi,Dining,そば処 小花,Soba Tokoro Kobana,Soba Dokoro Kobana,careful reading (庵/処/家/園/寿司/々/志)
miyagi/osakishi,Dining,手打ちそば 千秋庵,Teuchi Chisoba Senshuu Iori,Teuchi Chisoba Senshu-an,careful reading (庵/処/家/園/寿司/々/志)
miyagi/osakishi,Dining,千丸家,Sen Maru Ie,Sen Maruya,careful reading (庵/処/家/園/寿司/々/志)
miyagi/osakishi,Dining,芭蕉庵,Bashou Iori,Basho-an,careful reading (庵/処/家/園/寿司/々/志)
miyagi/osakishi,Dining,花兄園ファーム たまごハウス,Hana Ani Sono Farm Tamago House,Hana Ani-en Farm Tamago House,careful reading (庵/処/家/園/寿司/々/志)
miyagi/osakishi,Dining,ごはん処 らいふ,Gohan Tokoro Raifu,Gohan Dokoro Raifu,careful reading (庵/処/家/園/寿司/々/志)
miyagi/osakishi,Dining,香満園,Kaori Man'en,Koman'en,tabelog listing reading: コウマンエン
miyagi/osakishi,Dining,らぁめん家,Raamen Ie,Raamenya,careful reading (庵/処/家/園/寿司/々/志)
miyagi/osakishi,Dining,食事処 大賞,Shokuji Tokoro Taishou,Shokuji Dokoro Taishou,careful reading (庵/処/家/園/寿司/々/志)
miyagi/osakishi,Dining,食事処 まやま,Shokuji Tokoro Mayama,Shokuji Dokoro Mayama,careful reading (庵/処/家/園/寿司/々/志)
miyagi/osakishi,Dining,君鮨,Kun Sushi,Kimizushi,tabelog listing reading: きみずし
miyagi/osakishi,Dining,食事処　はなまる,Shokuji Tokoro Hanamaru,Shokuji Dokoro Hanamaru,careful reading (庵/処/家/園/寿司/々/志)
miyagi/osakishi,Dining,食事処 山崎,Shokuji Tokoro Yamazaki,Shokuji Dokoro Yamazaki,careful reading (庵/処/家/園/寿司/々/志)
miyagi/osakishi,Dining,麺丼処 祝屋,Men Donburi Tokoro Shuku Ya,Men Donburi Dokoro Shuku Ya,careful reading (庵/処/家/園/寿司/々/志)
miyagi/osakishi,Dining,豆坂温泉三峰荘,Mame Saka Onsen Mibu Sou,Mamesaka Onsen Sanposo,tabelog listing reading: まめさかおんせん さんぽうそう
miyagi/osakishi,Dining,御食事処 かんちゃん,Mike Koto Tokoro Kanchan,O Shokuji Dokoro Kanchan,careful reading (庵/処/家/園/寿司/々/志)
miyagi/osakishi,Dining,志ちゃん,Kokorozashi Chan,Shi Chan,careful reading (庵/処/家/園/寿司/々/志)
miyagi/osakishi,Dining,焼肉冷麺やまなか家 古川店,Yakiniku Reimen Yamanaka Ie Furukawa Branch,Yakiniku Reimen Yamanakaya Furukawa Branch,careful reading (庵/処/家/園/寿司/々/志)
miyagi/osakishi,Dining,寧々家 古川駅前店,Nei (kurikaesi) Ie Furukawa Ekimae Branch,Nei Nei Ie Furukawa Ekimae Branch,careful reading (庵/処/家/園/寿司/々/志)
miyagi/osakishi,Dining,新澤醸造店,Shinzawa Jouzou Mise,Niizawa Jozo Ten,tabelog listing reading: ニイザワジョウゾウテン
miyagi/osakishi,Dining,旬菜呑処こけし,Jun Na Don Tokoro Kokeshi,Jun Na Don Dokoro Kokeshi,careful reading (庵/処/家/園/寿司/々/志)
miyagi/osakishi,Dining,松月堂,Matsuzuki Dou,Shogetsudo,tabelog listing reading: ショウゲツドウ
miyagi/osakishi,Dining,飲み喰い処 美味鳥,Nomikui Tokoro Bimi Tori,Nomikui Dokoro Bimi Tori,careful reading (庵/処/家/園/寿司/々/志)
miyagi/osakishi,Dining,和処 ゆう,Wa Tokoro Yuu,Wa Dokoro Yuu,careful reading (庵/処/家/園/寿司/々/志)
miyagi/osakishi,Dining,食事処 えんどう,Shokuji Tokoro Endou,Shokuji Dokoro Endou,careful reading (庵/処/家/園/寿司/々/志)
miyagi/osakishi,Dining,かくれ家,Kakure Ie,Kakureya,careful reading (庵/処/家/園/寿司/々/志)
miyagi/osakishi,Dining,おみやげ処 おおさき,Omiyage Tokoro Oosaki,Omiyage Dokoro Oosaki,careful reading (庵/処/家/園/寿司/々/志)
miyagi/osakishi,Dining,焼鳥 しぶや家,Yakitori Shibuya Ie,Yakitori Shibuyaya,careful reading (庵/処/家/園/寿司/々/志)
miyagi/osakishi,Dining,食事処 やすみや,Shokuji Tokoro Yasumiya,Shokuji Dokoro Yasumiya,careful reading (庵/処/家/園/寿司/々/志)
miyagi/osakishi,Dining,お食事処 ちえ,O Shokuji Tokoro Chie,O Shokuji Dokoro Chie,careful reading (庵/処/家/園/寿司/々/志)
miyagi/osakishi,Dining,花々亭,Hana (kurikaesi) Tei,Hana Hana Tei,careful reading (庵/処/家/園/寿司/々/志)
miyagi/osakishi,Dining,ゑびす庵,Ebisu Iori,Ebisu-an,careful reading (庵/処/家/園/寿司/々/志)
miyagi/osakishi,Dining,菅原魚店,Sugawara Sakana Mise,Sugawarasakanaten,tabelog listing reading: スガワラサカナテン
miyagi/osakishi,Dining,華月堂,Kazuki Dou,Kagetsudo,tabelog listing reading: カゲツドウ
miyagi/osakishi,Dining,食事処おふみ,Shokuji Tokoro Ofumi,Shokuji Dokoro Ofumi,careful reading (庵/処/家/園/寿司/々/志)
miyagi/osakishi,Dining,一輝寿し,Ikki Hisashi Shi,Ikkizushi,tabelog listing reading: いっきずし
miyagi/osakishi,Dining,わが家,Waga Ie,Wagaya,careful reading (庵/処/家/園/寿司/々/志)
miyagi/osakishi,Dining,食彩処 縁,Shokusai Tokoro Heri,Shokusai Dokoro Heri,careful reading (庵/処/家/園/寿司/々/志)
miyagi/osakishi,Dining,日富見家,Nichi Tomi Ken Ie,Nichi Tomi Kenya,careful reading (庵/処/家/園/寿司/々/志)
miyagi/osakishi,Dining,松泉堂,Matsu Sendou,Shosendo,tabelog listing reading: ショウセンドウ
miyagi/osakishi,Dining,猫喫茶 空陸家 イオンタウン古川店,Neko Kissa Kuuriku Ie Aeon Town Furukawa Branch,Neko Kissa Kurikuya Aeon Town Furukawa Branch,careful reading (庵/処/家/園/寿司/々/志)
miyagi/osakishi,Dining,おみやげ処ふるかわ,Omiyage Tokoro Furukawa,Omiyage Dokoro Furukawa,careful reading (庵/処/家/園/寿司/々/志)
miyagi/osakishi,Dining,のみ処　開,Nomi Tokoro Kai,Nomi Dokoro Kai,careful reading (庵/処/家/園/寿司/々/志)
miyagi/osato,Dining,金天庵,Kin Ten Iori,Kin Ten-an,careful reading (庵/処/家/園/寿司/々/志)
miyagi/osato,Dining,秀寿司,Hidehisa Tsukasa,Shu Sushi,careful reading (庵/処/家/園/寿司/々/志)
miyagi/rifu,Dining,田里津庵,Tazato Tsu Iori,Taritsuan,tabelog listing reading: たりつあん
miyagi/rifu,Dining,稲庭うどん 瀧さわ家,Inaniwa Udon Taki Sawa Ie,Inaniwa Udon Taki Sawaya,careful reading (庵/処/家/園/寿司/々/志)
miyagi/rifu,Dining,十割そば 利府庵,Juu Wari Soba Rifu Iori,Juu Wari Soba Rifu-an,careful reading (庵/処/家/園/寿司/々/志)
miyagi/rifu,Dining,生石庵,Shouseki Iori,Oishian,tabelog listing reading: オイシアン
miyagi/rifu,Dining,かき焼処,Kaki Yaki Tokoro,Kaki Yaki Dokoro,careful reading (庵/処/家/園/寿司/々/志)
miyagi/rifu,Dining,食事処 伊達商店,Shokuji Tokoro Date Shouten,Shokuji Dokoro Date Shouten,careful reading (庵/処/家/園/寿司/々/志)
miyagi/rifu,Dining,そば処・梨郷,Soba Tokoro Nashi Sato,Soba Dokoro Nashi Sato,careful reading (庵/処/家/園/寿司/々/志)
miyagi/rifu,Dining,こけし庵,Kokeshi Iori,Kokeshian,tabelog listing reading: こけしあん
miyagi/rifu,Dining,喜久水庵 イオンモール新利府 北館店,Yoshihisa Mizu Iori Aeon Mall Shin Rifu Kitakan Branch,Yoshihisa Mizu-an Aeon Mall Shin Rifu Kitakan Branch,careful reading (庵/処/家/園/寿司/々/志)
miyagi/rifu,Dining,すし処ウサ見,Sushi Tokoro Usa Ken,Sushi Dokoro Usa Ken,careful reading (庵/処/家/園/寿司/々/志)
miyagi/rifu,Dining,食事処 かず 利府店,Shokuji Tokoro Kazu Rifu Branch,Shokuji Dokoro Kazu Rifu Branch,careful reading (庵/処/家/園/寿司/々/志)
miyagi/shibatacho,Dining,お食事処桜,O Shokuji Tokoro Sakura,O Shokuji Dokoro Sakura,careful reading (庵/処/家/園/寿司/々/志)
miyagi/shibatacho,Dining,昇福亭食堂,Noboru Fukutei Shokudo,Sho Fukutei Shokudo,tabelog listing reading: しょうふくていしょくどう
miyagi/shibatacho,Dining,味匠庵,Aji Takumi Iori,Mishoan,tabelog listing reading: ミショウアン
miyagi/shibatacho,Dining,お団子処 しらさぎ,O Dango Tokoro Shirasagi,O Dango Dokoro Shirasagi,careful reading (庵/処/家/園/寿司/々/志)
miyagi/shibatacho,Dining,お食事処とんぼ,O Shokuji Tokoro Tonbo,O Shokuji Dokoro Tonbo,careful reading (庵/処/家/園/寿司/々/志)
miyagi/shibatacho,Dining,菓子処 江戸屋本店,Kashi Tokoro Edoya Honten,Kashi Dokoro Edoya Honten,careful reading (庵/処/家/園/寿司/々/志)
miyagi/shibatacho,Dining,幸楽苑のからあげ家 柴田店,Kouraku En Nokaraage Ie Shibata Branch,Kouraku En Nokaraageya Shibata Branch,careful reading (庵/処/家/園/寿司/々/志)
miyagi/shibatacho,Dining,寿し政,Hisashi Shi Matsurigoto,Sushi Matsurigoto,careful reading (庵/処/家/園/寿司/々/志)
miyagi/shichigahama,Dining,海鮮処 魚将,Kaisen Tokoro Sakana Shou,Kaisen Dokoro Sakana Shou,careful reading (庵/処/家/園/寿司/々/志)
miyagi/shichigahama,Dining,四季の彩り処 ほのか,Shiki No Irodori Tokoro Honoka,Shiki No Irodori Dokoro Honoka,careful reading (庵/処/家/園/寿司/々/志)
miyagi/shichikashuku,Dining,芭蕉庵,Bashou Iori,Bashoan,tabelog listing reading: ばしょうあん
miyagi/shikama,Dining,愛宕山公園 農産物直売所,Atago Sankou Sono Nousanbutsu Chokubai Tokoro,Atago Sanko Sono Nousanbutsu Chokubai Tokoro,careful reading (庵/処/家/園/寿司/々/志)
miyagi/shiogama,Dining,千松しま,Sen Matsu Shima,Chimatsushima,tabelog listing reading: ちまつしま
miyagi/shiogama,Dining,和み処 男山,Nagomi Tokoro Otokoyama,Nagomi Dokoro Otokoyama,careful reading (庵/処/家/園/寿司/々/志)
miyagi/shiogama,Dining,亀喜寿司,Kame Kiju Tsukasa,Kamekizushi,tabelog listing reading: かめきずし
miyagi/shiogama,Dining,食事処 伸光,Shokuji Tokoro Nobumitsu,Shokuji Dokoro Nobumitsu,careful reading (庵/処/家/園/寿司/々/志)
miyagi/shiogama,Dining,藤まつ寿し,Fuji Matsu Hisashi Shi,Fuji Matsu Sushi,careful reading (庵/処/家/園/寿司/々/志)
miyagi/shiogama,Dining,大黒寿司,Daikoku Sushi,Daikokuzushi,tabelog listing reading: だいこくずし
miyagi/shiogama,Dining,丸長寿司,Maru Chouju Tsukasa,Maru Cho Sushi,careful reading (庵/処/家/園/寿司/々/志)
miyagi/shiogama,Dining,人と木,Nin To Ki,Hito to Ki,tabelog listing reading: ひととき
miyagi/shiogama,Dining,日乃出庵,Nichi No Shutsu Iori,Nichi No Shutsu-an,careful reading (庵/処/家/園/寿司/々/志)
miyagi/shiogama,Dining,しおがま庵,Shiogama Iori,Shiogama-an,careful reading (庵/処/家/園/寿司/々/志)
miyagi/shiogama,Dining,大寿司,Dai Sushi,Daizushi,tabelog listing reading: だいずし
miyagi/shiogama,Dining,丹六園,Tan Roku Sono,Tanrokuen,tabelog listing reading: たんろくえん
miyagi/shiogama,Dining,仁王寿司,Niou Sushi,Niozushi,tabelog listing reading: におうずし
miyagi/shiogama,Dining,土井精菓,Tsuchii Sei Ka,Doiseika,tabelog listing reading: どいせいか
miyagi/shiogama,Dining,稲庭うどん延寿庵,Inaniwa Udon Enju Iori,Inaniwa Udon Enju-an,careful reading (庵/処/家/園/寿司/々/志)
miyagi/shiogama,Dining,矢部園茶舗,Yabe Sono Chaho,Yabe-en Chaho,careful reading (庵/処/家/園/寿司/々/志)
miyagi/shiogama,Dining,廣聚隆,Kou Ju Takashi,Kojuryu,tabelog listing reading: コウジュリュウ
miyagi/shiogama,Dining,末広庵 イオンタウン塩釜SC店,Suehiro Iori Aeon Town Shiogama Sc Branch,Suehiro-an Aeon Town Shiogama Sc Branch,careful reading (庵/処/家/園/寿司/々/志)
miyagi/shiogama,Dining,末廣庵,Suehiro Iori,Suehiro-an,careful reading (庵/処/家/園/寿司/々/志)
miyagi/shiogama,Dining,知味飯店,Chi Aji Hanten,Chimi Hanten,tabelog listing reading: チミハンテン
miyagi/shiogama,Dining,食事処 和,Shokuji Tokoro Wa,Shokuji Dokoro Wa,careful reading (庵/処/家/園/寿司/々/志)
miyagi/shiogama,Dining,とんかつ・中華の店　食事処　秀,Tonkatsu Chūka no Ten Shokuji Tokoro Shū,Tonkatsu Chūka no Ten Shokuji Dokoro Shū,careful reading (庵/処/家/園/寿司/々/志)
miyagi/shiogama,Dining,増友商店,Zou Tomo Shouten,Masutomo Shoten,tabelog listing reading: マストモショウテン
miyagi/shiogama,Dining,和み処 花宴,Nagomi Tokoro Hana Utage,Nagomi Dokoro Hana Utage,careful reading (庵/処/家/園/寿司/々/志)
miyagi/shiogama,Dining,福寿司,Fukuju Tsukasa,Fuku Sushi,careful reading (庵/処/家/園/寿司/々/志)
miyagi/shiogama,Dining,水上商店,Suijou Shouten,Mizukami Shoten,tabelog listing reading: ミズカミショウテン
miyagi/shiogama,Dining,呑み喰い処和楽,Nomikui Tokoro Wagaku,Nomikui Dokoro Wagaku,careful reading (庵/処/家/園/寿司/々/志)
miyagi/shiogama,Dining,呑処・海鮮焼 たわら,Don Tokoro Kaisen Yaki Tawara,Don Dokoro Kaisen Yaki Tawara,careful reading (庵/処/家/園/寿司/々/志)
miyagi/shiogama,Dining,紫園,Murasaki Sono,Murasaki-en,careful reading (庵/処/家/園/寿司/々/志)
miyagi/shiogama,Dining,松乃家,Matsuno Ie,Matsunoya,tabelog listing reading: まつのや
miyagi/shiogama,Dining,旨処 笹,Mune Tokoro Sasa,Mune Dokoro Sasa,careful reading (庵/処/家/園/寿司/々/志)
miyagi/shiogama,Dining,酔い処白萩,Yoi Tokoro Shirohagi,Yoi Dokoro Shirohagi,careful reading (庵/処/家/園/寿司/々/志)
miyagi/shiroishishi,Stay,四季の宿　みちのく庵,Shiki No Yado Michinoku Iori,Shiki No Yado Michinoku-an,careful reading (庵/処/家/園/寿司/々/志)
miyagi/shiroishishi,Dining,白石温麺 つりがね庵,Shiroishi Onmyon Tsurigane Iori,Shiroishi Onmyon Tsurigane-an,careful reading (庵/処/家/園/寿司/々/志)
miyagi/shiroishishi,Dining,元祖白石うーめん処なかじま,Ganso Shiroishi Uumen Tokoro Nakajima,Ganso Shiroishi Uumen Dokoro Nakajima,careful reading (庵/処/家/園/寿司/々/志)
miyagi/shiroishishi,Dining,麺家 九十九,Men Ie Tsukumo,Menya Tsukumo,careful reading (庵/処/家/園/寿司/々/志)
miyagi/shiroishishi,Dining,長寿庵,Chouju Iori,Choju-an,careful reading (庵/処/家/園/寿司/々/志)
miyagi/shiroishishi,Dining,和食処やまと,Washoku Tokoro Yamato,Washoku Dokoro Yamato,careful reading (庵/処/家/園/寿司/々/志)
miyagi/shiroishishi,Dining,蕎麦庵 かつら木,Soba Iori Katsura Ki,Soba-an Katsura Ki,careful reading (庵/処/家/園/寿司/々/志)
miyagi/shiroishishi,Dining,関東家,Kantou Ie,Kantoya,careful reading (庵/処/家/園/寿司/々/志)
miyagi/shiroishishi,Dining,うどんの青山,Udonno Aoyama,Udon no Seizan,tabelog listing reading: うどんのせいざん
miyagi/shiroishishi,Dining,お休み処 あたご茶屋,O Yasumi Tokoro Atago Chaya,O Yasumi Dokoro Atago Chaya,careful reading (庵/処/家/園/寿司/々/志)
miyagi/shiroishishi,Dining,お食事処 番や,O Shokuji Tokoro Ban Ya,O Shokuji Dokoro Ban Ya,careful reading (庵/処/家/園/寿司/々/志)
miyagi/shiroishishi,Dining,お食事処あがつま,O Shokuji Tokoro Agatsuma,O Shokuji Dokoro Agatsuma,careful reading (庵/処/家/園/寿司/々/志)
miyagi/shiroishishi,Dining,政寿司,Masatoshi Tsukasa,Matsurigoto Sushi,careful reading (庵/処/家/園/寿司/々/志)
miyagi/shiroishishi,Dining,星乃家,Hoshino Ie,Hoshinoya,careful reading (庵/処/家/園/寿司/々/志)
miyagi/shiroishishi,Dining,和み処 ももの木,Nagomi Tokoro Momono Ki,Nagomi Dokoro Momono Ki,careful reading (庵/処/家/園/寿司/々/志)
miyagi/shiroishishi,Dining,風と大地のおかず家,Kaze To Daichi Nookazu Ie,Kaze To Daichi Nokazuya,careful reading (庵/処/家/園/寿司/々/志)
miyagi/shiroishishi,Dining,酒菜の隠れ家 月あかり 白石店,Shusai No Kakure Ie Gatsu Akari Shiroishi Branch,Shusai No Kakureya Gatsu Akari Shiroishi Branch,careful reading (庵/処/家/園/寿司/々/志)
miyagi/shiroishishi,Dining,幸楽苑のからあげ家 白石店,Kouraku En Nokaraage Ie Shiroishi Branch,Kouraku En Nokaraageya Shiroishi Branch,careful reading (庵/処/家/園/寿司/々/志)
miyagi/shiroishishi,Dining,河寿し,Kawa Hisashi Shi,Kawa Sushi,careful reading (庵/処/家/園/寿司/々/志)
miyagi/shiroishishi,Dining,森巳酒店,Mori Shi Saketen,Morimi Saketen,tabelog listing reading: モリミサケテン
miyagi/shiroishishi,Dining,都寿し,Miyako Hisashi Shi,Miyako Sushi,careful reading (庵/処/家/園/寿司/々/志)
miyagi/tagajo,Dining,瀧さわ家 多賀城店,Taki Sawa Ie Tagajou Branch,Taki Sawaya Tagajou Branch,careful reading (庵/処/家/園/寿司/々/志)
miyagi/tagajo,Dining,明華園,Mei Hanazono,Meikaen,tabelog listing reading: メイカエン
miyagi/tagajo,Dining,食事処 海幸,Shokuji Tokoro Umisachi,Shokuji Dokoro Umisachi,careful reading (庵/処/家/園/寿司/々/志)
miyagi/tagajo,Dining,満州園 多賀城店,Manshuu Sono Tagajou Branch,Manshu-en Tagajou Branch,careful reading (庵/処/家/園/寿司/々/志)
miyagi/tagajo,Dining,多賀城亀喜寿司,Tagajou Kame Kiju Tsukasa,Tagajou Kame Ki Sushi,careful reading (庵/処/家/園/寿司/々/志)
miyagi/tagajo,Dining,末広庵,Suehiro Iori,Suehiro-an,careful reading (庵/処/家/園/寿司/々/志)
miyagi/tagajo,Dining,喜久水庵 多賀城本店,Yoshihisa Mizu Iori Tagajou Honten,Yoshihisa Mizu-an Tagajou Honten,careful reading (庵/処/家/園/寿司/々/志)
miyagi/tagajo,Dining,焼肉冷麺やまなか家 多賀城店,Yakiniku Reimen Yamanaka Ie Tagajou Branch,Yakiniku Reimen Yamanakaya Tagajou Branch,careful reading (庵/処/家/園/寿司/々/志)
miyagi/tagajo,Dining,呑み喰い処 呑喜,Nomikui Tokoro Don Ki,Nomikui Dokoro Don Ki,careful reading (庵/処/家/園/寿司/々/志)
miyagi/tagajo,Dining,寧々家 多賀城店,Nei (kurikaesi) Ie Tagajou Branch,Nei Nei Ie Tagajou Branch,careful reading (庵/処/家/園/寿司/々/志)
miyagi/tagajo,Dining,藤寿し,Fuji Hisashi Shi,Fuji Sushi,careful reading (庵/処/家/園/寿司/々/志)
miyagi/tagajo,Dining,ゆ処悠々,Yu Tokoro Yuuyuu,Yu Dokoro Yuuyuu,careful reading (庵/処/家/園/寿司/々/志)
miyagi/tagajo,Dining,コロッケのころっ家 多賀城店,Croquette Nokorotsu Ie Tagajou Branch,Croquette Nokorotsuya Tagajou Branch,careful reading (庵/処/家/園/寿司/々/志)
miyagi/tagajo,Dining,幸楽苑のからあげ家 多賀城店,Kouraku En Nokaraage Ie Tagajou Branch,Kouraku En Nokaraageya Tagajou Branch,careful reading (庵/処/家/園/寿司/々/志)
miyagi/tagajo,Dining,のみ処 じゅん,Nomi Tokoro Jun,Nomi Dokoro Jun,careful reading (庵/処/家/園/寿司/々/志)
miyagi/taiwa,Dining,七ツ母里,Nanatsu Haha Sato,Nanatsumori,tabelog listing reading: ナナツモリ
miyagi/taiwa,Dining,鶴巣庵,Tsuru Su Iori,Tsuru Su-an,careful reading (庵/処/家/園/寿司/々/志)
miyagi/taiwa,Dining,そば処 みきや,Soba Tokoro Mikiya,Soba Dokoro Mikiya,careful reading (庵/処/家/園/寿司/々/志)
miyagi/taiwa,Dining,食事処いな穂,Shokuji Tokoro Ina Ho,Shokuji Dokoro Ina Ho,careful reading (庵/処/家/園/寿司/々/志)
miyagi/taiwa,Dining,蝋梅の咲く頃,Roubai No Saku Goro,Robai no Saku Koro,tabelog listing reading: ロウバイノサクコロ
miyagi/taiwa,Dining,晋蕎麦,Susumu Soba,Shin Soba,tabelog listing reading: しんそば
miyagi/taiwa,Dining,御はっと家,O Hatto Ie,O Hattoya,careful reading (庵/処/家/園/寿司/々/志)
miyagi/taiwa,Dining,萬福,Banpuku,Manpuku,tabelog listing reading: マンプク
miyagi/taiwa,Dining,山海里食堂,Sankai Sato Shokudo,Sankai Ri Shokudo,tabelog listing reading: サンカイリショクドウ
miyagi/taiwa,Dining,食事処 ひだまり,Shokuji Tokoro Hidamari,Shokuji Dokoro Hidamari,careful reading (庵/処/家/園/寿司/々/志)
miyagi/taiwa,Dining,和しょく家 一球,Washi Yoku Ie Ikkyuu,Washi Yokuya Ikkyuu,careful reading (庵/処/家/園/寿司/々/志)
miyagi/tome,Dining,夢想庵,Musou Iori,Muso-an,careful reading (庵/処/家/園/寿司/々/志)
miyagi/tome,Dining,そば処 竹庵,Soba Tokoro Chikuan,Soba Dokoro Chikuan,careful reading (庵/処/家/園/寿司/々/志)
miyagi/tome,Dining,お食事処 木里口,O Shokuji Tokoro Ki Sato Kuchi,O Shokuji Dokoro Ki Sato Kuchi,careful reading (庵/処/家/園/寿司/々/志)
miyagi/tome,Dining,川香菜房,Kawa Kana Bou,Senkosaibo,tabelog listing reading: センコウサイボウ
miyagi/tome,Dining,比恵呂,Hi Megumi Ro,Piero,tabelog listing reading: ピエロ
miyagi/tome,Dining,萬福屋,Banpuku Ya,Manpukuya,tabelog listing reading: まんぷくや
miyagi/tome,Dining,花々,Hana (kurikaesi),Hana Hana,careful reading (庵/処/家/園/寿司/々/志)
miyagi/tome,Dining,ラーメンショップ太田家 梅ノ木店,Ramen Shop Oota Ie Ume No Ki Branch,Ramen Shop Otaya Ume No Ki Branch,careful reading (庵/処/家/園/寿司/々/志)
miyagi/tome,Dining,彩香,Ayaka,Saika,tabelog listing reading: サイカ
miyagi/tome,Dining,珍々堂菓子舗,Chin (kurikaesi) Dou Kashi Ho,Chin Chin Dou Kashi Ho,careful reading (庵/処/家/園/寿司/々/志)
miyagi/tome,Dining,食事処 よっち坊,Shokuji Tokoro Yotchi Bou,Shokuji Dokoro Yotchi Bou,careful reading (庵/処/家/園/寿司/々/志)
miyagi/tome,Dining,愛菜館,Aina Kan,Aisaikan,tabelog listing reading: アイサイカン
miyagi/tome,Dining,イザカヤ 獏々,Izakaya Baku (kurikaesi),Izakaya Baku Baku,careful reading (庵/処/家/園/寿司/々/志)
miyagi/tome,Dining,片岡家,Kataoka Ie,Kataokaya,careful reading (庵/処/家/園/寿司/々/志)
miyagi/tome,Dining,さ々や,Sa (kurikaesi) Ya,Sa Sa Ya,careful reading (庵/処/家/園/寿司/々/志)
miyagi/tome,Dining,鳥将,Tori Shou,Torimasa,tabelog listing reading: とりまさ
miyagi/tome,Dining,お休み処 Y・Y,O Yasumi Tokoro Y Y,O Yasumi Dokoro Y Y,careful reading (庵/処/家/園/寿司/々/志)
miyagi/tome,Dining,浜乃家,Hama No Ie,Hama Noya,careful reading (庵/処/家/園/寿司/々/志)
miyagi/tome,Dining,焼肉冷麺やまなか家 佐沼店,Yakiniku Reimen Yamanaka Ie Sanuma Branch,Yakiniku Reimen Yamanakaya Sanuma Branch,careful reading (庵/処/家/園/寿司/々/志)
miyagi/tome,Dining,舟丁,Fune Chou,Funacho,tabelog listing reading: フナチョウ
miyagi/tome,Dining,のみくい処 和家,Nomikui Tokoro Wa Ie,Nomikui Dokoro Waya,careful reading (庵/処/家/園/寿司/々/志)
miyagi/tome,Dining,お照,O Shou,Oteru,tabelog listing reading: オテル
miyagi/tome,Dining,寿々乃,Hisashi (kurikaesi) No,Hisashi Hisashi No,careful reading (庵/処/家/園/寿司/々/志)
miyagi/tome,Dining,食事処 なごみ,Shokuji Tokoro Nagomi,Shokuji Dokoro Nagomi,careful reading (庵/処/家/園/寿司/々/志)
miyagi/tome,Dining,てらさわ小進堂,Terasawa Shou Susumu Dou,Terasawashoshindo,tabelog listing reading: てらさわしょうしんどう
miyagi/tome,Dining,しなの庵,Shinano Iori,Shinano-an,careful reading (庵/処/家/園/寿司/々/志)
miyagi/tome,Dining,笠松食事宴会処,Kasamatsu Shokuji Enkai Tokoro,Kasamatsu Shokuji Enkai Dokoro,careful reading (庵/処/家/園/寿司/々/志)
miyagi/tome,Dining,旬味 花々,Jun Aji Hana (kurikaesi),Jun Aji Hana Hana,careful reading (庵/処/家/園/寿司/々/志)
miyagi/tomiya,Dining,麺処 松。,Men Tokoro Matsu .,Men Dokoro Matsu .,careful reading (庵/処/家/園/寿司/々/志)
miyagi/tomiya,Dining,牛々 富谷店,Ushi (kurikaesi) Tomiya Branch,Ushi Ushi Tomiya Branch,careful reading (庵/処/家/園/寿司/々/志)
miyagi/tomiya,Dining,翔家,Shou Ie,Shoya,careful reading (庵/処/家/園/寿司/々/志)
miyagi/tomiya,Dining,菓子処 いさわ屋,Kashi Tokoro Isawa Ya,Kashi Dokoro Isawa Ya,careful reading (庵/処/家/園/寿司/々/志)
miyagi/tomiya,Dining,喜久水庵 イオン富谷店,Yoshihisa Mizu Iori Aeon Tomiya Branch,Yoshihisa Mizu-an Aeon Tomiya Branch,careful reading (庵/処/家/園/寿司/々/志)
miyagi/tomiya,Dining,食事処 一慶,Shokuji Tokoro Ikkei,Shokuji Dokoro Ikkei,careful reading (庵/処/家/園/寿司/々/志)
miyagi/tomiya,Dining,焼肉月宵,Yakiniku Gatsu Shou,Yakiniku Gessho,tabelog listing reading: ヤキニクゲッショウ
miyagi/tomiya,Dining,酒処 だるま,Sake Tokoro Daruma,Sake Dokoro Daruma,careful reading (庵/処/家/園/寿司/々/志)
miyagi/wakuya,Dining,お食事処 すずきや,O Shokuji Tokoro Suzukiya,O Shokuji Dokoro Suzukiya,careful reading (庵/処/家/園/寿司/々/志)
miyagi/wakuya,Dining,食事処　ドライブイン一力,Shokuji Tokoro Drive-in Ichiriki,Shokuji Dokoro Drive-in Ichiriki,careful reading (庵/処/家/園/寿司/々/志)
miyagi/wakuya,Dining,月のぱん家,Gatsu Nopan Ie,Gatsu Nopanya,careful reading (庵/処/家/園/寿司/々/志)
miyagi/wakuya,Dining,くがね庵,Kugane Iori,Kugane-an,careful reading (庵/処/家/園/寿司/々/志)
miyagi/wakuya,Dining,菜月,Natsuki,Saigetsu,tabelog listing reading: サイゲツ
miyagi/watari,Dining,浜寿し,Hama Hisashi Shi,Hama Sushi,careful reading (庵/処/家/園/寿司/々/志)
miyagi/watari,Dining,らーめん せん家,Raamen Sen Ie,Raamen Senya,careful reading (庵/処/家/園/寿司/々/志)
miyagi/watari,Dining,たなぼた家の手作りおはぎ本舗,Tanabota Ie No Tezukuri Ohagi Honpo,Tanabotaya No Tezukuri Ohagi Honpo,careful reading (庵/処/家/園/寿司/々/志)
miyagi/watari,Dining,そば処よし田屋,Soba Tokoro Yoshi Taya,Soba Dokoro Yoshi Taya,careful reading (庵/処/家/園/寿司/々/志)
miyagi/watari,Dining,香園,Kaori Sono,Koen,tabelog listing reading: こうえん
miyagi/watari,Dining,とうふ処　豆達人,Toufu Tokoro Mame Tatsujin,Toufu Dokoro Mame Tatsujin,careful reading (庵/処/家/園/寿司/々/志)
miyagi/watari,Dining,小さな隠れ家のかき氷 涼華,Chiisa Na Kakure Ie Nokaki Koori Ryou Hana,Chiisa Na Kakureya Nokaki Koori Ryou Hana,careful reading (庵/処/家/園/寿司/々/志)
miyagi/watari,Dining,こうちゃん園,Kouchan Sono,Kochan Sono,careful reading (庵/処/家/園/寿司/々/志)
miyagi/watari,Dining,幸楽苑のからあげ家 亘理店,Kouraku En Nokaraage Ie Watari Branch,Kouraku En Nokaraageya Watari Branch,careful reading (庵/処/家/園/寿司/々/志)
miyagi/watari,Dining,焼肉処つたや,Yakiniku Tokoro Tsutaya,Yakiniku Dokoro Tsutaya,careful reading (庵/処/家/園/寿司/々/志)
miyagi/yamamoto,Dining,和食・そば処 蕃山 山元店,Washoku Soba Tokoro Banzan Yamamoto Branch,Washoku Soba Dokoro Banzan Yamamoto Branch,careful reading (庵/処/家/園/寿司/々/志)
miyagi/yamamoto,Dining,ラーメン せん家 山元店,Ramen Sen Ie Yamamoto Branch,Ramen Senya Yamamoto Branch,careful reading (庵/処/家/園/寿司/々/志)
miyagi/yamamoto,Dining,お食事処・酒房 つばめ,O Shokuji Tokoro Sake Bō Tsubame,O Shokuji Dokoro Sake Bō Tsubame,careful reading (庵/処/家/園/寿司/々/志)
miyagi/yamamoto,Dining,燦燦園,San San Sono,Sansan'en,tabelog listing reading: さんさんえん
miyagi/yamamoto,Dining,パン処 ひととせ,Pan Tokoro Hitotose,Pan Dokoro Hitotose,careful reading (庵/処/家/園/寿司/々/志)
miyagi/zao,Stay,バーデン家　壮鳳,Baden Ie Sou Ootori,Baadenya Sou Ootori,careful reading (庵/処/家/園/寿司/々/志)
miyagi/zao,Stay,隠れ家village 薪のくつろぎ 蔵王,Kakure Ie Village Takigi Nokutsurogi Zaou,Kakureya Village Takigi Nokutsurogi Zaou,careful reading (庵/処/家/園/寿司/々/志)
miyagi/zao,Dining,らーめん家,Raamen Ie,Raamenya,careful reading (庵/処/家/園/寿司/々/志)
miyagi/zao,Dining,賛久庵,San Kyuu Iori,Sankuan,tabelog listing reading: さんくあん
miyagi/zao,Dining,玉浦屋,Gyokuho Ya,Tamauraya,tabelog listing reading: タマウラヤ
miyagi/zao,Dining,喰い処 あいざわ,Kui Tokoro Aizawa,Kui Dokoro Aizawa,careful reading (庵/処/家/園/寿司/々/志)
miyagi/zao,Dining,蔵王樹氷庵,Zaou Juhyou Iori,Zaou Juhyo-an,careful reading (庵/処/家/園/寿司/々/志)
miyagi/zao,Dining,そば処 飛鳥,Soba Tokoro Asuka,Soba Dokoro Asuka,careful reading (庵/処/家/園/寿司/々/志)
miyagi/zao,Dining,杜空館,Mori Sora Kan,Tokukan,tabelog listing reading: トクウカン
miyagi/zao,Dining,黄金川温泉,Ougon Kawa Onsen,Koganegawa Onsen,tabelog listing reading: コガネガワオンセン
miyagi/zao,Dining,室野井果実園,Muronoi Kajitsu Sono,Muronoi Kajitsu-en,careful reading (庵/処/家/園/寿司/々/志)
miyagi/zao,Dining,菓子処 いとう,Kashi Tokoro Itou,Kashi Dokoro Itou,careful reading (庵/処/家/園/寿司/々/志)
miyagi/zao,Dining,食事処 茶屋,Shokuji Tokoro Chaya,Shokuji Dokoro Chaya,careful reading (庵/処/家/園/寿司/々/志)
miyagi/zao,Dining,酒肴処うみぼうず,Shukou Tokoro Umibouzu,Shukou Dokoro Umibouzu,careful reading (庵/処/家/園/寿司/々/志)
oita/beppu,Stay,匠晴の宿　心庵,Takumi Sei No Yado Kokoro Iori,Takumi Sei No Yado Kokoro-an,careful reading (庵/処/家/園/寿司/々/志)
oita/beppu,Dining,和食処若潮,Washoku Tokoro Wakashio,Washoku Dokoro Wakashio,careful reading (庵/処/家/園/寿司/々/志)
oita/bungoono,Dining,田舎八,Inaka Hachi,Inakaya,tabelog listing reading: イナカヤ
oita/bungoono,Dining,栄寿司,Eiju Tsukasa,Sakae Sushi,careful reading (庵/処/家/園/寿司/々/志)
oita/bungoono,Dining,四季彩料理　伊勢家,Shiki Sairyou Ri Ise Ie,Shiki Sairyou Ri Iseya,careful reading (庵/処/家/園/寿司/々/志)
oita/bungoono,Dining,からあげ家 ま～ちゃん,Karaage Ie Ma ~ Chan,Karaageya Ma ~ Chan,careful reading (庵/処/家/園/寿司/々/志)
oita/bungotakada,Dining,そば処 響,Soba Tokoro Kyou,Soba Dokoro Kyou,careful reading (庵/処/家/園/寿司/々/志)
oita/bungotakada,Dining,大寅屋食堂,Dai Tora Ya Shokudo,Otoraya Shokudo,tabelog listing reading: おおとらやしょくどう
oita/bungotakada,Dining,翔,Shou,Kakeru,tabelog listing reading: カケル
oita/bungotakada,Dining,うなぎ処 志おや 豊後高田支店,Unagi Tokoro Kokorozashi Oya Bungotakada Shiten,Unagi Dokoro Shi Oya Bungotakada Shiten,careful reading (庵/処/家/園/寿司/々/志)
oita/bungotakada,Dining,森川豊国堂,Morikawa Toyokuni Dou,Morikawa Hokokudo,tabelog listing reading: もりかわほうこくどう
oita/bungotakada,Dining,瓦藍洞,Kawara Ai Hora,Garando,tabelog listing reading: ガランドウ
oita/bungotakada,Dining,肉処 和,Niku Tokoro Wa,Niku Dokoro Wa,careful reading (庵/処/家/園/寿司/々/志)
oita/bungotakada,Dining,喜久庵,Yoshihisa Iori,Yoshihisa-an,careful reading (庵/処/家/園/寿司/々/志)
oita/bungotakada,Dining,食事処 まんぞく,Shokuji Tokoro Manzoku,Shokuji Dokoro Manzoku,careful reading (庵/処/家/園/寿司/々/志)
oita/bungotakada,Dining,割烹楓,Kappou Momiji,Kappo Kaede,tabelog listing reading: カッポウカエデ
oita/bungotakada,Dining,お食事処　ふきの里,O Shokuji Tokoro Fukino Sato,O Shokuji Dokoro Fukino Sato,careful reading (庵/処/家/園/寿司/々/志)
oita/bungotakada,Dining,蕗邨,Fuki Mura,Roson,tabelog listing reading: ろそん
oita/bungotakada,Dining,お菓子の菊家 豊後高田店,O Kashi No Kiku Ie Bungotakada Branch,O Kashi No Kikuya Bungotakada Branch,careful reading (庵/処/家/園/寿司/々/志)
oita/bungotakada,Dining,寿し源,Hisashi Shi Gen,Sushi Gen,careful reading (庵/処/家/園/寿司/々/志)
oita/bungotakada,Dining,焼肉一善,Yakiniku Kazuyoshi,Yakiniku Ichizen,tabelog listing reading: ヤキニクイチゼン
oita/bungotakada,Dining,あん庵,An Iori,An-an,careful reading (庵/処/家/園/寿司/々/志)
oita/bungotakada,Dining,沖縄料理 食べ飲み処 よし多家,Okinawa Ryouri Tabe Nomi Tokoro Yoshi Ta Ie,Okinawa Ryouri Tabe Nomi Dokoro Yoshi Taya,careful reading (庵/処/家/園/寿司/々/志)
oita/bungotakada,Dining,そば処いのちき,Soba Tokoro Inochiki,Soba Dokoro Inochiki,careful reading (庵/処/家/園/寿司/々/志)
oita/bungotakada,Dining,夷谷温泉,Ebisu Tani Onsen,Ebisudani Onsen,tabelog listing reading: エビスダニオンセン
oita/bungotakada,Dining,はいから庵,Haikara Iori,Haikara-an,careful reading (庵/処/家/園/寿司/々/志)
oita/bungotakada,Dining,彩路,Sai Michi,Sairo,tabelog listing reading: サイロ
oita/bungotakada,Dining,食道園,Shokudo Sono,Shokudo-en,careful reading (庵/処/家/園/寿司/々/志)
oita/bungotakada,Dining,寿し常,Hisashi Shi Tsune,Sushi Tsune,careful reading (庵/処/家/園/寿司/々/志)
oita/bungotakada,Dining,寿し勝,Hisashi Shi Kachi,Sushi Kachi,careful reading (庵/処/家/園/寿司/々/志)
oita/hiji,Dining,幸喜屋,Yukiyoshi Ya,Kokiya,tabelog listing reading: こうきや
oita/hiji,Dining,能良玄家,Nou Ryou Gen Ie,Nou Ryou Genya,careful reading (庵/処/家/園/寿司/々/志)
oita/hiji,Dining,暘谷亭,You Tani Tei,Yokokutei,tabelog listing reading: ヨウコクテイ
oita/hiji,Dining,はんなりの香暮れ家 萌の華,Hannarino Kaori Kure Ie Hou No Hana,Hannarino Kaori Kureya Hou No Hana,careful reading (庵/処/家/園/寿司/々/志)
oita/hiji,Dining,朝市食事処,Asaichi Shokuji Tokoro,Asaichi Shokuji Dokoro,careful reading (庵/処/家/園/寿司/々/志)
oita/hiji,Dining,お菓子の菊家  日出駅前店,O Kashi No Kiku Ie Hiji Ekimae Branch,O Kashi No Kikuya Hiji Ekimae Branch,careful reading (庵/処/家/園/寿司/々/志)
oita/hiji,Dining,お食事処・ゆう庵,O Shokuji Tokoro Yū Iori,O Shokuji Dokoro Yū Iori,careful reading (庵/処/家/園/寿司/々/志)
oita/hiji,Dining,魚盛別館 食事処 ぷかぷか,Sakana Jou Bekkan Shokuji Tokoro Pukapuka,Sakana Jou Bekkan Shokuji Dokoro Pukapuka,careful reading (庵/処/家/園/寿司/々/志)
oita/hiji,Dining,食の庵 彩海,Shokuno Iori Ayami,Shokuno-an Ayami,careful reading (庵/処/家/園/寿司/々/志)
oita/himeshima,Dining,姫乃家,Hime No Ie,Hime Noya,careful reading (庵/処/家/園/寿司/々/志)
oita/himeshima,Dining,お食事処 もりえい,O Shokuji Tokoro Moriei,O Shokuji Dokoro Moriei,careful reading (庵/処/家/園/寿司/々/志)
oita/himeshima,Dining,隠れ家キッチン Oto Lama,Kakure Ie Kitchen Oto Lama,Kakureya Kitchen Oto Lama,careful reading (庵/処/家/園/寿司/々/志)
oita/hita,Dining,焼き鳥と細麺うどんのお店 梅乃庵,Yakitori To Hosomen Udonnoo Mise Umeno Iori,Yakitori To Hosomen Udonnoo Mise Umeno-an,careful reading (庵/処/家/園/寿司/々/志)
oita/hita,Dining,寿し金,Hisashi Shi Kin,Sushi Kin,careful reading (庵/処/家/園/寿司/々/志)
oita/hita,Dining,八坂庵,Yasaka Iori,Yasaka-an,careful reading (庵/処/家/園/寿司/々/志)
oita/hita,Dining,西洋菓子処　MOMO,Seiyou Kashi Tokoro Momo,Seiyou Kashi Dokoro Momo,careful reading (庵/処/家/園/寿司/々/志)
oita/hita,Dining,呑み処 久屋,Nomi Tokoro Hisaya,Nomi Dokoro Hisaya,careful reading (庵/処/家/園/寿司/々/志)
oita/hita,Dining,田舎庵 豆田店,Inaka Iori Mameda Branch,Inaka-an Mameda Branch,careful reading (庵/処/家/園/寿司/々/志)
oita/hita,Dining,田苑,Ta En,Den'en,tabelog listing reading: デンエン
oita/kitsuki,Dining,食道園 本店,Shokudo Sono Honten,Shokudo-en Honten,careful reading (庵/処/家/園/寿司/々/志)
oita/kitsuki,Dining,中国食事処　点心嬉楽,Chuugoku Shokuji Tokoro Tenshin Kiraku,Chuugoku Shokuji Dokoro Tenshin Kiraku,careful reading (庵/処/家/園/寿司/々/志)
oita/kitsuki,Dining,お食べ家 円,O Tabe Ie En,O Tabeya En,careful reading (庵/処/家/園/寿司/々/志)
oita/kitsuki,Dining,と々喜,To (kurikaesi) Ki,To To Ki,careful reading (庵/処/家/園/寿司/々/志)
oita/kitsuki,Dining,食道園 支店,Shokudo Sono Shiten,Shokudo-en Shiten,careful reading (庵/処/家/園/寿司/々/志)
oita/kitsuki,Dining,お菓子の菊家  杵築店,O Kashi No Kiku Ie Kitsuki Branch,O Kashi No Kikuya Kitsuki Branch,careful reading (庵/処/家/園/寿司/々/志)
oita/kokonoe,Dining,食事処 春日,Shokuji Tokoro Kasuga,Shokuji Dokoro Kasuga,careful reading (庵/処/家/園/寿司/々/志)
oita/kokonoe,Dining,八鹿酒造,Youka Shuzou,Yatsushika Shuzo,tabelog listing reading: ヤツシカシュゾウ
oita/kokonoe,Dining,そば処 よしぶ,Soba Tokoro Yoshibu,Soba Dokoro Yoshibu,careful reading (庵/処/家/園/寿司/々/志)
oita/kunisaki,Dining,オータニ水産 ひらめ処,Ootani Suisan Hirame Tokoro,Ootani Suisan Hirame Dokoro,careful reading (庵/処/家/園/寿司/々/志)
oita/kunisaki,Dining,涛音寮,Tou Oto Ryou,Toinryo,tabelog listing reading: とういんりょう
oita/kunisaki,Dining,寿し勝若竹,Hisashi Shi Kachi Wakatake,Sushi Kachi Wakatake,careful reading (庵/処/家/園/寿司/々/志)
oita/kunisaki,Dining,味楽園,Aji Rakuen,Mirakuen,tabelog listing reading: ミラクエン
oita/kunisaki,Dining,お食事処 ぶんご,O Shokuji Tokoro Bungo,O Shokuji Dokoro Bungo,careful reading (庵/処/家/園/寿司/々/志)
oita/kunisaki,Dining,志まる,Kokorozashi Maru,Shi Maru,careful reading (庵/処/家/園/寿司/々/志)
oita/kunisaki,Dining,清香,Kiyoka,Seika,tabelog listing reading: セイカ
oita/nakatsu,Dining,一ツ家,Ichi Tsu Ie,Ichi Tsuya,careful reading (庵/処/家/園/寿司/々/志)
oita/nakatsu,Dining,そば処 ほたか,Soba Tokoro Hotaka,Soba Dokoro Hotaka,careful reading (庵/処/家/園/寿司/々/志)
oita/nakatsu,Dining,お菓子の菊家 中津店,O Kashi No Kiku Ie Nakatsu Branch,O Kashi No Kikuya Nakatsu Branch,careful reading (庵/処/家/園/寿司/々/志)
oita/oita,Dining,全席完全個室居酒屋 九州名物料理 雅庵 大分中央町店,Zenseki Kanzenkoshitsu Izakaya Kyuushuu Meibutsuryouri Masa Iori Oita Chuuouchou Branch,Zenseki Kanzenkoshitsu Izakaya Kyuushuu Meibutsuryouri Masa-an Oita Chuuouchou Branch,careful reading (庵/処/家/園/寿司/々/志)
oita/oita,Dining,ひろ茂,Hiro Shigeru,Hiroshige,tabelog listing reading: ひろしげ
oita/saiki,Dining,山香園,Yamaga Sono,Yamaga-en,careful reading (庵/処/家/園/寿司/々/志)
oita/saiki,Dining,焼肉処炙樂,Yakiniku Tokoro Sha Raku,Yakiniku Dokoro Sha Raku,careful reading (庵/処/家/園/寿司/々/志)
oita/saiki,Dining,お食事処 ひょうたん小路,O Shokuji Tokoro Hyoutan Kouji,O Shokuji Dokoro Hyoutan Kouji,careful reading (庵/処/家/園/寿司/々/志)
oita/saiki,Dining,お食事処めぐみ,O Shokuji Tokoro Megumi,O Shokuji Dokoro Megumi,careful reading (庵/処/家/園/寿司/々/志)
oita/saiki,Dining,まこと寿し,Makoto Hisashi Shi,Makoto Sushi,careful reading (庵/処/家/園/寿司/々/志)
oita/saiki,Dining,汲心亭,Kyuu Kokoro Tei,Kyushintei,tabelog listing reading: キュウシンテイ
oita/saiki,Dining,誉,Yo,Homare,tabelog listing reading: ほまれ
oita/taketa,Stay,長湯温泉　かじか庵,Nagayu Onsen Kajika Iori,Nagayu Onsen Kajika-an,careful reading (庵/処/家/園/寿司/々/志)
oita/taketa,Stay,ガニ湯本舗天風庵,Gani Yumoto Ho Tenpuu Iori,Gani Yumoto Ho Tenpu-an,careful reading (庵/処/家/園/寿司/々/志)
oita/taketa,Dining,お食事処 ますみ,O Shokuji Tokoro Masumi,O Shokuji Dokoro Masumi,careful reading (庵/処/家/園/寿司/々/志)
oita/taketa,Dining,お食事処桜瀬,O Shokuji Tokoro Sakura Se,O Shokuji Dokoro Sakura Se,careful reading (庵/処/家/園/寿司/々/志)
oita/taketa,Dining,ガニ湯本舗 天風庵,Gani Yumoto Ho Tenpuu Iori,Gani Yumoto Ho Tenpu-an,careful reading (庵/処/家/園/寿司/々/志)
oita/taketa,Dining,料庵 川瀬美,Ryou Iori Kawase Bi,Ryo-an Kawase Bi,careful reading (庵/処/家/園/寿司/々/志)
oita/taketa,Dining,お菓子の菊家 竹田玉来店,O Kashi No Kiku Ie Taketa Tama Raiten,O Kashi No Kikuya Taketa Tama Raiten,careful reading (庵/処/家/園/寿司/々/志)
oita/tsukumi,Dining,お菓子の菊家 津久見店,O Kashi No Kiku Ie Tsukumi Branch,O Kashi No Kikuya Tsukumi Branch,careful reading (庵/処/家/園/寿司/々/志)
oita/tsukumi,Dining,優曇華,Udon Hana,Udonge,tabelog listing reading: ウドンゲ
oita/tsukumi,Dining,味好園,Aji Kou Sono,Aji Ko-en,careful reading (庵/処/家/園/寿司/々/志)
oita/tsukumi,Dining,新美賀久寿司,Niimi Ga Kyuuju Tsukasa,Niimi Ga Kyu Sushi,careful reading (庵/処/家/園/寿司/々/志)
oita/usa,Dining,梅田家,Umeda Ie,Umedaya,careful reading (庵/処/家/園/寿司/々/志)
oita/usa,Dining,お菓子の菊家 宇佐店,O Kashi No Kiku Ie Usa Branch,O Kashi No Kikuya Usa Branch,careful reading (庵/処/家/園/寿司/々/志)
oita/usa,Dining,米沢観光園,Yonezawa Kankou Sono,Yonezawa Kanko-en,careful reading (庵/処/家/園/寿司/々/志)
oita/usuki,Stay,料亭旅館　春光園,Ryoutei Ryokan Shunkou Sono,Ryoutei Ryokan Shunko-en,careful reading (庵/処/家/園/寿司/々/志)
oita/usuki,Dining,ふぐ・日本料理 喜楽庵,Fugu Japanese Cuisine Kiraku Iori,Fugu Japanese Cuisine Kiraku-an,careful reading (庵/処/家/園/寿司/々/志)
oita/usuki,Dining,山庵,Yama Iori,Yama-an,careful reading (庵/処/家/園/寿司/々/志)
oita/usuki,Dining,星月庵,Hoshizuki Iori,Seigetsuan,tabelog listing reading: せいげつあん
oita/usuki,Dining,あづさ家,Azusa Ie,Azusaya,careful reading (庵/処/家/園/寿司/々/志)
oita/usuki,Dining,春光園,Shunkou Sono,Shunko-en,careful reading (庵/処/家/園/寿司/々/志)
oita/yufu,Dining,七輪炭火焼 啓修庵,Shichirin Sumibi Yaki Keishuu Iori,Shichirin Sumibi Yaki Keishu-an,careful reading (庵/処/家/園/寿司/々/志)
oita/yufu,Dining,食楽処 和,Shoku Raku Tokoro Wa,Shoku Raku Dokoro Wa,careful reading (庵/処/家/園/寿司/々/志)
oita/yufu,Dining,御食事処 岳庵,Mike Koto Tokoro Gaku Iori,O Shokuji Dokoro Gaku-an,careful reading (庵/処/家/園/寿司/々/志)
yamaguchi/abu,Dining,阿武町酒場,Abu Machi Sakaba,Abu Cho Sakaba,tabelog listing reading: アブチョウサカバ
yamaguchi/hagi,Dining,御食事処 わらじ,Mike Koto Tokoro Waraji,O Shokuji Dokoro Waraji,careful reading (庵/処/家/園/寿司/々/志)
yamaguchi/hagi,Dining,うまいもん処 ただいま 道の駅田万川店,Umaimon Tokoro Tadaima Michi No Eki Tamagawa Branch,Umaimon Dokoro Tadaima Michi No Eki Tamagawa Branch,careful reading (庵/処/家/園/寿司/々/志)
yamaguchi/hagi,Dining,河忠,Kawa Tadashi,Kawachu,tabelog listing reading: カワチュウ
yamaguchi/hikari,Dining,ごはん家 久庵,Gohan Ie Kyuu Iori,Gohanya Kyu-an,careful reading (庵/処/家/園/寿司/々/志)
yamaguchi/hikari,Dining,お食事処 つかりの里,O Shokuji Tokoro Tsukarino Sato,O Shokuji Dokoro Tsukarino Sato,careful reading (庵/処/家/園/寿司/々/志)
yamaguchi/hirao,Dining,宝珠,Houshu,Hoju,tabelog listing reading: ホウジュ
yamaguchi/hofu,Dining,竹本家,Takemoto Ie,Takemotoya,tabelog listing reading: タケモトヤ
yamaguchi/hofu,Dining,路子食事処,Michiko Shokuji Tokoro,Michiko Shokuji Dokoro,careful reading (庵/処/家/園/寿司/々/志)
yamaguchi/hofu,Dining,清香園,Kiyoka Sono,Kiyoka-en,careful reading (庵/処/家/園/寿司/々/志)
yamaguchi/iwakuni,Stay,元祖岩国寿司の宿　三原家,Ganso Iwakuni Sushi No Yado Mihara Ie,Ganso Iwakuni Sushi No Yado Miharaya,careful reading (庵/処/家/園/寿司/々/志)
yamaguchi/iwakuni,Dining,岩国縁家,Iwakuni Enka,Iwakuniyukariya,tabelog listing reading: いわくにゆかりや
yamaguchi/iwakuni,Dining,酒肴庵 岩国駅店,Shukou Iori Iwakuni Eki Branch,Shuko-an Iwakuni Eki Branch,careful reading (庵/処/家/園/寿司/々/志)
yamaguchi/iwakuni,Dining,御食事処 しらため別館,Mike Koto Tokoro Shiratame Bekkan,O Shokuji Dokoro Shiratame Bekkan,careful reading (庵/処/家/園/寿司/々/志)
yamaguchi/kaminoseki,Dining,カフェレストラン 瀬里家,Cafe Restaurant Sezato Ie,Cafe Restaurant Sezatoya,careful reading (庵/処/家/園/寿司/々/志)
yamaguchi/kudamatsu,Dining,碧水庵,Hekisui Iori,Hekisuian,tabelog listing reading: へきすいあん
yamaguchi/kudamatsu,Dining,廣華楼,Kou Hana Rou,Kokaro,tabelog listing reading: こうかろう
yamaguchi/kudamatsu,Dining,鳥勝,Tori Kachi,Torikatsu,tabelog listing reading: とりかつ
yamaguchi/kudamatsu,Dining,お食事処 美沢,O Shokuji Tokoro Misawa,O Shokuji Dokoro Misawa,careful reading (庵/処/家/園/寿司/々/志)
yamaguchi/kudamatsu,Dining,和食処 花水木,Washoku Tokoro Kasui Ki,Washoku Dokoro Kasui Ki,careful reading (庵/処/家/園/寿司/々/志)
yamaguchi/kudamatsu,Dining,味楽庵,Aji Raku Iori,Mirakuan,tabelog listing reading: ミラクアン
yamaguchi/kudamatsu,Dining,ホルモン焼肉家どん,Horumon Yakiniku Ie Don,Horumon Yakinikuya Don,careful reading (庵/処/家/園/寿司/々/志)
yamaguchi/kudamatsu,Dining,唐揚げ専門店 熊本とりから家 下松店,Karaage Senmonten Kumamoto Torikara Ie Kudamatsu Branch,Karaage Senmonten Kumamoto Torikaraya Kudamatsu Branch,careful reading (庵/処/家/園/寿司/々/志)
yamaguchi/kudamatsu,Dining,和食処 なかや,Washoku Tokoro Nakaya,Washoku Dokoro Nakaya,careful reading (庵/処/家/園/寿司/々/志)
yamaguchi/mine,Dining,麺処 瓦屋,Men Tokoro Kawaraya,Men Dokoro Kawaraya,careful reading (庵/処/家/園/寿司/々/志)
yamaguchi/mine,Dining,旬菜庵 昭八,Jun na Iori Shōhachi,Jun Na-an Shōhachi,careful reading (庵/処/家/園/寿司/々/志)
yamaguchi/mine,Dining,練粉屋,Neriko ya,Nekoya,tabelog listing reading: ネコヤ
yamaguchi/mine,Dining,鳥旨酒処 美萩,Tori Mune Sake Tokoro Bi Hagi,Tori Mune Sake Dokoro Bi Hagi,careful reading (庵/処/家/園/寿司/々/志)
yamaguchi/mine,Dining,憩処 母譜,Kei Tokoro Haha Fu,Kei Dokoro Haha Fu,careful reading (庵/処/家/園/寿司/々/志)
yamaguchi/mine,Dining,憩い処雪乃屋,Ikoi Tokoro Yukino ya,Ikoi Dokoro Yukino ya,careful reading (庵/処/家/園/寿司/々/志)
yamaguchi/mine,Dining,味楽庵,Aji Raku Iori,Aji Raku-an,careful reading (庵/処/家/園/寿司/々/志)
yamaguchi/nagato,Dining,人丸きく寿し,Hitomaro Kiku Hisashi Shi,Hitomaro Kiku Sushi,careful reading (庵/処/家/園/寿司/々/志)
yamaguchi/nagato,Dining,お食事処よし松,O Shokuji Tokoro Yoshi Matsu,O Shokuji Dokoro Yoshi Matsu,careful reading (庵/処/家/園/寿司/々/志)
yamaguchi/nagato,Dining,恩湯食,On Yu Shoku,Ontoshoku,tabelog listing reading: オントウショク
yamaguchi/sanyoonoda,Dining,割烹御食事処 みちしお,Kappou Mike Koto Tokoro Michishio,Kappou O Shokuji Dokoro Michishio,careful reading (庵/処/家/園/寿司/々/志)
yamaguchi/sanyoonoda,Dining,灯,Tomoshibi,Akari,tabelog listing reading: アカリ
yamaguchi/sanyoonoda,Dining,象石,Zou Ishi,Zoseki,tabelog listing reading: ゾウセキ
yamaguchi/sanyoonoda,Dining,二井観光ぶどう園,Nii Kankou Budou Sono,Nii Kankou Budo Sono,careful reading (庵/処/家/園/寿司/々/志)
yamaguchi/sanyoonoda,Dining,福満聚,Fukumitsu Ju,Fukumanju,tabelog listing reading: フクマンジュ
yamaguchi/sanyoonoda,Dining,呑々,Don (kurikaesi),Don Don,careful reading (庵/処/家/園/寿司/々/志)
yamaguchi/sanyoonoda,Dining,春駒亭,Harugoma Tei,Harukomatei,tabelog listing reading: はるこまてい
yamaguchi/sanyoonoda,Dining,呑々本店,Don (kurikaesi) Honten,Don Don Honten,careful reading (庵/処/家/園/寿司/々/志)
yamaguchi/sanyoonoda,Dining,大石園茶舗,Ooishi Sono Chaho,Oishi-en Chaho,careful reading (庵/処/家/園/寿司/々/志)
yamaguchi/sanyoonoda,Dining,龍王園,Ryuuou Sono,Ryuo-en,careful reading (庵/処/家/園/寿司/々/志)
yamaguchi/sanyoonoda,Dining,酒喰処 あかり,Sake Shoku Tokoro Akari,Sake Shoku Dokoro Akari,careful reading (庵/処/家/園/寿司/々/志)
yamaguchi/sanyoonoda,Dining,お食事処 辰,O Shokuji Tokoro Tatsu,O Shokuji Dokoro Tatsu,careful reading (庵/処/家/園/寿司/々/志)
yamaguchi/sanyoonoda,Dining,和語飲処 まる家,Wago In Tokoro Maru Ie,Wago In Dokoro Maruya,careful reading (庵/処/家/園/寿司/々/志)
yamaguchi/sanyoonoda,Dining,二鶴寿し,Ni Tsuruju Shi,Ni Tsuru Sushi,careful reading (庵/処/家/園/寿司/々/志)
yamaguchi/sanyoonoda,Dining,伊藤肉店,Itou Niku Mise,Itonikuten,tabelog listing reading: イトウニクテン
yamaguchi/shimonoseki,Dining,旬楽館,Jun Raku Kan,Shunrakukan,tabelog listing reading: しゅんらくかん
yamaguchi/shimonoseki,Dining,酔処きりしま,Sui Tokoro Kirishima,Sui Dokoro Kirishima,careful reading (庵/処/家/園/寿司/々/志)
yamaguchi/shimonoseki,Dining,日本酒処 なごみ,Nihonshu Tokoro Nagomi,Nihonshu Dokoro Nagomi,careful reading (庵/処/家/園/寿司/々/志)
yamaguchi/shimonoseki,Dining,寿し 四海,Hisashi Shi Shikai,Sushi Shikai,careful reading (庵/処/家/園/寿司/々/志)
yamaguchi/shunan,Stay,ゆの温泉　芳山園,Yuno Onsen Yoshiyama Sono,Yuno Onsen Yoshiyama-en,careful reading (庵/処/家/園/寿司/々/志)
yamaguchi/shunan,Stay,湯野温泉　紫水園,Yuno Onsen Shisui Sono,Yuno Onsen Shisui-en,careful reading (庵/処/家/園/寿司/々/志)
yamaguchi/shunan,Stay,オーベルジュ　三水園,Auberge Samizu Sono,Auberge Samizu-en,careful reading (庵/処/家/園/寿司/々/志)
yamaguchi/shunan,Dining,鉄板処 犇,Teppan Tokoro Hon,Teppan Dokoro Hon,careful reading (庵/処/家/園/寿司/々/志)
yamaguchi/shunan,Dining,花百,Hana Hyaku,Hanamomo,tabelog listing reading: はなもも
yamaguchi/suoooshima,Dining,料理旅館　かわい寿し,Ryōri Ryokan Kawai Hisashi Shi,Ryōri Ryokan Kawai Sushi,careful reading (庵/処/家/園/寿司/々/志)
yamaguchi/tabuse,Dining,とうふ処 豆吉,Toufu Tokoro Mame Kichi,Toufu Dokoro Mame Kichi,careful reading (庵/処/家/園/寿司/々/志)
yamaguchi/tabuse,Dining,喜多田,Kita Ta,Kitada,tabelog listing reading: きただ
yamaguchi/ube,Dining,早苗お食事処,Sanae O Shokuji Tokoro,Sanae O Shokuji Dokoro,careful reading (庵/処/家/園/寿司/々/志)
yamaguchi/yamaguchi,Stay,名勝　山水園,Meishou Sansui Sono,Meishou Sansui-en,careful reading (庵/処/家/園/寿司/々/志)
yamaguchi/yamaguchi,Dining,維新の食処 椿,Ishin No Shoku Tokoro Tsubaki,Ishin No Shoku Dokoro Tsubaki,careful reading (庵/処/家/園/寿司/々/志)
yamaguchi/yanai,Dining,瀬戸美,Seto Bi,Setomi,tabelog listing reading: せとみ
yamaguchi/yanai,Dining,いとう食事処,Itou Shokuji Tokoro,Itou Shokuji Dokoro,careful reading (庵/処/家/園/寿司/々/志)
yamaguchi/yanai,Dining,海鮮 お食事処 大橋,Kaisen O Shokuji Tokoro Oohashi,Kaisen O Shokuji Dokoro Oohashi,careful reading (庵/処/家/園/寿司/々/志)
yamaguchi/yanai,Dining,漁庵,Ryou Iori,Ryo-an,careful reading (庵/処/家/園/寿司/々/志)
yamaguchi/yanai,Dining,貸蔵屋&茶房 難波庵,Tai Kura Ya & Sabou Nanba Iori,Tai Kura Ya & Sabou Nanba-an,careful reading (庵/処/家/園/寿司/々/志)
yamaguchi/yanai,Dining,寿司勝,Sushi Kachi,Sushi Katsu,tabelog listing reading: すしかつ
yamaguchi/yanai,Dining,馳走葉,Chisou Ha,Chisoyo,tabelog listing reading: チソウヨウ
yamaguchi/yanai,Dining,川富寿司,Kawa Tomiju Tsukasa,Kawa Tomi Sushi,careful reading (庵/処/家/園/寿司/々/志)
yamaguchi/yanai,Dining,お食事処 花水木,O Shokuji Tokoro Kasui Ki,O Shokuji Dokoro Kasui Ki,careful reading (庵/処/家/園/寿司/々/志)
